representative_graph	query_graph	representative_id	query_id	representative_edge_count	query_edge_count	same_edge_count	ged	threshold	assigned_to_current_class	class
AqTMK_1_final.txt	AqTMK_12_final.txt	AqTMK_1	AqTMK_12	38	38	True	0	1.0	True	class_1
AqTMK_1_final.txt	AqTMK_30_final.txt	AqTMK_1	AqTMK_30	38	38	True	2	1.0	False	
AqTMK_1_final.txt	AqTMK_35_final.txt	AqTMK_1	AqTMK_35	38	38	True	6	1.0	False	
AqTMK_1_final.txt	AqTMK_8_final.txt	AqTMK_1	AqTMK_8	38	37	False	inf	1.0	False	
AqTMK_1_final.txt	AqTMK_10_final.txt	AqTMK_1	AqTMK_10	38	37	False	inf	1.0	False	
AqTMK_1_final.txt	AqTMK_16_final.txt	AqTMK_1	AqTMK_16	38	37	False	inf	1.0	False	
AqTMK_1_final.txt	AqTMK_21_final.txt	AqTMK_1	AqTMK_21	38	37	False	inf	1.0	False	
AqTMK_1_final.txt	AqTMK_65_final.txt	AqTMK_1	AqTMK_65	38	38	True	4	1.0	False	
AqTMK_1_final.txt	AqTMK_39_final.txt	AqTMK_1	AqTMK_39	38	37	False	inf	1.0	False	
AqTMK_1_final.txt	AqTMK_41_final.txt	AqTMK_1	AqTMK_41	38	37	False	inf	1.0	False	
AqTMK_1_final.txt	AqTMK_26_final.txt	AqTMK_1	AqTMK_26	38	37	False	inf	1.0	False	
AqTMK_1_final.txt	AqTMK_44_final.txt	AqTMK_1	AqTMK_44	38	37	False	inf	1.0	False	
AqTMK_1_final.txt	AqTMK_46_final.txt	AqTMK_1	AqTMK_46	38	37	False	inf	1.0	False	
AqTMK_1_final.txt	AqTMK_58_final.txt	AqTMK_1	AqTMK_58	38	37	False	inf	1.0	False	
AqTMK_1_final.txt	AqTMK_60_final.txt	AqTMK_1	AqTMK_60	38	37	False	inf	1.0	False	
AqTMK_1_final.txt	AqTMK_88_final.txt	AqTMK_1	AqTMK_88	38	37	False	inf	1.0	False	
AqTMK_1_final.txt	AqTMK_134_final.txt	AqTMK_1	AqTMK_134	38	37	False	inf	1.0	False	
AqTMK_1_final.txt	AqTMK_97_final.txt	AqTMK_1	AqTMK_97	38	37	False	inf	1.0	False	
AqTMK_1_final.txt	AqTMK_140_final.txt	AqTMK_1	AqTMK_140	38	37	False	inf	1.0	False	
AqTMK_1_final.txt	AqTMK_228_final.txt	AqTMK_1	AqTMK_228	38	37	False	inf	1.0	False	
AqTMK_1_final.txt	AqTMK_2_final.txt	AqTMK_1	AqTMK_2	38	36	False	inf	1.0	False	
AqTMK_1_final.txt	AqTMK_6_final.txt	AqTMK_1	AqTMK_6	38	36	False	inf	1.0	False	
AqTMK_1_final.txt	AqTMK_9_final.txt	AqTMK_1	AqTMK_9	38	36	False	inf	1.0	False	
AqTMK_1_final.txt	AqTMK_13_final.txt	AqTMK_1	AqTMK_13	38	36	False	inf	1.0	False	
AqTMK_1_final.txt	AqTMK_17_final.txt	AqTMK_1	AqTMK_17	38	36	False	inf	1.0	False	
AqTMK_1_final.txt	AqTMK_15_final.txt	AqTMK_1	AqTMK_15	38	36	False	inf	1.0	False	
AqTMK_1_final.txt	AqTMK_22_final.txt	AqTMK_1	AqTMK_22	38	36	False	inf	1.0	False	
AqTMK_1_final.txt	AqTMK_28_final.txt	AqTMK_1	AqTMK_28	38	36	False	inf	1.0	False	
AqTMK_1_final.txt	AqTMK_37_final.txt	AqTMK_1	AqTMK_37	38	36	False	inf	1.0	False	
AqTMK_1_final.txt	AqTMK_38_final.txt	AqTMK_1	AqTMK_38	38	36	False	inf	1.0	False	
AqTMK_1_final.txt	AqTMK_77_final.txt	AqTMK_1	AqTMK_77	38	36	False	inf	1.0	False	
AqTMK_1_final.txt	AqTMK_5_final.txt	AqTMK_1	AqTMK_5	38	35	False	inf	1.0	False	
AqTMK_1_final.txt	AqTMK_14_final.txt	AqTMK_1	AqTMK_14	38	35	False	inf	1.0	False	
AqTMK_1_final.txt	AqTMK_23_final.txt	AqTMK_1	AqTMK_23	38	35	False	inf	1.0	False	
AqTMK_1_final.txt	AqTMK_214_final.txt	AqTMK_1	AqTMK_214	38	35	False	inf	1.0	False	
AqTMK_1_final.txt	AqTMK_128_final.txt	AqTMK_1	AqTMK_128	38	34	False	inf	1.0	False	
AqTMK_1_final.txt	AqTMK_175_final.txt	AqTMK_1	AqTMK_175	38	34	False	inf	1.0	False	
AqTMK_1_final.txt	AqTMK_185_final.txt	AqTMK_1	AqTMK_185	38	34	False	inf	1.0	False	
AqTMK_1_final.txt	AqTMK_196_final.txt	AqTMK_1	AqTMK_196	38	34	False	inf	1.0	False	
AqTMK_1_final.txt	AqTMK_207_final.txt	AqTMK_1	AqTMK_207	38	34	False	inf	1.0	False	
AqTMK_1_final.txt	AqTMK_217_final.txt	AqTMK_1	AqTMK_217	38	34	False	inf	1.0	False	
AqTMK_1_final.txt	AqTMK_244_final.txt	AqTMK_1	AqTMK_244	38	34	False	inf	1.0	False	
AqTMK_1_final.txt	AqTMK_220_final.txt	AqTMK_1	AqTMK_220	38	34	False	inf	1.0	False	
AqTMK_1_final.txt	AqTMK_246_final.txt	AqTMK_1	AqTMK_246	38	34	False	inf	1.0	False	
AqTMK_1_final.txt	AqTMK_261_final.txt	AqTMK_1	AqTMK_261	38	34	False	inf	1.0	False	
AqTMK_1_final.txt	AqTMK_281_final.txt	AqTMK_1	AqTMK_281	38	34	False	inf	1.0	False	
AqTMK_1_final.txt	AqTMK_69_final.txt	AqTMK_1	AqTMK_69	38	33	False	inf	1.0	False	
AqTMK_1_final.txt	AqTMK_87_final.txt	AqTMK_1	AqTMK_87	38	33	False	inf	1.0	False	
AqTMK_1_final.txt	AqTMK_111_final.txt	AqTMK_1	AqTMK_111	38	33	False	inf	1.0	False	
AqTMK_1_final.txt	AqTMK_109_final.txt	AqTMK_1	AqTMK_109	38	33	False	inf	1.0	False	
AqTMK_1_final.txt	AqTMK_95_final.txt	AqTMK_1	AqTMK_95	38	33	False	inf	1.0	False	
AqTMK_1_final.txt	AqTMK_116_final.txt	AqTMK_1	AqTMK_116	38	33	False	inf	1.0	False	
AqTMK_1_final.txt	AqTMK_120_final.txt	AqTMK_1	AqTMK_120	38	33	False	inf	1.0	False	
AqTMK_1_final.txt	AqTMK_139_final.txt	AqTMK_1	AqTMK_139	38	33	False	inf	1.0	False	
AqTMK_1_final.txt	AqTMK_156_final.txt	AqTMK_1	AqTMK_156	38	33	False	inf	1.0	False	
AqTMK_1_final.txt	AqTMK_163_final.txt	AqTMK_1	AqTMK_163	38	33	False	inf	1.0	False	
AqTMK_1_final.txt	AqTMK_171_final.txt	AqTMK_1	AqTMK_171	38	33	False	inf	1.0	False	
AqTMK_1_final.txt	AqTMK_197_final.txt	AqTMK_1	AqTMK_197	38	33	False	inf	1.0	False	
AqTMK_1_final.txt	AqTMK_186_final.txt	AqTMK_1	AqTMK_186	38	33	False	inf	1.0	False	
AqTMK_1_final.txt	AqTMK_200_final.txt	AqTMK_1	AqTMK_200	38	33	False	inf	1.0	False	
AqTMK_1_final.txt	AqTMK_208_final.txt	AqTMK_1	AqTMK_208	38	33	False	inf	1.0	False	
AqTMK_1_final.txt	AqTMK_223_final.txt	AqTMK_1	AqTMK_223	38	33	False	inf	1.0	False	
AqTMK_1_final.txt	AqTMK_229_final.txt	AqTMK_1	AqTMK_229	38	33	False	inf	1.0	False	
AqTMK_1_final.txt	AqTMK_230_final.txt	AqTMK_1	AqTMK_230	38	33	False	inf	1.0	False	
AqTMK_1_final.txt	AqTMK_257_final.txt	AqTMK_1	AqTMK_257	38	33	False	inf	1.0	False	
AqTMK_1_final.txt	AqTMK_231_final.txt	AqTMK_1	AqTMK_231	38	33	False	inf	1.0	False	
AqTMK_1_final.txt	AqTMK_233_final.txt	AqTMK_1	AqTMK_233	38	33	False	inf	1.0	False	
AqTMK_1_final.txt	AqTMK_259_final.txt	AqTMK_1	AqTMK_259	38	33	False	inf	1.0	False	
AqTMK_1_final.txt	AqTMK_262_final.txt	AqTMK_1	AqTMK_262	38	33	False	inf	1.0	False	
AqTMK_1_final.txt	AqTMK_270_final.txt	AqTMK_1	AqTMK_270	38	33	False	inf	1.0	False	
AqTMK_1_final.txt	AqTMK_273_final.txt	AqTMK_1	AqTMK_273	38	33	False	inf	1.0	False	
AqTMK_1_final.txt	AqTMK_284_final.txt	AqTMK_1	AqTMK_284	38	33	False	inf	1.0	False	
AqTMK_1_final.txt	AqTMK_285_final.txt	AqTMK_1	AqTMK_285	38	33	False	inf	1.0	False	
AqTMK_1_final.txt	AqTMK_295_final.txt	AqTMK_1	AqTMK_295	38	33	False	inf	1.0	False	
AqTMK_1_final.txt	AqTMK_287_final.txt	AqTMK_1	AqTMK_287	38	33	False	inf	1.0	False	
AqTMK_1_final.txt	AqTMK_311_final.txt	AqTMK_1	AqTMK_311	38	33	False	inf	1.0	False	
AqTMK_1_final.txt	AqTMK_54_final.txt	AqTMK_1	AqTMK_54	38	32	False	inf	1.0	False	
AqTMK_1_final.txt	AqTMK_56_final.txt	AqTMK_1	AqTMK_56	38	32	False	inf	1.0	False	
AqTMK_1_final.txt	AqTMK_59_final.txt	AqTMK_1	AqTMK_59	38	32	False	inf	1.0	False	
AqTMK_1_final.txt	AqTMK_62_final.txt	AqTMK_1	AqTMK_62	38	32	False	inf	1.0	False	
AqTMK_1_final.txt	AqTMK_63_final.txt	AqTMK_1	AqTMK_63	38	32	False	inf	1.0	False	
AqTMK_1_final.txt	AqTMK_68_final.txt	AqTMK_1	AqTMK_68	38	32	False	inf	1.0	False	
AqTMK_1_final.txt	AqTMK_70_final.txt	AqTMK_1	AqTMK_70	38	32	False	inf	1.0	False	
AqTMK_1_final.txt	AqTMK_79_final.txt	AqTMK_1	AqTMK_79	38	32	False	inf	1.0	False	
AqTMK_1_final.txt	AqTMK_81_final.txt	AqTMK_1	AqTMK_81	38	32	False	inf	1.0	False	
AqTMK_1_final.txt	AqTMK_82_final.txt	AqTMK_1	AqTMK_82	38	32	False	inf	1.0	False	
AqTMK_1_final.txt	AqTMK_84_final.txt	AqTMK_1	AqTMK_84	38	32	False	inf	1.0	False	
AqTMK_1_final.txt	AqTMK_85_final.txt	AqTMK_1	AqTMK_85	38	32	False	inf	1.0	False	
AqTMK_1_final.txt	AqTMK_89_final.txt	AqTMK_1	AqTMK_89	38	32	False	inf	1.0	False	
AqTMK_1_final.txt	AqTMK_91_final.txt	AqTMK_1	AqTMK_91	38	32	False	inf	1.0	False	
AqTMK_1_final.txt	AqTMK_93_final.txt	AqTMK_1	AqTMK_93	38	32	False	inf	1.0	False	
AqTMK_1_final.txt	AqTMK_98_final.txt	AqTMK_1	AqTMK_98	38	32	False	inf	1.0	False	
AqTMK_1_final.txt	AqTMK_99_final.txt	AqTMK_1	AqTMK_99	38	32	False	inf	1.0	False	
AqTMK_1_final.txt	AqTMK_101_final.txt	AqTMK_1	AqTMK_101	38	32	False	inf	1.0	False	
AqTMK_1_final.txt	AqTMK_103_final.txt	AqTMK_1	AqTMK_103	38	32	False	inf	1.0	False	
AqTMK_1_final.txt	AqTMK_104_final.txt	AqTMK_1	AqTMK_104	38	32	False	inf	1.0	False	
AqTMK_1_final.txt	AqTMK_117_final.txt	AqTMK_1	AqTMK_117	38	32	False	inf	1.0	False	
AqTMK_1_final.txt	AqTMK_106_final.txt	AqTMK_1	AqTMK_106	38	32	False	inf	1.0	False	
AqTMK_1_final.txt	AqTMK_114_final.txt	AqTMK_1	AqTMK_114	38	32	False	inf	1.0	False	
AqTMK_1_final.txt	AqTMK_118_final.txt	AqTMK_1	AqTMK_118	38	32	False	inf	1.0	False	
AqTMK_1_final.txt	AqTMK_131_final.txt	AqTMK_1	AqTMK_131	38	32	False	inf	1.0	False	
AqTMK_1_final.txt	AqTMK_149_final.txt	AqTMK_1	AqTMK_149	38	32	False	inf	1.0	False	
AqTMK_1_final.txt	AqTMK_155_final.txt	AqTMK_1	AqTMK_155	38	32	False	inf	1.0	False	
AqTMK_1_final.txt	AqTMK_159_final.txt	AqTMK_1	AqTMK_159	38	32	False	inf	1.0	False	
AqTMK_1_final.txt	AqTMK_179_final.txt	AqTMK_1	AqTMK_179	38	32	False	inf	1.0	False	
AqTMK_1_final.txt	AqTMK_173_final.txt	AqTMK_1	AqTMK_173	38	32	False	inf	1.0	False	
AqTMK_1_final.txt	AqTMK_165_final.txt	AqTMK_1	AqTMK_165	38	32	False	inf	1.0	False	
AqTMK_1_final.txt	AqTMK_181_final.txt	AqTMK_1	AqTMK_181	38	32	False	inf	1.0	False	
AqTMK_1_final.txt	AqTMK_187_final.txt	AqTMK_1	AqTMK_187	38	32	False	inf	1.0	False	
AqTMK_1_final.txt	AqTMK_188_final.txt	AqTMK_1	AqTMK_188	38	32	False	inf	1.0	False	
AqTMK_1_final.txt	AqTMK_191_final.txt	AqTMK_1	AqTMK_191	38	32	False	inf	1.0	False	
AqTMK_1_final.txt	AqTMK_198_final.txt	AqTMK_1	AqTMK_198	38	32	False	inf	1.0	False	
AqTMK_1_final.txt	AqTMK_218_final.txt	AqTMK_1	AqTMK_218	38	32	False	inf	1.0	False	
AqTMK_1_final.txt	AqTMK_219_final.txt	AqTMK_1	AqTMK_219	38	32	False	inf	1.0	False	
AqTMK_1_final.txt	AqTMK_224_final.txt	AqTMK_1	AqTMK_224	38	32	False	inf	1.0	False	
AqTMK_1_final.txt	AqTMK_234_final.txt	AqTMK_1	AqTMK_234	38	32	False	inf	1.0	False	
AqTMK_1_final.txt	AqTMK_236_final.txt	AqTMK_1	AqTMK_236	38	32	False	inf	1.0	False	
AqTMK_1_final.txt	AqTMK_240_final.txt	AqTMK_1	AqTMK_240	38	32	False	inf	1.0	False	
AqTMK_1_final.txt	AqTMK_242_final.txt	AqTMK_1	AqTMK_242	38	32	False	inf	1.0	False	
AqTMK_1_final.txt	AqTMK_245_final.txt	AqTMK_1	AqTMK_245	38	32	False	inf	1.0	False	
AqTMK_1_final.txt	AqTMK_249_final.txt	AqTMK_1	AqTMK_249	38	32	False	inf	1.0	False	
AqTMK_1_final.txt	AqTMK_267_final.txt	AqTMK_1	AqTMK_267	38	32	False	inf	1.0	False	
AqTMK_1_final.txt	AqTMK_263_final.txt	AqTMK_1	AqTMK_263	38	32	False	inf	1.0	False	
AqTMK_1_final.txt	AqTMK_272_final.txt	AqTMK_1	AqTMK_272	38	32	False	inf	1.0	False	
AqTMK_1_final.txt	AqTMK_274_final.txt	AqTMK_1	AqTMK_274	38	32	False	inf	1.0	False	
AqTMK_1_final.txt	AqTMK_275_final.txt	AqTMK_1	AqTMK_275	38	32	False	inf	1.0	False	
AqTMK_1_final.txt	AqTMK_279_final.txt	AqTMK_1	AqTMK_279	38	32	False	inf	1.0	False	
AqTMK_1_final.txt	AqTMK_286_final.txt	AqTMK_1	AqTMK_286	38	32	False	inf	1.0	False	
AqTMK_1_final.txt	AqTMK_290_final.txt	AqTMK_1	AqTMK_290	38	32	False	inf	1.0	False	
AqTMK_1_final.txt	AqTMK_292_final.txt	AqTMK_1	AqTMK_292	38	32	False	inf	1.0	False	
AqTMK_1_final.txt	AqTMK_299_final.txt	AqTMK_1	AqTMK_299	38	32	False	inf	1.0	False	
AqTMK_1_final.txt	AqTMK_309_final.txt	AqTMK_1	AqTMK_309	38	32	False	inf	1.0	False	
AqTMK_1_final.txt	AqTMK_45_final.txt	AqTMK_1	AqTMK_45	38	31	False	inf	1.0	False	
AqTMK_1_final.txt	AqTMK_47_final.txt	AqTMK_1	AqTMK_47	38	31	False	inf	1.0	False	
AqTMK_1_final.txt	AqTMK_48_final.txt	AqTMK_1	AqTMK_48	38	31	False	inf	1.0	False	
AqTMK_1_final.txt	AqTMK_53_final.txt	AqTMK_1	AqTMK_53	38	31	False	inf	1.0	False	
AqTMK_1_final.txt	AqTMK_57_final.txt	AqTMK_1	AqTMK_57	38	31	False	inf	1.0	False	
AqTMK_1_final.txt	AqTMK_72_final.txt	AqTMK_1	AqTMK_72	38	31	False	inf	1.0	False	
AqTMK_1_final.txt	AqTMK_73_final.txt	AqTMK_1	AqTMK_73	38	31	False	inf	1.0	False	
AqTMK_1_final.txt	AqTMK_76_final.txt	AqTMK_1	AqTMK_76	38	31	False	inf	1.0	False	
AqTMK_1_final.txt	AqTMK_92_final.txt	AqTMK_1	AqTMK_92	38	31	False	inf	1.0	False	
AqTMK_1_final.txt	AqTMK_94_final.txt	AqTMK_1	AqTMK_94	38	31	False	inf	1.0	False	
AqTMK_1_final.txt	AqTMK_108_final.txt	AqTMK_1	AqTMK_108	38	31	False	inf	1.0	False	
AqTMK_1_final.txt	AqTMK_110_final.txt	AqTMK_1	AqTMK_110	38	31	False	inf	1.0	False	
AqTMK_1_final.txt	AqTMK_112_final.txt	AqTMK_1	AqTMK_112	38	31	False	inf	1.0	False	
AqTMK_1_final.txt	AqTMK_119_final.txt	AqTMK_1	AqTMK_119	38	31	False	inf	1.0	False	
AqTMK_1_final.txt	AqTMK_122_final.txt	AqTMK_1	AqTMK_122	38	31	False	inf	1.0	False	
AqTMK_1_final.txt	AqTMK_123_final.txt	AqTMK_1	AqTMK_123	38	31	False	inf	1.0	False	
AqTMK_1_final.txt	AqTMK_132_final.txt	AqTMK_1	AqTMK_132	38	31	False	inf	1.0	False	
AqTMK_1_final.txt	AqTMK_133_final.txt	AqTMK_1	AqTMK_133	38	31	False	inf	1.0	False	
AqTMK_1_final.txt	AqTMK_167_final.txt	AqTMK_1	AqTMK_167	38	31	False	inf	1.0	False	
AqTMK_1_final.txt	AqTMK_172_final.txt	AqTMK_1	AqTMK_172	38	31	False	inf	1.0	False	
AqTMK_1_final.txt	AqTMK_178_final.txt	AqTMK_1	AqTMK_178	38	31	False	inf	1.0	False	
AqTMK_1_final.txt	AqTMK_195_final.txt	AqTMK_1	AqTMK_195	38	31	False	inf	1.0	False	
AqTMK_1_final.txt	AqTMK_184_final.txt	AqTMK_1	AqTMK_184	38	31	False	inf	1.0	False	
AqTMK_1_final.txt	AqTMK_201_final.txt	AqTMK_1	AqTMK_201	38	31	False	inf	1.0	False	
AqTMK_1_final.txt	AqTMK_211_final.txt	AqTMK_1	AqTMK_211	38	31	False	inf	1.0	False	
AqTMK_1_final.txt	AqTMK_237_final.txt	AqTMK_1	AqTMK_237	38	31	False	inf	1.0	False	
AqTMK_1_final.txt	AqTMK_238_final.txt	AqTMK_1	AqTMK_238	38	31	False	inf	1.0	False	
AqTMK_1_final.txt	AqTMK_253_final.txt	AqTMK_1	AqTMK_253	38	31	False	inf	1.0	False	
AqTMK_1_final.txt	AqTMK_276_final.txt	AqTMK_1	AqTMK_276	38	31	False	inf	1.0	False	
AqTMK_1_final.txt	AqTMK_277_final.txt	AqTMK_1	AqTMK_277	38	31	False	inf	1.0	False	
AqTMK_1_final.txt	AqTMK_288_final.txt	AqTMK_1	AqTMK_288	38	31	False	inf	1.0	False	
AqTMK_1_final.txt	AqTMK_300_final.txt	AqTMK_1	AqTMK_300	38	31	False	inf	1.0	False	
AqTMK_1_final.txt	AqTMK_33_final.txt	AqTMK_1	AqTMK_33	38	30	False	inf	1.0	False	
AqTMK_1_final.txt	AqTMK_43_final.txt	AqTMK_1	AqTMK_43	38	30	False	inf	1.0	False	
AqTMK_1_final.txt	AqTMK_49_final.txt	AqTMK_1	AqTMK_49	38	30	False	inf	1.0	False	
AqTMK_1_final.txt	AqTMK_50_final.txt	AqTMK_1	AqTMK_50	38	30	False	inf	1.0	False	
AqTMK_1_final.txt	AqTMK_66_final.txt	AqTMK_1	AqTMK_66	38	30	False	inf	1.0	False	
AqTMK_1_final.txt	AqTMK_102_final.txt	AqTMK_1	AqTMK_102	38	30	False	inf	1.0	False	
AqTMK_1_final.txt	AqTMK_124_final.txt	AqTMK_1	AqTMK_124	38	30	False	inf	1.0	False	
AqTMK_1_final.txt	AqTMK_153_final.txt	AqTMK_1	AqTMK_153	38	30	False	inf	1.0	False	
AqTMK_1_final.txt	AqTMK_193_final.txt	AqTMK_1	AqTMK_193	38	30	False	inf	1.0	False	
AqTMK_1_final.txt	AqTMK_264_final.txt	AqTMK_1	AqTMK_264	38	30	False	inf	1.0	False	
AqTMK_1_final.txt	AqTMK_121_final.txt	AqTMK_1	AqTMK_121	38	29	False	inf	1.0	False	
AqTMK_30_final.txt	AqTMK_65_final.txt	AqTMK_30	AqTMK_65	38	38	True	6	1.0	False	
AqTMK_30_final.txt	AqTMK_8_final.txt	AqTMK_30	AqTMK_8	38	37	False	inf	1.0	False	
AqTMK_30_final.txt	AqTMK_10_final.txt	AqTMK_30	AqTMK_10	38	37	False	inf	1.0	False	
AqTMK_30_final.txt	AqTMK_16_final.txt	AqTMK_30	AqTMK_16	38	37	False	inf	1.0	False	
AqTMK_30_final.txt	AqTMK_21_final.txt	AqTMK_30	AqTMK_21	38	37	False	inf	1.0	False	
AqTMK_30_final.txt	AqTMK_26_final.txt	AqTMK_30	AqTMK_26	38	37	False	inf	1.0	False	
AqTMK_30_final.txt	AqTMK_39_final.txt	AqTMK_30	AqTMK_39	38	37	False	inf	1.0	False	
AqTMK_30_final.txt	AqTMK_35_final.txt	AqTMK_30	AqTMK_35	38	38	True	8	1.0	False	
AqTMK_30_final.txt	AqTMK_41_final.txt	AqTMK_30	AqTMK_41	38	37	False	inf	1.0	False	
AqTMK_30_final.txt	AqTMK_44_final.txt	AqTMK_30	AqTMK_44	38	37	False	inf	1.0	False	
AqTMK_30_final.txt	AqTMK_46_final.txt	AqTMK_30	AqTMK_46	38	37	False	inf	1.0	False	
AqTMK_30_final.txt	AqTMK_58_final.txt	AqTMK_30	AqTMK_58	38	37	False	inf	1.0	False	
AqTMK_30_final.txt	AqTMK_60_final.txt	AqTMK_30	AqTMK_60	38	37	False	inf	1.0	False	
AqTMK_30_final.txt	AqTMK_88_final.txt	AqTMK_30	AqTMK_88	38	37	False	inf	1.0	False	
AqTMK_30_final.txt	AqTMK_97_final.txt	AqTMK_30	AqTMK_97	38	37	False	inf	1.0	False	
AqTMK_30_final.txt	AqTMK_134_final.txt	AqTMK_30	AqTMK_134	38	37	False	inf	1.0	False	
AqTMK_30_final.txt	AqTMK_228_final.txt	AqTMK_30	AqTMK_228	38	37	False	inf	1.0	False	
AqTMK_30_final.txt	AqTMK_140_final.txt	AqTMK_30	AqTMK_140	38	37	False	inf	1.0	False	
AqTMK_30_final.txt	AqTMK_2_final.txt	AqTMK_30	AqTMK_2	38	36	False	inf	1.0	False	
AqTMK_30_final.txt	AqTMK_6_final.txt	AqTMK_30	AqTMK_6	38	36	False	inf	1.0	False	
AqTMK_30_final.txt	AqTMK_9_final.txt	AqTMK_30	AqTMK_9	38	36	False	inf	1.0	False	
AqTMK_30_final.txt	AqTMK_13_final.txt	AqTMK_30	AqTMK_13	38	36	False	inf	1.0	False	
AqTMK_30_final.txt	AqTMK_15_final.txt	AqTMK_30	AqTMK_15	38	36	False	inf	1.0	False	
AqTMK_30_final.txt	AqTMK_17_final.txt	AqTMK_30	AqTMK_17	38	36	False	inf	1.0	False	
AqTMK_30_final.txt	AqTMK_28_final.txt	AqTMK_30	AqTMK_28	38	36	False	inf	1.0	False	
AqTMK_30_final.txt	AqTMK_22_final.txt	AqTMK_30	AqTMK_22	38	36	False	inf	1.0	False	
AqTMK_30_final.txt	AqTMK_37_final.txt	AqTMK_30	AqTMK_37	38	36	False	inf	1.0	False	
AqTMK_30_final.txt	AqTMK_38_final.txt	AqTMK_30	AqTMK_38	38	36	False	inf	1.0	False	
AqTMK_30_final.txt	AqTMK_77_final.txt	AqTMK_30	AqTMK_77	38	36	False	inf	1.0	False	
AqTMK_30_final.txt	AqTMK_5_final.txt	AqTMK_30	AqTMK_5	38	35	False	inf	1.0	False	
AqTMK_30_final.txt	AqTMK_14_final.txt	AqTMK_30	AqTMK_14	38	35	False	inf	1.0	False	
AqTMK_30_final.txt	AqTMK_23_final.txt	AqTMK_30	AqTMK_23	38	35	False	inf	1.0	False	
AqTMK_30_final.txt	AqTMK_175_final.txt	AqTMK_30	AqTMK_175	38	34	False	inf	1.0	False	
AqTMK_30_final.txt	AqTMK_128_final.txt	AqTMK_30	AqTMK_128	38	34	False	inf	1.0	False	
AqTMK_30_final.txt	AqTMK_214_final.txt	AqTMK_30	AqTMK_214	38	35	False	inf	1.0	False	
AqTMK_30_final.txt	AqTMK_185_final.txt	AqTMK_30	AqTMK_185	38	34	False	inf	1.0	False	
AqTMK_30_final.txt	AqTMK_196_final.txt	AqTMK_30	AqTMK_196	38	34	False	inf	1.0	False	
AqTMK_30_final.txt	AqTMK_207_final.txt	AqTMK_30	AqTMK_207	38	34	False	inf	1.0	False	
AqTMK_30_final.txt	AqTMK_217_final.txt	AqTMK_30	AqTMK_217	38	34	False	inf	1.0	False	
AqTMK_30_final.txt	AqTMK_220_final.txt	AqTMK_30	AqTMK_220	38	34	False	inf	1.0	False	
AqTMK_30_final.txt	AqTMK_261_final.txt	AqTMK_30	AqTMK_261	38	34	False	inf	1.0	False	
AqTMK_30_final.txt	AqTMK_246_final.txt	AqTMK_30	AqTMK_246	38	34	False	inf	1.0	False	
AqTMK_30_final.txt	AqTMK_244_final.txt	AqTMK_30	AqTMK_244	38	34	False	inf	1.0	False	
AqTMK_30_final.txt	AqTMK_281_final.txt	AqTMK_30	AqTMK_281	38	34	False	inf	1.0	False	
AqTMK_30_final.txt	AqTMK_69_final.txt	AqTMK_30	AqTMK_69	38	33	False	inf	1.0	False	
AqTMK_30_final.txt	AqTMK_87_final.txt	AqTMK_30	AqTMK_87	38	33	False	inf	1.0	False	
AqTMK_30_final.txt	AqTMK_95_final.txt	AqTMK_30	AqTMK_95	38	33	False	inf	1.0	False	
AqTMK_30_final.txt	AqTMK_109_final.txt	AqTMK_30	AqTMK_109	38	33	False	inf	1.0	False	
AqTMK_30_final.txt	AqTMK_111_final.txt	AqTMK_30	AqTMK_111	38	33	False	inf	1.0	False	
AqTMK_30_final.txt	AqTMK_116_final.txt	AqTMK_30	AqTMK_116	38	33	False	inf	1.0	False	
AqTMK_30_final.txt	AqTMK_120_final.txt	AqTMK_30	AqTMK_120	38	33	False	inf	1.0	False	
AqTMK_30_final.txt	AqTMK_139_final.txt	AqTMK_30	AqTMK_139	38	33	False	inf	1.0	False	
AqTMK_30_final.txt	AqTMK_156_final.txt	AqTMK_30	AqTMK_156	38	33	False	inf	1.0	False	
AqTMK_30_final.txt	AqTMK_163_final.txt	AqTMK_30	AqTMK_163	38	33	False	inf	1.0	False	
AqTMK_30_final.txt	AqTMK_171_final.txt	AqTMK_30	AqTMK_171	38	33	False	inf	1.0	False	
AqTMK_30_final.txt	AqTMK_186_final.txt	AqTMK_30	AqTMK_186	38	33	False	inf	1.0	False	
AqTMK_30_final.txt	AqTMK_197_final.txt	AqTMK_30	AqTMK_197	38	33	False	inf	1.0	False	
AqTMK_30_final.txt	AqTMK_200_final.txt	AqTMK_30	AqTMK_200	38	33	False	inf	1.0	False	
AqTMK_30_final.txt	AqTMK_208_final.txt	AqTMK_30	AqTMK_208	38	33	False	inf	1.0	False	
AqTMK_30_final.txt	AqTMK_223_final.txt	AqTMK_30	AqTMK_223	38	33	False	inf	1.0	False	
AqTMK_30_final.txt	AqTMK_229_final.txt	AqTMK_30	AqTMK_229	38	33	False	inf	1.0	False	
AqTMK_30_final.txt	AqTMK_230_final.txt	AqTMK_30	AqTMK_230	38	33	False	inf	1.0	False	
AqTMK_30_final.txt	AqTMK_231_final.txt	AqTMK_30	AqTMK_231	38	33	False	inf	1.0	False	
AqTMK_30_final.txt	AqTMK_233_final.txt	AqTMK_30	AqTMK_233	38	33	False	inf	1.0	False	
AqTMK_30_final.txt	AqTMK_257_final.txt	AqTMK_30	AqTMK_257	38	33	False	inf	1.0	False	
AqTMK_30_final.txt	AqTMK_262_final.txt	AqTMK_30	AqTMK_262	38	33	False	inf	1.0	False	
AqTMK_30_final.txt	AqTMK_259_final.txt	AqTMK_30	AqTMK_259	38	33	False	inf	1.0	False	
AqTMK_30_final.txt	AqTMK_270_final.txt	AqTMK_30	AqTMK_270	38	33	False	inf	1.0	False	
AqTMK_30_final.txt	AqTMK_273_final.txt	AqTMK_30	AqTMK_273	38	33	False	inf	1.0	False	
AqTMK_30_final.txt	AqTMK_284_final.txt	AqTMK_30	AqTMK_284	38	33	False	inf	1.0	False	
AqTMK_30_final.txt	AqTMK_285_final.txt	AqTMK_30	AqTMK_285	38	33	False	inf	1.0	False	
AqTMK_30_final.txt	AqTMK_287_final.txt	AqTMK_30	AqTMK_287	38	33	False	inf	1.0	False	
AqTMK_30_final.txt	AqTMK_295_final.txt	AqTMK_30	AqTMK_295	38	33	False	inf	1.0	False	
AqTMK_30_final.txt	AqTMK_311_final.txt	AqTMK_30	AqTMK_311	38	33	False	inf	1.0	False	
AqTMK_30_final.txt	AqTMK_54_final.txt	AqTMK_30	AqTMK_54	38	32	False	inf	1.0	False	
AqTMK_30_final.txt	AqTMK_56_final.txt	AqTMK_30	AqTMK_56	38	32	False	inf	1.0	False	
AqTMK_30_final.txt	AqTMK_59_final.txt	AqTMK_30	AqTMK_59	38	32	False	inf	1.0	False	
AqTMK_30_final.txt	AqTMK_62_final.txt	AqTMK_30	AqTMK_62	38	32	False	inf	1.0	False	
AqTMK_30_final.txt	AqTMK_63_final.txt	AqTMK_30	AqTMK_63	38	32	False	inf	1.0	False	
AqTMK_30_final.txt	AqTMK_68_final.txt	AqTMK_30	AqTMK_68	38	32	False	inf	1.0	False	
AqTMK_30_final.txt	AqTMK_81_final.txt	AqTMK_30	AqTMK_81	38	32	False	inf	1.0	False	
AqTMK_30_final.txt	AqTMK_70_final.txt	AqTMK_30	AqTMK_70	38	32	False	inf	1.0	False	
AqTMK_30_final.txt	AqTMK_79_final.txt	AqTMK_30	AqTMK_79	38	32	False	inf	1.0	False	
AqTMK_30_final.txt	AqTMK_82_final.txt	AqTMK_30	AqTMK_82	38	32	False	inf	1.0	False	
AqTMK_30_final.txt	AqTMK_84_final.txt	AqTMK_30	AqTMK_84	38	32	False	inf	1.0	False	
AqTMK_30_final.txt	AqTMK_85_final.txt	AqTMK_30	AqTMK_85	38	32	False	inf	1.0	False	
AqTMK_30_final.txt	AqTMK_89_final.txt	AqTMK_30	AqTMK_89	38	32	False	inf	1.0	False	
AqTMK_30_final.txt	AqTMK_91_final.txt	AqTMK_30	AqTMK_91	38	32	False	inf	1.0	False	
AqTMK_30_final.txt	AqTMK_99_final.txt	AqTMK_30	AqTMK_99	38	32	False	inf	1.0	False	
AqTMK_30_final.txt	AqTMK_93_final.txt	AqTMK_30	AqTMK_93	38	32	False	inf	1.0	False	
AqTMK_30_final.txt	AqTMK_98_final.txt	AqTMK_30	AqTMK_98	38	32	False	inf	1.0	False	
AqTMK_30_final.txt	AqTMK_101_final.txt	AqTMK_30	AqTMK_101	38	32	False	inf	1.0	False	
AqTMK_30_final.txt	AqTMK_103_final.txt	AqTMK_30	AqTMK_103	38	32	False	inf	1.0	False	
AqTMK_30_final.txt	AqTMK_104_final.txt	AqTMK_30	AqTMK_104	38	32	False	inf	1.0	False	
AqTMK_30_final.txt	AqTMK_106_final.txt	AqTMK_30	AqTMK_106	38	32	False	inf	1.0	False	
AqTMK_30_final.txt	AqTMK_114_final.txt	AqTMK_30	AqTMK_114	38	32	False	inf	1.0	False	
AqTMK_30_final.txt	AqTMK_117_final.txt	AqTMK_30	AqTMK_117	38	32	False	inf	1.0	False	
AqTMK_30_final.txt	AqTMK_118_final.txt	AqTMK_30	AqTMK_118	38	32	False	inf	1.0	False	
AqTMK_30_final.txt	AqTMK_131_final.txt	AqTMK_30	AqTMK_131	38	32	False	inf	1.0	False	
AqTMK_30_final.txt	AqTMK_149_final.txt	AqTMK_30	AqTMK_149	38	32	False	inf	1.0	False	
AqTMK_30_final.txt	AqTMK_155_final.txt	AqTMK_30	AqTMK_155	38	32	False	inf	1.0	False	
AqTMK_30_final.txt	AqTMK_159_final.txt	AqTMK_30	AqTMK_159	38	32	False	inf	1.0	False	
AqTMK_30_final.txt	AqTMK_165_final.txt	AqTMK_30	AqTMK_165	38	32	False	inf	1.0	False	
AqTMK_30_final.txt	AqTMK_173_final.txt	AqTMK_30	AqTMK_173	38	32	False	inf	1.0	False	
AqTMK_30_final.txt	AqTMK_179_final.txt	AqTMK_30	AqTMK_179	38	32	False	inf	1.0	False	
AqTMK_30_final.txt	AqTMK_187_final.txt	AqTMK_30	AqTMK_187	38	32	False	inf	1.0	False	
AqTMK_30_final.txt	AqTMK_181_final.txt	AqTMK_30	AqTMK_181	38	32	False	inf	1.0	False	
AqTMK_30_final.txt	AqTMK_188_final.txt	AqTMK_30	AqTMK_188	38	32	False	inf	1.0	False	
AqTMK_30_final.txt	AqTMK_191_final.txt	AqTMK_30	AqTMK_191	38	32	False	inf	1.0	False	
AqTMK_30_final.txt	AqTMK_198_final.txt	AqTMK_30	AqTMK_198	38	32	False	inf	1.0	False	
AqTMK_30_final.txt	AqTMK_218_final.txt	AqTMK_30	AqTMK_218	38	32	False	inf	1.0	False	
AqTMK_30_final.txt	AqTMK_219_final.txt	AqTMK_30	AqTMK_219	38	32	False	inf	1.0	False	
AqTMK_30_final.txt	AqTMK_224_final.txt	AqTMK_30	AqTMK_224	38	32	False	inf	1.0	False	
AqTMK_30_final.txt	AqTMK_236_final.txt	AqTMK_30	AqTMK_236	38	32	False	inf	1.0	False	
AqTMK_30_final.txt	AqTMK_234_final.txt	AqTMK_30	AqTMK_234	38	32	False	inf	1.0	False	
AqTMK_30_final.txt	AqTMK_240_final.txt	AqTMK_30	AqTMK_240	38	32	False	inf	1.0	False	
AqTMK_30_final.txt	AqTMK_242_final.txt	AqTMK_30	AqTMK_242	38	32	False	inf	1.0	False	
AqTMK_30_final.txt	AqTMK_245_final.txt	AqTMK_30	AqTMK_245	38	32	False	inf	1.0	False	
AqTMK_30_final.txt	AqTMK_249_final.txt	AqTMK_30	AqTMK_249	38	32	False	inf	1.0	False	
AqTMK_30_final.txt	AqTMK_263_final.txt	AqTMK_30	AqTMK_263	38	32	False	inf	1.0	False	
AqTMK_30_final.txt	AqTMK_272_final.txt	AqTMK_30	AqTMK_272	38	32	False	inf	1.0	False	
AqTMK_30_final.txt	AqTMK_274_final.txt	AqTMK_30	AqTMK_274	38	32	False	inf	1.0	False	
AqTMK_30_final.txt	AqTMK_267_final.txt	AqTMK_30	AqTMK_267	38	32	False	inf	1.0	False	
AqTMK_30_final.txt	AqTMK_275_final.txt	AqTMK_30	AqTMK_275	38	32	False	inf	1.0	False	
AqTMK_30_final.txt	AqTMK_279_final.txt	AqTMK_30	AqTMK_279	38	32	False	inf	1.0	False	
AqTMK_30_final.txt	AqTMK_286_final.txt	AqTMK_30	AqTMK_286	38	32	False	inf	1.0	False	
AqTMK_30_final.txt	AqTMK_290_final.txt	AqTMK_30	AqTMK_290	38	32	False	inf	1.0	False	
AqTMK_30_final.txt	AqTMK_292_final.txt	AqTMK_30	AqTMK_292	38	32	False	inf	1.0	False	
AqTMK_30_final.txt	AqTMK_299_final.txt	AqTMK_30	AqTMK_299	38	32	False	inf	1.0	False	
AqTMK_30_final.txt	AqTMK_45_final.txt	AqTMK_30	AqTMK_45	38	31	False	inf	1.0	False	
AqTMK_30_final.txt	AqTMK_309_final.txt	AqTMK_30	AqTMK_309	38	32	False	inf	1.0	False	
AqTMK_30_final.txt	AqTMK_47_final.txt	AqTMK_30	AqTMK_47	38	31	False	inf	1.0	False	
AqTMK_30_final.txt	AqTMK_48_final.txt	AqTMK_30	AqTMK_48	38	31	False	inf	1.0	False	
AqTMK_30_final.txt	AqTMK_53_final.txt	AqTMK_30	AqTMK_53	38	31	False	inf	1.0	False	
AqTMK_30_final.txt	AqTMK_57_final.txt	AqTMK_30	AqTMK_57	38	31	False	inf	1.0	False	
AqTMK_30_final.txt	AqTMK_72_final.txt	AqTMK_30	AqTMK_72	38	31	False	inf	1.0	False	
AqTMK_30_final.txt	AqTMK_92_final.txt	AqTMK_30	AqTMK_92	38	31	False	inf	1.0	False	
AqTMK_30_final.txt	AqTMK_73_final.txt	AqTMK_30	AqTMK_73	38	31	False	inf	1.0	False	
AqTMK_30_final.txt	AqTMK_76_final.txt	AqTMK_30	AqTMK_76	38	31	False	inf	1.0	False	
AqTMK_30_final.txt	AqTMK_94_final.txt	AqTMK_30	AqTMK_94	38	31	False	inf	1.0	False	
AqTMK_30_final.txt	AqTMK_108_final.txt	AqTMK_30	AqTMK_108	38	31	False	inf	1.0	False	
AqTMK_30_final.txt	AqTMK_110_final.txt	AqTMK_30	AqTMK_110	38	31	False	inf	1.0	False	
AqTMK_30_final.txt	AqTMK_112_final.txt	AqTMK_30	AqTMK_112	38	31	False	inf	1.0	False	
AqTMK_30_final.txt	AqTMK_119_final.txt	AqTMK_30	AqTMK_119	38	31	False	inf	1.0	False	
AqTMK_30_final.txt	AqTMK_122_final.txt	AqTMK_30	AqTMK_122	38	31	False	inf	1.0	False	
AqTMK_30_final.txt	AqTMK_123_final.txt	AqTMK_30	AqTMK_123	38	31	False	inf	1.0	False	
AqTMK_30_final.txt	AqTMK_132_final.txt	AqTMK_30	AqTMK_132	38	31	False	inf	1.0	False	
AqTMK_30_final.txt	AqTMK_133_final.txt	AqTMK_30	AqTMK_133	38	31	False	inf	1.0	False	
AqTMK_30_final.txt	AqTMK_167_final.txt	AqTMK_30	AqTMK_167	38	31	False	inf	1.0	False	
AqTMK_30_final.txt	AqTMK_172_final.txt	AqTMK_30	AqTMK_172	38	31	False	inf	1.0	False	
AqTMK_30_final.txt	AqTMK_178_final.txt	AqTMK_30	AqTMK_178	38	31	False	inf	1.0	False	
AqTMK_30_final.txt	AqTMK_184_final.txt	AqTMK_30	AqTMK_184	38	31	False	inf	1.0	False	
AqTMK_30_final.txt	AqTMK_195_final.txt	AqTMK_30	AqTMK_195	38	31	False	inf	1.0	False	
AqTMK_30_final.txt	AqTMK_211_final.txt	AqTMK_30	AqTMK_211	38	31	False	inf	1.0	False	
AqTMK_30_final.txt	AqTMK_201_final.txt	AqTMK_30	AqTMK_201	38	31	False	inf	1.0	False	
AqTMK_30_final.txt	AqTMK_237_final.txt	AqTMK_30	AqTMK_237	38	31	False	inf	1.0	False	
AqTMK_30_final.txt	AqTMK_238_final.txt	AqTMK_30	AqTMK_238	38	31	False	inf	1.0	False	
AqTMK_30_final.txt	AqTMK_253_final.txt	AqTMK_30	AqTMK_253	38	31	False	inf	1.0	False	
AqTMK_30_final.txt	AqTMK_276_final.txt	AqTMK_30	AqTMK_276	38	31	False	inf	1.0	False	
AqTMK_30_final.txt	AqTMK_277_final.txt	AqTMK_30	AqTMK_277	38	31	False	inf	1.0	False	
AqTMK_30_final.txt	AqTMK_33_final.txt	AqTMK_30	AqTMK_33	38	30	False	inf	1.0	False	
AqTMK_30_final.txt	AqTMK_300_final.txt	AqTMK_30	AqTMK_300	38	31	False	inf	1.0	False	
AqTMK_30_final.txt	AqTMK_288_final.txt	AqTMK_30	AqTMK_288	38	31	False	inf	1.0	False	
AqTMK_30_final.txt	AqTMK_43_final.txt	AqTMK_30	AqTMK_43	38	30	False	inf	1.0	False	
AqTMK_30_final.txt	AqTMK_49_final.txt	AqTMK_30	AqTMK_49	38	30	False	inf	1.0	False	
AqTMK_30_final.txt	AqTMK_50_final.txt	AqTMK_30	AqTMK_50	38	30	False	inf	1.0	False	
AqTMK_30_final.txt	AqTMK_66_final.txt	AqTMK_30	AqTMK_66	38	30	False	inf	1.0	False	
AqTMK_30_final.txt	AqTMK_102_final.txt	AqTMK_30	AqTMK_102	38	30	False	inf	1.0	False	
AqTMK_30_final.txt	AqTMK_124_final.txt	AqTMK_30	AqTMK_124	38	30	False	inf	1.0	False	
AqTMK_30_final.txt	AqTMK_153_final.txt	AqTMK_30	AqTMK_153	38	30	False	inf	1.0	False	
AqTMK_30_final.txt	AqTMK_193_final.txt	AqTMK_30	AqTMK_193	38	30	False	inf	1.0	False	
AqTMK_30_final.txt	AqTMK_264_final.txt	AqTMK_30	AqTMK_264	38	30	False	inf	1.0	False	
AqTMK_30_final.txt	AqTMK_121_final.txt	AqTMK_30	AqTMK_121	38	29	False	inf	1.0	False	
AqTMK_35_final.txt	AqTMK_8_final.txt	AqTMK_35	AqTMK_8	38	37	False	inf	1.0	False	
AqTMK_35_final.txt	AqTMK_10_final.txt	AqTMK_35	AqTMK_10	38	37	False	inf	1.0	False	
AqTMK_35_final.txt	AqTMK_16_final.txt	AqTMK_35	AqTMK_16	38	37	False	inf	1.0	False	
AqTMK_35_final.txt	AqTMK_21_final.txt	AqTMK_35	AqTMK_21	38	37	False	inf	1.0	False	
AqTMK_35_final.txt	AqTMK_26_final.txt	AqTMK_35	AqTMK_26	38	37	False	inf	1.0	False	
AqTMK_35_final.txt	AqTMK_39_final.txt	AqTMK_35	AqTMK_39	38	37	False	inf	1.0	False	
AqTMK_35_final.txt	AqTMK_41_final.txt	AqTMK_35	AqTMK_41	38	37	False	inf	1.0	False	
AqTMK_35_final.txt	AqTMK_65_final.txt	AqTMK_35	AqTMK_65	38	38	True	8	1.0	False	
AqTMK_35_final.txt	AqTMK_44_final.txt	AqTMK_35	AqTMK_44	38	37	False	inf	1.0	False	
AqTMK_35_final.txt	AqTMK_46_final.txt	AqTMK_35	AqTMK_46	38	37	False	inf	1.0	False	
AqTMK_35_final.txt	AqTMK_58_final.txt	AqTMK_35	AqTMK_58	38	37	False	inf	1.0	False	
AqTMK_35_final.txt	AqTMK_60_final.txt	AqTMK_35	AqTMK_60	38	37	False	inf	1.0	False	
AqTMK_35_final.txt	AqTMK_88_final.txt	AqTMK_35	AqTMK_88	38	37	False	inf	1.0	False	
AqTMK_35_final.txt	AqTMK_97_final.txt	AqTMK_35	AqTMK_97	38	37	False	inf	1.0	False	
AqTMK_35_final.txt	AqTMK_134_final.txt	AqTMK_35	AqTMK_134	38	37	False	inf	1.0	False	
AqTMK_35_final.txt	AqTMK_140_final.txt	AqTMK_35	AqTMK_140	38	37	False	inf	1.0	False	
AqTMK_35_final.txt	AqTMK_6_final.txt	AqTMK_35	AqTMK_6	38	36	False	inf	1.0	False	
AqTMK_35_final.txt	AqTMK_228_final.txt	AqTMK_35	AqTMK_228	38	37	False	inf	1.0	False	
AqTMK_35_final.txt	AqTMK_2_final.txt	AqTMK_35	AqTMK_2	38	36	False	inf	1.0	False	
AqTMK_35_final.txt	AqTMK_9_final.txt	AqTMK_35	AqTMK_9	38	36	False	inf	1.0	False	
AqTMK_35_final.txt	AqTMK_13_final.txt	AqTMK_35	AqTMK_13	38	36	False	inf	1.0	False	
AqTMK_35_final.txt	AqTMK_15_final.txt	AqTMK_35	AqTMK_15	38	36	False	inf	1.0	False	
AqTMK_35_final.txt	AqTMK_17_final.txt	AqTMK_35	AqTMK_17	38	36	False	inf	1.0	False	
AqTMK_35_final.txt	AqTMK_22_final.txt	AqTMK_35	AqTMK_22	38	36	False	inf	1.0	False	
AqTMK_35_final.txt	AqTMK_28_final.txt	AqTMK_35	AqTMK_28	38	36	False	inf	1.0	False	
AqTMK_35_final.txt	AqTMK_38_final.txt	AqTMK_35	AqTMK_38	38	36	False	inf	1.0	False	
AqTMK_35_final.txt	AqTMK_37_final.txt	AqTMK_35	AqTMK_37	38	36	False	inf	1.0	False	
AqTMK_35_final.txt	AqTMK_77_final.txt	AqTMK_35	AqTMK_77	38	36	False	inf	1.0	False	
AqTMK_35_final.txt	AqTMK_5_final.txt	AqTMK_35	AqTMK_5	38	35	False	inf	1.0	False	
AqTMK_35_final.txt	AqTMK_14_final.txt	AqTMK_35	AqTMK_14	38	35	False	inf	1.0	False	
AqTMK_35_final.txt	AqTMK_23_final.txt	AqTMK_35	AqTMK_23	38	35	False	inf	1.0	False	
AqTMK_35_final.txt	AqTMK_214_final.txt	AqTMK_35	AqTMK_214	38	35	False	inf	1.0	False	
AqTMK_35_final.txt	AqTMK_175_final.txt	AqTMK_35	AqTMK_175	38	34	False	inf	1.0	False	
AqTMK_35_final.txt	AqTMK_185_final.txt	AqTMK_35	AqTMK_185	38	34	False	inf	1.0	False	
AqTMK_35_final.txt	AqTMK_128_final.txt	AqTMK_35	AqTMK_128	38	34	False	inf	1.0	False	
AqTMK_35_final.txt	AqTMK_196_final.txt	AqTMK_35	AqTMK_196	38	34	False	inf	1.0	False	
AqTMK_35_final.txt	AqTMK_207_final.txt	AqTMK_35	AqTMK_207	38	34	False	inf	1.0	False	
AqTMK_35_final.txt	AqTMK_217_final.txt	AqTMK_35	AqTMK_217	38	34	False	inf	1.0	False	
AqTMK_35_final.txt	AqTMK_220_final.txt	AqTMK_35	AqTMK_220	38	34	False	inf	1.0	False	
AqTMK_35_final.txt	AqTMK_244_final.txt	AqTMK_35	AqTMK_244	38	34	False	inf	1.0	False	
AqTMK_35_final.txt	AqTMK_246_final.txt	AqTMK_35	AqTMK_246	38	34	False	inf	1.0	False	
AqTMK_35_final.txt	AqTMK_281_final.txt	AqTMK_35	AqTMK_281	38	34	False	inf	1.0	False	
AqTMK_35_final.txt	AqTMK_261_final.txt	AqTMK_35	AqTMK_261	38	34	False	inf	1.0	False	
AqTMK_35_final.txt	AqTMK_69_final.txt	AqTMK_35	AqTMK_69	38	33	False	inf	1.0	False	
AqTMK_35_final.txt	AqTMK_87_final.txt	AqTMK_35	AqTMK_87	38	33	False	inf	1.0	False	
AqTMK_35_final.txt	AqTMK_95_final.txt	AqTMK_35	AqTMK_95	38	33	False	inf	1.0	False	
AqTMK_35_final.txt	AqTMK_109_final.txt	AqTMK_35	AqTMK_109	38	33	False	inf	1.0	False	
AqTMK_35_final.txt	AqTMK_111_final.txt	AqTMK_35	AqTMK_111	38	33	False	inf	1.0	False	
AqTMK_35_final.txt	AqTMK_139_final.txt	AqTMK_35	AqTMK_139	38	33	False	inf	1.0	False	
AqTMK_35_final.txt	AqTMK_116_final.txt	AqTMK_35	AqTMK_116	38	33	False	inf	1.0	False	
AqTMK_35_final.txt	AqTMK_120_final.txt	AqTMK_35	AqTMK_120	38	33	False	inf	1.0	False	
AqTMK_35_final.txt	AqTMK_156_final.txt	AqTMK_35	AqTMK_156	38	33	False	inf	1.0	False	
AqTMK_35_final.txt	AqTMK_163_final.txt	AqTMK_35	AqTMK_163	38	33	False	inf	1.0	False	
AqTMK_35_final.txt	AqTMK_171_final.txt	AqTMK_35	AqTMK_171	38	33	False	inf	1.0	False	
AqTMK_35_final.txt	AqTMK_186_final.txt	AqTMK_35	AqTMK_186	38	33	False	inf	1.0	False	
AqTMK_35_final.txt	AqTMK_197_final.txt	AqTMK_35	AqTMK_197	38	33	False	inf	1.0	False	
AqTMK_35_final.txt	AqTMK_208_final.txt	AqTMK_35	AqTMK_208	38	33	False	inf	1.0	False	
AqTMK_35_final.txt	AqTMK_200_final.txt	AqTMK_35	AqTMK_200	38	33	False	inf	1.0	False	
AqTMK_35_final.txt	AqTMK_223_final.txt	AqTMK_35	AqTMK_223	38	33	False	inf	1.0	False	
AqTMK_35_final.txt	AqTMK_229_final.txt	AqTMK_35	AqTMK_229	38	33	False	inf	1.0	False	
AqTMK_35_final.txt	AqTMK_230_final.txt	AqTMK_35	AqTMK_230	38	33	False	inf	1.0	False	
AqTMK_35_final.txt	AqTMK_231_final.txt	AqTMK_35	AqTMK_231	38	33	False	inf	1.0	False	
AqTMK_35_final.txt	AqTMK_233_final.txt	AqTMK_35	AqTMK_233	38	33	False	inf	1.0	False	
AqTMK_35_final.txt	AqTMK_257_final.txt	AqTMK_35	AqTMK_257	38	33	False	inf	1.0	False	
AqTMK_35_final.txt	AqTMK_259_final.txt	AqTMK_35	AqTMK_259	38	33	False	inf	1.0	False	
AqTMK_35_final.txt	AqTMK_270_final.txt	AqTMK_35	AqTMK_270	38	33	False	inf	1.0	False	
AqTMK_35_final.txt	AqTMK_262_final.txt	AqTMK_35	AqTMK_262	38	33	False	inf	1.0	False	
AqTMK_35_final.txt	AqTMK_273_final.txt	AqTMK_35	AqTMK_273	38	33	False	inf	1.0	False	
AqTMK_35_final.txt	AqTMK_284_final.txt	AqTMK_35	AqTMK_284	38	33	False	inf	1.0	False	
AqTMK_35_final.txt	AqTMK_285_final.txt	AqTMK_35	AqTMK_285	38	33	False	inf	1.0	False	
AqTMK_35_final.txt	AqTMK_287_final.txt	AqTMK_35	AqTMK_287	38	33	False	inf	1.0	False	
AqTMK_35_final.txt	AqTMK_295_final.txt	AqTMK_35	AqTMK_295	38	33	False	inf	1.0	False	
AqTMK_35_final.txt	AqTMK_311_final.txt	AqTMK_35	AqTMK_311	38	33	False	inf	1.0	False	
AqTMK_35_final.txt	AqTMK_56_final.txt	AqTMK_35	AqTMK_56	38	32	False	inf	1.0	False	
AqTMK_35_final.txt	AqTMK_54_final.txt	AqTMK_35	AqTMK_54	38	32	False	inf	1.0	False	
AqTMK_35_final.txt	AqTMK_59_final.txt	AqTMK_35	AqTMK_59	38	32	False	inf	1.0	False	
AqTMK_35_final.txt	AqTMK_62_final.txt	AqTMK_35	AqTMK_62	38	32	False	inf	1.0	False	
AqTMK_35_final.txt	AqTMK_63_final.txt	AqTMK_35	AqTMK_63	38	32	False	inf	1.0	False	
AqTMK_35_final.txt	AqTMK_68_final.txt	AqTMK_35	AqTMK_68	38	32	False	inf	1.0	False	
AqTMK_35_final.txt	AqTMK_70_final.txt	AqTMK_35	AqTMK_70	38	32	False	inf	1.0	False	
AqTMK_35_final.txt	AqTMK_81_final.txt	AqTMK_35	AqTMK_81	38	32	False	inf	1.0	False	
AqTMK_35_final.txt	AqTMK_82_final.txt	AqTMK_35	AqTMK_82	38	32	False	inf	1.0	False	
AqTMK_35_final.txt	AqTMK_79_final.txt	AqTMK_35	AqTMK_79	38	32	False	inf	1.0	False	
AqTMK_35_final.txt	AqTMK_84_final.txt	AqTMK_35	AqTMK_84	38	32	False	inf	1.0	False	
AqTMK_35_final.txt	AqTMK_85_final.txt	AqTMK_35	AqTMK_85	38	32	False	inf	1.0	False	
AqTMK_35_final.txt	AqTMK_89_final.txt	AqTMK_35	AqTMK_89	38	32	False	inf	1.0	False	
AqTMK_35_final.txt	AqTMK_91_final.txt	AqTMK_35	AqTMK_91	38	32	False	inf	1.0	False	
AqTMK_35_final.txt	AqTMK_93_final.txt	AqTMK_35	AqTMK_93	38	32	False	inf	1.0	False	
AqTMK_35_final.txt	AqTMK_99_final.txt	AqTMK_35	AqTMK_99	38	32	False	inf	1.0	False	
AqTMK_35_final.txt	AqTMK_98_final.txt	AqTMK_35	AqTMK_98	38	32	False	inf	1.0	False	
AqTMK_35_final.txt	AqTMK_101_final.txt	AqTMK_35	AqTMK_101	38	32	False	inf	1.0	False	
AqTMK_35_final.txt	AqTMK_103_final.txt	AqTMK_35	AqTMK_103	38	32	False	inf	1.0	False	
AqTMK_35_final.txt	AqTMK_104_final.txt	AqTMK_35	AqTMK_104	38	32	False	inf	1.0	False	
AqTMK_35_final.txt	AqTMK_106_final.txt	AqTMK_35	AqTMK_106	38	32	False	inf	1.0	False	
AqTMK_35_final.txt	AqTMK_114_final.txt	AqTMK_35	AqTMK_114	38	32	False	inf	1.0	False	
AqTMK_35_final.txt	AqTMK_117_final.txt	AqTMK_35	AqTMK_117	38	32	False	inf	1.0	False	
AqTMK_35_final.txt	AqTMK_149_final.txt	AqTMK_35	AqTMK_149	38	32	False	inf	1.0	False	
AqTMK_35_final.txt	AqTMK_118_final.txt	AqTMK_35	AqTMK_118	38	32	False	inf	1.0	False	
AqTMK_35_final.txt	AqTMK_131_final.txt	AqTMK_35	AqTMK_131	38	32	False	inf	1.0	False	
AqTMK_35_final.txt	AqTMK_155_final.txt	AqTMK_35	AqTMK_155	38	32	False	inf	1.0	False	
AqTMK_35_final.txt	AqTMK_159_final.txt	AqTMK_35	AqTMK_159	38	32	False	inf	1.0	False	
AqTMK_35_final.txt	AqTMK_165_final.txt	AqTMK_35	AqTMK_165	38	32	False	inf	1.0	False	
AqTMK_35_final.txt	AqTMK_173_final.txt	AqTMK_35	AqTMK_173	38	32	False	inf	1.0	False	
AqTMK_35_final.txt	AqTMK_179_final.txt	AqTMK_35	AqTMK_179	38	32	False	inf	1.0	False	
AqTMK_35_final.txt	AqTMK_181_final.txt	AqTMK_35	AqTMK_181	38	32	False	inf	1.0	False	
AqTMK_35_final.txt	AqTMK_188_final.txt	AqTMK_35	AqTMK_188	38	32	False	inf	1.0	False	
AqTMK_35_final.txt	AqTMK_187_final.txt	AqTMK_35	AqTMK_187	38	32	False	inf	1.0	False	
AqTMK_35_final.txt	AqTMK_191_final.txt	AqTMK_35	AqTMK_191	38	32	False	inf	1.0	False	
AqTMK_35_final.txt	AqTMK_198_final.txt	AqTMK_35	AqTMK_198	38	32	False	inf	1.0	False	
AqTMK_35_final.txt	AqTMK_218_final.txt	AqTMK_35	AqTMK_218	38	32	False	inf	1.0	False	
AqTMK_35_final.txt	AqTMK_219_final.txt	AqTMK_35	AqTMK_219	38	32	False	inf	1.0	False	
AqTMK_35_final.txt	AqTMK_224_final.txt	AqTMK_35	AqTMK_224	38	32	False	inf	1.0	False	
AqTMK_35_final.txt	AqTMK_236_final.txt	AqTMK_35	AqTMK_236	38	32	False	inf	1.0	False	
AqTMK_35_final.txt	AqTMK_240_final.txt	AqTMK_35	AqTMK_240	38	32	False	inf	1.0	False	
AqTMK_35_final.txt	AqTMK_234_final.txt	AqTMK_35	AqTMK_234	38	32	False	inf	1.0	False	
AqTMK_35_final.txt	AqTMK_242_final.txt	AqTMK_35	AqTMK_242	38	32	False	inf	1.0	False	
AqTMK_35_final.txt	AqTMK_245_final.txt	AqTMK_35	AqTMK_245	38	32	False	inf	1.0	False	
AqTMK_35_final.txt	AqTMK_249_final.txt	AqTMK_35	AqTMK_249	38	32	False	inf	1.0	False	
AqTMK_35_final.txt	AqTMK_263_final.txt	AqTMK_35	AqTMK_263	38	32	False	inf	1.0	False	
AqTMK_35_final.txt	AqTMK_267_final.txt	AqTMK_35	AqTMK_267	38	32	False	inf	1.0	False	
AqTMK_35_final.txt	AqTMK_272_final.txt	AqTMK_35	AqTMK_272	38	32	False	inf	1.0	False	
AqTMK_35_final.txt	AqTMK_274_final.txt	AqTMK_35	AqTMK_274	38	32	False	inf	1.0	False	
AqTMK_35_final.txt	AqTMK_275_final.txt	AqTMK_35	AqTMK_275	38	32	False	inf	1.0	False	
AqTMK_35_final.txt	AqTMK_279_final.txt	AqTMK_35	AqTMK_279	38	32	False	inf	1.0	False	
AqTMK_35_final.txt	AqTMK_286_final.txt	AqTMK_35	AqTMK_286	38	32	False	inf	1.0	False	
AqTMK_35_final.txt	AqTMK_290_final.txt	AqTMK_35	AqTMK_290	38	32	False	inf	1.0	False	
AqTMK_35_final.txt	AqTMK_292_final.txt	AqTMK_35	AqTMK_292	38	32	False	inf	1.0	False	
AqTMK_35_final.txt	AqTMK_299_final.txt	AqTMK_35	AqTMK_299	38	32	False	inf	1.0	False	
AqTMK_35_final.txt	AqTMK_45_final.txt	AqTMK_35	AqTMK_45	38	31	False	inf	1.0	False	
AqTMK_35_final.txt	AqTMK_309_final.txt	AqTMK_35	AqTMK_309	38	32	False	inf	1.0	False	
AqTMK_35_final.txt	AqTMK_47_final.txt	AqTMK_35	AqTMK_47	38	31	False	inf	1.0	False	
AqTMK_35_final.txt	AqTMK_48_final.txt	AqTMK_35	AqTMK_48	38	31	False	inf	1.0	False	
AqTMK_35_final.txt	AqTMK_53_final.txt	AqTMK_35	AqTMK_53	38	31	False	inf	1.0	False	
AqTMK_35_final.txt	AqTMK_57_final.txt	AqTMK_35	AqTMK_57	38	31	False	inf	1.0	False	
AqTMK_35_final.txt	AqTMK_72_final.txt	AqTMK_35	AqTMK_72	38	31	False	inf	1.0	False	
AqTMK_35_final.txt	AqTMK_73_final.txt	AqTMK_35	AqTMK_73	38	31	False	inf	1.0	False	
AqTMK_35_final.txt	AqTMK_76_final.txt	AqTMK_35	AqTMK_76	38	31	False	inf	1.0	False	
AqTMK_35_final.txt	AqTMK_92_final.txt	AqTMK_35	AqTMK_92	38	31	False	inf	1.0	False	
AqTMK_35_final.txt	AqTMK_94_final.txt	AqTMK_35	AqTMK_94	38	31	False	inf	1.0	False	
AqTMK_35_final.txt	AqTMK_108_final.txt	AqTMK_35	AqTMK_108	38	31	False	inf	1.0	False	
AqTMK_35_final.txt	AqTMK_110_final.txt	AqTMK_35	AqTMK_110	38	31	False	inf	1.0	False	
AqTMK_35_final.txt	AqTMK_112_final.txt	AqTMK_35	AqTMK_112	38	31	False	inf	1.0	False	
AqTMK_35_final.txt	AqTMK_119_final.txt	AqTMK_35	AqTMK_119	38	31	False	inf	1.0	False	
AqTMK_35_final.txt	AqTMK_122_final.txt	AqTMK_35	AqTMK_122	38	31	False	inf	1.0	False	
AqTMK_35_final.txt	AqTMK_132_final.txt	AqTMK_35	AqTMK_132	38	31	False	inf	1.0	False	
AqTMK_35_final.txt	AqTMK_133_final.txt	AqTMK_35	AqTMK_133	38	31	False	inf	1.0	False	
AqTMK_35_final.txt	AqTMK_123_final.txt	AqTMK_35	AqTMK_123	38	31	False	inf	1.0	False	
AqTMK_35_final.txt	AqTMK_167_final.txt	AqTMK_35	AqTMK_167	38	31	False	inf	1.0	False	
AqTMK_35_final.txt	AqTMK_172_final.txt	AqTMK_35	AqTMK_172	38	31	False	inf	1.0	False	
AqTMK_35_final.txt	AqTMK_178_final.txt	AqTMK_35	AqTMK_178	38	31	False	inf	1.0	False	
AqTMK_35_final.txt	AqTMK_184_final.txt	AqTMK_35	AqTMK_184	38	31	False	inf	1.0	False	
AqTMK_35_final.txt	AqTMK_195_final.txt	AqTMK_35	AqTMK_195	38	31	False	inf	1.0	False	
AqTMK_35_final.txt	AqTMK_211_final.txt	AqTMK_35	AqTMK_211	38	31	False	inf	1.0	False	
AqTMK_35_final.txt	AqTMK_237_final.txt	AqTMK_35	AqTMK_237	38	31	False	inf	1.0	False	
AqTMK_35_final.txt	AqTMK_201_final.txt	AqTMK_35	AqTMK_201	38	31	False	inf	1.0	False	
AqTMK_35_final.txt	AqTMK_238_final.txt	AqTMK_35	AqTMK_238	38	31	False	inf	1.0	False	
AqTMK_35_final.txt	AqTMK_253_final.txt	AqTMK_35	AqTMK_253	38	31	False	inf	1.0	False	
AqTMK_35_final.txt	AqTMK_276_final.txt	AqTMK_35	AqTMK_276	38	31	False	inf	1.0	False	
AqTMK_35_final.txt	AqTMK_277_final.txt	AqTMK_35	AqTMK_277	38	31	False	inf	1.0	False	
AqTMK_35_final.txt	AqTMK_288_final.txt	AqTMK_35	AqTMK_288	38	31	False	inf	1.0	False	
AqTMK_35_final.txt	AqTMK_43_final.txt	AqTMK_35	AqTMK_43	38	30	False	inf	1.0	False	
AqTMK_35_final.txt	AqTMK_33_final.txt	AqTMK_35	AqTMK_33	38	30	False	inf	1.0	False	
AqTMK_35_final.txt	AqTMK_300_final.txt	AqTMK_35	AqTMK_300	38	31	False	inf	1.0	False	
AqTMK_35_final.txt	AqTMK_49_final.txt	AqTMK_35	AqTMK_49	38	30	False	inf	1.0	False	
AqTMK_35_final.txt	AqTMK_50_final.txt	AqTMK_35	AqTMK_50	38	30	False	inf	1.0	False	
AqTMK_35_final.txt	AqTMK_66_final.txt	AqTMK_35	AqTMK_66	38	30	False	inf	1.0	False	
AqTMK_35_final.txt	AqTMK_102_final.txt	AqTMK_35	AqTMK_102	38	30	False	inf	1.0	False	
AqTMK_35_final.txt	AqTMK_124_final.txt	AqTMK_35	AqTMK_124	38	30	False	inf	1.0	False	
AqTMK_35_final.txt	AqTMK_153_final.txt	AqTMK_35	AqTMK_153	38	30	False	inf	1.0	False	
AqTMK_35_final.txt	AqTMK_264_final.txt	AqTMK_35	AqTMK_264	38	30	False	inf	1.0	False	
AqTMK_35_final.txt	AqTMK_193_final.txt	AqTMK_35	AqTMK_193	38	30	False	inf	1.0	False	
AqTMK_35_final.txt	AqTMK_121_final.txt	AqTMK_35	AqTMK_121	38	29	False	inf	1.0	False	
AqTMK_65_final.txt	AqTMK_10_final.txt	AqTMK_65	AqTMK_10	38	37	False	inf	1.0	False	
AqTMK_65_final.txt	AqTMK_8_final.txt	AqTMK_65	AqTMK_8	38	37	False	inf	1.0	False	
AqTMK_65_final.txt	AqTMK_16_final.txt	AqTMK_65	AqTMK_16	38	37	False	inf	1.0	False	
AqTMK_65_final.txt	AqTMK_21_final.txt	AqTMK_65	AqTMK_21	38	37	False	inf	1.0	False	
AqTMK_65_final.txt	AqTMK_26_final.txt	AqTMK_65	AqTMK_26	38	37	False	inf	1.0	False	
AqTMK_65_final.txt	AqTMK_39_final.txt	AqTMK_65	AqTMK_39	38	37	False	inf	1.0	False	
AqTMK_65_final.txt	AqTMK_41_final.txt	AqTMK_65	AqTMK_41	38	37	False	inf	1.0	False	
AqTMK_65_final.txt	AqTMK_44_final.txt	AqTMK_65	AqTMK_44	38	37	False	inf	1.0	False	
AqTMK_65_final.txt	AqTMK_58_final.txt	AqTMK_65	AqTMK_58	38	37	False	inf	1.0	False	
AqTMK_65_final.txt	AqTMK_46_final.txt	AqTMK_65	AqTMK_46	38	37	False	inf	1.0	False	
AqTMK_65_final.txt	AqTMK_60_final.txt	AqTMK_65	AqTMK_60	38	37	False	inf	1.0	False	
AqTMK_65_final.txt	AqTMK_88_final.txt	AqTMK_65	AqTMK_88	38	37	False	inf	1.0	False	
AqTMK_65_final.txt	AqTMK_97_final.txt	AqTMK_65	AqTMK_97	38	37	False	inf	1.0	False	
AqTMK_65_final.txt	AqTMK_134_final.txt	AqTMK_65	AqTMK_134	38	37	False	inf	1.0	False	
AqTMK_65_final.txt	AqTMK_140_final.txt	AqTMK_65	AqTMK_140	38	37	False	inf	1.0	False	
AqTMK_65_final.txt	AqTMK_228_final.txt	AqTMK_65	AqTMK_228	38	37	False	inf	1.0	False	
AqTMK_65_final.txt	AqTMK_6_final.txt	AqTMK_65	AqTMK_6	38	36	False	inf	1.0	False	
AqTMK_65_final.txt	AqTMK_2_final.txt	AqTMK_65	AqTMK_2	38	36	False	inf	1.0	False	
AqTMK_65_final.txt	AqTMK_9_final.txt	AqTMK_65	AqTMK_9	38	36	False	inf	1.0	False	
AqTMK_65_final.txt	AqTMK_13_final.txt	AqTMK_65	AqTMK_13	38	36	False	inf	1.0	False	
AqTMK_65_final.txt	AqTMK_15_final.txt	AqTMK_65	AqTMK_15	38	36	False	inf	1.0	False	
AqTMK_65_final.txt	AqTMK_17_final.txt	AqTMK_65	AqTMK_17	38	36	False	inf	1.0	False	
AqTMK_65_final.txt	AqTMK_22_final.txt	AqTMK_65	AqTMK_22	38	36	False	inf	1.0	False	
AqTMK_65_final.txt	AqTMK_28_final.txt	AqTMK_65	AqTMK_28	38	36	False	inf	1.0	False	
AqTMK_65_final.txt	AqTMK_37_final.txt	AqTMK_65	AqTMK_37	38	36	False	inf	1.0	False	
AqTMK_65_final.txt	AqTMK_38_final.txt	AqTMK_65	AqTMK_38	38	36	False	inf	1.0	False	
AqTMK_65_final.txt	AqTMK_77_final.txt	AqTMK_65	AqTMK_77	38	36	False	inf	1.0	False	
AqTMK_65_final.txt	AqTMK_5_final.txt	AqTMK_65	AqTMK_5	38	35	False	inf	1.0	False	
AqTMK_65_final.txt	AqTMK_14_final.txt	AqTMK_65	AqTMK_14	38	35	False	inf	1.0	False	
AqTMK_65_final.txt	AqTMK_23_final.txt	AqTMK_65	AqTMK_23	38	35	False	inf	1.0	False	
AqTMK_65_final.txt	AqTMK_214_final.txt	AqTMK_65	AqTMK_214	38	35	False	inf	1.0	False	
AqTMK_65_final.txt	AqTMK_128_final.txt	AqTMK_65	AqTMK_128	38	34	False	inf	1.0	False	
AqTMK_65_final.txt	AqTMK_185_final.txt	AqTMK_65	AqTMK_185	38	34	False	inf	1.0	False	
AqTMK_65_final.txt	AqTMK_196_final.txt	AqTMK_65	AqTMK_196	38	34	False	inf	1.0	False	
AqTMK_65_final.txt	AqTMK_175_final.txt	AqTMK_65	AqTMK_175	38	34	False	inf	1.0	False	
AqTMK_65_final.txt	AqTMK_207_final.txt	AqTMK_65	AqTMK_207	38	34	False	inf	1.0	False	
AqTMK_65_final.txt	AqTMK_217_final.txt	AqTMK_65	AqTMK_217	38	34	False	inf	1.0	False	
AqTMK_65_final.txt	AqTMK_220_final.txt	AqTMK_65	AqTMK_220	38	34	False	inf	1.0	False	
AqTMK_65_final.txt	AqTMK_244_final.txt	AqTMK_65	AqTMK_244	38	34	False	inf	1.0	False	
AqTMK_65_final.txt	AqTMK_246_final.txt	AqTMK_65	AqTMK_246	38	34	False	inf	1.0	False	
AqTMK_65_final.txt	AqTMK_261_final.txt	AqTMK_65	AqTMK_261	38	34	False	inf	1.0	False	
AqTMK_65_final.txt	AqTMK_281_final.txt	AqTMK_65	AqTMK_281	38	34	False	inf	1.0	False	
AqTMK_65_final.txt	AqTMK_69_final.txt	AqTMK_65	AqTMK_69	38	33	False	inf	1.0	False	
AqTMK_65_final.txt	AqTMK_87_final.txt	AqTMK_65	AqTMK_87	38	33	False	inf	1.0	False	
AqTMK_65_final.txt	AqTMK_95_final.txt	AqTMK_65	AqTMK_95	38	33	False	inf	1.0	False	
AqTMK_65_final.txt	AqTMK_109_final.txt	AqTMK_65	AqTMK_109	38	33	False	inf	1.0	False	
AqTMK_65_final.txt	AqTMK_111_final.txt	AqTMK_65	AqTMK_111	38	33	False	inf	1.0	False	
AqTMK_65_final.txt	AqTMK_116_final.txt	AqTMK_65	AqTMK_116	38	33	False	inf	1.0	False	
AqTMK_65_final.txt	AqTMK_120_final.txt	AqTMK_65	AqTMK_120	38	33	False	inf	1.0	False	
AqTMK_65_final.txt	AqTMK_139_final.txt	AqTMK_65	AqTMK_139	38	33	False	inf	1.0	False	
AqTMK_65_final.txt	AqTMK_156_final.txt	AqTMK_65	AqTMK_156	38	33	False	inf	1.0	False	
AqTMK_65_final.txt	AqTMK_163_final.txt	AqTMK_65	AqTMK_163	38	33	False	inf	1.0	False	
AqTMK_65_final.txt	AqTMK_171_final.txt	AqTMK_65	AqTMK_171	38	33	False	inf	1.0	False	
AqTMK_65_final.txt	AqTMK_186_final.txt	AqTMK_65	AqTMK_186	38	33	False	inf	1.0	False	
AqTMK_65_final.txt	AqTMK_197_final.txt	AqTMK_65	AqTMK_197	38	33	False	inf	1.0	False	
AqTMK_65_final.txt	AqTMK_200_final.txt	AqTMK_65	AqTMK_200	38	33	False	inf	1.0	False	
AqTMK_65_final.txt	AqTMK_223_final.txt	AqTMK_65	AqTMK_223	38	33	False	inf	1.0	False	
AqTMK_65_final.txt	AqTMK_208_final.txt	AqTMK_65	AqTMK_208	38	33	False	inf	1.0	False	
AqTMK_65_final.txt	AqTMK_229_final.txt	AqTMK_65	AqTMK_229	38	33	False	inf	1.0	False	
AqTMK_65_final.txt	AqTMK_230_final.txt	AqTMK_65	AqTMK_230	38	33	False	inf	1.0	False	
AqTMK_65_final.txt	AqTMK_231_final.txt	AqTMK_65	AqTMK_231	38	33	False	inf	1.0	False	
AqTMK_65_final.txt	AqTMK_233_final.txt	AqTMK_65	AqTMK_233	38	33	False	inf	1.0	False	
AqTMK_65_final.txt	AqTMK_257_final.txt	AqTMK_65	AqTMK_257	38	33	False	inf	1.0	False	
AqTMK_65_final.txt	AqTMK_259_final.txt	AqTMK_65	AqTMK_259	38	33	False	inf	1.0	False	
AqTMK_65_final.txt	AqTMK_262_final.txt	AqTMK_65	AqTMK_262	38	33	False	inf	1.0	False	
AqTMK_65_final.txt	AqTMK_270_final.txt	AqTMK_65	AqTMK_270	38	33	False	inf	1.0	False	
AqTMK_65_final.txt	AqTMK_273_final.txt	AqTMK_65	AqTMK_273	38	33	False	inf	1.0	False	
AqTMK_65_final.txt	AqTMK_284_final.txt	AqTMK_65	AqTMK_284	38	33	False	inf	1.0	False	
AqTMK_65_final.txt	AqTMK_285_final.txt	AqTMK_65	AqTMK_285	38	33	False	inf	1.0	False	
AqTMK_65_final.txt	AqTMK_287_final.txt	AqTMK_65	AqTMK_287	38	33	False	inf	1.0	False	
AqTMK_65_final.txt	AqTMK_295_final.txt	AqTMK_65	AqTMK_295	38	33	False	inf	1.0	False	
AqTMK_65_final.txt	AqTMK_311_final.txt	AqTMK_65	AqTMK_311	38	33	False	inf	1.0	False	
AqTMK_65_final.txt	AqTMK_54_final.txt	AqTMK_65	AqTMK_54	38	32	False	inf	1.0	False	
AqTMK_65_final.txt	AqTMK_59_final.txt	AqTMK_65	AqTMK_59	38	32	False	inf	1.0	False	
AqTMK_65_final.txt	AqTMK_56_final.txt	AqTMK_65	AqTMK_56	38	32	False	inf	1.0	False	
AqTMK_65_final.txt	AqTMK_62_final.txt	AqTMK_65	AqTMK_62	38	32	False	inf	1.0	False	
AqTMK_65_final.txt	AqTMK_63_final.txt	AqTMK_65	AqTMK_63	38	32	False	inf	1.0	False	
AqTMK_65_final.txt	AqTMK_68_final.txt	AqTMK_65	AqTMK_68	38	32	False	inf	1.0	False	
AqTMK_65_final.txt	AqTMK_70_final.txt	AqTMK_65	AqTMK_70	38	32	False	inf	1.0	False	
AqTMK_65_final.txt	AqTMK_79_final.txt	AqTMK_65	AqTMK_79	38	32	False	inf	1.0	False	
AqTMK_65_final.txt	AqTMK_82_final.txt	AqTMK_65	AqTMK_82	38	32	False	inf	1.0	False	
AqTMK_65_final.txt	AqTMK_84_final.txt	AqTMK_65	AqTMK_84	38	32	False	inf	1.0	False	
AqTMK_65_final.txt	AqTMK_81_final.txt	AqTMK_65	AqTMK_81	38	32	False	inf	1.0	False	
AqTMK_65_final.txt	AqTMK_85_final.txt	AqTMK_65	AqTMK_85	38	32	False	inf	1.0	False	
AqTMK_65_final.txt	AqTMK_89_final.txt	AqTMK_65	AqTMK_89	38	32	False	inf	1.0	False	
AqTMK_65_final.txt	AqTMK_91_final.txt	AqTMK_65	AqTMK_91	38	32	False	inf	1.0	False	
AqTMK_65_final.txt	AqTMK_93_final.txt	AqTMK_65	AqTMK_93	38	32	False	inf	1.0	False	
AqTMK_65_final.txt	AqTMK_98_final.txt	AqTMK_65	AqTMK_98	38	32	False	inf	1.0	False	
AqTMK_65_final.txt	AqTMK_99_final.txt	AqTMK_65	AqTMK_99	38	32	False	inf	1.0	False	
AqTMK_65_final.txt	AqTMK_101_final.txt	AqTMK_65	AqTMK_101	38	32	False	inf	1.0	False	
AqTMK_65_final.txt	AqTMK_103_final.txt	AqTMK_65	AqTMK_103	38	32	False	inf	1.0	False	
AqTMK_65_final.txt	AqTMK_104_final.txt	AqTMK_65	AqTMK_104	38	32	False	inf	1.0	False	
AqTMK_65_final.txt	AqTMK_106_final.txt	AqTMK_65	AqTMK_106	38	32	False	inf	1.0	False	
AqTMK_65_final.txt	AqTMK_114_final.txt	AqTMK_65	AqTMK_114	38	32	False	inf	1.0	False	
AqTMK_65_final.txt	AqTMK_117_final.txt	AqTMK_65	AqTMK_117	38	32	False	inf	1.0	False	
AqTMK_65_final.txt	AqTMK_118_final.txt	AqTMK_65	AqTMK_118	38	32	False	inf	1.0	False	
AqTMK_65_final.txt	AqTMK_155_final.txt	AqTMK_65	AqTMK_155	38	32	False	inf	1.0	False	
AqTMK_65_final.txt	AqTMK_131_final.txt	AqTMK_65	AqTMK_131	38	32	False	inf	1.0	False	
AqTMK_65_final.txt	AqTMK_149_final.txt	AqTMK_65	AqTMK_149	38	32	False	inf	1.0	False	
AqTMK_65_final.txt	AqTMK_159_final.txt	AqTMK_65	AqTMK_159	38	32	False	inf	1.0	False	
AqTMK_65_final.txt	AqTMK_165_final.txt	AqTMK_65	AqTMK_165	38	32	False	inf	1.0	False	
AqTMK_65_final.txt	AqTMK_173_final.txt	AqTMK_65	AqTMK_173	38	32	False	inf	1.0	False	
AqTMK_65_final.txt	AqTMK_179_final.txt	AqTMK_65	AqTMK_179	38	32	False	inf	1.0	False	
AqTMK_65_final.txt	AqTMK_181_final.txt	AqTMK_65	AqTMK_181	38	32	False	inf	1.0	False	
AqTMK_65_final.txt	AqTMK_187_final.txt	AqTMK_65	AqTMK_187	38	32	False	inf	1.0	False	
AqTMK_65_final.txt	AqTMK_191_final.txt	AqTMK_65	AqTMK_191	38	32	False	inf	1.0	False	
AqTMK_65_final.txt	AqTMK_188_final.txt	AqTMK_65	AqTMK_188	38	32	False	inf	1.0	False	
AqTMK_65_final.txt	AqTMK_198_final.txt	AqTMK_65	AqTMK_198	38	32	False	inf	1.0	False	
AqTMK_65_final.txt	AqTMK_218_final.txt	AqTMK_65	AqTMK_218	38	32	False	inf	1.0	False	
AqTMK_65_final.txt	AqTMK_219_final.txt	AqTMK_65	AqTMK_219	38	32	False	inf	1.0	False	
AqTMK_65_final.txt	AqTMK_224_final.txt	AqTMK_65	AqTMK_224	38	32	False	inf	1.0	False	
AqTMK_65_final.txt	AqTMK_234_final.txt	AqTMK_65	AqTMK_234	38	32	False	inf	1.0	False	
AqTMK_65_final.txt	AqTMK_240_final.txt	AqTMK_65	AqTMK_240	38	32	False	inf	1.0	False	
AqTMK_65_final.txt	AqTMK_242_final.txt	AqTMK_65	AqTMK_242	38	32	False	inf	1.0	False	
AqTMK_65_final.txt	AqTMK_236_final.txt	AqTMK_65	AqTMK_236	38	32	False	inf	1.0	False	
AqTMK_65_final.txt	AqTMK_245_final.txt	AqTMK_65	AqTMK_245	38	32	False	inf	1.0	False	
AqTMK_65_final.txt	AqTMK_249_final.txt	AqTMK_65	AqTMK_249	38	32	False	inf	1.0	False	
AqTMK_65_final.txt	AqTMK_263_final.txt	AqTMK_65	AqTMK_263	38	32	False	inf	1.0	False	
AqTMK_65_final.txt	AqTMK_267_final.txt	AqTMK_65	AqTMK_267	38	32	False	inf	1.0	False	
AqTMK_65_final.txt	AqTMK_272_final.txt	AqTMK_65	AqTMK_272	38	32	False	inf	1.0	False	
AqTMK_65_final.txt	AqTMK_279_final.txt	AqTMK_65	AqTMK_279	38	32	False	inf	1.0	False	
AqTMK_65_final.txt	AqTMK_274_final.txt	AqTMK_65	AqTMK_274	38	32	False	inf	1.0	False	
AqTMK_65_final.txt	AqTMK_275_final.txt	AqTMK_65	AqTMK_275	38	32	False	inf	1.0	False	
AqTMK_65_final.txt	AqTMK_286_final.txt	AqTMK_65	AqTMK_286	38	32	False	inf	1.0	False	
AqTMK_65_final.txt	AqTMK_290_final.txt	AqTMK_65	AqTMK_290	38	32	False	inf	1.0	False	
AqTMK_65_final.txt	AqTMK_292_final.txt	AqTMK_65	AqTMK_292	38	32	False	inf	1.0	False	
AqTMK_65_final.txt	AqTMK_299_final.txt	AqTMK_65	AqTMK_299	38	32	False	inf	1.0	False	
AqTMK_65_final.txt	AqTMK_309_final.txt	AqTMK_65	AqTMK_309	38	32	False	inf	1.0	False	
AqTMK_65_final.txt	AqTMK_47_final.txt	AqTMK_65	AqTMK_47	38	31	False	inf	1.0	False	
AqTMK_65_final.txt	AqTMK_48_final.txt	AqTMK_65	AqTMK_48	38	31	False	inf	1.0	False	
AqTMK_65_final.txt	AqTMK_45_final.txt	AqTMK_65	AqTMK_45	38	31	False	inf	1.0	False	
AqTMK_65_final.txt	AqTMK_53_final.txt	AqTMK_65	AqTMK_53	38	31	False	inf	1.0	False	
AqTMK_65_final.txt	AqTMK_57_final.txt	AqTMK_65	AqTMK_57	38	31	False	inf	1.0	False	
AqTMK_65_final.txt	AqTMK_72_final.txt	AqTMK_65	AqTMK_72	38	31	False	inf	1.0	False	
AqTMK_65_final.txt	AqTMK_73_final.txt	AqTMK_65	AqTMK_73	38	31	False	inf	1.0	False	
AqTMK_65_final.txt	AqTMK_76_final.txt	AqTMK_65	AqTMK_76	38	31	False	inf	1.0	False	
AqTMK_65_final.txt	AqTMK_92_final.txt	AqTMK_65	AqTMK_92	38	31	False	inf	1.0	False	
AqTMK_65_final.txt	AqTMK_94_final.txt	AqTMK_65	AqTMK_94	38	31	False	inf	1.0	False	
AqTMK_65_final.txt	AqTMK_108_final.txt	AqTMK_65	AqTMK_108	38	31	False	inf	1.0	False	
AqTMK_65_final.txt	AqTMK_110_final.txt	AqTMK_65	AqTMK_110	38	31	False	inf	1.0	False	
AqTMK_65_final.txt	AqTMK_112_final.txt	AqTMK_65	AqTMK_112	38	31	False	inf	1.0	False	
AqTMK_65_final.txt	AqTMK_119_final.txt	AqTMK_65	AqTMK_119	38	31	False	inf	1.0	False	
AqTMK_65_final.txt	AqTMK_122_final.txt	AqTMK_65	AqTMK_122	38	31	False	inf	1.0	False	
AqTMK_65_final.txt	AqTMK_123_final.txt	AqTMK_65	AqTMK_123	38	31	False	inf	1.0	False	
AqTMK_65_final.txt	AqTMK_132_final.txt	AqTMK_65	AqTMK_132	38	31	False	inf	1.0	False	
AqTMK_65_final.txt	AqTMK_133_final.txt	AqTMK_65	AqTMK_133	38	31	False	inf	1.0	False	
AqTMK_65_final.txt	AqTMK_167_final.txt	AqTMK_65	AqTMK_167	38	31	False	inf	1.0	False	
AqTMK_65_final.txt	AqTMK_172_final.txt	AqTMK_65	AqTMK_172	38	31	False	inf	1.0	False	
AqTMK_65_final.txt	AqTMK_178_final.txt	AqTMK_65	AqTMK_178	38	31	False	inf	1.0	False	
AqTMK_65_final.txt	AqTMK_184_final.txt	AqTMK_65	AqTMK_184	38	31	False	inf	1.0	False	
AqTMK_65_final.txt	AqTMK_195_final.txt	AqTMK_65	AqTMK_195	38	31	False	inf	1.0	False	
AqTMK_65_final.txt	AqTMK_201_final.txt	AqTMK_65	AqTMK_201	38	31	False	inf	1.0	False	
AqTMK_65_final.txt	AqTMK_237_final.txt	AqTMK_65	AqTMK_237	38	31	False	inf	1.0	False	
AqTMK_65_final.txt	AqTMK_211_final.txt	AqTMK_65	AqTMK_211	38	31	False	inf	1.0	False	
AqTMK_65_final.txt	AqTMK_238_final.txt	AqTMK_65	AqTMK_238	38	31	False	inf	1.0	False	
AqTMK_65_final.txt	AqTMK_253_final.txt	AqTMK_65	AqTMK_253	38	31	False	inf	1.0	False	
AqTMK_65_final.txt	AqTMK_276_final.txt	AqTMK_65	AqTMK_276	38	31	False	inf	1.0	False	
AqTMK_65_final.txt	AqTMK_277_final.txt	AqTMK_65	AqTMK_277	38	31	False	inf	1.0	False	
AqTMK_65_final.txt	AqTMK_288_final.txt	AqTMK_65	AqTMK_288	38	31	False	inf	1.0	False	
AqTMK_65_final.txt	AqTMK_300_final.txt	AqTMK_65	AqTMK_300	38	31	False	inf	1.0	False	
AqTMK_65_final.txt	AqTMK_49_final.txt	AqTMK_65	AqTMK_49	38	30	False	inf	1.0	False	
AqTMK_65_final.txt	AqTMK_33_final.txt	AqTMK_65	AqTMK_33	38	30	False	inf	1.0	False	
AqTMK_65_final.txt	AqTMK_43_final.txt	AqTMK_65	AqTMK_43	38	30	False	inf	1.0	False	
AqTMK_65_final.txt	AqTMK_50_final.txt	AqTMK_65	AqTMK_50	38	30	False	inf	1.0	False	
AqTMK_65_final.txt	AqTMK_66_final.txt	AqTMK_65	AqTMK_66	38	30	False	inf	1.0	False	
AqTMK_65_final.txt	AqTMK_102_final.txt	AqTMK_65	AqTMK_102	38	30	False	inf	1.0	False	
AqTMK_65_final.txt	AqTMK_124_final.txt	AqTMK_65	AqTMK_124	38	30	False	inf	1.0	False	
AqTMK_65_final.txt	AqTMK_153_final.txt	AqTMK_65	AqTMK_153	38	30	False	inf	1.0	False	
AqTMK_65_final.txt	AqTMK_264_final.txt	AqTMK_65	AqTMK_264	38	30	False	inf	1.0	False	
AqTMK_65_final.txt	AqTMK_193_final.txt	AqTMK_65	AqTMK_193	38	30	False	inf	1.0	False	
AqTMK_65_final.txt	AqTMK_121_final.txt	AqTMK_65	AqTMK_121	38	29	False	inf	1.0	False	
AqTMK_8_final.txt	AqTMK_10_final.txt	AqTMK_8	AqTMK_10	37	37	True	2	1.0	False	
AqTMK_8_final.txt	AqTMK_16_final.txt	AqTMK_8	AqTMK_16	37	37	True	4	1.0	False	
AqTMK_8_final.txt	AqTMK_26_final.txt	AqTMK_8	AqTMK_26	37	37	True	2	1.0	False	
AqTMK_8_final.txt	AqTMK_21_final.txt	AqTMK_8	AqTMK_21	37	37	True	0	1.0	True	class_5
AqTMK_8_final.txt	AqTMK_39_final.txt	AqTMK_8	AqTMK_39	37	37	True	4	1.0	False	
AqTMK_8_final.txt	AqTMK_41_final.txt	AqTMK_8	AqTMK_41	37	37	True	2	1.0	False	
AqTMK_8_final.txt	AqTMK_44_final.txt	AqTMK_8	AqTMK_44	37	37	True	2	1.0	False	
AqTMK_8_final.txt	AqTMK_46_final.txt	AqTMK_8	AqTMK_46	37	37	True	2	1.0	False	
AqTMK_8_final.txt	AqTMK_58_final.txt	AqTMK_8	AqTMK_58	37	37	True	8	1.0	False	
AqTMK_8_final.txt	AqTMK_60_final.txt	AqTMK_8	AqTMK_60	37	37	True	8	1.0	False	
AqTMK_8_final.txt	AqTMK_88_final.txt	AqTMK_8	AqTMK_88	37	37	True	4	1.0	False	
AqTMK_8_final.txt	AqTMK_97_final.txt	AqTMK_8	AqTMK_97	37	37	True	2	1.0	False	
AqTMK_8_final.txt	AqTMK_134_final.txt	AqTMK_8	AqTMK_134	37	37	True	4	1.0	False	
AqTMK_8_final.txt	AqTMK_140_final.txt	AqTMK_8	AqTMK_140	37	37	True	4	1.0	False	
AqTMK_8_final.txt	AqTMK_2_final.txt	AqTMK_8	AqTMK_2	37	36	False	inf	1.0	False	
AqTMK_8_final.txt	AqTMK_228_final.txt	AqTMK_8	AqTMK_228	37	37	True	12	1.0	False	
AqTMK_8_final.txt	AqTMK_6_final.txt	AqTMK_8	AqTMK_6	37	36	False	inf	1.0	False	
AqTMK_8_final.txt	AqTMK_9_final.txt	AqTMK_8	AqTMK_9	37	36	False	inf	1.0	False	
AqTMK_8_final.txt	AqTMK_13_final.txt	AqTMK_8	AqTMK_13	37	36	False	inf	1.0	False	
AqTMK_8_final.txt	AqTMK_15_final.txt	AqTMK_8	AqTMK_15	37	36	False	inf	1.0	False	
AqTMK_8_final.txt	AqTMK_17_final.txt	AqTMK_8	AqTMK_17	37	36	False	inf	1.0	False	
AqTMK_8_final.txt	AqTMK_22_final.txt	AqTMK_8	AqTMK_22	37	36	False	inf	1.0	False	
AqTMK_8_final.txt	AqTMK_28_final.txt	AqTMK_8	AqTMK_28	37	36	False	inf	1.0	False	
AqTMK_8_final.txt	AqTMK_37_final.txt	AqTMK_8	AqTMK_37	37	36	False	inf	1.0	False	
AqTMK_8_final.txt	AqTMK_5_final.txt	AqTMK_8	AqTMK_5	37	35	False	inf	1.0	False	
AqTMK_8_final.txt	AqTMK_77_final.txt	AqTMK_8	AqTMK_77	37	36	False	inf	1.0	False	
AqTMK_8_final.txt	AqTMK_38_final.txt	AqTMK_8	AqTMK_38	37	36	False	inf	1.0	False	
AqTMK_8_final.txt	AqTMK_14_final.txt	AqTMK_8	AqTMK_14	37	35	False	inf	1.0	False	
AqTMK_8_final.txt	AqTMK_23_final.txt	AqTMK_8	AqTMK_23	37	35	False	inf	1.0	False	
AqTMK_8_final.txt	AqTMK_214_final.txt	AqTMK_8	AqTMK_214	37	35	False	inf	1.0	False	
AqTMK_8_final.txt	AqTMK_128_final.txt	AqTMK_8	AqTMK_128	37	34	False	inf	1.0	False	
AqTMK_8_final.txt	AqTMK_175_final.txt	AqTMK_8	AqTMK_175	37	34	False	inf	1.0	False	
AqTMK_8_final.txt	AqTMK_185_final.txt	AqTMK_8	AqTMK_185	37	34	False	inf	1.0	False	
AqTMK_8_final.txt	AqTMK_207_final.txt	AqTMK_8	AqTMK_207	37	34	False	inf	1.0	False	
AqTMK_8_final.txt	AqTMK_196_final.txt	AqTMK_8	AqTMK_196	37	34	False	inf	1.0	False	
AqTMK_8_final.txt	AqTMK_217_final.txt	AqTMK_8	AqTMK_217	37	34	False	inf	1.0	False	
AqTMK_8_final.txt	AqTMK_220_final.txt	AqTMK_8	AqTMK_220	37	34	False	inf	1.0	False	
AqTMK_8_final.txt	AqTMK_244_final.txt	AqTMK_8	AqTMK_244	37	34	False	inf	1.0	False	
AqTMK_8_final.txt	AqTMK_246_final.txt	AqTMK_8	AqTMK_246	37	34	False	inf	1.0	False	
AqTMK_8_final.txt	AqTMK_261_final.txt	AqTMK_8	AqTMK_261	37	34	False	inf	1.0	False	
AqTMK_8_final.txt	AqTMK_87_final.txt	AqTMK_8	AqTMK_87	37	33	False	inf	1.0	False	
AqTMK_8_final.txt	AqTMK_69_final.txt	AqTMK_8	AqTMK_69	37	33	False	inf	1.0	False	
AqTMK_8_final.txt	AqTMK_281_final.txt	AqTMK_8	AqTMK_281	37	34	False	inf	1.0	False	
AqTMK_8_final.txt	AqTMK_95_final.txt	AqTMK_8	AqTMK_95	37	33	False	inf	1.0	False	
AqTMK_8_final.txt	AqTMK_109_final.txt	AqTMK_8	AqTMK_109	37	33	False	inf	1.0	False	
AqTMK_8_final.txt	AqTMK_111_final.txt	AqTMK_8	AqTMK_111	37	33	False	inf	1.0	False	
AqTMK_8_final.txt	AqTMK_116_final.txt	AqTMK_8	AqTMK_116	37	33	False	inf	1.0	False	
AqTMK_8_final.txt	AqTMK_120_final.txt	AqTMK_8	AqTMK_120	37	33	False	inf	1.0	False	
AqTMK_8_final.txt	AqTMK_139_final.txt	AqTMK_8	AqTMK_139	37	33	False	inf	1.0	False	
AqTMK_8_final.txt	AqTMK_156_final.txt	AqTMK_8	AqTMK_156	37	33	False	inf	1.0	False	
AqTMK_8_final.txt	AqTMK_163_final.txt	AqTMK_8	AqTMK_163	37	33	False	inf	1.0	False	
AqTMK_8_final.txt	AqTMK_171_final.txt	AqTMK_8	AqTMK_171	37	33	False	inf	1.0	False	
AqTMK_8_final.txt	AqTMK_186_final.txt	AqTMK_8	AqTMK_186	37	33	False	inf	1.0	False	
AqTMK_8_final.txt	AqTMK_197_final.txt	AqTMK_8	AqTMK_197	37	33	False	inf	1.0	False	
AqTMK_8_final.txt	AqTMK_200_final.txt	AqTMK_8	AqTMK_200	37	33	False	inf	1.0	False	
AqTMK_8_final.txt	AqTMK_208_final.txt	AqTMK_8	AqTMK_208	37	33	False	inf	1.0	False	
AqTMK_8_final.txt	AqTMK_230_final.txt	AqTMK_8	AqTMK_230	37	33	False	inf	1.0	False	
AqTMK_8_final.txt	AqTMK_223_final.txt	AqTMK_8	AqTMK_223	37	33	False	inf	1.0	False	
AqTMK_8_final.txt	AqTMK_229_final.txt	AqTMK_8	AqTMK_229	37	33	False	inf	1.0	False	
AqTMK_8_final.txt	AqTMK_231_final.txt	AqTMK_8	AqTMK_231	37	33	False	inf	1.0	False	
AqTMK_8_final.txt	AqTMK_233_final.txt	AqTMK_8	AqTMK_233	37	33	False	inf	1.0	False	
AqTMK_8_final.txt	AqTMK_257_final.txt	AqTMK_8	AqTMK_257	37	33	False	inf	1.0	False	
AqTMK_8_final.txt	AqTMK_259_final.txt	AqTMK_8	AqTMK_259	37	33	False	inf	1.0	False	
AqTMK_8_final.txt	AqTMK_262_final.txt	AqTMK_8	AqTMK_262	37	33	False	inf	1.0	False	
AqTMK_8_final.txt	AqTMK_270_final.txt	AqTMK_8	AqTMK_270	37	33	False	inf	1.0	False	
AqTMK_8_final.txt	AqTMK_273_final.txt	AqTMK_8	AqTMK_273	37	33	False	inf	1.0	False	
AqTMK_8_final.txt	AqTMK_284_final.txt	AqTMK_8	AqTMK_284	37	33	False	inf	1.0	False	
AqTMK_8_final.txt	AqTMK_285_final.txt	AqTMK_8	AqTMK_285	37	33	False	inf	1.0	False	
AqTMK_8_final.txt	AqTMK_287_final.txt	AqTMK_8	AqTMK_287	37	33	False	inf	1.0	False	
AqTMK_8_final.txt	AqTMK_295_final.txt	AqTMK_8	AqTMK_295	37	33	False	inf	1.0	False	
AqTMK_8_final.txt	AqTMK_311_final.txt	AqTMK_8	AqTMK_311	37	33	False	inf	1.0	False	
AqTMK_8_final.txt	AqTMK_54_final.txt	AqTMK_8	AqTMK_54	37	32	False	inf	1.0	False	
AqTMK_8_final.txt	AqTMK_62_final.txt	AqTMK_8	AqTMK_62	37	32	False	inf	1.0	False	
AqTMK_8_final.txt	AqTMK_59_final.txt	AqTMK_8	AqTMK_59	37	32	False	inf	1.0	False	
AqTMK_8_final.txt	AqTMK_56_final.txt	AqTMK_8	AqTMK_56	37	32	False	inf	1.0	False	
AqTMK_8_final.txt	AqTMK_63_final.txt	AqTMK_8	AqTMK_63	37	32	False	inf	1.0	False	
AqTMK_8_final.txt	AqTMK_68_final.txt	AqTMK_8	AqTMK_68	37	32	False	inf	1.0	False	
AqTMK_8_final.txt	AqTMK_70_final.txt	AqTMK_8	AqTMK_70	37	32	False	inf	1.0	False	
AqTMK_8_final.txt	AqTMK_79_final.txt	AqTMK_8	AqTMK_79	37	32	False	inf	1.0	False	
AqTMK_8_final.txt	AqTMK_81_final.txt	AqTMK_8	AqTMK_81	37	32	False	inf	1.0	False	
AqTMK_8_final.txt	AqTMK_82_final.txt	AqTMK_8	AqTMK_82	37	32	False	inf	1.0	False	
AqTMK_8_final.txt	AqTMK_85_final.txt	AqTMK_8	AqTMK_85	37	32	False	inf	1.0	False	
AqTMK_8_final.txt	AqTMK_84_final.txt	AqTMK_8	AqTMK_84	37	32	False	inf	1.0	False	
AqTMK_8_final.txt	AqTMK_89_final.txt	AqTMK_8	AqTMK_89	37	32	False	inf	1.0	False	
AqTMK_8_final.txt	AqTMK_91_final.txt	AqTMK_8	AqTMK_91	37	32	False	inf	1.0	False	
AqTMK_8_final.txt	AqTMK_93_final.txt	AqTMK_8	AqTMK_93	37	32	False	inf	1.0	False	
AqTMK_8_final.txt	AqTMK_98_final.txt	AqTMK_8	AqTMK_98	37	32	False	inf	1.0	False	
AqTMK_8_final.txt	AqTMK_99_final.txt	AqTMK_8	AqTMK_99	37	32	False	inf	1.0	False	
AqTMK_8_final.txt	AqTMK_104_final.txt	AqTMK_8	AqTMK_104	37	32	False	inf	1.0	False	
AqTMK_8_final.txt	AqTMK_101_final.txt	AqTMK_8	AqTMK_101	37	32	False	inf	1.0	False	
AqTMK_8_final.txt	AqTMK_103_final.txt	AqTMK_8	AqTMK_103	37	32	False	inf	1.0	False	
AqTMK_8_final.txt	AqTMK_106_final.txt	AqTMK_8	AqTMK_106	37	32	False	inf	1.0	False	
AqTMK_8_final.txt	AqTMK_114_final.txt	AqTMK_8	AqTMK_114	37	32	False	inf	1.0	False	
AqTMK_8_final.txt	AqTMK_117_final.txt	AqTMK_8	AqTMK_117	37	32	False	inf	1.0	False	
AqTMK_8_final.txt	AqTMK_118_final.txt	AqTMK_8	AqTMK_118	37	32	False	inf	1.0	False	
AqTMK_8_final.txt	AqTMK_131_final.txt	AqTMK_8	AqTMK_131	37	32	False	inf	1.0	False	
AqTMK_8_final.txt	AqTMK_149_final.txt	AqTMK_8	AqTMK_149	37	32	False	inf	1.0	False	
AqTMK_8_final.txt	AqTMK_155_final.txt	AqTMK_8	AqTMK_155	37	32	False	inf	1.0	False	
AqTMK_8_final.txt	AqTMK_159_final.txt	AqTMK_8	AqTMK_159	37	32	False	inf	1.0	False	
AqTMK_8_final.txt	AqTMK_165_final.txt	AqTMK_8	AqTMK_165	37	32	False	inf	1.0	False	
AqTMK_8_final.txt	AqTMK_173_final.txt	AqTMK_8	AqTMK_173	37	32	False	inf	1.0	False	
AqTMK_8_final.txt	AqTMK_179_final.txt	AqTMK_8	AqTMK_179	37	32	False	inf	1.0	False	
AqTMK_8_final.txt	AqTMK_181_final.txt	AqTMK_8	AqTMK_181	37	32	False	inf	1.0	False	
AqTMK_8_final.txt	AqTMK_187_final.txt	AqTMK_8	AqTMK_187	37	32	False	inf	1.0	False	
AqTMK_8_final.txt	AqTMK_198_final.txt	AqTMK_8	AqTMK_198	37	32	False	inf	1.0	False	
AqTMK_8_final.txt	AqTMK_188_final.txt	AqTMK_8	AqTMK_188	37	32	False	inf	1.0	False	
AqTMK_8_final.txt	AqTMK_191_final.txt	AqTMK_8	AqTMK_191	37	32	False	inf	1.0	False	
AqTMK_8_final.txt	AqTMK_218_final.txt	AqTMK_8	AqTMK_218	37	32	False	inf	1.0	False	
AqTMK_8_final.txt	AqTMK_219_final.txt	AqTMK_8	AqTMK_219	37	32	False	inf	1.0	False	
AqTMK_8_final.txt	AqTMK_224_final.txt	AqTMK_8	AqTMK_224	37	32	False	inf	1.0	False	
AqTMK_8_final.txt	AqTMK_234_final.txt	AqTMK_8	AqTMK_234	37	32	False	inf	1.0	False	
AqTMK_8_final.txt	AqTMK_236_final.txt	AqTMK_8	AqTMK_236	37	32	False	inf	1.0	False	
AqTMK_8_final.txt	AqTMK_240_final.txt	AqTMK_8	AqTMK_240	37	32	False	inf	1.0	False	
AqTMK_8_final.txt	AqTMK_245_final.txt	AqTMK_8	AqTMK_245	37	32	False	inf	1.0	False	
AqTMK_8_final.txt	AqTMK_242_final.txt	AqTMK_8	AqTMK_242	37	32	False	inf	1.0	False	
AqTMK_8_final.txt	AqTMK_249_final.txt	AqTMK_8	AqTMK_249	37	32	False	inf	1.0	False	
AqTMK_8_final.txt	AqTMK_263_final.txt	AqTMK_8	AqTMK_263	37	32	False	inf	1.0	False	
AqTMK_8_final.txt	AqTMK_267_final.txt	AqTMK_8	AqTMK_267	37	32	False	inf	1.0	False	
AqTMK_8_final.txt	AqTMK_272_final.txt	AqTMK_8	AqTMK_272	37	32	False	inf	1.0	False	
AqTMK_8_final.txt	AqTMK_274_final.txt	AqTMK_8	AqTMK_274	37	32	False	inf	1.0	False	
AqTMK_8_final.txt	AqTMK_275_final.txt	AqTMK_8	AqTMK_275	37	32	False	inf	1.0	False	
AqTMK_8_final.txt	AqTMK_286_final.txt	AqTMK_8	AqTMK_286	37	32	False	inf	1.0	False	
AqTMK_8_final.txt	AqTMK_279_final.txt	AqTMK_8	AqTMK_279	37	32	False	inf	1.0	False	
AqTMK_8_final.txt	AqTMK_290_final.txt	AqTMK_8	AqTMK_290	37	32	False	inf	1.0	False	
AqTMK_8_final.txt	AqTMK_292_final.txt	AqTMK_8	AqTMK_292	37	32	False	inf	1.0	False	
AqTMK_8_final.txt	AqTMK_299_final.txt	AqTMK_8	AqTMK_299	37	32	False	inf	1.0	False	
AqTMK_8_final.txt	AqTMK_309_final.txt	AqTMK_8	AqTMK_309	37	32	False	inf	1.0	False	
AqTMK_8_final.txt	AqTMK_45_final.txt	AqTMK_8	AqTMK_45	37	31	False	inf	1.0	False	
AqTMK_8_final.txt	AqTMK_53_final.txt	AqTMK_8	AqTMK_53	37	31	False	inf	1.0	False	
AqTMK_8_final.txt	AqTMK_47_final.txt	AqTMK_8	AqTMK_47	37	31	False	inf	1.0	False	
AqTMK_8_final.txt	AqTMK_48_final.txt	AqTMK_8	AqTMK_48	37	31	False	inf	1.0	False	
AqTMK_8_final.txt	AqTMK_57_final.txt	AqTMK_8	AqTMK_57	37	31	False	inf	1.0	False	
AqTMK_8_final.txt	AqTMK_72_final.txt	AqTMK_8	AqTMK_72	37	31	False	inf	1.0	False	
AqTMK_8_final.txt	AqTMK_73_final.txt	AqTMK_8	AqTMK_73	37	31	False	inf	1.0	False	
AqTMK_8_final.txt	AqTMK_76_final.txt	AqTMK_8	AqTMK_76	37	31	False	inf	1.0	False	
AqTMK_8_final.txt	AqTMK_92_final.txt	AqTMK_8	AqTMK_92	37	31	False	inf	1.0	False	
AqTMK_8_final.txt	AqTMK_94_final.txt	AqTMK_8	AqTMK_94	37	31	False	inf	1.0	False	
AqTMK_8_final.txt	AqTMK_108_final.txt	AqTMK_8	AqTMK_108	37	31	False	inf	1.0	False	
AqTMK_8_final.txt	AqTMK_110_final.txt	AqTMK_8	AqTMK_110	37	31	False	inf	1.0	False	
AqTMK_8_final.txt	AqTMK_112_final.txt	AqTMK_8	AqTMK_112	37	31	False	inf	1.0	False	
AqTMK_8_final.txt	AqTMK_119_final.txt	AqTMK_8	AqTMK_119	37	31	False	inf	1.0	False	
AqTMK_8_final.txt	AqTMK_122_final.txt	AqTMK_8	AqTMK_122	37	31	False	inf	1.0	False	
AqTMK_8_final.txt	AqTMK_123_final.txt	AqTMK_8	AqTMK_123	37	31	False	inf	1.0	False	
AqTMK_8_final.txt	AqTMK_132_final.txt	AqTMK_8	AqTMK_132	37	31	False	inf	1.0	False	
AqTMK_8_final.txt	AqTMK_172_final.txt	AqTMK_8	AqTMK_172	37	31	False	inf	1.0	False	
AqTMK_8_final.txt	AqTMK_133_final.txt	AqTMK_8	AqTMK_133	37	31	False	inf	1.0	False	
AqTMK_8_final.txt	AqTMK_167_final.txt	AqTMK_8	AqTMK_167	37	31	False	inf	1.0	False	
AqTMK_8_final.txt	AqTMK_178_final.txt	AqTMK_8	AqTMK_178	37	31	False	inf	1.0	False	
AqTMK_8_final.txt	AqTMK_184_final.txt	AqTMK_8	AqTMK_184	37	31	False	inf	1.0	False	
AqTMK_8_final.txt	AqTMK_195_final.txt	AqTMK_8	AqTMK_195	37	31	False	inf	1.0	False	
AqTMK_8_final.txt	AqTMK_201_final.txt	AqTMK_8	AqTMK_201	37	31	False	inf	1.0	False	
AqTMK_8_final.txt	AqTMK_211_final.txt	AqTMK_8	AqTMK_211	37	31	False	inf	1.0	False	
AqTMK_8_final.txt	AqTMK_253_final.txt	AqTMK_8	AqTMK_253	37	31	False	inf	1.0	False	
AqTMK_8_final.txt	AqTMK_237_final.txt	AqTMK_8	AqTMK_237	37	31	False	inf	1.0	False	
AqTMK_8_final.txt	AqTMK_238_final.txt	AqTMK_8	AqTMK_238	37	31	False	inf	1.0	False	
AqTMK_8_final.txt	AqTMK_276_final.txt	AqTMK_8	AqTMK_276	37	31	False	inf	1.0	False	
AqTMK_8_final.txt	AqTMK_277_final.txt	AqTMK_8	AqTMK_277	37	31	False	inf	1.0	False	
AqTMK_8_final.txt	AqTMK_288_final.txt	AqTMK_8	AqTMK_288	37	31	False	inf	1.0	False	
AqTMK_8_final.txt	AqTMK_300_final.txt	AqTMK_8	AqTMK_300	37	31	False	inf	1.0	False	
AqTMK_8_final.txt	AqTMK_33_final.txt	AqTMK_8	AqTMK_33	37	30	False	inf	1.0	False	
AqTMK_8_final.txt	AqTMK_43_final.txt	AqTMK_8	AqTMK_43	37	30	False	inf	1.0	False	
AqTMK_8_final.txt	AqTMK_49_final.txt	AqTMK_8	AqTMK_49	37	30	False	inf	1.0	False	
AqTMK_8_final.txt	AqTMK_50_final.txt	AqTMK_8	AqTMK_50	37	30	False	inf	1.0	False	
AqTMK_8_final.txt	AqTMK_66_final.txt	AqTMK_8	AqTMK_66	37	30	False	inf	1.0	False	
AqTMK_8_final.txt	AqTMK_102_final.txt	AqTMK_8	AqTMK_102	37	30	False	inf	1.0	False	
AqTMK_8_final.txt	AqTMK_124_final.txt	AqTMK_8	AqTMK_124	37	30	False	inf	1.0	False	
AqTMK_8_final.txt	AqTMK_153_final.txt	AqTMK_8	AqTMK_153	37	30	False	inf	1.0	False	
AqTMK_8_final.txt	AqTMK_193_final.txt	AqTMK_8	AqTMK_193	37	30	False	inf	1.0	False	
AqTMK_8_final.txt	AqTMK_264_final.txt	AqTMK_8	AqTMK_264	37	30	False	inf	1.0	False	
AqTMK_8_final.txt	AqTMK_121_final.txt	AqTMK_8	AqTMK_121	37	29	False	inf	1.0	False	
AqTMK_10_final.txt	AqTMK_16_final.txt	AqTMK_10	AqTMK_16	37	37	True	4	1.0	False	
AqTMK_10_final.txt	AqTMK_26_final.txt	AqTMK_10	AqTMK_26	37	37	True	4	1.0	False	
AqTMK_10_final.txt	AqTMK_39_final.txt	AqTMK_10	AqTMK_39	37	37	True	6	1.0	False	
AqTMK_10_final.txt	AqTMK_41_final.txt	AqTMK_10	AqTMK_41	37	37	True	2	1.0	False	
AqTMK_10_final.txt	AqTMK_44_final.txt	AqTMK_10	AqTMK_44	37	37	True	2	1.0	False	
AqTMK_10_final.txt	AqTMK_46_final.txt	AqTMK_10	AqTMK_46	37	37	True	4	1.0	False	
AqTMK_10_final.txt	AqTMK_58_final.txt	AqTMK_10	AqTMK_58	37	37	True	8	1.0	False	
AqTMK_10_final.txt	AqTMK_60_final.txt	AqTMK_10	AqTMK_60	37	37	True	8	1.0	False	
AqTMK_10_final.txt	AqTMK_97_final.txt	AqTMK_10	AqTMK_97	37	37	True	4	1.0	False	
AqTMK_10_final.txt	AqTMK_88_final.txt	AqTMK_10	AqTMK_88	37	37	True	4	1.0	False	
AqTMK_10_final.txt	AqTMK_134_final.txt	AqTMK_10	AqTMK_134	37	37	True	6	1.0	False	
AqTMK_10_final.txt	AqTMK_140_final.txt	AqTMK_10	AqTMK_140	37	37	True	4	1.0	False	
AqTMK_10_final.txt	AqTMK_2_final.txt	AqTMK_10	AqTMK_2	37	36	False	inf	1.0	False	
AqTMK_10_final.txt	AqTMK_6_final.txt	AqTMK_10	AqTMK_6	37	36	False	inf	1.0	False	
AqTMK_10_final.txt	AqTMK_9_final.txt	AqTMK_10	AqTMK_9	37	36	False	inf	1.0	False	
AqTMK_10_final.txt	AqTMK_228_final.txt	AqTMK_10	AqTMK_228	37	37	True	14	1.0	False	
AqTMK_10_final.txt	AqTMK_13_final.txt	AqTMK_10	AqTMK_13	37	36	False	inf	1.0	False	
AqTMK_10_final.txt	AqTMK_15_final.txt	AqTMK_10	AqTMK_15	37	36	False	inf	1.0	False	
AqTMK_10_final.txt	AqTMK_17_final.txt	AqTMK_10	AqTMK_17	37	36	False	inf	1.0	False	
AqTMK_10_final.txt	AqTMK_22_final.txt	AqTMK_10	AqTMK_22	37	36	False	inf	1.0	False	
AqTMK_10_final.txt	AqTMK_28_final.txt	AqTMK_10	AqTMK_28	37	36	False	inf	1.0	False	
AqTMK_10_final.txt	AqTMK_37_final.txt	AqTMK_10	AqTMK_37	37	36	False	inf	1.0	False	
AqTMK_10_final.txt	AqTMK_38_final.txt	AqTMK_10	AqTMK_38	37	36	False	inf	1.0	False	
AqTMK_10_final.txt	AqTMK_77_final.txt	AqTMK_10	AqTMK_77	37	36	False	inf	1.0	False	
AqTMK_10_final.txt	AqTMK_5_final.txt	AqTMK_10	AqTMK_5	37	35	False	inf	1.0	False	
AqTMK_10_final.txt	AqTMK_23_final.txt	AqTMK_10	AqTMK_23	37	35	False	inf	1.0	False	
AqTMK_10_final.txt	AqTMK_14_final.txt	AqTMK_10	AqTMK_14	37	35	False	inf	1.0	False	
AqTMK_10_final.txt	AqTMK_214_final.txt	AqTMK_10	AqTMK_214	37	35	False	inf	1.0	False	
AqTMK_10_final.txt	AqTMK_128_final.txt	AqTMK_10	AqTMK_128	37	34	False	inf	1.0	False	
AqTMK_10_final.txt	AqTMK_175_final.txt	AqTMK_10	AqTMK_175	37	34	False	inf	1.0	False	
AqTMK_10_final.txt	AqTMK_185_final.txt	AqTMK_10	AqTMK_185	37	34	False	inf	1.0	False	
AqTMK_10_final.txt	AqTMK_196_final.txt	AqTMK_10	AqTMK_196	37	34	False	inf	1.0	False	
AqTMK_10_final.txt	AqTMK_207_final.txt	AqTMK_10	AqTMK_207	37	34	False	inf	1.0	False	
AqTMK_10_final.txt	AqTMK_220_final.txt	AqTMK_10	AqTMK_220	37	34	False	inf	1.0	False	
AqTMK_10_final.txt	AqTMK_217_final.txt	AqTMK_10	AqTMK_217	37	34	False	inf	1.0	False	
AqTMK_10_final.txt	AqTMK_244_final.txt	AqTMK_10	AqTMK_244	37	34	False	inf	1.0	False	
AqTMK_10_final.txt	AqTMK_246_final.txt	AqTMK_10	AqTMK_246	37	34	False	inf	1.0	False	
AqTMK_10_final.txt	AqTMK_261_final.txt	AqTMK_10	AqTMK_261	37	34	False	inf	1.0	False	
AqTMK_10_final.txt	AqTMK_281_final.txt	AqTMK_10	AqTMK_281	37	34	False	inf	1.0	False	
AqTMK_10_final.txt	AqTMK_69_final.txt	AqTMK_10	AqTMK_69	37	33	False	inf	1.0	False	
AqTMK_10_final.txt	AqTMK_87_final.txt	AqTMK_10	AqTMK_87	37	33	False	inf	1.0	False	
AqTMK_10_final.txt	AqTMK_95_final.txt	AqTMK_10	AqTMK_95	37	33	False	inf	1.0	False	
AqTMK_10_final.txt	AqTMK_109_final.txt	AqTMK_10	AqTMK_109	37	33	False	inf	1.0	False	
AqTMK_10_final.txt	AqTMK_111_final.txt	AqTMK_10	AqTMK_111	37	33	False	inf	1.0	False	
AqTMK_10_final.txt	AqTMK_116_final.txt	AqTMK_10	AqTMK_116	37	33	False	inf	1.0	False	
AqTMK_10_final.txt	AqTMK_120_final.txt	AqTMK_10	AqTMK_120	37	33	False	inf	1.0	False	
AqTMK_10_final.txt	AqTMK_139_final.txt	AqTMK_10	AqTMK_139	37	33	False	inf	1.0	False	
AqTMK_10_final.txt	AqTMK_156_final.txt	AqTMK_10	AqTMK_156	37	33	False	inf	1.0	False	
AqTMK_10_final.txt	AqTMK_186_final.txt	AqTMK_10	AqTMK_186	37	33	False	inf	1.0	False	
AqTMK_10_final.txt	AqTMK_171_final.txt	AqTMK_10	AqTMK_171	37	33	False	inf	1.0	False	
AqTMK_10_final.txt	AqTMK_163_final.txt	AqTMK_10	AqTMK_163	37	33	False	inf	1.0	False	
AqTMK_10_final.txt	AqTMK_197_final.txt	AqTMK_10	AqTMK_197	37	33	False	inf	1.0	False	
AqTMK_10_final.txt	AqTMK_200_final.txt	AqTMK_10	AqTMK_200	37	33	False	inf	1.0	False	
AqTMK_10_final.txt	AqTMK_208_final.txt	AqTMK_10	AqTMK_208	37	33	False	inf	1.0	False	
AqTMK_10_final.txt	AqTMK_223_final.txt	AqTMK_10	AqTMK_223	37	33	False	inf	1.0	False	
AqTMK_10_final.txt	AqTMK_229_final.txt	AqTMK_10	AqTMK_229	37	33	False	inf	1.0	False	
AqTMK_10_final.txt	AqTMK_233_final.txt	AqTMK_10	AqTMK_233	37	33	False	inf	1.0	False	
AqTMK_10_final.txt	AqTMK_230_final.txt	AqTMK_10	AqTMK_230	37	33	False	inf	1.0	False	
AqTMK_10_final.txt	AqTMK_231_final.txt	AqTMK_10	AqTMK_231	37	33	False	inf	1.0	False	
AqTMK_10_final.txt	AqTMK_257_final.txt	AqTMK_10	AqTMK_257	37	33	False	inf	1.0	False	
AqTMK_10_final.txt	AqTMK_259_final.txt	AqTMK_10	AqTMK_259	37	33	False	inf	1.0	False	
AqTMK_10_final.txt	AqTMK_262_final.txt	AqTMK_10	AqTMK_262	37	33	False	inf	1.0	False	
AqTMK_10_final.txt	AqTMK_270_final.txt	AqTMK_10	AqTMK_270	37	33	False	inf	1.0	False	
AqTMK_10_final.txt	AqTMK_273_final.txt	AqTMK_10	AqTMK_273	37	33	False	inf	1.0	False	
AqTMK_10_final.txt	AqTMK_284_final.txt	AqTMK_10	AqTMK_284	37	33	False	inf	1.0	False	
AqTMK_10_final.txt	AqTMK_287_final.txt	AqTMK_10	AqTMK_287	37	33	False	inf	1.0	False	
AqTMK_10_final.txt	AqTMK_285_final.txt	AqTMK_10	AqTMK_285	37	33	False	inf	1.0	False	
AqTMK_10_final.txt	AqTMK_295_final.txt	AqTMK_10	AqTMK_295	37	33	False	inf	1.0	False	
AqTMK_10_final.txt	AqTMK_311_final.txt	AqTMK_10	AqTMK_311	37	33	False	inf	1.0	False	
AqTMK_10_final.txt	AqTMK_54_final.txt	AqTMK_10	AqTMK_54	37	32	False	inf	1.0	False	
AqTMK_10_final.txt	AqTMK_56_final.txt	AqTMK_10	AqTMK_56	37	32	False	inf	1.0	False	
AqTMK_10_final.txt	AqTMK_59_final.txt	AqTMK_10	AqTMK_59	37	32	False	inf	1.0	False	
AqTMK_10_final.txt	AqTMK_62_final.txt	AqTMK_10	AqTMK_62	37	32	False	inf	1.0	False	
AqTMK_10_final.txt	AqTMK_63_final.txt	AqTMK_10	AqTMK_63	37	32	False	inf	1.0	False	
AqTMK_10_final.txt	AqTMK_68_final.txt	AqTMK_10	AqTMK_68	37	32	False	inf	1.0	False	
AqTMK_10_final.txt	AqTMK_70_final.txt	AqTMK_10	AqTMK_70	37	32	False	inf	1.0	False	
AqTMK_10_final.txt	AqTMK_79_final.txt	AqTMK_10	AqTMK_79	37	32	False	inf	1.0	False	
AqTMK_10_final.txt	AqTMK_81_final.txt	AqTMK_10	AqTMK_81	37	32	False	inf	1.0	False	
AqTMK_10_final.txt	AqTMK_82_final.txt	AqTMK_10	AqTMK_82	37	32	False	inf	1.0	False	
AqTMK_10_final.txt	AqTMK_84_final.txt	AqTMK_10	AqTMK_84	37	32	False	inf	1.0	False	
AqTMK_10_final.txt	AqTMK_85_final.txt	AqTMK_10	AqTMK_85	37	32	False	inf	1.0	False	
AqTMK_10_final.txt	AqTMK_91_final.txt	AqTMK_10	AqTMK_91	37	32	False	inf	1.0	False	
AqTMK_10_final.txt	AqTMK_89_final.txt	AqTMK_10	AqTMK_89	37	32	False	inf	1.0	False	
AqTMK_10_final.txt	AqTMK_93_final.txt	AqTMK_10	AqTMK_93	37	32	False	inf	1.0	False	
AqTMK_10_final.txt	AqTMK_98_final.txt	AqTMK_10	AqTMK_98	37	32	False	inf	1.0	False	
AqTMK_10_final.txt	AqTMK_99_final.txt	AqTMK_10	AqTMK_99	37	32	False	inf	1.0	False	
AqTMK_10_final.txt	AqTMK_101_final.txt	AqTMK_10	AqTMK_101	37	32	False	inf	1.0	False	
AqTMK_10_final.txt	AqTMK_103_final.txt	AqTMK_10	AqTMK_103	37	32	False	inf	1.0	False	
AqTMK_10_final.txt	AqTMK_114_final.txt	AqTMK_10	AqTMK_114	37	32	False	inf	1.0	False	
AqTMK_10_final.txt	AqTMK_106_final.txt	AqTMK_10	AqTMK_106	37	32	False	inf	1.0	False	
AqTMK_10_final.txt	AqTMK_104_final.txt	AqTMK_10	AqTMK_104	37	32	False	inf	1.0	False	
AqTMK_10_final.txt	AqTMK_117_final.txt	AqTMK_10	AqTMK_117	37	32	False	inf	1.0	False	
AqTMK_10_final.txt	AqTMK_118_final.txt	AqTMK_10	AqTMK_118	37	32	False	inf	1.0	False	
AqTMK_10_final.txt	AqTMK_131_final.txt	AqTMK_10	AqTMK_131	37	32	False	inf	1.0	False	
AqTMK_10_final.txt	AqTMK_149_final.txt	AqTMK_10	AqTMK_149	37	32	False	inf	1.0	False	
AqTMK_10_final.txt	AqTMK_155_final.txt	AqTMK_10	AqTMK_155	37	32	False	inf	1.0	False	
AqTMK_10_final.txt	AqTMK_159_final.txt	AqTMK_10	AqTMK_159	37	32	False	inf	1.0	False	
AqTMK_10_final.txt	AqTMK_173_final.txt	AqTMK_10	AqTMK_173	37	32	False	inf	1.0	False	
AqTMK_10_final.txt	AqTMK_165_final.txt	AqTMK_10	AqTMK_165	37	32	False	inf	1.0	False	
AqTMK_10_final.txt	AqTMK_179_final.txt	AqTMK_10	AqTMK_179	37	32	False	inf	1.0	False	
AqTMK_10_final.txt	AqTMK_181_final.txt	AqTMK_10	AqTMK_181	37	32	False	inf	1.0	False	
AqTMK_10_final.txt	AqTMK_187_final.txt	AqTMK_10	AqTMK_187	37	32	False	inf	1.0	False	
AqTMK_10_final.txt	AqTMK_188_final.txt	AqTMK_10	AqTMK_188	37	32	False	inf	1.0	False	
AqTMK_10_final.txt	AqTMK_191_final.txt	AqTMK_10	AqTMK_191	37	32	False	inf	1.0	False	
AqTMK_10_final.txt	AqTMK_219_final.txt	AqTMK_10	AqTMK_219	37	32	False	inf	1.0	False	
AqTMK_10_final.txt	AqTMK_198_final.txt	AqTMK_10	AqTMK_198	37	32	False	inf	1.0	False	
AqTMK_10_final.txt	AqTMK_218_final.txt	AqTMK_10	AqTMK_218	37	32	False	inf	1.0	False	
AqTMK_10_final.txt	AqTMK_224_final.txt	AqTMK_10	AqTMK_224	37	32	False	inf	1.0	False	
AqTMK_10_final.txt	AqTMK_234_final.txt	AqTMK_10	AqTMK_234	37	32	False	inf	1.0	False	
AqTMK_10_final.txt	AqTMK_236_final.txt	AqTMK_10	AqTMK_236	37	32	False	inf	1.0	False	
AqTMK_10_final.txt	AqTMK_240_final.txt	AqTMK_10	AqTMK_240	37	32	False	inf	1.0	False	
AqTMK_10_final.txt	AqTMK_242_final.txt	AqTMK_10	AqTMK_242	37	32	False	inf	1.0	False	
AqTMK_10_final.txt	AqTMK_245_final.txt	AqTMK_10	AqTMK_245	37	32	False	inf	1.0	False	
AqTMK_10_final.txt	AqTMK_249_final.txt	AqTMK_10	AqTMK_249	37	32	False	inf	1.0	False	
AqTMK_10_final.txt	AqTMK_263_final.txt	AqTMK_10	AqTMK_263	37	32	False	inf	1.0	False	
AqTMK_10_final.txt	AqTMK_267_final.txt	AqTMK_10	AqTMK_267	37	32	False	inf	1.0	False	
AqTMK_10_final.txt	AqTMK_272_final.txt	AqTMK_10	AqTMK_272	37	32	False	inf	1.0	False	
AqTMK_10_final.txt	AqTMK_274_final.txt	AqTMK_10	AqTMK_274	37	32	False	inf	1.0	False	
AqTMK_10_final.txt	AqTMK_275_final.txt	AqTMK_10	AqTMK_275	37	32	False	inf	1.0	False	
AqTMK_10_final.txt	AqTMK_279_final.txt	AqTMK_10	AqTMK_279	37	32	False	inf	1.0	False	
AqTMK_10_final.txt	AqTMK_292_final.txt	AqTMK_10	AqTMK_292	37	32	False	inf	1.0	False	
AqTMK_10_final.txt	AqTMK_286_final.txt	AqTMK_10	AqTMK_286	37	32	False	inf	1.0	False	
AqTMK_10_final.txt	AqTMK_290_final.txt	AqTMK_10	AqTMK_290	37	32	False	inf	1.0	False	
AqTMK_10_final.txt	AqTMK_299_final.txt	AqTMK_10	AqTMK_299	37	32	False	inf	1.0	False	
AqTMK_10_final.txt	AqTMK_309_final.txt	AqTMK_10	AqTMK_309	37	32	False	inf	1.0	False	
AqTMK_10_final.txt	AqTMK_45_final.txt	AqTMK_10	AqTMK_45	37	31	False	inf	1.0	False	
AqTMK_10_final.txt	AqTMK_47_final.txt	AqTMK_10	AqTMK_47	37	31	False	inf	1.0	False	
AqTMK_10_final.txt	AqTMK_48_final.txt	AqTMK_10	AqTMK_48	37	31	False	inf	1.0	False	
AqTMK_10_final.txt	AqTMK_53_final.txt	AqTMK_10	AqTMK_53	37	31	False	inf	1.0	False	
AqTMK_10_final.txt	AqTMK_72_final.txt	AqTMK_10	AqTMK_72	37	31	False	inf	1.0	False	
AqTMK_10_final.txt	AqTMK_57_final.txt	AqTMK_10	AqTMK_57	37	31	False	inf	1.0	False	
AqTMK_10_final.txt	AqTMK_73_final.txt	AqTMK_10	AqTMK_73	37	31	False	inf	1.0	False	
AqTMK_10_final.txt	AqTMK_76_final.txt	AqTMK_10	AqTMK_76	37	31	False	inf	1.0	False	
AqTMK_10_final.txt	AqTMK_92_final.txt	AqTMK_10	AqTMK_92	37	31	False	inf	1.0	False	
AqTMK_10_final.txt	AqTMK_94_final.txt	AqTMK_10	AqTMK_94	37	31	False	inf	1.0	False	
AqTMK_10_final.txt	AqTMK_108_final.txt	AqTMK_10	AqTMK_108	37	31	False	inf	1.0	False	
AqTMK_10_final.txt	AqTMK_110_final.txt	AqTMK_10	AqTMK_110	37	31	False	inf	1.0	False	
AqTMK_10_final.txt	AqTMK_112_final.txt	AqTMK_10	AqTMK_112	37	31	False	inf	1.0	False	
AqTMK_10_final.txt	AqTMK_119_final.txt	AqTMK_10	AqTMK_119	37	31	False	inf	1.0	False	
AqTMK_10_final.txt	AqTMK_122_final.txt	AqTMK_10	AqTMK_122	37	31	False	inf	1.0	False	
AqTMK_10_final.txt	AqTMK_123_final.txt	AqTMK_10	AqTMK_123	37	31	False	inf	1.0	False	
AqTMK_10_final.txt	AqTMK_132_final.txt	AqTMK_10	AqTMK_132	37	31	False	inf	1.0	False	
AqTMK_10_final.txt	AqTMK_133_final.txt	AqTMK_10	AqTMK_133	37	31	False	inf	1.0	False	
AqTMK_10_final.txt	AqTMK_167_final.txt	AqTMK_10	AqTMK_167	37	31	False	inf	1.0	False	
AqTMK_10_final.txt	AqTMK_172_final.txt	AqTMK_10	AqTMK_172	37	31	False	inf	1.0	False	
AqTMK_10_final.txt	AqTMK_178_final.txt	AqTMK_10	AqTMK_178	37	31	False	inf	1.0	False	
AqTMK_10_final.txt	AqTMK_184_final.txt	AqTMK_10	AqTMK_184	37	31	False	inf	1.0	False	
AqTMK_10_final.txt	AqTMK_195_final.txt	AqTMK_10	AqTMK_195	37	31	False	inf	1.0	False	
AqTMK_10_final.txt	AqTMK_201_final.txt	AqTMK_10	AqTMK_201	37	31	False	inf	1.0	False	
AqTMK_10_final.txt	AqTMK_211_final.txt	AqTMK_10	AqTMK_211	37	31	False	inf	1.0	False	
AqTMK_10_final.txt	AqTMK_237_final.txt	AqTMK_10	AqTMK_237	37	31	False	inf	1.0	False	
AqTMK_10_final.txt	AqTMK_238_final.txt	AqTMK_10	AqTMK_238	37	31	False	inf	1.0	False	
AqTMK_10_final.txt	AqTMK_253_final.txt	AqTMK_10	AqTMK_253	37	31	False	inf	1.0	False	
AqTMK_10_final.txt	AqTMK_277_final.txt	AqTMK_10	AqTMK_277	37	31	False	inf	1.0	False	
AqTMK_10_final.txt	AqTMK_276_final.txt	AqTMK_10	AqTMK_276	37	31	False	inf	1.0	False	
AqTMK_10_final.txt	AqTMK_288_final.txt	AqTMK_10	AqTMK_288	37	31	False	inf	1.0	False	
AqTMK_10_final.txt	AqTMK_300_final.txt	AqTMK_10	AqTMK_300	37	31	False	inf	1.0	False	
AqTMK_10_final.txt	AqTMK_33_final.txt	AqTMK_10	AqTMK_33	37	30	False	inf	1.0	False	
AqTMK_10_final.txt	AqTMK_43_final.txt	AqTMK_10	AqTMK_43	37	30	False	inf	1.0	False	
AqTMK_10_final.txt	AqTMK_49_final.txt	AqTMK_10	AqTMK_49	37	30	False	inf	1.0	False	
AqTMK_10_final.txt	AqTMK_50_final.txt	AqTMK_10	AqTMK_50	37	30	False	inf	1.0	False	
AqTMK_10_final.txt	AqTMK_102_final.txt	AqTMK_10	AqTMK_102	37	30	False	inf	1.0	False	
AqTMK_10_final.txt	AqTMK_66_final.txt	AqTMK_10	AqTMK_66	37	30	False	inf	1.0	False	
AqTMK_10_final.txt	AqTMK_124_final.txt	AqTMK_10	AqTMK_124	37	30	False	inf	1.0	False	
AqTMK_10_final.txt	AqTMK_153_final.txt	AqTMK_10	AqTMK_153	37	30	False	inf	1.0	False	
AqTMK_10_final.txt	AqTMK_193_final.txt	AqTMK_10	AqTMK_193	37	30	False	inf	1.0	False	
AqTMK_10_final.txt	AqTMK_264_final.txt	AqTMK_10	AqTMK_264	37	30	False	inf	1.0	False	
AqTMK_10_final.txt	AqTMK_121_final.txt	AqTMK_10	AqTMK_121	37	29	False	inf	1.0	False	
AqTMK_16_final.txt	AqTMK_39_final.txt	AqTMK_16	AqTMK_39	37	37	True	6	1.0	False	
AqTMK_16_final.txt	AqTMK_26_final.txt	AqTMK_16	AqTMK_26	37	37	True	6	1.0	False	
AqTMK_16_final.txt	AqTMK_41_final.txt	AqTMK_16	AqTMK_41	37	37	True	4	1.0	False	
AqTMK_16_final.txt	AqTMK_44_final.txt	AqTMK_16	AqTMK_44	37	37	True	2	1.0	False	
AqTMK_16_final.txt	AqTMK_46_final.txt	AqTMK_16	AqTMK_46	37	37	True	6	1.0	False	
AqTMK_16_final.txt	AqTMK_58_final.txt	AqTMK_16	AqTMK_58	37	37	True	4	1.0	False	
AqTMK_16_final.txt	AqTMK_60_final.txt	AqTMK_16	AqTMK_60	37	37	True	4	1.0	False	
AqTMK_16_final.txt	AqTMK_88_final.txt	AqTMK_16	AqTMK_88	37	37	True	4	1.0	False	
AqTMK_16_final.txt	AqTMK_97_final.txt	AqTMK_16	AqTMK_97	37	37	True	6	1.0	False	
AqTMK_16_final.txt	AqTMK_134_final.txt	AqTMK_16	AqTMK_134	37	37	True	6	1.0	False	
AqTMK_16_final.txt	AqTMK_140_final.txt	AqTMK_16	AqTMK_140	37	37	True	4	1.0	False	
AqTMK_16_final.txt	AqTMK_2_final.txt	AqTMK_16	AqTMK_2	37	36	False	inf	1.0	False	
AqTMK_16_final.txt	AqTMK_6_final.txt	AqTMK_16	AqTMK_6	37	36	False	inf	1.0	False	
AqTMK_16_final.txt	AqTMK_9_final.txt	AqTMK_16	AqTMK_9	37	36	False	inf	1.0	False	
AqTMK_16_final.txt	AqTMK_13_final.txt	AqTMK_16	AqTMK_13	37	36	False	inf	1.0	False	
AqTMK_16_final.txt	AqTMK_228_final.txt	AqTMK_16	AqTMK_228	37	37	True	14	1.0	False	
AqTMK_16_final.txt	AqTMK_15_final.txt	AqTMK_16	AqTMK_15	37	36	False	inf	1.0	False	
AqTMK_16_final.txt	AqTMK_17_final.txt	AqTMK_16	AqTMK_17	37	36	False	inf	1.0	False	
AqTMK_16_final.txt	AqTMK_22_final.txt	AqTMK_16	AqTMK_22	37	36	False	inf	1.0	False	
AqTMK_16_final.txt	AqTMK_28_final.txt	AqTMK_16	AqTMK_28	37	36	False	inf	1.0	False	
AqTMK_16_final.txt	AqTMK_37_final.txt	AqTMK_16	AqTMK_37	37	36	False	inf	1.0	False	
AqTMK_16_final.txt	AqTMK_38_final.txt	AqTMK_16	AqTMK_38	37	36	False	inf	1.0	False	
AqTMK_16_final.txt	AqTMK_77_final.txt	AqTMK_16	AqTMK_77	37	36	False	inf	1.0	False	
AqTMK_16_final.txt	AqTMK_5_final.txt	AqTMK_16	AqTMK_5	37	35	False	inf	1.0	False	
AqTMK_16_final.txt	AqTMK_23_final.txt	AqTMK_16	AqTMK_23	37	35	False	inf	1.0	False	
AqTMK_16_final.txt	AqTMK_14_final.txt	AqTMK_16	AqTMK_14	37	35	False	inf	1.0	False	
AqTMK_16_final.txt	AqTMK_214_final.txt	AqTMK_16	AqTMK_214	37	35	False	inf	1.0	False	
AqTMK_16_final.txt	AqTMK_128_final.txt	AqTMK_16	AqTMK_128	37	34	False	inf	1.0	False	
AqTMK_16_final.txt	AqTMK_175_final.txt	AqTMK_16	AqTMK_175	37	34	False	inf	1.0	False	
AqTMK_16_final.txt	AqTMK_185_final.txt	AqTMK_16	AqTMK_185	37	34	False	inf	1.0	False	
AqTMK_16_final.txt	AqTMK_196_final.txt	AqTMK_16	AqTMK_196	37	34	False	inf	1.0	False	
AqTMK_16_final.txt	AqTMK_207_final.txt	AqTMK_16	AqTMK_207	37	34	False	inf	1.0	False	
AqTMK_16_final.txt	AqTMK_217_final.txt	AqTMK_16	AqTMK_217	37	34	False	inf	1.0	False	
AqTMK_16_final.txt	AqTMK_220_final.txt	AqTMK_16	AqTMK_220	37	34	False	inf	1.0	False	
AqTMK_16_final.txt	AqTMK_244_final.txt	AqTMK_16	AqTMK_244	37	34	False	inf	1.0	False	
AqTMK_16_final.txt	AqTMK_246_final.txt	AqTMK_16	AqTMK_246	37	34	False	inf	1.0	False	
AqTMK_16_final.txt	AqTMK_261_final.txt	AqTMK_16	AqTMK_261	37	34	False	inf	1.0	False	
AqTMK_16_final.txt	AqTMK_281_final.txt	AqTMK_16	AqTMK_281	37	34	False	inf	1.0	False	
AqTMK_16_final.txt	AqTMK_69_final.txt	AqTMK_16	AqTMK_69	37	33	False	inf	1.0	False	
AqTMK_16_final.txt	AqTMK_87_final.txt	AqTMK_16	AqTMK_87	37	33	False	inf	1.0	False	
AqTMK_16_final.txt	AqTMK_95_final.txt	AqTMK_16	AqTMK_95	37	33	False	inf	1.0	False	
AqTMK_16_final.txt	AqTMK_111_final.txt	AqTMK_16	AqTMK_111	37	33	False	inf	1.0	False	
AqTMK_16_final.txt	AqTMK_109_final.txt	AqTMK_16	AqTMK_109	37	33	False	inf	1.0	False	
AqTMK_16_final.txt	AqTMK_116_final.txt	AqTMK_16	AqTMK_116	37	33	False	inf	1.0	False	
AqTMK_16_final.txt	AqTMK_120_final.txt	AqTMK_16	AqTMK_120	37	33	False	inf	1.0	False	
AqTMK_16_final.txt	AqTMK_139_final.txt	AqTMK_16	AqTMK_139	37	33	False	inf	1.0	False	
AqTMK_16_final.txt	AqTMK_156_final.txt	AqTMK_16	AqTMK_156	37	33	False	inf	1.0	False	
AqTMK_16_final.txt	AqTMK_163_final.txt	AqTMK_16	AqTMK_163	37	33	False	inf	1.0	False	
AqTMK_16_final.txt	AqTMK_186_final.txt	AqTMK_16	AqTMK_186	37	33	False	inf	1.0	False	
AqTMK_16_final.txt	AqTMK_171_final.txt	AqTMK_16	AqTMK_171	37	33	False	inf	1.0	False	
AqTMK_16_final.txt	AqTMK_197_final.txt	AqTMK_16	AqTMK_197	37	33	False	inf	1.0	False	
AqTMK_16_final.txt	AqTMK_200_final.txt	AqTMK_16	AqTMK_200	37	33	False	inf	1.0	False	
AqTMK_16_final.txt	AqTMK_208_final.txt	AqTMK_16	AqTMK_208	37	33	False	inf	1.0	False	
AqTMK_16_final.txt	AqTMK_223_final.txt	AqTMK_16	AqTMK_223	37	33	False	inf	1.0	False	
AqTMK_16_final.txt	AqTMK_229_final.txt	AqTMK_16	AqTMK_229	37	33	False	inf	1.0	False	
AqTMK_16_final.txt	AqTMK_230_final.txt	AqTMK_16	AqTMK_230	37	33	False	inf	1.0	False	
AqTMK_16_final.txt	AqTMK_257_final.txt	AqTMK_16	AqTMK_257	37	33	False	inf	1.0	False	
AqTMK_16_final.txt	AqTMK_231_final.txt	AqTMK_16	AqTMK_231	37	33	False	inf	1.0	False	
AqTMK_16_final.txt	AqTMK_233_final.txt	AqTMK_16	AqTMK_233	37	33	False	inf	1.0	False	
AqTMK_16_final.txt	AqTMK_259_final.txt	AqTMK_16	AqTMK_259	37	33	False	inf	1.0	False	
AqTMK_16_final.txt	AqTMK_262_final.txt	AqTMK_16	AqTMK_262	37	33	False	inf	1.0	False	
AqTMK_16_final.txt	AqTMK_270_final.txt	AqTMK_16	AqTMK_270	37	33	False	inf	1.0	False	
AqTMK_16_final.txt	AqTMK_273_final.txt	AqTMK_16	AqTMK_273	37	33	False	inf	1.0	False	
AqTMK_16_final.txt	AqTMK_284_final.txt	AqTMK_16	AqTMK_284	37	33	False	inf	1.0	False	
AqTMK_16_final.txt	AqTMK_287_final.txt	AqTMK_16	AqTMK_287	37	33	False	inf	1.0	False	
AqTMK_16_final.txt	AqTMK_295_final.txt	AqTMK_16	AqTMK_295	37	33	False	inf	1.0	False	
AqTMK_16_final.txt	AqTMK_285_final.txt	AqTMK_16	AqTMK_285	37	33	False	inf	1.0	False	
AqTMK_16_final.txt	AqTMK_311_final.txt	AqTMK_16	AqTMK_311	37	33	False	inf	1.0	False	
AqTMK_16_final.txt	AqTMK_54_final.txt	AqTMK_16	AqTMK_54	37	32	False	inf	1.0	False	
AqTMK_16_final.txt	AqTMK_56_final.txt	AqTMK_16	AqTMK_56	37	32	False	inf	1.0	False	
AqTMK_16_final.txt	AqTMK_59_final.txt	AqTMK_16	AqTMK_59	37	32	False	inf	1.0	False	
AqTMK_16_final.txt	AqTMK_62_final.txt	AqTMK_16	AqTMK_62	37	32	False	inf	1.0	False	
AqTMK_16_final.txt	AqTMK_63_final.txt	AqTMK_16	AqTMK_63	37	32	False	inf	1.0	False	
AqTMK_16_final.txt	AqTMK_68_final.txt	AqTMK_16	AqTMK_68	37	32	False	inf	1.0	False	
AqTMK_16_final.txt	AqTMK_70_final.txt	AqTMK_16	AqTMK_70	37	32	False	inf	1.0	False	
AqTMK_16_final.txt	AqTMK_79_final.txt	AqTMK_16	AqTMK_79	37	32	False	inf	1.0	False	
AqTMK_16_final.txt	AqTMK_81_final.txt	AqTMK_16	AqTMK_81	37	32	False	inf	1.0	False	
AqTMK_16_final.txt	AqTMK_82_final.txt	AqTMK_16	AqTMK_82	37	32	False	inf	1.0	False	
AqTMK_16_final.txt	AqTMK_84_final.txt	AqTMK_16	AqTMK_84	37	32	False	inf	1.0	False	
AqTMK_16_final.txt	AqTMK_85_final.txt	AqTMK_16	AqTMK_85	37	32	False	inf	1.0	False	
AqTMK_16_final.txt	AqTMK_89_final.txt	AqTMK_16	AqTMK_89	37	32	False	inf	1.0	False	
AqTMK_16_final.txt	AqTMK_91_final.txt	AqTMK_16	AqTMK_91	37	32	False	inf	1.0	False	
AqTMK_16_final.txt	AqTMK_93_final.txt	AqTMK_16	AqTMK_93	37	32	False	inf	1.0	False	
AqTMK_16_final.txt	AqTMK_98_final.txt	AqTMK_16	AqTMK_98	37	32	False	inf	1.0	False	
AqTMK_16_final.txt	AqTMK_99_final.txt	AqTMK_16	AqTMK_99	37	32	False	inf	1.0	False	
AqTMK_16_final.txt	AqTMK_101_final.txt	AqTMK_16	AqTMK_101	37	32	False	inf	1.0	False	
AqTMK_16_final.txt	AqTMK_103_final.txt	AqTMK_16	AqTMK_103	37	32	False	inf	1.0	False	
AqTMK_16_final.txt	AqTMK_104_final.txt	AqTMK_16	AqTMK_104	37	32	False	inf	1.0	False	
AqTMK_16_final.txt	AqTMK_114_final.txt	AqTMK_16	AqTMK_114	37	32	False	inf	1.0	False	
AqTMK_16_final.txt	AqTMK_106_final.txt	AqTMK_16	AqTMK_106	37	32	False	inf	1.0	False	
AqTMK_16_final.txt	AqTMK_117_final.txt	AqTMK_16	AqTMK_117	37	32	False	inf	1.0	False	
AqTMK_16_final.txt	AqTMK_118_final.txt	AqTMK_16	AqTMK_118	37	32	False	inf	1.0	False	
AqTMK_16_final.txt	AqTMK_131_final.txt	AqTMK_16	AqTMK_131	37	32	False	inf	1.0	False	
AqTMK_16_final.txt	AqTMK_149_final.txt	AqTMK_16	AqTMK_149	37	32	False	inf	1.0	False	
AqTMK_16_final.txt	AqTMK_155_final.txt	AqTMK_16	AqTMK_155	37	32	False	inf	1.0	False	
AqTMK_16_final.txt	AqTMK_159_final.txt	AqTMK_16	AqTMK_159	37	32	False	inf	1.0	False	
AqTMK_16_final.txt	AqTMK_165_final.txt	AqTMK_16	AqTMK_165	37	32	False	inf	1.0	False	
AqTMK_16_final.txt	AqTMK_179_final.txt	AqTMK_16	AqTMK_179	37	32	False	inf	1.0	False	
AqTMK_16_final.txt	AqTMK_173_final.txt	AqTMK_16	AqTMK_173	37	32	False	inf	1.0	False	
AqTMK_16_final.txt	AqTMK_181_final.txt	AqTMK_16	AqTMK_181	37	32	False	inf	1.0	False	
AqTMK_16_final.txt	AqTMK_187_final.txt	AqTMK_16	AqTMK_187	37	32	False	inf	1.0	False	
AqTMK_16_final.txt	AqTMK_188_final.txt	AqTMK_16	AqTMK_188	37	32	False	inf	1.0	False	
AqTMK_16_final.txt	AqTMK_191_final.txt	AqTMK_16	AqTMK_191	37	32	False	inf	1.0	False	
AqTMK_16_final.txt	AqTMK_198_final.txt	AqTMK_16	AqTMK_198	37	32	False	inf	1.0	False	
AqTMK_16_final.txt	AqTMK_219_final.txt	AqTMK_16	AqTMK_219	37	32	False	inf	1.0	False	
AqTMK_16_final.txt	AqTMK_224_final.txt	AqTMK_16	AqTMK_224	37	32	False	inf	1.0	False	
AqTMK_16_final.txt	AqTMK_218_final.txt	AqTMK_16	AqTMK_218	37	32	False	inf	1.0	False	
AqTMK_16_final.txt	AqTMK_234_final.txt	AqTMK_16	AqTMK_234	37	32	False	inf	1.0	False	
AqTMK_16_final.txt	AqTMK_236_final.txt	AqTMK_16	AqTMK_236	37	32	False	inf	1.0	False	
AqTMK_16_final.txt	AqTMK_240_final.txt	AqTMK_16	AqTMK_240	37	32	False	inf	1.0	False	
AqTMK_16_final.txt	AqTMK_242_final.txt	AqTMK_16	AqTMK_242	37	32	False	inf	1.0	False	
AqTMK_16_final.txt	AqTMK_245_final.txt	AqTMK_16	AqTMK_245	37	32	False	inf	1.0	False	
AqTMK_16_final.txt	AqTMK_263_final.txt	AqTMK_16	AqTMK_263	37	32	False	inf	1.0	False	
AqTMK_16_final.txt	AqTMK_267_final.txt	AqTMK_16	AqTMK_267	37	32	False	inf	1.0	False	
AqTMK_16_final.txt	AqTMK_249_final.txt	AqTMK_16	AqTMK_249	37	32	False	inf	1.0	False	
AqTMK_16_final.txt	AqTMK_272_final.txt	AqTMK_16	AqTMK_272	37	32	False	inf	1.0	False	
AqTMK_16_final.txt	AqTMK_274_final.txt	AqTMK_16	AqTMK_274	37	32	False	inf	1.0	False	
AqTMK_16_final.txt	AqTMK_275_final.txt	AqTMK_16	AqTMK_275	37	32	False	inf	1.0	False	
AqTMK_16_final.txt	AqTMK_279_final.txt	AqTMK_16	AqTMK_279	37	32	False	inf	1.0	False	
AqTMK_16_final.txt	AqTMK_286_final.txt	AqTMK_16	AqTMK_286	37	32	False	inf	1.0	False	
AqTMK_16_final.txt	AqTMK_299_final.txt	AqTMK_16	AqTMK_299	37	32	False	inf	1.0	False	
AqTMK_16_final.txt	AqTMK_290_final.txt	AqTMK_16	AqTMK_290	37	32	False	inf	1.0	False	
AqTMK_16_final.txt	AqTMK_292_final.txt	AqTMK_16	AqTMK_292	37	32	False	inf	1.0	False	
AqTMK_16_final.txt	AqTMK_309_final.txt	AqTMK_16	AqTMK_309	37	32	False	inf	1.0	False	
AqTMK_16_final.txt	AqTMK_45_final.txt	AqTMK_16	AqTMK_45	37	31	False	inf	1.0	False	
AqTMK_16_final.txt	AqTMK_47_final.txt	AqTMK_16	AqTMK_47	37	31	False	inf	1.0	False	
AqTMK_16_final.txt	AqTMK_48_final.txt	AqTMK_16	AqTMK_48	37	31	False	inf	1.0	False	
AqTMK_16_final.txt	AqTMK_53_final.txt	AqTMK_16	AqTMK_53	37	31	False	inf	1.0	False	
AqTMK_16_final.txt	AqTMK_57_final.txt	AqTMK_16	AqTMK_57	37	31	False	inf	1.0	False	
AqTMK_16_final.txt	AqTMK_73_final.txt	AqTMK_16	AqTMK_73	37	31	False	inf	1.0	False	
AqTMK_16_final.txt	AqTMK_72_final.txt	AqTMK_16	AqTMK_72	37	31	False	inf	1.0	False	
AqTMK_16_final.txt	AqTMK_76_final.txt	AqTMK_16	AqTMK_76	37	31	False	inf	1.0	False	
AqTMK_16_final.txt	AqTMK_92_final.txt	AqTMK_16	AqTMK_92	37	31	False	inf	1.0	False	
AqTMK_16_final.txt	AqTMK_94_final.txt	AqTMK_16	AqTMK_94	37	31	False	inf	1.0	False	
AqTMK_16_final.txt	AqTMK_108_final.txt	AqTMK_16	AqTMK_108	37	31	False	inf	1.0	False	
AqTMK_16_final.txt	AqTMK_110_final.txt	AqTMK_16	AqTMK_110	37	31	False	inf	1.0	False	
AqTMK_16_final.txt	AqTMK_119_final.txt	AqTMK_16	AqTMK_119	37	31	False	inf	1.0	False	
AqTMK_16_final.txt	AqTMK_112_final.txt	AqTMK_16	AqTMK_112	37	31	False	inf	1.0	False	
AqTMK_16_final.txt	AqTMK_122_final.txt	AqTMK_16	AqTMK_122	37	31	False	inf	1.0	False	
AqTMK_16_final.txt	AqTMK_123_final.txt	AqTMK_16	AqTMK_123	37	31	False	inf	1.0	False	
AqTMK_16_final.txt	AqTMK_132_final.txt	AqTMK_16	AqTMK_132	37	31	False	inf	1.0	False	
AqTMK_16_final.txt	AqTMK_133_final.txt	AqTMK_16	AqTMK_133	37	31	False	inf	1.0	False	
AqTMK_16_final.txt	AqTMK_167_final.txt	AqTMK_16	AqTMK_167	37	31	False	inf	1.0	False	
AqTMK_16_final.txt	AqTMK_172_final.txt	AqTMK_16	AqTMK_172	37	31	False	inf	1.0	False	
AqTMK_16_final.txt	AqTMK_178_final.txt	AqTMK_16	AqTMK_178	37	31	False	inf	1.0	False	
AqTMK_16_final.txt	AqTMK_195_final.txt	AqTMK_16	AqTMK_195	37	31	False	inf	1.0	False	
AqTMK_16_final.txt	AqTMK_184_final.txt	AqTMK_16	AqTMK_184	37	31	False	inf	1.0	False	
AqTMK_16_final.txt	AqTMK_201_final.txt	AqTMK_16	AqTMK_201	37	31	False	inf	1.0	False	
AqTMK_16_final.txt	AqTMK_211_final.txt	AqTMK_16	AqTMK_211	37	31	False	inf	1.0	False	
AqTMK_16_final.txt	AqTMK_237_final.txt	AqTMK_16	AqTMK_237	37	31	False	inf	1.0	False	
AqTMK_16_final.txt	AqTMK_238_final.txt	AqTMK_16	AqTMK_238	37	31	False	inf	1.0	False	
AqTMK_16_final.txt	AqTMK_253_final.txt	AqTMK_16	AqTMK_253	37	31	False	inf	1.0	False	
AqTMK_16_final.txt	AqTMK_276_final.txt	AqTMK_16	AqTMK_276	37	31	False	inf	1.0	False	
AqTMK_16_final.txt	AqTMK_288_final.txt	AqTMK_16	AqTMK_288	37	31	False	inf	1.0	False	
AqTMK_16_final.txt	AqTMK_277_final.txt	AqTMK_16	AqTMK_277	37	31	False	inf	1.0	False	
AqTMK_16_final.txt	AqTMK_300_final.txt	AqTMK_16	AqTMK_300	37	31	False	inf	1.0	False	
AqTMK_16_final.txt	AqTMK_33_final.txt	AqTMK_16	AqTMK_33	37	30	False	inf	1.0	False	
AqTMK_16_final.txt	AqTMK_43_final.txt	AqTMK_16	AqTMK_43	37	30	False	inf	1.0	False	
AqTMK_16_final.txt	AqTMK_49_final.txt	AqTMK_16	AqTMK_49	37	30	False	inf	1.0	False	
AqTMK_16_final.txt	AqTMK_50_final.txt	AqTMK_16	AqTMK_50	37	30	False	inf	1.0	False	
AqTMK_16_final.txt	AqTMK_102_final.txt	AqTMK_16	AqTMK_102	37	30	False	inf	1.0	False	
AqTMK_16_final.txt	AqTMK_66_final.txt	AqTMK_16	AqTMK_66	37	30	False	inf	1.0	False	
AqTMK_16_final.txt	AqTMK_124_final.txt	AqTMK_16	AqTMK_124	37	30	False	inf	1.0	False	
AqTMK_16_final.txt	AqTMK_153_final.txt	AqTMK_16	AqTMK_153	37	30	False	inf	1.0	False	
AqTMK_16_final.txt	AqTMK_193_final.txt	AqTMK_16	AqTMK_193	37	30	False	inf	1.0	False	
AqTMK_16_final.txt	AqTMK_264_final.txt	AqTMK_16	AqTMK_264	37	30	False	inf	1.0	False	
AqTMK_16_final.txt	AqTMK_121_final.txt	AqTMK_16	AqTMK_121	37	29	False	inf	1.0	False	
AqTMK_26_final.txt	AqTMK_41_final.txt	AqTMK_26	AqTMK_41	37	37	True	2	1.0	False	
AqTMK_26_final.txt	AqTMK_39_final.txt	AqTMK_26	AqTMK_39	37	37	True	6	1.0	False	
AqTMK_26_final.txt	AqTMK_44_final.txt	AqTMK_26	AqTMK_44	37	37	True	4	1.0	False	
AqTMK_26_final.txt	AqTMK_46_final.txt	AqTMK_26	AqTMK_46	37	37	True	4	1.0	False	
AqTMK_26_final.txt	AqTMK_58_final.txt	AqTMK_26	AqTMK_58	37	37	True	10	1.0	False	
AqTMK_26_final.txt	AqTMK_60_final.txt	AqTMK_26	AqTMK_60	37	37	True	10	1.0	False	
AqTMK_26_final.txt	AqTMK_88_final.txt	AqTMK_26	AqTMK_88	37	37	True	6	1.0	False	
AqTMK_26_final.txt	AqTMK_97_final.txt	AqTMK_26	AqTMK_97	37	37	True	4	1.0	False	
AqTMK_26_final.txt	AqTMK_134_final.txt	AqTMK_26	AqTMK_134	37	37	True	2	1.0	False	
AqTMK_26_final.txt	AqTMK_140_final.txt	AqTMK_26	AqTMK_140	37	37	True	6	1.0	False	
AqTMK_26_final.txt	AqTMK_2_final.txt	AqTMK_26	AqTMK_2	37	36	False	inf	1.0	False	
AqTMK_26_final.txt	AqTMK_6_final.txt	AqTMK_26	AqTMK_6	37	36	False	inf	1.0	False	
AqTMK_26_final.txt	AqTMK_9_final.txt	AqTMK_26	AqTMK_9	37	36	False	inf	1.0	False	
AqTMK_26_final.txt	AqTMK_13_final.txt	AqTMK_26	AqTMK_13	37	36	False	inf	1.0	False	
AqTMK_26_final.txt	AqTMK_15_final.txt	AqTMK_26	AqTMK_15	37	36	False	inf	1.0	False	
AqTMK_26_final.txt	AqTMK_228_final.txt	AqTMK_26	AqTMK_228	37	37	True	10	1.0	False	
AqTMK_26_final.txt	AqTMK_17_final.txt	AqTMK_26	AqTMK_17	37	36	False	inf	1.0	False	
AqTMK_26_final.txt	AqTMK_28_final.txt	AqTMK_26	AqTMK_28	37	36	False	inf	1.0	False	
AqTMK_26_final.txt	AqTMK_22_final.txt	AqTMK_26	AqTMK_22	37	36	False	inf	1.0	False	
AqTMK_26_final.txt	AqTMK_37_final.txt	AqTMK_26	AqTMK_37	37	36	False	inf	1.0	False	
AqTMK_26_final.txt	AqTMK_38_final.txt	AqTMK_26	AqTMK_38	37	36	False	inf	1.0	False	
AqTMK_26_final.txt	AqTMK_77_final.txt	AqTMK_26	AqTMK_77	37	36	False	inf	1.0	False	
AqTMK_26_final.txt	AqTMK_5_final.txt	AqTMK_26	AqTMK_5	37	35	False	inf	1.0	False	
AqTMK_26_final.txt	AqTMK_14_final.txt	AqTMK_26	AqTMK_14	37	35	False	inf	1.0	False	
AqTMK_26_final.txt	AqTMK_23_final.txt	AqTMK_26	AqTMK_23	37	35	False	inf	1.0	False	
AqTMK_26_final.txt	AqTMK_214_final.txt	AqTMK_26	AqTMK_214	37	35	False	inf	1.0	False	
AqTMK_26_final.txt	AqTMK_128_final.txt	AqTMK_26	AqTMK_128	37	34	False	inf	1.0	False	
AqTMK_26_final.txt	AqTMK_175_final.txt	AqTMK_26	AqTMK_175	37	34	False	inf	1.0	False	
AqTMK_26_final.txt	AqTMK_185_final.txt	AqTMK_26	AqTMK_185	37	34	False	inf	1.0	False	
AqTMK_26_final.txt	AqTMK_196_final.txt	AqTMK_26	AqTMK_196	37	34	False	inf	1.0	False	
AqTMK_26_final.txt	AqTMK_207_final.txt	AqTMK_26	AqTMK_207	37	34	False	inf	1.0	False	
AqTMK_26_final.txt	AqTMK_217_final.txt	AqTMK_26	AqTMK_217	37	34	False	inf	1.0	False	
AqTMK_26_final.txt	AqTMK_246_final.txt	AqTMK_26	AqTMK_246	37	34	False	inf	1.0	False	
AqTMK_26_final.txt	AqTMK_220_final.txt	AqTMK_26	AqTMK_220	37	34	False	inf	1.0	False	
AqTMK_26_final.txt	AqTMK_244_final.txt	AqTMK_26	AqTMK_244	37	34	False	inf	1.0	False	
AqTMK_26_final.txt	AqTMK_261_final.txt	AqTMK_26	AqTMK_261	37	34	False	inf	1.0	False	
AqTMK_26_final.txt	AqTMK_281_final.txt	AqTMK_26	AqTMK_281	37	34	False	inf	1.0	False	
AqTMK_26_final.txt	AqTMK_69_final.txt	AqTMK_26	AqTMK_69	37	33	False	inf	1.0	False	
AqTMK_26_final.txt	AqTMK_87_final.txt	AqTMK_26	AqTMK_87	37	33	False	inf	1.0	False	
AqTMK_26_final.txt	AqTMK_95_final.txt	AqTMK_26	AqTMK_95	37	33	False	inf	1.0	False	
AqTMK_26_final.txt	AqTMK_116_final.txt	AqTMK_26	AqTMK_116	37	33	False	inf	1.0	False	
AqTMK_26_final.txt	AqTMK_109_final.txt	AqTMK_26	AqTMK_109	37	33	False	inf	1.0	False	
AqTMK_26_final.txt	AqTMK_111_final.txt	AqTMK_26	AqTMK_111	37	33	False	inf	1.0	False	
AqTMK_26_final.txt	AqTMK_120_final.txt	AqTMK_26	AqTMK_120	37	33	False	inf	1.0	False	
AqTMK_26_final.txt	AqTMK_139_final.txt	AqTMK_26	AqTMK_139	37	33	False	inf	1.0	False	
AqTMK_26_final.txt	AqTMK_156_final.txt	AqTMK_26	AqTMK_156	37	33	False	inf	1.0	False	
AqTMK_26_final.txt	AqTMK_163_final.txt	AqTMK_26	AqTMK_163	37	33	False	inf	1.0	False	
AqTMK_26_final.txt	AqTMK_171_final.txt	AqTMK_26	AqTMK_171	37	33	False	inf	1.0	False	
AqTMK_26_final.txt	AqTMK_200_final.txt	AqTMK_26	AqTMK_200	37	33	False	inf	1.0	False	
AqTMK_26_final.txt	AqTMK_197_final.txt	AqTMK_26	AqTMK_197	37	33	False	inf	1.0	False	
AqTMK_26_final.txt	AqTMK_186_final.txt	AqTMK_26	AqTMK_186	37	33	False	inf	1.0	False	
AqTMK_26_final.txt	AqTMK_208_final.txt	AqTMK_26	AqTMK_208	37	33	False	inf	1.0	False	
AqTMK_26_final.txt	AqTMK_223_final.txt	AqTMK_26	AqTMK_223	37	33	False	inf	1.0	False	
AqTMK_26_final.txt	AqTMK_229_final.txt	AqTMK_26	AqTMK_229	37	33	False	inf	1.0	False	
AqTMK_26_final.txt	AqTMK_230_final.txt	AqTMK_26	AqTMK_230	37	33	False	inf	1.0	False	
AqTMK_26_final.txt	AqTMK_231_final.txt	AqTMK_26	AqTMK_231	37	33	False	inf	1.0	False	
AqTMK_26_final.txt	AqTMK_233_final.txt	AqTMK_26	AqTMK_233	37	33	False	inf	1.0	False	
AqTMK_26_final.txt	AqTMK_259_final.txt	AqTMK_26	AqTMK_259	37	33	False	inf	1.0	False	
AqTMK_26_final.txt	AqTMK_257_final.txt	AqTMK_26	AqTMK_257	37	33	False	inf	1.0	False	
AqTMK_26_final.txt	AqTMK_262_final.txt	AqTMK_26	AqTMK_262	37	33	False	inf	1.0	False	
AqTMK_26_final.txt	AqTMK_270_final.txt	AqTMK_26	AqTMK_270	37	33	False	inf	1.0	False	
AqTMK_26_final.txt	AqTMK_273_final.txt	AqTMK_26	AqTMK_273	37	33	False	inf	1.0	False	
AqTMK_26_final.txt	AqTMK_284_final.txt	AqTMK_26	AqTMK_284	37	33	False	inf	1.0	False	
AqTMK_26_final.txt	AqTMK_285_final.txt	AqTMK_26	AqTMK_285	37	33	False	inf	1.0	False	
AqTMK_26_final.txt	AqTMK_287_final.txt	AqTMK_26	AqTMK_287	37	33	False	inf	1.0	False	
AqTMK_26_final.txt	AqTMK_311_final.txt	AqTMK_26	AqTMK_311	37	33	False	inf	1.0	False	
AqTMK_26_final.txt	AqTMK_295_final.txt	AqTMK_26	AqTMK_295	37	33	False	inf	1.0	False	
AqTMK_26_final.txt	AqTMK_54_final.txt	AqTMK_26	AqTMK_54	37	32	False	inf	1.0	False	
AqTMK_26_final.txt	AqTMK_56_final.txt	AqTMK_26	AqTMK_56	37	32	False	inf	1.0	False	
AqTMK_26_final.txt	AqTMK_59_final.txt	AqTMK_26	AqTMK_59	37	32	False	inf	1.0	False	
AqTMK_26_final.txt	AqTMK_62_final.txt	AqTMK_26	AqTMK_62	37	32	False	inf	1.0	False	
AqTMK_26_final.txt	AqTMK_63_final.txt	AqTMK_26	AqTMK_63	37	32	False	inf	1.0	False	
AqTMK_26_final.txt	AqTMK_68_final.txt	AqTMK_26	AqTMK_68	37	32	False	inf	1.0	False	
AqTMK_26_final.txt	AqTMK_70_final.txt	AqTMK_26	AqTMK_70	37	32	False	inf	1.0	False	
AqTMK_26_final.txt	AqTMK_79_final.txt	AqTMK_26	AqTMK_79	37	32	False	inf	1.0	False	
AqTMK_26_final.txt	AqTMK_81_final.txt	AqTMK_26	AqTMK_81	37	32	False	inf	1.0	False	
AqTMK_26_final.txt	AqTMK_82_final.txt	AqTMK_26	AqTMK_82	37	32	False	inf	1.0	False	
AqTMK_26_final.txt	AqTMK_84_final.txt	AqTMK_26	AqTMK_84	37	32	False	inf	1.0	False	
AqTMK_26_final.txt	AqTMK_85_final.txt	AqTMK_26	AqTMK_85	37	32	False	inf	1.0	False	
AqTMK_26_final.txt	AqTMK_89_final.txt	AqTMK_26	AqTMK_89	37	32	False	inf	1.0	False	
AqTMK_26_final.txt	AqTMK_98_final.txt	AqTMK_26	AqTMK_98	37	32	False	inf	1.0	False	
AqTMK_26_final.txt	AqTMK_91_final.txt	AqTMK_26	AqTMK_91	37	32	False	inf	1.0	False	
AqTMK_26_final.txt	AqTMK_93_final.txt	AqTMK_26	AqTMK_93	37	32	False	inf	1.0	False	
AqTMK_26_final.txt	AqTMK_99_final.txt	AqTMK_26	AqTMK_99	37	32	False	inf	1.0	False	
AqTMK_26_final.txt	AqTMK_101_final.txt	AqTMK_26	AqTMK_101	37	32	False	inf	1.0	False	
AqTMK_26_final.txt	AqTMK_103_final.txt	AqTMK_26	AqTMK_103	37	32	False	inf	1.0	False	
AqTMK_26_final.txt	AqTMK_104_final.txt	AqTMK_26	AqTMK_104	37	32	False	inf	1.0	False	
AqTMK_26_final.txt	AqTMK_106_final.txt	AqTMK_26	AqTMK_106	37	32	False	inf	1.0	False	
AqTMK_26_final.txt	AqTMK_114_final.txt	AqTMK_26	AqTMK_114	37	32	False	inf	1.0	False	
AqTMK_26_final.txt	AqTMK_117_final.txt	AqTMK_26	AqTMK_117	37	32	False	inf	1.0	False	
AqTMK_26_final.txt	AqTMK_118_final.txt	AqTMK_26	AqTMK_118	37	32	False	inf	1.0	False	
AqTMK_26_final.txt	AqTMK_131_final.txt	AqTMK_26	AqTMK_131	37	32	False	inf	1.0	False	
AqTMK_26_final.txt	AqTMK_149_final.txt	AqTMK_26	AqTMK_149	37	32	False	inf	1.0	False	
AqTMK_26_final.txt	AqTMK_155_final.txt	AqTMK_26	AqTMK_155	37	32	False	inf	1.0	False	
AqTMK_26_final.txt	AqTMK_159_final.txt	AqTMK_26	AqTMK_159	37	32	False	inf	1.0	False	
AqTMK_26_final.txt	AqTMK_165_final.txt	AqTMK_26	AqTMK_165	37	32	False	inf	1.0	False	
AqTMK_26_final.txt	AqTMK_181_final.txt	AqTMK_26	AqTMK_181	37	32	False	inf	1.0	False	
AqTMK_26_final.txt	AqTMK_173_final.txt	AqTMK_26	AqTMK_173	37	32	False	inf	1.0	False	
AqTMK_26_final.txt	AqTMK_179_final.txt	AqTMK_26	AqTMK_179	37	32	False	inf	1.0	False	
AqTMK_26_final.txt	AqTMK_187_final.txt	AqTMK_26	AqTMK_187	37	32	False	inf	1.0	False	
AqTMK_26_final.txt	AqTMK_188_final.txt	AqTMK_26	AqTMK_188	37	32	False	inf	1.0	False	
AqTMK_26_final.txt	AqTMK_191_final.txt	AqTMK_26	AqTMK_191	37	32	False	inf	1.0	False	
AqTMK_26_final.txt	AqTMK_198_final.txt	AqTMK_26	AqTMK_198	37	32	False	inf	1.0	False	
AqTMK_26_final.txt	AqTMK_218_final.txt	AqTMK_26	AqTMK_218	37	32	False	inf	1.0	False	
AqTMK_26_final.txt	AqTMK_219_final.txt	AqTMK_26	AqTMK_219	37	32	False	inf	1.0	False	
AqTMK_26_final.txt	AqTMK_234_final.txt	AqTMK_26	AqTMK_234	37	32	False	inf	1.0	False	
AqTMK_26_final.txt	AqTMK_224_final.txt	AqTMK_26	AqTMK_224	37	32	False	inf	1.0	False	
AqTMK_26_final.txt	AqTMK_236_final.txt	AqTMK_26	AqTMK_236	37	32	False	inf	1.0	False	
AqTMK_26_final.txt	AqTMK_240_final.txt	AqTMK_26	AqTMK_240	37	32	False	inf	1.0	False	
AqTMK_26_final.txt	AqTMK_242_final.txt	AqTMK_26	AqTMK_242	37	32	False	inf	1.0	False	
AqTMK_26_final.txt	AqTMK_245_final.txt	AqTMK_26	AqTMK_245	37	32	False	inf	1.0	False	
AqTMK_26_final.txt	AqTMK_249_final.txt	AqTMK_26	AqTMK_249	37	32	False	inf	1.0	False	
AqTMK_26_final.txt	AqTMK_272_final.txt	AqTMK_26	AqTMK_272	37	32	False	inf	1.0	False	
AqTMK_26_final.txt	AqTMK_267_final.txt	AqTMK_26	AqTMK_267	37	32	False	inf	1.0	False	
AqTMK_26_final.txt	AqTMK_263_final.txt	AqTMK_26	AqTMK_263	37	32	False	inf	1.0	False	
AqTMK_26_final.txt	AqTMK_274_final.txt	AqTMK_26	AqTMK_274	37	32	False	inf	1.0	False	
AqTMK_26_final.txt	AqTMK_275_final.txt	AqTMK_26	AqTMK_275	37	32	False	inf	1.0	False	
AqTMK_26_final.txt	AqTMK_279_final.txt	AqTMK_26	AqTMK_279	37	32	False	inf	1.0	False	
AqTMK_26_final.txt	AqTMK_286_final.txt	AqTMK_26	AqTMK_286	37	32	False	inf	1.0	False	
AqTMK_26_final.txt	AqTMK_290_final.txt	AqTMK_26	AqTMK_290	37	32	False	inf	1.0	False	
AqTMK_26_final.txt	AqTMK_309_final.txt	AqTMK_26	AqTMK_309	37	32	False	inf	1.0	False	
AqTMK_26_final.txt	AqTMK_292_final.txt	AqTMK_26	AqTMK_292	37	32	False	inf	1.0	False	
AqTMK_26_final.txt	AqTMK_299_final.txt	AqTMK_26	AqTMK_299	37	32	False	inf	1.0	False	
AqTMK_26_final.txt	AqTMK_45_final.txt	AqTMK_26	AqTMK_45	37	31	False	inf	1.0	False	
AqTMK_26_final.txt	AqTMK_47_final.txt	AqTMK_26	AqTMK_47	37	31	False	inf	1.0	False	
AqTMK_26_final.txt	AqTMK_48_final.txt	AqTMK_26	AqTMK_48	37	31	False	inf	1.0	False	
AqTMK_26_final.txt	AqTMK_53_final.txt	AqTMK_26	AqTMK_53	37	31	False	inf	1.0	False	
AqTMK_26_final.txt	AqTMK_57_final.txt	AqTMK_26	AqTMK_57	37	31	False	inf	1.0	False	
AqTMK_26_final.txt	AqTMK_76_final.txt	AqTMK_26	AqTMK_76	37	31	False	inf	1.0	False	
AqTMK_26_final.txt	AqTMK_72_final.txt	AqTMK_26	AqTMK_72	37	31	False	inf	1.0	False	
AqTMK_26_final.txt	AqTMK_73_final.txt	AqTMK_26	AqTMK_73	37	31	False	inf	1.0	False	
AqTMK_26_final.txt	AqTMK_92_final.txt	AqTMK_26	AqTMK_92	37	31	False	inf	1.0	False	
AqTMK_26_final.txt	AqTMK_94_final.txt	AqTMK_26	AqTMK_94	37	31	False	inf	1.0	False	
AqTMK_26_final.txt	AqTMK_108_final.txt	AqTMK_26	AqTMK_108	37	31	False	inf	1.0	False	
AqTMK_26_final.txt	AqTMK_110_final.txt	AqTMK_26	AqTMK_110	37	31	False	inf	1.0	False	
AqTMK_26_final.txt	AqTMK_112_final.txt	AqTMK_26	AqTMK_112	37	31	False	inf	1.0	False	
AqTMK_26_final.txt	AqTMK_119_final.txt	AqTMK_26	AqTMK_119	37	31	False	inf	1.0	False	
AqTMK_26_final.txt	AqTMK_123_final.txt	AqTMK_26	AqTMK_123	37	31	False	inf	1.0	False	
AqTMK_26_final.txt	AqTMK_122_final.txt	AqTMK_26	AqTMK_122	37	31	False	inf	1.0	False	
AqTMK_26_final.txt	AqTMK_132_final.txt	AqTMK_26	AqTMK_132	37	31	False	inf	1.0	False	
AqTMK_26_final.txt	AqTMK_133_final.txt	AqTMK_26	AqTMK_133	37	31	False	inf	1.0	False	
AqTMK_26_final.txt	AqTMK_167_final.txt	AqTMK_26	AqTMK_167	37	31	False	inf	1.0	False	
AqTMK_26_final.txt	AqTMK_172_final.txt	AqTMK_26	AqTMK_172	37	31	False	inf	1.0	False	
AqTMK_26_final.txt	AqTMK_178_final.txt	AqTMK_26	AqTMK_178	37	31	False	inf	1.0	False	
AqTMK_26_final.txt	AqTMK_184_final.txt	AqTMK_26	AqTMK_184	37	31	False	inf	1.0	False	
AqTMK_26_final.txt	AqTMK_201_final.txt	AqTMK_26	AqTMK_201	37	31	False	inf	1.0	False	
AqTMK_26_final.txt	AqTMK_195_final.txt	AqTMK_26	AqTMK_195	37	31	False	inf	1.0	False	
AqTMK_26_final.txt	AqTMK_211_final.txt	AqTMK_26	AqTMK_211	37	31	False	inf	1.0	False	
AqTMK_26_final.txt	AqTMK_237_final.txt	AqTMK_26	AqTMK_237	37	31	False	inf	1.0	False	
AqTMK_26_final.txt	AqTMK_238_final.txt	AqTMK_26	AqTMK_238	37	31	False	inf	1.0	False	
AqTMK_26_final.txt	AqTMK_253_final.txt	AqTMK_26	AqTMK_253	37	31	False	inf	1.0	False	
AqTMK_26_final.txt	AqTMK_276_final.txt	AqTMK_26	AqTMK_276	37	31	False	inf	1.0	False	
AqTMK_26_final.txt	AqTMK_277_final.txt	AqTMK_26	AqTMK_277	37	31	False	inf	1.0	False	
AqTMK_26_final.txt	AqTMK_300_final.txt	AqTMK_26	AqTMK_300	37	31	False	inf	1.0	False	
AqTMK_26_final.txt	AqTMK_288_final.txt	AqTMK_26	AqTMK_288	37	31	False	inf	1.0	False	
AqTMK_26_final.txt	AqTMK_33_final.txt	AqTMK_26	AqTMK_33	37	30	False	inf	1.0	False	
AqTMK_26_final.txt	AqTMK_43_final.txt	AqTMK_26	AqTMK_43	37	30	False	inf	1.0	False	
AqTMK_26_final.txt	AqTMK_49_final.txt	AqTMK_26	AqTMK_49	37	30	False	inf	1.0	False	
AqTMK_26_final.txt	AqTMK_50_final.txt	AqTMK_26	AqTMK_50	37	30	False	inf	1.0	False	
AqTMK_26_final.txt	AqTMK_66_final.txt	AqTMK_26	AqTMK_66	37	30	False	inf	1.0	False	
AqTMK_26_final.txt	AqTMK_153_final.txt	AqTMK_26	AqTMK_153	37	30	False	inf	1.0	False	
AqTMK_26_final.txt	AqTMK_102_final.txt	AqTMK_26	AqTMK_102	37	30	False	inf	1.0	False	
AqTMK_26_final.txt	AqTMK_124_final.txt	AqTMK_26	AqTMK_124	37	30	False	inf	1.0	False	
AqTMK_26_final.txt	AqTMK_193_final.txt	AqTMK_26	AqTMK_193	37	30	False	inf	1.0	False	
AqTMK_26_final.txt	AqTMK_264_final.txt	AqTMK_26	AqTMK_264	37	30	False	inf	1.0	False	
AqTMK_26_final.txt	AqTMK_121_final.txt	AqTMK_26	AqTMK_121	37	29	False	inf	1.0	False	
AqTMK_39_final.txt	AqTMK_41_final.txt	AqTMK_39	AqTMK_41	37	37	True	6	1.0	False	
AqTMK_39_final.txt	AqTMK_44_final.txt	AqTMK_39	AqTMK_44	37	37	True	4	1.0	False	
AqTMK_39_final.txt	AqTMK_46_final.txt	AqTMK_39	AqTMK_46	37	37	True	2	1.0	False	
AqTMK_39_final.txt	AqTMK_58_final.txt	AqTMK_39	AqTMK_58	37	37	True	10	1.0	False	
AqTMK_39_final.txt	AqTMK_60_final.txt	AqTMK_39	AqTMK_60	37	37	True	10	1.0	False	
AqTMK_39_final.txt	AqTMK_88_final.txt	AqTMK_39	AqTMK_88	37	37	True	2	1.0	False	
AqTMK_39_final.txt	AqTMK_97_final.txt	AqTMK_39	AqTMK_97	37	37	True	2	1.0	False	
AqTMK_39_final.txt	AqTMK_134_final.txt	AqTMK_39	AqTMK_134	37	37	True	6	1.0	False	
AqTMK_39_final.txt	AqTMK_140_final.txt	AqTMK_39	AqTMK_140	37	37	True	2	1.0	False	
AqTMK_39_final.txt	AqTMK_2_final.txt	AqTMK_39	AqTMK_2	37	36	False	inf	1.0	False	
AqTMK_39_final.txt	AqTMK_6_final.txt	AqTMK_39	AqTMK_6	37	36	False	inf	1.0	False	
AqTMK_39_final.txt	AqTMK_9_final.txt	AqTMK_39	AqTMK_9	37	36	False	inf	1.0	False	
AqTMK_39_final.txt	AqTMK_13_final.txt	AqTMK_39	AqTMK_13	37	36	False	inf	1.0	False	
AqTMK_39_final.txt	AqTMK_15_final.txt	AqTMK_39	AqTMK_15	37	36	False	inf	1.0	False	
AqTMK_39_final.txt	AqTMK_17_final.txt	AqTMK_39	AqTMK_17	37	36	False	inf	1.0	False	
AqTMK_39_final.txt	AqTMK_228_final.txt	AqTMK_39	AqTMK_228	37	37	True	12	1.0	False	
AqTMK_39_final.txt	AqTMK_22_final.txt	AqTMK_39	AqTMK_22	37	36	False	inf	1.0	False	
AqTMK_39_final.txt	AqTMK_28_final.txt	AqTMK_39	AqTMK_28	37	36	False	inf	1.0	False	
AqTMK_39_final.txt	AqTMK_37_final.txt	AqTMK_39	AqTMK_37	37	36	False	inf	1.0	False	
AqTMK_39_final.txt	AqTMK_38_final.txt	AqTMK_39	AqTMK_38	37	36	False	inf	1.0	False	
AqTMK_39_final.txt	AqTMK_77_final.txt	AqTMK_39	AqTMK_77	37	36	False	inf	1.0	False	
AqTMK_39_final.txt	AqTMK_5_final.txt	AqTMK_39	AqTMK_5	37	35	False	inf	1.0	False	
AqTMK_39_final.txt	AqTMK_14_final.txt	AqTMK_39	AqTMK_14	37	35	False	inf	1.0	False	
AqTMK_39_final.txt	AqTMK_23_final.txt	AqTMK_39	AqTMK_23	37	35	False	inf	1.0	False	
AqTMK_39_final.txt	AqTMK_175_final.txt	AqTMK_39	AqTMK_175	37	34	False	inf	1.0	False	
AqTMK_39_final.txt	AqTMK_214_final.txt	AqTMK_39	AqTMK_214	37	35	False	inf	1.0	False	
AqTMK_39_final.txt	AqTMK_128_final.txt	AqTMK_39	AqTMK_128	37	34	False	inf	1.0	False	
AqTMK_39_final.txt	AqTMK_185_final.txt	AqTMK_39	AqTMK_185	37	34	False	inf	1.0	False	
AqTMK_39_final.txt	AqTMK_196_final.txt	AqTMK_39	AqTMK_196	37	34	False	inf	1.0	False	
AqTMK_39_final.txt	AqTMK_207_final.txt	AqTMK_39	AqTMK_207	37	34	False	inf	1.0	False	
AqTMK_39_final.txt	AqTMK_217_final.txt	AqTMK_39	AqTMK_217	37	34	False	inf	1.0	False	
AqTMK_39_final.txt	AqTMK_220_final.txt	AqTMK_39	AqTMK_220	37	34	False	inf	1.0	False	
AqTMK_39_final.txt	AqTMK_244_final.txt	AqTMK_39	AqTMK_244	37	34	False	inf	1.0	False	
AqTMK_39_final.txt	AqTMK_261_final.txt	AqTMK_39	AqTMK_261	37	34	False	inf	1.0	False	
AqTMK_39_final.txt	AqTMK_246_final.txt	AqTMK_39	AqTMK_246	37	34	False	inf	1.0	False	
AqTMK_39_final.txt	AqTMK_281_final.txt	AqTMK_39	AqTMK_281	37	34	False	inf	1.0	False	
AqTMK_39_final.txt	AqTMK_69_final.txt	AqTMK_39	AqTMK_69	37	33	False	inf	1.0	False	
AqTMK_39_final.txt	AqTMK_87_final.txt	AqTMK_39	AqTMK_87	37	33	False	inf	1.0	False	
AqTMK_39_final.txt	AqTMK_95_final.txt	AqTMK_39	AqTMK_95	37	33	False	inf	1.0	False	
AqTMK_39_final.txt	AqTMK_109_final.txt	AqTMK_39	AqTMK_109	37	33	False	inf	1.0	False	
AqTMK_39_final.txt	AqTMK_116_final.txt	AqTMK_39	AqTMK_116	37	33	False	inf	1.0	False	
AqTMK_39_final.txt	AqTMK_120_final.txt	AqTMK_39	AqTMK_120	37	33	False	inf	1.0	False	
AqTMK_39_final.txt	AqTMK_111_final.txt	AqTMK_39	AqTMK_111	37	33	False	inf	1.0	False	
AqTMK_39_final.txt	AqTMK_139_final.txt	AqTMK_39	AqTMK_139	37	33	False	inf	1.0	False	
AqTMK_39_final.txt	AqTMK_156_final.txt	AqTMK_39	AqTMK_156	37	33	False	inf	1.0	False	
AqTMK_39_final.txt	AqTMK_163_final.txt	AqTMK_39	AqTMK_163	37	33	False	inf	1.0	False	
AqTMK_39_final.txt	AqTMK_171_final.txt	AqTMK_39	AqTMK_171	37	33	False	inf	1.0	False	
AqTMK_39_final.txt	AqTMK_186_final.txt	AqTMK_39	AqTMK_186	37	33	False	inf	1.0	False	
AqTMK_39_final.txt	AqTMK_197_final.txt	AqTMK_39	AqTMK_197	37	33	False	inf	1.0	False	
AqTMK_39_final.txt	AqTMK_200_final.txt	AqTMK_39	AqTMK_200	37	33	False	inf	1.0	False	
AqTMK_39_final.txt	AqTMK_208_final.txt	AqTMK_39	AqTMK_208	37	33	False	inf	1.0	False	
AqTMK_39_final.txt	AqTMK_223_final.txt	AqTMK_39	AqTMK_223	37	33	False	inf	1.0	False	
AqTMK_39_final.txt	AqTMK_229_final.txt	AqTMK_39	AqTMK_229	37	33	False	inf	1.0	False	
AqTMK_39_final.txt	AqTMK_230_final.txt	AqTMK_39	AqTMK_230	37	33	False	inf	1.0	False	
AqTMK_39_final.txt	AqTMK_231_final.txt	AqTMK_39	AqTMK_231	37	33	False	inf	1.0	False	
AqTMK_39_final.txt	AqTMK_233_final.txt	AqTMK_39	AqTMK_233	37	33	False	inf	1.0	False	
AqTMK_39_final.txt	AqTMK_257_final.txt	AqTMK_39	AqTMK_257	37	33	False	inf	1.0	False	
AqTMK_39_final.txt	AqTMK_259_final.txt	AqTMK_39	AqTMK_259	37	33	False	inf	1.0	False	
AqTMK_39_final.txt	AqTMK_262_final.txt	AqTMK_39	AqTMK_262	37	33	False	inf	1.0	False	
AqTMK_39_final.txt	AqTMK_270_final.txt	AqTMK_39	AqTMK_270	37	33	False	inf	1.0	False	
AqTMK_39_final.txt	AqTMK_273_final.txt	AqTMK_39	AqTMK_273	37	33	False	inf	1.0	False	
AqTMK_39_final.txt	AqTMK_284_final.txt	AqTMK_39	AqTMK_284	37	33	False	inf	1.0	False	
AqTMK_39_final.txt	AqTMK_285_final.txt	AqTMK_39	AqTMK_285	37	33	False	inf	1.0	False	
AqTMK_39_final.txt	AqTMK_287_final.txt	AqTMK_39	AqTMK_287	37	33	False	inf	1.0	False	
AqTMK_39_final.txt	AqTMK_54_final.txt	AqTMK_39	AqTMK_54	37	32	False	inf	1.0	False	
AqTMK_39_final.txt	AqTMK_295_final.txt	AqTMK_39	AqTMK_295	37	33	False	inf	1.0	False	
AqTMK_39_final.txt	AqTMK_311_final.txt	AqTMK_39	AqTMK_311	37	33	False	inf	1.0	False	
AqTMK_39_final.txt	AqTMK_56_final.txt	AqTMK_39	AqTMK_56	37	32	False	inf	1.0	False	
AqTMK_39_final.txt	AqTMK_59_final.txt	AqTMK_39	AqTMK_59	37	32	False	inf	1.0	False	
AqTMK_39_final.txt	AqTMK_62_final.txt	AqTMK_39	AqTMK_62	37	32	False	inf	1.0	False	
AqTMK_39_final.txt	AqTMK_63_final.txt	AqTMK_39	AqTMK_63	37	32	False	inf	1.0	False	
AqTMK_39_final.txt	AqTMK_68_final.txt	AqTMK_39	AqTMK_68	37	32	False	inf	1.0	False	
AqTMK_39_final.txt	AqTMK_70_final.txt	AqTMK_39	AqTMK_70	37	32	False	inf	1.0	False	
AqTMK_39_final.txt	AqTMK_79_final.txt	AqTMK_39	AqTMK_79	37	32	False	inf	1.0	False	
AqTMK_39_final.txt	AqTMK_81_final.txt	AqTMK_39	AqTMK_81	37	32	False	inf	1.0	False	
AqTMK_39_final.txt	AqTMK_82_final.txt	AqTMK_39	AqTMK_82	37	32	False	inf	1.0	False	
AqTMK_39_final.txt	AqTMK_84_final.txt	AqTMK_39	AqTMK_84	37	32	False	inf	1.0	False	
AqTMK_39_final.txt	AqTMK_85_final.txt	AqTMK_39	AqTMK_85	37	32	False	inf	1.0	False	
AqTMK_39_final.txt	AqTMK_89_final.txt	AqTMK_39	AqTMK_89	37	32	False	inf	1.0	False	
AqTMK_39_final.txt	AqTMK_91_final.txt	AqTMK_39	AqTMK_91	37	32	False	inf	1.0	False	
AqTMK_39_final.txt	AqTMK_93_final.txt	AqTMK_39	AqTMK_93	37	32	False	inf	1.0	False	
AqTMK_39_final.txt	AqTMK_98_final.txt	AqTMK_39	AqTMK_98	37	32	False	inf	1.0	False	
AqTMK_39_final.txt	AqTMK_99_final.txt	AqTMK_39	AqTMK_99	37	32	False	inf	1.0	False	
AqTMK_39_final.txt	AqTMK_101_final.txt	AqTMK_39	AqTMK_101	37	32	False	inf	1.0	False	
AqTMK_39_final.txt	AqTMK_103_final.txt	AqTMK_39	AqTMK_103	37	32	False	inf	1.0	False	
AqTMK_39_final.txt	AqTMK_104_final.txt	AqTMK_39	AqTMK_104	37	32	False	inf	1.0	False	
AqTMK_39_final.txt	AqTMK_106_final.txt	AqTMK_39	AqTMK_106	37	32	False	inf	1.0	False	
AqTMK_39_final.txt	AqTMK_114_final.txt	AqTMK_39	AqTMK_114	37	32	False	inf	1.0	False	
AqTMK_39_final.txt	AqTMK_117_final.txt	AqTMK_39	AqTMK_117	37	32	False	inf	1.0	False	
AqTMK_39_final.txt	AqTMK_118_final.txt	AqTMK_39	AqTMK_118	37	32	False	inf	1.0	False	
AqTMK_39_final.txt	AqTMK_131_final.txt	AqTMK_39	AqTMK_131	37	32	False	inf	1.0	False	
AqTMK_39_final.txt	AqTMK_149_final.txt	AqTMK_39	AqTMK_149	37	32	False	inf	1.0	False	
AqTMK_39_final.txt	AqTMK_155_final.txt	AqTMK_39	AqTMK_155	37	32	False	inf	1.0	False	
AqTMK_39_final.txt	AqTMK_159_final.txt	AqTMK_39	AqTMK_159	37	32	False	inf	1.0	False	
AqTMK_39_final.txt	AqTMK_165_final.txt	AqTMK_39	AqTMK_165	37	32	False	inf	1.0	False	
AqTMK_39_final.txt	AqTMK_173_final.txt	AqTMK_39	AqTMK_173	37	32	False	inf	1.0	False	
AqTMK_39_final.txt	AqTMK_181_final.txt	AqTMK_39	AqTMK_181	37	32	False	inf	1.0	False	
AqTMK_39_final.txt	AqTMK_187_final.txt	AqTMK_39	AqTMK_187	37	32	False	inf	1.0	False	
AqTMK_39_final.txt	AqTMK_179_final.txt	AqTMK_39	AqTMK_179	37	32	False	inf	1.0	False	
AqTMK_39_final.txt	AqTMK_188_final.txt	AqTMK_39	AqTMK_188	37	32	False	inf	1.0	False	
AqTMK_39_final.txt	AqTMK_191_final.txt	AqTMK_39	AqTMK_191	37	32	False	inf	1.0	False	
AqTMK_39_final.txt	AqTMK_198_final.txt	AqTMK_39	AqTMK_198	37	32	False	inf	1.0	False	
AqTMK_39_final.txt	AqTMK_218_final.txt	AqTMK_39	AqTMK_218	37	32	False	inf	1.0	False	
AqTMK_39_final.txt	AqTMK_219_final.txt	AqTMK_39	AqTMK_219	37	32	False	inf	1.0	False	
AqTMK_39_final.txt	AqTMK_224_final.txt	AqTMK_39	AqTMK_224	37	32	False	inf	1.0	False	
AqTMK_39_final.txt	AqTMK_234_final.txt	AqTMK_39	AqTMK_234	37	32	False	inf	1.0	False	
AqTMK_39_final.txt	AqTMK_236_final.txt	AqTMK_39	AqTMK_236	37	32	False	inf	1.0	False	
AqTMK_39_final.txt	AqTMK_240_final.txt	AqTMK_39	AqTMK_240	37	32	False	inf	1.0	False	
AqTMK_39_final.txt	AqTMK_242_final.txt	AqTMK_39	AqTMK_242	37	32	False	inf	1.0	False	
AqTMK_39_final.txt	AqTMK_245_final.txt	AqTMK_39	AqTMK_245	37	32	False	inf	1.0	False	
AqTMK_39_final.txt	AqTMK_249_final.txt	AqTMK_39	AqTMK_249	37	32	False	inf	1.0	False	
AqTMK_39_final.txt	AqTMK_263_final.txt	AqTMK_39	AqTMK_263	37	32	False	inf	1.0	False	
AqTMK_39_final.txt	AqTMK_272_final.txt	AqTMK_39	AqTMK_272	37	32	False	inf	1.0	False	
AqTMK_39_final.txt	AqTMK_267_final.txt	AqTMK_39	AqTMK_267	37	32	False	inf	1.0	False	
AqTMK_39_final.txt	AqTMK_274_final.txt	AqTMK_39	AqTMK_274	37	32	False	inf	1.0	False	
AqTMK_39_final.txt	AqTMK_275_final.txt	AqTMK_39	AqTMK_275	37	32	False	inf	1.0	False	
AqTMK_39_final.txt	AqTMK_279_final.txt	AqTMK_39	AqTMK_279	37	32	False	inf	1.0	False	
AqTMK_39_final.txt	AqTMK_286_final.txt	AqTMK_39	AqTMK_286	37	32	False	inf	1.0	False	
AqTMK_39_final.txt	AqTMK_290_final.txt	AqTMK_39	AqTMK_290	37	32	False	inf	1.0	False	
AqTMK_39_final.txt	AqTMK_292_final.txt	AqTMK_39	AqTMK_292	37	32	False	inf	1.0	False	
AqTMK_39_final.txt	AqTMK_45_final.txt	AqTMK_39	AqTMK_45	37	31	False	inf	1.0	False	
AqTMK_39_final.txt	AqTMK_309_final.txt	AqTMK_39	AqTMK_309	37	32	False	inf	1.0	False	
AqTMK_39_final.txt	AqTMK_299_final.txt	AqTMK_39	AqTMK_299	37	32	False	inf	1.0	False	
AqTMK_39_final.txt	AqTMK_47_final.txt	AqTMK_39	AqTMK_47	37	31	False	inf	1.0	False	
AqTMK_39_final.txt	AqTMK_48_final.txt	AqTMK_39	AqTMK_48	37	31	False	inf	1.0	False	
AqTMK_39_final.txt	AqTMK_53_final.txt	AqTMK_39	AqTMK_53	37	31	False	inf	1.0	False	
AqTMK_39_final.txt	AqTMK_57_final.txt	AqTMK_39	AqTMK_57	37	31	False	inf	1.0	False	
AqTMK_39_final.txt	AqTMK_72_final.txt	AqTMK_39	AqTMK_72	37	31	False	inf	1.0	False	
AqTMK_39_final.txt	AqTMK_92_final.txt	AqTMK_39	AqTMK_92	37	31	False	inf	1.0	False	
AqTMK_39_final.txt	AqTMK_76_final.txt	AqTMK_39	AqTMK_76	37	31	False	inf	1.0	False	
AqTMK_39_final.txt	AqTMK_73_final.txt	AqTMK_39	AqTMK_73	37	31	False	inf	1.0	False	
AqTMK_39_final.txt	AqTMK_94_final.txt	AqTMK_39	AqTMK_94	37	31	False	inf	1.0	False	
AqTMK_39_final.txt	AqTMK_108_final.txt	AqTMK_39	AqTMK_108	37	31	False	inf	1.0	False	
AqTMK_39_final.txt	AqTMK_110_final.txt	AqTMK_39	AqTMK_110	37	31	False	inf	1.0	False	
AqTMK_39_final.txt	AqTMK_112_final.txt	AqTMK_39	AqTMK_112	37	31	False	inf	1.0	False	
AqTMK_39_final.txt	AqTMK_119_final.txt	AqTMK_39	AqTMK_119	37	31	False	inf	1.0	False	
AqTMK_39_final.txt	AqTMK_122_final.txt	AqTMK_39	AqTMK_122	37	31	False	inf	1.0	False	
AqTMK_39_final.txt	AqTMK_123_final.txt	AqTMK_39	AqTMK_123	37	31	False	inf	1.0	False	
AqTMK_39_final.txt	AqTMK_132_final.txt	AqTMK_39	AqTMK_132	37	31	False	inf	1.0	False	
AqTMK_39_final.txt	AqTMK_133_final.txt	AqTMK_39	AqTMK_133	37	31	False	inf	1.0	False	
AqTMK_39_final.txt	AqTMK_167_final.txt	AqTMK_39	AqTMK_167	37	31	False	inf	1.0	False	
AqTMK_39_final.txt	AqTMK_172_final.txt	AqTMK_39	AqTMK_172	37	31	False	inf	1.0	False	
AqTMK_39_final.txt	AqTMK_178_final.txt	AqTMK_39	AqTMK_178	37	31	False	inf	1.0	False	
AqTMK_39_final.txt	AqTMK_184_final.txt	AqTMK_39	AqTMK_184	37	31	False	inf	1.0	False	
AqTMK_39_final.txt	AqTMK_195_final.txt	AqTMK_39	AqTMK_195	37	31	False	inf	1.0	False	
AqTMK_39_final.txt	AqTMK_201_final.txt	AqTMK_39	AqTMK_201	37	31	False	inf	1.0	False	
AqTMK_39_final.txt	AqTMK_211_final.txt	AqTMK_39	AqTMK_211	37	31	False	inf	1.0	False	
AqTMK_39_final.txt	AqTMK_237_final.txt	AqTMK_39	AqTMK_237	37	31	False	inf	1.0	False	
AqTMK_39_final.txt	AqTMK_238_final.txt	AqTMK_39	AqTMK_238	37	31	False	inf	1.0	False	
AqTMK_39_final.txt	AqTMK_253_final.txt	AqTMK_39	AqTMK_253	37	31	False	inf	1.0	False	
AqTMK_39_final.txt	AqTMK_276_final.txt	AqTMK_39	AqTMK_276	37	31	False	inf	1.0	False	
AqTMK_39_final.txt	AqTMK_277_final.txt	AqTMK_39	AqTMK_277	37	31	False	inf	1.0	False	
AqTMK_39_final.txt	AqTMK_288_final.txt	AqTMK_39	AqTMK_288	37	31	False	inf	1.0	False	
AqTMK_39_final.txt	AqTMK_300_final.txt	AqTMK_39	AqTMK_300	37	31	False	inf	1.0	False	
AqTMK_39_final.txt	AqTMK_33_final.txt	AqTMK_39	AqTMK_33	37	30	False	inf	1.0	False	
AqTMK_39_final.txt	AqTMK_43_final.txt	AqTMK_39	AqTMK_43	37	30	False	inf	1.0	False	
AqTMK_39_final.txt	AqTMK_49_final.txt	AqTMK_39	AqTMK_49	37	30	False	inf	1.0	False	
AqTMK_39_final.txt	AqTMK_50_final.txt	AqTMK_39	AqTMK_50	37	30	False	inf	1.0	False	
AqTMK_39_final.txt	AqTMK_66_final.txt	AqTMK_39	AqTMK_66	37	30	False	inf	1.0	False	
AqTMK_39_final.txt	AqTMK_102_final.txt	AqTMK_39	AqTMK_102	37	30	False	inf	1.0	False	
AqTMK_39_final.txt	AqTMK_124_final.txt	AqTMK_39	AqTMK_124	37	30	False	inf	1.0	False	
AqTMK_39_final.txt	AqTMK_193_final.txt	AqTMK_39	AqTMK_193	37	30	False	inf	1.0	False	
AqTMK_39_final.txt	AqTMK_153_final.txt	AqTMK_39	AqTMK_153	37	30	False	inf	1.0	False	
AqTMK_39_final.txt	AqTMK_264_final.txt	AqTMK_39	AqTMK_264	37	30	False	inf	1.0	False	
AqTMK_39_final.txt	AqTMK_121_final.txt	AqTMK_39	AqTMK_121	37	29	False	inf	1.0	False	
AqTMK_41_final.txt	AqTMK_44_final.txt	AqTMK_41	AqTMK_44	37	37	True	2	1.0	False	
AqTMK_41_final.txt	AqTMK_46_final.txt	AqTMK_41	AqTMK_46	37	37	True	4	1.0	False	
AqTMK_41_final.txt	AqTMK_58_final.txt	AqTMK_41	AqTMK_58	37	37	True	8	1.0	False	
AqTMK_41_final.txt	AqTMK_60_final.txt	AqTMK_41	AqTMK_60	37	37	True	8	1.0	False	
AqTMK_41_final.txt	AqTMK_88_final.txt	AqTMK_41	AqTMK_88	37	37	True	4	1.0	False	
AqTMK_41_final.txt	AqTMK_97_final.txt	AqTMK_41	AqTMK_97	37	37	True	4	1.0	False	
AqTMK_41_final.txt	AqTMK_134_final.txt	AqTMK_41	AqTMK_134	37	37	True	4	1.0	False	
AqTMK_41_final.txt	AqTMK_140_final.txt	AqTMK_41	AqTMK_140	37	37	True	4	1.0	False	
AqTMK_41_final.txt	AqTMK_2_final.txt	AqTMK_41	AqTMK_2	37	36	False	inf	1.0	False	
AqTMK_41_final.txt	AqTMK_6_final.txt	AqTMK_41	AqTMK_6	37	36	False	inf	1.0	False	
AqTMK_41_final.txt	AqTMK_9_final.txt	AqTMK_41	AqTMK_9	37	36	False	inf	1.0	False	
AqTMK_41_final.txt	AqTMK_13_final.txt	AqTMK_41	AqTMK_13	37	36	False	inf	1.0	False	
AqTMK_41_final.txt	AqTMK_15_final.txt	AqTMK_41	AqTMK_15	37	36	False	inf	1.0	False	
AqTMK_41_final.txt	AqTMK_17_final.txt	AqTMK_41	AqTMK_17	37	36	False	inf	1.0	False	
AqTMK_41_final.txt	AqTMK_22_final.txt	AqTMK_41	AqTMK_22	37	36	False	inf	1.0	False	
AqTMK_41_final.txt	AqTMK_228_final.txt	AqTMK_41	AqTMK_228	37	37	True	12	1.0	False	
AqTMK_41_final.txt	AqTMK_28_final.txt	AqTMK_41	AqTMK_28	37	36	False	inf	1.0	False	
AqTMK_41_final.txt	AqTMK_37_final.txt	AqTMK_41	AqTMK_37	37	36	False	inf	1.0	False	
AqTMK_41_final.txt	AqTMK_38_final.txt	AqTMK_41	AqTMK_38	37	36	False	inf	1.0	False	
AqTMK_41_final.txt	AqTMK_77_final.txt	AqTMK_41	AqTMK_77	37	36	False	inf	1.0	False	
AqTMK_41_final.txt	AqTMK_5_final.txt	AqTMK_41	AqTMK_5	37	35	False	inf	1.0	False	
AqTMK_41_final.txt	AqTMK_14_final.txt	AqTMK_41	AqTMK_14	37	35	False	inf	1.0	False	
AqTMK_41_final.txt	AqTMK_23_final.txt	AqTMK_41	AqTMK_23	37	35	False	inf	1.0	False	
AqTMK_41_final.txt	AqTMK_214_final.txt	AqTMK_41	AqTMK_214	37	35	False	inf	1.0	False	
AqTMK_41_final.txt	AqTMK_128_final.txt	AqTMK_41	AqTMK_128	37	34	False	inf	1.0	False	
AqTMK_41_final.txt	AqTMK_185_final.txt	AqTMK_41	AqTMK_185	37	34	False	inf	1.0	False	
AqTMK_41_final.txt	AqTMK_175_final.txt	AqTMK_41	AqTMK_175	37	34	False	inf	1.0	False	
AqTMK_41_final.txt	AqTMK_196_final.txt	AqTMK_41	AqTMK_196	37	34	False	inf	1.0	False	
AqTMK_41_final.txt	AqTMK_207_final.txt	AqTMK_41	AqTMK_207	37	34	False	inf	1.0	False	
AqTMK_41_final.txt	AqTMK_217_final.txt	AqTMK_41	AqTMK_217	37	34	False	inf	1.0	False	
AqTMK_41_final.txt	AqTMK_220_final.txt	AqTMK_41	AqTMK_220	37	34	False	inf	1.0	False	
AqTMK_41_final.txt	AqTMK_244_final.txt	AqTMK_41	AqTMK_244	37	34	False	inf	1.0	False	
AqTMK_41_final.txt	AqTMK_246_final.txt	AqTMK_41	AqTMK_246	37	34	False	inf	1.0	False	
AqTMK_41_final.txt	AqTMK_261_final.txt	AqTMK_41	AqTMK_261	37	34	False	inf	1.0	False	
AqTMK_41_final.txt	AqTMK_281_final.txt	AqTMK_41	AqTMK_281	37	34	False	inf	1.0	False	
AqTMK_41_final.txt	AqTMK_69_final.txt	AqTMK_41	AqTMK_69	37	33	False	inf	1.0	False	
AqTMK_41_final.txt	AqTMK_87_final.txt	AqTMK_41	AqTMK_87	37	33	False	inf	1.0	False	
AqTMK_41_final.txt	AqTMK_95_final.txt	AqTMK_41	AqTMK_95	37	33	False	inf	1.0	False	
AqTMK_41_final.txt	AqTMK_109_final.txt	AqTMK_41	AqTMK_109	37	33	False	inf	1.0	False	
AqTMK_41_final.txt	AqTMK_111_final.txt	AqTMK_41	AqTMK_111	37	33	False	inf	1.0	False	
AqTMK_41_final.txt	AqTMK_120_final.txt	AqTMK_41	AqTMK_120	37	33	False	inf	1.0	False	
AqTMK_41_final.txt	AqTMK_139_final.txt	AqTMK_41	AqTMK_139	37	33	False	inf	1.0	False	
AqTMK_41_final.txt	AqTMK_116_final.txt	AqTMK_41	AqTMK_116	37	33	False	inf	1.0	False	
AqTMK_41_final.txt	AqTMK_156_final.txt	AqTMK_41	AqTMK_156	37	33	False	inf	1.0	False	
AqTMK_41_final.txt	AqTMK_163_final.txt	AqTMK_41	AqTMK_163	37	33	False	inf	1.0	False	
AqTMK_41_final.txt	AqTMK_171_final.txt	AqTMK_41	AqTMK_171	37	33	False	inf	1.0	False	
AqTMK_41_final.txt	AqTMK_186_final.txt	AqTMK_41	AqTMK_186	37	33	False	inf	1.0	False	
AqTMK_41_final.txt	AqTMK_197_final.txt	AqTMK_41	AqTMK_197	37	33	False	inf	1.0	False	
AqTMK_41_final.txt	AqTMK_200_final.txt	AqTMK_41	AqTMK_200	37	33	False	inf	1.0	False	
AqTMK_41_final.txt	AqTMK_223_final.txt	AqTMK_41	AqTMK_223	37	33	False	inf	1.0	False	
AqTMK_41_final.txt	AqTMK_208_final.txt	AqTMK_41	AqTMK_208	37	33	False	inf	1.0	False	
AqTMK_41_final.txt	AqTMK_229_final.txt	AqTMK_41	AqTMK_229	37	33	False	inf	1.0	False	
AqTMK_41_final.txt	AqTMK_230_final.txt	AqTMK_41	AqTMK_230	37	33	False	inf	1.0	False	
AqTMK_41_final.txt	AqTMK_231_final.txt	AqTMK_41	AqTMK_231	37	33	False	inf	1.0	False	
AqTMK_41_final.txt	AqTMK_233_final.txt	AqTMK_41	AqTMK_233	37	33	False	inf	1.0	False	
AqTMK_41_final.txt	AqTMK_257_final.txt	AqTMK_41	AqTMK_257	37	33	False	inf	1.0	False	
AqTMK_41_final.txt	AqTMK_259_final.txt	AqTMK_41	AqTMK_259	37	33	False	inf	1.0	False	
AqTMK_41_final.txt	AqTMK_270_final.txt	AqTMK_41	AqTMK_270	37	33	False	inf	1.0	False	
AqTMK_41_final.txt	AqTMK_262_final.txt	AqTMK_41	AqTMK_262	37	33	False	inf	1.0	False	
AqTMK_41_final.txt	AqTMK_273_final.txt	AqTMK_41	AqTMK_273	37	33	False	inf	1.0	False	
AqTMK_41_final.txt	AqTMK_284_final.txt	AqTMK_41	AqTMK_284	37	33	False	inf	1.0	False	
AqTMK_41_final.txt	AqTMK_285_final.txt	AqTMK_41	AqTMK_285	37	33	False	inf	1.0	False	
AqTMK_41_final.txt	AqTMK_287_final.txt	AqTMK_41	AqTMK_287	37	33	False	inf	1.0	False	
AqTMK_41_final.txt	AqTMK_295_final.txt	AqTMK_41	AqTMK_295	37	33	False	inf	1.0	False	
AqTMK_41_final.txt	AqTMK_311_final.txt	AqTMK_41	AqTMK_311	37	33	False	inf	1.0	False	
AqTMK_41_final.txt	AqTMK_56_final.txt	AqTMK_41	AqTMK_56	37	32	False	inf	1.0	False	
AqTMK_41_final.txt	AqTMK_54_final.txt	AqTMK_41	AqTMK_54	37	32	False	inf	1.0	False	
AqTMK_41_final.txt	AqTMK_59_final.txt	AqTMK_41	AqTMK_59	37	32	False	inf	1.0	False	
AqTMK_41_final.txt	AqTMK_62_final.txt	AqTMK_41	AqTMK_62	37	32	False	inf	1.0	False	
AqTMK_41_final.txt	AqTMK_63_final.txt	AqTMK_41	AqTMK_63	37	32	False	inf	1.0	False	
AqTMK_41_final.txt	AqTMK_68_final.txt	AqTMK_41	AqTMK_68	37	32	False	inf	1.0	False	
AqTMK_41_final.txt	AqTMK_70_final.txt	AqTMK_41	AqTMK_70	37	32	False	inf	1.0	False	
AqTMK_41_final.txt	AqTMK_82_final.txt	AqTMK_41	AqTMK_82	37	32	False	inf	1.0	False	
AqTMK_41_final.txt	AqTMK_81_final.txt	AqTMK_41	AqTMK_81	37	32	False	inf	1.0	False	
AqTMK_41_final.txt	AqTMK_79_final.txt	AqTMK_41	AqTMK_79	37	32	False	inf	1.0	False	
AqTMK_41_final.txt	AqTMK_84_final.txt	AqTMK_41	AqTMK_84	37	32	False	inf	1.0	False	
AqTMK_41_final.txt	AqTMK_85_final.txt	AqTMK_41	AqTMK_85	37	32	False	inf	1.0	False	
AqTMK_41_final.txt	AqTMK_89_final.txt	AqTMK_41	AqTMK_89	37	32	False	inf	1.0	False	
AqTMK_41_final.txt	AqTMK_91_final.txt	AqTMK_41	AqTMK_91	37	32	False	inf	1.0	False	
AqTMK_41_final.txt	AqTMK_93_final.txt	AqTMK_41	AqTMK_93	37	32	False	inf	1.0	False	
AqTMK_41_final.txt	AqTMK_98_final.txt	AqTMK_41	AqTMK_98	37	32	False	inf	1.0	False	
AqTMK_41_final.txt	AqTMK_101_final.txt	AqTMK_41	AqTMK_101	37	32	False	inf	1.0	False	
AqTMK_41_final.txt	AqTMK_99_final.txt	AqTMK_41	AqTMK_99	37	32	False	inf	1.0	False	
AqTMK_41_final.txt	AqTMK_103_final.txt	AqTMK_41	AqTMK_103	37	32	False	inf	1.0	False	
AqTMK_41_final.txt	AqTMK_104_final.txt	AqTMK_41	AqTMK_104	37	32	False	inf	1.0	False	
AqTMK_41_final.txt	AqTMK_106_final.txt	AqTMK_41	AqTMK_106	37	32	False	inf	1.0	False	
AqTMK_41_final.txt	AqTMK_114_final.txt	AqTMK_41	AqTMK_114	37	32	False	inf	1.0	False	
AqTMK_41_final.txt	AqTMK_117_final.txt	AqTMK_41	AqTMK_117	37	32	False	inf	1.0	False	
AqTMK_41_final.txt	AqTMK_118_final.txt	AqTMK_41	AqTMK_118	37	32	False	inf	1.0	False	
AqTMK_41_final.txt	AqTMK_149_final.txt	AqTMK_41	AqTMK_149	37	32	False	inf	1.0	False	
AqTMK_41_final.txt	AqTMK_131_final.txt	AqTMK_41	AqTMK_131	37	32	False	inf	1.0	False	
AqTMK_41_final.txt	AqTMK_155_final.txt	AqTMK_41	AqTMK_155	37	32	False	inf	1.0	False	
AqTMK_41_final.txt	AqTMK_159_final.txt	AqTMK_41	AqTMK_159	37	32	False	inf	1.0	False	
AqTMK_41_final.txt	AqTMK_165_final.txt	AqTMK_41	AqTMK_165	37	32	False	inf	1.0	False	
AqTMK_41_final.txt	AqTMK_173_final.txt	AqTMK_41	AqTMK_173	37	32	False	inf	1.0	False	
AqTMK_41_final.txt	AqTMK_179_final.txt	AqTMK_41	AqTMK_179	37	32	False	inf	1.0	False	
AqTMK_41_final.txt	AqTMK_187_final.txt	AqTMK_41	AqTMK_187	37	32	False	inf	1.0	False	
AqTMK_41_final.txt	AqTMK_188_final.txt	AqTMK_41	AqTMK_188	37	32	False	inf	1.0	False	
AqTMK_41_final.txt	AqTMK_181_final.txt	AqTMK_41	AqTMK_181	37	32	False	inf	1.0	False	
AqTMK_41_final.txt	AqTMK_191_final.txt	AqTMK_41	AqTMK_191	37	32	False	inf	1.0	False	
AqTMK_41_final.txt	AqTMK_198_final.txt	AqTMK_41	AqTMK_198	37	32	False	inf	1.0	False	
AqTMK_41_final.txt	AqTMK_218_final.txt	AqTMK_41	AqTMK_218	37	32	False	inf	1.0	False	
AqTMK_41_final.txt	AqTMK_219_final.txt	AqTMK_41	AqTMK_219	37	32	False	inf	1.0	False	
AqTMK_41_final.txt	AqTMK_224_final.txt	AqTMK_41	AqTMK_224	37	32	False	inf	1.0	False	
AqTMK_41_final.txt	AqTMK_234_final.txt	AqTMK_41	AqTMK_234	37	32	False	inf	1.0	False	
AqTMK_41_final.txt	AqTMK_236_final.txt	AqTMK_41	AqTMK_236	37	32	False	inf	1.0	False	
AqTMK_41_final.txt	AqTMK_240_final.txt	AqTMK_41	AqTMK_240	37	32	False	inf	1.0	False	
AqTMK_41_final.txt	AqTMK_242_final.txt	AqTMK_41	AqTMK_242	37	32	False	inf	1.0	False	
AqTMK_41_final.txt	AqTMK_245_final.txt	AqTMK_41	AqTMK_245	37	32	False	inf	1.0	False	
AqTMK_41_final.txt	AqTMK_249_final.txt	AqTMK_41	AqTMK_249	37	32	False	inf	1.0	False	
AqTMK_41_final.txt	AqTMK_263_final.txt	AqTMK_41	AqTMK_263	37	32	False	inf	1.0	False	
AqTMK_41_final.txt	AqTMK_267_final.txt	AqTMK_41	AqTMK_267	37	32	False	inf	1.0	False	
AqTMK_41_final.txt	AqTMK_272_final.txt	AqTMK_41	AqTMK_272	37	32	False	inf	1.0	False	
AqTMK_41_final.txt	AqTMK_275_final.txt	AqTMK_41	AqTMK_275	37	32	False	inf	1.0	False	
AqTMK_41_final.txt	AqTMK_274_final.txt	AqTMK_41	AqTMK_274	37	32	False	inf	1.0	False	
AqTMK_41_final.txt	AqTMK_279_final.txt	AqTMK_41	AqTMK_279	37	32	False	inf	1.0	False	
AqTMK_41_final.txt	AqTMK_286_final.txt	AqTMK_41	AqTMK_286	37	32	False	inf	1.0	False	
AqTMK_41_final.txt	AqTMK_290_final.txt	AqTMK_41	AqTMK_290	37	32	False	inf	1.0	False	
AqTMK_41_final.txt	AqTMK_292_final.txt	AqTMK_41	AqTMK_292	37	32	False	inf	1.0	False	
AqTMK_41_final.txt	AqTMK_299_final.txt	AqTMK_41	AqTMK_299	37	32	False	inf	1.0	False	
AqTMK_41_final.txt	AqTMK_45_final.txt	AqTMK_41	AqTMK_45	37	31	False	inf	1.0	False	
AqTMK_41_final.txt	AqTMK_47_final.txt	AqTMK_41	AqTMK_47	37	31	False	inf	1.0	False	
AqTMK_41_final.txt	AqTMK_309_final.txt	AqTMK_41	AqTMK_309	37	32	False	inf	1.0	False	
AqTMK_41_final.txt	AqTMK_48_final.txt	AqTMK_41	AqTMK_48	37	31	False	inf	1.0	False	
AqTMK_41_final.txt	AqTMK_53_final.txt	AqTMK_41	AqTMK_53	37	31	False	inf	1.0	False	
AqTMK_41_final.txt	AqTMK_57_final.txt	AqTMK_41	AqTMK_57	37	31	False	inf	1.0	False	
AqTMK_41_final.txt	AqTMK_72_final.txt	AqTMK_41	AqTMK_72	37	31	False	inf	1.0	False	
AqTMK_41_final.txt	AqTMK_73_final.txt	AqTMK_41	AqTMK_73	37	31	False	inf	1.0	False	
AqTMK_41_final.txt	AqTMK_92_final.txt	AqTMK_41	AqTMK_92	37	31	False	inf	1.0	False	
AqTMK_41_final.txt	AqTMK_76_final.txt	AqTMK_41	AqTMK_76	37	31	False	inf	1.0	False	
AqTMK_41_final.txt	AqTMK_94_final.txt	AqTMK_41	AqTMK_94	37	31	False	inf	1.0	False	
AqTMK_41_final.txt	AqTMK_108_final.txt	AqTMK_41	AqTMK_108	37	31	False	inf	1.0	False	
AqTMK_41_final.txt	AqTMK_110_final.txt	AqTMK_41	AqTMK_110	37	31	False	inf	1.0	False	
AqTMK_41_final.txt	AqTMK_112_final.txt	AqTMK_41	AqTMK_112	37	31	False	inf	1.0	False	
AqTMK_41_final.txt	AqTMK_119_final.txt	AqTMK_41	AqTMK_119	37	31	False	inf	1.0	False	
AqTMK_41_final.txt	AqTMK_122_final.txt	AqTMK_41	AqTMK_122	37	31	False	inf	1.0	False	
AqTMK_41_final.txt	AqTMK_133_final.txt	AqTMK_41	AqTMK_133	37	31	False	inf	1.0	False	
AqTMK_41_final.txt	AqTMK_123_final.txt	AqTMK_41	AqTMK_123	37	31	False	inf	1.0	False	
AqTMK_41_final.txt	AqTMK_132_final.txt	AqTMK_41	AqTMK_132	37	31	False	inf	1.0	False	
AqTMK_41_final.txt	AqTMK_167_final.txt	AqTMK_41	AqTMK_167	37	31	False	inf	1.0	False	
AqTMK_41_final.txt	AqTMK_172_final.txt	AqTMK_41	AqTMK_172	37	31	False	inf	1.0	False	
AqTMK_41_final.txt	AqTMK_178_final.txt	AqTMK_41	AqTMK_178	37	31	False	inf	1.0	False	
AqTMK_41_final.txt	AqTMK_184_final.txt	AqTMK_41	AqTMK_184	37	31	False	inf	1.0	False	
AqTMK_41_final.txt	AqTMK_195_final.txt	AqTMK_41	AqTMK_195	37	31	False	inf	1.0	False	
AqTMK_41_final.txt	AqTMK_201_final.txt	AqTMK_41	AqTMK_201	37	31	False	inf	1.0	False	
AqTMK_41_final.txt	AqTMK_211_final.txt	AqTMK_41	AqTMK_211	37	31	False	inf	1.0	False	
AqTMK_41_final.txt	AqTMK_237_final.txt	AqTMK_41	AqTMK_237	37	31	False	inf	1.0	False	
AqTMK_41_final.txt	AqTMK_238_final.txt	AqTMK_41	AqTMK_238	37	31	False	inf	1.0	False	
AqTMK_41_final.txt	AqTMK_253_final.txt	AqTMK_41	AqTMK_253	37	31	False	inf	1.0	False	
AqTMK_41_final.txt	AqTMK_276_final.txt	AqTMK_41	AqTMK_276	37	31	False	inf	1.0	False	
AqTMK_41_final.txt	AqTMK_277_final.txt	AqTMK_41	AqTMK_277	37	31	False	inf	1.0	False	
AqTMK_41_final.txt	AqTMK_288_final.txt	AqTMK_41	AqTMK_288	37	31	False	inf	1.0	False	
AqTMK_41_final.txt	AqTMK_43_final.txt	AqTMK_41	AqTMK_43	37	30	False	inf	1.0	False	
AqTMK_41_final.txt	AqTMK_300_final.txt	AqTMK_41	AqTMK_300	37	31	False	inf	1.0	False	
AqTMK_41_final.txt	AqTMK_33_final.txt	AqTMK_41	AqTMK_33	37	30	False	inf	1.0	False	
AqTMK_41_final.txt	AqTMK_49_final.txt	AqTMK_41	AqTMK_49	37	30	False	inf	1.0	False	
AqTMK_41_final.txt	AqTMK_50_final.txt	AqTMK_41	AqTMK_50	37	30	False	inf	1.0	False	
AqTMK_41_final.txt	AqTMK_66_final.txt	AqTMK_41	AqTMK_66	37	30	False	inf	1.0	False	
AqTMK_41_final.txt	AqTMK_102_final.txt	AqTMK_41	AqTMK_102	37	30	False	inf	1.0	False	
AqTMK_41_final.txt	AqTMK_124_final.txt	AqTMK_41	AqTMK_124	37	30	False	inf	1.0	False	
AqTMK_41_final.txt	AqTMK_153_final.txt	AqTMK_41	AqTMK_153	37	30	False	inf	1.0	False	
AqTMK_41_final.txt	AqTMK_193_final.txt	AqTMK_41	AqTMK_193	37	30	False	inf	1.0	False	
AqTMK_41_final.txt	AqTMK_264_final.txt	AqTMK_41	AqTMK_264	37	30	False	inf	1.0	False	
AqTMK_41_final.txt	AqTMK_121_final.txt	AqTMK_41	AqTMK_121	37	29	False	inf	1.0	False	
AqTMK_44_final.txt	AqTMK_46_final.txt	AqTMK_44	AqTMK_46	37	37	True	4	1.0	False	
AqTMK_44_final.txt	AqTMK_58_final.txt	AqTMK_44	AqTMK_58	37	37	True	6	1.0	False	
AqTMK_44_final.txt	AqTMK_60_final.txt	AqTMK_44	AqTMK_60	37	37	True	6	1.0	False	
AqTMK_44_final.txt	AqTMK_88_final.txt	AqTMK_44	AqTMK_88	37	37	True	2	1.0	False	
AqTMK_44_final.txt	AqTMK_134_final.txt	AqTMK_44	AqTMK_134	37	37	True	4	1.0	False	
AqTMK_44_final.txt	AqTMK_97_final.txt	AqTMK_44	AqTMK_97	37	37	True	4	1.0	False	
AqTMK_44_final.txt	AqTMK_140_final.txt	AqTMK_44	AqTMK_140	37	37	True	2	1.0	False	
AqTMK_44_final.txt	AqTMK_228_final.txt	AqTMK_44	AqTMK_228	37	37	True	12	1.0	False	
AqTMK_44_final.txt	AqTMK_2_final.txt	AqTMK_44	AqTMK_2	37	36	False	inf	1.0	False	
AqTMK_44_final.txt	AqTMK_6_final.txt	AqTMK_44	AqTMK_6	37	36	False	inf	1.0	False	
AqTMK_44_final.txt	AqTMK_9_final.txt	AqTMK_44	AqTMK_9	37	36	False	inf	1.0	False	
AqTMK_44_final.txt	AqTMK_13_final.txt	AqTMK_44	AqTMK_13	37	36	False	inf	1.0	False	
AqTMK_44_final.txt	AqTMK_15_final.txt	AqTMK_44	AqTMK_15	37	36	False	inf	1.0	False	
AqTMK_44_final.txt	AqTMK_17_final.txt	AqTMK_44	AqTMK_17	37	36	False	inf	1.0	False	
AqTMK_44_final.txt	AqTMK_22_final.txt	AqTMK_44	AqTMK_22	37	36	False	inf	1.0	False	
AqTMK_44_final.txt	AqTMK_28_final.txt	AqTMK_44	AqTMK_28	37	36	False	inf	1.0	False	
AqTMK_44_final.txt	AqTMK_37_final.txt	AqTMK_44	AqTMK_37	37	36	False	inf	1.0	False	
AqTMK_44_final.txt	AqTMK_38_final.txt	AqTMK_44	AqTMK_38	37	36	False	inf	1.0	False	
AqTMK_44_final.txt	AqTMK_77_final.txt	AqTMK_44	AqTMK_77	37	36	False	inf	1.0	False	
AqTMK_44_final.txt	AqTMK_5_final.txt	AqTMK_44	AqTMK_5	37	35	False	inf	1.0	False	
AqTMK_44_final.txt	AqTMK_14_final.txt	AqTMK_44	AqTMK_14	37	35	False	inf	1.0	False	
AqTMK_44_final.txt	AqTMK_23_final.txt	AqTMK_44	AqTMK_23	37	35	False	inf	1.0	False	
AqTMK_44_final.txt	AqTMK_214_final.txt	AqTMK_44	AqTMK_214	37	35	False	inf	1.0	False	
AqTMK_44_final.txt	AqTMK_128_final.txt	AqTMK_44	AqTMK_128	37	34	False	inf	1.0	False	
AqTMK_44_final.txt	AqTMK_196_final.txt	AqTMK_44	AqTMK_196	37	34	False	inf	1.0	False	
AqTMK_44_final.txt	AqTMK_175_final.txt	AqTMK_44	AqTMK_175	37	34	False	inf	1.0	False	
AqTMK_44_final.txt	AqTMK_185_final.txt	AqTMK_44	AqTMK_185	37	34	False	inf	1.0	False	
AqTMK_44_final.txt	AqTMK_207_final.txt	AqTMK_44	AqTMK_207	37	34	False	inf	1.0	False	
AqTMK_44_final.txt	AqTMK_217_final.txt	AqTMK_44	AqTMK_217	37	34	False	inf	1.0	False	
AqTMK_44_final.txt	AqTMK_220_final.txt	AqTMK_44	AqTMK_220	37	34	False	inf	1.0	False	
AqTMK_44_final.txt	AqTMK_244_final.txt	AqTMK_44	AqTMK_244	37	34	False	inf	1.0	False	
AqTMK_44_final.txt	AqTMK_246_final.txt	AqTMK_44	AqTMK_246	37	34	False	inf	1.0	False	
AqTMK_44_final.txt	AqTMK_261_final.txt	AqTMK_44	AqTMK_261	37	34	False	inf	1.0	False	
AqTMK_44_final.txt	AqTMK_69_final.txt	AqTMK_44	AqTMK_69	37	33	False	inf	1.0	False	
AqTMK_44_final.txt	AqTMK_281_final.txt	AqTMK_44	AqTMK_281	37	34	False	inf	1.0	False	
AqTMK_44_final.txt	AqTMK_87_final.txt	AqTMK_44	AqTMK_87	37	33	False	inf	1.0	False	
AqTMK_44_final.txt	AqTMK_95_final.txt	AqTMK_44	AqTMK_95	37	33	False	inf	1.0	False	
AqTMK_44_final.txt	AqTMK_109_final.txt	AqTMK_44	AqTMK_109	37	33	False	inf	1.0	False	
AqTMK_44_final.txt	AqTMK_111_final.txt	AqTMK_44	AqTMK_111	37	33	False	inf	1.0	False	
AqTMK_44_final.txt	AqTMK_116_final.txt	AqTMK_44	AqTMK_116	37	33	False	inf	1.0	False	
AqTMK_44_final.txt	AqTMK_139_final.txt	AqTMK_44	AqTMK_139	37	33	False	inf	1.0	False	
AqTMK_44_final.txt	AqTMK_120_final.txt	AqTMK_44	AqTMK_120	37	33	False	inf	1.0	False	
AqTMK_44_final.txt	AqTMK_156_final.txt	AqTMK_44	AqTMK_156	37	33	False	inf	1.0	False	
AqTMK_44_final.txt	AqTMK_163_final.txt	AqTMK_44	AqTMK_163	37	33	False	inf	1.0	False	
AqTMK_44_final.txt	AqTMK_171_final.txt	AqTMK_44	AqTMK_171	37	33	False	inf	1.0	False	
AqTMK_44_final.txt	AqTMK_186_final.txt	AqTMK_44	AqTMK_186	37	33	False	inf	1.0	False	
AqTMK_44_final.txt	AqTMK_197_final.txt	AqTMK_44	AqTMK_197	37	33	False	inf	1.0	False	
AqTMK_44_final.txt	AqTMK_200_final.txt	AqTMK_44	AqTMK_200	37	33	False	inf	1.0	False	
AqTMK_44_final.txt	AqTMK_208_final.txt	AqTMK_44	AqTMK_208	37	33	False	inf	1.0	False	
AqTMK_44_final.txt	AqTMK_223_final.txt	AqTMK_44	AqTMK_223	37	33	False	inf	1.0	False	
AqTMK_44_final.txt	AqTMK_229_final.txt	AqTMK_44	AqTMK_229	37	33	False	inf	1.0	False	
AqTMK_44_final.txt	AqTMK_230_final.txt	AqTMK_44	AqTMK_230	37	33	False	inf	1.0	False	
AqTMK_44_final.txt	AqTMK_231_final.txt	AqTMK_44	AqTMK_231	37	33	False	inf	1.0	False	
AqTMK_44_final.txt	AqTMK_233_final.txt	AqTMK_44	AqTMK_233	37	33	False	inf	1.0	False	
AqTMK_44_final.txt	AqTMK_257_final.txt	AqTMK_44	AqTMK_257	37	33	False	inf	1.0	False	
AqTMK_44_final.txt	AqTMK_259_final.txt	AqTMK_44	AqTMK_259	37	33	False	inf	1.0	False	
AqTMK_44_final.txt	AqTMK_262_final.txt	AqTMK_44	AqTMK_262	37	33	False	inf	1.0	False	
AqTMK_44_final.txt	AqTMK_270_final.txt	AqTMK_44	AqTMK_270	37	33	False	inf	1.0	False	
AqTMK_44_final.txt	AqTMK_273_final.txt	AqTMK_44	AqTMK_273	37	33	False	inf	1.0	False	
AqTMK_44_final.txt	AqTMK_284_final.txt	AqTMK_44	AqTMK_284	37	33	False	inf	1.0	False	
AqTMK_44_final.txt	AqTMK_285_final.txt	AqTMK_44	AqTMK_285	37	33	False	inf	1.0	False	
AqTMK_44_final.txt	AqTMK_287_final.txt	AqTMK_44	AqTMK_287	37	33	False	inf	1.0	False	
AqTMK_44_final.txt	AqTMK_295_final.txt	AqTMK_44	AqTMK_295	37	33	False	inf	1.0	False	
AqTMK_44_final.txt	AqTMK_311_final.txt	AqTMK_44	AqTMK_311	37	33	False	inf	1.0	False	
AqTMK_44_final.txt	AqTMK_59_final.txt	AqTMK_44	AqTMK_59	37	32	False	inf	1.0	False	
AqTMK_44_final.txt	AqTMK_54_final.txt	AqTMK_44	AqTMK_54	37	32	False	inf	1.0	False	
AqTMK_44_final.txt	AqTMK_56_final.txt	AqTMK_44	AqTMK_56	37	32	False	inf	1.0	False	
AqTMK_44_final.txt	AqTMK_62_final.txt	AqTMK_44	AqTMK_62	37	32	False	inf	1.0	False	
AqTMK_44_final.txt	AqTMK_63_final.txt	AqTMK_44	AqTMK_63	37	32	False	inf	1.0	False	
AqTMK_44_final.txt	AqTMK_68_final.txt	AqTMK_44	AqTMK_68	37	32	False	inf	1.0	False	
AqTMK_44_final.txt	AqTMK_70_final.txt	AqTMK_44	AqTMK_70	37	32	False	inf	1.0	False	
AqTMK_44_final.txt	AqTMK_79_final.txt	AqTMK_44	AqTMK_79	37	32	False	inf	1.0	False	
AqTMK_44_final.txt	AqTMK_82_final.txt	AqTMK_44	AqTMK_82	37	32	False	inf	1.0	False	
AqTMK_44_final.txt	AqTMK_81_final.txt	AqTMK_44	AqTMK_81	37	32	False	inf	1.0	False	
AqTMK_44_final.txt	AqTMK_84_final.txt	AqTMK_44	AqTMK_84	37	32	False	inf	1.0	False	
AqTMK_44_final.txt	AqTMK_85_final.txt	AqTMK_44	AqTMK_85	37	32	False	inf	1.0	False	
AqTMK_44_final.txt	AqTMK_89_final.txt	AqTMK_44	AqTMK_89	37	32	False	inf	1.0	False	
AqTMK_44_final.txt	AqTMK_91_final.txt	AqTMK_44	AqTMK_91	37	32	False	inf	1.0	False	
AqTMK_44_final.txt	AqTMK_93_final.txt	AqTMK_44	AqTMK_93	37	32	False	inf	1.0	False	
AqTMK_44_final.txt	AqTMK_98_final.txt	AqTMK_44	AqTMK_98	37	32	False	inf	1.0	False	
AqTMK_44_final.txt	AqTMK_101_final.txt	AqTMK_44	AqTMK_101	37	32	False	inf	1.0	False	
AqTMK_44_final.txt	AqTMK_103_final.txt	AqTMK_44	AqTMK_103	37	32	False	inf	1.0	False	
AqTMK_44_final.txt	AqTMK_99_final.txt	AqTMK_44	AqTMK_99	37	32	False	inf	1.0	False	
AqTMK_44_final.txt	AqTMK_104_final.txt	AqTMK_44	AqTMK_104	37	32	False	inf	1.0	False	
AqTMK_44_final.txt	AqTMK_106_final.txt	AqTMK_44	AqTMK_106	37	32	False	inf	1.0	False	
AqTMK_44_final.txt	AqTMK_114_final.txt	AqTMK_44	AqTMK_114	37	32	False	inf	1.0	False	
AqTMK_44_final.txt	AqTMK_117_final.txt	AqTMK_44	AqTMK_117	37	32	False	inf	1.0	False	
AqTMK_44_final.txt	AqTMK_118_final.txt	AqTMK_44	AqTMK_118	37	32	False	inf	1.0	False	
AqTMK_44_final.txt	AqTMK_131_final.txt	AqTMK_44	AqTMK_131	37	32	False	inf	1.0	False	
AqTMK_44_final.txt	AqTMK_149_final.txt	AqTMK_44	AqTMK_149	37	32	False	inf	1.0	False	
AqTMK_44_final.txt	AqTMK_155_final.txt	AqTMK_44	AqTMK_155	37	32	False	inf	1.0	False	
AqTMK_44_final.txt	AqTMK_159_final.txt	AqTMK_44	AqTMK_159	37	32	False	inf	1.0	False	
AqTMK_44_final.txt	AqTMK_165_final.txt	AqTMK_44	AqTMK_165	37	32	False	inf	1.0	False	
AqTMK_44_final.txt	AqTMK_173_final.txt	AqTMK_44	AqTMK_173	37	32	False	inf	1.0	False	
AqTMK_44_final.txt	AqTMK_179_final.txt	AqTMK_44	AqTMK_179	37	32	False	inf	1.0	False	
AqTMK_44_final.txt	AqTMK_181_final.txt	AqTMK_44	AqTMK_181	37	32	False	inf	1.0	False	
AqTMK_44_final.txt	AqTMK_191_final.txt	AqTMK_44	AqTMK_191	37	32	False	inf	1.0	False	
AqTMK_44_final.txt	AqTMK_187_final.txt	AqTMK_44	AqTMK_187	37	32	False	inf	1.0	False	
AqTMK_44_final.txt	AqTMK_188_final.txt	AqTMK_44	AqTMK_188	37	32	False	inf	1.0	False	
AqTMK_44_final.txt	AqTMK_198_final.txt	AqTMK_44	AqTMK_198	37	32	False	inf	1.0	False	
AqTMK_44_final.txt	AqTMK_218_final.txt	AqTMK_44	AqTMK_218	37	32	False	inf	1.0	False	
AqTMK_44_final.txt	AqTMK_219_final.txt	AqTMK_44	AqTMK_219	37	32	False	inf	1.0	False	
AqTMK_44_final.txt	AqTMK_224_final.txt	AqTMK_44	AqTMK_224	37	32	False	inf	1.0	False	
AqTMK_44_final.txt	AqTMK_234_final.txt	AqTMK_44	AqTMK_234	37	32	False	inf	1.0	False	
AqTMK_44_final.txt	AqTMK_236_final.txt	AqTMK_44	AqTMK_236	37	32	False	inf	1.0	False	
AqTMK_44_final.txt	AqTMK_240_final.txt	AqTMK_44	AqTMK_240	37	32	False	inf	1.0	False	
AqTMK_44_final.txt	AqTMK_242_final.txt	AqTMK_44	AqTMK_242	37	32	False	inf	1.0	False	
AqTMK_44_final.txt	AqTMK_245_final.txt	AqTMK_44	AqTMK_245	37	32	False	inf	1.0	False	
AqTMK_44_final.txt	AqTMK_249_final.txt	AqTMK_44	AqTMK_249	37	32	False	inf	1.0	False	
AqTMK_44_final.txt	AqTMK_263_final.txt	AqTMK_44	AqTMK_263	37	32	False	inf	1.0	False	
AqTMK_44_final.txt	AqTMK_267_final.txt	AqTMK_44	AqTMK_267	37	32	False	inf	1.0	False	
AqTMK_44_final.txt	AqTMK_272_final.txt	AqTMK_44	AqTMK_272	37	32	False	inf	1.0	False	
AqTMK_44_final.txt	AqTMK_274_final.txt	AqTMK_44	AqTMK_274	37	32	False	inf	1.0	False	
AqTMK_44_final.txt	AqTMK_279_final.txt	AqTMK_44	AqTMK_279	37	32	False	inf	1.0	False	
AqTMK_44_final.txt	AqTMK_275_final.txt	AqTMK_44	AqTMK_275	37	32	False	inf	1.0	False	
AqTMK_44_final.txt	AqTMK_286_final.txt	AqTMK_44	AqTMK_286	37	32	False	inf	1.0	False	
AqTMK_44_final.txt	AqTMK_290_final.txt	AqTMK_44	AqTMK_290	37	32	False	inf	1.0	False	
AqTMK_44_final.txt	AqTMK_292_final.txt	AqTMK_44	AqTMK_292	37	32	False	inf	1.0	False	
AqTMK_44_final.txt	AqTMK_299_final.txt	AqTMK_44	AqTMK_299	37	32	False	inf	1.0	False	
AqTMK_44_final.txt	AqTMK_309_final.txt	AqTMK_44	AqTMK_309	37	32	False	inf	1.0	False	
AqTMK_44_final.txt	AqTMK_48_final.txt	AqTMK_44	AqTMK_48	37	31	False	inf	1.0	False	
AqTMK_44_final.txt	AqTMK_45_final.txt	AqTMK_44	AqTMK_45	37	31	False	inf	1.0	False	
AqTMK_44_final.txt	AqTMK_47_final.txt	AqTMK_44	AqTMK_47	37	31	False	inf	1.0	False	
AqTMK_44_final.txt	AqTMK_53_final.txt	AqTMK_44	AqTMK_53	37	31	False	inf	1.0	False	
AqTMK_44_final.txt	AqTMK_57_final.txt	AqTMK_44	AqTMK_57	37	31	False	inf	1.0	False	
AqTMK_44_final.txt	AqTMK_72_final.txt	AqTMK_44	AqTMK_72	37	31	False	inf	1.0	False	
AqTMK_44_final.txt	AqTMK_73_final.txt	AqTMK_44	AqTMK_73	37	31	False	inf	1.0	False	
AqTMK_44_final.txt	AqTMK_76_final.txt	AqTMK_44	AqTMK_76	37	31	False	inf	1.0	False	
AqTMK_44_final.txt	AqTMK_92_final.txt	AqTMK_44	AqTMK_92	37	31	False	inf	1.0	False	
AqTMK_44_final.txt	AqTMK_108_final.txt	AqTMK_44	AqTMK_108	37	31	False	inf	1.0	False	
AqTMK_44_final.txt	AqTMK_94_final.txt	AqTMK_44	AqTMK_94	37	31	False	inf	1.0	False	
AqTMK_44_final.txt	AqTMK_110_final.txt	AqTMK_44	AqTMK_110	37	31	False	inf	1.0	False	
AqTMK_44_final.txt	AqTMK_112_final.txt	AqTMK_44	AqTMK_112	37	31	False	inf	1.0	False	
AqTMK_44_final.txt	AqTMK_119_final.txt	AqTMK_44	AqTMK_119	37	31	False	inf	1.0	False	
AqTMK_44_final.txt	AqTMK_122_final.txt	AqTMK_44	AqTMK_122	37	31	False	inf	1.0	False	
AqTMK_44_final.txt	AqTMK_123_final.txt	AqTMK_44	AqTMK_123	37	31	False	inf	1.0	False	
AqTMK_44_final.txt	AqTMK_132_final.txt	AqTMK_44	AqTMK_132	37	31	False	inf	1.0	False	
AqTMK_44_final.txt	AqTMK_167_final.txt	AqTMK_44	AqTMK_167	37	31	False	inf	1.0	False	
AqTMK_44_final.txt	AqTMK_133_final.txt	AqTMK_44	AqTMK_133	37	31	False	inf	1.0	False	
AqTMK_44_final.txt	AqTMK_172_final.txt	AqTMK_44	AqTMK_172	37	31	False	inf	1.0	False	
AqTMK_44_final.txt	AqTMK_178_final.txt	AqTMK_44	AqTMK_178	37	31	False	inf	1.0	False	
AqTMK_44_final.txt	AqTMK_184_final.txt	AqTMK_44	AqTMK_184	37	31	False	inf	1.0	False	
AqTMK_44_final.txt	AqTMK_195_final.txt	AqTMK_44	AqTMK_195	37	31	False	inf	1.0	False	
AqTMK_44_final.txt	AqTMK_201_final.txt	AqTMK_44	AqTMK_201	37	31	False	inf	1.0	False	
AqTMK_44_final.txt	AqTMK_237_final.txt	AqTMK_44	AqTMK_237	37	31	False	inf	1.0	False	
AqTMK_44_final.txt	AqTMK_238_final.txt	AqTMK_44	AqTMK_238	37	31	False	inf	1.0	False	
AqTMK_44_final.txt	AqTMK_211_final.txt	AqTMK_44	AqTMK_211	37	31	False	inf	1.0	False	
AqTMK_44_final.txt	AqTMK_253_final.txt	AqTMK_44	AqTMK_253	37	31	False	inf	1.0	False	
AqTMK_44_final.txt	AqTMK_276_final.txt	AqTMK_44	AqTMK_276	37	31	False	inf	1.0	False	
AqTMK_44_final.txt	AqTMK_277_final.txt	AqTMK_44	AqTMK_277	37	31	False	inf	1.0	False	
AqTMK_44_final.txt	AqTMK_288_final.txt	AqTMK_44	AqTMK_288	37	31	False	inf	1.0	False	
AqTMK_44_final.txt	AqTMK_300_final.txt	AqTMK_44	AqTMK_300	37	31	False	inf	1.0	False	
AqTMK_44_final.txt	AqTMK_33_final.txt	AqTMK_44	AqTMK_33	37	30	False	inf	1.0	False	
AqTMK_44_final.txt	AqTMK_43_final.txt	AqTMK_44	AqTMK_43	37	30	False	inf	1.0	False	
AqTMK_44_final.txt	AqTMK_49_final.txt	AqTMK_44	AqTMK_49	37	30	False	inf	1.0	False	
AqTMK_44_final.txt	AqTMK_50_final.txt	AqTMK_44	AqTMK_50	37	30	False	inf	1.0	False	
AqTMK_44_final.txt	AqTMK_66_final.txt	AqTMK_44	AqTMK_66	37	30	False	inf	1.0	False	
AqTMK_44_final.txt	AqTMK_102_final.txt	AqTMK_44	AqTMK_102	37	30	False	inf	1.0	False	
AqTMK_44_final.txt	AqTMK_124_final.txt	AqTMK_44	AqTMK_124	37	30	False	inf	1.0	False	
AqTMK_44_final.txt	AqTMK_153_final.txt	AqTMK_44	AqTMK_153	37	30	False	inf	1.0	False	
AqTMK_44_final.txt	AqTMK_193_final.txt	AqTMK_44	AqTMK_193	37	30	False	inf	1.0	False	
AqTMK_44_final.txt	AqTMK_264_final.txt	AqTMK_44	AqTMK_264	37	30	False	inf	1.0	False	
AqTMK_44_final.txt	AqTMK_121_final.txt	AqTMK_44	AqTMK_121	37	29	False	inf	1.0	False	
AqTMK_46_final.txt	AqTMK_58_final.txt	AqTMK_46	AqTMK_58	37	37	True	10	1.0	False	
AqTMK_46_final.txt	AqTMK_60_final.txt	AqTMK_46	AqTMK_60	37	37	True	10	1.0	False	
AqTMK_46_final.txt	AqTMK_88_final.txt	AqTMK_46	AqTMK_88	37	37	True	4	1.0	False	
AqTMK_46_final.txt	AqTMK_97_final.txt	AqTMK_46	AqTMK_97	37	37	True	0	1.0	True	class_12
AqTMK_46_final.txt	AqTMK_134_final.txt	AqTMK_46	AqTMK_134	37	37	True	6	1.0	False	
AqTMK_46_final.txt	AqTMK_140_final.txt	AqTMK_46	AqTMK_140	37	37	True	2	1.0	False	
AqTMK_46_final.txt	AqTMK_2_final.txt	AqTMK_46	AqTMK_2	37	36	False	inf	1.0	False	
AqTMK_46_final.txt	AqTMK_228_final.txt	AqTMK_46	AqTMK_228	37	37	True	14	1.0	False	
AqTMK_46_final.txt	AqTMK_9_final.txt	AqTMK_46	AqTMK_9	37	36	False	inf	1.0	False	
AqTMK_46_final.txt	AqTMK_6_final.txt	AqTMK_46	AqTMK_6	37	36	False	inf	1.0	False	
AqTMK_46_final.txt	AqTMK_13_final.txt	AqTMK_46	AqTMK_13	37	36	False	inf	1.0	False	
AqTMK_46_final.txt	AqTMK_15_final.txt	AqTMK_46	AqTMK_15	37	36	False	inf	1.0	False	
AqTMK_46_final.txt	AqTMK_17_final.txt	AqTMK_46	AqTMK_17	37	36	False	inf	1.0	False	
AqTMK_46_final.txt	AqTMK_22_final.txt	AqTMK_46	AqTMK_22	37	36	False	inf	1.0	False	
AqTMK_46_final.txt	AqTMK_28_final.txt	AqTMK_46	AqTMK_28	37	36	False	inf	1.0	False	
AqTMK_46_final.txt	AqTMK_37_final.txt	AqTMK_46	AqTMK_37	37	36	False	inf	1.0	False	
AqTMK_46_final.txt	AqTMK_38_final.txt	AqTMK_46	AqTMK_38	37	36	False	inf	1.0	False	
AqTMK_46_final.txt	AqTMK_77_final.txt	AqTMK_46	AqTMK_77	37	36	False	inf	1.0	False	
AqTMK_46_final.txt	AqTMK_5_final.txt	AqTMK_46	AqTMK_5	37	35	False	inf	1.0	False	
AqTMK_46_final.txt	AqTMK_14_final.txt	AqTMK_46	AqTMK_14	37	35	False	inf	1.0	False	
AqTMK_46_final.txt	AqTMK_23_final.txt	AqTMK_46	AqTMK_23	37	35	False	inf	1.0	False	
AqTMK_46_final.txt	AqTMK_214_final.txt	AqTMK_46	AqTMK_214	37	35	False	inf	1.0	False	
AqTMK_46_final.txt	AqTMK_128_final.txt	AqTMK_46	AqTMK_128	37	34	False	inf	1.0	False	
AqTMK_46_final.txt	AqTMK_175_final.txt	AqTMK_46	AqTMK_175	37	34	False	inf	1.0	False	
AqTMK_46_final.txt	AqTMK_207_final.txt	AqTMK_46	AqTMK_207	37	34	False	inf	1.0	False	
AqTMK_46_final.txt	AqTMK_185_final.txt	AqTMK_46	AqTMK_185	37	34	False	inf	1.0	False	
AqTMK_46_final.txt	AqTMK_196_final.txt	AqTMK_46	AqTMK_196	37	34	False	inf	1.0	False	
AqTMK_46_final.txt	AqTMK_217_final.txt	AqTMK_46	AqTMK_217	37	34	False	inf	1.0	False	
AqTMK_46_final.txt	AqTMK_220_final.txt	AqTMK_46	AqTMK_220	37	34	False	inf	1.0	False	
AqTMK_46_final.txt	AqTMK_244_final.txt	AqTMK_46	AqTMK_244	37	34	False	inf	1.0	False	
AqTMK_46_final.txt	AqTMK_246_final.txt	AqTMK_46	AqTMK_246	37	34	False	inf	1.0	False	
AqTMK_46_final.txt	AqTMK_261_final.txt	AqTMK_46	AqTMK_261	37	34	False	inf	1.0	False	
AqTMK_46_final.txt	AqTMK_281_final.txt	AqTMK_46	AqTMK_281	37	34	False	inf	1.0	False	
AqTMK_46_final.txt	AqTMK_87_final.txt	AqTMK_46	AqTMK_87	37	33	False	inf	1.0	False	
AqTMK_46_final.txt	AqTMK_69_final.txt	AqTMK_46	AqTMK_69	37	33	False	inf	1.0	False	
AqTMK_46_final.txt	AqTMK_95_final.txt	AqTMK_46	AqTMK_95	37	33	False	inf	1.0	False	
AqTMK_46_final.txt	AqTMK_109_final.txt	AqTMK_46	AqTMK_109	37	33	False	inf	1.0	False	
AqTMK_46_final.txt	AqTMK_111_final.txt	AqTMK_46	AqTMK_111	37	33	False	inf	1.0	False	
AqTMK_46_final.txt	AqTMK_116_final.txt	AqTMK_46	AqTMK_116	37	33	False	inf	1.0	False	
AqTMK_46_final.txt	AqTMK_120_final.txt	AqTMK_46	AqTMK_120	37	33	False	inf	1.0	False	
AqTMK_46_final.txt	AqTMK_163_final.txt	AqTMK_46	AqTMK_163	37	33	False	inf	1.0	False	
AqTMK_46_final.txt	AqTMK_139_final.txt	AqTMK_46	AqTMK_139	37	33	False	inf	1.0	False	
AqTMK_46_final.txt	AqTMK_156_final.txt	AqTMK_46	AqTMK_156	37	33	False	inf	1.0	False	
AqTMK_46_final.txt	AqTMK_171_final.txt	AqTMK_46	AqTMK_171	37	33	False	inf	1.0	False	
AqTMK_46_final.txt	AqTMK_186_final.txt	AqTMK_46	AqTMK_186	37	33	False	inf	1.0	False	
AqTMK_46_final.txt	AqTMK_197_final.txt	AqTMK_46	AqTMK_197	37	33	False	inf	1.0	False	
AqTMK_46_final.txt	AqTMK_200_final.txt	AqTMK_46	AqTMK_200	37	33	False	inf	1.0	False	
AqTMK_46_final.txt	AqTMK_208_final.txt	AqTMK_46	AqTMK_208	37	33	False	inf	1.0	False	
AqTMK_46_final.txt	AqTMK_223_final.txt	AqTMK_46	AqTMK_223	37	33	False	inf	1.0	False	
AqTMK_46_final.txt	AqTMK_230_final.txt	AqTMK_46	AqTMK_230	37	33	False	inf	1.0	False	
AqTMK_46_final.txt	AqTMK_229_final.txt	AqTMK_46	AqTMK_229	37	33	False	inf	1.0	False	
AqTMK_46_final.txt	AqTMK_231_final.txt	AqTMK_46	AqTMK_231	37	33	False	inf	1.0	False	
AqTMK_46_final.txt	AqTMK_233_final.txt	AqTMK_46	AqTMK_233	37	33	False	inf	1.0	False	
AqTMK_46_final.txt	AqTMK_257_final.txt	AqTMK_46	AqTMK_257	37	33	False	inf	1.0	False	
AqTMK_46_final.txt	AqTMK_259_final.txt	AqTMK_46	AqTMK_259	37	33	False	inf	1.0	False	
AqTMK_46_final.txt	AqTMK_262_final.txt	AqTMK_46	AqTMK_262	37	33	False	inf	1.0	False	
AqTMK_46_final.txt	AqTMK_273_final.txt	AqTMK_46	AqTMK_273	37	33	False	inf	1.0	False	
AqTMK_46_final.txt	AqTMK_270_final.txt	AqTMK_46	AqTMK_270	37	33	False	inf	1.0	False	
AqTMK_46_final.txt	AqTMK_284_final.txt	AqTMK_46	AqTMK_284	37	33	False	inf	1.0	False	
AqTMK_46_final.txt	AqTMK_285_final.txt	AqTMK_46	AqTMK_285	37	33	False	inf	1.0	False	
AqTMK_46_final.txt	AqTMK_287_final.txt	AqTMK_46	AqTMK_287	37	33	False	inf	1.0	False	
AqTMK_46_final.txt	AqTMK_295_final.txt	AqTMK_46	AqTMK_295	37	33	False	inf	1.0	False	
AqTMK_46_final.txt	AqTMK_311_final.txt	AqTMK_46	AqTMK_311	37	33	False	inf	1.0	False	
AqTMK_46_final.txt	AqTMK_54_final.txt	AqTMK_46	AqTMK_54	37	32	False	inf	1.0	False	
AqTMK_46_final.txt	AqTMK_56_final.txt	AqTMK_46	AqTMK_56	37	32	False	inf	1.0	False	
AqTMK_46_final.txt	AqTMK_59_final.txt	AqTMK_46	AqTMK_59	37	32	False	inf	1.0	False	
AqTMK_46_final.txt	AqTMK_62_final.txt	AqTMK_46	AqTMK_62	37	32	False	inf	1.0	False	
AqTMK_46_final.txt	AqTMK_63_final.txt	AqTMK_46	AqTMK_63	37	32	False	inf	1.0	False	
AqTMK_46_final.txt	AqTMK_68_final.txt	AqTMK_46	AqTMK_68	37	32	False	inf	1.0	False	
AqTMK_46_final.txt	AqTMK_70_final.txt	AqTMK_46	AqTMK_70	37	32	False	inf	1.0	False	
AqTMK_46_final.txt	AqTMK_79_final.txt	AqTMK_46	AqTMK_79	37	32	False	inf	1.0	False	
AqTMK_46_final.txt	AqTMK_81_final.txt	AqTMK_46	AqTMK_81	37	32	False	inf	1.0	False	
AqTMK_46_final.txt	AqTMK_82_final.txt	AqTMK_46	AqTMK_82	37	32	False	inf	1.0	False	
AqTMK_46_final.txt	AqTMK_84_final.txt	AqTMK_46	AqTMK_84	37	32	False	inf	1.0	False	
AqTMK_46_final.txt	AqTMK_85_final.txt	AqTMK_46	AqTMK_85	37	32	False	inf	1.0	False	
AqTMK_46_final.txt	AqTMK_89_final.txt	AqTMK_46	AqTMK_89	37	32	False	inf	1.0	False	
AqTMK_46_final.txt	AqTMK_91_final.txt	AqTMK_46	AqTMK_91	37	32	False	inf	1.0	False	
AqTMK_46_final.txt	AqTMK_93_final.txt	AqTMK_46	AqTMK_93	37	32	False	inf	1.0	False	
AqTMK_46_final.txt	AqTMK_98_final.txt	AqTMK_46	AqTMK_98	37	32	False	inf	1.0	False	
AqTMK_46_final.txt	AqTMK_99_final.txt	AqTMK_46	AqTMK_99	37	32	False	inf	1.0	False	
AqTMK_46_final.txt	AqTMK_104_final.txt	AqTMK_46	AqTMK_104	37	32	False	inf	1.0	False	
AqTMK_46_final.txt	AqTMK_103_final.txt	AqTMK_46	AqTMK_103	37	32	False	inf	1.0	False	
AqTMK_46_final.txt	AqTMK_101_final.txt	AqTMK_46	AqTMK_101	37	32	False	inf	1.0	False	
AqTMK_46_final.txt	AqTMK_106_final.txt	AqTMK_46	AqTMK_106	37	32	False	inf	1.0	False	
AqTMK_46_final.txt	AqTMK_114_final.txt	AqTMK_46	AqTMK_114	37	32	False	inf	1.0	False	
AqTMK_46_final.txt	AqTMK_117_final.txt	AqTMK_46	AqTMK_117	37	32	False	inf	1.0	False	
AqTMK_46_final.txt	AqTMK_118_final.txt	AqTMK_46	AqTMK_118	37	32	False	inf	1.0	False	
AqTMK_46_final.txt	AqTMK_131_final.txt	AqTMK_46	AqTMK_131	37	32	False	inf	1.0	False	
AqTMK_46_final.txt	AqTMK_159_final.txt	AqTMK_46	AqTMK_159	37	32	False	inf	1.0	False	
AqTMK_46_final.txt	AqTMK_149_final.txt	AqTMK_46	AqTMK_149	37	32	False	inf	1.0	False	
AqTMK_46_final.txt	AqTMK_155_final.txt	AqTMK_46	AqTMK_155	37	32	False	inf	1.0	False	
AqTMK_46_final.txt	AqTMK_165_final.txt	AqTMK_46	AqTMK_165	37	32	False	inf	1.0	False	
AqTMK_46_final.txt	AqTMK_173_final.txt	AqTMK_46	AqTMK_173	37	32	False	inf	1.0	False	
AqTMK_46_final.txt	AqTMK_179_final.txt	AqTMK_46	AqTMK_179	37	32	False	inf	1.0	False	
AqTMK_46_final.txt	AqTMK_181_final.txt	AqTMK_46	AqTMK_181	37	32	False	inf	1.0	False	
AqTMK_46_final.txt	AqTMK_187_final.txt	AqTMK_46	AqTMK_187	37	32	False	inf	1.0	False	
AqTMK_46_final.txt	AqTMK_188_final.txt	AqTMK_46	AqTMK_188	37	32	False	inf	1.0	False	
AqTMK_46_final.txt	AqTMK_191_final.txt	AqTMK_46	AqTMK_191	37	32	False	inf	1.0	False	
AqTMK_46_final.txt	AqTMK_198_final.txt	AqTMK_46	AqTMK_198	37	32	False	inf	1.0	False	
AqTMK_46_final.txt	AqTMK_218_final.txt	AqTMK_46	AqTMK_218	37	32	False	inf	1.0	False	
AqTMK_46_final.txt	AqTMK_219_final.txt	AqTMK_46	AqTMK_219	37	32	False	inf	1.0	False	
AqTMK_46_final.txt	AqTMK_224_final.txt	AqTMK_46	AqTMK_224	37	32	False	inf	1.0	False	
AqTMK_46_final.txt	AqTMK_234_final.txt	AqTMK_46	AqTMK_234	37	32	False	inf	1.0	False	
AqTMK_46_final.txt	AqTMK_236_final.txt	AqTMK_46	AqTMK_236	37	32	False	inf	1.0	False	
AqTMK_46_final.txt	AqTMK_240_final.txt	AqTMK_46	AqTMK_240	37	32	False	inf	1.0	False	
AqTMK_46_final.txt	AqTMK_245_final.txt	AqTMK_46	AqTMK_245	37	32	False	inf	1.0	False	
AqTMK_46_final.txt	AqTMK_242_final.txt	AqTMK_46	AqTMK_242	37	32	False	inf	1.0	False	
AqTMK_46_final.txt	AqTMK_249_final.txt	AqTMK_46	AqTMK_249	37	32	False	inf	1.0	False	
AqTMK_46_final.txt	AqTMK_263_final.txt	AqTMK_46	AqTMK_263	37	32	False	inf	1.0	False	
AqTMK_46_final.txt	AqTMK_267_final.txt	AqTMK_46	AqTMK_267	37	32	False	inf	1.0	False	
AqTMK_46_final.txt	AqTMK_272_final.txt	AqTMK_46	AqTMK_272	37	32	False	inf	1.0	False	
AqTMK_46_final.txt	AqTMK_274_final.txt	AqTMK_46	AqTMK_274	37	32	False	inf	1.0	False	
AqTMK_46_final.txt	AqTMK_279_final.txt	AqTMK_46	AqTMK_279	37	32	False	inf	1.0	False	
AqTMK_46_final.txt	AqTMK_275_final.txt	AqTMK_46	AqTMK_275	37	32	False	inf	1.0	False	
AqTMK_46_final.txt	AqTMK_286_final.txt	AqTMK_46	AqTMK_286	37	32	False	inf	1.0	False	
AqTMK_46_final.txt	AqTMK_290_final.txt	AqTMK_46	AqTMK_290	37	32	False	inf	1.0	False	
AqTMK_46_final.txt	AqTMK_292_final.txt	AqTMK_46	AqTMK_292	37	32	False	inf	1.0	False	
AqTMK_46_final.txt	AqTMK_299_final.txt	AqTMK_46	AqTMK_299	37	32	False	inf	1.0	False	
AqTMK_46_final.txt	AqTMK_309_final.txt	AqTMK_46	AqTMK_309	37	32	False	inf	1.0	False	
AqTMK_46_final.txt	AqTMK_45_final.txt	AqTMK_46	AqTMK_45	37	31	False	inf	1.0	False	
AqTMK_46_final.txt	AqTMK_47_final.txt	AqTMK_46	AqTMK_47	37	31	False	inf	1.0	False	
AqTMK_46_final.txt	AqTMK_53_final.txt	AqTMK_46	AqTMK_53	37	31	False	inf	1.0	False	
AqTMK_46_final.txt	AqTMK_48_final.txt	AqTMK_46	AqTMK_48	37	31	False	inf	1.0	False	
AqTMK_46_final.txt	AqTMK_57_final.txt	AqTMK_46	AqTMK_57	37	31	False	inf	1.0	False	
AqTMK_46_final.txt	AqTMK_72_final.txt	AqTMK_46	AqTMK_72	37	31	False	inf	1.0	False	
AqTMK_46_final.txt	AqTMK_73_final.txt	AqTMK_46	AqTMK_73	37	31	False	inf	1.0	False	
AqTMK_46_final.txt	AqTMK_76_final.txt	AqTMK_46	AqTMK_76	37	31	False	inf	1.0	False	
AqTMK_46_final.txt	AqTMK_92_final.txt	AqTMK_46	AqTMK_92	37	31	False	inf	1.0	False	
AqTMK_46_final.txt	AqTMK_94_final.txt	AqTMK_46	AqTMK_94	37	31	False	inf	1.0	False	
AqTMK_46_final.txt	AqTMK_110_final.txt	AqTMK_46	AqTMK_110	37	31	False	inf	1.0	False	
AqTMK_46_final.txt	AqTMK_108_final.txt	AqTMK_46	AqTMK_108	37	31	False	inf	1.0	False	
AqTMK_46_final.txt	AqTMK_112_final.txt	AqTMK_46	AqTMK_112	37	31	False	inf	1.0	False	
AqTMK_46_final.txt	AqTMK_119_final.txt	AqTMK_46	AqTMK_119	37	31	False	inf	1.0	False	
AqTMK_46_final.txt	AqTMK_122_final.txt	AqTMK_46	AqTMK_122	37	31	False	inf	1.0	False	
AqTMK_46_final.txt	AqTMK_123_final.txt	AqTMK_46	AqTMK_123	37	31	False	inf	1.0	False	
AqTMK_46_final.txt	AqTMK_132_final.txt	AqTMK_46	AqTMK_132	37	31	False	inf	1.0	False	
AqTMK_46_final.txt	AqTMK_172_final.txt	AqTMK_46	AqTMK_172	37	31	False	inf	1.0	False	
AqTMK_46_final.txt	AqTMK_133_final.txt	AqTMK_46	AqTMK_133	37	31	False	inf	1.0	False	
AqTMK_46_final.txt	AqTMK_167_final.txt	AqTMK_46	AqTMK_167	37	31	False	inf	1.0	False	
AqTMK_46_final.txt	AqTMK_178_final.txt	AqTMK_46	AqTMK_178	37	31	False	inf	1.0	False	
AqTMK_46_final.txt	AqTMK_184_final.txt	AqTMK_46	AqTMK_184	37	31	False	inf	1.0	False	
AqTMK_46_final.txt	AqTMK_195_final.txt	AqTMK_46	AqTMK_195	37	31	False	inf	1.0	False	
AqTMK_46_final.txt	AqTMK_201_final.txt	AqTMK_46	AqTMK_201	37	31	False	inf	1.0	False	
AqTMK_46_final.txt	AqTMK_211_final.txt	AqTMK_46	AqTMK_211	37	31	False	inf	1.0	False	
AqTMK_46_final.txt	AqTMK_238_final.txt	AqTMK_46	AqTMK_238	37	31	False	inf	1.0	False	
AqTMK_46_final.txt	AqTMK_237_final.txt	AqTMK_46	AqTMK_237	37	31	False	inf	1.0	False	
AqTMK_46_final.txt	AqTMK_253_final.txt	AqTMK_46	AqTMK_253	37	31	False	inf	1.0	False	
AqTMK_46_final.txt	AqTMK_276_final.txt	AqTMK_46	AqTMK_276	37	31	False	inf	1.0	False	
AqTMK_46_final.txt	AqTMK_277_final.txt	AqTMK_46	AqTMK_277	37	31	False	inf	1.0	False	
AqTMK_46_final.txt	AqTMK_288_final.txt	AqTMK_46	AqTMK_288	37	31	False	inf	1.0	False	
AqTMK_46_final.txt	AqTMK_300_final.txt	AqTMK_46	AqTMK_300	37	31	False	inf	1.0	False	
AqTMK_46_final.txt	AqTMK_33_final.txt	AqTMK_46	AqTMK_33	37	30	False	inf	1.0	False	
AqTMK_46_final.txt	AqTMK_43_final.txt	AqTMK_46	AqTMK_43	37	30	False	inf	1.0	False	
AqTMK_46_final.txt	AqTMK_49_final.txt	AqTMK_46	AqTMK_49	37	30	False	inf	1.0	False	
AqTMK_46_final.txt	AqTMK_50_final.txt	AqTMK_46	AqTMK_50	37	30	False	inf	1.0	False	
AqTMK_46_final.txt	AqTMK_66_final.txt	AqTMK_46	AqTMK_66	37	30	False	inf	1.0	False	
AqTMK_46_final.txt	AqTMK_102_final.txt	AqTMK_46	AqTMK_102	37	30	False	inf	1.0	False	
AqTMK_46_final.txt	AqTMK_124_final.txt	AqTMK_46	AqTMK_124	37	30	False	inf	1.0	False	
AqTMK_46_final.txt	AqTMK_153_final.txt	AqTMK_46	AqTMK_153	37	30	False	inf	1.0	False	
AqTMK_46_final.txt	AqTMK_193_final.txt	AqTMK_46	AqTMK_193	37	30	False	inf	1.0	False	
AqTMK_46_final.txt	AqTMK_264_final.txt	AqTMK_46	AqTMK_264	37	30	False	inf	1.0	False	
AqTMK_46_final.txt	AqTMK_121_final.txt	AqTMK_46	AqTMK_121	37	29	False	inf	1.0	False	
AqTMK_58_final.txt	AqTMK_60_final.txt	AqTMK_58	AqTMK_60	37	37	True	0	1.0	True	class_13
AqTMK_58_final.txt	AqTMK_88_final.txt	AqTMK_58	AqTMK_88	37	37	True	8	1.0	False	
AqTMK_58_final.txt	AqTMK_140_final.txt	AqTMK_58	AqTMK_140	37	37	True	8	1.0	False	
AqTMK_58_final.txt	AqTMK_134_final.txt	AqTMK_58	AqTMK_134	37	37	True	10	1.0	False	
AqTMK_58_final.txt	AqTMK_2_final.txt	AqTMK_58	AqTMK_2	37	36	False	inf	1.0	False	
AqTMK_58_final.txt	AqTMK_6_final.txt	AqTMK_58	AqTMK_6	37	36	False	inf	1.0	False	
AqTMK_58_final.txt	AqTMK_9_final.txt	AqTMK_58	AqTMK_9	37	36	False	inf	1.0	False	
AqTMK_58_final.txt	AqTMK_228_final.txt	AqTMK_58	AqTMK_228	37	37	True	14	1.0	False	
AqTMK_58_final.txt	AqTMK_15_final.txt	AqTMK_58	AqTMK_15	37	36	False	inf	1.0	False	
AqTMK_58_final.txt	AqTMK_13_final.txt	AqTMK_58	AqTMK_13	37	36	False	inf	1.0	False	
AqTMK_58_final.txt	AqTMK_17_final.txt	AqTMK_58	AqTMK_17	37	36	False	inf	1.0	False	
AqTMK_58_final.txt	AqTMK_22_final.txt	AqTMK_58	AqTMK_22	37	36	False	inf	1.0	False	
AqTMK_58_final.txt	AqTMK_28_final.txt	AqTMK_58	AqTMK_28	37	36	False	inf	1.0	False	
AqTMK_58_final.txt	AqTMK_37_final.txt	AqTMK_58	AqTMK_37	37	36	False	inf	1.0	False	
AqTMK_58_final.txt	AqTMK_38_final.txt	AqTMK_58	AqTMK_38	37	36	False	inf	1.0	False	
AqTMK_58_final.txt	AqTMK_77_final.txt	AqTMK_58	AqTMK_77	37	36	False	inf	1.0	False	
AqTMK_58_final.txt	AqTMK_5_final.txt	AqTMK_58	AqTMK_5	37	35	False	inf	1.0	False	
AqTMK_58_final.txt	AqTMK_23_final.txt	AqTMK_58	AqTMK_23	37	35	False	inf	1.0	False	
AqTMK_58_final.txt	AqTMK_14_final.txt	AqTMK_58	AqTMK_14	37	35	False	inf	1.0	False	
AqTMK_58_final.txt	AqTMK_214_final.txt	AqTMK_58	AqTMK_214	37	35	False	inf	1.0	False	
AqTMK_58_final.txt	AqTMK_128_final.txt	AqTMK_58	AqTMK_128	37	34	False	inf	1.0	False	
AqTMK_58_final.txt	AqTMK_175_final.txt	AqTMK_58	AqTMK_175	37	34	False	inf	1.0	False	
AqTMK_58_final.txt	AqTMK_185_final.txt	AqTMK_58	AqTMK_185	37	34	False	inf	1.0	False	
AqTMK_58_final.txt	AqTMK_196_final.txt	AqTMK_58	AqTMK_196	37	34	False	inf	1.0	False	
AqTMK_58_final.txt	AqTMK_217_final.txt	AqTMK_58	AqTMK_217	37	34	False	inf	1.0	False	
AqTMK_58_final.txt	AqTMK_207_final.txt	AqTMK_58	AqTMK_207	37	34	False	inf	1.0	False	
AqTMK_58_final.txt	AqTMK_220_final.txt	AqTMK_58	AqTMK_220	37	34	False	inf	1.0	False	
AqTMK_58_final.txt	AqTMK_244_final.txt	AqTMK_58	AqTMK_244	37	34	False	inf	1.0	False	
AqTMK_58_final.txt	AqTMK_246_final.txt	AqTMK_58	AqTMK_246	37	34	False	inf	1.0	False	
AqTMK_58_final.txt	AqTMK_261_final.txt	AqTMK_58	AqTMK_261	37	34	False	inf	1.0	False	
AqTMK_58_final.txt	AqTMK_281_final.txt	AqTMK_58	AqTMK_281	37	34	False	inf	1.0	False	
AqTMK_58_final.txt	AqTMK_69_final.txt	AqTMK_58	AqTMK_69	37	33	False	inf	1.0	False	
AqTMK_58_final.txt	AqTMK_109_final.txt	AqTMK_58	AqTMK_109	37	33	False	inf	1.0	False	
AqTMK_58_final.txt	AqTMK_87_final.txt	AqTMK_58	AqTMK_87	37	33	False	inf	1.0	False	
AqTMK_58_final.txt	AqTMK_95_final.txt	AqTMK_58	AqTMK_95	37	33	False	inf	1.0	False	
AqTMK_58_final.txt	AqTMK_111_final.txt	AqTMK_58	AqTMK_111	37	33	False	inf	1.0	False	
AqTMK_58_final.txt	AqTMK_116_final.txt	AqTMK_58	AqTMK_116	37	33	False	inf	1.0	False	
AqTMK_58_final.txt	AqTMK_120_final.txt	AqTMK_58	AqTMK_120	37	33	False	inf	1.0	False	
AqTMK_58_final.txt	AqTMK_139_final.txt	AqTMK_58	AqTMK_139	37	33	False	inf	1.0	False	
AqTMK_58_final.txt	AqTMK_156_final.txt	AqTMK_58	AqTMK_156	37	33	False	inf	1.0	False	
AqTMK_58_final.txt	AqTMK_163_final.txt	AqTMK_58	AqTMK_163	37	33	False	inf	1.0	False	
AqTMK_58_final.txt	AqTMK_171_final.txt	AqTMK_58	AqTMK_171	37	33	False	inf	1.0	False	
AqTMK_58_final.txt	AqTMK_186_final.txt	AqTMK_58	AqTMK_186	37	33	False	inf	1.0	False	
AqTMK_58_final.txt	AqTMK_197_final.txt	AqTMK_58	AqTMK_197	37	33	False	inf	1.0	False	
AqTMK_58_final.txt	AqTMK_200_final.txt	AqTMK_58	AqTMK_200	37	33	False	inf	1.0	False	
AqTMK_58_final.txt	AqTMK_208_final.txt	AqTMK_58	AqTMK_208	37	33	False	inf	1.0	False	
AqTMK_58_final.txt	AqTMK_223_final.txt	AqTMK_58	AqTMK_223	37	33	False	inf	1.0	False	
AqTMK_58_final.txt	AqTMK_229_final.txt	AqTMK_58	AqTMK_229	37	33	False	inf	1.0	False	
AqTMK_58_final.txt	AqTMK_233_final.txt	AqTMK_58	AqTMK_233	37	33	False	inf	1.0	False	
AqTMK_58_final.txt	AqTMK_230_final.txt	AqTMK_58	AqTMK_230	37	33	False	inf	1.0	False	
AqTMK_58_final.txt	AqTMK_231_final.txt	AqTMK_58	AqTMK_231	37	33	False	inf	1.0	False	
AqTMK_58_final.txt	AqTMK_257_final.txt	AqTMK_58	AqTMK_257	37	33	False	inf	1.0	False	
AqTMK_58_final.txt	AqTMK_259_final.txt	AqTMK_58	AqTMK_259	37	33	False	inf	1.0	False	
AqTMK_58_final.txt	AqTMK_262_final.txt	AqTMK_58	AqTMK_262	37	33	False	inf	1.0	False	
AqTMK_58_final.txt	AqTMK_270_final.txt	AqTMK_58	AqTMK_270	37	33	False	inf	1.0	False	
AqTMK_58_final.txt	AqTMK_273_final.txt	AqTMK_58	AqTMK_273	37	33	False	inf	1.0	False	
AqTMK_58_final.txt	AqTMK_287_final.txt	AqTMK_58	AqTMK_287	37	33	False	inf	1.0	False	
AqTMK_58_final.txt	AqTMK_285_final.txt	AqTMK_58	AqTMK_285	37	33	False	inf	1.0	False	
AqTMK_58_final.txt	AqTMK_284_final.txt	AqTMK_58	AqTMK_284	37	33	False	inf	1.0	False	
AqTMK_58_final.txt	AqTMK_295_final.txt	AqTMK_58	AqTMK_295	37	33	False	inf	1.0	False	
AqTMK_58_final.txt	AqTMK_311_final.txt	AqTMK_58	AqTMK_311	37	33	False	inf	1.0	False	
AqTMK_58_final.txt	AqTMK_54_final.txt	AqTMK_58	AqTMK_54	37	32	False	inf	1.0	False	
AqTMK_58_final.txt	AqTMK_56_final.txt	AqTMK_58	AqTMK_56	37	32	False	inf	1.0	False	
AqTMK_58_final.txt	AqTMK_59_final.txt	AqTMK_58	AqTMK_59	37	32	False	inf	1.0	False	
AqTMK_58_final.txt	AqTMK_62_final.txt	AqTMK_58	AqTMK_62	37	32	False	inf	1.0	False	
AqTMK_58_final.txt	AqTMK_68_final.txt	AqTMK_58	AqTMK_68	37	32	False	inf	1.0	False	
AqTMK_58_final.txt	AqTMK_63_final.txt	AqTMK_58	AqTMK_63	37	32	False	inf	1.0	False	
AqTMK_58_final.txt	AqTMK_70_final.txt	AqTMK_58	AqTMK_70	37	32	False	inf	1.0	False	
AqTMK_58_final.txt	AqTMK_79_final.txt	AqTMK_58	AqTMK_79	37	32	False	inf	1.0	False	
AqTMK_58_final.txt	AqTMK_81_final.txt	AqTMK_58	AqTMK_81	37	32	False	inf	1.0	False	
AqTMK_58_final.txt	AqTMK_82_final.txt	AqTMK_58	AqTMK_82	37	32	False	inf	1.0	False	
AqTMK_58_final.txt	AqTMK_84_final.txt	AqTMK_58	AqTMK_84	37	32	False	inf	1.0	False	
AqTMK_58_final.txt	AqTMK_89_final.txt	AqTMK_58	AqTMK_89	37	32	False	inf	1.0	False	
AqTMK_58_final.txt	AqTMK_85_final.txt	AqTMK_58	AqTMK_85	37	32	False	inf	1.0	False	
AqTMK_58_final.txt	AqTMK_91_final.txt	AqTMK_58	AqTMK_91	37	32	False	inf	1.0	False	
AqTMK_58_final.txt	AqTMK_93_final.txt	AqTMK_58	AqTMK_93	37	32	False	inf	1.0	False	
AqTMK_58_final.txt	AqTMK_98_final.txt	AqTMK_58	AqTMK_98	37	32	False	inf	1.0	False	
AqTMK_58_final.txt	AqTMK_99_final.txt	AqTMK_58	AqTMK_99	37	32	False	inf	1.0	False	
AqTMK_58_final.txt	AqTMK_101_final.txt	AqTMK_58	AqTMK_101	37	32	False	inf	1.0	False	
AqTMK_58_final.txt	AqTMK_103_final.txt	AqTMK_58	AqTMK_103	37	32	False	inf	1.0	False	
AqTMK_58_final.txt	AqTMK_106_final.txt	AqTMK_58	AqTMK_106	37	32	False	inf	1.0	False	
AqTMK_58_final.txt	AqTMK_114_final.txt	AqTMK_58	AqTMK_114	37	32	False	inf	1.0	False	
AqTMK_58_final.txt	AqTMK_104_final.txt	AqTMK_58	AqTMK_104	37	32	False	inf	1.0	False	
AqTMK_58_final.txt	AqTMK_117_final.txt	AqTMK_58	AqTMK_117	37	32	False	inf	1.0	False	
AqTMK_58_final.txt	AqTMK_118_final.txt	AqTMK_58	AqTMK_118	37	32	False	inf	1.0	False	
AqTMK_58_final.txt	AqTMK_131_final.txt	AqTMK_58	AqTMK_131	37	32	False	inf	1.0	False	
AqTMK_58_final.txt	AqTMK_149_final.txt	AqTMK_58	AqTMK_149	37	32	False	inf	1.0	False	
AqTMK_58_final.txt	AqTMK_155_final.txt	AqTMK_58	AqTMK_155	37	32	False	inf	1.0	False	
AqTMK_58_final.txt	AqTMK_165_final.txt	AqTMK_58	AqTMK_165	37	32	False	inf	1.0	False	
AqTMK_58_final.txt	AqTMK_159_final.txt	AqTMK_58	AqTMK_159	37	32	False	inf	1.0	False	
AqTMK_58_final.txt	AqTMK_173_final.txt	AqTMK_58	AqTMK_173	37	32	False	inf	1.0	False	
AqTMK_58_final.txt	AqTMK_179_final.txt	AqTMK_58	AqTMK_179	37	32	False	inf	1.0	False	
AqTMK_58_final.txt	AqTMK_181_final.txt	AqTMK_58	AqTMK_181	37	32	False	inf	1.0	False	
AqTMK_58_final.txt	AqTMK_187_final.txt	AqTMK_58	AqTMK_187	37	32	False	inf	1.0	False	
AqTMK_58_final.txt	AqTMK_188_final.txt	AqTMK_58	AqTMK_188	37	32	False	inf	1.0	False	
AqTMK_58_final.txt	AqTMK_191_final.txt	AqTMK_58	AqTMK_191	37	32	False	inf	1.0	False	
AqTMK_58_final.txt	AqTMK_198_final.txt	AqTMK_58	AqTMK_198	37	32	False	inf	1.0	False	
AqTMK_58_final.txt	AqTMK_219_final.txt	AqTMK_58	AqTMK_219	37	32	False	inf	1.0	False	
AqTMK_58_final.txt	AqTMK_218_final.txt	AqTMK_58	AqTMK_218	37	32	False	inf	1.0	False	
AqTMK_58_final.txt	AqTMK_224_final.txt	AqTMK_58	AqTMK_224	37	32	False	inf	1.0	False	
AqTMK_58_final.txt	AqTMK_234_final.txt	AqTMK_58	AqTMK_234	37	32	False	inf	1.0	False	
AqTMK_58_final.txt	AqTMK_236_final.txt	AqTMK_58	AqTMK_236	37	32	False	inf	1.0	False	
AqTMK_58_final.txt	AqTMK_240_final.txt	AqTMK_58	AqTMK_240	37	32	False	inf	1.0	False	
AqTMK_58_final.txt	AqTMK_242_final.txt	AqTMK_58	AqTMK_242	37	32	False	inf	1.0	False	
AqTMK_58_final.txt	AqTMK_249_final.txt	AqTMK_58	AqTMK_249	37	32	False	inf	1.0	False	
AqTMK_58_final.txt	AqTMK_263_final.txt	AqTMK_58	AqTMK_263	37	32	False	inf	1.0	False	
AqTMK_58_final.txt	AqTMK_245_final.txt	AqTMK_58	AqTMK_245	37	32	False	inf	1.0	False	
AqTMK_58_final.txt	AqTMK_267_final.txt	AqTMK_58	AqTMK_267	37	32	False	inf	1.0	False	
AqTMK_58_final.txt	AqTMK_272_final.txt	AqTMK_58	AqTMK_272	37	32	False	inf	1.0	False	
AqTMK_58_final.txt	AqTMK_274_final.txt	AqTMK_58	AqTMK_274	37	32	False	inf	1.0	False	
AqTMK_58_final.txt	AqTMK_275_final.txt	AqTMK_58	AqTMK_275	37	32	False	inf	1.0	False	
AqTMK_58_final.txt	AqTMK_279_final.txt	AqTMK_58	AqTMK_279	37	32	False	inf	1.0	False	
AqTMK_58_final.txt	AqTMK_286_final.txt	AqTMK_58	AqTMK_286	37	32	False	inf	1.0	False	
AqTMK_58_final.txt	AqTMK_292_final.txt	AqTMK_58	AqTMK_292	37	32	False	inf	1.0	False	
AqTMK_58_final.txt	AqTMK_290_final.txt	AqTMK_58	AqTMK_290	37	32	False	inf	1.0	False	
AqTMK_58_final.txt	AqTMK_299_final.txt	AqTMK_58	AqTMK_299	37	32	False	inf	1.0	False	
AqTMK_58_final.txt	AqTMK_309_final.txt	AqTMK_58	AqTMK_309	37	32	False	inf	1.0	False	
AqTMK_58_final.txt	AqTMK_45_final.txt	AqTMK_58	AqTMK_45	37	31	False	inf	1.0	False	
AqTMK_58_final.txt	AqTMK_47_final.txt	AqTMK_58	AqTMK_47	37	31	False	inf	1.0	False	
AqTMK_58_final.txt	AqTMK_48_final.txt	AqTMK_58	AqTMK_48	37	31	False	inf	1.0	False	
AqTMK_58_final.txt	AqTMK_57_final.txt	AqTMK_58	AqTMK_57	37	31	False	inf	1.0	False	
AqTMK_58_final.txt	AqTMK_53_final.txt	AqTMK_58	AqTMK_53	37	31	False	inf	1.0	False	
AqTMK_58_final.txt	AqTMK_72_final.txt	AqTMK_58	AqTMK_72	37	31	False	inf	1.0	False	
AqTMK_58_final.txt	AqTMK_73_final.txt	AqTMK_58	AqTMK_73	37	31	False	inf	1.0	False	
AqTMK_58_final.txt	AqTMK_76_final.txt	AqTMK_58	AqTMK_76	37	31	False	inf	1.0	False	
AqTMK_58_final.txt	AqTMK_92_final.txt	AqTMK_58	AqTMK_92	37	31	False	inf	1.0	False	
AqTMK_58_final.txt	AqTMK_94_final.txt	AqTMK_58	AqTMK_94	37	31	False	inf	1.0	False	
AqTMK_58_final.txt	AqTMK_108_final.txt	AqTMK_58	AqTMK_108	37	31	False	inf	1.0	False	
AqTMK_58_final.txt	AqTMK_119_final.txt	AqTMK_58	AqTMK_119	37	31	False	inf	1.0	False	
AqTMK_58_final.txt	AqTMK_110_final.txt	AqTMK_58	AqTMK_110	37	31	False	inf	1.0	False	
AqTMK_58_final.txt	AqTMK_112_final.txt	AqTMK_58	AqTMK_112	37	31	False	inf	1.0	False	
AqTMK_58_final.txt	AqTMK_122_final.txt	AqTMK_58	AqTMK_122	37	31	False	inf	1.0	False	
AqTMK_58_final.txt	AqTMK_123_final.txt	AqTMK_58	AqTMK_123	37	31	False	inf	1.0	False	
AqTMK_58_final.txt	AqTMK_132_final.txt	AqTMK_58	AqTMK_132	37	31	False	inf	1.0	False	
AqTMK_58_final.txt	AqTMK_133_final.txt	AqTMK_58	AqTMK_133	37	31	False	inf	1.0	False	
AqTMK_58_final.txt	AqTMK_167_final.txt	AqTMK_58	AqTMK_167	37	31	False	inf	1.0	False	
AqTMK_58_final.txt	AqTMK_178_final.txt	AqTMK_58	AqTMK_178	37	31	False	inf	1.0	False	
AqTMK_58_final.txt	AqTMK_172_final.txt	AqTMK_58	AqTMK_172	37	31	False	inf	1.0	False	
AqTMK_58_final.txt	AqTMK_184_final.txt	AqTMK_58	AqTMK_184	37	31	False	inf	1.0	False	
AqTMK_58_final.txt	AqTMK_195_final.txt	AqTMK_58	AqTMK_195	37	31	False	inf	1.0	False	
AqTMK_58_final.txt	AqTMK_201_final.txt	AqTMK_58	AqTMK_201	37	31	False	inf	1.0	False	
AqTMK_58_final.txt	AqTMK_211_final.txt	AqTMK_58	AqTMK_211	37	31	False	inf	1.0	False	
AqTMK_58_final.txt	AqTMK_237_final.txt	AqTMK_58	AqTMK_237	37	31	False	inf	1.0	False	
AqTMK_58_final.txt	AqTMK_238_final.txt	AqTMK_58	AqTMK_238	37	31	False	inf	1.0	False	
AqTMK_58_final.txt	AqTMK_253_final.txt	AqTMK_58	AqTMK_253	37	31	False	inf	1.0	False	
AqTMK_58_final.txt	AqTMK_276_final.txt	AqTMK_58	AqTMK_276	37	31	False	inf	1.0	False	
AqTMK_58_final.txt	AqTMK_277_final.txt	AqTMK_58	AqTMK_277	37	31	False	inf	1.0	False	
AqTMK_58_final.txt	AqTMK_288_final.txt	AqTMK_58	AqTMK_288	37	31	False	inf	1.0	False	
AqTMK_58_final.txt	AqTMK_300_final.txt	AqTMK_58	AqTMK_300	37	31	False	inf	1.0	False	
AqTMK_58_final.txt	AqTMK_33_final.txt	AqTMK_58	AqTMK_33	37	30	False	inf	1.0	False	
AqTMK_58_final.txt	AqTMK_43_final.txt	AqTMK_58	AqTMK_43	37	30	False	inf	1.0	False	
AqTMK_58_final.txt	AqTMK_49_final.txt	AqTMK_58	AqTMK_49	37	30	False	inf	1.0	False	
AqTMK_58_final.txt	AqTMK_50_final.txt	AqTMK_58	AqTMK_50	37	30	False	inf	1.0	False	
AqTMK_58_final.txt	AqTMK_102_final.txt	AqTMK_58	AqTMK_102	37	30	False	inf	1.0	False	
AqTMK_58_final.txt	AqTMK_66_final.txt	AqTMK_58	AqTMK_66	37	30	False	inf	1.0	False	
AqTMK_58_final.txt	AqTMK_124_final.txt	AqTMK_58	AqTMK_124	37	30	False	inf	1.0	False	
AqTMK_58_final.txt	AqTMK_153_final.txt	AqTMK_58	AqTMK_153	37	30	False	inf	1.0	False	
AqTMK_58_final.txt	AqTMK_193_final.txt	AqTMK_58	AqTMK_193	37	30	False	inf	1.0	False	
AqTMK_58_final.txt	AqTMK_264_final.txt	AqTMK_58	AqTMK_264	37	30	False	inf	1.0	False	
AqTMK_58_final.txt	AqTMK_121_final.txt	AqTMK_58	AqTMK_121	37	29	False	inf	1.0	False	
AqTMK_88_final.txt	AqTMK_140_final.txt	AqTMK_88	AqTMK_140	37	37	True	2	1.0	False	
AqTMK_88_final.txt	AqTMK_134_final.txt	AqTMK_88	AqTMK_134	37	37	True	6	1.0	False	
AqTMK_88_final.txt	AqTMK_2_final.txt	AqTMK_88	AqTMK_2	37	36	False	inf	1.0	False	
AqTMK_88_final.txt	AqTMK_6_final.txt	AqTMK_88	AqTMK_6	37	36	False	inf	1.0	False	
AqTMK_88_final.txt	AqTMK_9_final.txt	AqTMK_88	AqTMK_9	37	36	False	inf	1.0	False	
AqTMK_88_final.txt	AqTMK_13_final.txt	AqTMK_88	AqTMK_13	37	36	False	inf	1.0	False	
AqTMK_88_final.txt	AqTMK_15_final.txt	AqTMK_88	AqTMK_15	37	36	False	inf	1.0	False	
AqTMK_88_final.txt	AqTMK_228_final.txt	AqTMK_88	AqTMK_228	37	37	True	12	1.0	False	
AqTMK_88_final.txt	AqTMK_22_final.txt	AqTMK_88	AqTMK_22	37	36	False	inf	1.0	False	
AqTMK_88_final.txt	AqTMK_17_final.txt	AqTMK_88	AqTMK_17	37	36	False	inf	1.0	False	
AqTMK_88_final.txt	AqTMK_28_final.txt	AqTMK_88	AqTMK_28	37	36	False	inf	1.0	False	
AqTMK_88_final.txt	AqTMK_37_final.txt	AqTMK_88	AqTMK_37	37	36	False	inf	1.0	False	
AqTMK_88_final.txt	AqTMK_38_final.txt	AqTMK_88	AqTMK_38	37	36	False	inf	1.0	False	
AqTMK_88_final.txt	AqTMK_77_final.txt	AqTMK_88	AqTMK_77	37	36	False	inf	1.0	False	
AqTMK_88_final.txt	AqTMK_5_final.txt	AqTMK_88	AqTMK_5	37	35	False	inf	1.0	False	
AqTMK_88_final.txt	AqTMK_14_final.txt	AqTMK_88	AqTMK_14	37	35	False	inf	1.0	False	
AqTMK_88_final.txt	AqTMK_128_final.txt	AqTMK_88	AqTMK_128	37	34	False	inf	1.0	False	
AqTMK_88_final.txt	AqTMK_23_final.txt	AqTMK_88	AqTMK_23	37	35	False	inf	1.0	False	
AqTMK_88_final.txt	AqTMK_214_final.txt	AqTMK_88	AqTMK_214	37	35	False	inf	1.0	False	
AqTMK_88_final.txt	AqTMK_175_final.txt	AqTMK_88	AqTMK_175	37	34	False	inf	1.0	False	
AqTMK_88_final.txt	AqTMK_185_final.txt	AqTMK_88	AqTMK_185	37	34	False	inf	1.0	False	
AqTMK_88_final.txt	AqTMK_196_final.txt	AqTMK_88	AqTMK_196	37	34	False	inf	1.0	False	
AqTMK_88_final.txt	AqTMK_207_final.txt	AqTMK_88	AqTMK_207	37	34	False	inf	1.0	False	
AqTMK_88_final.txt	AqTMK_217_final.txt	AqTMK_88	AqTMK_217	37	34	False	inf	1.0	False	
AqTMK_88_final.txt	AqTMK_220_final.txt	AqTMK_88	AqTMK_220	37	34	False	inf	1.0	False	
AqTMK_88_final.txt	AqTMK_246_final.txt	AqTMK_88	AqTMK_246	37	34	False	inf	1.0	False	
AqTMK_88_final.txt	AqTMK_244_final.txt	AqTMK_88	AqTMK_244	37	34	False	inf	1.0	False	
AqTMK_88_final.txt	AqTMK_261_final.txt	AqTMK_88	AqTMK_261	37	34	False	inf	1.0	False	
AqTMK_88_final.txt	AqTMK_281_final.txt	AqTMK_88	AqTMK_281	37	34	False	inf	1.0	False	
AqTMK_88_final.txt	AqTMK_69_final.txt	AqTMK_88	AqTMK_69	37	33	False	inf	1.0	False	
AqTMK_88_final.txt	AqTMK_87_final.txt	AqTMK_88	AqTMK_87	37	33	False	inf	1.0	False	
AqTMK_88_final.txt	AqTMK_95_final.txt	AqTMK_88	AqTMK_95	37	33	False	inf	1.0	False	
AqTMK_88_final.txt	AqTMK_116_final.txt	AqTMK_88	AqTMK_116	37	33	False	inf	1.0	False	
AqTMK_88_final.txt	AqTMK_111_final.txt	AqTMK_88	AqTMK_111	37	33	False	inf	1.0	False	
AqTMK_88_final.txt	AqTMK_109_final.txt	AqTMK_88	AqTMK_109	37	33	False	inf	1.0	False	
AqTMK_88_final.txt	AqTMK_120_final.txt	AqTMK_88	AqTMK_120	37	33	False	inf	1.0	False	
AqTMK_88_final.txt	AqTMK_139_final.txt	AqTMK_88	AqTMK_139	37	33	False	inf	1.0	False	
AqTMK_88_final.txt	AqTMK_156_final.txt	AqTMK_88	AqTMK_156	37	33	False	inf	1.0	False	
AqTMK_88_final.txt	AqTMK_163_final.txt	AqTMK_88	AqTMK_163	37	33	False	inf	1.0	False	
AqTMK_88_final.txt	AqTMK_171_final.txt	AqTMK_88	AqTMK_171	37	33	False	inf	1.0	False	
AqTMK_88_final.txt	AqTMK_197_final.txt	AqTMK_88	AqTMK_197	37	33	False	inf	1.0	False	
AqTMK_88_final.txt	AqTMK_186_final.txt	AqTMK_88	AqTMK_186	37	33	False	inf	1.0	False	
AqTMK_88_final.txt	AqTMK_200_final.txt	AqTMK_88	AqTMK_200	37	33	False	inf	1.0	False	
AqTMK_88_final.txt	AqTMK_208_final.txt	AqTMK_88	AqTMK_208	37	33	False	inf	1.0	False	
AqTMK_88_final.txt	AqTMK_223_final.txt	AqTMK_88	AqTMK_223	37	33	False	inf	1.0	False	
AqTMK_88_final.txt	AqTMK_229_final.txt	AqTMK_88	AqTMK_229	37	33	False	inf	1.0	False	
AqTMK_88_final.txt	AqTMK_230_final.txt	AqTMK_88	AqTMK_230	37	33	False	inf	1.0	False	
AqTMK_88_final.txt	AqTMK_231_final.txt	AqTMK_88	AqTMK_231	37	33	False	inf	1.0	False	
AqTMK_88_final.txt	AqTMK_257_final.txt	AqTMK_88	AqTMK_257	37	33	False	inf	1.0	False	
AqTMK_88_final.txt	AqTMK_233_final.txt	AqTMK_88	AqTMK_233	37	33	False	inf	1.0	False	
AqTMK_88_final.txt	AqTMK_259_final.txt	AqTMK_88	AqTMK_259	37	33	False	inf	1.0	False	
AqTMK_88_final.txt	AqTMK_262_final.txt	AqTMK_88	AqTMK_262	37	33	False	inf	1.0	False	
AqTMK_88_final.txt	AqTMK_270_final.txt	AqTMK_88	AqTMK_270	37	33	False	inf	1.0	False	
AqTMK_88_final.txt	AqTMK_273_final.txt	AqTMK_88	AqTMK_273	37	33	False	inf	1.0	False	
AqTMK_88_final.txt	AqTMK_284_final.txt	AqTMK_88	AqTMK_284	37	33	False	inf	1.0	False	
AqTMK_88_final.txt	AqTMK_285_final.txt	AqTMK_88	AqTMK_285	37	33	False	inf	1.0	False	
AqTMK_88_final.txt	AqTMK_287_final.txt	AqTMK_88	AqTMK_287	37	33	False	inf	1.0	False	
AqTMK_88_final.txt	AqTMK_311_final.txt	AqTMK_88	AqTMK_311	37	33	False	inf	1.0	False	
AqTMK_88_final.txt	AqTMK_295_final.txt	AqTMK_88	AqTMK_295	37	33	False	inf	1.0	False	
AqTMK_88_final.txt	AqTMK_54_final.txt	AqTMK_88	AqTMK_54	37	32	False	inf	1.0	False	
AqTMK_88_final.txt	AqTMK_56_final.txt	AqTMK_88	AqTMK_56	37	32	False	inf	1.0	False	
AqTMK_88_final.txt	AqTMK_59_final.txt	AqTMK_88	AqTMK_59	37	32	False	inf	1.0	False	
AqTMK_88_final.txt	AqTMK_62_final.txt	AqTMK_88	AqTMK_62	37	32	False	inf	1.0	False	
AqTMK_88_final.txt	AqTMK_63_final.txt	AqTMK_88	AqTMK_63	37	32	False	inf	1.0	False	
AqTMK_88_final.txt	AqTMK_79_final.txt	AqTMK_88	AqTMK_79	37	32	False	inf	1.0	False	
AqTMK_88_final.txt	AqTMK_70_final.txt	AqTMK_88	AqTMK_70	37	32	False	inf	1.0	False	
AqTMK_88_final.txt	AqTMK_68_final.txt	AqTMK_88	AqTMK_68	37	32	False	inf	1.0	False	
AqTMK_88_final.txt	AqTMK_81_final.txt	AqTMK_88	AqTMK_81	37	32	False	inf	1.0	False	
AqTMK_88_final.txt	AqTMK_82_final.txt	AqTMK_88	AqTMK_82	37	32	False	inf	1.0	False	
AqTMK_88_final.txt	AqTMK_84_final.txt	AqTMK_88	AqTMK_84	37	32	False	inf	1.0	False	
AqTMK_88_final.txt	AqTMK_85_final.txt	AqTMK_88	AqTMK_85	37	32	False	inf	1.0	False	
AqTMK_88_final.txt	AqTMK_89_final.txt	AqTMK_88	AqTMK_89	37	32	False	inf	1.0	False	
AqTMK_88_final.txt	AqTMK_93_final.txt	AqTMK_88	AqTMK_93	37	32	False	inf	1.0	False	
AqTMK_88_final.txt	AqTMK_91_final.txt	AqTMK_88	AqTMK_91	37	32	False	inf	1.0	False	
AqTMK_88_final.txt	AqTMK_98_final.txt	AqTMK_88	AqTMK_98	37	32	False	inf	1.0	False	
AqTMK_88_final.txt	AqTMK_99_final.txt	AqTMK_88	AqTMK_99	37	32	False	inf	1.0	False	
AqTMK_88_final.txt	AqTMK_101_final.txt	AqTMK_88	AqTMK_101	37	32	False	inf	1.0	False	
AqTMK_88_final.txt	AqTMK_103_final.txt	AqTMK_88	AqTMK_103	37	32	False	inf	1.0	False	
AqTMK_88_final.txt	AqTMK_104_final.txt	AqTMK_88	AqTMK_104	37	32	False	inf	1.0	False	
AqTMK_88_final.txt	AqTMK_106_final.txt	AqTMK_88	AqTMK_106	37	32	False	inf	1.0	False	
AqTMK_88_final.txt	AqTMK_117_final.txt	AqTMK_88	AqTMK_117	37	32	False	inf	1.0	False	
AqTMK_88_final.txt	AqTMK_114_final.txt	AqTMK_88	AqTMK_114	37	32	False	inf	1.0	False	
AqTMK_88_final.txt	AqTMK_118_final.txt	AqTMK_88	AqTMK_118	37	32	False	inf	1.0	False	
AqTMK_88_final.txt	AqTMK_131_final.txt	AqTMK_88	AqTMK_131	37	32	False	inf	1.0	False	
AqTMK_88_final.txt	AqTMK_149_final.txt	AqTMK_88	AqTMK_149	37	32	False	inf	1.0	False	
AqTMK_88_final.txt	AqTMK_155_final.txt	AqTMK_88	AqTMK_155	37	32	False	inf	1.0	False	
AqTMK_88_final.txt	AqTMK_159_final.txt	AqTMK_88	AqTMK_159	37	32	False	inf	1.0	False	
AqTMK_88_final.txt	AqTMK_165_final.txt	AqTMK_88	AqTMK_165	37	32	False	inf	1.0	False	
AqTMK_88_final.txt	AqTMK_181_final.txt	AqTMK_88	AqTMK_181	37	32	False	inf	1.0	False	
AqTMK_88_final.txt	AqTMK_173_final.txt	AqTMK_88	AqTMK_173	37	32	False	inf	1.0	False	
AqTMK_88_final.txt	AqTMK_179_final.txt	AqTMK_88	AqTMK_179	37	32	False	inf	1.0	False	
AqTMK_88_final.txt	AqTMK_187_final.txt	AqTMK_88	AqTMK_187	37	32	False	inf	1.0	False	
AqTMK_88_final.txt	AqTMK_188_final.txt	AqTMK_88	AqTMK_188	37	32	False	inf	1.0	False	
AqTMK_88_final.txt	AqTMK_191_final.txt	AqTMK_88	AqTMK_191	37	32	False	inf	1.0	False	
AqTMK_88_final.txt	AqTMK_198_final.txt	AqTMK_88	AqTMK_198	37	32	False	inf	1.0	False	
AqTMK_88_final.txt	AqTMK_218_final.txt	AqTMK_88	AqTMK_218	37	32	False	inf	1.0	False	
AqTMK_88_final.txt	AqTMK_234_final.txt	AqTMK_88	AqTMK_234	37	32	False	inf	1.0	False	
AqTMK_88_final.txt	AqTMK_219_final.txt	AqTMK_88	AqTMK_219	37	32	False	inf	1.0	False	
AqTMK_88_final.txt	AqTMK_224_final.txt	AqTMK_88	AqTMK_224	37	32	False	inf	1.0	False	
AqTMK_88_final.txt	AqTMK_236_final.txt	AqTMK_88	AqTMK_236	37	32	False	inf	1.0	False	
AqTMK_88_final.txt	AqTMK_240_final.txt	AqTMK_88	AqTMK_240	37	32	False	inf	1.0	False	
AqTMK_88_final.txt	AqTMK_242_final.txt	AqTMK_88	AqTMK_242	37	32	False	inf	1.0	False	
AqTMK_88_final.txt	AqTMK_245_final.txt	AqTMK_88	AqTMK_245	37	32	False	inf	1.0	False	
AqTMK_88_final.txt	AqTMK_249_final.txt	AqTMK_88	AqTMK_249	37	32	False	inf	1.0	False	
AqTMK_88_final.txt	AqTMK_272_final.txt	AqTMK_88	AqTMK_272	37	32	False	inf	1.0	False	
AqTMK_88_final.txt	AqTMK_263_final.txt	AqTMK_88	AqTMK_263	37	32	False	inf	1.0	False	
AqTMK_88_final.txt	AqTMK_267_final.txt	AqTMK_88	AqTMK_267	37	32	False	inf	1.0	False	
AqTMK_88_final.txt	AqTMK_274_final.txt	AqTMK_88	AqTMK_274	37	32	False	inf	1.0	False	
AqTMK_88_final.txt	AqTMK_275_final.txt	AqTMK_88	AqTMK_275	37	32	False	inf	1.0	False	
AqTMK_88_final.txt	AqTMK_279_final.txt	AqTMK_88	AqTMK_279	37	32	False	inf	1.0	False	
AqTMK_88_final.txt	AqTMK_286_final.txt	AqTMK_88	AqTMK_286	37	32	False	inf	1.0	False	
AqTMK_88_final.txt	AqTMK_290_final.txt	AqTMK_88	AqTMK_290	37	32	False	inf	1.0	False	
AqTMK_88_final.txt	AqTMK_299_final.txt	AqTMK_88	AqTMK_299	37	32	False	inf	1.0	False	
AqTMK_88_final.txt	AqTMK_292_final.txt	AqTMK_88	AqTMK_292	37	32	False	inf	1.0	False	
AqTMK_88_final.txt	AqTMK_309_final.txt	AqTMK_88	AqTMK_309	37	32	False	inf	1.0	False	
AqTMK_88_final.txt	AqTMK_45_final.txt	AqTMK_88	AqTMK_45	37	31	False	inf	1.0	False	
AqTMK_88_final.txt	AqTMK_47_final.txt	AqTMK_88	AqTMK_47	37	31	False	inf	1.0	False	
AqTMK_88_final.txt	AqTMK_48_final.txt	AqTMK_88	AqTMK_48	37	31	False	inf	1.0	False	
AqTMK_88_final.txt	AqTMK_53_final.txt	AqTMK_88	AqTMK_53	37	31	False	inf	1.0	False	
AqTMK_88_final.txt	AqTMK_57_final.txt	AqTMK_88	AqTMK_57	37	31	False	inf	1.0	False	
AqTMK_88_final.txt	AqTMK_72_final.txt	AqTMK_88	AqTMK_72	37	31	False	inf	1.0	False	
AqTMK_88_final.txt	AqTMK_73_final.txt	AqTMK_88	AqTMK_73	37	31	False	inf	1.0	False	
AqTMK_88_final.txt	AqTMK_76_final.txt	AqTMK_88	AqTMK_76	37	31	False	inf	1.0	False	
AqTMK_88_final.txt	AqTMK_92_final.txt	AqTMK_88	AqTMK_92	37	31	False	inf	1.0	False	
AqTMK_88_final.txt	AqTMK_94_final.txt	AqTMK_88	AqTMK_94	37	31	False	inf	1.0	False	
AqTMK_88_final.txt	AqTMK_108_final.txt	AqTMK_88	AqTMK_108	37	31	False	inf	1.0	False	
AqTMK_88_final.txt	AqTMK_110_final.txt	AqTMK_88	AqTMK_110	37	31	False	inf	1.0	False	
AqTMK_88_final.txt	AqTMK_112_final.txt	AqTMK_88	AqTMK_112	37	31	False	inf	1.0	False	
AqTMK_88_final.txt	AqTMK_122_final.txt	AqTMK_88	AqTMK_122	37	31	False	inf	1.0	False	
AqTMK_88_final.txt	AqTMK_119_final.txt	AqTMK_88	AqTMK_119	37	31	False	inf	1.0	False	
AqTMK_88_final.txt	AqTMK_123_final.txt	AqTMK_88	AqTMK_123	37	31	False	inf	1.0	False	
AqTMK_88_final.txt	AqTMK_132_final.txt	AqTMK_88	AqTMK_132	37	31	False	inf	1.0	False	
AqTMK_88_final.txt	AqTMK_133_final.txt	AqTMK_88	AqTMK_133	37	31	False	inf	1.0	False	
AqTMK_88_final.txt	AqTMK_167_final.txt	AqTMK_88	AqTMK_167	37	31	False	inf	1.0	False	
AqTMK_88_final.txt	AqTMK_172_final.txt	AqTMK_88	AqTMK_172	37	31	False	inf	1.0	False	
AqTMK_88_final.txt	AqTMK_178_final.txt	AqTMK_88	AqTMK_178	37	31	False	inf	1.0	False	
AqTMK_88_final.txt	AqTMK_184_final.txt	AqTMK_88	AqTMK_184	37	31	False	inf	1.0	False	
AqTMK_88_final.txt	AqTMK_195_final.txt	AqTMK_88	AqTMK_195	37	31	False	inf	1.0	False	
AqTMK_88_final.txt	AqTMK_201_final.txt	AqTMK_88	AqTMK_201	37	31	False	inf	1.0	False	
AqTMK_88_final.txt	AqTMK_211_final.txt	AqTMK_88	AqTMK_211	37	31	False	inf	1.0	False	
AqTMK_88_final.txt	AqTMK_237_final.txt	AqTMK_88	AqTMK_237	37	31	False	inf	1.0	False	
AqTMK_88_final.txt	AqTMK_238_final.txt	AqTMK_88	AqTMK_238	37	31	False	inf	1.0	False	
AqTMK_88_final.txt	AqTMK_253_final.txt	AqTMK_88	AqTMK_253	37	31	False	inf	1.0	False	
AqTMK_88_final.txt	AqTMK_276_final.txt	AqTMK_88	AqTMK_276	37	31	False	inf	1.0	False	
AqTMK_88_final.txt	AqTMK_288_final.txt	AqTMK_88	AqTMK_288	37	31	False	inf	1.0	False	
AqTMK_88_final.txt	AqTMK_300_final.txt	AqTMK_88	AqTMK_300	37	31	False	inf	1.0	False	
AqTMK_88_final.txt	AqTMK_277_final.txt	AqTMK_88	AqTMK_277	37	31	False	inf	1.0	False	
AqTMK_88_final.txt	AqTMK_33_final.txt	AqTMK_88	AqTMK_33	37	30	False	inf	1.0	False	
AqTMK_88_final.txt	AqTMK_43_final.txt	AqTMK_88	AqTMK_43	37	30	False	inf	1.0	False	
AqTMK_88_final.txt	AqTMK_49_final.txt	AqTMK_88	AqTMK_49	37	30	False	inf	1.0	False	
AqTMK_88_final.txt	AqTMK_50_final.txt	AqTMK_88	AqTMK_50	37	30	False	inf	1.0	False	
AqTMK_88_final.txt	AqTMK_66_final.txt	AqTMK_88	AqTMK_66	37	30	False	inf	1.0	False	
AqTMK_88_final.txt	AqTMK_153_final.txt	AqTMK_88	AqTMK_153	37	30	False	inf	1.0	False	
AqTMK_88_final.txt	AqTMK_102_final.txt	AqTMK_88	AqTMK_102	37	30	False	inf	1.0	False	
AqTMK_88_final.txt	AqTMK_124_final.txt	AqTMK_88	AqTMK_124	37	30	False	inf	1.0	False	
AqTMK_88_final.txt	AqTMK_193_final.txt	AqTMK_88	AqTMK_193	37	30	False	inf	1.0	False	
AqTMK_88_final.txt	AqTMK_264_final.txt	AqTMK_88	AqTMK_264	37	30	False	inf	1.0	False	
AqTMK_88_final.txt	AqTMK_121_final.txt	AqTMK_88	AqTMK_121	37	29	False	inf	1.0	False	
AqTMK_134_final.txt	AqTMK_140_final.txt	AqTMK_134	AqTMK_140	37	37	True	6	1.0	False	
AqTMK_134_final.txt	AqTMK_2_final.txt	AqTMK_134	AqTMK_2	37	36	False	inf	1.0	False	
AqTMK_134_final.txt	AqTMK_6_final.txt	AqTMK_134	AqTMK_6	37	36	False	inf	1.0	False	
AqTMK_134_final.txt	AqTMK_9_final.txt	AqTMK_134	AqTMK_9	37	36	False	inf	1.0	False	
AqTMK_134_final.txt	AqTMK_13_final.txt	AqTMK_134	AqTMK_13	37	36	False	inf	1.0	False	
AqTMK_134_final.txt	AqTMK_15_final.txt	AqTMK_134	AqTMK_15	37	36	False	inf	1.0	False	
AqTMK_134_final.txt	AqTMK_17_final.txt	AqTMK_134	AqTMK_17	37	36	False	inf	1.0	False	
AqTMK_134_final.txt	AqTMK_228_final.txt	AqTMK_134	AqTMK_228	37	37	True	8	1.0	False	
AqTMK_134_final.txt	AqTMK_22_final.txt	AqTMK_134	AqTMK_22	37	36	False	inf	1.0	False	
AqTMK_134_final.txt	AqTMK_37_final.txt	AqTMK_134	AqTMK_37	37	36	False	inf	1.0	False	
AqTMK_134_final.txt	AqTMK_28_final.txt	AqTMK_134	AqTMK_28	37	36	False	inf	1.0	False	
AqTMK_134_final.txt	AqTMK_38_final.txt	AqTMK_134	AqTMK_38	37	36	False	inf	1.0	False	
AqTMK_134_final.txt	AqTMK_77_final.txt	AqTMK_134	AqTMK_77	37	36	False	inf	1.0	False	
AqTMK_134_final.txt	AqTMK_5_final.txt	AqTMK_134	AqTMK_5	37	35	False	inf	1.0	False	
AqTMK_134_final.txt	AqTMK_14_final.txt	AqTMK_134	AqTMK_14	37	35	False	inf	1.0	False	
AqTMK_134_final.txt	AqTMK_23_final.txt	AqTMK_134	AqTMK_23	37	35	False	inf	1.0	False	
AqTMK_134_final.txt	AqTMK_214_final.txt	AqTMK_134	AqTMK_214	37	35	False	inf	1.0	False	
AqTMK_134_final.txt	AqTMK_175_final.txt	AqTMK_134	AqTMK_175	37	34	False	inf	1.0	False	
AqTMK_134_final.txt	AqTMK_128_final.txt	AqTMK_134	AqTMK_128	37	34	False	inf	1.0	False	
AqTMK_134_final.txt	AqTMK_185_final.txt	AqTMK_134	AqTMK_185	37	34	False	inf	1.0	False	
AqTMK_134_final.txt	AqTMK_196_final.txt	AqTMK_134	AqTMK_196	37	34	False	inf	1.0	False	
AqTMK_134_final.txt	AqTMK_207_final.txt	AqTMK_134	AqTMK_207	37	34	False	inf	1.0	False	
AqTMK_134_final.txt	AqTMK_217_final.txt	AqTMK_134	AqTMK_217	37	34	False	inf	1.0	False	
AqTMK_134_final.txt	AqTMK_220_final.txt	AqTMK_134	AqTMK_220	37	34	False	inf	1.0	False	
AqTMK_134_final.txt	AqTMK_261_final.txt	AqTMK_134	AqTMK_261	37	34	False	inf	1.0	False	
AqTMK_134_final.txt	AqTMK_244_final.txt	AqTMK_134	AqTMK_244	37	34	False	inf	1.0	False	
AqTMK_134_final.txt	AqTMK_246_final.txt	AqTMK_134	AqTMK_246	37	34	False	inf	1.0	False	
AqTMK_134_final.txt	AqTMK_281_final.txt	AqTMK_134	AqTMK_281	37	34	False	inf	1.0	False	
AqTMK_134_final.txt	AqTMK_69_final.txt	AqTMK_134	AqTMK_69	37	33	False	inf	1.0	False	
AqTMK_134_final.txt	AqTMK_87_final.txt	AqTMK_134	AqTMK_87	37	33	False	inf	1.0	False	
AqTMK_134_final.txt	AqTMK_95_final.txt	AqTMK_134	AqTMK_95	37	33	False	inf	1.0	False	
AqTMK_134_final.txt	AqTMK_109_final.txt	AqTMK_134	AqTMK_109	37	33	False	inf	1.0	False	
AqTMK_134_final.txt	AqTMK_111_final.txt	AqTMK_134	AqTMK_111	37	33	False	inf	1.0	False	
AqTMK_134_final.txt	AqTMK_120_final.txt	AqTMK_134	AqTMK_120	37	33	False	inf	1.0	False	
AqTMK_134_final.txt	AqTMK_116_final.txt	AqTMK_134	AqTMK_116	37	33	False	inf	1.0	False	
AqTMK_134_final.txt	AqTMK_139_final.txt	AqTMK_134	AqTMK_139	37	33	False	inf	1.0	False	
AqTMK_134_final.txt	AqTMK_156_final.txt	AqTMK_134	AqTMK_156	37	33	False	inf	1.0	False	
AqTMK_134_final.txt	AqTMK_163_final.txt	AqTMK_134	AqTMK_163	37	33	False	inf	1.0	False	
AqTMK_134_final.txt	AqTMK_171_final.txt	AqTMK_134	AqTMK_171	37	33	False	inf	1.0	False	
AqTMK_134_final.txt	AqTMK_186_final.txt	AqTMK_134	AqTMK_186	37	33	False	inf	1.0	False	
AqTMK_134_final.txt	AqTMK_200_final.txt	AqTMK_134	AqTMK_200	37	33	False	inf	1.0	False	
AqTMK_134_final.txt	AqTMK_197_final.txt	AqTMK_134	AqTMK_197	37	33	False	inf	1.0	False	
AqTMK_134_final.txt	AqTMK_208_final.txt	AqTMK_134	AqTMK_208	37	33	False	inf	1.0	False	
AqTMK_134_final.txt	AqTMK_223_final.txt	AqTMK_134	AqTMK_223	37	33	False	inf	1.0	False	
AqTMK_134_final.txt	AqTMK_229_final.txt	AqTMK_134	AqTMK_229	37	33	False	inf	1.0	False	
AqTMK_134_final.txt	AqTMK_230_final.txt	AqTMK_134	AqTMK_230	37	33	False	inf	1.0	False	
AqTMK_134_final.txt	AqTMK_231_final.txt	AqTMK_134	AqTMK_231	37	33	False	inf	1.0	False	
AqTMK_134_final.txt	AqTMK_233_final.txt	AqTMK_134	AqTMK_233	37	33	False	inf	1.0	False	
AqTMK_134_final.txt	AqTMK_259_final.txt	AqTMK_134	AqTMK_259	37	33	False	inf	1.0	False	
AqTMK_134_final.txt	AqTMK_257_final.txt	AqTMK_134	AqTMK_257	37	33	False	inf	1.0	False	
AqTMK_134_final.txt	AqTMK_262_final.txt	AqTMK_134	AqTMK_262	37	33	False	inf	1.0	False	
AqTMK_134_final.txt	AqTMK_270_final.txt	AqTMK_134	AqTMK_270	37	33	False	inf	1.0	False	
AqTMK_134_final.txt	AqTMK_273_final.txt	AqTMK_134	AqTMK_273	37	33	False	inf	1.0	False	
AqTMK_134_final.txt	AqTMK_284_final.txt	AqTMK_134	AqTMK_284	37	33	False	inf	1.0	False	
AqTMK_134_final.txt	AqTMK_285_final.txt	AqTMK_134	AqTMK_285	37	33	False	inf	1.0	False	
AqTMK_134_final.txt	AqTMK_287_final.txt	AqTMK_134	AqTMK_287	37	33	False	inf	1.0	False	
AqTMK_134_final.txt	AqTMK_295_final.txt	AqTMK_134	AqTMK_295	37	33	False	inf	1.0	False	
AqTMK_134_final.txt	AqTMK_54_final.txt	AqTMK_134	AqTMK_54	37	32	False	inf	1.0	False	
AqTMK_134_final.txt	AqTMK_311_final.txt	AqTMK_134	AqTMK_311	37	33	False	inf	1.0	False	
AqTMK_134_final.txt	AqTMK_56_final.txt	AqTMK_134	AqTMK_56	37	32	False	inf	1.0	False	
AqTMK_134_final.txt	AqTMK_59_final.txt	AqTMK_134	AqTMK_59	37	32	False	inf	1.0	False	
AqTMK_134_final.txt	AqTMK_62_final.txt	AqTMK_134	AqTMK_62	37	32	False	inf	1.0	False	
AqTMK_134_final.txt	AqTMK_63_final.txt	AqTMK_134	AqTMK_63	37	32	False	inf	1.0	False	
AqTMK_134_final.txt	AqTMK_68_final.txt	AqTMK_134	AqTMK_68	37	32	False	inf	1.0	False	
AqTMK_134_final.txt	AqTMK_70_final.txt	AqTMK_134	AqTMK_70	37	32	False	inf	1.0	False	
AqTMK_134_final.txt	AqTMK_79_final.txt	AqTMK_134	AqTMK_79	37	32	False	inf	1.0	False	
AqTMK_134_final.txt	AqTMK_81_final.txt	AqTMK_134	AqTMK_81	37	32	False	inf	1.0	False	
AqTMK_134_final.txt	AqTMK_82_final.txt	AqTMK_134	AqTMK_82	37	32	False	inf	1.0	False	
AqTMK_134_final.txt	AqTMK_84_final.txt	AqTMK_134	AqTMK_84	37	32	False	inf	1.0	False	
AqTMK_134_final.txt	AqTMK_85_final.txt	AqTMK_134	AqTMK_85	37	32	False	inf	1.0	False	
AqTMK_134_final.txt	AqTMK_89_final.txt	AqTMK_134	AqTMK_89	37	32	False	inf	1.0	False	
AqTMK_134_final.txt	AqTMK_91_final.txt	AqTMK_134	AqTMK_91	37	32	False	inf	1.0	False	
AqTMK_134_final.txt	AqTMK_98_final.txt	AqTMK_134	AqTMK_98	37	32	False	inf	1.0	False	
AqTMK_134_final.txt	AqTMK_99_final.txt	AqTMK_134	AqTMK_99	37	32	False	inf	1.0	False	
AqTMK_134_final.txt	AqTMK_93_final.txt	AqTMK_134	AqTMK_93	37	32	False	inf	1.0	False	
AqTMK_134_final.txt	AqTMK_101_final.txt	AqTMK_134	AqTMK_101	37	32	False	inf	1.0	False	
AqTMK_134_final.txt	AqTMK_103_final.txt	AqTMK_134	AqTMK_103	37	32	False	inf	1.0	False	
AqTMK_134_final.txt	AqTMK_104_final.txt	AqTMK_134	AqTMK_104	37	32	False	inf	1.0	False	
AqTMK_134_final.txt	AqTMK_106_final.txt	AqTMK_134	AqTMK_106	37	32	False	inf	1.0	False	
AqTMK_134_final.txt	AqTMK_114_final.txt	AqTMK_134	AqTMK_114	37	32	False	inf	1.0	False	
AqTMK_134_final.txt	AqTMK_118_final.txt	AqTMK_134	AqTMK_118	37	32	False	inf	1.0	False	
AqTMK_134_final.txt	AqTMK_117_final.txt	AqTMK_134	AqTMK_117	37	32	False	inf	1.0	False	
AqTMK_134_final.txt	AqTMK_131_final.txt	AqTMK_134	AqTMK_131	37	32	False	inf	1.0	False	
AqTMK_134_final.txt	AqTMK_149_final.txt	AqTMK_134	AqTMK_149	37	32	False	inf	1.0	False	
AqTMK_134_final.txt	AqTMK_155_final.txt	AqTMK_134	AqTMK_155	37	32	False	inf	1.0	False	
AqTMK_134_final.txt	AqTMK_159_final.txt	AqTMK_134	AqTMK_159	37	32	False	inf	1.0	False	
AqTMK_134_final.txt	AqTMK_165_final.txt	AqTMK_134	AqTMK_165	37	32	False	inf	1.0	False	
AqTMK_134_final.txt	AqTMK_173_final.txt	AqTMK_134	AqTMK_173	37	32	False	inf	1.0	False	
AqTMK_134_final.txt	AqTMK_187_final.txt	AqTMK_134	AqTMK_187	37	32	False	inf	1.0	False	
AqTMK_134_final.txt	AqTMK_181_final.txt	AqTMK_134	AqTMK_181	37	32	False	inf	1.0	False	
AqTMK_134_final.txt	AqTMK_179_final.txt	AqTMK_134	AqTMK_179	37	32	False	inf	1.0	False	
AqTMK_134_final.txt	AqTMK_188_final.txt	AqTMK_134	AqTMK_188	37	32	False	inf	1.0	False	
AqTMK_134_final.txt	AqTMK_191_final.txt	AqTMK_134	AqTMK_191	37	32	False	inf	1.0	False	
AqTMK_134_final.txt	AqTMK_198_final.txt	AqTMK_134	AqTMK_198	37	32	False	inf	1.0	False	
AqTMK_134_final.txt	AqTMK_218_final.txt	AqTMK_134	AqTMK_218	37	32	False	inf	1.0	False	
AqTMK_134_final.txt	AqTMK_219_final.txt	AqTMK_134	AqTMK_219	37	32	False	inf	1.0	False	
AqTMK_134_final.txt	AqTMK_234_final.txt	AqTMK_134	AqTMK_234	37	32	False	inf	1.0	False	
AqTMK_134_final.txt	AqTMK_224_final.txt	AqTMK_134	AqTMK_224	37	32	False	inf	1.0	False	
AqTMK_134_final.txt	AqTMK_236_final.txt	AqTMK_134	AqTMK_236	37	32	False	inf	1.0	False	
AqTMK_134_final.txt	AqTMK_240_final.txt	AqTMK_134	AqTMK_240	37	32	False	inf	1.0	False	
AqTMK_134_final.txt	AqTMK_242_final.txt	AqTMK_134	AqTMK_242	37	32	False	inf	1.0	False	
AqTMK_134_final.txt	AqTMK_245_final.txt	AqTMK_134	AqTMK_245	37	32	False	inf	1.0	False	
AqTMK_134_final.txt	AqTMK_249_final.txt	AqTMK_134	AqTMK_249	37	32	False	inf	1.0	False	
AqTMK_134_final.txt	AqTMK_263_final.txt	AqTMK_134	AqTMK_263	37	32	False	inf	1.0	False	
AqTMK_134_final.txt	AqTMK_272_final.txt	AqTMK_134	AqTMK_272	37	32	False	inf	1.0	False	
AqTMK_134_final.txt	AqTMK_274_final.txt	AqTMK_134	AqTMK_274	37	32	False	inf	1.0	False	
AqTMK_134_final.txt	AqTMK_267_final.txt	AqTMK_134	AqTMK_267	37	32	False	inf	1.0	False	
AqTMK_134_final.txt	AqTMK_275_final.txt	AqTMK_134	AqTMK_275	37	32	False	inf	1.0	False	
AqTMK_134_final.txt	AqTMK_279_final.txt	AqTMK_134	AqTMK_279	37	32	False	inf	1.0	False	
AqTMK_134_final.txt	AqTMK_286_final.txt	AqTMK_134	AqTMK_286	37	32	False	inf	1.0	False	
AqTMK_134_final.txt	AqTMK_290_final.txt	AqTMK_134	AqTMK_290	37	32	False	inf	1.0	False	
AqTMK_134_final.txt	AqTMK_292_final.txt	AqTMK_134	AqTMK_292	37	32	False	inf	1.0	False	
AqTMK_134_final.txt	AqTMK_45_final.txt	AqTMK_134	AqTMK_45	37	31	False	inf	1.0	False	
AqTMK_134_final.txt	AqTMK_299_final.txt	AqTMK_134	AqTMK_299	37	32	False	inf	1.0	False	
AqTMK_134_final.txt	AqTMK_309_final.txt	AqTMK_134	AqTMK_309	37	32	False	inf	1.0	False	
AqTMK_134_final.txt	AqTMK_47_final.txt	AqTMK_134	AqTMK_47	37	31	False	inf	1.0	False	
AqTMK_134_final.txt	AqTMK_48_final.txt	AqTMK_134	AqTMK_48	37	31	False	inf	1.0	False	
AqTMK_134_final.txt	AqTMK_53_final.txt	AqTMK_134	AqTMK_53	37	31	False	inf	1.0	False	
AqTMK_134_final.txt	AqTMK_57_final.txt	AqTMK_134	AqTMK_57	37	31	False	inf	1.0	False	
AqTMK_134_final.txt	AqTMK_72_final.txt	AqTMK_134	AqTMK_72	37	31	False	inf	1.0	False	
AqTMK_134_final.txt	AqTMK_92_final.txt	AqTMK_134	AqTMK_92	37	31	False	inf	1.0	False	
AqTMK_134_final.txt	AqTMK_73_final.txt	AqTMK_134	AqTMK_73	37	31	False	inf	1.0	False	
AqTMK_134_final.txt	AqTMK_76_final.txt	AqTMK_134	AqTMK_76	37	31	False	inf	1.0	False	
AqTMK_134_final.txt	AqTMK_94_final.txt	AqTMK_134	AqTMK_94	37	31	False	inf	1.0	False	
AqTMK_134_final.txt	AqTMK_108_final.txt	AqTMK_134	AqTMK_108	37	31	False	inf	1.0	False	
AqTMK_134_final.txt	AqTMK_110_final.txt	AqTMK_134	AqTMK_110	37	31	False	inf	1.0	False	
AqTMK_134_final.txt	AqTMK_112_final.txt	AqTMK_134	AqTMK_112	37	31	False	inf	1.0	False	
AqTMK_134_final.txt	AqTMK_119_final.txt	AqTMK_134	AqTMK_119	37	31	False	inf	1.0	False	
AqTMK_134_final.txt	AqTMK_132_final.txt	AqTMK_134	AqTMK_132	37	31	False	inf	1.0	False	
AqTMK_134_final.txt	AqTMK_123_final.txt	AqTMK_134	AqTMK_123	37	31	False	inf	1.0	False	
AqTMK_134_final.txt	AqTMK_122_final.txt	AqTMK_134	AqTMK_122	37	31	False	inf	1.0	False	
AqTMK_134_final.txt	AqTMK_133_final.txt	AqTMK_134	AqTMK_133	37	31	False	inf	1.0	False	
AqTMK_134_final.txt	AqTMK_167_final.txt	AqTMK_134	AqTMK_167	37	31	False	inf	1.0	False	
AqTMK_134_final.txt	AqTMK_172_final.txt	AqTMK_134	AqTMK_172	37	31	False	inf	1.0	False	
AqTMK_134_final.txt	AqTMK_178_final.txt	AqTMK_134	AqTMK_178	37	31	False	inf	1.0	False	
AqTMK_134_final.txt	AqTMK_184_final.txt	AqTMK_134	AqTMK_184	37	31	False	inf	1.0	False	
AqTMK_134_final.txt	AqTMK_195_final.txt	AqTMK_134	AqTMK_195	37	31	False	inf	1.0	False	
AqTMK_134_final.txt	AqTMK_201_final.txt	AqTMK_134	AqTMK_201	37	31	False	inf	1.0	False	
AqTMK_134_final.txt	AqTMK_211_final.txt	AqTMK_134	AqTMK_211	37	31	False	inf	1.0	False	
AqTMK_134_final.txt	AqTMK_237_final.txt	AqTMK_134	AqTMK_237	37	31	False	inf	1.0	False	
AqTMK_134_final.txt	AqTMK_238_final.txt	AqTMK_134	AqTMK_238	37	31	False	inf	1.0	False	
AqTMK_134_final.txt	AqTMK_253_final.txt	AqTMK_134	AqTMK_253	37	31	False	inf	1.0	False	
AqTMK_134_final.txt	AqTMK_276_final.txt	AqTMK_134	AqTMK_276	37	31	False	inf	1.0	False	
AqTMK_134_final.txt	AqTMK_277_final.txt	AqTMK_134	AqTMK_277	37	31	False	inf	1.0	False	
AqTMK_134_final.txt	AqTMK_288_final.txt	AqTMK_134	AqTMK_288	37	31	False	inf	1.0	False	
AqTMK_134_final.txt	AqTMK_33_final.txt	AqTMK_134	AqTMK_33	37	30	False	inf	1.0	False	
AqTMK_134_final.txt	AqTMK_300_final.txt	AqTMK_134	AqTMK_300	37	31	False	inf	1.0	False	
AqTMK_134_final.txt	AqTMK_43_final.txt	AqTMK_134	AqTMK_43	37	30	False	inf	1.0	False	
AqTMK_134_final.txt	AqTMK_49_final.txt	AqTMK_134	AqTMK_49	37	30	False	inf	1.0	False	
AqTMK_134_final.txt	AqTMK_50_final.txt	AqTMK_134	AqTMK_50	37	30	False	inf	1.0	False	
AqTMK_134_final.txt	AqTMK_66_final.txt	AqTMK_134	AqTMK_66	37	30	False	inf	1.0	False	
AqTMK_134_final.txt	AqTMK_102_final.txt	AqTMK_134	AqTMK_102	37	30	False	inf	1.0	False	
AqTMK_134_final.txt	AqTMK_193_final.txt	AqTMK_134	AqTMK_193	37	30	False	inf	1.0	False	
AqTMK_134_final.txt	AqTMK_153_final.txt	AqTMK_134	AqTMK_153	37	30	False	inf	1.0	False	
AqTMK_134_final.txt	AqTMK_124_final.txt	AqTMK_134	AqTMK_124	37	30	False	inf	1.0	False	
AqTMK_134_final.txt	AqTMK_264_final.txt	AqTMK_134	AqTMK_264	37	30	False	inf	1.0	False	
AqTMK_134_final.txt	AqTMK_121_final.txt	AqTMK_134	AqTMK_121	37	29	False	inf	1.0	False	
AqTMK_140_final.txt	AqTMK_2_final.txt	AqTMK_140	AqTMK_2	37	36	False	inf	1.0	False	
AqTMK_140_final.txt	AqTMK_6_final.txt	AqTMK_140	AqTMK_6	37	36	False	inf	1.0	False	
AqTMK_140_final.txt	AqTMK_9_final.txt	AqTMK_140	AqTMK_9	37	36	False	inf	1.0	False	
AqTMK_140_final.txt	AqTMK_13_final.txt	AqTMK_140	AqTMK_13	37	36	False	inf	1.0	False	
AqTMK_140_final.txt	AqTMK_15_final.txt	AqTMK_140	AqTMK_15	37	36	False	inf	1.0	False	
AqTMK_140_final.txt	AqTMK_17_final.txt	AqTMK_140	AqTMK_17	37	36	False	inf	1.0	False	
AqTMK_140_final.txt	AqTMK_22_final.txt	AqTMK_140	AqTMK_22	37	36	False	inf	1.0	False	
AqTMK_140_final.txt	AqTMK_228_final.txt	AqTMK_140	AqTMK_228	37	37	True	14	1.0	False	
AqTMK_140_final.txt	AqTMK_38_final.txt	AqTMK_140	AqTMK_38	37	36	False	inf	1.0	False	
AqTMK_140_final.txt	AqTMK_28_final.txt	AqTMK_140	AqTMK_28	37	36	False	inf	1.0	False	
AqTMK_140_final.txt	AqTMK_37_final.txt	AqTMK_140	AqTMK_37	37	36	False	inf	1.0	False	
AqTMK_140_final.txt	AqTMK_77_final.txt	AqTMK_140	AqTMK_77	37	36	False	inf	1.0	False	
AqTMK_140_final.txt	AqTMK_5_final.txt	AqTMK_140	AqTMK_5	37	35	False	inf	1.0	False	
AqTMK_140_final.txt	AqTMK_14_final.txt	AqTMK_140	AqTMK_14	37	35	False	inf	1.0	False	
AqTMK_140_final.txt	AqTMK_23_final.txt	AqTMK_140	AqTMK_23	37	35	False	inf	1.0	False	
AqTMK_140_final.txt	AqTMK_214_final.txt	AqTMK_140	AqTMK_214	37	35	False	inf	1.0	False	
AqTMK_140_final.txt	AqTMK_175_final.txt	AqTMK_140	AqTMK_175	37	34	False	inf	1.0	False	
AqTMK_140_final.txt	AqTMK_128_final.txt	AqTMK_140	AqTMK_128	37	34	False	inf	1.0	False	
AqTMK_140_final.txt	AqTMK_185_final.txt	AqTMK_140	AqTMK_185	37	34	False	inf	1.0	False	
AqTMK_140_final.txt	AqTMK_196_final.txt	AqTMK_140	AqTMK_196	37	34	False	inf	1.0	False	
AqTMK_140_final.txt	AqTMK_207_final.txt	AqTMK_140	AqTMK_207	37	34	False	inf	1.0	False	
AqTMK_140_final.txt	AqTMK_217_final.txt	AqTMK_140	AqTMK_217	37	34	False	inf	1.0	False	
AqTMK_140_final.txt	AqTMK_220_final.txt	AqTMK_140	AqTMK_220	37	34	False	inf	1.0	False	
AqTMK_140_final.txt	AqTMK_244_final.txt	AqTMK_140	AqTMK_244	37	34	False	inf	1.0	False	
AqTMK_140_final.txt	AqTMK_261_final.txt	AqTMK_140	AqTMK_261	37	34	False	inf	1.0	False	
AqTMK_140_final.txt	AqTMK_246_final.txt	AqTMK_140	AqTMK_246	37	34	False	inf	1.0	False	
AqTMK_140_final.txt	AqTMK_281_final.txt	AqTMK_140	AqTMK_281	37	34	False	inf	1.0	False	
AqTMK_140_final.txt	AqTMK_69_final.txt	AqTMK_140	AqTMK_69	37	33	False	inf	1.0	False	
AqTMK_140_final.txt	AqTMK_87_final.txt	AqTMK_140	AqTMK_87	37	33	False	inf	1.0	False	
AqTMK_140_final.txt	AqTMK_95_final.txt	AqTMK_140	AqTMK_95	37	33	False	inf	1.0	False	
AqTMK_140_final.txt	AqTMK_109_final.txt	AqTMK_140	AqTMK_109	37	33	False	inf	1.0	False	
AqTMK_140_final.txt	AqTMK_111_final.txt	AqTMK_140	AqTMK_111	37	33	False	inf	1.0	False	
AqTMK_140_final.txt	AqTMK_116_final.txt	AqTMK_140	AqTMK_116	37	33	False	inf	1.0	False	
AqTMK_140_final.txt	AqTMK_139_final.txt	AqTMK_140	AqTMK_139	37	33	False	inf	1.0	False	
AqTMK_140_final.txt	AqTMK_120_final.txt	AqTMK_140	AqTMK_120	37	33	False	inf	1.0	False	
AqTMK_140_final.txt	AqTMK_156_final.txt	AqTMK_140	AqTMK_156	37	33	False	inf	1.0	False	
AqTMK_140_final.txt	AqTMK_163_final.txt	AqTMK_140	AqTMK_163	37	33	False	inf	1.0	False	
AqTMK_140_final.txt	AqTMK_171_final.txt	AqTMK_140	AqTMK_171	37	33	False	inf	1.0	False	
AqTMK_140_final.txt	AqTMK_186_final.txt	AqTMK_140	AqTMK_186	37	33	False	inf	1.0	False	
AqTMK_140_final.txt	AqTMK_197_final.txt	AqTMK_140	AqTMK_197	37	33	False	inf	1.0	False	
AqTMK_140_final.txt	AqTMK_223_final.txt	AqTMK_140	AqTMK_223	37	33	False	inf	1.0	False	
AqTMK_140_final.txt	AqTMK_200_final.txt	AqTMK_140	AqTMK_200	37	33	False	inf	1.0	False	
AqTMK_140_final.txt	AqTMK_208_final.txt	AqTMK_140	AqTMK_208	37	33	False	inf	1.0	False	
AqTMK_140_final.txt	AqTMK_229_final.txt	AqTMK_140	AqTMK_229	37	33	False	inf	1.0	False	
AqTMK_140_final.txt	AqTMK_230_final.txt	AqTMK_140	AqTMK_230	37	33	False	inf	1.0	False	
AqTMK_140_final.txt	AqTMK_231_final.txt	AqTMK_140	AqTMK_231	37	33	False	inf	1.0	False	
AqTMK_140_final.txt	AqTMK_233_final.txt	AqTMK_140	AqTMK_233	37	33	False	inf	1.0	False	
AqTMK_140_final.txt	AqTMK_257_final.txt	AqTMK_140	AqTMK_257	37	33	False	inf	1.0	False	
AqTMK_140_final.txt	AqTMK_270_final.txt	AqTMK_140	AqTMK_270	37	33	False	inf	1.0	False	
AqTMK_140_final.txt	AqTMK_259_final.txt	AqTMK_140	AqTMK_259	37	33	False	inf	1.0	False	
AqTMK_140_final.txt	AqTMK_262_final.txt	AqTMK_140	AqTMK_262	37	33	False	inf	1.0	False	
AqTMK_140_final.txt	AqTMK_273_final.txt	AqTMK_140	AqTMK_273	37	33	False	inf	1.0	False	
AqTMK_140_final.txt	AqTMK_284_final.txt	AqTMK_140	AqTMK_284	37	33	False	inf	1.0	False	
AqTMK_140_final.txt	AqTMK_285_final.txt	AqTMK_140	AqTMK_285	37	33	False	inf	1.0	False	
AqTMK_140_final.txt	AqTMK_287_final.txt	AqTMK_140	AqTMK_287	37	33	False	inf	1.0	False	
AqTMK_140_final.txt	AqTMK_295_final.txt	AqTMK_140	AqTMK_295	37	33	False	inf	1.0	False	
AqTMK_140_final.txt	AqTMK_54_final.txt	AqTMK_140	AqTMK_54	37	32	False	inf	1.0	False	
AqTMK_140_final.txt	AqTMK_311_final.txt	AqTMK_140	AqTMK_311	37	33	False	inf	1.0	False	
AqTMK_140_final.txt	AqTMK_56_final.txt	AqTMK_140	AqTMK_56	37	32	False	inf	1.0	False	
AqTMK_140_final.txt	AqTMK_59_final.txt	AqTMK_140	AqTMK_59	37	32	False	inf	1.0	False	
AqTMK_140_final.txt	AqTMK_62_final.txt	AqTMK_140	AqTMK_62	37	32	False	inf	1.0	False	
AqTMK_140_final.txt	AqTMK_63_final.txt	AqTMK_140	AqTMK_63	37	32	False	inf	1.0	False	
AqTMK_140_final.txt	AqTMK_68_final.txt	AqTMK_140	AqTMK_68	37	32	False	inf	1.0	False	
AqTMK_140_final.txt	AqTMK_70_final.txt	AqTMK_140	AqTMK_70	37	32	False	inf	1.0	False	
AqTMK_140_final.txt	AqTMK_79_final.txt	AqTMK_140	AqTMK_79	37	32	False	inf	1.0	False	
AqTMK_140_final.txt	AqTMK_82_final.txt	AqTMK_140	AqTMK_82	37	32	False	inf	1.0	False	
AqTMK_140_final.txt	AqTMK_81_final.txt	AqTMK_140	AqTMK_81	37	32	False	inf	1.0	False	
AqTMK_140_final.txt	AqTMK_84_final.txt	AqTMK_140	AqTMK_84	37	32	False	inf	1.0	False	
AqTMK_140_final.txt	AqTMK_85_final.txt	AqTMK_140	AqTMK_85	37	32	False	inf	1.0	False	
AqTMK_140_final.txt	AqTMK_89_final.txt	AqTMK_140	AqTMK_89	37	32	False	inf	1.0	False	
AqTMK_140_final.txt	AqTMK_91_final.txt	AqTMK_140	AqTMK_91	37	32	False	inf	1.0	False	
AqTMK_140_final.txt	AqTMK_93_final.txt	AqTMK_140	AqTMK_93	37	32	False	inf	1.0	False	
AqTMK_140_final.txt	AqTMK_98_final.txt	AqTMK_140	AqTMK_98	37	32	False	inf	1.0	False	
AqTMK_140_final.txt	AqTMK_99_final.txt	AqTMK_140	AqTMK_99	37	32	False	inf	1.0	False	
AqTMK_140_final.txt	AqTMK_101_final.txt	AqTMK_140	AqTMK_101	37	32	False	inf	1.0	False	
AqTMK_140_final.txt	AqTMK_103_final.txt	AqTMK_140	AqTMK_103	37	32	False	inf	1.0	False	
AqTMK_140_final.txt	AqTMK_104_final.txt	AqTMK_140	AqTMK_104	37	32	False	inf	1.0	False	
AqTMK_140_final.txt	AqTMK_106_final.txt	AqTMK_140	AqTMK_106	37	32	False	inf	1.0	False	
AqTMK_140_final.txt	AqTMK_114_final.txt	AqTMK_140	AqTMK_114	37	32	False	inf	1.0	False	
AqTMK_140_final.txt	AqTMK_117_final.txt	AqTMK_140	AqTMK_117	37	32	False	inf	1.0	False	
AqTMK_140_final.txt	AqTMK_149_final.txt	AqTMK_140	AqTMK_149	37	32	False	inf	1.0	False	
AqTMK_140_final.txt	AqTMK_131_final.txt	AqTMK_140	AqTMK_131	37	32	False	inf	1.0	False	
AqTMK_140_final.txt	AqTMK_118_final.txt	AqTMK_140	AqTMK_118	37	32	False	inf	1.0	False	
AqTMK_140_final.txt	AqTMK_155_final.txt	AqTMK_140	AqTMK_155	37	32	False	inf	1.0	False	
AqTMK_140_final.txt	AqTMK_159_final.txt	AqTMK_140	AqTMK_159	37	32	False	inf	1.0	False	
AqTMK_140_final.txt	AqTMK_165_final.txt	AqTMK_140	AqTMK_165	37	32	False	inf	1.0	False	
AqTMK_140_final.txt	AqTMK_173_final.txt	AqTMK_140	AqTMK_173	37	32	False	inf	1.0	False	
AqTMK_140_final.txt	AqTMK_179_final.txt	AqTMK_140	AqTMK_179	37	32	False	inf	1.0	False	
AqTMK_140_final.txt	AqTMK_181_final.txt	AqTMK_140	AqTMK_181	37	32	False	inf	1.0	False	
AqTMK_140_final.txt	AqTMK_188_final.txt	AqTMK_140	AqTMK_188	37	32	False	inf	1.0	False	
AqTMK_140_final.txt	AqTMK_187_final.txt	AqTMK_140	AqTMK_187	37	32	False	inf	1.0	False	
AqTMK_140_final.txt	AqTMK_191_final.txt	AqTMK_140	AqTMK_191	37	32	False	inf	1.0	False	
AqTMK_140_final.txt	AqTMK_198_final.txt	AqTMK_140	AqTMK_198	37	32	False	inf	1.0	False	
AqTMK_140_final.txt	AqTMK_218_final.txt	AqTMK_140	AqTMK_218	37	32	False	inf	1.0	False	
AqTMK_140_final.txt	AqTMK_219_final.txt	AqTMK_140	AqTMK_219	37	32	False	inf	1.0	False	
AqTMK_140_final.txt	AqTMK_224_final.txt	AqTMK_140	AqTMK_224	37	32	False	inf	1.0	False	
AqTMK_140_final.txt	AqTMK_234_final.txt	AqTMK_140	AqTMK_234	37	32	False	inf	1.0	False	
AqTMK_140_final.txt	AqTMK_240_final.txt	AqTMK_140	AqTMK_240	37	32	False	inf	1.0	False	
AqTMK_140_final.txt	AqTMK_236_final.txt	AqTMK_140	AqTMK_236	37	32	False	inf	1.0	False	
AqTMK_140_final.txt	AqTMK_242_final.txt	AqTMK_140	AqTMK_242	37	32	False	inf	1.0	False	
AqTMK_140_final.txt	AqTMK_245_final.txt	AqTMK_140	AqTMK_245	37	32	False	inf	1.0	False	
AqTMK_140_final.txt	AqTMK_249_final.txt	AqTMK_140	AqTMK_249	37	32	False	inf	1.0	False	
AqTMK_140_final.txt	AqTMK_263_final.txt	AqTMK_140	AqTMK_263	37	32	False	inf	1.0	False	
AqTMK_140_final.txt	AqTMK_267_final.txt	AqTMK_140	AqTMK_267	37	32	False	inf	1.0	False	
AqTMK_140_final.txt	AqTMK_272_final.txt	AqTMK_140	AqTMK_272	37	32	False	inf	1.0	False	
AqTMK_140_final.txt	AqTMK_275_final.txt	AqTMK_140	AqTMK_275	37	32	False	inf	1.0	False	
AqTMK_140_final.txt	AqTMK_274_final.txt	AqTMK_140	AqTMK_274	37	32	False	inf	1.0	False	
AqTMK_140_final.txt	AqTMK_279_final.txt	AqTMK_140	AqTMK_279	37	32	False	inf	1.0	False	
AqTMK_140_final.txt	AqTMK_286_final.txt	AqTMK_140	AqTMK_286	37	32	False	inf	1.0	False	
AqTMK_140_final.txt	AqTMK_290_final.txt	AqTMK_140	AqTMK_290	37	32	False	inf	1.0	False	
AqTMK_140_final.txt	AqTMK_292_final.txt	AqTMK_140	AqTMK_292	37	32	False	inf	1.0	False	
AqTMK_140_final.txt	AqTMK_299_final.txt	AqTMK_140	AqTMK_299	37	32	False	inf	1.0	False	
AqTMK_140_final.txt	AqTMK_45_final.txt	AqTMK_140	AqTMK_45	37	31	False	inf	1.0	False	
AqTMK_140_final.txt	AqTMK_309_final.txt	AqTMK_140	AqTMK_309	37	32	False	inf	1.0	False	
AqTMK_140_final.txt	AqTMK_47_final.txt	AqTMK_140	AqTMK_47	37	31	False	inf	1.0	False	
AqTMK_140_final.txt	AqTMK_48_final.txt	AqTMK_140	AqTMK_48	37	31	False	inf	1.0	False	
AqTMK_140_final.txt	AqTMK_53_final.txt	AqTMK_140	AqTMK_53	37	31	False	inf	1.0	False	
AqTMK_140_final.txt	AqTMK_57_final.txt	AqTMK_140	AqTMK_57	37	31	False	inf	1.0	False	
AqTMK_140_final.txt	AqTMK_72_final.txt	AqTMK_140	AqTMK_72	37	31	False	inf	1.0	False	
AqTMK_140_final.txt	AqTMK_73_final.txt	AqTMK_140	AqTMK_73	37	31	False	inf	1.0	False	
AqTMK_140_final.txt	AqTMK_76_final.txt	AqTMK_140	AqTMK_76	37	31	False	inf	1.0	False	
AqTMK_140_final.txt	AqTMK_94_final.txt	AqTMK_140	AqTMK_94	37	31	False	inf	1.0	False	
AqTMK_140_final.txt	AqTMK_92_final.txt	AqTMK_140	AqTMK_92	37	31	False	inf	1.0	False	
AqTMK_140_final.txt	AqTMK_108_final.txt	AqTMK_140	AqTMK_108	37	31	False	inf	1.0	False	
AqTMK_140_final.txt	AqTMK_110_final.txt	AqTMK_140	AqTMK_110	37	31	False	inf	1.0	False	
AqTMK_140_final.txt	AqTMK_112_final.txt	AqTMK_140	AqTMK_112	37	31	False	inf	1.0	False	
AqTMK_140_final.txt	AqTMK_119_final.txt	AqTMK_140	AqTMK_119	37	31	False	inf	1.0	False	
AqTMK_140_final.txt	AqTMK_122_final.txt	AqTMK_140	AqTMK_122	37	31	False	inf	1.0	False	
AqTMK_140_final.txt	AqTMK_123_final.txt	AqTMK_140	AqTMK_123	37	31	False	inf	1.0	False	
AqTMK_140_final.txt	AqTMK_133_final.txt	AqTMK_140	AqTMK_133	37	31	False	inf	1.0	False	
AqTMK_140_final.txt	AqTMK_132_final.txt	AqTMK_140	AqTMK_132	37	31	False	inf	1.0	False	
AqTMK_140_final.txt	AqTMK_167_final.txt	AqTMK_140	AqTMK_167	37	31	False	inf	1.0	False	
AqTMK_140_final.txt	AqTMK_172_final.txt	AqTMK_140	AqTMK_172	37	31	False	inf	1.0	False	
AqTMK_140_final.txt	AqTMK_178_final.txt	AqTMK_140	AqTMK_178	37	31	False	inf	1.0	False	
AqTMK_140_final.txt	AqTMK_184_final.txt	AqTMK_140	AqTMK_184	37	31	False	inf	1.0	False	
AqTMK_140_final.txt	AqTMK_195_final.txt	AqTMK_140	AqTMK_195	37	31	False	inf	1.0	False	
AqTMK_140_final.txt	AqTMK_211_final.txt	AqTMK_140	AqTMK_211	37	31	False	inf	1.0	False	
AqTMK_140_final.txt	AqTMK_237_final.txt	AqTMK_140	AqTMK_237	37	31	False	inf	1.0	False	
AqTMK_140_final.txt	AqTMK_201_final.txt	AqTMK_140	AqTMK_201	37	31	False	inf	1.0	False	
AqTMK_140_final.txt	AqTMK_238_final.txt	AqTMK_140	AqTMK_238	37	31	False	inf	1.0	False	
AqTMK_140_final.txt	AqTMK_253_final.txt	AqTMK_140	AqTMK_253	37	31	False	inf	1.0	False	
AqTMK_140_final.txt	AqTMK_276_final.txt	AqTMK_140	AqTMK_276	37	31	False	inf	1.0	False	
AqTMK_140_final.txt	AqTMK_277_final.txt	AqTMK_140	AqTMK_277	37	31	False	inf	1.0	False	
AqTMK_140_final.txt	AqTMK_288_final.txt	AqTMK_140	AqTMK_288	37	31	False	inf	1.0	False	
AqTMK_140_final.txt	AqTMK_33_final.txt	AqTMK_140	AqTMK_33	37	30	False	inf	1.0	False	
AqTMK_140_final.txt	AqTMK_300_final.txt	AqTMK_140	AqTMK_300	37	31	False	inf	1.0	False	
AqTMK_140_final.txt	AqTMK_43_final.txt	AqTMK_140	AqTMK_43	37	30	False	inf	1.0	False	
AqTMK_140_final.txt	AqTMK_49_final.txt	AqTMK_140	AqTMK_49	37	30	False	inf	1.0	False	
AqTMK_140_final.txt	AqTMK_50_final.txt	AqTMK_140	AqTMK_50	37	30	False	inf	1.0	False	
AqTMK_140_final.txt	AqTMK_66_final.txt	AqTMK_140	AqTMK_66	37	30	False	inf	1.0	False	
AqTMK_140_final.txt	AqTMK_102_final.txt	AqTMK_140	AqTMK_102	37	30	False	inf	1.0	False	
AqTMK_140_final.txt	AqTMK_124_final.txt	AqTMK_140	AqTMK_124	37	30	False	inf	1.0	False	
AqTMK_140_final.txt	AqTMK_193_final.txt	AqTMK_140	AqTMK_193	37	30	False	inf	1.0	False	
AqTMK_140_final.txt	AqTMK_153_final.txt	AqTMK_140	AqTMK_153	37	30	False	inf	1.0	False	
AqTMK_140_final.txt	AqTMK_264_final.txt	AqTMK_140	AqTMK_264	37	30	False	inf	1.0	False	
AqTMK_140_final.txt	AqTMK_121_final.txt	AqTMK_140	AqTMK_121	37	29	False	inf	1.0	False	
AqTMK_228_final.txt	AqTMK_2_final.txt	AqTMK_228	AqTMK_2	37	36	False	inf	1.0	False	
AqTMK_228_final.txt	AqTMK_6_final.txt	AqTMK_228	AqTMK_6	37	36	False	inf	1.0	False	
AqTMK_228_final.txt	AqTMK_9_final.txt	AqTMK_228	AqTMK_9	37	36	False	inf	1.0	False	
AqTMK_228_final.txt	AqTMK_13_final.txt	AqTMK_228	AqTMK_13	37	36	False	inf	1.0	False	
AqTMK_228_final.txt	AqTMK_15_final.txt	AqTMK_228	AqTMK_15	37	36	False	inf	1.0	False	
AqTMK_228_final.txt	AqTMK_17_final.txt	AqTMK_228	AqTMK_17	37	36	False	inf	1.0	False	
AqTMK_228_final.txt	AqTMK_22_final.txt	AqTMK_228	AqTMK_22	37	36	False	inf	1.0	False	
AqTMK_228_final.txt	AqTMK_28_final.txt	AqTMK_228	AqTMK_28	37	36	False	inf	1.0	False	
AqTMK_228_final.txt	AqTMK_77_final.txt	AqTMK_228	AqTMK_77	37	36	False	inf	1.0	False	
AqTMK_228_final.txt	AqTMK_38_final.txt	AqTMK_228	AqTMK_38	37	36	False	inf	1.0	False	
AqTMK_228_final.txt	AqTMK_37_final.txt	AqTMK_228	AqTMK_37	37	36	False	inf	1.0	False	
AqTMK_228_final.txt	AqTMK_5_final.txt	AqTMK_228	AqTMK_5	37	35	False	inf	1.0	False	
AqTMK_228_final.txt	AqTMK_14_final.txt	AqTMK_228	AqTMK_14	37	35	False	inf	1.0	False	
AqTMK_228_final.txt	AqTMK_23_final.txt	AqTMK_228	AqTMK_23	37	35	False	inf	1.0	False	
AqTMK_228_final.txt	AqTMK_214_final.txt	AqTMK_228	AqTMK_214	37	35	False	inf	1.0	False	
AqTMK_228_final.txt	AqTMK_128_final.txt	AqTMK_228	AqTMK_128	37	34	False	inf	1.0	False	
AqTMK_228_final.txt	AqTMK_175_final.txt	AqTMK_228	AqTMK_175	37	34	False	inf	1.0	False	
AqTMK_228_final.txt	AqTMK_196_final.txt	AqTMK_228	AqTMK_196	37	34	False	inf	1.0	False	
AqTMK_228_final.txt	AqTMK_185_final.txt	AqTMK_228	AqTMK_185	37	34	False	inf	1.0	False	
AqTMK_228_final.txt	AqTMK_207_final.txt	AqTMK_228	AqTMK_207	37	34	False	inf	1.0	False	
AqTMK_228_final.txt	AqTMK_217_final.txt	AqTMK_228	AqTMK_217	37	34	False	inf	1.0	False	
AqTMK_228_final.txt	AqTMK_220_final.txt	AqTMK_228	AqTMK_220	37	34	False	inf	1.0	False	
AqTMK_228_final.txt	AqTMK_244_final.txt	AqTMK_228	AqTMK_244	37	34	False	inf	1.0	False	
AqTMK_228_final.txt	AqTMK_246_final.txt	AqTMK_228	AqTMK_246	37	34	False	inf	1.0	False	
AqTMK_228_final.txt	AqTMK_69_final.txt	AqTMK_228	AqTMK_69	37	33	False	inf	1.0	False	
AqTMK_228_final.txt	AqTMK_261_final.txt	AqTMK_228	AqTMK_261	37	34	False	inf	1.0	False	
AqTMK_228_final.txt	AqTMK_281_final.txt	AqTMK_228	AqTMK_281	37	34	False	inf	1.0	False	
AqTMK_228_final.txt	AqTMK_87_final.txt	AqTMK_228	AqTMK_87	37	33	False	inf	1.0	False	
AqTMK_228_final.txt	AqTMK_95_final.txt	AqTMK_228	AqTMK_95	37	33	False	inf	1.0	False	
AqTMK_228_final.txt	AqTMK_109_final.txt	AqTMK_228	AqTMK_109	37	33	False	inf	1.0	False	
AqTMK_228_final.txt	AqTMK_111_final.txt	AqTMK_228	AqTMK_111	37	33	False	inf	1.0	False	
AqTMK_228_final.txt	AqTMK_116_final.txt	AqTMK_228	AqTMK_116	37	33	False	inf	1.0	False	
AqTMK_228_final.txt	AqTMK_156_final.txt	AqTMK_228	AqTMK_156	37	33	False	inf	1.0	False	
AqTMK_228_final.txt	AqTMK_120_final.txt	AqTMK_228	AqTMK_120	37	33	False	inf	1.0	False	
AqTMK_228_final.txt	AqTMK_139_final.txt	AqTMK_228	AqTMK_139	37	33	False	inf	1.0	False	
AqTMK_228_final.txt	AqTMK_163_final.txt	AqTMK_228	AqTMK_163	37	33	False	inf	1.0	False	
AqTMK_228_final.txt	AqTMK_171_final.txt	AqTMK_228	AqTMK_171	37	33	False	inf	1.0	False	
AqTMK_228_final.txt	AqTMK_186_final.txt	AqTMK_228	AqTMK_186	37	33	False	inf	1.0	False	
AqTMK_228_final.txt	AqTMK_197_final.txt	AqTMK_228	AqTMK_197	37	33	False	inf	1.0	False	
AqTMK_228_final.txt	AqTMK_200_final.txt	AqTMK_228	AqTMK_200	37	33	False	inf	1.0	False	
AqTMK_228_final.txt	AqTMK_208_final.txt	AqTMK_228	AqTMK_208	37	33	False	inf	1.0	False	
AqTMK_228_final.txt	AqTMK_223_final.txt	AqTMK_228	AqTMK_223	37	33	False	inf	1.0	False	
AqTMK_228_final.txt	AqTMK_229_final.txt	AqTMK_228	AqTMK_229	37	33	False	inf	1.0	False	
AqTMK_228_final.txt	AqTMK_230_final.txt	AqTMK_228	AqTMK_230	37	33	False	inf	1.0	False	
AqTMK_228_final.txt	AqTMK_231_final.txt	AqTMK_228	AqTMK_231	37	33	False	inf	1.0	False	
AqTMK_228_final.txt	AqTMK_233_final.txt	AqTMK_228	AqTMK_233	37	33	False	inf	1.0	False	
AqTMK_228_final.txt	AqTMK_257_final.txt	AqTMK_228	AqTMK_257	37	33	False	inf	1.0	False	
AqTMK_228_final.txt	AqTMK_259_final.txt	AqTMK_228	AqTMK_259	37	33	False	inf	1.0	False	
AqTMK_228_final.txt	AqTMK_262_final.txt	AqTMK_228	AqTMK_262	37	33	False	inf	1.0	False	
AqTMK_228_final.txt	AqTMK_270_final.txt	AqTMK_228	AqTMK_270	37	33	False	inf	1.0	False	
AqTMK_228_final.txt	AqTMK_273_final.txt	AqTMK_228	AqTMK_273	37	33	False	inf	1.0	False	
AqTMK_228_final.txt	AqTMK_284_final.txt	AqTMK_228	AqTMK_284	37	33	False	inf	1.0	False	
AqTMK_228_final.txt	AqTMK_285_final.txt	AqTMK_228	AqTMK_285	37	33	False	inf	1.0	False	
AqTMK_228_final.txt	AqTMK_287_final.txt	AqTMK_228	AqTMK_287	37	33	False	inf	1.0	False	
AqTMK_228_final.txt	AqTMK_295_final.txt	AqTMK_228	AqTMK_295	37	33	False	inf	1.0	False	
AqTMK_228_final.txt	AqTMK_311_final.txt	AqTMK_228	AqTMK_311	37	33	False	inf	1.0	False	
AqTMK_228_final.txt	AqTMK_54_final.txt	AqTMK_228	AqTMK_54	37	32	False	inf	1.0	False	
AqTMK_228_final.txt	AqTMK_56_final.txt	AqTMK_228	AqTMK_56	37	32	False	inf	1.0	False	
AqTMK_228_final.txt	AqTMK_59_final.txt	AqTMK_228	AqTMK_59	37	32	False	inf	1.0	False	
AqTMK_228_final.txt	AqTMK_62_final.txt	AqTMK_228	AqTMK_62	37	32	False	inf	1.0	False	
AqTMK_228_final.txt	AqTMK_63_final.txt	AqTMK_228	AqTMK_63	37	32	False	inf	1.0	False	
AqTMK_228_final.txt	AqTMK_68_final.txt	AqTMK_228	AqTMK_68	37	32	False	inf	1.0	False	
AqTMK_228_final.txt	AqTMK_70_final.txt	AqTMK_228	AqTMK_70	37	32	False	inf	1.0	False	
AqTMK_228_final.txt	AqTMK_79_final.txt	AqTMK_228	AqTMK_79	37	32	False	inf	1.0	False	
AqTMK_228_final.txt	AqTMK_82_final.txt	AqTMK_228	AqTMK_82	37	32	False	inf	1.0	False	
AqTMK_228_final.txt	AqTMK_81_final.txt	AqTMK_228	AqTMK_81	37	32	False	inf	1.0	False	
AqTMK_228_final.txt	AqTMK_84_final.txt	AqTMK_228	AqTMK_84	37	32	False	inf	1.0	False	
AqTMK_228_final.txt	AqTMK_85_final.txt	AqTMK_228	AqTMK_85	37	32	False	inf	1.0	False	
AqTMK_228_final.txt	AqTMK_89_final.txt	AqTMK_228	AqTMK_89	37	32	False	inf	1.0	False	
AqTMK_228_final.txt	AqTMK_91_final.txt	AqTMK_228	AqTMK_91	37	32	False	inf	1.0	False	
AqTMK_228_final.txt	AqTMK_93_final.txt	AqTMK_228	AqTMK_93	37	32	False	inf	1.0	False	
AqTMK_228_final.txt	AqTMK_98_final.txt	AqTMK_228	AqTMK_98	37	32	False	inf	1.0	False	
AqTMK_228_final.txt	AqTMK_101_final.txt	AqTMK_228	AqTMK_101	37	32	False	inf	1.0	False	
AqTMK_228_final.txt	AqTMK_99_final.txt	AqTMK_228	AqTMK_99	37	32	False	inf	1.0	False	
AqTMK_228_final.txt	AqTMK_103_final.txt	AqTMK_228	AqTMK_103	37	32	False	inf	1.0	False	
AqTMK_228_final.txt	AqTMK_104_final.txt	AqTMK_228	AqTMK_104	37	32	False	inf	1.0	False	
AqTMK_228_final.txt	AqTMK_106_final.txt	AqTMK_228	AqTMK_106	37	32	False	inf	1.0	False	
AqTMK_228_final.txt	AqTMK_114_final.txt	AqTMK_228	AqTMK_114	37	32	False	inf	1.0	False	
AqTMK_228_final.txt	AqTMK_117_final.txt	AqTMK_228	AqTMK_117	37	32	False	inf	1.0	False	
AqTMK_228_final.txt	AqTMK_118_final.txt	AqTMK_228	AqTMK_118	37	32	False	inf	1.0	False	
AqTMK_228_final.txt	AqTMK_131_final.txt	AqTMK_228	AqTMK_131	37	32	False	inf	1.0	False	
AqTMK_228_final.txt	AqTMK_149_final.txt	AqTMK_228	AqTMK_149	37	32	False	inf	1.0	False	
AqTMK_228_final.txt	AqTMK_155_final.txt	AqTMK_228	AqTMK_155	37	32	False	inf	1.0	False	
AqTMK_228_final.txt	AqTMK_159_final.txt	AqTMK_228	AqTMK_159	37	32	False	inf	1.0	False	
AqTMK_228_final.txt	AqTMK_165_final.txt	AqTMK_228	AqTMK_165	37	32	False	inf	1.0	False	
AqTMK_228_final.txt	AqTMK_173_final.txt	AqTMK_228	AqTMK_173	37	32	False	inf	1.0	False	
AqTMK_228_final.txt	AqTMK_179_final.txt	AqTMK_228	AqTMK_179	37	32	False	inf	1.0	False	
AqTMK_228_final.txt	AqTMK_181_final.txt	AqTMK_228	AqTMK_181	37	32	False	inf	1.0	False	
AqTMK_228_final.txt	AqTMK_191_final.txt	AqTMK_228	AqTMK_191	37	32	False	inf	1.0	False	
AqTMK_228_final.txt	AqTMK_187_final.txt	AqTMK_228	AqTMK_187	37	32	False	inf	1.0	False	
AqTMK_228_final.txt	AqTMK_188_final.txt	AqTMK_228	AqTMK_188	37	32	False	inf	1.0	False	
AqTMK_228_final.txt	AqTMK_198_final.txt	AqTMK_228	AqTMK_198	37	32	False	inf	1.0	False	
AqTMK_228_final.txt	AqTMK_218_final.txt	AqTMK_228	AqTMK_218	37	32	False	inf	1.0	False	
AqTMK_228_final.txt	AqTMK_219_final.txt	AqTMK_228	AqTMK_219	37	32	False	inf	1.0	False	
AqTMK_228_final.txt	AqTMK_224_final.txt	AqTMK_228	AqTMK_224	37	32	False	inf	1.0	False	
AqTMK_228_final.txt	AqTMK_234_final.txt	AqTMK_228	AqTMK_234	37	32	False	inf	1.0	False	
AqTMK_228_final.txt	AqTMK_236_final.txt	AqTMK_228	AqTMK_236	37	32	False	inf	1.0	False	
AqTMK_228_final.txt	AqTMK_242_final.txt	AqTMK_228	AqTMK_242	37	32	False	inf	1.0	False	
AqTMK_228_final.txt	AqTMK_240_final.txt	AqTMK_228	AqTMK_240	37	32	False	inf	1.0	False	
AqTMK_228_final.txt	AqTMK_245_final.txt	AqTMK_228	AqTMK_245	37	32	False	inf	1.0	False	
AqTMK_228_final.txt	AqTMK_249_final.txt	AqTMK_228	AqTMK_249	37	32	False	inf	1.0	False	
AqTMK_228_final.txt	AqTMK_263_final.txt	AqTMK_228	AqTMK_263	37	32	False	inf	1.0	False	
AqTMK_228_final.txt	AqTMK_267_final.txt	AqTMK_228	AqTMK_267	37	32	False	inf	1.0	False	
AqTMK_228_final.txt	AqTMK_272_final.txt	AqTMK_228	AqTMK_272	37	32	False	inf	1.0	False	
AqTMK_228_final.txt	AqTMK_279_final.txt	AqTMK_228	AqTMK_279	37	32	False	inf	1.0	False	
AqTMK_228_final.txt	AqTMK_274_final.txt	AqTMK_228	AqTMK_274	37	32	False	inf	1.0	False	
AqTMK_228_final.txt	AqTMK_275_final.txt	AqTMK_228	AqTMK_275	37	32	False	inf	1.0	False	
AqTMK_228_final.txt	AqTMK_286_final.txt	AqTMK_228	AqTMK_286	37	32	False	inf	1.0	False	
AqTMK_228_final.txt	AqTMK_290_final.txt	AqTMK_228	AqTMK_290	37	32	False	inf	1.0	False	
AqTMK_228_final.txt	AqTMK_292_final.txt	AqTMK_228	AqTMK_292	37	32	False	inf	1.0	False	
AqTMK_228_final.txt	AqTMK_299_final.txt	AqTMK_228	AqTMK_299	37	32	False	inf	1.0	False	
AqTMK_228_final.txt	AqTMK_309_final.txt	AqTMK_228	AqTMK_309	37	32	False	inf	1.0	False	
AqTMK_228_final.txt	AqTMK_48_final.txt	AqTMK_228	AqTMK_48	37	31	False	inf	1.0	False	
AqTMK_228_final.txt	AqTMK_45_final.txt	AqTMK_228	AqTMK_45	37	31	False	inf	1.0	False	
AqTMK_228_final.txt	AqTMK_47_final.txt	AqTMK_228	AqTMK_47	37	31	False	inf	1.0	False	
AqTMK_228_final.txt	AqTMK_53_final.txt	AqTMK_228	AqTMK_53	37	31	False	inf	1.0	False	
AqTMK_228_final.txt	AqTMK_57_final.txt	AqTMK_228	AqTMK_57	37	31	False	inf	1.0	False	
AqTMK_228_final.txt	AqTMK_72_final.txt	AqTMK_228	AqTMK_72	37	31	False	inf	1.0	False	
AqTMK_228_final.txt	AqTMK_73_final.txt	AqTMK_228	AqTMK_73	37	31	False	inf	1.0	False	
AqTMK_228_final.txt	AqTMK_76_final.txt	AqTMK_228	AqTMK_76	37	31	False	inf	1.0	False	
AqTMK_228_final.txt	AqTMK_92_final.txt	AqTMK_228	AqTMK_92	37	31	False	inf	1.0	False	
AqTMK_228_final.txt	AqTMK_94_final.txt	AqTMK_228	AqTMK_94	37	31	False	inf	1.0	False	
AqTMK_228_final.txt	AqTMK_108_final.txt	AqTMK_228	AqTMK_108	37	31	False	inf	1.0	False	
AqTMK_228_final.txt	AqTMK_110_final.txt	AqTMK_228	AqTMK_110	37	31	False	inf	1.0	False	
AqTMK_228_final.txt	AqTMK_112_final.txt	AqTMK_228	AqTMK_112	37	31	False	inf	1.0	False	
AqTMK_228_final.txt	AqTMK_119_final.txt	AqTMK_228	AqTMK_119	37	31	False	inf	1.0	False	
AqTMK_228_final.txt	AqTMK_122_final.txt	AqTMK_228	AqTMK_122	37	31	False	inf	1.0	False	
AqTMK_228_final.txt	AqTMK_123_final.txt	AqTMK_228	AqTMK_123	37	31	False	inf	1.0	False	
AqTMK_228_final.txt	AqTMK_132_final.txt	AqTMK_228	AqTMK_132	37	31	False	inf	1.0	False	
AqTMK_228_final.txt	AqTMK_133_final.txt	AqTMK_228	AqTMK_133	37	31	False	inf	1.0	False	
AqTMK_228_final.txt	AqTMK_167_final.txt	AqTMK_228	AqTMK_167	37	31	False	inf	1.0	False	
AqTMK_228_final.txt	AqTMK_172_final.txt	AqTMK_228	AqTMK_172	37	31	False	inf	1.0	False	
AqTMK_228_final.txt	AqTMK_178_final.txt	AqTMK_228	AqTMK_178	37	31	False	inf	1.0	False	
AqTMK_228_final.txt	AqTMK_184_final.txt	AqTMK_228	AqTMK_184	37	31	False	inf	1.0	False	
AqTMK_228_final.txt	AqTMK_195_final.txt	AqTMK_228	AqTMK_195	37	31	False	inf	1.0	False	
AqTMK_228_final.txt	AqTMK_201_final.txt	AqTMK_228	AqTMK_201	37	31	False	inf	1.0	False	
AqTMK_228_final.txt	AqTMK_211_final.txt	AqTMK_228	AqTMK_211	37	31	False	inf	1.0	False	
AqTMK_228_final.txt	AqTMK_237_final.txt	AqTMK_228	AqTMK_237	37	31	False	inf	1.0	False	
AqTMK_228_final.txt	AqTMK_238_final.txt	AqTMK_228	AqTMK_238	37	31	False	inf	1.0	False	
AqTMK_228_final.txt	AqTMK_253_final.txt	AqTMK_228	AqTMK_253	37	31	False	inf	1.0	False	
AqTMK_228_final.txt	AqTMK_276_final.txt	AqTMK_228	AqTMK_276	37	31	False	inf	1.0	False	
AqTMK_228_final.txt	AqTMK_277_final.txt	AqTMK_228	AqTMK_277	37	31	False	inf	1.0	False	
AqTMK_228_final.txt	AqTMK_288_final.txt	AqTMK_228	AqTMK_288	37	31	False	inf	1.0	False	
AqTMK_228_final.txt	AqTMK_300_final.txt	AqTMK_228	AqTMK_300	37	31	False	inf	1.0	False	
AqTMK_228_final.txt	AqTMK_33_final.txt	AqTMK_228	AqTMK_33	37	30	False	inf	1.0	False	
AqTMK_228_final.txt	AqTMK_49_final.txt	AqTMK_228	AqTMK_49	37	30	False	inf	1.0	False	
AqTMK_228_final.txt	AqTMK_43_final.txt	AqTMK_228	AqTMK_43	37	30	False	inf	1.0	False	
AqTMK_228_final.txt	AqTMK_50_final.txt	AqTMK_228	AqTMK_50	37	30	False	inf	1.0	False	
AqTMK_228_final.txt	AqTMK_66_final.txt	AqTMK_228	AqTMK_66	37	30	False	inf	1.0	False	
AqTMK_228_final.txt	AqTMK_102_final.txt	AqTMK_228	AqTMK_102	37	30	False	inf	1.0	False	
AqTMK_228_final.txt	AqTMK_124_final.txt	AqTMK_228	AqTMK_124	37	30	False	inf	1.0	False	
AqTMK_228_final.txt	AqTMK_153_final.txt	AqTMK_228	AqTMK_153	37	30	False	inf	1.0	False	
AqTMK_228_final.txt	AqTMK_193_final.txt	AqTMK_228	AqTMK_193	37	30	False	inf	1.0	False	
AqTMK_228_final.txt	AqTMK_121_final.txt	AqTMK_228	AqTMK_121	37	29	False	inf	1.0	False	
AqTMK_228_final.txt	AqTMK_264_final.txt	AqTMK_228	AqTMK_264	37	30	False	inf	1.0	False	
AqTMK_2_final.txt	AqTMK_6_final.txt	AqTMK_2	AqTMK_6	36	36	True	0	1.0	True	class_18
AqTMK_2_final.txt	AqTMK_9_final.txt	AqTMK_2	AqTMK_9	36	36	True	2	1.0	False	
AqTMK_2_final.txt	AqTMK_13_final.txt	AqTMK_2	AqTMK_13	36	36	True	0	1.0	True	class_18
AqTMK_2_final.txt	AqTMK_15_final.txt	AqTMK_2	AqTMK_15	36	36	True	4	1.0	False	
AqTMK_2_final.txt	AqTMK_17_final.txt	AqTMK_2	AqTMK_17	36	36	True	4	1.0	False	
AqTMK_2_final.txt	AqTMK_22_final.txt	AqTMK_2	AqTMK_22	36	36	True	0	1.0	True	class_18
AqTMK_2_final.txt	AqTMK_28_final.txt	AqTMK_2	AqTMK_28	36	36	True	2	1.0	False	
AqTMK_2_final.txt	AqTMK_37_final.txt	AqTMK_2	AqTMK_37	36	36	True	2	1.0	False	
AqTMK_2_final.txt	AqTMK_38_final.txt	AqTMK_2	AqTMK_38	36	36	True	2	1.0	False	
AqTMK_2_final.txt	AqTMK_5_final.txt	AqTMK_2	AqTMK_5	36	35	False	inf	1.0	False	
AqTMK_2_final.txt	AqTMK_14_final.txt	AqTMK_2	AqTMK_14	36	35	False	inf	1.0	False	
AqTMK_2_final.txt	AqTMK_23_final.txt	AqTMK_2	AqTMK_23	36	35	False	inf	1.0	False	
AqTMK_2_final.txt	AqTMK_214_final.txt	AqTMK_2	AqTMK_214	36	35	False	inf	1.0	False	
AqTMK_2_final.txt	AqTMK_128_final.txt	AqTMK_2	AqTMK_128	36	34	False	inf	1.0	False	
AqTMK_2_final.txt	AqTMK_175_final.txt	AqTMK_2	AqTMK_175	36	34	False	inf	1.0	False	
AqTMK_2_final.txt	AqTMK_77_final.txt	AqTMK_2	AqTMK_77	36	36	True	6	1.0	False	
AqTMK_2_final.txt	AqTMK_185_final.txt	AqTMK_2	AqTMK_185	36	34	False	inf	1.0	False	
AqTMK_2_final.txt	AqTMK_207_final.txt	AqTMK_2	AqTMK_207	36	34	False	inf	1.0	False	
AqTMK_2_final.txt	AqTMK_196_final.txt	AqTMK_2	AqTMK_196	36	34	False	inf	1.0	False	
AqTMK_2_final.txt	AqTMK_217_final.txt	AqTMK_2	AqTMK_217	36	34	False	inf	1.0	False	
AqTMK_2_final.txt	AqTMK_220_final.txt	AqTMK_2	AqTMK_220	36	34	False	inf	1.0	False	
AqTMK_2_final.txt	AqTMK_244_final.txt	AqTMK_2	AqTMK_244	36	34	False	inf	1.0	False	
AqTMK_2_final.txt	AqTMK_246_final.txt	AqTMK_2	AqTMK_246	36	34	False	inf	1.0	False	
AqTMK_2_final.txt	AqTMK_261_final.txt	AqTMK_2	AqTMK_261	36	34	False	inf	1.0	False	
AqTMK_2_final.txt	AqTMK_281_final.txt	AqTMK_2	AqTMK_281	36	34	False	inf	1.0	False	
AqTMK_2_final.txt	AqTMK_69_final.txt	AqTMK_2	AqTMK_69	36	33	False	inf	1.0	False	
AqTMK_2_final.txt	AqTMK_87_final.txt	AqTMK_2	AqTMK_87	36	33	False	inf	1.0	False	
AqTMK_2_final.txt	AqTMK_95_final.txt	AqTMK_2	AqTMK_95	36	33	False	inf	1.0	False	
AqTMK_2_final.txt	AqTMK_109_final.txt	AqTMK_2	AqTMK_109	36	33	False	inf	1.0	False	
AqTMK_2_final.txt	AqTMK_111_final.txt	AqTMK_2	AqTMK_111	36	33	False	inf	1.0	False	
AqTMK_2_final.txt	AqTMK_116_final.txt	AqTMK_2	AqTMK_116	36	33	False	inf	1.0	False	
AqTMK_2_final.txt	AqTMK_120_final.txt	AqTMK_2	AqTMK_120	36	33	False	inf	1.0	False	
AqTMK_2_final.txt	AqTMK_139_final.txt	AqTMK_2	AqTMK_139	36	33	False	inf	1.0	False	
AqTMK_2_final.txt	AqTMK_156_final.txt	AqTMK_2	AqTMK_156	36	33	False	inf	1.0	False	
AqTMK_2_final.txt	AqTMK_163_final.txt	AqTMK_2	AqTMK_163	36	33	False	inf	1.0	False	
AqTMK_2_final.txt	AqTMK_171_final.txt	AqTMK_2	AqTMK_171	36	33	False	inf	1.0	False	
AqTMK_2_final.txt	AqTMK_186_final.txt	AqTMK_2	AqTMK_186	36	33	False	inf	1.0	False	
AqTMK_2_final.txt	AqTMK_197_final.txt	AqTMK_2	AqTMK_197	36	33	False	inf	1.0	False	
AqTMK_2_final.txt	AqTMK_200_final.txt	AqTMK_2	AqTMK_200	36	33	False	inf	1.0	False	
AqTMK_2_final.txt	AqTMK_208_final.txt	AqTMK_2	AqTMK_208	36	33	False	inf	1.0	False	
AqTMK_2_final.txt	AqTMK_230_final.txt	AqTMK_2	AqTMK_230	36	33	False	inf	1.0	False	
AqTMK_2_final.txt	AqTMK_229_final.txt	AqTMK_2	AqTMK_229	36	33	False	inf	1.0	False	
AqTMK_2_final.txt	AqTMK_223_final.txt	AqTMK_2	AqTMK_223	36	33	False	inf	1.0	False	
AqTMK_2_final.txt	AqTMK_231_final.txt	AqTMK_2	AqTMK_231	36	33	False	inf	1.0	False	
AqTMK_2_final.txt	AqTMK_233_final.txt	AqTMK_2	AqTMK_233	36	33	False	inf	1.0	False	
AqTMK_2_final.txt	AqTMK_257_final.txt	AqTMK_2	AqTMK_257	36	33	False	inf	1.0	False	
AqTMK_2_final.txt	AqTMK_259_final.txt	AqTMK_2	AqTMK_259	36	33	False	inf	1.0	False	
AqTMK_2_final.txt	AqTMK_262_final.txt	AqTMK_2	AqTMK_262	36	33	False	inf	1.0	False	
AqTMK_2_final.txt	AqTMK_273_final.txt	AqTMK_2	AqTMK_273	36	33	False	inf	1.0	False	
AqTMK_2_final.txt	AqTMK_270_final.txt	AqTMK_2	AqTMK_270	36	33	False	inf	1.0	False	
AqTMK_2_final.txt	AqTMK_284_final.txt	AqTMK_2	AqTMK_284	36	33	False	inf	1.0	False	
AqTMK_2_final.txt	AqTMK_285_final.txt	AqTMK_2	AqTMK_285	36	33	False	inf	1.0	False	
AqTMK_2_final.txt	AqTMK_287_final.txt	AqTMK_2	AqTMK_287	36	33	False	inf	1.0	False	
AqTMK_2_final.txt	AqTMK_295_final.txt	AqTMK_2	AqTMK_295	36	33	False	inf	1.0	False	
AqTMK_2_final.txt	AqTMK_311_final.txt	AqTMK_2	AqTMK_311	36	33	False	inf	1.0	False	
AqTMK_2_final.txt	AqTMK_54_final.txt	AqTMK_2	AqTMK_54	36	32	False	inf	1.0	False	
AqTMK_2_final.txt	AqTMK_59_final.txt	AqTMK_2	AqTMK_59	36	32	False	inf	1.0	False	
AqTMK_2_final.txt	AqTMK_56_final.txt	AqTMK_2	AqTMK_56	36	32	False	inf	1.0	False	
AqTMK_2_final.txt	AqTMK_62_final.txt	AqTMK_2	AqTMK_62	36	32	False	inf	1.0	False	
AqTMK_2_final.txt	AqTMK_63_final.txt	AqTMK_2	AqTMK_63	36	32	False	inf	1.0	False	
AqTMK_2_final.txt	AqTMK_68_final.txt	AqTMK_2	AqTMK_68	36	32	False	inf	1.0	False	
AqTMK_2_final.txt	AqTMK_70_final.txt	AqTMK_2	AqTMK_70	36	32	False	inf	1.0	False	
AqTMK_2_final.txt	AqTMK_79_final.txt	AqTMK_2	AqTMK_79	36	32	False	inf	1.0	False	
AqTMK_2_final.txt	AqTMK_81_final.txt	AqTMK_2	AqTMK_81	36	32	False	inf	1.0	False	
AqTMK_2_final.txt	AqTMK_84_final.txt	AqTMK_2	AqTMK_84	36	32	False	inf	1.0	False	
AqTMK_2_final.txt	AqTMK_82_final.txt	AqTMK_2	AqTMK_82	36	32	False	inf	1.0	False	
AqTMK_2_final.txt	AqTMK_85_final.txt	AqTMK_2	AqTMK_85	36	32	False	inf	1.0	False	
AqTMK_2_final.txt	AqTMK_89_final.txt	AqTMK_2	AqTMK_89	36	32	False	inf	1.0	False	
AqTMK_2_final.txt	AqTMK_91_final.txt	AqTMK_2	AqTMK_91	36	32	False	inf	1.0	False	
AqTMK_2_final.txt	AqTMK_93_final.txt	AqTMK_2	AqTMK_93	36	32	False	inf	1.0	False	
AqTMK_2_final.txt	AqTMK_98_final.txt	AqTMK_2	AqTMK_98	36	32	False	inf	1.0	False	
AqTMK_2_final.txt	AqTMK_99_final.txt	AqTMK_2	AqTMK_99	36	32	False	inf	1.0	False	
AqTMK_2_final.txt	AqTMK_104_final.txt	AqTMK_2	AqTMK_104	36	32	False	inf	1.0	False	
AqTMK_2_final.txt	AqTMK_101_final.txt	AqTMK_2	AqTMK_101	36	32	False	inf	1.0	False	
AqTMK_2_final.txt	AqTMK_103_final.txt	AqTMK_2	AqTMK_103	36	32	False	inf	1.0	False	
AqTMK_2_final.txt	AqTMK_106_final.txt	AqTMK_2	AqTMK_106	36	32	False	inf	1.0	False	
AqTMK_2_final.txt	AqTMK_114_final.txt	AqTMK_2	AqTMK_114	36	32	False	inf	1.0	False	
AqTMK_2_final.txt	AqTMK_117_final.txt	AqTMK_2	AqTMK_117	36	32	False	inf	1.0	False	
AqTMK_2_final.txt	AqTMK_118_final.txt	AqTMK_2	AqTMK_118	36	32	False	inf	1.0	False	
AqTMK_2_final.txt	AqTMK_131_final.txt	AqTMK_2	AqTMK_131	36	32	False	inf	1.0	False	
AqTMK_2_final.txt	AqTMK_159_final.txt	AqTMK_2	AqTMK_159	36	32	False	inf	1.0	False	
AqTMK_2_final.txt	AqTMK_149_final.txt	AqTMK_2	AqTMK_149	36	32	False	inf	1.0	False	
AqTMK_2_final.txt	AqTMK_155_final.txt	AqTMK_2	AqTMK_155	36	32	False	inf	1.0	False	
AqTMK_2_final.txt	AqTMK_165_final.txt	AqTMK_2	AqTMK_165	36	32	False	inf	1.0	False	
AqTMK_2_final.txt	AqTMK_173_final.txt	AqTMK_2	AqTMK_173	36	32	False	inf	1.0	False	
AqTMK_2_final.txt	AqTMK_179_final.txt	AqTMK_2	AqTMK_179	36	32	False	inf	1.0	False	
AqTMK_2_final.txt	AqTMK_181_final.txt	AqTMK_2	AqTMK_181	36	32	False	inf	1.0	False	
AqTMK_2_final.txt	AqTMK_187_final.txt	AqTMK_2	AqTMK_187	36	32	False	inf	1.0	False	
AqTMK_2_final.txt	AqTMK_188_final.txt	AqTMK_2	AqTMK_188	36	32	False	inf	1.0	False	
AqTMK_2_final.txt	AqTMK_198_final.txt	AqTMK_2	AqTMK_198	36	32	False	inf	1.0	False	
AqTMK_2_final.txt	AqTMK_191_final.txt	AqTMK_2	AqTMK_191	36	32	False	inf	1.0	False	
AqTMK_2_final.txt	AqTMK_218_final.txt	AqTMK_2	AqTMK_218	36	32	False	inf	1.0	False	
AqTMK_2_final.txt	AqTMK_219_final.txt	AqTMK_2	AqTMK_219	36	32	False	inf	1.0	False	
AqTMK_2_final.txt	AqTMK_224_final.txt	AqTMK_2	AqTMK_224	36	32	False	inf	1.0	False	
AqTMK_2_final.txt	AqTMK_234_final.txt	AqTMK_2	AqTMK_234	36	32	False	inf	1.0	False	
AqTMK_2_final.txt	AqTMK_236_final.txt	AqTMK_2	AqTMK_236	36	32	False	inf	1.0	False	
AqTMK_2_final.txt	AqTMK_240_final.txt	AqTMK_2	AqTMK_240	36	32	False	inf	1.0	False	
AqTMK_2_final.txt	AqTMK_242_final.txt	AqTMK_2	AqTMK_242	36	32	False	inf	1.0	False	
AqTMK_2_final.txt	AqTMK_245_final.txt	AqTMK_2	AqTMK_245	36	32	False	inf	1.0	False	
AqTMK_2_final.txt	AqTMK_249_final.txt	AqTMK_2	AqTMK_249	36	32	False	inf	1.0	False	
AqTMK_2_final.txt	AqTMK_263_final.txt	AqTMK_2	AqTMK_263	36	32	False	inf	1.0	False	
AqTMK_2_final.txt	AqTMK_267_final.txt	AqTMK_2	AqTMK_267	36	32	False	inf	1.0	False	
AqTMK_2_final.txt	AqTMK_272_final.txt	AqTMK_2	AqTMK_272	36	32	False	inf	1.0	False	
AqTMK_2_final.txt	AqTMK_274_final.txt	AqTMK_2	AqTMK_274	36	32	False	inf	1.0	False	
AqTMK_2_final.txt	AqTMK_279_final.txt	AqTMK_2	AqTMK_279	36	32	False	inf	1.0	False	
AqTMK_2_final.txt	AqTMK_275_final.txt	AqTMK_2	AqTMK_275	36	32	False	inf	1.0	False	
AqTMK_2_final.txt	AqTMK_286_final.txt	AqTMK_2	AqTMK_286	36	32	False	inf	1.0	False	
AqTMK_2_final.txt	AqTMK_290_final.txt	AqTMK_2	AqTMK_290	36	32	False	inf	1.0	False	
AqTMK_2_final.txt	AqTMK_292_final.txt	AqTMK_2	AqTMK_292	36	32	False	inf	1.0	False	
AqTMK_2_final.txt	AqTMK_299_final.txt	AqTMK_2	AqTMK_299	36	32	False	inf	1.0	False	
AqTMK_2_final.txt	AqTMK_309_final.txt	AqTMK_2	AqTMK_309	36	32	False	inf	1.0	False	
AqTMK_2_final.txt	AqTMK_45_final.txt	AqTMK_2	AqTMK_45	36	31	False	inf	1.0	False	
AqTMK_2_final.txt	AqTMK_47_final.txt	AqTMK_2	AqTMK_47	36	31	False	inf	1.0	False	
AqTMK_2_final.txt	AqTMK_53_final.txt	AqTMK_2	AqTMK_53	36	31	False	inf	1.0	False	
AqTMK_2_final.txt	AqTMK_48_final.txt	AqTMK_2	AqTMK_48	36	31	False	inf	1.0	False	
AqTMK_2_final.txt	AqTMK_57_final.txt	AqTMK_2	AqTMK_57	36	31	False	inf	1.0	False	
AqTMK_2_final.txt	AqTMK_72_final.txt	AqTMK_2	AqTMK_72	36	31	False	inf	1.0	False	
AqTMK_2_final.txt	AqTMK_73_final.txt	AqTMK_2	AqTMK_73	36	31	False	inf	1.0	False	
AqTMK_2_final.txt	AqTMK_76_final.txt	AqTMK_2	AqTMK_76	36	31	False	inf	1.0	False	
AqTMK_2_final.txt	AqTMK_92_final.txt	AqTMK_2	AqTMK_92	36	31	False	inf	1.0	False	
AqTMK_2_final.txt	AqTMK_94_final.txt	AqTMK_2	AqTMK_94	36	31	False	inf	1.0	False	
AqTMK_2_final.txt	AqTMK_110_final.txt	AqTMK_2	AqTMK_110	36	31	False	inf	1.0	False	
AqTMK_2_final.txt	AqTMK_108_final.txt	AqTMK_2	AqTMK_108	36	31	False	inf	1.0	False	
AqTMK_2_final.txt	AqTMK_112_final.txt	AqTMK_2	AqTMK_112	36	31	False	inf	1.0	False	
AqTMK_2_final.txt	AqTMK_119_final.txt	AqTMK_2	AqTMK_119	36	31	False	inf	1.0	False	
AqTMK_2_final.txt	AqTMK_122_final.txt	AqTMK_2	AqTMK_122	36	31	False	inf	1.0	False	
AqTMK_2_final.txt	AqTMK_123_final.txt	AqTMK_2	AqTMK_123	36	31	False	inf	1.0	False	
AqTMK_2_final.txt	AqTMK_132_final.txt	AqTMK_2	AqTMK_132	36	31	False	inf	1.0	False	
AqTMK_2_final.txt	AqTMK_167_final.txt	AqTMK_2	AqTMK_167	36	31	False	inf	1.0	False	
AqTMK_2_final.txt	AqTMK_172_final.txt	AqTMK_2	AqTMK_172	36	31	False	inf	1.0	False	
AqTMK_2_final.txt	AqTMK_133_final.txt	AqTMK_2	AqTMK_133	36	31	False	inf	1.0	False	
AqTMK_2_final.txt	AqTMK_178_final.txt	AqTMK_2	AqTMK_178	36	31	False	inf	1.0	False	
AqTMK_2_final.txt	AqTMK_184_final.txt	AqTMK_2	AqTMK_184	36	31	False	inf	1.0	False	
AqTMK_2_final.txt	AqTMK_195_final.txt	AqTMK_2	AqTMK_195	36	31	False	inf	1.0	False	
AqTMK_2_final.txt	AqTMK_201_final.txt	AqTMK_2	AqTMK_201	36	31	False	inf	1.0	False	
AqTMK_2_final.txt	AqTMK_211_final.txt	AqTMK_2	AqTMK_211	36	31	False	inf	1.0	False	
AqTMK_2_final.txt	AqTMK_237_final.txt	AqTMK_2	AqTMK_237	36	31	False	inf	1.0	False	
AqTMK_2_final.txt	AqTMK_253_final.txt	AqTMK_2	AqTMK_253	36	31	False	inf	1.0	False	
AqTMK_2_final.txt	AqTMK_238_final.txt	AqTMK_2	AqTMK_238	36	31	False	inf	1.0	False	
AqTMK_2_final.txt	AqTMK_276_final.txt	AqTMK_2	AqTMK_276	36	31	False	inf	1.0	False	
AqTMK_2_final.txt	AqTMK_277_final.txt	AqTMK_2	AqTMK_277	36	31	False	inf	1.0	False	
AqTMK_2_final.txt	AqTMK_288_final.txt	AqTMK_2	AqTMK_288	36	31	False	inf	1.0	False	
AqTMK_2_final.txt	AqTMK_300_final.txt	AqTMK_2	AqTMK_300	36	31	False	inf	1.0	False	
AqTMK_2_final.txt	AqTMK_33_final.txt	AqTMK_2	AqTMK_33	36	30	False	inf	1.0	False	
AqTMK_2_final.txt	AqTMK_43_final.txt	AqTMK_2	AqTMK_43	36	30	False	inf	1.0	False	
AqTMK_2_final.txt	AqTMK_49_final.txt	AqTMK_2	AqTMK_49	36	30	False	inf	1.0	False	
AqTMK_2_final.txt	AqTMK_50_final.txt	AqTMK_2	AqTMK_50	36	30	False	inf	1.0	False	
AqTMK_2_final.txt	AqTMK_66_final.txt	AqTMK_2	AqTMK_66	36	30	False	inf	1.0	False	
AqTMK_2_final.txt	AqTMK_102_final.txt	AqTMK_2	AqTMK_102	36	30	False	inf	1.0	False	
AqTMK_2_final.txt	AqTMK_124_final.txt	AqTMK_2	AqTMK_124	36	30	False	inf	1.0	False	
AqTMK_2_final.txt	AqTMK_153_final.txt	AqTMK_2	AqTMK_153	36	30	False	inf	1.0	False	
AqTMK_2_final.txt	AqTMK_193_final.txt	AqTMK_2	AqTMK_193	36	30	False	inf	1.0	False	
AqTMK_2_final.txt	AqTMK_264_final.txt	AqTMK_2	AqTMK_264	36	30	False	inf	1.0	False	
AqTMK_2_final.txt	AqTMK_121_final.txt	AqTMK_2	AqTMK_121	36	29	False	inf	1.0	False	
AqTMK_9_final.txt	AqTMK_15_final.txt	AqTMK_9	AqTMK_15	36	36	True	2	1.0	False	
AqTMK_9_final.txt	AqTMK_17_final.txt	AqTMK_9	AqTMK_17	36	36	True	6	1.0	False	
AqTMK_9_final.txt	AqTMK_28_final.txt	AqTMK_9	AqTMK_28	36	36	True	2	1.0	False	
AqTMK_9_final.txt	AqTMK_37_final.txt	AqTMK_9	AqTMK_37	36	36	True	4	1.0	False	
AqTMK_9_final.txt	AqTMK_38_final.txt	AqTMK_9	AqTMK_38	36	36	True	4	1.0	False	
AqTMK_9_final.txt	AqTMK_5_final.txt	AqTMK_9	AqTMK_5	36	35	False	inf	1.0	False	
AqTMK_9_final.txt	AqTMK_14_final.txt	AqTMK_9	AqTMK_14	36	35	False	inf	1.0	False	
AqTMK_9_final.txt	AqTMK_77_final.txt	AqTMK_9	AqTMK_77	36	36	True	6	1.0	False	
AqTMK_9_final.txt	AqTMK_214_final.txt	AqTMK_9	AqTMK_214	36	35	False	inf	1.0	False	
AqTMK_9_final.txt	AqTMK_23_final.txt	AqTMK_9	AqTMK_23	36	35	False	inf	1.0	False	
AqTMK_9_final.txt	AqTMK_128_final.txt	AqTMK_9	AqTMK_128	36	34	False	inf	1.0	False	
AqTMK_9_final.txt	AqTMK_175_final.txt	AqTMK_9	AqTMK_175	36	34	False	inf	1.0	False	
AqTMK_9_final.txt	AqTMK_185_final.txt	AqTMK_9	AqTMK_185	36	34	False	inf	1.0	False	
AqTMK_9_final.txt	AqTMK_196_final.txt	AqTMK_9	AqTMK_196	36	34	False	inf	1.0	False	
AqTMK_9_final.txt	AqTMK_207_final.txt	AqTMK_9	AqTMK_207	36	34	False	inf	1.0	False	
AqTMK_9_final.txt	AqTMK_217_final.txt	AqTMK_9	AqTMK_217	36	34	False	inf	1.0	False	
AqTMK_9_final.txt	AqTMK_244_final.txt	AqTMK_9	AqTMK_244	36	34	False	inf	1.0	False	
AqTMK_9_final.txt	AqTMK_220_final.txt	AqTMK_9	AqTMK_220	36	34	False	inf	1.0	False	
AqTMK_9_final.txt	AqTMK_246_final.txt	AqTMK_9	AqTMK_246	36	34	False	inf	1.0	False	
AqTMK_9_final.txt	AqTMK_261_final.txt	AqTMK_9	AqTMK_261	36	34	False	inf	1.0	False	
AqTMK_9_final.txt	AqTMK_281_final.txt	AqTMK_9	AqTMK_281	36	34	False	inf	1.0	False	
AqTMK_9_final.txt	AqTMK_69_final.txt	AqTMK_9	AqTMK_69	36	33	False	inf	1.0	False	
AqTMK_9_final.txt	AqTMK_87_final.txt	AqTMK_9	AqTMK_87	36	33	False	inf	1.0	False	
AqTMK_9_final.txt	AqTMK_95_final.txt	AqTMK_9	AqTMK_95	36	33	False	inf	1.0	False	
AqTMK_9_final.txt	AqTMK_116_final.txt	AqTMK_9	AqTMK_116	36	33	False	inf	1.0	False	
AqTMK_9_final.txt	AqTMK_109_final.txt	AqTMK_9	AqTMK_109	36	33	False	inf	1.0	False	
AqTMK_9_final.txt	AqTMK_111_final.txt	AqTMK_9	AqTMK_111	36	33	False	inf	1.0	False	
AqTMK_9_final.txt	AqTMK_120_final.txt	AqTMK_9	AqTMK_120	36	33	False	inf	1.0	False	
AqTMK_9_final.txt	AqTMK_139_final.txt	AqTMK_9	AqTMK_139	36	33	False	inf	1.0	False	
AqTMK_9_final.txt	AqTMK_156_final.txt	AqTMK_9	AqTMK_156	36	33	False	inf	1.0	False	
AqTMK_9_final.txt	AqTMK_163_final.txt	AqTMK_9	AqTMK_163	36	33	False	inf	1.0	False	
AqTMK_9_final.txt	AqTMK_171_final.txt	AqTMK_9	AqTMK_171	36	33	False	inf	1.0	False	
AqTMK_9_final.txt	AqTMK_186_final.txt	AqTMK_9	AqTMK_186	36	33	False	inf	1.0	False	
AqTMK_9_final.txt	AqTMK_200_final.txt	AqTMK_9	AqTMK_200	36	33	False	inf	1.0	False	
AqTMK_9_final.txt	AqTMK_197_final.txt	AqTMK_9	AqTMK_197	36	33	False	inf	1.0	False	
AqTMK_9_final.txt	AqTMK_208_final.txt	AqTMK_9	AqTMK_208	36	33	False	inf	1.0	False	
AqTMK_9_final.txt	AqTMK_223_final.txt	AqTMK_9	AqTMK_223	36	33	False	inf	1.0	False	
AqTMK_9_final.txt	AqTMK_229_final.txt	AqTMK_9	AqTMK_229	36	33	False	inf	1.0	False	
AqTMK_9_final.txt	AqTMK_230_final.txt	AqTMK_9	AqTMK_230	36	33	False	inf	1.0	False	
AqTMK_9_final.txt	AqTMK_231_final.txt	AqTMK_9	AqTMK_231	36	33	False	inf	1.0	False	
AqTMK_9_final.txt	AqTMK_233_final.txt	AqTMK_9	AqTMK_233	36	33	False	inf	1.0	False	
AqTMK_9_final.txt	AqTMK_257_final.txt	AqTMK_9	AqTMK_257	36	33	False	inf	1.0	False	
AqTMK_9_final.txt	AqTMK_259_final.txt	AqTMK_9	AqTMK_259	36	33	False	inf	1.0	False	
AqTMK_9_final.txt	AqTMK_262_final.txt	AqTMK_9	AqTMK_262	36	33	False	inf	1.0	False	
AqTMK_9_final.txt	AqTMK_270_final.txt	AqTMK_9	AqTMK_270	36	33	False	inf	1.0	False	
AqTMK_9_final.txt	AqTMK_273_final.txt	AqTMK_9	AqTMK_273	36	33	False	inf	1.0	False	
AqTMK_9_final.txt	AqTMK_284_final.txt	AqTMK_9	AqTMK_284	36	33	False	inf	1.0	False	
AqTMK_9_final.txt	AqTMK_285_final.txt	AqTMK_9	AqTMK_285	36	33	False	inf	1.0	False	
AqTMK_9_final.txt	AqTMK_295_final.txt	AqTMK_9	AqTMK_295	36	33	False	inf	1.0	False	
AqTMK_9_final.txt	AqTMK_287_final.txt	AqTMK_9	AqTMK_287	36	33	False	inf	1.0	False	
AqTMK_9_final.txt	AqTMK_311_final.txt	AqTMK_9	AqTMK_311	36	33	False	inf	1.0	False	
AqTMK_9_final.txt	AqTMK_54_final.txt	AqTMK_9	AqTMK_54	36	32	False	inf	1.0	False	
AqTMK_9_final.txt	AqTMK_56_final.txt	AqTMK_9	AqTMK_56	36	32	False	inf	1.0	False	
AqTMK_9_final.txt	AqTMK_59_final.txt	AqTMK_9	AqTMK_59	36	32	False	inf	1.0	False	
AqTMK_9_final.txt	AqTMK_62_final.txt	AqTMK_9	AqTMK_62	36	32	False	inf	1.0	False	
AqTMK_9_final.txt	AqTMK_63_final.txt	AqTMK_9	AqTMK_63	36	32	False	inf	1.0	False	
AqTMK_9_final.txt	AqTMK_68_final.txt	AqTMK_9	AqTMK_68	36	32	False	inf	1.0	False	
AqTMK_9_final.txt	AqTMK_70_final.txt	AqTMK_9	AqTMK_70	36	32	False	inf	1.0	False	
AqTMK_9_final.txt	AqTMK_79_final.txt	AqTMK_9	AqTMK_79	36	32	False	inf	1.0	False	
AqTMK_9_final.txt	AqTMK_81_final.txt	AqTMK_9	AqTMK_81	36	32	False	inf	1.0	False	
AqTMK_9_final.txt	AqTMK_82_final.txt	AqTMK_9	AqTMK_82	36	32	False	inf	1.0	False	
AqTMK_9_final.txt	AqTMK_84_final.txt	AqTMK_9	AqTMK_84	36	32	False	inf	1.0	False	
AqTMK_9_final.txt	AqTMK_85_final.txt	AqTMK_9	AqTMK_85	36	32	False	inf	1.0	False	
AqTMK_9_final.txt	AqTMK_89_final.txt	AqTMK_9	AqTMK_89	36	32	False	inf	1.0	False	
AqTMK_9_final.txt	AqTMK_93_final.txt	AqTMK_9	AqTMK_93	36	32	False	inf	1.0	False	
AqTMK_9_final.txt	AqTMK_98_final.txt	AqTMK_9	AqTMK_98	36	32	False	inf	1.0	False	
AqTMK_9_final.txt	AqTMK_91_final.txt	AqTMK_9	AqTMK_91	36	32	False	inf	1.0	False	
AqTMK_9_final.txt	AqTMK_99_final.txt	AqTMK_9	AqTMK_99	36	32	False	inf	1.0	False	
AqTMK_9_final.txt	AqTMK_101_final.txt	AqTMK_9	AqTMK_101	36	32	False	inf	1.0	False	
AqTMK_9_final.txt	AqTMK_103_final.txt	AqTMK_9	AqTMK_103	36	32	False	inf	1.0	False	
AqTMK_9_final.txt	AqTMK_104_final.txt	AqTMK_9	AqTMK_104	36	32	False	inf	1.0	False	
AqTMK_9_final.txt	AqTMK_106_final.txt	AqTMK_9	AqTMK_106	36	32	False	inf	1.0	False	
AqTMK_9_final.txt	AqTMK_118_final.txt	AqTMK_9	AqTMK_118	36	32	False	inf	1.0	False	
AqTMK_9_final.txt	AqTMK_117_final.txt	AqTMK_9	AqTMK_117	36	32	False	inf	1.0	False	
AqTMK_9_final.txt	AqTMK_114_final.txt	AqTMK_9	AqTMK_114	36	32	False	inf	1.0	False	
AqTMK_9_final.txt	AqTMK_131_final.txt	AqTMK_9	AqTMK_131	36	32	False	inf	1.0	False	
AqTMK_9_final.txt	AqTMK_149_final.txt	AqTMK_9	AqTMK_149	36	32	False	inf	1.0	False	
AqTMK_9_final.txt	AqTMK_155_final.txt	AqTMK_9	AqTMK_155	36	32	False	inf	1.0	False	
AqTMK_9_final.txt	AqTMK_159_final.txt	AqTMK_9	AqTMK_159	36	32	False	inf	1.0	False	
AqTMK_9_final.txt	AqTMK_165_final.txt	AqTMK_9	AqTMK_165	36	32	False	inf	1.0	False	
AqTMK_9_final.txt	AqTMK_173_final.txt	AqTMK_9	AqTMK_173	36	32	False	inf	1.0	False	
AqTMK_9_final.txt	AqTMK_179_final.txt	AqTMK_9	AqTMK_179	36	32	False	inf	1.0	False	
AqTMK_9_final.txt	AqTMK_181_final.txt	AqTMK_9	AqTMK_181	36	32	False	inf	1.0	False	
AqTMK_9_final.txt	AqTMK_187_final.txt	AqTMK_9	AqTMK_187	36	32	False	inf	1.0	False	
AqTMK_9_final.txt	AqTMK_188_final.txt	AqTMK_9	AqTMK_188	36	32	False	inf	1.0	False	
AqTMK_9_final.txt	AqTMK_191_final.txt	AqTMK_9	AqTMK_191	36	32	False	inf	1.0	False	
AqTMK_9_final.txt	AqTMK_198_final.txt	AqTMK_9	AqTMK_198	36	32	False	inf	1.0	False	
AqTMK_9_final.txt	AqTMK_218_final.txt	AqTMK_9	AqTMK_218	36	32	False	inf	1.0	False	
AqTMK_9_final.txt	AqTMK_219_final.txt	AqTMK_9	AqTMK_219	36	32	False	inf	1.0	False	
AqTMK_9_final.txt	AqTMK_234_final.txt	AqTMK_9	AqTMK_234	36	32	False	inf	1.0	False	
AqTMK_9_final.txt	AqTMK_224_final.txt	AqTMK_9	AqTMK_224	36	32	False	inf	1.0	False	
AqTMK_9_final.txt	AqTMK_236_final.txt	AqTMK_9	AqTMK_236	36	32	False	inf	1.0	False	
AqTMK_9_final.txt	AqTMK_240_final.txt	AqTMK_9	AqTMK_240	36	32	False	inf	1.0	False	
AqTMK_9_final.txt	AqTMK_242_final.txt	AqTMK_9	AqTMK_242	36	32	False	inf	1.0	False	
AqTMK_9_final.txt	AqTMK_245_final.txt	AqTMK_9	AqTMK_245	36	32	False	inf	1.0	False	
AqTMK_9_final.txt	AqTMK_249_final.txt	AqTMK_9	AqTMK_249	36	32	False	inf	1.0	False	
AqTMK_9_final.txt	AqTMK_263_final.txt	AqTMK_9	AqTMK_263	36	32	False	inf	1.0	False	
AqTMK_9_final.txt	AqTMK_267_final.txt	AqTMK_9	AqTMK_267	36	32	False	inf	1.0	False	
AqTMK_9_final.txt	AqTMK_272_final.txt	AqTMK_9	AqTMK_272	36	32	False	inf	1.0	False	
AqTMK_9_final.txt	AqTMK_274_final.txt	AqTMK_9	AqTMK_274	36	32	False	inf	1.0	False	
AqTMK_9_final.txt	AqTMK_275_final.txt	AqTMK_9	AqTMK_275	36	32	False	inf	1.0	False	
AqTMK_9_final.txt	AqTMK_279_final.txt	AqTMK_9	AqTMK_279	36	32	False	inf	1.0	False	
AqTMK_9_final.txt	AqTMK_286_final.txt	AqTMK_9	AqTMK_286	36	32	False	inf	1.0	False	
AqTMK_9_final.txt	AqTMK_290_final.txt	AqTMK_9	AqTMK_290	36	32	False	inf	1.0	False	
AqTMK_9_final.txt	AqTMK_309_final.txt	AqTMK_9	AqTMK_309	36	32	False	inf	1.0	False	
AqTMK_9_final.txt	AqTMK_299_final.txt	AqTMK_9	AqTMK_299	36	32	False	inf	1.0	False	
AqTMK_9_final.txt	AqTMK_292_final.txt	AqTMK_9	AqTMK_292	36	32	False	inf	1.0	False	
AqTMK_9_final.txt	AqTMK_45_final.txt	AqTMK_9	AqTMK_45	36	31	False	inf	1.0	False	
AqTMK_9_final.txt	AqTMK_47_final.txt	AqTMK_9	AqTMK_47	36	31	False	inf	1.0	False	
AqTMK_9_final.txt	AqTMK_48_final.txt	AqTMK_9	AqTMK_48	36	31	False	inf	1.0	False	
AqTMK_9_final.txt	AqTMK_53_final.txt	AqTMK_9	AqTMK_53	36	31	False	inf	1.0	False	
AqTMK_9_final.txt	AqTMK_57_final.txt	AqTMK_9	AqTMK_57	36	31	False	inf	1.0	False	
AqTMK_9_final.txt	AqTMK_72_final.txt	AqTMK_9	AqTMK_72	36	31	False	inf	1.0	False	
AqTMK_9_final.txt	AqTMK_73_final.txt	AqTMK_9	AqTMK_73	36	31	False	inf	1.0	False	
AqTMK_9_final.txt	AqTMK_76_final.txt	AqTMK_9	AqTMK_76	36	31	False	inf	1.0	False	
AqTMK_9_final.txt	AqTMK_92_final.txt	AqTMK_9	AqTMK_92	36	31	False	inf	1.0	False	
AqTMK_9_final.txt	AqTMK_94_final.txt	AqTMK_9	AqTMK_94	36	31	False	inf	1.0	False	
AqTMK_9_final.txt	AqTMK_108_final.txt	AqTMK_9	AqTMK_108	36	31	False	inf	1.0	False	
AqTMK_9_final.txt	AqTMK_110_final.txt	AqTMK_9	AqTMK_110	36	31	False	inf	1.0	False	
AqTMK_9_final.txt	AqTMK_112_final.txt	AqTMK_9	AqTMK_112	36	31	False	inf	1.0	False	
AqTMK_9_final.txt	AqTMK_119_final.txt	AqTMK_9	AqTMK_119	36	31	False	inf	1.0	False	
AqTMK_9_final.txt	AqTMK_123_final.txt	AqTMK_9	AqTMK_123	36	31	False	inf	1.0	False	
AqTMK_9_final.txt	AqTMK_122_final.txt	AqTMK_9	AqTMK_122	36	31	False	inf	1.0	False	
AqTMK_9_final.txt	AqTMK_132_final.txt	AqTMK_9	AqTMK_132	36	31	False	inf	1.0	False	
AqTMK_9_final.txt	AqTMK_133_final.txt	AqTMK_9	AqTMK_133	36	31	False	inf	1.0	False	
AqTMK_9_final.txt	AqTMK_167_final.txt	AqTMK_9	AqTMK_167	36	31	False	inf	1.0	False	
AqTMK_9_final.txt	AqTMK_172_final.txt	AqTMK_9	AqTMK_172	36	31	False	inf	1.0	False	
AqTMK_9_final.txt	AqTMK_178_final.txt	AqTMK_9	AqTMK_178	36	31	False	inf	1.0	False	
AqTMK_9_final.txt	AqTMK_195_final.txt	AqTMK_9	AqTMK_195	36	31	False	inf	1.0	False	
AqTMK_9_final.txt	AqTMK_201_final.txt	AqTMK_9	AqTMK_201	36	31	False	inf	1.0	False	
AqTMK_9_final.txt	AqTMK_184_final.txt	AqTMK_9	AqTMK_184	36	31	False	inf	1.0	False	
AqTMK_9_final.txt	AqTMK_211_final.txt	AqTMK_9	AqTMK_211	36	31	False	inf	1.0	False	
AqTMK_9_final.txt	AqTMK_237_final.txt	AqTMK_9	AqTMK_237	36	31	False	inf	1.0	False	
AqTMK_9_final.txt	AqTMK_238_final.txt	AqTMK_9	AqTMK_238	36	31	False	inf	1.0	False	
AqTMK_9_final.txt	AqTMK_253_final.txt	AqTMK_9	AqTMK_253	36	31	False	inf	1.0	False	
AqTMK_9_final.txt	AqTMK_276_final.txt	AqTMK_9	AqTMK_276	36	31	False	inf	1.0	False	
AqTMK_9_final.txt	AqTMK_277_final.txt	AqTMK_9	AqTMK_277	36	31	False	inf	1.0	False	
AqTMK_9_final.txt	AqTMK_288_final.txt	AqTMK_9	AqTMK_288	36	31	False	inf	1.0	False	
AqTMK_9_final.txt	AqTMK_300_final.txt	AqTMK_9	AqTMK_300	36	31	False	inf	1.0	False	
AqTMK_9_final.txt	AqTMK_33_final.txt	AqTMK_9	AqTMK_33	36	30	False	inf	1.0	False	
AqTMK_9_final.txt	AqTMK_43_final.txt	AqTMK_9	AqTMK_43	36	30	False	inf	1.0	False	
AqTMK_9_final.txt	AqTMK_49_final.txt	AqTMK_9	AqTMK_49	36	30	False	inf	1.0	False	
AqTMK_9_final.txt	AqTMK_50_final.txt	AqTMK_9	AqTMK_50	36	30	False	inf	1.0	False	
AqTMK_9_final.txt	AqTMK_66_final.txt	AqTMK_9	AqTMK_66	36	30	False	inf	1.0	False	
AqTMK_9_final.txt	AqTMK_124_final.txt	AqTMK_9	AqTMK_124	36	30	False	inf	1.0	False	
AqTMK_9_final.txt	AqTMK_102_final.txt	AqTMK_9	AqTMK_102	36	30	False	inf	1.0	False	
AqTMK_9_final.txt	AqTMK_153_final.txt	AqTMK_9	AqTMK_153	36	30	False	inf	1.0	False	
AqTMK_9_final.txt	AqTMK_193_final.txt	AqTMK_9	AqTMK_193	36	30	False	inf	1.0	False	
AqTMK_9_final.txt	AqTMK_264_final.txt	AqTMK_9	AqTMK_264	36	30	False	inf	1.0	False	
AqTMK_9_final.txt	AqTMK_121_final.txt	AqTMK_9	AqTMK_121	36	29	False	inf	1.0	False	
AqTMK_15_final.txt	AqTMK_28_final.txt	AqTMK_15	AqTMK_28	36	36	True	4	1.0	False	
AqTMK_15_final.txt	AqTMK_37_final.txt	AqTMK_15	AqTMK_37	36	36	True	6	1.0	False	
AqTMK_15_final.txt	AqTMK_17_final.txt	AqTMK_15	AqTMK_17	36	36	True	8	1.0	False	
AqTMK_15_final.txt	AqTMK_38_final.txt	AqTMK_15	AqTMK_38	36	36	True	6	1.0	False	
AqTMK_15_final.txt	AqTMK_5_final.txt	AqTMK_15	AqTMK_5	36	35	False	inf	1.0	False	
AqTMK_15_final.txt	AqTMK_14_final.txt	AqTMK_15	AqTMK_14	36	35	False	inf	1.0	False	
AqTMK_15_final.txt	AqTMK_23_final.txt	AqTMK_15	AqTMK_23	36	35	False	inf	1.0	False	
AqTMK_15_final.txt	AqTMK_77_final.txt	AqTMK_15	AqTMK_77	36	36	True	8	1.0	False	
AqTMK_15_final.txt	AqTMK_214_final.txt	AqTMK_15	AqTMK_214	36	35	False	inf	1.0	False	
AqTMK_15_final.txt	AqTMK_175_final.txt	AqTMK_15	AqTMK_175	36	34	False	inf	1.0	False	
AqTMK_15_final.txt	AqTMK_128_final.txt	AqTMK_15	AqTMK_128	36	34	False	inf	1.0	False	
AqTMK_15_final.txt	AqTMK_185_final.txt	AqTMK_15	AqTMK_185	36	34	False	inf	1.0	False	
AqTMK_15_final.txt	AqTMK_196_final.txt	AqTMK_15	AqTMK_196	36	34	False	inf	1.0	False	
AqTMK_15_final.txt	AqTMK_207_final.txt	AqTMK_15	AqTMK_207	36	34	False	inf	1.0	False	
AqTMK_15_final.txt	AqTMK_217_final.txt	AqTMK_15	AqTMK_217	36	34	False	inf	1.0	False	
AqTMK_15_final.txt	AqTMK_220_final.txt	AqTMK_15	AqTMK_220	36	34	False	inf	1.0	False	
AqTMK_15_final.txt	AqTMK_261_final.txt	AqTMK_15	AqTMK_261	36	34	False	inf	1.0	False	
AqTMK_15_final.txt	AqTMK_246_final.txt	AqTMK_15	AqTMK_246	36	34	False	inf	1.0	False	
AqTMK_15_final.txt	AqTMK_244_final.txt	AqTMK_15	AqTMK_244	36	34	False	inf	1.0	False	
AqTMK_15_final.txt	AqTMK_281_final.txt	AqTMK_15	AqTMK_281	36	34	False	inf	1.0	False	
AqTMK_15_final.txt	AqTMK_69_final.txt	AqTMK_15	AqTMK_69	36	33	False	inf	1.0	False	
AqTMK_15_final.txt	AqTMK_87_final.txt	AqTMK_15	AqTMK_87	36	33	False	inf	1.0	False	
AqTMK_15_final.txt	AqTMK_95_final.txt	AqTMK_15	AqTMK_95	36	33	False	inf	1.0	False	
AqTMK_15_final.txt	AqTMK_109_final.txt	AqTMK_15	AqTMK_109	36	33	False	inf	1.0	False	
AqTMK_15_final.txt	AqTMK_111_final.txt	AqTMK_15	AqTMK_111	36	33	False	inf	1.0	False	
AqTMK_15_final.txt	AqTMK_120_final.txt	AqTMK_15	AqTMK_120	36	33	False	inf	1.0	False	
AqTMK_15_final.txt	AqTMK_116_final.txt	AqTMK_15	AqTMK_116	36	33	False	inf	1.0	False	
AqTMK_15_final.txt	AqTMK_139_final.txt	AqTMK_15	AqTMK_139	36	33	False	inf	1.0	False	
AqTMK_15_final.txt	AqTMK_156_final.txt	AqTMK_15	AqTMK_156	36	33	False	inf	1.0	False	
AqTMK_15_final.txt	AqTMK_163_final.txt	AqTMK_15	AqTMK_163	36	33	False	inf	1.0	False	
AqTMK_15_final.txt	AqTMK_171_final.txt	AqTMK_15	AqTMK_171	36	33	False	inf	1.0	False	
AqTMK_15_final.txt	AqTMK_186_final.txt	AqTMK_15	AqTMK_186	36	33	False	inf	1.0	False	
AqTMK_15_final.txt	AqTMK_208_final.txt	AqTMK_15	AqTMK_208	36	33	False	inf	1.0	False	
AqTMK_15_final.txt	AqTMK_197_final.txt	AqTMK_15	AqTMK_197	36	33	False	inf	1.0	False	
AqTMK_15_final.txt	AqTMK_200_final.txt	AqTMK_15	AqTMK_200	36	33	False	inf	1.0	False	
AqTMK_15_final.txt	AqTMK_223_final.txt	AqTMK_15	AqTMK_223	36	33	False	inf	1.0	False	
AqTMK_15_final.txt	AqTMK_229_final.txt	AqTMK_15	AqTMK_229	36	33	False	inf	1.0	False	
AqTMK_15_final.txt	AqTMK_230_final.txt	AqTMK_15	AqTMK_230	36	33	False	inf	1.0	False	
AqTMK_15_final.txt	AqTMK_231_final.txt	AqTMK_15	AqTMK_231	36	33	False	inf	1.0	False	
AqTMK_15_final.txt	AqTMK_233_final.txt	AqTMK_15	AqTMK_233	36	33	False	inf	1.0	False	
AqTMK_15_final.txt	AqTMK_257_final.txt	AqTMK_15	AqTMK_257	36	33	False	inf	1.0	False	
AqTMK_15_final.txt	AqTMK_262_final.txt	AqTMK_15	AqTMK_262	36	33	False	inf	1.0	False	
AqTMK_15_final.txt	AqTMK_259_final.txt	AqTMK_15	AqTMK_259	36	33	False	inf	1.0	False	
AqTMK_15_final.txt	AqTMK_270_final.txt	AqTMK_15	AqTMK_270	36	33	False	inf	1.0	False	
AqTMK_15_final.txt	AqTMK_273_final.txt	AqTMK_15	AqTMK_273	36	33	False	inf	1.0	False	
AqTMK_15_final.txt	AqTMK_284_final.txt	AqTMK_15	AqTMK_284	36	33	False	inf	1.0	False	
AqTMK_15_final.txt	AqTMK_285_final.txt	AqTMK_15	AqTMK_285	36	33	False	inf	1.0	False	
AqTMK_15_final.txt	AqTMK_287_final.txt	AqTMK_15	AqTMK_287	36	33	False	inf	1.0	False	
AqTMK_15_final.txt	AqTMK_295_final.txt	AqTMK_15	AqTMK_295	36	33	False	inf	1.0	False	
AqTMK_15_final.txt	AqTMK_311_final.txt	AqTMK_15	AqTMK_311	36	33	False	inf	1.0	False	
AqTMK_15_final.txt	AqTMK_54_final.txt	AqTMK_15	AqTMK_54	36	32	False	inf	1.0	False	
AqTMK_15_final.txt	AqTMK_56_final.txt	AqTMK_15	AqTMK_56	36	32	False	inf	1.0	False	
AqTMK_15_final.txt	AqTMK_59_final.txt	AqTMK_15	AqTMK_59	36	32	False	inf	1.0	False	
AqTMK_15_final.txt	AqTMK_62_final.txt	AqTMK_15	AqTMK_62	36	32	False	inf	1.0	False	
AqTMK_15_final.txt	AqTMK_63_final.txt	AqTMK_15	AqTMK_63	36	32	False	inf	1.0	False	
AqTMK_15_final.txt	AqTMK_68_final.txt	AqTMK_15	AqTMK_68	36	32	False	inf	1.0	False	
AqTMK_15_final.txt	AqTMK_79_final.txt	AqTMK_15	AqTMK_79	36	32	False	inf	1.0	False	
AqTMK_15_final.txt	AqTMK_70_final.txt	AqTMK_15	AqTMK_70	36	32	False	inf	1.0	False	
AqTMK_15_final.txt	AqTMK_81_final.txt	AqTMK_15	AqTMK_81	36	32	False	inf	1.0	False	
AqTMK_15_final.txt	AqTMK_82_final.txt	AqTMK_15	AqTMK_82	36	32	False	inf	1.0	False	
AqTMK_15_final.txt	AqTMK_84_final.txt	AqTMK_15	AqTMK_84	36	32	False	inf	1.0	False	
AqTMK_15_final.txt	AqTMK_85_final.txt	AqTMK_15	AqTMK_85	36	32	False	inf	1.0	False	
AqTMK_15_final.txt	AqTMK_89_final.txt	AqTMK_15	AqTMK_89	36	32	False	inf	1.0	False	
AqTMK_15_final.txt	AqTMK_91_final.txt	AqTMK_15	AqTMK_91	36	32	False	inf	1.0	False	
AqTMK_15_final.txt	AqTMK_98_final.txt	AqTMK_15	AqTMK_98	36	32	False	inf	1.0	False	
AqTMK_15_final.txt	AqTMK_93_final.txt	AqTMK_15	AqTMK_93	36	32	False	inf	1.0	False	
AqTMK_15_final.txt	AqTMK_99_final.txt	AqTMK_15	AqTMK_99	36	32	False	inf	1.0	False	
AqTMK_15_final.txt	AqTMK_101_final.txt	AqTMK_15	AqTMK_101	36	32	False	inf	1.0	False	
AqTMK_15_final.txt	AqTMK_103_final.txt	AqTMK_15	AqTMK_103	36	32	False	inf	1.0	False	
AqTMK_15_final.txt	AqTMK_104_final.txt	AqTMK_15	AqTMK_104	36	32	False	inf	1.0	False	
AqTMK_15_final.txt	AqTMK_106_final.txt	AqTMK_15	AqTMK_106	36	32	False	inf	1.0	False	
AqTMK_15_final.txt	AqTMK_114_final.txt	AqTMK_15	AqTMK_114	36	32	False	inf	1.0	False	
AqTMK_15_final.txt	AqTMK_131_final.txt	AqTMK_15	AqTMK_131	36	32	False	inf	1.0	False	
AqTMK_15_final.txt	AqTMK_117_final.txt	AqTMK_15	AqTMK_117	36	32	False	inf	1.0	False	
AqTMK_15_final.txt	AqTMK_118_final.txt	AqTMK_15	AqTMK_118	36	32	False	inf	1.0	False	
AqTMK_15_final.txt	AqTMK_149_final.txt	AqTMK_15	AqTMK_149	36	32	False	inf	1.0	False	
AqTMK_15_final.txt	AqTMK_155_final.txt	AqTMK_15	AqTMK_155	36	32	False	inf	1.0	False	
AqTMK_15_final.txt	AqTMK_159_final.txt	AqTMK_15	AqTMK_159	36	32	False	inf	1.0	False	
AqTMK_15_final.txt	AqTMK_165_final.txt	AqTMK_15	AqTMK_165	36	32	False	inf	1.0	False	
AqTMK_15_final.txt	AqTMK_173_final.txt	AqTMK_15	AqTMK_173	36	32	False	inf	1.0	False	
AqTMK_15_final.txt	AqTMK_187_final.txt	AqTMK_15	AqTMK_187	36	32	False	inf	1.0	False	
AqTMK_15_final.txt	AqTMK_179_final.txt	AqTMK_15	AqTMK_179	36	32	False	inf	1.0	False	
AqTMK_15_final.txt	AqTMK_181_final.txt	AqTMK_15	AqTMK_181	36	32	False	inf	1.0	False	
AqTMK_15_final.txt	AqTMK_188_final.txt	AqTMK_15	AqTMK_188	36	32	False	inf	1.0	False	
AqTMK_15_final.txt	AqTMK_191_final.txt	AqTMK_15	AqTMK_191	36	32	False	inf	1.0	False	
AqTMK_15_final.txt	AqTMK_198_final.txt	AqTMK_15	AqTMK_198	36	32	False	inf	1.0	False	
AqTMK_15_final.txt	AqTMK_218_final.txt	AqTMK_15	AqTMK_218	36	32	False	inf	1.0	False	
AqTMK_15_final.txt	AqTMK_219_final.txt	AqTMK_15	AqTMK_219	36	32	False	inf	1.0	False	
AqTMK_15_final.txt	AqTMK_236_final.txt	AqTMK_15	AqTMK_236	36	32	False	inf	1.0	False	
AqTMK_15_final.txt	AqTMK_234_final.txt	AqTMK_15	AqTMK_234	36	32	False	inf	1.0	False	
AqTMK_15_final.txt	AqTMK_224_final.txt	AqTMK_15	AqTMK_224	36	32	False	inf	1.0	False	
AqTMK_15_final.txt	AqTMK_240_final.txt	AqTMK_15	AqTMK_240	36	32	False	inf	1.0	False	
AqTMK_15_final.txt	AqTMK_242_final.txt	AqTMK_15	AqTMK_242	36	32	False	inf	1.0	False	
AqTMK_15_final.txt	AqTMK_245_final.txt	AqTMK_15	AqTMK_245	36	32	False	inf	1.0	False	
AqTMK_15_final.txt	AqTMK_249_final.txt	AqTMK_15	AqTMK_249	36	32	False	inf	1.0	False	
AqTMK_15_final.txt	AqTMK_263_final.txt	AqTMK_15	AqTMK_263	36	32	False	inf	1.0	False	
AqTMK_15_final.txt	AqTMK_267_final.txt	AqTMK_15	AqTMK_267	36	32	False	inf	1.0	False	
AqTMK_15_final.txt	AqTMK_272_final.txt	AqTMK_15	AqTMK_272	36	32	False	inf	1.0	False	
AqTMK_15_final.txt	AqTMK_274_final.txt	AqTMK_15	AqTMK_274	36	32	False	inf	1.0	False	
AqTMK_15_final.txt	AqTMK_275_final.txt	AqTMK_15	AqTMK_275	36	32	False	inf	1.0	False	
AqTMK_15_final.txt	AqTMK_279_final.txt	AqTMK_15	AqTMK_279	36	32	False	inf	1.0	False	
AqTMK_15_final.txt	AqTMK_286_final.txt	AqTMK_15	AqTMK_286	36	32	False	inf	1.0	False	
AqTMK_15_final.txt	AqTMK_290_final.txt	AqTMK_15	AqTMK_290	36	32	False	inf	1.0	False	
AqTMK_15_final.txt	AqTMK_292_final.txt	AqTMK_15	AqTMK_292	36	32	False	inf	1.0	False	
AqTMK_15_final.txt	AqTMK_299_final.txt	AqTMK_15	AqTMK_299	36	32	False	inf	1.0	False	
AqTMK_15_final.txt	AqTMK_309_final.txt	AqTMK_15	AqTMK_309	36	32	False	inf	1.0	False	
AqTMK_15_final.txt	AqTMK_45_final.txt	AqTMK_15	AqTMK_45	36	31	False	inf	1.0	False	
AqTMK_15_final.txt	AqTMK_47_final.txt	AqTMK_15	AqTMK_47	36	31	False	inf	1.0	False	
AqTMK_15_final.txt	AqTMK_48_final.txt	AqTMK_15	AqTMK_48	36	31	False	inf	1.0	False	
AqTMK_15_final.txt	AqTMK_53_final.txt	AqTMK_15	AqTMK_53	36	31	False	inf	1.0	False	
AqTMK_15_final.txt	AqTMK_57_final.txt	AqTMK_15	AqTMK_57	36	31	False	inf	1.0	False	
AqTMK_15_final.txt	AqTMK_72_final.txt	AqTMK_15	AqTMK_72	36	31	False	inf	1.0	False	
AqTMK_15_final.txt	AqTMK_76_final.txt	AqTMK_15	AqTMK_76	36	31	False	inf	1.0	False	
AqTMK_15_final.txt	AqTMK_73_final.txt	AqTMK_15	AqTMK_73	36	31	False	inf	1.0	False	
AqTMK_15_final.txt	AqTMK_92_final.txt	AqTMK_15	AqTMK_92	36	31	False	inf	1.0	False	
AqTMK_15_final.txt	AqTMK_94_final.txt	AqTMK_15	AqTMK_94	36	31	False	inf	1.0	False	
AqTMK_15_final.txt	AqTMK_108_final.txt	AqTMK_15	AqTMK_108	36	31	False	inf	1.0	False	
AqTMK_15_final.txt	AqTMK_110_final.txt	AqTMK_15	AqTMK_110	36	31	False	inf	1.0	False	
AqTMK_15_final.txt	AqTMK_112_final.txt	AqTMK_15	AqTMK_112	36	31	False	inf	1.0	False	
AqTMK_15_final.txt	AqTMK_119_final.txt	AqTMK_15	AqTMK_119	36	31	False	inf	1.0	False	
AqTMK_15_final.txt	AqTMK_122_final.txt	AqTMK_15	AqTMK_122	36	31	False	inf	1.0	False	
AqTMK_15_final.txt	AqTMK_132_final.txt	AqTMK_15	AqTMK_132	36	31	False	inf	1.0	False	
AqTMK_15_final.txt	AqTMK_123_final.txt	AqTMK_15	AqTMK_123	36	31	False	inf	1.0	False	
AqTMK_15_final.txt	AqTMK_133_final.txt	AqTMK_15	AqTMK_133	36	31	False	inf	1.0	False	
AqTMK_15_final.txt	AqTMK_167_final.txt	AqTMK_15	AqTMK_167	36	31	False	inf	1.0	False	
AqTMK_15_final.txt	AqTMK_172_final.txt	AqTMK_15	AqTMK_172	36	31	False	inf	1.0	False	
AqTMK_15_final.txt	AqTMK_178_final.txt	AqTMK_15	AqTMK_178	36	31	False	inf	1.0	False	
AqTMK_15_final.txt	AqTMK_184_final.txt	AqTMK_15	AqTMK_184	36	31	False	inf	1.0	False	
AqTMK_15_final.txt	AqTMK_211_final.txt	AqTMK_15	AqTMK_211	36	31	False	inf	1.0	False	
AqTMK_15_final.txt	AqTMK_201_final.txt	AqTMK_15	AqTMK_201	36	31	False	inf	1.0	False	
AqTMK_15_final.txt	AqTMK_195_final.txt	AqTMK_15	AqTMK_195	36	31	False	inf	1.0	False	
AqTMK_15_final.txt	AqTMK_237_final.txt	AqTMK_15	AqTMK_237	36	31	False	inf	1.0	False	
AqTMK_15_final.txt	AqTMK_238_final.txt	AqTMK_15	AqTMK_238	36	31	False	inf	1.0	False	
AqTMK_15_final.txt	AqTMK_253_final.txt	AqTMK_15	AqTMK_253	36	31	False	inf	1.0	False	
AqTMK_15_final.txt	AqTMK_276_final.txt	AqTMK_15	AqTMK_276	36	31	False	inf	1.0	False	
AqTMK_15_final.txt	AqTMK_277_final.txt	AqTMK_15	AqTMK_277	36	31	False	inf	1.0	False	
AqTMK_15_final.txt	AqTMK_33_final.txt	AqTMK_15	AqTMK_33	36	30	False	inf	1.0	False	
AqTMK_15_final.txt	AqTMK_288_final.txt	AqTMK_15	AqTMK_288	36	31	False	inf	1.0	False	
AqTMK_15_final.txt	AqTMK_300_final.txt	AqTMK_15	AqTMK_300	36	31	False	inf	1.0	False	
AqTMK_15_final.txt	AqTMK_43_final.txt	AqTMK_15	AqTMK_43	36	30	False	inf	1.0	False	
AqTMK_15_final.txt	AqTMK_49_final.txt	AqTMK_15	AqTMK_49	36	30	False	inf	1.0	False	
AqTMK_15_final.txt	AqTMK_50_final.txt	AqTMK_15	AqTMK_50	36	30	False	inf	1.0	False	
AqTMK_15_final.txt	AqTMK_66_final.txt	AqTMK_15	AqTMK_66	36	30	False	inf	1.0	False	
AqTMK_15_final.txt	AqTMK_102_final.txt	AqTMK_15	AqTMK_102	36	30	False	inf	1.0	False	
AqTMK_15_final.txt	AqTMK_153_final.txt	AqTMK_15	AqTMK_153	36	30	False	inf	1.0	False	
AqTMK_15_final.txt	AqTMK_124_final.txt	AqTMK_15	AqTMK_124	36	30	False	inf	1.0	False	
AqTMK_15_final.txt	AqTMK_193_final.txt	AqTMK_15	AqTMK_193	36	30	False	inf	1.0	False	
AqTMK_15_final.txt	AqTMK_264_final.txt	AqTMK_15	AqTMK_264	36	30	False	inf	1.0	False	
AqTMK_15_final.txt	AqTMK_121_final.txt	AqTMK_15	AqTMK_121	36	29	False	inf	1.0	False	
AqTMK_17_final.txt	AqTMK_37_final.txt	AqTMK_17	AqTMK_37	36	36	True	6	1.0	False	
AqTMK_17_final.txt	AqTMK_28_final.txt	AqTMK_17	AqTMK_28	36	36	True	6	1.0	False	
AqTMK_17_final.txt	AqTMK_38_final.txt	AqTMK_17	AqTMK_38	36	36	True	6	1.0	False	
AqTMK_17_final.txt	AqTMK_5_final.txt	AqTMK_17	AqTMK_5	36	35	False	inf	1.0	False	
AqTMK_17_final.txt	AqTMK_14_final.txt	AqTMK_17	AqTMK_14	36	35	False	inf	1.0	False	
AqTMK_17_final.txt	AqTMK_23_final.txt	AqTMK_17	AqTMK_23	36	35	False	inf	1.0	False	
AqTMK_17_final.txt	AqTMK_214_final.txt	AqTMK_17	AqTMK_214	36	35	False	inf	1.0	False	
AqTMK_17_final.txt	AqTMK_77_final.txt	AqTMK_17	AqTMK_77	36	36	True	6	1.0	False	
AqTMK_17_final.txt	AqTMK_128_final.txt	AqTMK_17	AqTMK_128	36	34	False	inf	1.0	False	
AqTMK_17_final.txt	AqTMK_175_final.txt	AqTMK_17	AqTMK_175	36	34	False	inf	1.0	False	
AqTMK_17_final.txt	AqTMK_185_final.txt	AqTMK_17	AqTMK_185	36	34	False	inf	1.0	False	
AqTMK_17_final.txt	AqTMK_196_final.txt	AqTMK_17	AqTMK_196	36	34	False	inf	1.0	False	
AqTMK_17_final.txt	AqTMK_207_final.txt	AqTMK_17	AqTMK_207	36	34	False	inf	1.0	False	
AqTMK_17_final.txt	AqTMK_217_final.txt	AqTMK_17	AqTMK_217	36	34	False	inf	1.0	False	
AqTMK_17_final.txt	AqTMK_220_final.txt	AqTMK_17	AqTMK_220	36	34	False	inf	1.0	False	
AqTMK_17_final.txt	AqTMK_244_final.txt	AqTMK_17	AqTMK_244	36	34	False	inf	1.0	False	
AqTMK_17_final.txt	AqTMK_246_final.txt	AqTMK_17	AqTMK_246	36	34	False	inf	1.0	False	
AqTMK_17_final.txt	AqTMK_261_final.txt	AqTMK_17	AqTMK_261	36	34	False	inf	1.0	False	
AqTMK_17_final.txt	AqTMK_281_final.txt	AqTMK_17	AqTMK_281	36	34	False	inf	1.0	False	
AqTMK_17_final.txt	AqTMK_69_final.txt	AqTMK_17	AqTMK_69	36	33	False	inf	1.0	False	
AqTMK_17_final.txt	AqTMK_87_final.txt	AqTMK_17	AqTMK_87	36	33	False	inf	1.0	False	
AqTMK_17_final.txt	AqTMK_95_final.txt	AqTMK_17	AqTMK_95	36	33	False	inf	1.0	False	
AqTMK_17_final.txt	AqTMK_109_final.txt	AqTMK_17	AqTMK_109	36	33	False	inf	1.0	False	
AqTMK_17_final.txt	AqTMK_111_final.txt	AqTMK_17	AqTMK_111	36	33	False	inf	1.0	False	
AqTMK_17_final.txt	AqTMK_116_final.txt	AqTMK_17	AqTMK_116	36	33	False	inf	1.0	False	
AqTMK_17_final.txt	AqTMK_120_final.txt	AqTMK_17	AqTMK_120	36	33	False	inf	1.0	False	
AqTMK_17_final.txt	AqTMK_139_final.txt	AqTMK_17	AqTMK_139	36	33	False	inf	1.0	False	
AqTMK_17_final.txt	AqTMK_156_final.txt	AqTMK_17	AqTMK_156	36	33	False	inf	1.0	False	
AqTMK_17_final.txt	AqTMK_163_final.txt	AqTMK_17	AqTMK_163	36	33	False	inf	1.0	False	
AqTMK_17_final.txt	AqTMK_171_final.txt	AqTMK_17	AqTMK_171	36	33	False	inf	1.0	False	
AqTMK_17_final.txt	AqTMK_186_final.txt	AqTMK_17	AqTMK_186	36	33	False	inf	1.0	False	
AqTMK_17_final.txt	AqTMK_197_final.txt	AqTMK_17	AqTMK_197	36	33	False	inf	1.0	False	
AqTMK_17_final.txt	AqTMK_200_final.txt	AqTMK_17	AqTMK_200	36	33	False	inf	1.0	False	
AqTMK_17_final.txt	AqTMK_223_final.txt	AqTMK_17	AqTMK_223	36	33	False	inf	1.0	False	
AqTMK_17_final.txt	AqTMK_208_final.txt	AqTMK_17	AqTMK_208	36	33	False	inf	1.0	False	
AqTMK_17_final.txt	AqTMK_229_final.txt	AqTMK_17	AqTMK_229	36	33	False	inf	1.0	False	
AqTMK_17_final.txt	AqTMK_230_final.txt	AqTMK_17	AqTMK_230	36	33	False	inf	1.0	False	
AqTMK_17_final.txt	AqTMK_231_final.txt	AqTMK_17	AqTMK_231	36	33	False	inf	1.0	False	
AqTMK_17_final.txt	AqTMK_233_final.txt	AqTMK_17	AqTMK_233	36	33	False	inf	1.0	False	
AqTMK_17_final.txt	AqTMK_257_final.txt	AqTMK_17	AqTMK_257	36	33	False	inf	1.0	False	
AqTMK_17_final.txt	AqTMK_262_final.txt	AqTMK_17	AqTMK_262	36	33	False	inf	1.0	False	
AqTMK_17_final.txt	AqTMK_270_final.txt	AqTMK_17	AqTMK_270	36	33	False	inf	1.0	False	
AqTMK_17_final.txt	AqTMK_259_final.txt	AqTMK_17	AqTMK_259	36	33	False	inf	1.0	False	
AqTMK_17_final.txt	AqTMK_273_final.txt	AqTMK_17	AqTMK_273	36	33	False	inf	1.0	False	
AqTMK_17_final.txt	AqTMK_284_final.txt	AqTMK_17	AqTMK_284	36	33	False	inf	1.0	False	
AqTMK_17_final.txt	AqTMK_285_final.txt	AqTMK_17	AqTMK_285	36	33	False	inf	1.0	False	
AqTMK_17_final.txt	AqTMK_287_final.txt	AqTMK_17	AqTMK_287	36	33	False	inf	1.0	False	
AqTMK_17_final.txt	AqTMK_295_final.txt	AqTMK_17	AqTMK_295	36	33	False	inf	1.0	False	
AqTMK_17_final.txt	AqTMK_54_final.txt	AqTMK_17	AqTMK_54	36	32	False	inf	1.0	False	
AqTMK_17_final.txt	AqTMK_56_final.txt	AqTMK_17	AqTMK_56	36	32	False	inf	1.0	False	
AqTMK_17_final.txt	AqTMK_311_final.txt	AqTMK_17	AqTMK_311	36	33	False	inf	1.0	False	
AqTMK_17_final.txt	AqTMK_59_final.txt	AqTMK_17	AqTMK_59	36	32	False	inf	1.0	False	
AqTMK_17_final.txt	AqTMK_62_final.txt	AqTMK_17	AqTMK_62	36	32	False	inf	1.0	False	
AqTMK_17_final.txt	AqTMK_63_final.txt	AqTMK_17	AqTMK_63	36	32	False	inf	1.0	False	
AqTMK_17_final.txt	AqTMK_68_final.txt	AqTMK_17	AqTMK_68	36	32	False	inf	1.0	False	
AqTMK_17_final.txt	AqTMK_70_final.txt	AqTMK_17	AqTMK_70	36	32	False	inf	1.0	False	
AqTMK_17_final.txt	AqTMK_81_final.txt	AqTMK_17	AqTMK_81	36	32	False	inf	1.0	False	
AqTMK_17_final.txt	AqTMK_79_final.txt	AqTMK_17	AqTMK_79	36	32	False	inf	1.0	False	
AqTMK_17_final.txt	AqTMK_82_final.txt	AqTMK_17	AqTMK_82	36	32	False	inf	1.0	False	
AqTMK_17_final.txt	AqTMK_84_final.txt	AqTMK_17	AqTMK_84	36	32	False	inf	1.0	False	
AqTMK_17_final.txt	AqTMK_85_final.txt	AqTMK_17	AqTMK_85	36	32	False	inf	1.0	False	
AqTMK_17_final.txt	AqTMK_89_final.txt	AqTMK_17	AqTMK_89	36	32	False	inf	1.0	False	
AqTMK_17_final.txt	AqTMK_91_final.txt	AqTMK_17	AqTMK_91	36	32	False	inf	1.0	False	
AqTMK_17_final.txt	AqTMK_93_final.txt	AqTMK_17	AqTMK_93	36	32	False	inf	1.0	False	
AqTMK_17_final.txt	AqTMK_99_final.txt	AqTMK_17	AqTMK_99	36	32	False	inf	1.0	False	
AqTMK_17_final.txt	AqTMK_101_final.txt	AqTMK_17	AqTMK_101	36	32	False	inf	1.0	False	
AqTMK_17_final.txt	AqTMK_98_final.txt	AqTMK_17	AqTMK_98	36	32	False	inf	1.0	False	
AqTMK_17_final.txt	AqTMK_103_final.txt	AqTMK_17	AqTMK_103	36	32	False	inf	1.0	False	
AqTMK_17_final.txt	AqTMK_104_final.txt	AqTMK_17	AqTMK_104	36	32	False	inf	1.0	False	
AqTMK_17_final.txt	AqTMK_106_final.txt	AqTMK_17	AqTMK_106	36	32	False	inf	1.0	False	
AqTMK_17_final.txt	AqTMK_114_final.txt	AqTMK_17	AqTMK_114	36	32	False	inf	1.0	False	
AqTMK_17_final.txt	AqTMK_117_final.txt	AqTMK_17	AqTMK_117	36	32	False	inf	1.0	False	
AqTMK_17_final.txt	AqTMK_149_final.txt	AqTMK_17	AqTMK_149	36	32	False	inf	1.0	False	
AqTMK_17_final.txt	AqTMK_131_final.txt	AqTMK_17	AqTMK_131	36	32	False	inf	1.0	False	
AqTMK_17_final.txt	AqTMK_118_final.txt	AqTMK_17	AqTMK_118	36	32	False	inf	1.0	False	
AqTMK_17_final.txt	AqTMK_155_final.txt	AqTMK_17	AqTMK_155	36	32	False	inf	1.0	False	
AqTMK_17_final.txt	AqTMK_159_final.txt	AqTMK_17	AqTMK_159	36	32	False	inf	1.0	False	
AqTMK_17_final.txt	AqTMK_165_final.txt	AqTMK_17	AqTMK_165	36	32	False	inf	1.0	False	
AqTMK_17_final.txt	AqTMK_173_final.txt	AqTMK_17	AqTMK_173	36	32	False	inf	1.0	False	
AqTMK_17_final.txt	AqTMK_179_final.txt	AqTMK_17	AqTMK_179	36	32	False	inf	1.0	False	
AqTMK_17_final.txt	AqTMK_181_final.txt	AqTMK_17	AqTMK_181	36	32	False	inf	1.0	False	
AqTMK_17_final.txt	AqTMK_188_final.txt	AqTMK_17	AqTMK_188	36	32	False	inf	1.0	False	
AqTMK_17_final.txt	AqTMK_187_final.txt	AqTMK_17	AqTMK_187	36	32	False	inf	1.0	False	
AqTMK_17_final.txt	AqTMK_191_final.txt	AqTMK_17	AqTMK_191	36	32	False	inf	1.0	False	
AqTMK_17_final.txt	AqTMK_198_final.txt	AqTMK_17	AqTMK_198	36	32	False	inf	1.0	False	
AqTMK_17_final.txt	AqTMK_218_final.txt	AqTMK_17	AqTMK_218	36	32	False	inf	1.0	False	
AqTMK_17_final.txt	AqTMK_219_final.txt	AqTMK_17	AqTMK_219	36	32	False	inf	1.0	False	
AqTMK_17_final.txt	AqTMK_224_final.txt	AqTMK_17	AqTMK_224	36	32	False	inf	1.0	False	
AqTMK_17_final.txt	AqTMK_240_final.txt	AqTMK_17	AqTMK_240	36	32	False	inf	1.0	False	
AqTMK_17_final.txt	AqTMK_236_final.txt	AqTMK_17	AqTMK_236	36	32	False	inf	1.0	False	
AqTMK_17_final.txt	AqTMK_234_final.txt	AqTMK_17	AqTMK_234	36	32	False	inf	1.0	False	
AqTMK_17_final.txt	AqTMK_242_final.txt	AqTMK_17	AqTMK_242	36	32	False	inf	1.0	False	
AqTMK_17_final.txt	AqTMK_245_final.txt	AqTMK_17	AqTMK_245	36	32	False	inf	1.0	False	
AqTMK_17_final.txt	AqTMK_249_final.txt	AqTMK_17	AqTMK_249	36	32	False	inf	1.0	False	
AqTMK_17_final.txt	AqTMK_263_final.txt	AqTMK_17	AqTMK_263	36	32	False	inf	1.0	False	
AqTMK_17_final.txt	AqTMK_267_final.txt	AqTMK_17	AqTMK_267	36	32	False	inf	1.0	False	
AqTMK_17_final.txt	AqTMK_274_final.txt	AqTMK_17	AqTMK_274	36	32	False	inf	1.0	False	
AqTMK_17_final.txt	AqTMK_275_final.txt	AqTMK_17	AqTMK_275	36	32	False	inf	1.0	False	
AqTMK_17_final.txt	AqTMK_272_final.txt	AqTMK_17	AqTMK_272	36	32	False	inf	1.0	False	
AqTMK_17_final.txt	AqTMK_279_final.txt	AqTMK_17	AqTMK_279	36	32	False	inf	1.0	False	
AqTMK_17_final.txt	AqTMK_286_final.txt	AqTMK_17	AqTMK_286	36	32	False	inf	1.0	False	
AqTMK_17_final.txt	AqTMK_290_final.txt	AqTMK_17	AqTMK_290	36	32	False	inf	1.0	False	
AqTMK_17_final.txt	AqTMK_292_final.txt	AqTMK_17	AqTMK_292	36	32	False	inf	1.0	False	
AqTMK_17_final.txt	AqTMK_299_final.txt	AqTMK_17	AqTMK_299	36	32	False	inf	1.0	False	
AqTMK_17_final.txt	AqTMK_45_final.txt	AqTMK_17	AqTMK_45	36	31	False	inf	1.0	False	
AqTMK_17_final.txt	AqTMK_309_final.txt	AqTMK_17	AqTMK_309	36	32	False	inf	1.0	False	
AqTMK_17_final.txt	AqTMK_47_final.txt	AqTMK_17	AqTMK_47	36	31	False	inf	1.0	False	
AqTMK_17_final.txt	AqTMK_48_final.txt	AqTMK_17	AqTMK_48	36	31	False	inf	1.0	False	
AqTMK_17_final.txt	AqTMK_53_final.txt	AqTMK_17	AqTMK_53	36	31	False	inf	1.0	False	
AqTMK_17_final.txt	AqTMK_57_final.txt	AqTMK_17	AqTMK_57	36	31	False	inf	1.0	False	
AqTMK_17_final.txt	AqTMK_72_final.txt	AqTMK_17	AqTMK_72	36	31	False	inf	1.0	False	
AqTMK_17_final.txt	AqTMK_73_final.txt	AqTMK_17	AqTMK_73	36	31	False	inf	1.0	False	
AqTMK_17_final.txt	AqTMK_94_final.txt	AqTMK_17	AqTMK_94	36	31	False	inf	1.0	False	
AqTMK_17_final.txt	AqTMK_76_final.txt	AqTMK_17	AqTMK_76	36	31	False	inf	1.0	False	
AqTMK_17_final.txt	AqTMK_92_final.txt	AqTMK_17	AqTMK_92	36	31	False	inf	1.0	False	
AqTMK_17_final.txt	AqTMK_108_final.txt	AqTMK_17	AqTMK_108	36	31	False	inf	1.0	False	
AqTMK_17_final.txt	AqTMK_110_final.txt	AqTMK_17	AqTMK_110	36	31	False	inf	1.0	False	
AqTMK_17_final.txt	AqTMK_112_final.txt	AqTMK_17	AqTMK_112	36	31	False	inf	1.0	False	
AqTMK_17_final.txt	AqTMK_119_final.txt	AqTMK_17	AqTMK_119	36	31	False	inf	1.0	False	
AqTMK_17_final.txt	AqTMK_122_final.txt	AqTMK_17	AqTMK_122	36	31	False	inf	1.0	False	
AqTMK_17_final.txt	AqTMK_132_final.txt	AqTMK_17	AqTMK_132	36	31	False	inf	1.0	False	
AqTMK_17_final.txt	AqTMK_133_final.txt	AqTMK_17	AqTMK_133	36	31	False	inf	1.0	False	
AqTMK_17_final.txt	AqTMK_123_final.txt	AqTMK_17	AqTMK_123	36	31	False	inf	1.0	False	
AqTMK_17_final.txt	AqTMK_167_final.txt	AqTMK_17	AqTMK_167	36	31	False	inf	1.0	False	
AqTMK_17_final.txt	AqTMK_172_final.txt	AqTMK_17	AqTMK_172	36	31	False	inf	1.0	False	
AqTMK_17_final.txt	AqTMK_178_final.txt	AqTMK_17	AqTMK_178	36	31	False	inf	1.0	False	
AqTMK_17_final.txt	AqTMK_184_final.txt	AqTMK_17	AqTMK_184	36	31	False	inf	1.0	False	
AqTMK_17_final.txt	AqTMK_195_final.txt	AqTMK_17	AqTMK_195	36	31	False	inf	1.0	False	
AqTMK_17_final.txt	AqTMK_211_final.txt	AqTMK_17	AqTMK_211	36	31	False	inf	1.0	False	
AqTMK_17_final.txt	AqTMK_201_final.txt	AqTMK_17	AqTMK_201	36	31	False	inf	1.0	False	
AqTMK_17_final.txt	AqTMK_237_final.txt	AqTMK_17	AqTMK_237	36	31	False	inf	1.0	False	
AqTMK_17_final.txt	AqTMK_238_final.txt	AqTMK_17	AqTMK_238	36	31	False	inf	1.0	False	
AqTMK_17_final.txt	AqTMK_253_final.txt	AqTMK_17	AqTMK_253	36	31	False	inf	1.0	False	
AqTMK_17_final.txt	AqTMK_276_final.txt	AqTMK_17	AqTMK_276	36	31	False	inf	1.0	False	
AqTMK_17_final.txt	AqTMK_277_final.txt	AqTMK_17	AqTMK_277	36	31	False	inf	1.0	False	
AqTMK_17_final.txt	AqTMK_288_final.txt	AqTMK_17	AqTMK_288	36	31	False	inf	1.0	False	
AqTMK_17_final.txt	AqTMK_33_final.txt	AqTMK_17	AqTMK_33	36	30	False	inf	1.0	False	
AqTMK_17_final.txt	AqTMK_300_final.txt	AqTMK_17	AqTMK_300	36	31	False	inf	1.0	False	
AqTMK_17_final.txt	AqTMK_43_final.txt	AqTMK_17	AqTMK_43	36	30	False	inf	1.0	False	
AqTMK_17_final.txt	AqTMK_49_final.txt	AqTMK_17	AqTMK_49	36	30	False	inf	1.0	False	
AqTMK_17_final.txt	AqTMK_50_final.txt	AqTMK_17	AqTMK_50	36	30	False	inf	1.0	False	
AqTMK_17_final.txt	AqTMK_66_final.txt	AqTMK_17	AqTMK_66	36	30	False	inf	1.0	False	
AqTMK_17_final.txt	AqTMK_102_final.txt	AqTMK_17	AqTMK_102	36	30	False	inf	1.0	False	
AqTMK_17_final.txt	AqTMK_124_final.txt	AqTMK_17	AqTMK_124	36	30	False	inf	1.0	False	
AqTMK_17_final.txt	AqTMK_264_final.txt	AqTMK_17	AqTMK_264	36	30	False	inf	1.0	False	
AqTMK_17_final.txt	AqTMK_193_final.txt	AqTMK_17	AqTMK_193	36	30	False	inf	1.0	False	
AqTMK_17_final.txt	AqTMK_153_final.txt	AqTMK_17	AqTMK_153	36	30	False	inf	1.0	False	
AqTMK_17_final.txt	AqTMK_121_final.txt	AqTMK_17	AqTMK_121	36	29	False	inf	1.0	False	
AqTMK_28_final.txt	AqTMK_37_final.txt	AqTMK_28	AqTMK_37	36	36	True	4	1.0	False	
AqTMK_28_final.txt	AqTMK_38_final.txt	AqTMK_28	AqTMK_38	36	36	True	2	1.0	False	
AqTMK_28_final.txt	AqTMK_5_final.txt	AqTMK_28	AqTMK_5	36	35	False	inf	1.0	False	
AqTMK_28_final.txt	AqTMK_14_final.txt	AqTMK_28	AqTMK_14	36	35	False	inf	1.0	False	
AqTMK_28_final.txt	AqTMK_23_final.txt	AqTMK_28	AqTMK_23	36	35	False	inf	1.0	False	
AqTMK_28_final.txt	AqTMK_214_final.txt	AqTMK_28	AqTMK_214	36	35	False	inf	1.0	False	
AqTMK_28_final.txt	AqTMK_128_final.txt	AqTMK_28	AqTMK_128	36	34	False	inf	1.0	False	
AqTMK_28_final.txt	AqTMK_77_final.txt	AqTMK_28	AqTMK_77	36	36	True	4	1.0	False	
AqTMK_28_final.txt	AqTMK_185_final.txt	AqTMK_28	AqTMK_185	36	34	False	inf	1.0	False	
AqTMK_28_final.txt	AqTMK_196_final.txt	AqTMK_28	AqTMK_196	36	34	False	inf	1.0	False	
AqTMK_28_final.txt	AqTMK_175_final.txt	AqTMK_28	AqTMK_175	36	34	False	inf	1.0	False	
AqTMK_28_final.txt	AqTMK_207_final.txt	AqTMK_28	AqTMK_207	36	34	False	inf	1.0	False	
AqTMK_28_final.txt	AqTMK_217_final.txt	AqTMK_28	AqTMK_217	36	34	False	inf	1.0	False	
AqTMK_28_final.txt	AqTMK_220_final.txt	AqTMK_28	AqTMK_220	36	34	False	inf	1.0	False	
AqTMK_28_final.txt	AqTMK_244_final.txt	AqTMK_28	AqTMK_244	36	34	False	inf	1.0	False	
AqTMK_28_final.txt	AqTMK_246_final.txt	AqTMK_28	AqTMK_246	36	34	False	inf	1.0	False	
AqTMK_28_final.txt	AqTMK_69_final.txt	AqTMK_28	AqTMK_69	36	33	False	inf	1.0	False	
AqTMK_28_final.txt	AqTMK_261_final.txt	AqTMK_28	AqTMK_261	36	34	False	inf	1.0	False	
AqTMK_28_final.txt	AqTMK_281_final.txt	AqTMK_28	AqTMK_281	36	34	False	inf	1.0	False	
AqTMK_28_final.txt	AqTMK_87_final.txt	AqTMK_28	AqTMK_87	36	33	False	inf	1.0	False	
AqTMK_28_final.txt	AqTMK_95_final.txt	AqTMK_28	AqTMK_95	36	33	False	inf	1.0	False	
AqTMK_28_final.txt	AqTMK_109_final.txt	AqTMK_28	AqTMK_109	36	33	False	inf	1.0	False	
AqTMK_28_final.txt	AqTMK_111_final.txt	AqTMK_28	AqTMK_111	36	33	False	inf	1.0	False	
AqTMK_28_final.txt	AqTMK_116_final.txt	AqTMK_28	AqTMK_116	36	33	False	inf	1.0	False	
AqTMK_28_final.txt	AqTMK_139_final.txt	AqTMK_28	AqTMK_139	36	33	False	inf	1.0	False	
AqTMK_28_final.txt	AqTMK_120_final.txt	AqTMK_28	AqTMK_120	36	33	False	inf	1.0	False	
AqTMK_28_final.txt	AqTMK_156_final.txt	AqTMK_28	AqTMK_156	36	33	False	inf	1.0	False	
AqTMK_28_final.txt	AqTMK_163_final.txt	AqTMK_28	AqTMK_163	36	33	False	inf	1.0	False	
AqTMK_28_final.txt	AqTMK_171_final.txt	AqTMK_28	AqTMK_171	36	33	False	inf	1.0	False	
AqTMK_28_final.txt	AqTMK_186_final.txt	AqTMK_28	AqTMK_186	36	33	False	inf	1.0	False	
AqTMK_28_final.txt	AqTMK_197_final.txt	AqTMK_28	AqTMK_197	36	33	False	inf	1.0	False	
AqTMK_28_final.txt	AqTMK_200_final.txt	AqTMK_28	AqTMK_200	36	33	False	inf	1.0	False	
AqTMK_28_final.txt	AqTMK_229_final.txt	AqTMK_28	AqTMK_229	36	33	False	inf	1.0	False	
AqTMK_28_final.txt	AqTMK_208_final.txt	AqTMK_28	AqTMK_208	36	33	False	inf	1.0	False	
AqTMK_28_final.txt	AqTMK_223_final.txt	AqTMK_28	AqTMK_223	36	33	False	inf	1.0	False	
AqTMK_28_final.txt	AqTMK_230_final.txt	AqTMK_28	AqTMK_230	36	33	False	inf	1.0	False	
AqTMK_28_final.txt	AqTMK_231_final.txt	AqTMK_28	AqTMK_231	36	33	False	inf	1.0	False	
AqTMK_28_final.txt	AqTMK_233_final.txt	AqTMK_28	AqTMK_233	36	33	False	inf	1.0	False	
AqTMK_28_final.txt	AqTMK_257_final.txt	AqTMK_28	AqTMK_257	36	33	False	inf	1.0	False	
AqTMK_28_final.txt	AqTMK_259_final.txt	AqTMK_28	AqTMK_259	36	33	False	inf	1.0	False	
AqTMK_28_final.txt	AqTMK_270_final.txt	AqTMK_28	AqTMK_270	36	33	False	inf	1.0	False	
AqTMK_28_final.txt	AqTMK_262_final.txt	AqTMK_28	AqTMK_262	36	33	False	inf	1.0	False	
AqTMK_28_final.txt	AqTMK_273_final.txt	AqTMK_28	AqTMK_273	36	33	False	inf	1.0	False	
AqTMK_28_final.txt	AqTMK_284_final.txt	AqTMK_28	AqTMK_284	36	33	False	inf	1.0	False	
AqTMK_28_final.txt	AqTMK_285_final.txt	AqTMK_28	AqTMK_285	36	33	False	inf	1.0	False	
AqTMK_28_final.txt	AqTMK_287_final.txt	AqTMK_28	AqTMK_287	36	33	False	inf	1.0	False	
AqTMK_28_final.txt	AqTMK_295_final.txt	AqTMK_28	AqTMK_295	36	33	False	inf	1.0	False	
AqTMK_28_final.txt	AqTMK_311_final.txt	AqTMK_28	AqTMK_311	36	33	False	inf	1.0	False	
AqTMK_28_final.txt	AqTMK_54_final.txt	AqTMK_28	AqTMK_54	36	32	False	inf	1.0	False	
AqTMK_28_final.txt	AqTMK_59_final.txt	AqTMK_28	AqTMK_59	36	32	False	inf	1.0	False	
AqTMK_28_final.txt	AqTMK_56_final.txt	AqTMK_28	AqTMK_56	36	32	False	inf	1.0	False	
AqTMK_28_final.txt	AqTMK_62_final.txt	AqTMK_28	AqTMK_62	36	32	False	inf	1.0	False	
AqTMK_28_final.txt	AqTMK_63_final.txt	AqTMK_28	AqTMK_63	36	32	False	inf	1.0	False	
AqTMK_28_final.txt	AqTMK_68_final.txt	AqTMK_28	AqTMK_68	36	32	False	inf	1.0	False	
AqTMK_28_final.txt	AqTMK_70_final.txt	AqTMK_28	AqTMK_70	36	32	False	inf	1.0	False	
AqTMK_28_final.txt	AqTMK_79_final.txt	AqTMK_28	AqTMK_79	36	32	False	inf	1.0	False	
AqTMK_28_final.txt	AqTMK_81_final.txt	AqTMK_28	AqTMK_81	36	32	False	inf	1.0	False	
AqTMK_28_final.txt	AqTMK_82_final.txt	AqTMK_28	AqTMK_82	36	32	False	inf	1.0	False	
AqTMK_28_final.txt	AqTMK_84_final.txt	AqTMK_28	AqTMK_84	36	32	False	inf	1.0	False	
AqTMK_28_final.txt	AqTMK_85_final.txt	AqTMK_28	AqTMK_85	36	32	False	inf	1.0	False	
AqTMK_28_final.txt	AqTMK_89_final.txt	AqTMK_28	AqTMK_89	36	32	False	inf	1.0	False	
AqTMK_28_final.txt	AqTMK_91_final.txt	AqTMK_28	AqTMK_91	36	32	False	inf	1.0	False	
AqTMK_28_final.txt	AqTMK_93_final.txt	AqTMK_28	AqTMK_93	36	32	False	inf	1.0	False	
AqTMK_28_final.txt	AqTMK_98_final.txt	AqTMK_28	AqTMK_98	36	32	False	inf	1.0	False	
AqTMK_28_final.txt	AqTMK_99_final.txt	AqTMK_28	AqTMK_99	36	32	False	inf	1.0	False	
AqTMK_28_final.txt	AqTMK_103_final.txt	AqTMK_28	AqTMK_103	36	32	False	inf	1.0	False	
AqTMK_28_final.txt	AqTMK_101_final.txt	AqTMK_28	AqTMK_101	36	32	False	inf	1.0	False	
AqTMK_28_final.txt	AqTMK_104_final.txt	AqTMK_28	AqTMK_104	36	32	False	inf	1.0	False	
AqTMK_28_final.txt	AqTMK_106_final.txt	AqTMK_28	AqTMK_106	36	32	False	inf	1.0	False	
AqTMK_28_final.txt	AqTMK_114_final.txt	AqTMK_28	AqTMK_114	36	32	False	inf	1.0	False	
AqTMK_28_final.txt	AqTMK_117_final.txt	AqTMK_28	AqTMK_117	36	32	False	inf	1.0	False	
AqTMK_28_final.txt	AqTMK_118_final.txt	AqTMK_28	AqTMK_118	36	32	False	inf	1.0	False	
AqTMK_28_final.txt	AqTMK_149_final.txt	AqTMK_28	AqTMK_149	36	32	False	inf	1.0	False	
AqTMK_28_final.txt	AqTMK_131_final.txt	AqTMK_28	AqTMK_131	36	32	False	inf	1.0	False	
AqTMK_28_final.txt	AqTMK_155_final.txt	AqTMK_28	AqTMK_155	36	32	False	inf	1.0	False	
AqTMK_28_final.txt	AqTMK_159_final.txt	AqTMK_28	AqTMK_159	36	32	False	inf	1.0	False	
AqTMK_28_final.txt	AqTMK_165_final.txt	AqTMK_28	AqTMK_165	36	32	False	inf	1.0	False	
AqTMK_28_final.txt	AqTMK_173_final.txt	AqTMK_28	AqTMK_173	36	32	False	inf	1.0	False	
AqTMK_28_final.txt	AqTMK_179_final.txt	AqTMK_28	AqTMK_179	36	32	False	inf	1.0	False	
AqTMK_28_final.txt	AqTMK_181_final.txt	AqTMK_28	AqTMK_181	36	32	False	inf	1.0	False	
AqTMK_28_final.txt	AqTMK_188_final.txt	AqTMK_28	AqTMK_188	36	32	False	inf	1.0	False	
AqTMK_28_final.txt	AqTMK_191_final.txt	AqTMK_28	AqTMK_191	36	32	False	inf	1.0	False	
AqTMK_28_final.txt	AqTMK_187_final.txt	AqTMK_28	AqTMK_187	36	32	False	inf	1.0	False	
AqTMK_28_final.txt	AqTMK_198_final.txt	AqTMK_28	AqTMK_198	36	32	False	inf	1.0	False	
AqTMK_28_final.txt	AqTMK_218_final.txt	AqTMK_28	AqTMK_218	36	32	False	inf	1.0	False	
AqTMK_28_final.txt	AqTMK_219_final.txt	AqTMK_28	AqTMK_219	36	32	False	inf	1.0	False	
AqTMK_28_final.txt	AqTMK_224_final.txt	AqTMK_28	AqTMK_224	36	32	False	inf	1.0	False	
AqTMK_28_final.txt	AqTMK_234_final.txt	AqTMK_28	AqTMK_234	36	32	False	inf	1.0	False	
AqTMK_28_final.txt	AqTMK_240_final.txt	AqTMK_28	AqTMK_240	36	32	False	inf	1.0	False	
AqTMK_28_final.txt	AqTMK_236_final.txt	AqTMK_28	AqTMK_236	36	32	False	inf	1.0	False	
AqTMK_28_final.txt	AqTMK_242_final.txt	AqTMK_28	AqTMK_242	36	32	False	inf	1.0	False	
AqTMK_28_final.txt	AqTMK_245_final.txt	AqTMK_28	AqTMK_245	36	32	False	inf	1.0	False	
AqTMK_28_final.txt	AqTMK_249_final.txt	AqTMK_28	AqTMK_249	36	32	False	inf	1.0	False	
AqTMK_28_final.txt	AqTMK_263_final.txt	AqTMK_28	AqTMK_263	36	32	False	inf	1.0	False	
AqTMK_28_final.txt	AqTMK_267_final.txt	AqTMK_28	AqTMK_267	36	32	False	inf	1.0	False	
AqTMK_28_final.txt	AqTMK_272_final.txt	AqTMK_28	AqTMK_272	36	32	False	inf	1.0	False	
AqTMK_28_final.txt	AqTMK_274_final.txt	AqTMK_28	AqTMK_274	36	32	False	inf	1.0	False	
AqTMK_28_final.txt	AqTMK_275_final.txt	AqTMK_28	AqTMK_275	36	32	False	inf	1.0	False	
AqTMK_28_final.txt	AqTMK_279_final.txt	AqTMK_28	AqTMK_279	36	32	False	inf	1.0	False	
AqTMK_28_final.txt	AqTMK_286_final.txt	AqTMK_28	AqTMK_286	36	32	False	inf	1.0	False	
AqTMK_28_final.txt	AqTMK_290_final.txt	AqTMK_28	AqTMK_290	36	32	False	inf	1.0	False	
AqTMK_28_final.txt	AqTMK_292_final.txt	AqTMK_28	AqTMK_292	36	32	False	inf	1.0	False	
AqTMK_28_final.txt	AqTMK_299_final.txt	AqTMK_28	AqTMK_299	36	32	False	inf	1.0	False	
AqTMK_28_final.txt	AqTMK_309_final.txt	AqTMK_28	AqTMK_309	36	32	False	inf	1.0	False	
AqTMK_28_final.txt	AqTMK_48_final.txt	AqTMK_28	AqTMK_48	36	31	False	inf	1.0	False	
AqTMK_28_final.txt	AqTMK_47_final.txt	AqTMK_28	AqTMK_47	36	31	False	inf	1.0	False	
AqTMK_28_final.txt	AqTMK_45_final.txt	AqTMK_28	AqTMK_45	36	31	False	inf	1.0	False	
AqTMK_28_final.txt	AqTMK_53_final.txt	AqTMK_28	AqTMK_53	36	31	False	inf	1.0	False	
AqTMK_28_final.txt	AqTMK_57_final.txt	AqTMK_28	AqTMK_57	36	31	False	inf	1.0	False	
AqTMK_28_final.txt	AqTMK_72_final.txt	AqTMK_28	AqTMK_72	36	31	False	inf	1.0	False	
AqTMK_28_final.txt	AqTMK_73_final.txt	AqTMK_28	AqTMK_73	36	31	False	inf	1.0	False	
AqTMK_28_final.txt	AqTMK_76_final.txt	AqTMK_28	AqTMK_76	36	31	False	inf	1.0	False	
AqTMK_28_final.txt	AqTMK_108_final.txt	AqTMK_28	AqTMK_108	36	31	False	inf	1.0	False	
AqTMK_28_final.txt	AqTMK_92_final.txt	AqTMK_28	AqTMK_92	36	31	False	inf	1.0	False	
AqTMK_28_final.txt	AqTMK_94_final.txt	AqTMK_28	AqTMK_94	36	31	False	inf	1.0	False	
AqTMK_28_final.txt	AqTMK_110_final.txt	AqTMK_28	AqTMK_110	36	31	False	inf	1.0	False	
AqTMK_28_final.txt	AqTMK_112_final.txt	AqTMK_28	AqTMK_112	36	31	False	inf	1.0	False	
AqTMK_28_final.txt	AqTMK_119_final.txt	AqTMK_28	AqTMK_119	36	31	False	inf	1.0	False	
AqTMK_28_final.txt	AqTMK_122_final.txt	AqTMK_28	AqTMK_122	36	31	False	inf	1.0	False	
AqTMK_28_final.txt	AqTMK_123_final.txt	AqTMK_28	AqTMK_123	36	31	False	inf	1.0	False	
AqTMK_28_final.txt	AqTMK_132_final.txt	AqTMK_28	AqTMK_132	36	31	False	inf	1.0	False	
AqTMK_28_final.txt	AqTMK_133_final.txt	AqTMK_28	AqTMK_133	36	31	False	inf	1.0	False	
AqTMK_28_final.txt	AqTMK_167_final.txt	AqTMK_28	AqTMK_167	36	31	False	inf	1.0	False	
AqTMK_28_final.txt	AqTMK_172_final.txt	AqTMK_28	AqTMK_172	36	31	False	inf	1.0	False	
AqTMK_28_final.txt	AqTMK_178_final.txt	AqTMK_28	AqTMK_178	36	31	False	inf	1.0	False	
AqTMK_28_final.txt	AqTMK_184_final.txt	AqTMK_28	AqTMK_184	36	31	False	inf	1.0	False	
AqTMK_28_final.txt	AqTMK_195_final.txt	AqTMK_28	AqTMK_195	36	31	False	inf	1.0	False	
AqTMK_28_final.txt	AqTMK_201_final.txt	AqTMK_28	AqTMK_201	36	31	False	inf	1.0	False	
AqTMK_28_final.txt	AqTMK_211_final.txt	AqTMK_28	AqTMK_211	36	31	False	inf	1.0	False	
AqTMK_28_final.txt	AqTMK_238_final.txt	AqTMK_28	AqTMK_238	36	31	False	inf	1.0	False	
AqTMK_28_final.txt	AqTMK_237_final.txt	AqTMK_28	AqTMK_237	36	31	False	inf	1.0	False	
AqTMK_28_final.txt	AqTMK_253_final.txt	AqTMK_28	AqTMK_253	36	31	False	inf	1.0	False	
AqTMK_28_final.txt	AqTMK_276_final.txt	AqTMK_28	AqTMK_276	36	31	False	inf	1.0	False	
AqTMK_28_final.txt	AqTMK_277_final.txt	AqTMK_28	AqTMK_277	36	31	False	inf	1.0	False	
AqTMK_28_final.txt	AqTMK_288_final.txt	AqTMK_28	AqTMK_288	36	31	False	inf	1.0	False	
AqTMK_28_final.txt	AqTMK_300_final.txt	AqTMK_28	AqTMK_300	36	31	False	inf	1.0	False	
AqTMK_28_final.txt	AqTMK_43_final.txt	AqTMK_28	AqTMK_43	36	30	False	inf	1.0	False	
AqTMK_28_final.txt	AqTMK_33_final.txt	AqTMK_28	AqTMK_33	36	30	False	inf	1.0	False	
AqTMK_28_final.txt	AqTMK_49_final.txt	AqTMK_28	AqTMK_49	36	30	False	inf	1.0	False	
AqTMK_28_final.txt	AqTMK_50_final.txt	AqTMK_28	AqTMK_50	36	30	False	inf	1.0	False	
AqTMK_28_final.txt	AqTMK_66_final.txt	AqTMK_28	AqTMK_66	36	30	False	inf	1.0	False	
AqTMK_28_final.txt	AqTMK_102_final.txt	AqTMK_28	AqTMK_102	36	30	False	inf	1.0	False	
AqTMK_28_final.txt	AqTMK_124_final.txt	AqTMK_28	AqTMK_124	36	30	False	inf	1.0	False	
AqTMK_28_final.txt	AqTMK_153_final.txt	AqTMK_28	AqTMK_153	36	30	False	inf	1.0	False	
AqTMK_28_final.txt	AqTMK_121_final.txt	AqTMK_28	AqTMK_121	36	29	False	inf	1.0	False	
AqTMK_28_final.txt	AqTMK_193_final.txt	AqTMK_28	AqTMK_193	36	30	False	inf	1.0	False	
AqTMK_28_final.txt	AqTMK_264_final.txt	AqTMK_28	AqTMK_264	36	30	False	inf	1.0	False	
AqTMK_37_final.txt	AqTMK_38_final.txt	AqTMK_37	AqTMK_38	36	36	True	4	1.0	False	
AqTMK_37_final.txt	AqTMK_5_final.txt	AqTMK_37	AqTMK_5	36	35	False	inf	1.0	False	
AqTMK_37_final.txt	AqTMK_14_final.txt	AqTMK_37	AqTMK_14	36	35	False	inf	1.0	False	
AqTMK_37_final.txt	AqTMK_23_final.txt	AqTMK_37	AqTMK_23	36	35	False	inf	1.0	False	
AqTMK_37_final.txt	AqTMK_214_final.txt	AqTMK_37	AqTMK_214	36	35	False	inf	1.0	False	
AqTMK_37_final.txt	AqTMK_128_final.txt	AqTMK_37	AqTMK_128	36	34	False	inf	1.0	False	
AqTMK_37_final.txt	AqTMK_175_final.txt	AqTMK_37	AqTMK_175	36	34	False	inf	1.0	False	
AqTMK_37_final.txt	AqTMK_77_final.txt	AqTMK_37	AqTMK_77	36	36	True	8	1.0	False	
AqTMK_37_final.txt	AqTMK_196_final.txt	AqTMK_37	AqTMK_196	36	34	False	inf	1.0	False	
AqTMK_37_final.txt	AqTMK_185_final.txt	AqTMK_37	AqTMK_185	36	34	False	inf	1.0	False	
AqTMK_37_final.txt	AqTMK_207_final.txt	AqTMK_37	AqTMK_207	36	34	False	inf	1.0	False	
AqTMK_37_final.txt	AqTMK_217_final.txt	AqTMK_37	AqTMK_217	36	34	False	inf	1.0	False	
AqTMK_37_final.txt	AqTMK_220_final.txt	AqTMK_37	AqTMK_220	36	34	False	inf	1.0	False	
AqTMK_37_final.txt	AqTMK_244_final.txt	AqTMK_37	AqTMK_244	36	34	False	inf	1.0	False	
AqTMK_37_final.txt	AqTMK_246_final.txt	AqTMK_37	AqTMK_246	36	34	False	inf	1.0	False	
AqTMK_37_final.txt	AqTMK_261_final.txt	AqTMK_37	AqTMK_261	36	34	False	inf	1.0	False	
AqTMK_37_final.txt	AqTMK_69_final.txt	AqTMK_37	AqTMK_69	36	33	False	inf	1.0	False	
AqTMK_37_final.txt	AqTMK_281_final.txt	AqTMK_37	AqTMK_281	36	34	False	inf	1.0	False	
AqTMK_37_final.txt	AqTMK_87_final.txt	AqTMK_37	AqTMK_87	36	33	False	inf	1.0	False	
AqTMK_37_final.txt	AqTMK_95_final.txt	AqTMK_37	AqTMK_95	36	33	False	inf	1.0	False	
AqTMK_37_final.txt	AqTMK_109_final.txt	AqTMK_37	AqTMK_109	36	33	False	inf	1.0	False	
AqTMK_37_final.txt	AqTMK_111_final.txt	AqTMK_37	AqTMK_111	36	33	False	inf	1.0	False	
AqTMK_37_final.txt	AqTMK_116_final.txt	AqTMK_37	AqTMK_116	36	33	False	inf	1.0	False	
AqTMK_37_final.txt	AqTMK_120_final.txt	AqTMK_37	AqTMK_120	36	33	False	inf	1.0	False	
AqTMK_37_final.txt	AqTMK_156_final.txt	AqTMK_37	AqTMK_156	36	33	False	inf	1.0	False	
AqTMK_37_final.txt	AqTMK_139_final.txt	AqTMK_37	AqTMK_139	36	33	False	inf	1.0	False	
AqTMK_37_final.txt	AqTMK_163_final.txt	AqTMK_37	AqTMK_163	36	33	False	inf	1.0	False	
AqTMK_37_final.txt	AqTMK_171_final.txt	AqTMK_37	AqTMK_171	36	33	False	inf	1.0	False	
AqTMK_37_final.txt	AqTMK_186_final.txt	AqTMK_37	AqTMK_186	36	33	False	inf	1.0	False	
AqTMK_37_final.txt	AqTMK_197_final.txt	AqTMK_37	AqTMK_197	36	33	False	inf	1.0	False	
AqTMK_37_final.txt	AqTMK_200_final.txt	AqTMK_37	AqTMK_200	36	33	False	inf	1.0	False	
AqTMK_37_final.txt	AqTMK_208_final.txt	AqTMK_37	AqTMK_208	36	33	False	inf	1.0	False	
AqTMK_37_final.txt	AqTMK_223_final.txt	AqTMK_37	AqTMK_223	36	33	False	inf	1.0	False	
AqTMK_37_final.txt	AqTMK_230_final.txt	AqTMK_37	AqTMK_230	36	33	False	inf	1.0	False	
AqTMK_37_final.txt	AqTMK_229_final.txt	AqTMK_37	AqTMK_229	36	33	False	inf	1.0	False	
AqTMK_37_final.txt	AqTMK_231_final.txt	AqTMK_37	AqTMK_231	36	33	False	inf	1.0	False	
AqTMK_37_final.txt	AqTMK_233_final.txt	AqTMK_37	AqTMK_233	36	33	False	inf	1.0	False	
AqTMK_37_final.txt	AqTMK_257_final.txt	AqTMK_37	AqTMK_257	36	33	False	inf	1.0	False	
AqTMK_37_final.txt	AqTMK_259_final.txt	AqTMK_37	AqTMK_259	36	33	False	inf	1.0	False	
AqTMK_37_final.txt	AqTMK_262_final.txt	AqTMK_37	AqTMK_262	36	33	False	inf	1.0	False	
AqTMK_37_final.txt	AqTMK_270_final.txt	AqTMK_37	AqTMK_270	36	33	False	inf	1.0	False	
AqTMK_37_final.txt	AqTMK_284_final.txt	AqTMK_37	AqTMK_284	36	33	False	inf	1.0	False	
AqTMK_37_final.txt	AqTMK_273_final.txt	AqTMK_37	AqTMK_273	36	33	False	inf	1.0	False	
AqTMK_37_final.txt	AqTMK_285_final.txt	AqTMK_37	AqTMK_285	36	33	False	inf	1.0	False	
AqTMK_37_final.txt	AqTMK_287_final.txt	AqTMK_37	AqTMK_287	36	33	False	inf	1.0	False	
AqTMK_37_final.txt	AqTMK_295_final.txt	AqTMK_37	AqTMK_295	36	33	False	inf	1.0	False	
AqTMK_37_final.txt	AqTMK_311_final.txt	AqTMK_37	AqTMK_311	36	33	False	inf	1.0	False	
AqTMK_37_final.txt	AqTMK_54_final.txt	AqTMK_37	AqTMK_54	36	32	False	inf	1.0	False	
AqTMK_37_final.txt	AqTMK_59_final.txt	AqTMK_37	AqTMK_59	36	32	False	inf	1.0	False	
AqTMK_37_final.txt	AqTMK_56_final.txt	AqTMK_37	AqTMK_56	36	32	False	inf	1.0	False	
AqTMK_37_final.txt	AqTMK_62_final.txt	AqTMK_37	AqTMK_62	36	32	False	inf	1.0	False	
AqTMK_37_final.txt	AqTMK_63_final.txt	AqTMK_37	AqTMK_63	36	32	False	inf	1.0	False	
AqTMK_37_final.txt	AqTMK_68_final.txt	AqTMK_37	AqTMK_68	36	32	False	inf	1.0	False	
AqTMK_37_final.txt	AqTMK_70_final.txt	AqTMK_37	AqTMK_70	36	32	False	inf	1.0	False	
AqTMK_37_final.txt	AqTMK_79_final.txt	AqTMK_37	AqTMK_79	36	32	False	inf	1.0	False	
AqTMK_37_final.txt	AqTMK_81_final.txt	AqTMK_37	AqTMK_81	36	32	False	inf	1.0	False	
AqTMK_37_final.txt	AqTMK_82_final.txt	AqTMK_37	AqTMK_82	36	32	False	inf	1.0	False	
AqTMK_37_final.txt	AqTMK_84_final.txt	AqTMK_37	AqTMK_84	36	32	False	inf	1.0	False	
AqTMK_37_final.txt	AqTMK_85_final.txt	AqTMK_37	AqTMK_85	36	32	False	inf	1.0	False	
AqTMK_37_final.txt	AqTMK_89_final.txt	AqTMK_37	AqTMK_89	36	32	False	inf	1.0	False	
AqTMK_37_final.txt	AqTMK_91_final.txt	AqTMK_37	AqTMK_91	36	32	False	inf	1.0	False	
AqTMK_37_final.txt	AqTMK_93_final.txt	AqTMK_37	AqTMK_93	36	32	False	inf	1.0	False	
AqTMK_37_final.txt	AqTMK_98_final.txt	AqTMK_37	AqTMK_98	36	32	False	inf	1.0	False	
AqTMK_37_final.txt	AqTMK_99_final.txt	AqTMK_37	AqTMK_99	36	32	False	inf	1.0	False	
AqTMK_37_final.txt	AqTMK_101_final.txt	AqTMK_37	AqTMK_101	36	32	False	inf	1.0	False	
AqTMK_37_final.txt	AqTMK_104_final.txt	AqTMK_37	AqTMK_104	36	32	False	inf	1.0	False	
AqTMK_37_final.txt	AqTMK_103_final.txt	AqTMK_37	AqTMK_103	36	32	False	inf	1.0	False	
AqTMK_37_final.txt	AqTMK_106_final.txt	AqTMK_37	AqTMK_106	36	32	False	inf	1.0	False	
AqTMK_37_final.txt	AqTMK_114_final.txt	AqTMK_37	AqTMK_114	36	32	False	inf	1.0	False	
AqTMK_37_final.txt	AqTMK_117_final.txt	AqTMK_37	AqTMK_117	36	32	False	inf	1.0	False	
AqTMK_37_final.txt	AqTMK_118_final.txt	AqTMK_37	AqTMK_118	36	32	False	inf	1.0	False	
AqTMK_37_final.txt	AqTMK_131_final.txt	AqTMK_37	AqTMK_131	36	32	False	inf	1.0	False	
AqTMK_37_final.txt	AqTMK_149_final.txt	AqTMK_37	AqTMK_149	36	32	False	inf	1.0	False	
AqTMK_37_final.txt	AqTMK_159_final.txt	AqTMK_37	AqTMK_159	36	32	False	inf	1.0	False	
AqTMK_37_final.txt	AqTMK_155_final.txt	AqTMK_37	AqTMK_155	36	32	False	inf	1.0	False	
AqTMK_37_final.txt	AqTMK_165_final.txt	AqTMK_37	AqTMK_165	36	32	False	inf	1.0	False	
AqTMK_37_final.txt	AqTMK_173_final.txt	AqTMK_37	AqTMK_173	36	32	False	inf	1.0	False	
AqTMK_37_final.txt	AqTMK_179_final.txt	AqTMK_37	AqTMK_179	36	32	False	inf	1.0	False	
AqTMK_37_final.txt	AqTMK_181_final.txt	AqTMK_37	AqTMK_181	36	32	False	inf	1.0	False	
AqTMK_37_final.txt	AqTMK_187_final.txt	AqTMK_37	AqTMK_187	36	32	False	inf	1.0	False	
AqTMK_37_final.txt	AqTMK_191_final.txt	AqTMK_37	AqTMK_191	36	32	False	inf	1.0	False	
AqTMK_37_final.txt	AqTMK_188_final.txt	AqTMK_37	AqTMK_188	36	32	False	inf	1.0	False	
AqTMK_37_final.txt	AqTMK_198_final.txt	AqTMK_37	AqTMK_198	36	32	False	inf	1.0	False	
AqTMK_37_final.txt	AqTMK_218_final.txt	AqTMK_37	AqTMK_218	36	32	False	inf	1.0	False	
AqTMK_37_final.txt	AqTMK_219_final.txt	AqTMK_37	AqTMK_219	36	32	False	inf	1.0	False	
AqTMK_37_final.txt	AqTMK_224_final.txt	AqTMK_37	AqTMK_224	36	32	False	inf	1.0	False	
AqTMK_37_final.txt	AqTMK_234_final.txt	AqTMK_37	AqTMK_234	36	32	False	inf	1.0	False	
AqTMK_37_final.txt	AqTMK_236_final.txt	AqTMK_37	AqTMK_236	36	32	False	inf	1.0	False	
AqTMK_37_final.txt	AqTMK_240_final.txt	AqTMK_37	AqTMK_240	36	32	False	inf	1.0	False	
AqTMK_37_final.txt	AqTMK_245_final.txt	AqTMK_37	AqTMK_245	36	32	False	inf	1.0	False	
AqTMK_37_final.txt	AqTMK_242_final.txt	AqTMK_37	AqTMK_242	36	32	False	inf	1.0	False	
AqTMK_37_final.txt	AqTMK_249_final.txt	AqTMK_37	AqTMK_249	36	32	False	inf	1.0	False	
AqTMK_37_final.txt	AqTMK_263_final.txt	AqTMK_37	AqTMK_263	36	32	False	inf	1.0	False	
AqTMK_37_final.txt	AqTMK_267_final.txt	AqTMK_37	AqTMK_267	36	32	False	inf	1.0	False	
AqTMK_37_final.txt	AqTMK_272_final.txt	AqTMK_37	AqTMK_272	36	32	False	inf	1.0	False	
AqTMK_37_final.txt	AqTMK_274_final.txt	AqTMK_37	AqTMK_274	36	32	False	inf	1.0	False	
AqTMK_37_final.txt	AqTMK_275_final.txt	AqTMK_37	AqTMK_275	36	32	False	inf	1.0	False	
AqTMK_37_final.txt	AqTMK_279_final.txt	AqTMK_37	AqTMK_279	36	32	False	inf	1.0	False	
AqTMK_37_final.txt	AqTMK_286_final.txt	AqTMK_37	AqTMK_286	36	32	False	inf	1.0	False	
AqTMK_37_final.txt	AqTMK_290_final.txt	AqTMK_37	AqTMK_290	36	32	False	inf	1.0	False	
AqTMK_37_final.txt	AqTMK_292_final.txt	AqTMK_37	AqTMK_292	36	32	False	inf	1.0	False	
AqTMK_37_final.txt	AqTMK_299_final.txt	AqTMK_37	AqTMK_299	36	32	False	inf	1.0	False	
AqTMK_37_final.txt	AqTMK_309_final.txt	AqTMK_37	AqTMK_309	36	32	False	inf	1.0	False	
AqTMK_37_final.txt	AqTMK_45_final.txt	AqTMK_37	AqTMK_45	36	31	False	inf	1.0	False	
AqTMK_37_final.txt	AqTMK_47_final.txt	AqTMK_37	AqTMK_47	36	31	False	inf	1.0	False	
AqTMK_37_final.txt	AqTMK_48_final.txt	AqTMK_37	AqTMK_48	36	31	False	inf	1.0	False	
AqTMK_37_final.txt	AqTMK_53_final.txt	AqTMK_37	AqTMK_53	36	31	False	inf	1.0	False	
AqTMK_37_final.txt	AqTMK_57_final.txt	AqTMK_37	AqTMK_57	36	31	False	inf	1.0	False	
AqTMK_37_final.txt	AqTMK_72_final.txt	AqTMK_37	AqTMK_72	36	31	False	inf	1.0	False	
AqTMK_37_final.txt	AqTMK_73_final.txt	AqTMK_37	AqTMK_73	36	31	False	inf	1.0	False	
AqTMK_37_final.txt	AqTMK_76_final.txt	AqTMK_37	AqTMK_76	36	31	False	inf	1.0	False	
AqTMK_37_final.txt	AqTMK_92_final.txt	AqTMK_37	AqTMK_92	36	31	False	inf	1.0	False	
AqTMK_37_final.txt	AqTMK_94_final.txt	AqTMK_37	AqTMK_94	36	31	False	inf	1.0	False	
AqTMK_37_final.txt	AqTMK_108_final.txt	AqTMK_37	AqTMK_108	36	31	False	inf	1.0	False	
AqTMK_37_final.txt	AqTMK_110_final.txt	AqTMK_37	AqTMK_110	36	31	False	inf	1.0	False	
AqTMK_37_final.txt	AqTMK_112_final.txt	AqTMK_37	AqTMK_112	36	31	False	inf	1.0	False	
AqTMK_37_final.txt	AqTMK_119_final.txt	AqTMK_37	AqTMK_119	36	31	False	inf	1.0	False	
AqTMK_37_final.txt	AqTMK_122_final.txt	AqTMK_37	AqTMK_122	36	31	False	inf	1.0	False	
AqTMK_37_final.txt	AqTMK_123_final.txt	AqTMK_37	AqTMK_123	36	31	False	inf	1.0	False	
AqTMK_37_final.txt	AqTMK_132_final.txt	AqTMK_37	AqTMK_132	36	31	False	inf	1.0	False	
AqTMK_37_final.txt	AqTMK_133_final.txt	AqTMK_37	AqTMK_133	36	31	False	inf	1.0	False	
AqTMK_37_final.txt	AqTMK_172_final.txt	AqTMK_37	AqTMK_172	36	31	False	inf	1.0	False	
AqTMK_37_final.txt	AqTMK_167_final.txt	AqTMK_37	AqTMK_167	36	31	False	inf	1.0	False	
AqTMK_37_final.txt	AqTMK_178_final.txt	AqTMK_37	AqTMK_178	36	31	False	inf	1.0	False	
AqTMK_37_final.txt	AqTMK_184_final.txt	AqTMK_37	AqTMK_184	36	31	False	inf	1.0	False	
AqTMK_37_final.txt	AqTMK_195_final.txt	AqTMK_37	AqTMK_195	36	31	False	inf	1.0	False	
AqTMK_37_final.txt	AqTMK_201_final.txt	AqTMK_37	AqTMK_201	36	31	False	inf	1.0	False	
AqTMK_37_final.txt	AqTMK_211_final.txt	AqTMK_37	AqTMK_211	36	31	False	inf	1.0	False	
AqTMK_37_final.txt	AqTMK_253_final.txt	AqTMK_37	AqTMK_253	36	31	False	inf	1.0	False	
AqTMK_37_final.txt	AqTMK_237_final.txt	AqTMK_37	AqTMK_237	36	31	False	inf	1.0	False	
AqTMK_37_final.txt	AqTMK_238_final.txt	AqTMK_37	AqTMK_238	36	31	False	inf	1.0	False	
AqTMK_37_final.txt	AqTMK_276_final.txt	AqTMK_37	AqTMK_276	36	31	False	inf	1.0	False	
AqTMK_37_final.txt	AqTMK_277_final.txt	AqTMK_37	AqTMK_277	36	31	False	inf	1.0	False	
AqTMK_37_final.txt	AqTMK_288_final.txt	AqTMK_37	AqTMK_288	36	31	False	inf	1.0	False	
AqTMK_37_final.txt	AqTMK_300_final.txt	AqTMK_37	AqTMK_300	36	31	False	inf	1.0	False	
AqTMK_37_final.txt	AqTMK_33_final.txt	AqTMK_37	AqTMK_33	36	30	False	inf	1.0	False	
AqTMK_37_final.txt	AqTMK_43_final.txt	AqTMK_37	AqTMK_43	36	30	False	inf	1.0	False	
AqTMK_37_final.txt	AqTMK_49_final.txt	AqTMK_37	AqTMK_49	36	30	False	inf	1.0	False	
AqTMK_37_final.txt	AqTMK_50_final.txt	AqTMK_37	AqTMK_50	36	30	False	inf	1.0	False	
AqTMK_37_final.txt	AqTMK_66_final.txt	AqTMK_37	AqTMK_66	36	30	False	inf	1.0	False	
AqTMK_37_final.txt	AqTMK_102_final.txt	AqTMK_37	AqTMK_102	36	30	False	inf	1.0	False	
AqTMK_37_final.txt	AqTMK_124_final.txt	AqTMK_37	AqTMK_124	36	30	False	inf	1.0	False	
AqTMK_37_final.txt	AqTMK_153_final.txt	AqTMK_37	AqTMK_153	36	30	False	inf	1.0	False	
AqTMK_37_final.txt	AqTMK_193_final.txt	AqTMK_37	AqTMK_193	36	30	False	inf	1.0	False	
AqTMK_37_final.txt	AqTMK_264_final.txt	AqTMK_37	AqTMK_264	36	30	False	inf	1.0	False	
AqTMK_37_final.txt	AqTMK_121_final.txt	AqTMK_37	AqTMK_121	36	29	False	inf	1.0	False	
AqTMK_38_final.txt	AqTMK_5_final.txt	AqTMK_38	AqTMK_5	36	35	False	inf	1.0	False	
AqTMK_38_final.txt	AqTMK_14_final.txt	AqTMK_38	AqTMK_14	36	35	False	inf	1.0	False	
AqTMK_38_final.txt	AqTMK_23_final.txt	AqTMK_38	AqTMK_23	36	35	False	inf	1.0	False	
AqTMK_38_final.txt	AqTMK_214_final.txt	AqTMK_38	AqTMK_214	36	35	False	inf	1.0	False	
AqTMK_38_final.txt	AqTMK_128_final.txt	AqTMK_38	AqTMK_128	36	34	False	inf	1.0	False	
AqTMK_38_final.txt	AqTMK_175_final.txt	AqTMK_38	AqTMK_175	36	34	False	inf	1.0	False	
AqTMK_38_final.txt	AqTMK_185_final.txt	AqTMK_38	AqTMK_185	36	34	False	inf	1.0	False	
AqTMK_38_final.txt	AqTMK_77_final.txt	AqTMK_38	AqTMK_77	36	36	True	4	1.0	False	
AqTMK_38_final.txt	AqTMK_196_final.txt	AqTMK_38	AqTMK_196	36	34	False	inf	1.0	False	
AqTMK_38_final.txt	AqTMK_207_final.txt	AqTMK_38	AqTMK_207	36	34	False	inf	1.0	False	
AqTMK_38_final.txt	AqTMK_217_final.txt	AqTMK_38	AqTMK_217	36	34	False	inf	1.0	False	
AqTMK_38_final.txt	AqTMK_220_final.txt	AqTMK_38	AqTMK_220	36	34	False	inf	1.0	False	
AqTMK_38_final.txt	AqTMK_244_final.txt	AqTMK_38	AqTMK_244	36	34	False	inf	1.0	False	
AqTMK_38_final.txt	AqTMK_246_final.txt	AqTMK_38	AqTMK_246	36	34	False	inf	1.0	False	
AqTMK_38_final.txt	AqTMK_261_final.txt	AqTMK_38	AqTMK_261	36	34	False	inf	1.0	False	
AqTMK_38_final.txt	AqTMK_281_final.txt	AqTMK_38	AqTMK_281	36	34	False	inf	1.0	False	
AqTMK_38_final.txt	AqTMK_87_final.txt	AqTMK_38	AqTMK_87	36	33	False	inf	1.0	False	
AqTMK_38_final.txt	AqTMK_69_final.txt	AqTMK_38	AqTMK_69	36	33	False	inf	1.0	False	
AqTMK_38_final.txt	AqTMK_95_final.txt	AqTMK_38	AqTMK_95	36	33	False	inf	1.0	False	
AqTMK_38_final.txt	AqTMK_109_final.txt	AqTMK_38	AqTMK_109	36	33	False	inf	1.0	False	
AqTMK_38_final.txt	AqTMK_111_final.txt	AqTMK_38	AqTMK_111	36	33	False	inf	1.0	False	
AqTMK_38_final.txt	AqTMK_116_final.txt	AqTMK_38	AqTMK_116	36	33	False	inf	1.0	False	
AqTMK_38_final.txt	AqTMK_120_final.txt	AqTMK_38	AqTMK_120	36	33	False	inf	1.0	False	
AqTMK_38_final.txt	AqTMK_139_final.txt	AqTMK_38	AqTMK_139	36	33	False	inf	1.0	False	
AqTMK_38_final.txt	AqTMK_171_final.txt	AqTMK_38	AqTMK_171	36	33	False	inf	1.0	False	
AqTMK_38_final.txt	AqTMK_163_final.txt	AqTMK_38	AqTMK_163	36	33	False	inf	1.0	False	
AqTMK_38_final.txt	AqTMK_156_final.txt	AqTMK_38	AqTMK_156	36	33	False	inf	1.0	False	
AqTMK_38_final.txt	AqTMK_186_final.txt	AqTMK_38	AqTMK_186	36	33	False	inf	1.0	False	
AqTMK_38_final.txt	AqTMK_197_final.txt	AqTMK_38	AqTMK_197	36	33	False	inf	1.0	False	
AqTMK_38_final.txt	AqTMK_200_final.txt	AqTMK_38	AqTMK_200	36	33	False	inf	1.0	False	
AqTMK_38_final.txt	AqTMK_208_final.txt	AqTMK_38	AqTMK_208	36	33	False	inf	1.0	False	
AqTMK_38_final.txt	AqTMK_223_final.txt	AqTMK_38	AqTMK_223	36	33	False	inf	1.0	False	
AqTMK_38_final.txt	AqTMK_230_final.txt	AqTMK_38	AqTMK_230	36	33	False	inf	1.0	False	
AqTMK_38_final.txt	AqTMK_231_final.txt	AqTMK_38	AqTMK_231	36	33	False	inf	1.0	False	
AqTMK_38_final.txt	AqTMK_229_final.txt	AqTMK_38	AqTMK_229	36	33	False	inf	1.0	False	
AqTMK_38_final.txt	AqTMK_233_final.txt	AqTMK_38	AqTMK_233	36	33	False	inf	1.0	False	
AqTMK_38_final.txt	AqTMK_257_final.txt	AqTMK_38	AqTMK_257	36	33	False	inf	1.0	False	
AqTMK_38_final.txt	AqTMK_259_final.txt	AqTMK_38	AqTMK_259	36	33	False	inf	1.0	False	
AqTMK_38_final.txt	AqTMK_262_final.txt	AqTMK_38	AqTMK_262	36	33	False	inf	1.0	False	
AqTMK_38_final.txt	AqTMK_270_final.txt	AqTMK_38	AqTMK_270	36	33	False	inf	1.0	False	
AqTMK_38_final.txt	AqTMK_285_final.txt	AqTMK_38	AqTMK_285	36	33	False	inf	1.0	False	
AqTMK_38_final.txt	AqTMK_284_final.txt	AqTMK_38	AqTMK_284	36	33	False	inf	1.0	False	
AqTMK_38_final.txt	AqTMK_273_final.txt	AqTMK_38	AqTMK_273	36	33	False	inf	1.0	False	
AqTMK_38_final.txt	AqTMK_287_final.txt	AqTMK_38	AqTMK_287	36	33	False	inf	1.0	False	
AqTMK_38_final.txt	AqTMK_295_final.txt	AqTMK_38	AqTMK_295	36	33	False	inf	1.0	False	
AqTMK_38_final.txt	AqTMK_311_final.txt	AqTMK_38	AqTMK_311	36	33	False	inf	1.0	False	
AqTMK_38_final.txt	AqTMK_54_final.txt	AqTMK_38	AqTMK_54	36	32	False	inf	1.0	False	
AqTMK_38_final.txt	AqTMK_56_final.txt	AqTMK_38	AqTMK_56	36	32	False	inf	1.0	False	
AqTMK_38_final.txt	AqTMK_59_final.txt	AqTMK_38	AqTMK_59	36	32	False	inf	1.0	False	
AqTMK_38_final.txt	AqTMK_63_final.txt	AqTMK_38	AqTMK_63	36	32	False	inf	1.0	False	
AqTMK_38_final.txt	AqTMK_62_final.txt	AqTMK_38	AqTMK_62	36	32	False	inf	1.0	False	
AqTMK_38_final.txt	AqTMK_68_final.txt	AqTMK_38	AqTMK_68	36	32	False	inf	1.0	False	
AqTMK_38_final.txt	AqTMK_70_final.txt	AqTMK_38	AqTMK_70	36	32	False	inf	1.0	False	
AqTMK_38_final.txt	AqTMK_79_final.txt	AqTMK_38	AqTMK_79	36	32	False	inf	1.0	False	
AqTMK_38_final.txt	AqTMK_81_final.txt	AqTMK_38	AqTMK_81	36	32	False	inf	1.0	False	
AqTMK_38_final.txt	AqTMK_82_final.txt	AqTMK_38	AqTMK_82	36	32	False	inf	1.0	False	
AqTMK_38_final.txt	AqTMK_89_final.txt	AqTMK_38	AqTMK_89	36	32	False	inf	1.0	False	
AqTMK_38_final.txt	AqTMK_84_final.txt	AqTMK_38	AqTMK_84	36	32	False	inf	1.0	False	
AqTMK_38_final.txt	AqTMK_85_final.txt	AqTMK_38	AqTMK_85	36	32	False	inf	1.0	False	
AqTMK_38_final.txt	AqTMK_91_final.txt	AqTMK_38	AqTMK_91	36	32	False	inf	1.0	False	
AqTMK_38_final.txt	AqTMK_93_final.txt	AqTMK_38	AqTMK_93	36	32	False	inf	1.0	False	
AqTMK_38_final.txt	AqTMK_98_final.txt	AqTMK_38	AqTMK_98	36	32	False	inf	1.0	False	
AqTMK_38_final.txt	AqTMK_99_final.txt	AqTMK_38	AqTMK_99	36	32	False	inf	1.0	False	
AqTMK_38_final.txt	AqTMK_101_final.txt	AqTMK_38	AqTMK_101	36	32	False	inf	1.0	False	
AqTMK_38_final.txt	AqTMK_104_final.txt	AqTMK_38	AqTMK_104	36	32	False	inf	1.0	False	
AqTMK_38_final.txt	AqTMK_103_final.txt	AqTMK_38	AqTMK_103	36	32	False	inf	1.0	False	
AqTMK_38_final.txt	AqTMK_106_final.txt	AqTMK_38	AqTMK_106	36	32	False	inf	1.0	False	
AqTMK_38_final.txt	AqTMK_114_final.txt	AqTMK_38	AqTMK_114	36	32	False	inf	1.0	False	
AqTMK_38_final.txt	AqTMK_117_final.txt	AqTMK_38	AqTMK_117	36	32	False	inf	1.0	False	
AqTMK_38_final.txt	AqTMK_118_final.txt	AqTMK_38	AqTMK_118	36	32	False	inf	1.0	False	
AqTMK_38_final.txt	AqTMK_131_final.txt	AqTMK_38	AqTMK_131	36	32	False	inf	1.0	False	
AqTMK_38_final.txt	AqTMK_149_final.txt	AqTMK_38	AqTMK_149	36	32	False	inf	1.0	False	
AqTMK_38_final.txt	AqTMK_155_final.txt	AqTMK_38	AqTMK_155	36	32	False	inf	1.0	False	
AqTMK_38_final.txt	AqTMK_159_final.txt	AqTMK_38	AqTMK_159	36	32	False	inf	1.0	False	
AqTMK_38_final.txt	AqTMK_165_final.txt	AqTMK_38	AqTMK_165	36	32	False	inf	1.0	False	
AqTMK_38_final.txt	AqTMK_173_final.txt	AqTMK_38	AqTMK_173	36	32	False	inf	1.0	False	
AqTMK_38_final.txt	AqTMK_179_final.txt	AqTMK_38	AqTMK_179	36	32	False	inf	1.0	False	
AqTMK_38_final.txt	AqTMK_181_final.txt	AqTMK_38	AqTMK_181	36	32	False	inf	1.0	False	
AqTMK_38_final.txt	AqTMK_187_final.txt	AqTMK_38	AqTMK_187	36	32	False	inf	1.0	False	
AqTMK_38_final.txt	AqTMK_188_final.txt	AqTMK_38	AqTMK_188	36	32	False	inf	1.0	False	
AqTMK_38_final.txt	AqTMK_198_final.txt	AqTMK_38	AqTMK_198	36	32	False	inf	1.0	False	
AqTMK_38_final.txt	AqTMK_191_final.txt	AqTMK_38	AqTMK_191	36	32	False	inf	1.0	False	
AqTMK_38_final.txt	AqTMK_218_final.txt	AqTMK_38	AqTMK_218	36	32	False	inf	1.0	False	
AqTMK_38_final.txt	AqTMK_219_final.txt	AqTMK_38	AqTMK_219	36	32	False	inf	1.0	False	
AqTMK_38_final.txt	AqTMK_224_final.txt	AqTMK_38	AqTMK_224	36	32	False	inf	1.0	False	
AqTMK_38_final.txt	AqTMK_234_final.txt	AqTMK_38	AqTMK_234	36	32	False	inf	1.0	False	
AqTMK_38_final.txt	AqTMK_236_final.txt	AqTMK_38	AqTMK_236	36	32	False	inf	1.0	False	
AqTMK_38_final.txt	AqTMK_240_final.txt	AqTMK_38	AqTMK_240	36	32	False	inf	1.0	False	
AqTMK_38_final.txt	AqTMK_245_final.txt	AqTMK_38	AqTMK_245	36	32	False	inf	1.0	False	
AqTMK_38_final.txt	AqTMK_242_final.txt	AqTMK_38	AqTMK_242	36	32	False	inf	1.0	False	
AqTMK_38_final.txt	AqTMK_249_final.txt	AqTMK_38	AqTMK_249	36	32	False	inf	1.0	False	
AqTMK_38_final.txt	AqTMK_263_final.txt	AqTMK_38	AqTMK_263	36	32	False	inf	1.0	False	
AqTMK_38_final.txt	AqTMK_267_final.txt	AqTMK_38	AqTMK_267	36	32	False	inf	1.0	False	
AqTMK_38_final.txt	AqTMK_272_final.txt	AqTMK_38	AqTMK_272	36	32	False	inf	1.0	False	
AqTMK_38_final.txt	AqTMK_274_final.txt	AqTMK_38	AqTMK_274	36	32	False	inf	1.0	False	
AqTMK_38_final.txt	AqTMK_275_final.txt	AqTMK_38	AqTMK_275	36	32	False	inf	1.0	False	
AqTMK_38_final.txt	AqTMK_279_final.txt	AqTMK_38	AqTMK_279	36	32	False	inf	1.0	False	
AqTMK_38_final.txt	AqTMK_286_final.txt	AqTMK_38	AqTMK_286	36	32	False	inf	1.0	False	
AqTMK_38_final.txt	AqTMK_290_final.txt	AqTMK_38	AqTMK_290	36	32	False	inf	1.0	False	
AqTMK_38_final.txt	AqTMK_292_final.txt	AqTMK_38	AqTMK_292	36	32	False	inf	1.0	False	
AqTMK_38_final.txt	AqTMK_299_final.txt	AqTMK_38	AqTMK_299	36	32	False	inf	1.0	False	
AqTMK_38_final.txt	AqTMK_309_final.txt	AqTMK_38	AqTMK_309	36	32	False	inf	1.0	False	
AqTMK_38_final.txt	AqTMK_45_final.txt	AqTMK_38	AqTMK_45	36	31	False	inf	1.0	False	
AqTMK_38_final.txt	AqTMK_47_final.txt	AqTMK_38	AqTMK_47	36	31	False	inf	1.0	False	
AqTMK_38_final.txt	AqTMK_53_final.txt	AqTMK_38	AqTMK_53	36	31	False	inf	1.0	False	
AqTMK_38_final.txt	AqTMK_57_final.txt	AqTMK_38	AqTMK_57	36	31	False	inf	1.0	False	
AqTMK_38_final.txt	AqTMK_48_final.txt	AqTMK_38	AqTMK_48	36	31	False	inf	1.0	False	
AqTMK_38_final.txt	AqTMK_72_final.txt	AqTMK_38	AqTMK_72	36	31	False	inf	1.0	False	
AqTMK_38_final.txt	AqTMK_73_final.txt	AqTMK_38	AqTMK_73	36	31	False	inf	1.0	False	
AqTMK_38_final.txt	AqTMK_76_final.txt	AqTMK_38	AqTMK_76	36	31	False	inf	1.0	False	
AqTMK_38_final.txt	AqTMK_92_final.txt	AqTMK_38	AqTMK_92	36	31	False	inf	1.0	False	
AqTMK_38_final.txt	AqTMK_94_final.txt	AqTMK_38	AqTMK_94	36	31	False	inf	1.0	False	
AqTMK_38_final.txt	AqTMK_108_final.txt	AqTMK_38	AqTMK_108	36	31	False	inf	1.0	False	
AqTMK_38_final.txt	AqTMK_112_final.txt	AqTMK_38	AqTMK_112	36	31	False	inf	1.0	False	
AqTMK_38_final.txt	AqTMK_110_final.txt	AqTMK_38	AqTMK_110	36	31	False	inf	1.0	False	
AqTMK_38_final.txt	AqTMK_119_final.txt	AqTMK_38	AqTMK_119	36	31	False	inf	1.0	False	
AqTMK_38_final.txt	AqTMK_122_final.txt	AqTMK_38	AqTMK_122	36	31	False	inf	1.0	False	
AqTMK_38_final.txt	AqTMK_123_final.txt	AqTMK_38	AqTMK_123	36	31	False	inf	1.0	False	
AqTMK_38_final.txt	AqTMK_132_final.txt	AqTMK_38	AqTMK_132	36	31	False	inf	1.0	False	
AqTMK_38_final.txt	AqTMK_133_final.txt	AqTMK_38	AqTMK_133	36	31	False	inf	1.0	False	
AqTMK_38_final.txt	AqTMK_172_final.txt	AqTMK_38	AqTMK_172	36	31	False	inf	1.0	False	
AqTMK_38_final.txt	AqTMK_178_final.txt	AqTMK_38	AqTMK_178	36	31	False	inf	1.0	False	
AqTMK_38_final.txt	AqTMK_167_final.txt	AqTMK_38	AqTMK_167	36	31	False	inf	1.0	False	
AqTMK_38_final.txt	AqTMK_184_final.txt	AqTMK_38	AqTMK_184	36	31	False	inf	1.0	False	
AqTMK_38_final.txt	AqTMK_195_final.txt	AqTMK_38	AqTMK_195	36	31	False	inf	1.0	False	
AqTMK_38_final.txt	AqTMK_201_final.txt	AqTMK_38	AqTMK_201	36	31	False	inf	1.0	False	
AqTMK_38_final.txt	AqTMK_211_final.txt	AqTMK_38	AqTMK_211	36	31	False	inf	1.0	False	
AqTMK_38_final.txt	AqTMK_237_final.txt	AqTMK_38	AqTMK_237	36	31	False	inf	1.0	False	
AqTMK_38_final.txt	AqTMK_238_final.txt	AqTMK_38	AqTMK_238	36	31	False	inf	1.0	False	
AqTMK_38_final.txt	AqTMK_276_final.txt	AqTMK_38	AqTMK_276	36	31	False	inf	1.0	False	
AqTMK_38_final.txt	AqTMK_253_final.txt	AqTMK_38	AqTMK_253	36	31	False	inf	1.0	False	
AqTMK_38_final.txt	AqTMK_277_final.txt	AqTMK_38	AqTMK_277	36	31	False	inf	1.0	False	
AqTMK_38_final.txt	AqTMK_288_final.txt	AqTMK_38	AqTMK_288	36	31	False	inf	1.0	False	
AqTMK_38_final.txt	AqTMK_300_final.txt	AqTMK_38	AqTMK_300	36	31	False	inf	1.0	False	
AqTMK_38_final.txt	AqTMK_33_final.txt	AqTMK_38	AqTMK_33	36	30	False	inf	1.0	False	
AqTMK_38_final.txt	AqTMK_43_final.txt	AqTMK_38	AqTMK_43	36	30	False	inf	1.0	False	
AqTMK_38_final.txt	AqTMK_49_final.txt	AqTMK_38	AqTMK_49	36	30	False	inf	1.0	False	
AqTMK_38_final.txt	AqTMK_50_final.txt	AqTMK_38	AqTMK_50	36	30	False	inf	1.0	False	
AqTMK_38_final.txt	AqTMK_66_final.txt	AqTMK_38	AqTMK_66	36	30	False	inf	1.0	False	
AqTMK_38_final.txt	AqTMK_102_final.txt	AqTMK_38	AqTMK_102	36	30	False	inf	1.0	False	
AqTMK_38_final.txt	AqTMK_124_final.txt	AqTMK_38	AqTMK_124	36	30	False	inf	1.0	False	
AqTMK_38_final.txt	AqTMK_153_final.txt	AqTMK_38	AqTMK_153	36	30	False	inf	1.0	False	
AqTMK_38_final.txt	AqTMK_193_final.txt	AqTMK_38	AqTMK_193	36	30	False	inf	1.0	False	
AqTMK_38_final.txt	AqTMK_264_final.txt	AqTMK_38	AqTMK_264	36	30	False	inf	1.0	False	
AqTMK_38_final.txt	AqTMK_121_final.txt	AqTMK_38	AqTMK_121	36	29	False	inf	1.0	False	
AqTMK_77_final.txt	AqTMK_23_final.txt	AqTMK_77	AqTMK_23	36	35	False	inf	1.0	False	
AqTMK_77_final.txt	AqTMK_14_final.txt	AqTMK_77	AqTMK_14	36	35	False	inf	1.0	False	
AqTMK_77_final.txt	AqTMK_5_final.txt	AqTMK_77	AqTMK_5	36	35	False	inf	1.0	False	
AqTMK_77_final.txt	AqTMK_214_final.txt	AqTMK_77	AqTMK_214	36	35	False	inf	1.0	False	
AqTMK_77_final.txt	AqTMK_128_final.txt	AqTMK_77	AqTMK_128	36	34	False	inf	1.0	False	
AqTMK_77_final.txt	AqTMK_175_final.txt	AqTMK_77	AqTMK_175	36	34	False	inf	1.0	False	
AqTMK_77_final.txt	AqTMK_185_final.txt	AqTMK_77	AqTMK_185	36	34	False	inf	1.0	False	
AqTMK_77_final.txt	AqTMK_196_final.txt	AqTMK_77	AqTMK_196	36	34	False	inf	1.0	False	
AqTMK_77_final.txt	AqTMK_220_final.txt	AqTMK_77	AqTMK_220	36	34	False	inf	1.0	False	
AqTMK_77_final.txt	AqTMK_207_final.txt	AqTMK_77	AqTMK_207	36	34	False	inf	1.0	False	
AqTMK_77_final.txt	AqTMK_217_final.txt	AqTMK_77	AqTMK_217	36	34	False	inf	1.0	False	
AqTMK_77_final.txt	AqTMK_244_final.txt	AqTMK_77	AqTMK_244	36	34	False	inf	1.0	False	
AqTMK_77_final.txt	AqTMK_246_final.txt	AqTMK_77	AqTMK_246	36	34	False	inf	1.0	False	
AqTMK_77_final.txt	AqTMK_261_final.txt	AqTMK_77	AqTMK_261	36	34	False	inf	1.0	False	
AqTMK_77_final.txt	AqTMK_281_final.txt	AqTMK_77	AqTMK_281	36	34	False	inf	1.0	False	
AqTMK_77_final.txt	AqTMK_69_final.txt	AqTMK_77	AqTMK_69	36	33	False	inf	1.0	False	
AqTMK_77_final.txt	AqTMK_109_final.txt	AqTMK_77	AqTMK_109	36	33	False	inf	1.0	False	
AqTMK_77_final.txt	AqTMK_95_final.txt	AqTMK_77	AqTMK_95	36	33	False	inf	1.0	False	
AqTMK_77_final.txt	AqTMK_87_final.txt	AqTMK_77	AqTMK_87	36	33	False	inf	1.0	False	
AqTMK_77_final.txt	AqTMK_111_final.txt	AqTMK_77	AqTMK_111	36	33	False	inf	1.0	False	
AqTMK_77_final.txt	AqTMK_116_final.txt	AqTMK_77	AqTMK_116	36	33	False	inf	1.0	False	
AqTMK_77_final.txt	AqTMK_120_final.txt	AqTMK_77	AqTMK_120	36	33	False	inf	1.0	False	
AqTMK_77_final.txt	AqTMK_139_final.txt	AqTMK_77	AqTMK_139	36	33	False	inf	1.0	False	
AqTMK_77_final.txt	AqTMK_156_final.txt	AqTMK_77	AqTMK_156	36	33	False	inf	1.0	False	
AqTMK_77_final.txt	AqTMK_186_final.txt	AqTMK_77	AqTMK_186	36	33	False	inf	1.0	False	
AqTMK_77_final.txt	AqTMK_163_final.txt	AqTMK_77	AqTMK_163	36	33	False	inf	1.0	False	
AqTMK_77_final.txt	AqTMK_171_final.txt	AqTMK_77	AqTMK_171	36	33	False	inf	1.0	False	
AqTMK_77_final.txt	AqTMK_197_final.txt	AqTMK_77	AqTMK_197	36	33	False	inf	1.0	False	
AqTMK_77_final.txt	AqTMK_200_final.txt	AqTMK_77	AqTMK_200	36	33	False	inf	1.0	False	
AqTMK_77_final.txt	AqTMK_208_final.txt	AqTMK_77	AqTMK_208	36	33	False	inf	1.0	False	
AqTMK_77_final.txt	AqTMK_223_final.txt	AqTMK_77	AqTMK_223	36	33	False	inf	1.0	False	
AqTMK_77_final.txt	AqTMK_229_final.txt	AqTMK_77	AqTMK_229	36	33	False	inf	1.0	False	
AqTMK_77_final.txt	AqTMK_230_final.txt	AqTMK_77	AqTMK_230	36	33	False	inf	1.0	False	
AqTMK_77_final.txt	AqTMK_231_final.txt	AqTMK_77	AqTMK_231	36	33	False	inf	1.0	False	
AqTMK_77_final.txt	AqTMK_233_final.txt	AqTMK_77	AqTMK_233	36	33	False	inf	1.0	False	
AqTMK_77_final.txt	AqTMK_257_final.txt	AqTMK_77	AqTMK_257	36	33	False	inf	1.0	False	
AqTMK_77_final.txt	AqTMK_259_final.txt	AqTMK_77	AqTMK_259	36	33	False	inf	1.0	False	
AqTMK_77_final.txt	AqTMK_262_final.txt	AqTMK_77	AqTMK_262	36	33	False	inf	1.0	False	
AqTMK_77_final.txt	AqTMK_270_final.txt	AqTMK_77	AqTMK_270	36	33	False	inf	1.0	False	
AqTMK_77_final.txt	AqTMK_273_final.txt	AqTMK_77	AqTMK_273	36	33	False	inf	1.0	False	
AqTMK_77_final.txt	AqTMK_284_final.txt	AqTMK_77	AqTMK_284	36	33	False	inf	1.0	False	
AqTMK_77_final.txt	AqTMK_287_final.txt	AqTMK_77	AqTMK_287	36	33	False	inf	1.0	False	
AqTMK_77_final.txt	AqTMK_285_final.txt	AqTMK_77	AqTMK_285	36	33	False	inf	1.0	False	
AqTMK_77_final.txt	AqTMK_295_final.txt	AqTMK_77	AqTMK_295	36	33	False	inf	1.0	False	
AqTMK_77_final.txt	AqTMK_311_final.txt	AqTMK_77	AqTMK_311	36	33	False	inf	1.0	False	
AqTMK_77_final.txt	AqTMK_54_final.txt	AqTMK_77	AqTMK_54	36	32	False	inf	1.0	False	
AqTMK_77_final.txt	AqTMK_56_final.txt	AqTMK_77	AqTMK_56	36	32	False	inf	1.0	False	
AqTMK_77_final.txt	AqTMK_59_final.txt	AqTMK_77	AqTMK_59	36	32	False	inf	1.0	False	
AqTMK_77_final.txt	AqTMK_62_final.txt	AqTMK_77	AqTMK_62	36	32	False	inf	1.0	False	
AqTMK_77_final.txt	AqTMK_68_final.txt	AqTMK_77	AqTMK_68	36	32	False	inf	1.0	False	
AqTMK_77_final.txt	AqTMK_63_final.txt	AqTMK_77	AqTMK_63	36	32	False	inf	1.0	False	
AqTMK_77_final.txt	AqTMK_70_final.txt	AqTMK_77	AqTMK_70	36	32	False	inf	1.0	False	
AqTMK_77_final.txt	AqTMK_79_final.txt	AqTMK_77	AqTMK_79	36	32	False	inf	1.0	False	
AqTMK_77_final.txt	AqTMK_81_final.txt	AqTMK_77	AqTMK_81	36	32	False	inf	1.0	False	
AqTMK_77_final.txt	AqTMK_82_final.txt	AqTMK_77	AqTMK_82	36	32	False	inf	1.0	False	
AqTMK_77_final.txt	AqTMK_84_final.txt	AqTMK_77	AqTMK_84	36	32	False	inf	1.0	False	
AqTMK_77_final.txt	AqTMK_85_final.txt	AqTMK_77	AqTMK_85	36	32	False	inf	1.0	False	
AqTMK_77_final.txt	AqTMK_91_final.txt	AqTMK_77	AqTMK_91	36	32	False	inf	1.0	False	
AqTMK_77_final.txt	AqTMK_89_final.txt	AqTMK_77	AqTMK_89	36	32	False	inf	1.0	False	
AqTMK_77_final.txt	AqTMK_93_final.txt	AqTMK_77	AqTMK_93	36	32	False	inf	1.0	False	
AqTMK_77_final.txt	AqTMK_98_final.txt	AqTMK_77	AqTMK_98	36	32	False	inf	1.0	False	
AqTMK_77_final.txt	AqTMK_99_final.txt	AqTMK_77	AqTMK_99	36	32	False	inf	1.0	False	
AqTMK_77_final.txt	AqTMK_101_final.txt	AqTMK_77	AqTMK_101	36	32	False	inf	1.0	False	
AqTMK_77_final.txt	AqTMK_103_final.txt	AqTMK_77	AqTMK_103	36	32	False	inf	1.0	False	
AqTMK_77_final.txt	AqTMK_106_final.txt	AqTMK_77	AqTMK_106	36	32	False	inf	1.0	False	
AqTMK_77_final.txt	AqTMK_104_final.txt	AqTMK_77	AqTMK_104	36	32	False	inf	1.0	False	
AqTMK_77_final.txt	AqTMK_114_final.txt	AqTMK_77	AqTMK_114	36	32	False	inf	1.0	False	
AqTMK_77_final.txt	AqTMK_117_final.txt	AqTMK_77	AqTMK_117	36	32	False	inf	1.0	False	
AqTMK_77_final.txt	AqTMK_118_final.txt	AqTMK_77	AqTMK_118	36	32	False	inf	1.0	False	
AqTMK_77_final.txt	AqTMK_131_final.txt	AqTMK_77	AqTMK_131	36	32	False	inf	1.0	False	
AqTMK_77_final.txt	AqTMK_149_final.txt	AqTMK_77	AqTMK_149	36	32	False	inf	1.0	False	
AqTMK_77_final.txt	AqTMK_155_final.txt	AqTMK_77	AqTMK_155	36	32	False	inf	1.0	False	
AqTMK_77_final.txt	AqTMK_159_final.txt	AqTMK_77	AqTMK_159	36	32	False	inf	1.0	False	
AqTMK_77_final.txt	AqTMK_165_final.txt	AqTMK_77	AqTMK_165	36	32	False	inf	1.0	False	
AqTMK_77_final.txt	AqTMK_173_final.txt	AqTMK_77	AqTMK_173	36	32	False	inf	1.0	False	
AqTMK_77_final.txt	AqTMK_179_final.txt	AqTMK_77	AqTMK_179	36	32	False	inf	1.0	False	
AqTMK_77_final.txt	AqTMK_181_final.txt	AqTMK_77	AqTMK_181	36	32	False	inf	1.0	False	
AqTMK_77_final.txt	AqTMK_187_final.txt	AqTMK_77	AqTMK_187	36	32	False	inf	1.0	False	
AqTMK_77_final.txt	AqTMK_188_final.txt	AqTMK_77	AqTMK_188	36	32	False	inf	1.0	False	
AqTMK_77_final.txt	AqTMK_191_final.txt	AqTMK_77	AqTMK_191	36	32	False	inf	1.0	False	
AqTMK_77_final.txt	AqTMK_218_final.txt	AqTMK_77	AqTMK_218	36	32	False	inf	1.0	False	
AqTMK_77_final.txt	AqTMK_198_final.txt	AqTMK_77	AqTMK_198	36	32	False	inf	1.0	False	
AqTMK_77_final.txt	AqTMK_219_final.txt	AqTMK_77	AqTMK_219	36	32	False	inf	1.0	False	
AqTMK_77_final.txt	AqTMK_224_final.txt	AqTMK_77	AqTMK_224	36	32	False	inf	1.0	False	
AqTMK_77_final.txt	AqTMK_234_final.txt	AqTMK_77	AqTMK_234	36	32	False	inf	1.0	False	
AqTMK_77_final.txt	AqTMK_236_final.txt	AqTMK_77	AqTMK_236	36	32	False	inf	1.0	False	
AqTMK_77_final.txt	AqTMK_240_final.txt	AqTMK_77	AqTMK_240	36	32	False	inf	1.0	False	
AqTMK_77_final.txt	AqTMK_242_final.txt	AqTMK_77	AqTMK_242	36	32	False	inf	1.0	False	
AqTMK_77_final.txt	AqTMK_249_final.txt	AqTMK_77	AqTMK_249	36	32	False	inf	1.0	False	
AqTMK_77_final.txt	AqTMK_245_final.txt	AqTMK_77	AqTMK_245	36	32	False	inf	1.0	False	
AqTMK_77_final.txt	AqTMK_263_final.txt	AqTMK_77	AqTMK_263	36	32	False	inf	1.0	False	
AqTMK_77_final.txt	AqTMK_267_final.txt	AqTMK_77	AqTMK_267	36	32	False	inf	1.0	False	
AqTMK_77_final.txt	AqTMK_272_final.txt	AqTMK_77	AqTMK_272	36	32	False	inf	1.0	False	
AqTMK_77_final.txt	AqTMK_274_final.txt	AqTMK_77	AqTMK_274	36	32	False	inf	1.0	False	
AqTMK_77_final.txt	AqTMK_275_final.txt	AqTMK_77	AqTMK_275	36	32	False	inf	1.0	False	
AqTMK_77_final.txt	AqTMK_279_final.txt	AqTMK_77	AqTMK_279	36	32	False	inf	1.0	False	
AqTMK_77_final.txt	AqTMK_286_final.txt	AqTMK_77	AqTMK_286	36	32	False	inf	1.0	False	
AqTMK_77_final.txt	AqTMK_292_final.txt	AqTMK_77	AqTMK_292	36	32	False	inf	1.0	False	
AqTMK_77_final.txt	AqTMK_290_final.txt	AqTMK_77	AqTMK_290	36	32	False	inf	1.0	False	
AqTMK_77_final.txt	AqTMK_299_final.txt	AqTMK_77	AqTMK_299	36	32	False	inf	1.0	False	
AqTMK_77_final.txt	AqTMK_309_final.txt	AqTMK_77	AqTMK_309	36	32	False	inf	1.0	False	
AqTMK_77_final.txt	AqTMK_45_final.txt	AqTMK_77	AqTMK_45	36	31	False	inf	1.0	False	
AqTMK_77_final.txt	AqTMK_47_final.txt	AqTMK_77	AqTMK_47	36	31	False	inf	1.0	False	
AqTMK_77_final.txt	AqTMK_48_final.txt	AqTMK_77	AqTMK_48	36	31	False	inf	1.0	False	
AqTMK_77_final.txt	AqTMK_53_final.txt	AqTMK_77	AqTMK_53	36	31	False	inf	1.0	False	
AqTMK_77_final.txt	AqTMK_72_final.txt	AqTMK_77	AqTMK_72	36	31	False	inf	1.0	False	
AqTMK_77_final.txt	AqTMK_57_final.txt	AqTMK_77	AqTMK_57	36	31	False	inf	1.0	False	
AqTMK_77_final.txt	AqTMK_73_final.txt	AqTMK_77	AqTMK_73	36	31	False	inf	1.0	False	
AqTMK_77_final.txt	AqTMK_76_final.txt	AqTMK_77	AqTMK_76	36	31	False	inf	1.0	False	
AqTMK_77_final.txt	AqTMK_92_final.txt	AqTMK_77	AqTMK_92	36	31	False	inf	1.0	False	
AqTMK_77_final.txt	AqTMK_94_final.txt	AqTMK_77	AqTMK_94	36	31	False	inf	1.0	False	
AqTMK_77_final.txt	AqTMK_108_final.txt	AqTMK_77	AqTMK_108	36	31	False	inf	1.0	False	
AqTMK_77_final.txt	AqTMK_119_final.txt	AqTMK_77	AqTMK_119	36	31	False	inf	1.0	False	
AqTMK_77_final.txt	AqTMK_110_final.txt	AqTMK_77	AqTMK_110	36	31	False	inf	1.0	False	
AqTMK_77_final.txt	AqTMK_112_final.txt	AqTMK_77	AqTMK_112	36	31	False	inf	1.0	False	
AqTMK_77_final.txt	AqTMK_122_final.txt	AqTMK_77	AqTMK_122	36	31	False	inf	1.0	False	
AqTMK_77_final.txt	AqTMK_123_final.txt	AqTMK_77	AqTMK_123	36	31	False	inf	1.0	False	
AqTMK_77_final.txt	AqTMK_132_final.txt	AqTMK_77	AqTMK_132	36	31	False	inf	1.0	False	
AqTMK_77_final.txt	AqTMK_133_final.txt	AqTMK_77	AqTMK_133	36	31	False	inf	1.0	False	
AqTMK_77_final.txt	AqTMK_167_final.txt	AqTMK_77	AqTMK_167	36	31	False	inf	1.0	False	
AqTMK_77_final.txt	AqTMK_184_final.txt	AqTMK_77	AqTMK_184	36	31	False	inf	1.0	False	
AqTMK_77_final.txt	AqTMK_178_final.txt	AqTMK_77	AqTMK_178	36	31	False	inf	1.0	False	
AqTMK_77_final.txt	AqTMK_172_final.txt	AqTMK_77	AqTMK_172	36	31	False	inf	1.0	False	
AqTMK_77_final.txt	AqTMK_195_final.txt	AqTMK_77	AqTMK_195	36	31	False	inf	1.0	False	
AqTMK_77_final.txt	AqTMK_201_final.txt	AqTMK_77	AqTMK_201	36	31	False	inf	1.0	False	
AqTMK_77_final.txt	AqTMK_211_final.txt	AqTMK_77	AqTMK_211	36	31	False	inf	1.0	False	
AqTMK_77_final.txt	AqTMK_237_final.txt	AqTMK_77	AqTMK_237	36	31	False	inf	1.0	False	
AqTMK_77_final.txt	AqTMK_238_final.txt	AqTMK_77	AqTMK_238	36	31	False	inf	1.0	False	
AqTMK_77_final.txt	AqTMK_253_final.txt	AqTMK_77	AqTMK_253	36	31	False	inf	1.0	False	
AqTMK_77_final.txt	AqTMK_277_final.txt	AqTMK_77	AqTMK_277	36	31	False	inf	1.0	False	
AqTMK_77_final.txt	AqTMK_276_final.txt	AqTMK_77	AqTMK_276	36	31	False	inf	1.0	False	
AqTMK_77_final.txt	AqTMK_288_final.txt	AqTMK_77	AqTMK_288	36	31	False	inf	1.0	False	
AqTMK_77_final.txt	AqTMK_300_final.txt	AqTMK_77	AqTMK_300	36	31	False	inf	1.0	False	
AqTMK_77_final.txt	AqTMK_33_final.txt	AqTMK_77	AqTMK_33	36	30	False	inf	1.0	False	
AqTMK_77_final.txt	AqTMK_43_final.txt	AqTMK_77	AqTMK_43	36	30	False	inf	1.0	False	
AqTMK_77_final.txt	AqTMK_49_final.txt	AqTMK_77	AqTMK_49	36	30	False	inf	1.0	False	
AqTMK_77_final.txt	AqTMK_50_final.txt	AqTMK_77	AqTMK_50	36	30	False	inf	1.0	False	
AqTMK_77_final.txt	AqTMK_66_final.txt	AqTMK_77	AqTMK_66	36	30	False	inf	1.0	False	
AqTMK_77_final.txt	AqTMK_102_final.txt	AqTMK_77	AqTMK_102	36	30	False	inf	1.0	False	
AqTMK_77_final.txt	AqTMK_124_final.txt	AqTMK_77	AqTMK_124	36	30	False	inf	1.0	False	
AqTMK_77_final.txt	AqTMK_153_final.txt	AqTMK_77	AqTMK_153	36	30	False	inf	1.0	False	
AqTMK_77_final.txt	AqTMK_193_final.txt	AqTMK_77	AqTMK_193	36	30	False	inf	1.0	False	
AqTMK_77_final.txt	AqTMK_264_final.txt	AqTMK_77	AqTMK_264	36	30	False	inf	1.0	False	
AqTMK_77_final.txt	AqTMK_121_final.txt	AqTMK_77	AqTMK_121	36	29	False	inf	1.0	False	
AqTMK_5_final.txt	AqTMK_14_final.txt	AqTMK_5	AqTMK_14	35	35	True	2	1.0	False	
AqTMK_5_final.txt	AqTMK_23_final.txt	AqTMK_5	AqTMK_23	35	35	True	4	1.0	False	
AqTMK_5_final.txt	AqTMK_128_final.txt	AqTMK_5	AqTMK_128	35	34	False	inf	1.0	False	
AqTMK_5_final.txt	AqTMK_175_final.txt	AqTMK_5	AqTMK_175	35	34	False	inf	1.0	False	
AqTMK_5_final.txt	AqTMK_185_final.txt	AqTMK_5	AqTMK_185	35	34	False	inf	1.0	False	
AqTMK_5_final.txt	AqTMK_196_final.txt	AqTMK_5	AqTMK_196	35	34	False	inf	1.0	False	
AqTMK_5_final.txt	AqTMK_207_final.txt	AqTMK_5	AqTMK_207	35	34	False	inf	1.0	False	
AqTMK_5_final.txt	AqTMK_214_final.txt	AqTMK_5	AqTMK_214	35	35	True	8	1.0	False	
AqTMK_5_final.txt	AqTMK_217_final.txt	AqTMK_5	AqTMK_217	35	34	False	inf	1.0	False	
AqTMK_5_final.txt	AqTMK_244_final.txt	AqTMK_5	AqTMK_244	35	34	False	inf	1.0	False	
AqTMK_5_final.txt	AqTMK_220_final.txt	AqTMK_5	AqTMK_220	35	34	False	inf	1.0	False	
AqTMK_5_final.txt	AqTMK_246_final.txt	AqTMK_5	AqTMK_246	35	34	False	inf	1.0	False	
AqTMK_5_final.txt	AqTMK_261_final.txt	AqTMK_5	AqTMK_261	35	34	False	inf	1.0	False	
AqTMK_5_final.txt	AqTMK_281_final.txt	AqTMK_5	AqTMK_281	35	34	False	inf	1.0	False	
AqTMK_5_final.txt	AqTMK_69_final.txt	AqTMK_5	AqTMK_69	35	33	False	inf	1.0	False	
AqTMK_5_final.txt	AqTMK_87_final.txt	AqTMK_5	AqTMK_87	35	33	False	inf	1.0	False	
AqTMK_5_final.txt	AqTMK_95_final.txt	AqTMK_5	AqTMK_95	35	33	False	inf	1.0	False	
AqTMK_5_final.txt	AqTMK_111_final.txt	AqTMK_5	AqTMK_111	35	33	False	inf	1.0	False	
AqTMK_5_final.txt	AqTMK_109_final.txt	AqTMK_5	AqTMK_109	35	33	False	inf	1.0	False	
AqTMK_5_final.txt	AqTMK_116_final.txt	AqTMK_5	AqTMK_116	35	33	False	inf	1.0	False	
AqTMK_5_final.txt	AqTMK_120_final.txt	AqTMK_5	AqTMK_120	35	33	False	inf	1.0	False	
AqTMK_5_final.txt	AqTMK_139_final.txt	AqTMK_5	AqTMK_139	35	33	False	inf	1.0	False	
AqTMK_5_final.txt	AqTMK_156_final.txt	AqTMK_5	AqTMK_156	35	33	False	inf	1.0	False	
AqTMK_5_final.txt	AqTMK_163_final.txt	AqTMK_5	AqTMK_163	35	33	False	inf	1.0	False	
AqTMK_5_final.txt	AqTMK_171_final.txt	AqTMK_5	AqTMK_171	35	33	False	inf	1.0	False	
AqTMK_5_final.txt	AqTMK_186_final.txt	AqTMK_5	AqTMK_186	35	33	False	inf	1.0	False	
AqTMK_5_final.txt	AqTMK_197_final.txt	AqTMK_5	AqTMK_197	35	33	False	inf	1.0	False	
AqTMK_5_final.txt	AqTMK_200_final.txt	AqTMK_5	AqTMK_200	35	33	False	inf	1.0	False	
AqTMK_5_final.txt	AqTMK_208_final.txt	AqTMK_5	AqTMK_208	35	33	False	inf	1.0	False	
AqTMK_5_final.txt	AqTMK_223_final.txt	AqTMK_5	AqTMK_223	35	33	False	inf	1.0	False	
AqTMK_5_final.txt	AqTMK_229_final.txt	AqTMK_5	AqTMK_229	35	33	False	inf	1.0	False	
AqTMK_5_final.txt	AqTMK_230_final.txt	AqTMK_5	AqTMK_230	35	33	False	inf	1.0	False	
AqTMK_5_final.txt	AqTMK_231_final.txt	AqTMK_5	AqTMK_231	35	33	False	inf	1.0	False	
AqTMK_5_final.txt	AqTMK_257_final.txt	AqTMK_5	AqTMK_257	35	33	False	inf	1.0	False	
AqTMK_5_final.txt	AqTMK_233_final.txt	AqTMK_5	AqTMK_233	35	33	False	inf	1.0	False	
AqTMK_5_final.txt	AqTMK_259_final.txt	AqTMK_5	AqTMK_259	35	33	False	inf	1.0	False	
AqTMK_5_final.txt	AqTMK_262_final.txt	AqTMK_5	AqTMK_262	35	33	False	inf	1.0	False	
AqTMK_5_final.txt	AqTMK_270_final.txt	AqTMK_5	AqTMK_270	35	33	False	inf	1.0	False	
AqTMK_5_final.txt	AqTMK_273_final.txt	AqTMK_5	AqTMK_273	35	33	False	inf	1.0	False	
AqTMK_5_final.txt	AqTMK_284_final.txt	AqTMK_5	AqTMK_284	35	33	False	inf	1.0	False	
AqTMK_5_final.txt	AqTMK_285_final.txt	AqTMK_5	AqTMK_285	35	33	False	inf	1.0	False	
AqTMK_5_final.txt	AqTMK_295_final.txt	AqTMK_5	AqTMK_295	35	33	False	inf	1.0	False	
AqTMK_5_final.txt	AqTMK_287_final.txt	AqTMK_5	AqTMK_287	35	33	False	inf	1.0	False	
AqTMK_5_final.txt	AqTMK_311_final.txt	AqTMK_5	AqTMK_311	35	33	False	inf	1.0	False	
AqTMK_5_final.txt	AqTMK_54_final.txt	AqTMK_5	AqTMK_54	35	32	False	inf	1.0	False	
AqTMK_5_final.txt	AqTMK_56_final.txt	AqTMK_5	AqTMK_56	35	32	False	inf	1.0	False	
AqTMK_5_final.txt	AqTMK_59_final.txt	AqTMK_5	AqTMK_59	35	32	False	inf	1.0	False	
AqTMK_5_final.txt	AqTMK_62_final.txt	AqTMK_5	AqTMK_62	35	32	False	inf	1.0	False	
AqTMK_5_final.txt	AqTMK_63_final.txt	AqTMK_5	AqTMK_63	35	32	False	inf	1.0	False	
AqTMK_5_final.txt	AqTMK_70_final.txt	AqTMK_5	AqTMK_70	35	32	False	inf	1.0	False	
AqTMK_5_final.txt	AqTMK_68_final.txt	AqTMK_5	AqTMK_68	35	32	False	inf	1.0	False	
AqTMK_5_final.txt	AqTMK_79_final.txt	AqTMK_5	AqTMK_79	35	32	False	inf	1.0	False	
AqTMK_5_final.txt	AqTMK_81_final.txt	AqTMK_5	AqTMK_81	35	32	False	inf	1.0	False	
AqTMK_5_final.txt	AqTMK_82_final.txt	AqTMK_5	AqTMK_82	35	32	False	inf	1.0	False	
AqTMK_5_final.txt	AqTMK_84_final.txt	AqTMK_5	AqTMK_84	35	32	False	inf	1.0	False	
AqTMK_5_final.txt	AqTMK_85_final.txt	AqTMK_5	AqTMK_85	35	32	False	inf	1.0	False	
AqTMK_5_final.txt	AqTMK_91_final.txt	AqTMK_5	AqTMK_91	35	32	False	inf	1.0	False	
AqTMK_5_final.txt	AqTMK_89_final.txt	AqTMK_5	AqTMK_89	35	32	False	inf	1.0	False	
AqTMK_5_final.txt	AqTMK_93_final.txt	AqTMK_5	AqTMK_93	35	32	False	inf	1.0	False	
AqTMK_5_final.txt	AqTMK_98_final.txt	AqTMK_5	AqTMK_98	35	32	False	inf	1.0	False	
AqTMK_5_final.txt	AqTMK_99_final.txt	AqTMK_5	AqTMK_99	35	32	False	inf	1.0	False	
AqTMK_5_final.txt	AqTMK_101_final.txt	AqTMK_5	AqTMK_101	35	32	False	inf	1.0	False	
AqTMK_5_final.txt	AqTMK_103_final.txt	AqTMK_5	AqTMK_103	35	32	False	inf	1.0	False	
AqTMK_5_final.txt	AqTMK_104_final.txt	AqTMK_5	AqTMK_104	35	32	False	inf	1.0	False	
AqTMK_5_final.txt	AqTMK_106_final.txt	AqTMK_5	AqTMK_106	35	32	False	inf	1.0	False	
AqTMK_5_final.txt	AqTMK_117_final.txt	AqTMK_5	AqTMK_117	35	32	False	inf	1.0	False	
AqTMK_5_final.txt	AqTMK_114_final.txt	AqTMK_5	AqTMK_114	35	32	False	inf	1.0	False	
AqTMK_5_final.txt	AqTMK_118_final.txt	AqTMK_5	AqTMK_118	35	32	False	inf	1.0	False	
AqTMK_5_final.txt	AqTMK_131_final.txt	AqTMK_5	AqTMK_131	35	32	False	inf	1.0	False	
AqTMK_5_final.txt	AqTMK_149_final.txt	AqTMK_5	AqTMK_149	35	32	False	inf	1.0	False	
AqTMK_5_final.txt	AqTMK_155_final.txt	AqTMK_5	AqTMK_155	35	32	False	inf	1.0	False	
AqTMK_5_final.txt	AqTMK_159_final.txt	AqTMK_5	AqTMK_159	35	32	False	inf	1.0	False	
AqTMK_5_final.txt	AqTMK_179_final.txt	AqTMK_5	AqTMK_179	35	32	False	inf	1.0	False	
AqTMK_5_final.txt	AqTMK_165_final.txt	AqTMK_5	AqTMK_165	35	32	False	inf	1.0	False	
AqTMK_5_final.txt	AqTMK_173_final.txt	AqTMK_5	AqTMK_173	35	32	False	inf	1.0	False	
AqTMK_5_final.txt	AqTMK_181_final.txt	AqTMK_5	AqTMK_181	35	32	False	inf	1.0	False	
AqTMK_5_final.txt	AqTMK_187_final.txt	AqTMK_5	AqTMK_187	35	32	False	inf	1.0	False	
AqTMK_5_final.txt	AqTMK_188_final.txt	AqTMK_5	AqTMK_188	35	32	False	inf	1.0	False	
AqTMK_5_final.txt	AqTMK_191_final.txt	AqTMK_5	AqTMK_191	35	32	False	inf	1.0	False	
AqTMK_5_final.txt	AqTMK_198_final.txt	AqTMK_5	AqTMK_198	35	32	False	inf	1.0	False	
AqTMK_5_final.txt	AqTMK_218_final.txt	AqTMK_5	AqTMK_218	35	32	False	inf	1.0	False	
AqTMK_5_final.txt	AqTMK_224_final.txt	AqTMK_5	AqTMK_224	35	32	False	inf	1.0	False	
AqTMK_5_final.txt	AqTMK_219_final.txt	AqTMK_5	AqTMK_219	35	32	False	inf	1.0	False	
AqTMK_5_final.txt	AqTMK_234_final.txt	AqTMK_5	AqTMK_234	35	32	False	inf	1.0	False	
AqTMK_5_final.txt	AqTMK_236_final.txt	AqTMK_5	AqTMK_236	35	32	False	inf	1.0	False	
AqTMK_5_final.txt	AqTMK_240_final.txt	AqTMK_5	AqTMK_240	35	32	False	inf	1.0	False	
AqTMK_5_final.txt	AqTMK_242_final.txt	AqTMK_5	AqTMK_242	35	32	False	inf	1.0	False	
AqTMK_5_final.txt	AqTMK_245_final.txt	AqTMK_5	AqTMK_245	35	32	False	inf	1.0	False	
AqTMK_5_final.txt	AqTMK_249_final.txt	AqTMK_5	AqTMK_249	35	32	False	inf	1.0	False	
AqTMK_5_final.txt	AqTMK_263_final.txt	AqTMK_5	AqTMK_263	35	32	False	inf	1.0	False	
AqTMK_5_final.txt	AqTMK_267_final.txt	AqTMK_5	AqTMK_267	35	32	False	inf	1.0	False	
AqTMK_5_final.txt	AqTMK_272_final.txt	AqTMK_5	AqTMK_272	35	32	False	inf	1.0	False	
AqTMK_5_final.txt	AqTMK_274_final.txt	AqTMK_5	AqTMK_274	35	32	False	inf	1.0	False	
AqTMK_5_final.txt	AqTMK_275_final.txt	AqTMK_5	AqTMK_275	35	32	False	inf	1.0	False	
AqTMK_5_final.txt	AqTMK_279_final.txt	AqTMK_5	AqTMK_279	35	32	False	inf	1.0	False	
AqTMK_5_final.txt	AqTMK_286_final.txt	AqTMK_5	AqTMK_286	35	32	False	inf	1.0	False	
AqTMK_5_final.txt	AqTMK_290_final.txt	AqTMK_5	AqTMK_290	35	32	False	inf	1.0	False	
AqTMK_5_final.txt	AqTMK_299_final.txt	AqTMK_5	AqTMK_299	35	32	False	inf	1.0	False	
AqTMK_5_final.txt	AqTMK_292_final.txt	AqTMK_5	AqTMK_292	35	32	False	inf	1.0	False	
AqTMK_5_final.txt	AqTMK_309_final.txt	AqTMK_5	AqTMK_309	35	32	False	inf	1.0	False	
AqTMK_5_final.txt	AqTMK_45_final.txt	AqTMK_5	AqTMK_45	35	31	False	inf	1.0	False	
AqTMK_5_final.txt	AqTMK_47_final.txt	AqTMK_5	AqTMK_47	35	31	False	inf	1.0	False	
AqTMK_5_final.txt	AqTMK_48_final.txt	AqTMK_5	AqTMK_48	35	31	False	inf	1.0	False	
AqTMK_5_final.txt	AqTMK_53_final.txt	AqTMK_5	AqTMK_53	35	31	False	inf	1.0	False	
AqTMK_5_final.txt	AqTMK_57_final.txt	AqTMK_5	AqTMK_57	35	31	False	inf	1.0	False	
AqTMK_5_final.txt	AqTMK_72_final.txt	AqTMK_5	AqTMK_72	35	31	False	inf	1.0	False	
AqTMK_5_final.txt	AqTMK_73_final.txt	AqTMK_5	AqTMK_73	35	31	False	inf	1.0	False	
AqTMK_5_final.txt	AqTMK_76_final.txt	AqTMK_5	AqTMK_76	35	31	False	inf	1.0	False	
AqTMK_5_final.txt	AqTMK_92_final.txt	AqTMK_5	AqTMK_92	35	31	False	inf	1.0	False	
AqTMK_5_final.txt	AqTMK_94_final.txt	AqTMK_5	AqTMK_94	35	31	False	inf	1.0	False	
AqTMK_5_final.txt	AqTMK_108_final.txt	AqTMK_5	AqTMK_108	35	31	False	inf	1.0	False	
AqTMK_5_final.txt	AqTMK_110_final.txt	AqTMK_5	AqTMK_110	35	31	False	inf	1.0	False	
AqTMK_5_final.txt	AqTMK_112_final.txt	AqTMK_5	AqTMK_112	35	31	False	inf	1.0	False	
AqTMK_5_final.txt	AqTMK_119_final.txt	AqTMK_5	AqTMK_119	35	31	False	inf	1.0	False	
AqTMK_5_final.txt	AqTMK_122_final.txt	AqTMK_5	AqTMK_122	35	31	False	inf	1.0	False	
AqTMK_5_final.txt	AqTMK_123_final.txt	AqTMK_5	AqTMK_123	35	31	False	inf	1.0	False	
AqTMK_5_final.txt	AqTMK_132_final.txt	AqTMK_5	AqTMK_132	35	31	False	inf	1.0	False	
AqTMK_5_final.txt	AqTMK_133_final.txt	AqTMK_5	AqTMK_133	35	31	False	inf	1.0	False	
AqTMK_5_final.txt	AqTMK_167_final.txt	AqTMK_5	AqTMK_167	35	31	False	inf	1.0	False	
AqTMK_5_final.txt	AqTMK_172_final.txt	AqTMK_5	AqTMK_172	35	31	False	inf	1.0	False	
AqTMK_5_final.txt	AqTMK_195_final.txt	AqTMK_5	AqTMK_195	35	31	False	inf	1.0	False	
AqTMK_5_final.txt	AqTMK_178_final.txt	AqTMK_5	AqTMK_178	35	31	False	inf	1.0	False	
AqTMK_5_final.txt	AqTMK_184_final.txt	AqTMK_5	AqTMK_184	35	31	False	inf	1.0	False	
AqTMK_5_final.txt	AqTMK_201_final.txt	AqTMK_5	AqTMK_201	35	31	False	inf	1.0	False	
AqTMK_5_final.txt	AqTMK_211_final.txt	AqTMK_5	AqTMK_211	35	31	False	inf	1.0	False	
AqTMK_5_final.txt	AqTMK_237_final.txt	AqTMK_5	AqTMK_237	35	31	False	inf	1.0	False	
AqTMK_5_final.txt	AqTMK_238_final.txt	AqTMK_5	AqTMK_238	35	31	False	inf	1.0	False	
AqTMK_5_final.txt	AqTMK_253_final.txt	AqTMK_5	AqTMK_253	35	31	False	inf	1.0	False	
AqTMK_5_final.txt	AqTMK_288_final.txt	AqTMK_5	AqTMK_288	35	31	False	inf	1.0	False	
AqTMK_5_final.txt	AqTMK_276_final.txt	AqTMK_5	AqTMK_276	35	31	False	inf	1.0	False	
AqTMK_5_final.txt	AqTMK_277_final.txt	AqTMK_5	AqTMK_277	35	31	False	inf	1.0	False	
AqTMK_5_final.txt	AqTMK_300_final.txt	AqTMK_5	AqTMK_300	35	31	False	inf	1.0	False	
AqTMK_5_final.txt	AqTMK_33_final.txt	AqTMK_5	AqTMK_33	35	30	False	inf	1.0	False	
AqTMK_5_final.txt	AqTMK_43_final.txt	AqTMK_5	AqTMK_43	35	30	False	inf	1.0	False	
AqTMK_5_final.txt	AqTMK_49_final.txt	AqTMK_5	AqTMK_49	35	30	False	inf	1.0	False	
AqTMK_5_final.txt	AqTMK_50_final.txt	AqTMK_5	AqTMK_50	35	30	False	inf	1.0	False	
AqTMK_5_final.txt	AqTMK_102_final.txt	AqTMK_5	AqTMK_102	35	30	False	inf	1.0	False	
AqTMK_5_final.txt	AqTMK_124_final.txt	AqTMK_5	AqTMK_124	35	30	False	inf	1.0	False	
AqTMK_5_final.txt	AqTMK_66_final.txt	AqTMK_5	AqTMK_66	35	30	False	inf	1.0	False	
AqTMK_5_final.txt	AqTMK_153_final.txt	AqTMK_5	AqTMK_153	35	30	False	inf	1.0	False	
AqTMK_5_final.txt	AqTMK_193_final.txt	AqTMK_5	AqTMK_193	35	30	False	inf	1.0	False	
AqTMK_5_final.txt	AqTMK_264_final.txt	AqTMK_5	AqTMK_264	35	30	False	inf	1.0	False	
AqTMK_5_final.txt	AqTMK_121_final.txt	AqTMK_5	AqTMK_121	35	29	False	inf	1.0	False	
AqTMK_14_final.txt	AqTMK_23_final.txt	AqTMK_14	AqTMK_23	35	35	True	6	1.0	False	
AqTMK_14_final.txt	AqTMK_128_final.txt	AqTMK_14	AqTMK_128	35	34	False	inf	1.0	False	
AqTMK_14_final.txt	AqTMK_175_final.txt	AqTMK_14	AqTMK_175	35	34	False	inf	1.0	False	
AqTMK_14_final.txt	AqTMK_185_final.txt	AqTMK_14	AqTMK_185	35	34	False	inf	1.0	False	
AqTMK_14_final.txt	AqTMK_196_final.txt	AqTMK_14	AqTMK_196	35	34	False	inf	1.0	False	
AqTMK_14_final.txt	AqTMK_207_final.txt	AqTMK_14	AqTMK_207	35	34	False	inf	1.0	False	
AqTMK_14_final.txt	AqTMK_217_final.txt	AqTMK_14	AqTMK_217	35	34	False	inf	1.0	False	
AqTMK_14_final.txt	AqTMK_214_final.txt	AqTMK_14	AqTMK_214	35	35	True	8	1.0	False	
AqTMK_14_final.txt	AqTMK_244_final.txt	AqTMK_14	AqTMK_244	35	34	False	inf	1.0	False	
AqTMK_14_final.txt	AqTMK_220_final.txt	AqTMK_14	AqTMK_220	35	34	False	inf	1.0	False	
AqTMK_14_final.txt	AqTMK_246_final.txt	AqTMK_14	AqTMK_246	35	34	False	inf	1.0	False	
AqTMK_14_final.txt	AqTMK_261_final.txt	AqTMK_14	AqTMK_261	35	34	False	inf	1.0	False	
AqTMK_14_final.txt	AqTMK_281_final.txt	AqTMK_14	AqTMK_281	35	34	False	inf	1.0	False	
AqTMK_14_final.txt	AqTMK_69_final.txt	AqTMK_14	AqTMK_69	35	33	False	inf	1.0	False	
AqTMK_14_final.txt	AqTMK_87_final.txt	AqTMK_14	AqTMK_87	35	33	False	inf	1.0	False	
AqTMK_14_final.txt	AqTMK_95_final.txt	AqTMK_14	AqTMK_95	35	33	False	inf	1.0	False	
AqTMK_14_final.txt	AqTMK_109_final.txt	AqTMK_14	AqTMK_109	35	33	False	inf	1.0	False	
AqTMK_14_final.txt	AqTMK_116_final.txt	AqTMK_14	AqTMK_116	35	33	False	inf	1.0	False	
AqTMK_14_final.txt	AqTMK_111_final.txt	AqTMK_14	AqTMK_111	35	33	False	inf	1.0	False	
AqTMK_14_final.txt	AqTMK_120_final.txt	AqTMK_14	AqTMK_120	35	33	False	inf	1.0	False	
AqTMK_14_final.txt	AqTMK_139_final.txt	AqTMK_14	AqTMK_139	35	33	False	inf	1.0	False	
AqTMK_14_final.txt	AqTMK_156_final.txt	AqTMK_14	AqTMK_156	35	33	False	inf	1.0	False	
AqTMK_14_final.txt	AqTMK_163_final.txt	AqTMK_14	AqTMK_163	35	33	False	inf	1.0	False	
AqTMK_14_final.txt	AqTMK_171_final.txt	AqTMK_14	AqTMK_171	35	33	False	inf	1.0	False	
AqTMK_14_final.txt	AqTMK_186_final.txt	AqTMK_14	AqTMK_186	35	33	False	inf	1.0	False	
AqTMK_14_final.txt	AqTMK_200_final.txt	AqTMK_14	AqTMK_200	35	33	False	inf	1.0	False	
AqTMK_14_final.txt	AqTMK_197_final.txt	AqTMK_14	AqTMK_197	35	33	False	inf	1.0	False	
AqTMK_14_final.txt	AqTMK_208_final.txt	AqTMK_14	AqTMK_208	35	33	False	inf	1.0	False	
AqTMK_14_final.txt	AqTMK_223_final.txt	AqTMK_14	AqTMK_223	35	33	False	inf	1.0	False	
AqTMK_14_final.txt	AqTMK_229_final.txt	AqTMK_14	AqTMK_229	35	33	False	inf	1.0	False	
AqTMK_14_final.txt	AqTMK_230_final.txt	AqTMK_14	AqTMK_230	35	33	False	inf	1.0	False	
AqTMK_14_final.txt	AqTMK_231_final.txt	AqTMK_14	AqTMK_231	35	33	False	inf	1.0	False	
AqTMK_14_final.txt	AqTMK_257_final.txt	AqTMK_14	AqTMK_257	35	33	False	inf	1.0	False	
AqTMK_14_final.txt	AqTMK_259_final.txt	AqTMK_14	AqTMK_259	35	33	False	inf	1.0	False	
AqTMK_14_final.txt	AqTMK_233_final.txt	AqTMK_14	AqTMK_233	35	33	False	inf	1.0	False	
AqTMK_14_final.txt	AqTMK_262_final.txt	AqTMK_14	AqTMK_262	35	33	False	inf	1.0	False	
AqTMK_14_final.txt	AqTMK_270_final.txt	AqTMK_14	AqTMK_270	35	33	False	inf	1.0	False	
AqTMK_14_final.txt	AqTMK_273_final.txt	AqTMK_14	AqTMK_273	35	33	False	inf	1.0	False	
AqTMK_14_final.txt	AqTMK_284_final.txt	AqTMK_14	AqTMK_284	35	33	False	inf	1.0	False	
AqTMK_14_final.txt	AqTMK_285_final.txt	AqTMK_14	AqTMK_285	35	33	False	inf	1.0	False	
AqTMK_14_final.txt	AqTMK_287_final.txt	AqTMK_14	AqTMK_287	35	33	False	inf	1.0	False	
AqTMK_14_final.txt	AqTMK_295_final.txt	AqTMK_14	AqTMK_295	35	33	False	inf	1.0	False	
AqTMK_14_final.txt	AqTMK_311_final.txt	AqTMK_14	AqTMK_311	35	33	False	inf	1.0	False	
AqTMK_14_final.txt	AqTMK_54_final.txt	AqTMK_14	AqTMK_54	35	32	False	inf	1.0	False	
AqTMK_14_final.txt	AqTMK_56_final.txt	AqTMK_14	AqTMK_56	35	32	False	inf	1.0	False	
AqTMK_14_final.txt	AqTMK_59_final.txt	AqTMK_14	AqTMK_59	35	32	False	inf	1.0	False	
AqTMK_14_final.txt	AqTMK_62_final.txt	AqTMK_14	AqTMK_62	35	32	False	inf	1.0	False	
AqTMK_14_final.txt	AqTMK_63_final.txt	AqTMK_14	AqTMK_63	35	32	False	inf	1.0	False	
AqTMK_14_final.txt	AqTMK_79_final.txt	AqTMK_14	AqTMK_79	35	32	False	inf	1.0	False	
AqTMK_14_final.txt	AqTMK_68_final.txt	AqTMK_14	AqTMK_68	35	32	False	inf	1.0	False	
AqTMK_14_final.txt	AqTMK_70_final.txt	AqTMK_14	AqTMK_70	35	32	False	inf	1.0	False	
AqTMK_14_final.txt	AqTMK_81_final.txt	AqTMK_14	AqTMK_81	35	32	False	inf	1.0	False	
AqTMK_14_final.txt	AqTMK_82_final.txt	AqTMK_14	AqTMK_82	35	32	False	inf	1.0	False	
AqTMK_14_final.txt	AqTMK_84_final.txt	AqTMK_14	AqTMK_84	35	32	False	inf	1.0	False	
AqTMK_14_final.txt	AqTMK_85_final.txt	AqTMK_14	AqTMK_85	35	32	False	inf	1.0	False	
AqTMK_14_final.txt	AqTMK_89_final.txt	AqTMK_14	AqTMK_89	35	32	False	inf	1.0	False	
AqTMK_14_final.txt	AqTMK_93_final.txt	AqTMK_14	AqTMK_93	35	32	False	inf	1.0	False	
AqTMK_14_final.txt	AqTMK_91_final.txt	AqTMK_14	AqTMK_91	35	32	False	inf	1.0	False	
AqTMK_14_final.txt	AqTMK_98_final.txt	AqTMK_14	AqTMK_98	35	32	False	inf	1.0	False	
AqTMK_14_final.txt	AqTMK_99_final.txt	AqTMK_14	AqTMK_99	35	32	False	inf	1.0	False	
AqTMK_14_final.txt	AqTMK_101_final.txt	AqTMK_14	AqTMK_101	35	32	False	inf	1.0	False	
AqTMK_14_final.txt	AqTMK_103_final.txt	AqTMK_14	AqTMK_103	35	32	False	inf	1.0	False	
AqTMK_14_final.txt	AqTMK_104_final.txt	AqTMK_14	AqTMK_104	35	32	False	inf	1.0	False	
AqTMK_14_final.txt	AqTMK_106_final.txt	AqTMK_14	AqTMK_106	35	32	False	inf	1.0	False	
AqTMK_14_final.txt	AqTMK_117_final.txt	AqTMK_14	AqTMK_117	35	32	False	inf	1.0	False	
AqTMK_14_final.txt	AqTMK_114_final.txt	AqTMK_14	AqTMK_114	35	32	False	inf	1.0	False	
AqTMK_14_final.txt	AqTMK_118_final.txt	AqTMK_14	AqTMK_118	35	32	False	inf	1.0	False	
AqTMK_14_final.txt	AqTMK_131_final.txt	AqTMK_14	AqTMK_131	35	32	False	inf	1.0	False	
AqTMK_14_final.txt	AqTMK_149_final.txt	AqTMK_14	AqTMK_149	35	32	False	inf	1.0	False	
AqTMK_14_final.txt	AqTMK_155_final.txt	AqTMK_14	AqTMK_155	35	32	False	inf	1.0	False	
AqTMK_14_final.txt	AqTMK_159_final.txt	AqTMK_14	AqTMK_159	35	32	False	inf	1.0	False	
AqTMK_14_final.txt	AqTMK_165_final.txt	AqTMK_14	AqTMK_165	35	32	False	inf	1.0	False	
AqTMK_14_final.txt	AqTMK_173_final.txt	AqTMK_14	AqTMK_173	35	32	False	inf	1.0	False	
AqTMK_14_final.txt	AqTMK_181_final.txt	AqTMK_14	AqTMK_181	35	32	False	inf	1.0	False	
AqTMK_14_final.txt	AqTMK_179_final.txt	AqTMK_14	AqTMK_179	35	32	False	inf	1.0	False	
AqTMK_14_final.txt	AqTMK_187_final.txt	AqTMK_14	AqTMK_187	35	32	False	inf	1.0	False	
AqTMK_14_final.txt	AqTMK_188_final.txt	AqTMK_14	AqTMK_188	35	32	False	inf	1.0	False	
AqTMK_14_final.txt	AqTMK_191_final.txt	AqTMK_14	AqTMK_191	35	32	False	inf	1.0	False	
AqTMK_14_final.txt	AqTMK_198_final.txt	AqTMK_14	AqTMK_198	35	32	False	inf	1.0	False	
AqTMK_14_final.txt	AqTMK_218_final.txt	AqTMK_14	AqTMK_218	35	32	False	inf	1.0	False	
AqTMK_14_final.txt	AqTMK_224_final.txt	AqTMK_14	AqTMK_224	35	32	False	inf	1.0	False	
AqTMK_14_final.txt	AqTMK_219_final.txt	AqTMK_14	AqTMK_219	35	32	False	inf	1.0	False	
AqTMK_14_final.txt	AqTMK_234_final.txt	AqTMK_14	AqTMK_234	35	32	False	inf	1.0	False	
AqTMK_14_final.txt	AqTMK_236_final.txt	AqTMK_14	AqTMK_236	35	32	False	inf	1.0	False	
AqTMK_14_final.txt	AqTMK_240_final.txt	AqTMK_14	AqTMK_240	35	32	False	inf	1.0	False	
AqTMK_14_final.txt	AqTMK_242_final.txt	AqTMK_14	AqTMK_242	35	32	False	inf	1.0	False	
AqTMK_14_final.txt	AqTMK_245_final.txt	AqTMK_14	AqTMK_245	35	32	False	inf	1.0	False	
AqTMK_14_final.txt	AqTMK_249_final.txt	AqTMK_14	AqTMK_249	35	32	False	inf	1.0	False	
AqTMK_14_final.txt	AqTMK_272_final.txt	AqTMK_14	AqTMK_272	35	32	False	inf	1.0	False	
AqTMK_14_final.txt	AqTMK_263_final.txt	AqTMK_14	AqTMK_263	35	32	False	inf	1.0	False	
AqTMK_14_final.txt	AqTMK_267_final.txt	AqTMK_14	AqTMK_267	35	32	False	inf	1.0	False	
AqTMK_14_final.txt	AqTMK_274_final.txt	AqTMK_14	AqTMK_274	35	32	False	inf	1.0	False	
AqTMK_14_final.txt	AqTMK_275_final.txt	AqTMK_14	AqTMK_275	35	32	False	inf	1.0	False	
AqTMK_14_final.txt	AqTMK_279_final.txt	AqTMK_14	AqTMK_279	35	32	False	inf	1.0	False	
AqTMK_14_final.txt	AqTMK_286_final.txt	AqTMK_14	AqTMK_286	35	32	False	inf	1.0	False	
AqTMK_14_final.txt	AqTMK_290_final.txt	AqTMK_14	AqTMK_290	35	32	False	inf	1.0	False	
AqTMK_14_final.txt	AqTMK_309_final.txt	AqTMK_14	AqTMK_309	35	32	False	inf	1.0	False	
AqTMK_14_final.txt	AqTMK_292_final.txt	AqTMK_14	AqTMK_292	35	32	False	inf	1.0	False	
AqTMK_14_final.txt	AqTMK_299_final.txt	AqTMK_14	AqTMK_299	35	32	False	inf	1.0	False	
AqTMK_14_final.txt	AqTMK_45_final.txt	AqTMK_14	AqTMK_45	35	31	False	inf	1.0	False	
AqTMK_14_final.txt	AqTMK_47_final.txt	AqTMK_14	AqTMK_47	35	31	False	inf	1.0	False	
AqTMK_14_final.txt	AqTMK_48_final.txt	AqTMK_14	AqTMK_48	35	31	False	inf	1.0	False	
AqTMK_14_final.txt	AqTMK_53_final.txt	AqTMK_14	AqTMK_53	35	31	False	inf	1.0	False	
AqTMK_14_final.txt	AqTMK_57_final.txt	AqTMK_14	AqTMK_57	35	31	False	inf	1.0	False	
AqTMK_14_final.txt	AqTMK_76_final.txt	AqTMK_14	AqTMK_76	35	31	False	inf	1.0	False	
AqTMK_14_final.txt	AqTMK_73_final.txt	AqTMK_14	AqTMK_73	35	31	False	inf	1.0	False	
AqTMK_14_final.txt	AqTMK_72_final.txt	AqTMK_14	AqTMK_72	35	31	False	inf	1.0	False	
AqTMK_14_final.txt	AqTMK_92_final.txt	AqTMK_14	AqTMK_92	35	31	False	inf	1.0	False	
AqTMK_14_final.txt	AqTMK_94_final.txt	AqTMK_14	AqTMK_94	35	31	False	inf	1.0	False	
AqTMK_14_final.txt	AqTMK_108_final.txt	AqTMK_14	AqTMK_108	35	31	False	inf	1.0	False	
AqTMK_14_final.txt	AqTMK_110_final.txt	AqTMK_14	AqTMK_110	35	31	False	inf	1.0	False	
AqTMK_14_final.txt	AqTMK_112_final.txt	AqTMK_14	AqTMK_112	35	31	False	inf	1.0	False	
AqTMK_14_final.txt	AqTMK_122_final.txt	AqTMK_14	AqTMK_122	35	31	False	inf	1.0	False	
AqTMK_14_final.txt	AqTMK_119_final.txt	AqTMK_14	AqTMK_119	35	31	False	inf	1.0	False	
AqTMK_14_final.txt	AqTMK_123_final.txt	AqTMK_14	AqTMK_123	35	31	False	inf	1.0	False	
AqTMK_14_final.txt	AqTMK_132_final.txt	AqTMK_14	AqTMK_132	35	31	False	inf	1.0	False	
AqTMK_14_final.txt	AqTMK_133_final.txt	AqTMK_14	AqTMK_133	35	31	False	inf	1.0	False	
AqTMK_14_final.txt	AqTMK_167_final.txt	AqTMK_14	AqTMK_167	35	31	False	inf	1.0	False	
AqTMK_14_final.txt	AqTMK_172_final.txt	AqTMK_14	AqTMK_172	35	31	False	inf	1.0	False	
AqTMK_14_final.txt	AqTMK_178_final.txt	AqTMK_14	AqTMK_178	35	31	False	inf	1.0	False	
AqTMK_14_final.txt	AqTMK_201_final.txt	AqTMK_14	AqTMK_201	35	31	False	inf	1.0	False	
AqTMK_14_final.txt	AqTMK_184_final.txt	AqTMK_14	AqTMK_184	35	31	False	inf	1.0	False	
AqTMK_14_final.txt	AqTMK_195_final.txt	AqTMK_14	AqTMK_195	35	31	False	inf	1.0	False	
AqTMK_14_final.txt	AqTMK_211_final.txt	AqTMK_14	AqTMK_211	35	31	False	inf	1.0	False	
AqTMK_14_final.txt	AqTMK_237_final.txt	AqTMK_14	AqTMK_237	35	31	False	inf	1.0	False	
AqTMK_14_final.txt	AqTMK_238_final.txt	AqTMK_14	AqTMK_238	35	31	False	inf	1.0	False	
AqTMK_14_final.txt	AqTMK_253_final.txt	AqTMK_14	AqTMK_253	35	31	False	inf	1.0	False	
AqTMK_14_final.txt	AqTMK_276_final.txt	AqTMK_14	AqTMK_276	35	31	False	inf	1.0	False	
AqTMK_14_final.txt	AqTMK_288_final.txt	AqTMK_14	AqTMK_288	35	31	False	inf	1.0	False	
AqTMK_14_final.txt	AqTMK_277_final.txt	AqTMK_14	AqTMK_277	35	31	False	inf	1.0	False	
AqTMK_14_final.txt	AqTMK_300_final.txt	AqTMK_14	AqTMK_300	35	31	False	inf	1.0	False	
AqTMK_14_final.txt	AqTMK_33_final.txt	AqTMK_14	AqTMK_33	35	30	False	inf	1.0	False	
AqTMK_14_final.txt	AqTMK_43_final.txt	AqTMK_14	AqTMK_43	35	30	False	inf	1.0	False	
AqTMK_14_final.txt	AqTMK_49_final.txt	AqTMK_14	AqTMK_49	35	30	False	inf	1.0	False	
AqTMK_14_final.txt	AqTMK_50_final.txt	AqTMK_14	AqTMK_50	35	30	False	inf	1.0	False	
AqTMK_14_final.txt	AqTMK_66_final.txt	AqTMK_14	AqTMK_66	35	30	False	inf	1.0	False	
AqTMK_14_final.txt	AqTMK_124_final.txt	AqTMK_14	AqTMK_124	35	30	False	inf	1.0	False	
AqTMK_14_final.txt	AqTMK_102_final.txt	AqTMK_14	AqTMK_102	35	30	False	inf	1.0	False	
AqTMK_14_final.txt	AqTMK_153_final.txt	AqTMK_14	AqTMK_153	35	30	False	inf	1.0	False	
AqTMK_14_final.txt	AqTMK_193_final.txt	AqTMK_14	AqTMK_193	35	30	False	inf	1.0	False	
AqTMK_14_final.txt	AqTMK_264_final.txt	AqTMK_14	AqTMK_264	35	30	False	inf	1.0	False	
AqTMK_14_final.txt	AqTMK_121_final.txt	AqTMK_14	AqTMK_121	35	29	False	inf	1.0	False	
AqTMK_23_final.txt	AqTMK_128_final.txt	AqTMK_23	AqTMK_128	35	34	False	inf	1.0	False	
AqTMK_23_final.txt	AqTMK_175_final.txt	AqTMK_23	AqTMK_175	35	34	False	inf	1.0	False	
AqTMK_23_final.txt	AqTMK_185_final.txt	AqTMK_23	AqTMK_185	35	34	False	inf	1.0	False	
AqTMK_23_final.txt	AqTMK_196_final.txt	AqTMK_23	AqTMK_196	35	34	False	inf	1.0	False	
AqTMK_23_final.txt	AqTMK_207_final.txt	AqTMK_23	AqTMK_207	35	34	False	inf	1.0	False	
AqTMK_23_final.txt	AqTMK_217_final.txt	AqTMK_23	AqTMK_217	35	34	False	inf	1.0	False	
AqTMK_23_final.txt	AqTMK_220_final.txt	AqTMK_23	AqTMK_220	35	34	False	inf	1.0	False	
AqTMK_23_final.txt	AqTMK_214_final.txt	AqTMK_23	AqTMK_214	35	35	True	9	1.0	False	
AqTMK_23_final.txt	AqTMK_244_final.txt	AqTMK_23	AqTMK_244	35	34	False	inf	1.0	False	
AqTMK_23_final.txt	AqTMK_246_final.txt	AqTMK_23	AqTMK_246	35	34	False	inf	1.0	False	
AqTMK_23_final.txt	AqTMK_261_final.txt	AqTMK_23	AqTMK_261	35	34	False	inf	1.0	False	
AqTMK_23_final.txt	AqTMK_281_final.txt	AqTMK_23	AqTMK_281	35	34	False	inf	1.0	False	
AqTMK_23_final.txt	AqTMK_69_final.txt	AqTMK_23	AqTMK_69	35	33	False	inf	1.0	False	
AqTMK_23_final.txt	AqTMK_87_final.txt	AqTMK_23	AqTMK_87	35	33	False	inf	1.0	False	
AqTMK_23_final.txt	AqTMK_95_final.txt	AqTMK_23	AqTMK_95	35	33	False	inf	1.0	False	
AqTMK_23_final.txt	AqTMK_109_final.txt	AqTMK_23	AqTMK_109	35	33	False	inf	1.0	False	
AqTMK_23_final.txt	AqTMK_116_final.txt	AqTMK_23	AqTMK_116	35	33	False	inf	1.0	False	
AqTMK_23_final.txt	AqTMK_120_final.txt	AqTMK_23	AqTMK_120	35	33	False	inf	1.0	False	
AqTMK_23_final.txt	AqTMK_111_final.txt	AqTMK_23	AqTMK_111	35	33	False	inf	1.0	False	
AqTMK_23_final.txt	AqTMK_139_final.txt	AqTMK_23	AqTMK_139	35	33	False	inf	1.0	False	
AqTMK_23_final.txt	AqTMK_156_final.txt	AqTMK_23	AqTMK_156	35	33	False	inf	1.0	False	
AqTMK_23_final.txt	AqTMK_163_final.txt	AqTMK_23	AqTMK_163	35	33	False	inf	1.0	False	
AqTMK_23_final.txt	AqTMK_171_final.txt	AqTMK_23	AqTMK_171	35	33	False	inf	1.0	False	
AqTMK_23_final.txt	AqTMK_186_final.txt	AqTMK_23	AqTMK_186	35	33	False	inf	1.0	False	
AqTMK_23_final.txt	AqTMK_208_final.txt	AqTMK_23	AqTMK_208	35	33	False	inf	1.0	False	
AqTMK_23_final.txt	AqTMK_200_final.txt	AqTMK_23	AqTMK_200	35	33	False	inf	1.0	False	
AqTMK_23_final.txt	AqTMK_197_final.txt	AqTMK_23	AqTMK_197	35	33	False	inf	1.0	False	
AqTMK_23_final.txt	AqTMK_223_final.txt	AqTMK_23	AqTMK_223	35	33	False	inf	1.0	False	
AqTMK_23_final.txt	AqTMK_229_final.txt	AqTMK_23	AqTMK_229	35	33	False	inf	1.0	False	
AqTMK_23_final.txt	AqTMK_230_final.txt	AqTMK_23	AqTMK_230	35	33	False	inf	1.0	False	
AqTMK_23_final.txt	AqTMK_231_final.txt	AqTMK_23	AqTMK_231	35	33	False	inf	1.0	False	
AqTMK_23_final.txt	AqTMK_233_final.txt	AqTMK_23	AqTMK_233	35	33	False	inf	1.0	False	
AqTMK_23_final.txt	AqTMK_257_final.txt	AqTMK_23	AqTMK_257	35	33	False	inf	1.0	False	
AqTMK_23_final.txt	AqTMK_259_final.txt	AqTMK_23	AqTMK_259	35	33	False	inf	1.0	False	
AqTMK_23_final.txt	AqTMK_262_final.txt	AqTMK_23	AqTMK_262	35	33	False	inf	1.0	False	
AqTMK_23_final.txt	AqTMK_270_final.txt	AqTMK_23	AqTMK_270	35	33	False	inf	1.0	False	
AqTMK_23_final.txt	AqTMK_273_final.txt	AqTMK_23	AqTMK_273	35	33	False	inf	1.0	False	
AqTMK_23_final.txt	AqTMK_284_final.txt	AqTMK_23	AqTMK_284	35	33	False	inf	1.0	False	
AqTMK_23_final.txt	AqTMK_285_final.txt	AqTMK_23	AqTMK_285	35	33	False	inf	1.0	False	
AqTMK_23_final.txt	AqTMK_287_final.txt	AqTMK_23	AqTMK_287	35	33	False	inf	1.0	False	
AqTMK_23_final.txt	AqTMK_311_final.txt	AqTMK_23	AqTMK_311	35	33	False	inf	1.0	False	
AqTMK_23_final.txt	AqTMK_54_final.txt	AqTMK_23	AqTMK_54	35	32	False	inf	1.0	False	
AqTMK_23_final.txt	AqTMK_295_final.txt	AqTMK_23	AqTMK_295	35	33	False	inf	1.0	False	
AqTMK_23_final.txt	AqTMK_56_final.txt	AqTMK_23	AqTMK_56	35	32	False	inf	1.0	False	
AqTMK_23_final.txt	AqTMK_59_final.txt	AqTMK_23	AqTMK_59	35	32	False	inf	1.0	False	
AqTMK_23_final.txt	AqTMK_62_final.txt	AqTMK_23	AqTMK_62	35	32	False	inf	1.0	False	
AqTMK_23_final.txt	AqTMK_63_final.txt	AqTMK_23	AqTMK_63	35	32	False	inf	1.0	False	
AqTMK_23_final.txt	AqTMK_68_final.txt	AqTMK_23	AqTMK_68	35	32	False	inf	1.0	False	
AqTMK_23_final.txt	AqTMK_81_final.txt	AqTMK_23	AqTMK_81	35	32	False	inf	1.0	False	
AqTMK_23_final.txt	AqTMK_70_final.txt	AqTMK_23	AqTMK_70	35	32	False	inf	1.0	False	
AqTMK_23_final.txt	AqTMK_79_final.txt	AqTMK_23	AqTMK_79	35	32	False	inf	1.0	False	
AqTMK_23_final.txt	AqTMK_82_final.txt	AqTMK_23	AqTMK_82	35	32	False	inf	1.0	False	
AqTMK_23_final.txt	AqTMK_84_final.txt	AqTMK_23	AqTMK_84	35	32	False	inf	1.0	False	
AqTMK_23_final.txt	AqTMK_85_final.txt	AqTMK_23	AqTMK_85	35	32	False	inf	1.0	False	
AqTMK_23_final.txt	AqTMK_89_final.txt	AqTMK_23	AqTMK_89	35	32	False	inf	1.0	False	
AqTMK_23_final.txt	AqTMK_91_final.txt	AqTMK_23	AqTMK_91	35	32	False	inf	1.0	False	
AqTMK_23_final.txt	AqTMK_98_final.txt	AqTMK_23	AqTMK_98	35	32	False	inf	1.0	False	
AqTMK_23_final.txt	AqTMK_99_final.txt	AqTMK_23	AqTMK_99	35	32	False	inf	1.0	False	
AqTMK_23_final.txt	AqTMK_93_final.txt	AqTMK_23	AqTMK_93	35	32	False	inf	1.0	False	
AqTMK_23_final.txt	AqTMK_101_final.txt	AqTMK_23	AqTMK_101	35	32	False	inf	1.0	False	
AqTMK_23_final.txt	AqTMK_103_final.txt	AqTMK_23	AqTMK_103	35	32	False	inf	1.0	False	
AqTMK_23_final.txt	AqTMK_104_final.txt	AqTMK_23	AqTMK_104	35	32	False	inf	1.0	False	
AqTMK_23_final.txt	AqTMK_106_final.txt	AqTMK_23	AqTMK_106	35	32	False	inf	1.0	False	
AqTMK_23_final.txt	AqTMK_114_final.txt	AqTMK_23	AqTMK_114	35	32	False	inf	1.0	False	
AqTMK_23_final.txt	AqTMK_117_final.txt	AqTMK_23	AqTMK_117	35	32	False	inf	1.0	False	
AqTMK_23_final.txt	AqTMK_131_final.txt	AqTMK_23	AqTMK_131	35	32	False	inf	1.0	False	
AqTMK_23_final.txt	AqTMK_118_final.txt	AqTMK_23	AqTMK_118	35	32	False	inf	1.0	False	
AqTMK_23_final.txt	AqTMK_149_final.txt	AqTMK_23	AqTMK_149	35	32	False	inf	1.0	False	
AqTMK_23_final.txt	AqTMK_155_final.txt	AqTMK_23	AqTMK_155	35	32	False	inf	1.0	False	
AqTMK_23_final.txt	AqTMK_159_final.txt	AqTMK_23	AqTMK_159	35	32	False	inf	1.0	False	
AqTMK_23_final.txt	AqTMK_165_final.txt	AqTMK_23	AqTMK_165	35	32	False	inf	1.0	False	
AqTMK_23_final.txt	AqTMK_173_final.txt	AqTMK_23	AqTMK_173	35	32	False	inf	1.0	False	
AqTMK_23_final.txt	AqTMK_181_final.txt	AqTMK_23	AqTMK_181	35	32	False	inf	1.0	False	
AqTMK_23_final.txt	AqTMK_187_final.txt	AqTMK_23	AqTMK_187	35	32	False	inf	1.0	False	
AqTMK_23_final.txt	AqTMK_179_final.txt	AqTMK_23	AqTMK_179	35	32	False	inf	1.0	False	
AqTMK_23_final.txt	AqTMK_188_final.txt	AqTMK_23	AqTMK_188	35	32	False	inf	1.0	False	
AqTMK_23_final.txt	AqTMK_191_final.txt	AqTMK_23	AqTMK_191	35	32	False	inf	1.0	False	
AqTMK_23_final.txt	AqTMK_198_final.txt	AqTMK_23	AqTMK_198	35	32	False	inf	1.0	False	
AqTMK_23_final.txt	AqTMK_218_final.txt	AqTMK_23	AqTMK_218	35	32	False	inf	1.0	False	
AqTMK_23_final.txt	AqTMK_219_final.txt	AqTMK_23	AqTMK_219	35	32	False	inf	1.0	False	
AqTMK_23_final.txt	AqTMK_236_final.txt	AqTMK_23	AqTMK_236	35	32	False	inf	1.0	False	
AqTMK_23_final.txt	AqTMK_234_final.txt	AqTMK_23	AqTMK_234	35	32	False	inf	1.0	False	
AqTMK_23_final.txt	AqTMK_224_final.txt	AqTMK_23	AqTMK_224	35	32	False	inf	1.0	False	
AqTMK_23_final.txt	AqTMK_240_final.txt	AqTMK_23	AqTMK_240	35	32	False	inf	1.0	False	
AqTMK_23_final.txt	AqTMK_242_final.txt	AqTMK_23	AqTMK_242	35	32	False	inf	1.0	False	
AqTMK_23_final.txt	AqTMK_245_final.txt	AqTMK_23	AqTMK_245	35	32	False	inf	1.0	False	
AqTMK_23_final.txt	AqTMK_249_final.txt	AqTMK_23	AqTMK_249	35	32	False	inf	1.0	False	
AqTMK_23_final.txt	AqTMK_263_final.txt	AqTMK_23	AqTMK_263	35	32	False	inf	1.0	False	
AqTMK_23_final.txt	AqTMK_267_final.txt	AqTMK_23	AqTMK_267	35	32	False	inf	1.0	False	
AqTMK_23_final.txt	AqTMK_274_final.txt	AqTMK_23	AqTMK_274	35	32	False	inf	1.0	False	
AqTMK_23_final.txt	AqTMK_272_final.txt	AqTMK_23	AqTMK_272	35	32	False	inf	1.0	False	
AqTMK_23_final.txt	AqTMK_275_final.txt	AqTMK_23	AqTMK_275	35	32	False	inf	1.0	False	
AqTMK_23_final.txt	AqTMK_279_final.txt	AqTMK_23	AqTMK_279	35	32	False	inf	1.0	False	
AqTMK_23_final.txt	AqTMK_286_final.txt	AqTMK_23	AqTMK_286	35	32	False	inf	1.0	False	
AqTMK_23_final.txt	AqTMK_290_final.txt	AqTMK_23	AqTMK_290	35	32	False	inf	1.0	False	
AqTMK_23_final.txt	AqTMK_292_final.txt	AqTMK_23	AqTMK_292	35	32	False	inf	1.0	False	
AqTMK_23_final.txt	AqTMK_309_final.txt	AqTMK_23	AqTMK_309	35	32	False	inf	1.0	False	
AqTMK_23_final.txt	AqTMK_45_final.txt	AqTMK_23	AqTMK_45	35	31	False	inf	1.0	False	
AqTMK_23_final.txt	AqTMK_299_final.txt	AqTMK_23	AqTMK_299	35	32	False	inf	1.0	False	
AqTMK_23_final.txt	AqTMK_47_final.txt	AqTMK_23	AqTMK_47	35	31	False	inf	1.0	False	
AqTMK_23_final.txt	AqTMK_48_final.txt	AqTMK_23	AqTMK_48	35	31	False	inf	1.0	False	
AqTMK_23_final.txt	AqTMK_53_final.txt	AqTMK_23	AqTMK_53	35	31	False	inf	1.0	False	
AqTMK_23_final.txt	AqTMK_57_final.txt	AqTMK_23	AqTMK_57	35	31	False	inf	1.0	False	
AqTMK_23_final.txt	AqTMK_72_final.txt	AqTMK_23	AqTMK_72	35	31	False	inf	1.0	False	
AqTMK_23_final.txt	AqTMK_76_final.txt	AqTMK_23	AqTMK_76	35	31	False	inf	1.0	False	
AqTMK_23_final.txt	AqTMK_73_final.txt	AqTMK_23	AqTMK_73	35	31	False	inf	1.0	False	
AqTMK_23_final.txt	AqTMK_92_final.txt	AqTMK_23	AqTMK_92	35	31	False	inf	1.0	False	
AqTMK_23_final.txt	AqTMK_94_final.txt	AqTMK_23	AqTMK_94	35	31	False	inf	1.0	False	
AqTMK_23_final.txt	AqTMK_108_final.txt	AqTMK_23	AqTMK_108	35	31	False	inf	1.0	False	
AqTMK_23_final.txt	AqTMK_110_final.txt	AqTMK_23	AqTMK_110	35	31	False	inf	1.0	False	
AqTMK_23_final.txt	AqTMK_112_final.txt	AqTMK_23	AqTMK_112	35	31	False	inf	1.0	False	
AqTMK_23_final.txt	AqTMK_119_final.txt	AqTMK_23	AqTMK_119	35	31	False	inf	1.0	False	
AqTMK_23_final.txt	AqTMK_122_final.txt	AqTMK_23	AqTMK_122	35	31	False	inf	1.0	False	
AqTMK_23_final.txt	AqTMK_123_final.txt	AqTMK_23	AqTMK_123	35	31	False	inf	1.0	False	
AqTMK_23_final.txt	AqTMK_132_final.txt	AqTMK_23	AqTMK_132	35	31	False	inf	1.0	False	
AqTMK_23_final.txt	AqTMK_133_final.txt	AqTMK_23	AqTMK_133	35	31	False	inf	1.0	False	
AqTMK_23_final.txt	AqTMK_167_final.txt	AqTMK_23	AqTMK_167	35	31	False	inf	1.0	False	
AqTMK_23_final.txt	AqTMK_172_final.txt	AqTMK_23	AqTMK_172	35	31	False	inf	1.0	False	
AqTMK_23_final.txt	AqTMK_178_final.txt	AqTMK_23	AqTMK_178	35	31	False	inf	1.0	False	
AqTMK_23_final.txt	AqTMK_184_final.txt	AqTMK_23	AqTMK_184	35	31	False	inf	1.0	False	
AqTMK_23_final.txt	AqTMK_211_final.txt	AqTMK_23	AqTMK_211	35	31	False	inf	1.0	False	
AqTMK_23_final.txt	AqTMK_201_final.txt	AqTMK_23	AqTMK_201	35	31	False	inf	1.0	False	
AqTMK_23_final.txt	AqTMK_195_final.txt	AqTMK_23	AqTMK_195	35	31	False	inf	1.0	False	
AqTMK_23_final.txt	AqTMK_237_final.txt	AqTMK_23	AqTMK_237	35	31	False	inf	1.0	False	
AqTMK_23_final.txt	AqTMK_238_final.txt	AqTMK_23	AqTMK_238	35	31	False	inf	1.0	False	
AqTMK_23_final.txt	AqTMK_253_final.txt	AqTMK_23	AqTMK_253	35	31	False	inf	1.0	False	
AqTMK_23_final.txt	AqTMK_276_final.txt	AqTMK_23	AqTMK_276	35	31	False	inf	1.0	False	
AqTMK_23_final.txt	AqTMK_277_final.txt	AqTMK_23	AqTMK_277	35	31	False	inf	1.0	False	
AqTMK_23_final.txt	AqTMK_288_final.txt	AqTMK_23	AqTMK_288	35	31	False	inf	1.0	False	
AqTMK_23_final.txt	AqTMK_33_final.txt	AqTMK_23	AqTMK_33	35	30	False	inf	1.0	False	
AqTMK_23_final.txt	AqTMK_300_final.txt	AqTMK_23	AqTMK_300	35	31	False	inf	1.0	False	
AqTMK_23_final.txt	AqTMK_43_final.txt	AqTMK_23	AqTMK_43	35	30	False	inf	1.0	False	
AqTMK_23_final.txt	AqTMK_49_final.txt	AqTMK_23	AqTMK_49	35	30	False	inf	1.0	False	
AqTMK_23_final.txt	AqTMK_50_final.txt	AqTMK_23	AqTMK_50	35	30	False	inf	1.0	False	
AqTMK_23_final.txt	AqTMK_66_final.txt	AqTMK_23	AqTMK_66	35	30	False	inf	1.0	False	
AqTMK_23_final.txt	AqTMK_102_final.txt	AqTMK_23	AqTMK_102	35	30	False	inf	1.0	False	
AqTMK_23_final.txt	AqTMK_193_final.txt	AqTMK_23	AqTMK_193	35	30	False	inf	1.0	False	
AqTMK_23_final.txt	AqTMK_124_final.txt	AqTMK_23	AqTMK_124	35	30	False	inf	1.0	False	
AqTMK_23_final.txt	AqTMK_153_final.txt	AqTMK_23	AqTMK_153	35	30	False	inf	1.0	False	
AqTMK_23_final.txt	AqTMK_264_final.txt	AqTMK_23	AqTMK_264	35	30	False	inf	1.0	False	
AqTMK_23_final.txt	AqTMK_121_final.txt	AqTMK_23	AqTMK_121	35	29	False	inf	1.0	False	
AqTMK_214_final.txt	AqTMK_175_final.txt	AqTMK_214	AqTMK_175	35	34	False	inf	1.0	False	
AqTMK_214_final.txt	AqTMK_128_final.txt	AqTMK_214	AqTMK_128	35	34	False	inf	1.0	False	
AqTMK_214_final.txt	AqTMK_185_final.txt	AqTMK_214	AqTMK_185	35	34	False	inf	1.0	False	
AqTMK_214_final.txt	AqTMK_196_final.txt	AqTMK_214	AqTMK_196	35	34	False	inf	1.0	False	
AqTMK_214_final.txt	AqTMK_207_final.txt	AqTMK_214	AqTMK_207	35	34	False	inf	1.0	False	
AqTMK_214_final.txt	AqTMK_217_final.txt	AqTMK_214	AqTMK_217	35	34	False	inf	1.0	False	
AqTMK_214_final.txt	AqTMK_220_final.txt	AqTMK_214	AqTMK_220	35	34	False	inf	1.0	False	
AqTMK_214_final.txt	AqTMK_244_final.txt	AqTMK_214	AqTMK_244	35	34	False	inf	1.0	False	
AqTMK_214_final.txt	AqTMK_281_final.txt	AqTMK_214	AqTMK_281	35	34	False	inf	1.0	False	
AqTMK_214_final.txt	AqTMK_246_final.txt	AqTMK_214	AqTMK_246	35	34	False	inf	1.0	False	
AqTMK_214_final.txt	AqTMK_261_final.txt	AqTMK_214	AqTMK_261	35	34	False	inf	1.0	False	
AqTMK_214_final.txt	AqTMK_69_final.txt	AqTMK_214	AqTMK_69	35	33	False	inf	1.0	False	
AqTMK_214_final.txt	AqTMK_87_final.txt	AqTMK_214	AqTMK_87	35	33	False	inf	1.0	False	
AqTMK_214_final.txt	AqTMK_95_final.txt	AqTMK_214	AqTMK_95	35	33	False	inf	1.0	False	
AqTMK_214_final.txt	AqTMK_109_final.txt	AqTMK_214	AqTMK_109	35	33	False	inf	1.0	False	
AqTMK_214_final.txt	AqTMK_111_final.txt	AqTMK_214	AqTMK_111	35	33	False	inf	1.0	False	
AqTMK_214_final.txt	AqTMK_116_final.txt	AqTMK_214	AqTMK_116	35	33	False	inf	1.0	False	
AqTMK_214_final.txt	AqTMK_120_final.txt	AqTMK_214	AqTMK_120	35	33	False	inf	1.0	False	
AqTMK_214_final.txt	AqTMK_139_final.txt	AqTMK_214	AqTMK_139	35	33	False	inf	1.0	False	
AqTMK_214_final.txt	AqTMK_156_final.txt	AqTMK_214	AqTMK_156	35	33	False	inf	1.0	False	
AqTMK_214_final.txt	AqTMK_163_final.txt	AqTMK_214	AqTMK_163	35	33	False	inf	1.0	False	
AqTMK_214_final.txt	AqTMK_171_final.txt	AqTMK_214	AqTMK_171	35	33	False	inf	1.0	False	
AqTMK_214_final.txt	AqTMK_186_final.txt	AqTMK_214	AqTMK_186	35	33	False	inf	1.0	False	
AqTMK_214_final.txt	AqTMK_197_final.txt	AqTMK_214	AqTMK_197	35	33	False	inf	1.0	False	
AqTMK_214_final.txt	AqTMK_200_final.txt	AqTMK_214	AqTMK_200	35	33	False	inf	1.0	False	
AqTMK_214_final.txt	AqTMK_208_final.txt	AqTMK_214	AqTMK_208	35	33	False	inf	1.0	False	
AqTMK_214_final.txt	AqTMK_223_final.txt	AqTMK_214	AqTMK_223	35	33	False	inf	1.0	False	
AqTMK_214_final.txt	AqTMK_229_final.txt	AqTMK_214	AqTMK_229	35	33	False	inf	1.0	False	
AqTMK_214_final.txt	AqTMK_230_final.txt	AqTMK_214	AqTMK_230	35	33	False	inf	1.0	False	
AqTMK_214_final.txt	AqTMK_231_final.txt	AqTMK_214	AqTMK_231	35	33	False	inf	1.0	False	
AqTMK_214_final.txt	AqTMK_233_final.txt	AqTMK_214	AqTMK_233	35	33	False	inf	1.0	False	
AqTMK_214_final.txt	AqTMK_257_final.txt	AqTMK_214	AqTMK_257	35	33	False	inf	1.0	False	
AqTMK_214_final.txt	AqTMK_270_final.txt	AqTMK_214	AqTMK_270	35	33	False	inf	1.0	False	
AqTMK_214_final.txt	AqTMK_259_final.txt	AqTMK_214	AqTMK_259	35	33	False	inf	1.0	False	
AqTMK_214_final.txt	AqTMK_262_final.txt	AqTMK_214	AqTMK_262	35	33	False	inf	1.0	False	
AqTMK_214_final.txt	AqTMK_273_final.txt	AqTMK_214	AqTMK_273	35	33	False	inf	1.0	False	
AqTMK_214_final.txt	AqTMK_284_final.txt	AqTMK_214	AqTMK_284	35	33	False	inf	1.0	False	
AqTMK_214_final.txt	AqTMK_285_final.txt	AqTMK_214	AqTMK_285	35	33	False	inf	1.0	False	
AqTMK_214_final.txt	AqTMK_287_final.txt	AqTMK_214	AqTMK_287	35	33	False	inf	1.0	False	
AqTMK_214_final.txt	AqTMK_295_final.txt	AqTMK_214	AqTMK_295	35	33	False	inf	1.0	False	
AqTMK_214_final.txt	AqTMK_56_final.txt	AqTMK_214	AqTMK_56	35	32	False	inf	1.0	False	
AqTMK_214_final.txt	AqTMK_311_final.txt	AqTMK_214	AqTMK_311	35	33	False	inf	1.0	False	
AqTMK_214_final.txt	AqTMK_54_final.txt	AqTMK_214	AqTMK_54	35	32	False	inf	1.0	False	
AqTMK_214_final.txt	AqTMK_59_final.txt	AqTMK_214	AqTMK_59	35	32	False	inf	1.0	False	
AqTMK_214_final.txt	AqTMK_62_final.txt	AqTMK_214	AqTMK_62	35	32	False	inf	1.0	False	
AqTMK_214_final.txt	AqTMK_63_final.txt	AqTMK_214	AqTMK_63	35	32	False	inf	1.0	False	
AqTMK_214_final.txt	AqTMK_68_final.txt	AqTMK_214	AqTMK_68	35	32	False	inf	1.0	False	
AqTMK_214_final.txt	AqTMK_70_final.txt	AqTMK_214	AqTMK_70	35	32	False	inf	1.0	False	
AqTMK_214_final.txt	AqTMK_79_final.txt	AqTMK_214	AqTMK_79	35	32	False	inf	1.0	False	
AqTMK_214_final.txt	AqTMK_82_final.txt	AqTMK_214	AqTMK_82	35	32	False	inf	1.0	False	
AqTMK_214_final.txt	AqTMK_81_final.txt	AqTMK_214	AqTMK_81	35	32	False	inf	1.0	False	
AqTMK_214_final.txt	AqTMK_84_final.txt	AqTMK_214	AqTMK_84	35	32	False	inf	1.0	False	
AqTMK_214_final.txt	AqTMK_85_final.txt	AqTMK_214	AqTMK_85	35	32	False	inf	1.0	False	
AqTMK_214_final.txt	AqTMK_89_final.txt	AqTMK_214	AqTMK_89	35	32	False	inf	1.0	False	
AqTMK_214_final.txt	AqTMK_91_final.txt	AqTMK_214	AqTMK_91	35	32	False	inf	1.0	False	
AqTMK_214_final.txt	AqTMK_93_final.txt	AqTMK_214	AqTMK_93	35	32	False	inf	1.0	False	
AqTMK_214_final.txt	AqTMK_98_final.txt	AqTMK_214	AqTMK_98	35	32	False	inf	1.0	False	
AqTMK_214_final.txt	AqTMK_99_final.txt	AqTMK_214	AqTMK_99	35	32	False	inf	1.0	False	
AqTMK_214_final.txt	AqTMK_101_final.txt	AqTMK_214	AqTMK_101	35	32	False	inf	1.0	False	
AqTMK_214_final.txt	AqTMK_103_final.txt	AqTMK_214	AqTMK_103	35	32	False	inf	1.0	False	
AqTMK_214_final.txt	AqTMK_104_final.txt	AqTMK_214	AqTMK_104	35	32	False	inf	1.0	False	
AqTMK_214_final.txt	AqTMK_106_final.txt	AqTMK_214	AqTMK_106	35	32	False	inf	1.0	False	
AqTMK_214_final.txt	AqTMK_114_final.txt	AqTMK_214	AqTMK_114	35	32	False	inf	1.0	False	
AqTMK_214_final.txt	AqTMK_117_final.txt	AqTMK_214	AqTMK_117	35	32	False	inf	1.0	False	
AqTMK_214_final.txt	AqTMK_118_final.txt	AqTMK_214	AqTMK_118	35	32	False	inf	1.0	False	
AqTMK_214_final.txt	AqTMK_131_final.txt	AqTMK_214	AqTMK_131	35	32	False	inf	1.0	False	
AqTMK_214_final.txt	AqTMK_149_final.txt	AqTMK_214	AqTMK_149	35	32	False	inf	1.0	False	
AqTMK_214_final.txt	AqTMK_155_final.txt	AqTMK_214	AqTMK_155	35	32	False	inf	1.0	False	
AqTMK_214_final.txt	AqTMK_159_final.txt	AqTMK_214	AqTMK_159	35	32	False	inf	1.0	False	
AqTMK_214_final.txt	AqTMK_165_final.txt	AqTMK_214	AqTMK_165	35	32	False	inf	1.0	False	
AqTMK_214_final.txt	AqTMK_173_final.txt	AqTMK_214	AqTMK_173	35	32	False	inf	1.0	False	
AqTMK_214_final.txt	AqTMK_179_final.txt	AqTMK_214	AqTMK_179	35	32	False	inf	1.0	False	
AqTMK_214_final.txt	AqTMK_188_final.txt	AqTMK_214	AqTMK_188	35	32	False	inf	1.0	False	
AqTMK_214_final.txt	AqTMK_181_final.txt	AqTMK_214	AqTMK_181	35	32	False	inf	1.0	False	
AqTMK_214_final.txt	AqTMK_187_final.txt	AqTMK_214	AqTMK_187	35	32	False	inf	1.0	False	
AqTMK_214_final.txt	AqTMK_191_final.txt	AqTMK_214	AqTMK_191	35	32	False	inf	1.0	False	
AqTMK_214_final.txt	AqTMK_198_final.txt	AqTMK_214	AqTMK_198	35	32	False	inf	1.0	False	
AqTMK_214_final.txt	AqTMK_218_final.txt	AqTMK_214	AqTMK_218	35	32	False	inf	1.0	False	
AqTMK_214_final.txt	AqTMK_219_final.txt	AqTMK_214	AqTMK_219	35	32	False	inf	1.0	False	
AqTMK_214_final.txt	AqTMK_224_final.txt	AqTMK_214	AqTMK_224	35	32	False	inf	1.0	False	
AqTMK_214_final.txt	AqTMK_234_final.txt	AqTMK_214	AqTMK_234	35	32	False	inf	1.0	False	
AqTMK_214_final.txt	AqTMK_236_final.txt	AqTMK_214	AqTMK_236	35	32	False	inf	1.0	False	
AqTMK_214_final.txt	AqTMK_240_final.txt	AqTMK_214	AqTMK_240	35	32	False	inf	1.0	False	
AqTMK_214_final.txt	AqTMK_242_final.txt	AqTMK_214	AqTMK_242	35	32	False	inf	1.0	False	
AqTMK_214_final.txt	AqTMK_245_final.txt	AqTMK_214	AqTMK_245	35	32	False	inf	1.0	False	
AqTMK_214_final.txt	AqTMK_249_final.txt	AqTMK_214	AqTMK_249	35	32	False	inf	1.0	False	
AqTMK_214_final.txt	AqTMK_263_final.txt	AqTMK_214	AqTMK_263	35	32	False	inf	1.0	False	
AqTMK_214_final.txt	AqTMK_267_final.txt	AqTMK_214	AqTMK_267	35	32	False	inf	1.0	False	
AqTMK_214_final.txt	AqTMK_274_final.txt	AqTMK_214	AqTMK_274	35	32	False	inf	1.0	False	
AqTMK_214_final.txt	AqTMK_275_final.txt	AqTMK_214	AqTMK_275	35	32	False	inf	1.0	False	
AqTMK_214_final.txt	AqTMK_272_final.txt	AqTMK_214	AqTMK_272	35	32	False	inf	1.0	False	
AqTMK_214_final.txt	AqTMK_279_final.txt	AqTMK_214	AqTMK_279	35	32	False	inf	1.0	False	
AqTMK_214_final.txt	AqTMK_286_final.txt	AqTMK_214	AqTMK_286	35	32	False	inf	1.0	False	
AqTMK_214_final.txt	AqTMK_290_final.txt	AqTMK_214	AqTMK_290	35	32	False	inf	1.0	False	
AqTMK_214_final.txt	AqTMK_292_final.txt	AqTMK_214	AqTMK_292	35	32	False	inf	1.0	False	
AqTMK_214_final.txt	AqTMK_299_final.txt	AqTMK_214	AqTMK_299	35	32	False	inf	1.0	False	
AqTMK_214_final.txt	AqTMK_47_final.txt	AqTMK_214	AqTMK_47	35	31	False	inf	1.0	False	
AqTMK_214_final.txt	AqTMK_309_final.txt	AqTMK_214	AqTMK_309	35	32	False	inf	1.0	False	
AqTMK_214_final.txt	AqTMK_45_final.txt	AqTMK_214	AqTMK_45	35	31	False	inf	1.0	False	
AqTMK_214_final.txt	AqTMK_48_final.txt	AqTMK_214	AqTMK_48	35	31	False	inf	1.0	False	
AqTMK_214_final.txt	AqTMK_53_final.txt	AqTMK_214	AqTMK_53	35	31	False	inf	1.0	False	
AqTMK_214_final.txt	AqTMK_57_final.txt	AqTMK_214	AqTMK_57	35	31	False	inf	1.0	False	
AqTMK_214_final.txt	AqTMK_72_final.txt	AqTMK_214	AqTMK_72	35	31	False	inf	1.0	False	
AqTMK_214_final.txt	AqTMK_73_final.txt	AqTMK_214	AqTMK_73	35	31	False	inf	1.0	False	
AqTMK_214_final.txt	AqTMK_76_final.txt	AqTMK_214	AqTMK_76	35	31	False	inf	1.0	False	
AqTMK_214_final.txt	AqTMK_94_final.txt	AqTMK_214	AqTMK_94	35	31	False	inf	1.0	False	
AqTMK_214_final.txt	AqTMK_92_final.txt	AqTMK_214	AqTMK_92	35	31	False	inf	1.0	False	
AqTMK_214_final.txt	AqTMK_108_final.txt	AqTMK_214	AqTMK_108	35	31	False	inf	1.0	False	
AqTMK_214_final.txt	AqTMK_110_final.txt	AqTMK_214	AqTMK_110	35	31	False	inf	1.0	False	
AqTMK_214_final.txt	AqTMK_112_final.txt	AqTMK_214	AqTMK_112	35	31	False	inf	1.0	False	
AqTMK_214_final.txt	AqTMK_119_final.txt	AqTMK_214	AqTMK_119	35	31	False	inf	1.0	False	
AqTMK_214_final.txt	AqTMK_122_final.txt	AqTMK_214	AqTMK_122	35	31	False	inf	1.0	False	
AqTMK_214_final.txt	AqTMK_123_final.txt	AqTMK_214	AqTMK_123	35	31	False	inf	1.0	False	
AqTMK_214_final.txt	AqTMK_132_final.txt	AqTMK_214	AqTMK_132	35	31	False	inf	1.0	False	
AqTMK_214_final.txt	AqTMK_133_final.txt	AqTMK_214	AqTMK_133	35	31	False	inf	1.0	False	
AqTMK_214_final.txt	AqTMK_167_final.txt	AqTMK_214	AqTMK_167	35	31	False	inf	1.0	False	
AqTMK_214_final.txt	AqTMK_172_final.txt	AqTMK_214	AqTMK_172	35	31	False	inf	1.0	False	
AqTMK_214_final.txt	AqTMK_178_final.txt	AqTMK_214	AqTMK_178	35	31	False	inf	1.0	False	
AqTMK_214_final.txt	AqTMK_184_final.txt	AqTMK_214	AqTMK_184	35	31	False	inf	1.0	False	
AqTMK_214_final.txt	AqTMK_195_final.txt	AqTMK_214	AqTMK_195	35	31	False	inf	1.0	False	
AqTMK_214_final.txt	AqTMK_201_final.txt	AqTMK_214	AqTMK_201	35	31	False	inf	1.0	False	
AqTMK_214_final.txt	AqTMK_237_final.txt	AqTMK_214	AqTMK_237	35	31	False	inf	1.0	False	
AqTMK_214_final.txt	AqTMK_211_final.txt	AqTMK_214	AqTMK_211	35	31	False	inf	1.0	False	
AqTMK_214_final.txt	AqTMK_238_final.txt	AqTMK_214	AqTMK_238	35	31	False	inf	1.0	False	
AqTMK_214_final.txt	AqTMK_253_final.txt	AqTMK_214	AqTMK_253	35	31	False	inf	1.0	False	
AqTMK_214_final.txt	AqTMK_276_final.txt	AqTMK_214	AqTMK_276	35	31	False	inf	1.0	False	
AqTMK_214_final.txt	AqTMK_277_final.txt	AqTMK_214	AqTMK_277	35	31	False	inf	1.0	False	
AqTMK_214_final.txt	AqTMK_288_final.txt	AqTMK_214	AqTMK_288	35	31	False	inf	1.0	False	
AqTMK_214_final.txt	AqTMK_43_final.txt	AqTMK_214	AqTMK_43	35	30	False	inf	1.0	False	
AqTMK_214_final.txt	AqTMK_300_final.txt	AqTMK_214	AqTMK_300	35	31	False	inf	1.0	False	
AqTMK_214_final.txt	AqTMK_33_final.txt	AqTMK_214	AqTMK_33	35	30	False	inf	1.0	False	
AqTMK_214_final.txt	AqTMK_49_final.txt	AqTMK_214	AqTMK_49	35	30	False	inf	1.0	False	
AqTMK_214_final.txt	AqTMK_50_final.txt	AqTMK_214	AqTMK_50	35	30	False	inf	1.0	False	
AqTMK_214_final.txt	AqTMK_66_final.txt	AqTMK_214	AqTMK_66	35	30	False	inf	1.0	False	
AqTMK_214_final.txt	AqTMK_102_final.txt	AqTMK_214	AqTMK_102	35	30	False	inf	1.0	False	
AqTMK_214_final.txt	AqTMK_124_final.txt	AqTMK_214	AqTMK_124	35	30	False	inf	1.0	False	
AqTMK_214_final.txt	AqTMK_193_final.txt	AqTMK_214	AqTMK_193	35	30	False	inf	1.0	False	
AqTMK_214_final.txt	AqTMK_264_final.txt	AqTMK_214	AqTMK_264	35	30	False	inf	1.0	False	
AqTMK_214_final.txt	AqTMK_153_final.txt	AqTMK_214	AqTMK_153	35	30	False	inf	1.0	False	
AqTMK_214_final.txt	AqTMK_121_final.txt	AqTMK_214	AqTMK_121	35	29	False	inf	1.0	False	
AqTMK_128_final.txt	AqTMK_175_final.txt	AqTMK_128	AqTMK_175	34	34	True	0	1.0	True	class_30
AqTMK_128_final.txt	AqTMK_185_final.txt	AqTMK_128	AqTMK_185	34	34	True	2	1.0	False	
AqTMK_128_final.txt	AqTMK_196_final.txt	AqTMK_128	AqTMK_196	34	34	True	4	1.0	False	
AqTMK_128_final.txt	AqTMK_207_final.txt	AqTMK_128	AqTMK_207	34	34	True	5	1.0	False	
AqTMK_128_final.txt	AqTMK_220_final.txt	AqTMK_128	AqTMK_220	34	34	True	2	1.0	False	
AqTMK_128_final.txt	AqTMK_217_final.txt	AqTMK_128	AqTMK_217	34	34	True	8	1.0	False	
AqTMK_128_final.txt	AqTMK_244_final.txt	AqTMK_128	AqTMK_244	34	34	True	2	1.0	False	
AqTMK_128_final.txt	AqTMK_246_final.txt	AqTMK_128	AqTMK_246	34	34	True	8	1.0	False	
AqTMK_128_final.txt	AqTMK_261_final.txt	AqTMK_128	AqTMK_261	34	34	True	2	1.0	False	
AqTMK_128_final.txt	AqTMK_69_final.txt	AqTMK_128	AqTMK_69	34	33	False	inf	1.0	False	
AqTMK_128_final.txt	AqTMK_87_final.txt	AqTMK_128	AqTMK_87	34	33	False	inf	1.0	False	
AqTMK_128_final.txt	AqTMK_95_final.txt	AqTMK_128	AqTMK_95	34	33	False	inf	1.0	False	
AqTMK_128_final.txt	AqTMK_109_final.txt	AqTMK_128	AqTMK_109	34	33	False	inf	1.0	False	
AqTMK_128_final.txt	AqTMK_111_final.txt	AqTMK_128	AqTMK_111	34	33	False	inf	1.0	False	
AqTMK_128_final.txt	AqTMK_116_final.txt	AqTMK_128	AqTMK_116	34	33	False	inf	1.0	False	
AqTMK_128_final.txt	AqTMK_281_final.txt	AqTMK_128	AqTMK_281	34	34	True	6	1.0	False	
AqTMK_128_final.txt	AqTMK_156_final.txt	AqTMK_128	AqTMK_156	34	33	False	inf	1.0	False	
AqTMK_128_final.txt	AqTMK_120_final.txt	AqTMK_128	AqTMK_120	34	33	False	inf	1.0	False	
AqTMK_128_final.txt	AqTMK_139_final.txt	AqTMK_128	AqTMK_139	34	33	False	inf	1.0	False	
AqTMK_128_final.txt	AqTMK_163_final.txt	AqTMK_128	AqTMK_163	34	33	False	inf	1.0	False	
AqTMK_128_final.txt	AqTMK_171_final.txt	AqTMK_128	AqTMK_171	34	33	False	inf	1.0	False	
AqTMK_128_final.txt	AqTMK_186_final.txt	AqTMK_128	AqTMK_186	34	33	False	inf	1.0	False	
AqTMK_128_final.txt	AqTMK_197_final.txt	AqTMK_128	AqTMK_197	34	33	False	inf	1.0	False	
AqTMK_128_final.txt	AqTMK_200_final.txt	AqTMK_128	AqTMK_200	34	33	False	inf	1.0	False	
AqTMK_128_final.txt	AqTMK_229_final.txt	AqTMK_128	AqTMK_229	34	33	False	inf	1.0	False	
AqTMK_128_final.txt	AqTMK_208_final.txt	AqTMK_128	AqTMK_208	34	33	False	inf	1.0	False	
AqTMK_128_final.txt	AqTMK_223_final.txt	AqTMK_128	AqTMK_223	34	33	False	inf	1.0	False	
AqTMK_128_final.txt	AqTMK_230_final.txt	AqTMK_128	AqTMK_230	34	33	False	inf	1.0	False	
AqTMK_128_final.txt	AqTMK_231_final.txt	AqTMK_128	AqTMK_231	34	33	False	inf	1.0	False	
AqTMK_128_final.txt	AqTMK_233_final.txt	AqTMK_128	AqTMK_233	34	33	False	inf	1.0	False	
AqTMK_128_final.txt	AqTMK_257_final.txt	AqTMK_128	AqTMK_257	34	33	False	inf	1.0	False	
AqTMK_128_final.txt	AqTMK_259_final.txt	AqTMK_128	AqTMK_259	34	33	False	inf	1.0	False	
AqTMK_128_final.txt	AqTMK_273_final.txt	AqTMK_128	AqTMK_273	34	33	False	inf	1.0	False	
AqTMK_128_final.txt	AqTMK_262_final.txt	AqTMK_128	AqTMK_262	34	33	False	inf	1.0	False	
AqTMK_128_final.txt	AqTMK_270_final.txt	AqTMK_128	AqTMK_270	34	33	False	inf	1.0	False	
AqTMK_128_final.txt	AqTMK_284_final.txt	AqTMK_128	AqTMK_284	34	33	False	inf	1.0	False	
AqTMK_128_final.txt	AqTMK_285_final.txt	AqTMK_128	AqTMK_285	34	33	False	inf	1.0	False	
AqTMK_128_final.txt	AqTMK_287_final.txt	AqTMK_128	AqTMK_287	34	33	False	inf	1.0	False	
AqTMK_128_final.txt	AqTMK_295_final.txt	AqTMK_128	AqTMK_295	34	33	False	inf	1.0	False	
AqTMK_128_final.txt	AqTMK_311_final.txt	AqTMK_128	AqTMK_311	34	33	False	inf	1.0	False	
AqTMK_128_final.txt	AqTMK_56_final.txt	AqTMK_128	AqTMK_56	34	32	False	inf	1.0	False	
AqTMK_128_final.txt	AqTMK_54_final.txt	AqTMK_128	AqTMK_54	34	32	False	inf	1.0	False	
AqTMK_128_final.txt	AqTMK_59_final.txt	AqTMK_128	AqTMK_59	34	32	False	inf	1.0	False	
AqTMK_128_final.txt	AqTMK_62_final.txt	AqTMK_128	AqTMK_62	34	32	False	inf	1.0	False	
AqTMK_128_final.txt	AqTMK_63_final.txt	AqTMK_128	AqTMK_63	34	32	False	inf	1.0	False	
AqTMK_128_final.txt	AqTMK_68_final.txt	AqTMK_128	AqTMK_68	34	32	False	inf	1.0	False	
AqTMK_128_final.txt	AqTMK_70_final.txt	AqTMK_128	AqTMK_70	34	32	False	inf	1.0	False	
AqTMK_128_final.txt	AqTMK_79_final.txt	AqTMK_128	AqTMK_79	34	32	False	inf	1.0	False	
AqTMK_128_final.txt	AqTMK_82_final.txt	AqTMK_128	AqTMK_82	34	32	False	inf	1.0	False	
AqTMK_128_final.txt	AqTMK_81_final.txt	AqTMK_128	AqTMK_81	34	32	False	inf	1.0	False	
AqTMK_128_final.txt	AqTMK_84_final.txt	AqTMK_128	AqTMK_84	34	32	False	inf	1.0	False	
AqTMK_128_final.txt	AqTMK_85_final.txt	AqTMK_128	AqTMK_85	34	32	False	inf	1.0	False	
AqTMK_128_final.txt	AqTMK_89_final.txt	AqTMK_128	AqTMK_89	34	32	False	inf	1.0	False	
AqTMK_128_final.txt	AqTMK_91_final.txt	AqTMK_128	AqTMK_91	34	32	False	inf	1.0	False	
AqTMK_128_final.txt	AqTMK_93_final.txt	AqTMK_128	AqTMK_93	34	32	False	inf	1.0	False	
AqTMK_128_final.txt	AqTMK_98_final.txt	AqTMK_128	AqTMK_98	34	32	False	inf	1.0	False	
AqTMK_128_final.txt	AqTMK_101_final.txt	AqTMK_128	AqTMK_101	34	32	False	inf	1.0	False	
AqTMK_128_final.txt	AqTMK_99_final.txt	AqTMK_128	AqTMK_99	34	32	False	inf	1.0	False	
AqTMK_128_final.txt	AqTMK_103_final.txt	AqTMK_128	AqTMK_103	34	32	False	inf	1.0	False	
AqTMK_128_final.txt	AqTMK_104_final.txt	AqTMK_128	AqTMK_104	34	32	False	inf	1.0	False	
AqTMK_128_final.txt	AqTMK_106_final.txt	AqTMK_128	AqTMK_106	34	32	False	inf	1.0	False	
AqTMK_128_final.txt	AqTMK_114_final.txt	AqTMK_128	AqTMK_114	34	32	False	inf	1.0	False	
AqTMK_128_final.txt	AqTMK_117_final.txt	AqTMK_128	AqTMK_117	34	32	False	inf	1.0	False	
AqTMK_128_final.txt	AqTMK_118_final.txt	AqTMK_128	AqTMK_118	34	32	False	inf	1.0	False	
AqTMK_128_final.txt	AqTMK_149_final.txt	AqTMK_128	AqTMK_149	34	32	False	inf	1.0	False	
AqTMK_128_final.txt	AqTMK_131_final.txt	AqTMK_128	AqTMK_131	34	32	False	inf	1.0	False	
AqTMK_128_final.txt	AqTMK_155_final.txt	AqTMK_128	AqTMK_155	34	32	False	inf	1.0	False	
AqTMK_128_final.txt	AqTMK_159_final.txt	AqTMK_128	AqTMK_159	34	32	False	inf	1.0	False	
AqTMK_128_final.txt	AqTMK_165_final.txt	AqTMK_128	AqTMK_165	34	32	False	inf	1.0	False	
AqTMK_128_final.txt	AqTMK_173_final.txt	AqTMK_128	AqTMK_173	34	32	False	inf	1.0	False	
AqTMK_128_final.txt	AqTMK_179_final.txt	AqTMK_128	AqTMK_179	34	32	False	inf	1.0	False	
AqTMK_128_final.txt	AqTMK_181_final.txt	AqTMK_128	AqTMK_181	34	32	False	inf	1.0	False	
AqTMK_128_final.txt	AqTMK_187_final.txt	AqTMK_128	AqTMK_187	34	32	False	inf	1.0	False	
AqTMK_128_final.txt	AqTMK_188_final.txt	AqTMK_128	AqTMK_188	34	32	False	inf	1.0	False	
AqTMK_128_final.txt	AqTMK_191_final.txt	AqTMK_128	AqTMK_191	34	32	False	inf	1.0	False	
AqTMK_128_final.txt	AqTMK_198_final.txt	AqTMK_128	AqTMK_198	34	32	False	inf	1.0	False	
AqTMK_128_final.txt	AqTMK_218_final.txt	AqTMK_128	AqTMK_218	34	32	False	inf	1.0	False	
AqTMK_128_final.txt	AqTMK_219_final.txt	AqTMK_128	AqTMK_219	34	32	False	inf	1.0	False	
AqTMK_128_final.txt	AqTMK_224_final.txt	AqTMK_128	AqTMK_224	34	32	False	inf	1.0	False	
AqTMK_128_final.txt	AqTMK_234_final.txt	AqTMK_128	AqTMK_234	34	32	False	inf	1.0	False	
AqTMK_128_final.txt	AqTMK_236_final.txt	AqTMK_128	AqTMK_236	34	32	False	inf	1.0	False	
AqTMK_128_final.txt	AqTMK_242_final.txt	AqTMK_128	AqTMK_242	34	32	False	inf	1.0	False	
AqTMK_128_final.txt	AqTMK_240_final.txt	AqTMK_128	AqTMK_240	34	32	False	inf	1.0	False	
AqTMK_128_final.txt	AqTMK_245_final.txt	AqTMK_128	AqTMK_245	34	32	False	inf	1.0	False	
AqTMK_128_final.txt	AqTMK_249_final.txt	AqTMK_128	AqTMK_249	34	32	False	inf	1.0	False	
AqTMK_128_final.txt	AqTMK_263_final.txt	AqTMK_128	AqTMK_263	34	32	False	inf	1.0	False	
AqTMK_128_final.txt	AqTMK_267_final.txt	AqTMK_128	AqTMK_267	34	32	False	inf	1.0	False	
AqTMK_128_final.txt	AqTMK_272_final.txt	AqTMK_128	AqTMK_272	34	32	False	inf	1.0	False	
AqTMK_128_final.txt	AqTMK_279_final.txt	AqTMK_128	AqTMK_279	34	32	False	inf	1.0	False	
AqTMK_128_final.txt	AqTMK_274_final.txt	AqTMK_128	AqTMK_274	34	32	False	inf	1.0	False	
AqTMK_128_final.txt	AqTMK_275_final.txt	AqTMK_128	AqTMK_275	34	32	False	inf	1.0	False	
AqTMK_128_final.txt	AqTMK_286_final.txt	AqTMK_128	AqTMK_286	34	32	False	inf	1.0	False	
AqTMK_128_final.txt	AqTMK_290_final.txt	AqTMK_128	AqTMK_290	34	32	False	inf	1.0	False	
AqTMK_128_final.txt	AqTMK_292_final.txt	AqTMK_128	AqTMK_292	34	32	False	inf	1.0	False	
AqTMK_128_final.txt	AqTMK_299_final.txt	AqTMK_128	AqTMK_299	34	32	False	inf	1.0	False	
AqTMK_128_final.txt	AqTMK_309_final.txt	AqTMK_128	AqTMK_309	34	32	False	inf	1.0	False	
AqTMK_128_final.txt	AqTMK_48_final.txt	AqTMK_128	AqTMK_48	34	31	False	inf	1.0	False	
AqTMK_128_final.txt	AqTMK_45_final.txt	AqTMK_128	AqTMK_45	34	31	False	inf	1.0	False	
AqTMK_128_final.txt	AqTMK_47_final.txt	AqTMK_128	AqTMK_47	34	31	False	inf	1.0	False	
AqTMK_128_final.txt	AqTMK_53_final.txt	AqTMK_128	AqTMK_53	34	31	False	inf	1.0	False	
AqTMK_128_final.txt	AqTMK_57_final.txt	AqTMK_128	AqTMK_57	34	31	False	inf	1.0	False	
AqTMK_128_final.txt	AqTMK_72_final.txt	AqTMK_128	AqTMK_72	34	31	False	inf	1.0	False	
AqTMK_128_final.txt	AqTMK_73_final.txt	AqTMK_128	AqTMK_73	34	31	False	inf	1.0	False	
AqTMK_128_final.txt	AqTMK_76_final.txt	AqTMK_128	AqTMK_76	34	31	False	inf	1.0	False	
AqTMK_128_final.txt	AqTMK_108_final.txt	AqTMK_128	AqTMK_108	34	31	False	inf	1.0	False	
AqTMK_128_final.txt	AqTMK_92_final.txt	AqTMK_128	AqTMK_92	34	31	False	inf	1.0	False	
AqTMK_128_final.txt	AqTMK_94_final.txt	AqTMK_128	AqTMK_94	34	31	False	inf	1.0	False	
AqTMK_128_final.txt	AqTMK_110_final.txt	AqTMK_128	AqTMK_110	34	31	False	inf	1.0	False	
AqTMK_128_final.txt	AqTMK_112_final.txt	AqTMK_128	AqTMK_112	34	31	False	inf	1.0	False	
AqTMK_128_final.txt	AqTMK_119_final.txt	AqTMK_128	AqTMK_119	34	31	False	inf	1.0	False	
AqTMK_128_final.txt	AqTMK_122_final.txt	AqTMK_128	AqTMK_122	34	31	False	inf	1.0	False	
AqTMK_128_final.txt	AqTMK_123_final.txt	AqTMK_128	AqTMK_123	34	31	False	inf	1.0	False	
AqTMK_128_final.txt	AqTMK_132_final.txt	AqTMK_128	AqTMK_132	34	31	False	inf	1.0	False	
AqTMK_128_final.txt	AqTMK_167_final.txt	AqTMK_128	AqTMK_167	34	31	False	inf	1.0	False	
AqTMK_128_final.txt	AqTMK_133_final.txt	AqTMK_128	AqTMK_133	34	31	False	inf	1.0	False	
AqTMK_128_final.txt	AqTMK_172_final.txt	AqTMK_128	AqTMK_172	34	31	False	inf	1.0	False	
AqTMK_128_final.txt	AqTMK_178_final.txt	AqTMK_128	AqTMK_178	34	31	False	inf	1.0	False	
AqTMK_128_final.txt	AqTMK_184_final.txt	AqTMK_128	AqTMK_184	34	31	False	inf	1.0	False	
AqTMK_128_final.txt	AqTMK_195_final.txt	AqTMK_128	AqTMK_195	34	31	False	inf	1.0	False	
AqTMK_128_final.txt	AqTMK_201_final.txt	AqTMK_128	AqTMK_201	34	31	False	inf	1.0	False	
AqTMK_128_final.txt	AqTMK_237_final.txt	AqTMK_128	AqTMK_237	34	31	False	inf	1.0	False	
AqTMK_128_final.txt	AqTMK_211_final.txt	AqTMK_128	AqTMK_211	34	31	False	inf	1.0	False	
AqTMK_128_final.txt	AqTMK_238_final.txt	AqTMK_128	AqTMK_238	34	31	False	inf	1.0	False	
AqTMK_128_final.txt	AqTMK_253_final.txt	AqTMK_128	AqTMK_253	34	31	False	inf	1.0	False	
AqTMK_128_final.txt	AqTMK_276_final.txt	AqTMK_128	AqTMK_276	34	31	False	inf	1.0	False	
AqTMK_128_final.txt	AqTMK_277_final.txt	AqTMK_128	AqTMK_277	34	31	False	inf	1.0	False	
AqTMK_128_final.txt	AqTMK_288_final.txt	AqTMK_128	AqTMK_288	34	31	False	inf	1.0	False	
AqTMK_128_final.txt	AqTMK_300_final.txt	AqTMK_128	AqTMK_300	34	31	False	inf	1.0	False	
AqTMK_128_final.txt	AqTMK_43_final.txt	AqTMK_128	AqTMK_43	34	30	False	inf	1.0	False	
AqTMK_128_final.txt	AqTMK_33_final.txt	AqTMK_128	AqTMK_33	34	30	False	inf	1.0	False	
AqTMK_128_final.txt	AqTMK_49_final.txt	AqTMK_128	AqTMK_49	34	30	False	inf	1.0	False	
AqTMK_128_final.txt	AqTMK_50_final.txt	AqTMK_128	AqTMK_50	34	30	False	inf	1.0	False	
AqTMK_128_final.txt	AqTMK_66_final.txt	AqTMK_128	AqTMK_66	34	30	False	inf	1.0	False	
AqTMK_128_final.txt	AqTMK_102_final.txt	AqTMK_128	AqTMK_102	34	30	False	inf	1.0	False	
AqTMK_128_final.txt	AqTMK_124_final.txt	AqTMK_128	AqTMK_124	34	30	False	inf	1.0	False	
AqTMK_128_final.txt	AqTMK_153_final.txt	AqTMK_128	AqTMK_153	34	30	False	inf	1.0	False	
AqTMK_128_final.txt	AqTMK_193_final.txt	AqTMK_128	AqTMK_193	34	30	False	inf	1.0	False	
AqTMK_128_final.txt	AqTMK_121_final.txt	AqTMK_128	AqTMK_121	34	29	False	inf	1.0	False	
AqTMK_128_final.txt	AqTMK_264_final.txt	AqTMK_128	AqTMK_264	34	30	False	inf	1.0	False	
AqTMK_185_final.txt	AqTMK_196_final.txt	AqTMK_185	AqTMK_196	34	34	True	6	1.0	False	
AqTMK_185_final.txt	AqTMK_207_final.txt	AqTMK_185	AqTMK_207	34	34	True	7	1.0	False	
AqTMK_185_final.txt	AqTMK_220_final.txt	AqTMK_185	AqTMK_220	34	34	True	0	1.0	True	class_31
AqTMK_185_final.txt	AqTMK_244_final.txt	AqTMK_185	AqTMK_244	34	34	True	4	1.0	False	
AqTMK_185_final.txt	AqTMK_217_final.txt	AqTMK_185	AqTMK_217	34	34	True	10	1.0	False	
AqTMK_185_final.txt	AqTMK_261_final.txt	AqTMK_185	AqTMK_261	34	34	True	2	1.0	False	
AqTMK_185_final.txt	AqTMK_246_final.txt	AqTMK_185	AqTMK_246	34	34	True	10	1.0	False	
AqTMK_185_final.txt	AqTMK_281_final.txt	AqTMK_185	AqTMK_281	34	34	True	8	1.0	False	
AqTMK_185_final.txt	AqTMK_69_final.txt	AqTMK_185	AqTMK_69	34	33	False	inf	1.0	False	
AqTMK_185_final.txt	AqTMK_95_final.txt	AqTMK_185	AqTMK_95	34	33	False	inf	1.0	False	
AqTMK_185_final.txt	AqTMK_87_final.txt	AqTMK_185	AqTMK_87	34	33	False	inf	1.0	False	
AqTMK_185_final.txt	AqTMK_109_final.txt	AqTMK_185	AqTMK_109	34	33	False	inf	1.0	False	
AqTMK_185_final.txt	AqTMK_111_final.txt	AqTMK_185	AqTMK_111	34	33	False	inf	1.0	False	
AqTMK_185_final.txt	AqTMK_116_final.txt	AqTMK_185	AqTMK_116	34	33	False	inf	1.0	False	
AqTMK_185_final.txt	AqTMK_120_final.txt	AqTMK_185	AqTMK_120	34	33	False	inf	1.0	False	
AqTMK_185_final.txt	AqTMK_139_final.txt	AqTMK_185	AqTMK_139	34	33	False	inf	1.0	False	
AqTMK_185_final.txt	AqTMK_163_final.txt	AqTMK_185	AqTMK_163	34	33	False	inf	1.0	False	
AqTMK_185_final.txt	AqTMK_156_final.txt	AqTMK_185	AqTMK_156	34	33	False	inf	1.0	False	
AqTMK_185_final.txt	AqTMK_171_final.txt	AqTMK_185	AqTMK_171	34	33	False	inf	1.0	False	
AqTMK_185_final.txt	AqTMK_186_final.txt	AqTMK_185	AqTMK_186	34	33	False	inf	1.0	False	
AqTMK_185_final.txt	AqTMK_197_final.txt	AqTMK_185	AqTMK_197	34	33	False	inf	1.0	False	
AqTMK_185_final.txt	AqTMK_200_final.txt	AqTMK_185	AqTMK_200	34	33	False	inf	1.0	False	
AqTMK_185_final.txt	AqTMK_208_final.txt	AqTMK_185	AqTMK_208	34	33	False	inf	1.0	False	
AqTMK_185_final.txt	AqTMK_223_final.txt	AqTMK_185	AqTMK_223	34	33	False	inf	1.0	False	
AqTMK_185_final.txt	AqTMK_229_final.txt	AqTMK_185	AqTMK_229	34	33	False	inf	1.0	False	
AqTMK_185_final.txt	AqTMK_231_final.txt	AqTMK_185	AqTMK_231	34	33	False	inf	1.0	False	
AqTMK_185_final.txt	AqTMK_230_final.txt	AqTMK_185	AqTMK_230	34	33	False	inf	1.0	False	
AqTMK_185_final.txt	AqTMK_233_final.txt	AqTMK_185	AqTMK_233	34	33	False	inf	1.0	False	
AqTMK_185_final.txt	AqTMK_257_final.txt	AqTMK_185	AqTMK_257	34	33	False	inf	1.0	False	
AqTMK_185_final.txt	AqTMK_259_final.txt	AqTMK_185	AqTMK_259	34	33	False	inf	1.0	False	
AqTMK_185_final.txt	AqTMK_262_final.txt	AqTMK_185	AqTMK_262	34	33	False	inf	1.0	False	
AqTMK_185_final.txt	AqTMK_270_final.txt	AqTMK_185	AqTMK_270	34	33	False	inf	1.0	False	
AqTMK_185_final.txt	AqTMK_284_final.txt	AqTMK_185	AqTMK_284	34	33	False	inf	1.0	False	
AqTMK_185_final.txt	AqTMK_285_final.txt	AqTMK_185	AqTMK_285	34	33	False	inf	1.0	False	
AqTMK_185_final.txt	AqTMK_273_final.txt	AqTMK_185	AqTMK_273	34	33	False	inf	1.0	False	
AqTMK_185_final.txt	AqTMK_287_final.txt	AqTMK_185	AqTMK_287	34	33	False	inf	1.0	False	
AqTMK_185_final.txt	AqTMK_295_final.txt	AqTMK_185	AqTMK_295	34	33	False	inf	1.0	False	
AqTMK_185_final.txt	AqTMK_311_final.txt	AqTMK_185	AqTMK_311	34	33	False	inf	1.0	False	
AqTMK_185_final.txt	AqTMK_54_final.txt	AqTMK_185	AqTMK_54	34	32	False	inf	1.0	False	
AqTMK_185_final.txt	AqTMK_56_final.txt	AqTMK_185	AqTMK_56	34	32	False	inf	1.0	False	
AqTMK_185_final.txt	AqTMK_63_final.txt	AqTMK_185	AqTMK_63	34	32	False	inf	1.0	False	
AqTMK_185_final.txt	AqTMK_59_final.txt	AqTMK_185	AqTMK_59	34	32	False	inf	1.0	False	
AqTMK_185_final.txt	AqTMK_62_final.txt	AqTMK_185	AqTMK_62	34	32	False	inf	1.0	False	
AqTMK_185_final.txt	AqTMK_68_final.txt	AqTMK_185	AqTMK_68	34	32	False	inf	1.0	False	
AqTMK_185_final.txt	AqTMK_70_final.txt	AqTMK_185	AqTMK_70	34	32	False	inf	1.0	False	
AqTMK_185_final.txt	AqTMK_79_final.txt	AqTMK_185	AqTMK_79	34	32	False	inf	1.0	False	
AqTMK_185_final.txt	AqTMK_81_final.txt	AqTMK_185	AqTMK_81	34	32	False	inf	1.0	False	
AqTMK_185_final.txt	AqTMK_82_final.txt	AqTMK_185	AqTMK_82	34	32	False	inf	1.0	False	
AqTMK_185_final.txt	AqTMK_89_final.txt	AqTMK_185	AqTMK_89	34	32	False	inf	1.0	False	
AqTMK_185_final.txt	AqTMK_85_final.txt	AqTMK_185	AqTMK_85	34	32	False	inf	1.0	False	
AqTMK_185_final.txt	AqTMK_84_final.txt	AqTMK_185	AqTMK_84	34	32	False	inf	1.0	False	
AqTMK_185_final.txt	AqTMK_91_final.txt	AqTMK_185	AqTMK_91	34	32	False	inf	1.0	False	
AqTMK_185_final.txt	AqTMK_93_final.txt	AqTMK_185	AqTMK_93	34	32	False	inf	1.0	False	
AqTMK_185_final.txt	AqTMK_98_final.txt	AqTMK_185	AqTMK_98	34	32	False	inf	1.0	False	
AqTMK_185_final.txt	AqTMK_99_final.txt	AqTMK_185	AqTMK_99	34	32	False	inf	1.0	False	
AqTMK_185_final.txt	AqTMK_101_final.txt	AqTMK_185	AqTMK_101	34	32	False	inf	1.0	False	
AqTMK_185_final.txt	AqTMK_104_final.txt	AqTMK_185	AqTMK_104	34	32	False	inf	1.0	False	
AqTMK_185_final.txt	AqTMK_103_final.txt	AqTMK_185	AqTMK_103	34	32	False	inf	1.0	False	
AqTMK_185_final.txt	AqTMK_106_final.txt	AqTMK_185	AqTMK_106	34	32	False	inf	1.0	False	
AqTMK_185_final.txt	AqTMK_114_final.txt	AqTMK_185	AqTMK_114	34	32	False	inf	1.0	False	
AqTMK_185_final.txt	AqTMK_117_final.txt	AqTMK_185	AqTMK_117	34	32	False	inf	1.0	False	
AqTMK_185_final.txt	AqTMK_118_final.txt	AqTMK_185	AqTMK_118	34	32	False	inf	1.0	False	
AqTMK_185_final.txt	AqTMK_131_final.txt	AqTMK_185	AqTMK_131	34	32	False	inf	1.0	False	
AqTMK_185_final.txt	AqTMK_149_final.txt	AqTMK_185	AqTMK_149	34	32	False	inf	1.0	False	
AqTMK_185_final.txt	AqTMK_159_final.txt	AqTMK_185	AqTMK_159	34	32	False	inf	1.0	False	
AqTMK_185_final.txt	AqTMK_155_final.txt	AqTMK_185	AqTMK_155	34	32	False	inf	1.0	False	
AqTMK_185_final.txt	AqTMK_165_final.txt	AqTMK_185	AqTMK_165	34	32	False	inf	1.0	False	
AqTMK_185_final.txt	AqTMK_173_final.txt	AqTMK_185	AqTMK_173	34	32	False	inf	1.0	False	
AqTMK_185_final.txt	AqTMK_179_final.txt	AqTMK_185	AqTMK_179	34	32	False	inf	1.0	False	
AqTMK_185_final.txt	AqTMK_181_final.txt	AqTMK_185	AqTMK_181	34	32	False	inf	1.0	False	
AqTMK_185_final.txt	AqTMK_187_final.txt	AqTMK_185	AqTMK_187	34	32	False	inf	1.0	False	
AqTMK_185_final.txt	AqTMK_188_final.txt	AqTMK_185	AqTMK_188	34	32	False	inf	1.0	False	
AqTMK_185_final.txt	AqTMK_191_final.txt	AqTMK_185	AqTMK_191	34	32	False	inf	1.0	False	
AqTMK_185_final.txt	AqTMK_198_final.txt	AqTMK_185	AqTMK_198	34	32	False	inf	1.0	False	
AqTMK_185_final.txt	AqTMK_218_final.txt	AqTMK_185	AqTMK_218	34	32	False	inf	1.0	False	
AqTMK_185_final.txt	AqTMK_219_final.txt	AqTMK_185	AqTMK_219	34	32	False	inf	1.0	False	
AqTMK_185_final.txt	AqTMK_224_final.txt	AqTMK_185	AqTMK_224	34	32	False	inf	1.0	False	
AqTMK_185_final.txt	AqTMK_234_final.txt	AqTMK_185	AqTMK_234	34	32	False	inf	1.0	False	
AqTMK_185_final.txt	AqTMK_236_final.txt	AqTMK_185	AqTMK_236	34	32	False	inf	1.0	False	
AqTMK_185_final.txt	AqTMK_240_final.txt	AqTMK_185	AqTMK_240	34	32	False	inf	1.0	False	
AqTMK_185_final.txt	AqTMK_245_final.txt	AqTMK_185	AqTMK_245	34	32	False	inf	1.0	False	
AqTMK_185_final.txt	AqTMK_242_final.txt	AqTMK_185	AqTMK_242	34	32	False	inf	1.0	False	
AqTMK_185_final.txt	AqTMK_249_final.txt	AqTMK_185	AqTMK_249	34	32	False	inf	1.0	False	
AqTMK_185_final.txt	AqTMK_263_final.txt	AqTMK_185	AqTMK_263	34	32	False	inf	1.0	False	
AqTMK_185_final.txt	AqTMK_267_final.txt	AqTMK_185	AqTMK_267	34	32	False	inf	1.0	False	
AqTMK_185_final.txt	AqTMK_272_final.txt	AqTMK_185	AqTMK_272	34	32	False	inf	1.0	False	
AqTMK_185_final.txt	AqTMK_274_final.txt	AqTMK_185	AqTMK_274	34	32	False	inf	1.0	False	
AqTMK_185_final.txt	AqTMK_275_final.txt	AqTMK_185	AqTMK_275	34	32	False	inf	1.0	False	
AqTMK_185_final.txt	AqTMK_286_final.txt	AqTMK_185	AqTMK_286	34	32	False	inf	1.0	False	
AqTMK_185_final.txt	AqTMK_290_final.txt	AqTMK_185	AqTMK_290	34	32	False	inf	1.0	False	
AqTMK_185_final.txt	AqTMK_279_final.txt	AqTMK_185	AqTMK_279	34	32	False	inf	1.0	False	
AqTMK_185_final.txt	AqTMK_292_final.txt	AqTMK_185	AqTMK_292	34	32	False	inf	1.0	False	
AqTMK_185_final.txt	AqTMK_299_final.txt	AqTMK_185	AqTMK_299	34	32	False	inf	1.0	False	
AqTMK_185_final.txt	AqTMK_309_final.txt	AqTMK_185	AqTMK_309	34	32	False	inf	1.0	False	
AqTMK_185_final.txt	AqTMK_45_final.txt	AqTMK_185	AqTMK_45	34	31	False	inf	1.0	False	
AqTMK_185_final.txt	AqTMK_47_final.txt	AqTMK_185	AqTMK_47	34	31	False	inf	1.0	False	
AqTMK_185_final.txt	AqTMK_48_final.txt	AqTMK_185	AqTMK_48	34	31	False	inf	1.0	False	
AqTMK_185_final.txt	AqTMK_53_final.txt	AqTMK_185	AqTMK_53	34	31	False	inf	1.0	False	
AqTMK_185_final.txt	AqTMK_57_final.txt	AqTMK_185	AqTMK_57	34	31	False	inf	1.0	False	
AqTMK_185_final.txt	AqTMK_72_final.txt	AqTMK_185	AqTMK_72	34	31	False	inf	1.0	False	
AqTMK_185_final.txt	AqTMK_73_final.txt	AqTMK_185	AqTMK_73	34	31	False	inf	1.0	False	
AqTMK_185_final.txt	AqTMK_76_final.txt	AqTMK_185	AqTMK_76	34	31	False	inf	1.0	False	
AqTMK_185_final.txt	AqTMK_92_final.txt	AqTMK_185	AqTMK_92	34	31	False	inf	1.0	False	
AqTMK_185_final.txt	AqTMK_94_final.txt	AqTMK_185	AqTMK_94	34	31	False	inf	1.0	False	
AqTMK_185_final.txt	AqTMK_108_final.txt	AqTMK_185	AqTMK_108	34	31	False	inf	1.0	False	
AqTMK_185_final.txt	AqTMK_110_final.txt	AqTMK_185	AqTMK_110	34	31	False	inf	1.0	False	
AqTMK_185_final.txt	AqTMK_112_final.txt	AqTMK_185	AqTMK_112	34	31	False	inf	1.0	False	
AqTMK_185_final.txt	AqTMK_119_final.txt	AqTMK_185	AqTMK_119	34	31	False	inf	1.0	False	
AqTMK_185_final.txt	AqTMK_122_final.txt	AqTMK_185	AqTMK_122	34	31	False	inf	1.0	False	
AqTMK_185_final.txt	AqTMK_123_final.txt	AqTMK_185	AqTMK_123	34	31	False	inf	1.0	False	
AqTMK_185_final.txt	AqTMK_132_final.txt	AqTMK_185	AqTMK_132	34	31	False	inf	1.0	False	
AqTMK_185_final.txt	AqTMK_133_final.txt	AqTMK_185	AqTMK_133	34	31	False	inf	1.0	False	
AqTMK_185_final.txt	AqTMK_167_final.txt	AqTMK_185	AqTMK_167	34	31	False	inf	1.0	False	
AqTMK_185_final.txt	AqTMK_172_final.txt	AqTMK_185	AqTMK_172	34	31	False	inf	1.0	False	
AqTMK_185_final.txt	AqTMK_178_final.txt	AqTMK_185	AqTMK_178	34	31	False	inf	1.0	False	
AqTMK_185_final.txt	AqTMK_184_final.txt	AqTMK_185	AqTMK_184	34	31	False	inf	1.0	False	
AqTMK_185_final.txt	AqTMK_195_final.txt	AqTMK_185	AqTMK_195	34	31	False	inf	1.0	False	
AqTMK_185_final.txt	AqTMK_201_final.txt	AqTMK_185	AqTMK_201	34	31	False	inf	1.0	False	
AqTMK_185_final.txt	AqTMK_211_final.txt	AqTMK_185	AqTMK_211	34	31	False	inf	1.0	False	
AqTMK_185_final.txt	AqTMK_237_final.txt	AqTMK_185	AqTMK_237	34	31	False	inf	1.0	False	
AqTMK_185_final.txt	AqTMK_238_final.txt	AqTMK_185	AqTMK_238	34	31	False	inf	1.0	False	
AqTMK_185_final.txt	AqTMK_253_final.txt	AqTMK_185	AqTMK_253	34	31	False	inf	1.0	False	
AqTMK_185_final.txt	AqTMK_276_final.txt	AqTMK_185	AqTMK_276	34	31	False	inf	1.0	False	
AqTMK_185_final.txt	AqTMK_277_final.txt	AqTMK_185	AqTMK_277	34	31	False	inf	1.0	False	
AqTMK_185_final.txt	AqTMK_288_final.txt	AqTMK_185	AqTMK_288	34	31	False	inf	1.0	False	
AqTMK_185_final.txt	AqTMK_300_final.txt	AqTMK_185	AqTMK_300	34	31	False	inf	1.0	False	
AqTMK_185_final.txt	AqTMK_33_final.txt	AqTMK_185	AqTMK_33	34	30	False	inf	1.0	False	
AqTMK_185_final.txt	AqTMK_43_final.txt	AqTMK_185	AqTMK_43	34	30	False	inf	1.0	False	
AqTMK_185_final.txt	AqTMK_49_final.txt	AqTMK_185	AqTMK_49	34	30	False	inf	1.0	False	
AqTMK_185_final.txt	AqTMK_66_final.txt	AqTMK_185	AqTMK_66	34	30	False	inf	1.0	False	
AqTMK_185_final.txt	AqTMK_50_final.txt	AqTMK_185	AqTMK_50	34	30	False	inf	1.0	False	
AqTMK_185_final.txt	AqTMK_102_final.txt	AqTMK_185	AqTMK_102	34	30	False	inf	1.0	False	
AqTMK_185_final.txt	AqTMK_124_final.txt	AqTMK_185	AqTMK_124	34	30	False	inf	1.0	False	
AqTMK_185_final.txt	AqTMK_153_final.txt	AqTMK_185	AqTMK_153	34	30	False	inf	1.0	False	
AqTMK_185_final.txt	AqTMK_193_final.txt	AqTMK_185	AqTMK_193	34	30	False	inf	1.0	False	
AqTMK_185_final.txt	AqTMK_264_final.txt	AqTMK_185	AqTMK_264	34	30	False	inf	1.0	False	
AqTMK_185_final.txt	AqTMK_121_final.txt	AqTMK_185	AqTMK_121	34	29	False	inf	1.0	False	
AqTMK_196_final.txt	AqTMK_207_final.txt	AqTMK_196	AqTMK_207	34	34	True	4	1.0	False	
AqTMK_196_final.txt	AqTMK_217_final.txt	AqTMK_196	AqTMK_217	34	34	True	4	1.0	False	
AqTMK_196_final.txt	AqTMK_244_final.txt	AqTMK_196	AqTMK_244	34	34	True	2	1.0	False	
AqTMK_196_final.txt	AqTMK_261_final.txt	AqTMK_196	AqTMK_261	34	34	True	6	1.0	False	
AqTMK_196_final.txt	AqTMK_246_final.txt	AqTMK_196	AqTMK_246	34	34	True	8	1.0	False	
AqTMK_196_final.txt	AqTMK_69_final.txt	AqTMK_196	AqTMK_69	34	33	False	inf	1.0	False	
AqTMK_196_final.txt	AqTMK_87_final.txt	AqTMK_196	AqTMK_87	34	33	False	inf	1.0	False	
AqTMK_196_final.txt	AqTMK_281_final.txt	AqTMK_196	AqTMK_281	34	34	True	6	1.0	False	
AqTMK_196_final.txt	AqTMK_95_final.txt	AqTMK_196	AqTMK_95	34	33	False	inf	1.0	False	
AqTMK_196_final.txt	AqTMK_111_final.txt	AqTMK_196	AqTMK_111	34	33	False	inf	1.0	False	
AqTMK_196_final.txt	AqTMK_109_final.txt	AqTMK_196	AqTMK_109	34	33	False	inf	1.0	False	
AqTMK_196_final.txt	AqTMK_116_final.txt	AqTMK_196	AqTMK_116	34	33	False	inf	1.0	False	
AqTMK_196_final.txt	AqTMK_120_final.txt	AqTMK_196	AqTMK_120	34	33	False	inf	1.0	False	
AqTMK_196_final.txt	AqTMK_139_final.txt	AqTMK_196	AqTMK_139	34	33	False	inf	1.0	False	
AqTMK_196_final.txt	AqTMK_156_final.txt	AqTMK_196	AqTMK_156	34	33	False	inf	1.0	False	
AqTMK_196_final.txt	AqTMK_163_final.txt	AqTMK_196	AqTMK_163	34	33	False	inf	1.0	False	
AqTMK_196_final.txt	AqTMK_197_final.txt	AqTMK_196	AqTMK_197	34	33	False	inf	1.0	False	
AqTMK_196_final.txt	AqTMK_171_final.txt	AqTMK_196	AqTMK_171	34	33	False	inf	1.0	False	
AqTMK_196_final.txt	AqTMK_186_final.txt	AqTMK_196	AqTMK_186	34	33	False	inf	1.0	False	
AqTMK_196_final.txt	AqTMK_200_final.txt	AqTMK_196	AqTMK_200	34	33	False	inf	1.0	False	
AqTMK_196_final.txt	AqTMK_208_final.txt	AqTMK_196	AqTMK_208	34	33	False	inf	1.0	False	
AqTMK_196_final.txt	AqTMK_223_final.txt	AqTMK_196	AqTMK_223	34	33	False	inf	1.0	False	
AqTMK_196_final.txt	AqTMK_229_final.txt	AqTMK_196	AqTMK_229	34	33	False	inf	1.0	False	
AqTMK_196_final.txt	AqTMK_230_final.txt	AqTMK_196	AqTMK_230	34	33	False	inf	1.0	False	
AqTMK_196_final.txt	AqTMK_233_final.txt	AqTMK_196	AqTMK_233	34	33	False	inf	1.0	False	
AqTMK_196_final.txt	AqTMK_231_final.txt	AqTMK_196	AqTMK_231	34	33	False	inf	1.0	False	
AqTMK_196_final.txt	AqTMK_257_final.txt	AqTMK_196	AqTMK_257	34	33	False	inf	1.0	False	
AqTMK_196_final.txt	AqTMK_259_final.txt	AqTMK_196	AqTMK_259	34	33	False	inf	1.0	False	
AqTMK_196_final.txt	AqTMK_262_final.txt	AqTMK_196	AqTMK_262	34	33	False	inf	1.0	False	
AqTMK_196_final.txt	AqTMK_270_final.txt	AqTMK_196	AqTMK_270	34	33	False	inf	1.0	False	
AqTMK_196_final.txt	AqTMK_273_final.txt	AqTMK_196	AqTMK_273	34	33	False	inf	1.0	False	
AqTMK_196_final.txt	AqTMK_284_final.txt	AqTMK_196	AqTMK_284	34	33	False	inf	1.0	False	
AqTMK_196_final.txt	AqTMK_285_final.txt	AqTMK_196	AqTMK_285	34	33	False	inf	1.0	False	
AqTMK_196_final.txt	AqTMK_295_final.txt	AqTMK_196	AqTMK_295	34	33	False	inf	1.0	False	
AqTMK_196_final.txt	AqTMK_287_final.txt	AqTMK_196	AqTMK_287	34	33	False	inf	1.0	False	
AqTMK_196_final.txt	AqTMK_311_final.txt	AqTMK_196	AqTMK_311	34	33	False	inf	1.0	False	
AqTMK_196_final.txt	AqTMK_54_final.txt	AqTMK_196	AqTMK_54	34	32	False	inf	1.0	False	
AqTMK_196_final.txt	AqTMK_56_final.txt	AqTMK_196	AqTMK_56	34	32	False	inf	1.0	False	
AqTMK_196_final.txt	AqTMK_59_final.txt	AqTMK_196	AqTMK_59	34	32	False	inf	1.0	False	
AqTMK_196_final.txt	AqTMK_62_final.txt	AqTMK_196	AqTMK_62	34	32	False	inf	1.0	False	
AqTMK_196_final.txt	AqTMK_68_final.txt	AqTMK_196	AqTMK_68	34	32	False	inf	1.0	False	
AqTMK_196_final.txt	AqTMK_70_final.txt	AqTMK_196	AqTMK_70	34	32	False	inf	1.0	False	
AqTMK_196_final.txt	AqTMK_63_final.txt	AqTMK_196	AqTMK_63	34	32	False	inf	1.0	False	
AqTMK_196_final.txt	AqTMK_79_final.txt	AqTMK_196	AqTMK_79	34	32	False	inf	1.0	False	
AqTMK_196_final.txt	AqTMK_81_final.txt	AqTMK_196	AqTMK_81	34	32	False	inf	1.0	False	
AqTMK_196_final.txt	AqTMK_82_final.txt	AqTMK_196	AqTMK_82	34	32	False	inf	1.0	False	
AqTMK_196_final.txt	AqTMK_84_final.txt	AqTMK_196	AqTMK_84	34	32	False	inf	1.0	False	
AqTMK_196_final.txt	AqTMK_85_final.txt	AqTMK_196	AqTMK_85	34	32	False	inf	1.0	False	
AqTMK_196_final.txt	AqTMK_91_final.txt	AqTMK_196	AqTMK_91	34	32	False	inf	1.0	False	
AqTMK_196_final.txt	AqTMK_89_final.txt	AqTMK_196	AqTMK_89	34	32	False	inf	1.0	False	
AqTMK_196_final.txt	AqTMK_93_final.txt	AqTMK_196	AqTMK_93	34	32	False	inf	1.0	False	
AqTMK_196_final.txt	AqTMK_98_final.txt	AqTMK_196	AqTMK_98	34	32	False	inf	1.0	False	
AqTMK_196_final.txt	AqTMK_99_final.txt	AqTMK_196	AqTMK_99	34	32	False	inf	1.0	False	
AqTMK_196_final.txt	AqTMK_101_final.txt	AqTMK_196	AqTMK_101	34	32	False	inf	1.0	False	
AqTMK_196_final.txt	AqTMK_103_final.txt	AqTMK_196	AqTMK_103	34	32	False	inf	1.0	False	
AqTMK_196_final.txt	AqTMK_104_final.txt	AqTMK_196	AqTMK_104	34	32	False	inf	1.0	False	
AqTMK_196_final.txt	AqTMK_117_final.txt	AqTMK_196	AqTMK_117	34	32	False	inf	1.0	False	
AqTMK_196_final.txt	AqTMK_114_final.txt	AqTMK_196	AqTMK_114	34	32	False	inf	1.0	False	
AqTMK_196_final.txt	AqTMK_106_final.txt	AqTMK_196	AqTMK_106	34	32	False	inf	1.0	False	
AqTMK_196_final.txt	AqTMK_118_final.txt	AqTMK_196	AqTMK_118	34	32	False	inf	1.0	False	
AqTMK_196_final.txt	AqTMK_131_final.txt	AqTMK_196	AqTMK_131	34	32	False	inf	1.0	False	
AqTMK_196_final.txt	AqTMK_149_final.txt	AqTMK_196	AqTMK_149	34	32	False	inf	1.0	False	
AqTMK_196_final.txt	AqTMK_155_final.txt	AqTMK_196	AqTMK_155	34	32	False	inf	1.0	False	
AqTMK_196_final.txt	AqTMK_159_final.txt	AqTMK_196	AqTMK_159	34	32	False	inf	1.0	False	
AqTMK_196_final.txt	AqTMK_179_final.txt	AqTMK_196	AqTMK_179	34	32	False	inf	1.0	False	
AqTMK_196_final.txt	AqTMK_165_final.txt	AqTMK_196	AqTMK_165	34	32	False	inf	1.0	False	
AqTMK_196_final.txt	AqTMK_173_final.txt	AqTMK_196	AqTMK_173	34	32	False	inf	1.0	False	
AqTMK_196_final.txt	AqTMK_181_final.txt	AqTMK_196	AqTMK_181	34	32	False	inf	1.0	False	
AqTMK_196_final.txt	AqTMK_187_final.txt	AqTMK_196	AqTMK_187	34	32	False	inf	1.0	False	
AqTMK_196_final.txt	AqTMK_188_final.txt	AqTMK_196	AqTMK_188	34	32	False	inf	1.0	False	
AqTMK_196_final.txt	AqTMK_191_final.txt	AqTMK_196	AqTMK_191	34	32	False	inf	1.0	False	
AqTMK_196_final.txt	AqTMK_198_final.txt	AqTMK_196	AqTMK_198	34	32	False	inf	1.0	False	
AqTMK_196_final.txt	AqTMK_219_final.txt	AqTMK_196	AqTMK_219	34	32	False	inf	1.0	False	
AqTMK_196_final.txt	AqTMK_224_final.txt	AqTMK_196	AqTMK_224	34	32	False	inf	1.0	False	
AqTMK_196_final.txt	AqTMK_218_final.txt	AqTMK_196	AqTMK_218	34	32	False	inf	1.0	False	
AqTMK_196_final.txt	AqTMK_234_final.txt	AqTMK_196	AqTMK_234	34	32	False	inf	1.0	False	
AqTMK_196_final.txt	AqTMK_236_final.txt	AqTMK_196	AqTMK_236	34	32	False	inf	1.0	False	
AqTMK_196_final.txt	AqTMK_240_final.txt	AqTMK_196	AqTMK_240	34	32	False	inf	1.0	False	
AqTMK_196_final.txt	AqTMK_242_final.txt	AqTMK_196	AqTMK_242	34	32	False	inf	1.0	False	
AqTMK_196_final.txt	AqTMK_245_final.txt	AqTMK_196	AqTMK_245	34	32	False	inf	1.0	False	
AqTMK_196_final.txt	AqTMK_249_final.txt	AqTMK_196	AqTMK_249	34	32	False	inf	1.0	False	
AqTMK_196_final.txt	AqTMK_267_final.txt	AqTMK_196	AqTMK_267	34	32	False	inf	1.0	False	
AqTMK_196_final.txt	AqTMK_263_final.txt	AqTMK_196	AqTMK_263	34	32	False	inf	1.0	False	
AqTMK_196_final.txt	AqTMK_272_final.txt	AqTMK_196	AqTMK_272	34	32	False	inf	1.0	False	
AqTMK_196_final.txt	AqTMK_274_final.txt	AqTMK_196	AqTMK_274	34	32	False	inf	1.0	False	
AqTMK_196_final.txt	AqTMK_275_final.txt	AqTMK_196	AqTMK_275	34	32	False	inf	1.0	False	
AqTMK_196_final.txt	AqTMK_279_final.txt	AqTMK_196	AqTMK_279	34	32	False	inf	1.0	False	
AqTMK_196_final.txt	AqTMK_286_final.txt	AqTMK_196	AqTMK_286	34	32	False	inf	1.0	False	
AqTMK_196_final.txt	AqTMK_299_final.txt	AqTMK_196	AqTMK_299	34	32	False	inf	1.0	False	
AqTMK_196_final.txt	AqTMK_290_final.txt	AqTMK_196	AqTMK_290	34	32	False	inf	1.0	False	
AqTMK_196_final.txt	AqTMK_292_final.txt	AqTMK_196	AqTMK_292	34	32	False	inf	1.0	False	
AqTMK_196_final.txt	AqTMK_309_final.txt	AqTMK_196	AqTMK_309	34	32	False	inf	1.0	False	
AqTMK_196_final.txt	AqTMK_45_final.txt	AqTMK_196	AqTMK_45	34	31	False	inf	1.0	False	
AqTMK_196_final.txt	AqTMK_47_final.txt	AqTMK_196	AqTMK_47	34	31	False	inf	1.0	False	
AqTMK_196_final.txt	AqTMK_48_final.txt	AqTMK_196	AqTMK_48	34	31	False	inf	1.0	False	
AqTMK_196_final.txt	AqTMK_53_final.txt	AqTMK_196	AqTMK_53	34	31	False	inf	1.0	False	
AqTMK_196_final.txt	AqTMK_57_final.txt	AqTMK_196	AqTMK_57	34	31	False	inf	1.0	False	
AqTMK_196_final.txt	AqTMK_72_final.txt	AqTMK_196	AqTMK_72	34	31	False	inf	1.0	False	
AqTMK_196_final.txt	AqTMK_73_final.txt	AqTMK_196	AqTMK_73	34	31	False	inf	1.0	False	
AqTMK_196_final.txt	AqTMK_76_final.txt	AqTMK_196	AqTMK_76	34	31	False	inf	1.0	False	
AqTMK_196_final.txt	AqTMK_92_final.txt	AqTMK_196	AqTMK_92	34	31	False	inf	1.0	False	
AqTMK_196_final.txt	AqTMK_94_final.txt	AqTMK_196	AqTMK_94	34	31	False	inf	1.0	False	
AqTMK_196_final.txt	AqTMK_108_final.txt	AqTMK_196	AqTMK_108	34	31	False	inf	1.0	False	
AqTMK_196_final.txt	AqTMK_110_final.txt	AqTMK_196	AqTMK_110	34	31	False	inf	1.0	False	
AqTMK_196_final.txt	AqTMK_112_final.txt	AqTMK_196	AqTMK_112	34	31	False	inf	1.0	False	
AqTMK_196_final.txt	AqTMK_119_final.txt	AqTMK_196	AqTMK_119	34	31	False	inf	1.0	False	
AqTMK_196_final.txt	AqTMK_122_final.txt	AqTMK_196	AqTMK_122	34	31	False	inf	1.0	False	
AqTMK_196_final.txt	AqTMK_123_final.txt	AqTMK_196	AqTMK_123	34	31	False	inf	1.0	False	
AqTMK_196_final.txt	AqTMK_132_final.txt	AqTMK_196	AqTMK_132	34	31	False	inf	1.0	False	
AqTMK_196_final.txt	AqTMK_133_final.txt	AqTMK_196	AqTMK_133	34	31	False	inf	1.0	False	
AqTMK_196_final.txt	AqTMK_167_final.txt	AqTMK_196	AqTMK_167	34	31	False	inf	1.0	False	
AqTMK_196_final.txt	AqTMK_172_final.txt	AqTMK_196	AqTMK_172	34	31	False	inf	1.0	False	
AqTMK_196_final.txt	AqTMK_178_final.txt	AqTMK_196	AqTMK_178	34	31	False	inf	1.0	False	
AqTMK_196_final.txt	AqTMK_184_final.txt	AqTMK_196	AqTMK_184	34	31	False	inf	1.0	False	
AqTMK_196_final.txt	AqTMK_195_final.txt	AqTMK_196	AqTMK_195	34	31	False	inf	1.0	False	
AqTMK_196_final.txt	AqTMK_201_final.txt	AqTMK_196	AqTMK_201	34	31	False	inf	1.0	False	
AqTMK_196_final.txt	AqTMK_211_final.txt	AqTMK_196	AqTMK_211	34	31	False	inf	1.0	False	
AqTMK_196_final.txt	AqTMK_237_final.txt	AqTMK_196	AqTMK_237	34	31	False	inf	1.0	False	
AqTMK_196_final.txt	AqTMK_238_final.txt	AqTMK_196	AqTMK_238	34	31	False	inf	1.0	False	
AqTMK_196_final.txt	AqTMK_253_final.txt	AqTMK_196	AqTMK_253	34	31	False	inf	1.0	False	
AqTMK_196_final.txt	AqTMK_277_final.txt	AqTMK_196	AqTMK_277	34	31	False	inf	1.0	False	
AqTMK_196_final.txt	AqTMK_276_final.txt	AqTMK_196	AqTMK_276	34	31	False	inf	1.0	False	
AqTMK_196_final.txt	AqTMK_288_final.txt	AqTMK_196	AqTMK_288	34	31	False	inf	1.0	False	
AqTMK_196_final.txt	AqTMK_300_final.txt	AqTMK_196	AqTMK_300	34	31	False	inf	1.0	False	
AqTMK_196_final.txt	AqTMK_33_final.txt	AqTMK_196	AqTMK_33	34	30	False	inf	1.0	False	
AqTMK_196_final.txt	AqTMK_43_final.txt	AqTMK_196	AqTMK_43	34	30	False	inf	1.0	False	
AqTMK_196_final.txt	AqTMK_49_final.txt	AqTMK_196	AqTMK_49	34	30	False	inf	1.0	False	
AqTMK_196_final.txt	AqTMK_50_final.txt	AqTMK_196	AqTMK_50	34	30	False	inf	1.0	False	
AqTMK_196_final.txt	AqTMK_66_final.txt	AqTMK_196	AqTMK_66	34	30	False	inf	1.0	False	
AqTMK_196_final.txt	AqTMK_102_final.txt	AqTMK_196	AqTMK_102	34	30	False	inf	1.0	False	
AqTMK_196_final.txt	AqTMK_124_final.txt	AqTMK_196	AqTMK_124	34	30	False	inf	1.0	False	
AqTMK_196_final.txt	AqTMK_153_final.txt	AqTMK_196	AqTMK_153	34	30	False	inf	1.0	False	
AqTMK_196_final.txt	AqTMK_193_final.txt	AqTMK_196	AqTMK_193	34	30	False	inf	1.0	False	
AqTMK_196_final.txt	AqTMK_264_final.txt	AqTMK_196	AqTMK_264	34	30	False	inf	1.0	False	
AqTMK_196_final.txt	AqTMK_121_final.txt	AqTMK_196	AqTMK_121	34	29	False	inf	1.0	False	
AqTMK_207_final.txt	AqTMK_244_final.txt	AqTMK_207	AqTMK_244	34	34	True	3	1.0	False	
AqTMK_207_final.txt	AqTMK_246_final.txt	AqTMK_207	AqTMK_246	34	34	True	4	1.0	False	
AqTMK_207_final.txt	AqTMK_217_final.txt	AqTMK_207	AqTMK_217	34	34	True	8	1.0	False	
AqTMK_207_final.txt	AqTMK_261_final.txt	AqTMK_207	AqTMK_261	34	34	True	7	1.0	False	
AqTMK_207_final.txt	AqTMK_69_final.txt	AqTMK_207	AqTMK_69	34	33	False	inf	1.0	False	
AqTMK_207_final.txt	AqTMK_87_final.txt	AqTMK_207	AqTMK_87	34	33	False	inf	1.0	False	
AqTMK_207_final.txt	AqTMK_95_final.txt	AqTMK_207	AqTMK_95	34	33	False	inf	1.0	False	
AqTMK_207_final.txt	AqTMK_281_final.txt	AqTMK_207	AqTMK_281	34	34	True	7	1.0	False	
AqTMK_207_final.txt	AqTMK_111_final.txt	AqTMK_207	AqTMK_111	34	33	False	inf	1.0	False	
AqTMK_207_final.txt	AqTMK_116_final.txt	AqTMK_207	AqTMK_116	34	33	False	inf	1.0	False	
AqTMK_207_final.txt	AqTMK_109_final.txt	AqTMK_207	AqTMK_109	34	33	False	inf	1.0	False	
AqTMK_207_final.txt	AqTMK_120_final.txt	AqTMK_207	AqTMK_120	34	33	False	inf	1.0	False	
AqTMK_207_final.txt	AqTMK_139_final.txt	AqTMK_207	AqTMK_139	34	33	False	inf	1.0	False	
AqTMK_207_final.txt	AqTMK_156_final.txt	AqTMK_207	AqTMK_156	34	33	False	inf	1.0	False	
AqTMK_207_final.txt	AqTMK_163_final.txt	AqTMK_207	AqTMK_163	34	33	False	inf	1.0	False	
AqTMK_207_final.txt	AqTMK_171_final.txt	AqTMK_207	AqTMK_171	34	33	False	inf	1.0	False	
AqTMK_207_final.txt	AqTMK_200_final.txt	AqTMK_207	AqTMK_200	34	33	False	inf	1.0	False	
AqTMK_207_final.txt	AqTMK_197_final.txt	AqTMK_207	AqTMK_197	34	33	False	inf	1.0	False	
AqTMK_207_final.txt	AqTMK_186_final.txt	AqTMK_207	AqTMK_186	34	33	False	inf	1.0	False	
AqTMK_207_final.txt	AqTMK_208_final.txt	AqTMK_207	AqTMK_208	34	33	False	inf	1.0	False	
AqTMK_207_final.txt	AqTMK_223_final.txt	AqTMK_207	AqTMK_223	34	33	False	inf	1.0	False	
AqTMK_207_final.txt	AqTMK_229_final.txt	AqTMK_207	AqTMK_229	34	33	False	inf	1.0	False	
AqTMK_207_final.txt	AqTMK_230_final.txt	AqTMK_207	AqTMK_230	34	33	False	inf	1.0	False	
AqTMK_207_final.txt	AqTMK_231_final.txt	AqTMK_207	AqTMK_231	34	33	False	inf	1.0	False	
AqTMK_207_final.txt	AqTMK_259_final.txt	AqTMK_207	AqTMK_259	34	33	False	inf	1.0	False	
AqTMK_207_final.txt	AqTMK_257_final.txt	AqTMK_207	AqTMK_257	34	33	False	inf	1.0	False	
AqTMK_207_final.txt	AqTMK_233_final.txt	AqTMK_207	AqTMK_233	34	33	False	inf	1.0	False	
AqTMK_207_final.txt	AqTMK_262_final.txt	AqTMK_207	AqTMK_262	34	33	False	inf	1.0	False	
AqTMK_207_final.txt	AqTMK_270_final.txt	AqTMK_207	AqTMK_270	34	33	False	inf	1.0	False	
AqTMK_207_final.txt	AqTMK_273_final.txt	AqTMK_207	AqTMK_273	34	33	False	inf	1.0	False	
AqTMK_207_final.txt	AqTMK_284_final.txt	AqTMK_207	AqTMK_284	34	33	False	inf	1.0	False	
AqTMK_207_final.txt	AqTMK_285_final.txt	AqTMK_207	AqTMK_285	34	33	False	inf	1.0	False	
AqTMK_207_final.txt	AqTMK_287_final.txt	AqTMK_207	AqTMK_287	34	33	False	inf	1.0	False	
AqTMK_207_final.txt	AqTMK_295_final.txt	AqTMK_207	AqTMK_295	34	33	False	inf	1.0	False	
AqTMK_207_final.txt	AqTMK_311_final.txt	AqTMK_207	AqTMK_311	34	33	False	inf	1.0	False	
AqTMK_207_final.txt	AqTMK_54_final.txt	AqTMK_207	AqTMK_54	34	32	False	inf	1.0	False	
AqTMK_207_final.txt	AqTMK_56_final.txt	AqTMK_207	AqTMK_56	34	32	False	inf	1.0	False	
AqTMK_207_final.txt	AqTMK_59_final.txt	AqTMK_207	AqTMK_59	34	32	False	inf	1.0	False	
AqTMK_207_final.txt	AqTMK_62_final.txt	AqTMK_207	AqTMK_62	34	32	False	inf	1.0	False	
AqTMK_207_final.txt	AqTMK_63_final.txt	AqTMK_207	AqTMK_63	34	32	False	inf	1.0	False	
AqTMK_207_final.txt	AqTMK_68_final.txt	AqTMK_207	AqTMK_68	34	32	False	inf	1.0	False	
AqTMK_207_final.txt	AqTMK_70_final.txt	AqTMK_207	AqTMK_70	34	32	False	inf	1.0	False	
AqTMK_207_final.txt	AqTMK_79_final.txt	AqTMK_207	AqTMK_79	34	32	False	inf	1.0	False	
AqTMK_207_final.txt	AqTMK_81_final.txt	AqTMK_207	AqTMK_81	34	32	False	inf	1.0	False	
AqTMK_207_final.txt	AqTMK_82_final.txt	AqTMK_207	AqTMK_82	34	32	False	inf	1.0	False	
AqTMK_207_final.txt	AqTMK_84_final.txt	AqTMK_207	AqTMK_84	34	32	False	inf	1.0	False	
AqTMK_207_final.txt	AqTMK_85_final.txt	AqTMK_207	AqTMK_85	34	32	False	inf	1.0	False	
AqTMK_207_final.txt	AqTMK_89_final.txt	AqTMK_207	AqTMK_89	34	32	False	inf	1.0	False	
AqTMK_207_final.txt	AqTMK_91_final.txt	AqTMK_207	AqTMK_91	34	32	False	inf	1.0	False	
AqTMK_207_final.txt	AqTMK_93_final.txt	AqTMK_207	AqTMK_93	34	32	False	inf	1.0	False	
AqTMK_207_final.txt	AqTMK_98_final.txt	AqTMK_207	AqTMK_98	34	32	False	inf	1.0	False	
AqTMK_207_final.txt	AqTMK_99_final.txt	AqTMK_207	AqTMK_99	34	32	False	inf	1.0	False	
AqTMK_207_final.txt	AqTMK_101_final.txt	AqTMK_207	AqTMK_101	34	32	False	inf	1.0	False	
AqTMK_207_final.txt	AqTMK_103_final.txt	AqTMK_207	AqTMK_103	34	32	False	inf	1.0	False	
AqTMK_207_final.txt	AqTMK_104_final.txt	AqTMK_207	AqTMK_104	34	32	False	inf	1.0	False	
AqTMK_207_final.txt	AqTMK_106_final.txt	AqTMK_207	AqTMK_106	34	32	False	inf	1.0	False	
AqTMK_207_final.txt	AqTMK_117_final.txt	AqTMK_207	AqTMK_117	34	32	False	inf	1.0	False	
AqTMK_207_final.txt	AqTMK_114_final.txt	AqTMK_207	AqTMK_114	34	32	False	inf	1.0	False	
AqTMK_207_final.txt	AqTMK_118_final.txt	AqTMK_207	AqTMK_118	34	32	False	inf	1.0	False	
AqTMK_207_final.txt	AqTMK_131_final.txt	AqTMK_207	AqTMK_131	34	32	False	inf	1.0	False	
AqTMK_207_final.txt	AqTMK_149_final.txt	AqTMK_207	AqTMK_149	34	32	False	inf	1.0	False	
AqTMK_207_final.txt	AqTMK_155_final.txt	AqTMK_207	AqTMK_155	34	32	False	inf	1.0	False	
AqTMK_207_final.txt	AqTMK_159_final.txt	AqTMK_207	AqTMK_159	34	32	False	inf	1.0	False	
AqTMK_207_final.txt	AqTMK_165_final.txt	AqTMK_207	AqTMK_165	34	32	False	inf	1.0	False	
AqTMK_207_final.txt	AqTMK_173_final.txt	AqTMK_207	AqTMK_173	34	32	False	inf	1.0	False	
AqTMK_207_final.txt	AqTMK_181_final.txt	AqTMK_207	AqTMK_181	34	32	False	inf	1.0	False	
AqTMK_207_final.txt	AqTMK_179_final.txt	AqTMK_207	AqTMK_179	34	32	False	inf	1.0	False	
AqTMK_207_final.txt	AqTMK_187_final.txt	AqTMK_207	AqTMK_187	34	32	False	inf	1.0	False	
AqTMK_207_final.txt	AqTMK_188_final.txt	AqTMK_207	AqTMK_188	34	32	False	inf	1.0	False	
AqTMK_207_final.txt	AqTMK_191_final.txt	AqTMK_207	AqTMK_191	34	32	False	inf	1.0	False	
AqTMK_207_final.txt	AqTMK_198_final.txt	AqTMK_207	AqTMK_198	34	32	False	inf	1.0	False	
AqTMK_207_final.txt	AqTMK_218_final.txt	AqTMK_207	AqTMK_218	34	32	False	inf	1.0	False	
AqTMK_207_final.txt	AqTMK_234_final.txt	AqTMK_207	AqTMK_234	34	32	False	inf	1.0	False	
AqTMK_207_final.txt	AqTMK_224_final.txt	AqTMK_207	AqTMK_224	34	32	False	inf	1.0	False	
AqTMK_207_final.txt	AqTMK_219_final.txt	AqTMK_207	AqTMK_219	34	32	False	inf	1.0	False	
AqTMK_207_final.txt	AqTMK_236_final.txt	AqTMK_207	AqTMK_236	34	32	False	inf	1.0	False	
AqTMK_207_final.txt	AqTMK_240_final.txt	AqTMK_207	AqTMK_240	34	32	False	inf	1.0	False	
AqTMK_207_final.txt	AqTMK_242_final.txt	AqTMK_207	AqTMK_242	34	32	False	inf	1.0	False	
AqTMK_207_final.txt	AqTMK_245_final.txt	AqTMK_207	AqTMK_245	34	32	False	inf	1.0	False	
AqTMK_207_final.txt	AqTMK_249_final.txt	AqTMK_207	AqTMK_249	34	32	False	inf	1.0	False	
AqTMK_207_final.txt	AqTMK_267_final.txt	AqTMK_207	AqTMK_267	34	32	False	inf	1.0	False	
AqTMK_207_final.txt	AqTMK_272_final.txt	AqTMK_207	AqTMK_272	34	32	False	inf	1.0	False	
AqTMK_207_final.txt	AqTMK_263_final.txt	AqTMK_207	AqTMK_263	34	32	False	inf	1.0	False	
AqTMK_207_final.txt	AqTMK_274_final.txt	AqTMK_207	AqTMK_274	34	32	False	inf	1.0	False	
AqTMK_207_final.txt	AqTMK_275_final.txt	AqTMK_207	AqTMK_275	34	32	False	inf	1.0	False	
AqTMK_207_final.txt	AqTMK_279_final.txt	AqTMK_207	AqTMK_279	34	32	False	inf	1.0	False	
AqTMK_207_final.txt	AqTMK_286_final.txt	AqTMK_207	AqTMK_286	34	32	False	inf	1.0	False	
AqTMK_207_final.txt	AqTMK_290_final.txt	AqTMK_207	AqTMK_290	34	32	False	inf	1.0	False	
AqTMK_207_final.txt	AqTMK_292_final.txt	AqTMK_207	AqTMK_292	34	32	False	inf	1.0	False	
AqTMK_207_final.txt	AqTMK_309_final.txt	AqTMK_207	AqTMK_309	34	32	False	inf	1.0	False	
AqTMK_207_final.txt	AqTMK_299_final.txt	AqTMK_207	AqTMK_299	34	32	False	inf	1.0	False	
AqTMK_207_final.txt	AqTMK_45_final.txt	AqTMK_207	AqTMK_45	34	31	False	inf	1.0	False	
AqTMK_207_final.txt	AqTMK_47_final.txt	AqTMK_207	AqTMK_47	34	31	False	inf	1.0	False	
AqTMK_207_final.txt	AqTMK_48_final.txt	AqTMK_207	AqTMK_48	34	31	False	inf	1.0	False	
AqTMK_207_final.txt	AqTMK_53_final.txt	AqTMK_207	AqTMK_53	34	31	False	inf	1.0	False	
AqTMK_207_final.txt	AqTMK_57_final.txt	AqTMK_207	AqTMK_57	34	31	False	inf	1.0	False	
AqTMK_207_final.txt	AqTMK_73_final.txt	AqTMK_207	AqTMK_73	34	31	False	inf	1.0	False	
AqTMK_207_final.txt	AqTMK_72_final.txt	AqTMK_207	AqTMK_72	34	31	False	inf	1.0	False	
AqTMK_207_final.txt	AqTMK_76_final.txt	AqTMK_207	AqTMK_76	34	31	False	inf	1.0	False	
AqTMK_207_final.txt	AqTMK_92_final.txt	AqTMK_207	AqTMK_92	34	31	False	inf	1.0	False	
AqTMK_207_final.txt	AqTMK_94_final.txt	AqTMK_207	AqTMK_94	34	31	False	inf	1.0	False	
AqTMK_207_final.txt	AqTMK_108_final.txt	AqTMK_207	AqTMK_108	34	31	False	inf	1.0	False	
AqTMK_207_final.txt	AqTMK_110_final.txt	AqTMK_207	AqTMK_110	34	31	False	inf	1.0	False	
AqTMK_207_final.txt	AqTMK_112_final.txt	AqTMK_207	AqTMK_112	34	31	False	inf	1.0	False	
AqTMK_207_final.txt	AqTMK_119_final.txt	AqTMK_207	AqTMK_119	34	31	False	inf	1.0	False	
AqTMK_207_final.txt	AqTMK_123_final.txt	AqTMK_207	AqTMK_123	34	31	False	inf	1.0	False	
AqTMK_207_final.txt	AqTMK_122_final.txt	AqTMK_207	AqTMK_122	34	31	False	inf	1.0	False	
AqTMK_207_final.txt	AqTMK_132_final.txt	AqTMK_207	AqTMK_132	34	31	False	inf	1.0	False	
AqTMK_207_final.txt	AqTMK_133_final.txt	AqTMK_207	AqTMK_133	34	31	False	inf	1.0	False	
AqTMK_207_final.txt	AqTMK_167_final.txt	AqTMK_207	AqTMK_167	34	31	False	inf	1.0	False	
AqTMK_207_final.txt	AqTMK_172_final.txt	AqTMK_207	AqTMK_172	34	31	False	inf	1.0	False	
AqTMK_207_final.txt	AqTMK_178_final.txt	AqTMK_207	AqTMK_178	34	31	False	inf	1.0	False	
AqTMK_207_final.txt	AqTMK_195_final.txt	AqTMK_207	AqTMK_195	34	31	False	inf	1.0	False	
AqTMK_207_final.txt	AqTMK_184_final.txt	AqTMK_207	AqTMK_184	34	31	False	inf	1.0	False	
AqTMK_207_final.txt	AqTMK_201_final.txt	AqTMK_207	AqTMK_201	34	31	False	inf	1.0	False	
AqTMK_207_final.txt	AqTMK_211_final.txt	AqTMK_207	AqTMK_211	34	31	False	inf	1.0	False	
AqTMK_207_final.txt	AqTMK_237_final.txt	AqTMK_207	AqTMK_237	34	31	False	inf	1.0	False	
AqTMK_207_final.txt	AqTMK_238_final.txt	AqTMK_207	AqTMK_238	34	31	False	inf	1.0	False	
AqTMK_207_final.txt	AqTMK_253_final.txt	AqTMK_207	AqTMK_253	34	31	False	inf	1.0	False	
AqTMK_207_final.txt	AqTMK_276_final.txt	AqTMK_207	AqTMK_276	34	31	False	inf	1.0	False	
AqTMK_207_final.txt	AqTMK_288_final.txt	AqTMK_207	AqTMK_288	34	31	False	inf	1.0	False	
AqTMK_207_final.txt	AqTMK_300_final.txt	AqTMK_207	AqTMK_300	34	31	False	inf	1.0	False	
AqTMK_207_final.txt	AqTMK_277_final.txt	AqTMK_207	AqTMK_277	34	31	False	inf	1.0	False	
AqTMK_207_final.txt	AqTMK_33_final.txt	AqTMK_207	AqTMK_33	34	30	False	inf	1.0	False	
AqTMK_207_final.txt	AqTMK_43_final.txt	AqTMK_207	AqTMK_43	34	30	False	inf	1.0	False	
AqTMK_207_final.txt	AqTMK_49_final.txt	AqTMK_207	AqTMK_49	34	30	False	inf	1.0	False	
AqTMK_207_final.txt	AqTMK_50_final.txt	AqTMK_207	AqTMK_50	34	30	False	inf	1.0	False	
AqTMK_207_final.txt	AqTMK_66_final.txt	AqTMK_207	AqTMK_66	34	30	False	inf	1.0	False	
AqTMK_207_final.txt	AqTMK_102_final.txt	AqTMK_207	AqTMK_102	34	30	False	inf	1.0	False	
AqTMK_207_final.txt	AqTMK_124_final.txt	AqTMK_207	AqTMK_124	34	30	False	inf	1.0	False	
AqTMK_207_final.txt	AqTMK_153_final.txt	AqTMK_207	AqTMK_153	34	30	False	inf	1.0	False	
AqTMK_207_final.txt	AqTMK_193_final.txt	AqTMK_207	AqTMK_193	34	30	False	inf	1.0	False	
AqTMK_207_final.txt	AqTMK_264_final.txt	AqTMK_207	AqTMK_264	34	30	False	inf	1.0	False	
AqTMK_207_final.txt	AqTMK_121_final.txt	AqTMK_207	AqTMK_121	34	29	False	inf	1.0	False	
AqTMK_217_final.txt	AqTMK_244_final.txt	AqTMK_217	AqTMK_244	34	34	True	6	1.0	False	
AqTMK_217_final.txt	AqTMK_246_final.txt	AqTMK_217	AqTMK_246	34	34	True	6	1.0	False	
AqTMK_217_final.txt	AqTMK_281_final.txt	AqTMK_217	AqTMK_281	34	34	True	4	1.0	False	
AqTMK_217_final.txt	AqTMK_69_final.txt	AqTMK_217	AqTMK_69	34	33	False	inf	1.0	False	
AqTMK_217_final.txt	AqTMK_87_final.txt	AqTMK_217	AqTMK_87	34	33	False	inf	1.0	False	
AqTMK_217_final.txt	AqTMK_95_final.txt	AqTMK_217	AqTMK_95	34	33	False	inf	1.0	False	
AqTMK_217_final.txt	AqTMK_109_final.txt	AqTMK_217	AqTMK_109	34	33	False	inf	1.0	False	
AqTMK_217_final.txt	AqTMK_261_final.txt	AqTMK_217	AqTMK_261	34	34	True	10	1.0	False	
AqTMK_217_final.txt	AqTMK_120_final.txt	AqTMK_217	AqTMK_120	34	33	False	inf	1.0	False	
AqTMK_217_final.txt	AqTMK_111_final.txt	AqTMK_217	AqTMK_111	34	33	False	inf	1.0	False	
AqTMK_217_final.txt	AqTMK_116_final.txt	AqTMK_217	AqTMK_116	34	33	False	inf	1.0	False	
AqTMK_217_final.txt	AqTMK_139_final.txt	AqTMK_217	AqTMK_139	34	33	False	inf	1.0	False	
AqTMK_217_final.txt	AqTMK_156_final.txt	AqTMK_217	AqTMK_156	34	33	False	inf	1.0	False	
AqTMK_217_final.txt	AqTMK_163_final.txt	AqTMK_217	AqTMK_163	34	33	False	inf	1.0	False	
AqTMK_217_final.txt	AqTMK_171_final.txt	AqTMK_217	AqTMK_171	34	33	False	inf	1.0	False	
AqTMK_217_final.txt	AqTMK_186_final.txt	AqTMK_217	AqTMK_186	34	33	False	inf	1.0	False	
AqTMK_217_final.txt	AqTMK_197_final.txt	AqTMK_217	AqTMK_197	34	33	False	inf	1.0	False	
AqTMK_217_final.txt	AqTMK_208_final.txt	AqTMK_217	AqTMK_208	34	33	False	inf	1.0	False	
AqTMK_217_final.txt	AqTMK_200_final.txt	AqTMK_217	AqTMK_200	34	33	False	inf	1.0	False	
AqTMK_217_final.txt	AqTMK_223_final.txt	AqTMK_217	AqTMK_223	34	33	False	inf	1.0	False	
AqTMK_217_final.txt	AqTMK_229_final.txt	AqTMK_217	AqTMK_229	34	33	False	inf	1.0	False	
AqTMK_217_final.txt	AqTMK_230_final.txt	AqTMK_217	AqTMK_230	34	33	False	inf	1.0	False	
AqTMK_217_final.txt	AqTMK_231_final.txt	AqTMK_217	AqTMK_231	34	33	False	inf	1.0	False	
AqTMK_217_final.txt	AqTMK_233_final.txt	AqTMK_217	AqTMK_233	34	33	False	inf	1.0	False	
AqTMK_217_final.txt	AqTMK_262_final.txt	AqTMK_217	AqTMK_262	34	33	False	inf	1.0	False	
AqTMK_217_final.txt	AqTMK_257_final.txt	AqTMK_217	AqTMK_257	34	33	False	inf	1.0	False	
AqTMK_217_final.txt	AqTMK_259_final.txt	AqTMK_217	AqTMK_259	34	33	False	inf	1.0	False	
AqTMK_217_final.txt	AqTMK_270_final.txt	AqTMK_217	AqTMK_270	34	33	False	inf	1.0	False	
AqTMK_217_final.txt	AqTMK_273_final.txt	AqTMK_217	AqTMK_273	34	33	False	inf	1.0	False	
AqTMK_217_final.txt	AqTMK_284_final.txt	AqTMK_217	AqTMK_284	34	33	False	inf	1.0	False	
AqTMK_217_final.txt	AqTMK_285_final.txt	AqTMK_217	AqTMK_285	34	33	False	inf	1.0	False	
AqTMK_217_final.txt	AqTMK_287_final.txt	AqTMK_217	AqTMK_287	34	33	False	inf	1.0	False	
AqTMK_217_final.txt	AqTMK_54_final.txt	AqTMK_217	AqTMK_54	34	32	False	inf	1.0	False	
AqTMK_217_final.txt	AqTMK_311_final.txt	AqTMK_217	AqTMK_311	34	33	False	inf	1.0	False	
AqTMK_217_final.txt	AqTMK_295_final.txt	AqTMK_217	AqTMK_295	34	33	False	inf	1.0	False	
AqTMK_217_final.txt	AqTMK_56_final.txt	AqTMK_217	AqTMK_56	34	32	False	inf	1.0	False	
AqTMK_217_final.txt	AqTMK_59_final.txt	AqTMK_217	AqTMK_59	34	32	False	inf	1.0	False	
AqTMK_217_final.txt	AqTMK_62_final.txt	AqTMK_217	AqTMK_62	34	32	False	inf	1.0	False	
AqTMK_217_final.txt	AqTMK_63_final.txt	AqTMK_217	AqTMK_63	34	32	False	inf	1.0	False	
AqTMK_217_final.txt	AqTMK_68_final.txt	AqTMK_217	AqTMK_68	34	32	False	inf	1.0	False	
AqTMK_217_final.txt	AqTMK_79_final.txt	AqTMK_217	AqTMK_79	34	32	False	inf	1.0	False	
AqTMK_217_final.txt	AqTMK_70_final.txt	AqTMK_217	AqTMK_70	34	32	False	inf	1.0	False	
AqTMK_217_final.txt	AqTMK_81_final.txt	AqTMK_217	AqTMK_81	34	32	False	inf	1.0	False	
AqTMK_217_final.txt	AqTMK_82_final.txt	AqTMK_217	AqTMK_82	34	32	False	inf	1.0	False	
AqTMK_217_final.txt	AqTMK_84_final.txt	AqTMK_217	AqTMK_84	34	32	False	inf	1.0	False	
AqTMK_217_final.txt	AqTMK_85_final.txt	AqTMK_217	AqTMK_85	34	32	False	inf	1.0	False	
AqTMK_217_final.txt	AqTMK_89_final.txt	AqTMK_217	AqTMK_89	34	32	False	inf	1.0	False	
AqTMK_217_final.txt	AqTMK_91_final.txt	AqTMK_217	AqTMK_91	34	32	False	inf	1.0	False	
AqTMK_217_final.txt	AqTMK_99_final.txt	AqTMK_217	AqTMK_99	34	32	False	inf	1.0	False	
AqTMK_217_final.txt	AqTMK_98_final.txt	AqTMK_217	AqTMK_98	34	32	False	inf	1.0	False	
AqTMK_217_final.txt	AqTMK_93_final.txt	AqTMK_217	AqTMK_93	34	32	False	inf	1.0	False	
AqTMK_217_final.txt	AqTMK_101_final.txt	AqTMK_217	AqTMK_101	34	32	False	inf	1.0	False	
AqTMK_217_final.txt	AqTMK_103_final.txt	AqTMK_217	AqTMK_103	34	32	False	inf	1.0	False	
AqTMK_217_final.txt	AqTMK_104_final.txt	AqTMK_217	AqTMK_104	34	32	False	inf	1.0	False	
AqTMK_217_final.txt	AqTMK_106_final.txt	AqTMK_217	AqTMK_106	34	32	False	inf	1.0	False	
AqTMK_217_final.txt	AqTMK_114_final.txt	AqTMK_217	AqTMK_114	34	32	False	inf	1.0	False	
AqTMK_217_final.txt	AqTMK_117_final.txt	AqTMK_217	AqTMK_117	34	32	False	inf	1.0	False	
AqTMK_217_final.txt	AqTMK_118_final.txt	AqTMK_217	AqTMK_118	34	32	False	inf	1.0	False	
AqTMK_217_final.txt	AqTMK_131_final.txt	AqTMK_217	AqTMK_131	34	32	False	inf	1.0	False	
AqTMK_217_final.txt	AqTMK_149_final.txt	AqTMK_217	AqTMK_149	34	32	False	inf	1.0	False	
AqTMK_217_final.txt	AqTMK_155_final.txt	AqTMK_217	AqTMK_155	34	32	False	inf	1.0	False	
AqTMK_217_final.txt	AqTMK_159_final.txt	AqTMK_217	AqTMK_159	34	32	False	inf	1.0	False	
AqTMK_217_final.txt	AqTMK_165_final.txt	AqTMK_217	AqTMK_165	34	32	False	inf	1.0	False	
AqTMK_217_final.txt	AqTMK_173_final.txt	AqTMK_217	AqTMK_173	34	32	False	inf	1.0	False	
AqTMK_217_final.txt	AqTMK_179_final.txt	AqTMK_217	AqTMK_179	34	32	False	inf	1.0	False	
AqTMK_217_final.txt	AqTMK_181_final.txt	AqTMK_217	AqTMK_181	34	32	False	inf	1.0	False	
AqTMK_217_final.txt	AqTMK_187_final.txt	AqTMK_217	AqTMK_187	34	32	False	inf	1.0	False	
AqTMK_217_final.txt	AqTMK_188_final.txt	AqTMK_217	AqTMK_188	34	32	False	inf	1.0	False	
AqTMK_217_final.txt	AqTMK_191_final.txt	AqTMK_217	AqTMK_191	34	32	False	inf	1.0	False	
AqTMK_217_final.txt	AqTMK_198_final.txt	AqTMK_217	AqTMK_198	34	32	False	inf	1.0	False	
AqTMK_217_final.txt	AqTMK_218_final.txt	AqTMK_217	AqTMK_218	34	32	False	inf	1.0	False	
AqTMK_217_final.txt	AqTMK_219_final.txt	AqTMK_217	AqTMK_219	34	32	False	inf	1.0	False	
AqTMK_217_final.txt	AqTMK_224_final.txt	AqTMK_217	AqTMK_224	34	32	False	inf	1.0	False	
AqTMK_217_final.txt	AqTMK_234_final.txt	AqTMK_217	AqTMK_234	34	32	False	inf	1.0	False	
AqTMK_217_final.txt	AqTMK_236_final.txt	AqTMK_217	AqTMK_236	34	32	False	inf	1.0	False	
AqTMK_217_final.txt	AqTMK_240_final.txt	AqTMK_217	AqTMK_240	34	32	False	inf	1.0	False	
AqTMK_217_final.txt	AqTMK_242_final.txt	AqTMK_217	AqTMK_242	34	32	False	inf	1.0	False	
AqTMK_217_final.txt	AqTMK_245_final.txt	AqTMK_217	AqTMK_245	34	32	False	inf	1.0	False	
AqTMK_217_final.txt	AqTMK_249_final.txt	AqTMK_217	AqTMK_249	34	32	False	inf	1.0	False	
AqTMK_217_final.txt	AqTMK_263_final.txt	AqTMK_217	AqTMK_263	34	32	False	inf	1.0	False	
AqTMK_217_final.txt	AqTMK_267_final.txt	AqTMK_217	AqTMK_267	34	32	False	inf	1.0	False	
AqTMK_217_final.txt	AqTMK_272_final.txt	AqTMK_217	AqTMK_272	34	32	False	inf	1.0	False	
AqTMK_217_final.txt	AqTMK_274_final.txt	AqTMK_217	AqTMK_274	34	32	False	inf	1.0	False	
AqTMK_217_final.txt	AqTMK_275_final.txt	AqTMK_217	AqTMK_275	34	32	False	inf	1.0	False	
AqTMK_217_final.txt	AqTMK_279_final.txt	AqTMK_217	AqTMK_279	34	32	False	inf	1.0	False	
AqTMK_217_final.txt	AqTMK_286_final.txt	AqTMK_217	AqTMK_286	34	32	False	inf	1.0	False	
AqTMK_217_final.txt	AqTMK_290_final.txt	AqTMK_217	AqTMK_290	34	32	False	inf	1.0	False	
AqTMK_217_final.txt	AqTMK_292_final.txt	AqTMK_217	AqTMK_292	34	32	False	inf	1.0	False	
AqTMK_217_final.txt	AqTMK_45_final.txt	AqTMK_217	AqTMK_45	34	31	False	inf	1.0	False	
AqTMK_217_final.txt	AqTMK_299_final.txt	AqTMK_217	AqTMK_299	34	32	False	inf	1.0	False	
AqTMK_217_final.txt	AqTMK_309_final.txt	AqTMK_217	AqTMK_309	34	32	False	inf	1.0	False	
AqTMK_217_final.txt	AqTMK_47_final.txt	AqTMK_217	AqTMK_47	34	31	False	inf	1.0	False	
AqTMK_217_final.txt	AqTMK_48_final.txt	AqTMK_217	AqTMK_48	34	31	False	inf	1.0	False	
AqTMK_217_final.txt	AqTMK_53_final.txt	AqTMK_217	AqTMK_53	34	31	False	inf	1.0	False	
AqTMK_217_final.txt	AqTMK_57_final.txt	AqTMK_217	AqTMK_57	34	31	False	inf	1.0	False	
AqTMK_217_final.txt	AqTMK_72_final.txt	AqTMK_217	AqTMK_72	34	31	False	inf	1.0	False	
AqTMK_217_final.txt	AqTMK_73_final.txt	AqTMK_217	AqTMK_73	34	31	False	inf	1.0	False	
AqTMK_217_final.txt	AqTMK_92_final.txt	AqTMK_217	AqTMK_92	34	31	False	inf	1.0	False	
AqTMK_217_final.txt	AqTMK_76_final.txt	AqTMK_217	AqTMK_76	34	31	False	inf	1.0	False	
AqTMK_217_final.txt	AqTMK_94_final.txt	AqTMK_217	AqTMK_94	34	31	False	inf	1.0	False	
AqTMK_217_final.txt	AqTMK_108_final.txt	AqTMK_217	AqTMK_108	34	31	False	inf	1.0	False	
AqTMK_217_final.txt	AqTMK_110_final.txt	AqTMK_217	AqTMK_110	34	31	False	inf	1.0	False	
AqTMK_217_final.txt	AqTMK_112_final.txt	AqTMK_217	AqTMK_112	34	31	False	inf	1.0	False	
AqTMK_217_final.txt	AqTMK_119_final.txt	AqTMK_217	AqTMK_119	34	31	False	inf	1.0	False	
AqTMK_217_final.txt	AqTMK_122_final.txt	AqTMK_217	AqTMK_122	34	31	False	inf	1.0	False	
AqTMK_217_final.txt	AqTMK_132_final.txt	AqTMK_217	AqTMK_132	34	31	False	inf	1.0	False	
AqTMK_217_final.txt	AqTMK_123_final.txt	AqTMK_217	AqTMK_123	34	31	False	inf	1.0	False	
AqTMK_217_final.txt	AqTMK_133_final.txt	AqTMK_217	AqTMK_133	34	31	False	inf	1.0	False	
AqTMK_217_final.txt	AqTMK_167_final.txt	AqTMK_217	AqTMK_167	34	31	False	inf	1.0	False	
AqTMK_217_final.txt	AqTMK_172_final.txt	AqTMK_217	AqTMK_172	34	31	False	inf	1.0	False	
AqTMK_217_final.txt	AqTMK_178_final.txt	AqTMK_217	AqTMK_178	34	31	False	inf	1.0	False	
AqTMK_217_final.txt	AqTMK_184_final.txt	AqTMK_217	AqTMK_184	34	31	False	inf	1.0	False	
AqTMK_217_final.txt	AqTMK_195_final.txt	AqTMK_217	AqTMK_195	34	31	False	inf	1.0	False	
AqTMK_217_final.txt	AqTMK_211_final.txt	AqTMK_217	AqTMK_211	34	31	False	inf	1.0	False	
AqTMK_217_final.txt	AqTMK_201_final.txt	AqTMK_217	AqTMK_201	34	31	False	inf	1.0	False	
AqTMK_217_final.txt	AqTMK_237_final.txt	AqTMK_217	AqTMK_237	34	31	False	inf	1.0	False	
AqTMK_217_final.txt	AqTMK_238_final.txt	AqTMK_217	AqTMK_238	34	31	False	inf	1.0	False	
AqTMK_217_final.txt	AqTMK_253_final.txt	AqTMK_217	AqTMK_253	34	31	False	inf	1.0	False	
AqTMK_217_final.txt	AqTMK_276_final.txt	AqTMK_217	AqTMK_276	34	31	False	inf	1.0	False	
AqTMK_217_final.txt	AqTMK_277_final.txt	AqTMK_217	AqTMK_277	34	31	False	inf	1.0	False	
AqTMK_217_final.txt	AqTMK_288_final.txt	AqTMK_217	AqTMK_288	34	31	False	inf	1.0	False	
AqTMK_217_final.txt	AqTMK_300_final.txt	AqTMK_217	AqTMK_300	34	31	False	inf	1.0	False	
AqTMK_217_final.txt	AqTMK_33_final.txt	AqTMK_217	AqTMK_33	34	30	False	inf	1.0	False	
AqTMK_217_final.txt	AqTMK_43_final.txt	AqTMK_217	AqTMK_43	34	30	False	inf	1.0	False	
AqTMK_217_final.txt	AqTMK_49_final.txt	AqTMK_217	AqTMK_49	34	30	False	inf	1.0	False	
AqTMK_217_final.txt	AqTMK_50_final.txt	AqTMK_217	AqTMK_50	34	30	False	inf	1.0	False	
AqTMK_217_final.txt	AqTMK_66_final.txt	AqTMK_217	AqTMK_66	34	30	False	inf	1.0	False	
AqTMK_217_final.txt	AqTMK_102_final.txt	AqTMK_217	AqTMK_102	34	30	False	inf	1.0	False	
AqTMK_217_final.txt	AqTMK_153_final.txt	AqTMK_217	AqTMK_153	34	30	False	inf	1.0	False	
AqTMK_217_final.txt	AqTMK_124_final.txt	AqTMK_217	AqTMK_124	34	30	False	inf	1.0	False	
AqTMK_217_final.txt	AqTMK_193_final.txt	AqTMK_217	AqTMK_193	34	30	False	inf	1.0	False	
AqTMK_217_final.txt	AqTMK_264_final.txt	AqTMK_217	AqTMK_264	34	30	False	inf	1.0	False	
AqTMK_217_final.txt	AqTMK_121_final.txt	AqTMK_217	AqTMK_121	34	29	False	inf	1.0	False	
AqTMK_244_final.txt	AqTMK_261_final.txt	AqTMK_244	AqTMK_261	34	34	True	4	1.0	False	
AqTMK_244_final.txt	AqTMK_246_final.txt	AqTMK_244	AqTMK_246	34	34	True	6	1.0	False	
AqTMK_244_final.txt	AqTMK_69_final.txt	AqTMK_244	AqTMK_69	34	33	False	inf	1.0	False	
AqTMK_244_final.txt	AqTMK_87_final.txt	AqTMK_244	AqTMK_87	34	33	False	inf	1.0	False	
AqTMK_244_final.txt	AqTMK_95_final.txt	AqTMK_244	AqTMK_95	34	33	False	inf	1.0	False	
AqTMK_244_final.txt	AqTMK_109_final.txt	AqTMK_244	AqTMK_109	34	33	False	inf	1.0	False	
AqTMK_244_final.txt	AqTMK_111_final.txt	AqTMK_244	AqTMK_111	34	33	False	inf	1.0	False	
AqTMK_244_final.txt	AqTMK_281_final.txt	AqTMK_244	AqTMK_281	34	34	True	4	1.0	False	
AqTMK_244_final.txt	AqTMK_116_final.txt	AqTMK_244	AqTMK_116	34	33	False	inf	1.0	False	
AqTMK_244_final.txt	AqTMK_120_final.txt	AqTMK_244	AqTMK_120	34	33	False	inf	1.0	False	
AqTMK_244_final.txt	AqTMK_139_final.txt	AqTMK_244	AqTMK_139	34	33	False	inf	1.0	False	
AqTMK_244_final.txt	AqTMK_156_final.txt	AqTMK_244	AqTMK_156	34	33	False	inf	1.0	False	
AqTMK_244_final.txt	AqTMK_163_final.txt	AqTMK_244	AqTMK_163	34	33	False	inf	1.0	False	
AqTMK_244_final.txt	AqTMK_171_final.txt	AqTMK_244	AqTMK_171	34	33	False	inf	1.0	False	
AqTMK_244_final.txt	AqTMK_186_final.txt	AqTMK_244	AqTMK_186	34	33	False	inf	1.0	False	
AqTMK_244_final.txt	AqTMK_197_final.txt	AqTMK_244	AqTMK_197	34	33	False	inf	1.0	False	
AqTMK_244_final.txt	AqTMK_200_final.txt	AqTMK_244	AqTMK_200	34	33	False	inf	1.0	False	
AqTMK_244_final.txt	AqTMK_223_final.txt	AqTMK_244	AqTMK_223	34	33	False	inf	1.0	False	
AqTMK_244_final.txt	AqTMK_208_final.txt	AqTMK_244	AqTMK_208	34	33	False	inf	1.0	False	
AqTMK_244_final.txt	AqTMK_229_final.txt	AqTMK_244	AqTMK_229	34	33	False	inf	1.0	False	
AqTMK_244_final.txt	AqTMK_230_final.txt	AqTMK_244	AqTMK_230	34	33	False	inf	1.0	False	
AqTMK_244_final.txt	AqTMK_231_final.txt	AqTMK_244	AqTMK_231	34	33	False	inf	1.0	False	
AqTMK_244_final.txt	AqTMK_233_final.txt	AqTMK_244	AqTMK_233	34	33	False	inf	1.0	False	
AqTMK_244_final.txt	AqTMK_257_final.txt	AqTMK_244	AqTMK_257	34	33	False	inf	1.0	False	
AqTMK_244_final.txt	AqTMK_259_final.txt	AqTMK_244	AqTMK_259	34	33	False	inf	1.0	False	
AqTMK_244_final.txt	AqTMK_262_final.txt	AqTMK_244	AqTMK_262	34	33	False	inf	1.0	False	
AqTMK_244_final.txt	AqTMK_270_final.txt	AqTMK_244	AqTMK_270	34	33	False	inf	1.0	False	
AqTMK_244_final.txt	AqTMK_273_final.txt	AqTMK_244	AqTMK_273	34	33	False	inf	1.0	False	
AqTMK_244_final.txt	AqTMK_284_final.txt	AqTMK_244	AqTMK_284	34	33	False	inf	1.0	False	
AqTMK_244_final.txt	AqTMK_285_final.txt	AqTMK_244	AqTMK_285	34	33	False	inf	1.0	False	
AqTMK_244_final.txt	AqTMK_287_final.txt	AqTMK_244	AqTMK_287	34	33	False	inf	1.0	False	
AqTMK_244_final.txt	AqTMK_295_final.txt	AqTMK_244	AqTMK_295	34	33	False	inf	1.0	False	
AqTMK_244_final.txt	AqTMK_56_final.txt	AqTMK_244	AqTMK_56	34	32	False	inf	1.0	False	
AqTMK_244_final.txt	AqTMK_54_final.txt	AqTMK_244	AqTMK_54	34	32	False	inf	1.0	False	
AqTMK_244_final.txt	AqTMK_311_final.txt	AqTMK_244	AqTMK_311	34	33	False	inf	1.0	False	
AqTMK_244_final.txt	AqTMK_59_final.txt	AqTMK_244	AqTMK_59	34	32	False	inf	1.0	False	
AqTMK_244_final.txt	AqTMK_62_final.txt	AqTMK_244	AqTMK_62	34	32	False	inf	1.0	False	
AqTMK_244_final.txt	AqTMK_63_final.txt	AqTMK_244	AqTMK_63	34	32	False	inf	1.0	False	
AqTMK_244_final.txt	AqTMK_68_final.txt	AqTMK_244	AqTMK_68	34	32	False	inf	1.0	False	
AqTMK_244_final.txt	AqTMK_70_final.txt	AqTMK_244	AqTMK_70	34	32	False	inf	1.0	False	
AqTMK_244_final.txt	AqTMK_79_final.txt	AqTMK_244	AqTMK_79	34	32	False	inf	1.0	False	
AqTMK_244_final.txt	AqTMK_82_final.txt	AqTMK_244	AqTMK_82	34	32	False	inf	1.0	False	
AqTMK_244_final.txt	AqTMK_81_final.txt	AqTMK_244	AqTMK_81	34	32	False	inf	1.0	False	
AqTMK_244_final.txt	AqTMK_84_final.txt	AqTMK_244	AqTMK_84	34	32	False	inf	1.0	False	
AqTMK_244_final.txt	AqTMK_85_final.txt	AqTMK_244	AqTMK_85	34	32	False	inf	1.0	False	
AqTMK_244_final.txt	AqTMK_89_final.txt	AqTMK_244	AqTMK_89	34	32	False	inf	1.0	False	
AqTMK_244_final.txt	AqTMK_91_final.txt	AqTMK_244	AqTMK_91	34	32	False	inf	1.0	False	
AqTMK_244_final.txt	AqTMK_93_final.txt	AqTMK_244	AqTMK_93	34	32	False	inf	1.0	False	
AqTMK_244_final.txt	AqTMK_98_final.txt	AqTMK_244	AqTMK_98	34	32	False	inf	1.0	False	
AqTMK_244_final.txt	AqTMK_101_final.txt	AqTMK_244	AqTMK_101	34	32	False	inf	1.0	False	
AqTMK_244_final.txt	AqTMK_99_final.txt	AqTMK_244	AqTMK_99	34	32	False	inf	1.0	False	
AqTMK_244_final.txt	AqTMK_103_final.txt	AqTMK_244	AqTMK_103	34	32	False	inf	1.0	False	
AqTMK_244_final.txt	AqTMK_104_final.txt	AqTMK_244	AqTMK_104	34	32	False	inf	1.0	False	
AqTMK_244_final.txt	AqTMK_106_final.txt	AqTMK_244	AqTMK_106	34	32	False	inf	1.0	False	
AqTMK_244_final.txt	AqTMK_114_final.txt	AqTMK_244	AqTMK_114	34	32	False	inf	1.0	False	
AqTMK_244_final.txt	AqTMK_117_final.txt	AqTMK_244	AqTMK_117	34	32	False	inf	1.0	False	
AqTMK_244_final.txt	AqTMK_149_final.txt	AqTMK_244	AqTMK_149	34	32	False	inf	1.0	False	
AqTMK_244_final.txt	AqTMK_118_final.txt	AqTMK_244	AqTMK_118	34	32	False	inf	1.0	False	
AqTMK_244_final.txt	AqTMK_131_final.txt	AqTMK_244	AqTMK_131	34	32	False	inf	1.0	False	
AqTMK_244_final.txt	AqTMK_155_final.txt	AqTMK_244	AqTMK_155	34	32	False	inf	1.0	False	
AqTMK_244_final.txt	AqTMK_159_final.txt	AqTMK_244	AqTMK_159	34	32	False	inf	1.0	False	
AqTMK_244_final.txt	AqTMK_165_final.txt	AqTMK_244	AqTMK_165	34	32	False	inf	1.0	False	
AqTMK_244_final.txt	AqTMK_173_final.txt	AqTMK_244	AqTMK_173	34	32	False	inf	1.0	False	
AqTMK_244_final.txt	AqTMK_179_final.txt	AqTMK_244	AqTMK_179	34	32	False	inf	1.0	False	
AqTMK_244_final.txt	AqTMK_181_final.txt	AqTMK_244	AqTMK_181	34	32	False	inf	1.0	False	
AqTMK_244_final.txt	AqTMK_187_final.txt	AqTMK_244	AqTMK_187	34	32	False	inf	1.0	False	
AqTMK_244_final.txt	AqTMK_188_final.txt	AqTMK_244	AqTMK_188	34	32	False	inf	1.0	False	
AqTMK_244_final.txt	AqTMK_191_final.txt	AqTMK_244	AqTMK_191	34	32	False	inf	1.0	False	
AqTMK_244_final.txt	AqTMK_198_final.txt	AqTMK_244	AqTMK_198	34	32	False	inf	1.0	False	
AqTMK_244_final.txt	AqTMK_218_final.txt	AqTMK_244	AqTMK_218	34	32	False	inf	1.0	False	
AqTMK_244_final.txt	AqTMK_219_final.txt	AqTMK_244	AqTMK_219	34	32	False	inf	1.0	False	
AqTMK_244_final.txt	AqTMK_224_final.txt	AqTMK_244	AqTMK_224	34	32	False	inf	1.0	False	
AqTMK_244_final.txt	AqTMK_234_final.txt	AqTMK_244	AqTMK_234	34	32	False	inf	1.0	False	
AqTMK_244_final.txt	AqTMK_240_final.txt	AqTMK_244	AqTMK_240	34	32	False	inf	1.0	False	
AqTMK_244_final.txt	AqTMK_236_final.txt	AqTMK_244	AqTMK_236	34	32	False	inf	1.0	False	
AqTMK_244_final.txt	AqTMK_242_final.txt	AqTMK_244	AqTMK_242	34	32	False	inf	1.0	False	
AqTMK_244_final.txt	AqTMK_245_final.txt	AqTMK_244	AqTMK_245	34	32	False	inf	1.0	False	
AqTMK_244_final.txt	AqTMK_249_final.txt	AqTMK_244	AqTMK_249	34	32	False	inf	1.0	False	
AqTMK_244_final.txt	AqTMK_263_final.txt	AqTMK_244	AqTMK_263	34	32	False	inf	1.0	False	
AqTMK_244_final.txt	AqTMK_267_final.txt	AqTMK_244	AqTMK_267	34	32	False	inf	1.0	False	
AqTMK_244_final.txt	AqTMK_272_final.txt	AqTMK_244	AqTMK_272	34	32	False	inf	1.0	False	
AqTMK_244_final.txt	AqTMK_274_final.txt	AqTMK_244	AqTMK_274	34	32	False	inf	1.0	False	
AqTMK_244_final.txt	AqTMK_275_final.txt	AqTMK_244	AqTMK_275	34	32	False	inf	1.0	False	
AqTMK_244_final.txt	AqTMK_279_final.txt	AqTMK_244	AqTMK_279	34	32	False	inf	1.0	False	
AqTMK_244_final.txt	AqTMK_286_final.txt	AqTMK_244	AqTMK_286	34	32	False	inf	1.0	False	
AqTMK_244_final.txt	AqTMK_290_final.txt	AqTMK_244	AqTMK_290	34	32	False	inf	1.0	False	
AqTMK_244_final.txt	AqTMK_292_final.txt	AqTMK_244	AqTMK_292	34	32	False	inf	1.0	False	
AqTMK_244_final.txt	AqTMK_299_final.txt	AqTMK_244	AqTMK_299	34	32	False	inf	1.0	False	
AqTMK_244_final.txt	AqTMK_45_final.txt	AqTMK_244	AqTMK_45	34	31	False	inf	1.0	False	
AqTMK_244_final.txt	AqTMK_309_final.txt	AqTMK_244	AqTMK_309	34	32	False	inf	1.0	False	
AqTMK_244_final.txt	AqTMK_47_final.txt	AqTMK_244	AqTMK_47	34	31	False	inf	1.0	False	
AqTMK_244_final.txt	AqTMK_48_final.txt	AqTMK_244	AqTMK_48	34	31	False	inf	1.0	False	
AqTMK_244_final.txt	AqTMK_53_final.txt	AqTMK_244	AqTMK_53	34	31	False	inf	1.0	False	
AqTMK_244_final.txt	AqTMK_57_final.txt	AqTMK_244	AqTMK_57	34	31	False	inf	1.0	False	
AqTMK_244_final.txt	AqTMK_72_final.txt	AqTMK_244	AqTMK_72	34	31	False	inf	1.0	False	
AqTMK_244_final.txt	AqTMK_73_final.txt	AqTMK_244	AqTMK_73	34	31	False	inf	1.0	False	
AqTMK_244_final.txt	AqTMK_94_final.txt	AqTMK_244	AqTMK_94	34	31	False	inf	1.0	False	
AqTMK_244_final.txt	AqTMK_76_final.txt	AqTMK_244	AqTMK_76	34	31	False	inf	1.0	False	
AqTMK_244_final.txt	AqTMK_92_final.txt	AqTMK_244	AqTMK_92	34	31	False	inf	1.0	False	
AqTMK_244_final.txt	AqTMK_108_final.txt	AqTMK_244	AqTMK_108	34	31	False	inf	1.0	False	
AqTMK_244_final.txt	AqTMK_110_final.txt	AqTMK_244	AqTMK_110	34	31	False	inf	1.0	False	
AqTMK_244_final.txt	AqTMK_112_final.txt	AqTMK_244	AqTMK_112	34	31	False	inf	1.0	False	
AqTMK_244_final.txt	AqTMK_119_final.txt	AqTMK_244	AqTMK_119	34	31	False	inf	1.0	False	
AqTMK_244_final.txt	AqTMK_122_final.txt	AqTMK_244	AqTMK_122	34	31	False	inf	1.0	False	
AqTMK_244_final.txt	AqTMK_133_final.txt	AqTMK_244	AqTMK_133	34	31	False	inf	1.0	False	
AqTMK_244_final.txt	AqTMK_123_final.txt	AqTMK_244	AqTMK_123	34	31	False	inf	1.0	False	
AqTMK_244_final.txt	AqTMK_132_final.txt	AqTMK_244	AqTMK_132	34	31	False	inf	1.0	False	
AqTMK_244_final.txt	AqTMK_167_final.txt	AqTMK_244	AqTMK_167	34	31	False	inf	1.0	False	
AqTMK_244_final.txt	AqTMK_172_final.txt	AqTMK_244	AqTMK_172	34	31	False	inf	1.0	False	
AqTMK_244_final.txt	AqTMK_178_final.txt	AqTMK_244	AqTMK_178	34	31	False	inf	1.0	False	
AqTMK_244_final.txt	AqTMK_184_final.txt	AqTMK_244	AqTMK_184	34	31	False	inf	1.0	False	
AqTMK_244_final.txt	AqTMK_195_final.txt	AqTMK_244	AqTMK_195	34	31	False	inf	1.0	False	
AqTMK_244_final.txt	AqTMK_211_final.txt	AqTMK_244	AqTMK_211	34	31	False	inf	1.0	False	
AqTMK_244_final.txt	AqTMK_201_final.txt	AqTMK_244	AqTMK_201	34	31	False	inf	1.0	False	
AqTMK_244_final.txt	AqTMK_237_final.txt	AqTMK_244	AqTMK_237	34	31	False	inf	1.0	False	
AqTMK_244_final.txt	AqTMK_238_final.txt	AqTMK_244	AqTMK_238	34	31	False	inf	1.0	False	
AqTMK_244_final.txt	AqTMK_253_final.txt	AqTMK_244	AqTMK_253	34	31	False	inf	1.0	False	
AqTMK_244_final.txt	AqTMK_276_final.txt	AqTMK_244	AqTMK_276	34	31	False	inf	1.0	False	
AqTMK_244_final.txt	AqTMK_277_final.txt	AqTMK_244	AqTMK_277	34	31	False	inf	1.0	False	
AqTMK_244_final.txt	AqTMK_288_final.txt	AqTMK_244	AqTMK_288	34	31	False	inf	1.0	False	
AqTMK_244_final.txt	AqTMK_300_final.txt	AqTMK_244	AqTMK_300	34	31	False	inf	1.0	False	
AqTMK_244_final.txt	AqTMK_43_final.txt	AqTMK_244	AqTMK_43	34	30	False	inf	1.0	False	
AqTMK_244_final.txt	AqTMK_33_final.txt	AqTMK_244	AqTMK_33	34	30	False	inf	1.0	False	
AqTMK_244_final.txt	AqTMK_49_final.txt	AqTMK_244	AqTMK_49	34	30	False	inf	1.0	False	
AqTMK_244_final.txt	AqTMK_50_final.txt	AqTMK_244	AqTMK_50	34	30	False	inf	1.0	False	
AqTMK_244_final.txt	AqTMK_66_final.txt	AqTMK_244	AqTMK_66	34	30	False	inf	1.0	False	
AqTMK_244_final.txt	AqTMK_102_final.txt	AqTMK_244	AqTMK_102	34	30	False	inf	1.0	False	
AqTMK_244_final.txt	AqTMK_124_final.txt	AqTMK_244	AqTMK_124	34	30	False	inf	1.0	False	
AqTMK_244_final.txt	AqTMK_153_final.txt	AqTMK_244	AqTMK_153	34	30	False	inf	1.0	False	
AqTMK_244_final.txt	AqTMK_193_final.txt	AqTMK_244	AqTMK_193	34	30	False	inf	1.0	False	
AqTMK_244_final.txt	AqTMK_264_final.txt	AqTMK_244	AqTMK_264	34	30	False	inf	1.0	False	
AqTMK_244_final.txt	AqTMK_121_final.txt	AqTMK_244	AqTMK_121	34	29	False	inf	1.0	False	
AqTMK_246_final.txt	AqTMK_281_final.txt	AqTMK_246	AqTMK_281	34	34	True	4	1.0	False	
AqTMK_246_final.txt	AqTMK_69_final.txt	AqTMK_246	AqTMK_69	34	33	False	inf	1.0	False	
AqTMK_246_final.txt	AqTMK_87_final.txt	AqTMK_246	AqTMK_87	34	33	False	inf	1.0	False	
AqTMK_246_final.txt	AqTMK_95_final.txt	AqTMK_246	AqTMK_95	34	33	False	inf	1.0	False	
AqTMK_246_final.txt	AqTMK_109_final.txt	AqTMK_246	AqTMK_109	34	33	False	inf	1.0	False	
AqTMK_246_final.txt	AqTMK_111_final.txt	AqTMK_246	AqTMK_111	34	33	False	inf	1.0	False	
AqTMK_246_final.txt	AqTMK_116_final.txt	AqTMK_246	AqTMK_116	34	33	False	inf	1.0	False	
AqTMK_246_final.txt	AqTMK_261_final.txt	AqTMK_246	AqTMK_261	34	34	True	10	1.0	False	
AqTMK_246_final.txt	AqTMK_120_final.txt	AqTMK_246	AqTMK_120	34	33	False	inf	1.0	False	
AqTMK_246_final.txt	AqTMK_139_final.txt	AqTMK_246	AqTMK_139	34	33	False	inf	1.0	False	
AqTMK_246_final.txt	AqTMK_156_final.txt	AqTMK_246	AqTMK_156	34	33	False	inf	1.0	False	
AqTMK_246_final.txt	AqTMK_163_final.txt	AqTMK_246	AqTMK_163	34	33	False	inf	1.0	False	
AqTMK_246_final.txt	AqTMK_171_final.txt	AqTMK_246	AqTMK_171	34	33	False	inf	1.0	False	
AqTMK_246_final.txt	AqTMK_186_final.txt	AqTMK_246	AqTMK_186	34	33	False	inf	1.0	False	
AqTMK_246_final.txt	AqTMK_197_final.txt	AqTMK_246	AqTMK_197	34	33	False	inf	1.0	False	
AqTMK_246_final.txt	AqTMK_200_final.txt	AqTMK_246	AqTMK_200	34	33	False	inf	1.0	False	
AqTMK_246_final.txt	AqTMK_229_final.txt	AqTMK_246	AqTMK_229	34	33	False	inf	1.0	False	
AqTMK_246_final.txt	AqTMK_208_final.txt	AqTMK_246	AqTMK_208	34	33	False	inf	1.0	False	
AqTMK_246_final.txt	AqTMK_223_final.txt	AqTMK_246	AqTMK_223	34	33	False	inf	1.0	False	
AqTMK_246_final.txt	AqTMK_230_final.txt	AqTMK_246	AqTMK_230	34	33	False	inf	1.0	False	
AqTMK_246_final.txt	AqTMK_231_final.txt	AqTMK_246	AqTMK_231	34	33	False	inf	1.0	False	
AqTMK_246_final.txt	AqTMK_233_final.txt	AqTMK_246	AqTMK_233	34	33	False	inf	1.0	False	
AqTMK_246_final.txt	AqTMK_257_final.txt	AqTMK_246	AqTMK_257	34	33	False	inf	1.0	False	
AqTMK_246_final.txt	AqTMK_259_final.txt	AqTMK_246	AqTMK_259	34	33	False	inf	1.0	False	
AqTMK_246_final.txt	AqTMK_262_final.txt	AqTMK_246	AqTMK_262	34	33	False	inf	1.0	False	
AqTMK_246_final.txt	AqTMK_270_final.txt	AqTMK_246	AqTMK_270	34	33	False	inf	1.0	False	
AqTMK_246_final.txt	AqTMK_273_final.txt	AqTMK_246	AqTMK_273	34	33	False	inf	1.0	False	
AqTMK_246_final.txt	AqTMK_284_final.txt	AqTMK_246	AqTMK_284	34	33	False	inf	1.0	False	
AqTMK_246_final.txt	AqTMK_285_final.txt	AqTMK_246	AqTMK_285	34	33	False	inf	1.0	False	
AqTMK_246_final.txt	AqTMK_287_final.txt	AqTMK_246	AqTMK_287	34	33	False	inf	1.0	False	
AqTMK_246_final.txt	AqTMK_295_final.txt	AqTMK_246	AqTMK_295	34	33	False	inf	1.0	False	
AqTMK_246_final.txt	AqTMK_311_final.txt	AqTMK_246	AqTMK_311	34	33	False	inf	1.0	False	
AqTMK_246_final.txt	AqTMK_56_final.txt	AqTMK_246	AqTMK_56	34	32	False	inf	1.0	False	
AqTMK_246_final.txt	AqTMK_54_final.txt	AqTMK_246	AqTMK_54	34	32	False	inf	1.0	False	
AqTMK_246_final.txt	AqTMK_59_final.txt	AqTMK_246	AqTMK_59	34	32	False	inf	1.0	False	
AqTMK_246_final.txt	AqTMK_62_final.txt	AqTMK_246	AqTMK_62	34	32	False	inf	1.0	False	
AqTMK_246_final.txt	AqTMK_63_final.txt	AqTMK_246	AqTMK_63	34	32	False	inf	1.0	False	
AqTMK_246_final.txt	AqTMK_68_final.txt	AqTMK_246	AqTMK_68	34	32	False	inf	1.0	False	
AqTMK_246_final.txt	AqTMK_70_final.txt	AqTMK_246	AqTMK_70	34	32	False	inf	1.0	False	
AqTMK_246_final.txt	AqTMK_79_final.txt	AqTMK_246	AqTMK_79	34	32	False	inf	1.0	False	
AqTMK_246_final.txt	AqTMK_81_final.txt	AqTMK_246	AqTMK_81	34	32	False	inf	1.0	False	
AqTMK_246_final.txt	AqTMK_82_final.txt	AqTMK_246	AqTMK_82	34	32	False	inf	1.0	False	
AqTMK_246_final.txt	AqTMK_84_final.txt	AqTMK_246	AqTMK_84	34	32	False	inf	1.0	False	
AqTMK_246_final.txt	AqTMK_85_final.txt	AqTMK_246	AqTMK_85	34	32	False	inf	1.0	False	
AqTMK_246_final.txt	AqTMK_89_final.txt	AqTMK_246	AqTMK_89	34	32	False	inf	1.0	False	
AqTMK_246_final.txt	AqTMK_91_final.txt	AqTMK_246	AqTMK_91	34	32	False	inf	1.0	False	
AqTMK_246_final.txt	AqTMK_93_final.txt	AqTMK_246	AqTMK_93	34	32	False	inf	1.0	False	
AqTMK_246_final.txt	AqTMK_98_final.txt	AqTMK_246	AqTMK_98	34	32	False	inf	1.0	False	
AqTMK_246_final.txt	AqTMK_101_final.txt	AqTMK_246	AqTMK_101	34	32	False	inf	1.0	False	
AqTMK_246_final.txt	AqTMK_99_final.txt	AqTMK_246	AqTMK_99	34	32	False	inf	1.0	False	
AqTMK_246_final.txt	AqTMK_103_final.txt	AqTMK_246	AqTMK_103	34	32	False	inf	1.0	False	
AqTMK_246_final.txt	AqTMK_104_final.txt	AqTMK_246	AqTMK_104	34	32	False	inf	1.0	False	
AqTMK_246_final.txt	AqTMK_106_final.txt	AqTMK_246	AqTMK_106	34	32	False	inf	1.0	False	
AqTMK_246_final.txt	AqTMK_114_final.txt	AqTMK_246	AqTMK_114	34	32	False	inf	1.0	False	
AqTMK_246_final.txt	AqTMK_117_final.txt	AqTMK_246	AqTMK_117	34	32	False	inf	1.0	False	
AqTMK_246_final.txt	AqTMK_118_final.txt	AqTMK_246	AqTMK_118	34	32	False	inf	1.0	False	
AqTMK_246_final.txt	AqTMK_131_final.txt	AqTMK_246	AqTMK_131	34	32	False	inf	1.0	False	
AqTMK_246_final.txt	AqTMK_155_final.txt	AqTMK_246	AqTMK_155	34	32	False	inf	1.0	False	
AqTMK_246_final.txt	AqTMK_149_final.txt	AqTMK_246	AqTMK_149	34	32	False	inf	1.0	False	
AqTMK_246_final.txt	AqTMK_159_final.txt	AqTMK_246	AqTMK_159	34	32	False	inf	1.0	False	
AqTMK_246_final.txt	AqTMK_165_final.txt	AqTMK_246	AqTMK_165	34	32	False	inf	1.0	False	
AqTMK_246_final.txt	AqTMK_173_final.txt	AqTMK_246	AqTMK_173	34	32	False	inf	1.0	False	
AqTMK_246_final.txt	AqTMK_179_final.txt	AqTMK_246	AqTMK_179	34	32	False	inf	1.0	False	
AqTMK_246_final.txt	AqTMK_181_final.txt	AqTMK_246	AqTMK_181	34	32	False	inf	1.0	False	
AqTMK_246_final.txt	AqTMK_191_final.txt	AqTMK_246	AqTMK_191	34	32	False	inf	1.0	False	
AqTMK_246_final.txt	AqTMK_187_final.txt	AqTMK_246	AqTMK_187	34	32	False	inf	1.0	False	
AqTMK_246_final.txt	AqTMK_188_final.txt	AqTMK_246	AqTMK_188	34	32	False	inf	1.0	False	
AqTMK_246_final.txt	AqTMK_198_final.txt	AqTMK_246	AqTMK_198	34	32	False	inf	1.0	False	
AqTMK_246_final.txt	AqTMK_218_final.txt	AqTMK_246	AqTMK_218	34	32	False	inf	1.0	False	
AqTMK_246_final.txt	AqTMK_219_final.txt	AqTMK_246	AqTMK_219	34	32	False	inf	1.0	False	
AqTMK_246_final.txt	AqTMK_224_final.txt	AqTMK_246	AqTMK_224	34	32	False	inf	1.0	False	
AqTMK_246_final.txt	AqTMK_234_final.txt	AqTMK_246	AqTMK_234	34	32	False	inf	1.0	False	
AqTMK_246_final.txt	AqTMK_236_final.txt	AqTMK_246	AqTMK_236	34	32	False	inf	1.0	False	
AqTMK_246_final.txt	AqTMK_240_final.txt	AqTMK_246	AqTMK_240	34	32	False	inf	1.0	False	
AqTMK_246_final.txt	AqTMK_242_final.txt	AqTMK_246	AqTMK_242	34	32	False	inf	1.0	False	
AqTMK_246_final.txt	AqTMK_245_final.txt	AqTMK_246	AqTMK_245	34	32	False	inf	1.0	False	
AqTMK_246_final.txt	AqTMK_249_final.txt	AqTMK_246	AqTMK_249	34	32	False	inf	1.0	False	
AqTMK_246_final.txt	AqTMK_263_final.txt	AqTMK_246	AqTMK_263	34	32	False	inf	1.0	False	
AqTMK_246_final.txt	AqTMK_267_final.txt	AqTMK_246	AqTMK_267	34	32	False	inf	1.0	False	
AqTMK_246_final.txt	AqTMK_272_final.txt	AqTMK_246	AqTMK_272	34	32	False	inf	1.0	False	
AqTMK_246_final.txt	AqTMK_275_final.txt	AqTMK_246	AqTMK_275	34	32	False	inf	1.0	False	
AqTMK_246_final.txt	AqTMK_274_final.txt	AqTMK_246	AqTMK_274	34	32	False	inf	1.0	False	
AqTMK_246_final.txt	AqTMK_279_final.txt	AqTMK_246	AqTMK_279	34	32	False	inf	1.0	False	
AqTMK_246_final.txt	AqTMK_286_final.txt	AqTMK_246	AqTMK_286	34	32	False	inf	1.0	False	
AqTMK_246_final.txt	AqTMK_290_final.txt	AqTMK_246	AqTMK_290	34	32	False	inf	1.0	False	
AqTMK_246_final.txt	AqTMK_292_final.txt	AqTMK_246	AqTMK_292	34	32	False	inf	1.0	False	
AqTMK_246_final.txt	AqTMK_299_final.txt	AqTMK_246	AqTMK_299	34	32	False	inf	1.0	False	
AqTMK_246_final.txt	AqTMK_309_final.txt	AqTMK_246	AqTMK_309	34	32	False	inf	1.0	False	
AqTMK_246_final.txt	AqTMK_45_final.txt	AqTMK_246	AqTMK_45	34	31	False	inf	1.0	False	
AqTMK_246_final.txt	AqTMK_48_final.txt	AqTMK_246	AqTMK_48	34	31	False	inf	1.0	False	
AqTMK_246_final.txt	AqTMK_47_final.txt	AqTMK_246	AqTMK_47	34	31	False	inf	1.0	False	
AqTMK_246_final.txt	AqTMK_53_final.txt	AqTMK_246	AqTMK_53	34	31	False	inf	1.0	False	
AqTMK_246_final.txt	AqTMK_57_final.txt	AqTMK_246	AqTMK_57	34	31	False	inf	1.0	False	
AqTMK_246_final.txt	AqTMK_72_final.txt	AqTMK_246	AqTMK_72	34	31	False	inf	1.0	False	
AqTMK_246_final.txt	AqTMK_73_final.txt	AqTMK_246	AqTMK_73	34	31	False	inf	1.0	False	
AqTMK_246_final.txt	AqTMK_76_final.txt	AqTMK_246	AqTMK_76	34	31	False	inf	1.0	False	
AqTMK_246_final.txt	AqTMK_92_final.txt	AqTMK_246	AqTMK_92	34	31	False	inf	1.0	False	
AqTMK_246_final.txt	AqTMK_94_final.txt	AqTMK_246	AqTMK_94	34	31	False	inf	1.0	False	
AqTMK_246_final.txt	AqTMK_108_final.txt	AqTMK_246	AqTMK_108	34	31	False	inf	1.0	False	
AqTMK_246_final.txt	AqTMK_110_final.txt	AqTMK_246	AqTMK_110	34	31	False	inf	1.0	False	
AqTMK_246_final.txt	AqTMK_112_final.txt	AqTMK_246	AqTMK_112	34	31	False	inf	1.0	False	
AqTMK_246_final.txt	AqTMK_119_final.txt	AqTMK_246	AqTMK_119	34	31	False	inf	1.0	False	
AqTMK_246_final.txt	AqTMK_122_final.txt	AqTMK_246	AqTMK_122	34	31	False	inf	1.0	False	
AqTMK_246_final.txt	AqTMK_123_final.txt	AqTMK_246	AqTMK_123	34	31	False	inf	1.0	False	
AqTMK_246_final.txt	AqTMK_133_final.txt	AqTMK_246	AqTMK_133	34	31	False	inf	1.0	False	
AqTMK_246_final.txt	AqTMK_167_final.txt	AqTMK_246	AqTMK_167	34	31	False	inf	1.0	False	
AqTMK_246_final.txt	AqTMK_132_final.txt	AqTMK_246	AqTMK_132	34	31	False	inf	1.0	False	
AqTMK_246_final.txt	AqTMK_172_final.txt	AqTMK_246	AqTMK_172	34	31	False	inf	1.0	False	
AqTMK_246_final.txt	AqTMK_178_final.txt	AqTMK_246	AqTMK_178	34	31	False	inf	1.0	False	
AqTMK_246_final.txt	AqTMK_184_final.txt	AqTMK_246	AqTMK_184	34	31	False	inf	1.0	False	
AqTMK_246_final.txt	AqTMK_195_final.txt	AqTMK_246	AqTMK_195	34	31	False	inf	1.0	False	
AqTMK_246_final.txt	AqTMK_201_final.txt	AqTMK_246	AqTMK_201	34	31	False	inf	1.0	False	
AqTMK_246_final.txt	AqTMK_237_final.txt	AqTMK_246	AqTMK_237	34	31	False	inf	1.0	False	
AqTMK_246_final.txt	AqTMK_238_final.txt	AqTMK_246	AqTMK_238	34	31	False	inf	1.0	False	
AqTMK_246_final.txt	AqTMK_211_final.txt	AqTMK_246	AqTMK_211	34	31	False	inf	1.0	False	
AqTMK_246_final.txt	AqTMK_253_final.txt	AqTMK_246	AqTMK_253	34	31	False	inf	1.0	False	
AqTMK_246_final.txt	AqTMK_276_final.txt	AqTMK_246	AqTMK_276	34	31	False	inf	1.0	False	
AqTMK_246_final.txt	AqTMK_277_final.txt	AqTMK_246	AqTMK_277	34	31	False	inf	1.0	False	
AqTMK_246_final.txt	AqTMK_288_final.txt	AqTMK_246	AqTMK_288	34	31	False	inf	1.0	False	
AqTMK_246_final.txt	AqTMK_300_final.txt	AqTMK_246	AqTMK_300	34	31	False	inf	1.0	False	
AqTMK_246_final.txt	AqTMK_43_final.txt	AqTMK_246	AqTMK_43	34	30	False	inf	1.0	False	
AqTMK_246_final.txt	AqTMK_49_final.txt	AqTMK_246	AqTMK_49	34	30	False	inf	1.0	False	
AqTMK_246_final.txt	AqTMK_33_final.txt	AqTMK_246	AqTMK_33	34	30	False	inf	1.0	False	
AqTMK_246_final.txt	AqTMK_50_final.txt	AqTMK_246	AqTMK_50	34	30	False	inf	1.0	False	
AqTMK_246_final.txt	AqTMK_66_final.txt	AqTMK_246	AqTMK_66	34	30	False	inf	1.0	False	
AqTMK_246_final.txt	AqTMK_102_final.txt	AqTMK_246	AqTMK_102	34	30	False	inf	1.0	False	
AqTMK_246_final.txt	AqTMK_124_final.txt	AqTMK_246	AqTMK_124	34	30	False	inf	1.0	False	
AqTMK_246_final.txt	AqTMK_153_final.txt	AqTMK_246	AqTMK_153	34	30	False	inf	1.0	False	
AqTMK_246_final.txt	AqTMK_193_final.txt	AqTMK_246	AqTMK_193	34	30	False	inf	1.0	False	
AqTMK_246_final.txt	AqTMK_264_final.txt	AqTMK_246	AqTMK_264	34	30	False	inf	1.0	False	
AqTMK_246_final.txt	AqTMK_121_final.txt	AqTMK_246	AqTMK_121	34	29	False	inf	1.0	False	
AqTMK_261_final.txt	AqTMK_69_final.txt	AqTMK_261	AqTMK_69	34	33	False	inf	1.0	False	
AqTMK_261_final.txt	AqTMK_87_final.txt	AqTMK_261	AqTMK_87	34	33	False	inf	1.0	False	
AqTMK_261_final.txt	AqTMK_95_final.txt	AqTMK_261	AqTMK_95	34	33	False	inf	1.0	False	
AqTMK_261_final.txt	AqTMK_109_final.txt	AqTMK_261	AqTMK_109	34	33	False	inf	1.0	False	
AqTMK_261_final.txt	AqTMK_111_final.txt	AqTMK_261	AqTMK_111	34	33	False	inf	1.0	False	
AqTMK_261_final.txt	AqTMK_116_final.txt	AqTMK_261	AqTMK_116	34	33	False	inf	1.0	False	
AqTMK_261_final.txt	AqTMK_120_final.txt	AqTMK_261	AqTMK_120	34	33	False	inf	1.0	False	
AqTMK_261_final.txt	AqTMK_281_final.txt	AqTMK_261	AqTMK_281	34	34	True	8	1.0	False	
AqTMK_261_final.txt	AqTMK_139_final.txt	AqTMK_261	AqTMK_139	34	33	False	inf	1.0	False	
AqTMK_261_final.txt	AqTMK_163_final.txt	AqTMK_261	AqTMK_163	34	33	False	inf	1.0	False	
AqTMK_261_final.txt	AqTMK_156_final.txt	AqTMK_261	AqTMK_156	34	33	False	inf	1.0	False	
AqTMK_261_final.txt	AqTMK_171_final.txt	AqTMK_261	AqTMK_171	34	33	False	inf	1.0	False	
AqTMK_261_final.txt	AqTMK_186_final.txt	AqTMK_261	AqTMK_186	34	33	False	inf	1.0	False	
AqTMK_261_final.txt	AqTMK_197_final.txt	AqTMK_261	AqTMK_197	34	33	False	inf	1.0	False	
AqTMK_261_final.txt	AqTMK_200_final.txt	AqTMK_261	AqTMK_200	34	33	False	inf	1.0	False	
AqTMK_261_final.txt	AqTMK_208_final.txt	AqTMK_261	AqTMK_208	34	33	False	inf	1.0	False	
AqTMK_261_final.txt	AqTMK_223_final.txt	AqTMK_261	AqTMK_223	34	33	False	inf	1.0	False	
AqTMK_261_final.txt	AqTMK_229_final.txt	AqTMK_261	AqTMK_229	34	33	False	inf	1.0	False	
AqTMK_261_final.txt	AqTMK_230_final.txt	AqTMK_261	AqTMK_230	34	33	False	inf	1.0	False	
AqTMK_261_final.txt	AqTMK_231_final.txt	AqTMK_261	AqTMK_231	34	33	False	inf	1.0	False	
AqTMK_261_final.txt	AqTMK_233_final.txt	AqTMK_261	AqTMK_233	34	33	False	inf	1.0	False	
AqTMK_261_final.txt	AqTMK_257_final.txt	AqTMK_261	AqTMK_257	34	33	False	inf	1.0	False	
AqTMK_261_final.txt	AqTMK_259_final.txt	AqTMK_261	AqTMK_259	34	33	False	inf	1.0	False	
AqTMK_261_final.txt	AqTMK_262_final.txt	AqTMK_261	AqTMK_262	34	33	False	inf	1.0	False	
AqTMK_261_final.txt	AqTMK_284_final.txt	AqTMK_261	AqTMK_284	34	33	False	inf	1.0	False	
AqTMK_261_final.txt	AqTMK_273_final.txt	AqTMK_261	AqTMK_273	34	33	False	inf	1.0	False	
AqTMK_261_final.txt	AqTMK_270_final.txt	AqTMK_261	AqTMK_270	34	33	False	inf	1.0	False	
AqTMK_261_final.txt	AqTMK_285_final.txt	AqTMK_261	AqTMK_285	34	33	False	inf	1.0	False	
AqTMK_261_final.txt	AqTMK_287_final.txt	AqTMK_261	AqTMK_287	34	33	False	inf	1.0	False	
AqTMK_261_final.txt	AqTMK_295_final.txt	AqTMK_261	AqTMK_295	34	33	False	inf	1.0	False	
AqTMK_261_final.txt	AqTMK_311_final.txt	AqTMK_261	AqTMK_311	34	33	False	inf	1.0	False	
AqTMK_261_final.txt	AqTMK_54_final.txt	AqTMK_261	AqTMK_54	34	32	False	inf	1.0	False	
AqTMK_261_final.txt	AqTMK_56_final.txt	AqTMK_261	AqTMK_56	34	32	False	inf	1.0	False	
AqTMK_261_final.txt	AqTMK_59_final.txt	AqTMK_261	AqTMK_59	34	32	False	inf	1.0	False	
AqTMK_261_final.txt	AqTMK_62_final.txt	AqTMK_261	AqTMK_62	34	32	False	inf	1.0	False	
AqTMK_261_final.txt	AqTMK_63_final.txt	AqTMK_261	AqTMK_63	34	32	False	inf	1.0	False	
AqTMK_261_final.txt	AqTMK_68_final.txt	AqTMK_261	AqTMK_68	34	32	False	inf	1.0	False	
AqTMK_261_final.txt	AqTMK_70_final.txt	AqTMK_261	AqTMK_70	34	32	False	inf	1.0	False	
AqTMK_261_final.txt	AqTMK_79_final.txt	AqTMK_261	AqTMK_79	34	32	False	inf	1.0	False	
AqTMK_261_final.txt	AqTMK_81_final.txt	AqTMK_261	AqTMK_81	34	32	False	inf	1.0	False	
AqTMK_261_final.txt	AqTMK_82_final.txt	AqTMK_261	AqTMK_82	34	32	False	inf	1.0	False	
AqTMK_261_final.txt	AqTMK_84_final.txt	AqTMK_261	AqTMK_84	34	32	False	inf	1.0	False	
AqTMK_261_final.txt	AqTMK_85_final.txt	AqTMK_261	AqTMK_85	34	32	False	inf	1.0	False	
AqTMK_261_final.txt	AqTMK_89_final.txt	AqTMK_261	AqTMK_89	34	32	False	inf	1.0	False	
AqTMK_261_final.txt	AqTMK_91_final.txt	AqTMK_261	AqTMK_91	34	32	False	inf	1.0	False	
AqTMK_261_final.txt	AqTMK_93_final.txt	AqTMK_261	AqTMK_93	34	32	False	inf	1.0	False	
AqTMK_261_final.txt	AqTMK_98_final.txt	AqTMK_261	AqTMK_98	34	32	False	inf	1.0	False	
AqTMK_261_final.txt	AqTMK_99_final.txt	AqTMK_261	AqTMK_99	34	32	False	inf	1.0	False	
AqTMK_261_final.txt	AqTMK_101_final.txt	AqTMK_261	AqTMK_101	34	32	False	inf	1.0	False	
AqTMK_261_final.txt	AqTMK_104_final.txt	AqTMK_261	AqTMK_104	34	32	False	inf	1.0	False	
AqTMK_261_final.txt	AqTMK_103_final.txt	AqTMK_261	AqTMK_103	34	32	False	inf	1.0	False	
AqTMK_261_final.txt	AqTMK_106_final.txt	AqTMK_261	AqTMK_106	34	32	False	inf	1.0	False	
AqTMK_261_final.txt	AqTMK_114_final.txt	AqTMK_261	AqTMK_114	34	32	False	inf	1.0	False	
AqTMK_261_final.txt	AqTMK_117_final.txt	AqTMK_261	AqTMK_117	34	32	False	inf	1.0	False	
AqTMK_261_final.txt	AqTMK_118_final.txt	AqTMK_261	AqTMK_118	34	32	False	inf	1.0	False	
AqTMK_261_final.txt	AqTMK_131_final.txt	AqTMK_261	AqTMK_131	34	32	False	inf	1.0	False	
AqTMK_261_final.txt	AqTMK_155_final.txt	AqTMK_261	AqTMK_155	34	32	False	inf	1.0	False	
AqTMK_261_final.txt	AqTMK_149_final.txt	AqTMK_261	AqTMK_149	34	32	False	inf	1.0	False	
AqTMK_261_final.txt	AqTMK_159_final.txt	AqTMK_261	AqTMK_159	34	32	False	inf	1.0	False	
AqTMK_261_final.txt	AqTMK_165_final.txt	AqTMK_261	AqTMK_165	34	32	False	inf	1.0	False	
AqTMK_261_final.txt	AqTMK_173_final.txt	AqTMK_261	AqTMK_173	34	32	False	inf	1.0	False	
AqTMK_261_final.txt	AqTMK_179_final.txt	AqTMK_261	AqTMK_179	34	32	False	inf	1.0	False	
AqTMK_261_final.txt	AqTMK_181_final.txt	AqTMK_261	AqTMK_181	34	32	False	inf	1.0	False	
AqTMK_261_final.txt	AqTMK_187_final.txt	AqTMK_261	AqTMK_187	34	32	False	inf	1.0	False	
AqTMK_261_final.txt	AqTMK_188_final.txt	AqTMK_261	AqTMK_188	34	32	False	inf	1.0	False	
AqTMK_261_final.txt	AqTMK_191_final.txt	AqTMK_261	AqTMK_191	34	32	False	inf	1.0	False	
AqTMK_261_final.txt	AqTMK_198_final.txt	AqTMK_261	AqTMK_198	34	32	False	inf	1.0	False	
AqTMK_261_final.txt	AqTMK_218_final.txt	AqTMK_261	AqTMK_218	34	32	False	inf	1.0	False	
AqTMK_261_final.txt	AqTMK_219_final.txt	AqTMK_261	AqTMK_219	34	32	False	inf	1.0	False	
AqTMK_261_final.txt	AqTMK_224_final.txt	AqTMK_261	AqTMK_224	34	32	False	inf	1.0	False	
AqTMK_261_final.txt	AqTMK_234_final.txt	AqTMK_261	AqTMK_234	34	32	False	inf	1.0	False	
AqTMK_261_final.txt	AqTMK_236_final.txt	AqTMK_261	AqTMK_236	34	32	False	inf	1.0	False	
AqTMK_261_final.txt	AqTMK_240_final.txt	AqTMK_261	AqTMK_240	34	32	False	inf	1.0	False	
AqTMK_261_final.txt	AqTMK_242_final.txt	AqTMK_261	AqTMK_242	34	32	False	inf	1.0	False	
AqTMK_261_final.txt	AqTMK_245_final.txt	AqTMK_261	AqTMK_245	34	32	False	inf	1.0	False	
AqTMK_261_final.txt	AqTMK_249_final.txt	AqTMK_261	AqTMK_249	34	32	False	inf	1.0	False	
AqTMK_261_final.txt	AqTMK_263_final.txt	AqTMK_261	AqTMK_263	34	32	False	inf	1.0	False	
AqTMK_261_final.txt	AqTMK_267_final.txt	AqTMK_261	AqTMK_267	34	32	False	inf	1.0	False	
AqTMK_261_final.txt	AqTMK_272_final.txt	AqTMK_261	AqTMK_272	34	32	False	inf	1.0	False	
AqTMK_261_final.txt	AqTMK_274_final.txt	AqTMK_261	AqTMK_274	34	32	False	inf	1.0	False	
AqTMK_261_final.txt	AqTMK_275_final.txt	AqTMK_261	AqTMK_275	34	32	False	inf	1.0	False	
AqTMK_261_final.txt	AqTMK_279_final.txt	AqTMK_261	AqTMK_279	34	32	False	inf	1.0	False	
AqTMK_261_final.txt	AqTMK_286_final.txt	AqTMK_261	AqTMK_286	34	32	False	inf	1.0	False	
AqTMK_261_final.txt	AqTMK_290_final.txt	AqTMK_261	AqTMK_290	34	32	False	inf	1.0	False	
AqTMK_261_final.txt	AqTMK_292_final.txt	AqTMK_261	AqTMK_292	34	32	False	inf	1.0	False	
AqTMK_261_final.txt	AqTMK_299_final.txt	AqTMK_261	AqTMK_299	34	32	False	inf	1.0	False	
AqTMK_261_final.txt	AqTMK_309_final.txt	AqTMK_261	AqTMK_309	34	32	False	inf	1.0	False	
AqTMK_261_final.txt	AqTMK_45_final.txt	AqTMK_261	AqTMK_45	34	31	False	inf	1.0	False	
AqTMK_261_final.txt	AqTMK_47_final.txt	AqTMK_261	AqTMK_47	34	31	False	inf	1.0	False	
AqTMK_261_final.txt	AqTMK_53_final.txt	AqTMK_261	AqTMK_53	34	31	False	inf	1.0	False	
AqTMK_261_final.txt	AqTMK_48_final.txt	AqTMK_261	AqTMK_48	34	31	False	inf	1.0	False	
AqTMK_261_final.txt	AqTMK_57_final.txt	AqTMK_261	AqTMK_57	34	31	False	inf	1.0	False	
AqTMK_261_final.txt	AqTMK_72_final.txt	AqTMK_261	AqTMK_72	34	31	False	inf	1.0	False	
AqTMK_261_final.txt	AqTMK_73_final.txt	AqTMK_261	AqTMK_73	34	31	False	inf	1.0	False	
AqTMK_261_final.txt	AqTMK_76_final.txt	AqTMK_261	AqTMK_76	34	31	False	inf	1.0	False	
AqTMK_261_final.txt	AqTMK_92_final.txt	AqTMK_261	AqTMK_92	34	31	False	inf	1.0	False	
AqTMK_261_final.txt	AqTMK_110_final.txt	AqTMK_261	AqTMK_110	34	31	False	inf	1.0	False	
AqTMK_261_final.txt	AqTMK_108_final.txt	AqTMK_261	AqTMK_108	34	31	False	inf	1.0	False	
AqTMK_261_final.txt	AqTMK_94_final.txt	AqTMK_261	AqTMK_94	34	31	False	inf	1.0	False	
AqTMK_261_final.txt	AqTMK_112_final.txt	AqTMK_261	AqTMK_112	34	31	False	inf	1.0	False	
AqTMK_261_final.txt	AqTMK_119_final.txt	AqTMK_261	AqTMK_119	34	31	False	inf	1.0	False	
AqTMK_261_final.txt	AqTMK_122_final.txt	AqTMK_261	AqTMK_122	34	31	False	inf	1.0	False	
AqTMK_261_final.txt	AqTMK_123_final.txt	AqTMK_261	AqTMK_123	34	31	False	inf	1.0	False	
AqTMK_261_final.txt	AqTMK_132_final.txt	AqTMK_261	AqTMK_132	34	31	False	inf	1.0	False	
AqTMK_261_final.txt	AqTMK_133_final.txt	AqTMK_261	AqTMK_133	34	31	False	inf	1.0	False	
AqTMK_261_final.txt	AqTMK_167_final.txt	AqTMK_261	AqTMK_167	34	31	False	inf	1.0	False	
AqTMK_261_final.txt	AqTMK_172_final.txt	AqTMK_261	AqTMK_172	34	31	False	inf	1.0	False	
AqTMK_261_final.txt	AqTMK_178_final.txt	AqTMK_261	AqTMK_178	34	31	False	inf	1.0	False	
AqTMK_261_final.txt	AqTMK_184_final.txt	AqTMK_261	AqTMK_184	34	31	False	inf	1.0	False	
AqTMK_261_final.txt	AqTMK_195_final.txt	AqTMK_261	AqTMK_195	34	31	False	inf	1.0	False	
AqTMK_261_final.txt	AqTMK_201_final.txt	AqTMK_261	AqTMK_201	34	31	False	inf	1.0	False	
AqTMK_261_final.txt	AqTMK_211_final.txt	AqTMK_261	AqTMK_211	34	31	False	inf	1.0	False	
AqTMK_261_final.txt	AqTMK_237_final.txt	AqTMK_261	AqTMK_237	34	31	False	inf	1.0	False	
AqTMK_261_final.txt	AqTMK_238_final.txt	AqTMK_261	AqTMK_238	34	31	False	inf	1.0	False	
AqTMK_261_final.txt	AqTMK_253_final.txt	AqTMK_261	AqTMK_253	34	31	False	inf	1.0	False	
AqTMK_261_final.txt	AqTMK_276_final.txt	AqTMK_261	AqTMK_276	34	31	False	inf	1.0	False	
AqTMK_261_final.txt	AqTMK_277_final.txt	AqTMK_261	AqTMK_277	34	31	False	inf	1.0	False	
AqTMK_261_final.txt	AqTMK_288_final.txt	AqTMK_261	AqTMK_288	34	31	False	inf	1.0	False	
AqTMK_261_final.txt	AqTMK_300_final.txt	AqTMK_261	AqTMK_300	34	31	False	inf	1.0	False	
AqTMK_261_final.txt	AqTMK_33_final.txt	AqTMK_261	AqTMK_33	34	30	False	inf	1.0	False	
AqTMK_261_final.txt	AqTMK_43_final.txt	AqTMK_261	AqTMK_43	34	30	False	inf	1.0	False	
AqTMK_261_final.txt	AqTMK_50_final.txt	AqTMK_261	AqTMK_50	34	30	False	inf	1.0	False	
AqTMK_261_final.txt	AqTMK_49_final.txt	AqTMK_261	AqTMK_49	34	30	False	inf	1.0	False	
AqTMK_261_final.txt	AqTMK_66_final.txt	AqTMK_261	AqTMK_66	34	30	False	inf	1.0	False	
AqTMK_261_final.txt	AqTMK_102_final.txt	AqTMK_261	AqTMK_102	34	30	False	inf	1.0	False	
AqTMK_261_final.txt	AqTMK_124_final.txt	AqTMK_261	AqTMK_124	34	30	False	inf	1.0	False	
AqTMK_261_final.txt	AqTMK_153_final.txt	AqTMK_261	AqTMK_153	34	30	False	inf	1.0	False	
AqTMK_261_final.txt	AqTMK_193_final.txt	AqTMK_261	AqTMK_193	34	30	False	inf	1.0	False	
AqTMK_261_final.txt	AqTMK_264_final.txt	AqTMK_261	AqTMK_264	34	30	False	inf	1.0	False	
AqTMK_261_final.txt	AqTMK_121_final.txt	AqTMK_261	AqTMK_121	34	29	False	inf	1.0	False	
AqTMK_281_final.txt	AqTMK_69_final.txt	AqTMK_281	AqTMK_69	34	33	False	inf	1.0	False	
AqTMK_281_final.txt	AqTMK_95_final.txt	AqTMK_281	AqTMK_95	34	33	False	inf	1.0	False	
AqTMK_281_final.txt	AqTMK_87_final.txt	AqTMK_281	AqTMK_87	34	33	False	inf	1.0	False	
AqTMK_281_final.txt	AqTMK_109_final.txt	AqTMK_281	AqTMK_109	34	33	False	inf	1.0	False	
AqTMK_281_final.txt	AqTMK_111_final.txt	AqTMK_281	AqTMK_111	34	33	False	inf	1.0	False	
AqTMK_281_final.txt	AqTMK_116_final.txt	AqTMK_281	AqTMK_116	34	33	False	inf	1.0	False	
AqTMK_281_final.txt	AqTMK_120_final.txt	AqTMK_281	AqTMK_120	34	33	False	inf	1.0	False	
AqTMK_281_final.txt	AqTMK_139_final.txt	AqTMK_281	AqTMK_139	34	33	False	inf	1.0	False	
AqTMK_281_final.txt	AqTMK_156_final.txt	AqTMK_281	AqTMK_156	34	33	False	inf	1.0	False	
AqTMK_281_final.txt	AqTMK_171_final.txt	AqTMK_281	AqTMK_171	34	33	False	inf	1.0	False	
AqTMK_281_final.txt	AqTMK_163_final.txt	AqTMK_281	AqTMK_163	34	33	False	inf	1.0	False	
AqTMK_281_final.txt	AqTMK_186_final.txt	AqTMK_281	AqTMK_186	34	33	False	inf	1.0	False	
AqTMK_281_final.txt	AqTMK_197_final.txt	AqTMK_281	AqTMK_197	34	33	False	inf	1.0	False	
AqTMK_281_final.txt	AqTMK_200_final.txt	AqTMK_281	AqTMK_200	34	33	False	inf	1.0	False	
AqTMK_281_final.txt	AqTMK_208_final.txt	AqTMK_281	AqTMK_208	34	33	False	inf	1.0	False	
AqTMK_281_final.txt	AqTMK_223_final.txt	AqTMK_281	AqTMK_223	34	33	False	inf	1.0	False	
AqTMK_281_final.txt	AqTMK_229_final.txt	AqTMK_281	AqTMK_229	34	33	False	inf	1.0	False	
AqTMK_281_final.txt	AqTMK_231_final.txt	AqTMK_281	AqTMK_231	34	33	False	inf	1.0	False	
AqTMK_281_final.txt	AqTMK_230_final.txt	AqTMK_281	AqTMK_230	34	33	False	inf	1.0	False	
AqTMK_281_final.txt	AqTMK_233_final.txt	AqTMK_281	AqTMK_233	34	33	False	inf	1.0	False	
AqTMK_281_final.txt	AqTMK_257_final.txt	AqTMK_281	AqTMK_257	34	33	False	inf	1.0	False	
AqTMK_281_final.txt	AqTMK_259_final.txt	AqTMK_281	AqTMK_259	34	33	False	inf	1.0	False	
AqTMK_281_final.txt	AqTMK_262_final.txt	AqTMK_281	AqTMK_262	34	33	False	inf	1.0	False	
AqTMK_281_final.txt	AqTMK_270_final.txt	AqTMK_281	AqTMK_270	34	33	False	inf	1.0	False	
AqTMK_281_final.txt	AqTMK_273_final.txt	AqTMK_281	AqTMK_273	34	33	False	inf	1.0	False	
AqTMK_281_final.txt	AqTMK_284_final.txt	AqTMK_281	AqTMK_284	34	33	False	inf	1.0	False	
AqTMK_281_final.txt	AqTMK_285_final.txt	AqTMK_281	AqTMK_285	34	33	False	inf	1.0	False	
AqTMK_281_final.txt	AqTMK_287_final.txt	AqTMK_281	AqTMK_287	34	33	False	inf	1.0	False	
AqTMK_281_final.txt	AqTMK_295_final.txt	AqTMK_281	AqTMK_295	34	33	False	inf	1.0	False	
AqTMK_281_final.txt	AqTMK_311_final.txt	AqTMK_281	AqTMK_311	34	33	False	inf	1.0	False	
AqTMK_281_final.txt	AqTMK_54_final.txt	AqTMK_281	AqTMK_54	34	32	False	inf	1.0	False	
AqTMK_281_final.txt	AqTMK_56_final.txt	AqTMK_281	AqTMK_56	34	32	False	inf	1.0	False	
AqTMK_281_final.txt	AqTMK_59_final.txt	AqTMK_281	AqTMK_59	34	32	False	inf	1.0	False	
AqTMK_281_final.txt	AqTMK_63_final.txt	AqTMK_281	AqTMK_63	34	32	False	inf	1.0	False	
AqTMK_281_final.txt	AqTMK_62_final.txt	AqTMK_281	AqTMK_62	34	32	False	inf	1.0	False	
AqTMK_281_final.txt	AqTMK_68_final.txt	AqTMK_281	AqTMK_68	34	32	False	inf	1.0	False	
AqTMK_281_final.txt	AqTMK_70_final.txt	AqTMK_281	AqTMK_70	34	32	False	inf	1.0	False	
AqTMK_281_final.txt	AqTMK_79_final.txt	AqTMK_281	AqTMK_79	34	32	False	inf	1.0	False	
AqTMK_281_final.txt	AqTMK_81_final.txt	AqTMK_281	AqTMK_81	34	32	False	inf	1.0	False	
AqTMK_281_final.txt	AqTMK_82_final.txt	AqTMK_281	AqTMK_82	34	32	False	inf	1.0	False	
AqTMK_281_final.txt	AqTMK_84_final.txt	AqTMK_281	AqTMK_84	34	32	False	inf	1.0	False	
AqTMK_281_final.txt	AqTMK_85_final.txt	AqTMK_281	AqTMK_85	34	32	False	inf	1.0	False	
AqTMK_281_final.txt	AqTMK_89_final.txt	AqTMK_281	AqTMK_89	34	32	False	inf	1.0	False	
AqTMK_281_final.txt	AqTMK_91_final.txt	AqTMK_281	AqTMK_91	34	32	False	inf	1.0	False	
AqTMK_281_final.txt	AqTMK_93_final.txt	AqTMK_281	AqTMK_93	34	32	False	inf	1.0	False	
AqTMK_281_final.txt	AqTMK_98_final.txt	AqTMK_281	AqTMK_98	34	32	False	inf	1.0	False	
AqTMK_281_final.txt	AqTMK_99_final.txt	AqTMK_281	AqTMK_99	34	32	False	inf	1.0	False	
AqTMK_281_final.txt	AqTMK_101_final.txt	AqTMK_281	AqTMK_101	34	32	False	inf	1.0	False	
AqTMK_281_final.txt	AqTMK_103_final.txt	AqTMK_281	AqTMK_103	34	32	False	inf	1.0	False	
AqTMK_281_final.txt	AqTMK_104_final.txt	AqTMK_281	AqTMK_104	34	32	False	inf	1.0	False	
AqTMK_281_final.txt	AqTMK_106_final.txt	AqTMK_281	AqTMK_106	34	32	False	inf	1.0	False	
AqTMK_281_final.txt	AqTMK_114_final.txt	AqTMK_281	AqTMK_114	34	32	False	inf	1.0	False	
AqTMK_281_final.txt	AqTMK_117_final.txt	AqTMK_281	AqTMK_117	34	32	False	inf	1.0	False	
AqTMK_281_final.txt	AqTMK_118_final.txt	AqTMK_281	AqTMK_118	34	32	False	inf	1.0	False	
AqTMK_281_final.txt	AqTMK_131_final.txt	AqTMK_281	AqTMK_131	34	32	False	inf	1.0	False	
AqTMK_281_final.txt	AqTMK_149_final.txt	AqTMK_281	AqTMK_149	34	32	False	inf	1.0	False	
AqTMK_281_final.txt	AqTMK_165_final.txt	AqTMK_281	AqTMK_165	34	32	False	inf	1.0	False	
AqTMK_281_final.txt	AqTMK_155_final.txt	AqTMK_281	AqTMK_155	34	32	False	inf	1.0	False	
AqTMK_281_final.txt	AqTMK_159_final.txt	AqTMK_281	AqTMK_159	34	32	False	inf	1.0	False	
AqTMK_281_final.txt	AqTMK_173_final.txt	AqTMK_281	AqTMK_173	34	32	False	inf	1.0	False	
AqTMK_281_final.txt	AqTMK_179_final.txt	AqTMK_281	AqTMK_179	34	32	False	inf	1.0	False	
AqTMK_281_final.txt	AqTMK_181_final.txt	AqTMK_281	AqTMK_181	34	32	False	inf	1.0	False	
AqTMK_281_final.txt	AqTMK_187_final.txt	AqTMK_281	AqTMK_187	34	32	False	inf	1.0	False	
AqTMK_281_final.txt	AqTMK_188_final.txt	AqTMK_281	AqTMK_188	34	32	False	inf	1.0	False	
AqTMK_281_final.txt	AqTMK_218_final.txt	AqTMK_281	AqTMK_218	34	32	False	inf	1.0	False	
AqTMK_281_final.txt	AqTMK_191_final.txt	AqTMK_281	AqTMK_191	34	32	False	inf	1.0	False	
AqTMK_281_final.txt	AqTMK_198_final.txt	AqTMK_281	AqTMK_198	34	32	False	inf	1.0	False	
AqTMK_281_final.txt	AqTMK_219_final.txt	AqTMK_281	AqTMK_219	34	32	False	inf	1.0	False	
AqTMK_281_final.txt	AqTMK_224_final.txt	AqTMK_281	AqTMK_224	34	32	False	inf	1.0	False	
AqTMK_281_final.txt	AqTMK_234_final.txt	AqTMK_281	AqTMK_234	34	32	False	inf	1.0	False	
AqTMK_281_final.txt	AqTMK_236_final.txt	AqTMK_281	AqTMK_236	34	32	False	inf	1.0	False	
AqTMK_281_final.txt	AqTMK_240_final.txt	AqTMK_281	AqTMK_240	34	32	False	inf	1.0	False	
AqTMK_281_final.txt	AqTMK_242_final.txt	AqTMK_281	AqTMK_242	34	32	False	inf	1.0	False	
AqTMK_281_final.txt	AqTMK_245_final.txt	AqTMK_281	AqTMK_245	34	32	False	inf	1.0	False	
AqTMK_281_final.txt	AqTMK_249_final.txt	AqTMK_281	AqTMK_249	34	32	False	inf	1.0	False	
AqTMK_281_final.txt	AqTMK_263_final.txt	AqTMK_281	AqTMK_263	34	32	False	inf	1.0	False	
AqTMK_281_final.txt	AqTMK_267_final.txt	AqTMK_281	AqTMK_267	34	32	False	inf	1.0	False	
AqTMK_281_final.txt	AqTMK_272_final.txt	AqTMK_281	AqTMK_272	34	32	False	inf	1.0	False	
AqTMK_281_final.txt	AqTMK_274_final.txt	AqTMK_281	AqTMK_274	34	32	False	inf	1.0	False	
AqTMK_281_final.txt	AqTMK_275_final.txt	AqTMK_281	AqTMK_275	34	32	False	inf	1.0	False	
AqTMK_281_final.txt	AqTMK_279_final.txt	AqTMK_281	AqTMK_279	34	32	False	inf	1.0	False	
AqTMK_281_final.txt	AqTMK_290_final.txt	AqTMK_281	AqTMK_290	34	32	False	inf	1.0	False	
AqTMK_281_final.txt	AqTMK_286_final.txt	AqTMK_281	AqTMK_286	34	32	False	inf	1.0	False	
AqTMK_281_final.txt	AqTMK_292_final.txt	AqTMK_281	AqTMK_292	34	32	False	inf	1.0	False	
AqTMK_281_final.txt	AqTMK_299_final.txt	AqTMK_281	AqTMK_299	34	32	False	inf	1.0	False	
AqTMK_281_final.txt	AqTMK_309_final.txt	AqTMK_281	AqTMK_309	34	32	False	inf	1.0	False	
AqTMK_281_final.txt	AqTMK_45_final.txt	AqTMK_281	AqTMK_45	34	31	False	inf	1.0	False	
AqTMK_281_final.txt	AqTMK_47_final.txt	AqTMK_281	AqTMK_47	34	31	False	inf	1.0	False	
AqTMK_281_final.txt	AqTMK_53_final.txt	AqTMK_281	AqTMK_53	34	31	False	inf	1.0	False	
AqTMK_281_final.txt	AqTMK_48_final.txt	AqTMK_281	AqTMK_48	34	31	False	inf	1.0	False	
AqTMK_281_final.txt	AqTMK_57_final.txt	AqTMK_281	AqTMK_57	34	31	False	inf	1.0	False	
AqTMK_281_final.txt	AqTMK_72_final.txt	AqTMK_281	AqTMK_72	34	31	False	inf	1.0	False	
AqTMK_281_final.txt	AqTMK_73_final.txt	AqTMK_281	AqTMK_73	34	31	False	inf	1.0	False	
AqTMK_281_final.txt	AqTMK_76_final.txt	AqTMK_281	AqTMK_76	34	31	False	inf	1.0	False	
AqTMK_281_final.txt	AqTMK_92_final.txt	AqTMK_281	AqTMK_92	34	31	False	inf	1.0	False	
AqTMK_281_final.txt	AqTMK_94_final.txt	AqTMK_281	AqTMK_94	34	31	False	inf	1.0	False	
AqTMK_281_final.txt	AqTMK_108_final.txt	AqTMK_281	AqTMK_108	34	31	False	inf	1.0	False	
AqTMK_281_final.txt	AqTMK_112_final.txt	AqTMK_281	AqTMK_112	34	31	False	inf	1.0	False	
AqTMK_281_final.txt	AqTMK_110_final.txt	AqTMK_281	AqTMK_110	34	31	False	inf	1.0	False	
AqTMK_281_final.txt	AqTMK_119_final.txt	AqTMK_281	AqTMK_119	34	31	False	inf	1.0	False	
AqTMK_281_final.txt	AqTMK_122_final.txt	AqTMK_281	AqTMK_122	34	31	False	inf	1.0	False	
AqTMK_281_final.txt	AqTMK_123_final.txt	AqTMK_281	AqTMK_123	34	31	False	inf	1.0	False	
AqTMK_281_final.txt	AqTMK_132_final.txt	AqTMK_281	AqTMK_132	34	31	False	inf	1.0	False	
AqTMK_281_final.txt	AqTMK_133_final.txt	AqTMK_281	AqTMK_133	34	31	False	inf	1.0	False	
AqTMK_281_final.txt	AqTMK_172_final.txt	AqTMK_281	AqTMK_172	34	31	False	inf	1.0	False	
AqTMK_281_final.txt	AqTMK_167_final.txt	AqTMK_281	AqTMK_167	34	31	False	inf	1.0	False	
AqTMK_281_final.txt	AqTMK_178_final.txt	AqTMK_281	AqTMK_178	34	31	False	inf	1.0	False	
AqTMK_281_final.txt	AqTMK_184_final.txt	AqTMK_281	AqTMK_184	34	31	False	inf	1.0	False	
AqTMK_281_final.txt	AqTMK_195_final.txt	AqTMK_281	AqTMK_195	34	31	False	inf	1.0	False	
AqTMK_281_final.txt	AqTMK_201_final.txt	AqTMK_281	AqTMK_201	34	31	False	inf	1.0	False	
AqTMK_281_final.txt	AqTMK_211_final.txt	AqTMK_281	AqTMK_211	34	31	False	inf	1.0	False	
AqTMK_281_final.txt	AqTMK_237_final.txt	AqTMK_281	AqTMK_237	34	31	False	inf	1.0	False	
AqTMK_281_final.txt	AqTMK_276_final.txt	AqTMK_281	AqTMK_276	34	31	False	inf	1.0	False	
AqTMK_281_final.txt	AqTMK_238_final.txt	AqTMK_281	AqTMK_238	34	31	False	inf	1.0	False	
AqTMK_281_final.txt	AqTMK_253_final.txt	AqTMK_281	AqTMK_253	34	31	False	inf	1.0	False	
AqTMK_281_final.txt	AqTMK_277_final.txt	AqTMK_281	AqTMK_277	34	31	False	inf	1.0	False	
AqTMK_281_final.txt	AqTMK_288_final.txt	AqTMK_281	AqTMK_288	34	31	False	inf	1.0	False	
AqTMK_281_final.txt	AqTMK_300_final.txt	AqTMK_281	AqTMK_300	34	31	False	inf	1.0	False	
AqTMK_281_final.txt	AqTMK_33_final.txt	AqTMK_281	AqTMK_33	34	30	False	inf	1.0	False	
AqTMK_281_final.txt	AqTMK_43_final.txt	AqTMK_281	AqTMK_43	34	30	False	inf	1.0	False	
AqTMK_281_final.txt	AqTMK_49_final.txt	AqTMK_281	AqTMK_49	34	30	False	inf	1.0	False	
AqTMK_281_final.txt	AqTMK_50_final.txt	AqTMK_281	AqTMK_50	34	30	False	inf	1.0	False	
AqTMK_281_final.txt	AqTMK_66_final.txt	AqTMK_281	AqTMK_66	34	30	False	inf	1.0	False	
AqTMK_281_final.txt	AqTMK_102_final.txt	AqTMK_281	AqTMK_102	34	30	False	inf	1.0	False	
AqTMK_281_final.txt	AqTMK_124_final.txt	AqTMK_281	AqTMK_124	34	30	False	inf	1.0	False	
AqTMK_281_final.txt	AqTMK_153_final.txt	AqTMK_281	AqTMK_153	34	30	False	inf	1.0	False	
AqTMK_281_final.txt	AqTMK_193_final.txt	AqTMK_281	AqTMK_193	34	30	False	inf	1.0	False	
AqTMK_281_final.txt	AqTMK_264_final.txt	AqTMK_281	AqTMK_264	34	30	False	inf	1.0	False	
AqTMK_281_final.txt	AqTMK_121_final.txt	AqTMK_281	AqTMK_121	34	29	False	inf	1.0	False	
AqTMK_69_final.txt	AqTMK_87_final.txt	AqTMK_69	AqTMK_87	33	33	True	2	1.0	False	
AqTMK_69_final.txt	AqTMK_95_final.txt	AqTMK_69	AqTMK_95	33	33	True	4	1.0	False	
AqTMK_69_final.txt	AqTMK_109_final.txt	AqTMK_69	AqTMK_109	33	33	True	6	1.0	False	
AqTMK_69_final.txt	AqTMK_111_final.txt	AqTMK_69	AqTMK_111	33	33	True	4	1.0	False	
AqTMK_69_final.txt	AqTMK_116_final.txt	AqTMK_69	AqTMK_116	33	33	True	2	1.0	False	
AqTMK_69_final.txt	AqTMK_139_final.txt	AqTMK_69	AqTMK_139	33	33	True	6	1.0	False	
AqTMK_69_final.txt	AqTMK_156_final.txt	AqTMK_69	AqTMK_156	33	33	True	10	1.0	False	
AqTMK_69_final.txt	AqTMK_120_final.txt	AqTMK_69	AqTMK_120	33	33	True	4	1.0	False	
AqTMK_69_final.txt	AqTMK_163_final.txt	AqTMK_69	AqTMK_163	33	33	True	2	1.0	False	
AqTMK_69_final.txt	AqTMK_171_final.txt	AqTMK_69	AqTMK_171	33	33	True	6	1.0	False	
AqTMK_69_final.txt	AqTMK_186_final.txt	AqTMK_69	AqTMK_186	33	33	True	6	1.0	False	
AqTMK_69_final.txt	AqTMK_197_final.txt	AqTMK_69	AqTMK_197	33	33	True	6	1.0	False	
AqTMK_69_final.txt	AqTMK_200_final.txt	AqTMK_69	AqTMK_200	33	33	True	2	1.0	False	
AqTMK_69_final.txt	AqTMK_223_final.txt	AqTMK_69	AqTMK_223	33	33	True	6	1.0	False	
AqTMK_69_final.txt	AqTMK_208_final.txt	AqTMK_69	AqTMK_208	33	33	True	8	1.0	False	
AqTMK_69_final.txt	AqTMK_229_final.txt	AqTMK_69	AqTMK_229	33	33	True	4	1.0	False	
AqTMK_69_final.txt	AqTMK_231_final.txt	AqTMK_69	AqTMK_231	33	33	True	6	1.0	False	
AqTMK_69_final.txt	AqTMK_233_final.txt	AqTMK_69	AqTMK_233	33	33	True	4	1.0	False	
AqTMK_69_final.txt	AqTMK_230_final.txt	AqTMK_69	AqTMK_230	33	33	True	8	1.0	False	
AqTMK_69_final.txt	AqTMK_257_final.txt	AqTMK_69	AqTMK_257	33	33	True	6	1.0	False	
AqTMK_69_final.txt	AqTMK_262_final.txt	AqTMK_69	AqTMK_262	33	33	True	6	1.0	False	
AqTMK_69_final.txt	AqTMK_270_final.txt	AqTMK_69	AqTMK_270	33	33	True	4	1.0	False	
AqTMK_69_final.txt	AqTMK_259_final.txt	AqTMK_69	AqTMK_259	33	33	True	8	1.0	False	
AqTMK_69_final.txt	AqTMK_273_final.txt	AqTMK_69	AqTMK_273	33	33	True	4	1.0	False	
AqTMK_69_final.txt	AqTMK_284_final.txt	AqTMK_69	AqTMK_284	33	33	True	4	1.0	False	
AqTMK_69_final.txt	AqTMK_285_final.txt	AqTMK_69	AqTMK_285	33	33	True	4	1.0	False	
AqTMK_69_final.txt	AqTMK_287_final.txt	AqTMK_69	AqTMK_287	33	33	True	0	1.0	True	class_39
AqTMK_69_final.txt	AqTMK_295_final.txt	AqTMK_69	AqTMK_295	33	33	True	4	1.0	False	
AqTMK_69_final.txt	AqTMK_54_final.txt	AqTMK_69	AqTMK_54	33	32	False	inf	1.0	False	
AqTMK_69_final.txt	AqTMK_56_final.txt	AqTMK_69	AqTMK_56	33	32	False	inf	1.0	False	
AqTMK_69_final.txt	AqTMK_59_final.txt	AqTMK_69	AqTMK_59	33	32	False	inf	1.0	False	
AqTMK_69_final.txt	AqTMK_311_final.txt	AqTMK_69	AqTMK_311	33	33	True	8	1.0	False	
AqTMK_69_final.txt	AqTMK_68_final.txt	AqTMK_69	AqTMK_68	33	32	False	inf	1.0	False	
AqTMK_69_final.txt	AqTMK_62_final.txt	AqTMK_69	AqTMK_62	33	32	False	inf	1.0	False	
AqTMK_69_final.txt	AqTMK_63_final.txt	AqTMK_69	AqTMK_63	33	32	False	inf	1.0	False	
AqTMK_69_final.txt	AqTMK_70_final.txt	AqTMK_69	AqTMK_70	33	32	False	inf	1.0	False	
AqTMK_69_final.txt	AqTMK_79_final.txt	AqTMK_69	AqTMK_79	33	32	False	inf	1.0	False	
AqTMK_69_final.txt	AqTMK_81_final.txt	AqTMK_69	AqTMK_81	33	32	False	inf	1.0	False	
AqTMK_69_final.txt	AqTMK_82_final.txt	AqTMK_69	AqTMK_82	33	32	False	inf	1.0	False	
AqTMK_69_final.txt	AqTMK_84_final.txt	AqTMK_69	AqTMK_84	33	32	False	inf	1.0	False	
AqTMK_69_final.txt	AqTMK_89_final.txt	AqTMK_69	AqTMK_89	33	32	False	inf	1.0	False	
AqTMK_69_final.txt	AqTMK_91_final.txt	AqTMK_69	AqTMK_91	33	32	False	inf	1.0	False	
AqTMK_69_final.txt	AqTMK_85_final.txt	AqTMK_69	AqTMK_85	33	32	False	inf	1.0	False	
AqTMK_69_final.txt	AqTMK_93_final.txt	AqTMK_69	AqTMK_93	33	32	False	inf	1.0	False	
AqTMK_69_final.txt	AqTMK_98_final.txt	AqTMK_69	AqTMK_98	33	32	False	inf	1.0	False	
AqTMK_69_final.txt	AqTMK_99_final.txt	AqTMK_69	AqTMK_99	33	32	False	inf	1.0	False	
AqTMK_69_final.txt	AqTMK_101_final.txt	AqTMK_69	AqTMK_101	33	32	False	inf	1.0	False	
AqTMK_69_final.txt	AqTMK_103_final.txt	AqTMK_69	AqTMK_103	33	32	False	inf	1.0	False	
AqTMK_69_final.txt	AqTMK_104_final.txt	AqTMK_69	AqTMK_104	33	32	False	inf	1.0	False	
AqTMK_69_final.txt	AqTMK_106_final.txt	AqTMK_69	AqTMK_106	33	32	False	inf	1.0	False	
AqTMK_69_final.txt	AqTMK_114_final.txt	AqTMK_69	AqTMK_114	33	32	False	inf	1.0	False	
AqTMK_69_final.txt	AqTMK_117_final.txt	AqTMK_69	AqTMK_117	33	32	False	inf	1.0	False	
AqTMK_69_final.txt	AqTMK_118_final.txt	AqTMK_69	AqTMK_118	33	32	False	inf	1.0	False	
AqTMK_69_final.txt	AqTMK_131_final.txt	AqTMK_69	AqTMK_131	33	32	False	inf	1.0	False	
AqTMK_69_final.txt	AqTMK_149_final.txt	AqTMK_69	AqTMK_149	33	32	False	inf	1.0	False	
AqTMK_69_final.txt	AqTMK_155_final.txt	AqTMK_69	AqTMK_155	33	32	False	inf	1.0	False	
AqTMK_69_final.txt	AqTMK_165_final.txt	AqTMK_69	AqTMK_165	33	32	False	inf	1.0	False	
AqTMK_69_final.txt	AqTMK_173_final.txt	AqTMK_69	AqTMK_173	33	32	False	inf	1.0	False	
AqTMK_69_final.txt	AqTMK_159_final.txt	AqTMK_69	AqTMK_159	33	32	False	inf	1.0	False	
AqTMK_69_final.txt	AqTMK_179_final.txt	AqTMK_69	AqTMK_179	33	32	False	inf	1.0	False	
AqTMK_69_final.txt	AqTMK_181_final.txt	AqTMK_69	AqTMK_181	33	32	False	inf	1.0	False	
AqTMK_69_final.txt	AqTMK_187_final.txt	AqTMK_69	AqTMK_187	33	32	False	inf	1.0	False	
AqTMK_69_final.txt	AqTMK_188_final.txt	AqTMK_69	AqTMK_188	33	32	False	inf	1.0	False	
AqTMK_69_final.txt	AqTMK_191_final.txt	AqTMK_69	AqTMK_191	33	32	False	inf	1.0	False	
AqTMK_69_final.txt	AqTMK_218_final.txt	AqTMK_69	AqTMK_218	33	32	False	inf	1.0	False	
AqTMK_69_final.txt	AqTMK_198_final.txt	AqTMK_69	AqTMK_198	33	32	False	inf	1.0	False	
AqTMK_69_final.txt	AqTMK_219_final.txt	AqTMK_69	AqTMK_219	33	32	False	inf	1.0	False	
AqTMK_69_final.txt	AqTMK_224_final.txt	AqTMK_69	AqTMK_224	33	32	False	inf	1.0	False	
AqTMK_69_final.txt	AqTMK_234_final.txt	AqTMK_69	AqTMK_234	33	32	False	inf	1.0	False	
AqTMK_69_final.txt	AqTMK_236_final.txt	AqTMK_69	AqTMK_236	33	32	False	inf	1.0	False	
AqTMK_69_final.txt	AqTMK_240_final.txt	AqTMK_69	AqTMK_240	33	32	False	inf	1.0	False	
AqTMK_69_final.txt	AqTMK_242_final.txt	AqTMK_69	AqTMK_242	33	32	False	inf	1.0	False	
AqTMK_69_final.txt	AqTMK_249_final.txt	AqTMK_69	AqTMK_249	33	32	False	inf	1.0	False	
AqTMK_69_final.txt	AqTMK_245_final.txt	AqTMK_69	AqTMK_245	33	32	False	inf	1.0	False	
AqTMK_69_final.txt	AqTMK_263_final.txt	AqTMK_69	AqTMK_263	33	32	False	inf	1.0	False	
AqTMK_69_final.txt	AqTMK_267_final.txt	AqTMK_69	AqTMK_267	33	32	False	inf	1.0	False	
AqTMK_69_final.txt	AqTMK_272_final.txt	AqTMK_69	AqTMK_272	33	32	False	inf	1.0	False	
AqTMK_69_final.txt	AqTMK_274_final.txt	AqTMK_69	AqTMK_274	33	32	False	inf	1.0	False	
AqTMK_69_final.txt	AqTMK_275_final.txt	AqTMK_69	AqTMK_275	33	32	False	inf	1.0	False	
AqTMK_69_final.txt	AqTMK_279_final.txt	AqTMK_69	AqTMK_279	33	32	False	inf	1.0	False	
AqTMK_69_final.txt	AqTMK_290_final.txt	AqTMK_69	AqTMK_290	33	32	False	inf	1.0	False	
AqTMK_69_final.txt	AqTMK_286_final.txt	AqTMK_69	AqTMK_286	33	32	False	inf	1.0	False	
AqTMK_69_final.txt	AqTMK_292_final.txt	AqTMK_69	AqTMK_292	33	32	False	inf	1.0	False	
AqTMK_69_final.txt	AqTMK_299_final.txt	AqTMK_69	AqTMK_299	33	32	False	inf	1.0	False	
AqTMK_69_final.txt	AqTMK_309_final.txt	AqTMK_69	AqTMK_309	33	32	False	inf	1.0	False	
AqTMK_69_final.txt	AqTMK_45_final.txt	AqTMK_69	AqTMK_45	33	31	False	inf	1.0	False	
AqTMK_69_final.txt	AqTMK_47_final.txt	AqTMK_69	AqTMK_47	33	31	False	inf	1.0	False	
AqTMK_69_final.txt	AqTMK_48_final.txt	AqTMK_69	AqTMK_48	33	31	False	inf	1.0	False	
AqTMK_69_final.txt	AqTMK_57_final.txt	AqTMK_69	AqTMK_57	33	31	False	inf	1.0	False	
AqTMK_69_final.txt	AqTMK_53_final.txt	AqTMK_69	AqTMK_53	33	31	False	inf	1.0	False	
AqTMK_69_final.txt	AqTMK_72_final.txt	AqTMK_69	AqTMK_72	33	31	False	inf	1.0	False	
AqTMK_69_final.txt	AqTMK_73_final.txt	AqTMK_69	AqTMK_73	33	31	False	inf	1.0	False	
AqTMK_69_final.txt	AqTMK_76_final.txt	AqTMK_69	AqTMK_76	33	31	False	inf	1.0	False	
AqTMK_69_final.txt	AqTMK_92_final.txt	AqTMK_69	AqTMK_92	33	31	False	inf	1.0	False	
AqTMK_69_final.txt	AqTMK_94_final.txt	AqTMK_69	AqTMK_94	33	31	False	inf	1.0	False	
AqTMK_69_final.txt	AqTMK_108_final.txt	AqTMK_69	AqTMK_108	33	31	False	inf	1.0	False	
AqTMK_69_final.txt	AqTMK_110_final.txt	AqTMK_69	AqTMK_110	33	31	False	inf	1.0	False	
AqTMK_69_final.txt	AqTMK_112_final.txt	AqTMK_69	AqTMK_112	33	31	False	inf	1.0	False	
AqTMK_69_final.txt	AqTMK_119_final.txt	AqTMK_69	AqTMK_119	33	31	False	inf	1.0	False	
AqTMK_69_final.txt	AqTMK_122_final.txt	AqTMK_69	AqTMK_122	33	31	False	inf	1.0	False	
AqTMK_69_final.txt	AqTMK_123_final.txt	AqTMK_69	AqTMK_123	33	31	False	inf	1.0	False	
AqTMK_69_final.txt	AqTMK_132_final.txt	AqTMK_69	AqTMK_132	33	31	False	inf	1.0	False	
AqTMK_69_final.txt	AqTMK_133_final.txt	AqTMK_69	AqTMK_133	33	31	False	inf	1.0	False	
AqTMK_69_final.txt	AqTMK_167_final.txt	AqTMK_69	AqTMK_167	33	31	False	inf	1.0	False	
AqTMK_69_final.txt	AqTMK_178_final.txt	AqTMK_69	AqTMK_178	33	31	False	inf	1.0	False	
AqTMK_69_final.txt	AqTMK_184_final.txt	AqTMK_69	AqTMK_184	33	31	False	inf	1.0	False	
AqTMK_69_final.txt	AqTMK_172_final.txt	AqTMK_69	AqTMK_172	33	31	False	inf	1.0	False	
AqTMK_69_final.txt	AqTMK_195_final.txt	AqTMK_69	AqTMK_195	33	31	False	inf	1.0	False	
AqTMK_69_final.txt	AqTMK_201_final.txt	AqTMK_69	AqTMK_201	33	31	False	inf	1.0	False	
AqTMK_69_final.txt	AqTMK_211_final.txt	AqTMK_69	AqTMK_211	33	31	False	inf	1.0	False	
AqTMK_69_final.txt	AqTMK_237_final.txt	AqTMK_69	AqTMK_237	33	31	False	inf	1.0	False	
AqTMK_69_final.txt	AqTMK_238_final.txt	AqTMK_69	AqTMK_238	33	31	False	inf	1.0	False	
AqTMK_69_final.txt	AqTMK_276_final.txt	AqTMK_69	AqTMK_276	33	31	False	inf	1.0	False	
AqTMK_69_final.txt	AqTMK_253_final.txt	AqTMK_69	AqTMK_253	33	31	False	inf	1.0	False	
AqTMK_69_final.txt	AqTMK_277_final.txt	AqTMK_69	AqTMK_277	33	31	False	inf	1.0	False	
AqTMK_69_final.txt	AqTMK_288_final.txt	AqTMK_69	AqTMK_288	33	31	False	inf	1.0	False	
AqTMK_69_final.txt	AqTMK_300_final.txt	AqTMK_69	AqTMK_300	33	31	False	inf	1.0	False	
AqTMK_69_final.txt	AqTMK_33_final.txt	AqTMK_69	AqTMK_33	33	30	False	inf	1.0	False	
AqTMK_69_final.txt	AqTMK_43_final.txt	AqTMK_69	AqTMK_43	33	30	False	inf	1.0	False	
AqTMK_69_final.txt	AqTMK_49_final.txt	AqTMK_69	AqTMK_49	33	30	False	inf	1.0	False	
AqTMK_69_final.txt	AqTMK_66_final.txt	AqTMK_69	AqTMK_66	33	30	False	inf	1.0	False	
AqTMK_69_final.txt	AqTMK_50_final.txt	AqTMK_69	AqTMK_50	33	30	False	inf	1.0	False	
AqTMK_69_final.txt	AqTMK_102_final.txt	AqTMK_69	AqTMK_102	33	30	False	inf	1.0	False	
AqTMK_69_final.txt	AqTMK_124_final.txt	AqTMK_69	AqTMK_124	33	30	False	inf	1.0	False	
AqTMK_69_final.txt	AqTMK_153_final.txt	AqTMK_69	AqTMK_153	33	30	False	inf	1.0	False	
AqTMK_69_final.txt	AqTMK_193_final.txt	AqTMK_69	AqTMK_193	33	30	False	inf	1.0	False	
AqTMK_69_final.txt	AqTMK_264_final.txt	AqTMK_69	AqTMK_264	33	30	False	inf	1.0	False	
AqTMK_69_final.txt	AqTMK_121_final.txt	AqTMK_69	AqTMK_121	33	29	False	inf	1.0	False	
AqTMK_87_final.txt	AqTMK_109_final.txt	AqTMK_87	AqTMK_109	33	33	True	4	1.0	False	
AqTMK_87_final.txt	AqTMK_95_final.txt	AqTMK_87	AqTMK_95	33	33	True	4	1.0	False	
AqTMK_87_final.txt	AqTMK_111_final.txt	AqTMK_87	AqTMK_111	33	33	True	4	1.0	False	
AqTMK_87_final.txt	AqTMK_116_final.txt	AqTMK_87	AqTMK_116	33	33	True	2	1.0	False	
AqTMK_87_final.txt	AqTMK_120_final.txt	AqTMK_87	AqTMK_120	33	33	True	4	1.0	False	
AqTMK_87_final.txt	AqTMK_139_final.txt	AqTMK_87	AqTMK_139	33	33	True	4	1.0	False	
AqTMK_87_final.txt	AqTMK_163_final.txt	AqTMK_87	AqTMK_163	33	33	True	2	1.0	False	
AqTMK_87_final.txt	AqTMK_156_final.txt	AqTMK_87	AqTMK_156	33	33	True	8	1.0	False	
AqTMK_87_final.txt	AqTMK_171_final.txt	AqTMK_87	AqTMK_171	33	33	True	4	1.0	False	
AqTMK_87_final.txt	AqTMK_186_final.txt	AqTMK_87	AqTMK_186	33	33	True	4	1.0	False	
AqTMK_87_final.txt	AqTMK_197_final.txt	AqTMK_87	AqTMK_197	33	33	True	6	1.0	False	
AqTMK_87_final.txt	AqTMK_200_final.txt	AqTMK_87	AqTMK_200	33	33	True	2	1.0	False	
AqTMK_87_final.txt	AqTMK_223_final.txt	AqTMK_87	AqTMK_223	33	33	True	6	1.0	False	
AqTMK_87_final.txt	AqTMK_208_final.txt	AqTMK_87	AqTMK_208	33	33	True	8	1.0	False	
AqTMK_87_final.txt	AqTMK_229_final.txt	AqTMK_87	AqTMK_229	33	33	True	4	1.0	False	
AqTMK_87_final.txt	AqTMK_230_final.txt	AqTMK_87	AqTMK_230	33	33	True	6	1.0	False	
AqTMK_87_final.txt	AqTMK_233_final.txt	AqTMK_87	AqTMK_233	33	33	True	2	1.0	False	
AqTMK_87_final.txt	AqTMK_231_final.txt	AqTMK_87	AqTMK_231	33	33	True	6	1.0	False	
AqTMK_87_final.txt	AqTMK_257_final.txt	AqTMK_87	AqTMK_257	33	33	True	6	1.0	False	
AqTMK_87_final.txt	AqTMK_262_final.txt	AqTMK_87	AqTMK_262	33	33	True	4	1.0	False	
AqTMK_87_final.txt	AqTMK_270_final.txt	AqTMK_87	AqTMK_270	33	33	True	4	1.0	False	
AqTMK_87_final.txt	AqTMK_259_final.txt	AqTMK_87	AqTMK_259	33	33	True	8	1.0	False	
AqTMK_87_final.txt	AqTMK_273_final.txt	AqTMK_87	AqTMK_273	33	33	True	2	1.0	False	
AqTMK_87_final.txt	AqTMK_284_final.txt	AqTMK_87	AqTMK_284	33	33	True	2	1.0	False	
AqTMK_87_final.txt	AqTMK_285_final.txt	AqTMK_87	AqTMK_285	33	33	True	4	1.0	False	
AqTMK_87_final.txt	AqTMK_295_final.txt	AqTMK_87	AqTMK_295	33	33	True	4	1.0	False	
AqTMK_87_final.txt	AqTMK_54_final.txt	AqTMK_87	AqTMK_54	33	32	False	inf	1.0	False	
AqTMK_87_final.txt	AqTMK_56_final.txt	AqTMK_87	AqTMK_56	33	32	False	inf	1.0	False	
AqTMK_87_final.txt	AqTMK_59_final.txt	AqTMK_87	AqTMK_59	33	32	False	inf	1.0	False	
AqTMK_87_final.txt	AqTMK_62_final.txt	AqTMK_87	AqTMK_62	33	32	False	inf	1.0	False	
AqTMK_87_final.txt	AqTMK_63_final.txt	AqTMK_87	AqTMK_63	33	32	False	inf	1.0	False	
AqTMK_87_final.txt	AqTMK_311_final.txt	AqTMK_87	AqTMK_311	33	33	True	8	1.0	False	
AqTMK_87_final.txt	AqTMK_70_final.txt	AqTMK_87	AqTMK_70	33	32	False	inf	1.0	False	
AqTMK_87_final.txt	AqTMK_79_final.txt	AqTMK_87	AqTMK_79	33	32	False	inf	1.0	False	
AqTMK_87_final.txt	AqTMK_68_final.txt	AqTMK_87	AqTMK_68	33	32	False	inf	1.0	False	
AqTMK_87_final.txt	AqTMK_81_final.txt	AqTMK_87	AqTMK_81	33	32	False	inf	1.0	False	
AqTMK_87_final.txt	AqTMK_82_final.txt	AqTMK_87	AqTMK_82	33	32	False	inf	1.0	False	
AqTMK_87_final.txt	AqTMK_84_final.txt	AqTMK_87	AqTMK_84	33	32	False	inf	1.0	False	
AqTMK_87_final.txt	AqTMK_85_final.txt	AqTMK_87	AqTMK_85	33	32	False	inf	1.0	False	
AqTMK_87_final.txt	AqTMK_89_final.txt	AqTMK_87	AqTMK_89	33	32	False	inf	1.0	False	
AqTMK_87_final.txt	AqTMK_98_final.txt	AqTMK_87	AqTMK_98	33	32	False	inf	1.0	False	
AqTMK_87_final.txt	AqTMK_91_final.txt	AqTMK_87	AqTMK_91	33	32	False	inf	1.0	False	
AqTMK_87_final.txt	AqTMK_93_final.txt	AqTMK_87	AqTMK_93	33	32	False	inf	1.0	False	
AqTMK_87_final.txt	AqTMK_99_final.txt	AqTMK_87	AqTMK_99	33	32	False	inf	1.0	False	
AqTMK_87_final.txt	AqTMK_101_final.txt	AqTMK_87	AqTMK_101	33	32	False	inf	1.0	False	
AqTMK_87_final.txt	AqTMK_103_final.txt	AqTMK_87	AqTMK_103	33	32	False	inf	1.0	False	
AqTMK_87_final.txt	AqTMK_104_final.txt	AqTMK_87	AqTMK_104	33	32	False	inf	1.0	False	
AqTMK_87_final.txt	AqTMK_106_final.txt	AqTMK_87	AqTMK_106	33	32	False	inf	1.0	False	
AqTMK_87_final.txt	AqTMK_118_final.txt	AqTMK_87	AqTMK_118	33	32	False	inf	1.0	False	
AqTMK_87_final.txt	AqTMK_117_final.txt	AqTMK_87	AqTMK_117	33	32	False	inf	1.0	False	
AqTMK_87_final.txt	AqTMK_114_final.txt	AqTMK_87	AqTMK_114	33	32	False	inf	1.0	False	
AqTMK_87_final.txt	AqTMK_131_final.txt	AqTMK_87	AqTMK_131	33	32	False	inf	1.0	False	
AqTMK_87_final.txt	AqTMK_149_final.txt	AqTMK_87	AqTMK_149	33	32	False	inf	1.0	False	
AqTMK_87_final.txt	AqTMK_155_final.txt	AqTMK_87	AqTMK_155	33	32	False	inf	1.0	False	
AqTMK_87_final.txt	AqTMK_159_final.txt	AqTMK_87	AqTMK_159	33	32	False	inf	1.0	False	
AqTMK_87_final.txt	AqTMK_165_final.txt	AqTMK_87	AqTMK_165	33	32	False	inf	1.0	False	
AqTMK_87_final.txt	AqTMK_173_final.txt	AqTMK_87	AqTMK_173	33	32	False	inf	1.0	False	
AqTMK_87_final.txt	AqTMK_179_final.txt	AqTMK_87	AqTMK_179	33	32	False	inf	1.0	False	
AqTMK_87_final.txt	AqTMK_181_final.txt	AqTMK_87	AqTMK_181	33	32	False	inf	1.0	False	
AqTMK_87_final.txt	AqTMK_187_final.txt	AqTMK_87	AqTMK_187	33	32	False	inf	1.0	False	
AqTMK_87_final.txt	AqTMK_188_final.txt	AqTMK_87	AqTMK_188	33	32	False	inf	1.0	False	
AqTMK_87_final.txt	AqTMK_191_final.txt	AqTMK_87	AqTMK_191	33	32	False	inf	1.0	False	
AqTMK_87_final.txt	AqTMK_198_final.txt	AqTMK_87	AqTMK_198	33	32	False	inf	1.0	False	
AqTMK_87_final.txt	AqTMK_218_final.txt	AqTMK_87	AqTMK_218	33	32	False	inf	1.0	False	
AqTMK_87_final.txt	AqTMK_219_final.txt	AqTMK_87	AqTMK_219	33	32	False	inf	1.0	False	
AqTMK_87_final.txt	AqTMK_234_final.txt	AqTMK_87	AqTMK_234	33	32	False	inf	1.0	False	
AqTMK_87_final.txt	AqTMK_224_final.txt	AqTMK_87	AqTMK_224	33	32	False	inf	1.0	False	
AqTMK_87_final.txt	AqTMK_236_final.txt	AqTMK_87	AqTMK_236	33	32	False	inf	1.0	False	
AqTMK_87_final.txt	AqTMK_240_final.txt	AqTMK_87	AqTMK_240	33	32	False	inf	1.0	False	
AqTMK_87_final.txt	AqTMK_242_final.txt	AqTMK_87	AqTMK_242	33	32	False	inf	1.0	False	
AqTMK_87_final.txt	AqTMK_245_final.txt	AqTMK_87	AqTMK_245	33	32	False	inf	1.0	False	
AqTMK_87_final.txt	AqTMK_249_final.txt	AqTMK_87	AqTMK_249	33	32	False	inf	1.0	False	
AqTMK_87_final.txt	AqTMK_267_final.txt	AqTMK_87	AqTMK_267	33	32	False	inf	1.0	False	
AqTMK_87_final.txt	AqTMK_263_final.txt	AqTMK_87	AqTMK_263	33	32	False	inf	1.0	False	
AqTMK_87_final.txt	AqTMK_272_final.txt	AqTMK_87	AqTMK_272	33	32	False	inf	1.0	False	
AqTMK_87_final.txt	AqTMK_274_final.txt	AqTMK_87	AqTMK_274	33	32	False	inf	1.0	False	
AqTMK_87_final.txt	AqTMK_275_final.txt	AqTMK_87	AqTMK_275	33	32	False	inf	1.0	False	
AqTMK_87_final.txt	AqTMK_279_final.txt	AqTMK_87	AqTMK_279	33	32	False	inf	1.0	False	
AqTMK_87_final.txt	AqTMK_286_final.txt	AqTMK_87	AqTMK_286	33	32	False	inf	1.0	False	
AqTMK_87_final.txt	AqTMK_290_final.txt	AqTMK_87	AqTMK_290	33	32	False	inf	1.0	False	
AqTMK_87_final.txt	AqTMK_299_final.txt	AqTMK_87	AqTMK_299	33	32	False	inf	1.0	False	
AqTMK_87_final.txt	AqTMK_292_final.txt	AqTMK_87	AqTMK_292	33	32	False	inf	1.0	False	
AqTMK_87_final.txt	AqTMK_309_final.txt	AqTMK_87	AqTMK_309	33	32	False	inf	1.0	False	
AqTMK_87_final.txt	AqTMK_45_final.txt	AqTMK_87	AqTMK_45	33	31	False	inf	1.0	False	
AqTMK_87_final.txt	AqTMK_47_final.txt	AqTMK_87	AqTMK_47	33	31	False	inf	1.0	False	
AqTMK_87_final.txt	AqTMK_48_final.txt	AqTMK_87	AqTMK_48	33	31	False	inf	1.0	False	
AqTMK_87_final.txt	AqTMK_53_final.txt	AqTMK_87	AqTMK_53	33	31	False	inf	1.0	False	
AqTMK_87_final.txt	AqTMK_57_final.txt	AqTMK_87	AqTMK_57	33	31	False	inf	1.0	False	
AqTMK_87_final.txt	AqTMK_72_final.txt	AqTMK_87	AqTMK_72	33	31	False	inf	1.0	False	
AqTMK_87_final.txt	AqTMK_73_final.txt	AqTMK_87	AqTMK_73	33	31	False	inf	1.0	False	
AqTMK_87_final.txt	AqTMK_76_final.txt	AqTMK_87	AqTMK_76	33	31	False	inf	1.0	False	
AqTMK_87_final.txt	AqTMK_92_final.txt	AqTMK_87	AqTMK_92	33	31	False	inf	1.0	False	
AqTMK_87_final.txt	AqTMK_94_final.txt	AqTMK_87	AqTMK_94	33	31	False	inf	1.0	False	
AqTMK_87_final.txt	AqTMK_108_final.txt	AqTMK_87	AqTMK_108	33	31	False	inf	1.0	False	
AqTMK_87_final.txt	AqTMK_110_final.txt	AqTMK_87	AqTMK_110	33	31	False	inf	1.0	False	
AqTMK_87_final.txt	AqTMK_112_final.txt	AqTMK_87	AqTMK_112	33	31	False	inf	1.0	False	
AqTMK_87_final.txt	AqTMK_119_final.txt	AqTMK_87	AqTMK_119	33	31	False	inf	1.0	False	
AqTMK_87_final.txt	AqTMK_123_final.txt	AqTMK_87	AqTMK_123	33	31	False	inf	1.0	False	
AqTMK_87_final.txt	AqTMK_122_final.txt	AqTMK_87	AqTMK_122	33	31	False	inf	1.0	False	
AqTMK_87_final.txt	AqTMK_132_final.txt	AqTMK_87	AqTMK_132	33	31	False	inf	1.0	False	
AqTMK_87_final.txt	AqTMK_133_final.txt	AqTMK_87	AqTMK_133	33	31	False	inf	1.0	False	
AqTMK_87_final.txt	AqTMK_167_final.txt	AqTMK_87	AqTMK_167	33	31	False	inf	1.0	False	
AqTMK_87_final.txt	AqTMK_172_final.txt	AqTMK_87	AqTMK_172	33	31	False	inf	1.0	False	
AqTMK_87_final.txt	AqTMK_178_final.txt	AqTMK_87	AqTMK_178	33	31	False	inf	1.0	False	
AqTMK_87_final.txt	AqTMK_184_final.txt	AqTMK_87	AqTMK_184	33	31	False	inf	1.0	False	
AqTMK_87_final.txt	AqTMK_195_final.txt	AqTMK_87	AqTMK_195	33	31	False	inf	1.0	False	
AqTMK_87_final.txt	AqTMK_201_final.txt	AqTMK_87	AqTMK_201	33	31	False	inf	1.0	False	
AqTMK_87_final.txt	AqTMK_211_final.txt	AqTMK_87	AqTMK_211	33	31	False	inf	1.0	False	
AqTMK_87_final.txt	AqTMK_237_final.txt	AqTMK_87	AqTMK_237	33	31	False	inf	1.0	False	
AqTMK_87_final.txt	AqTMK_238_final.txt	AqTMK_87	AqTMK_238	33	31	False	inf	1.0	False	
AqTMK_87_final.txt	AqTMK_253_final.txt	AqTMK_87	AqTMK_253	33	31	False	inf	1.0	False	
AqTMK_87_final.txt	AqTMK_276_final.txt	AqTMK_87	AqTMK_276	33	31	False	inf	1.0	False	
AqTMK_87_final.txt	AqTMK_300_final.txt	AqTMK_87	AqTMK_300	33	31	False	inf	1.0	False	
AqTMK_87_final.txt	AqTMK_277_final.txt	AqTMK_87	AqTMK_277	33	31	False	inf	1.0	False	
AqTMK_87_final.txt	AqTMK_288_final.txt	AqTMK_87	AqTMK_288	33	31	False	inf	1.0	False	
AqTMK_87_final.txt	AqTMK_33_final.txt	AqTMK_87	AqTMK_33	33	30	False	inf	1.0	False	
AqTMK_87_final.txt	AqTMK_43_final.txt	AqTMK_87	AqTMK_43	33	30	False	inf	1.0	False	
AqTMK_87_final.txt	AqTMK_49_final.txt	AqTMK_87	AqTMK_49	33	30	False	inf	1.0	False	
AqTMK_87_final.txt	AqTMK_50_final.txt	AqTMK_87	AqTMK_50	33	30	False	inf	1.0	False	
AqTMK_87_final.txt	AqTMK_66_final.txt	AqTMK_87	AqTMK_66	33	30	False	inf	1.0	False	
AqTMK_87_final.txt	AqTMK_153_final.txt	AqTMK_87	AqTMK_153	33	30	False	inf	1.0	False	
AqTMK_87_final.txt	AqTMK_102_final.txt	AqTMK_87	AqTMK_102	33	30	False	inf	1.0	False	
AqTMK_87_final.txt	AqTMK_124_final.txt	AqTMK_87	AqTMK_124	33	30	False	inf	1.0	False	
AqTMK_87_final.txt	AqTMK_193_final.txt	AqTMK_87	AqTMK_193	33	30	False	inf	1.0	False	
AqTMK_87_final.txt	AqTMK_264_final.txt	AqTMK_87	AqTMK_264	33	30	False	inf	1.0	False	
AqTMK_87_final.txt	AqTMK_121_final.txt	AqTMK_87	AqTMK_121	33	29	False	inf	1.0	False	
AqTMK_95_final.txt	AqTMK_109_final.txt	AqTMK_95	AqTMK_109	33	33	True	4	1.0	False	
AqTMK_95_final.txt	AqTMK_111_final.txt	AqTMK_95	AqTMK_111	33	33	True	6	1.0	False	
AqTMK_95_final.txt	AqTMK_120_final.txt	AqTMK_95	AqTMK_120	33	33	True	0	1.0	True	class_41
AqTMK_95_final.txt	AqTMK_116_final.txt	AqTMK_95	AqTMK_116	33	33	True	2	1.0	False	
AqTMK_95_final.txt	AqTMK_139_final.txt	AqTMK_95	AqTMK_139	33	33	True	4	1.0	False	
AqTMK_95_final.txt	AqTMK_156_final.txt	AqTMK_95	AqTMK_156	33	33	True	6	1.0	False	
AqTMK_95_final.txt	AqTMK_163_final.txt	AqTMK_95	AqTMK_163	33	33	True	2	1.0	False	
AqTMK_95_final.txt	AqTMK_171_final.txt	AqTMK_95	AqTMK_171	33	33	True	4	1.0	False	
AqTMK_95_final.txt	AqTMK_186_final.txt	AqTMK_95	AqTMK_186	33	33	True	4	1.0	False	
AqTMK_95_final.txt	AqTMK_200_final.txt	AqTMK_95	AqTMK_200	33	33	True	4	1.0	False	
AqTMK_95_final.txt	AqTMK_197_final.txt	AqTMK_95	AqTMK_197	33	33	True	8	1.0	False	
AqTMK_95_final.txt	AqTMK_223_final.txt	AqTMK_95	AqTMK_223	33	33	True	8	1.0	False	
AqTMK_95_final.txt	AqTMK_229_final.txt	AqTMK_95	AqTMK_229	33	33	True	6	1.0	False	
AqTMK_95_final.txt	AqTMK_230_final.txt	AqTMK_95	AqTMK_230	33	33	True	6	1.0	False	
AqTMK_95_final.txt	AqTMK_208_final.txt	AqTMK_95	AqTMK_208	33	33	True	10	1.0	False	
AqTMK_95_final.txt	AqTMK_231_final.txt	AqTMK_95	AqTMK_231	33	33	True	8	1.0	False	
AqTMK_95_final.txt	AqTMK_233_final.txt	AqTMK_95	AqTMK_233	33	33	True	6	1.0	False	
AqTMK_95_final.txt	AqTMK_257_final.txt	AqTMK_95	AqTMK_257	33	33	True	8	1.0	False	
AqTMK_95_final.txt	AqTMK_262_final.txt	AqTMK_95	AqTMK_262	33	33	True	8	1.0	False	
AqTMK_95_final.txt	AqTMK_270_final.txt	AqTMK_95	AqTMK_270	33	33	True	6	1.0	False	
AqTMK_95_final.txt	AqTMK_273_final.txt	AqTMK_95	AqTMK_273	33	33	True	2	1.0	False	
AqTMK_95_final.txt	AqTMK_284_final.txt	AqTMK_95	AqTMK_284	33	33	True	6	1.0	False	
AqTMK_95_final.txt	AqTMK_285_final.txt	AqTMK_95	AqTMK_285	33	33	True	6	1.0	False	
AqTMK_95_final.txt	AqTMK_259_final.txt	AqTMK_95	AqTMK_259	33	33	True	10	1.0	False	
AqTMK_95_final.txt	AqTMK_295_final.txt	AqTMK_95	AqTMK_295	33	33	True	6	1.0	False	
AqTMK_95_final.txt	AqTMK_54_final.txt	AqTMK_95	AqTMK_54	33	32	False	inf	1.0	False	
AqTMK_95_final.txt	AqTMK_56_final.txt	AqTMK_95	AqTMK_56	33	32	False	inf	1.0	False	
AqTMK_95_final.txt	AqTMK_59_final.txt	AqTMK_95	AqTMK_59	33	32	False	inf	1.0	False	
AqTMK_95_final.txt	AqTMK_62_final.txt	AqTMK_95	AqTMK_62	33	32	False	inf	1.0	False	
AqTMK_95_final.txt	AqTMK_63_final.txt	AqTMK_95	AqTMK_63	33	32	False	inf	1.0	False	
AqTMK_95_final.txt	AqTMK_68_final.txt	AqTMK_95	AqTMK_68	33	32	False	inf	1.0	False	
AqTMK_95_final.txt	AqTMK_311_final.txt	AqTMK_95	AqTMK_311	33	33	True	10	1.0	False	
AqTMK_95_final.txt	AqTMK_79_final.txt	AqTMK_95	AqTMK_79	33	32	False	inf	1.0	False	
AqTMK_95_final.txt	AqTMK_81_final.txt	AqTMK_95	AqTMK_81	33	32	False	inf	1.0	False	
AqTMK_95_final.txt	AqTMK_70_final.txt	AqTMK_95	AqTMK_70	33	32	False	inf	1.0	False	
AqTMK_95_final.txt	AqTMK_82_final.txt	AqTMK_95	AqTMK_82	33	32	False	inf	1.0	False	
AqTMK_95_final.txt	AqTMK_84_final.txt	AqTMK_95	AqTMK_84	33	32	False	inf	1.0	False	
AqTMK_95_final.txt	AqTMK_85_final.txt	AqTMK_95	AqTMK_85	33	32	False	inf	1.0	False	
AqTMK_95_final.txt	AqTMK_89_final.txt	AqTMK_95	AqTMK_89	33	32	False	inf	1.0	False	
AqTMK_95_final.txt	AqTMK_91_final.txt	AqTMK_95	AqTMK_91	33	32	False	inf	1.0	False	
AqTMK_95_final.txt	AqTMK_99_final.txt	AqTMK_95	AqTMK_99	33	32	False	inf	1.0	False	
AqTMK_95_final.txt	AqTMK_93_final.txt	AqTMK_95	AqTMK_93	33	32	False	inf	1.0	False	
AqTMK_95_final.txt	AqTMK_98_final.txt	AqTMK_95	AqTMK_98	33	32	False	inf	1.0	False	
AqTMK_95_final.txt	AqTMK_101_final.txt	AqTMK_95	AqTMK_101	33	32	False	inf	1.0	False	
AqTMK_95_final.txt	AqTMK_103_final.txt	AqTMK_95	AqTMK_103	33	32	False	inf	1.0	False	
AqTMK_95_final.txt	AqTMK_104_final.txt	AqTMK_95	AqTMK_104	33	32	False	inf	1.0	False	
AqTMK_95_final.txt	AqTMK_106_final.txt	AqTMK_95	AqTMK_106	33	32	False	inf	1.0	False	
AqTMK_95_final.txt	AqTMK_114_final.txt	AqTMK_95	AqTMK_114	33	32	False	inf	1.0	False	
AqTMK_95_final.txt	AqTMK_118_final.txt	AqTMK_95	AqTMK_118	33	32	False	inf	1.0	False	
AqTMK_95_final.txt	AqTMK_131_final.txt	AqTMK_95	AqTMK_131	33	32	False	inf	1.0	False	
AqTMK_95_final.txt	AqTMK_117_final.txt	AqTMK_95	AqTMK_117	33	32	False	inf	1.0	False	
AqTMK_95_final.txt	AqTMK_149_final.txt	AqTMK_95	AqTMK_149	33	32	False	inf	1.0	False	
AqTMK_95_final.txt	AqTMK_155_final.txt	AqTMK_95	AqTMK_155	33	32	False	inf	1.0	False	
AqTMK_95_final.txt	AqTMK_159_final.txt	AqTMK_95	AqTMK_159	33	32	False	inf	1.0	False	
AqTMK_95_final.txt	AqTMK_165_final.txt	AqTMK_95	AqTMK_165	33	32	False	inf	1.0	False	
AqTMK_95_final.txt	AqTMK_173_final.txt	AqTMK_95	AqTMK_173	33	32	False	inf	1.0	False	
AqTMK_95_final.txt	AqTMK_187_final.txt	AqTMK_95	AqTMK_187	33	32	False	inf	1.0	False	
AqTMK_95_final.txt	AqTMK_179_final.txt	AqTMK_95	AqTMK_179	33	32	False	inf	1.0	False	
AqTMK_95_final.txt	AqTMK_181_final.txt	AqTMK_95	AqTMK_181	33	32	False	inf	1.0	False	
AqTMK_95_final.txt	AqTMK_188_final.txt	AqTMK_95	AqTMK_188	33	32	False	inf	1.0	False	
AqTMK_95_final.txt	AqTMK_191_final.txt	AqTMK_95	AqTMK_191	33	32	False	inf	1.0	False	
AqTMK_95_final.txt	AqTMK_198_final.txt	AqTMK_95	AqTMK_198	33	32	False	inf	1.0	False	
AqTMK_95_final.txt	AqTMK_218_final.txt	AqTMK_95	AqTMK_218	33	32	False	inf	1.0	False	
AqTMK_95_final.txt	AqTMK_219_final.txt	AqTMK_95	AqTMK_219	33	32	False	inf	1.0	False	
AqTMK_95_final.txt	AqTMK_234_final.txt	AqTMK_95	AqTMK_234	33	32	False	inf	1.0	False	
AqTMK_95_final.txt	AqTMK_224_final.txt	AqTMK_95	AqTMK_224	33	32	False	inf	1.0	False	
AqTMK_95_final.txt	AqTMK_236_final.txt	AqTMK_95	AqTMK_236	33	32	False	inf	1.0	False	
AqTMK_95_final.txt	AqTMK_240_final.txt	AqTMK_95	AqTMK_240	33	32	False	inf	1.0	False	
AqTMK_95_final.txt	AqTMK_242_final.txt	AqTMK_95	AqTMK_242	33	32	False	inf	1.0	False	
AqTMK_95_final.txt	AqTMK_245_final.txt	AqTMK_95	AqTMK_245	33	32	False	inf	1.0	False	
AqTMK_95_final.txt	AqTMK_249_final.txt	AqTMK_95	AqTMK_249	33	32	False	inf	1.0	False	
AqTMK_95_final.txt	AqTMK_263_final.txt	AqTMK_95	AqTMK_263	33	32	False	inf	1.0	False	
AqTMK_95_final.txt	AqTMK_267_final.txt	AqTMK_95	AqTMK_267	33	32	False	inf	1.0	False	
AqTMK_95_final.txt	AqTMK_272_final.txt	AqTMK_95	AqTMK_272	33	32	False	inf	1.0	False	
AqTMK_95_final.txt	AqTMK_274_final.txt	AqTMK_95	AqTMK_274	33	32	False	inf	1.0	False	
AqTMK_95_final.txt	AqTMK_275_final.txt	AqTMK_95	AqTMK_275	33	32	False	inf	1.0	False	
AqTMK_95_final.txt	AqTMK_279_final.txt	AqTMK_95	AqTMK_279	33	32	False	inf	1.0	False	
AqTMK_95_final.txt	AqTMK_286_final.txt	AqTMK_95	AqTMK_286	33	32	False	inf	1.0	False	
AqTMK_95_final.txt	AqTMK_290_final.txt	AqTMK_95	AqTMK_290	33	32	False	inf	1.0	False	
AqTMK_95_final.txt	AqTMK_292_final.txt	AqTMK_95	AqTMK_292	33	32	False	inf	1.0	False	
AqTMK_95_final.txt	AqTMK_309_final.txt	AqTMK_95	AqTMK_309	33	32	False	inf	1.0	False	
AqTMK_95_final.txt	AqTMK_45_final.txt	AqTMK_95	AqTMK_45	33	31	False	inf	1.0	False	
AqTMK_95_final.txt	AqTMK_299_final.txt	AqTMK_95	AqTMK_299	33	32	False	inf	1.0	False	
AqTMK_95_final.txt	AqTMK_47_final.txt	AqTMK_95	AqTMK_47	33	31	False	inf	1.0	False	
AqTMK_95_final.txt	AqTMK_48_final.txt	AqTMK_95	AqTMK_48	33	31	False	inf	1.0	False	
AqTMK_95_final.txt	AqTMK_53_final.txt	AqTMK_95	AqTMK_53	33	31	False	inf	1.0	False	
AqTMK_95_final.txt	AqTMK_57_final.txt	AqTMK_95	AqTMK_57	33	31	False	inf	1.0	False	
AqTMK_95_final.txt	AqTMK_72_final.txt	AqTMK_95	AqTMK_72	33	31	False	inf	1.0	False	
AqTMK_95_final.txt	AqTMK_92_final.txt	AqTMK_95	AqTMK_92	33	31	False	inf	1.0	False	
AqTMK_95_final.txt	AqTMK_76_final.txt	AqTMK_95	AqTMK_76	33	31	False	inf	1.0	False	
AqTMK_95_final.txt	AqTMK_73_final.txt	AqTMK_95	AqTMK_73	33	31	False	inf	1.0	False	
AqTMK_95_final.txt	AqTMK_94_final.txt	AqTMK_95	AqTMK_94	33	31	False	inf	1.0	False	
AqTMK_95_final.txt	AqTMK_108_final.txt	AqTMK_95	AqTMK_108	33	31	False	inf	1.0	False	
AqTMK_95_final.txt	AqTMK_110_final.txt	AqTMK_95	AqTMK_110	33	31	False	inf	1.0	False	
AqTMK_95_final.txt	AqTMK_112_final.txt	AqTMK_95	AqTMK_112	33	31	False	inf	1.0	False	
AqTMK_95_final.txt	AqTMK_119_final.txt	AqTMK_95	AqTMK_119	33	31	False	inf	1.0	False	
AqTMK_95_final.txt	AqTMK_123_final.txt	AqTMK_95	AqTMK_123	33	31	False	inf	1.0	False	
AqTMK_95_final.txt	AqTMK_122_final.txt	AqTMK_95	AqTMK_122	33	31	False	inf	1.0	False	
AqTMK_95_final.txt	AqTMK_132_final.txt	AqTMK_95	AqTMK_132	33	31	False	inf	1.0	False	
AqTMK_95_final.txt	AqTMK_133_final.txt	AqTMK_95	AqTMK_133	33	31	False	inf	1.0	False	
AqTMK_95_final.txt	AqTMK_167_final.txt	AqTMK_95	AqTMK_167	33	31	False	inf	1.0	False	
AqTMK_95_final.txt	AqTMK_172_final.txt	AqTMK_95	AqTMK_172	33	31	False	inf	1.0	False	
AqTMK_95_final.txt	AqTMK_178_final.txt	AqTMK_95	AqTMK_178	33	31	False	inf	1.0	False	
AqTMK_95_final.txt	AqTMK_184_final.txt	AqTMK_95	AqTMK_184	33	31	False	inf	1.0	False	
AqTMK_95_final.txt	AqTMK_201_final.txt	AqTMK_95	AqTMK_201	33	31	False	inf	1.0	False	
AqTMK_95_final.txt	AqTMK_211_final.txt	AqTMK_95	AqTMK_211	33	31	False	inf	1.0	False	
AqTMK_95_final.txt	AqTMK_195_final.txt	AqTMK_95	AqTMK_195	33	31	False	inf	1.0	False	
AqTMK_95_final.txt	AqTMK_237_final.txt	AqTMK_95	AqTMK_237	33	31	False	inf	1.0	False	
AqTMK_95_final.txt	AqTMK_238_final.txt	AqTMK_95	AqTMK_238	33	31	False	inf	1.0	False	
AqTMK_95_final.txt	AqTMK_253_final.txt	AqTMK_95	AqTMK_253	33	31	False	inf	1.0	False	
AqTMK_95_final.txt	AqTMK_276_final.txt	AqTMK_95	AqTMK_276	33	31	False	inf	1.0	False	
AqTMK_95_final.txt	AqTMK_277_final.txt	AqTMK_95	AqTMK_277	33	31	False	inf	1.0	False	
AqTMK_95_final.txt	AqTMK_300_final.txt	AqTMK_95	AqTMK_300	33	31	False	inf	1.0	False	
AqTMK_95_final.txt	AqTMK_288_final.txt	AqTMK_95	AqTMK_288	33	31	False	inf	1.0	False	
AqTMK_95_final.txt	AqTMK_33_final.txt	AqTMK_95	AqTMK_33	33	30	False	inf	1.0	False	
AqTMK_95_final.txt	AqTMK_43_final.txt	AqTMK_95	AqTMK_43	33	30	False	inf	1.0	False	
AqTMK_95_final.txt	AqTMK_49_final.txt	AqTMK_95	AqTMK_49	33	30	False	inf	1.0	False	
AqTMK_95_final.txt	AqTMK_50_final.txt	AqTMK_95	AqTMK_50	33	30	False	inf	1.0	False	
AqTMK_95_final.txt	AqTMK_66_final.txt	AqTMK_95	AqTMK_66	33	30	False	inf	1.0	False	
AqTMK_95_final.txt	AqTMK_102_final.txt	AqTMK_95	AqTMK_102	33	30	False	inf	1.0	False	
AqTMK_95_final.txt	AqTMK_153_final.txt	AqTMK_95	AqTMK_153	33	30	False	inf	1.0	False	
AqTMK_95_final.txt	AqTMK_124_final.txt	AqTMK_95	AqTMK_124	33	30	False	inf	1.0	False	
AqTMK_95_final.txt	AqTMK_193_final.txt	AqTMK_95	AqTMK_193	33	30	False	inf	1.0	False	
AqTMK_95_final.txt	AqTMK_264_final.txt	AqTMK_95	AqTMK_264	33	30	False	inf	1.0	False	
AqTMK_95_final.txt	AqTMK_121_final.txt	AqTMK_95	AqTMK_121	33	29	False	inf	1.0	False	
AqTMK_109_final.txt	AqTMK_116_final.txt	AqTMK_109	AqTMK_116	33	33	True	6	1.0	False	
AqTMK_109_final.txt	AqTMK_111_final.txt	AqTMK_109	AqTMK_111	33	33	True	8	1.0	False	
AqTMK_109_final.txt	AqTMK_139_final.txt	AqTMK_109	AqTMK_139	33	33	True	2	1.0	False	
AqTMK_109_final.txt	AqTMK_163_final.txt	AqTMK_109	AqTMK_163	33	33	True	6	1.0	False	
AqTMK_109_final.txt	AqTMK_156_final.txt	AqTMK_109	AqTMK_156	33	33	True	8	1.0	False	
AqTMK_109_final.txt	AqTMK_171_final.txt	AqTMK_109	AqTMK_171	33	33	True	0	1.0	True	class_42
AqTMK_109_final.txt	AqTMK_186_final.txt	AqTMK_109	AqTMK_186	33	33	True	0	1.0	True	class_42
AqTMK_109_final.txt	AqTMK_197_final.txt	AqTMK_109	AqTMK_197	33	33	True	10	1.0	False	
AqTMK_109_final.txt	AqTMK_200_final.txt	AqTMK_109	AqTMK_200	33	33	True	6	1.0	False	
AqTMK_109_final.txt	AqTMK_223_final.txt	AqTMK_109	AqTMK_223	33	33	True	6	1.0	False	
AqTMK_109_final.txt	AqTMK_229_final.txt	AqTMK_109	AqTMK_229	33	33	True	8	1.0	False	
AqTMK_109_final.txt	AqTMK_230_final.txt	AqTMK_109	AqTMK_230	33	33	True	6	1.0	False	
AqTMK_109_final.txt	AqTMK_231_final.txt	AqTMK_109	AqTMK_231	33	33	True	10	1.0	False	
AqTMK_109_final.txt	AqTMK_233_final.txt	AqTMK_109	AqTMK_233	33	33	True	6	1.0	False	
AqTMK_109_final.txt	AqTMK_257_final.txt	AqTMK_109	AqTMK_257	33	33	True	10	1.0	False	
AqTMK_109_final.txt	AqTMK_208_final.txt	AqTMK_109	AqTMK_208	33	33	True	12	1.0	False	
AqTMK_109_final.txt	AqTMK_262_final.txt	AqTMK_109	AqTMK_262	33	33	True	8	1.0	False	
AqTMK_109_final.txt	AqTMK_259_final.txt	AqTMK_109	AqTMK_259	33	33	True	8	1.0	False	
AqTMK_109_final.txt	AqTMK_270_final.txt	AqTMK_109	AqTMK_270	33	33	True	4	1.0	False	
AqTMK_109_final.txt	AqTMK_273_final.txt	AqTMK_109	AqTMK_273	33	33	True	2	1.0	False	
AqTMK_109_final.txt	AqTMK_284_final.txt	AqTMK_109	AqTMK_284	33	33	True	6	1.0	False	
AqTMK_109_final.txt	AqTMK_285_final.txt	AqTMK_109	AqTMK_285	33	33	True	4	1.0	False	
AqTMK_109_final.txt	AqTMK_295_final.txt	AqTMK_109	AqTMK_295	33	33	True	8	1.0	False	
AqTMK_109_final.txt	AqTMK_311_final.txt	AqTMK_109	AqTMK_311	33	33	True	8	1.0	False	
AqTMK_109_final.txt	AqTMK_56_final.txt	AqTMK_109	AqTMK_56	33	32	False	inf	1.0	False	
AqTMK_109_final.txt	AqTMK_54_final.txt	AqTMK_109	AqTMK_54	33	32	False	inf	1.0	False	
AqTMK_109_final.txt	AqTMK_59_final.txt	AqTMK_109	AqTMK_59	33	32	False	inf	1.0	False	
AqTMK_109_final.txt	AqTMK_62_final.txt	AqTMK_109	AqTMK_62	33	32	False	inf	1.0	False	
AqTMK_109_final.txt	AqTMK_63_final.txt	AqTMK_109	AqTMK_63	33	32	False	inf	1.0	False	
AqTMK_109_final.txt	AqTMK_68_final.txt	AqTMK_109	AqTMK_68	33	32	False	inf	1.0	False	
AqTMK_109_final.txt	AqTMK_70_final.txt	AqTMK_109	AqTMK_70	33	32	False	inf	1.0	False	
AqTMK_109_final.txt	AqTMK_79_final.txt	AqTMK_109	AqTMK_79	33	32	False	inf	1.0	False	
AqTMK_109_final.txt	AqTMK_84_final.txt	AqTMK_109	AqTMK_84	33	32	False	inf	1.0	False	
AqTMK_109_final.txt	AqTMK_81_final.txt	AqTMK_109	AqTMK_81	33	32	False	inf	1.0	False	
AqTMK_109_final.txt	AqTMK_82_final.txt	AqTMK_109	AqTMK_82	33	32	False	inf	1.0	False	
AqTMK_109_final.txt	AqTMK_85_final.txt	AqTMK_109	AqTMK_85	33	32	False	inf	1.0	False	
AqTMK_109_final.txt	AqTMK_89_final.txt	AqTMK_109	AqTMK_89	33	32	False	inf	1.0	False	
AqTMK_109_final.txt	AqTMK_91_final.txt	AqTMK_109	AqTMK_91	33	32	False	inf	1.0	False	
AqTMK_109_final.txt	AqTMK_93_final.txt	AqTMK_109	AqTMK_93	33	32	False	inf	1.0	False	
AqTMK_109_final.txt	AqTMK_98_final.txt	AqTMK_109	AqTMK_98	33	32	False	inf	1.0	False	
AqTMK_109_final.txt	AqTMK_101_final.txt	AqTMK_109	AqTMK_101	33	32	False	inf	1.0	False	
AqTMK_109_final.txt	AqTMK_99_final.txt	AqTMK_109	AqTMK_99	33	32	False	inf	1.0	False	
AqTMK_109_final.txt	AqTMK_103_final.txt	AqTMK_109	AqTMK_103	33	32	False	inf	1.0	False	
AqTMK_109_final.txt	AqTMK_104_final.txt	AqTMK_109	AqTMK_104	33	32	False	inf	1.0	False	
AqTMK_109_final.txt	AqTMK_106_final.txt	AqTMK_109	AqTMK_106	33	32	False	inf	1.0	False	
AqTMK_109_final.txt	AqTMK_114_final.txt	AqTMK_109	AqTMK_114	33	32	False	inf	1.0	False	
AqTMK_109_final.txt	AqTMK_117_final.txt	AqTMK_109	AqTMK_117	33	32	False	inf	1.0	False	
AqTMK_109_final.txt	AqTMK_118_final.txt	AqTMK_109	AqTMK_118	33	32	False	inf	1.0	False	
AqTMK_109_final.txt	AqTMK_149_final.txt	AqTMK_109	AqTMK_149	33	32	False	inf	1.0	False	
AqTMK_109_final.txt	AqTMK_155_final.txt	AqTMK_109	AqTMK_155	33	32	False	inf	1.0	False	
AqTMK_109_final.txt	AqTMK_131_final.txt	AqTMK_109	AqTMK_131	33	32	False	inf	1.0	False	
AqTMK_109_final.txt	AqTMK_159_final.txt	AqTMK_109	AqTMK_159	33	32	False	inf	1.0	False	
AqTMK_109_final.txt	AqTMK_165_final.txt	AqTMK_109	AqTMK_165	33	32	False	inf	1.0	False	
AqTMK_109_final.txt	AqTMK_173_final.txt	AqTMK_109	AqTMK_173	33	32	False	inf	1.0	False	
AqTMK_109_final.txt	AqTMK_179_final.txt	AqTMK_109	AqTMK_179	33	32	False	inf	1.0	False	
AqTMK_109_final.txt	AqTMK_181_final.txt	AqTMK_109	AqTMK_181	33	32	False	inf	1.0	False	
AqTMK_109_final.txt	AqTMK_191_final.txt	AqTMK_109	AqTMK_191	33	32	False	inf	1.0	False	
AqTMK_109_final.txt	AqTMK_187_final.txt	AqTMK_109	AqTMK_187	33	32	False	inf	1.0	False	
AqTMK_109_final.txt	AqTMK_188_final.txt	AqTMK_109	AqTMK_188	33	32	False	inf	1.0	False	
AqTMK_109_final.txt	AqTMK_198_final.txt	AqTMK_109	AqTMK_198	33	32	False	inf	1.0	False	
AqTMK_109_final.txt	AqTMK_218_final.txt	AqTMK_109	AqTMK_218	33	32	False	inf	1.0	False	
AqTMK_109_final.txt	AqTMK_219_final.txt	AqTMK_109	AqTMK_219	33	32	False	inf	1.0	False	
AqTMK_109_final.txt	AqTMK_224_final.txt	AqTMK_109	AqTMK_224	33	32	False	inf	1.0	False	
AqTMK_109_final.txt	AqTMK_234_final.txt	AqTMK_109	AqTMK_234	33	32	False	inf	1.0	False	
AqTMK_109_final.txt	AqTMK_240_final.txt	AqTMK_109	AqTMK_240	33	32	False	inf	1.0	False	
AqTMK_109_final.txt	AqTMK_236_final.txt	AqTMK_109	AqTMK_236	33	32	False	inf	1.0	False	
AqTMK_109_final.txt	AqTMK_242_final.txt	AqTMK_109	AqTMK_242	33	32	False	inf	1.0	False	
AqTMK_109_final.txt	AqTMK_245_final.txt	AqTMK_109	AqTMK_245	33	32	False	inf	1.0	False	
AqTMK_109_final.txt	AqTMK_249_final.txt	AqTMK_109	AqTMK_249	33	32	False	inf	1.0	False	
AqTMK_109_final.txt	AqTMK_263_final.txt	AqTMK_109	AqTMK_263	33	32	False	inf	1.0	False	
AqTMK_109_final.txt	AqTMK_267_final.txt	AqTMK_109	AqTMK_267	33	32	False	inf	1.0	False	
AqTMK_109_final.txt	AqTMK_272_final.txt	AqTMK_109	AqTMK_272	33	32	False	inf	1.0	False	
AqTMK_109_final.txt	AqTMK_275_final.txt	AqTMK_109	AqTMK_275	33	32	False	inf	1.0	False	
AqTMK_109_final.txt	AqTMK_274_final.txt	AqTMK_109	AqTMK_274	33	32	False	inf	1.0	False	
AqTMK_109_final.txt	AqTMK_279_final.txt	AqTMK_109	AqTMK_279	33	32	False	inf	1.0	False	
AqTMK_109_final.txt	AqTMK_286_final.txt	AqTMK_109	AqTMK_286	33	32	False	inf	1.0	False	
AqTMK_109_final.txt	AqTMK_290_final.txt	AqTMK_109	AqTMK_290	33	32	False	inf	1.0	False	
AqTMK_109_final.txt	AqTMK_292_final.txt	AqTMK_109	AqTMK_292	33	32	False	inf	1.0	False	
AqTMK_109_final.txt	AqTMK_299_final.txt	AqTMK_109	AqTMK_299	33	32	False	inf	1.0	False	
AqTMK_109_final.txt	AqTMK_309_final.txt	AqTMK_109	AqTMK_309	33	32	False	inf	1.0	False	
AqTMK_109_final.txt	AqTMK_45_final.txt	AqTMK_109	AqTMK_45	33	31	False	inf	1.0	False	
AqTMK_109_final.txt	AqTMK_48_final.txt	AqTMK_109	AqTMK_48	33	31	False	inf	1.0	False	
AqTMK_109_final.txt	AqTMK_47_final.txt	AqTMK_109	AqTMK_47	33	31	False	inf	1.0	False	
AqTMK_109_final.txt	AqTMK_53_final.txt	AqTMK_109	AqTMK_53	33	31	False	inf	1.0	False	
AqTMK_109_final.txt	AqTMK_57_final.txt	AqTMK_109	AqTMK_57	33	31	False	inf	1.0	False	
AqTMK_109_final.txt	AqTMK_72_final.txt	AqTMK_109	AqTMK_72	33	31	False	inf	1.0	False	
AqTMK_109_final.txt	AqTMK_73_final.txt	AqTMK_109	AqTMK_73	33	31	False	inf	1.0	False	
AqTMK_109_final.txt	AqTMK_76_final.txt	AqTMK_109	AqTMK_76	33	31	False	inf	1.0	False	
AqTMK_109_final.txt	AqTMK_92_final.txt	AqTMK_109	AqTMK_92	33	31	False	inf	1.0	False	
AqTMK_109_final.txt	AqTMK_108_final.txt	AqTMK_109	AqTMK_108	33	31	False	inf	1.0	False	
AqTMK_109_final.txt	AqTMK_94_final.txt	AqTMK_109	AqTMK_94	33	31	False	inf	1.0	False	
AqTMK_109_final.txt	AqTMK_110_final.txt	AqTMK_109	AqTMK_110	33	31	False	inf	1.0	False	
AqTMK_109_final.txt	AqTMK_112_final.txt	AqTMK_109	AqTMK_112	33	31	False	inf	1.0	False	
AqTMK_109_final.txt	AqTMK_119_final.txt	AqTMK_109	AqTMK_119	33	31	False	inf	1.0	False	
AqTMK_109_final.txt	AqTMK_122_final.txt	AqTMK_109	AqTMK_122	33	31	False	inf	1.0	False	
AqTMK_109_final.txt	AqTMK_123_final.txt	AqTMK_109	AqTMK_123	33	31	False	inf	1.0	False	
AqTMK_109_final.txt	AqTMK_133_final.txt	AqTMK_109	AqTMK_133	33	31	False	inf	1.0	False	
AqTMK_109_final.txt	AqTMK_132_final.txt	AqTMK_109	AqTMK_132	33	31	False	inf	1.0	False	
AqTMK_109_final.txt	AqTMK_167_final.txt	AqTMK_109	AqTMK_167	33	31	False	inf	1.0	False	
AqTMK_109_final.txt	AqTMK_172_final.txt	AqTMK_109	AqTMK_172	33	31	False	inf	1.0	False	
AqTMK_109_final.txt	AqTMK_178_final.txt	AqTMK_109	AqTMK_178	33	31	False	inf	1.0	False	
AqTMK_109_final.txt	AqTMK_184_final.txt	AqTMK_109	AqTMK_184	33	31	False	inf	1.0	False	
AqTMK_109_final.txt	AqTMK_195_final.txt	AqTMK_109	AqTMK_195	33	31	False	inf	1.0	False	
AqTMK_109_final.txt	AqTMK_201_final.txt	AqTMK_109	AqTMK_201	33	31	False	inf	1.0	False	
AqTMK_109_final.txt	AqTMK_237_final.txt	AqTMK_109	AqTMK_237	33	31	False	inf	1.0	False	
AqTMK_109_final.txt	AqTMK_211_final.txt	AqTMK_109	AqTMK_211	33	31	False	inf	1.0	False	
AqTMK_109_final.txt	AqTMK_238_final.txt	AqTMK_109	AqTMK_238	33	31	False	inf	1.0	False	
AqTMK_109_final.txt	AqTMK_253_final.txt	AqTMK_109	AqTMK_253	33	31	False	inf	1.0	False	
AqTMK_109_final.txt	AqTMK_276_final.txt	AqTMK_109	AqTMK_276	33	31	False	inf	1.0	False	
AqTMK_109_final.txt	AqTMK_277_final.txt	AqTMK_109	AqTMK_277	33	31	False	inf	1.0	False	
AqTMK_109_final.txt	AqTMK_288_final.txt	AqTMK_109	AqTMK_288	33	31	False	inf	1.0	False	
AqTMK_109_final.txt	AqTMK_300_final.txt	AqTMK_109	AqTMK_300	33	31	False	inf	1.0	False	
AqTMK_109_final.txt	AqTMK_33_final.txt	AqTMK_109	AqTMK_33	33	30	False	inf	1.0	False	
AqTMK_109_final.txt	AqTMK_43_final.txt	AqTMK_109	AqTMK_43	33	30	False	inf	1.0	False	
AqTMK_109_final.txt	AqTMK_49_final.txt	AqTMK_109	AqTMK_49	33	30	False	inf	1.0	False	
AqTMK_109_final.txt	AqTMK_50_final.txt	AqTMK_109	AqTMK_50	33	30	False	inf	1.0	False	
AqTMK_109_final.txt	AqTMK_66_final.txt	AqTMK_109	AqTMK_66	33	30	False	inf	1.0	False	
AqTMK_109_final.txt	AqTMK_102_final.txt	AqTMK_109	AqTMK_102	33	30	False	inf	1.0	False	
AqTMK_109_final.txt	AqTMK_124_final.txt	AqTMK_109	AqTMK_124	33	30	False	inf	1.0	False	
AqTMK_109_final.txt	AqTMK_153_final.txt	AqTMK_109	AqTMK_153	33	30	False	inf	1.0	False	
AqTMK_109_final.txt	AqTMK_264_final.txt	AqTMK_109	AqTMK_264	33	30	False	inf	1.0	False	
AqTMK_109_final.txt	AqTMK_121_final.txt	AqTMK_109	AqTMK_121	33	29	False	inf	1.0	False	
AqTMK_109_final.txt	AqTMK_193_final.txt	AqTMK_109	AqTMK_193	33	30	False	inf	1.0	False	
AqTMK_111_final.txt	AqTMK_116_final.txt	AqTMK_111	AqTMK_116	33	33	True	4	1.0	False	
AqTMK_111_final.txt	AqTMK_139_final.txt	AqTMK_111	AqTMK_139	33	33	True	8	1.0	False	
AqTMK_111_final.txt	AqTMK_163_final.txt	AqTMK_111	AqTMK_163	33	33	True	4	1.0	False	
AqTMK_111_final.txt	AqTMK_197_final.txt	AqTMK_111	AqTMK_197	33	33	True	8	1.0	False	
AqTMK_111_final.txt	AqTMK_200_final.txt	AqTMK_111	AqTMK_200	33	33	True	4	1.0	False	
AqTMK_111_final.txt	AqTMK_208_final.txt	AqTMK_111	AqTMK_208	33	33	True	8	1.0	False	
AqTMK_111_final.txt	AqTMK_223_final.txt	AqTMK_111	AqTMK_223	33	33	True	6	1.0	False	
AqTMK_111_final.txt	AqTMK_156_final.txt	AqTMK_111	AqTMK_156	33	33	True	10	1.0	False	
AqTMK_111_final.txt	AqTMK_229_final.txt	AqTMK_111	AqTMK_229	33	33	True	6	1.0	False	
AqTMK_111_final.txt	AqTMK_231_final.txt	AqTMK_111	AqTMK_231	33	33	True	6	1.0	False	
AqTMK_111_final.txt	AqTMK_233_final.txt	AqTMK_111	AqTMK_233	33	33	True	6	1.0	False	
AqTMK_111_final.txt	AqTMK_257_final.txt	AqTMK_111	AqTMK_257	33	33	True	8	1.0	False	
AqTMK_111_final.txt	AqTMK_230_final.txt	AqTMK_111	AqTMK_230	33	33	True	10	1.0	False	
AqTMK_111_final.txt	AqTMK_262_final.txt	AqTMK_111	AqTMK_262	33	33	True	6	1.0	False	
AqTMK_111_final.txt	AqTMK_270_final.txt	AqTMK_111	AqTMK_270	33	33	True	6	1.0	False	
AqTMK_111_final.txt	AqTMK_259_final.txt	AqTMK_111	AqTMK_259	33	33	True	10	1.0	False	
AqTMK_111_final.txt	AqTMK_284_final.txt	AqTMK_111	AqTMK_284	33	33	True	6	1.0	False	
AqTMK_111_final.txt	AqTMK_273_final.txt	AqTMK_111	AqTMK_273	33	33	True	6	1.0	False	
AqTMK_111_final.txt	AqTMK_285_final.txt	AqTMK_111	AqTMK_285	33	33	True	6	1.0	False	
AqTMK_111_final.txt	AqTMK_295_final.txt	AqTMK_111	AqTMK_295	33	33	True	6	1.0	False	
AqTMK_111_final.txt	AqTMK_54_final.txt	AqTMK_111	AqTMK_54	33	32	False	inf	1.0	False	
AqTMK_111_final.txt	AqTMK_56_final.txt	AqTMK_111	AqTMK_56	33	32	False	inf	1.0	False	
AqTMK_111_final.txt	AqTMK_59_final.txt	AqTMK_111	AqTMK_59	33	32	False	inf	1.0	False	
AqTMK_111_final.txt	AqTMK_311_final.txt	AqTMK_111	AqTMK_311	33	33	True	10	1.0	False	
AqTMK_111_final.txt	AqTMK_62_final.txt	AqTMK_111	AqTMK_62	33	32	False	inf	1.0	False	
AqTMK_111_final.txt	AqTMK_68_final.txt	AqTMK_111	AqTMK_68	33	32	False	inf	1.0	False	
AqTMK_111_final.txt	AqTMK_63_final.txt	AqTMK_111	AqTMK_63	33	32	False	inf	1.0	False	
AqTMK_111_final.txt	AqTMK_70_final.txt	AqTMK_111	AqTMK_70	33	32	False	inf	1.0	False	
AqTMK_111_final.txt	AqTMK_79_final.txt	AqTMK_111	AqTMK_79	33	32	False	inf	1.0	False	
AqTMK_111_final.txt	AqTMK_81_final.txt	AqTMK_111	AqTMK_81	33	32	False	inf	1.0	False	
AqTMK_111_final.txt	AqTMK_82_final.txt	AqTMK_111	AqTMK_82	33	32	False	inf	1.0	False	
AqTMK_111_final.txt	AqTMK_84_final.txt	AqTMK_111	AqTMK_84	33	32	False	inf	1.0	False	
AqTMK_111_final.txt	AqTMK_91_final.txt	AqTMK_111	AqTMK_91	33	32	False	inf	1.0	False	
AqTMK_111_final.txt	AqTMK_85_final.txt	AqTMK_111	AqTMK_85	33	32	False	inf	1.0	False	
AqTMK_111_final.txt	AqTMK_89_final.txt	AqTMK_111	AqTMK_89	33	32	False	inf	1.0	False	
AqTMK_111_final.txt	AqTMK_93_final.txt	AqTMK_111	AqTMK_93	33	32	False	inf	1.0	False	
AqTMK_111_final.txt	AqTMK_98_final.txt	AqTMK_111	AqTMK_98	33	32	False	inf	1.0	False	
AqTMK_111_final.txt	AqTMK_99_final.txt	AqTMK_111	AqTMK_99	33	32	False	inf	1.0	False	
AqTMK_111_final.txt	AqTMK_101_final.txt	AqTMK_111	AqTMK_101	33	32	False	inf	1.0	False	
AqTMK_111_final.txt	AqTMK_103_final.txt	AqTMK_111	AqTMK_103	33	32	False	inf	1.0	False	
AqTMK_111_final.txt	AqTMK_106_final.txt	AqTMK_111	AqTMK_106	33	32	False	inf	1.0	False	
AqTMK_111_final.txt	AqTMK_104_final.txt	AqTMK_111	AqTMK_104	33	32	False	inf	1.0	False	
AqTMK_111_final.txt	AqTMK_114_final.txt	AqTMK_111	AqTMK_114	33	32	False	inf	1.0	False	
AqTMK_111_final.txt	AqTMK_117_final.txt	AqTMK_111	AqTMK_117	33	32	False	inf	1.0	False	
AqTMK_111_final.txt	AqTMK_118_final.txt	AqTMK_111	AqTMK_118	33	32	False	inf	1.0	False	
AqTMK_111_final.txt	AqTMK_131_final.txt	AqTMK_111	AqTMK_131	33	32	False	inf	1.0	False	
AqTMK_111_final.txt	AqTMK_149_final.txt	AqTMK_111	AqTMK_149	33	32	False	inf	1.0	False	
AqTMK_111_final.txt	AqTMK_155_final.txt	AqTMK_111	AqTMK_155	33	32	False	inf	1.0	False	
AqTMK_111_final.txt	AqTMK_159_final.txt	AqTMK_111	AqTMK_159	33	32	False	inf	1.0	False	
AqTMK_111_final.txt	AqTMK_173_final.txt	AqTMK_111	AqTMK_173	33	32	False	inf	1.0	False	
AqTMK_111_final.txt	AqTMK_165_final.txt	AqTMK_111	AqTMK_165	33	32	False	inf	1.0	False	
AqTMK_111_final.txt	AqTMK_179_final.txt	AqTMK_111	AqTMK_179	33	32	False	inf	1.0	False	
AqTMK_111_final.txt	AqTMK_181_final.txt	AqTMK_111	AqTMK_181	33	32	False	inf	1.0	False	
AqTMK_111_final.txt	AqTMK_187_final.txt	AqTMK_111	AqTMK_187	33	32	False	inf	1.0	False	
AqTMK_111_final.txt	AqTMK_188_final.txt	AqTMK_111	AqTMK_188	33	32	False	inf	1.0	False	
AqTMK_111_final.txt	AqTMK_191_final.txt	AqTMK_111	AqTMK_191	33	32	False	inf	1.0	False	
AqTMK_111_final.txt	AqTMK_218_final.txt	AqTMK_111	AqTMK_218	33	32	False	inf	1.0	False	
AqTMK_111_final.txt	AqTMK_198_final.txt	AqTMK_111	AqTMK_198	33	32	False	inf	1.0	False	
AqTMK_111_final.txt	AqTMK_219_final.txt	AqTMK_111	AqTMK_219	33	32	False	inf	1.0	False	
AqTMK_111_final.txt	AqTMK_224_final.txt	AqTMK_111	AqTMK_224	33	32	False	inf	1.0	False	
AqTMK_111_final.txt	AqTMK_234_final.txt	AqTMK_111	AqTMK_234	33	32	False	inf	1.0	False	
AqTMK_111_final.txt	AqTMK_236_final.txt	AqTMK_111	AqTMK_236	33	32	False	inf	1.0	False	
AqTMK_111_final.txt	AqTMK_240_final.txt	AqTMK_111	AqTMK_240	33	32	False	inf	1.0	False	
AqTMK_111_final.txt	AqTMK_242_final.txt	AqTMK_111	AqTMK_242	33	32	False	inf	1.0	False	
AqTMK_111_final.txt	AqTMK_249_final.txt	AqTMK_111	AqTMK_249	33	32	False	inf	1.0	False	
AqTMK_111_final.txt	AqTMK_245_final.txt	AqTMK_111	AqTMK_245	33	32	False	inf	1.0	False	
AqTMK_111_final.txt	AqTMK_263_final.txt	AqTMK_111	AqTMK_263	33	32	False	inf	1.0	False	
AqTMK_111_final.txt	AqTMK_267_final.txt	AqTMK_111	AqTMK_267	33	32	False	inf	1.0	False	
AqTMK_111_final.txt	AqTMK_272_final.txt	AqTMK_111	AqTMK_272	33	32	False	inf	1.0	False	
AqTMK_111_final.txt	AqTMK_274_final.txt	AqTMK_111	AqTMK_274	33	32	False	inf	1.0	False	
AqTMK_111_final.txt	AqTMK_275_final.txt	AqTMK_111	AqTMK_275	33	32	False	inf	1.0	False	
AqTMK_111_final.txt	AqTMK_279_final.txt	AqTMK_111	AqTMK_279	33	32	False	inf	1.0	False	
AqTMK_111_final.txt	AqTMK_286_final.txt	AqTMK_111	AqTMK_286	33	32	False	inf	1.0	False	
AqTMK_111_final.txt	AqTMK_290_final.txt	AqTMK_111	AqTMK_290	33	32	False	inf	1.0	False	
AqTMK_111_final.txt	AqTMK_292_final.txt	AqTMK_111	AqTMK_292	33	32	False	inf	1.0	False	
AqTMK_111_final.txt	AqTMK_299_final.txt	AqTMK_111	AqTMK_299	33	32	False	inf	1.0	False	
AqTMK_111_final.txt	AqTMK_309_final.txt	AqTMK_111	AqTMK_309	33	32	False	inf	1.0	False	
AqTMK_111_final.txt	AqTMK_45_final.txt	AqTMK_111	AqTMK_45	33	31	False	inf	1.0	False	
AqTMK_111_final.txt	AqTMK_47_final.txt	AqTMK_111	AqTMK_47	33	31	False	inf	1.0	False	
AqTMK_111_final.txt	AqTMK_48_final.txt	AqTMK_111	AqTMK_48	33	31	False	inf	1.0	False	
AqTMK_111_final.txt	AqTMK_57_final.txt	AqTMK_111	AqTMK_57	33	31	False	inf	1.0	False	
AqTMK_111_final.txt	AqTMK_53_final.txt	AqTMK_111	AqTMK_53	33	31	False	inf	1.0	False	
AqTMK_111_final.txt	AqTMK_72_final.txt	AqTMK_111	AqTMK_72	33	31	False	inf	1.0	False	
AqTMK_111_final.txt	AqTMK_73_final.txt	AqTMK_111	AqTMK_73	33	31	False	inf	1.0	False	
AqTMK_111_final.txt	AqTMK_76_final.txt	AqTMK_111	AqTMK_76	33	31	False	inf	1.0	False	
AqTMK_111_final.txt	AqTMK_92_final.txt	AqTMK_111	AqTMK_92	33	31	False	inf	1.0	False	
AqTMK_111_final.txt	AqTMK_94_final.txt	AqTMK_111	AqTMK_94	33	31	False	inf	1.0	False	
AqTMK_111_final.txt	AqTMK_108_final.txt	AqTMK_111	AqTMK_108	33	31	False	inf	1.0	False	
AqTMK_111_final.txt	AqTMK_110_final.txt	AqTMK_111	AqTMK_110	33	31	False	inf	1.0	False	
AqTMK_111_final.txt	AqTMK_119_final.txt	AqTMK_111	AqTMK_119	33	31	False	inf	1.0	False	
AqTMK_111_final.txt	AqTMK_112_final.txt	AqTMK_111	AqTMK_112	33	31	False	inf	1.0	False	
AqTMK_111_final.txt	AqTMK_122_final.txt	AqTMK_111	AqTMK_122	33	31	False	inf	1.0	False	
AqTMK_111_final.txt	AqTMK_123_final.txt	AqTMK_111	AqTMK_123	33	31	False	inf	1.0	False	
AqTMK_111_final.txt	AqTMK_132_final.txt	AqTMK_111	AqTMK_132	33	31	False	inf	1.0	False	
AqTMK_111_final.txt	AqTMK_133_final.txt	AqTMK_111	AqTMK_133	33	31	False	inf	1.0	False	
AqTMK_111_final.txt	AqTMK_167_final.txt	AqTMK_111	AqTMK_167	33	31	False	inf	1.0	False	
AqTMK_111_final.txt	AqTMK_172_final.txt	AqTMK_111	AqTMK_172	33	31	False	inf	1.0	False	
AqTMK_111_final.txt	AqTMK_178_final.txt	AqTMK_111	AqTMK_178	33	31	False	inf	1.0	False	
AqTMK_111_final.txt	AqTMK_184_final.txt	AqTMK_111	AqTMK_184	33	31	False	inf	1.0	False	
AqTMK_111_final.txt	AqTMK_195_final.txt	AqTMK_111	AqTMK_195	33	31	False	inf	1.0	False	
AqTMK_111_final.txt	AqTMK_201_final.txt	AqTMK_111	AqTMK_201	33	31	False	inf	1.0	False	
AqTMK_111_final.txt	AqTMK_211_final.txt	AqTMK_111	AqTMK_211	33	31	False	inf	1.0	False	
AqTMK_111_final.txt	AqTMK_237_final.txt	AqTMK_111	AqTMK_237	33	31	False	inf	1.0	False	
AqTMK_111_final.txt	AqTMK_238_final.txt	AqTMK_111	AqTMK_238	33	31	False	inf	1.0	False	
AqTMK_111_final.txt	AqTMK_253_final.txt	AqTMK_111	AqTMK_253	33	31	False	inf	1.0	False	
AqTMK_111_final.txt	AqTMK_276_final.txt	AqTMK_111	AqTMK_276	33	31	False	inf	1.0	False	
AqTMK_111_final.txt	AqTMK_277_final.txt	AqTMK_111	AqTMK_277	33	31	False	inf	1.0	False	
AqTMK_111_final.txt	AqTMK_288_final.txt	AqTMK_111	AqTMK_288	33	31	False	inf	1.0	False	
AqTMK_111_final.txt	AqTMK_300_final.txt	AqTMK_111	AqTMK_300	33	31	False	inf	1.0	False	
AqTMK_111_final.txt	AqTMK_33_final.txt	AqTMK_111	AqTMK_33	33	30	False	inf	1.0	False	
AqTMK_111_final.txt	AqTMK_43_final.txt	AqTMK_111	AqTMK_43	33	30	False	inf	1.0	False	
AqTMK_111_final.txt	AqTMK_49_final.txt	AqTMK_111	AqTMK_49	33	30	False	inf	1.0	False	
AqTMK_111_final.txt	AqTMK_50_final.txt	AqTMK_111	AqTMK_50	33	30	False	inf	1.0	False	
AqTMK_111_final.txt	AqTMK_66_final.txt	AqTMK_111	AqTMK_66	33	30	False	inf	1.0	False	
AqTMK_111_final.txt	AqTMK_102_final.txt	AqTMK_111	AqTMK_102	33	30	False	inf	1.0	False	
AqTMK_111_final.txt	AqTMK_124_final.txt	AqTMK_111	AqTMK_124	33	30	False	inf	1.0	False	
AqTMK_111_final.txt	AqTMK_153_final.txt	AqTMK_111	AqTMK_153	33	30	False	inf	1.0	False	
AqTMK_111_final.txt	AqTMK_193_final.txt	AqTMK_111	AqTMK_193	33	30	False	inf	1.0	False	
AqTMK_111_final.txt	AqTMK_264_final.txt	AqTMK_111	AqTMK_264	33	30	False	inf	1.0	False	
AqTMK_111_final.txt	AqTMK_121_final.txt	AqTMK_111	AqTMK_121	33	29	False	inf	1.0	False	
AqTMK_116_final.txt	AqTMK_139_final.txt	AqTMK_116	AqTMK_139	33	33	True	6	1.0	False	
AqTMK_116_final.txt	AqTMK_156_final.txt	AqTMK_116	AqTMK_156	33	33	True	8	1.0	False	
AqTMK_116_final.txt	AqTMK_163_final.txt	AqTMK_116	AqTMK_163	33	33	True	0	1.0	True	class_44
AqTMK_116_final.txt	AqTMK_197_final.txt	AqTMK_116	AqTMK_197	33	33	True	6	1.0	False	
AqTMK_116_final.txt	AqTMK_200_final.txt	AqTMK_116	AqTMK_200	33	33	True	2	1.0	False	
AqTMK_116_final.txt	AqTMK_223_final.txt	AqTMK_116	AqTMK_223	33	33	True	6	1.0	False	
AqTMK_116_final.txt	AqTMK_229_final.txt	AqTMK_116	AqTMK_229	33	33	True	4	1.0	False	
AqTMK_116_final.txt	AqTMK_208_final.txt	AqTMK_116	AqTMK_208	33	33	True	8	1.0	False	
AqTMK_116_final.txt	AqTMK_231_final.txt	AqTMK_116	AqTMK_231	33	33	True	6	1.0	False	
AqTMK_116_final.txt	AqTMK_233_final.txt	AqTMK_116	AqTMK_233	33	33	True	4	1.0	False	
AqTMK_116_final.txt	AqTMK_230_final.txt	AqTMK_116	AqTMK_230	33	33	True	8	1.0	False	
AqTMK_116_final.txt	AqTMK_257_final.txt	AqTMK_116	AqTMK_257	33	33	True	6	1.0	False	
AqTMK_116_final.txt	AqTMK_262_final.txt	AqTMK_116	AqTMK_262	33	33	True	6	1.0	False	
AqTMK_116_final.txt	AqTMK_270_final.txt	AqTMK_116	AqTMK_270	33	33	True	4	1.0	False	
AqTMK_116_final.txt	AqTMK_259_final.txt	AqTMK_116	AqTMK_259	33	33	True	8	1.0	False	
AqTMK_116_final.txt	AqTMK_273_final.txt	AqTMK_116	AqTMK_273	33	33	True	4	1.0	False	
AqTMK_116_final.txt	AqTMK_285_final.txt	AqTMK_116	AqTMK_285	33	33	True	4	1.0	False	
AqTMK_116_final.txt	AqTMK_284_final.txt	AqTMK_116	AqTMK_284	33	33	True	4	1.0	False	
AqTMK_116_final.txt	AqTMK_295_final.txt	AqTMK_116	AqTMK_295	33	33	True	4	1.0	False	
AqTMK_116_final.txt	AqTMK_54_final.txt	AqTMK_116	AqTMK_54	33	32	False	inf	1.0	False	
AqTMK_116_final.txt	AqTMK_56_final.txt	AqTMK_116	AqTMK_56	33	32	False	inf	1.0	False	
AqTMK_116_final.txt	AqTMK_59_final.txt	AqTMK_116	AqTMK_59	33	32	False	inf	1.0	False	
AqTMK_116_final.txt	AqTMK_62_final.txt	AqTMK_116	AqTMK_62	33	32	False	inf	1.0	False	
AqTMK_116_final.txt	AqTMK_311_final.txt	AqTMK_116	AqTMK_311	33	33	True	8	1.0	False	
AqTMK_116_final.txt	AqTMK_63_final.txt	AqTMK_116	AqTMK_63	33	32	False	inf	1.0	False	
AqTMK_116_final.txt	AqTMK_68_final.txt	AqTMK_116	AqTMK_68	33	32	False	inf	1.0	False	
AqTMK_116_final.txt	AqTMK_70_final.txt	AqTMK_116	AqTMK_70	33	32	False	inf	1.0	False	
AqTMK_116_final.txt	AqTMK_79_final.txt	AqTMK_116	AqTMK_79	33	32	False	inf	1.0	False	
AqTMK_116_final.txt	AqTMK_81_final.txt	AqTMK_116	AqTMK_81	33	32	False	inf	1.0	False	
AqTMK_116_final.txt	AqTMK_82_final.txt	AqTMK_116	AqTMK_82	33	32	False	inf	1.0	False	
AqTMK_116_final.txt	AqTMK_84_final.txt	AqTMK_116	AqTMK_84	33	32	False	inf	1.0	False	
AqTMK_116_final.txt	AqTMK_85_final.txt	AqTMK_116	AqTMK_85	33	32	False	inf	1.0	False	
AqTMK_116_final.txt	AqTMK_93_final.txt	AqTMK_116	AqTMK_93	33	32	False	inf	1.0	False	
AqTMK_116_final.txt	AqTMK_91_final.txt	AqTMK_116	AqTMK_91	33	32	False	inf	1.0	False	
AqTMK_116_final.txt	AqTMK_89_final.txt	AqTMK_116	AqTMK_89	33	32	False	inf	1.0	False	
AqTMK_116_final.txt	AqTMK_98_final.txt	AqTMK_116	AqTMK_98	33	32	False	inf	1.0	False	
AqTMK_116_final.txt	AqTMK_99_final.txt	AqTMK_116	AqTMK_99	33	32	False	inf	1.0	False	
AqTMK_116_final.txt	AqTMK_101_final.txt	AqTMK_116	AqTMK_101	33	32	False	inf	1.0	False	
AqTMK_116_final.txt	AqTMK_103_final.txt	AqTMK_116	AqTMK_103	33	32	False	inf	1.0	False	
AqTMK_116_final.txt	AqTMK_104_final.txt	AqTMK_116	AqTMK_104	33	32	False	inf	1.0	False	
AqTMK_116_final.txt	AqTMK_114_final.txt	AqTMK_116	AqTMK_114	33	32	False	inf	1.0	False	
AqTMK_116_final.txt	AqTMK_117_final.txt	AqTMK_116	AqTMK_117	33	32	False	inf	1.0	False	
AqTMK_116_final.txt	AqTMK_106_final.txt	AqTMK_116	AqTMK_106	33	32	False	inf	1.0	False	
AqTMK_116_final.txt	AqTMK_118_final.txt	AqTMK_116	AqTMK_118	33	32	False	inf	1.0	False	
AqTMK_116_final.txt	AqTMK_131_final.txt	AqTMK_116	AqTMK_131	33	32	False	inf	1.0	False	
AqTMK_116_final.txt	AqTMK_149_final.txt	AqTMK_116	AqTMK_149	33	32	False	inf	1.0	False	
AqTMK_116_final.txt	AqTMK_155_final.txt	AqTMK_116	AqTMK_155	33	32	False	inf	1.0	False	
AqTMK_116_final.txt	AqTMK_159_final.txt	AqTMK_116	AqTMK_159	33	32	False	inf	1.0	False	
AqTMK_116_final.txt	AqTMK_173_final.txt	AqTMK_116	AqTMK_173	33	32	False	inf	1.0	False	
AqTMK_116_final.txt	AqTMK_179_final.txt	AqTMK_116	AqTMK_179	33	32	False	inf	1.0	False	
AqTMK_116_final.txt	AqTMK_165_final.txt	AqTMK_116	AqTMK_165	33	32	False	inf	1.0	False	
AqTMK_116_final.txt	AqTMK_181_final.txt	AqTMK_116	AqTMK_181	33	32	False	inf	1.0	False	
AqTMK_116_final.txt	AqTMK_187_final.txt	AqTMK_116	AqTMK_187	33	32	False	inf	1.0	False	
AqTMK_116_final.txt	AqTMK_188_final.txt	AqTMK_116	AqTMK_188	33	32	False	inf	1.0	False	
AqTMK_116_final.txt	AqTMK_191_final.txt	AqTMK_116	AqTMK_191	33	32	False	inf	1.0	False	
AqTMK_116_final.txt	AqTMK_198_final.txt	AqTMK_116	AqTMK_198	33	32	False	inf	1.0	False	
AqTMK_116_final.txt	AqTMK_224_final.txt	AqTMK_116	AqTMK_224	33	32	False	inf	1.0	False	
AqTMK_116_final.txt	AqTMK_219_final.txt	AqTMK_116	AqTMK_219	33	32	False	inf	1.0	False	
AqTMK_116_final.txt	AqTMK_218_final.txt	AqTMK_116	AqTMK_218	33	32	False	inf	1.0	False	
AqTMK_116_final.txt	AqTMK_234_final.txt	AqTMK_116	AqTMK_234	33	32	False	inf	1.0	False	
AqTMK_116_final.txt	AqTMK_236_final.txt	AqTMK_116	AqTMK_236	33	32	False	inf	1.0	False	
AqTMK_116_final.txt	AqTMK_240_final.txt	AqTMK_116	AqTMK_240	33	32	False	inf	1.0	False	
AqTMK_116_final.txt	AqTMK_242_final.txt	AqTMK_116	AqTMK_242	33	32	False	inf	1.0	False	
AqTMK_116_final.txt	AqTMK_245_final.txt	AqTMK_116	AqTMK_245	33	32	False	inf	1.0	False	
AqTMK_116_final.txt	AqTMK_267_final.txt	AqTMK_116	AqTMK_267	33	32	False	inf	1.0	False	
AqTMK_116_final.txt	AqTMK_249_final.txt	AqTMK_116	AqTMK_249	33	32	False	inf	1.0	False	
AqTMK_116_final.txt	AqTMK_263_final.txt	AqTMK_116	AqTMK_263	33	32	False	inf	1.0	False	
AqTMK_116_final.txt	AqTMK_272_final.txt	AqTMK_116	AqTMK_272	33	32	False	inf	1.0	False	
AqTMK_116_final.txt	AqTMK_274_final.txt	AqTMK_116	AqTMK_274	33	32	False	inf	1.0	False	
AqTMK_116_final.txt	AqTMK_275_final.txt	AqTMK_116	AqTMK_275	33	32	False	inf	1.0	False	
AqTMK_116_final.txt	AqTMK_279_final.txt	AqTMK_116	AqTMK_279	33	32	False	inf	1.0	False	
AqTMK_116_final.txt	AqTMK_286_final.txt	AqTMK_116	AqTMK_286	33	32	False	inf	1.0	False	
AqTMK_116_final.txt	AqTMK_299_final.txt	AqTMK_116	AqTMK_299	33	32	False	inf	1.0	False	
AqTMK_116_final.txt	AqTMK_290_final.txt	AqTMK_116	AqTMK_290	33	32	False	inf	1.0	False	
AqTMK_116_final.txt	AqTMK_292_final.txt	AqTMK_116	AqTMK_292	33	32	False	inf	1.0	False	
AqTMK_116_final.txt	AqTMK_309_final.txt	AqTMK_116	AqTMK_309	33	32	False	inf	1.0	False	
AqTMK_116_final.txt	AqTMK_45_final.txt	AqTMK_116	AqTMK_45	33	31	False	inf	1.0	False	
AqTMK_116_final.txt	AqTMK_47_final.txt	AqTMK_116	AqTMK_47	33	31	False	inf	1.0	False	
AqTMK_116_final.txt	AqTMK_48_final.txt	AqTMK_116	AqTMK_48	33	31	False	inf	1.0	False	
AqTMK_116_final.txt	AqTMK_53_final.txt	AqTMK_116	AqTMK_53	33	31	False	inf	1.0	False	
AqTMK_116_final.txt	AqTMK_72_final.txt	AqTMK_116	AqTMK_72	33	31	False	inf	1.0	False	
AqTMK_116_final.txt	AqTMK_57_final.txt	AqTMK_116	AqTMK_57	33	31	False	inf	1.0	False	
AqTMK_116_final.txt	AqTMK_73_final.txt	AqTMK_116	AqTMK_73	33	31	False	inf	1.0	False	
AqTMK_116_final.txt	AqTMK_76_final.txt	AqTMK_116	AqTMK_76	33	31	False	inf	1.0	False	
AqTMK_116_final.txt	AqTMK_92_final.txt	AqTMK_116	AqTMK_92	33	31	False	inf	1.0	False	
AqTMK_116_final.txt	AqTMK_94_final.txt	AqTMK_116	AqTMK_94	33	31	False	inf	1.0	False	
AqTMK_116_final.txt	AqTMK_108_final.txt	AqTMK_116	AqTMK_108	33	31	False	inf	1.0	False	
AqTMK_116_final.txt	AqTMK_110_final.txt	AqTMK_116	AqTMK_110	33	31	False	inf	1.0	False	
AqTMK_116_final.txt	AqTMK_122_final.txt	AqTMK_116	AqTMK_122	33	31	False	inf	1.0	False	
AqTMK_116_final.txt	AqTMK_119_final.txt	AqTMK_116	AqTMK_119	33	31	False	inf	1.0	False	
AqTMK_116_final.txt	AqTMK_112_final.txt	AqTMK_116	AqTMK_112	33	31	False	inf	1.0	False	
AqTMK_116_final.txt	AqTMK_123_final.txt	AqTMK_116	AqTMK_123	33	31	False	inf	1.0	False	
AqTMK_116_final.txt	AqTMK_132_final.txt	AqTMK_116	AqTMK_132	33	31	False	inf	1.0	False	
AqTMK_116_final.txt	AqTMK_133_final.txt	AqTMK_116	AqTMK_133	33	31	False	inf	1.0	False	
AqTMK_116_final.txt	AqTMK_167_final.txt	AqTMK_116	AqTMK_167	33	31	False	inf	1.0	False	
AqTMK_116_final.txt	AqTMK_172_final.txt	AqTMK_116	AqTMK_172	33	31	False	inf	1.0	False	
AqTMK_116_final.txt	AqTMK_178_final.txt	AqTMK_116	AqTMK_178	33	31	False	inf	1.0	False	
AqTMK_116_final.txt	AqTMK_184_final.txt	AqTMK_116	AqTMK_184	33	31	False	inf	1.0	False	
AqTMK_116_final.txt	AqTMK_195_final.txt	AqTMK_116	AqTMK_195	33	31	False	inf	1.0	False	
AqTMK_116_final.txt	AqTMK_201_final.txt	AqTMK_116	AqTMK_201	33	31	False	inf	1.0	False	
AqTMK_116_final.txt	AqTMK_211_final.txt	AqTMK_116	AqTMK_211	33	31	False	inf	1.0	False	
AqTMK_116_final.txt	AqTMK_237_final.txt	AqTMK_116	AqTMK_237	33	31	False	inf	1.0	False	
AqTMK_116_final.txt	AqTMK_238_final.txt	AqTMK_116	AqTMK_238	33	31	False	inf	1.0	False	
AqTMK_116_final.txt	AqTMK_253_final.txt	AqTMK_116	AqTMK_253	33	31	False	inf	1.0	False	
AqTMK_116_final.txt	AqTMK_288_final.txt	AqTMK_116	AqTMK_288	33	31	False	inf	1.0	False	
AqTMK_116_final.txt	AqTMK_276_final.txt	AqTMK_116	AqTMK_276	33	31	False	inf	1.0	False	
AqTMK_116_final.txt	AqTMK_277_final.txt	AqTMK_116	AqTMK_277	33	31	False	inf	1.0	False	
AqTMK_116_final.txt	AqTMK_300_final.txt	AqTMK_116	AqTMK_300	33	31	False	inf	1.0	False	
AqTMK_116_final.txt	AqTMK_33_final.txt	AqTMK_116	AqTMK_33	33	30	False	inf	1.0	False	
AqTMK_116_final.txt	AqTMK_43_final.txt	AqTMK_116	AqTMK_43	33	30	False	inf	1.0	False	
AqTMK_116_final.txt	AqTMK_49_final.txt	AqTMK_116	AqTMK_49	33	30	False	inf	1.0	False	
AqTMK_116_final.txt	AqTMK_50_final.txt	AqTMK_116	AqTMK_50	33	30	False	inf	1.0	False	
AqTMK_116_final.txt	AqTMK_124_final.txt	AqTMK_116	AqTMK_124	33	30	False	inf	1.0	False	
AqTMK_116_final.txt	AqTMK_66_final.txt	AqTMK_116	AqTMK_66	33	30	False	inf	1.0	False	
AqTMK_116_final.txt	AqTMK_102_final.txt	AqTMK_116	AqTMK_102	33	30	False	inf	1.0	False	
AqTMK_116_final.txt	AqTMK_153_final.txt	AqTMK_116	AqTMK_153	33	30	False	inf	1.0	False	
AqTMK_116_final.txt	AqTMK_193_final.txt	AqTMK_116	AqTMK_193	33	30	False	inf	1.0	False	
AqTMK_116_final.txt	AqTMK_264_final.txt	AqTMK_116	AqTMK_264	33	30	False	inf	1.0	False	
AqTMK_116_final.txt	AqTMK_121_final.txt	AqTMK_116	AqTMK_121	33	29	False	inf	1.0	False	
AqTMK_139_final.txt	AqTMK_156_final.txt	AqTMK_139	AqTMK_156	33	33	True	8	1.0	False	
AqTMK_139_final.txt	AqTMK_197_final.txt	AqTMK_139	AqTMK_197	33	33	True	8	1.0	False	
AqTMK_139_final.txt	AqTMK_200_final.txt	AqTMK_139	AqTMK_200	33	33	True	4	1.0	False	
AqTMK_139_final.txt	AqTMK_223_final.txt	AqTMK_139	AqTMK_223	33	33	True	6	1.0	False	
AqTMK_139_final.txt	AqTMK_229_final.txt	AqTMK_139	AqTMK_229	33	33	True	6	1.0	False	
AqTMK_139_final.txt	AqTMK_230_final.txt	AqTMK_139	AqTMK_230	33	33	True	4	1.0	False	
AqTMK_139_final.txt	AqTMK_208_final.txt	AqTMK_139	AqTMK_208	33	33	True	10	1.0	False	
AqTMK_139_final.txt	AqTMK_231_final.txt	AqTMK_139	AqTMK_231	33	33	True	10	1.0	False	
AqTMK_139_final.txt	AqTMK_233_final.txt	AqTMK_139	AqTMK_233	33	33	True	6	1.0	False	
AqTMK_139_final.txt	AqTMK_257_final.txt	AqTMK_139	AqTMK_257	33	33	True	8	1.0	False	
AqTMK_139_final.txt	AqTMK_262_final.txt	AqTMK_139	AqTMK_262	33	33	True	6	1.0	False	
AqTMK_139_final.txt	AqTMK_259_final.txt	AqTMK_139	AqTMK_259	33	33	True	8	1.0	False	
AqTMK_139_final.txt	AqTMK_270_final.txt	AqTMK_139	AqTMK_270	33	33	True	4	1.0	False	
AqTMK_139_final.txt	AqTMK_273_final.txt	AqTMK_139	AqTMK_273	33	33	True	2	1.0	False	
AqTMK_139_final.txt	AqTMK_284_final.txt	AqTMK_139	AqTMK_284	33	33	True	4	1.0	False	
AqTMK_139_final.txt	AqTMK_285_final.txt	AqTMK_139	AqTMK_285	33	33	True	4	1.0	False	
AqTMK_139_final.txt	AqTMK_295_final.txt	AqTMK_139	AqTMK_295	33	33	True	6	1.0	False	
AqTMK_139_final.txt	AqTMK_54_final.txt	AqTMK_139	AqTMK_54	33	32	False	inf	1.0	False	
AqTMK_139_final.txt	AqTMK_56_final.txt	AqTMK_139	AqTMK_56	33	32	False	inf	1.0	False	
AqTMK_139_final.txt	AqTMK_59_final.txt	AqTMK_139	AqTMK_59	33	32	False	inf	1.0	False	
AqTMK_139_final.txt	AqTMK_62_final.txt	AqTMK_139	AqTMK_62	33	32	False	inf	1.0	False	
AqTMK_139_final.txt	AqTMK_63_final.txt	AqTMK_139	AqTMK_63	33	32	False	inf	1.0	False	
AqTMK_139_final.txt	AqTMK_68_final.txt	AqTMK_139	AqTMK_68	33	32	False	inf	1.0	False	
AqTMK_139_final.txt	AqTMK_311_final.txt	AqTMK_139	AqTMK_311	33	33	True	8	1.0	False	
AqTMK_139_final.txt	AqTMK_79_final.txt	AqTMK_139	AqTMK_79	33	32	False	inf	1.0	False	
AqTMK_139_final.txt	AqTMK_70_final.txt	AqTMK_139	AqTMK_70	33	32	False	inf	1.0	False	
AqTMK_139_final.txt	AqTMK_81_final.txt	AqTMK_139	AqTMK_81	33	32	False	inf	1.0	False	
AqTMK_139_final.txt	AqTMK_82_final.txt	AqTMK_139	AqTMK_82	33	32	False	inf	1.0	False	
AqTMK_139_final.txt	AqTMK_84_final.txt	AqTMK_139	AqTMK_84	33	32	False	inf	1.0	False	
AqTMK_139_final.txt	AqTMK_85_final.txt	AqTMK_139	AqTMK_85	33	32	False	inf	1.0	False	
AqTMK_139_final.txt	AqTMK_89_final.txt	AqTMK_139	AqTMK_89	33	32	False	inf	1.0	False	
AqTMK_139_final.txt	AqTMK_91_final.txt	AqTMK_139	AqTMK_91	33	32	False	inf	1.0	False	
AqTMK_139_final.txt	AqTMK_99_final.txt	AqTMK_139	AqTMK_99	33	32	False	inf	1.0	False	
AqTMK_139_final.txt	AqTMK_93_final.txt	AqTMK_139	AqTMK_93	33	32	False	inf	1.0	False	
AqTMK_139_final.txt	AqTMK_98_final.txt	AqTMK_139	AqTMK_98	33	32	False	inf	1.0	False	
AqTMK_139_final.txt	AqTMK_101_final.txt	AqTMK_139	AqTMK_101	33	32	False	inf	1.0	False	
AqTMK_139_final.txt	AqTMK_103_final.txt	AqTMK_139	AqTMK_103	33	32	False	inf	1.0	False	
AqTMK_139_final.txt	AqTMK_104_final.txt	AqTMK_139	AqTMK_104	33	32	False	inf	1.0	False	
AqTMK_139_final.txt	AqTMK_106_final.txt	AqTMK_139	AqTMK_106	33	32	False	inf	1.0	False	
AqTMK_139_final.txt	AqTMK_114_final.txt	AqTMK_139	AqTMK_114	33	32	False	inf	1.0	False	
AqTMK_139_final.txt	AqTMK_131_final.txt	AqTMK_139	AqTMK_131	33	32	False	inf	1.0	False	
AqTMK_139_final.txt	AqTMK_117_final.txt	AqTMK_139	AqTMK_117	33	32	False	inf	1.0	False	
AqTMK_139_final.txt	AqTMK_118_final.txt	AqTMK_139	AqTMK_118	33	32	False	inf	1.0	False	
AqTMK_139_final.txt	AqTMK_149_final.txt	AqTMK_139	AqTMK_149	33	32	False	inf	1.0	False	
AqTMK_139_final.txt	AqTMK_155_final.txt	AqTMK_139	AqTMK_155	33	32	False	inf	1.0	False	
AqTMK_139_final.txt	AqTMK_159_final.txt	AqTMK_139	AqTMK_159	33	32	False	inf	1.0	False	
AqTMK_139_final.txt	AqTMK_165_final.txt	AqTMK_139	AqTMK_165	33	32	False	inf	1.0	False	
AqTMK_139_final.txt	AqTMK_173_final.txt	AqTMK_139	AqTMK_173	33	32	False	inf	1.0	False	
AqTMK_139_final.txt	AqTMK_181_final.txt	AqTMK_139	AqTMK_181	33	32	False	inf	1.0	False	
AqTMK_139_final.txt	AqTMK_187_final.txt	AqTMK_139	AqTMK_187	33	32	False	inf	1.0	False	
AqTMK_139_final.txt	AqTMK_179_final.txt	AqTMK_139	AqTMK_179	33	32	False	inf	1.0	False	
AqTMK_139_final.txt	AqTMK_188_final.txt	AqTMK_139	AqTMK_188	33	32	False	inf	1.0	False	
AqTMK_139_final.txt	AqTMK_191_final.txt	AqTMK_139	AqTMK_191	33	32	False	inf	1.0	False	
AqTMK_139_final.txt	AqTMK_198_final.txt	AqTMK_139	AqTMK_198	33	32	False	inf	1.0	False	
AqTMK_139_final.txt	AqTMK_218_final.txt	AqTMK_139	AqTMK_218	33	32	False	inf	1.0	False	
AqTMK_139_final.txt	AqTMK_219_final.txt	AqTMK_139	AqTMK_219	33	32	False	inf	1.0	False	
AqTMK_139_final.txt	AqTMK_224_final.txt	AqTMK_139	AqTMK_224	33	32	False	inf	1.0	False	
AqTMK_139_final.txt	AqTMK_236_final.txt	AqTMK_139	AqTMK_236	33	32	False	inf	1.0	False	
AqTMK_139_final.txt	AqTMK_234_final.txt	AqTMK_139	AqTMK_234	33	32	False	inf	1.0	False	
AqTMK_139_final.txt	AqTMK_240_final.txt	AqTMK_139	AqTMK_240	33	32	False	inf	1.0	False	
AqTMK_139_final.txt	AqTMK_242_final.txt	AqTMK_139	AqTMK_242	33	32	False	inf	1.0	False	
AqTMK_139_final.txt	AqTMK_245_final.txt	AqTMK_139	AqTMK_245	33	32	False	inf	1.0	False	
AqTMK_139_final.txt	AqTMK_249_final.txt	AqTMK_139	AqTMK_249	33	32	False	inf	1.0	False	
AqTMK_139_final.txt	AqTMK_263_final.txt	AqTMK_139	AqTMK_263	33	32	False	inf	1.0	False	
AqTMK_139_final.txt	AqTMK_274_final.txt	AqTMK_139	AqTMK_274	33	32	False	inf	1.0	False	
AqTMK_139_final.txt	AqTMK_267_final.txt	AqTMK_139	AqTMK_267	33	32	False	inf	1.0	False	
AqTMK_139_final.txt	AqTMK_272_final.txt	AqTMK_139	AqTMK_272	33	32	False	inf	1.0	False	
AqTMK_139_final.txt	AqTMK_275_final.txt	AqTMK_139	AqTMK_275	33	32	False	inf	1.0	False	
AqTMK_139_final.txt	AqTMK_279_final.txt	AqTMK_139	AqTMK_279	33	32	False	inf	1.0	False	
AqTMK_139_final.txt	AqTMK_286_final.txt	AqTMK_139	AqTMK_286	33	32	False	inf	1.0	False	
AqTMK_139_final.txt	AqTMK_290_final.txt	AqTMK_139	AqTMK_290	33	32	False	inf	1.0	False	
AqTMK_139_final.txt	AqTMK_292_final.txt	AqTMK_139	AqTMK_292	33	32	False	inf	1.0	False	
AqTMK_139_final.txt	AqTMK_299_final.txt	AqTMK_139	AqTMK_299	33	32	False	inf	1.0	False	
AqTMK_139_final.txt	AqTMK_309_final.txt	AqTMK_139	AqTMK_309	33	32	False	inf	1.0	False	
AqTMK_139_final.txt	AqTMK_45_final.txt	AqTMK_139	AqTMK_45	33	31	False	inf	1.0	False	
AqTMK_139_final.txt	AqTMK_47_final.txt	AqTMK_139	AqTMK_47	33	31	False	inf	1.0	False	
AqTMK_139_final.txt	AqTMK_48_final.txt	AqTMK_139	AqTMK_48	33	31	False	inf	1.0	False	
AqTMK_139_final.txt	AqTMK_53_final.txt	AqTMK_139	AqTMK_53	33	31	False	inf	1.0	False	
AqTMK_139_final.txt	AqTMK_57_final.txt	AqTMK_139	AqTMK_57	33	31	False	inf	1.0	False	
AqTMK_139_final.txt	AqTMK_72_final.txt	AqTMK_139	AqTMK_72	33	31	False	inf	1.0	False	
AqTMK_139_final.txt	AqTMK_73_final.txt	AqTMK_139	AqTMK_73	33	31	False	inf	1.0	False	
AqTMK_139_final.txt	AqTMK_92_final.txt	AqTMK_139	AqTMK_92	33	31	False	inf	1.0	False	
AqTMK_139_final.txt	AqTMK_76_final.txt	AqTMK_139	AqTMK_76	33	31	False	inf	1.0	False	
AqTMK_139_final.txt	AqTMK_94_final.txt	AqTMK_139	AqTMK_94	33	31	False	inf	1.0	False	
AqTMK_139_final.txt	AqTMK_108_final.txt	AqTMK_139	AqTMK_108	33	31	False	inf	1.0	False	
AqTMK_139_final.txt	AqTMK_110_final.txt	AqTMK_139	AqTMK_110	33	31	False	inf	1.0	False	
AqTMK_139_final.txt	AqTMK_112_final.txt	AqTMK_139	AqTMK_112	33	31	False	inf	1.0	False	
AqTMK_139_final.txt	AqTMK_119_final.txt	AqTMK_139	AqTMK_119	33	31	False	inf	1.0	False	
AqTMK_139_final.txt	AqTMK_122_final.txt	AqTMK_139	AqTMK_122	33	31	False	inf	1.0	False	
AqTMK_139_final.txt	AqTMK_132_final.txt	AqTMK_139	AqTMK_132	33	31	False	inf	1.0	False	
AqTMK_139_final.txt	AqTMK_123_final.txt	AqTMK_139	AqTMK_123	33	31	False	inf	1.0	False	
AqTMK_139_final.txt	AqTMK_133_final.txt	AqTMK_139	AqTMK_133	33	31	False	inf	1.0	False	
AqTMK_139_final.txt	AqTMK_167_final.txt	AqTMK_139	AqTMK_167	33	31	False	inf	1.0	False	
AqTMK_139_final.txt	AqTMK_172_final.txt	AqTMK_139	AqTMK_172	33	31	False	inf	1.0	False	
AqTMK_139_final.txt	AqTMK_178_final.txt	AqTMK_139	AqTMK_178	33	31	False	inf	1.0	False	
AqTMK_139_final.txt	AqTMK_184_final.txt	AqTMK_139	AqTMK_184	33	31	False	inf	1.0	False	
AqTMK_139_final.txt	AqTMK_211_final.txt	AqTMK_139	AqTMK_211	33	31	False	inf	1.0	False	
AqTMK_139_final.txt	AqTMK_195_final.txt	AqTMK_139	AqTMK_195	33	31	False	inf	1.0	False	
AqTMK_139_final.txt	AqTMK_201_final.txt	AqTMK_139	AqTMK_201	33	31	False	inf	1.0	False	
AqTMK_139_final.txt	AqTMK_237_final.txt	AqTMK_139	AqTMK_237	33	31	False	inf	1.0	False	
AqTMK_139_final.txt	AqTMK_238_final.txt	AqTMK_139	AqTMK_238	33	31	False	inf	1.0	False	
AqTMK_139_final.txt	AqTMK_253_final.txt	AqTMK_139	AqTMK_253	33	31	False	inf	1.0	False	
AqTMK_139_final.txt	AqTMK_276_final.txt	AqTMK_139	AqTMK_276	33	31	False	inf	1.0	False	
AqTMK_139_final.txt	AqTMK_277_final.txt	AqTMK_139	AqTMK_277	33	31	False	inf	1.0	False	
AqTMK_139_final.txt	AqTMK_300_final.txt	AqTMK_139	AqTMK_300	33	31	False	inf	1.0	False	
AqTMK_139_final.txt	AqTMK_288_final.txt	AqTMK_139	AqTMK_288	33	31	False	inf	1.0	False	
AqTMK_139_final.txt	AqTMK_33_final.txt	AqTMK_139	AqTMK_33	33	30	False	inf	1.0	False	
AqTMK_139_final.txt	AqTMK_43_final.txt	AqTMK_139	AqTMK_43	33	30	False	inf	1.0	False	
AqTMK_139_final.txt	AqTMK_49_final.txt	AqTMK_139	AqTMK_49	33	30	False	inf	1.0	False	
AqTMK_139_final.txt	AqTMK_50_final.txt	AqTMK_139	AqTMK_50	33	30	False	inf	1.0	False	
AqTMK_139_final.txt	AqTMK_66_final.txt	AqTMK_139	AqTMK_66	33	30	False	inf	1.0	False	
AqTMK_139_final.txt	AqTMK_102_final.txt	AqTMK_139	AqTMK_102	33	30	False	inf	1.0	False	
AqTMK_139_final.txt	AqTMK_124_final.txt	AqTMK_139	AqTMK_124	33	30	False	inf	1.0	False	
AqTMK_139_final.txt	AqTMK_193_final.txt	AqTMK_139	AqTMK_193	33	30	False	inf	1.0	False	
AqTMK_139_final.txt	AqTMK_153_final.txt	AqTMK_139	AqTMK_153	33	30	False	inf	1.0	False	
AqTMK_139_final.txt	AqTMK_264_final.txt	AqTMK_139	AqTMK_264	33	30	False	inf	1.0	False	
AqTMK_139_final.txt	AqTMK_121_final.txt	AqTMK_139	AqTMK_121	33	29	False	inf	1.0	False	
AqTMK_156_final.txt	AqTMK_200_final.txt	AqTMK_156	AqTMK_200	33	33	True	10	1.0	False	
AqTMK_156_final.txt	AqTMK_197_final.txt	AqTMK_156	AqTMK_197	33	33	True	10	1.0	False	
AqTMK_156_final.txt	AqTMK_208_final.txt	AqTMK_156	AqTMK_208	33	33	True	6	1.0	False	
AqTMK_156_final.txt	AqTMK_229_final.txt	AqTMK_156	AqTMK_229	33	33	True	8	1.0	False	
AqTMK_156_final.txt	AqTMK_230_final.txt	AqTMK_156	AqTMK_230	33	33	True	6	1.0	False	
AqTMK_156_final.txt	AqTMK_231_final.txt	AqTMK_156	AqTMK_231	33	33	True	10	1.0	False	
AqTMK_156_final.txt	AqTMK_233_final.txt	AqTMK_156	AqTMK_233	33	33	True	10	1.0	False	
AqTMK_156_final.txt	AqTMK_223_final.txt	AqTMK_156	AqTMK_223	33	33	True	12	1.0	False	
AqTMK_156_final.txt	AqTMK_259_final.txt	AqTMK_156	AqTMK_259	33	33	True	8	1.0	False	
AqTMK_156_final.txt	AqTMK_257_final.txt	AqTMK_156	AqTMK_257	33	33	True	10	1.0	False	
AqTMK_156_final.txt	AqTMK_262_final.txt	AqTMK_156	AqTMK_262	33	33	True	10	1.0	False	
AqTMK_156_final.txt	AqTMK_273_final.txt	AqTMK_156	AqTMK_273	33	33	True	6	1.0	False	
AqTMK_156_final.txt	AqTMK_284_final.txt	AqTMK_156	AqTMK_284	33	33	True	10	1.0	False	
AqTMK_156_final.txt	AqTMK_270_final.txt	AqTMK_156	AqTMK_270	33	33	True	12	1.0	False	
AqTMK_156_final.txt	AqTMK_285_final.txt	AqTMK_156	AqTMK_285	33	33	True	12	1.0	False	
AqTMK_156_final.txt	AqTMK_295_final.txt	AqTMK_156	AqTMK_295	33	33	True	12	1.0	False	
AqTMK_156_final.txt	AqTMK_54_final.txt	AqTMK_156	AqTMK_54	33	32	False	inf	1.0	False	
AqTMK_156_final.txt	AqTMK_56_final.txt	AqTMK_156	AqTMK_56	33	32	False	inf	1.0	False	
AqTMK_156_final.txt	AqTMK_59_final.txt	AqTMK_156	AqTMK_59	33	32	False	inf	1.0	False	
AqTMK_156_final.txt	AqTMK_62_final.txt	AqTMK_156	AqTMK_62	33	32	False	inf	1.0	False	
AqTMK_156_final.txt	AqTMK_63_final.txt	AqTMK_156	AqTMK_63	33	32	False	inf	1.0	False	
AqTMK_156_final.txt	AqTMK_68_final.txt	AqTMK_156	AqTMK_68	33	32	False	inf	1.0	False	
AqTMK_156_final.txt	AqTMK_70_final.txt	AqTMK_156	AqTMK_70	33	32	False	inf	1.0	False	
AqTMK_156_final.txt	AqTMK_311_final.txt	AqTMK_156	AqTMK_311	33	33	True	12	1.0	False	
AqTMK_156_final.txt	AqTMK_81_final.txt	AqTMK_156	AqTMK_81	33	32	False	inf	1.0	False	
AqTMK_156_final.txt	AqTMK_79_final.txt	AqTMK_156	AqTMK_79	33	32	False	inf	1.0	False	
AqTMK_156_final.txt	AqTMK_82_final.txt	AqTMK_156	AqTMK_82	33	32	False	inf	1.0	False	
AqTMK_156_final.txt	AqTMK_84_final.txt	AqTMK_156	AqTMK_84	33	32	False	inf	1.0	False	
AqTMK_156_final.txt	AqTMK_85_final.txt	AqTMK_156	AqTMK_85	33	32	False	inf	1.0	False	
AqTMK_156_final.txt	AqTMK_89_final.txt	AqTMK_156	AqTMK_89	33	32	False	inf	1.0	False	
AqTMK_156_final.txt	AqTMK_91_final.txt	AqTMK_156	AqTMK_91	33	32	False	inf	1.0	False	
AqTMK_156_final.txt	AqTMK_93_final.txt	AqTMK_156	AqTMK_93	33	32	False	inf	1.0	False	
AqTMK_156_final.txt	AqTMK_101_final.txt	AqTMK_156	AqTMK_101	33	32	False	inf	1.0	False	
AqTMK_156_final.txt	AqTMK_98_final.txt	AqTMK_156	AqTMK_98	33	32	False	inf	1.0	False	
AqTMK_156_final.txt	AqTMK_99_final.txt	AqTMK_156	AqTMK_99	33	32	False	inf	1.0	False	
AqTMK_156_final.txt	AqTMK_103_final.txt	AqTMK_156	AqTMK_103	33	32	False	inf	1.0	False	
AqTMK_156_final.txt	AqTMK_104_final.txt	AqTMK_156	AqTMK_104	33	32	False	inf	1.0	False	
AqTMK_156_final.txt	AqTMK_106_final.txt	AqTMK_156	AqTMK_106	33	32	False	inf	1.0	False	
AqTMK_156_final.txt	AqTMK_114_final.txt	AqTMK_156	AqTMK_114	33	32	False	inf	1.0	False	
AqTMK_156_final.txt	AqTMK_117_final.txt	AqTMK_156	AqTMK_117	33	32	False	inf	1.0	False	
AqTMK_156_final.txt	AqTMK_118_final.txt	AqTMK_156	AqTMK_118	33	32	False	inf	1.0	False	
AqTMK_156_final.txt	AqTMK_149_final.txt	AqTMK_156	AqTMK_149	33	32	False	inf	1.0	False	
AqTMK_156_final.txt	AqTMK_131_final.txt	AqTMK_156	AqTMK_131	33	32	False	inf	1.0	False	
AqTMK_156_final.txt	AqTMK_155_final.txt	AqTMK_156	AqTMK_155	33	32	False	inf	1.0	False	
AqTMK_156_final.txt	AqTMK_159_final.txt	AqTMK_156	AqTMK_159	33	32	False	inf	1.0	False	
AqTMK_156_final.txt	AqTMK_165_final.txt	AqTMK_156	AqTMK_165	33	32	False	inf	1.0	False	
AqTMK_156_final.txt	AqTMK_173_final.txt	AqTMK_156	AqTMK_173	33	32	False	inf	1.0	False	
AqTMK_156_final.txt	AqTMK_179_final.txt	AqTMK_156	AqTMK_179	33	32	False	inf	1.0	False	
AqTMK_156_final.txt	AqTMK_181_final.txt	AqTMK_156	AqTMK_181	33	32	False	inf	1.0	False	
AqTMK_156_final.txt	AqTMK_188_final.txt	AqTMK_156	AqTMK_188	33	32	False	inf	1.0	False	
AqTMK_156_final.txt	AqTMK_187_final.txt	AqTMK_156	AqTMK_187	33	32	False	inf	1.0	False	
AqTMK_156_final.txt	AqTMK_191_final.txt	AqTMK_156	AqTMK_191	33	32	False	inf	1.0	False	
AqTMK_156_final.txt	AqTMK_198_final.txt	AqTMK_156	AqTMK_198	33	32	False	inf	1.0	False	
AqTMK_156_final.txt	AqTMK_218_final.txt	AqTMK_156	AqTMK_218	33	32	False	inf	1.0	False	
AqTMK_156_final.txt	AqTMK_219_final.txt	AqTMK_156	AqTMK_219	33	32	False	inf	1.0	False	
AqTMK_156_final.txt	AqTMK_224_final.txt	AqTMK_156	AqTMK_224	33	32	False	inf	1.0	False	
AqTMK_156_final.txt	AqTMK_240_final.txt	AqTMK_156	AqTMK_240	33	32	False	inf	1.0	False	
AqTMK_156_final.txt	AqTMK_234_final.txt	AqTMK_156	AqTMK_234	33	32	False	inf	1.0	False	
AqTMK_156_final.txt	AqTMK_236_final.txt	AqTMK_156	AqTMK_236	33	32	False	inf	1.0	False	
AqTMK_156_final.txt	AqTMK_242_final.txt	AqTMK_156	AqTMK_242	33	32	False	inf	1.0	False	
AqTMK_156_final.txt	AqTMK_245_final.txt	AqTMK_156	AqTMK_245	33	32	False	inf	1.0	False	
AqTMK_156_final.txt	AqTMK_249_final.txt	AqTMK_156	AqTMK_249	33	32	False	inf	1.0	False	
AqTMK_156_final.txt	AqTMK_263_final.txt	AqTMK_156	AqTMK_263	33	32	False	inf	1.0	False	
AqTMK_156_final.txt	AqTMK_267_final.txt	AqTMK_156	AqTMK_267	33	32	False	inf	1.0	False	
AqTMK_156_final.txt	AqTMK_275_final.txt	AqTMK_156	AqTMK_275	33	32	False	inf	1.0	False	
AqTMK_156_final.txt	AqTMK_272_final.txt	AqTMK_156	AqTMK_272	33	32	False	inf	1.0	False	
AqTMK_156_final.txt	AqTMK_274_final.txt	AqTMK_156	AqTMK_274	33	32	False	inf	1.0	False	
AqTMK_156_final.txt	AqTMK_279_final.txt	AqTMK_156	AqTMK_279	33	32	False	inf	1.0	False	
AqTMK_156_final.txt	AqTMK_286_final.txt	AqTMK_156	AqTMK_286	33	32	False	inf	1.0	False	
AqTMK_156_final.txt	AqTMK_290_final.txt	AqTMK_156	AqTMK_290	33	32	False	inf	1.0	False	
AqTMK_156_final.txt	AqTMK_292_final.txt	AqTMK_156	AqTMK_292	33	32	False	inf	1.0	False	
AqTMK_156_final.txt	AqTMK_299_final.txt	AqTMK_156	AqTMK_299	33	32	False	inf	1.0	False	
AqTMK_156_final.txt	AqTMK_47_final.txt	AqTMK_156	AqTMK_47	33	31	False	inf	1.0	False	
AqTMK_156_final.txt	AqTMK_309_final.txt	AqTMK_156	AqTMK_309	33	32	False	inf	1.0	False	
AqTMK_156_final.txt	AqTMK_45_final.txt	AqTMK_156	AqTMK_45	33	31	False	inf	1.0	False	
AqTMK_156_final.txt	AqTMK_48_final.txt	AqTMK_156	AqTMK_48	33	31	False	inf	1.0	False	
AqTMK_156_final.txt	AqTMK_53_final.txt	AqTMK_156	AqTMK_53	33	31	False	inf	1.0	False	
AqTMK_156_final.txt	AqTMK_57_final.txt	AqTMK_156	AqTMK_57	33	31	False	inf	1.0	False	
AqTMK_156_final.txt	AqTMK_72_final.txt	AqTMK_156	AqTMK_72	33	31	False	inf	1.0	False	
AqTMK_156_final.txt	AqTMK_73_final.txt	AqTMK_156	AqTMK_73	33	31	False	inf	1.0	False	
AqTMK_156_final.txt	AqTMK_76_final.txt	AqTMK_156	AqTMK_76	33	31	False	inf	1.0	False	
AqTMK_156_final.txt	AqTMK_92_final.txt	AqTMK_156	AqTMK_92	33	31	False	inf	1.0	False	
AqTMK_156_final.txt	AqTMK_94_final.txt	AqTMK_156	AqTMK_94	33	31	False	inf	1.0	False	
AqTMK_156_final.txt	AqTMK_108_final.txt	AqTMK_156	AqTMK_108	33	31	False	inf	1.0	False	
AqTMK_156_final.txt	AqTMK_110_final.txt	AqTMK_156	AqTMK_110	33	31	False	inf	1.0	False	
AqTMK_156_final.txt	AqTMK_112_final.txt	AqTMK_156	AqTMK_112	33	31	False	inf	1.0	False	
AqTMK_156_final.txt	AqTMK_119_final.txt	AqTMK_156	AqTMK_119	33	31	False	inf	1.0	False	
AqTMK_156_final.txt	AqTMK_122_final.txt	AqTMK_156	AqTMK_122	33	31	False	inf	1.0	False	
AqTMK_156_final.txt	AqTMK_133_final.txt	AqTMK_156	AqTMK_133	33	31	False	inf	1.0	False	
AqTMK_156_final.txt	AqTMK_123_final.txt	AqTMK_156	AqTMK_123	33	31	False	inf	1.0	False	
AqTMK_156_final.txt	AqTMK_132_final.txt	AqTMK_156	AqTMK_132	33	31	False	inf	1.0	False	
AqTMK_156_final.txt	AqTMK_167_final.txt	AqTMK_156	AqTMK_167	33	31	False	inf	1.0	False	
AqTMK_156_final.txt	AqTMK_172_final.txt	AqTMK_156	AqTMK_172	33	31	False	inf	1.0	False	
AqTMK_156_final.txt	AqTMK_178_final.txt	AqTMK_156	AqTMK_178	33	31	False	inf	1.0	False	
AqTMK_156_final.txt	AqTMK_184_final.txt	AqTMK_156	AqTMK_184	33	31	False	inf	1.0	False	
AqTMK_156_final.txt	AqTMK_195_final.txt	AqTMK_156	AqTMK_195	33	31	False	inf	1.0	False	
AqTMK_156_final.txt	AqTMK_201_final.txt	AqTMK_156	AqTMK_201	33	31	False	inf	1.0	False	
AqTMK_156_final.txt	AqTMK_211_final.txt	AqTMK_156	AqTMK_211	33	31	False	inf	1.0	False	
AqTMK_156_final.txt	AqTMK_237_final.txt	AqTMK_156	AqTMK_237	33	31	False	inf	1.0	False	
AqTMK_156_final.txt	AqTMK_238_final.txt	AqTMK_156	AqTMK_238	33	31	False	inf	1.0	False	
AqTMK_156_final.txt	AqTMK_253_final.txt	AqTMK_156	AqTMK_253	33	31	False	inf	1.0	False	
AqTMK_156_final.txt	AqTMK_276_final.txt	AqTMK_156	AqTMK_276	33	31	False	inf	1.0	False	
AqTMK_156_final.txt	AqTMK_277_final.txt	AqTMK_156	AqTMK_277	33	31	False	inf	1.0	False	
AqTMK_156_final.txt	AqTMK_288_final.txt	AqTMK_156	AqTMK_288	33	31	False	inf	1.0	False	
AqTMK_156_final.txt	AqTMK_43_final.txt	AqTMK_156	AqTMK_43	33	30	False	inf	1.0	False	
AqTMK_156_final.txt	AqTMK_300_final.txt	AqTMK_156	AqTMK_300	33	31	False	inf	1.0	False	
AqTMK_156_final.txt	AqTMK_33_final.txt	AqTMK_156	AqTMK_33	33	30	False	inf	1.0	False	
AqTMK_156_final.txt	AqTMK_49_final.txt	AqTMK_156	AqTMK_49	33	30	False	inf	1.0	False	
AqTMK_156_final.txt	AqTMK_50_final.txt	AqTMK_156	AqTMK_50	33	30	False	inf	1.0	False	
AqTMK_156_final.txt	AqTMK_66_final.txt	AqTMK_156	AqTMK_66	33	30	False	inf	1.0	False	
AqTMK_156_final.txt	AqTMK_102_final.txt	AqTMK_156	AqTMK_102	33	30	False	inf	1.0	False	
AqTMK_156_final.txt	AqTMK_124_final.txt	AqTMK_156	AqTMK_124	33	30	False	inf	1.0	False	
AqTMK_156_final.txt	AqTMK_153_final.txt	AqTMK_156	AqTMK_153	33	30	False	inf	1.0	False	
AqTMK_156_final.txt	AqTMK_264_final.txt	AqTMK_156	AqTMK_264	33	30	False	inf	1.0	False	
AqTMK_156_final.txt	AqTMK_193_final.txt	AqTMK_156	AqTMK_193	33	30	False	inf	1.0	False	
AqTMK_156_final.txt	AqTMK_121_final.txt	AqTMK_156	AqTMK_121	33	29	False	inf	1.0	False	
AqTMK_197_final.txt	AqTMK_208_final.txt	AqTMK_197	AqTMK_208	33	33	True	6	1.0	False	
AqTMK_197_final.txt	AqTMK_200_final.txt	AqTMK_197	AqTMK_200	33	33	True	4	1.0	False	
AqTMK_197_final.txt	AqTMK_229_final.txt	AqTMK_197	AqTMK_229	33	33	True	2	1.0	False	
AqTMK_197_final.txt	AqTMK_223_final.txt	AqTMK_197	AqTMK_223	33	33	True	8	1.0	False	
AqTMK_197_final.txt	AqTMK_230_final.txt	AqTMK_197	AqTMK_230	33	33	True	4	1.0	False	
AqTMK_197_final.txt	AqTMK_231_final.txt	AqTMK_197	AqTMK_231	33	33	True	2	1.0	False	
AqTMK_197_final.txt	AqTMK_233_final.txt	AqTMK_197	AqTMK_233	33	33	True	4	1.0	False	
AqTMK_197_final.txt	AqTMK_257_final.txt	AqTMK_197	AqTMK_257	33	33	True	0	1.0	True	class_47
AqTMK_197_final.txt	AqTMK_262_final.txt	AqTMK_197	AqTMK_262	33	33	True	4	1.0	False	
AqTMK_197_final.txt	AqTMK_259_final.txt	AqTMK_197	AqTMK_259	33	33	True	6	1.0	False	
AqTMK_197_final.txt	AqTMK_270_final.txt	AqTMK_197	AqTMK_270	33	33	True	6	1.0	False	
AqTMK_197_final.txt	AqTMK_284_final.txt	AqTMK_197	AqTMK_284	33	33	True	4	1.0	False	
AqTMK_197_final.txt	AqTMK_273_final.txt	AqTMK_197	AqTMK_273	33	33	True	8	1.0	False	
AqTMK_197_final.txt	AqTMK_285_final.txt	AqTMK_197	AqTMK_285	33	33	True	6	1.0	False	
AqTMK_197_final.txt	AqTMK_295_final.txt	AqTMK_197	AqTMK_295	33	33	True	2	1.0	False	
AqTMK_197_final.txt	AqTMK_311_final.txt	AqTMK_197	AqTMK_311	33	33	True	2	1.0	False	
AqTMK_197_final.txt	AqTMK_54_final.txt	AqTMK_197	AqTMK_54	33	32	False	inf	1.0	False	
AqTMK_197_final.txt	AqTMK_59_final.txt	AqTMK_197	AqTMK_59	33	32	False	inf	1.0	False	
AqTMK_197_final.txt	AqTMK_56_final.txt	AqTMK_197	AqTMK_56	33	32	False	inf	1.0	False	
AqTMK_197_final.txt	AqTMK_62_final.txt	AqTMK_197	AqTMK_62	33	32	False	inf	1.0	False	
AqTMK_197_final.txt	AqTMK_63_final.txt	AqTMK_197	AqTMK_63	33	32	False	inf	1.0	False	
AqTMK_197_final.txt	AqTMK_68_final.txt	AqTMK_197	AqTMK_68	33	32	False	inf	1.0	False	
AqTMK_197_final.txt	AqTMK_70_final.txt	AqTMK_197	AqTMK_70	33	32	False	inf	1.0	False	
AqTMK_197_final.txt	AqTMK_79_final.txt	AqTMK_197	AqTMK_79	33	32	False	inf	1.0	False	
AqTMK_197_final.txt	AqTMK_84_final.txt	AqTMK_197	AqTMK_84	33	32	False	inf	1.0	False	
AqTMK_197_final.txt	AqTMK_81_final.txt	AqTMK_197	AqTMK_81	33	32	False	inf	1.0	False	
AqTMK_197_final.txt	AqTMK_82_final.txt	AqTMK_197	AqTMK_82	33	32	False	inf	1.0	False	
AqTMK_197_final.txt	AqTMK_85_final.txt	AqTMK_197	AqTMK_85	33	32	False	inf	1.0	False	
AqTMK_197_final.txt	AqTMK_89_final.txt	AqTMK_197	AqTMK_89	33	32	False	inf	1.0	False	
AqTMK_197_final.txt	AqTMK_91_final.txt	AqTMK_197	AqTMK_91	33	32	False	inf	1.0	False	
AqTMK_197_final.txt	AqTMK_93_final.txt	AqTMK_197	AqTMK_93	33	32	False	inf	1.0	False	
AqTMK_197_final.txt	AqTMK_98_final.txt	AqTMK_197	AqTMK_98	33	32	False	inf	1.0	False	
AqTMK_197_final.txt	AqTMK_99_final.txt	AqTMK_197	AqTMK_99	33	32	False	inf	1.0	False	
AqTMK_197_final.txt	AqTMK_101_final.txt	AqTMK_197	AqTMK_101	33	32	False	inf	1.0	False	
AqTMK_197_final.txt	AqTMK_103_final.txt	AqTMK_197	AqTMK_103	33	32	False	inf	1.0	False	
AqTMK_197_final.txt	AqTMK_104_final.txt	AqTMK_197	AqTMK_104	33	32	False	inf	1.0	False	
AqTMK_197_final.txt	AqTMK_106_final.txt	AqTMK_197	AqTMK_106	33	32	False	inf	1.0	False	
AqTMK_197_final.txt	AqTMK_114_final.txt	AqTMK_197	AqTMK_114	33	32	False	inf	1.0	False	
AqTMK_197_final.txt	AqTMK_117_final.txt	AqTMK_197	AqTMK_117	33	32	False	inf	1.0	False	
AqTMK_197_final.txt	AqTMK_118_final.txt	AqTMK_197	AqTMK_118	33	32	False	inf	1.0	False	
AqTMK_197_final.txt	AqTMK_155_final.txt	AqTMK_197	AqTMK_155	33	32	False	inf	1.0	False	
AqTMK_197_final.txt	AqTMK_149_final.txt	AqTMK_197	AqTMK_149	33	32	False	inf	1.0	False	
AqTMK_197_final.txt	AqTMK_131_final.txt	AqTMK_197	AqTMK_131	33	32	False	inf	1.0	False	
AqTMK_197_final.txt	AqTMK_159_final.txt	AqTMK_197	AqTMK_159	33	32	False	inf	1.0	False	
AqTMK_197_final.txt	AqTMK_165_final.txt	AqTMK_197	AqTMK_165	33	32	False	inf	1.0	False	
AqTMK_197_final.txt	AqTMK_173_final.txt	AqTMK_197	AqTMK_173	33	32	False	inf	1.0	False	
AqTMK_197_final.txt	AqTMK_179_final.txt	AqTMK_197	AqTMK_179	33	32	False	inf	1.0	False	
AqTMK_197_final.txt	AqTMK_181_final.txt	AqTMK_197	AqTMK_181	33	32	False	inf	1.0	False	
AqTMK_197_final.txt	AqTMK_187_final.txt	AqTMK_197	AqTMK_187	33	32	False	inf	1.0	False	
AqTMK_197_final.txt	AqTMK_188_final.txt	AqTMK_197	AqTMK_188	33	32	False	inf	1.0	False	
AqTMK_197_final.txt	AqTMK_191_final.txt	AqTMK_197	AqTMK_191	33	32	False	inf	1.0	False	
AqTMK_197_final.txt	AqTMK_198_final.txt	AqTMK_197	AqTMK_198	33	32	False	inf	1.0	False	
AqTMK_197_final.txt	AqTMK_218_final.txt	AqTMK_197	AqTMK_218	33	32	False	inf	1.0	False	
AqTMK_197_final.txt	AqTMK_219_final.txt	AqTMK_197	AqTMK_219	33	32	False	inf	1.0	False	
AqTMK_197_final.txt	AqTMK_224_final.txt	AqTMK_197	AqTMK_224	33	32	False	inf	1.0	False	
AqTMK_197_final.txt	AqTMK_234_final.txt	AqTMK_197	AqTMK_234	33	32	False	inf	1.0	False	
AqTMK_197_final.txt	AqTMK_242_final.txt	AqTMK_197	AqTMK_242	33	32	False	inf	1.0	False	
AqTMK_197_final.txt	AqTMK_236_final.txt	AqTMK_197	AqTMK_236	33	32	False	inf	1.0	False	
AqTMK_197_final.txt	AqTMK_240_final.txt	AqTMK_197	AqTMK_240	33	32	False	inf	1.0	False	
AqTMK_197_final.txt	AqTMK_245_final.txt	AqTMK_197	AqTMK_245	33	32	False	inf	1.0	False	
AqTMK_197_final.txt	AqTMK_249_final.txt	AqTMK_197	AqTMK_249	33	32	False	inf	1.0	False	
AqTMK_197_final.txt	AqTMK_263_final.txt	AqTMK_197	AqTMK_263	33	32	False	inf	1.0	False	
AqTMK_197_final.txt	AqTMK_267_final.txt	AqTMK_197	AqTMK_267	33	32	False	inf	1.0	False	
AqTMK_197_final.txt	AqTMK_272_final.txt	AqTMK_197	AqTMK_272	33	32	False	inf	1.0	False	
AqTMK_197_final.txt	AqTMK_279_final.txt	AqTMK_197	AqTMK_279	33	32	False	inf	1.0	False	
AqTMK_197_final.txt	AqTMK_274_final.txt	AqTMK_197	AqTMK_274	33	32	False	inf	1.0	False	
AqTMK_197_final.txt	AqTMK_275_final.txt	AqTMK_197	AqTMK_275	33	32	False	inf	1.0	False	
AqTMK_197_final.txt	AqTMK_286_final.txt	AqTMK_197	AqTMK_286	33	32	False	inf	1.0	False	
AqTMK_197_final.txt	AqTMK_290_final.txt	AqTMK_197	AqTMK_290	33	32	False	inf	1.0	False	
AqTMK_197_final.txt	AqTMK_292_final.txt	AqTMK_197	AqTMK_292	33	32	False	inf	1.0	False	
AqTMK_197_final.txt	AqTMK_299_final.txt	AqTMK_197	AqTMK_299	33	32	False	inf	1.0	False	
AqTMK_197_final.txt	AqTMK_309_final.txt	AqTMK_197	AqTMK_309	33	32	False	inf	1.0	False	
AqTMK_197_final.txt	AqTMK_45_final.txt	AqTMK_197	AqTMK_45	33	31	False	inf	1.0	False	
AqTMK_197_final.txt	AqTMK_48_final.txt	AqTMK_197	AqTMK_48	33	31	False	inf	1.0	False	
AqTMK_197_final.txt	AqTMK_47_final.txt	AqTMK_197	AqTMK_47	33	31	False	inf	1.0	False	
AqTMK_197_final.txt	AqTMK_53_final.txt	AqTMK_197	AqTMK_53	33	31	False	inf	1.0	False	
AqTMK_197_final.txt	AqTMK_57_final.txt	AqTMK_197	AqTMK_57	33	31	False	inf	1.0	False	
AqTMK_197_final.txt	AqTMK_72_final.txt	AqTMK_197	AqTMK_72	33	31	False	inf	1.0	False	
AqTMK_197_final.txt	AqTMK_73_final.txt	AqTMK_197	AqTMK_73	33	31	False	inf	1.0	False	
AqTMK_197_final.txt	AqTMK_76_final.txt	AqTMK_197	AqTMK_76	33	31	False	inf	1.0	False	
AqTMK_197_final.txt	AqTMK_108_final.txt	AqTMK_197	AqTMK_108	33	31	False	inf	1.0	False	
AqTMK_197_final.txt	AqTMK_92_final.txt	AqTMK_197	AqTMK_92	33	31	False	inf	1.0	False	
AqTMK_197_final.txt	AqTMK_94_final.txt	AqTMK_197	AqTMK_94	33	31	False	inf	1.0	False	
AqTMK_197_final.txt	AqTMK_110_final.txt	AqTMK_197	AqTMK_110	33	31	False	inf	1.0	False	
AqTMK_197_final.txt	AqTMK_112_final.txt	AqTMK_197	AqTMK_112	33	31	False	inf	1.0	False	
AqTMK_197_final.txt	AqTMK_119_final.txt	AqTMK_197	AqTMK_119	33	31	False	inf	1.0	False	
AqTMK_197_final.txt	AqTMK_122_final.txt	AqTMK_197	AqTMK_122	33	31	False	inf	1.0	False	
AqTMK_197_final.txt	AqTMK_123_final.txt	AqTMK_197	AqTMK_123	33	31	False	inf	1.0	False	
AqTMK_197_final.txt	AqTMK_133_final.txt	AqTMK_197	AqTMK_133	33	31	False	inf	1.0	False	
AqTMK_197_final.txt	AqTMK_132_final.txt	AqTMK_197	AqTMK_132	33	31	False	inf	1.0	False	
AqTMK_197_final.txt	AqTMK_167_final.txt	AqTMK_197	AqTMK_167	33	31	False	inf	1.0	False	
AqTMK_197_final.txt	AqTMK_172_final.txt	AqTMK_197	AqTMK_172	33	31	False	inf	1.0	False	
AqTMK_197_final.txt	AqTMK_178_final.txt	AqTMK_197	AqTMK_178	33	31	False	inf	1.0	False	
AqTMK_197_final.txt	AqTMK_184_final.txt	AqTMK_197	AqTMK_184	33	31	False	inf	1.0	False	
AqTMK_197_final.txt	AqTMK_195_final.txt	AqTMK_197	AqTMK_195	33	31	False	inf	1.0	False	
AqTMK_197_final.txt	AqTMK_201_final.txt	AqTMK_197	AqTMK_201	33	31	False	inf	1.0	False	
AqTMK_197_final.txt	AqTMK_237_final.txt	AqTMK_197	AqTMK_237	33	31	False	inf	1.0	False	
AqTMK_197_final.txt	AqTMK_238_final.txt	AqTMK_197	AqTMK_238	33	31	False	inf	1.0	False	
AqTMK_197_final.txt	AqTMK_211_final.txt	AqTMK_197	AqTMK_211	33	31	False	inf	1.0	False	
AqTMK_197_final.txt	AqTMK_253_final.txt	AqTMK_197	AqTMK_253	33	31	False	inf	1.0	False	
AqTMK_197_final.txt	AqTMK_276_final.txt	AqTMK_197	AqTMK_276	33	31	False	inf	1.0	False	
AqTMK_197_final.txt	AqTMK_277_final.txt	AqTMK_197	AqTMK_277	33	31	False	inf	1.0	False	
AqTMK_197_final.txt	AqTMK_288_final.txt	AqTMK_197	AqTMK_288	33	31	False	inf	1.0	False	
AqTMK_197_final.txt	AqTMK_300_final.txt	AqTMK_197	AqTMK_300	33	31	False	inf	1.0	False	
AqTMK_197_final.txt	AqTMK_33_final.txt	AqTMK_197	AqTMK_33	33	30	False	inf	1.0	False	
AqTMK_197_final.txt	AqTMK_43_final.txt	AqTMK_197	AqTMK_43	33	30	False	inf	1.0	False	
AqTMK_197_final.txt	AqTMK_49_final.txt	AqTMK_197	AqTMK_49	33	30	False	inf	1.0	False	
AqTMK_197_final.txt	AqTMK_50_final.txt	AqTMK_197	AqTMK_50	33	30	False	inf	1.0	False	
AqTMK_197_final.txt	AqTMK_66_final.txt	AqTMK_197	AqTMK_66	33	30	False	inf	1.0	False	
AqTMK_197_final.txt	AqTMK_102_final.txt	AqTMK_197	AqTMK_102	33	30	False	inf	1.0	False	
AqTMK_197_final.txt	AqTMK_124_final.txt	AqTMK_197	AqTMK_124	33	30	False	inf	1.0	False	
AqTMK_197_final.txt	AqTMK_153_final.txt	AqTMK_197	AqTMK_153	33	30	False	inf	1.0	False	
AqTMK_197_final.txt	AqTMK_121_final.txt	AqTMK_197	AqTMK_121	33	29	False	inf	1.0	False	
AqTMK_197_final.txt	AqTMK_193_final.txt	AqTMK_197	AqTMK_193	33	30	False	inf	1.0	False	
AqTMK_197_final.txt	AqTMK_264_final.txt	AqTMK_197	AqTMK_264	33	30	False	inf	1.0	False	
AqTMK_200_final.txt	AqTMK_223_final.txt	AqTMK_200	AqTMK_223	33	33	True	4	1.0	False	
AqTMK_200_final.txt	AqTMK_208_final.txt	AqTMK_200	AqTMK_208	33	33	True	6	1.0	False	
AqTMK_200_final.txt	AqTMK_229_final.txt	AqTMK_200	AqTMK_229	33	33	True	2	1.0	False	
AqTMK_200_final.txt	AqTMK_230_final.txt	AqTMK_200	AqTMK_230	33	33	True	6	1.0	False	
AqTMK_200_final.txt	AqTMK_231_final.txt	AqTMK_200	AqTMK_231	33	33	True	6	1.0	False	
AqTMK_200_final.txt	AqTMK_233_final.txt	AqTMK_200	AqTMK_233	33	33	True	4	1.0	False	
AqTMK_200_final.txt	AqTMK_259_final.txt	AqTMK_200	AqTMK_259	33	33	True	6	1.0	False	
AqTMK_200_final.txt	AqTMK_262_final.txt	AqTMK_200	AqTMK_262	33	33	True	4	1.0	False	
AqTMK_200_final.txt	AqTMK_270_final.txt	AqTMK_200	AqTMK_270	33	33	True	2	1.0	False	
AqTMK_200_final.txt	AqTMK_273_final.txt	AqTMK_200	AqTMK_273	33	33	True	4	1.0	False	
AqTMK_200_final.txt	AqTMK_284_final.txt	AqTMK_200	AqTMK_284	33	33	True	2	1.0	False	
AqTMK_200_final.txt	AqTMK_285_final.txt	AqTMK_200	AqTMK_285	33	33	True	2	1.0	False	
AqTMK_200_final.txt	AqTMK_295_final.txt	AqTMK_200	AqTMK_295	33	33	True	2	1.0	False	
AqTMK_200_final.txt	AqTMK_54_final.txt	AqTMK_200	AqTMK_54	33	32	False	inf	1.0	False	
AqTMK_200_final.txt	AqTMK_56_final.txt	AqTMK_200	AqTMK_56	33	32	False	inf	1.0	False	
AqTMK_200_final.txt	AqTMK_311_final.txt	AqTMK_200	AqTMK_311	33	33	True	6	1.0	False	
AqTMK_200_final.txt	AqTMK_59_final.txt	AqTMK_200	AqTMK_59	33	32	False	inf	1.0	False	
AqTMK_200_final.txt	AqTMK_63_final.txt	AqTMK_200	AqTMK_63	33	32	False	inf	1.0	False	
AqTMK_200_final.txt	AqTMK_62_final.txt	AqTMK_200	AqTMK_62	33	32	False	inf	1.0	False	
AqTMK_200_final.txt	AqTMK_68_final.txt	AqTMK_200	AqTMK_68	33	32	False	inf	1.0	False	
AqTMK_200_final.txt	AqTMK_70_final.txt	AqTMK_200	AqTMK_70	33	32	False	inf	1.0	False	
AqTMK_200_final.txt	AqTMK_79_final.txt	AqTMK_200	AqTMK_79	33	32	False	inf	1.0	False	
AqTMK_200_final.txt	AqTMK_81_final.txt	AqTMK_200	AqTMK_81	33	32	False	inf	1.0	False	
AqTMK_200_final.txt	AqTMK_82_final.txt	AqTMK_200	AqTMK_82	33	32	False	inf	1.0	False	
AqTMK_200_final.txt	AqTMK_89_final.txt	AqTMK_200	AqTMK_89	33	32	False	inf	1.0	False	
AqTMK_200_final.txt	AqTMK_84_final.txt	AqTMK_200	AqTMK_84	33	32	False	inf	1.0	False	
AqTMK_200_final.txt	AqTMK_85_final.txt	AqTMK_200	AqTMK_85	33	32	False	inf	1.0	False	
AqTMK_200_final.txt	AqTMK_91_final.txt	AqTMK_200	AqTMK_91	33	32	False	inf	1.0	False	
AqTMK_200_final.txt	AqTMK_93_final.txt	AqTMK_200	AqTMK_93	33	32	False	inf	1.0	False	
AqTMK_200_final.txt	AqTMK_98_final.txt	AqTMK_200	AqTMK_98	33	32	False	inf	1.0	False	
AqTMK_200_final.txt	AqTMK_99_final.txt	AqTMK_200	AqTMK_99	33	32	False	inf	1.0	False	
AqTMK_200_final.txt	AqTMK_101_final.txt	AqTMK_200	AqTMK_101	33	32	False	inf	1.0	False	
AqTMK_200_final.txt	AqTMK_106_final.txt	AqTMK_200	AqTMK_106	33	32	False	inf	1.0	False	
AqTMK_200_final.txt	AqTMK_103_final.txt	AqTMK_200	AqTMK_103	33	32	False	inf	1.0	False	
AqTMK_200_final.txt	AqTMK_104_final.txt	AqTMK_200	AqTMK_104	33	32	False	inf	1.0	False	
AqTMK_200_final.txt	AqTMK_114_final.txt	AqTMK_200	AqTMK_114	33	32	False	inf	1.0	False	
AqTMK_200_final.txt	AqTMK_117_final.txt	AqTMK_200	AqTMK_117	33	32	False	inf	1.0	False	
AqTMK_200_final.txt	AqTMK_118_final.txt	AqTMK_200	AqTMK_118	33	32	False	inf	1.0	False	
AqTMK_200_final.txt	AqTMK_131_final.txt	AqTMK_200	AqTMK_131	33	32	False	inf	1.0	False	
AqTMK_200_final.txt	AqTMK_149_final.txt	AqTMK_200	AqTMK_149	33	32	False	inf	1.0	False	
AqTMK_200_final.txt	AqTMK_165_final.txt	AqTMK_200	AqTMK_165	33	32	False	inf	1.0	False	
AqTMK_200_final.txt	AqTMK_155_final.txt	AqTMK_200	AqTMK_155	33	32	False	inf	1.0	False	
AqTMK_200_final.txt	AqTMK_159_final.txt	AqTMK_200	AqTMK_159	33	32	False	inf	1.0	False	
AqTMK_200_final.txt	AqTMK_173_final.txt	AqTMK_200	AqTMK_173	33	32	False	inf	1.0	False	
AqTMK_200_final.txt	AqTMK_179_final.txt	AqTMK_200	AqTMK_179	33	32	False	inf	1.0	False	
AqTMK_200_final.txt	AqTMK_181_final.txt	AqTMK_200	AqTMK_181	33	32	False	inf	1.0	False	
AqTMK_200_final.txt	AqTMK_187_final.txt	AqTMK_200	AqTMK_187	33	32	False	inf	1.0	False	
AqTMK_200_final.txt	AqTMK_188_final.txt	AqTMK_200	AqTMK_188	33	32	False	inf	1.0	False	
AqTMK_200_final.txt	AqTMK_218_final.txt	AqTMK_200	AqTMK_218	33	32	False	inf	1.0	False	
AqTMK_200_final.txt	AqTMK_191_final.txt	AqTMK_200	AqTMK_191	33	32	False	inf	1.0	False	
AqTMK_200_final.txt	AqTMK_198_final.txt	AqTMK_200	AqTMK_198	33	32	False	inf	1.0	False	
AqTMK_200_final.txt	AqTMK_219_final.txt	AqTMK_200	AqTMK_219	33	32	False	inf	1.0	False	
AqTMK_200_final.txt	AqTMK_224_final.txt	AqTMK_200	AqTMK_224	33	32	False	inf	1.0	False	
AqTMK_200_final.txt	AqTMK_234_final.txt	AqTMK_200	AqTMK_234	33	32	False	inf	1.0	False	
AqTMK_200_final.txt	AqTMK_236_final.txt	AqTMK_200	AqTMK_236	33	32	False	inf	1.0	False	
AqTMK_200_final.txt	AqTMK_240_final.txt	AqTMK_200	AqTMK_240	33	32	False	inf	1.0	False	
AqTMK_200_final.txt	AqTMK_242_final.txt	AqTMK_200	AqTMK_242	33	32	False	inf	1.0	False	
AqTMK_200_final.txt	AqTMK_249_final.txt	AqTMK_200	AqTMK_249	33	32	False	inf	1.0	False	
AqTMK_200_final.txt	AqTMK_245_final.txt	AqTMK_200	AqTMK_245	33	32	False	inf	1.0	False	
AqTMK_200_final.txt	AqTMK_263_final.txt	AqTMK_200	AqTMK_263	33	32	False	inf	1.0	False	
AqTMK_200_final.txt	AqTMK_267_final.txt	AqTMK_200	AqTMK_267	33	32	False	inf	1.0	False	
AqTMK_200_final.txt	AqTMK_272_final.txt	AqTMK_200	AqTMK_272	33	32	False	inf	1.0	False	
AqTMK_200_final.txt	AqTMK_274_final.txt	AqTMK_200	AqTMK_274	33	32	False	inf	1.0	False	
AqTMK_200_final.txt	AqTMK_275_final.txt	AqTMK_200	AqTMK_275	33	32	False	inf	1.0	False	
AqTMK_200_final.txt	AqTMK_290_final.txt	AqTMK_200	AqTMK_290	33	32	False	inf	1.0	False	
AqTMK_200_final.txt	AqTMK_286_final.txt	AqTMK_200	AqTMK_286	33	32	False	inf	1.0	False	
AqTMK_200_final.txt	AqTMK_279_final.txt	AqTMK_200	AqTMK_279	33	32	False	inf	1.0	False	
AqTMK_200_final.txt	AqTMK_292_final.txt	AqTMK_200	AqTMK_292	33	32	False	inf	1.0	False	
AqTMK_200_final.txt	AqTMK_299_final.txt	AqTMK_200	AqTMK_299	33	32	False	inf	1.0	False	
AqTMK_200_final.txt	AqTMK_309_final.txt	AqTMK_200	AqTMK_309	33	32	False	inf	1.0	False	
AqTMK_200_final.txt	AqTMK_45_final.txt	AqTMK_200	AqTMK_45	33	31	False	inf	1.0	False	
AqTMK_200_final.txt	AqTMK_47_final.txt	AqTMK_200	AqTMK_47	33	31	False	inf	1.0	False	
AqTMK_200_final.txt	AqTMK_57_final.txt	AqTMK_200	AqTMK_57	33	31	False	inf	1.0	False	
AqTMK_200_final.txt	AqTMK_48_final.txt	AqTMK_200	AqTMK_48	33	31	False	inf	1.0	False	
AqTMK_200_final.txt	AqTMK_53_final.txt	AqTMK_200	AqTMK_53	33	31	False	inf	1.0	False	
AqTMK_200_final.txt	AqTMK_72_final.txt	AqTMK_200	AqTMK_72	33	31	False	inf	1.0	False	
AqTMK_200_final.txt	AqTMK_73_final.txt	AqTMK_200	AqTMK_73	33	31	False	inf	1.0	False	
AqTMK_200_final.txt	AqTMK_76_final.txt	AqTMK_200	AqTMK_76	33	31	False	inf	1.0	False	
AqTMK_200_final.txt	AqTMK_92_final.txt	AqTMK_200	AqTMK_92	33	31	False	inf	1.0	False	
AqTMK_200_final.txt	AqTMK_94_final.txt	AqTMK_200	AqTMK_94	33	31	False	inf	1.0	False	
AqTMK_200_final.txt	AqTMK_108_final.txt	AqTMK_200	AqTMK_108	33	31	False	inf	1.0	False	
AqTMK_200_final.txt	AqTMK_110_final.txt	AqTMK_200	AqTMK_110	33	31	False	inf	1.0	False	
AqTMK_200_final.txt	AqTMK_112_final.txt	AqTMK_200	AqTMK_112	33	31	False	inf	1.0	False	
AqTMK_200_final.txt	AqTMK_119_final.txt	AqTMK_200	AqTMK_119	33	31	False	inf	1.0	False	
AqTMK_200_final.txt	AqTMK_122_final.txt	AqTMK_200	AqTMK_122	33	31	False	inf	1.0	False	
AqTMK_200_final.txt	AqTMK_123_final.txt	AqTMK_200	AqTMK_123	33	31	False	inf	1.0	False	
AqTMK_200_final.txt	AqTMK_132_final.txt	AqTMK_200	AqTMK_132	33	31	False	inf	1.0	False	
AqTMK_200_final.txt	AqTMK_133_final.txt	AqTMK_200	AqTMK_133	33	31	False	inf	1.0	False	
AqTMK_200_final.txt	AqTMK_178_final.txt	AqTMK_200	AqTMK_178	33	31	False	inf	1.0	False	
AqTMK_200_final.txt	AqTMK_167_final.txt	AqTMK_200	AqTMK_167	33	31	False	inf	1.0	False	
AqTMK_200_final.txt	AqTMK_172_final.txt	AqTMK_200	AqTMK_172	33	31	False	inf	1.0	False	
AqTMK_200_final.txt	AqTMK_184_final.txt	AqTMK_200	AqTMK_184	33	31	False	inf	1.0	False	
AqTMK_200_final.txt	AqTMK_195_final.txt	AqTMK_200	AqTMK_195	33	31	False	inf	1.0	False	
AqTMK_200_final.txt	AqTMK_201_final.txt	AqTMK_200	AqTMK_201	33	31	False	inf	1.0	False	
AqTMK_200_final.txt	AqTMK_211_final.txt	AqTMK_200	AqTMK_211	33	31	False	inf	1.0	False	
AqTMK_200_final.txt	AqTMK_237_final.txt	AqTMK_200	AqTMK_237	33	31	False	inf	1.0	False	
AqTMK_200_final.txt	AqTMK_238_final.txt	AqTMK_200	AqTMK_238	33	31	False	inf	1.0	False	
AqTMK_200_final.txt	AqTMK_276_final.txt	AqTMK_200	AqTMK_276	33	31	False	inf	1.0	False	
AqTMK_200_final.txt	AqTMK_253_final.txt	AqTMK_200	AqTMK_253	33	31	False	inf	1.0	False	
AqTMK_200_final.txt	AqTMK_277_final.txt	AqTMK_200	AqTMK_277	33	31	False	inf	1.0	False	
AqTMK_200_final.txt	AqTMK_288_final.txt	AqTMK_200	AqTMK_288	33	31	False	inf	1.0	False	
AqTMK_200_final.txt	AqTMK_300_final.txt	AqTMK_200	AqTMK_300	33	31	False	inf	1.0	False	
AqTMK_200_final.txt	AqTMK_33_final.txt	AqTMK_200	AqTMK_33	33	30	False	inf	1.0	False	
AqTMK_200_final.txt	AqTMK_43_final.txt	AqTMK_200	AqTMK_43	33	30	False	inf	1.0	False	
AqTMK_200_final.txt	AqTMK_50_final.txt	AqTMK_200	AqTMK_50	33	30	False	inf	1.0	False	
AqTMK_200_final.txt	AqTMK_66_final.txt	AqTMK_200	AqTMK_66	33	30	False	inf	1.0	False	
AqTMK_200_final.txt	AqTMK_49_final.txt	AqTMK_200	AqTMK_49	33	30	False	inf	1.0	False	
AqTMK_200_final.txt	AqTMK_102_final.txt	AqTMK_200	AqTMK_102	33	30	False	inf	1.0	False	
AqTMK_200_final.txt	AqTMK_124_final.txt	AqTMK_200	AqTMK_124	33	30	False	inf	1.0	False	
AqTMK_200_final.txt	AqTMK_153_final.txt	AqTMK_200	AqTMK_153	33	30	False	inf	1.0	False	
AqTMK_200_final.txt	AqTMK_193_final.txt	AqTMK_200	AqTMK_193	33	30	False	inf	1.0	False	
AqTMK_200_final.txt	AqTMK_264_final.txt	AqTMK_200	AqTMK_264	33	30	False	inf	1.0	False	
AqTMK_200_final.txt	AqTMK_121_final.txt	AqTMK_200	AqTMK_121	33	29	False	inf	1.0	False	
AqTMK_208_final.txt	AqTMK_229_final.txt	AqTMK_208	AqTMK_229	33	33	True	4	1.0	False	
AqTMK_208_final.txt	AqTMK_223_final.txt	AqTMK_208	AqTMK_223	33	33	True	8	1.0	False	
AqTMK_208_final.txt	AqTMK_230_final.txt	AqTMK_208	AqTMK_230	33	33	True	8	1.0	False	
AqTMK_208_final.txt	AqTMK_231_final.txt	AqTMK_208	AqTMK_231	33	33	True	8	1.0	False	
AqTMK_208_final.txt	AqTMK_259_final.txt	AqTMK_208	AqTMK_259	33	33	True	4	1.0	False	
AqTMK_208_final.txt	AqTMK_262_final.txt	AqTMK_208	AqTMK_262	33	33	True	8	1.0	False	
AqTMK_208_final.txt	AqTMK_270_final.txt	AqTMK_208	AqTMK_270	33	33	True	8	1.0	False	
AqTMK_208_final.txt	AqTMK_233_final.txt	AqTMK_208	AqTMK_233	33	33	True	10	1.0	False	
AqTMK_208_final.txt	AqTMK_284_final.txt	AqTMK_208	AqTMK_284	33	33	True	8	1.0	False	
AqTMK_208_final.txt	AqTMK_285_final.txt	AqTMK_208	AqTMK_285	33	33	True	8	1.0	False	
AqTMK_208_final.txt	AqTMK_295_final.txt	AqTMK_208	AqTMK_295	33	33	True	8	1.0	False	
AqTMK_208_final.txt	AqTMK_273_final.txt	AqTMK_208	AqTMK_273	33	33	True	10	1.0	False	
AqTMK_208_final.txt	AqTMK_54_final.txt	AqTMK_208	AqTMK_54	33	32	False	inf	1.0	False	
AqTMK_208_final.txt	AqTMK_56_final.txt	AqTMK_208	AqTMK_56	33	32	False	inf	1.0	False	
AqTMK_208_final.txt	AqTMK_59_final.txt	AqTMK_208	AqTMK_59	33	32	False	inf	1.0	False	
AqTMK_208_final.txt	AqTMK_311_final.txt	AqTMK_208	AqTMK_311	33	33	True	8	1.0	False	
AqTMK_208_final.txt	AqTMK_68_final.txt	AqTMK_208	AqTMK_68	33	32	False	inf	1.0	False	
AqTMK_208_final.txt	AqTMK_62_final.txt	AqTMK_208	AqTMK_62	33	32	False	inf	1.0	False	
AqTMK_208_final.txt	AqTMK_63_final.txt	AqTMK_208	AqTMK_63	33	32	False	inf	1.0	False	
AqTMK_208_final.txt	AqTMK_70_final.txt	AqTMK_208	AqTMK_70	33	32	False	inf	1.0	False	
AqTMK_208_final.txt	AqTMK_79_final.txt	AqTMK_208	AqTMK_79	33	32	False	inf	1.0	False	
AqTMK_208_final.txt	AqTMK_81_final.txt	AqTMK_208	AqTMK_81	33	32	False	inf	1.0	False	
AqTMK_208_final.txt	AqTMK_82_final.txt	AqTMK_208	AqTMK_82	33	32	False	inf	1.0	False	
AqTMK_208_final.txt	AqTMK_84_final.txt	AqTMK_208	AqTMK_84	33	32	False	inf	1.0	False	
AqTMK_208_final.txt	AqTMK_91_final.txt	AqTMK_208	AqTMK_91	33	32	False	inf	1.0	False	
AqTMK_208_final.txt	AqTMK_85_final.txt	AqTMK_208	AqTMK_85	33	32	False	inf	1.0	False	
AqTMK_208_final.txt	AqTMK_89_final.txt	AqTMK_208	AqTMK_89	33	32	False	inf	1.0	False	
AqTMK_208_final.txt	AqTMK_93_final.txt	AqTMK_208	AqTMK_93	33	32	False	inf	1.0	False	
AqTMK_208_final.txt	AqTMK_98_final.txt	AqTMK_208	AqTMK_98	33	32	False	inf	1.0	False	
AqTMK_208_final.txt	AqTMK_99_final.txt	AqTMK_208	AqTMK_99	33	32	False	inf	1.0	False	
AqTMK_208_final.txt	AqTMK_101_final.txt	AqTMK_208	AqTMK_101	33	32	False	inf	1.0	False	
AqTMK_208_final.txt	AqTMK_103_final.txt	AqTMK_208	AqTMK_103	33	32	False	inf	1.0	False	
AqTMK_208_final.txt	AqTMK_106_final.txt	AqTMK_208	AqTMK_106	33	32	False	inf	1.0	False	
AqTMK_208_final.txt	AqTMK_104_final.txt	AqTMK_208	AqTMK_104	33	32	False	inf	1.0	False	
AqTMK_208_final.txt	AqTMK_114_final.txt	AqTMK_208	AqTMK_114	33	32	False	inf	1.0	False	
AqTMK_208_final.txt	AqTMK_117_final.txt	AqTMK_208	AqTMK_117	33	32	False	inf	1.0	False	
AqTMK_208_final.txt	AqTMK_118_final.txt	AqTMK_208	AqTMK_118	33	32	False	inf	1.0	False	
AqTMK_208_final.txt	AqTMK_131_final.txt	AqTMK_208	AqTMK_131	33	32	False	inf	1.0	False	
AqTMK_208_final.txt	AqTMK_149_final.txt	AqTMK_208	AqTMK_149	33	32	False	inf	1.0	False	
AqTMK_208_final.txt	AqTMK_155_final.txt	AqTMK_208	AqTMK_155	33	32	False	inf	1.0	False	
AqTMK_208_final.txt	AqTMK_159_final.txt	AqTMK_208	AqTMK_159	33	32	False	inf	1.0	False	
AqTMK_208_final.txt	AqTMK_173_final.txt	AqTMK_208	AqTMK_173	33	32	False	inf	1.0	False	
AqTMK_208_final.txt	AqTMK_165_final.txt	AqTMK_208	AqTMK_165	33	32	False	inf	1.0	False	
AqTMK_208_final.txt	AqTMK_179_final.txt	AqTMK_208	AqTMK_179	33	32	False	inf	1.0	False	
AqTMK_208_final.txt	AqTMK_181_final.txt	AqTMK_208	AqTMK_181	33	32	False	inf	1.0	False	
AqTMK_208_final.txt	AqTMK_187_final.txt	AqTMK_208	AqTMK_187	33	32	False	inf	1.0	False	
AqTMK_208_final.txt	AqTMK_188_final.txt	AqTMK_208	AqTMK_188	33	32	False	inf	1.0	False	
AqTMK_208_final.txt	AqTMK_191_final.txt	AqTMK_208	AqTMK_191	33	32	False	inf	1.0	False	
AqTMK_208_final.txt	AqTMK_219_final.txt	AqTMK_208	AqTMK_219	33	32	False	inf	1.0	False	
AqTMK_208_final.txt	AqTMK_198_final.txt	AqTMK_208	AqTMK_198	33	32	False	inf	1.0	False	
AqTMK_208_final.txt	AqTMK_218_final.txt	AqTMK_208	AqTMK_218	33	32	False	inf	1.0	False	
AqTMK_208_final.txt	AqTMK_224_final.txt	AqTMK_208	AqTMK_224	33	32	False	inf	1.0	False	
AqTMK_208_final.txt	AqTMK_234_final.txt	AqTMK_208	AqTMK_234	33	32	False	inf	1.0	False	
AqTMK_208_final.txt	AqTMK_236_final.txt	AqTMK_208	AqTMK_236	33	32	False	inf	1.0	False	
AqTMK_208_final.txt	AqTMK_240_final.txt	AqTMK_208	AqTMK_240	33	32	False	inf	1.0	False	
AqTMK_208_final.txt	AqTMK_242_final.txt	AqTMK_208	AqTMK_242	33	32	False	inf	1.0	False	
AqTMK_208_final.txt	AqTMK_249_final.txt	AqTMK_208	AqTMK_249	33	32	False	inf	1.0	False	
AqTMK_208_final.txt	AqTMK_263_final.txt	AqTMK_208	AqTMK_263	33	32	False	inf	1.0	False	
AqTMK_208_final.txt	AqTMK_245_final.txt	AqTMK_208	AqTMK_245	33	32	False	inf	1.0	False	
AqTMK_208_final.txt	AqTMK_267_final.txt	AqTMK_208	AqTMK_267	33	32	False	inf	1.0	False	
AqTMK_208_final.txt	AqTMK_272_final.txt	AqTMK_208	AqTMK_272	33	32	False	inf	1.0	False	
AqTMK_208_final.txt	AqTMK_274_final.txt	AqTMK_208	AqTMK_274	33	32	False	inf	1.0	False	
AqTMK_208_final.txt	AqTMK_275_final.txt	AqTMK_208	AqTMK_275	33	32	False	inf	1.0	False	
AqTMK_208_final.txt	AqTMK_279_final.txt	AqTMK_208	AqTMK_279	33	32	False	inf	1.0	False	
AqTMK_208_final.txt	AqTMK_286_final.txt	AqTMK_208	AqTMK_286	33	32	False	inf	1.0	False	
AqTMK_208_final.txt	AqTMK_290_final.txt	AqTMK_208	AqTMK_290	33	32	False	inf	1.0	False	
AqTMK_208_final.txt	AqTMK_292_final.txt	AqTMK_208	AqTMK_292	33	32	False	inf	1.0	False	
AqTMK_208_final.txt	AqTMK_299_final.txt	AqTMK_208	AqTMK_299	33	32	False	inf	1.0	False	
AqTMK_208_final.txt	AqTMK_309_final.txt	AqTMK_208	AqTMK_309	33	32	False	inf	1.0	False	
AqTMK_208_final.txt	AqTMK_45_final.txt	AqTMK_208	AqTMK_45	33	31	False	inf	1.0	False	
AqTMK_208_final.txt	AqTMK_47_final.txt	AqTMK_208	AqTMK_47	33	31	False	inf	1.0	False	
AqTMK_208_final.txt	AqTMK_48_final.txt	AqTMK_208	AqTMK_48	33	31	False	inf	1.0	False	
AqTMK_208_final.txt	AqTMK_53_final.txt	AqTMK_208	AqTMK_53	33	31	False	inf	1.0	False	
AqTMK_208_final.txt	AqTMK_57_final.txt	AqTMK_208	AqTMK_57	33	31	False	inf	1.0	False	
AqTMK_208_final.txt	AqTMK_72_final.txt	AqTMK_208	AqTMK_72	33	31	False	inf	1.0	False	
AqTMK_208_final.txt	AqTMK_73_final.txt	AqTMK_208	AqTMK_73	33	31	False	inf	1.0	False	
AqTMK_208_final.txt	AqTMK_76_final.txt	AqTMK_208	AqTMK_76	33	31	False	inf	1.0	False	
AqTMK_208_final.txt	AqTMK_92_final.txt	AqTMK_208	AqTMK_92	33	31	False	inf	1.0	False	
AqTMK_208_final.txt	AqTMK_94_final.txt	AqTMK_208	AqTMK_94	33	31	False	inf	1.0	False	
AqTMK_208_final.txt	AqTMK_108_final.txt	AqTMK_208	AqTMK_108	33	31	False	inf	1.0	False	
AqTMK_208_final.txt	AqTMK_110_final.txt	AqTMK_208	AqTMK_110	33	31	False	inf	1.0	False	
AqTMK_208_final.txt	AqTMK_119_final.txt	AqTMK_208	AqTMK_119	33	31	False	inf	1.0	False	
AqTMK_208_final.txt	AqTMK_112_final.txt	AqTMK_208	AqTMK_112	33	31	False	inf	1.0	False	
AqTMK_208_final.txt	AqTMK_122_final.txt	AqTMK_208	AqTMK_122	33	31	False	inf	1.0	False	
AqTMK_208_final.txt	AqTMK_123_final.txt	AqTMK_208	AqTMK_123	33	31	False	inf	1.0	False	
AqTMK_208_final.txt	AqTMK_132_final.txt	AqTMK_208	AqTMK_132	33	31	False	inf	1.0	False	
AqTMK_208_final.txt	AqTMK_133_final.txt	AqTMK_208	AqTMK_133	33	31	False	inf	1.0	False	
AqTMK_208_final.txt	AqTMK_167_final.txt	AqTMK_208	AqTMK_167	33	31	False	inf	1.0	False	
AqTMK_208_final.txt	AqTMK_184_final.txt	AqTMK_208	AqTMK_184	33	31	False	inf	1.0	False	
AqTMK_208_final.txt	AqTMK_178_final.txt	AqTMK_208	AqTMK_178	33	31	False	inf	1.0	False	
AqTMK_208_final.txt	AqTMK_172_final.txt	AqTMK_208	AqTMK_172	33	31	False	inf	1.0	False	
AqTMK_208_final.txt	AqTMK_195_final.txt	AqTMK_208	AqTMK_195	33	31	False	inf	1.0	False	
AqTMK_208_final.txt	AqTMK_201_final.txt	AqTMK_208	AqTMK_201	33	31	False	inf	1.0	False	
AqTMK_208_final.txt	AqTMK_211_final.txt	AqTMK_208	AqTMK_211	33	31	False	inf	1.0	False	
AqTMK_208_final.txt	AqTMK_237_final.txt	AqTMK_208	AqTMK_237	33	31	False	inf	1.0	False	
AqTMK_208_final.txt	AqTMK_238_final.txt	AqTMK_208	AqTMK_238	33	31	False	inf	1.0	False	
AqTMK_208_final.txt	AqTMK_277_final.txt	AqTMK_208	AqTMK_277	33	31	False	inf	1.0	False	
AqTMK_208_final.txt	AqTMK_253_final.txt	AqTMK_208	AqTMK_253	33	31	False	inf	1.0	False	
AqTMK_208_final.txt	AqTMK_276_final.txt	AqTMK_208	AqTMK_276	33	31	False	inf	1.0	False	
AqTMK_208_final.txt	AqTMK_288_final.txt	AqTMK_208	AqTMK_288	33	31	False	inf	1.0	False	
AqTMK_208_final.txt	AqTMK_300_final.txt	AqTMK_208	AqTMK_300	33	31	False	inf	1.0	False	
AqTMK_208_final.txt	AqTMK_33_final.txt	AqTMK_208	AqTMK_33	33	30	False	inf	1.0	False	
AqTMK_208_final.txt	AqTMK_43_final.txt	AqTMK_208	AqTMK_43	33	30	False	inf	1.0	False	
AqTMK_208_final.txt	AqTMK_49_final.txt	AqTMK_208	AqTMK_49	33	30	False	inf	1.0	False	
AqTMK_208_final.txt	AqTMK_102_final.txt	AqTMK_208	AqTMK_102	33	30	False	inf	1.0	False	
AqTMK_208_final.txt	AqTMK_66_final.txt	AqTMK_208	AqTMK_66	33	30	False	inf	1.0	False	
AqTMK_208_final.txt	AqTMK_50_final.txt	AqTMK_208	AqTMK_50	33	30	False	inf	1.0	False	
AqTMK_208_final.txt	AqTMK_124_final.txt	AqTMK_208	AqTMK_124	33	30	False	inf	1.0	False	
AqTMK_208_final.txt	AqTMK_153_final.txt	AqTMK_208	AqTMK_153	33	30	False	inf	1.0	False	
AqTMK_208_final.txt	AqTMK_193_final.txt	AqTMK_208	AqTMK_193	33	30	False	inf	1.0	False	
AqTMK_208_final.txt	AqTMK_264_final.txt	AqTMK_208	AqTMK_264	33	30	False	inf	1.0	False	
AqTMK_208_final.txt	AqTMK_121_final.txt	AqTMK_208	AqTMK_121	33	29	False	inf	1.0	False	
AqTMK_223_final.txt	AqTMK_229_final.txt	AqTMK_223	AqTMK_229	33	33	True	6	1.0	False	
AqTMK_223_final.txt	AqTMK_230_final.txt	AqTMK_223	AqTMK_230	33	33	True	10	1.0	False	
AqTMK_223_final.txt	AqTMK_231_final.txt	AqTMK_223	AqTMK_231	33	33	True	10	1.0	False	
AqTMK_223_final.txt	AqTMK_233_final.txt	AqTMK_223	AqTMK_233	33	33	True	8	1.0	False	
AqTMK_223_final.txt	AqTMK_259_final.txt	AqTMK_223	AqTMK_259	33	33	True	6	1.0	False	
AqTMK_223_final.txt	AqTMK_262_final.txt	AqTMK_223	AqTMK_262	33	33	True	6	1.0	False	
AqTMK_223_final.txt	AqTMK_270_final.txt	AqTMK_223	AqTMK_270	33	33	True	2	1.0	False	
AqTMK_223_final.txt	AqTMK_273_final.txt	AqTMK_223	AqTMK_273	33	33	True	8	1.0	False	
AqTMK_223_final.txt	AqTMK_284_final.txt	AqTMK_223	AqTMK_284	33	33	True	6	1.0	False	
AqTMK_223_final.txt	AqTMK_285_final.txt	AqTMK_223	AqTMK_285	33	33	True	2	1.0	False	
AqTMK_223_final.txt	AqTMK_295_final.txt	AqTMK_223	AqTMK_295	33	33	True	6	1.0	False	
AqTMK_223_final.txt	AqTMK_54_final.txt	AqTMK_223	AqTMK_54	33	32	False	inf	1.0	False	
AqTMK_223_final.txt	AqTMK_56_final.txt	AqTMK_223	AqTMK_56	33	32	False	inf	1.0	False	
AqTMK_223_final.txt	AqTMK_59_final.txt	AqTMK_223	AqTMK_59	33	32	False	inf	1.0	False	
AqTMK_223_final.txt	AqTMK_62_final.txt	AqTMK_223	AqTMK_62	33	32	False	inf	1.0	False	
AqTMK_223_final.txt	AqTMK_311_final.txt	AqTMK_223	AqTMK_311	33	33	True	6	1.0	False	
AqTMK_223_final.txt	AqTMK_63_final.txt	AqTMK_223	AqTMK_63	33	32	False	inf	1.0	False	
AqTMK_223_final.txt	AqTMK_70_final.txt	AqTMK_223	AqTMK_70	33	32	False	inf	1.0	False	
AqTMK_223_final.txt	AqTMK_68_final.txt	AqTMK_223	AqTMK_68	33	32	False	inf	1.0	False	
AqTMK_223_final.txt	AqTMK_79_final.txt	AqTMK_223	AqTMK_79	33	32	False	inf	1.0	False	
AqTMK_223_final.txt	AqTMK_81_final.txt	AqTMK_223	AqTMK_81	33	32	False	inf	1.0	False	
AqTMK_223_final.txt	AqTMK_82_final.txt	AqTMK_223	AqTMK_82	33	32	False	inf	1.0	False	
AqTMK_223_final.txt	AqTMK_84_final.txt	AqTMK_223	AqTMK_84	33	32	False	inf	1.0	False	
AqTMK_223_final.txt	AqTMK_85_final.txt	AqTMK_223	AqTMK_85	33	32	False	inf	1.0	False	
AqTMK_223_final.txt	AqTMK_93_final.txt	AqTMK_223	AqTMK_93	33	32	False	inf	1.0	False	
AqTMK_223_final.txt	AqTMK_89_final.txt	AqTMK_223	AqTMK_89	33	32	False	inf	1.0	False	
AqTMK_223_final.txt	AqTMK_91_final.txt	AqTMK_223	AqTMK_91	33	32	False	inf	1.0	False	
AqTMK_223_final.txt	AqTMK_98_final.txt	AqTMK_223	AqTMK_98	33	32	False	inf	1.0	False	
AqTMK_223_final.txt	AqTMK_99_final.txt	AqTMK_223	AqTMK_99	33	32	False	inf	1.0	False	
AqTMK_223_final.txt	AqTMK_101_final.txt	AqTMK_223	AqTMK_101	33	32	False	inf	1.0	False	
AqTMK_223_final.txt	AqTMK_103_final.txt	AqTMK_223	AqTMK_103	33	32	False	inf	1.0	False	
AqTMK_223_final.txt	AqTMK_104_final.txt	AqTMK_223	AqTMK_104	33	32	False	inf	1.0	False	
AqTMK_223_final.txt	AqTMK_117_final.txt	AqTMK_223	AqTMK_117	33	32	False	inf	1.0	False	
AqTMK_223_final.txt	AqTMK_106_final.txt	AqTMK_223	AqTMK_106	33	32	False	inf	1.0	False	
AqTMK_223_final.txt	AqTMK_114_final.txt	AqTMK_223	AqTMK_114	33	32	False	inf	1.0	False	
AqTMK_223_final.txt	AqTMK_118_final.txt	AqTMK_223	AqTMK_118	33	32	False	inf	1.0	False	
AqTMK_223_final.txt	AqTMK_131_final.txt	AqTMK_223	AqTMK_131	33	32	False	inf	1.0	False	
AqTMK_223_final.txt	AqTMK_149_final.txt	AqTMK_223	AqTMK_149	33	32	False	inf	1.0	False	
AqTMK_223_final.txt	AqTMK_155_final.txt	AqTMK_223	AqTMK_155	33	32	False	inf	1.0	False	
AqTMK_223_final.txt	AqTMK_159_final.txt	AqTMK_223	AqTMK_159	33	32	False	inf	1.0	False	
AqTMK_223_final.txt	AqTMK_165_final.txt	AqTMK_223	AqTMK_165	33	32	False	inf	1.0	False	
AqTMK_223_final.txt	AqTMK_179_final.txt	AqTMK_223	AqTMK_179	33	32	False	inf	1.0	False	
AqTMK_223_final.txt	AqTMK_173_final.txt	AqTMK_223	AqTMK_173	33	32	False	inf	1.0	False	
AqTMK_223_final.txt	AqTMK_181_final.txt	AqTMK_223	AqTMK_181	33	32	False	inf	1.0	False	
AqTMK_223_final.txt	AqTMK_187_final.txt	AqTMK_223	AqTMK_187	33	32	False	inf	1.0	False	
AqTMK_223_final.txt	AqTMK_188_final.txt	AqTMK_223	AqTMK_188	33	32	False	inf	1.0	False	
AqTMK_223_final.txt	AqTMK_191_final.txt	AqTMK_223	AqTMK_191	33	32	False	inf	1.0	False	
AqTMK_223_final.txt	AqTMK_198_final.txt	AqTMK_223	AqTMK_198	33	32	False	inf	1.0	False	
AqTMK_223_final.txt	AqTMK_224_final.txt	AqTMK_223	AqTMK_224	33	32	False	inf	1.0	False	
AqTMK_223_final.txt	AqTMK_219_final.txt	AqTMK_223	AqTMK_219	33	32	False	inf	1.0	False	
AqTMK_223_final.txt	AqTMK_218_final.txt	AqTMK_223	AqTMK_218	33	32	False	inf	1.0	False	
AqTMK_223_final.txt	AqTMK_234_final.txt	AqTMK_223	AqTMK_234	33	32	False	inf	1.0	False	
AqTMK_223_final.txt	AqTMK_236_final.txt	AqTMK_223	AqTMK_236	33	32	False	inf	1.0	False	
AqTMK_223_final.txt	AqTMK_240_final.txt	AqTMK_223	AqTMK_240	33	32	False	inf	1.0	False	
AqTMK_223_final.txt	AqTMK_242_final.txt	AqTMK_223	AqTMK_242	33	32	False	inf	1.0	False	
AqTMK_223_final.txt	AqTMK_245_final.txt	AqTMK_223	AqTMK_245	33	32	False	inf	1.0	False	
AqTMK_223_final.txt	AqTMK_249_final.txt	AqTMK_223	AqTMK_249	33	32	False	inf	1.0	False	
AqTMK_223_final.txt	AqTMK_267_final.txt	AqTMK_223	AqTMK_267	33	32	False	inf	1.0	False	
AqTMK_223_final.txt	AqTMK_263_final.txt	AqTMK_223	AqTMK_263	33	32	False	inf	1.0	False	
AqTMK_223_final.txt	AqTMK_272_final.txt	AqTMK_223	AqTMK_272	33	32	False	inf	1.0	False	
AqTMK_223_final.txt	AqTMK_274_final.txt	AqTMK_223	AqTMK_274	33	32	False	inf	1.0	False	
AqTMK_223_final.txt	AqTMK_275_final.txt	AqTMK_223	AqTMK_275	33	32	False	inf	1.0	False	
AqTMK_223_final.txt	AqTMK_279_final.txt	AqTMK_223	AqTMK_279	33	32	False	inf	1.0	False	
AqTMK_223_final.txt	AqTMK_286_final.txt	AqTMK_223	AqTMK_286	33	32	False	inf	1.0	False	
AqTMK_223_final.txt	AqTMK_290_final.txt	AqTMK_223	AqTMK_290	33	32	False	inf	1.0	False	
AqTMK_223_final.txt	AqTMK_299_final.txt	AqTMK_223	AqTMK_299	33	32	False	inf	1.0	False	
AqTMK_223_final.txt	AqTMK_292_final.txt	AqTMK_223	AqTMK_292	33	32	False	inf	1.0	False	
AqTMK_223_final.txt	AqTMK_309_final.txt	AqTMK_223	AqTMK_309	33	32	False	inf	1.0	False	
AqTMK_223_final.txt	AqTMK_45_final.txt	AqTMK_223	AqTMK_45	33	31	False	inf	1.0	False	
AqTMK_223_final.txt	AqTMK_47_final.txt	AqTMK_223	AqTMK_47	33	31	False	inf	1.0	False	
AqTMK_223_final.txt	AqTMK_48_final.txt	AqTMK_223	AqTMK_48	33	31	False	inf	1.0	False	
AqTMK_223_final.txt	AqTMK_53_final.txt	AqTMK_223	AqTMK_53	33	31	False	inf	1.0	False	
AqTMK_223_final.txt	AqTMK_73_final.txt	AqTMK_223	AqTMK_73	33	31	False	inf	1.0	False	
AqTMK_223_final.txt	AqTMK_57_final.txt	AqTMK_223	AqTMK_57	33	31	False	inf	1.0	False	
AqTMK_223_final.txt	AqTMK_72_final.txt	AqTMK_223	AqTMK_72	33	31	False	inf	1.0	False	
AqTMK_223_final.txt	AqTMK_76_final.txt	AqTMK_223	AqTMK_76	33	31	False	inf	1.0	False	
AqTMK_223_final.txt	AqTMK_92_final.txt	AqTMK_223	AqTMK_92	33	31	False	inf	1.0	False	
AqTMK_223_final.txt	AqTMK_94_final.txt	AqTMK_223	AqTMK_94	33	31	False	inf	1.0	False	
AqTMK_223_final.txt	AqTMK_108_final.txt	AqTMK_223	AqTMK_108	33	31	False	inf	1.0	False	
AqTMK_223_final.txt	AqTMK_110_final.txt	AqTMK_223	AqTMK_110	33	31	False	inf	1.0	False	
AqTMK_223_final.txt	AqTMK_122_final.txt	AqTMK_223	AqTMK_122	33	31	False	inf	1.0	False	
AqTMK_223_final.txt	AqTMK_119_final.txt	AqTMK_223	AqTMK_119	33	31	False	inf	1.0	False	
AqTMK_223_final.txt	AqTMK_112_final.txt	AqTMK_223	AqTMK_112	33	31	False	inf	1.0	False	
AqTMK_223_final.txt	AqTMK_123_final.txt	AqTMK_223	AqTMK_123	33	31	False	inf	1.0	False	
AqTMK_223_final.txt	AqTMK_132_final.txt	AqTMK_223	AqTMK_132	33	31	False	inf	1.0	False	
AqTMK_223_final.txt	AqTMK_133_final.txt	AqTMK_223	AqTMK_133	33	31	False	inf	1.0	False	
AqTMK_223_final.txt	AqTMK_167_final.txt	AqTMK_223	AqTMK_167	33	31	False	inf	1.0	False	
AqTMK_223_final.txt	AqTMK_172_final.txt	AqTMK_223	AqTMK_172	33	31	False	inf	1.0	False	
AqTMK_223_final.txt	AqTMK_178_final.txt	AqTMK_223	AqTMK_178	33	31	False	inf	1.0	False	
AqTMK_223_final.txt	AqTMK_195_final.txt	AqTMK_223	AqTMK_195	33	31	False	inf	1.0	False	
AqTMK_223_final.txt	AqTMK_184_final.txt	AqTMK_223	AqTMK_184	33	31	False	inf	1.0	False	
AqTMK_223_final.txt	AqTMK_201_final.txt	AqTMK_223	AqTMK_201	33	31	False	inf	1.0	False	
AqTMK_223_final.txt	AqTMK_211_final.txt	AqTMK_223	AqTMK_211	33	31	False	inf	1.0	False	
AqTMK_223_final.txt	AqTMK_237_final.txt	AqTMK_223	AqTMK_237	33	31	False	inf	1.0	False	
AqTMK_223_final.txt	AqTMK_238_final.txt	AqTMK_223	AqTMK_238	33	31	False	inf	1.0	False	
AqTMK_223_final.txt	AqTMK_253_final.txt	AqTMK_223	AqTMK_253	33	31	False	inf	1.0	False	
AqTMK_223_final.txt	AqTMK_276_final.txt	AqTMK_223	AqTMK_276	33	31	False	inf	1.0	False	
AqTMK_223_final.txt	AqTMK_288_final.txt	AqTMK_223	AqTMK_288	33	31	False	inf	1.0	False	
AqTMK_223_final.txt	AqTMK_277_final.txt	AqTMK_223	AqTMK_277	33	31	False	inf	1.0	False	
AqTMK_223_final.txt	AqTMK_300_final.txt	AqTMK_223	AqTMK_300	33	31	False	inf	1.0	False	
AqTMK_223_final.txt	AqTMK_33_final.txt	AqTMK_223	AqTMK_33	33	30	False	inf	1.0	False	
AqTMK_223_final.txt	AqTMK_43_final.txt	AqTMK_223	AqTMK_43	33	30	False	inf	1.0	False	
AqTMK_223_final.txt	AqTMK_49_final.txt	AqTMK_223	AqTMK_49	33	30	False	inf	1.0	False	
AqTMK_223_final.txt	AqTMK_50_final.txt	AqTMK_223	AqTMK_50	33	30	False	inf	1.0	False	
AqTMK_223_final.txt	AqTMK_124_final.txt	AqTMK_223	AqTMK_124	33	30	False	inf	1.0	False	
AqTMK_223_final.txt	AqTMK_66_final.txt	AqTMK_223	AqTMK_66	33	30	False	inf	1.0	False	
AqTMK_223_final.txt	AqTMK_102_final.txt	AqTMK_223	AqTMK_102	33	30	False	inf	1.0	False	
AqTMK_223_final.txt	AqTMK_153_final.txt	AqTMK_223	AqTMK_153	33	30	False	inf	1.0	False	
AqTMK_223_final.txt	AqTMK_193_final.txt	AqTMK_223	AqTMK_193	33	30	False	inf	1.0	False	
AqTMK_223_final.txt	AqTMK_264_final.txt	AqTMK_223	AqTMK_264	33	30	False	inf	1.0	False	
AqTMK_223_final.txt	AqTMK_121_final.txt	AqTMK_223	AqTMK_121	33	29	False	inf	1.0	False	
AqTMK_229_final.txt	AqTMK_230_final.txt	AqTMK_229	AqTMK_230	33	33	True	4	1.0	False	
AqTMK_229_final.txt	AqTMK_231_final.txt	AqTMK_229	AqTMK_231	33	33	True	4	1.0	False	
AqTMK_229_final.txt	AqTMK_233_final.txt	AqTMK_229	AqTMK_233	33	33	True	6	1.0	False	
AqTMK_229_final.txt	AqTMK_259_final.txt	AqTMK_229	AqTMK_259	33	33	True	4	1.0	False	
AqTMK_229_final.txt	AqTMK_262_final.txt	AqTMK_229	AqTMK_262	33	33	True	6	1.0	False	
AqTMK_229_final.txt	AqTMK_270_final.txt	AqTMK_229	AqTMK_270	33	33	True	4	1.0	False	
AqTMK_229_final.txt	AqTMK_273_final.txt	AqTMK_229	AqTMK_273	33	33	True	6	1.0	False	
AqTMK_229_final.txt	AqTMK_284_final.txt	AqTMK_229	AqTMK_284	33	33	True	4	1.0	False	
AqTMK_229_final.txt	AqTMK_295_final.txt	AqTMK_229	AqTMK_295	33	33	True	4	1.0	False	
AqTMK_229_final.txt	AqTMK_285_final.txt	AqTMK_229	AqTMK_285	33	33	True	4	1.0	False	
AqTMK_229_final.txt	AqTMK_54_final.txt	AqTMK_229	AqTMK_54	33	32	False	inf	1.0	False	
AqTMK_229_final.txt	AqTMK_56_final.txt	AqTMK_229	AqTMK_56	33	32	False	inf	1.0	False	
AqTMK_229_final.txt	AqTMK_59_final.txt	AqTMK_229	AqTMK_59	33	32	False	inf	1.0	False	
AqTMK_229_final.txt	AqTMK_62_final.txt	AqTMK_229	AqTMK_62	33	32	False	inf	1.0	False	
AqTMK_229_final.txt	AqTMK_63_final.txt	AqTMK_229	AqTMK_63	33	32	False	inf	1.0	False	
AqTMK_229_final.txt	AqTMK_311_final.txt	AqTMK_229	AqTMK_311	33	33	True	4	1.0	False	
AqTMK_229_final.txt	AqTMK_79_final.txt	AqTMK_229	AqTMK_79	33	32	False	inf	1.0	False	
AqTMK_229_final.txt	AqTMK_68_final.txt	AqTMK_229	AqTMK_68	33	32	False	inf	1.0	False	
AqTMK_229_final.txt	AqTMK_70_final.txt	AqTMK_229	AqTMK_70	33	32	False	inf	1.0	False	
AqTMK_229_final.txt	AqTMK_81_final.txt	AqTMK_229	AqTMK_81	33	32	False	inf	1.0	False	
AqTMK_229_final.txt	AqTMK_82_final.txt	AqTMK_229	AqTMK_82	33	32	False	inf	1.0	False	
AqTMK_229_final.txt	AqTMK_84_final.txt	AqTMK_229	AqTMK_84	33	32	False	inf	1.0	False	
AqTMK_229_final.txt	AqTMK_85_final.txt	AqTMK_229	AqTMK_85	33	32	False	inf	1.0	False	
AqTMK_229_final.txt	AqTMK_89_final.txt	AqTMK_229	AqTMK_89	33	32	False	inf	1.0	False	
AqTMK_229_final.txt	AqTMK_91_final.txt	AqTMK_229	AqTMK_91	33	32	False	inf	1.0	False	
AqTMK_229_final.txt	AqTMK_98_final.txt	AqTMK_229	AqTMK_98	33	32	False	inf	1.0	False	
AqTMK_229_final.txt	AqTMK_93_final.txt	AqTMK_229	AqTMK_93	33	32	False	inf	1.0	False	
AqTMK_229_final.txt	AqTMK_99_final.txt	AqTMK_229	AqTMK_99	33	32	False	inf	1.0	False	
AqTMK_229_final.txt	AqTMK_101_final.txt	AqTMK_229	AqTMK_101	33	32	False	inf	1.0	False	
AqTMK_229_final.txt	AqTMK_103_final.txt	AqTMK_229	AqTMK_103	33	32	False	inf	1.0	False	
AqTMK_229_final.txt	AqTMK_104_final.txt	AqTMK_229	AqTMK_104	33	32	False	inf	1.0	False	
AqTMK_229_final.txt	AqTMK_106_final.txt	AqTMK_229	AqTMK_106	33	32	False	inf	1.0	False	
AqTMK_229_final.txt	AqTMK_114_final.txt	AqTMK_229	AqTMK_114	33	32	False	inf	1.0	False	
AqTMK_229_final.txt	AqTMK_118_final.txt	AqTMK_229	AqTMK_118	33	32	False	inf	1.0	False	
AqTMK_229_final.txt	AqTMK_117_final.txt	AqTMK_229	AqTMK_117	33	32	False	inf	1.0	False	
AqTMK_229_final.txt	AqTMK_131_final.txt	AqTMK_229	AqTMK_131	33	32	False	inf	1.0	False	
AqTMK_229_final.txt	AqTMK_149_final.txt	AqTMK_229	AqTMK_149	33	32	False	inf	1.0	False	
AqTMK_229_final.txt	AqTMK_155_final.txt	AqTMK_229	AqTMK_155	33	32	False	inf	1.0	False	
AqTMK_229_final.txt	AqTMK_159_final.txt	AqTMK_229	AqTMK_159	33	32	False	inf	1.0	False	
AqTMK_229_final.txt	AqTMK_165_final.txt	AqTMK_229	AqTMK_165	33	32	False	inf	1.0	False	
AqTMK_229_final.txt	AqTMK_181_final.txt	AqTMK_229	AqTMK_181	33	32	False	inf	1.0	False	
AqTMK_229_final.txt	AqTMK_173_final.txt	AqTMK_229	AqTMK_173	33	32	False	inf	1.0	False	
AqTMK_229_final.txt	AqTMK_179_final.txt	AqTMK_229	AqTMK_179	33	32	False	inf	1.0	False	
AqTMK_229_final.txt	AqTMK_187_final.txt	AqTMK_229	AqTMK_187	33	32	False	inf	1.0	False	
AqTMK_229_final.txt	AqTMK_188_final.txt	AqTMK_229	AqTMK_188	33	32	False	inf	1.0	False	
AqTMK_229_final.txt	AqTMK_191_final.txt	AqTMK_229	AqTMK_191	33	32	False	inf	1.0	False	
AqTMK_229_final.txt	AqTMK_198_final.txt	AqTMK_229	AqTMK_198	33	32	False	inf	1.0	False	
AqTMK_229_final.txt	AqTMK_218_final.txt	AqTMK_229	AqTMK_218	33	32	False	inf	1.0	False	
AqTMK_229_final.txt	AqTMK_234_final.txt	AqTMK_229	AqTMK_234	33	32	False	inf	1.0	False	
AqTMK_229_final.txt	AqTMK_224_final.txt	AqTMK_229	AqTMK_224	33	32	False	inf	1.0	False	
AqTMK_229_final.txt	AqTMK_219_final.txt	AqTMK_229	AqTMK_219	33	32	False	inf	1.0	False	
AqTMK_229_final.txt	AqTMK_236_final.txt	AqTMK_229	AqTMK_236	33	32	False	inf	1.0	False	
AqTMK_229_final.txt	AqTMK_240_final.txt	AqTMK_229	AqTMK_240	33	32	False	inf	1.0	False	
AqTMK_229_final.txt	AqTMK_242_final.txt	AqTMK_229	AqTMK_242	33	32	False	inf	1.0	False	
AqTMK_229_final.txt	AqTMK_245_final.txt	AqTMK_229	AqTMK_245	33	32	False	inf	1.0	False	
AqTMK_229_final.txt	AqTMK_249_final.txt	AqTMK_229	AqTMK_249	33	32	False	inf	1.0	False	
AqTMK_229_final.txt	AqTMK_263_final.txt	AqTMK_229	AqTMK_263	33	32	False	inf	1.0	False	
AqTMK_229_final.txt	AqTMK_272_final.txt	AqTMK_229	AqTMK_272	33	32	False	inf	1.0	False	
AqTMK_229_final.txt	AqTMK_267_final.txt	AqTMK_229	AqTMK_267	33	32	False	inf	1.0	False	
AqTMK_229_final.txt	AqTMK_274_final.txt	AqTMK_229	AqTMK_274	33	32	False	inf	1.0	False	
AqTMK_229_final.txt	AqTMK_275_final.txt	AqTMK_229	AqTMK_275	33	32	False	inf	1.0	False	
AqTMK_229_final.txt	AqTMK_279_final.txt	AqTMK_229	AqTMK_279	33	32	False	inf	1.0	False	
AqTMK_229_final.txt	AqTMK_286_final.txt	AqTMK_229	AqTMK_286	33	32	False	inf	1.0	False	
AqTMK_229_final.txt	AqTMK_290_final.txt	AqTMK_229	AqTMK_290	33	32	False	inf	1.0	False	
AqTMK_229_final.txt	AqTMK_309_final.txt	AqTMK_229	AqTMK_309	33	32	False	inf	1.0	False	
AqTMK_229_final.txt	AqTMK_292_final.txt	AqTMK_229	AqTMK_292	33	32	False	inf	1.0	False	
AqTMK_229_final.txt	AqTMK_299_final.txt	AqTMK_229	AqTMK_299	33	32	False	inf	1.0	False	
AqTMK_229_final.txt	AqTMK_45_final.txt	AqTMK_229	AqTMK_45	33	31	False	inf	1.0	False	
AqTMK_229_final.txt	AqTMK_47_final.txt	AqTMK_229	AqTMK_47	33	31	False	inf	1.0	False	
AqTMK_229_final.txt	AqTMK_48_final.txt	AqTMK_229	AqTMK_48	33	31	False	inf	1.0	False	
AqTMK_229_final.txt	AqTMK_53_final.txt	AqTMK_229	AqTMK_53	33	31	False	inf	1.0	False	
AqTMK_229_final.txt	AqTMK_57_final.txt	AqTMK_229	AqTMK_57	33	31	False	inf	1.0	False	
AqTMK_229_final.txt	AqTMK_76_final.txt	AqTMK_229	AqTMK_76	33	31	False	inf	1.0	False	
AqTMK_229_final.txt	AqTMK_72_final.txt	AqTMK_229	AqTMK_72	33	31	False	inf	1.0	False	
AqTMK_229_final.txt	AqTMK_73_final.txt	AqTMK_229	AqTMK_73	33	31	False	inf	1.0	False	
AqTMK_229_final.txt	AqTMK_92_final.txt	AqTMK_229	AqTMK_92	33	31	False	inf	1.0	False	
AqTMK_229_final.txt	AqTMK_94_final.txt	AqTMK_229	AqTMK_94	33	31	False	inf	1.0	False	
AqTMK_229_final.txt	AqTMK_108_final.txt	AqTMK_229	AqTMK_108	33	31	False	inf	1.0	False	
AqTMK_229_final.txt	AqTMK_110_final.txt	AqTMK_229	AqTMK_110	33	31	False	inf	1.0	False	
AqTMK_229_final.txt	AqTMK_112_final.txt	AqTMK_229	AqTMK_112	33	31	False	inf	1.0	False	
AqTMK_229_final.txt	AqTMK_119_final.txt	AqTMK_229	AqTMK_119	33	31	False	inf	1.0	False	
AqTMK_229_final.txt	AqTMK_122_final.txt	AqTMK_229	AqTMK_122	33	31	False	inf	1.0	False	
AqTMK_229_final.txt	AqTMK_123_final.txt	AqTMK_229	AqTMK_123	33	31	False	inf	1.0	False	
AqTMK_229_final.txt	AqTMK_132_final.txt	AqTMK_229	AqTMK_132	33	31	False	inf	1.0	False	
AqTMK_229_final.txt	AqTMK_133_final.txt	AqTMK_229	AqTMK_133	33	31	False	inf	1.0	False	
AqTMK_229_final.txt	AqTMK_167_final.txt	AqTMK_229	AqTMK_167	33	31	False	inf	1.0	False	
AqTMK_229_final.txt	AqTMK_172_final.txt	AqTMK_229	AqTMK_172	33	31	False	inf	1.0	False	
AqTMK_229_final.txt	AqTMK_178_final.txt	AqTMK_229	AqTMK_178	33	31	False	inf	1.0	False	
AqTMK_229_final.txt	AqTMK_201_final.txt	AqTMK_229	AqTMK_201	33	31	False	inf	1.0	False	
AqTMK_229_final.txt	AqTMK_184_final.txt	AqTMK_229	AqTMK_184	33	31	False	inf	1.0	False	
AqTMK_229_final.txt	AqTMK_195_final.txt	AqTMK_229	AqTMK_195	33	31	False	inf	1.0	False	
AqTMK_229_final.txt	AqTMK_211_final.txt	AqTMK_229	AqTMK_211	33	31	False	inf	1.0	False	
AqTMK_229_final.txt	AqTMK_237_final.txt	AqTMK_229	AqTMK_237	33	31	False	inf	1.0	False	
AqTMK_229_final.txt	AqTMK_238_final.txt	AqTMK_229	AqTMK_238	33	31	False	inf	1.0	False	
AqTMK_229_final.txt	AqTMK_253_final.txt	AqTMK_229	AqTMK_253	33	31	False	inf	1.0	False	
AqTMK_229_final.txt	AqTMK_276_final.txt	AqTMK_229	AqTMK_276	33	31	False	inf	1.0	False	
AqTMK_229_final.txt	AqTMK_277_final.txt	AqTMK_229	AqTMK_277	33	31	False	inf	1.0	False	
AqTMK_229_final.txt	AqTMK_300_final.txt	AqTMK_229	AqTMK_300	33	31	False	inf	1.0	False	
AqTMK_229_final.txt	AqTMK_288_final.txt	AqTMK_229	AqTMK_288	33	31	False	inf	1.0	False	
AqTMK_229_final.txt	AqTMK_33_final.txt	AqTMK_229	AqTMK_33	33	30	False	inf	1.0	False	
AqTMK_229_final.txt	AqTMK_43_final.txt	AqTMK_229	AqTMK_43	33	30	False	inf	1.0	False	
AqTMK_229_final.txt	AqTMK_49_final.txt	AqTMK_229	AqTMK_49	33	30	False	inf	1.0	False	
AqTMK_229_final.txt	AqTMK_50_final.txt	AqTMK_229	AqTMK_50	33	30	False	inf	1.0	False	
AqTMK_229_final.txt	AqTMK_66_final.txt	AqTMK_229	AqTMK_66	33	30	False	inf	1.0	False	
AqTMK_229_final.txt	AqTMK_102_final.txt	AqTMK_229	AqTMK_102	33	30	False	inf	1.0	False	
AqTMK_229_final.txt	AqTMK_153_final.txt	AqTMK_229	AqTMK_153	33	30	False	inf	1.0	False	
AqTMK_229_final.txt	AqTMK_124_final.txt	AqTMK_229	AqTMK_124	33	30	False	inf	1.0	False	
AqTMK_229_final.txt	AqTMK_193_final.txt	AqTMK_229	AqTMK_193	33	30	False	inf	1.0	False	
AqTMK_229_final.txt	AqTMK_264_final.txt	AqTMK_229	AqTMK_264	33	30	False	inf	1.0	False	
AqTMK_229_final.txt	AqTMK_121_final.txt	AqTMK_229	AqTMK_121	33	29	False	inf	1.0	False	
AqTMK_230_final.txt	AqTMK_231_final.txt	AqTMK_230	AqTMK_231	33	33	True	6	1.0	False	
AqTMK_230_final.txt	AqTMK_233_final.txt	AqTMK_230	AqTMK_233	33	33	True	6	1.0	False	
AqTMK_230_final.txt	AqTMK_262_final.txt	AqTMK_230	AqTMK_262	33	33	True	6	1.0	False	
AqTMK_230_final.txt	AqTMK_259_final.txt	AqTMK_230	AqTMK_259	33	33	True	8	1.0	False	
AqTMK_230_final.txt	AqTMK_273_final.txt	AqTMK_230	AqTMK_273	33	33	True	4	1.0	False	
AqTMK_230_final.txt	AqTMK_270_final.txt	AqTMK_230	AqTMK_270	33	33	True	8	1.0	False	
AqTMK_230_final.txt	AqTMK_284_final.txt	AqTMK_230	AqTMK_284	33	33	True	4	1.0	False	
AqTMK_230_final.txt	AqTMK_285_final.txt	AqTMK_230	AqTMK_285	33	33	True	8	1.0	False	
AqTMK_230_final.txt	AqTMK_295_final.txt	AqTMK_230	AqTMK_295	33	33	True	6	1.0	False	
AqTMK_230_final.txt	AqTMK_54_final.txt	AqTMK_230	AqTMK_54	33	32	False	inf	1.0	False	
AqTMK_230_final.txt	AqTMK_56_final.txt	AqTMK_230	AqTMK_56	33	32	False	inf	1.0	False	
AqTMK_230_final.txt	AqTMK_59_final.txt	AqTMK_230	AqTMK_59	33	32	False	inf	1.0	False	
AqTMK_230_final.txt	AqTMK_62_final.txt	AqTMK_230	AqTMK_62	33	32	False	inf	1.0	False	
AqTMK_230_final.txt	AqTMK_63_final.txt	AqTMK_230	AqTMK_63	33	32	False	inf	1.0	False	
AqTMK_230_final.txt	AqTMK_68_final.txt	AqTMK_230	AqTMK_68	33	32	False	inf	1.0	False	
AqTMK_230_final.txt	AqTMK_311_final.txt	AqTMK_230	AqTMK_311	33	33	True	6	1.0	False	
AqTMK_230_final.txt	AqTMK_70_final.txt	AqTMK_230	AqTMK_70	33	32	False	inf	1.0	False	
AqTMK_230_final.txt	AqTMK_79_final.txt	AqTMK_230	AqTMK_79	33	32	False	inf	1.0	False	
AqTMK_230_final.txt	AqTMK_81_final.txt	AqTMK_230	AqTMK_81	33	32	False	inf	1.0	False	
AqTMK_230_final.txt	AqTMK_82_final.txt	AqTMK_230	AqTMK_82	33	32	False	inf	1.0	False	
AqTMK_230_final.txt	AqTMK_84_final.txt	AqTMK_230	AqTMK_84	33	32	False	inf	1.0	False	
AqTMK_230_final.txt	AqTMK_85_final.txt	AqTMK_230	AqTMK_85	33	32	False	inf	1.0	False	
AqTMK_230_final.txt	AqTMK_89_final.txt	AqTMK_230	AqTMK_89	33	32	False	inf	1.0	False	
AqTMK_230_final.txt	AqTMK_91_final.txt	AqTMK_230	AqTMK_91	33	32	False	inf	1.0	False	
AqTMK_230_final.txt	AqTMK_99_final.txt	AqTMK_230	AqTMK_99	33	32	False	inf	1.0	False	
AqTMK_230_final.txt	AqTMK_93_final.txt	AqTMK_230	AqTMK_93	33	32	False	inf	1.0	False	
AqTMK_230_final.txt	AqTMK_98_final.txt	AqTMK_230	AqTMK_98	33	32	False	inf	1.0	False	
AqTMK_230_final.txt	AqTMK_101_final.txt	AqTMK_230	AqTMK_101	33	32	False	inf	1.0	False	
AqTMK_230_final.txt	AqTMK_103_final.txt	AqTMK_230	AqTMK_103	33	32	False	inf	1.0	False	
AqTMK_230_final.txt	AqTMK_104_final.txt	AqTMK_230	AqTMK_104	33	32	False	inf	1.0	False	
AqTMK_230_final.txt	AqTMK_106_final.txt	AqTMK_230	AqTMK_106	33	32	False	inf	1.0	False	
AqTMK_230_final.txt	AqTMK_114_final.txt	AqTMK_230	AqTMK_114	33	32	False	inf	1.0	False	
AqTMK_230_final.txt	AqTMK_118_final.txt	AqTMK_230	AqTMK_118	33	32	False	inf	1.0	False	
AqTMK_230_final.txt	AqTMK_117_final.txt	AqTMK_230	AqTMK_117	33	32	False	inf	1.0	False	
AqTMK_230_final.txt	AqTMK_131_final.txt	AqTMK_230	AqTMK_131	33	32	False	inf	1.0	False	
AqTMK_230_final.txt	AqTMK_149_final.txt	AqTMK_230	AqTMK_149	33	32	False	inf	1.0	False	
AqTMK_230_final.txt	AqTMK_155_final.txt	AqTMK_230	AqTMK_155	33	32	False	inf	1.0	False	
AqTMK_230_final.txt	AqTMK_159_final.txt	AqTMK_230	AqTMK_159	33	32	False	inf	1.0	False	
AqTMK_230_final.txt	AqTMK_165_final.txt	AqTMK_230	AqTMK_165	33	32	False	inf	1.0	False	
AqTMK_230_final.txt	AqTMK_173_final.txt	AqTMK_230	AqTMK_173	33	32	False	inf	1.0	False	
AqTMK_230_final.txt	AqTMK_187_final.txt	AqTMK_230	AqTMK_187	33	32	False	inf	1.0	False	
AqTMK_230_final.txt	AqTMK_179_final.txt	AqTMK_230	AqTMK_179	33	32	False	inf	1.0	False	
AqTMK_230_final.txt	AqTMK_181_final.txt	AqTMK_230	AqTMK_181	33	32	False	inf	1.0	False	
AqTMK_230_final.txt	AqTMK_188_final.txt	AqTMK_230	AqTMK_188	33	32	False	inf	1.0	False	
AqTMK_230_final.txt	AqTMK_191_final.txt	AqTMK_230	AqTMK_191	33	32	False	inf	1.0	False	
AqTMK_230_final.txt	AqTMK_198_final.txt	AqTMK_230	AqTMK_198	33	32	False	inf	1.0	False	
AqTMK_230_final.txt	AqTMK_218_final.txt	AqTMK_230	AqTMK_218	33	32	False	inf	1.0	False	
AqTMK_230_final.txt	AqTMK_219_final.txt	AqTMK_230	AqTMK_219	33	32	False	inf	1.0	False	
AqTMK_230_final.txt	AqTMK_236_final.txt	AqTMK_230	AqTMK_236	33	32	False	inf	1.0	False	
AqTMK_230_final.txt	AqTMK_224_final.txt	AqTMK_230	AqTMK_224	33	32	False	inf	1.0	False	
AqTMK_230_final.txt	AqTMK_234_final.txt	AqTMK_230	AqTMK_234	33	32	False	inf	1.0	False	
AqTMK_230_final.txt	AqTMK_240_final.txt	AqTMK_230	AqTMK_240	33	32	False	inf	1.0	False	
AqTMK_230_final.txt	AqTMK_242_final.txt	AqTMK_230	AqTMK_242	33	32	False	inf	1.0	False	
AqTMK_230_final.txt	AqTMK_245_final.txt	AqTMK_230	AqTMK_245	33	32	False	inf	1.0	False	
AqTMK_230_final.txt	AqTMK_249_final.txt	AqTMK_230	AqTMK_249	33	32	False	inf	1.0	False	
AqTMK_230_final.txt	AqTMK_263_final.txt	AqTMK_230	AqTMK_263	33	32	False	inf	1.0	False	
AqTMK_230_final.txt	AqTMK_267_final.txt	AqTMK_230	AqTMK_267	33	32	False	inf	1.0	False	
AqTMK_230_final.txt	AqTMK_272_final.txt	AqTMK_230	AqTMK_272	33	32	False	inf	1.0	False	
AqTMK_230_final.txt	AqTMK_274_final.txt	AqTMK_230	AqTMK_274	33	32	False	inf	1.0	False	
AqTMK_230_final.txt	AqTMK_275_final.txt	AqTMK_230	AqTMK_275	33	32	False	inf	1.0	False	
AqTMK_230_final.txt	AqTMK_279_final.txt	AqTMK_230	AqTMK_279	33	32	False	inf	1.0	False	
AqTMK_230_final.txt	AqTMK_286_final.txt	AqTMK_230	AqTMK_286	33	32	False	inf	1.0	False	
AqTMK_230_final.txt	AqTMK_290_final.txt	AqTMK_230	AqTMK_290	33	32	False	inf	1.0	False	
AqTMK_230_final.txt	AqTMK_292_final.txt	AqTMK_230	AqTMK_292	33	32	False	inf	1.0	False	
AqTMK_230_final.txt	AqTMK_45_final.txt	AqTMK_230	AqTMK_45	33	31	False	inf	1.0	False	
AqTMK_230_final.txt	AqTMK_299_final.txt	AqTMK_230	AqTMK_299	33	32	False	inf	1.0	False	
AqTMK_230_final.txt	AqTMK_309_final.txt	AqTMK_230	AqTMK_309	33	32	False	inf	1.0	False	
AqTMK_230_final.txt	AqTMK_47_final.txt	AqTMK_230	AqTMK_47	33	31	False	inf	1.0	False	
AqTMK_230_final.txt	AqTMK_48_final.txt	AqTMK_230	AqTMK_48	33	31	False	inf	1.0	False	
AqTMK_230_final.txt	AqTMK_53_final.txt	AqTMK_230	AqTMK_53	33	31	False	inf	1.0	False	
AqTMK_230_final.txt	AqTMK_57_final.txt	AqTMK_230	AqTMK_57	33	31	False	inf	1.0	False	
AqTMK_230_final.txt	AqTMK_72_final.txt	AqTMK_230	AqTMK_72	33	31	False	inf	1.0	False	
AqTMK_230_final.txt	AqTMK_73_final.txt	AqTMK_230	AqTMK_73	33	31	False	inf	1.0	False	
AqTMK_230_final.txt	AqTMK_92_final.txt	AqTMK_230	AqTMK_92	33	31	False	inf	1.0	False	
AqTMK_230_final.txt	AqTMK_76_final.txt	AqTMK_230	AqTMK_76	33	31	False	inf	1.0	False	
AqTMK_230_final.txt	AqTMK_94_final.txt	AqTMK_230	AqTMK_94	33	31	False	inf	1.0	False	
AqTMK_230_final.txt	AqTMK_108_final.txt	AqTMK_230	AqTMK_108	33	31	False	inf	1.0	False	
AqTMK_230_final.txt	AqTMK_110_final.txt	AqTMK_230	AqTMK_110	33	31	False	inf	1.0	False	
AqTMK_230_final.txt	AqTMK_112_final.txt	AqTMK_230	AqTMK_112	33	31	False	inf	1.0	False	
AqTMK_230_final.txt	AqTMK_119_final.txt	AqTMK_230	AqTMK_119	33	31	False	inf	1.0	False	
AqTMK_230_final.txt	AqTMK_132_final.txt	AqTMK_230	AqTMK_132	33	31	False	inf	1.0	False	
AqTMK_230_final.txt	AqTMK_122_final.txt	AqTMK_230	AqTMK_122	33	31	False	inf	1.0	False	
AqTMK_230_final.txt	AqTMK_123_final.txt	AqTMK_230	AqTMK_123	33	31	False	inf	1.0	False	
AqTMK_230_final.txt	AqTMK_133_final.txt	AqTMK_230	AqTMK_133	33	31	False	inf	1.0	False	
AqTMK_230_final.txt	AqTMK_167_final.txt	AqTMK_230	AqTMK_167	33	31	False	inf	1.0	False	
AqTMK_230_final.txt	AqTMK_172_final.txt	AqTMK_230	AqTMK_172	33	31	False	inf	1.0	False	
AqTMK_230_final.txt	AqTMK_178_final.txt	AqTMK_230	AqTMK_178	33	31	False	inf	1.0	False	
AqTMK_230_final.txt	AqTMK_184_final.txt	AqTMK_230	AqTMK_184	33	31	False	inf	1.0	False	
AqTMK_230_final.txt	AqTMK_211_final.txt	AqTMK_230	AqTMK_211	33	31	False	inf	1.0	False	
AqTMK_230_final.txt	AqTMK_195_final.txt	AqTMK_230	AqTMK_195	33	31	False	inf	1.0	False	
AqTMK_230_final.txt	AqTMK_201_final.txt	AqTMK_230	AqTMK_201	33	31	False	inf	1.0	False	
AqTMK_230_final.txt	AqTMK_237_final.txt	AqTMK_230	AqTMK_237	33	31	False	inf	1.0	False	
AqTMK_230_final.txt	AqTMK_238_final.txt	AqTMK_230	AqTMK_238	33	31	False	inf	1.0	False	
AqTMK_230_final.txt	AqTMK_253_final.txt	AqTMK_230	AqTMK_253	33	31	False	inf	1.0	False	
AqTMK_230_final.txt	AqTMK_276_final.txt	AqTMK_230	AqTMK_276	33	31	False	inf	1.0	False	
AqTMK_230_final.txt	AqTMK_277_final.txt	AqTMK_230	AqTMK_277	33	31	False	inf	1.0	False	
AqTMK_230_final.txt	AqTMK_288_final.txt	AqTMK_230	AqTMK_288	33	31	False	inf	1.0	False	
AqTMK_230_final.txt	AqTMK_33_final.txt	AqTMK_230	AqTMK_33	33	30	False	inf	1.0	False	
AqTMK_230_final.txt	AqTMK_300_final.txt	AqTMK_230	AqTMK_300	33	31	False	inf	1.0	False	
AqTMK_230_final.txt	AqTMK_43_final.txt	AqTMK_230	AqTMK_43	33	30	False	inf	1.0	False	
AqTMK_230_final.txt	AqTMK_49_final.txt	AqTMK_230	AqTMK_49	33	30	False	inf	1.0	False	
AqTMK_230_final.txt	AqTMK_50_final.txt	AqTMK_230	AqTMK_50	33	30	False	inf	1.0	False	
AqTMK_230_final.txt	AqTMK_66_final.txt	AqTMK_230	AqTMK_66	33	30	False	inf	1.0	False	
AqTMK_230_final.txt	AqTMK_102_final.txt	AqTMK_230	AqTMK_102	33	30	False	inf	1.0	False	
AqTMK_230_final.txt	AqTMK_193_final.txt	AqTMK_230	AqTMK_193	33	30	False	inf	1.0	False	
AqTMK_230_final.txt	AqTMK_124_final.txt	AqTMK_230	AqTMK_124	33	30	False	inf	1.0	False	
AqTMK_230_final.txt	AqTMK_153_final.txt	AqTMK_230	AqTMK_153	33	30	False	inf	1.0	False	
AqTMK_230_final.txt	AqTMK_264_final.txt	AqTMK_230	AqTMK_264	33	30	False	inf	1.0	False	
AqTMK_230_final.txt	AqTMK_121_final.txt	AqTMK_230	AqTMK_121	33	29	False	inf	1.0	False	
AqTMK_231_final.txt	AqTMK_233_final.txt	AqTMK_231	AqTMK_233	33	33	True	4	1.0	False	
AqTMK_231_final.txt	AqTMK_262_final.txt	AqTMK_231	AqTMK_262	33	33	True	6	1.0	False	
AqTMK_231_final.txt	AqTMK_259_final.txt	AqTMK_231	AqTMK_259	33	33	True	8	1.0	False	
AqTMK_231_final.txt	AqTMK_270_final.txt	AqTMK_231	AqTMK_270	33	33	True	8	1.0	False	
AqTMK_231_final.txt	AqTMK_273_final.txt	AqTMK_231	AqTMK_273	33	33	True	8	1.0	False	
AqTMK_231_final.txt	AqTMK_284_final.txt	AqTMK_231	AqTMK_284	33	33	True	6	1.0	False	
AqTMK_231_final.txt	AqTMK_295_final.txt	AqTMK_231	AqTMK_295	33	33	True	4	1.0	False	
AqTMK_231_final.txt	AqTMK_285_final.txt	AqTMK_231	AqTMK_285	33	33	True	8	1.0	False	
AqTMK_231_final.txt	AqTMK_54_final.txt	AqTMK_231	AqTMK_54	33	32	False	inf	1.0	False	
AqTMK_231_final.txt	AqTMK_56_final.txt	AqTMK_231	AqTMK_56	33	32	False	inf	1.0	False	
AqTMK_231_final.txt	AqTMK_59_final.txt	AqTMK_231	AqTMK_59	33	32	False	inf	1.0	False	
AqTMK_231_final.txt	AqTMK_62_final.txt	AqTMK_231	AqTMK_62	33	32	False	inf	1.0	False	
AqTMK_231_final.txt	AqTMK_63_final.txt	AqTMK_231	AqTMK_63	33	32	False	inf	1.0	False	
AqTMK_231_final.txt	AqTMK_68_final.txt	AqTMK_231	AqTMK_68	33	32	False	inf	1.0	False	
AqTMK_231_final.txt	AqTMK_70_final.txt	AqTMK_231	AqTMK_70	33	32	False	inf	1.0	False	
AqTMK_231_final.txt	AqTMK_311_final.txt	AqTMK_231	AqTMK_311	33	33	True	4	1.0	False	
AqTMK_231_final.txt	AqTMK_79_final.txt	AqTMK_231	AqTMK_79	33	32	False	inf	1.0	False	
AqTMK_231_final.txt	AqTMK_81_final.txt	AqTMK_231	AqTMK_81	33	32	False	inf	1.0	False	
AqTMK_231_final.txt	AqTMK_82_final.txt	AqTMK_231	AqTMK_82	33	32	False	inf	1.0	False	
AqTMK_231_final.txt	AqTMK_84_final.txt	AqTMK_231	AqTMK_84	33	32	False	inf	1.0	False	
AqTMK_231_final.txt	AqTMK_85_final.txt	AqTMK_231	AqTMK_85	33	32	False	inf	1.0	False	
AqTMK_231_final.txt	AqTMK_89_final.txt	AqTMK_231	AqTMK_89	33	32	False	inf	1.0	False	
AqTMK_231_final.txt	AqTMK_91_final.txt	AqTMK_231	AqTMK_91	33	32	False	inf	1.0	False	
AqTMK_231_final.txt	AqTMK_93_final.txt	AqTMK_231	AqTMK_93	33	32	False	inf	1.0	False	
AqTMK_231_final.txt	AqTMK_98_final.txt	AqTMK_231	AqTMK_98	33	32	False	inf	1.0	False	
AqTMK_231_final.txt	AqTMK_99_final.txt	AqTMK_231	AqTMK_99	33	32	False	inf	1.0	False	
AqTMK_231_final.txt	AqTMK_101_final.txt	AqTMK_231	AqTMK_101	33	32	False	inf	1.0	False	
AqTMK_231_final.txt	AqTMK_103_final.txt	AqTMK_231	AqTMK_103	33	32	False	inf	1.0	False	
AqTMK_231_final.txt	AqTMK_104_final.txt	AqTMK_231	AqTMK_104	33	32	False	inf	1.0	False	
AqTMK_231_final.txt	AqTMK_106_final.txt	AqTMK_231	AqTMK_106	33	32	False	inf	1.0	False	
AqTMK_231_final.txt	AqTMK_114_final.txt	AqTMK_231	AqTMK_114	33	32	False	inf	1.0	False	
AqTMK_231_final.txt	AqTMK_117_final.txt	AqTMK_231	AqTMK_117	33	32	False	inf	1.0	False	
AqTMK_231_final.txt	AqTMK_118_final.txt	AqTMK_231	AqTMK_118	33	32	False	inf	1.0	False	
AqTMK_231_final.txt	AqTMK_149_final.txt	AqTMK_231	AqTMK_149	33	32	False	inf	1.0	False	
AqTMK_231_final.txt	AqTMK_131_final.txt	AqTMK_231	AqTMK_131	33	32	False	inf	1.0	False	
AqTMK_231_final.txt	AqTMK_155_final.txt	AqTMK_231	AqTMK_155	33	32	False	inf	1.0	False	
AqTMK_231_final.txt	AqTMK_159_final.txt	AqTMK_231	AqTMK_159	33	32	False	inf	1.0	False	
AqTMK_231_final.txt	AqTMK_165_final.txt	AqTMK_231	AqTMK_165	33	32	False	inf	1.0	False	
AqTMK_231_final.txt	AqTMK_173_final.txt	AqTMK_231	AqTMK_173	33	32	False	inf	1.0	False	
AqTMK_231_final.txt	AqTMK_179_final.txt	AqTMK_231	AqTMK_179	33	32	False	inf	1.0	False	
AqTMK_231_final.txt	AqTMK_188_final.txt	AqTMK_231	AqTMK_188	33	32	False	inf	1.0	False	
AqTMK_231_final.txt	AqTMK_181_final.txt	AqTMK_231	AqTMK_181	33	32	False	inf	1.0	False	
AqTMK_231_final.txt	AqTMK_187_final.txt	AqTMK_231	AqTMK_187	33	32	False	inf	1.0	False	
AqTMK_231_final.txt	AqTMK_191_final.txt	AqTMK_231	AqTMK_191	33	32	False	inf	1.0	False	
AqTMK_231_final.txt	AqTMK_198_final.txt	AqTMK_231	AqTMK_198	33	32	False	inf	1.0	False	
AqTMK_231_final.txt	AqTMK_218_final.txt	AqTMK_231	AqTMK_218	33	32	False	inf	1.0	False	
AqTMK_231_final.txt	AqTMK_219_final.txt	AqTMK_231	AqTMK_219	33	32	False	inf	1.0	False	
AqTMK_231_final.txt	AqTMK_224_final.txt	AqTMK_231	AqTMK_224	33	32	False	inf	1.0	False	
AqTMK_231_final.txt	AqTMK_234_final.txt	AqTMK_231	AqTMK_234	33	32	False	inf	1.0	False	
AqTMK_231_final.txt	AqTMK_240_final.txt	AqTMK_231	AqTMK_240	33	32	False	inf	1.0	False	
AqTMK_231_final.txt	AqTMK_236_final.txt	AqTMK_231	AqTMK_236	33	32	False	inf	1.0	False	
AqTMK_231_final.txt	AqTMK_242_final.txt	AqTMK_231	AqTMK_242	33	32	False	inf	1.0	False	
AqTMK_231_final.txt	AqTMK_245_final.txt	AqTMK_231	AqTMK_245	33	32	False	inf	1.0	False	
AqTMK_231_final.txt	AqTMK_249_final.txt	AqTMK_231	AqTMK_249	33	32	False	inf	1.0	False	
AqTMK_231_final.txt	AqTMK_263_final.txt	AqTMK_231	AqTMK_263	33	32	False	inf	1.0	False	
AqTMK_231_final.txt	AqTMK_267_final.txt	AqTMK_231	AqTMK_267	33	32	False	inf	1.0	False	
AqTMK_231_final.txt	AqTMK_274_final.txt	AqTMK_231	AqTMK_274	33	32	False	inf	1.0	False	
AqTMK_231_final.txt	AqTMK_275_final.txt	AqTMK_231	AqTMK_275	33	32	False	inf	1.0	False	
AqTMK_231_final.txt	AqTMK_272_final.txt	AqTMK_231	AqTMK_272	33	32	False	inf	1.0	False	
AqTMK_231_final.txt	AqTMK_279_final.txt	AqTMK_231	AqTMK_279	33	32	False	inf	1.0	False	
AqTMK_231_final.txt	AqTMK_286_final.txt	AqTMK_231	AqTMK_286	33	32	False	inf	1.0	False	
AqTMK_231_final.txt	AqTMK_290_final.txt	AqTMK_231	AqTMK_290	33	32	False	inf	1.0	False	
AqTMK_231_final.txt	AqTMK_292_final.txt	AqTMK_231	AqTMK_292	33	32	False	inf	1.0	False	
AqTMK_231_final.txt	AqTMK_299_final.txt	AqTMK_231	AqTMK_299	33	32	False	inf	1.0	False	
AqTMK_231_final.txt	AqTMK_309_final.txt	AqTMK_231	AqTMK_309	33	32	False	inf	1.0	False	
AqTMK_231_final.txt	AqTMK_47_final.txt	AqTMK_231	AqTMK_47	33	31	False	inf	1.0	False	
AqTMK_231_final.txt	AqTMK_45_final.txt	AqTMK_231	AqTMK_45	33	31	False	inf	1.0	False	
AqTMK_231_final.txt	AqTMK_48_final.txt	AqTMK_231	AqTMK_48	33	31	False	inf	1.0	False	
AqTMK_231_final.txt	AqTMK_53_final.txt	AqTMK_231	AqTMK_53	33	31	False	inf	1.0	False	
AqTMK_231_final.txt	AqTMK_57_final.txt	AqTMK_231	AqTMK_57	33	31	False	inf	1.0	False	
AqTMK_231_final.txt	AqTMK_72_final.txt	AqTMK_231	AqTMK_72	33	31	False	inf	1.0	False	
AqTMK_231_final.txt	AqTMK_73_final.txt	AqTMK_231	AqTMK_73	33	31	False	inf	1.0	False	
AqTMK_231_final.txt	AqTMK_94_final.txt	AqTMK_231	AqTMK_94	33	31	False	inf	1.0	False	
AqTMK_231_final.txt	AqTMK_76_final.txt	AqTMK_231	AqTMK_76	33	31	False	inf	1.0	False	
AqTMK_231_final.txt	AqTMK_92_final.txt	AqTMK_231	AqTMK_92	33	31	False	inf	1.0	False	
AqTMK_231_final.txt	AqTMK_108_final.txt	AqTMK_231	AqTMK_108	33	31	False	inf	1.0	False	
AqTMK_231_final.txt	AqTMK_110_final.txt	AqTMK_231	AqTMK_110	33	31	False	inf	1.0	False	
AqTMK_231_final.txt	AqTMK_112_final.txt	AqTMK_231	AqTMK_112	33	31	False	inf	1.0	False	
AqTMK_231_final.txt	AqTMK_119_final.txt	AqTMK_231	AqTMK_119	33	31	False	inf	1.0	False	
AqTMK_231_final.txt	AqTMK_122_final.txt	AqTMK_231	AqTMK_122	33	31	False	inf	1.0	False	
AqTMK_231_final.txt	AqTMK_123_final.txt	AqTMK_231	AqTMK_123	33	31	False	inf	1.0	False	
AqTMK_231_final.txt	AqTMK_133_final.txt	AqTMK_231	AqTMK_133	33	31	False	inf	1.0	False	
AqTMK_231_final.txt	AqTMK_132_final.txt	AqTMK_231	AqTMK_132	33	31	False	inf	1.0	False	
AqTMK_231_final.txt	AqTMK_167_final.txt	AqTMK_231	AqTMK_167	33	31	False	inf	1.0	False	
AqTMK_231_final.txt	AqTMK_172_final.txt	AqTMK_231	AqTMK_172	33	31	False	inf	1.0	False	
AqTMK_231_final.txt	AqTMK_178_final.txt	AqTMK_231	AqTMK_178	33	31	False	inf	1.0	False	
AqTMK_231_final.txt	AqTMK_184_final.txt	AqTMK_231	AqTMK_184	33	31	False	inf	1.0	False	
AqTMK_231_final.txt	AqTMK_195_final.txt	AqTMK_231	AqTMK_195	33	31	False	inf	1.0	False	
AqTMK_231_final.txt	AqTMK_237_final.txt	AqTMK_231	AqTMK_237	33	31	False	inf	1.0	False	
AqTMK_231_final.txt	AqTMK_201_final.txt	AqTMK_231	AqTMK_201	33	31	False	inf	1.0	False	
AqTMK_231_final.txt	AqTMK_211_final.txt	AqTMK_231	AqTMK_211	33	31	False	inf	1.0	False	
AqTMK_231_final.txt	AqTMK_238_final.txt	AqTMK_231	AqTMK_238	33	31	False	inf	1.0	False	
AqTMK_231_final.txt	AqTMK_253_final.txt	AqTMK_231	AqTMK_253	33	31	False	inf	1.0	False	
AqTMK_231_final.txt	AqTMK_276_final.txt	AqTMK_231	AqTMK_276	33	31	False	inf	1.0	False	
AqTMK_231_final.txt	AqTMK_277_final.txt	AqTMK_231	AqTMK_277	33	31	False	inf	1.0	False	
AqTMK_231_final.txt	AqTMK_288_final.txt	AqTMK_231	AqTMK_288	33	31	False	inf	1.0	False	
AqTMK_231_final.txt	AqTMK_300_final.txt	AqTMK_231	AqTMK_300	33	31	False	inf	1.0	False	
AqTMK_231_final.txt	AqTMK_43_final.txt	AqTMK_231	AqTMK_43	33	30	False	inf	1.0	False	
AqTMK_231_final.txt	AqTMK_33_final.txt	AqTMK_231	AqTMK_33	33	30	False	inf	1.0	False	
AqTMK_231_final.txt	AqTMK_49_final.txt	AqTMK_231	AqTMK_49	33	30	False	inf	1.0	False	
AqTMK_231_final.txt	AqTMK_50_final.txt	AqTMK_231	AqTMK_50	33	30	False	inf	1.0	False	
AqTMK_231_final.txt	AqTMK_66_final.txt	AqTMK_231	AqTMK_66	33	30	False	inf	1.0	False	
AqTMK_231_final.txt	AqTMK_102_final.txt	AqTMK_231	AqTMK_102	33	30	False	inf	1.0	False	
AqTMK_231_final.txt	AqTMK_124_final.txt	AqTMK_231	AqTMK_124	33	30	False	inf	1.0	False	
AqTMK_231_final.txt	AqTMK_193_final.txt	AqTMK_231	AqTMK_193	33	30	False	inf	1.0	False	
AqTMK_231_final.txt	AqTMK_264_final.txt	AqTMK_231	AqTMK_264	33	30	False	inf	1.0	False	
AqTMK_231_final.txt	AqTMK_153_final.txt	AqTMK_231	AqTMK_153	33	30	False	inf	1.0	False	
AqTMK_231_final.txt	AqTMK_121_final.txt	AqTMK_231	AqTMK_121	33	29	False	inf	1.0	False	
AqTMK_233_final.txt	AqTMK_262_final.txt	AqTMK_233	AqTMK_262	33	33	True	2	1.0	False	
AqTMK_233_final.txt	AqTMK_270_final.txt	AqTMK_233	AqTMK_270	33	33	True	6	1.0	False	
AqTMK_233_final.txt	AqTMK_273_final.txt	AqTMK_233	AqTMK_273	33	33	True	4	1.0	False	
AqTMK_233_final.txt	AqTMK_284_final.txt	AqTMK_233	AqTMK_284	33	33	True	2	1.0	False	
AqTMK_233_final.txt	AqTMK_285_final.txt	AqTMK_233	AqTMK_285	33	33	True	6	1.0	False	
AqTMK_233_final.txt	AqTMK_295_final.txt	AqTMK_233	AqTMK_295	33	33	True	2	1.0	False	
AqTMK_233_final.txt	AqTMK_311_final.txt	AqTMK_233	AqTMK_311	33	33	True	6	1.0	False	
AqTMK_233_final.txt	AqTMK_259_final.txt	AqTMK_233	AqTMK_259	33	33	True	10	1.0	False	
AqTMK_233_final.txt	AqTMK_54_final.txt	AqTMK_233	AqTMK_54	33	32	False	inf	1.0	False	
AqTMK_233_final.txt	AqTMK_56_final.txt	AqTMK_233	AqTMK_56	33	32	False	inf	1.0	False	
AqTMK_233_final.txt	AqTMK_59_final.txt	AqTMK_233	AqTMK_59	33	32	False	inf	1.0	False	
AqTMK_233_final.txt	AqTMK_62_final.txt	AqTMK_233	AqTMK_62	33	32	False	inf	1.0	False	
AqTMK_233_final.txt	AqTMK_63_final.txt	AqTMK_233	AqTMK_63	33	32	False	inf	1.0	False	
AqTMK_233_final.txt	AqTMK_68_final.txt	AqTMK_233	AqTMK_68	33	32	False	inf	1.0	False	
AqTMK_233_final.txt	AqTMK_70_final.txt	AqTMK_233	AqTMK_70	33	32	False	inf	1.0	False	
AqTMK_233_final.txt	AqTMK_79_final.txt	AqTMK_233	AqTMK_79	33	32	False	inf	1.0	False	
AqTMK_233_final.txt	AqTMK_84_final.txt	AqTMK_233	AqTMK_84	33	32	False	inf	1.0	False	
AqTMK_233_final.txt	AqTMK_81_final.txt	AqTMK_233	AqTMK_81	33	32	False	inf	1.0	False	
AqTMK_233_final.txt	AqTMK_82_final.txt	AqTMK_233	AqTMK_82	33	32	False	inf	1.0	False	
AqTMK_233_final.txt	AqTMK_85_final.txt	AqTMK_233	AqTMK_85	33	32	False	inf	1.0	False	
AqTMK_233_final.txt	AqTMK_89_final.txt	AqTMK_233	AqTMK_89	33	32	False	inf	1.0	False	
AqTMK_233_final.txt	AqTMK_91_final.txt	AqTMK_233	AqTMK_91	33	32	False	inf	1.0	False	
AqTMK_233_final.txt	AqTMK_93_final.txt	AqTMK_233	AqTMK_93	33	32	False	inf	1.0	False	
AqTMK_233_final.txt	AqTMK_98_final.txt	AqTMK_233	AqTMK_98	33	32	False	inf	1.0	False	
AqTMK_233_final.txt	AqTMK_99_final.txt	AqTMK_233	AqTMK_99	33	32	False	inf	1.0	False	
AqTMK_233_final.txt	AqTMK_103_final.txt	AqTMK_233	AqTMK_103	33	32	False	inf	1.0	False	
AqTMK_233_final.txt	AqTMK_101_final.txt	AqTMK_233	AqTMK_101	33	32	False	inf	1.0	False	
AqTMK_233_final.txt	AqTMK_104_final.txt	AqTMK_233	AqTMK_104	33	32	False	inf	1.0	False	
AqTMK_233_final.txt	AqTMK_106_final.txt	AqTMK_233	AqTMK_106	33	32	False	inf	1.0	False	
AqTMK_233_final.txt	AqTMK_114_final.txt	AqTMK_233	AqTMK_114	33	32	False	inf	1.0	False	
AqTMK_233_final.txt	AqTMK_117_final.txt	AqTMK_233	AqTMK_117	33	32	False	inf	1.0	False	
AqTMK_233_final.txt	AqTMK_118_final.txt	AqTMK_233	AqTMK_118	33	32	False	inf	1.0	False	
AqTMK_233_final.txt	AqTMK_131_final.txt	AqTMK_233	AqTMK_131	33	32	False	inf	1.0	False	
AqTMK_233_final.txt	AqTMK_149_final.txt	AqTMK_233	AqTMK_149	33	32	False	inf	1.0	False	
AqTMK_233_final.txt	AqTMK_155_final.txt	AqTMK_233	AqTMK_155	33	32	False	inf	1.0	False	
AqTMK_233_final.txt	AqTMK_159_final.txt	AqTMK_233	AqTMK_159	33	32	False	inf	1.0	False	
AqTMK_233_final.txt	AqTMK_165_final.txt	AqTMK_233	AqTMK_165	33	32	False	inf	1.0	False	
AqTMK_233_final.txt	AqTMK_173_final.txt	AqTMK_233	AqTMK_173	33	32	False	inf	1.0	False	
AqTMK_233_final.txt	AqTMK_179_final.txt	AqTMK_233	AqTMK_179	33	32	False	inf	1.0	False	
AqTMK_233_final.txt	AqTMK_181_final.txt	AqTMK_233	AqTMK_181	33	32	False	inf	1.0	False	
AqTMK_233_final.txt	AqTMK_191_final.txt	AqTMK_233	AqTMK_191	33	32	False	inf	1.0	False	
AqTMK_233_final.txt	AqTMK_188_final.txt	AqTMK_233	AqTMK_188	33	32	False	inf	1.0	False	
AqTMK_233_final.txt	AqTMK_187_final.txt	AqTMK_233	AqTMK_187	33	32	False	inf	1.0	False	
AqTMK_233_final.txt	AqTMK_198_final.txt	AqTMK_233	AqTMK_198	33	32	False	inf	1.0	False	
AqTMK_233_final.txt	AqTMK_218_final.txt	AqTMK_233	AqTMK_218	33	32	False	inf	1.0	False	
AqTMK_233_final.txt	AqTMK_219_final.txt	AqTMK_233	AqTMK_219	33	32	False	inf	1.0	False	
AqTMK_233_final.txt	AqTMK_224_final.txt	AqTMK_233	AqTMK_224	33	32	False	inf	1.0	False	
AqTMK_233_final.txt	AqTMK_234_final.txt	AqTMK_233	AqTMK_234	33	32	False	inf	1.0	False	
AqTMK_233_final.txt	AqTMK_242_final.txt	AqTMK_233	AqTMK_242	33	32	False	inf	1.0	False	
AqTMK_233_final.txt	AqTMK_236_final.txt	AqTMK_233	AqTMK_236	33	32	False	inf	1.0	False	
AqTMK_233_final.txt	AqTMK_240_final.txt	AqTMK_233	AqTMK_240	33	32	False	inf	1.0	False	
AqTMK_233_final.txt	AqTMK_245_final.txt	AqTMK_233	AqTMK_245	33	32	False	inf	1.0	False	
AqTMK_233_final.txt	AqTMK_249_final.txt	AqTMK_233	AqTMK_249	33	32	False	inf	1.0	False	
AqTMK_233_final.txt	AqTMK_263_final.txt	AqTMK_233	AqTMK_263	33	32	False	inf	1.0	False	
AqTMK_233_final.txt	AqTMK_267_final.txt	AqTMK_233	AqTMK_267	33	32	False	inf	1.0	False	
AqTMK_233_final.txt	AqTMK_272_final.txt	AqTMK_233	AqTMK_272	33	32	False	inf	1.0	False	
AqTMK_233_final.txt	AqTMK_274_final.txt	AqTMK_233	AqTMK_274	33	32	False	inf	1.0	False	
AqTMK_233_final.txt	AqTMK_279_final.txt	AqTMK_233	AqTMK_279	33	32	False	inf	1.0	False	
AqTMK_233_final.txt	AqTMK_275_final.txt	AqTMK_233	AqTMK_275	33	32	False	inf	1.0	False	
AqTMK_233_final.txt	AqTMK_286_final.txt	AqTMK_233	AqTMK_286	33	32	False	inf	1.0	False	
AqTMK_233_final.txt	AqTMK_290_final.txt	AqTMK_233	AqTMK_290	33	32	False	inf	1.0	False	
AqTMK_233_final.txt	AqTMK_292_final.txt	AqTMK_233	AqTMK_292	33	32	False	inf	1.0	False	
AqTMK_233_final.txt	AqTMK_299_final.txt	AqTMK_233	AqTMK_299	33	32	False	inf	1.0	False	
AqTMK_233_final.txt	AqTMK_309_final.txt	AqTMK_233	AqTMK_309	33	32	False	inf	1.0	False	
AqTMK_233_final.txt	AqTMK_45_final.txt	AqTMK_233	AqTMK_45	33	31	False	inf	1.0	False	
AqTMK_233_final.txt	AqTMK_48_final.txt	AqTMK_233	AqTMK_48	33	31	False	inf	1.0	False	
AqTMK_233_final.txt	AqTMK_47_final.txt	AqTMK_233	AqTMK_47	33	31	False	inf	1.0	False	
AqTMK_233_final.txt	AqTMK_53_final.txt	AqTMK_233	AqTMK_53	33	31	False	inf	1.0	False	
AqTMK_233_final.txt	AqTMK_57_final.txt	AqTMK_233	AqTMK_57	33	31	False	inf	1.0	False	
AqTMK_233_final.txt	AqTMK_72_final.txt	AqTMK_233	AqTMK_72	33	31	False	inf	1.0	False	
AqTMK_233_final.txt	AqTMK_73_final.txt	AqTMK_233	AqTMK_73	33	31	False	inf	1.0	False	
AqTMK_233_final.txt	AqTMK_76_final.txt	AqTMK_233	AqTMK_76	33	31	False	inf	1.0	False	
AqTMK_233_final.txt	AqTMK_108_final.txt	AqTMK_233	AqTMK_108	33	31	False	inf	1.0	False	
AqTMK_233_final.txt	AqTMK_94_final.txt	AqTMK_233	AqTMK_94	33	31	False	inf	1.0	False	
AqTMK_233_final.txt	AqTMK_92_final.txt	AqTMK_233	AqTMK_92	33	31	False	inf	1.0	False	
AqTMK_233_final.txt	AqTMK_110_final.txt	AqTMK_233	AqTMK_110	33	31	False	inf	1.0	False	
AqTMK_233_final.txt	AqTMK_112_final.txt	AqTMK_233	AqTMK_112	33	31	False	inf	1.0	False	
AqTMK_233_final.txt	AqTMK_119_final.txt	AqTMK_233	AqTMK_119	33	31	False	inf	1.0	False	
AqTMK_233_final.txt	AqTMK_122_final.txt	AqTMK_233	AqTMK_122	33	31	False	inf	1.0	False	
AqTMK_233_final.txt	AqTMK_123_final.txt	AqTMK_233	AqTMK_123	33	31	False	inf	1.0	False	
AqTMK_233_final.txt	AqTMK_132_final.txt	AqTMK_233	AqTMK_132	33	31	False	inf	1.0	False	
AqTMK_233_final.txt	AqTMK_133_final.txt	AqTMK_233	AqTMK_133	33	31	False	inf	1.0	False	
AqTMK_233_final.txt	AqTMK_167_final.txt	AqTMK_233	AqTMK_167	33	31	False	inf	1.0	False	
AqTMK_233_final.txt	AqTMK_172_final.txt	AqTMK_233	AqTMK_172	33	31	False	inf	1.0	False	
AqTMK_233_final.txt	AqTMK_178_final.txt	AqTMK_233	AqTMK_178	33	31	False	inf	1.0	False	
AqTMK_233_final.txt	AqTMK_184_final.txt	AqTMK_233	AqTMK_184	33	31	False	inf	1.0	False	
AqTMK_233_final.txt	AqTMK_195_final.txt	AqTMK_233	AqTMK_195	33	31	False	inf	1.0	False	
AqTMK_233_final.txt	AqTMK_201_final.txt	AqTMK_233	AqTMK_201	33	31	False	inf	1.0	False	
AqTMK_233_final.txt	AqTMK_238_final.txt	AqTMK_233	AqTMK_238	33	31	False	inf	1.0	False	
AqTMK_233_final.txt	AqTMK_211_final.txt	AqTMK_233	AqTMK_211	33	31	False	inf	1.0	False	
AqTMK_233_final.txt	AqTMK_237_final.txt	AqTMK_233	AqTMK_237	33	31	False	inf	1.0	False	
AqTMK_233_final.txt	AqTMK_253_final.txt	AqTMK_233	AqTMK_253	33	31	False	inf	1.0	False	
AqTMK_233_final.txt	AqTMK_276_final.txt	AqTMK_233	AqTMK_276	33	31	False	inf	1.0	False	
AqTMK_233_final.txt	AqTMK_277_final.txt	AqTMK_233	AqTMK_277	33	31	False	inf	1.0	False	
AqTMK_233_final.txt	AqTMK_288_final.txt	AqTMK_233	AqTMK_288	33	31	False	inf	1.0	False	
AqTMK_233_final.txt	AqTMK_300_final.txt	AqTMK_233	AqTMK_300	33	31	False	inf	1.0	False	
AqTMK_233_final.txt	AqTMK_33_final.txt	AqTMK_233	AqTMK_33	33	30	False	inf	1.0	False	
AqTMK_233_final.txt	AqTMK_43_final.txt	AqTMK_233	AqTMK_43	33	30	False	inf	1.0	False	
AqTMK_233_final.txt	AqTMK_49_final.txt	AqTMK_233	AqTMK_49	33	30	False	inf	1.0	False	
AqTMK_233_final.txt	AqTMK_50_final.txt	AqTMK_233	AqTMK_50	33	30	False	inf	1.0	False	
AqTMK_233_final.txt	AqTMK_66_final.txt	AqTMK_233	AqTMK_66	33	30	False	inf	1.0	False	
AqTMK_233_final.txt	AqTMK_102_final.txt	AqTMK_233	AqTMK_102	33	30	False	inf	1.0	False	
AqTMK_233_final.txt	AqTMK_124_final.txt	AqTMK_233	AqTMK_124	33	30	False	inf	1.0	False	
AqTMK_233_final.txt	AqTMK_153_final.txt	AqTMK_233	AqTMK_153	33	30	False	inf	1.0	False	
AqTMK_233_final.txt	AqTMK_121_final.txt	AqTMK_233	AqTMK_121	33	29	False	inf	1.0	False	
AqTMK_233_final.txt	AqTMK_193_final.txt	AqTMK_233	AqTMK_193	33	30	False	inf	1.0	False	
AqTMK_233_final.txt	AqTMK_264_final.txt	AqTMK_233	AqTMK_264	33	30	False	inf	1.0	False	
AqTMK_259_final.txt	AqTMK_270_final.txt	AqTMK_259	AqTMK_270	33	33	True	4	1.0	False	
AqTMK_259_final.txt	AqTMK_262_final.txt	AqTMK_259	AqTMK_262	33	33	True	10	1.0	False	
AqTMK_259_final.txt	AqTMK_284_final.txt	AqTMK_259	AqTMK_284	33	33	True	8	1.0	False	
AqTMK_259_final.txt	AqTMK_285_final.txt	AqTMK_259	AqTMK_285	33	33	True	4	1.0	False	
AqTMK_259_final.txt	AqTMK_273_final.txt	AqTMK_259	AqTMK_273	33	33	True	10	1.0	False	
AqTMK_259_final.txt	AqTMK_311_final.txt	AqTMK_259	AqTMK_311	33	33	True	4	1.0	False	
AqTMK_259_final.txt	AqTMK_54_final.txt	AqTMK_259	AqTMK_54	33	32	False	inf	1.0	False	
AqTMK_259_final.txt	AqTMK_295_final.txt	AqTMK_259	AqTMK_295	33	33	True	8	1.0	False	
AqTMK_259_final.txt	AqTMK_59_final.txt	AqTMK_259	AqTMK_59	33	32	False	inf	1.0	False	
AqTMK_259_final.txt	AqTMK_62_final.txt	AqTMK_259	AqTMK_62	33	32	False	inf	1.0	False	
AqTMK_259_final.txt	AqTMK_56_final.txt	AqTMK_259	AqTMK_56	33	32	False	inf	1.0	False	
AqTMK_259_final.txt	AqTMK_63_final.txt	AqTMK_259	AqTMK_63	33	32	False	inf	1.0	False	
AqTMK_259_final.txt	AqTMK_68_final.txt	AqTMK_259	AqTMK_68	33	32	False	inf	1.0	False	
AqTMK_259_final.txt	AqTMK_70_final.txt	AqTMK_259	AqTMK_70	33	32	False	inf	1.0	False	
AqTMK_259_final.txt	AqTMK_79_final.txt	AqTMK_259	AqTMK_79	33	32	False	inf	1.0	False	
AqTMK_259_final.txt	AqTMK_81_final.txt	AqTMK_259	AqTMK_81	33	32	False	inf	1.0	False	
AqTMK_259_final.txt	AqTMK_82_final.txt	AqTMK_259	AqTMK_82	33	32	False	inf	1.0	False	
AqTMK_259_final.txt	AqTMK_84_final.txt	AqTMK_259	AqTMK_84	33	32	False	inf	1.0	False	
AqTMK_259_final.txt	AqTMK_85_final.txt	AqTMK_259	AqTMK_85	33	32	False	inf	1.0	False	
AqTMK_259_final.txt	AqTMK_89_final.txt	AqTMK_259	AqTMK_89	33	32	False	inf	1.0	False	
AqTMK_259_final.txt	AqTMK_91_final.txt	AqTMK_259	AqTMK_91	33	32	False	inf	1.0	False	
AqTMK_259_final.txt	AqTMK_93_final.txt	AqTMK_259	AqTMK_93	33	32	False	inf	1.0	False	
AqTMK_259_final.txt	AqTMK_98_final.txt	AqTMK_259	AqTMK_98	33	32	False	inf	1.0	False	
AqTMK_259_final.txt	AqTMK_99_final.txt	AqTMK_259	AqTMK_99	33	32	False	inf	1.0	False	
AqTMK_259_final.txt	AqTMK_104_final.txt	AqTMK_259	AqTMK_104	33	32	False	inf	1.0	False	
AqTMK_259_final.txt	AqTMK_101_final.txt	AqTMK_259	AqTMK_101	33	32	False	inf	1.0	False	
AqTMK_259_final.txt	AqTMK_103_final.txt	AqTMK_259	AqTMK_103	33	32	False	inf	1.0	False	
AqTMK_259_final.txt	AqTMK_106_final.txt	AqTMK_259	AqTMK_106	33	32	False	inf	1.0	False	
AqTMK_259_final.txt	AqTMK_114_final.txt	AqTMK_259	AqTMK_114	33	32	False	inf	1.0	False	
AqTMK_259_final.txt	AqTMK_117_final.txt	AqTMK_259	AqTMK_117	33	32	False	inf	1.0	False	
AqTMK_259_final.txt	AqTMK_118_final.txt	AqTMK_259	AqTMK_118	33	32	False	inf	1.0	False	
AqTMK_259_final.txt	AqTMK_131_final.txt	AqTMK_259	AqTMK_131	33	32	False	inf	1.0	False	
AqTMK_259_final.txt	AqTMK_149_final.txt	AqTMK_259	AqTMK_149	33	32	False	inf	1.0	False	
AqTMK_259_final.txt	AqTMK_159_final.txt	AqTMK_259	AqTMK_159	33	32	False	inf	1.0	False	
AqTMK_259_final.txt	AqTMK_155_final.txt	AqTMK_259	AqTMK_155	33	32	False	inf	1.0	False	
AqTMK_259_final.txt	AqTMK_165_final.txt	AqTMK_259	AqTMK_165	33	32	False	inf	1.0	False	
AqTMK_259_final.txt	AqTMK_173_final.txt	AqTMK_259	AqTMK_173	33	32	False	inf	1.0	False	
AqTMK_259_final.txt	AqTMK_179_final.txt	AqTMK_259	AqTMK_179	33	32	False	inf	1.0	False	
AqTMK_259_final.txt	AqTMK_181_final.txt	AqTMK_259	AqTMK_181	33	32	False	inf	1.0	False	
AqTMK_259_final.txt	AqTMK_187_final.txt	AqTMK_259	AqTMK_187	33	32	False	inf	1.0	False	
AqTMK_259_final.txt	AqTMK_198_final.txt	AqTMK_259	AqTMK_198	33	32	False	inf	1.0	False	
AqTMK_259_final.txt	AqTMK_188_final.txt	AqTMK_259	AqTMK_188	33	32	False	inf	1.0	False	
AqTMK_259_final.txt	AqTMK_191_final.txt	AqTMK_259	AqTMK_191	33	32	False	inf	1.0	False	
AqTMK_259_final.txt	AqTMK_218_final.txt	AqTMK_259	AqTMK_218	33	32	False	inf	1.0	False	
AqTMK_259_final.txt	AqTMK_219_final.txt	AqTMK_259	AqTMK_219	33	32	False	inf	1.0	False	
AqTMK_259_final.txt	AqTMK_224_final.txt	AqTMK_259	AqTMK_224	33	32	False	inf	1.0	False	
AqTMK_259_final.txt	AqTMK_234_final.txt	AqTMK_259	AqTMK_234	33	32	False	inf	1.0	False	
AqTMK_259_final.txt	AqTMK_236_final.txt	AqTMK_259	AqTMK_236	33	32	False	inf	1.0	False	
AqTMK_259_final.txt	AqTMK_245_final.txt	AqTMK_259	AqTMK_245	33	32	False	inf	1.0	False	
AqTMK_259_final.txt	AqTMK_240_final.txt	AqTMK_259	AqTMK_240	33	32	False	inf	1.0	False	
AqTMK_259_final.txt	AqTMK_242_final.txt	AqTMK_259	AqTMK_242	33	32	False	inf	1.0	False	
AqTMK_259_final.txt	AqTMK_249_final.txt	AqTMK_259	AqTMK_249	33	32	False	inf	1.0	False	
AqTMK_259_final.txt	AqTMK_263_final.txt	AqTMK_259	AqTMK_263	33	32	False	inf	1.0	False	
AqTMK_259_final.txt	AqTMK_267_final.txt	AqTMK_259	AqTMK_267	33	32	False	inf	1.0	False	
AqTMK_259_final.txt	AqTMK_272_final.txt	AqTMK_259	AqTMK_272	33	32	False	inf	1.0	False	
AqTMK_259_final.txt	AqTMK_274_final.txt	AqTMK_259	AqTMK_274	33	32	False	inf	1.0	False	
AqTMK_259_final.txt	AqTMK_275_final.txt	AqTMK_259	AqTMK_275	33	32	False	inf	1.0	False	
AqTMK_259_final.txt	AqTMK_279_final.txt	AqTMK_259	AqTMK_279	33	32	False	inf	1.0	False	
AqTMK_259_final.txt	AqTMK_286_final.txt	AqTMK_259	AqTMK_286	33	32	False	inf	1.0	False	
AqTMK_259_final.txt	AqTMK_290_final.txt	AqTMK_259	AqTMK_290	33	32	False	inf	1.0	False	
AqTMK_259_final.txt	AqTMK_292_final.txt	AqTMK_259	AqTMK_292	33	32	False	inf	1.0	False	
AqTMK_259_final.txt	AqTMK_299_final.txt	AqTMK_259	AqTMK_299	33	32	False	inf	1.0	False	
AqTMK_259_final.txt	AqTMK_309_final.txt	AqTMK_259	AqTMK_309	33	32	False	inf	1.0	False	
AqTMK_259_final.txt	AqTMK_45_final.txt	AqTMK_259	AqTMK_45	33	31	False	inf	1.0	False	
AqTMK_259_final.txt	AqTMK_47_final.txt	AqTMK_259	AqTMK_47	33	31	False	inf	1.0	False	
AqTMK_259_final.txt	AqTMK_53_final.txt	AqTMK_259	AqTMK_53	33	31	False	inf	1.0	False	
AqTMK_259_final.txt	AqTMK_48_final.txt	AqTMK_259	AqTMK_48	33	31	False	inf	1.0	False	
AqTMK_259_final.txt	AqTMK_57_final.txt	AqTMK_259	AqTMK_57	33	31	False	inf	1.0	False	
AqTMK_259_final.txt	AqTMK_72_final.txt	AqTMK_259	AqTMK_72	33	31	False	inf	1.0	False	
AqTMK_259_final.txt	AqTMK_73_final.txt	AqTMK_259	AqTMK_73	33	31	False	inf	1.0	False	
AqTMK_259_final.txt	AqTMK_76_final.txt	AqTMK_259	AqTMK_76	33	31	False	inf	1.0	False	
AqTMK_259_final.txt	AqTMK_92_final.txt	AqTMK_259	AqTMK_92	33	31	False	inf	1.0	False	
AqTMK_259_final.txt	AqTMK_94_final.txt	AqTMK_259	AqTMK_94	33	31	False	inf	1.0	False	
AqTMK_259_final.txt	AqTMK_110_final.txt	AqTMK_259	AqTMK_110	33	31	False	inf	1.0	False	
AqTMK_259_final.txt	AqTMK_108_final.txt	AqTMK_259	AqTMK_108	33	31	False	inf	1.0	False	
AqTMK_259_final.txt	AqTMK_112_final.txt	AqTMK_259	AqTMK_112	33	31	False	inf	1.0	False	
AqTMK_259_final.txt	AqTMK_119_final.txt	AqTMK_259	AqTMK_119	33	31	False	inf	1.0	False	
AqTMK_259_final.txt	AqTMK_122_final.txt	AqTMK_259	AqTMK_122	33	31	False	inf	1.0	False	
AqTMK_259_final.txt	AqTMK_123_final.txt	AqTMK_259	AqTMK_123	33	31	False	inf	1.0	False	
AqTMK_259_final.txt	AqTMK_132_final.txt	AqTMK_259	AqTMK_132	33	31	False	inf	1.0	False	
AqTMK_259_final.txt	AqTMK_172_final.txt	AqTMK_259	AqTMK_172	33	31	False	inf	1.0	False	
AqTMK_259_final.txt	AqTMK_167_final.txt	AqTMK_259	AqTMK_167	33	31	False	inf	1.0	False	
AqTMK_259_final.txt	AqTMK_133_final.txt	AqTMK_259	AqTMK_133	33	31	False	inf	1.0	False	
AqTMK_259_final.txt	AqTMK_178_final.txt	AqTMK_259	AqTMK_178	33	31	False	inf	1.0	False	
AqTMK_259_final.txt	AqTMK_184_final.txt	AqTMK_259	AqTMK_184	33	31	False	inf	1.0	False	
AqTMK_259_final.txt	AqTMK_195_final.txt	AqTMK_259	AqTMK_195	33	31	False	inf	1.0	False	
AqTMK_259_final.txt	AqTMK_201_final.txt	AqTMK_259	AqTMK_201	33	31	False	inf	1.0	False	
AqTMK_259_final.txt	AqTMK_211_final.txt	AqTMK_259	AqTMK_211	33	31	False	inf	1.0	False	
AqTMK_259_final.txt	AqTMK_238_final.txt	AqTMK_259	AqTMK_238	33	31	False	inf	1.0	False	
AqTMK_259_final.txt	AqTMK_253_final.txt	AqTMK_259	AqTMK_253	33	31	False	inf	1.0	False	
AqTMK_259_final.txt	AqTMK_237_final.txt	AqTMK_259	AqTMK_237	33	31	False	inf	1.0	False	
AqTMK_259_final.txt	AqTMK_276_final.txt	AqTMK_259	AqTMK_276	33	31	False	inf	1.0	False	
AqTMK_259_final.txt	AqTMK_277_final.txt	AqTMK_259	AqTMK_277	33	31	False	inf	1.0	False	
AqTMK_259_final.txt	AqTMK_288_final.txt	AqTMK_259	AqTMK_288	33	31	False	inf	1.0	False	
AqTMK_259_final.txt	AqTMK_300_final.txt	AqTMK_259	AqTMK_300	33	31	False	inf	1.0	False	
AqTMK_259_final.txt	AqTMK_33_final.txt	AqTMK_259	AqTMK_33	33	30	False	inf	1.0	False	
AqTMK_259_final.txt	AqTMK_43_final.txt	AqTMK_259	AqTMK_43	33	30	False	inf	1.0	False	
AqTMK_259_final.txt	AqTMK_50_final.txt	AqTMK_259	AqTMK_50	33	30	False	inf	1.0	False	
AqTMK_259_final.txt	AqTMK_49_final.txt	AqTMK_259	AqTMK_49	33	30	False	inf	1.0	False	
AqTMK_259_final.txt	AqTMK_66_final.txt	AqTMK_259	AqTMK_66	33	30	False	inf	1.0	False	
AqTMK_259_final.txt	AqTMK_102_final.txt	AqTMK_259	AqTMK_102	33	30	False	inf	1.0	False	
AqTMK_259_final.txt	AqTMK_124_final.txt	AqTMK_259	AqTMK_124	33	30	False	inf	1.0	False	
AqTMK_259_final.txt	AqTMK_153_final.txt	AqTMK_259	AqTMK_153	33	30	False	inf	1.0	False	
AqTMK_259_final.txt	AqTMK_193_final.txt	AqTMK_259	AqTMK_193	33	30	False	inf	1.0	False	
AqTMK_259_final.txt	AqTMK_264_final.txt	AqTMK_259	AqTMK_264	33	30	False	inf	1.0	False	
AqTMK_259_final.txt	AqTMK_121_final.txt	AqTMK_259	AqTMK_121	33	29	False	inf	1.0	False	
AqTMK_262_final.txt	AqTMK_273_final.txt	AqTMK_262	AqTMK_273	33	33	True	6	1.0	False	
AqTMK_262_final.txt	AqTMK_270_final.txt	AqTMK_262	AqTMK_270	33	33	True	6	1.0	False	
AqTMK_262_final.txt	AqTMK_284_final.txt	AqTMK_262	AqTMK_284	33	33	True	2	1.0	False	
AqTMK_262_final.txt	AqTMK_285_final.txt	AqTMK_262	AqTMK_285	33	33	True	6	1.0	False	
AqTMK_262_final.txt	AqTMK_295_final.txt	AqTMK_262	AqTMK_295	33	33	True	2	1.0	False	
AqTMK_262_final.txt	AqTMK_54_final.txt	AqTMK_262	AqTMK_54	33	32	False	inf	1.0	False	
AqTMK_262_final.txt	AqTMK_56_final.txt	AqTMK_262	AqTMK_56	33	32	False	inf	1.0	False	
AqTMK_262_final.txt	AqTMK_311_final.txt	AqTMK_262	AqTMK_311	33	33	True	6	1.0	False	
AqTMK_262_final.txt	AqTMK_59_final.txt	AqTMK_262	AqTMK_59	33	32	False	inf	1.0	False	
AqTMK_262_final.txt	AqTMK_62_final.txt	AqTMK_262	AqTMK_62	33	32	False	inf	1.0	False	
AqTMK_262_final.txt	AqTMK_63_final.txt	AqTMK_262	AqTMK_63	33	32	False	inf	1.0	False	
AqTMK_262_final.txt	AqTMK_68_final.txt	AqTMK_262	AqTMK_68	33	32	False	inf	1.0	False	
AqTMK_262_final.txt	AqTMK_70_final.txt	AqTMK_262	AqTMK_70	33	32	False	inf	1.0	False	
AqTMK_262_final.txt	AqTMK_79_final.txt	AqTMK_262	AqTMK_79	33	32	False	inf	1.0	False	
AqTMK_262_final.txt	AqTMK_81_final.txt	AqTMK_262	AqTMK_81	33	32	False	inf	1.0	False	
AqTMK_262_final.txt	AqTMK_82_final.txt	AqTMK_262	AqTMK_82	33	32	False	inf	1.0	False	
AqTMK_262_final.txt	AqTMK_84_final.txt	AqTMK_262	AqTMK_84	33	32	False	inf	1.0	False	
AqTMK_262_final.txt	AqTMK_85_final.txt	AqTMK_262	AqTMK_85	33	32	False	inf	1.0	False	
AqTMK_262_final.txt	AqTMK_89_final.txt	AqTMK_262	AqTMK_89	33	32	False	inf	1.0	False	
AqTMK_262_final.txt	AqTMK_91_final.txt	AqTMK_262	AqTMK_91	33	32	False	inf	1.0	False	
AqTMK_262_final.txt	AqTMK_93_final.txt	AqTMK_262	AqTMK_93	33	32	False	inf	1.0	False	
AqTMK_262_final.txt	AqTMK_98_final.txt	AqTMK_262	AqTMK_98	33	32	False	inf	1.0	False	
AqTMK_262_final.txt	AqTMK_99_final.txt	AqTMK_262	AqTMK_99	33	32	False	inf	1.0	False	
AqTMK_262_final.txt	AqTMK_101_final.txt	AqTMK_262	AqTMK_101	33	32	False	inf	1.0	False	
AqTMK_262_final.txt	AqTMK_106_final.txt	AqTMK_262	AqTMK_106	33	32	False	inf	1.0	False	
AqTMK_262_final.txt	AqTMK_103_final.txt	AqTMK_262	AqTMK_103	33	32	False	inf	1.0	False	
AqTMK_262_final.txt	AqTMK_104_final.txt	AqTMK_262	AqTMK_104	33	32	False	inf	1.0	False	
AqTMK_262_final.txt	AqTMK_114_final.txt	AqTMK_262	AqTMK_114	33	32	False	inf	1.0	False	
AqTMK_262_final.txt	AqTMK_117_final.txt	AqTMK_262	AqTMK_117	33	32	False	inf	1.0	False	
AqTMK_262_final.txt	AqTMK_118_final.txt	AqTMK_262	AqTMK_118	33	32	False	inf	1.0	False	
AqTMK_262_final.txt	AqTMK_131_final.txt	AqTMK_262	AqTMK_131	33	32	False	inf	1.0	False	
AqTMK_262_final.txt	AqTMK_149_final.txt	AqTMK_262	AqTMK_149	33	32	False	inf	1.0	False	
AqTMK_262_final.txt	AqTMK_165_final.txt	AqTMK_262	AqTMK_165	33	32	False	inf	1.0	False	
AqTMK_262_final.txt	AqTMK_155_final.txt	AqTMK_262	AqTMK_155	33	32	False	inf	1.0	False	
AqTMK_262_final.txt	AqTMK_159_final.txt	AqTMK_262	AqTMK_159	33	32	False	inf	1.0	False	
AqTMK_262_final.txt	AqTMK_173_final.txt	AqTMK_262	AqTMK_173	33	32	False	inf	1.0	False	
AqTMK_262_final.txt	AqTMK_179_final.txt	AqTMK_262	AqTMK_179	33	32	False	inf	1.0	False	
AqTMK_262_final.txt	AqTMK_181_final.txt	AqTMK_262	AqTMK_181	33	32	False	inf	1.0	False	
AqTMK_262_final.txt	AqTMK_187_final.txt	AqTMK_262	AqTMK_187	33	32	False	inf	1.0	False	
AqTMK_262_final.txt	AqTMK_188_final.txt	AqTMK_262	AqTMK_188	33	32	False	inf	1.0	False	
AqTMK_262_final.txt	AqTMK_191_final.txt	AqTMK_262	AqTMK_191	33	32	False	inf	1.0	False	
AqTMK_262_final.txt	AqTMK_218_final.txt	AqTMK_262	AqTMK_218	33	32	False	inf	1.0	False	
AqTMK_262_final.txt	AqTMK_198_final.txt	AqTMK_262	AqTMK_198	33	32	False	inf	1.0	False	
AqTMK_262_final.txt	AqTMK_219_final.txt	AqTMK_262	AqTMK_219	33	32	False	inf	1.0	False	
AqTMK_262_final.txt	AqTMK_224_final.txt	AqTMK_262	AqTMK_224	33	32	False	inf	1.0	False	
AqTMK_262_final.txt	AqTMK_234_final.txt	AqTMK_262	AqTMK_234	33	32	False	inf	1.0	False	
AqTMK_262_final.txt	AqTMK_236_final.txt	AqTMK_262	AqTMK_236	33	32	False	inf	1.0	False	
AqTMK_262_final.txt	AqTMK_240_final.txt	AqTMK_262	AqTMK_240	33	32	False	inf	1.0	False	
AqTMK_262_final.txt	AqTMK_242_final.txt	AqTMK_262	AqTMK_242	33	32	False	inf	1.0	False	
AqTMK_262_final.txt	AqTMK_245_final.txt	AqTMK_262	AqTMK_245	33	32	False	inf	1.0	False	
AqTMK_262_final.txt	AqTMK_249_final.txt	AqTMK_262	AqTMK_249	33	32	False	inf	1.0	False	
AqTMK_262_final.txt	AqTMK_263_final.txt	AqTMK_262	AqTMK_263	33	32	False	inf	1.0	False	
AqTMK_262_final.txt	AqTMK_267_final.txt	AqTMK_262	AqTMK_267	33	32	False	inf	1.0	False	
AqTMK_262_final.txt	AqTMK_272_final.txt	AqTMK_262	AqTMK_272	33	32	False	inf	1.0	False	
AqTMK_262_final.txt	AqTMK_274_final.txt	AqTMK_262	AqTMK_274	33	32	False	inf	1.0	False	
AqTMK_262_final.txt	AqTMK_275_final.txt	AqTMK_262	AqTMK_275	33	32	False	inf	1.0	False	
AqTMK_262_final.txt	AqTMK_279_final.txt	AqTMK_262	AqTMK_279	33	32	False	inf	1.0	False	
AqTMK_262_final.txt	AqTMK_290_final.txt	AqTMK_262	AqTMK_290	33	32	False	inf	1.0	False	
AqTMK_262_final.txt	AqTMK_286_final.txt	AqTMK_262	AqTMK_286	33	32	False	inf	1.0	False	
AqTMK_262_final.txt	AqTMK_292_final.txt	AqTMK_262	AqTMK_292	33	32	False	inf	1.0	False	
AqTMK_262_final.txt	AqTMK_299_final.txt	AqTMK_262	AqTMK_299	33	32	False	inf	1.0	False	
AqTMK_262_final.txt	AqTMK_309_final.txt	AqTMK_262	AqTMK_309	33	32	False	inf	1.0	False	
AqTMK_262_final.txt	AqTMK_45_final.txt	AqTMK_262	AqTMK_45	33	31	False	inf	1.0	False	
AqTMK_262_final.txt	AqTMK_47_final.txt	AqTMK_262	AqTMK_47	33	31	False	inf	1.0	False	
AqTMK_262_final.txt	AqTMK_57_final.txt	AqTMK_262	AqTMK_57	33	31	False	inf	1.0	False	
AqTMK_262_final.txt	AqTMK_48_final.txt	AqTMK_262	AqTMK_48	33	31	False	inf	1.0	False	
AqTMK_262_final.txt	AqTMK_53_final.txt	AqTMK_262	AqTMK_53	33	31	False	inf	1.0	False	
AqTMK_262_final.txt	AqTMK_72_final.txt	AqTMK_262	AqTMK_72	33	31	False	inf	1.0	False	
AqTMK_262_final.txt	AqTMK_73_final.txt	AqTMK_262	AqTMK_73	33	31	False	inf	1.0	False	
AqTMK_262_final.txt	AqTMK_76_final.txt	AqTMK_262	AqTMK_76	33	31	False	inf	1.0	False	
AqTMK_262_final.txt	AqTMK_92_final.txt	AqTMK_262	AqTMK_92	33	31	False	inf	1.0	False	
AqTMK_262_final.txt	AqTMK_94_final.txt	AqTMK_262	AqTMK_94	33	31	False	inf	1.0	False	
AqTMK_262_final.txt	AqTMK_108_final.txt	AqTMK_262	AqTMK_108	33	31	False	inf	1.0	False	
AqTMK_262_final.txt	AqTMK_110_final.txt	AqTMK_262	AqTMK_110	33	31	False	inf	1.0	False	
AqTMK_262_final.txt	AqTMK_112_final.txt	AqTMK_262	AqTMK_112	33	31	False	inf	1.0	False	
AqTMK_262_final.txt	AqTMK_119_final.txt	AqTMK_262	AqTMK_119	33	31	False	inf	1.0	False	
AqTMK_262_final.txt	AqTMK_122_final.txt	AqTMK_262	AqTMK_122	33	31	False	inf	1.0	False	
AqTMK_262_final.txt	AqTMK_123_final.txt	AqTMK_262	AqTMK_123	33	31	False	inf	1.0	False	
AqTMK_262_final.txt	AqTMK_132_final.txt	AqTMK_262	AqTMK_132	33	31	False	inf	1.0	False	
AqTMK_262_final.txt	AqTMK_133_final.txt	AqTMK_262	AqTMK_133	33	31	False	inf	1.0	False	
AqTMK_262_final.txt	AqTMK_178_final.txt	AqTMK_262	AqTMK_178	33	31	False	inf	1.0	False	
AqTMK_262_final.txt	AqTMK_167_final.txt	AqTMK_262	AqTMK_167	33	31	False	inf	1.0	False	
AqTMK_262_final.txt	AqTMK_172_final.txt	AqTMK_262	AqTMK_172	33	31	False	inf	1.0	False	
AqTMK_262_final.txt	AqTMK_184_final.txt	AqTMK_262	AqTMK_184	33	31	False	inf	1.0	False	
AqTMK_262_final.txt	AqTMK_195_final.txt	AqTMK_262	AqTMK_195	33	31	False	inf	1.0	False	
AqTMK_262_final.txt	AqTMK_201_final.txt	AqTMK_262	AqTMK_201	33	31	False	inf	1.0	False	
AqTMK_262_final.txt	AqTMK_211_final.txt	AqTMK_262	AqTMK_211	33	31	False	inf	1.0	False	
AqTMK_262_final.txt	AqTMK_237_final.txt	AqTMK_262	AqTMK_237	33	31	False	inf	1.0	False	
AqTMK_262_final.txt	AqTMK_253_final.txt	AqTMK_262	AqTMK_253	33	31	False	inf	1.0	False	
AqTMK_262_final.txt	AqTMK_276_final.txt	AqTMK_262	AqTMK_276	33	31	False	inf	1.0	False	
AqTMK_262_final.txt	AqTMK_238_final.txt	AqTMK_262	AqTMK_238	33	31	False	inf	1.0	False	
AqTMK_262_final.txt	AqTMK_277_final.txt	AqTMK_262	AqTMK_277	33	31	False	inf	1.0	False	
AqTMK_262_final.txt	AqTMK_288_final.txt	AqTMK_262	AqTMK_288	33	31	False	inf	1.0	False	
AqTMK_262_final.txt	AqTMK_300_final.txt	AqTMK_262	AqTMK_300	33	31	False	inf	1.0	False	
AqTMK_262_final.txt	AqTMK_33_final.txt	AqTMK_262	AqTMK_33	33	30	False	inf	1.0	False	
AqTMK_262_final.txt	AqTMK_43_final.txt	AqTMK_262	AqTMK_43	33	30	False	inf	1.0	False	
AqTMK_262_final.txt	AqTMK_49_final.txt	AqTMK_262	AqTMK_49	33	30	False	inf	1.0	False	
AqTMK_262_final.txt	AqTMK_50_final.txt	AqTMK_262	AqTMK_50	33	30	False	inf	1.0	False	
AqTMK_262_final.txt	AqTMK_66_final.txt	AqTMK_262	AqTMK_66	33	30	False	inf	1.0	False	
AqTMK_262_final.txt	AqTMK_102_final.txt	AqTMK_262	AqTMK_102	33	30	False	inf	1.0	False	
AqTMK_262_final.txt	AqTMK_124_final.txt	AqTMK_262	AqTMK_124	33	30	False	inf	1.0	False	
AqTMK_262_final.txt	AqTMK_153_final.txt	AqTMK_262	AqTMK_153	33	30	False	inf	1.0	False	
AqTMK_262_final.txt	AqTMK_193_final.txt	AqTMK_262	AqTMK_193	33	30	False	inf	1.0	False	
AqTMK_262_final.txt	AqTMK_264_final.txt	AqTMK_262	AqTMK_264	33	30	False	inf	1.0	False	
AqTMK_262_final.txt	AqTMK_121_final.txt	AqTMK_262	AqTMK_121	33	29	False	inf	1.0	False	
AqTMK_270_final.txt	AqTMK_284_final.txt	AqTMK_270	AqTMK_284	33	33	True	4	1.0	False	
AqTMK_270_final.txt	AqTMK_273_final.txt	AqTMK_270	AqTMK_273	33	33	True	6	1.0	False	
AqTMK_270_final.txt	AqTMK_285_final.txt	AqTMK_270	AqTMK_285	33	33	True	0	1.0	True	class_57
AqTMK_270_final.txt	AqTMK_295_final.txt	AqTMK_270	AqTMK_295	33	33	True	4	1.0	False	
AqTMK_270_final.txt	AqTMK_54_final.txt	AqTMK_270	AqTMK_54	33	32	False	inf	1.0	False	
AqTMK_270_final.txt	AqTMK_56_final.txt	AqTMK_270	AqTMK_56	33	32	False	inf	1.0	False	
AqTMK_270_final.txt	AqTMK_59_final.txt	AqTMK_270	AqTMK_59	33	32	False	inf	1.0	False	
AqTMK_270_final.txt	AqTMK_311_final.txt	AqTMK_270	AqTMK_311	33	33	True	4	1.0	False	
AqTMK_270_final.txt	AqTMK_68_final.txt	AqTMK_270	AqTMK_68	33	32	False	inf	1.0	False	
AqTMK_270_final.txt	AqTMK_63_final.txt	AqTMK_270	AqTMK_63	33	32	False	inf	1.0	False	
AqTMK_270_final.txt	AqTMK_62_final.txt	AqTMK_270	AqTMK_62	33	32	False	inf	1.0	False	
AqTMK_270_final.txt	AqTMK_70_final.txt	AqTMK_270	AqTMK_70	33	32	False	inf	1.0	False	
AqTMK_270_final.txt	AqTMK_79_final.txt	AqTMK_270	AqTMK_79	33	32	False	inf	1.0	False	
AqTMK_270_final.txt	AqTMK_81_final.txt	AqTMK_270	AqTMK_81	33	32	False	inf	1.0	False	
AqTMK_270_final.txt	AqTMK_82_final.txt	AqTMK_270	AqTMK_82	33	32	False	inf	1.0	False	
AqTMK_270_final.txt	AqTMK_84_final.txt	AqTMK_270	AqTMK_84	33	32	False	inf	1.0	False	
AqTMK_270_final.txt	AqTMK_85_final.txt	AqTMK_270	AqTMK_85	33	32	False	inf	1.0	False	
AqTMK_270_final.txt	AqTMK_91_final.txt	AqTMK_270	AqTMK_91	33	32	False	inf	1.0	False	
AqTMK_270_final.txt	AqTMK_89_final.txt	AqTMK_270	AqTMK_89	33	32	False	inf	1.0	False	
AqTMK_270_final.txt	AqTMK_93_final.txt	AqTMK_270	AqTMK_93	33	32	False	inf	1.0	False	
AqTMK_270_final.txt	AqTMK_98_final.txt	AqTMK_270	AqTMK_98	33	32	False	inf	1.0	False	
AqTMK_270_final.txt	AqTMK_99_final.txt	AqTMK_270	AqTMK_99	33	32	False	inf	1.0	False	
AqTMK_270_final.txt	AqTMK_101_final.txt	AqTMK_270	AqTMK_101	33	32	False	inf	1.0	False	
AqTMK_270_final.txt	AqTMK_103_final.txt	AqTMK_270	AqTMK_103	33	32	False	inf	1.0	False	
AqTMK_270_final.txt	AqTMK_104_final.txt	AqTMK_270	AqTMK_104	33	32	False	inf	1.0	False	
AqTMK_270_final.txt	AqTMK_114_final.txt	AqTMK_270	AqTMK_114	33	32	False	inf	1.0	False	
AqTMK_270_final.txt	AqTMK_106_final.txt	AqTMK_270	AqTMK_106	33	32	False	inf	1.0	False	
AqTMK_270_final.txt	AqTMK_117_final.txt	AqTMK_270	AqTMK_117	33	32	False	inf	1.0	False	
AqTMK_270_final.txt	AqTMK_118_final.txt	AqTMK_270	AqTMK_118	33	32	False	inf	1.0	False	
AqTMK_270_final.txt	AqTMK_131_final.txt	AqTMK_270	AqTMK_131	33	32	False	inf	1.0	False	
AqTMK_270_final.txt	AqTMK_149_final.txt	AqTMK_270	AqTMK_149	33	32	False	inf	1.0	False	
AqTMK_270_final.txt	AqTMK_155_final.txt	AqTMK_270	AqTMK_155	33	32	False	inf	1.0	False	
AqTMK_270_final.txt	AqTMK_159_final.txt	AqTMK_270	AqTMK_159	33	32	False	inf	1.0	False	
AqTMK_270_final.txt	AqTMK_173_final.txt	AqTMK_270	AqTMK_173	33	32	False	inf	1.0	False	
AqTMK_270_final.txt	AqTMK_165_final.txt	AqTMK_270	AqTMK_165	33	32	False	inf	1.0	False	
AqTMK_270_final.txt	AqTMK_179_final.txt	AqTMK_270	AqTMK_179	33	32	False	inf	1.0	False	
AqTMK_270_final.txt	AqTMK_181_final.txt	AqTMK_270	AqTMK_181	33	32	False	inf	1.0	False	
AqTMK_270_final.txt	AqTMK_187_final.txt	AqTMK_270	AqTMK_187	33	32	False	inf	1.0	False	
AqTMK_270_final.txt	AqTMK_188_final.txt	AqTMK_270	AqTMK_188	33	32	False	inf	1.0	False	
AqTMK_270_final.txt	AqTMK_191_final.txt	AqTMK_270	AqTMK_191	33	32	False	inf	1.0	False	
AqTMK_270_final.txt	AqTMK_219_final.txt	AqTMK_270	AqTMK_219	33	32	False	inf	1.0	False	
AqTMK_270_final.txt	AqTMK_218_final.txt	AqTMK_270	AqTMK_218	33	32	False	inf	1.0	False	
AqTMK_270_final.txt	AqTMK_198_final.txt	AqTMK_270	AqTMK_198	33	32	False	inf	1.0	False	
AqTMK_270_final.txt	AqTMK_224_final.txt	AqTMK_270	AqTMK_224	33	32	False	inf	1.0	False	
AqTMK_270_final.txt	AqTMK_234_final.txt	AqTMK_270	AqTMK_234	33	32	False	inf	1.0	False	
AqTMK_270_final.txt	AqTMK_236_final.txt	AqTMK_270	AqTMK_236	33	32	False	inf	1.0	False	
AqTMK_270_final.txt	AqTMK_240_final.txt	AqTMK_270	AqTMK_240	33	32	False	inf	1.0	False	
AqTMK_270_final.txt	AqTMK_242_final.txt	AqTMK_270	AqTMK_242	33	32	False	inf	1.0	False	
AqTMK_270_final.txt	AqTMK_245_final.txt	AqTMK_270	AqTMK_245	33	32	False	inf	1.0	False	
AqTMK_270_final.txt	AqTMK_249_final.txt	AqTMK_270	AqTMK_249	33	32	False	inf	1.0	False	
AqTMK_270_final.txt	AqTMK_263_final.txt	AqTMK_270	AqTMK_263	33	32	False	inf	1.0	False	
AqTMK_270_final.txt	AqTMK_267_final.txt	AqTMK_270	AqTMK_267	33	32	False	inf	1.0	False	
AqTMK_270_final.txt	AqTMK_272_final.txt	AqTMK_270	AqTMK_272	33	32	False	inf	1.0	False	
AqTMK_270_final.txt	AqTMK_274_final.txt	AqTMK_270	AqTMK_274	33	32	False	inf	1.0	False	
AqTMK_270_final.txt	AqTMK_275_final.txt	AqTMK_270	AqTMK_275	33	32	False	inf	1.0	False	
AqTMK_270_final.txt	AqTMK_279_final.txt	AqTMK_270	AqTMK_279	33	32	False	inf	1.0	False	
AqTMK_270_final.txt	AqTMK_286_final.txt	AqTMK_270	AqTMK_286	33	32	False	inf	1.0	False	
AqTMK_270_final.txt	AqTMK_292_final.txt	AqTMK_270	AqTMK_292	33	32	False	inf	1.0	False	
AqTMK_270_final.txt	AqTMK_290_final.txt	AqTMK_270	AqTMK_290	33	32	False	inf	1.0	False	
AqTMK_270_final.txt	AqTMK_299_final.txt	AqTMK_270	AqTMK_299	33	32	False	inf	1.0	False	
AqTMK_270_final.txt	AqTMK_309_final.txt	AqTMK_270	AqTMK_309	33	32	False	inf	1.0	False	
AqTMK_270_final.txt	AqTMK_45_final.txt	AqTMK_270	AqTMK_45	33	31	False	inf	1.0	False	
AqTMK_270_final.txt	AqTMK_47_final.txt	AqTMK_270	AqTMK_47	33	31	False	inf	1.0	False	
AqTMK_270_final.txt	AqTMK_48_final.txt	AqTMK_270	AqTMK_48	33	31	False	inf	1.0	False	
AqTMK_270_final.txt	AqTMK_53_final.txt	AqTMK_270	AqTMK_53	33	31	False	inf	1.0	False	
AqTMK_270_final.txt	AqTMK_72_final.txt	AqTMK_270	AqTMK_72	33	31	False	inf	1.0	False	
AqTMK_270_final.txt	AqTMK_57_final.txt	AqTMK_270	AqTMK_57	33	31	False	inf	1.0	False	
AqTMK_270_final.txt	AqTMK_73_final.txt	AqTMK_270	AqTMK_73	33	31	False	inf	1.0	False	
AqTMK_270_final.txt	AqTMK_76_final.txt	AqTMK_270	AqTMK_76	33	31	False	inf	1.0	False	
AqTMK_270_final.txt	AqTMK_92_final.txt	AqTMK_270	AqTMK_92	33	31	False	inf	1.0	False	
AqTMK_270_final.txt	AqTMK_94_final.txt	AqTMK_270	AqTMK_94	33	31	False	inf	1.0	False	
AqTMK_270_final.txt	AqTMK_108_final.txt	AqTMK_270	AqTMK_108	33	31	False	inf	1.0	False	
AqTMK_270_final.txt	AqTMK_119_final.txt	AqTMK_270	AqTMK_119	33	31	False	inf	1.0	False	
AqTMK_270_final.txt	AqTMK_112_final.txt	AqTMK_270	AqTMK_112	33	31	False	inf	1.0	False	
AqTMK_270_final.txt	AqTMK_110_final.txt	AqTMK_270	AqTMK_110	33	31	False	inf	1.0	False	
AqTMK_270_final.txt	AqTMK_122_final.txt	AqTMK_270	AqTMK_122	33	31	False	inf	1.0	False	
AqTMK_270_final.txt	AqTMK_123_final.txt	AqTMK_270	AqTMK_123	33	31	False	inf	1.0	False	
AqTMK_270_final.txt	AqTMK_132_final.txt	AqTMK_270	AqTMK_132	33	31	False	inf	1.0	False	
AqTMK_270_final.txt	AqTMK_133_final.txt	AqTMK_270	AqTMK_133	33	31	False	inf	1.0	False	
AqTMK_270_final.txt	AqTMK_167_final.txt	AqTMK_270	AqTMK_167	33	31	False	inf	1.0	False	
AqTMK_270_final.txt	AqTMK_184_final.txt	AqTMK_270	AqTMK_184	33	31	False	inf	1.0	False	
AqTMK_270_final.txt	AqTMK_172_final.txt	AqTMK_270	AqTMK_172	33	31	False	inf	1.0	False	
AqTMK_270_final.txt	AqTMK_178_final.txt	AqTMK_270	AqTMK_178	33	31	False	inf	1.0	False	
AqTMK_270_final.txt	AqTMK_195_final.txt	AqTMK_270	AqTMK_195	33	31	False	inf	1.0	False	
AqTMK_270_final.txt	AqTMK_201_final.txt	AqTMK_270	AqTMK_201	33	31	False	inf	1.0	False	
AqTMK_270_final.txt	AqTMK_211_final.txt	AqTMK_270	AqTMK_211	33	31	False	inf	1.0	False	
AqTMK_270_final.txt	AqTMK_237_final.txt	AqTMK_270	AqTMK_237	33	31	False	inf	1.0	False	
AqTMK_270_final.txt	AqTMK_238_final.txt	AqTMK_270	AqTMK_238	33	31	False	inf	1.0	False	
AqTMK_270_final.txt	AqTMK_277_final.txt	AqTMK_270	AqTMK_277	33	31	False	inf	1.0	False	
AqTMK_270_final.txt	AqTMK_253_final.txt	AqTMK_270	AqTMK_253	33	31	False	inf	1.0	False	
AqTMK_270_final.txt	AqTMK_276_final.txt	AqTMK_270	AqTMK_276	33	31	False	inf	1.0	False	
AqTMK_270_final.txt	AqTMK_288_final.txt	AqTMK_270	AqTMK_288	33	31	False	inf	1.0	False	
AqTMK_270_final.txt	AqTMK_300_final.txt	AqTMK_270	AqTMK_300	33	31	False	inf	1.0	False	
AqTMK_270_final.txt	AqTMK_33_final.txt	AqTMK_270	AqTMK_33	33	30	False	inf	1.0	False	
AqTMK_270_final.txt	AqTMK_43_final.txt	AqTMK_270	AqTMK_43	33	30	False	inf	1.0	False	
AqTMK_270_final.txt	AqTMK_49_final.txt	AqTMK_270	AqTMK_49	33	30	False	inf	1.0	False	
AqTMK_270_final.txt	AqTMK_50_final.txt	AqTMK_270	AqTMK_50	33	30	False	inf	1.0	False	
AqTMK_270_final.txt	AqTMK_66_final.txt	AqTMK_270	AqTMK_66	33	30	False	inf	1.0	False	
AqTMK_270_final.txt	AqTMK_102_final.txt	AqTMK_270	AqTMK_102	33	30	False	inf	1.0	False	
AqTMK_270_final.txt	AqTMK_124_final.txt	AqTMK_270	AqTMK_124	33	30	False	inf	1.0	False	
AqTMK_270_final.txt	AqTMK_153_final.txt	AqTMK_270	AqTMK_153	33	30	False	inf	1.0	False	
AqTMK_270_final.txt	AqTMK_193_final.txt	AqTMK_270	AqTMK_193	33	30	False	inf	1.0	False	
AqTMK_270_final.txt	AqTMK_264_final.txt	AqTMK_270	AqTMK_264	33	30	False	inf	1.0	False	
AqTMK_270_final.txt	AqTMK_121_final.txt	AqTMK_270	AqTMK_121	33	29	False	inf	1.0	False	
AqTMK_273_final.txt	AqTMK_295_final.txt	AqTMK_273	AqTMK_295	33	33	True	6	1.0	False	
AqTMK_273_final.txt	AqTMK_284_final.txt	AqTMK_273	AqTMK_284	33	33	True	4	1.0	False	
AqTMK_273_final.txt	AqTMK_54_final.txt	AqTMK_273	AqTMK_54	33	32	False	inf	1.0	False	
AqTMK_273_final.txt	AqTMK_56_final.txt	AqTMK_273	AqTMK_56	33	32	False	inf	1.0	False	
AqTMK_273_final.txt	AqTMK_59_final.txt	AqTMK_273	AqTMK_59	33	32	False	inf	1.0	False	
AqTMK_273_final.txt	AqTMK_62_final.txt	AqTMK_273	AqTMK_62	33	32	False	inf	1.0	False	
AqTMK_273_final.txt	AqTMK_63_final.txt	AqTMK_273	AqTMK_63	33	32	False	inf	1.0	False	
AqTMK_273_final.txt	AqTMK_311_final.txt	AqTMK_273	AqTMK_311	33	33	True	10	1.0	False	
AqTMK_273_final.txt	AqTMK_79_final.txt	AqTMK_273	AqTMK_79	33	32	False	inf	1.0	False	
AqTMK_273_final.txt	AqTMK_68_final.txt	AqTMK_273	AqTMK_68	33	32	False	inf	1.0	False	
AqTMK_273_final.txt	AqTMK_70_final.txt	AqTMK_273	AqTMK_70	33	32	False	inf	1.0	False	
AqTMK_273_final.txt	AqTMK_81_final.txt	AqTMK_273	AqTMK_81	33	32	False	inf	1.0	False	
AqTMK_273_final.txt	AqTMK_82_final.txt	AqTMK_273	AqTMK_82	33	32	False	inf	1.0	False	
AqTMK_273_final.txt	AqTMK_84_final.txt	AqTMK_273	AqTMK_84	33	32	False	inf	1.0	False	
AqTMK_273_final.txt	AqTMK_85_final.txt	AqTMK_273	AqTMK_85	33	32	False	inf	1.0	False	
AqTMK_273_final.txt	AqTMK_89_final.txt	AqTMK_273	AqTMK_89	33	32	False	inf	1.0	False	
AqTMK_273_final.txt	AqTMK_98_final.txt	AqTMK_273	AqTMK_98	33	32	False	inf	1.0	False	
AqTMK_273_final.txt	AqTMK_93_final.txt	AqTMK_273	AqTMK_93	33	32	False	inf	1.0	False	
AqTMK_273_final.txt	AqTMK_91_final.txt	AqTMK_273	AqTMK_91	33	32	False	inf	1.0	False	
AqTMK_273_final.txt	AqTMK_99_final.txt	AqTMK_273	AqTMK_99	33	32	False	inf	1.0	False	
AqTMK_273_final.txt	AqTMK_101_final.txt	AqTMK_273	AqTMK_101	33	32	False	inf	1.0	False	
AqTMK_273_final.txt	AqTMK_103_final.txt	AqTMK_273	AqTMK_103	33	32	False	inf	1.0	False	
AqTMK_273_final.txt	AqTMK_104_final.txt	AqTMK_273	AqTMK_104	33	32	False	inf	1.0	False	
AqTMK_273_final.txt	AqTMK_106_final.txt	AqTMK_273	AqTMK_106	33	32	False	inf	1.0	False	
AqTMK_273_final.txt	AqTMK_114_final.txt	AqTMK_273	AqTMK_114	33	32	False	inf	1.0	False	
AqTMK_273_final.txt	AqTMK_118_final.txt	AqTMK_273	AqTMK_118	33	32	False	inf	1.0	False	
AqTMK_273_final.txt	AqTMK_117_final.txt	AqTMK_273	AqTMK_117	33	32	False	inf	1.0	False	
AqTMK_273_final.txt	AqTMK_131_final.txt	AqTMK_273	AqTMK_131	33	32	False	inf	1.0	False	
AqTMK_273_final.txt	AqTMK_149_final.txt	AqTMK_273	AqTMK_149	33	32	False	inf	1.0	False	
AqTMK_273_final.txt	AqTMK_155_final.txt	AqTMK_273	AqTMK_155	33	32	False	inf	1.0	False	
AqTMK_273_final.txt	AqTMK_159_final.txt	AqTMK_273	AqTMK_159	33	32	False	inf	1.0	False	
AqTMK_273_final.txt	AqTMK_165_final.txt	AqTMK_273	AqTMK_165	33	32	False	inf	1.0	False	
AqTMK_273_final.txt	AqTMK_181_final.txt	AqTMK_273	AqTMK_181	33	32	False	inf	1.0	False	
AqTMK_273_final.txt	AqTMK_173_final.txt	AqTMK_273	AqTMK_173	33	32	False	inf	1.0	False	
AqTMK_273_final.txt	AqTMK_179_final.txt	AqTMK_273	AqTMK_179	33	32	False	inf	1.0	False	
AqTMK_273_final.txt	AqTMK_187_final.txt	AqTMK_273	AqTMK_187	33	32	False	inf	1.0	False	
AqTMK_273_final.txt	AqTMK_188_final.txt	AqTMK_273	AqTMK_188	33	32	False	inf	1.0	False	
AqTMK_273_final.txt	AqTMK_191_final.txt	AqTMK_273	AqTMK_191	33	32	False	inf	1.0	False	
AqTMK_273_final.txt	AqTMK_198_final.txt	AqTMK_273	AqTMK_198	33	32	False	inf	1.0	False	
AqTMK_273_final.txt	AqTMK_218_final.txt	AqTMK_273	AqTMK_218	33	32	False	inf	1.0	False	
AqTMK_273_final.txt	AqTMK_219_final.txt	AqTMK_273	AqTMK_219	33	32	False	inf	1.0	False	
AqTMK_273_final.txt	AqTMK_234_final.txt	AqTMK_273	AqTMK_234	33	32	False	inf	1.0	False	
AqTMK_273_final.txt	AqTMK_224_final.txt	AqTMK_273	AqTMK_224	33	32	False	inf	1.0	False	
AqTMK_273_final.txt	AqTMK_236_final.txt	AqTMK_273	AqTMK_236	33	32	False	inf	1.0	False	
AqTMK_273_final.txt	AqTMK_240_final.txt	AqTMK_273	AqTMK_240	33	32	False	inf	1.0	False	
AqTMK_273_final.txt	AqTMK_242_final.txt	AqTMK_273	AqTMK_242	33	32	False	inf	1.0	False	
AqTMK_273_final.txt	AqTMK_245_final.txt	AqTMK_273	AqTMK_245	33	32	False	inf	1.0	False	
AqTMK_273_final.txt	AqTMK_249_final.txt	AqTMK_273	AqTMK_249	33	32	False	inf	1.0	False	
AqTMK_273_final.txt	AqTMK_272_final.txt	AqTMK_273	AqTMK_272	33	32	False	inf	1.0	False	
AqTMK_273_final.txt	AqTMK_267_final.txt	AqTMK_273	AqTMK_267	33	32	False	inf	1.0	False	
AqTMK_273_final.txt	AqTMK_263_final.txt	AqTMK_273	AqTMK_263	33	32	False	inf	1.0	False	
AqTMK_273_final.txt	AqTMK_274_final.txt	AqTMK_273	AqTMK_274	33	32	False	inf	1.0	False	
AqTMK_273_final.txt	AqTMK_275_final.txt	AqTMK_273	AqTMK_275	33	32	False	inf	1.0	False	
AqTMK_273_final.txt	AqTMK_279_final.txt	AqTMK_273	AqTMK_279	33	32	False	inf	1.0	False	
AqTMK_273_final.txt	AqTMK_286_final.txt	AqTMK_273	AqTMK_286	33	32	False	inf	1.0	False	
AqTMK_273_final.txt	AqTMK_290_final.txt	AqTMK_273	AqTMK_290	33	32	False	inf	1.0	False	
AqTMK_273_final.txt	AqTMK_292_final.txt	AqTMK_273	AqTMK_292	33	32	False	inf	1.0	False	
AqTMK_273_final.txt	AqTMK_299_final.txt	AqTMK_273	AqTMK_299	33	32	False	inf	1.0	False	
AqTMK_273_final.txt	AqTMK_309_final.txt	AqTMK_273	AqTMK_309	33	32	False	inf	1.0	False	
AqTMK_273_final.txt	AqTMK_45_final.txt	AqTMK_273	AqTMK_45	33	31	False	inf	1.0	False	
AqTMK_273_final.txt	AqTMK_47_final.txt	AqTMK_273	AqTMK_47	33	31	False	inf	1.0	False	
AqTMK_273_final.txt	AqTMK_48_final.txt	AqTMK_273	AqTMK_48	33	31	False	inf	1.0	False	
AqTMK_273_final.txt	AqTMK_53_final.txt	AqTMK_273	AqTMK_53	33	31	False	inf	1.0	False	
AqTMK_273_final.txt	AqTMK_57_final.txt	AqTMK_273	AqTMK_57	33	31	False	inf	1.0	False	
AqTMK_273_final.txt	AqTMK_76_final.txt	AqTMK_273	AqTMK_76	33	31	False	inf	1.0	False	
AqTMK_273_final.txt	AqTMK_73_final.txt	AqTMK_273	AqTMK_73	33	31	False	inf	1.0	False	
AqTMK_273_final.txt	AqTMK_72_final.txt	AqTMK_273	AqTMK_72	33	31	False	inf	1.0	False	
AqTMK_273_final.txt	AqTMK_92_final.txt	AqTMK_273	AqTMK_92	33	31	False	inf	1.0	False	
AqTMK_273_final.txt	AqTMK_94_final.txt	AqTMK_273	AqTMK_94	33	31	False	inf	1.0	False	
AqTMK_273_final.txt	AqTMK_108_final.txt	AqTMK_273	AqTMK_108	33	31	False	inf	1.0	False	
AqTMK_273_final.txt	AqTMK_110_final.txt	AqTMK_273	AqTMK_110	33	31	False	inf	1.0	False	
AqTMK_273_final.txt	AqTMK_112_final.txt	AqTMK_273	AqTMK_112	33	31	False	inf	1.0	False	
AqTMK_273_final.txt	AqTMK_119_final.txt	AqTMK_273	AqTMK_119	33	31	False	inf	1.0	False	
AqTMK_273_final.txt	AqTMK_122_final.txt	AqTMK_273	AqTMK_122	33	31	False	inf	1.0	False	
AqTMK_273_final.txt	AqTMK_123_final.txt	AqTMK_273	AqTMK_123	33	31	False	inf	1.0	False	
AqTMK_273_final.txt	AqTMK_132_final.txt	AqTMK_273	AqTMK_132	33	31	False	inf	1.0	False	
AqTMK_273_final.txt	AqTMK_133_final.txt	AqTMK_273	AqTMK_133	33	31	False	inf	1.0	False	
AqTMK_273_final.txt	AqTMK_167_final.txt	AqTMK_273	AqTMK_167	33	31	False	inf	1.0	False	
AqTMK_273_final.txt	AqTMK_172_final.txt	AqTMK_273	AqTMK_172	33	31	False	inf	1.0	False	
AqTMK_273_final.txt	AqTMK_178_final.txt	AqTMK_273	AqTMK_178	33	31	False	inf	1.0	False	
AqTMK_273_final.txt	AqTMK_201_final.txt	AqTMK_273	AqTMK_201	33	31	False	inf	1.0	False	
AqTMK_273_final.txt	AqTMK_184_final.txt	AqTMK_273	AqTMK_184	33	31	False	inf	1.0	False	
AqTMK_273_final.txt	AqTMK_195_final.txt	AqTMK_273	AqTMK_195	33	31	False	inf	1.0	False	
AqTMK_273_final.txt	AqTMK_211_final.txt	AqTMK_273	AqTMK_211	33	31	False	inf	1.0	False	
AqTMK_273_final.txt	AqTMK_237_final.txt	AqTMK_273	AqTMK_237	33	31	False	inf	1.0	False	
AqTMK_273_final.txt	AqTMK_238_final.txt	AqTMK_273	AqTMK_238	33	31	False	inf	1.0	False	
AqTMK_273_final.txt	AqTMK_253_final.txt	AqTMK_273	AqTMK_253	33	31	False	inf	1.0	False	
AqTMK_273_final.txt	AqTMK_276_final.txt	AqTMK_273	AqTMK_276	33	31	False	inf	1.0	False	
AqTMK_273_final.txt	AqTMK_300_final.txt	AqTMK_273	AqTMK_300	33	31	False	inf	1.0	False	
AqTMK_273_final.txt	AqTMK_288_final.txt	AqTMK_273	AqTMK_288	33	31	False	inf	1.0	False	
AqTMK_273_final.txt	AqTMK_277_final.txt	AqTMK_273	AqTMK_277	33	31	False	inf	1.0	False	
AqTMK_273_final.txt	AqTMK_33_final.txt	AqTMK_273	AqTMK_33	33	30	False	inf	1.0	False	
AqTMK_273_final.txt	AqTMK_43_final.txt	AqTMK_273	AqTMK_43	33	30	False	inf	1.0	False	
AqTMK_273_final.txt	AqTMK_49_final.txt	AqTMK_273	AqTMK_49	33	30	False	inf	1.0	False	
AqTMK_273_final.txt	AqTMK_50_final.txt	AqTMK_273	AqTMK_50	33	30	False	inf	1.0	False	
AqTMK_273_final.txt	AqTMK_66_final.txt	AqTMK_273	AqTMK_66	33	30	False	inf	1.0	False	
AqTMK_273_final.txt	AqTMK_102_final.txt	AqTMK_273	AqTMK_102	33	30	False	inf	1.0	False	
AqTMK_273_final.txt	AqTMK_153_final.txt	AqTMK_273	AqTMK_153	33	30	False	inf	1.0	False	
AqTMK_273_final.txt	AqTMK_124_final.txt	AqTMK_273	AqTMK_124	33	30	False	inf	1.0	False	
AqTMK_273_final.txt	AqTMK_193_final.txt	AqTMK_273	AqTMK_193	33	30	False	inf	1.0	False	
AqTMK_273_final.txt	AqTMK_264_final.txt	AqTMK_273	AqTMK_264	33	30	False	inf	1.0	False	
AqTMK_273_final.txt	AqTMK_121_final.txt	AqTMK_273	AqTMK_121	33	29	False	inf	1.0	False	
AqTMK_284_final.txt	AqTMK_295_final.txt	AqTMK_284	AqTMK_295	33	33	True	2	1.0	False	
AqTMK_284_final.txt	AqTMK_54_final.txt	AqTMK_284	AqTMK_54	33	32	False	inf	1.0	False	
AqTMK_284_final.txt	AqTMK_56_final.txt	AqTMK_284	AqTMK_56	33	32	False	inf	1.0	False	
AqTMK_284_final.txt	AqTMK_59_final.txt	AqTMK_284	AqTMK_59	33	32	False	inf	1.0	False	
AqTMK_284_final.txt	AqTMK_62_final.txt	AqTMK_284	AqTMK_62	33	32	False	inf	1.0	False	
AqTMK_284_final.txt	AqTMK_63_final.txt	AqTMK_284	AqTMK_63	33	32	False	inf	1.0	False	
AqTMK_284_final.txt	AqTMK_68_final.txt	AqTMK_284	AqTMK_68	33	32	False	inf	1.0	False	
AqTMK_284_final.txt	AqTMK_311_final.txt	AqTMK_284	AqTMK_311	33	33	True	6	1.0	False	
AqTMK_284_final.txt	AqTMK_70_final.txt	AqTMK_284	AqTMK_70	33	32	False	inf	1.0	False	
AqTMK_284_final.txt	AqTMK_81_final.txt	AqTMK_284	AqTMK_81	33	32	False	inf	1.0	False	
AqTMK_284_final.txt	AqTMK_79_final.txt	AqTMK_284	AqTMK_79	33	32	False	inf	1.0	False	
AqTMK_284_final.txt	AqTMK_82_final.txt	AqTMK_284	AqTMK_82	33	32	False	inf	1.0	False	
AqTMK_284_final.txt	AqTMK_84_final.txt	AqTMK_284	AqTMK_84	33	32	False	inf	1.0	False	
AqTMK_284_final.txt	AqTMK_85_final.txt	AqTMK_284	AqTMK_85	33	32	False	inf	1.0	False	
AqTMK_284_final.txt	AqTMK_89_final.txt	AqTMK_284	AqTMK_89	33	32	False	inf	1.0	False	
AqTMK_284_final.txt	AqTMK_91_final.txt	AqTMK_284	AqTMK_91	33	32	False	inf	1.0	False	
AqTMK_284_final.txt	AqTMK_99_final.txt	AqTMK_284	AqTMK_99	33	32	False	inf	1.0	False	
AqTMK_284_final.txt	AqTMK_93_final.txt	AqTMK_284	AqTMK_93	33	32	False	inf	1.0	False	
AqTMK_284_final.txt	AqTMK_98_final.txt	AqTMK_284	AqTMK_98	33	32	False	inf	1.0	False	
AqTMK_284_final.txt	AqTMK_101_final.txt	AqTMK_284	AqTMK_101	33	32	False	inf	1.0	False	
AqTMK_284_final.txt	AqTMK_103_final.txt	AqTMK_284	AqTMK_103	33	32	False	inf	1.0	False	
AqTMK_284_final.txt	AqTMK_104_final.txt	AqTMK_284	AqTMK_104	33	32	False	inf	1.0	False	
AqTMK_284_final.txt	AqTMK_106_final.txt	AqTMK_284	AqTMK_106	33	32	False	inf	1.0	False	
AqTMK_284_final.txt	AqTMK_114_final.txt	AqTMK_284	AqTMK_114	33	32	False	inf	1.0	False	
AqTMK_284_final.txt	AqTMK_117_final.txt	AqTMK_284	AqTMK_117	33	32	False	inf	1.0	False	
AqTMK_284_final.txt	AqTMK_118_final.txt	AqTMK_284	AqTMK_118	33	32	False	inf	1.0	False	
AqTMK_284_final.txt	AqTMK_131_final.txt	AqTMK_284	AqTMK_131	33	32	False	inf	1.0	False	
AqTMK_284_final.txt	AqTMK_149_final.txt	AqTMK_284	AqTMK_149	33	32	False	inf	1.0	False	
AqTMK_284_final.txt	AqTMK_155_final.txt	AqTMK_284	AqTMK_155	33	32	False	inf	1.0	False	
AqTMK_284_final.txt	AqTMK_159_final.txt	AqTMK_284	AqTMK_159	33	32	False	inf	1.0	False	
AqTMK_284_final.txt	AqTMK_165_final.txt	AqTMK_284	AqTMK_165	33	32	False	inf	1.0	False	
AqTMK_284_final.txt	AqTMK_173_final.txt	AqTMK_284	AqTMK_173	33	32	False	inf	1.0	False	
AqTMK_284_final.txt	AqTMK_187_final.txt	AqTMK_284	AqTMK_187	33	32	False	inf	1.0	False	
AqTMK_284_final.txt	AqTMK_179_final.txt	AqTMK_284	AqTMK_179	33	32	False	inf	1.0	False	
AqTMK_284_final.txt	AqTMK_181_final.txt	AqTMK_284	AqTMK_181	33	32	False	inf	1.0	False	
AqTMK_284_final.txt	AqTMK_188_final.txt	AqTMK_284	AqTMK_188	33	32	False	inf	1.0	False	
AqTMK_284_final.txt	AqTMK_191_final.txt	AqTMK_284	AqTMK_191	33	32	False	inf	1.0	False	
AqTMK_284_final.txt	AqTMK_198_final.txt	AqTMK_284	AqTMK_198	33	32	False	inf	1.0	False	
AqTMK_284_final.txt	AqTMK_218_final.txt	AqTMK_284	AqTMK_218	33	32	False	inf	1.0	False	
AqTMK_284_final.txt	AqTMK_219_final.txt	AqTMK_284	AqTMK_219	33	32	False	inf	1.0	False	
AqTMK_284_final.txt	AqTMK_224_final.txt	AqTMK_284	AqTMK_224	33	32	False	inf	1.0	False	
AqTMK_284_final.txt	AqTMK_236_final.txt	AqTMK_284	AqTMK_236	33	32	False	inf	1.0	False	
AqTMK_284_final.txt	AqTMK_234_final.txt	AqTMK_284	AqTMK_234	33	32	False	inf	1.0	False	
AqTMK_284_final.txt	AqTMK_240_final.txt	AqTMK_284	AqTMK_240	33	32	False	inf	1.0	False	
AqTMK_284_final.txt	AqTMK_242_final.txt	AqTMK_284	AqTMK_242	33	32	False	inf	1.0	False	
AqTMK_284_final.txt	AqTMK_245_final.txt	AqTMK_284	AqTMK_245	33	32	False	inf	1.0	False	
AqTMK_284_final.txt	AqTMK_249_final.txt	AqTMK_284	AqTMK_249	33	32	False	inf	1.0	False	
AqTMK_284_final.txt	AqTMK_263_final.txt	AqTMK_284	AqTMK_263	33	32	False	inf	1.0	False	
AqTMK_284_final.txt	AqTMK_274_final.txt	AqTMK_284	AqTMK_274	33	32	False	inf	1.0	False	
AqTMK_284_final.txt	AqTMK_267_final.txt	AqTMK_284	AqTMK_267	33	32	False	inf	1.0	False	
AqTMK_284_final.txt	AqTMK_272_final.txt	AqTMK_284	AqTMK_272	33	32	False	inf	1.0	False	
AqTMK_284_final.txt	AqTMK_275_final.txt	AqTMK_284	AqTMK_275	33	32	False	inf	1.0	False	
AqTMK_284_final.txt	AqTMK_279_final.txt	AqTMK_284	AqTMK_279	33	32	False	inf	1.0	False	
AqTMK_284_final.txt	AqTMK_286_final.txt	AqTMK_284	AqTMK_286	33	32	False	inf	1.0	False	
AqTMK_284_final.txt	AqTMK_290_final.txt	AqTMK_284	AqTMK_290	33	32	False	inf	1.0	False	
AqTMK_284_final.txt	AqTMK_292_final.txt	AqTMK_284	AqTMK_292	33	32	False	inf	1.0	False	
AqTMK_284_final.txt	AqTMK_299_final.txt	AqTMK_284	AqTMK_299	33	32	False	inf	1.0	False	
AqTMK_284_final.txt	AqTMK_45_final.txt	AqTMK_284	AqTMK_45	33	31	False	inf	1.0	False	
AqTMK_284_final.txt	AqTMK_309_final.txt	AqTMK_284	AqTMK_309	33	32	False	inf	1.0	False	
AqTMK_284_final.txt	AqTMK_47_final.txt	AqTMK_284	AqTMK_47	33	31	False	inf	1.0	False	
AqTMK_284_final.txt	AqTMK_48_final.txt	AqTMK_284	AqTMK_48	33	31	False	inf	1.0	False	
AqTMK_284_final.txt	AqTMK_53_final.txt	AqTMK_284	AqTMK_53	33	31	False	inf	1.0	False	
AqTMK_284_final.txt	AqTMK_57_final.txt	AqTMK_284	AqTMK_57	33	31	False	inf	1.0	False	
AqTMK_284_final.txt	AqTMK_72_final.txt	AqTMK_284	AqTMK_72	33	31	False	inf	1.0	False	
AqTMK_284_final.txt	AqTMK_92_final.txt	AqTMK_284	AqTMK_92	33	31	False	inf	1.0	False	
AqTMK_284_final.txt	AqTMK_73_final.txt	AqTMK_284	AqTMK_73	33	31	False	inf	1.0	False	
AqTMK_284_final.txt	AqTMK_76_final.txt	AqTMK_284	AqTMK_76	33	31	False	inf	1.0	False	
AqTMK_284_final.txt	AqTMK_94_final.txt	AqTMK_284	AqTMK_94	33	31	False	inf	1.0	False	
AqTMK_284_final.txt	AqTMK_108_final.txt	AqTMK_284	AqTMK_108	33	31	False	inf	1.0	False	
AqTMK_284_final.txt	AqTMK_110_final.txt	AqTMK_284	AqTMK_110	33	31	False	inf	1.0	False	
AqTMK_284_final.txt	AqTMK_112_final.txt	AqTMK_284	AqTMK_112	33	31	False	inf	1.0	False	
AqTMK_284_final.txt	AqTMK_119_final.txt	AqTMK_284	AqTMK_119	33	31	False	inf	1.0	False	
AqTMK_284_final.txt	AqTMK_123_final.txt	AqTMK_284	AqTMK_123	33	31	False	inf	1.0	False	
AqTMK_284_final.txt	AqTMK_122_final.txt	AqTMK_284	AqTMK_122	33	31	False	inf	1.0	False	
AqTMK_284_final.txt	AqTMK_132_final.txt	AqTMK_284	AqTMK_132	33	31	False	inf	1.0	False	
AqTMK_284_final.txt	AqTMK_133_final.txt	AqTMK_284	AqTMK_133	33	31	False	inf	1.0	False	
AqTMK_284_final.txt	AqTMK_167_final.txt	AqTMK_284	AqTMK_167	33	31	False	inf	1.0	False	
AqTMK_284_final.txt	AqTMK_172_final.txt	AqTMK_284	AqTMK_172	33	31	False	inf	1.0	False	
AqTMK_284_final.txt	AqTMK_178_final.txt	AqTMK_284	AqTMK_178	33	31	False	inf	1.0	False	
AqTMK_284_final.txt	AqTMK_184_final.txt	AqTMK_284	AqTMK_184	33	31	False	inf	1.0	False	
AqTMK_284_final.txt	AqTMK_195_final.txt	AqTMK_284	AqTMK_195	33	31	False	inf	1.0	False	
AqTMK_284_final.txt	AqTMK_211_final.txt	AqTMK_284	AqTMK_211	33	31	False	inf	1.0	False	
AqTMK_284_final.txt	AqTMK_201_final.txt	AqTMK_284	AqTMK_201	33	31	False	inf	1.0	False	
AqTMK_284_final.txt	AqTMK_237_final.txt	AqTMK_284	AqTMK_237	33	31	False	inf	1.0	False	
AqTMK_284_final.txt	AqTMK_238_final.txt	AqTMK_284	AqTMK_238	33	31	False	inf	1.0	False	
AqTMK_284_final.txt	AqTMK_253_final.txt	AqTMK_284	AqTMK_253	33	31	False	inf	1.0	False	
AqTMK_284_final.txt	AqTMK_276_final.txt	AqTMK_284	AqTMK_276	33	31	False	inf	1.0	False	
AqTMK_284_final.txt	AqTMK_277_final.txt	AqTMK_284	AqTMK_277	33	31	False	inf	1.0	False	
AqTMK_284_final.txt	AqTMK_33_final.txt	AqTMK_284	AqTMK_33	33	30	False	inf	1.0	False	
AqTMK_284_final.txt	AqTMK_300_final.txt	AqTMK_284	AqTMK_300	33	31	False	inf	1.0	False	
AqTMK_284_final.txt	AqTMK_288_final.txt	AqTMK_284	AqTMK_288	33	31	False	inf	1.0	False	
AqTMK_284_final.txt	AqTMK_43_final.txt	AqTMK_284	AqTMK_43	33	30	False	inf	1.0	False	
AqTMK_284_final.txt	AqTMK_49_final.txt	AqTMK_284	AqTMK_49	33	30	False	inf	1.0	False	
AqTMK_284_final.txt	AqTMK_50_final.txt	AqTMK_284	AqTMK_50	33	30	False	inf	1.0	False	
AqTMK_284_final.txt	AqTMK_66_final.txt	AqTMK_284	AqTMK_66	33	30	False	inf	1.0	False	
AqTMK_284_final.txt	AqTMK_102_final.txt	AqTMK_284	AqTMK_102	33	30	False	inf	1.0	False	
AqTMK_284_final.txt	AqTMK_124_final.txt	AqTMK_284	AqTMK_124	33	30	False	inf	1.0	False	
AqTMK_284_final.txt	AqTMK_193_final.txt	AqTMK_284	AqTMK_193	33	30	False	inf	1.0	False	
AqTMK_284_final.txt	AqTMK_153_final.txt	AqTMK_284	AqTMK_153	33	30	False	inf	1.0	False	
AqTMK_284_final.txt	AqTMK_264_final.txt	AqTMK_284	AqTMK_264	33	30	False	inf	1.0	False	
AqTMK_284_final.txt	AqTMK_121_final.txt	AqTMK_284	AqTMK_121	33	29	False	inf	1.0	False	
AqTMK_295_final.txt	AqTMK_54_final.txt	AqTMK_295	AqTMK_54	33	32	False	inf	1.0	False	
AqTMK_295_final.txt	AqTMK_56_final.txt	AqTMK_295	AqTMK_56	33	32	False	inf	1.0	False	
AqTMK_295_final.txt	AqTMK_59_final.txt	AqTMK_295	AqTMK_59	33	32	False	inf	1.0	False	
AqTMK_295_final.txt	AqTMK_62_final.txt	AqTMK_295	AqTMK_62	33	32	False	inf	1.0	False	
AqTMK_295_final.txt	AqTMK_63_final.txt	AqTMK_295	AqTMK_63	33	32	False	inf	1.0	False	
AqTMK_295_final.txt	AqTMK_68_final.txt	AqTMK_295	AqTMK_68	33	32	False	inf	1.0	False	
AqTMK_295_final.txt	AqTMK_70_final.txt	AqTMK_295	AqTMK_70	33	32	False	inf	1.0	False	
AqTMK_295_final.txt	AqTMK_311_final.txt	AqTMK_295	AqTMK_311	33	33	True	4	1.0	False	
AqTMK_295_final.txt	AqTMK_81_final.txt	AqTMK_295	AqTMK_81	33	32	False	inf	1.0	False	
AqTMK_295_final.txt	AqTMK_79_final.txt	AqTMK_295	AqTMK_79	33	32	False	inf	1.0	False	
AqTMK_295_final.txt	AqTMK_82_final.txt	AqTMK_295	AqTMK_82	33	32	False	inf	1.0	False	
AqTMK_295_final.txt	AqTMK_84_final.txt	AqTMK_295	AqTMK_84	33	32	False	inf	1.0	False	
AqTMK_295_final.txt	AqTMK_85_final.txt	AqTMK_295	AqTMK_85	33	32	False	inf	1.0	False	
AqTMK_295_final.txt	AqTMK_89_final.txt	AqTMK_295	AqTMK_89	33	32	False	inf	1.0	False	
AqTMK_295_final.txt	AqTMK_91_final.txt	AqTMK_295	AqTMK_91	33	32	False	inf	1.0	False	
AqTMK_295_final.txt	AqTMK_93_final.txt	AqTMK_295	AqTMK_93	33	32	False	inf	1.0	False	
AqTMK_295_final.txt	AqTMK_98_final.txt	AqTMK_295	AqTMK_98	33	32	False	inf	1.0	False	
AqTMK_295_final.txt	AqTMK_101_final.txt	AqTMK_295	AqTMK_101	33	32	False	inf	1.0	False	
AqTMK_295_final.txt	AqTMK_99_final.txt	AqTMK_295	AqTMK_99	33	32	False	inf	1.0	False	
AqTMK_295_final.txt	AqTMK_103_final.txt	AqTMK_295	AqTMK_103	33	32	False	inf	1.0	False	
AqTMK_295_final.txt	AqTMK_104_final.txt	AqTMK_295	AqTMK_104	33	32	False	inf	1.0	False	
AqTMK_295_final.txt	AqTMK_106_final.txt	AqTMK_295	AqTMK_106	33	32	False	inf	1.0	False	
AqTMK_295_final.txt	AqTMK_114_final.txt	AqTMK_295	AqTMK_114	33	32	False	inf	1.0	False	
AqTMK_295_final.txt	AqTMK_117_final.txt	AqTMK_295	AqTMK_117	33	32	False	inf	1.0	False	
AqTMK_295_final.txt	AqTMK_149_final.txt	AqTMK_295	AqTMK_149	33	32	False	inf	1.0	False	
AqTMK_295_final.txt	AqTMK_118_final.txt	AqTMK_295	AqTMK_118	33	32	False	inf	1.0	False	
AqTMK_295_final.txt	AqTMK_131_final.txt	AqTMK_295	AqTMK_131	33	32	False	inf	1.0	False	
AqTMK_295_final.txt	AqTMK_155_final.txt	AqTMK_295	AqTMK_155	33	32	False	inf	1.0	False	
AqTMK_295_final.txt	AqTMK_159_final.txt	AqTMK_295	AqTMK_159	33	32	False	inf	1.0	False	
AqTMK_295_final.txt	AqTMK_165_final.txt	AqTMK_295	AqTMK_165	33	32	False	inf	1.0	False	
AqTMK_295_final.txt	AqTMK_173_final.txt	AqTMK_295	AqTMK_173	33	32	False	inf	1.0	False	
AqTMK_295_final.txt	AqTMK_179_final.txt	AqTMK_295	AqTMK_179	33	32	False	inf	1.0	False	
AqTMK_295_final.txt	AqTMK_188_final.txt	AqTMK_295	AqTMK_188	33	32	False	inf	1.0	False	
AqTMK_295_final.txt	AqTMK_181_final.txt	AqTMK_295	AqTMK_181	33	32	False	inf	1.0	False	
AqTMK_295_final.txt	AqTMK_187_final.txt	AqTMK_295	AqTMK_187	33	32	False	inf	1.0	False	
AqTMK_295_final.txt	AqTMK_191_final.txt	AqTMK_295	AqTMK_191	33	32	False	inf	1.0	False	
AqTMK_295_final.txt	AqTMK_198_final.txt	AqTMK_295	AqTMK_198	33	32	False	inf	1.0	False	
AqTMK_295_final.txt	AqTMK_218_final.txt	AqTMK_295	AqTMK_218	33	32	False	inf	1.0	False	
AqTMK_295_final.txt	AqTMK_219_final.txt	AqTMK_295	AqTMK_219	33	32	False	inf	1.0	False	
AqTMK_295_final.txt	AqTMK_224_final.txt	AqTMK_295	AqTMK_224	33	32	False	inf	1.0	False	
AqTMK_295_final.txt	AqTMK_234_final.txt	AqTMK_295	AqTMK_234	33	32	False	inf	1.0	False	
AqTMK_295_final.txt	AqTMK_240_final.txt	AqTMK_295	AqTMK_240	33	32	False	inf	1.0	False	
AqTMK_295_final.txt	AqTMK_236_final.txt	AqTMK_295	AqTMK_236	33	32	False	inf	1.0	False	
AqTMK_295_final.txt	AqTMK_242_final.txt	AqTMK_295	AqTMK_242	33	32	False	inf	1.0	False	
AqTMK_295_final.txt	AqTMK_245_final.txt	AqTMK_295	AqTMK_245	33	32	False	inf	1.0	False	
AqTMK_295_final.txt	AqTMK_249_final.txt	AqTMK_295	AqTMK_249	33	32	False	inf	1.0	False	
AqTMK_295_final.txt	AqTMK_263_final.txt	AqTMK_295	AqTMK_263	33	32	False	inf	1.0	False	
AqTMK_295_final.txt	AqTMK_267_final.txt	AqTMK_295	AqTMK_267	33	32	False	inf	1.0	False	
AqTMK_295_final.txt	AqTMK_272_final.txt	AqTMK_295	AqTMK_272	33	32	False	inf	1.0	False	
AqTMK_295_final.txt	AqTMK_275_final.txt	AqTMK_295	AqTMK_275	33	32	False	inf	1.0	False	
AqTMK_295_final.txt	AqTMK_274_final.txt	AqTMK_295	AqTMK_274	33	32	False	inf	1.0	False	
AqTMK_295_final.txt	AqTMK_279_final.txt	AqTMK_295	AqTMK_279	33	32	False	inf	1.0	False	
AqTMK_295_final.txt	AqTMK_286_final.txt	AqTMK_295	AqTMK_286	33	32	False	inf	1.0	False	
AqTMK_295_final.txt	AqTMK_290_final.txt	AqTMK_295	AqTMK_290	33	32	False	inf	1.0	False	
AqTMK_295_final.txt	AqTMK_292_final.txt	AqTMK_295	AqTMK_292	33	32	False	inf	1.0	False	
AqTMK_295_final.txt	AqTMK_299_final.txt	AqTMK_295	AqTMK_299	33	32	False	inf	1.0	False	
AqTMK_295_final.txt	AqTMK_47_final.txt	AqTMK_295	AqTMK_47	33	31	False	inf	1.0	False	
AqTMK_295_final.txt	AqTMK_45_final.txt	AqTMK_295	AqTMK_45	33	31	False	inf	1.0	False	
AqTMK_295_final.txt	AqTMK_309_final.txt	AqTMK_295	AqTMK_309	33	32	False	inf	1.0	False	
AqTMK_295_final.txt	AqTMK_48_final.txt	AqTMK_295	AqTMK_48	33	31	False	inf	1.0	False	
AqTMK_295_final.txt	AqTMK_53_final.txt	AqTMK_295	AqTMK_53	33	31	False	inf	1.0	False	
AqTMK_295_final.txt	AqTMK_57_final.txt	AqTMK_295	AqTMK_57	33	31	False	inf	1.0	False	
AqTMK_295_final.txt	AqTMK_72_final.txt	AqTMK_295	AqTMK_72	33	31	False	inf	1.0	False	
AqTMK_295_final.txt	AqTMK_73_final.txt	AqTMK_295	AqTMK_73	33	31	False	inf	1.0	False	
AqTMK_295_final.txt	AqTMK_76_final.txt	AqTMK_295	AqTMK_76	33	31	False	inf	1.0	False	
AqTMK_295_final.txt	AqTMK_94_final.txt	AqTMK_295	AqTMK_94	33	31	False	inf	1.0	False	
AqTMK_295_final.txt	AqTMK_92_final.txt	AqTMK_295	AqTMK_92	33	31	False	inf	1.0	False	
AqTMK_295_final.txt	AqTMK_108_final.txt	AqTMK_295	AqTMK_108	33	31	False	inf	1.0	False	
AqTMK_295_final.txt	AqTMK_110_final.txt	AqTMK_295	AqTMK_110	33	31	False	inf	1.0	False	
AqTMK_295_final.txt	AqTMK_112_final.txt	AqTMK_295	AqTMK_112	33	31	False	inf	1.0	False	
AqTMK_295_final.txt	AqTMK_119_final.txt	AqTMK_295	AqTMK_119	33	31	False	inf	1.0	False	
AqTMK_295_final.txt	AqTMK_122_final.txt	AqTMK_295	AqTMK_122	33	31	False	inf	1.0	False	
AqTMK_295_final.txt	AqTMK_123_final.txt	AqTMK_295	AqTMK_123	33	31	False	inf	1.0	False	
AqTMK_295_final.txt	AqTMK_133_final.txt	AqTMK_295	AqTMK_133	33	31	False	inf	1.0	False	
AqTMK_295_final.txt	AqTMK_132_final.txt	AqTMK_295	AqTMK_132	33	31	False	inf	1.0	False	
AqTMK_295_final.txt	AqTMK_167_final.txt	AqTMK_295	AqTMK_167	33	31	False	inf	1.0	False	
AqTMK_295_final.txt	AqTMK_172_final.txt	AqTMK_295	AqTMK_172	33	31	False	inf	1.0	False	
AqTMK_295_final.txt	AqTMK_178_final.txt	AqTMK_295	AqTMK_178	33	31	False	inf	1.0	False	
AqTMK_295_final.txt	AqTMK_184_final.txt	AqTMK_295	AqTMK_184	33	31	False	inf	1.0	False	
AqTMK_295_final.txt	AqTMK_195_final.txt	AqTMK_295	AqTMK_195	33	31	False	inf	1.0	False	
AqTMK_295_final.txt	AqTMK_211_final.txt	AqTMK_295	AqTMK_211	33	31	False	inf	1.0	False	
AqTMK_295_final.txt	AqTMK_237_final.txt	AqTMK_295	AqTMK_237	33	31	False	inf	1.0	False	
AqTMK_295_final.txt	AqTMK_201_final.txt	AqTMK_295	AqTMK_201	33	31	False	inf	1.0	False	
AqTMK_295_final.txt	AqTMK_238_final.txt	AqTMK_295	AqTMK_238	33	31	False	inf	1.0	False	
AqTMK_295_final.txt	AqTMK_253_final.txt	AqTMK_295	AqTMK_253	33	31	False	inf	1.0	False	
AqTMK_295_final.txt	AqTMK_276_final.txt	AqTMK_295	AqTMK_276	33	31	False	inf	1.0	False	
AqTMK_295_final.txt	AqTMK_277_final.txt	AqTMK_295	AqTMK_277	33	31	False	inf	1.0	False	
AqTMK_295_final.txt	AqTMK_288_final.txt	AqTMK_295	AqTMK_288	33	31	False	inf	1.0	False	
AqTMK_295_final.txt	AqTMK_300_final.txt	AqTMK_295	AqTMK_300	33	31	False	inf	1.0	False	
AqTMK_295_final.txt	AqTMK_33_final.txt	AqTMK_295	AqTMK_33	33	30	False	inf	1.0	False	
AqTMK_295_final.txt	AqTMK_43_final.txt	AqTMK_295	AqTMK_43	33	30	False	inf	1.0	False	
AqTMK_295_final.txt	AqTMK_49_final.txt	AqTMK_295	AqTMK_49	33	30	False	inf	1.0	False	
AqTMK_295_final.txt	AqTMK_50_final.txt	AqTMK_295	AqTMK_50	33	30	False	inf	1.0	False	
AqTMK_295_final.txt	AqTMK_66_final.txt	AqTMK_295	AqTMK_66	33	30	False	inf	1.0	False	
AqTMK_295_final.txt	AqTMK_102_final.txt	AqTMK_295	AqTMK_102	33	30	False	inf	1.0	False	
AqTMK_295_final.txt	AqTMK_124_final.txt	AqTMK_295	AqTMK_124	33	30	False	inf	1.0	False	
AqTMK_295_final.txt	AqTMK_153_final.txt	AqTMK_295	AqTMK_153	33	30	False	inf	1.0	False	
AqTMK_295_final.txt	AqTMK_264_final.txt	AqTMK_295	AqTMK_264	33	30	False	inf	1.0	False	
AqTMK_295_final.txt	AqTMK_193_final.txt	AqTMK_295	AqTMK_193	33	30	False	inf	1.0	False	
AqTMK_295_final.txt	AqTMK_121_final.txt	AqTMK_295	AqTMK_121	33	29	False	inf	1.0	False	
AqTMK_311_final.txt	AqTMK_59_final.txt	AqTMK_311	AqTMK_59	33	32	False	inf	1.0	False	
AqTMK_311_final.txt	AqTMK_56_final.txt	AqTMK_311	AqTMK_56	33	32	False	inf	1.0	False	
AqTMK_311_final.txt	AqTMK_54_final.txt	AqTMK_311	AqTMK_54	33	32	False	inf	1.0	False	
AqTMK_311_final.txt	AqTMK_62_final.txt	AqTMK_311	AqTMK_62	33	32	False	inf	1.0	False	
AqTMK_311_final.txt	AqTMK_63_final.txt	AqTMK_311	AqTMK_63	33	32	False	inf	1.0	False	
AqTMK_311_final.txt	AqTMK_68_final.txt	AqTMK_311	AqTMK_68	33	32	False	inf	1.0	False	
AqTMK_311_final.txt	AqTMK_70_final.txt	AqTMK_311	AqTMK_70	33	32	False	inf	1.0	False	
AqTMK_311_final.txt	AqTMK_79_final.txt	AqTMK_311	AqTMK_79	33	32	False	inf	1.0	False	
AqTMK_311_final.txt	AqTMK_81_final.txt	AqTMK_311	AqTMK_81	33	32	False	inf	1.0	False	
AqTMK_311_final.txt	AqTMK_82_final.txt	AqTMK_311	AqTMK_82	33	32	False	inf	1.0	False	
AqTMK_311_final.txt	AqTMK_84_final.txt	AqTMK_311	AqTMK_84	33	32	False	inf	1.0	False	
AqTMK_311_final.txt	AqTMK_85_final.txt	AqTMK_311	AqTMK_85	33	32	False	inf	1.0	False	
AqTMK_311_final.txt	AqTMK_89_final.txt	AqTMK_311	AqTMK_89	33	32	False	inf	1.0	False	
AqTMK_311_final.txt	AqTMK_91_final.txt	AqTMK_311	AqTMK_91	33	32	False	inf	1.0	False	
AqTMK_311_final.txt	AqTMK_93_final.txt	AqTMK_311	AqTMK_93	33	32	False	inf	1.0	False	
AqTMK_311_final.txt	AqTMK_98_final.txt	AqTMK_311	AqTMK_98	33	32	False	inf	1.0	False	
AqTMK_311_final.txt	AqTMK_99_final.txt	AqTMK_311	AqTMK_99	33	32	False	inf	1.0	False	
AqTMK_311_final.txt	AqTMK_103_final.txt	AqTMK_311	AqTMK_103	33	32	False	inf	1.0	False	
AqTMK_311_final.txt	AqTMK_101_final.txt	AqTMK_311	AqTMK_101	33	32	False	inf	1.0	False	
AqTMK_311_final.txt	AqTMK_104_final.txt	AqTMK_311	AqTMK_104	33	32	False	inf	1.0	False	
AqTMK_311_final.txt	AqTMK_106_final.txt	AqTMK_311	AqTMK_106	33	32	False	inf	1.0	False	
AqTMK_311_final.txt	AqTMK_114_final.txt	AqTMK_311	AqTMK_114	33	32	False	inf	1.0	False	
AqTMK_311_final.txt	AqTMK_117_final.txt	AqTMK_311	AqTMK_117	33	32	False	inf	1.0	False	
AqTMK_311_final.txt	AqTMK_118_final.txt	AqTMK_311	AqTMK_118	33	32	False	inf	1.0	False	
AqTMK_311_final.txt	AqTMK_155_final.txt	AqTMK_311	AqTMK_155	33	32	False	inf	1.0	False	
AqTMK_311_final.txt	AqTMK_131_final.txt	AqTMK_311	AqTMK_131	33	32	False	inf	1.0	False	
AqTMK_311_final.txt	AqTMK_149_final.txt	AqTMK_311	AqTMK_149	33	32	False	inf	1.0	False	
AqTMK_311_final.txt	AqTMK_159_final.txt	AqTMK_311	AqTMK_159	33	32	False	inf	1.0	False	
AqTMK_311_final.txt	AqTMK_165_final.txt	AqTMK_311	AqTMK_165	33	32	False	inf	1.0	False	
AqTMK_311_final.txt	AqTMK_173_final.txt	AqTMK_311	AqTMK_173	33	32	False	inf	1.0	False	
AqTMK_311_final.txt	AqTMK_179_final.txt	AqTMK_311	AqTMK_179	33	32	False	inf	1.0	False	
AqTMK_311_final.txt	AqTMK_181_final.txt	AqTMK_311	AqTMK_181	33	32	False	inf	1.0	False	
AqTMK_311_final.txt	AqTMK_187_final.txt	AqTMK_311	AqTMK_187	33	32	False	inf	1.0	False	
AqTMK_311_final.txt	AqTMK_191_final.txt	AqTMK_311	AqTMK_191	33	32	False	inf	1.0	False	
AqTMK_311_final.txt	AqTMK_188_final.txt	AqTMK_311	AqTMK_188	33	32	False	inf	1.0	False	
AqTMK_311_final.txt	AqTMK_198_final.txt	AqTMK_311	AqTMK_198	33	32	False	inf	1.0	False	
AqTMK_311_final.txt	AqTMK_218_final.txt	AqTMK_311	AqTMK_218	33	32	False	inf	1.0	False	
AqTMK_311_final.txt	AqTMK_219_final.txt	AqTMK_311	AqTMK_219	33	32	False	inf	1.0	False	
AqTMK_311_final.txt	AqTMK_224_final.txt	AqTMK_311	AqTMK_224	33	32	False	inf	1.0	False	
AqTMK_311_final.txt	AqTMK_234_final.txt	AqTMK_311	AqTMK_234	33	32	False	inf	1.0	False	
AqTMK_311_final.txt	AqTMK_242_final.txt	AqTMK_311	AqTMK_242	33	32	False	inf	1.0	False	
AqTMK_311_final.txt	AqTMK_236_final.txt	AqTMK_311	AqTMK_236	33	32	False	inf	1.0	False	
AqTMK_311_final.txt	AqTMK_240_final.txt	AqTMK_311	AqTMK_240	33	32	False	inf	1.0	False	
AqTMK_311_final.txt	AqTMK_245_final.txt	AqTMK_311	AqTMK_245	33	32	False	inf	1.0	False	
AqTMK_311_final.txt	AqTMK_249_final.txt	AqTMK_311	AqTMK_249	33	32	False	inf	1.0	False	
AqTMK_311_final.txt	AqTMK_263_final.txt	AqTMK_311	AqTMK_263	33	32	False	inf	1.0	False	
AqTMK_311_final.txt	AqTMK_267_final.txt	AqTMK_311	AqTMK_267	33	32	False	inf	1.0	False	
AqTMK_311_final.txt	AqTMK_272_final.txt	AqTMK_311	AqTMK_272	33	32	False	inf	1.0	False	
AqTMK_311_final.txt	AqTMK_275_final.txt	AqTMK_311	AqTMK_275	33	32	False	inf	1.0	False	
AqTMK_311_final.txt	AqTMK_279_final.txt	AqTMK_311	AqTMK_279	33	32	False	inf	1.0	False	
AqTMK_311_final.txt	AqTMK_274_final.txt	AqTMK_311	AqTMK_274	33	32	False	inf	1.0	False	
AqTMK_311_final.txt	AqTMK_286_final.txt	AqTMK_311	AqTMK_286	33	32	False	inf	1.0	False	
AqTMK_311_final.txt	AqTMK_290_final.txt	AqTMK_311	AqTMK_290	33	32	False	inf	1.0	False	
AqTMK_311_final.txt	AqTMK_292_final.txt	AqTMK_311	AqTMK_292	33	32	False	inf	1.0	False	
AqTMK_311_final.txt	AqTMK_299_final.txt	AqTMK_311	AqTMK_299	33	32	False	inf	1.0	False	
AqTMK_311_final.txt	AqTMK_309_final.txt	AqTMK_311	AqTMK_309	33	32	False	inf	1.0	False	
AqTMK_311_final.txt	AqTMK_47_final.txt	AqTMK_311	AqTMK_47	33	31	False	inf	1.0	False	
AqTMK_311_final.txt	AqTMK_45_final.txt	AqTMK_311	AqTMK_45	33	31	False	inf	1.0	False	
AqTMK_311_final.txt	AqTMK_48_final.txt	AqTMK_311	AqTMK_48	33	31	False	inf	1.0	False	
AqTMK_311_final.txt	AqTMK_53_final.txt	AqTMK_311	AqTMK_53	33	31	False	inf	1.0	False	
AqTMK_311_final.txt	AqTMK_57_final.txt	AqTMK_311	AqTMK_57	33	31	False	inf	1.0	False	
AqTMK_311_final.txt	AqTMK_72_final.txt	AqTMK_311	AqTMK_72	33	31	False	inf	1.0	False	
AqTMK_311_final.txt	AqTMK_73_final.txt	AqTMK_311	AqTMK_73	33	31	False	inf	1.0	False	
AqTMK_311_final.txt	AqTMK_76_final.txt	AqTMK_311	AqTMK_76	33	31	False	inf	1.0	False	
AqTMK_311_final.txt	AqTMK_92_final.txt	AqTMK_311	AqTMK_92	33	31	False	inf	1.0	False	
AqTMK_311_final.txt	AqTMK_94_final.txt	AqTMK_311	AqTMK_94	33	31	False	inf	1.0	False	
AqTMK_311_final.txt	AqTMK_108_final.txt	AqTMK_311	AqTMK_108	33	31	False	inf	1.0	False	
AqTMK_311_final.txt	AqTMK_110_final.txt	AqTMK_311	AqTMK_110	33	31	False	inf	1.0	False	
AqTMK_311_final.txt	AqTMK_112_final.txt	AqTMK_311	AqTMK_112	33	31	False	inf	1.0	False	
AqTMK_311_final.txt	AqTMK_119_final.txt	AqTMK_311	AqTMK_119	33	31	False	inf	1.0	False	
AqTMK_311_final.txt	AqTMK_122_final.txt	AqTMK_311	AqTMK_122	33	31	False	inf	1.0	False	
AqTMK_311_final.txt	AqTMK_123_final.txt	AqTMK_311	AqTMK_123	33	31	False	inf	1.0	False	
AqTMK_311_final.txt	AqTMK_167_final.txt	AqTMK_311	AqTMK_167	33	31	False	inf	1.0	False	
AqTMK_311_final.txt	AqTMK_132_final.txt	AqTMK_311	AqTMK_132	33	31	False	inf	1.0	False	
AqTMK_311_final.txt	AqTMK_133_final.txt	AqTMK_311	AqTMK_133	33	31	False	inf	1.0	False	
AqTMK_311_final.txt	AqTMK_172_final.txt	AqTMK_311	AqTMK_172	33	31	False	inf	1.0	False	
AqTMK_311_final.txt	AqTMK_178_final.txt	AqTMK_311	AqTMK_178	33	31	False	inf	1.0	False	
AqTMK_311_final.txt	AqTMK_184_final.txt	AqTMK_311	AqTMK_184	33	31	False	inf	1.0	False	
AqTMK_311_final.txt	AqTMK_195_final.txt	AqTMK_311	AqTMK_195	33	31	False	inf	1.0	False	
AqTMK_311_final.txt	AqTMK_201_final.txt	AqTMK_311	AqTMK_201	33	31	False	inf	1.0	False	
AqTMK_311_final.txt	AqTMK_211_final.txt	AqTMK_311	AqTMK_211	33	31	False	inf	1.0	False	
AqTMK_311_final.txt	AqTMK_238_final.txt	AqTMK_311	AqTMK_238	33	31	False	inf	1.0	False	
AqTMK_311_final.txt	AqTMK_237_final.txt	AqTMK_311	AqTMK_237	33	31	False	inf	1.0	False	
AqTMK_311_final.txt	AqTMK_253_final.txt	AqTMK_311	AqTMK_253	33	31	False	inf	1.0	False	
AqTMK_311_final.txt	AqTMK_276_final.txt	AqTMK_311	AqTMK_276	33	31	False	inf	1.0	False	
AqTMK_311_final.txt	AqTMK_277_final.txt	AqTMK_311	AqTMK_277	33	31	False	inf	1.0	False	
AqTMK_311_final.txt	AqTMK_288_final.txt	AqTMK_311	AqTMK_288	33	31	False	inf	1.0	False	
AqTMK_311_final.txt	AqTMK_300_final.txt	AqTMK_311	AqTMK_300	33	31	False	inf	1.0	False	
AqTMK_311_final.txt	AqTMK_49_final.txt	AqTMK_311	AqTMK_49	33	30	False	inf	1.0	False	
AqTMK_311_final.txt	AqTMK_33_final.txt	AqTMK_311	AqTMK_33	33	30	False	inf	1.0	False	
AqTMK_311_final.txt	AqTMK_43_final.txt	AqTMK_311	AqTMK_43	33	30	False	inf	1.0	False	
AqTMK_311_final.txt	AqTMK_50_final.txt	AqTMK_311	AqTMK_50	33	30	False	inf	1.0	False	
AqTMK_311_final.txt	AqTMK_66_final.txt	AqTMK_311	AqTMK_66	33	30	False	inf	1.0	False	
AqTMK_311_final.txt	AqTMK_102_final.txt	AqTMK_311	AqTMK_102	33	30	False	inf	1.0	False	
AqTMK_311_final.txt	AqTMK_124_final.txt	AqTMK_311	AqTMK_124	33	30	False	inf	1.0	False	
AqTMK_311_final.txt	AqTMK_153_final.txt	AqTMK_311	AqTMK_153	33	30	False	inf	1.0	False	
AqTMK_311_final.txt	AqTMK_193_final.txt	AqTMK_311	AqTMK_193	33	30	False	inf	1.0	False	
AqTMK_311_final.txt	AqTMK_121_final.txt	AqTMK_311	AqTMK_121	33	29	False	inf	1.0	False	
AqTMK_311_final.txt	AqTMK_264_final.txt	AqTMK_311	AqTMK_264	33	30	False	inf	1.0	False	
AqTMK_54_final.txt	AqTMK_56_final.txt	AqTMK_54	AqTMK_56	32	32	True	0	1.0	True	class_62
AqTMK_54_final.txt	AqTMK_59_final.txt	AqTMK_54	AqTMK_59	32	32	True	0	1.0	True	class_62
AqTMK_54_final.txt	AqTMK_62_final.txt	AqTMK_54	AqTMK_62	32	32	True	0	1.0	True	class_62
AqTMK_54_final.txt	AqTMK_63_final.txt	AqTMK_54	AqTMK_63	32	32	True	0	1.0	True	class_62
AqTMK_54_final.txt	AqTMK_68_final.txt	AqTMK_54	AqTMK_68	32	32	True	0	1.0	True	class_62
AqTMK_54_final.txt	AqTMK_70_final.txt	AqTMK_54	AqTMK_70	32	32	True	0	1.0	True	class_62
AqTMK_54_final.txt	AqTMK_79_final.txt	AqTMK_54	AqTMK_79	32	32	True	0	1.0	True	class_62
AqTMK_54_final.txt	AqTMK_81_final.txt	AqTMK_54	AqTMK_81	32	32	True	0	1.0	True	class_62
AqTMK_54_final.txt	AqTMK_84_final.txt	AqTMK_54	AqTMK_84	32	32	True	0	1.0	True	class_62
AqTMK_54_final.txt	AqTMK_82_final.txt	AqTMK_54	AqTMK_82	32	32	True	0	1.0	True	class_62
AqTMK_54_final.txt	AqTMK_89_final.txt	AqTMK_54	AqTMK_89	32	32	True	0	1.0	True	class_62
AqTMK_54_final.txt	AqTMK_85_final.txt	AqTMK_54	AqTMK_85	32	32	True	2	1.0	False	
AqTMK_54_final.txt	AqTMK_91_final.txt	AqTMK_54	AqTMK_91	32	32	True	0	1.0	True	class_62
AqTMK_54_final.txt	AqTMK_93_final.txt	AqTMK_54	AqTMK_93	32	32	True	0	1.0	True	class_62
AqTMK_54_final.txt	AqTMK_98_final.txt	AqTMK_54	AqTMK_98	32	32	True	2	1.0	False	
AqTMK_54_final.txt	AqTMK_99_final.txt	AqTMK_54	AqTMK_99	32	32	True	0	1.0	True	class_62
AqTMK_54_final.txt	AqTMK_101_final.txt	AqTMK_54	AqTMK_101	32	32	True	0	1.0	True	class_62
AqTMK_54_final.txt	AqTMK_103_final.txt	AqTMK_54	AqTMK_103	32	32	True	0	1.0	True	class_62
AqTMK_54_final.txt	AqTMK_104_final.txt	AqTMK_54	AqTMK_104	32	32	True	0	1.0	True	class_62
AqTMK_54_final.txt	AqTMK_106_final.txt	AqTMK_54	AqTMK_106	32	32	True	0	1.0	True	class_62
AqTMK_54_final.txt	AqTMK_114_final.txt	AqTMK_54	AqTMK_114	32	32	True	0	1.0	True	class_62
AqTMK_54_final.txt	AqTMK_117_final.txt	AqTMK_54	AqTMK_117	32	32	True	0	1.0	True	class_62
AqTMK_54_final.txt	AqTMK_118_final.txt	AqTMK_54	AqTMK_118	32	32	True	2	1.0	False	
AqTMK_54_final.txt	AqTMK_131_final.txt	AqTMK_54	AqTMK_131	32	32	True	0	1.0	True	class_62
AqTMK_54_final.txt	AqTMK_155_final.txt	AqTMK_54	AqTMK_155	32	32	True	6	1.0	False	
AqTMK_54_final.txt	AqTMK_149_final.txt	AqTMK_54	AqTMK_149	32	32	True	6	1.0	False	
AqTMK_54_final.txt	AqTMK_159_final.txt	AqTMK_54	AqTMK_159	32	32	True	2	1.0	False	
AqTMK_54_final.txt	AqTMK_165_final.txt	AqTMK_54	AqTMK_165	32	32	True	0	1.0	True	class_62
AqTMK_54_final.txt	AqTMK_173_final.txt	AqTMK_54	AqTMK_173	32	32	True	2	1.0	False	
AqTMK_54_final.txt	AqTMK_179_final.txt	AqTMK_54	AqTMK_179	32	32	True	2	1.0	False	
AqTMK_54_final.txt	AqTMK_181_final.txt	AqTMK_54	AqTMK_181	32	32	True	6	1.0	False	
AqTMK_54_final.txt	AqTMK_187_final.txt	AqTMK_54	AqTMK_187	32	32	True	2	1.0	False	
AqTMK_54_final.txt	AqTMK_188_final.txt	AqTMK_54	AqTMK_188	32	32	True	2	1.0	False	
AqTMK_54_final.txt	AqTMK_191_final.txt	AqTMK_54	AqTMK_191	32	32	True	4	1.0	False	
AqTMK_54_final.txt	AqTMK_198_final.txt	AqTMK_54	AqTMK_198	32	32	True	6	1.0	False	
AqTMK_54_final.txt	AqTMK_218_final.txt	AqTMK_54	AqTMK_218	32	32	True	0	1.0	True	class_62
AqTMK_54_final.txt	AqTMK_219_final.txt	AqTMK_54	AqTMK_219	32	32	True	6	1.0	False	
AqTMK_54_final.txt	AqTMK_224_final.txt	AqTMK_54	AqTMK_224	32	32	True	6	1.0	False	
AqTMK_54_final.txt	AqTMK_234_final.txt	AqTMK_54	AqTMK_234	32	32	True	4	1.0	False	
AqTMK_54_final.txt	AqTMK_236_final.txt	AqTMK_54	AqTMK_236	32	32	True	0	1.0	True	class_62
AqTMK_54_final.txt	AqTMK_240_final.txt	AqTMK_54	AqTMK_240	32	32	True	8	1.0	False	
AqTMK_54_final.txt	AqTMK_242_final.txt	AqTMK_54	AqTMK_242	32	32	True	8	1.0	False	
AqTMK_54_final.txt	AqTMK_245_final.txt	AqTMK_54	AqTMK_245	32	32	True	4	1.0	False	
AqTMK_54_final.txt	AqTMK_249_final.txt	AqTMK_54	AqTMK_249	32	32	True	2	1.0	False	
AqTMK_54_final.txt	AqTMK_263_final.txt	AqTMK_54	AqTMK_263	32	32	True	0	1.0	True	class_62
AqTMK_54_final.txt	AqTMK_267_final.txt	AqTMK_54	AqTMK_267	32	32	True	2	1.0	False	
AqTMK_54_final.txt	AqTMK_272_final.txt	AqTMK_54	AqTMK_272	32	32	True	4	1.0	False	
AqTMK_54_final.txt	AqTMK_274_final.txt	AqTMK_54	AqTMK_274	32	32	True	2	1.0	False	
AqTMK_54_final.txt	AqTMK_275_final.txt	AqTMK_54	AqTMK_275	32	32	True	4	1.0	False	
AqTMK_54_final.txt	AqTMK_286_final.txt	AqTMK_54	AqTMK_286	32	32	True	6	1.0	False	
AqTMK_54_final.txt	AqTMK_290_final.txt	AqTMK_54	AqTMK_290	32	32	True	2	1.0	False	
AqTMK_54_final.txt	AqTMK_292_final.txt	AqTMK_54	AqTMK_292	32	32	True	2	1.0	False	
AqTMK_54_final.txt	AqTMK_299_final.txt	AqTMK_54	AqTMK_299	32	32	True	6	1.0	False	
AqTMK_54_final.txt	AqTMK_309_final.txt	AqTMK_54	AqTMK_309	32	32	True	2	1.0	False	
AqTMK_54_final.txt	AqTMK_45_final.txt	AqTMK_54	AqTMK_45	32	31	False	inf	1.0	False	
AqTMK_54_final.txt	AqTMK_279_final.txt	AqTMK_54	AqTMK_279	32	32	True	10	1.0	False	
AqTMK_54_final.txt	AqTMK_53_final.txt	AqTMK_54	AqTMK_53	32	31	False	inf	1.0	False	
AqTMK_54_final.txt	AqTMK_48_final.txt	AqTMK_54	AqTMK_48	32	31	False	inf	1.0	False	
AqTMK_54_final.txt	AqTMK_47_final.txt	AqTMK_54	AqTMK_47	32	31	False	inf	1.0	False	
AqTMK_54_final.txt	AqTMK_57_final.txt	AqTMK_54	AqTMK_57	32	31	False	inf	1.0	False	
AqTMK_54_final.txt	AqTMK_72_final.txt	AqTMK_54	AqTMK_72	32	31	False	inf	1.0	False	
AqTMK_54_final.txt	AqTMK_73_final.txt	AqTMK_54	AqTMK_73	32	31	False	inf	1.0	False	
AqTMK_54_final.txt	AqTMK_76_final.txt	AqTMK_54	AqTMK_76	32	31	False	inf	1.0	False	
AqTMK_54_final.txt	AqTMK_92_final.txt	AqTMK_54	AqTMK_92	32	31	False	inf	1.0	False	
AqTMK_54_final.txt	AqTMK_94_final.txt	AqTMK_54	AqTMK_94	32	31	False	inf	1.0	False	
AqTMK_54_final.txt	AqTMK_110_final.txt	AqTMK_54	AqTMK_110	32	31	False	inf	1.0	False	
AqTMK_54_final.txt	AqTMK_108_final.txt	AqTMK_54	AqTMK_108	32	31	False	inf	1.0	False	
AqTMK_54_final.txt	AqTMK_112_final.txt	AqTMK_54	AqTMK_112	32	31	False	inf	1.0	False	
AqTMK_54_final.txt	AqTMK_119_final.txt	AqTMK_54	AqTMK_119	32	31	False	inf	1.0	False	
AqTMK_54_final.txt	AqTMK_122_final.txt	AqTMK_54	AqTMK_122	32	31	False	inf	1.0	False	
AqTMK_54_final.txt	AqTMK_123_final.txt	AqTMK_54	AqTMK_123	32	31	False	inf	1.0	False	
AqTMK_54_final.txt	AqTMK_132_final.txt	AqTMK_54	AqTMK_132	32	31	False	inf	1.0	False	
AqTMK_54_final.txt	AqTMK_133_final.txt	AqTMK_54	AqTMK_133	32	31	False	inf	1.0	False	
AqTMK_54_final.txt	AqTMK_172_final.txt	AqTMK_54	AqTMK_172	32	31	False	inf	1.0	False	
AqTMK_54_final.txt	AqTMK_167_final.txt	AqTMK_54	AqTMK_167	32	31	False	inf	1.0	False	
AqTMK_54_final.txt	AqTMK_178_final.txt	AqTMK_54	AqTMK_178	32	31	False	inf	1.0	False	
AqTMK_54_final.txt	AqTMK_184_final.txt	AqTMK_54	AqTMK_184	32	31	False	inf	1.0	False	
AqTMK_54_final.txt	AqTMK_195_final.txt	AqTMK_54	AqTMK_195	32	31	False	inf	1.0	False	
AqTMK_54_final.txt	AqTMK_201_final.txt	AqTMK_54	AqTMK_201	32	31	False	inf	1.0	False	
AqTMK_54_final.txt	AqTMK_211_final.txt	AqTMK_54	AqTMK_211	32	31	False	inf	1.0	False	
AqTMK_54_final.txt	AqTMK_237_final.txt	AqTMK_54	AqTMK_237	32	31	False	inf	1.0	False	
AqTMK_54_final.txt	AqTMK_238_final.txt	AqTMK_54	AqTMK_238	32	31	False	inf	1.0	False	
AqTMK_54_final.txt	AqTMK_253_final.txt	AqTMK_54	AqTMK_253	32	31	False	inf	1.0	False	
AqTMK_54_final.txt	AqTMK_276_final.txt	AqTMK_54	AqTMK_276	32	31	False	inf	1.0	False	
AqTMK_54_final.txt	AqTMK_277_final.txt	AqTMK_54	AqTMK_277	32	31	False	inf	1.0	False	
AqTMK_54_final.txt	AqTMK_288_final.txt	AqTMK_54	AqTMK_288	32	31	False	inf	1.0	False	
AqTMK_54_final.txt	AqTMK_300_final.txt	AqTMK_54	AqTMK_300	32	31	False	inf	1.0	False	
AqTMK_54_final.txt	AqTMK_33_final.txt	AqTMK_54	AqTMK_33	32	30	False	inf	1.0	False	
AqTMK_54_final.txt	AqTMK_50_final.txt	AqTMK_54	AqTMK_50	32	30	False	inf	1.0	False	
AqTMK_54_final.txt	AqTMK_49_final.txt	AqTMK_54	AqTMK_49	32	30	False	inf	1.0	False	
AqTMK_54_final.txt	AqTMK_43_final.txt	AqTMK_54	AqTMK_43	32	30	False	inf	1.0	False	
AqTMK_54_final.txt	AqTMK_66_final.txt	AqTMK_54	AqTMK_66	32	30	False	inf	1.0	False	
AqTMK_54_final.txt	AqTMK_102_final.txt	AqTMK_54	AqTMK_102	32	30	False	inf	1.0	False	
AqTMK_54_final.txt	AqTMK_124_final.txt	AqTMK_54	AqTMK_124	32	30	False	inf	1.0	False	
AqTMK_54_final.txt	AqTMK_153_final.txt	AqTMK_54	AqTMK_153	32	30	False	inf	1.0	False	
AqTMK_54_final.txt	AqTMK_193_final.txt	AqTMK_54	AqTMK_193	32	30	False	inf	1.0	False	
AqTMK_54_final.txt	AqTMK_264_final.txt	AqTMK_54	AqTMK_264	32	30	False	inf	1.0	False	
AqTMK_54_final.txt	AqTMK_121_final.txt	AqTMK_54	AqTMK_121	32	29	False	inf	1.0	False	
AqTMK_85_final.txt	AqTMK_98_final.txt	AqTMK_85	AqTMK_98	32	32	True	4	1.0	False	
AqTMK_85_final.txt	AqTMK_118_final.txt	AqTMK_85	AqTMK_118	32	32	True	0	1.0	True	class_63
AqTMK_85_final.txt	AqTMK_149_final.txt	AqTMK_85	AqTMK_149	32	32	True	8	1.0	False	
AqTMK_85_final.txt	AqTMK_155_final.txt	AqTMK_85	AqTMK_155	32	32	True	8	1.0	False	
AqTMK_85_final.txt	AqTMK_159_final.txt	AqTMK_85	AqTMK_159	32	32	True	4	1.0	False	
AqTMK_85_final.txt	AqTMK_173_final.txt	AqTMK_85	AqTMK_173	32	32	True	4	1.0	False	
AqTMK_85_final.txt	AqTMK_179_final.txt	AqTMK_85	AqTMK_179	32	32	True	4	1.0	False	
AqTMK_85_final.txt	AqTMK_181_final.txt	AqTMK_85	AqTMK_181	32	32	True	8	1.0	False	
AqTMK_85_final.txt	AqTMK_188_final.txt	AqTMK_85	AqTMK_188	32	32	True	0	1.0	True	class_63
AqTMK_85_final.txt	AqTMK_187_final.txt	AqTMK_85	AqTMK_187	32	32	True	4	1.0	False	
AqTMK_85_final.txt	AqTMK_191_final.txt	AqTMK_85	AqTMK_191	32	32	True	4	1.0	False	
AqTMK_85_final.txt	AqTMK_198_final.txt	AqTMK_85	AqTMK_198	32	32	True	8	1.0	False	
AqTMK_85_final.txt	AqTMK_219_final.txt	AqTMK_85	AqTMK_219	32	32	True	8	1.0	False	
AqTMK_85_final.txt	AqTMK_224_final.txt	AqTMK_85	AqTMK_224	32	32	True	8	1.0	False	
AqTMK_85_final.txt	AqTMK_234_final.txt	AqTMK_85	AqTMK_234	32	32	True	6	1.0	False	
AqTMK_85_final.txt	AqTMK_240_final.txt	AqTMK_85	AqTMK_240	32	32	True	10	1.0	False	
AqTMK_85_final.txt	AqTMK_245_final.txt	AqTMK_85	AqTMK_245	32	32	True	6	1.0	False	
AqTMK_85_final.txt	AqTMK_249_final.txt	AqTMK_85	AqTMK_249	32	32	True	4	1.0	False	
AqTMK_85_final.txt	AqTMK_242_final.txt	AqTMK_85	AqTMK_242	32	32	True	8	1.0	False	
AqTMK_85_final.txt	AqTMK_267_final.txt	AqTMK_85	AqTMK_267	32	32	True	4	1.0	False	
AqTMK_85_final.txt	AqTMK_272_final.txt	AqTMK_85	AqTMK_272	32	32	True	6	1.0	False	
AqTMK_85_final.txt	AqTMK_274_final.txt	AqTMK_85	AqTMK_274	32	32	True	0	1.0	True	class_63
AqTMK_85_final.txt	AqTMK_275_final.txt	AqTMK_85	AqTMK_275	32	32	True	6	1.0	False	
AqTMK_85_final.txt	AqTMK_279_final.txt	AqTMK_85	AqTMK_279	32	32	True	10	1.0	False	
AqTMK_85_final.txt	AqTMK_286_final.txt	AqTMK_85	AqTMK_286	32	32	True	4	1.0	False	
AqTMK_85_final.txt	AqTMK_290_final.txt	AqTMK_85	AqTMK_290	32	32	True	2	1.0	False	
AqTMK_85_final.txt	AqTMK_292_final.txt	AqTMK_85	AqTMK_292	32	32	True	4	1.0	False	
AqTMK_85_final.txt	AqTMK_299_final.txt	AqTMK_85	AqTMK_299	32	32	True	6	1.0	False	
AqTMK_85_final.txt	AqTMK_45_final.txt	AqTMK_85	AqTMK_45	32	31	False	inf	1.0	False	
AqTMK_85_final.txt	AqTMK_47_final.txt	AqTMK_85	AqTMK_47	32	31	False	inf	1.0	False	
AqTMK_85_final.txt	AqTMK_48_final.txt	AqTMK_85	AqTMK_48	32	31	False	inf	1.0	False	
AqTMK_85_final.txt	AqTMK_309_final.txt	AqTMK_85	AqTMK_309	32	32	True	4	1.0	False	
AqTMK_85_final.txt	AqTMK_53_final.txt	AqTMK_85	AqTMK_53	32	31	False	inf	1.0	False	
AqTMK_85_final.txt	AqTMK_72_final.txt	AqTMK_85	AqTMK_72	32	31	False	inf	1.0	False	
AqTMK_85_final.txt	AqTMK_57_final.txt	AqTMK_85	AqTMK_57	32	31	False	inf	1.0	False	
AqTMK_85_final.txt	AqTMK_73_final.txt	AqTMK_85	AqTMK_73	32	31	False	inf	1.0	False	
AqTMK_85_final.txt	AqTMK_76_final.txt	AqTMK_85	AqTMK_76	32	31	False	inf	1.0	False	
AqTMK_85_final.txt	AqTMK_92_final.txt	AqTMK_85	AqTMK_92	32	31	False	inf	1.0	False	
AqTMK_85_final.txt	AqTMK_94_final.txt	AqTMK_85	AqTMK_94	32	31	False	inf	1.0	False	
AqTMK_85_final.txt	AqTMK_108_final.txt	AqTMK_85	AqTMK_108	32	31	False	inf	1.0	False	
AqTMK_85_final.txt	AqTMK_119_final.txt	AqTMK_85	AqTMK_119	32	31	False	inf	1.0	False	
AqTMK_85_final.txt	AqTMK_112_final.txt	AqTMK_85	AqTMK_112	32	31	False	inf	1.0	False	
AqTMK_85_final.txt	AqTMK_110_final.txt	AqTMK_85	AqTMK_110	32	31	False	inf	1.0	False	
AqTMK_85_final.txt	AqTMK_122_final.txt	AqTMK_85	AqTMK_122	32	31	False	inf	1.0	False	
AqTMK_85_final.txt	AqTMK_123_final.txt	AqTMK_85	AqTMK_123	32	31	False	inf	1.0	False	
AqTMK_85_final.txt	AqTMK_132_final.txt	AqTMK_85	AqTMK_132	32	31	False	inf	1.0	False	
AqTMK_85_final.txt	AqTMK_133_final.txt	AqTMK_85	AqTMK_133	32	31	False	inf	1.0	False	
AqTMK_85_final.txt	AqTMK_167_final.txt	AqTMK_85	AqTMK_167	32	31	False	inf	1.0	False	
AqTMK_85_final.txt	AqTMK_184_final.txt	AqTMK_85	AqTMK_184	32	31	False	inf	1.0	False	
AqTMK_85_final.txt	AqTMK_172_final.txt	AqTMK_85	AqTMK_172	32	31	False	inf	1.0	False	
AqTMK_85_final.txt	AqTMK_178_final.txt	AqTMK_85	AqTMK_178	32	31	False	inf	1.0	False	
AqTMK_85_final.txt	AqTMK_195_final.txt	AqTMK_85	AqTMK_195	32	31	False	inf	1.0	False	
AqTMK_85_final.txt	AqTMK_201_final.txt	AqTMK_85	AqTMK_201	32	31	False	inf	1.0	False	
AqTMK_85_final.txt	AqTMK_211_final.txt	AqTMK_85	AqTMK_211	32	31	False	inf	1.0	False	
AqTMK_85_final.txt	AqTMK_237_final.txt	AqTMK_85	AqTMK_237	32	31	False	inf	1.0	False	
AqTMK_85_final.txt	AqTMK_238_final.txt	AqTMK_85	AqTMK_238	32	31	False	inf	1.0	False	
AqTMK_85_final.txt	AqTMK_276_final.txt	AqTMK_85	AqTMK_276	32	31	False	inf	1.0	False	
AqTMK_85_final.txt	AqTMK_277_final.txt	AqTMK_85	AqTMK_277	32	31	False	inf	1.0	False	
AqTMK_85_final.txt	AqTMK_253_final.txt	AqTMK_85	AqTMK_253	32	31	False	inf	1.0	False	
AqTMK_85_final.txt	AqTMK_288_final.txt	AqTMK_85	AqTMK_288	32	31	False	inf	1.0	False	
AqTMK_85_final.txt	AqTMK_300_final.txt	AqTMK_85	AqTMK_300	32	31	False	inf	1.0	False	
AqTMK_85_final.txt	AqTMK_33_final.txt	AqTMK_85	AqTMK_33	32	30	False	inf	1.0	False	
AqTMK_85_final.txt	AqTMK_43_final.txt	AqTMK_85	AqTMK_43	32	30	False	inf	1.0	False	
AqTMK_85_final.txt	AqTMK_49_final.txt	AqTMK_85	AqTMK_49	32	30	False	inf	1.0	False	
AqTMK_85_final.txt	AqTMK_50_final.txt	AqTMK_85	AqTMK_50	32	30	False	inf	1.0	False	
AqTMK_85_final.txt	AqTMK_66_final.txt	AqTMK_85	AqTMK_66	32	30	False	inf	1.0	False	
AqTMK_85_final.txt	AqTMK_102_final.txt	AqTMK_85	AqTMK_102	32	30	False	inf	1.0	False	
AqTMK_85_final.txt	AqTMK_124_final.txt	AqTMK_85	AqTMK_124	32	30	False	inf	1.0	False	
AqTMK_85_final.txt	AqTMK_153_final.txt	AqTMK_85	AqTMK_153	32	30	False	inf	1.0	False	
AqTMK_85_final.txt	AqTMK_193_final.txt	AqTMK_85	AqTMK_193	32	30	False	inf	1.0	False	
AqTMK_85_final.txt	AqTMK_264_final.txt	AqTMK_85	AqTMK_264	32	30	False	inf	1.0	False	
AqTMK_85_final.txt	AqTMK_121_final.txt	AqTMK_85	AqTMK_121	32	29	False	inf	1.0	False	
AqTMK_98_final.txt	AqTMK_149_final.txt	AqTMK_98	AqTMK_149	32	32	True	8	1.0	False	
AqTMK_98_final.txt	AqTMK_155_final.txt	AqTMK_98	AqTMK_155	32	32	True	8	1.0	False	
AqTMK_98_final.txt	AqTMK_159_final.txt	AqTMK_98	AqTMK_159	32	32	True	4	1.0	False	
AqTMK_98_final.txt	AqTMK_173_final.txt	AqTMK_98	AqTMK_173	32	32	True	2	1.0	False	
AqTMK_98_final.txt	AqTMK_179_final.txt	AqTMK_98	AqTMK_179	32	32	True	4	1.0	False	
AqTMK_98_final.txt	AqTMK_187_final.txt	AqTMK_98	AqTMK_187	32	32	True	4	1.0	False	
AqTMK_98_final.txt	AqTMK_181_final.txt	AqTMK_98	AqTMK_181	32	32	True	8	1.0	False	
AqTMK_98_final.txt	AqTMK_191_final.txt	AqTMK_98	AqTMK_191	32	32	True	6	1.0	False	
AqTMK_98_final.txt	AqTMK_198_final.txt	AqTMK_98	AqTMK_198	32	32	True	8	1.0	False	
AqTMK_98_final.txt	AqTMK_219_final.txt	AqTMK_98	AqTMK_219	32	32	True	8	1.0	False	
AqTMK_98_final.txt	AqTMK_234_final.txt	AqTMK_98	AqTMK_234	32	32	True	6	1.0	False	
AqTMK_98_final.txt	AqTMK_224_final.txt	AqTMK_98	AqTMK_224	32	32	True	8	1.0	False	
AqTMK_98_final.txt	AqTMK_240_final.txt	AqTMK_98	AqTMK_240	32	32	True	8	1.0	False	
AqTMK_98_final.txt	AqTMK_245_final.txt	AqTMK_98	AqTMK_245	32	32	True	6	1.0	False	
AqTMK_98_final.txt	AqTMK_242_final.txt	AqTMK_98	AqTMK_242	32	32	True	8	1.0	False	
AqTMK_98_final.txt	AqTMK_249_final.txt	AqTMK_98	AqTMK_249	32	32	True	4	1.0	False	
AqTMK_98_final.txt	AqTMK_272_final.txt	AqTMK_98	AqTMK_272	32	32	True	6	1.0	False	
AqTMK_98_final.txt	AqTMK_267_final.txt	AqTMK_98	AqTMK_267	32	32	True	4	1.0	False	
AqTMK_98_final.txt	AqTMK_275_final.txt	AqTMK_98	AqTMK_275	32	32	True	6	1.0	False	
AqTMK_98_final.txt	AqTMK_286_final.txt	AqTMK_98	AqTMK_286	32	32	True	8	1.0	False	
AqTMK_98_final.txt	AqTMK_290_final.txt	AqTMK_98	AqTMK_290	32	32	True	2	1.0	False	
AqTMK_98_final.txt	AqTMK_292_final.txt	AqTMK_98	AqTMK_292	32	32	True	4	1.0	False	
AqTMK_98_final.txt	AqTMK_299_final.txt	AqTMK_98	AqTMK_299	32	32	True	6	1.0	False	
AqTMK_98_final.txt	AqTMK_279_final.txt	AqTMK_98	AqTMK_279	32	32	True	10	1.0	False	
AqTMK_98_final.txt	AqTMK_45_final.txt	AqTMK_98	AqTMK_45	32	31	False	inf	1.0	False	
AqTMK_98_final.txt	AqTMK_47_final.txt	AqTMK_98	AqTMK_47	32	31	False	inf	1.0	False	
AqTMK_98_final.txt	AqTMK_48_final.txt	AqTMK_98	AqTMK_48	32	31	False	inf	1.0	False	
AqTMK_98_final.txt	AqTMK_53_final.txt	AqTMK_98	AqTMK_53	32	31	False	inf	1.0	False	
AqTMK_98_final.txt	AqTMK_57_final.txt	AqTMK_98	AqTMK_57	32	31	False	inf	1.0	False	
AqTMK_98_final.txt	AqTMK_72_final.txt	AqTMK_98	AqTMK_72	32	31	False	inf	1.0	False	
AqTMK_98_final.txt	AqTMK_73_final.txt	AqTMK_98	AqTMK_73	32	31	False	inf	1.0	False	
AqTMK_98_final.txt	AqTMK_309_final.txt	AqTMK_98	AqTMK_309	32	32	True	4	1.0	False	
AqTMK_98_final.txt	AqTMK_76_final.txt	AqTMK_98	AqTMK_76	32	31	False	inf	1.0	False	
AqTMK_98_final.txt	AqTMK_92_final.txt	AqTMK_98	AqTMK_92	32	31	False	inf	1.0	False	
AqTMK_98_final.txt	AqTMK_94_final.txt	AqTMK_98	AqTMK_94	32	31	False	inf	1.0	False	
AqTMK_98_final.txt	AqTMK_108_final.txt	AqTMK_98	AqTMK_108	32	31	False	inf	1.0	False	
AqTMK_98_final.txt	AqTMK_110_final.txt	AqTMK_98	AqTMK_110	32	31	False	inf	1.0	False	
AqTMK_98_final.txt	AqTMK_112_final.txt	AqTMK_98	AqTMK_112	32	31	False	inf	1.0	False	
AqTMK_98_final.txt	AqTMK_119_final.txt	AqTMK_98	AqTMK_119	32	31	False	inf	1.0	False	
AqTMK_98_final.txt	AqTMK_122_final.txt	AqTMK_98	AqTMK_122	32	31	False	inf	1.0	False	
AqTMK_98_final.txt	AqTMK_133_final.txt	AqTMK_98	AqTMK_133	32	31	False	inf	1.0	False	
AqTMK_98_final.txt	AqTMK_132_final.txt	AqTMK_98	AqTMK_132	32	31	False	inf	1.0	False	
AqTMK_98_final.txt	AqTMK_123_final.txt	AqTMK_98	AqTMK_123	32	31	False	inf	1.0	False	
AqTMK_98_final.txt	AqTMK_167_final.txt	AqTMK_98	AqTMK_167	32	31	False	inf	1.0	False	
AqTMK_98_final.txt	AqTMK_172_final.txt	AqTMK_98	AqTMK_172	32	31	False	inf	1.0	False	
AqTMK_98_final.txt	AqTMK_178_final.txt	AqTMK_98	AqTMK_178	32	31	False	inf	1.0	False	
AqTMK_98_final.txt	AqTMK_184_final.txt	AqTMK_98	AqTMK_184	32	31	False	inf	1.0	False	
AqTMK_98_final.txt	AqTMK_195_final.txt	AqTMK_98	AqTMK_195	32	31	False	inf	1.0	False	
AqTMK_98_final.txt	AqTMK_237_final.txt	AqTMK_98	AqTMK_237	32	31	False	inf	1.0	False	
AqTMK_98_final.txt	AqTMK_201_final.txt	AqTMK_98	AqTMK_201	32	31	False	inf	1.0	False	
AqTMK_98_final.txt	AqTMK_211_final.txt	AqTMK_98	AqTMK_211	32	31	False	inf	1.0	False	
AqTMK_98_final.txt	AqTMK_238_final.txt	AqTMK_98	AqTMK_238	32	31	False	inf	1.0	False	
AqTMK_98_final.txt	AqTMK_253_final.txt	AqTMK_98	AqTMK_253	32	31	False	inf	1.0	False	
AqTMK_98_final.txt	AqTMK_276_final.txt	AqTMK_98	AqTMK_276	32	31	False	inf	1.0	False	
AqTMK_98_final.txt	AqTMK_277_final.txt	AqTMK_98	AqTMK_277	32	31	False	inf	1.0	False	
AqTMK_98_final.txt	AqTMK_288_final.txt	AqTMK_98	AqTMK_288	32	31	False	inf	1.0	False	
AqTMK_98_final.txt	AqTMK_300_final.txt	AqTMK_98	AqTMK_300	32	31	False	inf	1.0	False	
AqTMK_98_final.txt	AqTMK_33_final.txt	AqTMK_98	AqTMK_33	32	30	False	inf	1.0	False	
AqTMK_98_final.txt	AqTMK_43_final.txt	AqTMK_98	AqTMK_43	32	30	False	inf	1.0	False	
AqTMK_98_final.txt	AqTMK_49_final.txt	AqTMK_98	AqTMK_49	32	30	False	inf	1.0	False	
AqTMK_98_final.txt	AqTMK_50_final.txt	AqTMK_98	AqTMK_50	32	30	False	inf	1.0	False	
AqTMK_98_final.txt	AqTMK_66_final.txt	AqTMK_98	AqTMK_66	32	30	False	inf	1.0	False	
AqTMK_98_final.txt	AqTMK_102_final.txt	AqTMK_98	AqTMK_102	32	30	False	inf	1.0	False	
AqTMK_98_final.txt	AqTMK_124_final.txt	AqTMK_98	AqTMK_124	32	30	False	inf	1.0	False	
AqTMK_98_final.txt	AqTMK_264_final.txt	AqTMK_98	AqTMK_264	32	30	False	inf	1.0	False	
AqTMK_98_final.txt	AqTMK_153_final.txt	AqTMK_98	AqTMK_153	32	30	False	inf	1.0	False	
AqTMK_98_final.txt	AqTMK_193_final.txt	AqTMK_98	AqTMK_193	32	30	False	inf	1.0	False	
AqTMK_98_final.txt	AqTMK_121_final.txt	AqTMK_98	AqTMK_121	32	29	False	inf	1.0	False	
AqTMK_149_final.txt	AqTMK_155_final.txt	AqTMK_149	AqTMK_155	32	32	True	4	1.0	False	
AqTMK_149_final.txt	AqTMK_159_final.txt	AqTMK_149	AqTMK_159	32	32	True	8	1.0	False	
AqTMK_149_final.txt	AqTMK_173_final.txt	AqTMK_149	AqTMK_173	32	32	True	6	1.0	False	
AqTMK_149_final.txt	AqTMK_179_final.txt	AqTMK_149	AqTMK_179	32	32	True	4	1.0	False	
AqTMK_149_final.txt	AqTMK_181_final.txt	AqTMK_149	AqTMK_181	32	32	True	0	1.0	True	class_65
AqTMK_149_final.txt	AqTMK_187_final.txt	AqTMK_149	AqTMK_187	32	32	True	4	1.0	False	
AqTMK_149_final.txt	AqTMK_198_final.txt	AqTMK_149	AqTMK_198	32	32	True	0	1.0	True	class_65
AqTMK_149_final.txt	AqTMK_191_final.txt	AqTMK_149	AqTMK_191	32	32	True	10	1.0	False	
AqTMK_149_final.txt	AqTMK_219_final.txt	AqTMK_149	AqTMK_219	32	32	True	4	1.0	False	
AqTMK_149_final.txt	AqTMK_224_final.txt	AqTMK_149	AqTMK_224	32	32	True	0	1.0	True	class_65
AqTMK_149_final.txt	AqTMK_240_final.txt	AqTMK_149	AqTMK_240	32	32	True	4	1.0	False	
AqTMK_149_final.txt	AqTMK_234_final.txt	AqTMK_149	AqTMK_234	32	32	True	6	1.0	False	
AqTMK_149_final.txt	AqTMK_242_final.txt	AqTMK_149	AqTMK_242	32	32	True	6	1.0	False	
AqTMK_149_final.txt	AqTMK_245_final.txt	AqTMK_149	AqTMK_245	32	32	True	6	1.0	False	
AqTMK_149_final.txt	AqTMK_249_final.txt	AqTMK_149	AqTMK_249	32	32	True	4	1.0	False	
AqTMK_149_final.txt	AqTMK_267_final.txt	AqTMK_149	AqTMK_267	32	32	True	4	1.0	False	
AqTMK_149_final.txt	AqTMK_272_final.txt	AqTMK_149	AqTMK_272	32	32	True	6	1.0	False	
AqTMK_149_final.txt	AqTMK_275_final.txt	AqTMK_149	AqTMK_275	32	32	True	8	1.0	False	
AqTMK_149_final.txt	AqTMK_279_final.txt	AqTMK_149	AqTMK_279	32	32	True	6	1.0	False	
AqTMK_149_final.txt	AqTMK_286_final.txt	AqTMK_149	AqTMK_286	32	32	True	8	1.0	False	
AqTMK_149_final.txt	AqTMK_290_final.txt	AqTMK_149	AqTMK_290	32	32	True	8	1.0	False	
AqTMK_149_final.txt	AqTMK_292_final.txt	AqTMK_149	AqTMK_292	32	32	True	8	1.0	False	
AqTMK_149_final.txt	AqTMK_299_final.txt	AqTMK_149	AqTMK_299	32	32	True	8	1.0	False	
AqTMK_149_final.txt	AqTMK_309_final.txt	AqTMK_149	AqTMK_309	32	32	True	8	1.0	False	
AqTMK_149_final.txt	AqTMK_48_final.txt	AqTMK_149	AqTMK_48	32	31	False	inf	1.0	False	
AqTMK_149_final.txt	AqTMK_47_final.txt	AqTMK_149	AqTMK_47	32	31	False	inf	1.0	False	
AqTMK_149_final.txt	AqTMK_45_final.txt	AqTMK_149	AqTMK_45	32	31	False	inf	1.0	False	
AqTMK_149_final.txt	AqTMK_53_final.txt	AqTMK_149	AqTMK_53	32	31	False	inf	1.0	False	
AqTMK_149_final.txt	AqTMK_57_final.txt	AqTMK_149	AqTMK_57	32	31	False	inf	1.0	False	
AqTMK_149_final.txt	AqTMK_72_final.txt	AqTMK_149	AqTMK_72	32	31	False	inf	1.0	False	
AqTMK_149_final.txt	AqTMK_73_final.txt	AqTMK_149	AqTMK_73	32	31	False	inf	1.0	False	
AqTMK_149_final.txt	AqTMK_76_final.txt	AqTMK_149	AqTMK_76	32	31	False	inf	1.0	False	
AqTMK_149_final.txt	AqTMK_108_final.txt	AqTMK_149	AqTMK_108	32	31	False	inf	1.0	False	
AqTMK_149_final.txt	AqTMK_92_final.txt	AqTMK_149	AqTMK_92	32	31	False	inf	1.0	False	
AqTMK_149_final.txt	AqTMK_94_final.txt	AqTMK_149	AqTMK_94	32	31	False	inf	1.0	False	
AqTMK_149_final.txt	AqTMK_110_final.txt	AqTMK_149	AqTMK_110	32	31	False	inf	1.0	False	
AqTMK_149_final.txt	AqTMK_112_final.txt	AqTMK_149	AqTMK_112	32	31	False	inf	1.0	False	
AqTMK_149_final.txt	AqTMK_119_final.txt	AqTMK_149	AqTMK_119	32	31	False	inf	1.0	False	
AqTMK_149_final.txt	AqTMK_122_final.txt	AqTMK_149	AqTMK_122	32	31	False	inf	1.0	False	
AqTMK_149_final.txt	AqTMK_123_final.txt	AqTMK_149	AqTMK_123	32	31	False	inf	1.0	False	
AqTMK_149_final.txt	AqTMK_132_final.txt	AqTMK_149	AqTMK_132	32	31	False	inf	1.0	False	
AqTMK_149_final.txt	AqTMK_167_final.txt	AqTMK_149	AqTMK_167	32	31	False	inf	1.0	False	
AqTMK_149_final.txt	AqTMK_133_final.txt	AqTMK_149	AqTMK_133	32	31	False	inf	1.0	False	
AqTMK_149_final.txt	AqTMK_172_final.txt	AqTMK_149	AqTMK_172	32	31	False	inf	1.0	False	
AqTMK_149_final.txt	AqTMK_178_final.txt	AqTMK_149	AqTMK_178	32	31	False	inf	1.0	False	
AqTMK_149_final.txt	AqTMK_184_final.txt	AqTMK_149	AqTMK_184	32	31	False	inf	1.0	False	
AqTMK_149_final.txt	AqTMK_195_final.txt	AqTMK_149	AqTMK_195	32	31	False	inf	1.0	False	
AqTMK_149_final.txt	AqTMK_201_final.txt	AqTMK_149	AqTMK_201	32	31	False	inf	1.0	False	
AqTMK_149_final.txt	AqTMK_238_final.txt	AqTMK_149	AqTMK_238	32	31	False	inf	1.0	False	
AqTMK_149_final.txt	AqTMK_211_final.txt	AqTMK_149	AqTMK_211	32	31	False	inf	1.0	False	
AqTMK_149_final.txt	AqTMK_237_final.txt	AqTMK_149	AqTMK_237	32	31	False	inf	1.0	False	
AqTMK_149_final.txt	AqTMK_253_final.txt	AqTMK_149	AqTMK_253	32	31	False	inf	1.0	False	
AqTMK_149_final.txt	AqTMK_276_final.txt	AqTMK_149	AqTMK_276	32	31	False	inf	1.0	False	
AqTMK_149_final.txt	AqTMK_277_final.txt	AqTMK_149	AqTMK_277	32	31	False	inf	1.0	False	
AqTMK_149_final.txt	AqTMK_288_final.txt	AqTMK_149	AqTMK_288	32	31	False	inf	1.0	False	
AqTMK_149_final.txt	AqTMK_300_final.txt	AqTMK_149	AqTMK_300	32	31	False	inf	1.0	False	
AqTMK_149_final.txt	AqTMK_33_final.txt	AqTMK_149	AqTMK_33	32	30	False	inf	1.0	False	
AqTMK_149_final.txt	AqTMK_49_final.txt	AqTMK_149	AqTMK_49	32	30	False	inf	1.0	False	
AqTMK_149_final.txt	AqTMK_43_final.txt	AqTMK_149	AqTMK_43	32	30	False	inf	1.0	False	
AqTMK_149_final.txt	AqTMK_50_final.txt	AqTMK_149	AqTMK_50	32	30	False	inf	1.0	False	
AqTMK_149_final.txt	AqTMK_66_final.txt	AqTMK_149	AqTMK_66	32	30	False	inf	1.0	False	
AqTMK_149_final.txt	AqTMK_102_final.txt	AqTMK_149	AqTMK_102	32	30	False	inf	1.0	False	
AqTMK_149_final.txt	AqTMK_124_final.txt	AqTMK_149	AqTMK_124	32	30	False	inf	1.0	False	
AqTMK_149_final.txt	AqTMK_153_final.txt	AqTMK_149	AqTMK_153	32	30	False	inf	1.0	False	
AqTMK_149_final.txt	AqTMK_264_final.txt	AqTMK_149	AqTMK_264	32	30	False	inf	1.0	False	
AqTMK_149_final.txt	AqTMK_121_final.txt	AqTMK_149	AqTMK_121	32	29	False	inf	1.0	False	
AqTMK_149_final.txt	AqTMK_193_final.txt	AqTMK_149	AqTMK_193	32	30	False	inf	1.0	False	
AqTMK_155_final.txt	AqTMK_159_final.txt	AqTMK_155	AqTMK_159	32	32	True	4	1.0	False	
AqTMK_155_final.txt	AqTMK_173_final.txt	AqTMK_155	AqTMK_173	32	32	True	6	1.0	False	
AqTMK_155_final.txt	AqTMK_179_final.txt	AqTMK_155	AqTMK_179	32	32	True	8	1.0	False	
AqTMK_155_final.txt	AqTMK_187_final.txt	AqTMK_155	AqTMK_187	32	32	True	8	1.0	False	
AqTMK_155_final.txt	AqTMK_219_final.txt	AqTMK_155	AqTMK_219	32	32	True	4	1.0	False	
AqTMK_155_final.txt	AqTMK_234_final.txt	AqTMK_155	AqTMK_234	32	32	True	6	1.0	False	
AqTMK_155_final.txt	AqTMK_240_final.txt	AqTMK_155	AqTMK_240	32	32	True	4	1.0	False	
AqTMK_155_final.txt	AqTMK_191_final.txt	AqTMK_155	AqTMK_191	32	32	True	10	1.0	False	
AqTMK_155_final.txt	AqTMK_242_final.txt	AqTMK_155	AqTMK_242	32	32	True	6	1.0	False	
AqTMK_155_final.txt	AqTMK_245_final.txt	AqTMK_155	AqTMK_245	32	32	True	6	1.0	False	
AqTMK_155_final.txt	AqTMK_249_final.txt	AqTMK_155	AqTMK_249	32	32	True	8	1.0	False	
AqTMK_155_final.txt	AqTMK_267_final.txt	AqTMK_155	AqTMK_267	32	32	True	8	1.0	False	
AqTMK_155_final.txt	AqTMK_272_final.txt	AqTMK_155	AqTMK_272	32	32	True	6	1.0	False	
AqTMK_155_final.txt	AqTMK_275_final.txt	AqTMK_155	AqTMK_275	32	32	True	6	1.0	False	
AqTMK_155_final.txt	AqTMK_279_final.txt	AqTMK_155	AqTMK_279	32	32	True	6	1.0	False	
AqTMK_155_final.txt	AqTMK_286_final.txt	AqTMK_155	AqTMK_286	32	32	True	8	1.0	False	
AqTMK_155_final.txt	AqTMK_292_final.txt	AqTMK_155	AqTMK_292	32	32	True	4	1.0	False	
AqTMK_155_final.txt	AqTMK_290_final.txt	AqTMK_155	AqTMK_290	32	32	True	8	1.0	False	
AqTMK_155_final.txt	AqTMK_299_final.txt	AqTMK_155	AqTMK_299	32	32	True	8	1.0	False	
AqTMK_155_final.txt	AqTMK_45_final.txt	AqTMK_155	AqTMK_45	32	31	False	inf	1.0	False	
AqTMK_155_final.txt	AqTMK_47_final.txt	AqTMK_155	AqTMK_47	32	31	False	inf	1.0	False	
AqTMK_155_final.txt	AqTMK_48_final.txt	AqTMK_155	AqTMK_48	32	31	False	inf	1.0	False	
AqTMK_155_final.txt	AqTMK_53_final.txt	AqTMK_155	AqTMK_53	32	31	False	inf	1.0	False	
AqTMK_155_final.txt	AqTMK_309_final.txt	AqTMK_155	AqTMK_309	32	32	True	8	1.0	False	
AqTMK_155_final.txt	AqTMK_57_final.txt	AqTMK_155	AqTMK_57	32	31	False	inf	1.0	False	
AqTMK_155_final.txt	AqTMK_73_final.txt	AqTMK_155	AqTMK_73	32	31	False	inf	1.0	False	
AqTMK_155_final.txt	AqTMK_72_final.txt	AqTMK_155	AqTMK_72	32	31	False	inf	1.0	False	
AqTMK_155_final.txt	AqTMK_76_final.txt	AqTMK_155	AqTMK_76	32	31	False	inf	1.0	False	
AqTMK_155_final.txt	AqTMK_92_final.txt	AqTMK_155	AqTMK_92	32	31	False	inf	1.0	False	
AqTMK_155_final.txt	AqTMK_94_final.txt	AqTMK_155	AqTMK_94	32	31	False	inf	1.0	False	
AqTMK_155_final.txt	AqTMK_108_final.txt	AqTMK_155	AqTMK_108	32	31	False	inf	1.0	False	
AqTMK_155_final.txt	AqTMK_110_final.txt	AqTMK_155	AqTMK_110	32	31	False	inf	1.0	False	
AqTMK_155_final.txt	AqTMK_122_final.txt	AqTMK_155	AqTMK_122	32	31	False	inf	1.0	False	
AqTMK_155_final.txt	AqTMK_112_final.txt	AqTMK_155	AqTMK_112	32	31	False	inf	1.0	False	
AqTMK_155_final.txt	AqTMK_119_final.txt	AqTMK_155	AqTMK_119	32	31	False	inf	1.0	False	
AqTMK_155_final.txt	AqTMK_123_final.txt	AqTMK_155	AqTMK_123	32	31	False	inf	1.0	False	
AqTMK_155_final.txt	AqTMK_132_final.txt	AqTMK_155	AqTMK_132	32	31	False	inf	1.0	False	
AqTMK_155_final.txt	AqTMK_133_final.txt	AqTMK_155	AqTMK_133	32	31	False	inf	1.0	False	
AqTMK_155_final.txt	AqTMK_167_final.txt	AqTMK_155	AqTMK_167	32	31	False	inf	1.0	False	
AqTMK_155_final.txt	AqTMK_172_final.txt	AqTMK_155	AqTMK_172	32	31	False	inf	1.0	False	
AqTMK_155_final.txt	AqTMK_178_final.txt	AqTMK_155	AqTMK_178	32	31	False	inf	1.0	False	
AqTMK_155_final.txt	AqTMK_195_final.txt	AqTMK_155	AqTMK_195	32	31	False	inf	1.0	False	
AqTMK_155_final.txt	AqTMK_184_final.txt	AqTMK_155	AqTMK_184	32	31	False	inf	1.0	False	
AqTMK_155_final.txt	AqTMK_201_final.txt	AqTMK_155	AqTMK_201	32	31	False	inf	1.0	False	
AqTMK_155_final.txt	AqTMK_211_final.txt	AqTMK_155	AqTMK_211	32	31	False	inf	1.0	False	
AqTMK_155_final.txt	AqTMK_237_final.txt	AqTMK_155	AqTMK_237	32	31	False	inf	1.0	False	
AqTMK_155_final.txt	AqTMK_238_final.txt	AqTMK_155	AqTMK_238	32	31	False	inf	1.0	False	
AqTMK_155_final.txt	AqTMK_253_final.txt	AqTMK_155	AqTMK_253	32	31	False	inf	1.0	False	
AqTMK_155_final.txt	AqTMK_288_final.txt	AqTMK_155	AqTMK_288	32	31	False	inf	1.0	False	
AqTMK_155_final.txt	AqTMK_276_final.txt	AqTMK_155	AqTMK_276	32	31	False	inf	1.0	False	
AqTMK_155_final.txt	AqTMK_277_final.txt	AqTMK_155	AqTMK_277	32	31	False	inf	1.0	False	
AqTMK_155_final.txt	AqTMK_300_final.txt	AqTMK_155	AqTMK_300	32	31	False	inf	1.0	False	
AqTMK_155_final.txt	AqTMK_33_final.txt	AqTMK_155	AqTMK_33	32	30	False	inf	1.0	False	
AqTMK_155_final.txt	AqTMK_43_final.txt	AqTMK_155	AqTMK_43	32	30	False	inf	1.0	False	
AqTMK_155_final.txt	AqTMK_49_final.txt	AqTMK_155	AqTMK_49	32	30	False	inf	1.0	False	
AqTMK_155_final.txt	AqTMK_50_final.txt	AqTMK_155	AqTMK_50	32	30	False	inf	1.0	False	
AqTMK_155_final.txt	AqTMK_66_final.txt	AqTMK_155	AqTMK_66	32	30	False	inf	1.0	False	
AqTMK_155_final.txt	AqTMK_102_final.txt	AqTMK_155	AqTMK_102	32	30	False	inf	1.0	False	
AqTMK_155_final.txt	AqTMK_124_final.txt	AqTMK_155	AqTMK_124	32	30	False	inf	1.0	False	
AqTMK_155_final.txt	AqTMK_153_final.txt	AqTMK_155	AqTMK_153	32	30	False	inf	1.0	False	
AqTMK_155_final.txt	AqTMK_193_final.txt	AqTMK_155	AqTMK_193	32	30	False	inf	1.0	False	
AqTMK_155_final.txt	AqTMK_264_final.txt	AqTMK_155	AqTMK_264	32	30	False	inf	1.0	False	
AqTMK_155_final.txt	AqTMK_121_final.txt	AqTMK_155	AqTMK_121	32	29	False	inf	1.0	False	
AqTMK_159_final.txt	AqTMK_173_final.txt	AqTMK_159	AqTMK_173	32	32	True	4	1.0	False	
AqTMK_159_final.txt	AqTMK_179_final.txt	AqTMK_159	AqTMK_179	32	32	True	4	1.0	False	
AqTMK_159_final.txt	AqTMK_187_final.txt	AqTMK_159	AqTMK_187	32	32	True	4	1.0	False	
AqTMK_159_final.txt	AqTMK_191_final.txt	AqTMK_159	AqTMK_191	32	32	True	6	1.0	False	
AqTMK_159_final.txt	AqTMK_219_final.txt	AqTMK_159	AqTMK_219	32	32	True	4	1.0	False	
AqTMK_159_final.txt	AqTMK_234_final.txt	AqTMK_159	AqTMK_234	32	32	True	2	1.0	False	
AqTMK_159_final.txt	AqTMK_240_final.txt	AqTMK_159	AqTMK_240	32	32	True	6	1.0	False	
AqTMK_159_final.txt	AqTMK_242_final.txt	AqTMK_159	AqTMK_242	32	32	True	6	1.0	False	
AqTMK_159_final.txt	AqTMK_245_final.txt	AqTMK_159	AqTMK_245	32	32	True	2	1.0	False	
AqTMK_159_final.txt	AqTMK_249_final.txt	AqTMK_159	AqTMK_249	32	32	True	4	1.0	False	
AqTMK_159_final.txt	AqTMK_267_final.txt	AqTMK_159	AqTMK_267	32	32	True	4	1.0	False	
AqTMK_159_final.txt	AqTMK_272_final.txt	AqTMK_159	AqTMK_272	32	32	True	2	1.0	False	
AqTMK_159_final.txt	AqTMK_275_final.txt	AqTMK_159	AqTMK_275	32	32	True	2	1.0	False	
AqTMK_159_final.txt	AqTMK_286_final.txt	AqTMK_159	AqTMK_286	32	32	True	4	1.0	False	
AqTMK_159_final.txt	AqTMK_279_final.txt	AqTMK_159	AqTMK_279	32	32	True	8	1.0	False	
AqTMK_159_final.txt	AqTMK_290_final.txt	AqTMK_159	AqTMK_290	32	32	True	4	1.0	False	
AqTMK_159_final.txt	AqTMK_292_final.txt	AqTMK_159	AqTMK_292	32	32	True	0	1.0	True	class_67
AqTMK_159_final.txt	AqTMK_299_final.txt	AqTMK_159	AqTMK_299	32	32	True	4	1.0	False	
AqTMK_159_final.txt	AqTMK_45_final.txt	AqTMK_159	AqTMK_45	32	31	False	inf	1.0	False	
AqTMK_159_final.txt	AqTMK_47_final.txt	AqTMK_159	AqTMK_47	32	31	False	inf	1.0	False	
AqTMK_159_final.txt	AqTMK_48_final.txt	AqTMK_159	AqTMK_48	32	31	False	inf	1.0	False	
AqTMK_159_final.txt	AqTMK_53_final.txt	AqTMK_159	AqTMK_53	32	31	False	inf	1.0	False	
AqTMK_159_final.txt	AqTMK_57_final.txt	AqTMK_159	AqTMK_57	32	31	False	inf	1.0	False	
AqTMK_159_final.txt	AqTMK_309_final.txt	AqTMK_159	AqTMK_309	32	32	True	4	1.0	False	
AqTMK_159_final.txt	AqTMK_76_final.txt	AqTMK_159	AqTMK_76	32	31	False	inf	1.0	False	
AqTMK_159_final.txt	AqTMK_73_final.txt	AqTMK_159	AqTMK_73	32	31	False	inf	1.0	False	
AqTMK_159_final.txt	AqTMK_72_final.txt	AqTMK_159	AqTMK_72	32	31	False	inf	1.0	False	
AqTMK_159_final.txt	AqTMK_92_final.txt	AqTMK_159	AqTMK_92	32	31	False	inf	1.0	False	
AqTMK_159_final.txt	AqTMK_94_final.txt	AqTMK_159	AqTMK_94	32	31	False	inf	1.0	False	
AqTMK_159_final.txt	AqTMK_108_final.txt	AqTMK_159	AqTMK_108	32	31	False	inf	1.0	False	
AqTMK_159_final.txt	AqTMK_110_final.txt	AqTMK_159	AqTMK_110	32	31	False	inf	1.0	False	
AqTMK_159_final.txt	AqTMK_112_final.txt	AqTMK_159	AqTMK_112	32	31	False	inf	1.0	False	
AqTMK_159_final.txt	AqTMK_119_final.txt	AqTMK_159	AqTMK_119	32	31	False	inf	1.0	False	
AqTMK_159_final.txt	AqTMK_122_final.txt	AqTMK_159	AqTMK_122	32	31	False	inf	1.0	False	
AqTMK_159_final.txt	AqTMK_123_final.txt	AqTMK_159	AqTMK_123	32	31	False	inf	1.0	False	
AqTMK_159_final.txt	AqTMK_132_final.txt	AqTMK_159	AqTMK_132	32	31	False	inf	1.0	False	
AqTMK_159_final.txt	AqTMK_133_final.txt	AqTMK_159	AqTMK_133	32	31	False	inf	1.0	False	
AqTMK_159_final.txt	AqTMK_167_final.txt	AqTMK_159	AqTMK_167	32	31	False	inf	1.0	False	
AqTMK_159_final.txt	AqTMK_172_final.txt	AqTMK_159	AqTMK_172	32	31	False	inf	1.0	False	
AqTMK_159_final.txt	AqTMK_178_final.txt	AqTMK_159	AqTMK_178	32	31	False	inf	1.0	False	
AqTMK_159_final.txt	AqTMK_195_final.txt	AqTMK_159	AqTMK_195	32	31	False	inf	1.0	False	
AqTMK_159_final.txt	AqTMK_201_final.txt	AqTMK_159	AqTMK_201	32	31	False	inf	1.0	False	
AqTMK_159_final.txt	AqTMK_184_final.txt	AqTMK_159	AqTMK_184	32	31	False	inf	1.0	False	
AqTMK_159_final.txt	AqTMK_211_final.txt	AqTMK_159	AqTMK_211	32	31	False	inf	1.0	False	
AqTMK_159_final.txt	AqTMK_237_final.txt	AqTMK_159	AqTMK_237	32	31	False	inf	1.0	False	
AqTMK_159_final.txt	AqTMK_238_final.txt	AqTMK_159	AqTMK_238	32	31	False	inf	1.0	False	
AqTMK_159_final.txt	AqTMK_253_final.txt	AqTMK_159	AqTMK_253	32	31	False	inf	1.0	False	
AqTMK_159_final.txt	AqTMK_276_final.txt	AqTMK_159	AqTMK_276	32	31	False	inf	1.0	False	
AqTMK_159_final.txt	AqTMK_300_final.txt	AqTMK_159	AqTMK_300	32	31	False	inf	1.0	False	
AqTMK_159_final.txt	AqTMK_277_final.txt	AqTMK_159	AqTMK_277	32	31	False	inf	1.0	False	
AqTMK_159_final.txt	AqTMK_288_final.txt	AqTMK_159	AqTMK_288	32	31	False	inf	1.0	False	
AqTMK_159_final.txt	AqTMK_33_final.txt	AqTMK_159	AqTMK_33	32	30	False	inf	1.0	False	
AqTMK_159_final.txt	AqTMK_43_final.txt	AqTMK_159	AqTMK_43	32	30	False	inf	1.0	False	
AqTMK_159_final.txt	AqTMK_49_final.txt	AqTMK_159	AqTMK_49	32	30	False	inf	1.0	False	
AqTMK_159_final.txt	AqTMK_50_final.txt	AqTMK_159	AqTMK_50	32	30	False	inf	1.0	False	
AqTMK_159_final.txt	AqTMK_66_final.txt	AqTMK_159	AqTMK_66	32	30	False	inf	1.0	False	
AqTMK_159_final.txt	AqTMK_102_final.txt	AqTMK_159	AqTMK_102	32	30	False	inf	1.0	False	
AqTMK_159_final.txt	AqTMK_124_final.txt	AqTMK_159	AqTMK_124	32	30	False	inf	1.0	False	
AqTMK_159_final.txt	AqTMK_153_final.txt	AqTMK_159	AqTMK_153	32	30	False	inf	1.0	False	
AqTMK_159_final.txt	AqTMK_193_final.txt	AqTMK_159	AqTMK_193	32	30	False	inf	1.0	False	
AqTMK_159_final.txt	AqTMK_264_final.txt	AqTMK_159	AqTMK_264	32	30	False	inf	1.0	False	
AqTMK_159_final.txt	AqTMK_121_final.txt	AqTMK_159	AqTMK_121	32	29	False	inf	1.0	False	
AqTMK_173_final.txt	AqTMK_187_final.txt	AqTMK_173	AqTMK_187	32	32	True	4	1.0	False	
AqTMK_173_final.txt	AqTMK_179_final.txt	AqTMK_173	AqTMK_179	32	32	True	4	1.0	False	
AqTMK_173_final.txt	AqTMK_191_final.txt	AqTMK_173	AqTMK_191	32	32	True	6	1.0	False	
AqTMK_173_final.txt	AqTMK_234_final.txt	AqTMK_173	AqTMK_234	32	32	True	6	1.0	False	
AqTMK_173_final.txt	AqTMK_219_final.txt	AqTMK_173	AqTMK_219	32	32	True	8	1.0	False	
AqTMK_173_final.txt	AqTMK_240_final.txt	AqTMK_173	AqTMK_240	32	32	True	6	1.0	False	
AqTMK_173_final.txt	AqTMK_245_final.txt	AqTMK_173	AqTMK_245	32	32	True	6	1.0	False	
AqTMK_173_final.txt	AqTMK_242_final.txt	AqTMK_173	AqTMK_242	32	32	True	8	1.0	False	
AqTMK_173_final.txt	AqTMK_267_final.txt	AqTMK_173	AqTMK_267	32	32	True	4	1.0	False	
AqTMK_173_final.txt	AqTMK_249_final.txt	AqTMK_173	AqTMK_249	32	32	True	4	1.0	False	
AqTMK_173_final.txt	AqTMK_272_final.txt	AqTMK_173	AqTMK_272	32	32	True	6	1.0	False	
AqTMK_173_final.txt	AqTMK_275_final.txt	AqTMK_173	AqTMK_275	32	32	True	6	1.0	False	
AqTMK_173_final.txt	AqTMK_286_final.txt	AqTMK_173	AqTMK_286	32	32	True	8	1.0	False	
AqTMK_173_final.txt	AqTMK_279_final.txt	AqTMK_173	AqTMK_279	32	32	True	8	1.0	False	
AqTMK_173_final.txt	AqTMK_290_final.txt	AqTMK_173	AqTMK_290	32	32	True	2	1.0	False	
AqTMK_173_final.txt	AqTMK_299_final.txt	AqTMK_173	AqTMK_299	32	32	True	6	1.0	False	
AqTMK_173_final.txt	AqTMK_45_final.txt	AqTMK_173	AqTMK_45	32	31	False	inf	1.0	False	
AqTMK_173_final.txt	AqTMK_47_final.txt	AqTMK_173	AqTMK_47	32	31	False	inf	1.0	False	
AqTMK_173_final.txt	AqTMK_48_final.txt	AqTMK_173	AqTMK_48	32	31	False	inf	1.0	False	
AqTMK_173_final.txt	AqTMK_53_final.txt	AqTMK_173	AqTMK_53	32	31	False	inf	1.0	False	
AqTMK_173_final.txt	AqTMK_57_final.txt	AqTMK_173	AqTMK_57	32	31	False	inf	1.0	False	
AqTMK_173_final.txt	AqTMK_72_final.txt	AqTMK_173	AqTMK_72	32	31	False	inf	1.0	False	
AqTMK_173_final.txt	AqTMK_73_final.txt	AqTMK_173	AqTMK_73	32	31	False	inf	1.0	False	
AqTMK_173_final.txt	AqTMK_309_final.txt	AqTMK_173	AqTMK_309	32	32	True	4	1.0	False	
AqTMK_173_final.txt	AqTMK_92_final.txt	AqTMK_173	AqTMK_92	32	31	False	inf	1.0	False	
AqTMK_173_final.txt	AqTMK_94_final.txt	AqTMK_173	AqTMK_94	32	31	False	inf	1.0	False	
AqTMK_173_final.txt	AqTMK_76_final.txt	AqTMK_173	AqTMK_76	32	31	False	inf	1.0	False	
AqTMK_173_final.txt	AqTMK_108_final.txt	AqTMK_173	AqTMK_108	32	31	False	inf	1.0	False	
AqTMK_173_final.txt	AqTMK_110_final.txt	AqTMK_173	AqTMK_110	32	31	False	inf	1.0	False	
AqTMK_173_final.txt	AqTMK_112_final.txt	AqTMK_173	AqTMK_112	32	31	False	inf	1.0	False	
AqTMK_173_final.txt	AqTMK_119_final.txt	AqTMK_173	AqTMK_119	32	31	False	inf	1.0	False	
AqTMK_173_final.txt	AqTMK_122_final.txt	AqTMK_173	AqTMK_122	32	31	False	inf	1.0	False	
AqTMK_173_final.txt	AqTMK_123_final.txt	AqTMK_173	AqTMK_123	32	31	False	inf	1.0	False	
AqTMK_173_final.txt	AqTMK_133_final.txt	AqTMK_173	AqTMK_133	32	31	False	inf	1.0	False	
AqTMK_173_final.txt	AqTMK_132_final.txt	AqTMK_173	AqTMK_132	32	31	False	inf	1.0	False	
AqTMK_173_final.txt	AqTMK_167_final.txt	AqTMK_173	AqTMK_167	32	31	False	inf	1.0	False	
AqTMK_173_final.txt	AqTMK_172_final.txt	AqTMK_173	AqTMK_172	32	31	False	inf	1.0	False	
AqTMK_173_final.txt	AqTMK_178_final.txt	AqTMK_173	AqTMK_178	32	31	False	inf	1.0	False	
AqTMK_173_final.txt	AqTMK_184_final.txt	AqTMK_173	AqTMK_184	32	31	False	inf	1.0	False	
AqTMK_173_final.txt	AqTMK_195_final.txt	AqTMK_173	AqTMK_195	32	31	False	inf	1.0	False	
AqTMK_173_final.txt	AqTMK_237_final.txt	AqTMK_173	AqTMK_237	32	31	False	inf	1.0	False	
AqTMK_173_final.txt	AqTMK_201_final.txt	AqTMK_173	AqTMK_201	32	31	False	inf	1.0	False	
AqTMK_173_final.txt	AqTMK_211_final.txt	AqTMK_173	AqTMK_211	32	31	False	inf	1.0	False	
AqTMK_173_final.txt	AqTMK_238_final.txt	AqTMK_173	AqTMK_238	32	31	False	inf	1.0	False	
AqTMK_173_final.txt	AqTMK_253_final.txt	AqTMK_173	AqTMK_253	32	31	False	inf	1.0	False	
AqTMK_173_final.txt	AqTMK_276_final.txt	AqTMK_173	AqTMK_276	32	31	False	inf	1.0	False	
AqTMK_173_final.txt	AqTMK_277_final.txt	AqTMK_173	AqTMK_277	32	31	False	inf	1.0	False	
AqTMK_173_final.txt	AqTMK_288_final.txt	AqTMK_173	AqTMK_288	32	31	False	inf	1.0	False	
AqTMK_173_final.txt	AqTMK_43_final.txt	AqTMK_173	AqTMK_43	32	30	False	inf	1.0	False	
AqTMK_173_final.txt	AqTMK_300_final.txt	AqTMK_173	AqTMK_300	32	31	False	inf	1.0	False	
AqTMK_173_final.txt	AqTMK_33_final.txt	AqTMK_173	AqTMK_33	32	30	False	inf	1.0	False	
AqTMK_173_final.txt	AqTMK_49_final.txt	AqTMK_173	AqTMK_49	32	30	False	inf	1.0	False	
AqTMK_173_final.txt	AqTMK_50_final.txt	AqTMK_173	AqTMK_50	32	30	False	inf	1.0	False	
AqTMK_173_final.txt	AqTMK_66_final.txt	AqTMK_173	AqTMK_66	32	30	False	inf	1.0	False	
AqTMK_173_final.txt	AqTMK_102_final.txt	AqTMK_173	AqTMK_102	32	30	False	inf	1.0	False	
AqTMK_173_final.txt	AqTMK_124_final.txt	AqTMK_173	AqTMK_124	32	30	False	inf	1.0	False	
AqTMK_173_final.txt	AqTMK_153_final.txt	AqTMK_173	AqTMK_153	32	30	False	inf	1.0	False	
AqTMK_173_final.txt	AqTMK_264_final.txt	AqTMK_173	AqTMK_264	32	30	False	inf	1.0	False	
AqTMK_173_final.txt	AqTMK_193_final.txt	AqTMK_173	AqTMK_193	32	30	False	inf	1.0	False	
AqTMK_173_final.txt	AqTMK_121_final.txt	AqTMK_173	AqTMK_121	32	29	False	inf	1.0	False	
AqTMK_179_final.txt	AqTMK_187_final.txt	AqTMK_179	AqTMK_187	32	32	True	0	1.0	True	class_69
AqTMK_179_final.txt	AqTMK_191_final.txt	AqTMK_179	AqTMK_191	32	32	True	6	1.0	False	
AqTMK_179_final.txt	AqTMK_219_final.txt	AqTMK_179	AqTMK_219	32	32	True	4	1.0	False	
AqTMK_179_final.txt	AqTMK_234_final.txt	AqTMK_179	AqTMK_234	32	32	True	2	1.0	False	
AqTMK_179_final.txt	AqTMK_240_final.txt	AqTMK_179	AqTMK_240	32	32	True	6	1.0	False	
AqTMK_179_final.txt	AqTMK_242_final.txt	AqTMK_179	AqTMK_242	32	32	True	6	1.0	False	
AqTMK_179_final.txt	AqTMK_245_final.txt	AqTMK_179	AqTMK_245	32	32	True	2	1.0	False	
AqTMK_179_final.txt	AqTMK_249_final.txt	AqTMK_179	AqTMK_249	32	32	True	0	1.0	True	class_69
AqTMK_179_final.txt	AqTMK_267_final.txt	AqTMK_179	AqTMK_267	32	32	True	0	1.0	True	class_69
AqTMK_179_final.txt	AqTMK_272_final.txt	AqTMK_179	AqTMK_272	32	32	True	2	1.0	False	
AqTMK_179_final.txt	AqTMK_279_final.txt	AqTMK_179	AqTMK_279	32	32	True	8	1.0	False	
AqTMK_179_final.txt	AqTMK_275_final.txt	AqTMK_179	AqTMK_275	32	32	True	4	1.0	False	
AqTMK_179_final.txt	AqTMK_290_final.txt	AqTMK_179	AqTMK_290	32	32	True	4	1.0	False	
AqTMK_179_final.txt	AqTMK_286_final.txt	AqTMK_179	AqTMK_286	32	32	True	4	1.0	False	
AqTMK_179_final.txt	AqTMK_299_final.txt	AqTMK_179	AqTMK_299	32	32	True	4	1.0	False	
AqTMK_179_final.txt	AqTMK_309_final.txt	AqTMK_179	AqTMK_309	32	32	True	4	1.0	False	
AqTMK_179_final.txt	AqTMK_45_final.txt	AqTMK_179	AqTMK_45	32	31	False	inf	1.0	False	
AqTMK_179_final.txt	AqTMK_48_final.txt	AqTMK_179	AqTMK_48	32	31	False	inf	1.0	False	
AqTMK_179_final.txt	AqTMK_47_final.txt	AqTMK_179	AqTMK_47	32	31	False	inf	1.0	False	
AqTMK_179_final.txt	AqTMK_53_final.txt	AqTMK_179	AqTMK_53	32	31	False	inf	1.0	False	
AqTMK_179_final.txt	AqTMK_57_final.txt	AqTMK_179	AqTMK_57	32	31	False	inf	1.0	False	
AqTMK_179_final.txt	AqTMK_72_final.txt	AqTMK_179	AqTMK_72	32	31	False	inf	1.0	False	
AqTMK_179_final.txt	AqTMK_73_final.txt	AqTMK_179	AqTMK_73	32	31	False	inf	1.0	False	
AqTMK_179_final.txt	AqTMK_76_final.txt	AqTMK_179	AqTMK_76	32	31	False	inf	1.0	False	
AqTMK_179_final.txt	AqTMK_92_final.txt	AqTMK_179	AqTMK_92	32	31	False	inf	1.0	False	
AqTMK_179_final.txt	AqTMK_94_final.txt	AqTMK_179	AqTMK_94	32	31	False	inf	1.0	False	
AqTMK_179_final.txt	AqTMK_108_final.txt	AqTMK_179	AqTMK_108	32	31	False	inf	1.0	False	
AqTMK_179_final.txt	AqTMK_110_final.txt	AqTMK_179	AqTMK_110	32	31	False	inf	1.0	False	
AqTMK_179_final.txt	AqTMK_112_final.txt	AqTMK_179	AqTMK_112	32	31	False	inf	1.0	False	
AqTMK_179_final.txt	AqTMK_119_final.txt	AqTMK_179	AqTMK_119	32	31	False	inf	1.0	False	
AqTMK_179_final.txt	AqTMK_122_final.txt	AqTMK_179	AqTMK_122	32	31	False	inf	1.0	False	
AqTMK_179_final.txt	AqTMK_123_final.txt	AqTMK_179	AqTMK_123	32	31	False	inf	1.0	False	
AqTMK_179_final.txt	AqTMK_167_final.txt	AqTMK_179	AqTMK_167	32	31	False	inf	1.0	False	
AqTMK_179_final.txt	AqTMK_132_final.txt	AqTMK_179	AqTMK_132	32	31	False	inf	1.0	False	
AqTMK_179_final.txt	AqTMK_133_final.txt	AqTMK_179	AqTMK_133	32	31	False	inf	1.0	False	
AqTMK_179_final.txt	AqTMK_172_final.txt	AqTMK_179	AqTMK_172	32	31	False	inf	1.0	False	
AqTMK_179_final.txt	AqTMK_178_final.txt	AqTMK_179	AqTMK_178	32	31	False	inf	1.0	False	
AqTMK_179_final.txt	AqTMK_184_final.txt	AqTMK_179	AqTMK_184	32	31	False	inf	1.0	False	
AqTMK_179_final.txt	AqTMK_195_final.txt	AqTMK_179	AqTMK_195	32	31	False	inf	1.0	False	
AqTMK_179_final.txt	AqTMK_201_final.txt	AqTMK_179	AqTMK_201	32	31	False	inf	1.0	False	
AqTMK_179_final.txt	AqTMK_238_final.txt	AqTMK_179	AqTMK_238	32	31	False	inf	1.0	False	
AqTMK_179_final.txt	AqTMK_237_final.txt	AqTMK_179	AqTMK_237	32	31	False	inf	1.0	False	
AqTMK_179_final.txt	AqTMK_211_final.txt	AqTMK_179	AqTMK_211	32	31	False	inf	1.0	False	
AqTMK_179_final.txt	AqTMK_253_final.txt	AqTMK_179	AqTMK_253	32	31	False	inf	1.0	False	
AqTMK_179_final.txt	AqTMK_276_final.txt	AqTMK_179	AqTMK_276	32	31	False	inf	1.0	False	
AqTMK_179_final.txt	AqTMK_277_final.txt	AqTMK_179	AqTMK_277	32	31	False	inf	1.0	False	
AqTMK_179_final.txt	AqTMK_288_final.txt	AqTMK_179	AqTMK_288	32	31	False	inf	1.0	False	
AqTMK_179_final.txt	AqTMK_300_final.txt	AqTMK_179	AqTMK_300	32	31	False	inf	1.0	False	
AqTMK_179_final.txt	AqTMK_33_final.txt	AqTMK_179	AqTMK_33	32	30	False	inf	1.0	False	
AqTMK_179_final.txt	AqTMK_43_final.txt	AqTMK_179	AqTMK_43	32	30	False	inf	1.0	False	
AqTMK_179_final.txt	AqTMK_49_final.txt	AqTMK_179	AqTMK_49	32	30	False	inf	1.0	False	
AqTMK_179_final.txt	AqTMK_50_final.txt	AqTMK_179	AqTMK_50	32	30	False	inf	1.0	False	
AqTMK_179_final.txt	AqTMK_66_final.txt	AqTMK_179	AqTMK_66	32	30	False	inf	1.0	False	
AqTMK_179_final.txt	AqTMK_102_final.txt	AqTMK_179	AqTMK_102	32	30	False	inf	1.0	False	
AqTMK_179_final.txt	AqTMK_124_final.txt	AqTMK_179	AqTMK_124	32	30	False	inf	1.0	False	
AqTMK_179_final.txt	AqTMK_153_final.txt	AqTMK_179	AqTMK_153	32	30	False	inf	1.0	False	
AqTMK_179_final.txt	AqTMK_264_final.txt	AqTMK_179	AqTMK_264	32	30	False	inf	1.0	False	
AqTMK_179_final.txt	AqTMK_121_final.txt	AqTMK_179	AqTMK_121	32	29	False	inf	1.0	False	
AqTMK_179_final.txt	AqTMK_193_final.txt	AqTMK_179	AqTMK_193	32	30	False	inf	1.0	False	
AqTMK_191_final.txt	AqTMK_234_final.txt	AqTMK_191	AqTMK_234	32	32	True	8	1.0	False	
AqTMK_191_final.txt	AqTMK_219_final.txt	AqTMK_191	AqTMK_219	32	32	True	10	1.0	False	
AqTMK_191_final.txt	AqTMK_242_final.txt	AqTMK_191	AqTMK_242	32	32	True	10	1.0	False	
AqTMK_191_final.txt	AqTMK_245_final.txt	AqTMK_191	AqTMK_245	32	32	True	8	1.0	False	
AqTMK_191_final.txt	AqTMK_272_final.txt	AqTMK_191	AqTMK_272	32	32	True	8	1.0	False	
AqTMK_191_final.txt	AqTMK_275_final.txt	AqTMK_191	AqTMK_275	32	32	True	8	1.0	False	
AqTMK_191_final.txt	AqTMK_240_final.txt	AqTMK_191	AqTMK_240	32	32	True	12	1.0	False	
AqTMK_191_final.txt	AqTMK_279_final.txt	AqTMK_191	AqTMK_279	32	32	True	12	1.0	False	
AqTMK_191_final.txt	AqTMK_290_final.txt	AqTMK_191	AqTMK_290	32	32	True	4	1.0	False	
AqTMK_191_final.txt	AqTMK_286_final.txt	AqTMK_191	AqTMK_286	32	32	True	8	1.0	False	
AqTMK_191_final.txt	AqTMK_309_final.txt	AqTMK_191	AqTMK_309	32	32	True	2	1.0	False	
AqTMK_191_final.txt	AqTMK_45_final.txt	AqTMK_191	AqTMK_45	32	31	False	inf	1.0	False	
AqTMK_191_final.txt	AqTMK_47_final.txt	AqTMK_191	AqTMK_47	32	31	False	inf	1.0	False	
AqTMK_191_final.txt	AqTMK_48_final.txt	AqTMK_191	AqTMK_48	32	31	False	inf	1.0	False	
AqTMK_191_final.txt	AqTMK_53_final.txt	AqTMK_191	AqTMK_53	32	31	False	inf	1.0	False	
AqTMK_191_final.txt	AqTMK_299_final.txt	AqTMK_191	AqTMK_299	32	32	True	8	1.0	False	
AqTMK_191_final.txt	AqTMK_73_final.txt	AqTMK_191	AqTMK_73	32	31	False	inf	1.0	False	
AqTMK_191_final.txt	AqTMK_57_final.txt	AqTMK_191	AqTMK_57	32	31	False	inf	1.0	False	
AqTMK_191_final.txt	AqTMK_72_final.txt	AqTMK_191	AqTMK_72	32	31	False	inf	1.0	False	
AqTMK_191_final.txt	AqTMK_76_final.txt	AqTMK_191	AqTMK_76	32	31	False	inf	1.0	False	
AqTMK_191_final.txt	AqTMK_92_final.txt	AqTMK_191	AqTMK_92	32	31	False	inf	1.0	False	
AqTMK_191_final.txt	AqTMK_94_final.txt	AqTMK_191	AqTMK_94	32	31	False	inf	1.0	False	
AqTMK_191_final.txt	AqTMK_108_final.txt	AqTMK_191	AqTMK_108	32	31	False	inf	1.0	False	
AqTMK_191_final.txt	AqTMK_110_final.txt	AqTMK_191	AqTMK_110	32	31	False	inf	1.0	False	
AqTMK_191_final.txt	AqTMK_112_final.txt	AqTMK_191	AqTMK_112	32	31	False	inf	1.0	False	
AqTMK_191_final.txt	AqTMK_122_final.txt	AqTMK_191	AqTMK_122	32	31	False	inf	1.0	False	
AqTMK_191_final.txt	AqTMK_119_final.txt	AqTMK_191	AqTMK_119	32	31	False	inf	1.0	False	
AqTMK_191_final.txt	AqTMK_123_final.txt	AqTMK_191	AqTMK_123	32	31	False	inf	1.0	False	
AqTMK_191_final.txt	AqTMK_132_final.txt	AqTMK_191	AqTMK_132	32	31	False	inf	1.0	False	
AqTMK_191_final.txt	AqTMK_133_final.txt	AqTMK_191	AqTMK_133	32	31	False	inf	1.0	False	
AqTMK_191_final.txt	AqTMK_167_final.txt	AqTMK_191	AqTMK_167	32	31	False	inf	1.0	False	
AqTMK_191_final.txt	AqTMK_172_final.txt	AqTMK_191	AqTMK_172	32	31	False	inf	1.0	False	
AqTMK_191_final.txt	AqTMK_195_final.txt	AqTMK_191	AqTMK_195	32	31	False	inf	1.0	False	
AqTMK_191_final.txt	AqTMK_178_final.txt	AqTMK_191	AqTMK_178	32	31	False	inf	1.0	False	
AqTMK_191_final.txt	AqTMK_184_final.txt	AqTMK_191	AqTMK_184	32	31	False	inf	1.0	False	
AqTMK_191_final.txt	AqTMK_201_final.txt	AqTMK_191	AqTMK_201	32	31	False	inf	1.0	False	
AqTMK_191_final.txt	AqTMK_211_final.txt	AqTMK_191	AqTMK_211	32	31	False	inf	1.0	False	
AqTMK_191_final.txt	AqTMK_237_final.txt	AqTMK_191	AqTMK_237	32	31	False	inf	1.0	False	
AqTMK_191_final.txt	AqTMK_238_final.txt	AqTMK_191	AqTMK_238	32	31	False	inf	1.0	False	
AqTMK_191_final.txt	AqTMK_253_final.txt	AqTMK_191	AqTMK_253	32	31	False	inf	1.0	False	
AqTMK_191_final.txt	AqTMK_276_final.txt	AqTMK_191	AqTMK_276	32	31	False	inf	1.0	False	
AqTMK_191_final.txt	AqTMK_288_final.txt	AqTMK_191	AqTMK_288	32	31	False	inf	1.0	False	
AqTMK_191_final.txt	AqTMK_277_final.txt	AqTMK_191	AqTMK_277	32	31	False	inf	1.0	False	
AqTMK_191_final.txt	AqTMK_300_final.txt	AqTMK_191	AqTMK_300	32	31	False	inf	1.0	False	
AqTMK_191_final.txt	AqTMK_33_final.txt	AqTMK_191	AqTMK_33	32	30	False	inf	1.0	False	
AqTMK_191_final.txt	AqTMK_43_final.txt	AqTMK_191	AqTMK_43	32	30	False	inf	1.0	False	
AqTMK_191_final.txt	AqTMK_49_final.txt	AqTMK_191	AqTMK_49	32	30	False	inf	1.0	False	
AqTMK_191_final.txt	AqTMK_50_final.txt	AqTMK_191	AqTMK_50	32	30	False	inf	1.0	False	
AqTMK_191_final.txt	AqTMK_124_final.txt	AqTMK_191	AqTMK_124	32	30	False	inf	1.0	False	
AqTMK_191_final.txt	AqTMK_66_final.txt	AqTMK_191	AqTMK_66	32	30	False	inf	1.0	False	
AqTMK_191_final.txt	AqTMK_102_final.txt	AqTMK_191	AqTMK_102	32	30	False	inf	1.0	False	
AqTMK_191_final.txt	AqTMK_153_final.txt	AqTMK_191	AqTMK_153	32	30	False	inf	1.0	False	
AqTMK_191_final.txt	AqTMK_193_final.txt	AqTMK_191	AqTMK_193	32	30	False	inf	1.0	False	
AqTMK_191_final.txt	AqTMK_264_final.txt	AqTMK_191	AqTMK_264	32	30	False	inf	1.0	False	
AqTMK_191_final.txt	AqTMK_121_final.txt	AqTMK_191	AqTMK_121	32	29	False	inf	1.0	False	
AqTMK_219_final.txt	AqTMK_234_final.txt	AqTMK_219	AqTMK_234	32	32	True	2	1.0	False	
AqTMK_219_final.txt	AqTMK_240_final.txt	AqTMK_219	AqTMK_240	32	32	True	2	1.0	False	
AqTMK_219_final.txt	AqTMK_242_final.txt	AqTMK_219	AqTMK_242	32	32	True	2	1.0	False	
AqTMK_219_final.txt	AqTMK_245_final.txt	AqTMK_219	AqTMK_245	32	32	True	2	1.0	False	
AqTMK_219_final.txt	AqTMK_272_final.txt	AqTMK_219	AqTMK_272	32	32	True	2	1.0	False	
AqTMK_219_final.txt	AqTMK_275_final.txt	AqTMK_219	AqTMK_275	32	32	True	4	1.0	False	
AqTMK_219_final.txt	AqTMK_279_final.txt	AqTMK_219	AqTMK_279	32	32	True	4	1.0	False	
AqTMK_219_final.txt	AqTMK_286_final.txt	AqTMK_219	AqTMK_286	32	32	True	4	1.0	False	
AqTMK_219_final.txt	AqTMK_299_final.txt	AqTMK_219	AqTMK_299	32	32	True	4	1.0	False	
AqTMK_219_final.txt	AqTMK_290_final.txt	AqTMK_219	AqTMK_290	32	32	True	8	1.0	False	
AqTMK_219_final.txt	AqTMK_45_final.txt	AqTMK_219	AqTMK_45	32	31	False	inf	1.0	False	
AqTMK_219_final.txt	AqTMK_47_final.txt	AqTMK_219	AqTMK_47	32	31	False	inf	1.0	False	
AqTMK_219_final.txt	AqTMK_48_final.txt	AqTMK_219	AqTMK_48	32	31	False	inf	1.0	False	
AqTMK_219_final.txt	AqTMK_53_final.txt	AqTMK_219	AqTMK_53	32	31	False	inf	1.0	False	
AqTMK_219_final.txt	AqTMK_57_final.txt	AqTMK_219	AqTMK_57	32	31	False	inf	1.0	False	
AqTMK_219_final.txt	AqTMK_309_final.txt	AqTMK_219	AqTMK_309	32	32	True	8	1.0	False	
AqTMK_219_final.txt	AqTMK_72_final.txt	AqTMK_219	AqTMK_72	32	31	False	inf	1.0	False	
AqTMK_219_final.txt	AqTMK_76_final.txt	AqTMK_219	AqTMK_76	32	31	False	inf	1.0	False	
AqTMK_219_final.txt	AqTMK_73_final.txt	AqTMK_219	AqTMK_73	32	31	False	inf	1.0	False	
AqTMK_219_final.txt	AqTMK_92_final.txt	AqTMK_219	AqTMK_92	32	31	False	inf	1.0	False	
AqTMK_219_final.txt	AqTMK_94_final.txt	AqTMK_219	AqTMK_94	32	31	False	inf	1.0	False	
AqTMK_219_final.txt	AqTMK_108_final.txt	AqTMK_219	AqTMK_108	32	31	False	inf	1.0	False	
AqTMK_219_final.txt	AqTMK_110_final.txt	AqTMK_219	AqTMK_110	32	31	False	inf	1.0	False	
AqTMK_219_final.txt	AqTMK_112_final.txt	AqTMK_219	AqTMK_112	32	31	False	inf	1.0	False	
AqTMK_219_final.txt	AqTMK_123_final.txt	AqTMK_219	AqTMK_123	32	31	False	inf	1.0	False	
AqTMK_219_final.txt	AqTMK_119_final.txt	AqTMK_219	AqTMK_119	32	31	False	inf	1.0	False	
AqTMK_219_final.txt	AqTMK_122_final.txt	AqTMK_219	AqTMK_122	32	31	False	inf	1.0	False	
AqTMK_219_final.txt	AqTMK_132_final.txt	AqTMK_219	AqTMK_132	32	31	False	inf	1.0	False	
AqTMK_219_final.txt	AqTMK_133_final.txt	AqTMK_219	AqTMK_133	32	31	False	inf	1.0	False	
AqTMK_219_final.txt	AqTMK_167_final.txt	AqTMK_219	AqTMK_167	32	31	False	inf	1.0	False	
AqTMK_219_final.txt	AqTMK_172_final.txt	AqTMK_219	AqTMK_172	32	31	False	inf	1.0	False	
AqTMK_219_final.txt	AqTMK_178_final.txt	AqTMK_219	AqTMK_178	32	31	False	inf	1.0	False	
AqTMK_219_final.txt	AqTMK_184_final.txt	AqTMK_219	AqTMK_184	32	31	False	inf	1.0	False	
AqTMK_219_final.txt	AqTMK_195_final.txt	AqTMK_219	AqTMK_195	32	31	False	inf	1.0	False	
AqTMK_219_final.txt	AqTMK_201_final.txt	AqTMK_219	AqTMK_201	32	31	False	inf	1.0	False	
AqTMK_219_final.txt	AqTMK_211_final.txt	AqTMK_219	AqTMK_211	32	31	False	inf	1.0	False	
AqTMK_219_final.txt	AqTMK_237_final.txt	AqTMK_219	AqTMK_237	32	31	False	inf	1.0	False	
AqTMK_219_final.txt	AqTMK_238_final.txt	AqTMK_219	AqTMK_238	32	31	False	inf	1.0	False	
AqTMK_219_final.txt	AqTMK_253_final.txt	AqTMK_219	AqTMK_253	32	31	False	inf	1.0	False	
AqTMK_219_final.txt	AqTMK_276_final.txt	AqTMK_219	AqTMK_276	32	31	False	inf	1.0	False	
AqTMK_219_final.txt	AqTMK_300_final.txt	AqTMK_219	AqTMK_300	32	31	False	inf	1.0	False	
AqTMK_219_final.txt	AqTMK_277_final.txt	AqTMK_219	AqTMK_277	32	31	False	inf	1.0	False	
AqTMK_219_final.txt	AqTMK_288_final.txt	AqTMK_219	AqTMK_288	32	31	False	inf	1.0	False	
AqTMK_219_final.txt	AqTMK_33_final.txt	AqTMK_219	AqTMK_33	32	30	False	inf	1.0	False	
AqTMK_219_final.txt	AqTMK_43_final.txt	AqTMK_219	AqTMK_43	32	30	False	inf	1.0	False	
AqTMK_219_final.txt	AqTMK_49_final.txt	AqTMK_219	AqTMK_49	32	30	False	inf	1.0	False	
AqTMK_219_final.txt	AqTMK_50_final.txt	AqTMK_219	AqTMK_50	32	30	False	inf	1.0	False	
AqTMK_219_final.txt	AqTMK_66_final.txt	AqTMK_219	AqTMK_66	32	30	False	inf	1.0	False	
AqTMK_219_final.txt	AqTMK_102_final.txt	AqTMK_219	AqTMK_102	32	30	False	inf	1.0	False	
AqTMK_219_final.txt	AqTMK_124_final.txt	AqTMK_219	AqTMK_124	32	30	False	inf	1.0	False	
AqTMK_219_final.txt	AqTMK_153_final.txt	AqTMK_219	AqTMK_153	32	30	False	inf	1.0	False	
AqTMK_219_final.txt	AqTMK_193_final.txt	AqTMK_219	AqTMK_193	32	30	False	inf	1.0	False	
AqTMK_219_final.txt	AqTMK_264_final.txt	AqTMK_219	AqTMK_264	32	30	False	inf	1.0	False	
AqTMK_219_final.txt	AqTMK_121_final.txt	AqTMK_219	AqTMK_121	32	29	False	inf	1.0	False	
AqTMK_234_final.txt	AqTMK_242_final.txt	AqTMK_234	AqTMK_242	32	32	True	4	1.0	False	
AqTMK_234_final.txt	AqTMK_240_final.txt	AqTMK_234	AqTMK_240	32	32	True	4	1.0	False	
AqTMK_234_final.txt	AqTMK_272_final.txt	AqTMK_234	AqTMK_272	32	32	True	0	1.0	True	class_72
AqTMK_234_final.txt	AqTMK_245_final.txt	AqTMK_234	AqTMK_245	32	32	True	0	1.0	True	class_72
AqTMK_234_final.txt	AqTMK_275_final.txt	AqTMK_234	AqTMK_275	32	32	True	2	1.0	False	
AqTMK_234_final.txt	AqTMK_279_final.txt	AqTMK_234	AqTMK_279	32	32	True	6	1.0	False	
AqTMK_234_final.txt	AqTMK_286_final.txt	AqTMK_234	AqTMK_286	32	32	True	2	1.0	False	
AqTMK_234_final.txt	AqTMK_290_final.txt	AqTMK_234	AqTMK_290	32	32	True	6	1.0	False	
AqTMK_234_final.txt	AqTMK_309_final.txt	AqTMK_234	AqTMK_309	32	32	True	6	1.0	False	
AqTMK_234_final.txt	AqTMK_45_final.txt	AqTMK_234	AqTMK_45	32	31	False	inf	1.0	False	
AqTMK_234_final.txt	AqTMK_47_final.txt	AqTMK_234	AqTMK_47	32	31	False	inf	1.0	False	
AqTMK_234_final.txt	AqTMK_48_final.txt	AqTMK_234	AqTMK_48	32	31	False	inf	1.0	False	
AqTMK_234_final.txt	AqTMK_53_final.txt	AqTMK_234	AqTMK_53	32	31	False	inf	1.0	False	
AqTMK_234_final.txt	AqTMK_57_final.txt	AqTMK_234	AqTMK_57	32	31	False	inf	1.0	False	
AqTMK_234_final.txt	AqTMK_72_final.txt	AqTMK_234	AqTMK_72	32	31	False	inf	1.0	False	
AqTMK_234_final.txt	AqTMK_299_final.txt	AqTMK_234	AqTMK_299	32	32	True	2	1.0	False	
AqTMK_234_final.txt	AqTMK_76_final.txt	AqTMK_234	AqTMK_76	32	31	False	inf	1.0	False	
AqTMK_234_final.txt	AqTMK_73_final.txt	AqTMK_234	AqTMK_73	32	31	False	inf	1.0	False	
AqTMK_234_final.txt	AqTMK_92_final.txt	AqTMK_234	AqTMK_92	32	31	False	inf	1.0	False	
AqTMK_234_final.txt	AqTMK_94_final.txt	AqTMK_234	AqTMK_94	32	31	False	inf	1.0	False	
AqTMK_234_final.txt	AqTMK_108_final.txt	AqTMK_234	AqTMK_108	32	31	False	inf	1.0	False	
AqTMK_234_final.txt	AqTMK_110_final.txt	AqTMK_234	AqTMK_110	32	31	False	inf	1.0	False	
AqTMK_234_final.txt	AqTMK_112_final.txt	AqTMK_234	AqTMK_112	32	31	False	inf	1.0	False	
AqTMK_234_final.txt	AqTMK_119_final.txt	AqTMK_234	AqTMK_119	32	31	False	inf	1.0	False	
AqTMK_234_final.txt	AqTMK_123_final.txt	AqTMK_234	AqTMK_123	32	31	False	inf	1.0	False	
AqTMK_234_final.txt	AqTMK_132_final.txt	AqTMK_234	AqTMK_132	32	31	False	inf	1.0	False	
AqTMK_234_final.txt	AqTMK_122_final.txt	AqTMK_234	AqTMK_122	32	31	False	inf	1.0	False	
AqTMK_234_final.txt	AqTMK_133_final.txt	AqTMK_234	AqTMK_133	32	31	False	inf	1.0	False	
AqTMK_234_final.txt	AqTMK_167_final.txt	AqTMK_234	AqTMK_167	32	31	False	inf	1.0	False	
AqTMK_234_final.txt	AqTMK_172_final.txt	AqTMK_234	AqTMK_172	32	31	False	inf	1.0	False	
AqTMK_234_final.txt	AqTMK_178_final.txt	AqTMK_234	AqTMK_178	32	31	False	inf	1.0	False	
AqTMK_234_final.txt	AqTMK_184_final.txt	AqTMK_234	AqTMK_184	32	31	False	inf	1.0	False	
AqTMK_234_final.txt	AqTMK_195_final.txt	AqTMK_234	AqTMK_195	32	31	False	inf	1.0	False	
AqTMK_234_final.txt	AqTMK_211_final.txt	AqTMK_234	AqTMK_211	32	31	False	inf	1.0	False	
AqTMK_234_final.txt	AqTMK_201_final.txt	AqTMK_234	AqTMK_201	32	31	False	inf	1.0	False	
AqTMK_234_final.txt	AqTMK_237_final.txt	AqTMK_234	AqTMK_237	32	31	False	inf	1.0	False	
AqTMK_234_final.txt	AqTMK_238_final.txt	AqTMK_234	AqTMK_238	32	31	False	inf	1.0	False	
AqTMK_234_final.txt	AqTMK_253_final.txt	AqTMK_234	AqTMK_253	32	31	False	inf	1.0	False	
AqTMK_234_final.txt	AqTMK_276_final.txt	AqTMK_234	AqTMK_276	32	31	False	inf	1.0	False	
AqTMK_234_final.txt	AqTMK_277_final.txt	AqTMK_234	AqTMK_277	32	31	False	inf	1.0	False	
AqTMK_234_final.txt	AqTMK_288_final.txt	AqTMK_234	AqTMK_288	32	31	False	inf	1.0	False	
AqTMK_234_final.txt	AqTMK_33_final.txt	AqTMK_234	AqTMK_33	32	30	False	inf	1.0	False	
AqTMK_234_final.txt	AqTMK_300_final.txt	AqTMK_234	AqTMK_300	32	31	False	inf	1.0	False	
AqTMK_234_final.txt	AqTMK_43_final.txt	AqTMK_234	AqTMK_43	32	30	False	inf	1.0	False	
AqTMK_234_final.txt	AqTMK_49_final.txt	AqTMK_234	AqTMK_49	32	30	False	inf	1.0	False	
AqTMK_234_final.txt	AqTMK_50_final.txt	AqTMK_234	AqTMK_50	32	30	False	inf	1.0	False	
AqTMK_234_final.txt	AqTMK_66_final.txt	AqTMK_234	AqTMK_66	32	30	False	inf	1.0	False	
AqTMK_234_final.txt	AqTMK_102_final.txt	AqTMK_234	AqTMK_102	32	30	False	inf	1.0	False	
AqTMK_234_final.txt	AqTMK_193_final.txt	AqTMK_234	AqTMK_193	32	30	False	inf	1.0	False	
AqTMK_234_final.txt	AqTMK_124_final.txt	AqTMK_234	AqTMK_124	32	30	False	inf	1.0	False	
AqTMK_234_final.txt	AqTMK_153_final.txt	AqTMK_234	AqTMK_153	32	30	False	inf	1.0	False	
AqTMK_234_final.txt	AqTMK_264_final.txt	AqTMK_234	AqTMK_264	32	30	False	inf	1.0	False	
AqTMK_234_final.txt	AqTMK_121_final.txt	AqTMK_234	AqTMK_121	32	29	False	inf	1.0	False	
AqTMK_240_final.txt	AqTMK_242_final.txt	AqTMK_240	AqTMK_242	32	32	True	2	1.0	False	
AqTMK_240_final.txt	AqTMK_275_final.txt	AqTMK_240	AqTMK_275	32	32	True	6	1.0	False	
AqTMK_240_final.txt	AqTMK_279_final.txt	AqTMK_240	AqTMK_279	32	32	True	2	1.0	False	
AqTMK_240_final.txt	AqTMK_286_final.txt	AqTMK_240	AqTMK_286	32	32	True	6	1.0	False	
AqTMK_240_final.txt	AqTMK_299_final.txt	AqTMK_240	AqTMK_299	32	32	True	4	1.0	False	
AqTMK_240_final.txt	AqTMK_290_final.txt	AqTMK_240	AqTMK_290	32	32	True	8	1.0	False	
AqTMK_240_final.txt	AqTMK_45_final.txt	AqTMK_240	AqTMK_45	32	31	False	inf	1.0	False	
AqTMK_240_final.txt	AqTMK_309_final.txt	AqTMK_240	AqTMK_309	32	32	True	10	1.0	False	
AqTMK_240_final.txt	AqTMK_47_final.txt	AqTMK_240	AqTMK_47	32	31	False	inf	1.0	False	
AqTMK_240_final.txt	AqTMK_48_final.txt	AqTMK_240	AqTMK_48	32	31	False	inf	1.0	False	
AqTMK_240_final.txt	AqTMK_53_final.txt	AqTMK_240	AqTMK_53	32	31	False	inf	1.0	False	
AqTMK_240_final.txt	AqTMK_57_final.txt	AqTMK_240	AqTMK_57	32	31	False	inf	1.0	False	
AqTMK_240_final.txt	AqTMK_72_final.txt	AqTMK_240	AqTMK_72	32	31	False	inf	1.0	False	
AqTMK_240_final.txt	AqTMK_73_final.txt	AqTMK_240	AqTMK_73	32	31	False	inf	1.0	False	
AqTMK_240_final.txt	AqTMK_76_final.txt	AqTMK_240	AqTMK_76	32	31	False	inf	1.0	False	
AqTMK_240_final.txt	AqTMK_92_final.txt	AqTMK_240	AqTMK_92	32	31	False	inf	1.0	False	
AqTMK_240_final.txt	AqTMK_110_final.txt	AqTMK_240	AqTMK_110	32	31	False	inf	1.0	False	
AqTMK_240_final.txt	AqTMK_94_final.txt	AqTMK_240	AqTMK_94	32	31	False	inf	1.0	False	
AqTMK_240_final.txt	AqTMK_108_final.txt	AqTMK_240	AqTMK_108	32	31	False	inf	1.0	False	
AqTMK_240_final.txt	AqTMK_112_final.txt	AqTMK_240	AqTMK_112	32	31	False	inf	1.0	False	
AqTMK_240_final.txt	AqTMK_119_final.txt	AqTMK_240	AqTMK_119	32	31	False	inf	1.0	False	
AqTMK_240_final.txt	AqTMK_122_final.txt	AqTMK_240	AqTMK_122	32	31	False	inf	1.0	False	
AqTMK_240_final.txt	AqTMK_123_final.txt	AqTMK_240	AqTMK_123	32	31	False	inf	1.0	False	
AqTMK_240_final.txt	AqTMK_132_final.txt	AqTMK_240	AqTMK_132	32	31	False	inf	1.0	False	
AqTMK_240_final.txt	AqTMK_133_final.txt	AqTMK_240	AqTMK_133	32	31	False	inf	1.0	False	
AqTMK_240_final.txt	AqTMK_172_final.txt	AqTMK_240	AqTMK_172	32	31	False	inf	1.0	False	
AqTMK_240_final.txt	AqTMK_167_final.txt	AqTMK_240	AqTMK_167	32	31	False	inf	1.0	False	
AqTMK_240_final.txt	AqTMK_178_final.txt	AqTMK_240	AqTMK_178	32	31	False	inf	1.0	False	
AqTMK_240_final.txt	AqTMK_184_final.txt	AqTMK_240	AqTMK_184	32	31	False	inf	1.0	False	
AqTMK_240_final.txt	AqTMK_195_final.txt	AqTMK_240	AqTMK_195	32	31	False	inf	1.0	False	
AqTMK_240_final.txt	AqTMK_201_final.txt	AqTMK_240	AqTMK_201	32	31	False	inf	1.0	False	
AqTMK_240_final.txt	AqTMK_211_final.txt	AqTMK_240	AqTMK_211	32	31	False	inf	1.0	False	
AqTMK_240_final.txt	AqTMK_253_final.txt	AqTMK_240	AqTMK_253	32	31	False	inf	1.0	False	
AqTMK_240_final.txt	AqTMK_238_final.txt	AqTMK_240	AqTMK_238	32	31	False	inf	1.0	False	
AqTMK_240_final.txt	AqTMK_237_final.txt	AqTMK_240	AqTMK_237	32	31	False	inf	1.0	False	
AqTMK_240_final.txt	AqTMK_276_final.txt	AqTMK_240	AqTMK_276	32	31	False	inf	1.0	False	
AqTMK_240_final.txt	AqTMK_277_final.txt	AqTMK_240	AqTMK_277	32	31	False	inf	1.0	False	
AqTMK_240_final.txt	AqTMK_288_final.txt	AqTMK_240	AqTMK_288	32	31	False	inf	1.0	False	
AqTMK_240_final.txt	AqTMK_300_final.txt	AqTMK_240	AqTMK_300	32	31	False	inf	1.0	False	
AqTMK_240_final.txt	AqTMK_33_final.txt	AqTMK_240	AqTMK_33	32	30	False	inf	1.0	False	
AqTMK_240_final.txt	AqTMK_43_final.txt	AqTMK_240	AqTMK_43	32	30	False	inf	1.0	False	
AqTMK_240_final.txt	AqTMK_50_final.txt	AqTMK_240	AqTMK_50	32	30	False	inf	1.0	False	
AqTMK_240_final.txt	AqTMK_49_final.txt	AqTMK_240	AqTMK_49	32	30	False	inf	1.0	False	
AqTMK_240_final.txt	AqTMK_66_final.txt	AqTMK_240	AqTMK_66	32	30	False	inf	1.0	False	
AqTMK_240_final.txt	AqTMK_102_final.txt	AqTMK_240	AqTMK_102	32	30	False	inf	1.0	False	
AqTMK_240_final.txt	AqTMK_124_final.txt	AqTMK_240	AqTMK_124	32	30	False	inf	1.0	False	
AqTMK_240_final.txt	AqTMK_153_final.txt	AqTMK_240	AqTMK_153	32	30	False	inf	1.0	False	
AqTMK_240_final.txt	AqTMK_193_final.txt	AqTMK_240	AqTMK_193	32	30	False	inf	1.0	False	
AqTMK_240_final.txt	AqTMK_264_final.txt	AqTMK_240	AqTMK_264	32	30	False	inf	1.0	False	
AqTMK_240_final.txt	AqTMK_121_final.txt	AqTMK_240	AqTMK_121	32	29	False	inf	1.0	False	
AqTMK_242_final.txt	AqTMK_279_final.txt	AqTMK_242	AqTMK_279	32	32	True	2	1.0	False	
AqTMK_242_final.txt	AqTMK_275_final.txt	AqTMK_242	AqTMK_275	32	32	True	6	1.0	False	
AqTMK_242_final.txt	AqTMK_286_final.txt	AqTMK_242	AqTMK_286	32	32	True	4	1.0	False	
AqTMK_242_final.txt	AqTMK_290_final.txt	AqTMK_242	AqTMK_290	32	32	True	6	1.0	False	
AqTMK_242_final.txt	AqTMK_299_final.txt	AqTMK_242	AqTMK_299	32	32	True	2	1.0	False	
AqTMK_242_final.txt	AqTMK_45_final.txt	AqTMK_242	AqTMK_45	32	31	False	inf	1.0	False	
AqTMK_242_final.txt	AqTMK_47_final.txt	AqTMK_242	AqTMK_47	32	31	False	inf	1.0	False	
AqTMK_242_final.txt	AqTMK_309_final.txt	AqTMK_242	AqTMK_309	32	32	True	10	1.0	False	
AqTMK_242_final.txt	AqTMK_48_final.txt	AqTMK_242	AqTMK_48	32	31	False	inf	1.0	False	
AqTMK_242_final.txt	AqTMK_53_final.txt	AqTMK_242	AqTMK_53	32	31	False	inf	1.0	False	
AqTMK_242_final.txt	AqTMK_57_final.txt	AqTMK_242	AqTMK_57	32	31	False	inf	1.0	False	
AqTMK_242_final.txt	AqTMK_72_final.txt	AqTMK_242	AqTMK_72	32	31	False	inf	1.0	False	
AqTMK_242_final.txt	AqTMK_73_final.txt	AqTMK_242	AqTMK_73	32	31	False	inf	1.0	False	
AqTMK_242_final.txt	AqTMK_76_final.txt	AqTMK_242	AqTMK_76	32	31	False	inf	1.0	False	
AqTMK_242_final.txt	AqTMK_92_final.txt	AqTMK_242	AqTMK_92	32	31	False	inf	1.0	False	
AqTMK_242_final.txt	AqTMK_94_final.txt	AqTMK_242	AqTMK_94	32	31	False	inf	1.0	False	
AqTMK_242_final.txt	AqTMK_112_final.txt	AqTMK_242	AqTMK_112	32	31	False	inf	1.0	False	
AqTMK_242_final.txt	AqTMK_108_final.txt	AqTMK_242	AqTMK_108	32	31	False	inf	1.0	False	
AqTMK_242_final.txt	AqTMK_110_final.txt	AqTMK_242	AqTMK_110	32	31	False	inf	1.0	False	
AqTMK_242_final.txt	AqTMK_119_final.txt	AqTMK_242	AqTMK_119	32	31	False	inf	1.0	False	
AqTMK_242_final.txt	AqTMK_122_final.txt	AqTMK_242	AqTMK_122	32	31	False	inf	1.0	False	
AqTMK_242_final.txt	AqTMK_123_final.txt	AqTMK_242	AqTMK_123	32	31	False	inf	1.0	False	
AqTMK_242_final.txt	AqTMK_132_final.txt	AqTMK_242	AqTMK_132	32	31	False	inf	1.0	False	
AqTMK_242_final.txt	AqTMK_133_final.txt	AqTMK_242	AqTMK_133	32	31	False	inf	1.0	False	
AqTMK_242_final.txt	AqTMK_178_final.txt	AqTMK_242	AqTMK_178	32	31	False	inf	1.0	False	
AqTMK_242_final.txt	AqTMK_167_final.txt	AqTMK_242	AqTMK_167	32	31	False	inf	1.0	False	
AqTMK_242_final.txt	AqTMK_172_final.txt	AqTMK_242	AqTMK_172	32	31	False	inf	1.0	False	
AqTMK_242_final.txt	AqTMK_184_final.txt	AqTMK_242	AqTMK_184	32	31	False	inf	1.0	False	
AqTMK_242_final.txt	AqTMK_195_final.txt	AqTMK_242	AqTMK_195	32	31	False	inf	1.0	False	
AqTMK_242_final.txt	AqTMK_201_final.txt	AqTMK_242	AqTMK_201	32	31	False	inf	1.0	False	
AqTMK_242_final.txt	AqTMK_211_final.txt	AqTMK_242	AqTMK_211	32	31	False	inf	1.0	False	
AqTMK_242_final.txt	AqTMK_237_final.txt	AqTMK_242	AqTMK_237	32	31	False	inf	1.0	False	
AqTMK_242_final.txt	AqTMK_276_final.txt	AqTMK_242	AqTMK_276	32	31	False	inf	1.0	False	
AqTMK_242_final.txt	AqTMK_238_final.txt	AqTMK_242	AqTMK_238	32	31	False	inf	1.0	False	
AqTMK_242_final.txt	AqTMK_253_final.txt	AqTMK_242	AqTMK_253	32	31	False	inf	1.0	False	
AqTMK_242_final.txt	AqTMK_277_final.txt	AqTMK_242	AqTMK_277	32	31	False	inf	1.0	False	
AqTMK_242_final.txt	AqTMK_288_final.txt	AqTMK_242	AqTMK_288	32	31	False	inf	1.0	False	
AqTMK_242_final.txt	AqTMK_300_final.txt	AqTMK_242	AqTMK_300	32	31	False	inf	1.0	False	
AqTMK_242_final.txt	AqTMK_33_final.txt	AqTMK_242	AqTMK_33	32	30	False	inf	1.0	False	
AqTMK_242_final.txt	AqTMK_43_final.txt	AqTMK_242	AqTMK_43	32	30	False	inf	1.0	False	
AqTMK_242_final.txt	AqTMK_49_final.txt	AqTMK_242	AqTMK_49	32	30	False	inf	1.0	False	
AqTMK_242_final.txt	AqTMK_66_final.txt	AqTMK_242	AqTMK_66	32	30	False	inf	1.0	False	
AqTMK_242_final.txt	AqTMK_50_final.txt	AqTMK_242	AqTMK_50	32	30	False	inf	1.0	False	
AqTMK_242_final.txt	AqTMK_102_final.txt	AqTMK_242	AqTMK_102	32	30	False	inf	1.0	False	
AqTMK_242_final.txt	AqTMK_124_final.txt	AqTMK_242	AqTMK_124	32	30	False	inf	1.0	False	
AqTMK_242_final.txt	AqTMK_153_final.txt	AqTMK_242	AqTMK_153	32	30	False	inf	1.0	False	
AqTMK_242_final.txt	AqTMK_193_final.txt	AqTMK_242	AqTMK_193	32	30	False	inf	1.0	False	
AqTMK_242_final.txt	AqTMK_264_final.txt	AqTMK_242	AqTMK_264	32	30	False	inf	1.0	False	
AqTMK_242_final.txt	AqTMK_121_final.txt	AqTMK_242	AqTMK_121	32	29	False	inf	1.0	False	
AqTMK_275_final.txt	AqTMK_286_final.txt	AqTMK_275	AqTMK_286	32	32	True	4	1.0	False	
AqTMK_275_final.txt	AqTMK_290_final.txt	AqTMK_275	AqTMK_290	32	32	True	6	1.0	False	
AqTMK_275_final.txt	AqTMK_279_final.txt	AqTMK_275	AqTMK_279	32	32	True	8	1.0	False	
AqTMK_275_final.txt	AqTMK_299_final.txt	AqTMK_275	AqTMK_299	32	32	True	4	1.0	False	
AqTMK_275_final.txt	AqTMK_45_final.txt	AqTMK_275	AqTMK_45	32	31	False	inf	1.0	False	
AqTMK_275_final.txt	AqTMK_47_final.txt	AqTMK_275	AqTMK_47	32	31	False	inf	1.0	False	
AqTMK_275_final.txt	AqTMK_48_final.txt	AqTMK_275	AqTMK_48	32	31	False	inf	1.0	False	
AqTMK_275_final.txt	AqTMK_309_final.txt	AqTMK_275	AqTMK_309	32	32	True	6	1.0	False	
AqTMK_275_final.txt	AqTMK_53_final.txt	AqTMK_275	AqTMK_53	32	31	False	inf	1.0	False	
AqTMK_275_final.txt	AqTMK_72_final.txt	AqTMK_275	AqTMK_72	32	31	False	inf	1.0	False	
AqTMK_275_final.txt	AqTMK_57_final.txt	AqTMK_275	AqTMK_57	32	31	False	inf	1.0	False	
AqTMK_275_final.txt	AqTMK_73_final.txt	AqTMK_275	AqTMK_73	32	31	False	inf	1.0	False	
AqTMK_275_final.txt	AqTMK_76_final.txt	AqTMK_275	AqTMK_76	32	31	False	inf	1.0	False	
AqTMK_275_final.txt	AqTMK_92_final.txt	AqTMK_275	AqTMK_92	32	31	False	inf	1.0	False	
AqTMK_275_final.txt	AqTMK_94_final.txt	AqTMK_275	AqTMK_94	32	31	False	inf	1.0	False	
AqTMK_275_final.txt	AqTMK_108_final.txt	AqTMK_275	AqTMK_108	32	31	False	inf	1.0	False	
AqTMK_275_final.txt	AqTMK_119_final.txt	AqTMK_275	AqTMK_119	32	31	False	inf	1.0	False	
AqTMK_275_final.txt	AqTMK_110_final.txt	AqTMK_275	AqTMK_110	32	31	False	inf	1.0	False	
AqTMK_275_final.txt	AqTMK_112_final.txt	AqTMK_275	AqTMK_112	32	31	False	inf	1.0	False	
AqTMK_275_final.txt	AqTMK_122_final.txt	AqTMK_275	AqTMK_122	32	31	False	inf	1.0	False	
AqTMK_275_final.txt	AqTMK_123_final.txt	AqTMK_275	AqTMK_123	32	31	False	inf	1.0	False	
AqTMK_275_final.txt	AqTMK_132_final.txt	AqTMK_275	AqTMK_132	32	31	False	inf	1.0	False	
AqTMK_275_final.txt	AqTMK_133_final.txt	AqTMK_275	AqTMK_133	32	31	False	inf	1.0	False	
AqTMK_275_final.txt	AqTMK_167_final.txt	AqTMK_275	AqTMK_167	32	31	False	inf	1.0	False	
AqTMK_275_final.txt	AqTMK_178_final.txt	AqTMK_275	AqTMK_178	32	31	False	inf	1.0	False	
AqTMK_275_final.txt	AqTMK_172_final.txt	AqTMK_275	AqTMK_172	32	31	False	inf	1.0	False	
AqTMK_275_final.txt	AqTMK_184_final.txt	AqTMK_275	AqTMK_184	32	31	False	inf	1.0	False	
AqTMK_275_final.txt	AqTMK_195_final.txt	AqTMK_275	AqTMK_195	32	31	False	inf	1.0	False	
AqTMK_275_final.txt	AqTMK_201_final.txt	AqTMK_275	AqTMK_201	32	31	False	inf	1.0	False	
AqTMK_275_final.txt	AqTMK_211_final.txt	AqTMK_275	AqTMK_211	32	31	False	inf	1.0	False	
AqTMK_275_final.txt	AqTMK_237_final.txt	AqTMK_275	AqTMK_237	32	31	False	inf	1.0	False	
AqTMK_275_final.txt	AqTMK_238_final.txt	AqTMK_275	AqTMK_238	32	31	False	inf	1.0	False	
AqTMK_275_final.txt	AqTMK_253_final.txt	AqTMK_275	AqTMK_253	32	31	False	inf	1.0	False	
AqTMK_275_final.txt	AqTMK_276_final.txt	AqTMK_275	AqTMK_276	32	31	False	inf	1.0	False	
AqTMK_275_final.txt	AqTMK_277_final.txt	AqTMK_275	AqTMK_277	32	31	False	inf	1.0	False	
AqTMK_275_final.txt	AqTMK_288_final.txt	AqTMK_275	AqTMK_288	32	31	False	inf	1.0	False	
AqTMK_275_final.txt	AqTMK_300_final.txt	AqTMK_275	AqTMK_300	32	31	False	inf	1.0	False	
AqTMK_275_final.txt	AqTMK_33_final.txt	AqTMK_275	AqTMK_33	32	30	False	inf	1.0	False	
AqTMK_275_final.txt	AqTMK_43_final.txt	AqTMK_275	AqTMK_43	32	30	False	inf	1.0	False	
AqTMK_275_final.txt	AqTMK_49_final.txt	AqTMK_275	AqTMK_49	32	30	False	inf	1.0	False	
AqTMK_275_final.txt	AqTMK_102_final.txt	AqTMK_275	AqTMK_102	32	30	False	inf	1.0	False	
AqTMK_275_final.txt	AqTMK_66_final.txt	AqTMK_275	AqTMK_66	32	30	False	inf	1.0	False	
AqTMK_275_final.txt	AqTMK_50_final.txt	AqTMK_275	AqTMK_50	32	30	False	inf	1.0	False	
AqTMK_275_final.txt	AqTMK_124_final.txt	AqTMK_275	AqTMK_124	32	30	False	inf	1.0	False	
AqTMK_275_final.txt	AqTMK_153_final.txt	AqTMK_275	AqTMK_153	32	30	False	inf	1.0	False	
AqTMK_275_final.txt	AqTMK_193_final.txt	AqTMK_275	AqTMK_193	32	30	False	inf	1.0	False	
AqTMK_275_final.txt	AqTMK_264_final.txt	AqTMK_275	AqTMK_264	32	30	False	inf	1.0	False	
AqTMK_275_final.txt	AqTMK_121_final.txt	AqTMK_275	AqTMK_121	32	29	False	inf	1.0	False	
AqTMK_279_final.txt	AqTMK_286_final.txt	AqTMK_279	AqTMK_286	32	32	True	6	1.0	False	
AqTMK_279_final.txt	AqTMK_290_final.txt	AqTMK_279	AqTMK_290	32	32	True	8	1.0	False	
AqTMK_279_final.txt	AqTMK_299_final.txt	AqTMK_279	AqTMK_299	32	32	True	4	1.0	False	
AqTMK_279_final.txt	AqTMK_45_final.txt	AqTMK_279	AqTMK_45	32	31	False	inf	1.0	False	
AqTMK_279_final.txt	AqTMK_47_final.txt	AqTMK_279	AqTMK_47	32	31	False	inf	1.0	False	
AqTMK_279_final.txt	AqTMK_48_final.txt	AqTMK_279	AqTMK_48	32	31	False	inf	1.0	False	
AqTMK_279_final.txt	AqTMK_53_final.txt	AqTMK_279	AqTMK_53	32	31	False	inf	1.0	False	
AqTMK_279_final.txt	AqTMK_309_final.txt	AqTMK_279	AqTMK_309	32	32	True	12	1.0	False	
AqTMK_279_final.txt	AqTMK_72_final.txt	AqTMK_279	AqTMK_72	32	31	False	inf	1.0	False	
AqTMK_279_final.txt	AqTMK_57_final.txt	AqTMK_279	AqTMK_57	32	31	False	inf	1.0	False	
AqTMK_279_final.txt	AqTMK_73_final.txt	AqTMK_279	AqTMK_73	32	31	False	inf	1.0	False	
AqTMK_279_final.txt	AqTMK_76_final.txt	AqTMK_279	AqTMK_76	32	31	False	inf	1.0	False	
AqTMK_279_final.txt	AqTMK_92_final.txt	AqTMK_279	AqTMK_92	32	31	False	inf	1.0	False	
AqTMK_279_final.txt	AqTMK_94_final.txt	AqTMK_279	AqTMK_94	32	31	False	inf	1.0	False	
AqTMK_279_final.txt	AqTMK_108_final.txt	AqTMK_279	AqTMK_108	32	31	False	inf	1.0	False	
AqTMK_279_final.txt	AqTMK_110_final.txt	AqTMK_279	AqTMK_110	32	31	False	inf	1.0	False	
AqTMK_279_final.txt	AqTMK_112_final.txt	AqTMK_279	AqTMK_112	32	31	False	inf	1.0	False	
AqTMK_279_final.txt	AqTMK_122_final.txt	AqTMK_279	AqTMK_122	32	31	False	inf	1.0	False	
AqTMK_279_final.txt	AqTMK_119_final.txt	AqTMK_279	AqTMK_119	32	31	False	inf	1.0	False	
AqTMK_279_final.txt	AqTMK_123_final.txt	AqTMK_279	AqTMK_123	32	31	False	inf	1.0	False	
AqTMK_279_final.txt	AqTMK_132_final.txt	AqTMK_279	AqTMK_132	32	31	False	inf	1.0	False	
AqTMK_279_final.txt	AqTMK_133_final.txt	AqTMK_279	AqTMK_133	32	31	False	inf	1.0	False	
AqTMK_279_final.txt	AqTMK_167_final.txt	AqTMK_279	AqTMK_167	32	31	False	inf	1.0	False	
AqTMK_279_final.txt	AqTMK_172_final.txt	AqTMK_279	AqTMK_172	32	31	False	inf	1.0	False	
AqTMK_279_final.txt	AqTMK_195_final.txt	AqTMK_279	AqTMK_195	32	31	False	inf	1.0	False	
AqTMK_279_final.txt	AqTMK_178_final.txt	AqTMK_279	AqTMK_178	32	31	False	inf	1.0	False	
AqTMK_279_final.txt	AqTMK_184_final.txt	AqTMK_279	AqTMK_184	32	31	False	inf	1.0	False	
AqTMK_279_final.txt	AqTMK_201_final.txt	AqTMK_279	AqTMK_201	32	31	False	inf	1.0	False	
AqTMK_279_final.txt	AqTMK_211_final.txt	AqTMK_279	AqTMK_211	32	31	False	inf	1.0	False	
AqTMK_279_final.txt	AqTMK_237_final.txt	AqTMK_279	AqTMK_237	32	31	False	inf	1.0	False	
AqTMK_279_final.txt	AqTMK_238_final.txt	AqTMK_279	AqTMK_238	32	31	False	inf	1.0	False	
AqTMK_279_final.txt	AqTMK_253_final.txt	AqTMK_279	AqTMK_253	32	31	False	inf	1.0	False	
AqTMK_279_final.txt	AqTMK_276_final.txt	AqTMK_279	AqTMK_276	32	31	False	inf	1.0	False	
AqTMK_279_final.txt	AqTMK_288_final.txt	AqTMK_279	AqTMK_288	32	31	False	inf	1.0	False	
AqTMK_279_final.txt	AqTMK_277_final.txt	AqTMK_279	AqTMK_277	32	31	False	inf	1.0	False	
AqTMK_279_final.txt	AqTMK_300_final.txt	AqTMK_279	AqTMK_300	32	31	False	inf	1.0	False	
AqTMK_279_final.txt	AqTMK_33_final.txt	AqTMK_279	AqTMK_33	32	30	False	inf	1.0	False	
AqTMK_279_final.txt	AqTMK_43_final.txt	AqTMK_279	AqTMK_43	32	30	False	inf	1.0	False	
AqTMK_279_final.txt	AqTMK_49_final.txt	AqTMK_279	AqTMK_49	32	30	False	inf	1.0	False	
AqTMK_279_final.txt	AqTMK_50_final.txt	AqTMK_279	AqTMK_50	32	30	False	inf	1.0	False	
AqTMK_279_final.txt	AqTMK_124_final.txt	AqTMK_279	AqTMK_124	32	30	False	inf	1.0	False	
AqTMK_279_final.txt	AqTMK_66_final.txt	AqTMK_279	AqTMK_66	32	30	False	inf	1.0	False	
AqTMK_279_final.txt	AqTMK_102_final.txt	AqTMK_279	AqTMK_102	32	30	False	inf	1.0	False	
AqTMK_279_final.txt	AqTMK_153_final.txt	AqTMK_279	AqTMK_153	32	30	False	inf	1.0	False	
AqTMK_279_final.txt	AqTMK_193_final.txt	AqTMK_279	AqTMK_193	32	30	False	inf	1.0	False	
AqTMK_279_final.txt	AqTMK_264_final.txt	AqTMK_279	AqTMK_264	32	30	False	inf	1.0	False	
AqTMK_279_final.txt	AqTMK_121_final.txt	AqTMK_279	AqTMK_121	32	29	False	inf	1.0	False	
AqTMK_286_final.txt	AqTMK_299_final.txt	AqTMK_286	AqTMK_299	32	32	True	2	1.0	False	
AqTMK_286_final.txt	AqTMK_290_final.txt	AqTMK_286	AqTMK_290	32	32	True	6	1.0	False	
AqTMK_286_final.txt	AqTMK_45_final.txt	AqTMK_286	AqTMK_45	32	31	False	inf	1.0	False	
AqTMK_286_final.txt	AqTMK_47_final.txt	AqTMK_286	AqTMK_47	32	31	False	inf	1.0	False	
AqTMK_286_final.txt	AqTMK_48_final.txt	AqTMK_286	AqTMK_48	32	31	False	inf	1.0	False	
AqTMK_286_final.txt	AqTMK_53_final.txt	AqTMK_286	AqTMK_53	32	31	False	inf	1.0	False	
AqTMK_286_final.txt	AqTMK_57_final.txt	AqTMK_286	AqTMK_57	32	31	False	inf	1.0	False	
AqTMK_286_final.txt	AqTMK_309_final.txt	AqTMK_286	AqTMK_309	32	32	True	8	1.0	False	
AqTMK_286_final.txt	AqTMK_76_final.txt	AqTMK_286	AqTMK_76	32	31	False	inf	1.0	False	
AqTMK_286_final.txt	AqTMK_72_final.txt	AqTMK_286	AqTMK_72	32	31	False	inf	1.0	False	
AqTMK_286_final.txt	AqTMK_73_final.txt	AqTMK_286	AqTMK_73	32	31	False	inf	1.0	False	
AqTMK_286_final.txt	AqTMK_92_final.txt	AqTMK_286	AqTMK_92	32	31	False	inf	1.0	False	
AqTMK_286_final.txt	AqTMK_94_final.txt	AqTMK_286	AqTMK_94	32	31	False	inf	1.0	False	
AqTMK_286_final.txt	AqTMK_108_final.txt	AqTMK_286	AqTMK_108	32	31	False	inf	1.0	False	
AqTMK_286_final.txt	AqTMK_110_final.txt	AqTMK_286	AqTMK_110	32	31	False	inf	1.0	False	
AqTMK_286_final.txt	AqTMK_112_final.txt	AqTMK_286	AqTMK_112	32	31	False	inf	1.0	False	
AqTMK_286_final.txt	AqTMK_123_final.txt	AqTMK_286	AqTMK_123	32	31	False	inf	1.0	False	
AqTMK_286_final.txt	AqTMK_119_final.txt	AqTMK_286	AqTMK_119	32	31	False	inf	1.0	False	
AqTMK_286_final.txt	AqTMK_122_final.txt	AqTMK_286	AqTMK_122	32	31	False	inf	1.0	False	
AqTMK_286_final.txt	AqTMK_132_final.txt	AqTMK_286	AqTMK_132	32	31	False	inf	1.0	False	
AqTMK_286_final.txt	AqTMK_133_final.txt	AqTMK_286	AqTMK_133	32	31	False	inf	1.0	False	
AqTMK_286_final.txt	AqTMK_167_final.txt	AqTMK_286	AqTMK_167	32	31	False	inf	1.0	False	
AqTMK_286_final.txt	AqTMK_172_final.txt	AqTMK_286	AqTMK_172	32	31	False	inf	1.0	False	
AqTMK_286_final.txt	AqTMK_178_final.txt	AqTMK_286	AqTMK_178	32	31	False	inf	1.0	False	
AqTMK_286_final.txt	AqTMK_184_final.txt	AqTMK_286	AqTMK_184	32	31	False	inf	1.0	False	
AqTMK_286_final.txt	AqTMK_195_final.txt	AqTMK_286	AqTMK_195	32	31	False	inf	1.0	False	
AqTMK_286_final.txt	AqTMK_201_final.txt	AqTMK_286	AqTMK_201	32	31	False	inf	1.0	False	
AqTMK_286_final.txt	AqTMK_211_final.txt	AqTMK_286	AqTMK_211	32	31	False	inf	1.0	False	
AqTMK_286_final.txt	AqTMK_237_final.txt	AqTMK_286	AqTMK_237	32	31	False	inf	1.0	False	
AqTMK_286_final.txt	AqTMK_238_final.txt	AqTMK_286	AqTMK_238	32	31	False	inf	1.0	False	
AqTMK_286_final.txt	AqTMK_253_final.txt	AqTMK_286	AqTMK_253	32	31	False	inf	1.0	False	
AqTMK_286_final.txt	AqTMK_276_final.txt	AqTMK_286	AqTMK_276	32	31	False	inf	1.0	False	
AqTMK_286_final.txt	AqTMK_300_final.txt	AqTMK_286	AqTMK_300	32	31	False	inf	1.0	False	
AqTMK_286_final.txt	AqTMK_277_final.txt	AqTMK_286	AqTMK_277	32	31	False	inf	1.0	False	
AqTMK_286_final.txt	AqTMK_288_final.txt	AqTMK_286	AqTMK_288	32	31	False	inf	1.0	False	
AqTMK_286_final.txt	AqTMK_33_final.txt	AqTMK_286	AqTMK_33	32	30	False	inf	1.0	False	
AqTMK_286_final.txt	AqTMK_43_final.txt	AqTMK_286	AqTMK_43	32	30	False	inf	1.0	False	
AqTMK_286_final.txt	AqTMK_49_final.txt	AqTMK_286	AqTMK_49	32	30	False	inf	1.0	False	
AqTMK_286_final.txt	AqTMK_50_final.txt	AqTMK_286	AqTMK_50	32	30	False	inf	1.0	False	
AqTMK_286_final.txt	AqTMK_66_final.txt	AqTMK_286	AqTMK_66	32	30	False	inf	1.0	False	
AqTMK_286_final.txt	AqTMK_102_final.txt	AqTMK_286	AqTMK_102	32	30	False	inf	1.0	False	
AqTMK_286_final.txt	AqTMK_153_final.txt	AqTMK_286	AqTMK_153	32	30	False	inf	1.0	False	
AqTMK_286_final.txt	AqTMK_124_final.txt	AqTMK_286	AqTMK_124	32	30	False	inf	1.0	False	
AqTMK_286_final.txt	AqTMK_193_final.txt	AqTMK_286	AqTMK_193	32	30	False	inf	1.0	False	
AqTMK_286_final.txt	AqTMK_264_final.txt	AqTMK_286	AqTMK_264	32	30	False	inf	1.0	False	
AqTMK_286_final.txt	AqTMK_121_final.txt	AqTMK_286	AqTMK_121	32	29	False	inf	1.0	False	
AqTMK_290_final.txt	AqTMK_299_final.txt	AqTMK_290	AqTMK_299	32	32	True	4	1.0	False	
AqTMK_290_final.txt	AqTMK_45_final.txt	AqTMK_290	AqTMK_45	32	31	False	inf	1.0	False	
AqTMK_290_final.txt	AqTMK_47_final.txt	AqTMK_290	AqTMK_47	32	31	False	inf	1.0	False	
AqTMK_290_final.txt	AqTMK_48_final.txt	AqTMK_290	AqTMK_48	32	31	False	inf	1.0	False	
AqTMK_290_final.txt	AqTMK_53_final.txt	AqTMK_290	AqTMK_53	32	31	False	inf	1.0	False	
AqTMK_290_final.txt	AqTMK_57_final.txt	AqTMK_290	AqTMK_57	32	31	False	inf	1.0	False	
AqTMK_290_final.txt	AqTMK_72_final.txt	AqTMK_290	AqTMK_72	32	31	False	inf	1.0	False	
AqTMK_290_final.txt	AqTMK_309_final.txt	AqTMK_290	AqTMK_309	32	32	True	4	1.0	False	
AqTMK_290_final.txt	AqTMK_73_final.txt	AqTMK_290	AqTMK_73	32	31	False	inf	1.0	False	
AqTMK_290_final.txt	AqTMK_92_final.txt	AqTMK_290	AqTMK_92	32	31	False	inf	1.0	False	
AqTMK_290_final.txt	AqTMK_76_final.txt	AqTMK_290	AqTMK_76	32	31	False	inf	1.0	False	
AqTMK_290_final.txt	AqTMK_94_final.txt	AqTMK_290	AqTMK_94	32	31	False	inf	1.0	False	
AqTMK_290_final.txt	AqTMK_108_final.txt	AqTMK_290	AqTMK_108	32	31	False	inf	1.0	False	
AqTMK_290_final.txt	AqTMK_110_final.txt	AqTMK_290	AqTMK_110	32	31	False	inf	1.0	False	
AqTMK_290_final.txt	AqTMK_112_final.txt	AqTMK_290	AqTMK_112	32	31	False	inf	1.0	False	
AqTMK_290_final.txt	AqTMK_119_final.txt	AqTMK_290	AqTMK_119	32	31	False	inf	1.0	False	
AqTMK_290_final.txt	AqTMK_132_final.txt	AqTMK_290	AqTMK_132	32	31	False	inf	1.0	False	
AqTMK_290_final.txt	AqTMK_122_final.txt	AqTMK_290	AqTMK_122	32	31	False	inf	1.0	False	
AqTMK_290_final.txt	AqTMK_123_final.txt	AqTMK_290	AqTMK_123	32	31	False	inf	1.0	False	
AqTMK_290_final.txt	AqTMK_133_final.txt	AqTMK_290	AqTMK_133	32	31	False	inf	1.0	False	
AqTMK_290_final.txt	AqTMK_167_final.txt	AqTMK_290	AqTMK_167	32	31	False	inf	1.0	False	
AqTMK_290_final.txt	AqTMK_172_final.txt	AqTMK_290	AqTMK_172	32	31	False	inf	1.0	False	
AqTMK_290_final.txt	AqTMK_178_final.txt	AqTMK_290	AqTMK_178	32	31	False	inf	1.0	False	
AqTMK_290_final.txt	AqTMK_184_final.txt	AqTMK_290	AqTMK_184	32	31	False	inf	1.0	False	
AqTMK_290_final.txt	AqTMK_211_final.txt	AqTMK_290	AqTMK_211	32	31	False	inf	1.0	False	
AqTMK_290_final.txt	AqTMK_201_final.txt	AqTMK_290	AqTMK_201	32	31	False	inf	1.0	False	
AqTMK_290_final.txt	AqTMK_195_final.txt	AqTMK_290	AqTMK_195	32	31	False	inf	1.0	False	
AqTMK_290_final.txt	AqTMK_237_final.txt	AqTMK_290	AqTMK_237	32	31	False	inf	1.0	False	
AqTMK_290_final.txt	AqTMK_238_final.txt	AqTMK_290	AqTMK_238	32	31	False	inf	1.0	False	
AqTMK_290_final.txt	AqTMK_253_final.txt	AqTMK_290	AqTMK_253	32	31	False	inf	1.0	False	
AqTMK_290_final.txt	AqTMK_276_final.txt	AqTMK_290	AqTMK_276	32	31	False	inf	1.0	False	
AqTMK_290_final.txt	AqTMK_277_final.txt	AqTMK_290	AqTMK_277	32	31	False	inf	1.0	False	
AqTMK_290_final.txt	AqTMK_300_final.txt	AqTMK_290	AqTMK_300	32	31	False	inf	1.0	False	
AqTMK_290_final.txt	AqTMK_288_final.txt	AqTMK_290	AqTMK_288	32	31	False	inf	1.0	False	
AqTMK_290_final.txt	AqTMK_33_final.txt	AqTMK_290	AqTMK_33	32	30	False	inf	1.0	False	
AqTMK_290_final.txt	AqTMK_43_final.txt	AqTMK_290	AqTMK_43	32	30	False	inf	1.0	False	
AqTMK_290_final.txt	AqTMK_49_final.txt	AqTMK_290	AqTMK_49	32	30	False	inf	1.0	False	
AqTMK_290_final.txt	AqTMK_50_final.txt	AqTMK_290	AqTMK_50	32	30	False	inf	1.0	False	
AqTMK_290_final.txt	AqTMK_66_final.txt	AqTMK_290	AqTMK_66	32	30	False	inf	1.0	False	
AqTMK_290_final.txt	AqTMK_102_final.txt	AqTMK_290	AqTMK_102	32	30	False	inf	1.0	False	
AqTMK_290_final.txt	AqTMK_193_final.txt	AqTMK_290	AqTMK_193	32	30	False	inf	1.0	False	
AqTMK_290_final.txt	AqTMK_153_final.txt	AqTMK_290	AqTMK_153	32	30	False	inf	1.0	False	
AqTMK_290_final.txt	AqTMK_124_final.txt	AqTMK_290	AqTMK_124	32	30	False	inf	1.0	False	
AqTMK_290_final.txt	AqTMK_264_final.txt	AqTMK_290	AqTMK_264	32	30	False	inf	1.0	False	
AqTMK_290_final.txt	AqTMK_121_final.txt	AqTMK_290	AqTMK_121	32	29	False	inf	1.0	False	
AqTMK_299_final.txt	AqTMK_45_final.txt	AqTMK_299	AqTMK_45	32	31	False	inf	1.0	False	
AqTMK_299_final.txt	AqTMK_47_final.txt	AqTMK_299	AqTMK_47	32	31	False	inf	1.0	False	
AqTMK_299_final.txt	AqTMK_48_final.txt	AqTMK_299	AqTMK_48	32	31	False	inf	1.0	False	
AqTMK_299_final.txt	AqTMK_53_final.txt	AqTMK_299	AqTMK_53	32	31	False	inf	1.0	False	
AqTMK_299_final.txt	AqTMK_57_final.txt	AqTMK_299	AqTMK_57	32	31	False	inf	1.0	False	
AqTMK_299_final.txt	AqTMK_72_final.txt	AqTMK_299	AqTMK_72	32	31	False	inf	1.0	False	
AqTMK_299_final.txt	AqTMK_73_final.txt	AqTMK_299	AqTMK_73	32	31	False	inf	1.0	False	
AqTMK_299_final.txt	AqTMK_309_final.txt	AqTMK_299	AqTMK_309	32	32	True	8	1.0	False	
AqTMK_299_final.txt	AqTMK_92_final.txt	AqTMK_299	AqTMK_92	32	31	False	inf	1.0	False	
AqTMK_299_final.txt	AqTMK_94_final.txt	AqTMK_299	AqTMK_94	32	31	False	inf	1.0	False	
AqTMK_299_final.txt	AqTMK_76_final.txt	AqTMK_299	AqTMK_76	32	31	False	inf	1.0	False	
AqTMK_299_final.txt	AqTMK_108_final.txt	AqTMK_299	AqTMK_108	32	31	False	inf	1.0	False	
AqTMK_299_final.txt	AqTMK_110_final.txt	AqTMK_299	AqTMK_110	32	31	False	inf	1.0	False	
AqTMK_299_final.txt	AqTMK_112_final.txt	AqTMK_299	AqTMK_112	32	31	False	inf	1.0	False	
AqTMK_299_final.txt	AqTMK_119_final.txt	AqTMK_299	AqTMK_119	32	31	False	inf	1.0	False	
AqTMK_299_final.txt	AqTMK_122_final.txt	AqTMK_299	AqTMK_122	32	31	False	inf	1.0	False	
AqTMK_299_final.txt	AqTMK_132_final.txt	AqTMK_299	AqTMK_132	32	31	False	inf	1.0	False	
AqTMK_299_final.txt	AqTMK_133_final.txt	AqTMK_299	AqTMK_133	32	31	False	inf	1.0	False	
AqTMK_299_final.txt	AqTMK_123_final.txt	AqTMK_299	AqTMK_123	32	31	False	inf	1.0	False	
AqTMK_299_final.txt	AqTMK_167_final.txt	AqTMK_299	AqTMK_167	32	31	False	inf	1.0	False	
AqTMK_299_final.txt	AqTMK_172_final.txt	AqTMK_299	AqTMK_172	32	31	False	inf	1.0	False	
AqTMK_299_final.txt	AqTMK_178_final.txt	AqTMK_299	AqTMK_178	32	31	False	inf	1.0	False	
AqTMK_299_final.txt	AqTMK_184_final.txt	AqTMK_299	AqTMK_184	32	31	False	inf	1.0	False	
AqTMK_299_final.txt	AqTMK_195_final.txt	AqTMK_299	AqTMK_195	32	31	False	inf	1.0	False	
AqTMK_299_final.txt	AqTMK_201_final.txt	AqTMK_299	AqTMK_201	32	31	False	inf	1.0	False	
AqTMK_299_final.txt	AqTMK_237_final.txt	AqTMK_299	AqTMK_237	32	31	False	inf	1.0	False	
AqTMK_299_final.txt	AqTMK_211_final.txt	AqTMK_299	AqTMK_211	32	31	False	inf	1.0	False	
AqTMK_299_final.txt	AqTMK_238_final.txt	AqTMK_299	AqTMK_238	32	31	False	inf	1.0	False	
AqTMK_299_final.txt	AqTMK_253_final.txt	AqTMK_299	AqTMK_253	32	31	False	inf	1.0	False	
AqTMK_299_final.txt	AqTMK_276_final.txt	AqTMK_299	AqTMK_276	32	31	False	inf	1.0	False	
AqTMK_299_final.txt	AqTMK_277_final.txt	AqTMK_299	AqTMK_277	32	31	False	inf	1.0	False	
AqTMK_299_final.txt	AqTMK_288_final.txt	AqTMK_299	AqTMK_288	32	31	False	inf	1.0	False	
AqTMK_299_final.txt	AqTMK_300_final.txt	AqTMK_299	AqTMK_300	32	31	False	inf	1.0	False	
AqTMK_299_final.txt	AqTMK_43_final.txt	AqTMK_299	AqTMK_43	32	30	False	inf	1.0	False	
AqTMK_299_final.txt	AqTMK_33_final.txt	AqTMK_299	AqTMK_33	32	30	False	inf	1.0	False	
AqTMK_299_final.txt	AqTMK_49_final.txt	AqTMK_299	AqTMK_49	32	30	False	inf	1.0	False	
AqTMK_299_final.txt	AqTMK_50_final.txt	AqTMK_299	AqTMK_50	32	30	False	inf	1.0	False	
AqTMK_299_final.txt	AqTMK_66_final.txt	AqTMK_299	AqTMK_66	32	30	False	inf	1.0	False	
AqTMK_299_final.txt	AqTMK_102_final.txt	AqTMK_299	AqTMK_102	32	30	False	inf	1.0	False	
AqTMK_299_final.txt	AqTMK_124_final.txt	AqTMK_299	AqTMK_124	32	30	False	inf	1.0	False	
AqTMK_299_final.txt	AqTMK_264_final.txt	AqTMK_299	AqTMK_264	32	30	False	inf	1.0	False	
AqTMK_299_final.txt	AqTMK_153_final.txt	AqTMK_299	AqTMK_153	32	30	False	inf	1.0	False	
AqTMK_299_final.txt	AqTMK_193_final.txt	AqTMK_299	AqTMK_193	32	30	False	inf	1.0	False	
AqTMK_299_final.txt	AqTMK_121_final.txt	AqTMK_299	AqTMK_121	32	29	False	inf	1.0	False	
AqTMK_309_final.txt	AqTMK_45_final.txt	AqTMK_309	AqTMK_45	32	31	False	inf	1.0	False	
AqTMK_309_final.txt	AqTMK_47_final.txt	AqTMK_309	AqTMK_47	32	31	False	inf	1.0	False	
AqTMK_309_final.txt	AqTMK_48_final.txt	AqTMK_309	AqTMK_48	32	31	False	inf	1.0	False	
AqTMK_309_final.txt	AqTMK_53_final.txt	AqTMK_309	AqTMK_53	32	31	False	inf	1.0	False	
AqTMK_309_final.txt	AqTMK_57_final.txt	AqTMK_309	AqTMK_57	32	31	False	inf	1.0	False	
AqTMK_309_final.txt	AqTMK_72_final.txt	AqTMK_309	AqTMK_72	32	31	False	inf	1.0	False	
AqTMK_309_final.txt	AqTMK_73_final.txt	AqTMK_309	AqTMK_73	32	31	False	inf	1.0	False	
AqTMK_309_final.txt	AqTMK_76_final.txt	AqTMK_309	AqTMK_76	32	31	False	inf	1.0	False	
AqTMK_309_final.txt	AqTMK_92_final.txt	AqTMK_309	AqTMK_92	32	31	False	inf	1.0	False	
AqTMK_309_final.txt	AqTMK_108_final.txt	AqTMK_309	AqTMK_108	32	31	False	inf	1.0	False	
AqTMK_309_final.txt	AqTMK_94_final.txt	AqTMK_309	AqTMK_94	32	31	False	inf	1.0	False	
AqTMK_309_final.txt	AqTMK_110_final.txt	AqTMK_309	AqTMK_110	32	31	False	inf	1.0	False	
AqTMK_309_final.txt	AqTMK_112_final.txt	AqTMK_309	AqTMK_112	32	31	False	inf	1.0	False	
AqTMK_309_final.txt	AqTMK_119_final.txt	AqTMK_309	AqTMK_119	32	31	False	inf	1.0	False	
AqTMK_309_final.txt	AqTMK_122_final.txt	AqTMK_309	AqTMK_122	32	31	False	inf	1.0	False	
AqTMK_309_final.txt	AqTMK_123_final.txt	AqTMK_309	AqTMK_123	32	31	False	inf	1.0	False	
AqTMK_309_final.txt	AqTMK_167_final.txt	AqTMK_309	AqTMK_167	32	31	False	inf	1.0	False	
AqTMK_309_final.txt	AqTMK_133_final.txt	AqTMK_309	AqTMK_133	32	31	False	inf	1.0	False	
AqTMK_309_final.txt	AqTMK_132_final.txt	AqTMK_309	AqTMK_132	32	31	False	inf	1.0	False	
AqTMK_309_final.txt	AqTMK_172_final.txt	AqTMK_309	AqTMK_172	32	31	False	inf	1.0	False	
AqTMK_309_final.txt	AqTMK_178_final.txt	AqTMK_309	AqTMK_178	32	31	False	inf	1.0	False	
AqTMK_309_final.txt	AqTMK_184_final.txt	AqTMK_309	AqTMK_184	32	31	False	inf	1.0	False	
AqTMK_309_final.txt	AqTMK_195_final.txt	AqTMK_309	AqTMK_195	32	31	False	inf	1.0	False	
AqTMK_309_final.txt	AqTMK_201_final.txt	AqTMK_309	AqTMK_201	32	31	False	inf	1.0	False	
AqTMK_309_final.txt	AqTMK_238_final.txt	AqTMK_309	AqTMK_238	32	31	False	inf	1.0	False	
AqTMK_309_final.txt	AqTMK_211_final.txt	AqTMK_309	AqTMK_211	32	31	False	inf	1.0	False	
AqTMK_309_final.txt	AqTMK_237_final.txt	AqTMK_309	AqTMK_237	32	31	False	inf	1.0	False	
AqTMK_309_final.txt	AqTMK_253_final.txt	AqTMK_309	AqTMK_253	32	31	False	inf	1.0	False	
AqTMK_309_final.txt	AqTMK_276_final.txt	AqTMK_309	AqTMK_276	32	31	False	inf	1.0	False	
AqTMK_309_final.txt	AqTMK_277_final.txt	AqTMK_309	AqTMK_277	32	31	False	inf	1.0	False	
AqTMK_309_final.txt	AqTMK_288_final.txt	AqTMK_309	AqTMK_288	32	31	False	inf	1.0	False	
AqTMK_309_final.txt	AqTMK_300_final.txt	AqTMK_309	AqTMK_300	32	31	False	inf	1.0	False	
AqTMK_309_final.txt	AqTMK_33_final.txt	AqTMK_309	AqTMK_33	32	30	False	inf	1.0	False	
AqTMK_309_final.txt	AqTMK_49_final.txt	AqTMK_309	AqTMK_49	32	30	False	inf	1.0	False	
AqTMK_309_final.txt	AqTMK_43_final.txt	AqTMK_309	AqTMK_43	32	30	False	inf	1.0	False	
AqTMK_309_final.txt	AqTMK_50_final.txt	AqTMK_309	AqTMK_50	32	30	False	inf	1.0	False	
AqTMK_309_final.txt	AqTMK_66_final.txt	AqTMK_309	AqTMK_66	32	30	False	inf	1.0	False	
AqTMK_309_final.txt	AqTMK_102_final.txt	AqTMK_309	AqTMK_102	32	30	False	inf	1.0	False	
AqTMK_309_final.txt	AqTMK_124_final.txt	AqTMK_309	AqTMK_124	32	30	False	inf	1.0	False	
AqTMK_309_final.txt	AqTMK_153_final.txt	AqTMK_309	AqTMK_153	32	30	False	inf	1.0	False	
AqTMK_309_final.txt	AqTMK_121_final.txt	AqTMK_309	AqTMK_121	32	29	False	inf	1.0	False	
AqTMK_309_final.txt	AqTMK_193_final.txt	AqTMK_309	AqTMK_193	32	30	False	inf	1.0	False	
AqTMK_309_final.txt	AqTMK_264_final.txt	AqTMK_309	AqTMK_264	32	30	False	inf	1.0	False	
AqTMK_45_final.txt	AqTMK_48_final.txt	AqTMK_45	AqTMK_48	31	31	True	2	1.0	False	
AqTMK_45_final.txt	AqTMK_47_final.txt	AqTMK_45	AqTMK_47	31	31	True	2	1.0	False	
AqTMK_45_final.txt	AqTMK_53_final.txt	AqTMK_45	AqTMK_53	31	31	True	4	1.0	False	
AqTMK_45_final.txt	AqTMK_57_final.txt	AqTMK_45	AqTMK_57	31	31	True	4	1.0	False	
AqTMK_45_final.txt	AqTMK_72_final.txt	AqTMK_45	AqTMK_72	31	31	True	2	1.0	False	
AqTMK_45_final.txt	AqTMK_73_final.txt	AqTMK_45	AqTMK_73	31	31	True	4	1.0	False	
AqTMK_45_final.txt	AqTMK_76_final.txt	AqTMK_45	AqTMK_76	31	31	True	4	1.0	False	
AqTMK_45_final.txt	AqTMK_92_final.txt	AqTMK_45	AqTMK_92	31	31	True	4	1.0	False	
AqTMK_45_final.txt	AqTMK_94_final.txt	AqTMK_45	AqTMK_94	31	31	True	4	1.0	False	
AqTMK_45_final.txt	AqTMK_108_final.txt	AqTMK_45	AqTMK_108	31	31	True	2	1.0	False	
AqTMK_45_final.txt	AqTMK_110_final.txt	AqTMK_45	AqTMK_110	31	31	True	4	1.0	False	
AqTMK_45_final.txt	AqTMK_112_final.txt	AqTMK_45	AqTMK_112	31	31	True	2	1.0	False	
AqTMK_45_final.txt	AqTMK_119_final.txt	AqTMK_45	AqTMK_119	31	31	True	2	1.0	False	
AqTMK_45_final.txt	AqTMK_122_final.txt	AqTMK_45	AqTMK_122	31	31	True	4	1.0	False	
AqTMK_45_final.txt	AqTMK_123_final.txt	AqTMK_45	AqTMK_123	31	31	True	6	1.0	False	
AqTMK_45_final.txt	AqTMK_132_final.txt	AqTMK_45	AqTMK_132	31	31	True	4	1.0	False	
AqTMK_45_final.txt	AqTMK_133_final.txt	AqTMK_45	AqTMK_133	31	31	True	2	1.0	False	
AqTMK_45_final.txt	AqTMK_167_final.txt	AqTMK_45	AqTMK_167	31	31	True	4	1.0	False	
AqTMK_45_final.txt	AqTMK_172_final.txt	AqTMK_45	AqTMK_172	31	31	True	4	1.0	False	
AqTMK_45_final.txt	AqTMK_178_final.txt	AqTMK_45	AqTMK_178	31	31	True	6	1.0	False	
AqTMK_45_final.txt	AqTMK_184_final.txt	AqTMK_45	AqTMK_184	31	31	True	4	1.0	False	
AqTMK_45_final.txt	AqTMK_195_final.txt	AqTMK_45	AqTMK_195	31	31	True	4	1.0	False	
AqTMK_45_final.txt	AqTMK_201_final.txt	AqTMK_45	AqTMK_201	31	31	True	4	1.0	False	
AqTMK_45_final.txt	AqTMK_211_final.txt	AqTMK_45	AqTMK_211	31	31	True	6	1.0	False	
AqTMK_45_final.txt	AqTMK_237_final.txt	AqTMK_45	AqTMK_237	31	31	True	4	1.0	False	
AqTMK_45_final.txt	AqTMK_238_final.txt	AqTMK_45	AqTMK_238	31	31	True	2	1.0	False	
AqTMK_45_final.txt	AqTMK_253_final.txt	AqTMK_45	AqTMK_253	31	31	True	2	1.0	False	
AqTMK_45_final.txt	AqTMK_276_final.txt	AqTMK_45	AqTMK_276	31	31	True	6	1.0	False	
AqTMK_45_final.txt	AqTMK_277_final.txt	AqTMK_45	AqTMK_277	31	31	True	4	1.0	False	
AqTMK_45_final.txt	AqTMK_288_final.txt	AqTMK_45	AqTMK_288	31	31	True	2	1.0	False	
AqTMK_45_final.txt	AqTMK_33_final.txt	AqTMK_45	AqTMK_33	31	30	False	inf	1.0	False	
AqTMK_45_final.txt	AqTMK_300_final.txt	AqTMK_45	AqTMK_300	31	31	True	4	1.0	False	
AqTMK_45_final.txt	AqTMK_49_final.txt	AqTMK_45	AqTMK_49	31	30	False	inf	1.0	False	
AqTMK_45_final.txt	AqTMK_43_final.txt	AqTMK_45	AqTMK_43	31	30	False	inf	1.0	False	
AqTMK_45_final.txt	AqTMK_50_final.txt	AqTMK_45	AqTMK_50	31	30	False	inf	1.0	False	
AqTMK_45_final.txt	AqTMK_66_final.txt	AqTMK_45	AqTMK_66	31	30	False	inf	1.0	False	
AqTMK_45_final.txt	AqTMK_102_final.txt	AqTMK_45	AqTMK_102	31	30	False	inf	1.0	False	
AqTMK_45_final.txt	AqTMK_124_final.txt	AqTMK_45	AqTMK_124	31	30	False	inf	1.0	False	
AqTMK_45_final.txt	AqTMK_153_final.txt	AqTMK_45	AqTMK_153	31	30	False	inf	1.0	False	
AqTMK_45_final.txt	AqTMK_193_final.txt	AqTMK_45	AqTMK_193	31	30	False	inf	1.0	False	
AqTMK_45_final.txt	AqTMK_264_final.txt	AqTMK_45	AqTMK_264	31	30	False	inf	1.0	False	
AqTMK_45_final.txt	AqTMK_121_final.txt	AqTMK_45	AqTMK_121	31	29	False	inf	1.0	False	
AqTMK_47_final.txt	AqTMK_53_final.txt	AqTMK_47	AqTMK_53	31	31	True	2	1.0	False	
AqTMK_47_final.txt	AqTMK_57_final.txt	AqTMK_47	AqTMK_57	31	31	True	2	1.0	False	
AqTMK_47_final.txt	AqTMK_48_final.txt	AqTMK_47	AqTMK_48	31	31	True	0	1.0	True	class_82
AqTMK_47_final.txt	AqTMK_72_final.txt	AqTMK_47	AqTMK_72	31	31	True	0	1.0	True	class_82
AqTMK_47_final.txt	AqTMK_73_final.txt	AqTMK_47	AqTMK_73	31	31	True	2	1.0	False	
AqTMK_47_final.txt	AqTMK_76_final.txt	AqTMK_47	AqTMK_76	31	31	True	2	1.0	False	
AqTMK_47_final.txt	AqTMK_92_final.txt	AqTMK_47	AqTMK_92	31	31	True	2	1.0	False	
AqTMK_47_final.txt	AqTMK_94_final.txt	AqTMK_47	AqTMK_94	31	31	True	2	1.0	False	
AqTMK_47_final.txt	AqTMK_110_final.txt	AqTMK_47	AqTMK_110	31	31	True	2	1.0	False	
AqTMK_47_final.txt	AqTMK_108_final.txt	AqTMK_47	AqTMK_108	31	31	True	0	1.0	True	class_82
AqTMK_47_final.txt	AqTMK_119_final.txt	AqTMK_47	AqTMK_119	31	31	True	0	1.0	True	class_82
AqTMK_47_final.txt	AqTMK_122_final.txt	AqTMK_47	AqTMK_122	31	31	True	2	1.0	False	
AqTMK_47_final.txt	AqTMK_112_final.txt	AqTMK_47	AqTMK_112	31	31	True	0	1.0	True	class_82
AqTMK_47_final.txt	AqTMK_123_final.txt	AqTMK_47	AqTMK_123	31	31	True	4	1.0	False	
AqTMK_47_final.txt	AqTMK_132_final.txt	AqTMK_47	AqTMK_132	31	31	True	2	1.0	False	
AqTMK_47_final.txt	AqTMK_133_final.txt	AqTMK_47	AqTMK_133	31	31	True	0	1.0	True	class_82
AqTMK_47_final.txt	AqTMK_172_final.txt	AqTMK_47	AqTMK_172	31	31	True	2	1.0	False	
AqTMK_47_final.txt	AqTMK_167_final.txt	AqTMK_47	AqTMK_167	31	31	True	2	1.0	False	
AqTMK_47_final.txt	AqTMK_178_final.txt	AqTMK_47	AqTMK_178	31	31	True	4	1.0	False	
AqTMK_47_final.txt	AqTMK_184_final.txt	AqTMK_47	AqTMK_184	31	31	True	2	1.0	False	
AqTMK_47_final.txt	AqTMK_195_final.txt	AqTMK_47	AqTMK_195	31	31	True	2	1.0	False	
AqTMK_47_final.txt	AqTMK_201_final.txt	AqTMK_47	AqTMK_201	31	31	True	2	1.0	False	
AqTMK_47_final.txt	AqTMK_237_final.txt	AqTMK_47	AqTMK_237	31	31	True	2	1.0	False	
AqTMK_47_final.txt	AqTMK_211_final.txt	AqTMK_47	AqTMK_211	31	31	True	8	1.0	False	
AqTMK_47_final.txt	AqTMK_238_final.txt	AqTMK_47	AqTMK_238	31	31	True	4	1.0	False	
AqTMK_47_final.txt	AqTMK_253_final.txt	AqTMK_47	AqTMK_253	31	31	True	0	1.0	True	class_82
AqTMK_47_final.txt	AqTMK_276_final.txt	AqTMK_47	AqTMK_276	31	31	True	4	1.0	False	
AqTMK_47_final.txt	AqTMK_277_final.txt	AqTMK_47	AqTMK_277	31	31	True	6	1.0	False	
AqTMK_47_final.txt	AqTMK_288_final.txt	AqTMK_47	AqTMK_288	31	31	True	0	1.0	True	class_82
AqTMK_47_final.txt	AqTMK_33_final.txt	AqTMK_47	AqTMK_33	31	30	False	inf	1.0	False	
AqTMK_47_final.txt	AqTMK_43_final.txt	AqTMK_47	AqTMK_43	31	30	False	inf	1.0	False	
AqTMK_47_final.txt	AqTMK_300_final.txt	AqTMK_47	AqTMK_300	31	31	True	6	1.0	False	
AqTMK_47_final.txt	AqTMK_49_final.txt	AqTMK_47	AqTMK_49	31	30	False	inf	1.0	False	
AqTMK_47_final.txt	AqTMK_50_final.txt	AqTMK_47	AqTMK_50	31	30	False	inf	1.0	False	
AqTMK_47_final.txt	AqTMK_66_final.txt	AqTMK_47	AqTMK_66	31	30	False	inf	1.0	False	
AqTMK_47_final.txt	AqTMK_102_final.txt	AqTMK_47	AqTMK_102	31	30	False	inf	1.0	False	
AqTMK_47_final.txt	AqTMK_124_final.txt	AqTMK_47	AqTMK_124	31	30	False	inf	1.0	False	
AqTMK_47_final.txt	AqTMK_153_final.txt	AqTMK_47	AqTMK_153	31	30	False	inf	1.0	False	
AqTMK_47_final.txt	AqTMK_193_final.txt	AqTMK_47	AqTMK_193	31	30	False	inf	1.0	False	
AqTMK_47_final.txt	AqTMK_264_final.txt	AqTMK_47	AqTMK_264	31	30	False	inf	1.0	False	
AqTMK_47_final.txt	AqTMK_121_final.txt	AqTMK_47	AqTMK_121	31	29	False	inf	1.0	False	
AqTMK_53_final.txt	AqTMK_73_final.txt	AqTMK_53	AqTMK_73	31	31	True	4	1.0	False	
AqTMK_53_final.txt	AqTMK_57_final.txt	AqTMK_53	AqTMK_57	31	31	True	2	1.0	False	
AqTMK_53_final.txt	AqTMK_76_final.txt	AqTMK_53	AqTMK_76	31	31	True	4	1.0	False	
AqTMK_53_final.txt	AqTMK_92_final.txt	AqTMK_53	AqTMK_92	31	31	True	0	1.0	True	class_83
AqTMK_53_final.txt	AqTMK_94_final.txt	AqTMK_53	AqTMK_94	31	31	True	2	1.0	False	
AqTMK_53_final.txt	AqTMK_110_final.txt	AqTMK_53	AqTMK_110	31	31	True	4	1.0	False	
AqTMK_53_final.txt	AqTMK_122_final.txt	AqTMK_53	AqTMK_122	31	31	True	2	1.0	False	
AqTMK_53_final.txt	AqTMK_123_final.txt	AqTMK_53	AqTMK_123	31	31	True	6	1.0	False	
AqTMK_53_final.txt	AqTMK_167_final.txt	AqTMK_53	AqTMK_167	31	31	True	4	1.0	False	
AqTMK_53_final.txt	AqTMK_132_final.txt	AqTMK_53	AqTMK_132	31	31	True	2	1.0	False	
AqTMK_53_final.txt	AqTMK_172_final.txt	AqTMK_53	AqTMK_172	31	31	True	0	1.0	True	class_83
AqTMK_53_final.txt	AqTMK_178_final.txt	AqTMK_53	AqTMK_178	31	31	True	4	1.0	False	
AqTMK_53_final.txt	AqTMK_184_final.txt	AqTMK_53	AqTMK_184	31	31	True	2	1.0	False	
AqTMK_53_final.txt	AqTMK_195_final.txt	AqTMK_53	AqTMK_195	31	31	True	4	1.0	False	
AqTMK_53_final.txt	AqTMK_201_final.txt	AqTMK_53	AqTMK_201	31	31	True	2	1.0	False	
AqTMK_53_final.txt	AqTMK_211_final.txt	AqTMK_53	AqTMK_211	31	31	True	10	1.0	False	
AqTMK_53_final.txt	AqTMK_237_final.txt	AqTMK_53	AqTMK_237	31	31	True	4	1.0	False	
AqTMK_53_final.txt	AqTMK_238_final.txt	AqTMK_53	AqTMK_238	31	31	True	6	1.0	False	
AqTMK_53_final.txt	AqTMK_276_final.txt	AqTMK_53	AqTMK_276	31	31	True	6	1.0	False	
AqTMK_53_final.txt	AqTMK_277_final.txt	AqTMK_53	AqTMK_277	31	31	True	8	1.0	False	
AqTMK_53_final.txt	AqTMK_33_final.txt	AqTMK_53	AqTMK_33	31	30	False	inf	1.0	False	
AqTMK_53_final.txt	AqTMK_43_final.txt	AqTMK_53	AqTMK_43	31	30	False	inf	1.0	False	
AqTMK_53_final.txt	AqTMK_49_final.txt	AqTMK_53	AqTMK_49	31	30	False	inf	1.0	False	
AqTMK_53_final.txt	AqTMK_300_final.txt	AqTMK_53	AqTMK_300	31	31	True	8	1.0	False	
AqTMK_53_final.txt	AqTMK_50_final.txt	AqTMK_53	AqTMK_50	31	30	False	inf	1.0	False	
AqTMK_53_final.txt	AqTMK_66_final.txt	AqTMK_53	AqTMK_66	31	30	False	inf	1.0	False	
AqTMK_53_final.txt	AqTMK_102_final.txt	AqTMK_53	AqTMK_102	31	30	False	inf	1.0	False	
AqTMK_53_final.txt	AqTMK_124_final.txt	AqTMK_53	AqTMK_124	31	30	False	inf	1.0	False	
AqTMK_53_final.txt	AqTMK_153_final.txt	AqTMK_53	AqTMK_153	31	30	False	inf	1.0	False	
AqTMK_53_final.txt	AqTMK_193_final.txt	AqTMK_53	AqTMK_193	31	30	False	inf	1.0	False	
AqTMK_53_final.txt	AqTMK_264_final.txt	AqTMK_53	AqTMK_264	31	30	False	inf	1.0	False	
AqTMK_53_final.txt	AqTMK_121_final.txt	AqTMK_53	AqTMK_121	31	29	False	inf	1.0	False	
AqTMK_57_final.txt	AqTMK_76_final.txt	AqTMK_57	AqTMK_76	31	31	True	4	1.0	False	
AqTMK_57_final.txt	AqTMK_73_final.txt	AqTMK_57	AqTMK_73	31	31	True	4	1.0	False	
AqTMK_57_final.txt	AqTMK_94_final.txt	AqTMK_57	AqTMK_94	31	31	True	0	1.0	True	class_84
AqTMK_57_final.txt	AqTMK_110_final.txt	AqTMK_57	AqTMK_110	31	31	True	4	1.0	False	
AqTMK_57_final.txt	AqTMK_122_final.txt	AqTMK_57	AqTMK_122	31	31	True	0	1.0	True	class_84
AqTMK_57_final.txt	AqTMK_123_final.txt	AqTMK_57	AqTMK_123	31	31	True	6	1.0	False	
AqTMK_57_final.txt	AqTMK_132_final.txt	AqTMK_57	AqTMK_132	31	31	True	0	1.0	True	class_84
AqTMK_57_final.txt	AqTMK_167_final.txt	AqTMK_57	AqTMK_167	31	31	True	4	1.0	False	
AqTMK_57_final.txt	AqTMK_178_final.txt	AqTMK_57	AqTMK_178	31	31	True	4	1.0	False	
AqTMK_57_final.txt	AqTMK_184_final.txt	AqTMK_57	AqTMK_184	31	31	True	4	1.0	False	
AqTMK_57_final.txt	AqTMK_195_final.txt	AqTMK_57	AqTMK_195	31	31	True	4	1.0	False	
AqTMK_57_final.txt	AqTMK_201_final.txt	AqTMK_57	AqTMK_201	31	31	True	0	1.0	True	class_84
AqTMK_57_final.txt	AqTMK_237_final.txt	AqTMK_57	AqTMK_237	31	31	True	4	1.0	False	
AqTMK_57_final.txt	AqTMK_211_final.txt	AqTMK_57	AqTMK_211	31	31	True	8	1.0	False	
AqTMK_57_final.txt	AqTMK_238_final.txt	AqTMK_57	AqTMK_238	31	31	True	6	1.0	False	
AqTMK_57_final.txt	AqTMK_276_final.txt	AqTMK_57	AqTMK_276	31	31	True	6	1.0	False	
AqTMK_57_final.txt	AqTMK_277_final.txt	AqTMK_57	AqTMK_277	31	31	True	8	1.0	False	
AqTMK_57_final.txt	AqTMK_33_final.txt	AqTMK_57	AqTMK_33	31	30	False	inf	1.0	False	
AqTMK_57_final.txt	AqTMK_43_final.txt	AqTMK_57	AqTMK_43	31	30	False	inf	1.0	False	
AqTMK_57_final.txt	AqTMK_49_final.txt	AqTMK_57	AqTMK_49	31	30	False	inf	1.0	False	
AqTMK_57_final.txt	AqTMK_50_final.txt	AqTMK_57	AqTMK_50	31	30	False	inf	1.0	False	
AqTMK_57_final.txt	AqTMK_66_final.txt	AqTMK_57	AqTMK_66	31	30	False	inf	1.0	False	
AqTMK_57_final.txt	AqTMK_102_final.txt	AqTMK_57	AqTMK_102	31	30	False	inf	1.0	False	
AqTMK_57_final.txt	AqTMK_300_final.txt	AqTMK_57	AqTMK_300	31	31	True	8	1.0	False	
AqTMK_57_final.txt	AqTMK_153_final.txt	AqTMK_57	AqTMK_153	31	30	False	inf	1.0	False	
AqTMK_57_final.txt	AqTMK_124_final.txt	AqTMK_57	AqTMK_124	31	30	False	inf	1.0	False	
AqTMK_57_final.txt	AqTMK_193_final.txt	AqTMK_57	AqTMK_193	31	30	False	inf	1.0	False	
AqTMK_57_final.txt	AqTMK_264_final.txt	AqTMK_57	AqTMK_264	31	30	False	inf	1.0	False	
AqTMK_57_final.txt	AqTMK_121_final.txt	AqTMK_57	AqTMK_121	31	29	False	inf	1.0	False	
AqTMK_73_final.txt	AqTMK_76_final.txt	AqTMK_73	AqTMK_76	31	31	True	0	1.0	True	class_85
AqTMK_73_final.txt	AqTMK_110_final.txt	AqTMK_73	AqTMK_110	31	31	True	4	1.0	False	
AqTMK_73_final.txt	AqTMK_123_final.txt	AqTMK_73	AqTMK_123	31	31	True	2	1.0	False	
AqTMK_73_final.txt	AqTMK_167_final.txt	AqTMK_73	AqTMK_167	31	31	True	4	1.0	False	
AqTMK_73_final.txt	AqTMK_184_final.txt	AqTMK_73	AqTMK_184	31	31	True	4	1.0	False	
AqTMK_73_final.txt	AqTMK_178_final.txt	AqTMK_73	AqTMK_178	31	31	True	6	1.0	False	
AqTMK_73_final.txt	AqTMK_195_final.txt	AqTMK_73	AqTMK_195	31	31	True	2	1.0	False	
AqTMK_73_final.txt	AqTMK_211_final.txt	AqTMK_73	AqTMK_211	31	31	True	6	1.0	False	
AqTMK_73_final.txt	AqTMK_237_final.txt	AqTMK_73	AqTMK_237	31	31	True	4	1.0	False	
AqTMK_73_final.txt	AqTMK_238_final.txt	AqTMK_73	AqTMK_238	31	31	True	6	1.0	False	
AqTMK_73_final.txt	AqTMK_276_final.txt	AqTMK_73	AqTMK_276	31	31	True	6	1.0	False	
AqTMK_73_final.txt	AqTMK_277_final.txt	AqTMK_73	AqTMK_277	31	31	True	6	1.0	False	
AqTMK_73_final.txt	AqTMK_33_final.txt	AqTMK_73	AqTMK_33	31	30	False	inf	1.0	False	
AqTMK_73_final.txt	AqTMK_43_final.txt	AqTMK_73	AqTMK_43	31	30	False	inf	1.0	False	
AqTMK_73_final.txt	AqTMK_49_final.txt	AqTMK_73	AqTMK_49	31	30	False	inf	1.0	False	
AqTMK_73_final.txt	AqTMK_300_final.txt	AqTMK_73	AqTMK_300	31	31	True	6	1.0	False	
AqTMK_73_final.txt	AqTMK_50_final.txt	AqTMK_73	AqTMK_50	31	30	False	inf	1.0	False	
AqTMK_73_final.txt	AqTMK_102_final.txt	AqTMK_73	AqTMK_102	31	30	False	inf	1.0	False	
AqTMK_73_final.txt	AqTMK_66_final.txt	AqTMK_73	AqTMK_66	31	30	False	inf	1.0	False	
AqTMK_73_final.txt	AqTMK_124_final.txt	AqTMK_73	AqTMK_124	31	30	False	inf	1.0	False	
AqTMK_73_final.txt	AqTMK_153_final.txt	AqTMK_73	AqTMK_153	31	30	False	inf	1.0	False	
AqTMK_73_final.txt	AqTMK_193_final.txt	AqTMK_73	AqTMK_193	31	30	False	inf	1.0	False	
AqTMK_73_final.txt	AqTMK_264_final.txt	AqTMK_73	AqTMK_264	31	30	False	inf	1.0	False	
AqTMK_73_final.txt	AqTMK_121_final.txt	AqTMK_73	AqTMK_121	31	29	False	inf	1.0	False	
AqTMK_110_final.txt	AqTMK_167_final.txt	AqTMK_110	AqTMK_167	31	31	True	4	1.0	False	
AqTMK_110_final.txt	AqTMK_123_final.txt	AqTMK_110	AqTMK_123	31	31	True	6	1.0	False	
AqTMK_110_final.txt	AqTMK_178_final.txt	AqTMK_110	AqTMK_178	31	31	True	6	1.0	False	
AqTMK_110_final.txt	AqTMK_184_final.txt	AqTMK_110	AqTMK_184	31	31	True	4	1.0	False	
AqTMK_110_final.txt	AqTMK_195_final.txt	AqTMK_110	AqTMK_195	31	31	True	4	1.0	False	
AqTMK_110_final.txt	AqTMK_237_final.txt	AqTMK_110	AqTMK_237	31	31	True	4	1.0	False	
AqTMK_110_final.txt	AqTMK_238_final.txt	AqTMK_110	AqTMK_238	31	31	True	6	1.0	False	
AqTMK_110_final.txt	AqTMK_211_final.txt	AqTMK_110	AqTMK_211	31	31	True	10	1.0	False	
AqTMK_110_final.txt	AqTMK_276_final.txt	AqTMK_110	AqTMK_276	31	31	True	6	1.0	False	
AqTMK_110_final.txt	AqTMK_277_final.txt	AqTMK_110	AqTMK_277	31	31	True	8	1.0	False	
AqTMK_110_final.txt	AqTMK_33_final.txt	AqTMK_110	AqTMK_33	31	30	False	inf	1.0	False	
AqTMK_110_final.txt	AqTMK_43_final.txt	AqTMK_110	AqTMK_43	31	30	False	inf	1.0	False	
AqTMK_110_final.txt	AqTMK_49_final.txt	AqTMK_110	AqTMK_49	31	30	False	inf	1.0	False	
AqTMK_110_final.txt	AqTMK_50_final.txt	AqTMK_110	AqTMK_50	31	30	False	inf	1.0	False	
AqTMK_110_final.txt	AqTMK_66_final.txt	AqTMK_110	AqTMK_66	31	30	False	inf	1.0	False	
AqTMK_110_final.txt	AqTMK_300_final.txt	AqTMK_110	AqTMK_300	31	31	True	8	1.0	False	
AqTMK_110_final.txt	AqTMK_102_final.txt	AqTMK_110	AqTMK_102	31	30	False	inf	1.0	False	
AqTMK_110_final.txt	AqTMK_153_final.txt	AqTMK_110	AqTMK_153	31	30	False	inf	1.0	False	
AqTMK_110_final.txt	AqTMK_124_final.txt	AqTMK_110	AqTMK_124	31	30	False	inf	1.0	False	
AqTMK_110_final.txt	AqTMK_193_final.txt	AqTMK_110	AqTMK_193	31	30	False	inf	1.0	False	
AqTMK_110_final.txt	AqTMK_264_final.txt	AqTMK_110	AqTMK_264	31	30	False	inf	1.0	False	
AqTMK_110_final.txt	AqTMK_121_final.txt	AqTMK_110	AqTMK_121	31	29	False	inf	1.0	False	
AqTMK_123_final.txt	AqTMK_167_final.txt	AqTMK_123	AqTMK_167	31	31	True	2	1.0	False	
AqTMK_123_final.txt	AqTMK_184_final.txt	AqTMK_123	AqTMK_184	31	31	True	6	1.0	False	
AqTMK_123_final.txt	AqTMK_178_final.txt	AqTMK_123	AqTMK_178	31	31	True	8	1.0	False	
AqTMK_123_final.txt	AqTMK_195_final.txt	AqTMK_123	AqTMK_195	31	31	True	4	1.0	False	
AqTMK_123_final.txt	AqTMK_237_final.txt	AqTMK_123	AqTMK_237	31	31	True	2	1.0	False	
AqTMK_123_final.txt	AqTMK_211_final.txt	AqTMK_123	AqTMK_211	31	31	True	6	1.0	False	
AqTMK_123_final.txt	AqTMK_238_final.txt	AqTMK_123	AqTMK_238	31	31	True	6	1.0	False	
AqTMK_123_final.txt	AqTMK_276_final.txt	AqTMK_123	AqTMK_276	31	31	True	6	1.0	False	
AqTMK_123_final.txt	AqTMK_300_final.txt	AqTMK_123	AqTMK_300	31	31	True	4	1.0	False	
AqTMK_123_final.txt	AqTMK_33_final.txt	AqTMK_123	AqTMK_33	31	30	False	inf	1.0	False	
AqTMK_123_final.txt	AqTMK_43_final.txt	AqTMK_123	AqTMK_43	31	30	False	inf	1.0	False	
AqTMK_123_final.txt	AqTMK_49_final.txt	AqTMK_123	AqTMK_49	31	30	False	inf	1.0	False	
AqTMK_123_final.txt	AqTMK_50_final.txt	AqTMK_123	AqTMK_50	31	30	False	inf	1.0	False	
AqTMK_123_final.txt	AqTMK_66_final.txt	AqTMK_123	AqTMK_66	31	30	False	inf	1.0	False	
AqTMK_123_final.txt	AqTMK_102_final.txt	AqTMK_123	AqTMK_102	31	30	False	inf	1.0	False	
AqTMK_123_final.txt	AqTMK_277_final.txt	AqTMK_123	AqTMK_277	31	31	True	4	1.0	False	
AqTMK_123_final.txt	AqTMK_153_final.txt	AqTMK_123	AqTMK_153	31	30	False	inf	1.0	False	
AqTMK_123_final.txt	AqTMK_124_final.txt	AqTMK_123	AqTMK_124	31	30	False	inf	1.0	False	
AqTMK_123_final.txt	AqTMK_193_final.txt	AqTMK_123	AqTMK_193	31	30	False	inf	1.0	False	
AqTMK_123_final.txt	AqTMK_264_final.txt	AqTMK_123	AqTMK_264	31	30	False	inf	1.0	False	
AqTMK_123_final.txt	AqTMK_121_final.txt	AqTMK_123	AqTMK_121	31	29	False	inf	1.0	False	
AqTMK_167_final.txt	AqTMK_184_final.txt	AqTMK_167	AqTMK_184	31	31	True	4	1.0	False	
AqTMK_167_final.txt	AqTMK_178_final.txt	AqTMK_167	AqTMK_178	31	31	True	6	1.0	False	
AqTMK_167_final.txt	AqTMK_195_final.txt	AqTMK_167	AqTMK_195	31	31	True	4	1.0	False	
AqTMK_167_final.txt	AqTMK_237_final.txt	AqTMK_167	AqTMK_237	31	31	True	0	1.0	True	class_88
AqTMK_167_final.txt	AqTMK_238_final.txt	AqTMK_167	AqTMK_238	31	31	True	4	1.0	False	
AqTMK_167_final.txt	AqTMK_276_final.txt	AqTMK_167	AqTMK_276	31	31	True	4	1.0	False	
AqTMK_167_final.txt	AqTMK_211_final.txt	AqTMK_167	AqTMK_211	31	31	True	8	1.0	False	
AqTMK_167_final.txt	AqTMK_277_final.txt	AqTMK_167	AqTMK_277	31	31	True	4	1.0	False	
AqTMK_167_final.txt	AqTMK_33_final.txt	AqTMK_167	AqTMK_33	31	30	False	inf	1.0	False	
AqTMK_167_final.txt	AqTMK_43_final.txt	AqTMK_167	AqTMK_43	31	30	False	inf	1.0	False	
AqTMK_167_final.txt	AqTMK_49_final.txt	AqTMK_167	AqTMK_49	31	30	False	inf	1.0	False	
AqTMK_167_final.txt	AqTMK_50_final.txt	AqTMK_167	AqTMK_50	31	30	False	inf	1.0	False	
AqTMK_167_final.txt	AqTMK_66_final.txt	AqTMK_167	AqTMK_66	31	30	False	inf	1.0	False	
AqTMK_167_final.txt	AqTMK_102_final.txt	AqTMK_167	AqTMK_102	31	30	False	inf	1.0	False	
AqTMK_167_final.txt	AqTMK_124_final.txt	AqTMK_167	AqTMK_124	31	30	False	inf	1.0	False	
AqTMK_167_final.txt	AqTMK_300_final.txt	AqTMK_167	AqTMK_300	31	31	True	4	1.0	False	
AqTMK_167_final.txt	AqTMK_264_final.txt	AqTMK_167	AqTMK_264	31	30	False	inf	1.0	False	
AqTMK_167_final.txt	AqTMK_153_final.txt	AqTMK_167	AqTMK_153	31	30	False	inf	1.0	False	
AqTMK_167_final.txt	AqTMK_193_final.txt	AqTMK_167	AqTMK_193	31	30	False	inf	1.0	False	
AqTMK_167_final.txt	AqTMK_121_final.txt	AqTMK_167	AqTMK_121	31	29	False	inf	1.0	False	
AqTMK_178_final.txt	AqTMK_184_final.txt	AqTMK_178	AqTMK_184	31	31	True	4	1.0	False	
AqTMK_178_final.txt	AqTMK_195_final.txt	AqTMK_178	AqTMK_195	31	31	True	6	1.0	False	
AqTMK_178_final.txt	AqTMK_211_final.txt	AqTMK_178	AqTMK_211	31	31	True	8	1.0	False	
AqTMK_178_final.txt	AqTMK_238_final.txt	AqTMK_178	AqTMK_238	31	31	True	8	1.0	False	
AqTMK_178_final.txt	AqTMK_276_final.txt	AqTMK_178	AqTMK_276	31	31	True	8	1.0	False	
AqTMK_178_final.txt	AqTMK_277_final.txt	AqTMK_178	AqTMK_277	31	31	True	10	1.0	False	
AqTMK_178_final.txt	AqTMK_33_final.txt	AqTMK_178	AqTMK_33	31	30	False	inf	1.0	False	
AqTMK_178_final.txt	AqTMK_300_final.txt	AqTMK_178	AqTMK_300	31	31	True	10	1.0	False	
AqTMK_178_final.txt	AqTMK_43_final.txt	AqTMK_178	AqTMK_43	31	30	False	inf	1.0	False	
AqTMK_178_final.txt	AqTMK_49_final.txt	AqTMK_178	AqTMK_49	31	30	False	inf	1.0	False	
AqTMK_178_final.txt	AqTMK_50_final.txt	AqTMK_178	AqTMK_50	31	30	False	inf	1.0	False	
AqTMK_178_final.txt	AqTMK_66_final.txt	AqTMK_178	AqTMK_66	31	30	False	inf	1.0	False	
AqTMK_178_final.txt	AqTMK_102_final.txt	AqTMK_178	AqTMK_102	31	30	False	inf	1.0	False	
AqTMK_178_final.txt	AqTMK_124_final.txt	AqTMK_178	AqTMK_124	31	30	False	inf	1.0	False	
AqTMK_178_final.txt	AqTMK_153_final.txt	AqTMK_178	AqTMK_153	31	30	False	inf	1.0	False	
AqTMK_178_final.txt	AqTMK_193_final.txt	AqTMK_178	AqTMK_193	31	30	False	inf	1.0	False	
AqTMK_178_final.txt	AqTMK_264_final.txt	AqTMK_178	AqTMK_264	31	30	False	inf	1.0	False	
AqTMK_178_final.txt	AqTMK_121_final.txt	AqTMK_178	AqTMK_121	31	29	False	inf	1.0	False	
AqTMK_184_final.txt	AqTMK_195_final.txt	AqTMK_184	AqTMK_195	31	31	True	4	1.0	False	
AqTMK_184_final.txt	AqTMK_238_final.txt	AqTMK_184	AqTMK_238	31	31	True	6	1.0	False	
AqTMK_184_final.txt	AqTMK_276_final.txt	AqTMK_184	AqTMK_276	31	31	True	6	1.0	False	
AqTMK_184_final.txt	AqTMK_277_final.txt	AqTMK_184	AqTMK_277	31	31	True	8	1.0	False	
AqTMK_184_final.txt	AqTMK_300_final.txt	AqTMK_184	AqTMK_300	31	31	True	8	1.0	False	
AqTMK_184_final.txt	AqTMK_33_final.txt	AqTMK_184	AqTMK_33	31	30	False	inf	1.0	False	
AqTMK_184_final.txt	AqTMK_43_final.txt	AqTMK_184	AqTMK_43	31	30	False	inf	1.0	False	
AqTMK_184_final.txt	AqTMK_211_final.txt	AqTMK_184	AqTMK_211	31	31	True	10	1.0	False	
AqTMK_184_final.txt	AqTMK_66_final.txt	AqTMK_184	AqTMK_66	31	30	False	inf	1.0	False	
AqTMK_184_final.txt	AqTMK_49_final.txt	AqTMK_184	AqTMK_49	31	30	False	inf	1.0	False	
AqTMK_184_final.txt	AqTMK_50_final.txt	AqTMK_184	AqTMK_50	31	30	False	inf	1.0	False	
AqTMK_184_final.txt	AqTMK_102_final.txt	AqTMK_184	AqTMK_102	31	30	False	inf	1.0	False	
AqTMK_184_final.txt	AqTMK_124_final.txt	AqTMK_184	AqTMK_124	31	30	False	inf	1.0	False	
AqTMK_184_final.txt	AqTMK_153_final.txt	AqTMK_184	AqTMK_153	31	30	False	inf	1.0	False	
AqTMK_184_final.txt	AqTMK_193_final.txt	AqTMK_184	AqTMK_193	31	30	False	inf	1.0	False	
AqTMK_184_final.txt	AqTMK_264_final.txt	AqTMK_184	AqTMK_264	31	30	False	inf	1.0	False	
AqTMK_184_final.txt	AqTMK_121_final.txt	AqTMK_184	AqTMK_121	31	29	False	inf	1.0	False	
AqTMK_195_final.txt	AqTMK_211_final.txt	AqTMK_195	AqTMK_211	31	31	True	6	1.0	False	
AqTMK_195_final.txt	AqTMK_238_final.txt	AqTMK_195	AqTMK_238	31	31	True	4	1.0	False	
AqTMK_195_final.txt	AqTMK_276_final.txt	AqTMK_195	AqTMK_276	31	31	True	4	1.0	False	
AqTMK_195_final.txt	AqTMK_277_final.txt	AqTMK_195	AqTMK_277	31	31	True	4	1.0	False	
AqTMK_195_final.txt	AqTMK_33_final.txt	AqTMK_195	AqTMK_33	31	30	False	inf	1.0	False	
AqTMK_195_final.txt	AqTMK_43_final.txt	AqTMK_195	AqTMK_43	31	30	False	inf	1.0	False	
AqTMK_195_final.txt	AqTMK_49_final.txt	AqTMK_195	AqTMK_49	31	30	False	inf	1.0	False	
AqTMK_195_final.txt	AqTMK_300_final.txt	AqTMK_195	AqTMK_300	31	31	True	4	1.0	False	
AqTMK_195_final.txt	AqTMK_102_final.txt	AqTMK_195	AqTMK_102	31	30	False	inf	1.0	False	
AqTMK_195_final.txt	AqTMK_66_final.txt	AqTMK_195	AqTMK_66	31	30	False	inf	1.0	False	
AqTMK_195_final.txt	AqTMK_50_final.txt	AqTMK_195	AqTMK_50	31	30	False	inf	1.0	False	
AqTMK_195_final.txt	AqTMK_124_final.txt	AqTMK_195	AqTMK_124	31	30	False	inf	1.0	False	
AqTMK_195_final.txt	AqTMK_153_final.txt	AqTMK_195	AqTMK_153	31	30	False	inf	1.0	False	
AqTMK_195_final.txt	AqTMK_193_final.txt	AqTMK_195	AqTMK_193	31	30	False	inf	1.0	False	
AqTMK_195_final.txt	AqTMK_264_final.txt	AqTMK_195	AqTMK_264	31	30	False	inf	1.0	False	
AqTMK_195_final.txt	AqTMK_121_final.txt	AqTMK_195	AqTMK_121	31	29	False	inf	1.0	False	
AqTMK_211_final.txt	AqTMK_238_final.txt	AqTMK_211	AqTMK_238	31	31	True	4	1.0	False	
AqTMK_211_final.txt	AqTMK_277_final.txt	AqTMK_211	AqTMK_277	31	31	True	4	1.0	False	
AqTMK_211_final.txt	AqTMK_276_final.txt	AqTMK_211	AqTMK_276	31	31	True	8	1.0	False	
AqTMK_211_final.txt	AqTMK_33_final.txt	AqTMK_211	AqTMK_33	31	30	False	inf	1.0	False	
AqTMK_211_final.txt	AqTMK_43_final.txt	AqTMK_211	AqTMK_43	31	30	False	inf	1.0	False	
AqTMK_211_final.txt	AqTMK_49_final.txt	AqTMK_211	AqTMK_49	31	30	False	inf	1.0	False	
AqTMK_211_final.txt	AqTMK_50_final.txt	AqTMK_211	AqTMK_50	31	30	False	inf	1.0	False	
AqTMK_211_final.txt	AqTMK_300_final.txt	AqTMK_211	AqTMK_300	31	31	True	4	1.0	False	
AqTMK_211_final.txt	AqTMK_102_final.txt	AqTMK_211	AqTMK_102	31	30	False	inf	1.0	False	
AqTMK_211_final.txt	AqTMK_66_final.txt	AqTMK_211	AqTMK_66	31	30	False	inf	1.0	False	
AqTMK_211_final.txt	AqTMK_124_final.txt	AqTMK_211	AqTMK_124	31	30	False	inf	1.0	False	
AqTMK_211_final.txt	AqTMK_153_final.txt	AqTMK_211	AqTMK_153	31	30	False	inf	1.0	False	
AqTMK_211_final.txt	AqTMK_193_final.txt	AqTMK_211	AqTMK_193	31	30	False	inf	1.0	False	
AqTMK_211_final.txt	AqTMK_264_final.txt	AqTMK_211	AqTMK_264	31	30	False	inf	1.0	False	
AqTMK_211_final.txt	AqTMK_121_final.txt	AqTMK_211	AqTMK_121	31	29	False	inf	1.0	False	
AqTMK_238_final.txt	AqTMK_277_final.txt	AqTMK_238	AqTMK_277	31	31	True	2	1.0	False	
AqTMK_238_final.txt	AqTMK_276_final.txt	AqTMK_238	AqTMK_276	31	31	True	4	1.0	False	
AqTMK_238_final.txt	AqTMK_33_final.txt	AqTMK_238	AqTMK_33	31	30	False	inf	1.0	False	
AqTMK_238_final.txt	AqTMK_43_final.txt	AqTMK_238	AqTMK_43	31	30	False	inf	1.0	False	
AqTMK_238_final.txt	AqTMK_49_final.txt	AqTMK_238	AqTMK_49	31	30	False	inf	1.0	False	
AqTMK_238_final.txt	AqTMK_50_final.txt	AqTMK_238	AqTMK_50	31	30	False	inf	1.0	False	
AqTMK_238_final.txt	AqTMK_66_final.txt	AqTMK_238	AqTMK_66	31	30	False	inf	1.0	False	
AqTMK_238_final.txt	AqTMK_300_final.txt	AqTMK_238	AqTMK_300	31	31	True	2	1.0	False	
AqTMK_238_final.txt	AqTMK_153_final.txt	AqTMK_238	AqTMK_153	31	30	False	inf	1.0	False	
AqTMK_238_final.txt	AqTMK_102_final.txt	AqTMK_238	AqTMK_102	31	30	False	inf	1.0	False	
AqTMK_238_final.txt	AqTMK_124_final.txt	AqTMK_238	AqTMK_124	31	30	False	inf	1.0	False	
AqTMK_238_final.txt	AqTMK_193_final.txt	AqTMK_238	AqTMK_193	31	30	False	inf	1.0	False	
AqTMK_238_final.txt	AqTMK_264_final.txt	AqTMK_238	AqTMK_264	31	30	False	inf	1.0	False	
AqTMK_238_final.txt	AqTMK_121_final.txt	AqTMK_238	AqTMK_121	31	29	False	inf	1.0	False	
AqTMK_276_final.txt	AqTMK_300_final.txt	AqTMK_276	AqTMK_300	31	31	True	6	1.0	False	
AqTMK_276_final.txt	AqTMK_33_final.txt	AqTMK_276	AqTMK_33	31	30	False	inf	1.0	False	
AqTMK_276_final.txt	AqTMK_43_final.txt	AqTMK_276	AqTMK_43	31	30	False	inf	1.0	False	
AqTMK_276_final.txt	AqTMK_49_final.txt	AqTMK_276	AqTMK_49	31	30	False	inf	1.0	False	
AqTMK_276_final.txt	AqTMK_50_final.txt	AqTMK_276	AqTMK_50	31	30	False	inf	1.0	False	
AqTMK_276_final.txt	AqTMK_66_final.txt	AqTMK_276	AqTMK_66	31	30	False	inf	1.0	False	
AqTMK_276_final.txt	AqTMK_102_final.txt	AqTMK_276	AqTMK_102	31	30	False	inf	1.0	False	
AqTMK_276_final.txt	AqTMK_277_final.txt	AqTMK_276	AqTMK_277	31	31	True	6	1.0	False	
AqTMK_276_final.txt	AqTMK_153_final.txt	AqTMK_276	AqTMK_153	31	30	False	inf	1.0	False	
AqTMK_276_final.txt	AqTMK_124_final.txt	AqTMK_276	AqTMK_124	31	30	False	inf	1.0	False	
AqTMK_276_final.txt	AqTMK_193_final.txt	AqTMK_276	AqTMK_193	31	30	False	inf	1.0	False	
AqTMK_276_final.txt	AqTMK_264_final.txt	AqTMK_276	AqTMK_264	31	30	False	inf	1.0	False	
AqTMK_276_final.txt	AqTMK_121_final.txt	AqTMK_276	AqTMK_121	31	29	False	inf	1.0	False	
AqTMK_277_final.txt	AqTMK_33_final.txt	AqTMK_277	AqTMK_33	31	30	False	inf	1.0	False	
AqTMK_277_final.txt	AqTMK_43_final.txt	AqTMK_277	AqTMK_43	31	30	False	inf	1.0	False	
AqTMK_277_final.txt	AqTMK_49_final.txt	AqTMK_277	AqTMK_49	31	30	False	inf	1.0	False	
AqTMK_277_final.txt	AqTMK_50_final.txt	AqTMK_277	AqTMK_50	31	30	False	inf	1.0	False	
AqTMK_277_final.txt	AqTMK_66_final.txt	AqTMK_277	AqTMK_66	31	30	False	inf	1.0	False	
AqTMK_277_final.txt	AqTMK_102_final.txt	AqTMK_277	AqTMK_102	31	30	False	inf	1.0	False	
AqTMK_277_final.txt	AqTMK_124_final.txt	AqTMK_277	AqTMK_124	31	30	False	inf	1.0	False	
AqTMK_277_final.txt	AqTMK_300_final.txt	AqTMK_277	AqTMK_300	31	31	True	0	1.0	True	class_95
AqTMK_277_final.txt	AqTMK_193_final.txt	AqTMK_277	AqTMK_193	31	30	False	inf	1.0	False	
AqTMK_277_final.txt	AqTMK_264_final.txt	AqTMK_277	AqTMK_264	31	30	False	inf	1.0	False	
AqTMK_277_final.txt	AqTMK_153_final.txt	AqTMK_277	AqTMK_153	31	30	False	inf	1.0	False	
AqTMK_277_final.txt	AqTMK_121_final.txt	AqTMK_277	AqTMK_121	31	29	False	inf	1.0	False	
AqTMK_33_final.txt	AqTMK_43_final.txt	AqTMK_33	AqTMK_43	30	30	True	2	1.0	False	
AqTMK_33_final.txt	AqTMK_49_final.txt	AqTMK_33	AqTMK_49	30	30	True	2	1.0	False	
AqTMK_33_final.txt	AqTMK_66_final.txt	AqTMK_33	AqTMK_66	30	30	True	2	1.0	False	
AqTMK_33_final.txt	AqTMK_50_final.txt	AqTMK_33	AqTMK_50	30	30	True	2	1.0	False	
AqTMK_33_final.txt	AqTMK_124_final.txt	AqTMK_33	AqTMK_124	30	30	True	2	1.0	False	
AqTMK_33_final.txt	AqTMK_102_final.txt	AqTMK_33	AqTMK_102	30	30	True	0	1.0	True	class_96
AqTMK_33_final.txt	AqTMK_193_final.txt	AqTMK_33	AqTMK_193	30	30	True	4	1.0	False	
AqTMK_33_final.txt	AqTMK_153_final.txt	AqTMK_33	AqTMK_153	30	30	True	8	1.0	False	
AqTMK_33_final.txt	AqTMK_121_final.txt	AqTMK_33	AqTMK_121	30	29	False	inf	1.0	False	
AqTMK_33_final.txt	AqTMK_264_final.txt	AqTMK_33	AqTMK_264	30	30	True	8	1.0	False	
AqTMK_43_final.txt	AqTMK_50_final.txt	AqTMK_43	AqTMK_50	30	30	True	4	1.0	False	
AqTMK_43_final.txt	AqTMK_49_final.txt	AqTMK_43	AqTMK_49	30	30	True	4	1.0	False	
AqTMK_43_final.txt	AqTMK_66_final.txt	AqTMK_43	AqTMK_66	30	30	True	4	1.0	False	
AqTMK_43_final.txt	AqTMK_124_final.txt	AqTMK_43	AqTMK_124	30	30	True	4	1.0	False	
AqTMK_43_final.txt	AqTMK_193_final.txt	AqTMK_43	AqTMK_193	30	30	True	6	1.0	False	
AqTMK_43_final.txt	AqTMK_153_final.txt	AqTMK_43	AqTMK_153	30	30	True	9	1.0	False	
AqTMK_43_final.txt	AqTMK_121_final.txt	AqTMK_43	AqTMK_121	30	29	False	inf	1.0	False	
AqTMK_43_final.txt	AqTMK_264_final.txt	AqTMK_43	AqTMK_264	30	30	True	9	1.0	False	
AqTMK_49_final.txt	AqTMK_50_final.txt	AqTMK_49	AqTMK_50	30	30	True	0	1.0	True	class_98
AqTMK_49_final.txt	AqTMK_66_final.txt	AqTMK_49	AqTMK_66	30	30	True	0	1.0	True	class_98
AqTMK_49_final.txt	AqTMK_124_final.txt	AqTMK_49	AqTMK_124	30	30	True	0	1.0	True	class_98
AqTMK_49_final.txt	AqTMK_153_final.txt	AqTMK_49	AqTMK_153	30	30	True	6	1.0	False	
AqTMK_49_final.txt	AqTMK_193_final.txt	AqTMK_49	AqTMK_193	30	30	True	4	1.0	False	
AqTMK_49_final.txt	AqTMK_121_final.txt	AqTMK_49	AqTMK_121	30	29	False	inf	1.0	False	
AqTMK_49_final.txt	AqTMK_264_final.txt	AqTMK_49	AqTMK_264	30	30	True	6	1.0	False	
AqTMK_153_final.txt	AqTMK_264_final.txt	AqTMK_153	AqTMK_264	30	30	True	0	1.0	True	class_99
AqTMK_153_final.txt	AqTMK_121_final.txt	AqTMK_153	AqTMK_121	30	29	False	inf	1.0	False	
AqTMK_153_final.txt	AqTMK_193_final.txt	AqTMK_153	AqTMK_193	30	30	True	8	1.0	False	
AqTMK_193_final.txt	AqTMK_121_final.txt	AqTMK_193	AqTMK_121	30	29	False	inf	1.0	False	
