structure_id,class,n_canonical_edges,canonical_signature,canonical_edges
AqTMK_1,class_1,18,D9 | Polar contact | ATP phosphate 3 unit;G10 | Polar contact | ATP phosphate 2–3 bridging oxygen;G12 | Polar contact | ATP phosphate 2 unit;K13 | Polar contact | ATP phosphate 2 unit;K13 | Polar contact | ATP phosphate 3 unit;K143 | Polar contact | ATP phosphate 1 unit;K143 | Polar contact | ATP phosphate 2 unit;K143 | Polar contact | ATP phosphate 3 unit;R145 | Polar contact | ATP phosphate 3 unit;R145 | Polar contact | dTMP phosphate unit;R47 | Polar contact | dTMP phosphate unit;R90 | Polar contact | ATP phosphate 3 unit;R90 | Polar contact | dTMP phosphate unit;S11 | Polar contact | ATP phosphate 2 unit;T14 | Metal contact | Mg2+ ion;T14 | Polar contact | ATP phosphate 2 unit;T14 | Polar contact | ATP phosphate 3 unit;T15 | Polar contact | ATP phosphate 1 unit,D9 | Polar contact | ATP phosphate 3 unit;G10 | Polar contact | ATP phosphate 2–3 bridging oxygen;G12 | Polar contact | ATP phosphate 2 unit;K13 | Polar contact | ATP phosphate 2 unit;K13 | Polar contact | ATP phosphate 3 unit;K143 | Polar contact | ATP phosphate 1 unit;K143 | Polar contact | ATP phosphate 2 unit;K143 | Polar contact | ATP phosphate 3 unit;R145 | Polar contact | ATP phosphate 3 unit;R145 | Polar contact | dTMP phosphate unit;R47 | Polar contact | dTMP phosphate unit;R90 | Polar contact | ATP phosphate 3 unit;R90 | Polar contact | dTMP phosphate unit;S11 | Polar contact | ATP phosphate 2 unit;T14 | Metal contact | Mg2+ ion;T14 | Polar contact | ATP phosphate 2 unit;T14 | Polar contact | ATP phosphate 3 unit;T15 | Polar contact | ATP phosphate 1 unit
AqTMK_12,class_1,18,D9 | Polar contact | ATP phosphate 3 unit;G10 | Polar contact | ATP phosphate 2–3 bridging oxygen;G12 | Polar contact | ATP phosphate 2 unit;K13 | Polar contact | ATP phosphate 2 unit;K13 | Polar contact | ATP phosphate 3 unit;K143 | Polar contact | ATP phosphate 1 unit;K143 | Polar contact | ATP phosphate 2 unit;K143 | Polar contact | ATP phosphate 3 unit;R145 | Polar contact | ATP phosphate 3 unit;R145 | Polar contact | dTMP phosphate unit;R47 | Polar contact | dTMP phosphate unit;R90 | Polar contact | ATP phosphate 3 unit;R90 | Polar contact | dTMP phosphate unit;S11 | Polar contact | ATP phosphate 2 unit;T14 | Metal contact | Mg2+ ion;T14 | Polar contact | ATP phosphate 2 unit;T14 | Polar contact | ATP phosphate 3 unit;T15 | Polar contact | ATP phosphate 1 unit,D9 | Polar contact | ATP phosphate 3 unit;G10 | Polar contact | ATP phosphate 2–3 bridging oxygen;G12 | Polar contact | ATP phosphate 2 unit;K13 | Polar contact | ATP phosphate 2 unit;K13 | Polar contact | ATP phosphate 3 unit;K143 | Polar contact | ATP phosphate 1 unit;K143 | Polar contact | ATP phosphate 2 unit;K143 | Polar contact | ATP phosphate 3 unit;R145 | Polar contact | ATP phosphate 3 unit;R145 | Polar contact | dTMP phosphate unit;R47 | Polar contact | dTMP phosphate unit;R90 | Polar contact | ATP phosphate 3 unit;R90 | Polar contact | dTMP phosphate unit;S11 | Polar contact | ATP phosphate 2 unit;T14 | Metal contact | Mg2+ ion;T14 | Polar contact | ATP phosphate 2 unit;T14 | Polar contact | ATP phosphate 3 unit;T15 | Polar contact | ATP phosphate 1 unit
AqTMK_30,class_2,18,D9 | Polar contact | ATP phosphate 3 unit;G10 | Polar contact | ATP phosphate 2–3 bridging oxygen;G12 | Polar contact | ATP phosphate 2 unit;K13 | Polar contact | ATP phosphate 2 unit;K13 | Polar contact | ATP phosphate 3 unit;K143 | Polar contact | ATP phosphate 1 unit;K143 | Polar contact | ATP phosphate 2 unit;K143 | Polar contact | ATP phosphate 3 unit;R145 | Polar contact | ATP phosphate 3 unit;R145 | Polar contact | dTMP phosphate unit;R47 | Polar contact | dTMP phosphate unit;R90 | Polar contact | ATP phosphate 3 unit;R90 | Polar contact | dTMP phosphate unit;S11 | Polar contact | ATP phosphate 2 unit;T14 | Metal contact | Mg2+ ion;T14 | Polar contact | ATP phosphate 2 unit;T14 | Polar contact | ATP phosphate 3 unit;T15 | Polar contact | ATP phosphate 1 unit,D9 | Polar contact | ATP phosphate 3 unit;G10 | Polar contact | ATP phosphate 2–3 bridging oxygen;G12 | Polar contact | ATP phosphate 2 unit;K13 | Polar contact | ATP phosphate 2 unit;K13 | Polar contact | ATP phosphate 3 unit;K143 | Polar contact | ATP phosphate 1 unit;K143 | Polar contact | ATP phosphate 2 unit;K143 | Polar contact | ATP phosphate 3 unit;R145 | Polar contact | ATP phosphate 3 unit;R145 | Polar contact | dTMP phosphate unit;R47 | Polar contact | dTMP phosphate unit;R90 | Polar contact | ATP phosphate 3 unit;R90 | Polar contact | dTMP phosphate unit;S11 | Polar contact | ATP phosphate 2 unit;T14 | Metal contact | Mg2+ ion;T14 | Polar contact | ATP phosphate 2 unit;T14 | Polar contact | ATP phosphate 3 unit;T15 | Polar contact | ATP phosphate 1 unit
AqTMK_35,class_3,18,D9 | Polar contact | ATP phosphate 3 unit;G10 | Polar contact | ATP phosphate 2–3 bridging oxygen;G12 | Polar contact | ATP phosphate 1–2 bridging oxygen;K13 | Polar contact | ATP phosphate 2 unit;K13 | Polar contact | ATP phosphate 3 unit;K143 | Polar contact | ATP phosphate 1 unit;K143 | Polar contact | ATP phosphate 2 unit;R145 | Polar contact | ATP phosphate 3 unit;R145 | Polar contact | dTMP phosphate unit;R35 | Polar contact | dTMP phosphate unit;R47 | Polar contact | dTMP phosphate unit;R90 | Polar contact | ATP phosphate 3 unit;R90 | Polar contact | dTMP phosphate unit;S11 | Polar contact | ATP phosphate 2 unit;T14 | Metal contact | Mg2+ ion;T14 | Polar contact | ATP phosphate 2 unit;T14 | Polar contact | ATP phosphate 3 unit;T15 | Polar contact | ATP phosphate 1 unit,D9 | Polar contact | ATP phosphate 3 unit;G10 | Polar contact | ATP phosphate 2–3 bridging oxygen;G12 | Polar contact | ATP phosphate 1–2 bridging oxygen;K13 | Polar contact | ATP phosphate 2 unit;K13 | Polar contact | ATP phosphate 3 unit;K143 | Polar contact | ATP phosphate 1 unit;K143 | Polar contact | ATP phosphate 2 unit;R145 | Polar contact | ATP phosphate 3 unit;R145 | Polar contact | dTMP phosphate unit;R35 | Polar contact | dTMP phosphate unit;R47 | Polar contact | dTMP phosphate unit;R90 | Polar contact | ATP phosphate 3 unit;R90 | Polar contact | dTMP phosphate unit;S11 | Polar contact | ATP phosphate 2 unit;T14 | Metal contact | Mg2+ ion;T14 | Polar contact | ATP phosphate 2 unit;T14 | Polar contact | ATP phosphate 3 unit;T15 | Polar contact | ATP phosphate 1 unit
AqTMK_65,class_4,18,D9 | Polar contact | ATP phosphate 3 unit;G10 | Polar contact | ATP phosphate 2–3 bridging oxygen;G12 | Polar contact | ATP phosphate 2 unit;K13 | Polar contact | ATP phosphate 2 unit;K13 | Polar contact | ATP phosphate 3 unit;K143 | Polar contact | ATP phosphate 1 unit;K143 | Polar contact | ATP phosphate 2 unit;K143 | Polar contact | ATP phosphate 3 unit;R145 | Polar contact | ATP phosphate 3 unit;R145 | Polar contact | dTMP phosphate unit;R35 | Polar contact | dTMP phosphate unit;R47 | Polar contact | dTMP phosphate unit;R90 | Polar contact | ATP phosphate 3 unit;R90 | Polar contact | dTMP phosphate unit;S11 | Polar contact | ATP phosphate 2 unit;T14 | Metal contact | Mg2+ ion;T14 | Polar contact | ATP phosphate 2 unit;T15 | Polar contact | ATP phosphate 1 unit,D9 | Polar contact | ATP phosphate 3 unit;G10 | Polar contact | ATP phosphate 2–3 bridging oxygen;G12 | Polar contact | ATP phosphate 2 unit;K13 | Polar contact | ATP phosphate 2 unit;K13 | Polar contact | ATP phosphate 3 unit;K143 | Polar contact | ATP phosphate 1 unit;K143 | Polar contact | ATP phosphate 2 unit;K143 | Polar contact | ATP phosphate 3 unit;R145 | Polar contact | ATP phosphate 3 unit;R145 | Polar contact | dTMP phosphate unit;R35 | Polar contact | dTMP phosphate unit;R47 | Polar contact | dTMP phosphate unit;R90 | Polar contact | ATP phosphate 3 unit;R90 | Polar contact | dTMP phosphate unit;S11 | Polar contact | ATP phosphate 2 unit;T14 | Metal contact | Mg2+ ion;T14 | Polar contact | ATP phosphate 2 unit;T15 | Polar contact | ATP phosphate 1 unit
AqTMK_21,class_5,17,D9 | Polar contact | ATP phosphate 3 unit;G10 | Polar contact | ATP phosphate 2–3 bridging oxygen;G12 | Polar contact | ATP phosphate 2 unit;K13 | Polar contact | ATP phosphate 2 unit;K13 | Polar contact | ATP phosphate 3 unit;K143 | Polar contact | ATP phosphate 1 unit;K143 | Polar contact | ATP phosphate 2 unit;R145 | Polar contact | ATP phosphate 3 unit;R145 | Polar contact | dTMP phosphate unit;R47 | Polar contact | dTMP phosphate unit;R90 | Polar contact | ATP phosphate 3 unit;R90 | Polar contact | dTMP phosphate unit;S11 | Polar contact | ATP phosphate 2 unit;T14 | Metal contact | Mg2+ ion;T14 | Polar contact | ATP phosphate 2 unit;T14 | Polar contact | ATP phosphate 3 unit;T15 | Polar contact | ATP phosphate 1 unit,D9 | Polar contact | ATP phosphate 3 unit;G10 | Polar contact | ATP phosphate 2–3 bridging oxygen;G12 | Polar contact | ATP phosphate 2 unit;K13 | Polar contact | ATP phosphate 2 unit;K13 | Polar contact | ATP phosphate 3 unit;K143 | Polar contact | ATP phosphate 1 unit;K143 | Polar contact | ATP phosphate 2 unit;R145 | Polar contact | ATP phosphate 3 unit;R145 | Polar contact | dTMP phosphate unit;R47 | Polar contact | dTMP phosphate unit;R90 | Polar contact | ATP phosphate 3 unit;R90 | Polar contact | dTMP phosphate unit;S11 | Polar contact | ATP phosphate 2 unit;T14 | Metal contact | Mg2+ ion;T14 | Polar contact | ATP phosphate 2 unit;T14 | Polar contact | ATP phosphate 3 unit;T15 | Polar contact | ATP phosphate 1 unit
AqTMK_8,class_5,17,D9 | Polar contact | ATP phosphate 3 unit;G10 | Polar contact | ATP phosphate 2–3 bridging oxygen;G12 | Polar contact | ATP phosphate 2 unit;K13 | Polar contact | ATP phosphate 2 unit;K13 | Polar contact | ATP phosphate 3 unit;K143 | Polar contact | ATP phosphate 1 unit;K143 | Polar contact | ATP phosphate 2 unit;R145 | Polar contact | ATP phosphate 3 unit;R145 | Polar contact | dTMP phosphate unit;R47 | Polar contact | dTMP phosphate unit;R90 | Polar contact | ATP phosphate 3 unit;R90 | Polar contact | dTMP phosphate unit;S11 | Polar contact | ATP phosphate 2 unit;T14 | Metal contact | Mg2+ ion;T14 | Polar contact | ATP phosphate 2 unit;T14 | Polar contact | ATP phosphate 3 unit;T15 | Polar contact | ATP phosphate 1 unit,D9 | Polar contact | ATP phosphate 3 unit;G10 | Polar contact | ATP phosphate 2–3 bridging oxygen;G12 | Polar contact | ATP phosphate 2 unit;K13 | Polar contact | ATP phosphate 2 unit;K13 | Polar contact | ATP phosphate 3 unit;K143 | Polar contact | ATP phosphate 1 unit;K143 | Polar contact | ATP phosphate 2 unit;R145 | Polar contact | ATP phosphate 3 unit;R145 | Polar contact | dTMP phosphate unit;R47 | Polar contact | dTMP phosphate unit;R90 | Polar contact | ATP phosphate 3 unit;R90 | Polar contact | dTMP phosphate unit;S11 | Polar contact | ATP phosphate 2 unit;T14 | Metal contact | Mg2+ ion;T14 | Polar contact | ATP phosphate 2 unit;T14 | Polar contact | ATP phosphate 3 unit;T15 | Polar contact | ATP phosphate 1 unit
AqTMK_10,class_6,17,D9 | Polar contact | ATP phosphate 3 unit;G10 | Polar contact | ATP phosphate 2–3 bridging oxygen;G12 | Polar contact | ATP phosphate 2 unit;K13 | Polar contact | ATP phosphate 2 unit;K13 | Polar contact | ATP phosphate 3 unit;K143 | Polar contact | ATP phosphate 1 unit;K143 | Polar contact | ATP phosphate 2 unit;K143 | Polar contact | ATP phosphate 3 unit;R145 | Polar contact | ATP phosphate 3 unit;R47 | Polar contact | dTMP phosphate unit;R90 | Polar contact | ATP phosphate 3 unit;R90 | Polar contact | dTMP phosphate unit;S11 | Polar contact | ATP phosphate 2 unit;T14 | Metal contact | Mg2+ ion;T14 | Polar contact | ATP phosphate 2 unit;T14 | Polar contact | ATP phosphate 3 unit;T15 | Polar contact | ATP phosphate 1 unit,D9 | Polar contact | ATP phosphate 3 unit;G10 | Polar contact | ATP phosphate 2–3 bridging oxygen;G12 | Polar contact | ATP phosphate 2 unit;K13 | Polar contact | ATP phosphate 2 unit;K13 | Polar contact | ATP phosphate 3 unit;K143 | Polar contact | ATP phosphate 1 unit;K143 | Polar contact | ATP phosphate 2 unit;K143 | Polar contact | ATP phosphate 3 unit;R145 | Polar contact | ATP phosphate 3 unit;R47 | Polar contact | dTMP phosphate unit;R90 | Polar contact | ATP phosphate 3 unit;R90 | Polar contact | dTMP phosphate unit;S11 | Polar contact | ATP phosphate 2 unit;T14 | Metal contact | Mg2+ ion;T14 | Polar contact | ATP phosphate 2 unit;T14 | Polar contact | ATP phosphate 3 unit;T15 | Polar contact | ATP phosphate 1 unit
AqTMK_16,class_7,17,D9 | Polar contact | ATP phosphate 3 unit;G10 | Polar contact | ATP phosphate 2–3 bridging oxygen;G12 | Polar contact | ATP phosphate 2 unit;K13 | Polar contact | ATP phosphate 2 unit;K13 | Polar contact | ATP phosphate 3 unit;K143 | Polar contact | ATP phosphate 1 unit;K143 | Polar contact | ATP phosphate 2 unit;K143 | Polar contact | ATP phosphate 3 unit;R145 | Polar contact | ATP phosphate 3 unit;R145 | Polar contact | dTMP phosphate unit;R47 | Polar contact | dTMP phosphate unit;R90 | Polar contact | ATP phosphate 3 unit;R90 | Polar contact | dTMP phosphate unit;S11 | Polar contact | ATP phosphate 2–3 bridging oxygen;T14 | Metal contact | Mg2+ ion;T14 | Polar contact | ATP phosphate 2 unit;T15 | Polar contact | ATP phosphate 1 unit,D9 | Polar contact | ATP phosphate 3 unit;G10 | Polar contact | ATP phosphate 2–3 bridging oxygen;G12 | Polar contact | ATP phosphate 2 unit;K13 | Polar contact | ATP phosphate 2 unit;K13 | Polar contact | ATP phosphate 3 unit;K143 | Polar contact | ATP phosphate 1 unit;K143 | Polar contact | ATP phosphate 2 unit;K143 | Polar contact | ATP phosphate 3 unit;R145 | Polar contact | ATP phosphate 3 unit;R145 | Polar contact | dTMP phosphate unit;R47 | Polar contact | dTMP phosphate unit;R90 | Polar contact | ATP phosphate 3 unit;R90 | Polar contact | dTMP phosphate unit;S11 | Polar contact | ATP phosphate 2–3 bridging oxygen;T14 | Metal contact | Mg2+ ion;T14 | Polar contact | ATP phosphate 2 unit;T15 | Polar contact | ATP phosphate 1 unit
AqTMK_26,class_8,17,D9 | Polar contact | ATP phosphate 3 unit;G10 | Polar contact | ATP phosphate 2–3 bridging oxygen;G12 | Polar contact | ATP phosphate 2 unit;K13 | Polar contact | ATP phosphate 2 unit;K13 | Polar contact | ATP phosphate 3 unit;K143 | Polar contact | ATP phosphate 1 unit;K143 | Polar contact | ATP phosphate 2 unit;R145 | Polar contact | ATP phosphate 3 unit;R145 | Polar contact | dTMP phosphate unit;R47 | Polar contact | dTMP phosphate unit;R90 | Polar contact | ATP phosphate 3 unit;R90 | Polar contact | dTMP phosphate unit;S11 | Polar contact | ATP phosphate 2 unit;T14 | Metal contact | Mg2+ ion;T14 | Polar contact | ATP phosphate 2 unit;T14 | Polar contact | ATP phosphate 3 unit;T15 | Polar contact | ATP phosphate 1 unit,D9 | Polar contact | ATP phosphate 3 unit;G10 | Polar contact | ATP phosphate 2–3 bridging oxygen;G12 | Polar contact | ATP phosphate 2 unit;K13 | Polar contact | ATP phosphate 2 unit;K13 | Polar contact | ATP phosphate 3 unit;K143 | Polar contact | ATP phosphate 1 unit;K143 | Polar contact | ATP phosphate 2 unit;R145 | Polar contact | ATP phosphate 3 unit;R145 | Polar contact | dTMP phosphate unit;R47 | Polar contact | dTMP phosphate unit;R90 | Polar contact | ATP phosphate 3 unit;R90 | Polar contact | dTMP phosphate unit;S11 | Polar contact | ATP phosphate 2 unit;T14 | Metal contact | Mg2+ ion;T14 | Polar contact | ATP phosphate 2 unit;T14 | Polar contact | ATP phosphate 3 unit;T15 | Polar contact | ATP phosphate 1 unit
AqTMK_39,class_9,17,D9 | Polar contact | ATP phosphate 3 unit;G10 | Polar contact | ATP phosphate 2–3 bridging oxygen;G12 | Polar contact | ATP phosphate 2 unit;K13 | Polar contact | ATP phosphate 2 unit;K13 | Polar contact | ATP phosphate 3 unit;K143 | Polar contact | ATP phosphate 1 unit;K143 | Polar contact | ATP phosphate 2 unit;R145 | Polar contact | ATP phosphate 3 unit;R145 | Polar contact | dTMP phosphate unit;R35 | Polar contact | dTMP phosphate unit;R47 | Polar contact | dTMP phosphate unit;R90 | Polar contact | ATP phosphate 3 unit;R90 | Polar contact | dTMP phosphate unit;S11 | Polar contact | ATP phosphate 2 unit;T14 | Metal contact | Mg2+ ion;T14 | Polar contact | ATP phosphate 2 unit;T15 | Polar contact | ATP phosphate 1 unit,D9 | Polar contact | ATP phosphate 3 unit;G10 | Polar contact | ATP phosphate 2–3 bridging oxygen;G12 | Polar contact | ATP phosphate 2 unit;K13 | Polar contact | ATP phosphate 2 unit;K13 | Polar contact | ATP phosphate 3 unit;K143 | Polar contact | ATP phosphate 1 unit;K143 | Polar contact | ATP phosphate 2 unit;R145 | Polar contact | ATP phosphate 3 unit;R145 | Polar contact | dTMP phosphate unit;R35 | Polar contact | dTMP phosphate unit;R47 | Polar contact | dTMP phosphate unit;R90 | Polar contact | ATP phosphate 3 unit;R90 | Polar contact | dTMP phosphate unit;S11 | Polar contact | ATP phosphate 2 unit;T14 | Metal contact | Mg2+ ion;T14 | Polar contact | ATP phosphate 2 unit;T15 | Polar contact | ATP phosphate 1 unit
AqTMK_41,class_10,17,D9 | Polar contact | ATP phosphate 3 unit;G10 | Polar contact | ATP phosphate 2–3 bridging oxygen;G12 | Polar contact | ATP phosphate 2 unit;K13 | Polar contact | ATP phosphate 2 unit;K13 | Polar contact | ATP phosphate 3 unit;K143 | Polar contact | ATP phosphate 1 unit;K143 | Polar contact | ATP phosphate 2 unit;K143 | Polar contact | ATP phosphate 3 unit;R145 | Polar contact | ATP phosphate 3 unit;R145 | Polar contact | dTMP phosphate unit;R90 | Polar contact | ATP phosphate 3 unit;R90 | Polar contact | dTMP phosphate unit;S11 | Polar contact | ATP phosphate 2 unit;T14 | Metal contact | Mg2+ ion;T14 | Polar contact | ATP phosphate 2 unit;T14 | Polar contact | ATP phosphate 3 unit;T15 | Polar contact | ATP phosphate 1 unit,D9 | Polar contact | ATP phosphate 3 unit;G10 | Polar contact | ATP phosphate 2–3 bridging oxygen;G12 | Polar contact | ATP phosphate 2 unit;K13 | Polar contact | ATP phosphate 2 unit;K13 | Polar contact | ATP phosphate 3 unit;K143 | Polar contact | ATP phosphate 1 unit;K143 | Polar contact | ATP phosphate 2 unit;K143 | Polar contact | ATP phosphate 3 unit;R145 | Polar contact | ATP phosphate 3 unit;R145 | Polar contact | dTMP phosphate unit;R90 | Polar contact | ATP phosphate 3 unit;R90 | Polar contact | dTMP phosphate unit;S11 | Polar contact | ATP phosphate 2 unit;T14 | Metal contact | Mg2+ ion;T14 | Polar contact | ATP phosphate 2 unit;T14 | Polar contact | ATP phosphate 3 unit;T15 | Polar contact | ATP phosphate 1 unit
AqTMK_44,class_11,17,D9 | Polar contact | ATP phosphate 3 unit;G10 | Polar contact | ATP phosphate 2–3 bridging oxygen;G12 | Polar contact | ATP phosphate 2 unit;K13 | Polar contact | ATP phosphate 2 unit;K13 | Polar contact | ATP phosphate 3 unit;K143 | Polar contact | ATP phosphate 1 unit;K143 | Polar contact | ATP phosphate 2 unit;K143 | Polar contact | ATP phosphate 3 unit;R145 | Polar contact | ATP phosphate 3 unit;R145 | Polar contact | dTMP phosphate unit;R47 | Polar contact | dTMP phosphate unit;R90 | Polar contact | ATP phosphate 3 unit;R90 | Polar contact | dTMP phosphate unit;S11 | Polar contact | ATP phosphate 2 unit;T14 | Metal contact | Mg2+ ion;T14 | Polar contact | ATP phosphate 2 unit;T15 | Polar contact | ATP phosphate 1 unit,D9 | Polar contact | ATP phosphate 3 unit;G10 | Polar contact | ATP phosphate 2–3 bridging oxygen;G12 | Polar contact | ATP phosphate 2 unit;K13 | Polar contact | ATP phosphate 2 unit;K13 | Polar contact | ATP phosphate 3 unit;K143 | Polar contact | ATP phosphate 1 unit;K143 | Polar contact | ATP phosphate 2 unit;K143 | Polar contact | ATP phosphate 3 unit;R145 | Polar contact | ATP phosphate 3 unit;R145 | Polar contact | dTMP phosphate unit;R47 | Polar contact | dTMP phosphate unit;R90 | Polar contact | ATP phosphate 3 unit;R90 | Polar contact | dTMP phosphate unit;S11 | Polar contact | ATP phosphate 2 unit;T14 | Metal contact | Mg2+ ion;T14 | Polar contact | ATP phosphate 2 unit;T15 | Polar contact | ATP phosphate 1 unit
AqTMK_46,class_12,17,D9 | Polar contact | ATP phosphate 3 unit;G10 | Polar contact | ATP phosphate 2–3 bridging oxygen;G12 | Polar contact | ATP phosphate 2 unit;K13 | Polar contact | ATP phosphate 2 unit;K13 | Polar contact | ATP phosphate 3 unit;K143 | Polar contact | ATP phosphate 1 unit;K143 | Polar contact | ATP phosphate 2 unit;R145 | Polar contact | ATP phosphate 3 unit;R145 | Polar contact | dTMP phosphate unit;R47 | Polar contact | dTMP phosphate unit;R90 | Polar contact | ATP phosphate 3 unit;R90 | Polar contact | dTMP phosphate unit;S11 | Polar contact | ATP phosphate 2 unit;T14 | Metal contact | Mg2+ ion;T14 | Polar contact | ATP phosphate 2 unit;T14 | Polar contact | ATP phosphate 3 unit;T15 | Polar contact | ATP phosphate 1 unit,D9 | Polar contact | ATP phosphate 3 unit;G10 | Polar contact | ATP phosphate 2–3 bridging oxygen;G12 | Polar contact | ATP phosphate 2 unit;K13 | Polar contact | ATP phosphate 2 unit;K13 | Polar contact | ATP phosphate 3 unit;K143 | Polar contact | ATP phosphate 1 unit;K143 | Polar contact | ATP phosphate 2 unit;R145 | Polar contact | ATP phosphate 3 unit;R145 | Polar contact | dTMP phosphate unit;R47 | Polar contact | dTMP phosphate unit;R90 | Polar contact | ATP phosphate 3 unit;R90 | Polar contact | dTMP phosphate unit;S11 | Polar contact | ATP phosphate 2 unit;T14 | Metal contact | Mg2+ ion;T14 | Polar contact | ATP phosphate 2 unit;T14 | Polar contact | ATP phosphate 3 unit;T15 | Polar contact | ATP phosphate 1 unit
AqTMK_97,class_12,17,D9 | Polar contact | ATP phosphate 3 unit;G10 | Polar contact | ATP phosphate 2–3 bridging oxygen;G12 | Polar contact | ATP phosphate 2 unit;K13 | Polar contact | ATP phosphate 2 unit;K13 | Polar contact | ATP phosphate 3 unit;K143 | Polar contact | ATP phosphate 1 unit;K143 | Polar contact | ATP phosphate 2 unit;R145 | Polar contact | ATP phosphate 3 unit;R145 | Polar contact | dTMP phosphate unit;R47 | Polar contact | dTMP phosphate unit;R90 | Polar contact | ATP phosphate 3 unit;R90 | Polar contact | dTMP phosphate unit;S11 | Polar contact | ATP phosphate 2 unit;T14 | Metal contact | Mg2+ ion;T14 | Polar contact | ATP phosphate 2 unit;T14 | Polar contact | ATP phosphate 3 unit;T15 | Polar contact | ATP phosphate 1 unit,D9 | Polar contact | ATP phosphate 3 unit;G10 | Polar contact | ATP phosphate 2–3 bridging oxygen;G12 | Polar contact | ATP phosphate 2 unit;K13 | Polar contact | ATP phosphate 2 unit;K13 | Polar contact | ATP phosphate 3 unit;K143 | Polar contact | ATP phosphate 1 unit;K143 | Polar contact | ATP phosphate 2 unit;R145 | Polar contact | ATP phosphate 3 unit;R145 | Polar contact | dTMP phosphate unit;R47 | Polar contact | dTMP phosphate unit;R90 | Polar contact | ATP phosphate 3 unit;R90 | Polar contact | dTMP phosphate unit;S11 | Polar contact | ATP phosphate 2 unit;T14 | Metal contact | Mg2+ ion;T14 | Polar contact | ATP phosphate 2 unit;T14 | Polar contact | ATP phosphate 3 unit;T15 | Polar contact | ATP phosphate 1 unit
AqTMK_58,class_13,17,D9 | Polar contact | ATP phosphate 3 unit;G10 | Polar contact | ATP phosphate 2–3 bridging oxygen;G12 | Polar contact | ATP phosphate 2–3 bridging oxygen;K13 | Polar contact | ATP phosphate 2 unit;K13 | Polar contact | ATP phosphate 3 unit;K143 | Polar contact | ATP phosphate 1 unit;K143 | Polar contact | ATP phosphate 2 unit;K143 | Polar contact | ATP phosphate 3 unit;R145 | Polar contact | ATP phosphate 3 unit;R145 | Polar contact | dTMP phosphate unit;R47 | Polar contact | dTMP phosphate unit;R90 | Polar contact | ATP phosphate 3 unit;R90 | Polar contact | dTMP phosphate unit;S11 | Polar contact | ATP phosphate 2–3 bridging oxygen;T14 | Metal contact | Mg2+ ion;T14 | Polar contact | ATP phosphate 2 unit;T15 | Polar contact | ATP phosphate 1 unit,D9 | Polar contact | ATP phosphate 3 unit;G10 | Polar contact | ATP phosphate 2–3 bridging oxygen;G12 | Polar contact | ATP phosphate 2–3 bridging oxygen;K13 | Polar contact | ATP phosphate 2 unit;K13 | Polar contact | ATP phosphate 3 unit;K143 | Polar contact | ATP phosphate 1 unit;K143 | Polar contact | ATP phosphate 2 unit;K143 | Polar contact | ATP phosphate 3 unit;R145 | Polar contact | ATP phosphate 3 unit;R145 | Polar contact | dTMP phosphate unit;R47 | Polar contact | dTMP phosphate unit;R90 | Polar contact | ATP phosphate 3 unit;R90 | Polar contact | dTMP phosphate unit;S11 | Polar contact | ATP phosphate 2–3 bridging oxygen;T14 | Metal contact | Mg2+ ion;T14 | Polar contact | ATP phosphate 2 unit;T15 | Polar contact | ATP phosphate 1 unit
AqTMK_60,class_13,17,D9 | Polar contact | ATP phosphate 3 unit;G10 | Polar contact | ATP phosphate 2–3 bridging oxygen;G12 | Polar contact | ATP phosphate 2–3 bridging oxygen;K13 | Polar contact | ATP phosphate 2 unit;K13 | Polar contact | ATP phosphate 3 unit;K143 | Polar contact | ATP phosphate 1 unit;K143 | Polar contact | ATP phosphate 2 unit;K143 | Polar contact | ATP phosphate 3 unit;R145 | Polar contact | ATP phosphate 3 unit;R145 | Polar contact | dTMP phosphate unit;R47 | Polar contact | dTMP phosphate unit;R90 | Polar contact | ATP phosphate 3 unit;R90 | Polar contact | dTMP phosphate unit;S11 | Polar contact | ATP phosphate 2–3 bridging oxygen;T14 | Metal contact | Mg2+ ion;T14 | Polar contact | ATP phosphate 2 unit;T15 | Polar contact | ATP phosphate 1 unit,D9 | Polar contact | ATP phosphate 3 unit;G10 | Polar contact | ATP phosphate 2–3 bridging oxygen;G12 | Polar contact | ATP phosphate 2–3 bridging oxygen;K13 | Polar contact | ATP phosphate 2 unit;K13 | Polar contact | ATP phosphate 3 unit;K143 | Polar contact | ATP phosphate 1 unit;K143 | Polar contact | ATP phosphate 2 unit;K143 | Polar contact | ATP phosphate 3 unit;R145 | Polar contact | ATP phosphate 3 unit;R145 | Polar contact | dTMP phosphate unit;R47 | Polar contact | dTMP phosphate unit;R90 | Polar contact | ATP phosphate 3 unit;R90 | Polar contact | dTMP phosphate unit;S11 | Polar contact | ATP phosphate 2–3 bridging oxygen;T14 | Metal contact | Mg2+ ion;T14 | Polar contact | ATP phosphate 2 unit;T15 | Polar contact | ATP phosphate 1 unit
AqTMK_88,class_14,17,D9 | Polar contact | ATP phosphate 3 unit;G10 | Polar contact | ATP phosphate 2–3 bridging oxygen;G12 | Polar contact | ATP phosphate 2 unit;K13 | Polar contact | ATP phosphate 2 unit;K13 | Polar contact | ATP phosphate 3 unit;K143 | Polar contact | ATP phosphate 1 unit;K143 | Polar contact | ATP phosphate 2 unit;K143 | Polar contact | ATP phosphate 3 unit;R145 | Polar contact | ATP phosphate 3 unit;R145 | Polar contact | dTMP phosphate unit;R35 | Polar contact | dTMP phosphate unit;R47 | Polar contact | dTMP phosphate unit;R90 | Polar contact | dTMP phosphate unit;S11 | Polar contact | ATP phosphate 2 unit;T14 | Metal contact | Mg2+ ion;T14 | Polar contact | ATP phosphate 2 unit;T15 | Polar contact | ATP phosphate 1 unit,D9 | Polar contact | ATP phosphate 3 unit;G10 | Polar contact | ATP phosphate 2–3 bridging oxygen;G12 | Polar contact | ATP phosphate 2 unit;K13 | Polar contact | ATP phosphate 2 unit;K13 | Polar contact | ATP phosphate 3 unit;K143 | Polar contact | ATP phosphate 1 unit;K143 | Polar contact | ATP phosphate 2 unit;K143 | Polar contact | ATP phosphate 3 unit;R145 | Polar contact | ATP phosphate 3 unit;R145 | Polar contact | dTMP phosphate unit;R35 | Polar contact | dTMP phosphate unit;R47 | Polar contact | dTMP phosphate unit;R90 | Polar contact | dTMP phosphate unit;S11 | Polar contact | ATP phosphate 2 unit;T14 | Metal contact | Mg2+ ion;T14 | Polar contact | ATP phosphate 2 unit;T15 | Polar contact | ATP phosphate 1 unit
AqTMK_134,class_15,17,D9 | Polar contact | ATP phosphate 3 unit;G10 | Polar contact | ATP phosphate 2–3 bridging oxygen;G12 | Polar contact | ATP phosphate 2 unit;K13 | Polar contact | ATP phosphate 2 unit;K13 | Polar contact | ATP phosphate 3 unit;K13 | Polar contact | dTMP phosphate unit;K143 | Polar contact | ATP phosphate 1 unit;K143 | Polar contact | ATP phosphate 2 unit;R145 | Polar contact | ATP phosphate 3 unit;R145 | Polar contact | dTMP phosphate unit;R47 | Polar contact | dTMP phosphate unit;R90 | Polar contact | ATP phosphate 3 unit;R90 | Polar contact | dTMP phosphate unit;S11 | Polar contact | ATP phosphate 2 unit;T14 | Metal contact | Mg2+ ion;T14 | Polar contact | ATP phosphate 2 unit;T15 | Polar contact | ATP phosphate 1 unit,D9 | Polar contact | ATP phosphate 3 unit;G10 | Polar contact | ATP phosphate 2–3 bridging oxygen;G12 | Polar contact | ATP phosphate 2 unit;K13 | Polar contact | ATP phosphate 2 unit;K13 | Polar contact | ATP phosphate 3 unit;K13 | Polar contact | dTMP phosphate unit;K143 | Polar contact | ATP phosphate 1 unit;K143 | Polar contact | ATP phosphate 2 unit;R145 | Polar contact | ATP phosphate 3 unit;R145 | Polar contact | dTMP phosphate unit;R47 | Polar contact | dTMP phosphate unit;R90 | Polar contact | ATP phosphate 3 unit;R90 | Polar contact | dTMP phosphate unit;S11 | Polar contact | ATP phosphate 2 unit;T14 | Metal contact | Mg2+ ion;T14 | Polar contact | ATP phosphate 2 unit;T15 | Polar contact | ATP phosphate 1 unit
AqTMK_140,class_16,17,D9 | Polar contact | ATP phosphate 3 unit;G10 | Polar contact | ATP phosphate 2–3 bridging oxygen;G12 | Polar contact | ATP phosphate 2 unit;K13 | Polar contact | ATP phosphate 2 unit;K13 | Polar contact | ATP phosphate 3 unit;K143 | Polar contact | ATP phosphate 1 unit;K143 | Polar contact | ATP phosphate 2 unit;K143 | Polar contact | ATP phosphate 3 unit;R145 | Polar contact | ATP phosphate 3 unit;R145 | Polar contact | dTMP phosphate unit;R47 | Polar contact | dTMP phosphate unit;R90 | Polar contact | ATP phosphate 3 unit;R90 | Polar contact | dTMP phosphate unit;S11 | Polar contact | ATP phosphate 2 unit;T14 | Metal contact | Mg2+ ion;T14 | Polar contact | ATP phosphate 2 unit;T15 | Polar contact | ATP phosphate 1 unit,D9 | Polar contact | ATP phosphate 3 unit;G10 | Polar contact | ATP phosphate 2–3 bridging oxygen;G12 | Polar contact | ATP phosphate 2 unit;K13 | Polar contact | ATP phosphate 2 unit;K13 | Polar contact | ATP phosphate 3 unit;K143 | Polar contact | ATP phosphate 1 unit;K143 | Polar contact | ATP phosphate 2 unit;K143 | Polar contact | ATP phosphate 3 unit;R145 | Polar contact | ATP phosphate 3 unit;R145 | Polar contact | dTMP phosphate unit;R47 | Polar contact | dTMP phosphate unit;R90 | Polar contact | ATP phosphate 3 unit;R90 | Polar contact | dTMP phosphate unit;S11 | Polar contact | ATP phosphate 2 unit;T14 | Metal contact | Mg2+ ion;T14 | Polar contact | ATP phosphate 2 unit;T15 | Polar contact | ATP phosphate 1 unit
AqTMK_228,class_17,17,D9 | Polar contact | ATP phosphate 3 unit;D9 | Polar contact | dTMP phosphate unit;G10 | Polar contact | ATP phosphate 2–3 bridging oxygen;G12 | Polar contact | ATP phosphate 2 unit;K13 | Polar contact | ATP phosphate 2 unit;K13 | Polar contact | ATP phosphate 3 unit;K13 | Polar contact | dTMP phosphate unit;R145 | Polar contact | ATP phosphate 3 unit;R145 | Polar contact | dTMP phosphate unit;R35 | Polar contact | dTMP phosphate unit;R47 | Polar contact | dTMP phosphate unit;R90 | Polar contact | ATP phosphate 3 unit;R90 | Polar contact | dTMP phosphate unit;S11 | Polar contact | ATP phosphate 2 unit;T14 | Metal contact | Mg2+ ion;T14 | Polar contact | ATP phosphate 2 unit;T15 | Polar contact | ATP phosphate 1 unit,D9 | Polar contact | ATP phosphate 3 unit;D9 | Polar contact | dTMP phosphate unit;G10 | Polar contact | ATP phosphate 2–3 bridging oxygen;G12 | Polar contact | ATP phosphate 2 unit;K13 | Polar contact | ATP phosphate 2 unit;K13 | Polar contact | ATP phosphate 3 unit;K13 | Polar contact | dTMP phosphate unit;R145 | Polar contact | ATP phosphate 3 unit;R145 | Polar contact | dTMP phosphate unit;R35 | Polar contact | dTMP phosphate unit;R47 | Polar contact | dTMP phosphate unit;R90 | Polar contact | ATP phosphate 3 unit;R90 | Polar contact | dTMP phosphate unit;S11 | Polar contact | ATP phosphate 2 unit;T14 | Metal contact | Mg2+ ion;T14 | Polar contact | ATP phosphate 2 unit;T15 | Polar contact | ATP phosphate 1 unit
AqTMK_13,class_18,16,D9 | Polar contact | ATP phosphate 3 unit;G10 | Polar contact | ATP phosphate 2–3 bridging oxygen;G12 | Polar contact | ATP phosphate 2 unit;K13 | Polar contact | ATP phosphate 2 unit;K13 | Polar contact | ATP phosphate 3 unit;K143 | Polar contact | ATP phosphate 1 unit;K143 | Polar contact | ATP phosphate 2 unit;R145 | Polar contact | ATP phosphate 3 unit;R145 | Polar contact | dTMP phosphate unit;R47 | Polar contact | dTMP phosphate unit;R90 | Polar contact | ATP phosphate 3 unit;R90 | Polar contact | dTMP phosphate unit;S11 | Polar contact | ATP phosphate 2 unit;T14 | Metal contact | Mg2+ ion;T14 | Polar contact | ATP phosphate 2 unit;T15 | Polar contact | ATP phosphate 1 unit,D9 | Polar contact | ATP phosphate 3 unit;G10 | Polar contact | ATP phosphate 2–3 bridging oxygen;G12 | Polar contact | ATP phosphate 2 unit;K13 | Polar contact | ATP phosphate 2 unit;K13 | Polar contact | ATP phosphate 3 unit;K143 | Polar contact | ATP phosphate 1 unit;K143 | Polar contact | ATP phosphate 2 unit;R145 | Polar contact | ATP phosphate 3 unit;R145 | Polar contact | dTMP phosphate unit;R47 | Polar contact | dTMP phosphate unit;R90 | Polar contact | ATP phosphate 3 unit;R90 | Polar contact | dTMP phosphate unit;S11 | Polar contact | ATP phosphate 2 unit;T14 | Metal contact | Mg2+ ion;T14 | Polar contact | ATP phosphate 2 unit;T15 | Polar contact | ATP phosphate 1 unit
AqTMK_2,class_18,16,D9 | Polar contact | ATP phosphate 3 unit;G10 | Polar contact | ATP phosphate 2–3 bridging oxygen;G12 | Polar contact | ATP phosphate 2 unit;K13 | Polar contact | ATP phosphate 2 unit;K13 | Polar contact | ATP phosphate 3 unit;K143 | Polar contact | ATP phosphate 1 unit;K143 | Polar contact | ATP phosphate 2 unit;R145 | Polar contact | ATP phosphate 3 unit;R145 | Polar contact | dTMP phosphate unit;R47 | Polar contact | dTMP phosphate unit;R90 | Polar contact | ATP phosphate 3 unit;R90 | Polar contact | dTMP phosphate unit;S11 | Polar contact | ATP phosphate 2 unit;T14 | Metal contact | Mg2+ ion;T14 | Polar contact | ATP phosphate 2 unit;T15 | Polar contact | ATP phosphate 1 unit,D9 | Polar contact | ATP phosphate 3 unit;G10 | Polar contact | ATP phosphate 2–3 bridging oxygen;G12 | Polar contact | ATP phosphate 2 unit;K13 | Polar contact | ATP phosphate 2 unit;K13 | Polar contact | ATP phosphate 3 unit;K143 | Polar contact | ATP phosphate 1 unit;K143 | Polar contact | ATP phosphate 2 unit;R145 | Polar contact | ATP phosphate 3 unit;R145 | Polar contact | dTMP phosphate unit;R47 | Polar contact | dTMP phosphate unit;R90 | Polar contact | ATP phosphate 3 unit;R90 | Polar contact | dTMP phosphate unit;S11 | Polar contact | ATP phosphate 2 unit;T14 | Metal contact | Mg2+ ion;T14 | Polar contact | ATP phosphate 2 unit;T15 | Polar contact | ATP phosphate 1 unit
AqTMK_22,class_18,16,D9 | Polar contact | ATP phosphate 3 unit;G10 | Polar contact | ATP phosphate 2–3 bridging oxygen;G12 | Polar contact | ATP phosphate 2 unit;K13 | Polar contact | ATP phosphate 2 unit;K13 | Polar contact | ATP phosphate 3 unit;K143 | Polar contact | ATP phosphate 1 unit;K143 | Polar contact | ATP phosphate 2 unit;R145 | Polar contact | ATP phosphate 3 unit;R145 | Polar contact | dTMP phosphate unit;R47 | Polar contact | dTMP phosphate unit;R90 | Polar contact | ATP phosphate 3 unit;R90 | Polar contact | dTMP phosphate unit;S11 | Polar contact | ATP phosphate 2 unit;T14 | Metal contact | Mg2+ ion;T14 | Polar contact | ATP phosphate 2 unit;T15 | Polar contact | ATP phosphate 1 unit,D9 | Polar contact | ATP phosphate 3 unit;G10 | Polar contact | ATP phosphate 2–3 bridging oxygen;G12 | Polar contact | ATP phosphate 2 unit;K13 | Polar contact | ATP phosphate 2 unit;K13 | Polar contact | ATP phosphate 3 unit;K143 | Polar contact | ATP phosphate 1 unit;K143 | Polar contact | ATP phosphate 2 unit;R145 | Polar contact | ATP phosphate 3 unit;R145 | Polar contact | dTMP phosphate unit;R47 | Polar contact | dTMP phosphate unit;R90 | Polar contact | ATP phosphate 3 unit;R90 | Polar contact | dTMP phosphate unit;S11 | Polar contact | ATP phosphate 2 unit;T14 | Metal contact | Mg2+ ion;T14 | Polar contact | ATP phosphate 2 unit;T15 | Polar contact | ATP phosphate 1 unit
AqTMK_6,class_18,16,D9 | Polar contact | ATP phosphate 3 unit;G10 | Polar contact | ATP phosphate 2–3 bridging oxygen;G12 | Polar contact | ATP phosphate 2 unit;K13 | Polar contact | ATP phosphate 2 unit;K13 | Polar contact | ATP phosphate 3 unit;K143 | Polar contact | ATP phosphate 1 unit;K143 | Polar contact | ATP phosphate 2 unit;R145 | Polar contact | ATP phosphate 3 unit;R145 | Polar contact | dTMP phosphate unit;R47 | Polar contact | dTMP phosphate unit;R90 | Polar contact | ATP phosphate 3 unit;R90 | Polar contact | dTMP phosphate unit;S11 | Polar contact | ATP phosphate 2 unit;T14 | Metal contact | Mg2+ ion;T14 | Polar contact | ATP phosphate 2 unit;T15 | Polar contact | ATP phosphate 1 unit,D9 | Polar contact | ATP phosphate 3 unit;G10 | Polar contact | ATP phosphate 2–3 bridging oxygen;G12 | Polar contact | ATP phosphate 2 unit;K13 | Polar contact | ATP phosphate 2 unit;K13 | Polar contact | ATP phosphate 3 unit;K143 | Polar contact | ATP phosphate 1 unit;K143 | Polar contact | ATP phosphate 2 unit;R145 | Polar contact | ATP phosphate 3 unit;R145 | Polar contact | dTMP phosphate unit;R47 | Polar contact | dTMP phosphate unit;R90 | Polar contact | ATP phosphate 3 unit;R90 | Polar contact | dTMP phosphate unit;S11 | Polar contact | ATP phosphate 2 unit;T14 | Metal contact | Mg2+ ion;T14 | Polar contact | ATP phosphate 2 unit;T15 | Polar contact | ATP phosphate 1 unit
AqTMK_9,class_19,16,D9 | Polar contact | ATP phosphate 3 unit;G10 | Polar contact | ATP phosphate 2–3 bridging oxygen;G12 | Polar contact | ATP phosphate 2 unit;K13 | Polar contact | ATP phosphate 2 unit;K13 | Polar contact | ATP phosphate 3 unit;K143 | Polar contact | ATP phosphate 1 unit;K143 | Polar contact | ATP phosphate 2 unit;R145 | Polar contact | ATP phosphate 3 unit;R145 | Polar contact | dTMP phosphate unit;R90 | Polar contact | ATP phosphate 3 unit;R90 | Polar contact | dTMP phosphate unit;S11 | Polar contact | ATP phosphate 2 unit;T14 | Metal contact | Mg2+ ion;T14 | Polar contact | ATP phosphate 2 unit;T14 | Polar contact | ATP phosphate 3 unit;T15 | Polar contact | ATP phosphate 1 unit,D9 | Polar contact | ATP phosphate 3 unit;G10 | Polar contact | ATP phosphate 2–3 bridging oxygen;G12 | Polar contact | ATP phosphate 2 unit;K13 | Polar contact | ATP phosphate 2 unit;K13 | Polar contact | ATP phosphate 3 unit;K143 | Polar contact | ATP phosphate 1 unit;K143 | Polar contact | ATP phosphate 2 unit;R145 | Polar contact | ATP phosphate 3 unit;R145 | Polar contact | dTMP phosphate unit;R90 | Polar contact | ATP phosphate 3 unit;R90 | Polar contact | dTMP phosphate unit;S11 | Polar contact | ATP phosphate 2 unit;T14 | Metal contact | Mg2+ ion;T14 | Polar contact | ATP phosphate 2 unit;T14 | Polar contact | ATP phosphate 3 unit;T15 | Polar contact | ATP phosphate 1 unit
AqTMK_15,class_20,16,D9 | Polar contact | ATP phosphate 3 unit;G10 | Polar contact | ATP phosphate 2–3 bridging oxygen;G12 | Polar contact | ATP phosphate 2 unit;K13 | Polar contact | ATP phosphate 2 unit;K13 | Polar contact | ATP phosphate 3 unit;K143 | Polar contact | ATP phosphate 1 unit;K143 | Polar contact | ATP phosphate 2 unit;R145 | Polar contact | ATP phosphate 3 unit;R47 | Polar contact | dTMP phosphate unit;R90 | Polar contact | ATP phosphate 3 unit;R90 | Polar contact | dTMP phosphate unit;S11 | Polar contact | ATP phosphate 2 unit;T14 | Metal contact | Mg2+ ion;T14 | Polar contact | ATP phosphate 2 unit;T14 | Polar contact | ATP phosphate 3 unit;T15 | Polar contact | ATP phosphate 1 unit,D9 | Polar contact | ATP phosphate 3 unit;G10 | Polar contact | ATP phosphate 2–3 bridging oxygen;G12 | Polar contact | ATP phosphate 2 unit;K13 | Polar contact | ATP phosphate 2 unit;K13 | Polar contact | ATP phosphate 3 unit;K143 | Polar contact | ATP phosphate 1 unit;K143 | Polar contact | ATP phosphate 2 unit;R145 | Polar contact | ATP phosphate 3 unit;R47 | Polar contact | dTMP phosphate unit;R90 | Polar contact | ATP phosphate 3 unit;R90 | Polar contact | dTMP phosphate unit;S11 | Polar contact | ATP phosphate 2 unit;T14 | Metal contact | Mg2+ ion;T14 | Polar contact | ATP phosphate 2 unit;T14 | Polar contact | ATP phosphate 3 unit;T15 | Polar contact | ATP phosphate 1 unit
AqTMK_17,class_21,16,D9 | Polar contact | ATP phosphate 3 unit;G10 | Polar contact | ATP phosphate 2–3 bridging oxygen;G12 | Polar contact | ATP phosphate 1–2 bridging oxygen;K13 | Polar contact | ATP phosphate 2 unit;K13 | Polar contact | ATP phosphate 3 unit;K143 | Polar contact | ATP phosphate 1 unit;K143 | Polar contact | ATP phosphate 2 unit;R145 | Polar contact | ATP phosphate 3 unit;R145 | Polar contact | dTMP phosphate unit;R47 | Polar contact | dTMP phosphate unit;R90 | Polar contact | ATP phosphate 3 unit;R90 | Polar contact | dTMP phosphate unit;S11 | Polar contact | ATP phosphate 2–3 bridging oxygen;T14 | Metal contact | Mg2+ ion;T14 | Polar contact | ATP phosphate 2 unit;T15 | Polar contact | ATP phosphate 1 unit,D9 | Polar contact | ATP phosphate 3 unit;G10 | Polar contact | ATP phosphate 2–3 bridging oxygen;G12 | Polar contact | ATP phosphate 1–2 bridging oxygen;K13 | Polar contact | ATP phosphate 2 unit;K13 | Polar contact | ATP phosphate 3 unit;K143 | Polar contact | ATP phosphate 1 unit;K143 | Polar contact | ATP phosphate 2 unit;R145 | Polar contact | ATP phosphate 3 unit;R145 | Polar contact | dTMP phosphate unit;R47 | Polar contact | dTMP phosphate unit;R90 | Polar contact | ATP phosphate 3 unit;R90 | Polar contact | dTMP phosphate unit;S11 | Polar contact | ATP phosphate 2–3 bridging oxygen;T14 | Metal contact | Mg2+ ion;T14 | Polar contact | ATP phosphate 2 unit;T15 | Polar contact | ATP phosphate 1 unit
AqTMK_28,class_22,16,D9 | Polar contact | ATP phosphate 3 unit;G10 | Polar contact | ATP phosphate 2–3 bridging oxygen;G12 | Polar contact | ATP phosphate 2 unit;K13 | Polar contact | ATP phosphate 2 unit;K13 | Polar contact | ATP phosphate 3 unit;K143 | Polar contact | ATP phosphate 1 unit;K143 | Polar contact | ATP phosphate 2 unit;R145 | Polar contact | ATP phosphate 3 unit;R145 | Polar contact | dTMP phosphate unit;R35 | Polar contact | dTMP phosphate unit;R90 | Polar contact | ATP phosphate 3 unit;R90 | Polar contact | dTMP phosphate unit;S11 | Polar contact | ATP phosphate 2 unit;T14 | Metal contact | Mg2+ ion;T14 | Polar contact | ATP phosphate 2 unit;T15 | Polar contact | ATP phosphate 1 unit,D9 | Polar contact | ATP phosphate 3 unit;G10 | Polar contact | ATP phosphate 2–3 bridging oxygen;G12 | Polar contact | ATP phosphate 2 unit;K13 | Polar contact | ATP phosphate 2 unit;K13 | Polar contact | ATP phosphate 3 unit;K143 | Polar contact | ATP phosphate 1 unit;K143 | Polar contact | ATP phosphate 2 unit;R145 | Polar contact | ATP phosphate 3 unit;R145 | Polar contact | dTMP phosphate unit;R35 | Polar contact | dTMP phosphate unit;R90 | Polar contact | ATP phosphate 3 unit;R90 | Polar contact | dTMP phosphate unit;S11 | Polar contact | ATP phosphate 2 unit;T14 | Metal contact | Mg2+ ion;T14 | Polar contact | ATP phosphate 2 unit;T15 | Polar contact | ATP phosphate 1 unit
AqTMK_37,class_23,17,D9 | Polar contact | ATP phosphate 3 unit;G10 | Polar contact | ATP phosphate 2–3 bridging oxygen;G12 | Polar contact | ATP phosphate 2 unit;K13 | Polar contact | ATP phosphate 2 unit;K13 | Polar contact | ATP phosphate 3 unit;K13 | Polar contact | dTMP phosphate unit;K143 | Polar contact | ATP phosphate 1 unit;K143 | Polar contact | ATP phosphate 2 unit;R145 | Polar contact | ATP phosphate 3 unit;R145 | Polar contact | dTMP phosphate unit;R47 | Polar contact | dTMP phosphate unit;R90 | Polar contact | ATP phosphate 3 unit;R90 | Polar contact | dTMP phosphate unit;S11 | Polar contact | ATP phosphate 2 unit;T14 | Metal contact | Mg2+ ion;T14 | Polar contact | ATP phosphate 2 unit;T15 | Polar contact | ATP phosphate 1 unit,D9 | Polar contact | ATP phosphate 3 unit;G10 | Polar contact | ATP phosphate 2–3 bridging oxygen;G12 | Polar contact | ATP phosphate 2 unit;K13 | Polar contact | ATP phosphate 2 unit;K13 | Polar contact | ATP phosphate 3 unit;K13 | Polar contact | dTMP phosphate unit;K143 | Polar contact | ATP phosphate 1 unit;K143 | Polar contact | ATP phosphate 2 unit;R145 | Polar contact | ATP phosphate 3 unit;R145 | Polar contact | dTMP phosphate unit;R47 | Polar contact | dTMP phosphate unit;R90 | Polar contact | ATP phosphate 3 unit;R90 | Polar contact | dTMP phosphate unit;S11 | Polar contact | ATP phosphate 2 unit;T14 | Metal contact | Mg2+ ion;T14 | Polar contact | ATP phosphate 2 unit;T15 | Polar contact | ATP phosphate 1 unit
AqTMK_38,class_24,16,D9 | Polar contact | ATP phosphate 3 unit;G10 | Polar contact | ATP phosphate 2–3 bridging oxygen;G12 | Polar contact | ATP phosphate 2 unit;K13 | Polar contact | ATP phosphate 2 unit;K13 | Polar contact | ATP phosphate 3 unit;K143 | Polar contact | ATP phosphate 1 unit;K143 | Polar contact | ATP phosphate 2 unit;R145 | Polar contact | ATP phosphate 3 unit;R145 | Polar contact | dTMP phosphate unit;R35 | Polar contact | dTMP phosphate unit;R47 | Polar contact | dTMP phosphate unit;R90 | Polar contact | dTMP phosphate unit;S11 | Polar contact | ATP phosphate 2 unit;T14 | Metal contact | Mg2+ ion;T14 | Polar contact | ATP phosphate 2 unit;T15 | Polar contact | ATP phosphate 1 unit,D9 | Polar contact | ATP phosphate 3 unit;G10 | Polar contact | ATP phosphate 2–3 bridging oxygen;G12 | Polar contact | ATP phosphate 2 unit;K13 | Polar contact | ATP phosphate 2 unit;K13 | Polar contact | ATP phosphate 3 unit;K143 | Polar contact | ATP phosphate 1 unit;K143 | Polar contact | ATP phosphate 2 unit;R145 | Polar contact | ATP phosphate 3 unit;R145 | Polar contact | dTMP phosphate unit;R35 | Polar contact | dTMP phosphate unit;R47 | Polar contact | dTMP phosphate unit;R90 | Polar contact | dTMP phosphate unit;S11 | Polar contact | ATP phosphate 2 unit;T14 | Metal contact | Mg2+ ion;T14 | Polar contact | ATP phosphate 2 unit;T15 | Polar contact | ATP phosphate 1 unit
AqTMK_77,class_25,16,D9 | Polar contact | ATP phosphate 3 unit;G10 | Polar contact | ATP phosphate 2–3 bridging oxygen;G12 | Polar contact | ATP phosphate 1–2 bridging oxygen;K13 | Polar contact | ATP phosphate 2 unit;K13 | Polar contact | ATP phosphate 3 unit;K143 | Polar contact | ATP phosphate 1 unit;K143 | Polar contact | ATP phosphate 2 unit;K143 | Polar contact | ATP phosphate 3 unit;R145 | Polar contact | ATP phosphate 3 unit;R145 | Polar contact | dTMP phosphate unit;R35 | Polar contact | dTMP phosphate unit;R90 | Polar contact | dTMP phosphate unit;S11 | Polar contact | ATP phosphate 2 unit;T14 | Metal contact | Mg2+ ion;T14 | Polar contact | ATP phosphate 2 unit;T15 | Polar contact | ATP phosphate 1 unit,D9 | Polar contact | ATP phosphate 3 unit;G10 | Polar contact | ATP phosphate 2–3 bridging oxygen;G12 | Polar contact | ATP phosphate 1–2 bridging oxygen;K13 | Polar contact | ATP phosphate 2 unit;K13 | Polar contact | ATP phosphate 3 unit;K143 | Polar contact | ATP phosphate 1 unit;K143 | Polar contact | ATP phosphate 2 unit;K143 | Polar contact | ATP phosphate 3 unit;R145 | Polar contact | ATP phosphate 3 unit;R145 | Polar contact | dTMP phosphate unit;R35 | Polar contact | dTMP phosphate unit;R90 | Polar contact | dTMP phosphate unit;S11 | Polar contact | ATP phosphate 2 unit;T14 | Metal contact | Mg2+ ion;T14 | Polar contact | ATP phosphate 2 unit;T15 | Polar contact | ATP phosphate 1 unit
AqTMK_5,class_26,15,D9 | Polar contact | ATP phosphate 3 unit;G10 | Polar contact | ATP phosphate 2–3 bridging oxygen;G12 | Polar contact | ATP phosphate 2 unit;K13 | Polar contact | ATP phosphate 2 unit;K13 | Polar contact | ATP phosphate 3 unit;K143 | Polar contact | ATP phosphate 1 unit;K143 | Polar contact | ATP phosphate 2 unit;R145 | Polar contact | ATP phosphate 3 unit;R47 | Polar contact | dTMP phosphate unit;R90 | Polar contact | ATP phosphate 3 unit;R90 | Polar contact | dTMP phosphate unit;S11 | Polar contact | ATP phosphate 2 unit;T14 | Metal contact | Mg2+ ion;T14 | Polar contact | ATP phosphate 2 unit;T15 | Polar contact | ATP phosphate 1 unit,D9 | Polar contact | ATP phosphate 3 unit;G10 | Polar contact | ATP phosphate 2–3 bridging oxygen;G12 | Polar contact | ATP phosphate 2 unit;K13 | Polar contact | ATP phosphate 2 unit;K13 | Polar contact | ATP phosphate 3 unit;K143 | Polar contact | ATP phosphate 1 unit;K143 | Polar contact | ATP phosphate 2 unit;R145 | Polar contact | ATP phosphate 3 unit;R47 | Polar contact | dTMP phosphate unit;R90 | Polar contact | ATP phosphate 3 unit;R90 | Polar contact | dTMP phosphate unit;S11 | Polar contact | ATP phosphate 2 unit;T14 | Metal contact | Mg2+ ion;T14 | Polar contact | ATP phosphate 2 unit;T15 | Polar contact | ATP phosphate 1 unit
AqTMK_14,class_27,15,D9 | Polar contact | ATP phosphate 3 unit;G10 | Polar contact | ATP phosphate 2–3 bridging oxygen;G12 | Polar contact | ATP phosphate 2 unit;K13 | Polar contact | ATP phosphate 2 unit;K13 | Polar contact | ATP phosphate 3 unit;K143 | Polar contact | ATP phosphate 1 unit;K143 | Polar contact | ATP phosphate 2 unit;R145 | Polar contact | ATP phosphate 3 unit;R47 | Polar contact | dTMP phosphate unit;R90 | Polar contact | ATP phosphate 3 unit;R90 | Polar contact | dTMP phosphate unit;S11 | Polar contact | ATP phosphate 2 unit;T14 | Metal contact | Mg2+ ion;T14 | Polar contact | ATP phosphate 2 unit;T15 | Polar contact | ATP phosphate 1 unit,D9 | Polar contact | ATP phosphate 3 unit;G10 | Polar contact | ATP phosphate 2–3 bridging oxygen;G12 | Polar contact | ATP phosphate 2 unit;K13 | Polar contact | ATP phosphate 2 unit;K13 | Polar contact | ATP phosphate 3 unit;K143 | Polar contact | ATP phosphate 1 unit;K143 | Polar contact | ATP phosphate 2 unit;R145 | Polar contact | ATP phosphate 3 unit;R47 | Polar contact | dTMP phosphate unit;R90 | Polar contact | ATP phosphate 3 unit;R90 | Polar contact | dTMP phosphate unit;S11 | Polar contact | ATP phosphate 2 unit;T14 | Metal contact | Mg2+ ion;T14 | Polar contact | ATP phosphate 2 unit;T15 | Polar contact | ATP phosphate 1 unit
AqTMK_23,class_28,16,D9 | Polar contact | ATP phosphate 3 unit;G10 | Polar contact | ATP phosphate 2–3 bridging oxygen;G12 | Polar contact | ATP phosphate 2 unit;K13 | Polar contact | ATP phosphate 2 unit;K13 | Polar contact | ATP phosphate 3 unit;K13 | Polar contact | dTMP phosphate unit;K143 | Polar contact | ATP phosphate 1 unit;K143 | Polar contact | ATP phosphate 2 unit;R145 | Polar contact | ATP phosphate 3 unit;R145 | Polar contact | dTMP phosphate unit;R47 | Polar contact | dTMP phosphate unit;R90 | Polar contact | dTMP phosphate unit;S11 | Polar contact | ATP phosphate 2 unit;T14 | Metal contact | Mg2+ ion;T14 | Polar contact | ATP phosphate 2 unit;T15 | Polar contact | ATP phosphate 1 unit,D9 | Polar contact | ATP phosphate 3 unit;G10 | Polar contact | ATP phosphate 2–3 bridging oxygen;G12 | Polar contact | ATP phosphate 2 unit;K13 | Polar contact | ATP phosphate 2 unit;K13 | Polar contact | ATP phosphate 3 unit;K13 | Polar contact | dTMP phosphate unit;K143 | Polar contact | ATP phosphate 1 unit;K143 | Polar contact | ATP phosphate 2 unit;R145 | Polar contact | ATP phosphate 3 unit;R145 | Polar contact | dTMP phosphate unit;R47 | Polar contact | dTMP phosphate unit;R90 | Polar contact | dTMP phosphate unit;S11 | Polar contact | ATP phosphate 2 unit;T14 | Metal contact | Mg2+ ion;T14 | Polar contact | ATP phosphate 2 unit;T15 | Polar contact | ATP phosphate 1 unit
AqTMK_214,class_29,15,D9 | Polar contact | ATP phosphate 3 unit;G10 | Polar contact | ATP phosphate 2–3 bridging oxygen;G12 | Polar contact | ATP phosphate 2 unit;K13 | Polar contact | ATP phosphate 2 unit;K13 | Polar contact | ATP phosphate 3 unit;K13 | Polar contact | dTMP phosphate unit;R35 | Polar contact | dTMP phosphate unit;R47 | Polar contact | dTMP phosphate unit;R90 | Polar contact | ATP phosphate 3 unit;R90 | Polar contact | dTMP phosphate unit;S11 | Polar contact | ATP phosphate 2 unit;T14 | Metal contact | Mg2+ ion;T14 | Polar contact | ATP phosphate 2 unit;T14 | Polar contact | ATP phosphate 3 unit;T15 | Polar contact | ATP phosphate 1 unit,D9 | Polar contact | ATP phosphate 3 unit;G10 | Polar contact | ATP phosphate 2–3 bridging oxygen;G12 | Polar contact | ATP phosphate 2 unit;K13 | Polar contact | ATP phosphate 2 unit;K13 | Polar contact | ATP phosphate 3 unit;K13 | Polar contact | dTMP phosphate unit;R35 | Polar contact | dTMP phosphate unit;R47 | Polar contact | dTMP phosphate unit;R90 | Polar contact | ATP phosphate 3 unit;R90 | Polar contact | dTMP phosphate unit;S11 | Polar contact | ATP phosphate 2 unit;T14 | Metal contact | Mg2+ ion;T14 | Polar contact | ATP phosphate 2 unit;T14 | Polar contact | ATP phosphate 3 unit;T15 | Polar contact | ATP phosphate 1 unit
AqTMK_128,class_30,14,D9 | Polar contact | ATP phosphate 3 unit;G10 | Polar contact | ATP phosphate 2–3 bridging oxygen;G12 | Polar contact | ATP phosphate 2 unit;K13 | Polar contact | ATP phosphate 2 unit;K13 | Polar contact | ATP phosphate 3 unit;K13 | Polar contact | dTMP phosphate unit;R35 | Polar contact | dTMP phosphate unit;R47 | Polar contact | dTMP phosphate unit;R90 | Polar contact | ATP phosphate 3 unit;R90 | Polar contact | dTMP phosphate unit;S11 | Polar contact | ATP phosphate 2 unit;T14 | Metal contact | Mg2+ ion;T14 | Polar contact | ATP phosphate 2 unit;T15 | Polar contact | ATP phosphate 1 unit,D9 | Polar contact | ATP phosphate 3 unit;G10 | Polar contact | ATP phosphate 2–3 bridging oxygen;G12 | Polar contact | ATP phosphate 2 unit;K13 | Polar contact | ATP phosphate 2 unit;K13 | Polar contact | ATP phosphate 3 unit;K13 | Polar contact | dTMP phosphate unit;R35 | Polar contact | dTMP phosphate unit;R47 | Polar contact | dTMP phosphate unit;R90 | Polar contact | ATP phosphate 3 unit;R90 | Polar contact | dTMP phosphate unit;S11 | Polar contact | ATP phosphate 2 unit;T14 | Metal contact | Mg2+ ion;T14 | Polar contact | ATP phosphate 2 unit;T15 | Polar contact | ATP phosphate 1 unit
AqTMK_175,class_30,14,D9 | Polar contact | ATP phosphate 3 unit;G10 | Polar contact | ATP phosphate 2–3 bridging oxygen;G12 | Polar contact | ATP phosphate 2 unit;K13 | Polar contact | ATP phosphate 2 unit;K13 | Polar contact | ATP phosphate 3 unit;K13 | Polar contact | dTMP phosphate unit;R35 | Polar contact | dTMP phosphate unit;R47 | Polar contact | dTMP phosphate unit;R90 | Polar contact | ATP phosphate 3 unit;R90 | Polar contact | dTMP phosphate unit;S11 | Polar contact | ATP phosphate 2 unit;T14 | Metal contact | Mg2+ ion;T14 | Polar contact | ATP phosphate 2 unit;T15 | Polar contact | ATP phosphate 1 unit,D9 | Polar contact | ATP phosphate 3 unit;G10 | Polar contact | ATP phosphate 2–3 bridging oxygen;G12 | Polar contact | ATP phosphate 2 unit;K13 | Polar contact | ATP phosphate 2 unit;K13 | Polar contact | ATP phosphate 3 unit;K13 | Polar contact | dTMP phosphate unit;R35 | Polar contact | dTMP phosphate unit;R47 | Polar contact | dTMP phosphate unit;R90 | Polar contact | ATP phosphate 3 unit;R90 | Polar contact | dTMP phosphate unit;S11 | Polar contact | ATP phosphate 2 unit;T14 | Metal contact | Mg2+ ion;T14 | Polar contact | ATP phosphate 2 unit;T15 | Polar contact | ATP phosphate 1 unit
AqTMK_185,class_31,14,D9 | Polar contact | ATP phosphate 3 unit;G10 | Polar contact | ATP phosphate 2–3 bridging oxygen;G12 | Polar contact | ATP phosphate 2 unit;K13 | Polar contact | ATP phosphate 2 unit;K13 | Polar contact | ATP phosphate 3 unit;K13 | Polar contact | dTMP phosphate unit;R35 | Polar contact | dTMP phosphate unit;R47 | Polar contact | dTMP phosphate unit;R90 | Polar contact | ATP phosphate 3 unit;R90 | Polar contact | dTMP phosphate unit;S11 | Polar contact | ATP phosphate 2 unit;T14 | Metal contact | Mg2+ ion;T14 | Polar contact | ATP phosphate 2 unit;T15 | Polar contact | ATP phosphate 1 unit,D9 | Polar contact | ATP phosphate 3 unit;G10 | Polar contact | ATP phosphate 2–3 bridging oxygen;G12 | Polar contact | ATP phosphate 2 unit;K13 | Polar contact | ATP phosphate 2 unit;K13 | Polar contact | ATP phosphate 3 unit;K13 | Polar contact | dTMP phosphate unit;R35 | Polar contact | dTMP phosphate unit;R47 | Polar contact | dTMP phosphate unit;R90 | Polar contact | ATP phosphate 3 unit;R90 | Polar contact | dTMP phosphate unit;S11 | Polar contact | ATP phosphate 2 unit;T14 | Metal contact | Mg2+ ion;T14 | Polar contact | ATP phosphate 2 unit;T15 | Polar contact | ATP phosphate 1 unit
AqTMK_220,class_31,14,D9 | Polar contact | ATP phosphate 3 unit;G10 | Polar contact | ATP phosphate 2–3 bridging oxygen;G12 | Polar contact | ATP phosphate 2 unit;K13 | Polar contact | ATP phosphate 2 unit;K13 | Polar contact | ATP phosphate 3 unit;K13 | Polar contact | dTMP phosphate unit;R35 | Polar contact | dTMP phosphate unit;R47 | Polar contact | dTMP phosphate unit;R90 | Polar contact | ATP phosphate 3 unit;R90 | Polar contact | dTMP phosphate unit;S11 | Polar contact | ATP phosphate 2 unit;T14 | Metal contact | Mg2+ ion;T14 | Polar contact | ATP phosphate 2 unit;T15 | Polar contact | ATP phosphate 1 unit,D9 | Polar contact | ATP phosphate 3 unit;G10 | Polar contact | ATP phosphate 2–3 bridging oxygen;G12 | Polar contact | ATP phosphate 2 unit;K13 | Polar contact | ATP phosphate 2 unit;K13 | Polar contact | ATP phosphate 3 unit;K13 | Polar contact | dTMP phosphate unit;R35 | Polar contact | dTMP phosphate unit;R47 | Polar contact | dTMP phosphate unit;R90 | Polar contact | ATP phosphate 3 unit;R90 | Polar contact | dTMP phosphate unit;S11 | Polar contact | ATP phosphate 2 unit;T14 | Metal contact | Mg2+ ion;T14 | Polar contact | ATP phosphate 2 unit;T15 | Polar contact | ATP phosphate 1 unit
AqTMK_196,class_32,14,D9 | Polar contact | ATP phosphate 3 unit;G10 | Polar contact | ATP phosphate 2–3 bridging oxygen;G12 | Polar contact | ATP phosphate 2 unit;K13 | Polar contact | ATP phosphate 2 unit;K13 | Polar contact | ATP phosphate 3 unit;K13 | Polar contact | dTMP phosphate unit;R35 | Polar contact | dTMP phosphate unit;R47 | Polar contact | dTMP phosphate unit;R90 | Polar contact | ATP phosphate 3 unit;R90 | Polar contact | dTMP phosphate unit;S11 | Polar contact | ATP phosphate 2 unit;T14 | Metal contact | Mg2+ ion;T14 | Polar contact | ATP phosphate 2 unit;T15 | Polar contact | ATP phosphate 1 unit,D9 | Polar contact | ATP phosphate 3 unit;G10 | Polar contact | ATP phosphate 2–3 bridging oxygen;G12 | Polar contact | ATP phosphate 2 unit;K13 | Polar contact | ATP phosphate 2 unit;K13 | Polar contact | ATP phosphate 3 unit;K13 | Polar contact | dTMP phosphate unit;R35 | Polar contact | dTMP phosphate unit;R47 | Polar contact | dTMP phosphate unit;R90 | Polar contact | ATP phosphate 3 unit;R90 | Polar contact | dTMP phosphate unit;S11 | Polar contact | ATP phosphate 2 unit;T14 | Metal contact | Mg2+ ion;T14 | Polar contact | ATP phosphate 2 unit;T15 | Polar contact | ATP phosphate 1 unit
AqTMK_207,class_33,14,D9 | Polar contact | ATP phosphate 3 unit;G10 | Polar contact | ATP phosphate 2–3 bridging oxygen;G12 | Polar contact | ATP phosphate 2 unit;K13 | Polar contact | ATP phosphate 2 unit;K13 | Polar contact | ATP phosphate 3 unit;K13 | Polar contact | dTMP phosphate unit;R145 | Polar contact | ATP phosphate 3 unit;R145 | Polar contact | dTMP phosphate unit;R47 | Polar contact | dTMP phosphate unit;R90 | Polar contact | dTMP phosphate unit;S11 | Polar contact | ATP phosphate 2 unit;T14 | Metal contact | Mg2+ ion;T14 | Polar contact | ATP phosphate 2 unit;T15 | Polar contact | ATP phosphate 1 unit,D9 | Polar contact | ATP phosphate 3 unit;G10 | Polar contact | ATP phosphate 2–3 bridging oxygen;G12 | Polar contact | ATP phosphate 2 unit;K13 | Polar contact | ATP phosphate 2 unit;K13 | Polar contact | ATP phosphate 3 unit;K13 | Polar contact | dTMP phosphate unit;R145 | Polar contact | ATP phosphate 3 unit;R145 | Polar contact | dTMP phosphate unit;R47 | Polar contact | dTMP phosphate unit;R90 | Polar contact | dTMP phosphate unit;S11 | Polar contact | ATP phosphate 2 unit;T14 | Metal contact | Mg2+ ion;T14 | Polar contact | ATP phosphate 2 unit;T15 | Polar contact | ATP phosphate 1 unit
AqTMK_217,class_34,14,D9 | Polar contact | ATP phosphate 3 unit;G10 | Polar contact | ATP phosphate 2–3 bridging oxygen;G12 | Polar contact | ATP phosphate 1–2 bridging oxygen;K13 | Polar contact | ATP phosphate 2 unit;K13 | Polar contact | ATP phosphate 3 unit;R145 | Polar contact | dTMP phosphate unit;R35 | Polar contact | dTMP phosphate unit;R47 | Polar contact | dTMP phosphate unit;R90 | Polar contact | ATP phosphate 3 unit;R90 | Polar contact | dTMP phosphate unit;S11 | Polar contact | ATP phosphate 2 unit;T14 | Metal contact | Mg2+ ion;T14 | Polar contact | ATP phosphate 2 unit;T15 | Polar contact | ATP phosphate 1 unit,D9 | Polar contact | ATP phosphate 3 unit;G10 | Polar contact | ATP phosphate 2–3 bridging oxygen;G12 | Polar contact | ATP phosphate 1–2 bridging oxygen;K13 | Polar contact | ATP phosphate 2 unit;K13 | Polar contact | ATP phosphate 3 unit;R145 | Polar contact | dTMP phosphate unit;R35 | Polar contact | dTMP phosphate unit;R47 | Polar contact | dTMP phosphate unit;R90 | Polar contact | ATP phosphate 3 unit;R90 | Polar contact | dTMP phosphate unit;S11 | Polar contact | ATP phosphate 2 unit;T14 | Metal contact | Mg2+ ion;T14 | Polar contact | ATP phosphate 2 unit;T15 | Polar contact | ATP phosphate 1 unit
AqTMK_244,class_35,14,D9 | Polar contact | ATP phosphate 3 unit;G10 | Polar contact | ATP phosphate 2–3 bridging oxygen;G12 | Polar contact | ATP phosphate 2 unit;K13 | Polar contact | ATP phosphate 2 unit;K13 | Polar contact | ATP phosphate 3 unit;K13 | Polar contact | dTMP phosphate unit;R35 | Polar contact | dTMP phosphate unit;R47 | Polar contact | dTMP phosphate unit;R90 | Polar contact | ATP phosphate 3 unit;R90 | Polar contact | dTMP phosphate unit;S11 | Polar contact | ATP phosphate 2 unit;T14 | Metal contact | Mg2+ ion;T14 | Polar contact | ATP phosphate 2 unit;T15 | Polar contact | ATP phosphate 1 unit,D9 | Polar contact | ATP phosphate 3 unit;G10 | Polar contact | ATP phosphate 2–3 bridging oxygen;G12 | Polar contact | ATP phosphate 2 unit;K13 | Polar contact | ATP phosphate 2 unit;K13 | Polar contact | ATP phosphate 3 unit;K13 | Polar contact | dTMP phosphate unit;R35 | Polar contact | dTMP phosphate unit;R47 | Polar contact | dTMP phosphate unit;R90 | Polar contact | ATP phosphate 3 unit;R90 | Polar contact | dTMP phosphate unit;S11 | Polar contact | ATP phosphate 2 unit;T14 | Metal contact | Mg2+ ion;T14 | Polar contact | ATP phosphate 2 unit;T15 | Polar contact | ATP phosphate 1 unit
AqTMK_246,class_36,14,D9 | Polar contact | ATP phosphate 3 unit;G10 | Polar contact | ATP phosphate 2–3 bridging oxygen;G12 | Polar contact | ATP phosphate 1–2 bridging oxygen;K13 | Polar contact | ATP phosphate 2 unit;K13 | Polar contact | ATP phosphate 3 unit;R145 | Polar contact | ATP phosphate 3 unit;R145 | Polar contact | dTMP phosphate unit;R47 | Polar contact | dTMP phosphate unit;R90 | Polar contact | ATP phosphate 3 unit;R90 | Polar contact | dTMP phosphate unit;S11 | Polar contact | ATP phosphate 2 unit;T14 | Metal contact | Mg2+ ion;T14 | Polar contact | ATP phosphate 2 unit;T15 | Polar contact | ATP phosphate 1 unit,D9 | Polar contact | ATP phosphate 3 unit;G10 | Polar contact | ATP phosphate 2–3 bridging oxygen;G12 | Polar contact | ATP phosphate 1–2 bridging oxygen;K13 | Polar contact | ATP phosphate 2 unit;K13 | Polar contact | ATP phosphate 3 unit;R145 | Polar contact | ATP phosphate 3 unit;R145 | Polar contact | dTMP phosphate unit;R47 | Polar contact | dTMP phosphate unit;R90 | Polar contact | ATP phosphate 3 unit;R90 | Polar contact | dTMP phosphate unit;S11 | Polar contact | ATP phosphate 2 unit;T14 | Metal contact | Mg2+ ion;T14 | Polar contact | ATP phosphate 2 unit;T15 | Polar contact | ATP phosphate 1 unit
AqTMK_261,class_37,14,D9 | Polar contact | ATP phosphate 3 unit;D9 | Polar contact | dTMP phosphate unit;G10 | Polar contact | ATP phosphate 2–3 bridging oxygen;G12 | Polar contact | ATP phosphate 2 unit;K13 | Polar contact | ATP phosphate 2 unit;K13 | Polar contact | ATP phosphate 3 unit;K13 | Polar contact | dTMP phosphate unit;R35 | Polar contact | dTMP phosphate unit;R90 | Polar contact | ATP phosphate 3 unit;R90 | Polar contact | dTMP phosphate unit;S11 | Polar contact | ATP phosphate 2 unit;T14 | Metal contact | Mg2+ ion;T14 | Polar contact | ATP phosphate 2 unit;T15 | Polar contact | ATP phosphate 1 unit,D9 | Polar contact | ATP phosphate 3 unit;D9 | Polar contact | dTMP phosphate unit;G10 | Polar contact | ATP phosphate 2–3 bridging oxygen;G12 | Polar contact | ATP phosphate 2 unit;K13 | Polar contact | ATP phosphate 2 unit;K13 | Polar contact | ATP phosphate 3 unit;K13 | Polar contact | dTMP phosphate unit;R35 | Polar contact | dTMP phosphate unit;R90 | Polar contact | ATP phosphate 3 unit;R90 | Polar contact | dTMP phosphate unit;S11 | Polar contact | ATP phosphate 2 unit;T14 | Metal contact | Mg2+ ion;T14 | Polar contact | ATP phosphate 2 unit;T15 | Polar contact | ATP phosphate 1 unit
AqTMK_281,class_38,14,D9 | Polar contact | ATP phosphate 3 unit;G10 | Polar contact | ATP phosphate 2–3 bridging oxygen;G12 | Polar contact | ATP phosphate 1–2 bridging oxygen;K13 | Polar contact | ATP phosphate 2 unit;K13 | Polar contact | ATP phosphate 3 unit;K143 | Polar contact | ATP phosphate 1 unit;R35 | Polar contact | dTMP phosphate unit;R47 | Polar contact | dTMP phosphate unit;R90 | Polar contact | ATP phosphate 3 unit;R90 | Polar contact | dTMP phosphate unit;S11 | Polar contact | ATP phosphate 2 unit;T14 | Metal contact | Mg2+ ion;T14 | Polar contact | ATP phosphate 2 unit;T15 | Polar contact | ATP phosphate 1 unit,D9 | Polar contact | ATP phosphate 3 unit;G10 | Polar contact | ATP phosphate 2–3 bridging oxygen;G12 | Polar contact | ATP phosphate 1–2 bridging oxygen;K13 | Polar contact | ATP phosphate 2 unit;K13 | Polar contact | ATP phosphate 3 unit;K143 | Polar contact | ATP phosphate 1 unit;R35 | Polar contact | dTMP phosphate unit;R47 | Polar contact | dTMP phosphate unit;R90 | Polar contact | ATP phosphate 3 unit;R90 | Polar contact | dTMP phosphate unit;S11 | Polar contact | ATP phosphate 2 unit;T14 | Metal contact | Mg2+ ion;T14 | Polar contact | ATP phosphate 2 unit;T15 | Polar contact | ATP phosphate 1 unit
AqTMK_287,class_39,13,D9 | Polar contact | ATP phosphate 3 unit;G10 | Polar contact | ATP phosphate 2–3 bridging oxygen;G12 | Polar contact | ATP phosphate 2 unit;K13 | Polar contact | ATP phosphate 2 unit;K13 | Polar contact | ATP phosphate 3 unit;R145 | Polar contact | dTMP phosphate unit;R47 | Polar contact | dTMP phosphate unit;R90 | Polar contact | ATP phosphate 3 unit;R90 | Polar contact | dTMP phosphate unit;S11 | Polar contact | ATP phosphate 2 unit;T14 | Metal contact | Mg2+ ion;T14 | Polar contact | ATP phosphate 2 unit;T15 | Polar contact | ATP phosphate 1 unit,D9 | Polar contact | ATP phosphate 3 unit;G10 | Polar contact | ATP phosphate 2–3 bridging oxygen;G12 | Polar contact | ATP phosphate 2 unit;K13 | Polar contact | ATP phosphate 2 unit;K13 | Polar contact | ATP phosphate 3 unit;R145 | Polar contact | dTMP phosphate unit;R47 | Polar contact | dTMP phosphate unit;R90 | Polar contact | ATP phosphate 3 unit;R90 | Polar contact | dTMP phosphate unit;S11 | Polar contact | ATP phosphate 2 unit;T14 | Metal contact | Mg2+ ion;T14 | Polar contact | ATP phosphate 2 unit;T15 | Polar contact | ATP phosphate 1 unit
AqTMK_69,class_39,13,D9 | Polar contact | ATP phosphate 3 unit;G10 | Polar contact | ATP phosphate 2–3 bridging oxygen;G12 | Polar contact | ATP phosphate 2 unit;K13 | Polar contact | ATP phosphate 2 unit;K13 | Polar contact | ATP phosphate 3 unit;R145 | Polar contact | dTMP phosphate unit;R47 | Polar contact | dTMP phosphate unit;R90 | Polar contact | ATP phosphate 3 unit;R90 | Polar contact | dTMP phosphate unit;S11 | Polar contact | ATP phosphate 2 unit;T14 | Metal contact | Mg2+ ion;T14 | Polar contact | ATP phosphate 2 unit;T15 | Polar contact | ATP phosphate 1 unit,D9 | Polar contact | ATP phosphate 3 unit;G10 | Polar contact | ATP phosphate 2–3 bridging oxygen;G12 | Polar contact | ATP phosphate 2 unit;K13 | Polar contact | ATP phosphate 2 unit;K13 | Polar contact | ATP phosphate 3 unit;R145 | Polar contact | dTMP phosphate unit;R47 | Polar contact | dTMP phosphate unit;R90 | Polar contact | ATP phosphate 3 unit;R90 | Polar contact | dTMP phosphate unit;S11 | Polar contact | ATP phosphate 2 unit;T14 | Metal contact | Mg2+ ion;T14 | Polar contact | ATP phosphate 2 unit;T15 | Polar contact | ATP phosphate 1 unit
AqTMK_87,class_40,13,D9 | Polar contact | ATP phosphate 3 unit;G10 | Polar contact | ATP phosphate 2–3 bridging oxygen;G12 | Polar contact | ATP phosphate 2 unit;K13 | Polar contact | ATP phosphate 2 unit;K13 | Polar contact | ATP phosphate 3 unit;K13 | Polar contact | dTMP phosphate unit;R47 | Polar contact | dTMP phosphate unit;R90 | Polar contact | ATP phosphate 3 unit;R90 | Polar contact | dTMP phosphate unit;S11 | Polar contact | ATP phosphate 2 unit;T14 | Metal contact | Mg2+ ion;T14 | Polar contact | ATP phosphate 2 unit;T15 | Polar contact | ATP phosphate 1 unit,D9 | Polar contact | ATP phosphate 3 unit;G10 | Polar contact | ATP phosphate 2–3 bridging oxygen;G12 | Polar contact | ATP phosphate 2 unit;K13 | Polar contact | ATP phosphate 2 unit;K13 | Polar contact | ATP phosphate 3 unit;K13 | Polar contact | dTMP phosphate unit;R47 | Polar contact | dTMP phosphate unit;R90 | Polar contact | ATP phosphate 3 unit;R90 | Polar contact | dTMP phosphate unit;S11 | Polar contact | ATP phosphate 2 unit;T14 | Metal contact | Mg2+ ion;T14 | Polar contact | ATP phosphate 2 unit;T15 | Polar contact | ATP phosphate 1 unit
AqTMK_120,class_41,13,D9 | Polar contact | ATP phosphate 3 unit;G10 | Polar contact | ATP phosphate 2–3 bridging oxygen;G12 | Polar contact | ATP phosphate 2 unit;K13 | Polar contact | ATP phosphate 2 unit;K13 | Polar contact | ATP phosphate 3 unit;R47 | Polar contact | dTMP phosphate unit;R90 | Polar contact | ATP phosphate 3 unit;R90 | Polar contact | dTMP phosphate unit;S11 | Polar contact | ATP phosphate 2 unit;T14 | Metal contact | Mg2+ ion;T14 | Polar contact | ATP phosphate 2 unit;T14 | Polar contact | ATP phosphate 3 unit;T15 | Polar contact | ATP phosphate 1 unit,D9 | Polar contact | ATP phosphate 3 unit;G10 | Polar contact | ATP phosphate 2–3 bridging oxygen;G12 | Polar contact | ATP phosphate 2 unit;K13 | Polar contact | ATP phosphate 2 unit;K13 | Polar contact | ATP phosphate 3 unit;R47 | Polar contact | dTMP phosphate unit;R90 | Polar contact | ATP phosphate 3 unit;R90 | Polar contact | dTMP phosphate unit;S11 | Polar contact | ATP phosphate 2 unit;T14 | Metal contact | Mg2+ ion;T14 | Polar contact | ATP phosphate 2 unit;T14 | Polar contact | ATP phosphate 3 unit;T15 | Polar contact | ATP phosphate 1 unit
AqTMK_95,class_41,13,D9 | Polar contact | ATP phosphate 3 unit;G10 | Polar contact | ATP phosphate 2–3 bridging oxygen;G12 | Polar contact | ATP phosphate 2 unit;K13 | Polar contact | ATP phosphate 2 unit;K13 | Polar contact | ATP phosphate 3 unit;R47 | Polar contact | dTMP phosphate unit;R90 | Polar contact | ATP phosphate 3 unit;R90 | Polar contact | dTMP phosphate unit;S11 | Polar contact | ATP phosphate 2 unit;T14 | Metal contact | Mg2+ ion;T14 | Polar contact | ATP phosphate 2 unit;T14 | Polar contact | ATP phosphate 3 unit;T15 | Polar contact | ATP phosphate 1 unit,D9 | Polar contact | ATP phosphate 3 unit;G10 | Polar contact | ATP phosphate 2–3 bridging oxygen;G12 | Polar contact | ATP phosphate 2 unit;K13 | Polar contact | ATP phosphate 2 unit;K13 | Polar contact | ATP phosphate 3 unit;R47 | Polar contact | dTMP phosphate unit;R90 | Polar contact | ATP phosphate 3 unit;R90 | Polar contact | dTMP phosphate unit;S11 | Polar contact | ATP phosphate 2 unit;T14 | Metal contact | Mg2+ ion;T14 | Polar contact | ATP phosphate 2 unit;T14 | Polar contact | ATP phosphate 3 unit;T15 | Polar contact | ATP phosphate 1 unit
AqTMK_109,class_42,13,D9 | Polar contact | ATP phosphate 3 unit;G10 | Polar contact | ATP phosphate 2–3 bridging oxygen;G12 | Polar contact | ATP phosphate 2 unit;K13 | Polar contact | ATP phosphate 2 unit;K13 | Polar contact | ATP phosphate 3 unit;K13 | Polar contact | dTMP phosphate unit;R47 | Polar contact | dTMP phosphate unit;R90 | Polar contact | ATP phosphate 3 unit;R90 | Polar contact | dTMP phosphate unit;S11 | Polar contact | ATP phosphate 2 unit;T14 | Metal contact | Mg2+ ion;T14 | Polar contact | ATP phosphate 2 unit;T15 | Polar contact | ATP phosphate 1 unit,D9 | Polar contact | ATP phosphate 3 unit;G10 | Polar contact | ATP phosphate 2–3 bridging oxygen;G12 | Polar contact | ATP phosphate 2 unit;K13 | Polar contact | ATP phosphate 2 unit;K13 | Polar contact | ATP phosphate 3 unit;K13 | Polar contact | dTMP phosphate unit;R47 | Polar contact | dTMP phosphate unit;R90 | Polar contact | ATP phosphate 3 unit;R90 | Polar contact | dTMP phosphate unit;S11 | Polar contact | ATP phosphate 2 unit;T14 | Metal contact | Mg2+ ion;T14 | Polar contact | ATP phosphate 2 unit;T15 | Polar contact | ATP phosphate 1 unit
AqTMK_171,class_42,13,D9 | Polar contact | ATP phosphate 3 unit;G10 | Polar contact | ATP phosphate 2–3 bridging oxygen;G12 | Polar contact | ATP phosphate 2 unit;K13 | Polar contact | ATP phosphate 2 unit;K13 | Polar contact | ATP phosphate 3 unit;K13 | Polar contact | dTMP phosphate unit;R47 | Polar contact | dTMP phosphate unit;R90 | Polar contact | ATP phosphate 3 unit;R90 | Polar contact | dTMP phosphate unit;S11 | Polar contact | ATP phosphate 2 unit;T14 | Metal contact | Mg2+ ion;T14 | Polar contact | ATP phosphate 2 unit;T15 | Polar contact | ATP phosphate 1 unit,D9 | Polar contact | ATP phosphate 3 unit;G10 | Polar contact | ATP phosphate 2–3 bridging oxygen;G12 | Polar contact | ATP phosphate 2 unit;K13 | Polar contact | ATP phosphate 2 unit;K13 | Polar contact | ATP phosphate 3 unit;K13 | Polar contact | dTMP phosphate unit;R47 | Polar contact | dTMP phosphate unit;R90 | Polar contact | ATP phosphate 3 unit;R90 | Polar contact | dTMP phosphate unit;S11 | Polar contact | ATP phosphate 2 unit;T14 | Metal contact | Mg2+ ion;T14 | Polar contact | ATP phosphate 2 unit;T15 | Polar contact | ATP phosphate 1 unit
AqTMK_186,class_42,13,D9 | Polar contact | ATP phosphate 3 unit;G10 | Polar contact | ATP phosphate 2–3 bridging oxygen;G12 | Polar contact | ATP phosphate 2 unit;K13 | Polar contact | ATP phosphate 2 unit;K13 | Polar contact | ATP phosphate 3 unit;K13 | Polar contact | dTMP phosphate unit;R47 | Polar contact | dTMP phosphate unit;R90 | Polar contact | ATP phosphate 3 unit;R90 | Polar contact | dTMP phosphate unit;S11 | Polar contact | ATP phosphate 2 unit;T14 | Metal contact | Mg2+ ion;T14 | Polar contact | ATP phosphate 2 unit;T15 | Polar contact | ATP phosphate 1 unit,D9 | Polar contact | ATP phosphate 3 unit;G10 | Polar contact | ATP phosphate 2–3 bridging oxygen;G12 | Polar contact | ATP phosphate 2 unit;K13 | Polar contact | ATP phosphate 2 unit;K13 | Polar contact | ATP phosphate 3 unit;K13 | Polar contact | dTMP phosphate unit;R47 | Polar contact | dTMP phosphate unit;R90 | Polar contact | ATP phosphate 3 unit;R90 | Polar contact | dTMP phosphate unit;S11 | Polar contact | ATP phosphate 2 unit;T14 | Metal contact | Mg2+ ion;T14 | Polar contact | ATP phosphate 2 unit;T15 | Polar contact | ATP phosphate 1 unit
AqTMK_111,class_43,14,D9 | Polar contact | ATP phosphate 3 unit;G10 | Polar contact | ATP phosphate 2–3 bridging oxygen;G12 | Polar contact | ATP phosphate 2 unit;K13 | Polar contact | ATP phosphate 2 unit;K13 | Polar contact | ATP phosphate 3 unit;N144 | Polar contact | ATP phosphate 3 unit;R47 | Polar contact | dTMP phosphate unit;R90 | Polar contact | ATP phosphate 2 unit;R90 | Polar contact | ATP phosphate 3 unit;R90 | Polar contact | dTMP phosphate unit;S11 | Polar contact | ATP phosphate 2 unit;T14 | Metal contact | Mg2+ ion;T14 | Polar contact | ATP phosphate 2 unit;T15 | Polar contact | ATP phosphate 1 unit,D9 | Polar contact | ATP phosphate 3 unit;G10 | Polar contact | ATP phosphate 2–3 bridging oxygen;G12 | Polar contact | ATP phosphate 2 unit;K13 | Polar contact | ATP phosphate 2 unit;K13 | Polar contact | ATP phosphate 3 unit;N144 | Polar contact | ATP phosphate 3 unit;R47 | Polar contact | dTMP phosphate unit;R90 | Polar contact | ATP phosphate 2 unit;R90 | Polar contact | ATP phosphate 3 unit;R90 | Polar contact | dTMP phosphate unit;S11 | Polar contact | ATP phosphate 2 unit;T14 | Metal contact | Mg2+ ion;T14 | Polar contact | ATP phosphate 2 unit;T15 | Polar contact | ATP phosphate 1 unit
AqTMK_116,class_44,13,D9 | Polar contact | ATP phosphate 3 unit;G10 | Polar contact | ATP phosphate 2–3 bridging oxygen;G12 | Polar contact | ATP phosphate 2 unit;K13 | Polar contact | ATP phosphate 2 unit;K13 | Polar contact | ATP phosphate 3 unit;R47 | Polar contact | dTMP phosphate unit;R90 | Polar contact | ATP phosphate 3 unit;R90 | Polar contact | dTMP phosphate unit;S11 | Polar contact | ATP phosphate 2 unit;T14 | Metal contact | Mg2+ ion;T14 | Polar contact | ATP phosphate 2 unit;T14 | Polar contact | ATP phosphate 3 unit;T15 | Polar contact | ATP phosphate 1 unit,D9 | Polar contact | ATP phosphate 3 unit;G10 | Polar contact | ATP phosphate 2–3 bridging oxygen;G12 | Polar contact | ATP phosphate 2 unit;K13 | Polar contact | ATP phosphate 2 unit;K13 | Polar contact | ATP phosphate 3 unit;R47 | Polar contact | dTMP phosphate unit;R90 | Polar contact | ATP phosphate 3 unit;R90 | Polar contact | dTMP phosphate unit;S11 | Polar contact | ATP phosphate 2 unit;T14 | Metal contact | Mg2+ ion;T14 | Polar contact | ATP phosphate 2 unit;T14 | Polar contact | ATP phosphate 3 unit;T15 | Polar contact | ATP phosphate 1 unit
AqTMK_163,class_44,13,D9 | Polar contact | ATP phosphate 3 unit;G10 | Polar contact | ATP phosphate 2–3 bridging oxygen;G12 | Polar contact | ATP phosphate 2 unit;K13 | Polar contact | ATP phosphate 2 unit;K13 | Polar contact | ATP phosphate 3 unit;R47 | Polar contact | dTMP phosphate unit;R90 | Polar contact | ATP phosphate 3 unit;R90 | Polar contact | dTMP phosphate unit;S11 | Polar contact | ATP phosphate 2 unit;T14 | Metal contact | Mg2+ ion;T14 | Polar contact | ATP phosphate 2 unit;T14 | Polar contact | ATP phosphate 3 unit;T15 | Polar contact | ATP phosphate 1 unit,D9 | Polar contact | ATP phosphate 3 unit;G10 | Polar contact | ATP phosphate 2–3 bridging oxygen;G12 | Polar contact | ATP phosphate 2 unit;K13 | Polar contact | ATP phosphate 2 unit;K13 | Polar contact | ATP phosphate 3 unit;R47 | Polar contact | dTMP phosphate unit;R90 | Polar contact | ATP phosphate 3 unit;R90 | Polar contact | dTMP phosphate unit;S11 | Polar contact | ATP phosphate 2 unit;T14 | Metal contact | Mg2+ ion;T14 | Polar contact | ATP phosphate 2 unit;T14 | Polar contact | ATP phosphate 3 unit;T15 | Polar contact | ATP phosphate 1 unit
AqTMK_139,class_45,13,D9 | Polar contact | ATP phosphate 3 unit;G10 | Polar contact | ATP phosphate 2–3 bridging oxygen;G12 | Polar contact | ATP phosphate 2 unit;K13 | Polar contact | ATP phosphate 2 unit;K13 | Polar contact | ATP phosphate 3 unit;K13 | Polar contact | dTMP phosphate unit;R35 | Polar contact | dTMP phosphate unit;R90 | Polar contact | ATP phosphate 3 unit;R90 | Polar contact | dTMP phosphate unit;S11 | Polar contact | ATP phosphate 2 unit;T14 | Metal contact | Mg2+ ion;T14 | Polar contact | ATP phosphate 2 unit;T15 | Polar contact | ATP phosphate 1 unit,D9 | Polar contact | ATP phosphate 3 unit;G10 | Polar contact | ATP phosphate 2–3 bridging oxygen;G12 | Polar contact | ATP phosphate 2 unit;K13 | Polar contact | ATP phosphate 2 unit;K13 | Polar contact | ATP phosphate 3 unit;K13 | Polar contact | dTMP phosphate unit;R35 | Polar contact | dTMP phosphate unit;R90 | Polar contact | ATP phosphate 3 unit;R90 | Polar contact | dTMP phosphate unit;S11 | Polar contact | ATP phosphate 2 unit;T14 | Metal contact | Mg2+ ion;T14 | Polar contact | ATP phosphate 2 unit;T15 | Polar contact | ATP phosphate 1 unit
AqTMK_156,class_46,14,D9 | Polar contact | ATP phosphate 2–3 bridging oxygen;G10 | Polar contact | ATP phosphate 2–3 bridging oxygen;G12 | Polar contact | ATP phosphate 1–2 bridging oxygen;K13 | Polar contact | ATP phosphate 2 unit;K13 | Polar contact | ATP phosphate 3 unit;K13 | Polar contact | dTMP phosphate unit;R47 | Polar contact | dTMP phosphate unit;R90 | Polar contact | ATP phosphate 3 unit;R90 | Polar contact | dTMP phosphate unit;S11 | Polar contact | ATP phosphate 2 unit;T14 | Metal contact | Mg2+ ion;T14 | Polar contact | ATP phosphate 2 unit;T14 | Polar contact | ATP phosphate 3 unit;T15 | Polar contact | ATP phosphate 1 unit,D9 | Polar contact | ATP phosphate 2–3 bridging oxygen;G10 | Polar contact | ATP phosphate 2–3 bridging oxygen;G12 | Polar contact | ATP phosphate 1–2 bridging oxygen;K13 | Polar contact | ATP phosphate 2 unit;K13 | Polar contact | ATP phosphate 3 unit;K13 | Polar contact | dTMP phosphate unit;R47 | Polar contact | dTMP phosphate unit;R90 | Polar contact | ATP phosphate 3 unit;R90 | Polar contact | dTMP phosphate unit;S11 | Polar contact | ATP phosphate 2 unit;T14 | Metal contact | Mg2+ ion;T14 | Polar contact | ATP phosphate 2 unit;T14 | Polar contact | ATP phosphate 3 unit;T15 | Polar contact | ATP phosphate 1 unit
AqTMK_197,class_47,13,D9 | Polar contact | ATP phosphate 3 unit;G10 | Polar contact | ATP phosphate 2–3 bridging oxygen;G12 | Polar contact | ATP phosphate 1–2 bridging oxygen;K13 | Polar contact | ATP phosphate 2 unit;K13 | Polar contact | ATP phosphate 3 unit;R35 | Polar contact | dTMP phosphate unit;R47 | Polar contact | dTMP phosphate unit;R90 | Polar contact | ATP phosphate 3 unit;R90 | Polar contact | dTMP phosphate unit;S11 | Polar contact | ATP phosphate 2 unit;T14 | Metal contact | Mg2+ ion;T14 | Polar contact | ATP phosphate 2 unit;T15 | Polar contact | ATP phosphate 1 unit,D9 | Polar contact | ATP phosphate 3 unit;G10 | Polar contact | ATP phosphate 2–3 bridging oxygen;G12 | Polar contact | ATP phosphate 1–2 bridging oxygen;K13 | Polar contact | ATP phosphate 2 unit;K13 | Polar contact | ATP phosphate 3 unit;R35 | Polar contact | dTMP phosphate unit;R47 | Polar contact | dTMP phosphate unit;R90 | Polar contact | ATP phosphate 3 unit;R90 | Polar contact | dTMP phosphate unit;S11 | Polar contact | ATP phosphate 2 unit;T14 | Metal contact | Mg2+ ion;T14 | Polar contact | ATP phosphate 2 unit;T15 | Polar contact | ATP phosphate 1 unit
AqTMK_257,class_47,13,D9 | Polar contact | ATP phosphate 3 unit;G10 | Polar contact | ATP phosphate 2–3 bridging oxygen;G12 | Polar contact | ATP phosphate 1–2 bridging oxygen;K13 | Polar contact | ATP phosphate 2 unit;K13 | Polar contact | ATP phosphate 3 unit;R35 | Polar contact | dTMP phosphate unit;R47 | Polar contact | dTMP phosphate unit;R90 | Polar contact | ATP phosphate 3 unit;R90 | Polar contact | dTMP phosphate unit;S11 | Polar contact | ATP phosphate 2 unit;T14 | Metal contact | Mg2+ ion;T14 | Polar contact | ATP phosphate 2 unit;T15 | Polar contact | ATP phosphate 1 unit,D9 | Polar contact | ATP phosphate 3 unit;G10 | Polar contact | ATP phosphate 2–3 bridging oxygen;G12 | Polar contact | ATP phosphate 1–2 bridging oxygen;K13 | Polar contact | ATP phosphate 2 unit;K13 | Polar contact | ATP phosphate 3 unit;R35 | Polar contact | dTMP phosphate unit;R47 | Polar contact | dTMP phosphate unit;R90 | Polar contact | ATP phosphate 3 unit;R90 | Polar contact | dTMP phosphate unit;S11 | Polar contact | ATP phosphate 2 unit;T14 | Metal contact | Mg2+ ion;T14 | Polar contact | ATP phosphate 2 unit;T15 | Polar contact | ATP phosphate 1 unit
AqTMK_200,class_48,13,D9 | Polar contact | ATP phosphate 3 unit;G10 | Polar contact | ATP phosphate 2–3 bridging oxygen;G12 | Polar contact | ATP phosphate 2 unit;K13 | Polar contact | ATP phosphate 2 unit;K13 | Polar contact | ATP phosphate 3 unit;R35 | Polar contact | dTMP phosphate unit;R47 | Polar contact | dTMP phosphate unit;R90 | Polar contact | ATP phosphate 3 unit;R90 | Polar contact | dTMP phosphate unit;S11 | Polar contact | ATP phosphate 2 unit;T14 | Metal contact | Mg2+ ion;T14 | Polar contact | ATP phosphate 2 unit;T15 | Polar contact | ATP phosphate 1 unit,D9 | Polar contact | ATP phosphate 3 unit;G10 | Polar contact | ATP phosphate 2–3 bridging oxygen;G12 | Polar contact | ATP phosphate 2 unit;K13 | Polar contact | ATP phosphate 2 unit;K13 | Polar contact | ATP phosphate 3 unit;R35 | Polar contact | dTMP phosphate unit;R47 | Polar contact | dTMP phosphate unit;R90 | Polar contact | ATP phosphate 3 unit;R90 | Polar contact | dTMP phosphate unit;S11 | Polar contact | ATP phosphate 2 unit;T14 | Metal contact | Mg2+ ion;T14 | Polar contact | ATP phosphate 2 unit;T15 | Polar contact | ATP phosphate 1 unit
AqTMK_208,class_49,14,D9 | Polar contact | ATP phosphate 2–3 bridging oxygen;G10 | Polar contact | ATP phosphate 2–3 bridging oxygen;G12 | Polar contact | ATP phosphate 1–2 bridging oxygen;K13 | Polar contact | ATP phosphate 2 unit;K13 | Polar contact | ATP phosphate 3 unit;R35 | Polar contact | dTMP phosphate unit;R47 | Polar contact | dTMP phosphate unit;R90 | Polar contact | ATP phosphate 2 unit;R90 | Polar contact | ATP phosphate 3 unit;R90 | Polar contact | dTMP phosphate unit;S11 | Polar contact | ATP phosphate 2 unit;T14 | Metal contact | Mg2+ ion;T14 | Polar contact | ATP phosphate 2 unit;T15 | Polar contact | ATP phosphate 1 unit,D9 | Polar contact | ATP phosphate 2–3 bridging oxygen;G10 | Polar contact | ATP phosphate 2–3 bridging oxygen;G12 | Polar contact | ATP phosphate 1–2 bridging oxygen;K13 | Polar contact | ATP phosphate 2 unit;K13 | Polar contact | ATP phosphate 3 unit;R35 | Polar contact | dTMP phosphate unit;R47 | Polar contact | dTMP phosphate unit;R90 | Polar contact | ATP phosphate 2 unit;R90 | Polar contact | ATP phosphate 3 unit;R90 | Polar contact | dTMP phosphate unit;S11 | Polar contact | ATP phosphate 2 unit;T14 | Metal contact | Mg2+ ion;T14 | Polar contact | ATP phosphate 2 unit;T15 | Polar contact | ATP phosphate 1 unit
AqTMK_223,class_50,14,D9 | Polar contact | ATP phosphate 3 unit;D9 | Polar contact | dTMP phosphate unit;G10 | Polar contact | ATP phosphate 2–3 bridging oxygen;G12 | Polar contact | ATP phosphate 2 unit;K13 | Polar contact | ATP phosphate 2 unit;K13 | Polar contact | ATP phosphate 3 unit;R35 | Polar contact | dTMP phosphate unit;R47 | Polar contact | dTMP phosphate unit;R90 | Polar contact | ATP phosphate 3 unit;R90 | Polar contact | dTMP phosphate unit;S11 | Polar contact | ATP phosphate 2 unit;T14 | Metal contact | Mg2+ ion;T14 | Polar contact | ATP phosphate 2 unit;T15 | Polar contact | ATP phosphate 1 unit,D9 | Polar contact | ATP phosphate 3 unit;D9 | Polar contact | dTMP phosphate unit;G10 | Polar contact | ATP phosphate 2–3 bridging oxygen;G12 | Polar contact | ATP phosphate 2 unit;K13 | Polar contact | ATP phosphate 2 unit;K13 | Polar contact | ATP phosphate 3 unit;R35 | Polar contact | dTMP phosphate unit;R47 | Polar contact | dTMP phosphate unit;R90 | Polar contact | ATP phosphate 3 unit;R90 | Polar contact | dTMP phosphate unit;S11 | Polar contact | ATP phosphate 2 unit;T14 | Metal contact | Mg2+ ion;T14 | Polar contact | ATP phosphate 2 unit;T15 | Polar contact | ATP phosphate 1 unit
AqTMK_229,class_51,13,D9 | Polar contact | ATP phosphate 3 unit;G10 | Polar contact | ATP phosphate 2–3 bridging oxygen;G12 | Polar contact | ATP phosphate 1–2 bridging oxygen;K13 | Polar contact | ATP phosphate 2 unit;K13 | Polar contact | ATP phosphate 3 unit;R35 | Polar contact | dTMP phosphate unit;R47 | Polar contact | dTMP phosphate unit;R90 | Polar contact | ATP phosphate 3 unit;R90 | Polar contact | dTMP phosphate unit;S11 | Polar contact | ATP phosphate 2 unit;T14 | Metal contact | Mg2+ ion;T14 | Polar contact | ATP phosphate 2 unit;T15 | Polar contact | ATP phosphate 1 unit,D9 | Polar contact | ATP phosphate 3 unit;G10 | Polar contact | ATP phosphate 2–3 bridging oxygen;G12 | Polar contact | ATP phosphate 1–2 bridging oxygen;K13 | Polar contact | ATP phosphate 2 unit;K13 | Polar contact | ATP phosphate 3 unit;R35 | Polar contact | dTMP phosphate unit;R47 | Polar contact | dTMP phosphate unit;R90 | Polar contact | ATP phosphate 3 unit;R90 | Polar contact | dTMP phosphate unit;S11 | Polar contact | ATP phosphate 2 unit;T14 | Metal contact | Mg2+ ion;T14 | Polar contact | ATP phosphate 2 unit;T15 | Polar contact | ATP phosphate 1 unit
AqTMK_230,class_52,13,D9 | Polar contact | ATP phosphate 3 unit;G10 | Polar contact | ATP phosphate 2–3 bridging oxygen;G12 | Polar contact | ATP phosphate 1–2 bridging oxygen;K13 | Polar contact | ATP phosphate 2 unit;K13 | Polar contact | ATP phosphate 3 unit;K13 | Polar contact | dTMP phosphate unit;R35 | Polar contact | dTMP phosphate unit;R47 | Polar contact | dTMP phosphate unit;R90 | Polar contact | dTMP phosphate unit;S11 | Polar contact | ATP phosphate 2 unit;T14 | Metal contact | Mg2+ ion;T14 | Polar contact | ATP phosphate 2 unit;T15 | Polar contact | ATP phosphate 1 unit,D9 | Polar contact | ATP phosphate 3 unit;G10 | Polar contact | ATP phosphate 2–3 bridging oxygen;G12 | Polar contact | ATP phosphate 1–2 bridging oxygen;K13 | Polar contact | ATP phosphate 2 unit;K13 | Polar contact | ATP phosphate 3 unit;K13 | Polar contact | dTMP phosphate unit;R35 | Polar contact | dTMP phosphate unit;R47 | Polar contact | dTMP phosphate unit;R90 | Polar contact | dTMP phosphate unit;S11 | Polar contact | ATP phosphate 2 unit;T14 | Metal contact | Mg2+ ion;T14 | Polar contact | ATP phosphate 2 unit;T15 | Polar contact | ATP phosphate 1 unit
AqTMK_231,class_53,13,D9 | Polar contact | ATP phosphate 3 unit;G10 | Polar contact | ATP phosphate 2–3 bridging oxygen;G12 | Polar contact | ATP phosphate 1–2 bridging oxygen;K13 | Polar contact | ATP phosphate 2 unit;K13 | Polar contact | ATP phosphate 3 unit;N144 | Polar contact | ATP phosphate 3 unit;R47 | Polar contact | dTMP phosphate unit;R90 | Polar contact | ATP phosphate 3 unit;R90 | Polar contact | dTMP phosphate unit;S11 | Polar contact | ATP phosphate 2 unit;T14 | Metal contact | Mg2+ ion;T14 | Polar contact | ATP phosphate 2 unit;T15 | Polar contact | ATP phosphate 1 unit,D9 | Polar contact | ATP phosphate 3 unit;G10 | Polar contact | ATP phosphate 2–3 bridging oxygen;G12 | Polar contact | ATP phosphate 1–2 bridging oxygen;K13 | Polar contact | ATP phosphate 2 unit;K13 | Polar contact | ATP phosphate 3 unit;N144 | Polar contact | ATP phosphate 3 unit;R47 | Polar contact | dTMP phosphate unit;R90 | Polar contact | ATP phosphate 3 unit;R90 | Polar contact | dTMP phosphate unit;S11 | Polar contact | ATP phosphate 2 unit;T14 | Metal contact | Mg2+ ion;T14 | Polar contact | ATP phosphate 2 unit;T15 | Polar contact | ATP phosphate 1 unit
AqTMK_233,class_54,13,D9 | Polar contact | ATP phosphate 3 unit;G10 | Polar contact | ATP phosphate 2–3 bridging oxygen;G12 | Polar contact | ATP phosphate 2 unit;K13 | Polar contact | ATP phosphate 2 unit;K13 | Polar contact | ATP phosphate 3 unit;K13 | Polar contact | dTMP phosphate unit;R47 | Polar contact | dTMP phosphate unit;R90 | Polar contact | ATP phosphate 3 unit;R90 | Polar contact | dTMP phosphate unit;S11 | Polar contact | ATP phosphate 2 unit;T14 | Metal contact | Mg2+ ion;T14 | Polar contact | ATP phosphate 2 unit;T15 | Polar contact | ATP phosphate 1 unit,D9 | Polar contact | ATP phosphate 3 unit;G10 | Polar contact | ATP phosphate 2–3 bridging oxygen;G12 | Polar contact | ATP phosphate 2 unit;K13 | Polar contact | ATP phosphate 2 unit;K13 | Polar contact | ATP phosphate 3 unit;K13 | Polar contact | dTMP phosphate unit;R47 | Polar contact | dTMP phosphate unit;R90 | Polar contact | ATP phosphate 3 unit;R90 | Polar contact | dTMP phosphate unit;S11 | Polar contact | ATP phosphate 2 unit;T14 | Metal contact | Mg2+ ion;T14 | Polar contact | ATP phosphate 2 unit;T15 | Polar contact | ATP phosphate 1 unit
AqTMK_259,class_55,13,D9 | Polar contact | ATP phosphate 2–3 bridging oxygen;G10 | Polar contact | ATP phosphate 2–3 bridging oxygen;G12 | Polar contact | ATP phosphate 1–2 bridging oxygen;K13 | Polar contact | ATP phosphate 2 unit;K13 | Polar contact | ATP phosphate 3 unit;R35 | Polar contact | dTMP phosphate unit;R47 | Polar contact | dTMP phosphate unit;R90 | Polar contact | ATP phosphate 3 unit;R90 | Polar contact | dTMP phosphate unit;S11 | Polar contact | ATP phosphate 2 unit;T14 | Metal contact | Mg2+ ion;T14 | Polar contact | ATP phosphate 2 unit;T15 | Polar contact | ATP phosphate 1 unit,D9 | Polar contact | ATP phosphate 2–3 bridging oxygen;G10 | Polar contact | ATP phosphate 2–3 bridging oxygen;G12 | Polar contact | ATP phosphate 1–2 bridging oxygen;K13 | Polar contact | ATP phosphate 2 unit;K13 | Polar contact | ATP phosphate 3 unit;R35 | Polar contact | dTMP phosphate unit;R47 | Polar contact | dTMP phosphate unit;R90 | Polar contact | ATP phosphate 3 unit;R90 | Polar contact | dTMP phosphate unit;S11 | Polar contact | ATP phosphate 2 unit;T14 | Metal contact | Mg2+ ion;T14 | Polar contact | ATP phosphate 2 unit;T15 | Polar contact | ATP phosphate 1 unit
AqTMK_262,class_56,14,D9 | Polar contact | ATP phosphate 3 unit;G10 | Polar contact | ATP phosphate 2–3 bridging oxygen;G12 | Polar contact | ATP phosphate 2 unit;K13 | Polar contact | ATP phosphate 2 unit;K13 | Polar contact | ATP phosphate 3 unit;K13 | Polar contact | dTMP phosphate unit;R35 | Polar contact | dTMP phosphate unit;R47 | Polar contact | dTMP phosphate unit;R90 | Polar contact | ATP phosphate 3 unit;R90 | Polar contact | dTMP phosphate unit;S11 | Polar contact | ATP phosphate 2 unit;T14 | Metal contact | Mg2+ ion;T14 | Polar contact | ATP phosphate 2 unit;T15 | Polar contact | ATP phosphate 1 unit,D9 | Polar contact | ATP phosphate 3 unit;G10 | Polar contact | ATP phosphate 2–3 bridging oxygen;G12 | Polar contact | ATP phosphate 2 unit;K13 | Polar contact | ATP phosphate 2 unit;K13 | Polar contact | ATP phosphate 3 unit;K13 | Polar contact | dTMP phosphate unit;R35 | Polar contact | dTMP phosphate unit;R47 | Polar contact | dTMP phosphate unit;R90 | Polar contact | ATP phosphate 3 unit;R90 | Polar contact | dTMP phosphate unit;S11 | Polar contact | ATP phosphate 2 unit;T14 | Metal contact | Mg2+ ion;T14 | Polar contact | ATP phosphate 2 unit;T15 | Polar contact | ATP phosphate 1 unit
AqTMK_270,class_57,13,D9 | Polar contact | ATP phosphate 3 unit;G10 | Polar contact | ATP phosphate 2–3 bridging oxygen;G12 | Polar contact | ATP phosphate 2 unit;K13 | Polar contact | ATP phosphate 2 unit;K13 | Polar contact | ATP phosphate 3 unit;R35 | Polar contact | dTMP phosphate unit;R47 | Polar contact | dTMP phosphate unit;R90 | Polar contact | ATP phosphate 3 unit;R90 | Polar contact | dTMP phosphate unit;S11 | Polar contact | ATP phosphate 2 unit;T14 | Metal contact | Mg2+ ion;T14 | Polar contact | ATP phosphate 2 unit;T15 | Polar contact | ATP phosphate 1 unit,D9 | Polar contact | ATP phosphate 3 unit;G10 | Polar contact | ATP phosphate 2–3 bridging oxygen;G12 | Polar contact | ATP phosphate 2 unit;K13 | Polar contact | ATP phosphate 2 unit;K13 | Polar contact | ATP phosphate 3 unit;R35 | Polar contact | dTMP phosphate unit;R47 | Polar contact | dTMP phosphate unit;R90 | Polar contact | ATP phosphate 3 unit;R90 | Polar contact | dTMP phosphate unit;S11 | Polar contact | ATP phosphate 2 unit;T14 | Metal contact | Mg2+ ion;T14 | Polar contact | ATP phosphate 2 unit;T15 | Polar contact | ATP phosphate 1 unit
AqTMK_285,class_57,13,D9 | Polar contact | ATP phosphate 3 unit;G10 | Polar contact | ATP phosphate 2–3 bridging oxygen;G12 | Polar contact | ATP phosphate 2 unit;K13 | Polar contact | ATP phosphate 2 unit;K13 | Polar contact | ATP phosphate 3 unit;R35 | Polar contact | dTMP phosphate unit;R47 | Polar contact | dTMP phosphate unit;R90 | Polar contact | ATP phosphate 3 unit;R90 | Polar contact | dTMP phosphate unit;S11 | Polar contact | ATP phosphate 2 unit;T14 | Metal contact | Mg2+ ion;T14 | Polar contact | ATP phosphate 2 unit;T15 | Polar contact | ATP phosphate 1 unit,D9 | Polar contact | ATP phosphate 3 unit;G10 | Polar contact | ATP phosphate 2–3 bridging oxygen;G12 | Polar contact | ATP phosphate 2 unit;K13 | Polar contact | ATP phosphate 2 unit;K13 | Polar contact | ATP phosphate 3 unit;R35 | Polar contact | dTMP phosphate unit;R47 | Polar contact | dTMP phosphate unit;R90 | Polar contact | ATP phosphate 3 unit;R90 | Polar contact | dTMP phosphate unit;S11 | Polar contact | ATP phosphate 2 unit;T14 | Metal contact | Mg2+ ion;T14 | Polar contact | ATP phosphate 2 unit;T15 | Polar contact | ATP phosphate 1 unit
AqTMK_273,class_58,13,D9 | Polar contact | ATP phosphate 3 unit;G10 | Polar contact | ATP phosphate 2–3 bridging oxygen;G12 | Polar contact | ATP phosphate 2 unit;K13 | Polar contact | ATP phosphate 2 unit;K13 | Polar contact | ATP phosphate 3 unit;K13 | Polar contact | dTMP phosphate unit;R47 | Polar contact | dTMP phosphate unit;R90 | Polar contact | ATP phosphate 3 unit;R90 | Polar contact | dTMP phosphate unit;S11 | Polar contact | ATP phosphate 2 unit;T14 | Metal contact | Mg2+ ion;T14 | Polar contact | ATP phosphate 2 unit;T15 | Polar contact | ATP phosphate 1 unit,D9 | Polar contact | ATP phosphate 3 unit;G10 | Polar contact | ATP phosphate 2–3 bridging oxygen;G12 | Polar contact | ATP phosphate 2 unit;K13 | Polar contact | ATP phosphate 2 unit;K13 | Polar contact | ATP phosphate 3 unit;K13 | Polar contact | dTMP phosphate unit;R47 | Polar contact | dTMP phosphate unit;R90 | Polar contact | ATP phosphate 3 unit;R90 | Polar contact | dTMP phosphate unit;S11 | Polar contact | ATP phosphate 2 unit;T14 | Metal contact | Mg2+ ion;T14 | Polar contact | ATP phosphate 2 unit;T15 | Polar contact | ATP phosphate 1 unit
AqTMK_284,class_59,13,D9 | Polar contact | ATP phosphate 3 unit;G10 | Polar contact | ATP phosphate 2–3 bridging oxygen;G12 | Polar contact | ATP phosphate 2 unit;K13 | Polar contact | ATP phosphate 2 unit;K13 | Polar contact | ATP phosphate 3 unit;K13 | Polar contact | dTMP phosphate unit;R35 | Polar contact | dTMP phosphate unit;R47 | Polar contact | dTMP phosphate unit;R90 | Polar contact | dTMP phosphate unit;S11 | Polar contact | ATP phosphate 2 unit;T14 | Metal contact | Mg2+ ion;T14 | Polar contact | ATP phosphate 2 unit;T15 | Polar contact | ATP phosphate 1 unit,D9 | Polar contact | ATP phosphate 3 unit;G10 | Polar contact | ATP phosphate 2–3 bridging oxygen;G12 | Polar contact | ATP phosphate 2 unit;K13 | Polar contact | ATP phosphate 2 unit;K13 | Polar contact | ATP phosphate 3 unit;K13 | Polar contact | dTMP phosphate unit;R35 | Polar contact | dTMP phosphate unit;R47 | Polar contact | dTMP phosphate unit;R90 | Polar contact | dTMP phosphate unit;S11 | Polar contact | ATP phosphate 2 unit;T14 | Metal contact | Mg2+ ion;T14 | Polar contact | ATP phosphate 2 unit;T15 | Polar contact | ATP phosphate 1 unit
AqTMK_295,class_60,13,D9 | Polar contact | ATP phosphate 3 unit;G10 | Polar contact | ATP phosphate 2–3 bridging oxygen;G12 | Polar contact | ATP phosphate 2 unit;K13 | Polar contact | ATP phosphate 2 unit;K13 | Polar contact | ATP phosphate 3 unit;R35 | Polar contact | dTMP phosphate unit;R47 | Polar contact | dTMP phosphate unit;R90 | Polar contact | ATP phosphate 3 unit;R90 | Polar contact | dTMP phosphate unit;S11 | Polar contact | ATP phosphate 2 unit;T14 | Metal contact | Mg2+ ion;T14 | Polar contact | ATP phosphate 2 unit;T15 | Polar contact | ATP phosphate 1 unit,D9 | Polar contact | ATP phosphate 3 unit;G10 | Polar contact | ATP phosphate 2–3 bridging oxygen;G12 | Polar contact | ATP phosphate 2 unit;K13 | Polar contact | ATP phosphate 2 unit;K13 | Polar contact | ATP phosphate 3 unit;R35 | Polar contact | dTMP phosphate unit;R47 | Polar contact | dTMP phosphate unit;R90 | Polar contact | ATP phosphate 3 unit;R90 | Polar contact | dTMP phosphate unit;S11 | Polar contact | ATP phosphate 2 unit;T14 | Metal contact | Mg2+ ion;T14 | Polar contact | ATP phosphate 2 unit;T15 | Polar contact | ATP phosphate 1 unit
AqTMK_311,class_61,13,D9 | Polar contact | ATP phosphate 3 unit;G10 | Polar contact | ATP phosphate 2–3 bridging oxygen;G12 | Polar contact | ATP phosphate 1–2 bridging oxygen;K13 | Polar contact | ATP phosphate 2 unit;K13 | Polar contact | ATP phosphate 3 unit;R35 | Polar contact | dTMP phosphate unit;R47 | Polar contact | dTMP phosphate unit;R90 | Polar contact | ATP phosphate 3 unit;R90 | Polar contact | dTMP phosphate unit;S11 | Polar contact | ATP phosphate 2 unit;T14 | Metal contact | Mg2+ ion;T14 | Polar contact | ATP phosphate 2 unit;T15 | Polar contact | ATP phosphate 1 unit,D9 | Polar contact | ATP phosphate 3 unit;G10 | Polar contact | ATP phosphate 2–3 bridging oxygen;G12 | Polar contact | ATP phosphate 1–2 bridging oxygen;K13 | Polar contact | ATP phosphate 2 unit;K13 | Polar contact | ATP phosphate 3 unit;R35 | Polar contact | dTMP phosphate unit;R47 | Polar contact | dTMP phosphate unit;R90 | Polar contact | ATP phosphate 3 unit;R90 | Polar contact | dTMP phosphate unit;S11 | Polar contact | ATP phosphate 2 unit;T14 | Metal contact | Mg2+ ion;T14 | Polar contact | ATP phosphate 2 unit;T15 | Polar contact | ATP phosphate 1 unit
AqTMK_101,class_62,12,D9 | Polar contact | ATP phosphate 3 unit;G10 | Polar contact | ATP phosphate 2–3 bridging oxygen;G12 | Polar contact | ATP phosphate 2 unit;K13 | Polar contact | ATP phosphate 2 unit;K13 | Polar contact | ATP phosphate 3 unit;R47 | Polar contact | dTMP phosphate unit;R90 | Polar contact | ATP phosphate 3 unit;R90 | Polar contact | dTMP phosphate unit;S11 | Polar contact | ATP phosphate 2 unit;T14 | Metal contact | Mg2+ ion;T14 | Polar contact | ATP phosphate 2 unit;T15 | Polar contact | ATP phosphate 1 unit,D9 | Polar contact | ATP phosphate 3 unit;G10 | Polar contact | ATP phosphate 2–3 bridging oxygen;G12 | Polar contact | ATP phosphate 2 unit;K13 | Polar contact | ATP phosphate 2 unit;K13 | Polar contact | ATP phosphate 3 unit;R47 | Polar contact | dTMP phosphate unit;R90 | Polar contact | ATP phosphate 3 unit;R90 | Polar contact | dTMP phosphate unit;S11 | Polar contact | ATP phosphate 2 unit;T14 | Metal contact | Mg2+ ion;T14 | Polar contact | ATP phosphate 2 unit;T15 | Polar contact | ATP phosphate 1 unit
AqTMK_103,class_62,12,D9 | Polar contact | ATP phosphate 3 unit;G10 | Polar contact | ATP phosphate 2–3 bridging oxygen;G12 | Polar contact | ATP phosphate 2 unit;K13 | Polar contact | ATP phosphate 2 unit;K13 | Polar contact | ATP phosphate 3 unit;R47 | Polar contact | dTMP phosphate unit;R90 | Polar contact | ATP phosphate 3 unit;R90 | Polar contact | dTMP phosphate unit;S11 | Polar contact | ATP phosphate 2 unit;T14 | Metal contact | Mg2+ ion;T14 | Polar contact | ATP phosphate 2 unit;T15 | Polar contact | ATP phosphate 1 unit,D9 | Polar contact | ATP phosphate 3 unit;G10 | Polar contact | ATP phosphate 2–3 bridging oxygen;G12 | Polar contact | ATP phosphate 2 unit;K13 | Polar contact | ATP phosphate 2 unit;K13 | Polar contact | ATP phosphate 3 unit;R47 | Polar contact | dTMP phosphate unit;R90 | Polar contact | ATP phosphate 3 unit;R90 | Polar contact | dTMP phosphate unit;S11 | Polar contact | ATP phosphate 2 unit;T14 | Metal contact | Mg2+ ion;T14 | Polar contact | ATP phosphate 2 unit;T15 | Polar contact | ATP phosphate 1 unit
AqTMK_104,class_62,12,D9 | Polar contact | ATP phosphate 3 unit;G10 | Polar contact | ATP phosphate 2–3 bridging oxygen;G12 | Polar contact | ATP phosphate 2 unit;K13 | Polar contact | ATP phosphate 2 unit;K13 | Polar contact | ATP phosphate 3 unit;R47 | Polar contact | dTMP phosphate unit;R90 | Polar contact | ATP phosphate 3 unit;R90 | Polar contact | dTMP phosphate unit;S11 | Polar contact | ATP phosphate 2 unit;T14 | Metal contact | Mg2+ ion;T14 | Polar contact | ATP phosphate 2 unit;T15 | Polar contact | ATP phosphate 1 unit,D9 | Polar contact | ATP phosphate 3 unit;G10 | Polar contact | ATP phosphate 2–3 bridging oxygen;G12 | Polar contact | ATP phosphate 2 unit;K13 | Polar contact | ATP phosphate 2 unit;K13 | Polar contact | ATP phosphate 3 unit;R47 | Polar contact | dTMP phosphate unit;R90 | Polar contact | ATP phosphate 3 unit;R90 | Polar contact | dTMP phosphate unit;S11 | Polar contact | ATP phosphate 2 unit;T14 | Metal contact | Mg2+ ion;T14 | Polar contact | ATP phosphate 2 unit;T15 | Polar contact | ATP phosphate 1 unit
AqTMK_106,class_62,12,D9 | Polar contact | ATP phosphate 3 unit;G10 | Polar contact | ATP phosphate 2–3 bridging oxygen;G12 | Polar contact | ATP phosphate 2 unit;K13 | Polar contact | ATP phosphate 2 unit;K13 | Polar contact | ATP phosphate 3 unit;R47 | Polar contact | dTMP phosphate unit;R90 | Polar contact | ATP phosphate 3 unit;R90 | Polar contact | dTMP phosphate unit;S11 | Polar contact | ATP phosphate 2 unit;T14 | Metal contact | Mg2+ ion;T14 | Polar contact | ATP phosphate 2 unit;T15 | Polar contact | ATP phosphate 1 unit,D9 | Polar contact | ATP phosphate 3 unit;G10 | Polar contact | ATP phosphate 2–3 bridging oxygen;G12 | Polar contact | ATP phosphate 2 unit;K13 | Polar contact | ATP phosphate 2 unit;K13 | Polar contact | ATP phosphate 3 unit;R47 | Polar contact | dTMP phosphate unit;R90 | Polar contact | ATP phosphate 3 unit;R90 | Polar contact | dTMP phosphate unit;S11 | Polar contact | ATP phosphate 2 unit;T14 | Metal contact | Mg2+ ion;T14 | Polar contact | ATP phosphate 2 unit;T15 | Polar contact | ATP phosphate 1 unit
AqTMK_114,class_62,12,D9 | Polar contact | ATP phosphate 3 unit;G10 | Polar contact | ATP phosphate 2–3 bridging oxygen;G12 | Polar contact | ATP phosphate 2 unit;K13 | Polar contact | ATP phosphate 2 unit;K13 | Polar contact | ATP phosphate 3 unit;R47 | Polar contact | dTMP phosphate unit;R90 | Polar contact | ATP phosphate 3 unit;R90 | Polar contact | dTMP phosphate unit;S11 | Polar contact | ATP phosphate 2 unit;T14 | Metal contact | Mg2+ ion;T14 | Polar contact | ATP phosphate 2 unit;T15 | Polar contact | ATP phosphate 1 unit,D9 | Polar contact | ATP phosphate 3 unit;G10 | Polar contact | ATP phosphate 2–3 bridging oxygen;G12 | Polar contact | ATP phosphate 2 unit;K13 | Polar contact | ATP phosphate 2 unit;K13 | Polar contact | ATP phosphate 3 unit;R47 | Polar contact | dTMP phosphate unit;R90 | Polar contact | ATP phosphate 3 unit;R90 | Polar contact | dTMP phosphate unit;S11 | Polar contact | ATP phosphate 2 unit;T14 | Metal contact | Mg2+ ion;T14 | Polar contact | ATP phosphate 2 unit;T15 | Polar contact | ATP phosphate 1 unit
AqTMK_117,class_62,12,D9 | Polar contact | ATP phosphate 3 unit;G10 | Polar contact | ATP phosphate 2–3 bridging oxygen;G12 | Polar contact | ATP phosphate 2 unit;K13 | Polar contact | ATP phosphate 2 unit;K13 | Polar contact | ATP phosphate 3 unit;R47 | Polar contact | dTMP phosphate unit;R90 | Polar contact | ATP phosphate 3 unit;R90 | Polar contact | dTMP phosphate unit;S11 | Polar contact | ATP phosphate 2 unit;T14 | Metal contact | Mg2+ ion;T14 | Polar contact | ATP phosphate 2 unit;T15 | Polar contact | ATP phosphate 1 unit,D9 | Polar contact | ATP phosphate 3 unit;G10 | Polar contact | ATP phosphate 2–3 bridging oxygen;G12 | Polar contact | ATP phosphate 2 unit;K13 | Polar contact | ATP phosphate 2 unit;K13 | Polar contact | ATP phosphate 3 unit;R47 | Polar contact | dTMP phosphate unit;R90 | Polar contact | ATP phosphate 3 unit;R90 | Polar contact | dTMP phosphate unit;S11 | Polar contact | ATP phosphate 2 unit;T14 | Metal contact | Mg2+ ion;T14 | Polar contact | ATP phosphate 2 unit;T15 | Polar contact | ATP phosphate 1 unit
AqTMK_131,class_62,12,D9 | Polar contact | ATP phosphate 3 unit;G10 | Polar contact | ATP phosphate 2–3 bridging oxygen;G12 | Polar contact | ATP phosphate 2 unit;K13 | Polar contact | ATP phosphate 2 unit;K13 | Polar contact | ATP phosphate 3 unit;R47 | Polar contact | dTMP phosphate unit;R90 | Polar contact | ATP phosphate 3 unit;R90 | Polar contact | dTMP phosphate unit;S11 | Polar contact | ATP phosphate 2 unit;T14 | Metal contact | Mg2+ ion;T14 | Polar contact | ATP phosphate 2 unit;T15 | Polar contact | ATP phosphate 1 unit,D9 | Polar contact | ATP phosphate 3 unit;G10 | Polar contact | ATP phosphate 2–3 bridging oxygen;G12 | Polar contact | ATP phosphate 2 unit;K13 | Polar contact | ATP phosphate 2 unit;K13 | Polar contact | ATP phosphate 3 unit;R47 | Polar contact | dTMP phosphate unit;R90 | Polar contact | ATP phosphate 3 unit;R90 | Polar contact | dTMP phosphate unit;S11 | Polar contact | ATP phosphate 2 unit;T14 | Metal contact | Mg2+ ion;T14 | Polar contact | ATP phosphate 2 unit;T15 | Polar contact | ATP phosphate 1 unit
AqTMK_165,class_62,12,D9 | Polar contact | ATP phosphate 3 unit;G10 | Polar contact | ATP phosphate 2–3 bridging oxygen;G12 | Polar contact | ATP phosphate 2 unit;K13 | Polar contact | ATP phosphate 2 unit;K13 | Polar contact | ATP phosphate 3 unit;R47 | Polar contact | dTMP phosphate unit;R90 | Polar contact | ATP phosphate 3 unit;R90 | Polar contact | dTMP phosphate unit;S11 | Polar contact | ATP phosphate 2 unit;T14 | Metal contact | Mg2+ ion;T14 | Polar contact | ATP phosphate 2 unit;T15 | Polar contact | ATP phosphate 1 unit,D9 | Polar contact | ATP phosphate 3 unit;G10 | Polar contact | ATP phosphate 2–3 bridging oxygen;G12 | Polar contact | ATP phosphate 2 unit;K13 | Polar contact | ATP phosphate 2 unit;K13 | Polar contact | ATP phosphate 3 unit;R47 | Polar contact | dTMP phosphate unit;R90 | Polar contact | ATP phosphate 3 unit;R90 | Polar contact | dTMP phosphate unit;S11 | Polar contact | ATP phosphate 2 unit;T14 | Metal contact | Mg2+ ion;T14 | Polar contact | ATP phosphate 2 unit;T15 | Polar contact | ATP phosphate 1 unit
AqTMK_218,class_62,12,D9 | Polar contact | ATP phosphate 3 unit;G10 | Polar contact | ATP phosphate 2–3 bridging oxygen;G12 | Polar contact | ATP phosphate 2 unit;K13 | Polar contact | ATP phosphate 2 unit;K13 | Polar contact | ATP phosphate 3 unit;R47 | Polar contact | dTMP phosphate unit;R90 | Polar contact | ATP phosphate 3 unit;R90 | Polar contact | dTMP phosphate unit;S11 | Polar contact | ATP phosphate 2 unit;T14 | Metal contact | Mg2+ ion;T14 | Polar contact | ATP phosphate 2 unit;T15 | Polar contact | ATP phosphate 1 unit,D9 | Polar contact | ATP phosphate 3 unit;G10 | Polar contact | ATP phosphate 2–3 bridging oxygen;G12 | Polar contact | ATP phosphate 2 unit;K13 | Polar contact | ATP phosphate 2 unit;K13 | Polar contact | ATP phosphate 3 unit;R47 | Polar contact | dTMP phosphate unit;R90 | Polar contact | ATP phosphate 3 unit;R90 | Polar contact | dTMP phosphate unit;S11 | Polar contact | ATP phosphate 2 unit;T14 | Metal contact | Mg2+ ion;T14 | Polar contact | ATP phosphate 2 unit;T15 | Polar contact | ATP phosphate 1 unit
AqTMK_236,class_62,12,D9 | Polar contact | ATP phosphate 3 unit;G10 | Polar contact | ATP phosphate 2–3 bridging oxygen;G12 | Polar contact | ATP phosphate 2 unit;K13 | Polar contact | ATP phosphate 2 unit;K13 | Polar contact | ATP phosphate 3 unit;R47 | Polar contact | dTMP phosphate unit;R90 | Polar contact | ATP phosphate 3 unit;R90 | Polar contact | dTMP phosphate unit;S11 | Polar contact | ATP phosphate 2 unit;T14 | Metal contact | Mg2+ ion;T14 | Polar contact | ATP phosphate 2 unit;T15 | Polar contact | ATP phosphate 1 unit,D9 | Polar contact | ATP phosphate 3 unit;G10 | Polar contact | ATP phosphate 2–3 bridging oxygen;G12 | Polar contact | ATP phosphate 2 unit;K13 | Polar contact | ATP phosphate 2 unit;K13 | Polar contact | ATP phosphate 3 unit;R47 | Polar contact | dTMP phosphate unit;R90 | Polar contact | ATP phosphate 3 unit;R90 | Polar contact | dTMP phosphate unit;S11 | Polar contact | ATP phosphate 2 unit;T14 | Metal contact | Mg2+ ion;T14 | Polar contact | ATP phosphate 2 unit;T15 | Polar contact | ATP phosphate 1 unit
AqTMK_263,class_62,12,D9 | Polar contact | ATP phosphate 3 unit;G10 | Polar contact | ATP phosphate 2–3 bridging oxygen;G12 | Polar contact | ATP phosphate 2 unit;K13 | Polar contact | ATP phosphate 2 unit;K13 | Polar contact | ATP phosphate 3 unit;R47 | Polar contact | dTMP phosphate unit;R90 | Polar contact | ATP phosphate 3 unit;R90 | Polar contact | dTMP phosphate unit;S11 | Polar contact | ATP phosphate 2 unit;T14 | Metal contact | Mg2+ ion;T14 | Polar contact | ATP phosphate 2 unit;T15 | Polar contact | ATP phosphate 1 unit,D9 | Polar contact | ATP phosphate 3 unit;G10 | Polar contact | ATP phosphate 2–3 bridging oxygen;G12 | Polar contact | ATP phosphate 2 unit;K13 | Polar contact | ATP phosphate 2 unit;K13 | Polar contact | ATP phosphate 3 unit;R47 | Polar contact | dTMP phosphate unit;R90 | Polar contact | ATP phosphate 3 unit;R90 | Polar contact | dTMP phosphate unit;S11 | Polar contact | ATP phosphate 2 unit;T14 | Metal contact | Mg2+ ion;T14 | Polar contact | ATP phosphate 2 unit;T15 | Polar contact | ATP phosphate 1 unit
AqTMK_54,class_62,12,D9 | Polar contact | ATP phosphate 3 unit;G10 | Polar contact | ATP phosphate 2–3 bridging oxygen;G12 | Polar contact | ATP phosphate 2 unit;K13 | Polar contact | ATP phosphate 2 unit;K13 | Polar contact | ATP phosphate 3 unit;R47 | Polar contact | dTMP phosphate unit;R90 | Polar contact | ATP phosphate 3 unit;R90 | Polar contact | dTMP phosphate unit;S11 | Polar contact | ATP phosphate 2 unit;T14 | Metal contact | Mg2+ ion;T14 | Polar contact | ATP phosphate 2 unit;T15 | Polar contact | ATP phosphate 1 unit,D9 | Polar contact | ATP phosphate 3 unit;G10 | Polar contact | ATP phosphate 2–3 bridging oxygen;G12 | Polar contact | ATP phosphate 2 unit;K13 | Polar contact | ATP phosphate 2 unit;K13 | Polar contact | ATP phosphate 3 unit;R47 | Polar contact | dTMP phosphate unit;R90 | Polar contact | ATP phosphate 3 unit;R90 | Polar contact | dTMP phosphate unit;S11 | Polar contact | ATP phosphate 2 unit;T14 | Metal contact | Mg2+ ion;T14 | Polar contact | ATP phosphate 2 unit;T15 | Polar contact | ATP phosphate 1 unit
AqTMK_56,class_62,12,D9 | Polar contact | ATP phosphate 3 unit;G10 | Polar contact | ATP phosphate 2–3 bridging oxygen;G12 | Polar contact | ATP phosphate 2 unit;K13 | Polar contact | ATP phosphate 2 unit;K13 | Polar contact | ATP phosphate 3 unit;R47 | Polar contact | dTMP phosphate unit;R90 | Polar contact | ATP phosphate 3 unit;R90 | Polar contact | dTMP phosphate unit;S11 | Polar contact | ATP phosphate 2 unit;T14 | Metal contact | Mg2+ ion;T14 | Polar contact | ATP phosphate 2 unit;T15 | Polar contact | ATP phosphate 1 unit,D9 | Polar contact | ATP phosphate 3 unit;G10 | Polar contact | ATP phosphate 2–3 bridging oxygen;G12 | Polar contact | ATP phosphate 2 unit;K13 | Polar contact | ATP phosphate 2 unit;K13 | Polar contact | ATP phosphate 3 unit;R47 | Polar contact | dTMP phosphate unit;R90 | Polar contact | ATP phosphate 3 unit;R90 | Polar contact | dTMP phosphate unit;S11 | Polar contact | ATP phosphate 2 unit;T14 | Metal contact | Mg2+ ion;T14 | Polar contact | ATP phosphate 2 unit;T15 | Polar contact | ATP phosphate 1 unit
AqTMK_59,class_62,12,D9 | Polar contact | ATP phosphate 3 unit;G10 | Polar contact | ATP phosphate 2–3 bridging oxygen;G12 | Polar contact | ATP phosphate 2 unit;K13 | Polar contact | ATP phosphate 2 unit;K13 | Polar contact | ATP phosphate 3 unit;R47 | Polar contact | dTMP phosphate unit;R90 | Polar contact | ATP phosphate 3 unit;R90 | Polar contact | dTMP phosphate unit;S11 | Polar contact | ATP phosphate 2 unit;T14 | Metal contact | Mg2+ ion;T14 | Polar contact | ATP phosphate 2 unit;T15 | Polar contact | ATP phosphate 1 unit,D9 | Polar contact | ATP phosphate 3 unit;G10 | Polar contact | ATP phosphate 2–3 bridging oxygen;G12 | Polar contact | ATP phosphate 2 unit;K13 | Polar contact | ATP phosphate 2 unit;K13 | Polar contact | ATP phosphate 3 unit;R47 | Polar contact | dTMP phosphate unit;R90 | Polar contact | ATP phosphate 3 unit;R90 | Polar contact | dTMP phosphate unit;S11 | Polar contact | ATP phosphate 2 unit;T14 | Metal contact | Mg2+ ion;T14 | Polar contact | ATP phosphate 2 unit;T15 | Polar contact | ATP phosphate 1 unit
AqTMK_62,class_62,12,D9 | Polar contact | ATP phosphate 3 unit;G10 | Polar contact | ATP phosphate 2–3 bridging oxygen;G12 | Polar contact | ATP phosphate 2 unit;K13 | Polar contact | ATP phosphate 2 unit;K13 | Polar contact | ATP phosphate 3 unit;R47 | Polar contact | dTMP phosphate unit;R90 | Polar contact | ATP phosphate 3 unit;R90 | Polar contact | dTMP phosphate unit;S11 | Polar contact | ATP phosphate 2 unit;T14 | Metal contact | Mg2+ ion;T14 | Polar contact | ATP phosphate 2 unit;T15 | Polar contact | ATP phosphate 1 unit,D9 | Polar contact | ATP phosphate 3 unit;G10 | Polar contact | ATP phosphate 2–3 bridging oxygen;G12 | Polar contact | ATP phosphate 2 unit;K13 | Polar contact | ATP phosphate 2 unit;K13 | Polar contact | ATP phosphate 3 unit;R47 | Polar contact | dTMP phosphate unit;R90 | Polar contact | ATP phosphate 3 unit;R90 | Polar contact | dTMP phosphate unit;S11 | Polar contact | ATP phosphate 2 unit;T14 | Metal contact | Mg2+ ion;T14 | Polar contact | ATP phosphate 2 unit;T15 | Polar contact | ATP phosphate 1 unit
AqTMK_63,class_62,12,D9 | Polar contact | ATP phosphate 3 unit;G10 | Polar contact | ATP phosphate 2–3 bridging oxygen;G12 | Polar contact | ATP phosphate 2 unit;K13 | Polar contact | ATP phosphate 2 unit;K13 | Polar contact | ATP phosphate 3 unit;R47 | Polar contact | dTMP phosphate unit;R90 | Polar contact | ATP phosphate 3 unit;R90 | Polar contact | dTMP phosphate unit;S11 | Polar contact | ATP phosphate 2 unit;T14 | Metal contact | Mg2+ ion;T14 | Polar contact | ATP phosphate 2 unit;T15 | Polar contact | ATP phosphate 1 unit,D9 | Polar contact | ATP phosphate 3 unit;G10 | Polar contact | ATP phosphate 2–3 bridging oxygen;G12 | Polar contact | ATP phosphate 2 unit;K13 | Polar contact | ATP phosphate 2 unit;K13 | Polar contact | ATP phosphate 3 unit;R47 | Polar contact | dTMP phosphate unit;R90 | Polar contact | ATP phosphate 3 unit;R90 | Polar contact | dTMP phosphate unit;S11 | Polar contact | ATP phosphate 2 unit;T14 | Metal contact | Mg2+ ion;T14 | Polar contact | ATP phosphate 2 unit;T15 | Polar contact | ATP phosphate 1 unit
AqTMK_68,class_62,12,D9 | Polar contact | ATP phosphate 3 unit;G10 | Polar contact | ATP phosphate 2–3 bridging oxygen;G12 | Polar contact | ATP phosphate 2 unit;K13 | Polar contact | ATP phosphate 2 unit;K13 | Polar contact | ATP phosphate 3 unit;R47 | Polar contact | dTMP phosphate unit;R90 | Polar contact | ATP phosphate 3 unit;R90 | Polar contact | dTMP phosphate unit;S11 | Polar contact | ATP phosphate 2 unit;T14 | Metal contact | Mg2+ ion;T14 | Polar contact | ATP phosphate 2 unit;T15 | Polar contact | ATP phosphate 1 unit,D9 | Polar contact | ATP phosphate 3 unit;G10 | Polar contact | ATP phosphate 2–3 bridging oxygen;G12 | Polar contact | ATP phosphate 2 unit;K13 | Polar contact | ATP phosphate 2 unit;K13 | Polar contact | ATP phosphate 3 unit;R47 | Polar contact | dTMP phosphate unit;R90 | Polar contact | ATP phosphate 3 unit;R90 | Polar contact | dTMP phosphate unit;S11 | Polar contact | ATP phosphate 2 unit;T14 | Metal contact | Mg2+ ion;T14 | Polar contact | ATP phosphate 2 unit;T15 | Polar contact | ATP phosphate 1 unit
AqTMK_70,class_62,12,D9 | Polar contact | ATP phosphate 3 unit;G10 | Polar contact | ATP phosphate 2–3 bridging oxygen;G12 | Polar contact | ATP phosphate 2 unit;K13 | Polar contact | ATP phosphate 2 unit;K13 | Polar contact | ATP phosphate 3 unit;R47 | Polar contact | dTMP phosphate unit;R90 | Polar contact | ATP phosphate 3 unit;R90 | Polar contact | dTMP phosphate unit;S11 | Polar contact | ATP phosphate 2 unit;T14 | Metal contact | Mg2+ ion;T14 | Polar contact | ATP phosphate 2 unit;T15 | Polar contact | ATP phosphate 1 unit,D9 | Polar contact | ATP phosphate 3 unit;G10 | Polar contact | ATP phosphate 2–3 bridging oxygen;G12 | Polar contact | ATP phosphate 2 unit;K13 | Polar contact | ATP phosphate 2 unit;K13 | Polar contact | ATP phosphate 3 unit;R47 | Polar contact | dTMP phosphate unit;R90 | Polar contact | ATP phosphate 3 unit;R90 | Polar contact | dTMP phosphate unit;S11 | Polar contact | ATP phosphate 2 unit;T14 | Metal contact | Mg2+ ion;T14 | Polar contact | ATP phosphate 2 unit;T15 | Polar contact | ATP phosphate 1 unit
AqTMK_79,class_62,12,D9 | Polar contact | ATP phosphate 3 unit;G10 | Polar contact | ATP phosphate 2–3 bridging oxygen;G12 | Polar contact | ATP phosphate 2 unit;K13 | Polar contact | ATP phosphate 2 unit;K13 | Polar contact | ATP phosphate 3 unit;R47 | Polar contact | dTMP phosphate unit;R90 | Polar contact | ATP phosphate 3 unit;R90 | Polar contact | dTMP phosphate unit;S11 | Polar contact | ATP phosphate 2 unit;T14 | Metal contact | Mg2+ ion;T14 | Polar contact | ATP phosphate 2 unit;T15 | Polar contact | ATP phosphate 1 unit,D9 | Polar contact | ATP phosphate 3 unit;G10 | Polar contact | ATP phosphate 2–3 bridging oxygen;G12 | Polar contact | ATP phosphate 2 unit;K13 | Polar contact | ATP phosphate 2 unit;K13 | Polar contact | ATP phosphate 3 unit;R47 | Polar contact | dTMP phosphate unit;R90 | Polar contact | ATP phosphate 3 unit;R90 | Polar contact | dTMP phosphate unit;S11 | Polar contact | ATP phosphate 2 unit;T14 | Metal contact | Mg2+ ion;T14 | Polar contact | ATP phosphate 2 unit;T15 | Polar contact | ATP phosphate 1 unit
AqTMK_81,class_62,12,D9 | Polar contact | ATP phosphate 3 unit;G10 | Polar contact | ATP phosphate 2–3 bridging oxygen;G12 | Polar contact | ATP phosphate 2 unit;K13 | Polar contact | ATP phosphate 2 unit;K13 | Polar contact | ATP phosphate 3 unit;R47 | Polar contact | dTMP phosphate unit;R90 | Polar contact | ATP phosphate 3 unit;R90 | Polar contact | dTMP phosphate unit;S11 | Polar contact | ATP phosphate 2 unit;T14 | Metal contact | Mg2+ ion;T14 | Polar contact | ATP phosphate 2 unit;T15 | Polar contact | ATP phosphate 1 unit,D9 | Polar contact | ATP phosphate 3 unit;G10 | Polar contact | ATP phosphate 2–3 bridging oxygen;G12 | Polar contact | ATP phosphate 2 unit;K13 | Polar contact | ATP phosphate 2 unit;K13 | Polar contact | ATP phosphate 3 unit;R47 | Polar contact | dTMP phosphate unit;R90 | Polar contact | ATP phosphate 3 unit;R90 | Polar contact | dTMP phosphate unit;S11 | Polar contact | ATP phosphate 2 unit;T14 | Metal contact | Mg2+ ion;T14 | Polar contact | ATP phosphate 2 unit;T15 | Polar contact | ATP phosphate 1 unit
AqTMK_82,class_62,12,D9 | Polar contact | ATP phosphate 3 unit;G10 | Polar contact | ATP phosphate 2–3 bridging oxygen;G12 | Polar contact | ATP phosphate 2 unit;K13 | Polar contact | ATP phosphate 2 unit;K13 | Polar contact | ATP phosphate 3 unit;R47 | Polar contact | dTMP phosphate unit;R90 | Polar contact | ATP phosphate 3 unit;R90 | Polar contact | dTMP phosphate unit;S11 | Polar contact | ATP phosphate 2 unit;T14 | Metal contact | Mg2+ ion;T14 | Polar contact | ATP phosphate 2 unit;T15 | Polar contact | ATP phosphate 1 unit,D9 | Polar contact | ATP phosphate 3 unit;G10 | Polar contact | ATP phosphate 2–3 bridging oxygen;G12 | Polar contact | ATP phosphate 2 unit;K13 | Polar contact | ATP phosphate 2 unit;K13 | Polar contact | ATP phosphate 3 unit;R47 | Polar contact | dTMP phosphate unit;R90 | Polar contact | ATP phosphate 3 unit;R90 | Polar contact | dTMP phosphate unit;S11 | Polar contact | ATP phosphate 2 unit;T14 | Metal contact | Mg2+ ion;T14 | Polar contact | ATP phosphate 2 unit;T15 | Polar contact | ATP phosphate 1 unit
AqTMK_84,class_62,12,D9 | Polar contact | ATP phosphate 3 unit;G10 | Polar contact | ATP phosphate 2–3 bridging oxygen;G12 | Polar contact | ATP phosphate 2 unit;K13 | Polar contact | ATP phosphate 2 unit;K13 | Polar contact | ATP phosphate 3 unit;R47 | Polar contact | dTMP phosphate unit;R90 | Polar contact | ATP phosphate 3 unit;R90 | Polar contact | dTMP phosphate unit;S11 | Polar contact | ATP phosphate 2 unit;T14 | Metal contact | Mg2+ ion;T14 | Polar contact | ATP phosphate 2 unit;T15 | Polar contact | ATP phosphate 1 unit,D9 | Polar contact | ATP phosphate 3 unit;G10 | Polar contact | ATP phosphate 2–3 bridging oxygen;G12 | Polar contact | ATP phosphate 2 unit;K13 | Polar contact | ATP phosphate 2 unit;K13 | Polar contact | ATP phosphate 3 unit;R47 | Polar contact | dTMP phosphate unit;R90 | Polar contact | ATP phosphate 3 unit;R90 | Polar contact | dTMP phosphate unit;S11 | Polar contact | ATP phosphate 2 unit;T14 | Metal contact | Mg2+ ion;T14 | Polar contact | ATP phosphate 2 unit;T15 | Polar contact | ATP phosphate 1 unit
AqTMK_89,class_62,12,D9 | Polar contact | ATP phosphate 3 unit;G10 | Polar contact | ATP phosphate 2–3 bridging oxygen;G12 | Polar contact | ATP phosphate 2 unit;K13 | Polar contact | ATP phosphate 2 unit;K13 | Polar contact | ATP phosphate 3 unit;R47 | Polar contact | dTMP phosphate unit;R90 | Polar contact | ATP phosphate 3 unit;R90 | Polar contact | dTMP phosphate unit;S11 | Polar contact | ATP phosphate 2 unit;T14 | Metal contact | Mg2+ ion;T14 | Polar contact | ATP phosphate 2 unit;T15 | Polar contact | ATP phosphate 1 unit,D9 | Polar contact | ATP phosphate 3 unit;G10 | Polar contact | ATP phosphate 2–3 bridging oxygen;G12 | Polar contact | ATP phosphate 2 unit;K13 | Polar contact | ATP phosphate 2 unit;K13 | Polar contact | ATP phosphate 3 unit;R47 | Polar contact | dTMP phosphate unit;R90 | Polar contact | ATP phosphate 3 unit;R90 | Polar contact | dTMP phosphate unit;S11 | Polar contact | ATP phosphate 2 unit;T14 | Metal contact | Mg2+ ion;T14 | Polar contact | ATP phosphate 2 unit;T15 | Polar contact | ATP phosphate 1 unit
AqTMK_91,class_62,12,D9 | Polar contact | ATP phosphate 3 unit;G10 | Polar contact | ATP phosphate 2–3 bridging oxygen;G12 | Polar contact | ATP phosphate 2 unit;K13 | Polar contact | ATP phosphate 2 unit;K13 | Polar contact | ATP phosphate 3 unit;R47 | Polar contact | dTMP phosphate unit;R90 | Polar contact | ATP phosphate 3 unit;R90 | Polar contact | dTMP phosphate unit;S11 | Polar contact | ATP phosphate 2 unit;T14 | Metal contact | Mg2+ ion;T14 | Polar contact | ATP phosphate 2 unit;T15 | Polar contact | ATP phosphate 1 unit,D9 | Polar contact | ATP phosphate 3 unit;G10 | Polar contact | ATP phosphate 2–3 bridging oxygen;G12 | Polar contact | ATP phosphate 2 unit;K13 | Polar contact | ATP phosphate 2 unit;K13 | Polar contact | ATP phosphate 3 unit;R47 | Polar contact | dTMP phosphate unit;R90 | Polar contact | ATP phosphate 3 unit;R90 | Polar contact | dTMP phosphate unit;S11 | Polar contact | ATP phosphate 2 unit;T14 | Metal contact | Mg2+ ion;T14 | Polar contact | ATP phosphate 2 unit;T15 | Polar contact | ATP phosphate 1 unit
AqTMK_93,class_62,12,D9 | Polar contact | ATP phosphate 3 unit;G10 | Polar contact | ATP phosphate 2–3 bridging oxygen;G12 | Polar contact | ATP phosphate 2 unit;K13 | Polar contact | ATP phosphate 2 unit;K13 | Polar contact | ATP phosphate 3 unit;R47 | Polar contact | dTMP phosphate unit;R90 | Polar contact | ATP phosphate 3 unit;R90 | Polar contact | dTMP phosphate unit;S11 | Polar contact | ATP phosphate 2 unit;T14 | Metal contact | Mg2+ ion;T14 | Polar contact | ATP phosphate 2 unit;T15 | Polar contact | ATP phosphate 1 unit,D9 | Polar contact | ATP phosphate 3 unit;G10 | Polar contact | ATP phosphate 2–3 bridging oxygen;G12 | Polar contact | ATP phosphate 2 unit;K13 | Polar contact | ATP phosphate 2 unit;K13 | Polar contact | ATP phosphate 3 unit;R47 | Polar contact | dTMP phosphate unit;R90 | Polar contact | ATP phosphate 3 unit;R90 | Polar contact | dTMP phosphate unit;S11 | Polar contact | ATP phosphate 2 unit;T14 | Metal contact | Mg2+ ion;T14 | Polar contact | ATP phosphate 2 unit;T15 | Polar contact | ATP phosphate 1 unit
AqTMK_99,class_62,12,D9 | Polar contact | ATP phosphate 3 unit;G10 | Polar contact | ATP phosphate 2–3 bridging oxygen;G12 | Polar contact | ATP phosphate 2 unit;K13 | Polar contact | ATP phosphate 2 unit;K13 | Polar contact | ATP phosphate 3 unit;R47 | Polar contact | dTMP phosphate unit;R90 | Polar contact | ATP phosphate 3 unit;R90 | Polar contact | dTMP phosphate unit;S11 | Polar contact | ATP phosphate 2 unit;T14 | Metal contact | Mg2+ ion;T14 | Polar contact | ATP phosphate 2 unit;T15 | Polar contact | ATP phosphate 1 unit,D9 | Polar contact | ATP phosphate 3 unit;G10 | Polar contact | ATP phosphate 2–3 bridging oxygen;G12 | Polar contact | ATP phosphate 2 unit;K13 | Polar contact | ATP phosphate 2 unit;K13 | Polar contact | ATP phosphate 3 unit;R47 | Polar contact | dTMP phosphate unit;R90 | Polar contact | ATP phosphate 3 unit;R90 | Polar contact | dTMP phosphate unit;S11 | Polar contact | ATP phosphate 2 unit;T14 | Metal contact | Mg2+ ion;T14 | Polar contact | ATP phosphate 2 unit;T15 | Polar contact | ATP phosphate 1 unit
AqTMK_118,class_63,12,D9 | Polar contact | ATP phosphate 3 unit;G10 | Polar contact | ATP phosphate 2–3 bridging oxygen;G12 | Polar contact | ATP phosphate 2 unit;K13 | Polar contact | ATP phosphate 2 unit;K13 | Polar contact | ATP phosphate 3 unit;R47 | Polar contact | dTMP phosphate unit;R90 | Polar contact | ATP phosphate 3 unit;R90 | Polar contact | dTMP phosphate unit;S11 | Polar contact | ATP phosphate 2 unit;T14 | Metal contact | Mg2+ ion;T14 | Polar contact | ATP phosphate 2 unit;T15 | Polar contact | ATP phosphate 1 unit,D9 | Polar contact | ATP phosphate 3 unit;G10 | Polar contact | ATP phosphate 2–3 bridging oxygen;G12 | Polar contact | ATP phosphate 2 unit;K13 | Polar contact | ATP phosphate 2 unit;K13 | Polar contact | ATP phosphate 3 unit;R47 | Polar contact | dTMP phosphate unit;R90 | Polar contact | ATP phosphate 3 unit;R90 | Polar contact | dTMP phosphate unit;S11 | Polar contact | ATP phosphate 2 unit;T14 | Metal contact | Mg2+ ion;T14 | Polar contact | ATP phosphate 2 unit;T15 | Polar contact | ATP phosphate 1 unit
AqTMK_188,class_63,12,D9 | Polar contact | ATP phosphate 3 unit;G10 | Polar contact | ATP phosphate 2–3 bridging oxygen;G12 | Polar contact | ATP phosphate 2 unit;K13 | Polar contact | ATP phosphate 2 unit;K13 | Polar contact | ATP phosphate 3 unit;R47 | Polar contact | dTMP phosphate unit;R90 | Polar contact | ATP phosphate 3 unit;R90 | Polar contact | dTMP phosphate unit;S11 | Polar contact | ATP phosphate 2 unit;T14 | Metal contact | Mg2+ ion;T14 | Polar contact | ATP phosphate 2 unit;T15 | Polar contact | ATP phosphate 1 unit,D9 | Polar contact | ATP phosphate 3 unit;G10 | Polar contact | ATP phosphate 2–3 bridging oxygen;G12 | Polar contact | ATP phosphate 2 unit;K13 | Polar contact | ATP phosphate 2 unit;K13 | Polar contact | ATP phosphate 3 unit;R47 | Polar contact | dTMP phosphate unit;R90 | Polar contact | ATP phosphate 3 unit;R90 | Polar contact | dTMP phosphate unit;S11 | Polar contact | ATP phosphate 2 unit;T14 | Metal contact | Mg2+ ion;T14 | Polar contact | ATP phosphate 2 unit;T15 | Polar contact | ATP phosphate 1 unit
AqTMK_274,class_63,12,D9 | Polar contact | ATP phosphate 3 unit;G10 | Polar contact | ATP phosphate 2–3 bridging oxygen;G12 | Polar contact | ATP phosphate 2 unit;K13 | Polar contact | ATP phosphate 2 unit;K13 | Polar contact | ATP phosphate 3 unit;R47 | Polar contact | dTMP phosphate unit;R90 | Polar contact | ATP phosphate 3 unit;R90 | Polar contact | dTMP phosphate unit;S11 | Polar contact | ATP phosphate 2 unit;T14 | Metal contact | Mg2+ ion;T14 | Polar contact | ATP phosphate 2 unit;T15 | Polar contact | ATP phosphate 1 unit,D9 | Polar contact | ATP phosphate 3 unit;G10 | Polar contact | ATP phosphate 2–3 bridging oxygen;G12 | Polar contact | ATP phosphate 2 unit;K13 | Polar contact | ATP phosphate 2 unit;K13 | Polar contact | ATP phosphate 3 unit;R47 | Polar contact | dTMP phosphate unit;R90 | Polar contact | ATP phosphate 3 unit;R90 | Polar contact | dTMP phosphate unit;S11 | Polar contact | ATP phosphate 2 unit;T14 | Metal contact | Mg2+ ion;T14 | Polar contact | ATP phosphate 2 unit;T15 | Polar contact | ATP phosphate 1 unit
AqTMK_85,class_63,12,D9 | Polar contact | ATP phosphate 3 unit;G10 | Polar contact | ATP phosphate 2–3 bridging oxygen;G12 | Polar contact | ATP phosphate 2 unit;K13 | Polar contact | ATP phosphate 2 unit;K13 | Polar contact | ATP phosphate 3 unit;R47 | Polar contact | dTMP phosphate unit;R90 | Polar contact | ATP phosphate 3 unit;R90 | Polar contact | dTMP phosphate unit;S11 | Polar contact | ATP phosphate 2 unit;T14 | Metal contact | Mg2+ ion;T14 | Polar contact | ATP phosphate 2 unit;T15 | Polar contact | ATP phosphate 1 unit,D9 | Polar contact | ATP phosphate 3 unit;G10 | Polar contact | ATP phosphate 2–3 bridging oxygen;G12 | Polar contact | ATP phosphate 2 unit;K13 | Polar contact | ATP phosphate 2 unit;K13 | Polar contact | ATP phosphate 3 unit;R47 | Polar contact | dTMP phosphate unit;R90 | Polar contact | ATP phosphate 3 unit;R90 | Polar contact | dTMP phosphate unit;S11 | Polar contact | ATP phosphate 2 unit;T14 | Metal contact | Mg2+ ion;T14 | Polar contact | ATP phosphate 2 unit;T15 | Polar contact | ATP phosphate 1 unit
AqTMK_98,class_64,12,D9 | Polar contact | ATP phosphate 3 unit;G10 | Polar contact | ATP phosphate 2–3 bridging oxygen;G12 | Polar contact | ATP phosphate 2 unit;K13 | Polar contact | ATP phosphate 2 unit;K13 | Polar contact | ATP phosphate 3 unit;R35 | Polar contact | dTMP phosphate unit;R47 | Polar contact | dTMP phosphate unit;R90 | Polar contact | ATP phosphate 3 unit;R90 | Polar contact | dTMP phosphate unit;S11 | Polar contact | ATP phosphate 2 unit;T14 | Polar contact | ATP phosphate 2 unit;T15 | Polar contact | ATP phosphate 1 unit,D9 | Polar contact | ATP phosphate 3 unit;G10 | Polar contact | ATP phosphate 2–3 bridging oxygen;G12 | Polar contact | ATP phosphate 2 unit;K13 | Polar contact | ATP phosphate 2 unit;K13 | Polar contact | ATP phosphate 3 unit;R35 | Polar contact | dTMP phosphate unit;R47 | Polar contact | dTMP phosphate unit;R90 | Polar contact | ATP phosphate 3 unit;R90 | Polar contact | dTMP phosphate unit;S11 | Polar contact | ATP phosphate 2 unit;T14 | Polar contact | ATP phosphate 2 unit;T15 | Polar contact | ATP phosphate 1 unit
AqTMK_149,class_65,13,D9 | Polar contact | ATP phosphate 2–3 bridging oxygen;G10 | Polar contact | ATP phosphate 2–3 bridging oxygen;G12 | Polar contact | ATP phosphate 2 unit;K13 | Polar contact | ATP phosphate 2 unit;K13 | Polar contact | ATP phosphate 3 unit;K13 | Polar contact | dTMP phosphate unit;R47 | Polar contact | dTMP phosphate unit;R90 | Polar contact | ATP phosphate 3 unit;R90 | Polar contact | dTMP phosphate unit;S11 | Polar contact | ATP phosphate 2 unit;T14 | Metal contact | Mg2+ ion;T14 | Polar contact | ATP phosphate 2 unit;T15 | Polar contact | ATP phosphate 1 unit,D9 | Polar contact | ATP phosphate 2–3 bridging oxygen;G10 | Polar contact | ATP phosphate 2–3 bridging oxygen;G12 | Polar contact | ATP phosphate 2 unit;K13 | Polar contact | ATP phosphate 2 unit;K13 | Polar contact | ATP phosphate 3 unit;K13 | Polar contact | dTMP phosphate unit;R47 | Polar contact | dTMP phosphate unit;R90 | Polar contact | ATP phosphate 3 unit;R90 | Polar contact | dTMP phosphate unit;S11 | Polar contact | ATP phosphate 2 unit;T14 | Metal contact | Mg2+ ion;T14 | Polar contact | ATP phosphate 2 unit;T15 | Polar contact | ATP phosphate 1 unit
AqTMK_181,class_65,13,D9 | Polar contact | ATP phosphate 2–3 bridging oxygen;G10 | Polar contact | ATP phosphate 2–3 bridging oxygen;G12 | Polar contact | ATP phosphate 2 unit;K13 | Polar contact | ATP phosphate 2 unit;K13 | Polar contact | ATP phosphate 3 unit;K13 | Polar contact | dTMP phosphate unit;R47 | Polar contact | dTMP phosphate unit;R90 | Polar contact | ATP phosphate 3 unit;R90 | Polar contact | dTMP phosphate unit;S11 | Polar contact | ATP phosphate 2 unit;T14 | Metal contact | Mg2+ ion;T14 | Polar contact | ATP phosphate 2 unit;T15 | Polar contact | ATP phosphate 1 unit,D9 | Polar contact | ATP phosphate 2–3 bridging oxygen;G10 | Polar contact | ATP phosphate 2–3 bridging oxygen;G12 | Polar contact | ATP phosphate 2 unit;K13 | Polar contact | ATP phosphate 2 unit;K13 | Polar contact | ATP phosphate 3 unit;K13 | Polar contact | dTMP phosphate unit;R47 | Polar contact | dTMP phosphate unit;R90 | Polar contact | ATP phosphate 3 unit;R90 | Polar contact | dTMP phosphate unit;S11 | Polar contact | ATP phosphate 2 unit;T14 | Metal contact | Mg2+ ion;T14 | Polar contact | ATP phosphate 2 unit;T15 | Polar contact | ATP phosphate 1 unit
AqTMK_198,class_65,13,D9 | Polar contact | ATP phosphate 2–3 bridging oxygen;G10 | Polar contact | ATP phosphate 2–3 bridging oxygen;G12 | Polar contact | ATP phosphate 2 unit;K13 | Polar contact | ATP phosphate 2 unit;K13 | Polar contact | ATP phosphate 3 unit;K13 | Polar contact | dTMP phosphate unit;R47 | Polar contact | dTMP phosphate unit;R90 | Polar contact | ATP phosphate 3 unit;R90 | Polar contact | dTMP phosphate unit;S11 | Polar contact | ATP phosphate 2 unit;T14 | Metal contact | Mg2+ ion;T14 | Polar contact | ATP phosphate 2 unit;T15 | Polar contact | ATP phosphate 1 unit,D9 | Polar contact | ATP phosphate 2–3 bridging oxygen;G10 | Polar contact | ATP phosphate 2–3 bridging oxygen;G12 | Polar contact | ATP phosphate 2 unit;K13 | Polar contact | ATP phosphate 2 unit;K13 | Polar contact | ATP phosphate 3 unit;K13 | Polar contact | dTMP phosphate unit;R47 | Polar contact | dTMP phosphate unit;R90 | Polar contact | ATP phosphate 3 unit;R90 | Polar contact | dTMP phosphate unit;S11 | Polar contact | ATP phosphate 2 unit;T14 | Metal contact | Mg2+ ion;T14 | Polar contact | ATP phosphate 2 unit;T15 | Polar contact | ATP phosphate 1 unit
AqTMK_224,class_65,13,D9 | Polar contact | ATP phosphate 2–3 bridging oxygen;G10 | Polar contact | ATP phosphate 2–3 bridging oxygen;G12 | Polar contact | ATP phosphate 2 unit;K13 | Polar contact | ATP phosphate 2 unit;K13 | Polar contact | ATP phosphate 3 unit;K13 | Polar contact | dTMP phosphate unit;R47 | Polar contact | dTMP phosphate unit;R90 | Polar contact | ATP phosphate 3 unit;R90 | Polar contact | dTMP phosphate unit;S11 | Polar contact | ATP phosphate 2 unit;T14 | Metal contact | Mg2+ ion;T14 | Polar contact | ATP phosphate 2 unit;T15 | Polar contact | ATP phosphate 1 unit,D9 | Polar contact | ATP phosphate 2–3 bridging oxygen;G10 | Polar contact | ATP phosphate 2–3 bridging oxygen;G12 | Polar contact | ATP phosphate 2 unit;K13 | Polar contact | ATP phosphate 2 unit;K13 | Polar contact | ATP phosphate 3 unit;K13 | Polar contact | dTMP phosphate unit;R47 | Polar contact | dTMP phosphate unit;R90 | Polar contact | ATP phosphate 3 unit;R90 | Polar contact | dTMP phosphate unit;S11 | Polar contact | ATP phosphate 2 unit;T14 | Metal contact | Mg2+ ion;T14 | Polar contact | ATP phosphate 2 unit;T15 | Polar contact | ATP phosphate 1 unit
AqTMK_155,class_66,13,D9 | Polar contact | ATP phosphate 2–3 bridging oxygen;G10 | Polar contact | ATP phosphate 2–3 bridging oxygen;G12 | Polar contact | ATP phosphate 1–2 bridging oxygen;K13 | Polar contact | ATP phosphate 2 unit;K13 | Polar contact | ATP phosphate 3 unit;K13 | Polar contact | dTMP phosphate unit;R47 | Polar contact | dTMP phosphate unit;R90 | Polar contact | ATP phosphate 3 unit;R90 | Polar contact | dTMP phosphate unit;S11 | Polar contact | ATP phosphate 2 unit;T14 | Metal contact | Mg2+ ion;T14 | Polar contact | ATP phosphate 2 unit;T15 | Polar contact | ATP phosphate 1 unit,D9 | Polar contact | ATP phosphate 2–3 bridging oxygen;G10 | Polar contact | ATP phosphate 2–3 bridging oxygen;G12 | Polar contact | ATP phosphate 1–2 bridging oxygen;K13 | Polar contact | ATP phosphate 2 unit;K13 | Polar contact | ATP phosphate 3 unit;K13 | Polar contact | dTMP phosphate unit;R47 | Polar contact | dTMP phosphate unit;R90 | Polar contact | ATP phosphate 3 unit;R90 | Polar contact | dTMP phosphate unit;S11 | Polar contact | ATP phosphate 2 unit;T14 | Metal contact | Mg2+ ion;T14 | Polar contact | ATP phosphate 2 unit;T15 | Polar contact | ATP phosphate 1 unit
AqTMK_159,class_67,12,D9 | Polar contact | ATP phosphate 3 unit;G10 | Polar contact | ATP phosphate 2–3 bridging oxygen;G12 | Polar contact | ATP phosphate 1–2 bridging oxygen;K13 | Polar contact | ATP phosphate 2 unit;K13 | Polar contact | ATP phosphate 3 unit;R47 | Polar contact | dTMP phosphate unit;R90 | Polar contact | ATP phosphate 3 unit;R90 | Polar contact | dTMP phosphate unit;S11 | Polar contact | ATP phosphate 2 unit;T14 | Metal contact | Mg2+ ion;T14 | Polar contact | ATP phosphate 2 unit;T15 | Polar contact | ATP phosphate 1 unit,D9 | Polar contact | ATP phosphate 3 unit;G10 | Polar contact | ATP phosphate 2–3 bridging oxygen;G12 | Polar contact | ATP phosphate 1–2 bridging oxygen;K13 | Polar contact | ATP phosphate 2 unit;K13 | Polar contact | ATP phosphate 3 unit;R47 | Polar contact | dTMP phosphate unit;R90 | Polar contact | ATP phosphate 3 unit;R90 | Polar contact | dTMP phosphate unit;S11 | Polar contact | ATP phosphate 2 unit;T14 | Metal contact | Mg2+ ion;T14 | Polar contact | ATP phosphate 2 unit;T15 | Polar contact | ATP phosphate 1 unit
AqTMK_292,class_67,12,D9 | Polar contact | ATP phosphate 3 unit;G10 | Polar contact | ATP phosphate 2–3 bridging oxygen;G12 | Polar contact | ATP phosphate 1–2 bridging oxygen;K13 | Polar contact | ATP phosphate 2 unit;K13 | Polar contact | ATP phosphate 3 unit;R47 | Polar contact | dTMP phosphate unit;R90 | Polar contact | ATP phosphate 3 unit;R90 | Polar contact | dTMP phosphate unit;S11 | Polar contact | ATP phosphate 2 unit;T14 | Metal contact | Mg2+ ion;T14 | Polar contact | ATP phosphate 2 unit;T15 | Polar contact | ATP phosphate 1 unit,D9 | Polar contact | ATP phosphate 3 unit;G10 | Polar contact | ATP phosphate 2–3 bridging oxygen;G12 | Polar contact | ATP phosphate 1–2 bridging oxygen;K13 | Polar contact | ATP phosphate 2 unit;K13 | Polar contact | ATP phosphate 3 unit;R47 | Polar contact | dTMP phosphate unit;R90 | Polar contact | ATP phosphate 3 unit;R90 | Polar contact | dTMP phosphate unit;S11 | Polar contact | ATP phosphate 2 unit;T14 | Metal contact | Mg2+ ion;T14 | Polar contact | ATP phosphate 2 unit;T15 | Polar contact | ATP phosphate 1 unit
AqTMK_173,class_68,13,D9 | Polar contact | ATP phosphate 3 unit;G10 | Polar contact | ATP phosphate 2–3 bridging oxygen;G12 | Polar contact | ATP phosphate 2 unit;K13 | Polar contact | ATP phosphate 2 unit;K13 | Polar contact | ATP phosphate 3 unit;R35 | Polar contact | dTMP phosphate unit;R47 | Polar contact | dTMP phosphate unit;R90 | Polar contact | ATP phosphate 3 unit;R90 | Polar contact | dTMP phosphate unit;S11 | Polar contact | ATP phosphate 2 unit;T14 | Metal contact | Mg2+ ion;T14 | Polar contact | ATP phosphate 2 unit;T15 | Polar contact | ATP phosphate 1 unit,D9 | Polar contact | ATP phosphate 3 unit;G10 | Polar contact | ATP phosphate 2–3 bridging oxygen;G12 | Polar contact | ATP phosphate 2 unit;K13 | Polar contact | ATP phosphate 2 unit;K13 | Polar contact | ATP phosphate 3 unit;R35 | Polar contact | dTMP phosphate unit;R47 | Polar contact | dTMP phosphate unit;R90 | Polar contact | ATP phosphate 3 unit;R90 | Polar contact | dTMP phosphate unit;S11 | Polar contact | ATP phosphate 2 unit;T14 | Metal contact | Mg2+ ion;T14 | Polar contact | ATP phosphate 2 unit;T15 | Polar contact | ATP phosphate 1 unit
AqTMK_179,class_69,12,D9 | Polar contact | ATP phosphate 3 unit;G10 | Polar contact | ATP phosphate 2–3 bridging oxygen;G12 | Polar contact | ATP phosphate 2 unit;K13 | Polar contact | ATP phosphate 2 unit;K13 | Polar contact | ATP phosphate 3 unit;R47 | Polar contact | dTMP phosphate unit;R90 | Polar contact | ATP phosphate 3 unit;R90 | Polar contact | dTMP phosphate unit;S11 | Polar contact | ATP phosphate 2 unit;T14 | Metal contact | Mg2+ ion;T14 | Polar contact | ATP phosphate 2 unit;T15 | Polar contact | ATP phosphate 1 unit,D9 | Polar contact | ATP phosphate 3 unit;G10 | Polar contact | ATP phosphate 2–3 bridging oxygen;G12 | Polar contact | ATP phosphate 2 unit;K13 | Polar contact | ATP phosphate 2 unit;K13 | Polar contact | ATP phosphate 3 unit;R47 | Polar contact | dTMP phosphate unit;R90 | Polar contact | ATP phosphate 3 unit;R90 | Polar contact | dTMP phosphate unit;S11 | Polar contact | ATP phosphate 2 unit;T14 | Metal contact | Mg2+ ion;T14 | Polar contact | ATP phosphate 2 unit;T15 | Polar contact | ATP phosphate 1 unit
AqTMK_187,class_69,12,D9 | Polar contact | ATP phosphate 3 unit;G10 | Polar contact | ATP phosphate 2–3 bridging oxygen;G12 | Polar contact | ATP phosphate 2 unit;K13 | Polar contact | ATP phosphate 2 unit;K13 | Polar contact | ATP phosphate 3 unit;R47 | Polar contact | dTMP phosphate unit;R90 | Polar contact | ATP phosphate 3 unit;R90 | Polar contact | dTMP phosphate unit;S11 | Polar contact | ATP phosphate 2 unit;T14 | Metal contact | Mg2+ ion;T14 | Polar contact | ATP phosphate 2 unit;T15 | Polar contact | ATP phosphate 1 unit,D9 | Polar contact | ATP phosphate 3 unit;G10 | Polar contact | ATP phosphate 2–3 bridging oxygen;G12 | Polar contact | ATP phosphate 2 unit;K13 | Polar contact | ATP phosphate 2 unit;K13 | Polar contact | ATP phosphate 3 unit;R47 | Polar contact | dTMP phosphate unit;R90 | Polar contact | ATP phosphate 3 unit;R90 | Polar contact | dTMP phosphate unit;S11 | Polar contact | ATP phosphate 2 unit;T14 | Metal contact | Mg2+ ion;T14 | Polar contact | ATP phosphate 2 unit;T15 | Polar contact | ATP phosphate 1 unit
AqTMK_249,class_69,12,D9 | Polar contact | ATP phosphate 3 unit;G10 | Polar contact | ATP phosphate 2–3 bridging oxygen;G12 | Polar contact | ATP phosphate 2 unit;K13 | Polar contact | ATP phosphate 2 unit;K13 | Polar contact | ATP phosphate 3 unit;R47 | Polar contact | dTMP phosphate unit;R90 | Polar contact | ATP phosphate 3 unit;R90 | Polar contact | dTMP phosphate unit;S11 | Polar contact | ATP phosphate 2 unit;T14 | Metal contact | Mg2+ ion;T14 | Polar contact | ATP phosphate 2 unit;T15 | Polar contact | ATP phosphate 1 unit,D9 | Polar contact | ATP phosphate 3 unit;G10 | Polar contact | ATP phosphate 2–3 bridging oxygen;G12 | Polar contact | ATP phosphate 2 unit;K13 | Polar contact | ATP phosphate 2 unit;K13 | Polar contact | ATP phosphate 3 unit;R47 | Polar contact | dTMP phosphate unit;R90 | Polar contact | ATP phosphate 3 unit;R90 | Polar contact | dTMP phosphate unit;S11 | Polar contact | ATP phosphate 2 unit;T14 | Metal contact | Mg2+ ion;T14 | Polar contact | ATP phosphate 2 unit;T15 | Polar contact | ATP phosphate 1 unit
AqTMK_267,class_69,12,D9 | Polar contact | ATP phosphate 3 unit;G10 | Polar contact | ATP phosphate 2–3 bridging oxygen;G12 | Polar contact | ATP phosphate 2 unit;K13 | Polar contact | ATP phosphate 2 unit;K13 | Polar contact | ATP phosphate 3 unit;R47 | Polar contact | dTMP phosphate unit;R90 | Polar contact | ATP phosphate 3 unit;R90 | Polar contact | dTMP phosphate unit;S11 | Polar contact | ATP phosphate 2 unit;T14 | Metal contact | Mg2+ ion;T14 | Polar contact | ATP phosphate 2 unit;T15 | Polar contact | ATP phosphate 1 unit,D9 | Polar contact | ATP phosphate 3 unit;G10 | Polar contact | ATP phosphate 2–3 bridging oxygen;G12 | Polar contact | ATP phosphate 2 unit;K13 | Polar contact | ATP phosphate 2 unit;K13 | Polar contact | ATP phosphate 3 unit;R47 | Polar contact | dTMP phosphate unit;R90 | Polar contact | ATP phosphate 3 unit;R90 | Polar contact | dTMP phosphate unit;S11 | Polar contact | ATP phosphate 2 unit;T14 | Metal contact | Mg2+ ion;T14 | Polar contact | ATP phosphate 2 unit;T15 | Polar contact | ATP phosphate 1 unit
AqTMK_191,class_70,12,D9 | Polar contact | ATP phosphate 3 unit;G10 | Polar contact | ATP phosphate 2–3 bridging oxygen;G12 | Polar contact | ATP phosphate 2 unit;K13 | Polar contact | ATP phosphate 2 unit;K13 | Polar contact | ATP phosphate 3 unit;R90 | Polar contact | ATP phosphate 3 unit;R90 | Polar contact | dTMP phosphate unit;S11 | Polar contact | ATP phosphate 2 unit;T14 | Metal contact | Mg2+ ion;T14 | Polar contact | ATP phosphate 2 unit;T14 | Polar contact | ATP phosphate 3 unit;T15 | Polar contact | ATP phosphate 1 unit,D9 | Polar contact | ATP phosphate 3 unit;G10 | Polar contact | ATP phosphate 2–3 bridging oxygen;G12 | Polar contact | ATP phosphate 2 unit;K13 | Polar contact | ATP phosphate 2 unit;K13 | Polar contact | ATP phosphate 3 unit;R90 | Polar contact | ATP phosphate 3 unit;R90 | Polar contact | dTMP phosphate unit;S11 | Polar contact | ATP phosphate 2 unit;T14 | Metal contact | Mg2+ ion;T14 | Polar contact | ATP phosphate 2 unit;T14 | Polar contact | ATP phosphate 3 unit;T15 | Polar contact | ATP phosphate 1 unit
AqTMK_219,class_71,12,D9 | Polar contact | ATP phosphate 2–3 bridging oxygen;G10 | Polar contact | ATP phosphate 2–3 bridging oxygen;G12 | Polar contact | ATP phosphate 1–2 bridging oxygen;K13 | Polar contact | ATP phosphate 2 unit;K13 | Polar contact | ATP phosphate 3 unit;R47 | Polar contact | dTMP phosphate unit;R90 | Polar contact | ATP phosphate 3 unit;R90 | Polar contact | dTMP phosphate unit;S11 | Polar contact | ATP phosphate 2 unit;T14 | Metal contact | Mg2+ ion;T14 | Polar contact | ATP phosphate 2 unit;T15 | Polar contact | ATP phosphate 1 unit,D9 | Polar contact | ATP phosphate 2–3 bridging oxygen;G10 | Polar contact | ATP phosphate 2–3 bridging oxygen;G12 | Polar contact | ATP phosphate 1–2 bridging oxygen;K13 | Polar contact | ATP phosphate 2 unit;K13 | Polar contact | ATP phosphate 3 unit;R47 | Polar contact | dTMP phosphate unit;R90 | Polar contact | ATP phosphate 3 unit;R90 | Polar contact | dTMP phosphate unit;S11 | Polar contact | ATP phosphate 2 unit;T14 | Metal contact | Mg2+ ion;T14 | Polar contact | ATP phosphate 2 unit;T15 | Polar contact | ATP phosphate 1 unit
AqTMK_234,class_72,12,D9 | Polar contact | ATP phosphate 3 unit;G10 | Polar contact | ATP phosphate 2–3 bridging oxygen;G12 | Polar contact | ATP phosphate 1–2 bridging oxygen;K13 | Polar contact | ATP phosphate 2 unit;K13 | Polar contact | ATP phosphate 3 unit;R47 | Polar contact | dTMP phosphate unit;R90 | Polar contact | ATP phosphate 3 unit;R90 | Polar contact | dTMP phosphate unit;S11 | Polar contact | ATP phosphate 2 unit;T14 | Metal contact | Mg2+ ion;T14 | Polar contact | ATP phosphate 2 unit;T15 | Polar contact | ATP phosphate 1 unit,D9 | Polar contact | ATP phosphate 3 unit;G10 | Polar contact | ATP phosphate 2–3 bridging oxygen;G12 | Polar contact | ATP phosphate 1–2 bridging oxygen;K13 | Polar contact | ATP phosphate 2 unit;K13 | Polar contact | ATP phosphate 3 unit;R47 | Polar contact | dTMP phosphate unit;R90 | Polar contact | ATP phosphate 3 unit;R90 | Polar contact | dTMP phosphate unit;S11 | Polar contact | ATP phosphate 2 unit;T14 | Metal contact | Mg2+ ion;T14 | Polar contact | ATP phosphate 2 unit;T15 | Polar contact | ATP phosphate 1 unit
AqTMK_245,class_72,12,D9 | Polar contact | ATP phosphate 3 unit;G10 | Polar contact | ATP phosphate 2–3 bridging oxygen;G12 | Polar contact | ATP phosphate 1–2 bridging oxygen;K13 | Polar contact | ATP phosphate 2 unit;K13 | Polar contact | ATP phosphate 3 unit;R47 | Polar contact | dTMP phosphate unit;R90 | Polar contact | ATP phosphate 3 unit;R90 | Polar contact | dTMP phosphate unit;S11 | Polar contact | ATP phosphate 2 unit;T14 | Metal contact | Mg2+ ion;T14 | Polar contact | ATP phosphate 2 unit;T15 | Polar contact | ATP phosphate 1 unit,D9 | Polar contact | ATP phosphate 3 unit;G10 | Polar contact | ATP phosphate 2–3 bridging oxygen;G12 | Polar contact | ATP phosphate 1–2 bridging oxygen;K13 | Polar contact | ATP phosphate 2 unit;K13 | Polar contact | ATP phosphate 3 unit;R47 | Polar contact | dTMP phosphate unit;R90 | Polar contact | ATP phosphate 3 unit;R90 | Polar contact | dTMP phosphate unit;S11 | Polar contact | ATP phosphate 2 unit;T14 | Metal contact | Mg2+ ion;T14 | Polar contact | ATP phosphate 2 unit;T15 | Polar contact | ATP phosphate 1 unit
AqTMK_272,class_72,12,D9 | Polar contact | ATP phosphate 3 unit;G10 | Polar contact | ATP phosphate 2–3 bridging oxygen;G12 | Polar contact | ATP phosphate 1–2 bridging oxygen;K13 | Polar contact | ATP phosphate 2 unit;K13 | Polar contact | ATP phosphate 3 unit;R47 | Polar contact | dTMP phosphate unit;R90 | Polar contact | ATP phosphate 3 unit;R90 | Polar contact | dTMP phosphate unit;S11 | Polar contact | ATP phosphate 2 unit;T14 | Metal contact | Mg2+ ion;T14 | Polar contact | ATP phosphate 2 unit;T15 | Polar contact | ATP phosphate 1 unit,D9 | Polar contact | ATP phosphate 3 unit;G10 | Polar contact | ATP phosphate 2–3 bridging oxygen;G12 | Polar contact | ATP phosphate 1–2 bridging oxygen;K13 | Polar contact | ATP phosphate 2 unit;K13 | Polar contact | ATP phosphate 3 unit;R47 | Polar contact | dTMP phosphate unit;R90 | Polar contact | ATP phosphate 3 unit;R90 | Polar contact | dTMP phosphate unit;S11 | Polar contact | ATP phosphate 2 unit;T14 | Metal contact | Mg2+ ion;T14 | Polar contact | ATP phosphate 2 unit;T15 | Polar contact | ATP phosphate 1 unit
AqTMK_240,class_73,13,D9 | Polar contact | ATP phosphate 2–3 bridging oxygen;G10 | Polar contact | ATP phosphate 2–3 bridging oxygen;G12 | Polar contact | ATP phosphate 1–2 bridging oxygen;K13 | Polar contact | ATP phosphate 2 unit;K13 | Polar contact | ATP phosphate 3 unit;R35 | Polar contact | dTMP phosphate unit;R47 | Polar contact | dTMP phosphate unit;R90 | Polar contact | ATP phosphate 3 unit;R90 | Polar contact | dTMP phosphate unit;S11 | Polar contact | ATP phosphate 2 unit;T14 | Metal contact | Mg2+ ion;T14 | Polar contact | ATP phosphate 2 unit;T15 | Polar contact | ATP phosphate 1 unit,D9 | Polar contact | ATP phosphate 2–3 bridging oxygen;G10 | Polar contact | ATP phosphate 2–3 bridging oxygen;G12 | Polar contact | ATP phosphate 1–2 bridging oxygen;K13 | Polar contact | ATP phosphate 2 unit;K13 | Polar contact | ATP phosphate 3 unit;R35 | Polar contact | dTMP phosphate unit;R47 | Polar contact | dTMP phosphate unit;R90 | Polar contact | ATP phosphate 3 unit;R90 | Polar contact | dTMP phosphate unit;S11 | Polar contact | ATP phosphate 2 unit;T14 | Metal contact | Mg2+ ion;T14 | Polar contact | ATP phosphate 2 unit;T15 | Polar contact | ATP phosphate 1 unit
AqTMK_242,class_74,12,D9 | Polar contact | ATP phosphate 2–3 bridging oxygen;G10 | Polar contact | ATP phosphate 2–3 bridging oxygen;G12 | Polar contact | ATP phosphate 1–2 bridging oxygen;K13 | Polar contact | ATP phosphate 2 unit;K13 | Polar contact | ATP phosphate 3 unit;R35 | Polar contact | dTMP phosphate unit;R90 | Polar contact | ATP phosphate 3 unit;R90 | Polar contact | dTMP phosphate unit;S11 | Polar contact | ATP phosphate 2 unit;T14 | Metal contact | Mg2+ ion;T14 | Polar contact | ATP phosphate 2 unit;T15 | Polar contact | ATP phosphate 1 unit,D9 | Polar contact | ATP phosphate 2–3 bridging oxygen;G10 | Polar contact | ATP phosphate 2–3 bridging oxygen;G12 | Polar contact | ATP phosphate 1–2 bridging oxygen;K13 | Polar contact | ATP phosphate 2 unit;K13 | Polar contact | ATP phosphate 3 unit;R35 | Polar contact | dTMP phosphate unit;R90 | Polar contact | ATP phosphate 3 unit;R90 | Polar contact | dTMP phosphate unit;S11 | Polar contact | ATP phosphate 2 unit;T14 | Metal contact | Mg2+ ion;T14 | Polar contact | ATP phosphate 2 unit;T15 | Polar contact | ATP phosphate 1 unit
AqTMK_275,class_75,12,D9 | Polar contact | ATP phosphate 3 unit;G10 | Polar contact | ATP phosphate 2–3 bridging oxygen;G12 | Polar contact | ATP phosphate 1–2 bridging oxygen;K13 | Polar contact | ATP phosphate 2 unit;K13 | Polar contact | ATP phosphate 3 unit;R145 | Polar contact | dTMP phosphate unit;R47 | Polar contact | dTMP phosphate unit;R90 | Polar contact | dTMP phosphate unit;S11 | Polar contact | ATP phosphate 2 unit;T14 | Metal contact | Mg2+ ion;T14 | Polar contact | ATP phosphate 2 unit;T15 | Polar contact | ATP phosphate 1 unit,D9 | Polar contact | ATP phosphate 3 unit;G10 | Polar contact | ATP phosphate 2–3 bridging oxygen;G12 | Polar contact | ATP phosphate 1–2 bridging oxygen;K13 | Polar contact | ATP phosphate 2 unit;K13 | Polar contact | ATP phosphate 3 unit;R145 | Polar contact | dTMP phosphate unit;R47 | Polar contact | dTMP phosphate unit;R90 | Polar contact | dTMP phosphate unit;S11 | Polar contact | ATP phosphate 2 unit;T14 | Metal contact | Mg2+ ion;T14 | Polar contact | ATP phosphate 2 unit;T15 | Polar contact | ATP phosphate 1 unit
AqTMK_279,class_76,13,D9 | Polar contact | ATP phosphate 2–3 bridging oxygen;D9 | Polar contact | dTMP phosphate unit;G10 | Polar contact | ATP phosphate 2–3 bridging oxygen;G12 | Polar contact | ATP phosphate 1–2 bridging oxygen;K13 | Polar contact | ATP phosphate 2 unit;K13 | Polar contact | ATP phosphate 3 unit;R35 | Polar contact | dTMP phosphate unit;R90 | Polar contact | ATP phosphate 3 unit;R90 | Polar contact | dTMP phosphate unit;S11 | Polar contact | ATP phosphate 2 unit;T14 | Metal contact | Mg2+ ion;T14 | Polar contact | ATP phosphate 2 unit;T15 | Polar contact | ATP phosphate 1 unit,D9 | Polar contact | ATP phosphate 2–3 bridging oxygen;D9 | Polar contact | dTMP phosphate unit;G10 | Polar contact | ATP phosphate 2–3 bridging oxygen;G12 | Polar contact | ATP phosphate 1–2 bridging oxygen;K13 | Polar contact | ATP phosphate 2 unit;K13 | Polar contact | ATP phosphate 3 unit;R35 | Polar contact | dTMP phosphate unit;R90 | Polar contact | ATP phosphate 3 unit;R90 | Polar contact | dTMP phosphate unit;S11 | Polar contact | ATP phosphate 2 unit;T14 | Metal contact | Mg2+ ion;T14 | Polar contact | ATP phosphate 2 unit;T15 | Polar contact | ATP phosphate 1 unit
AqTMK_286,class_77,12,D9 | Polar contact | ATP phosphate 3 unit;G10 | Polar contact | ATP phosphate 2–3 bridging oxygen;G12 | Polar contact | ATP phosphate 1–2 bridging oxygen;K13 | Polar contact | ATP phosphate 2 unit;K13 | Polar contact | ATP phosphate 3 unit;R47 | Polar contact | dTMP phosphate unit;R90 | Polar contact | ATP phosphate 3 unit;R90 | Polar contact | dTMP phosphate unit;S11 | Polar contact | ATP phosphate 2 unit;T14 | Metal contact | Mg2+ ion;T14 | Polar contact | ATP phosphate 2 unit;T15 | Polar contact | ATP phosphate 1 unit,D9 | Polar contact | ATP phosphate 3 unit;G10 | Polar contact | ATP phosphate 2–3 bridging oxygen;G12 | Polar contact | ATP phosphate 1–2 bridging oxygen;K13 | Polar contact | ATP phosphate 2 unit;K13 | Polar contact | ATP phosphate 3 unit;R47 | Polar contact | dTMP phosphate unit;R90 | Polar contact | ATP phosphate 3 unit;R90 | Polar contact | dTMP phosphate unit;S11 | Polar contact | ATP phosphate 2 unit;T14 | Metal contact | Mg2+ ion;T14 | Polar contact | ATP phosphate 2 unit;T15 | Polar contact | ATP phosphate 1 unit
AqTMK_290,class_78,12,D9 | Polar contact | ATP phosphate 3 unit;G10 | Polar contact | ATP phosphate 2–3 bridging oxygen;G12 | Polar contact | ATP phosphate 2 unit;K13 | Polar contact | ATP phosphate 2 unit;K13 | Polar contact | ATP phosphate 3 unit;R35 | Polar contact | dTMP phosphate unit;R90 | Polar contact | ATP phosphate 3 unit;R90 | Polar contact | dTMP phosphate unit;S11 | Polar contact | ATP phosphate 2 unit;T14 | Metal contact | Mg2+ ion;T14 | Polar contact | ATP phosphate 2 unit;T15 | Polar contact | ATP phosphate 1 unit,D9 | Polar contact | ATP phosphate 3 unit;G10 | Polar contact | ATP phosphate 2–3 bridging oxygen;G12 | Polar contact | ATP phosphate 2 unit;K13 | Polar contact | ATP phosphate 2 unit;K13 | Polar contact | ATP phosphate 3 unit;R35 | Polar contact | dTMP phosphate unit;R90 | Polar contact | ATP phosphate 3 unit;R90 | Polar contact | dTMP phosphate unit;S11 | Polar contact | ATP phosphate 2 unit;T14 | Metal contact | Mg2+ ion;T14 | Polar contact | ATP phosphate 2 unit;T15 | Polar contact | ATP phosphate 1 unit
AqTMK_299,class_79,12,D9 | Polar contact | ATP phosphate 3 unit;G10 | Polar contact | ATP phosphate 2–3 bridging oxygen;G12 | Polar contact | ATP phosphate 1–2 bridging oxygen;K13 | Polar contact | ATP phosphate 2 unit;K13 | Polar contact | ATP phosphate 3 unit;R35 | Polar contact | dTMP phosphate unit;R90 | Polar contact | ATP phosphate 3 unit;R90 | Polar contact | dTMP phosphate unit;S11 | Polar contact | ATP phosphate 2 unit;T14 | Metal contact | Mg2+ ion;T14 | Polar contact | ATP phosphate 2 unit;T15 | Polar contact | ATP phosphate 1 unit,D9 | Polar contact | ATP phosphate 3 unit;G10 | Polar contact | ATP phosphate 2–3 bridging oxygen;G12 | Polar contact | ATP phosphate 1–2 bridging oxygen;K13 | Polar contact | ATP phosphate 2 unit;K13 | Polar contact | ATP phosphate 3 unit;R35 | Polar contact | dTMP phosphate unit;R90 | Polar contact | ATP phosphate 3 unit;R90 | Polar contact | dTMP phosphate unit;S11 | Polar contact | ATP phosphate 2 unit;T14 | Metal contact | Mg2+ ion;T14 | Polar contact | ATP phosphate 2 unit;T15 | Polar contact | ATP phosphate 1 unit
AqTMK_309,class_80,12,D9 | Polar contact | ATP phosphate 3 unit;G10 | Polar contact | ATP phosphate 2–3 bridging oxygen;G12 | Polar contact | ATP phosphate 2 unit;K13 | Polar contact | ATP phosphate 2 unit;K13 | Polar contact | ATP phosphate 3 unit;R47 | Polar contact | dTMP phosphate unit;R90 | Polar contact | ATP phosphate 3 unit;R90 | Polar contact | dTMP phosphate unit;S11 | Polar contact | ATP phosphate 2 unit;T14 | Metal contact | Mg2+ ion;T14 | Polar contact | ATP phosphate 2 unit;T15 | Polar contact | ATP phosphate 1 unit,D9 | Polar contact | ATP phosphate 3 unit;G10 | Polar contact | ATP phosphate 2–3 bridging oxygen;G12 | Polar contact | ATP phosphate 2 unit;K13 | Polar contact | ATP phosphate 2 unit;K13 | Polar contact | ATP phosphate 3 unit;R47 | Polar contact | dTMP phosphate unit;R90 | Polar contact | ATP phosphate 3 unit;R90 | Polar contact | dTMP phosphate unit;S11 | Polar contact | ATP phosphate 2 unit;T14 | Metal contact | Mg2+ ion;T14 | Polar contact | ATP phosphate 2 unit;T15 | Polar contact | ATP phosphate 1 unit
AqTMK_45,class_81,12,D9 | Polar contact | ATP phosphate 3 unit;G10 | Polar contact | ATP phosphate 2–3 bridging oxygen;G12 | Polar contact | ATP phosphate 1–2 bridging oxygen;K13 | Polar contact | ATP phosphate 2 unit;K13 | Polar contact | ATP phosphate 3 unit;R47 | Polar contact | dTMP phosphate unit;R90 | Polar contact | ATP phosphate 3 unit;R90 | Polar contact | dTMP phosphate unit;S11 | Polar contact | ATP phosphate 2 unit;T14 | Metal contact | Mg2+ ion;T14 | Polar contact | ATP phosphate 2 unit;T15 | Polar contact | ATP phosphate 1 unit,D9 | Polar contact | ATP phosphate 3 unit;G10 | Polar contact | ATP phosphate 2–3 bridging oxygen;G12 | Polar contact | ATP phosphate 1–2 bridging oxygen;K13 | Polar contact | ATP phosphate 2 unit;K13 | Polar contact | ATP phosphate 3 unit;R47 | Polar contact | dTMP phosphate unit;R90 | Polar contact | ATP phosphate 3 unit;R90 | Polar contact | dTMP phosphate unit;S11 | Polar contact | ATP phosphate 2 unit;T14 | Metal contact | Mg2+ ion;T14 | Polar contact | ATP phosphate 2 unit;T15 | Polar contact | ATP phosphate 1 unit
AqTMK_108,class_82,12,D9 | Polar contact | ATP phosphate 3 unit;G10 | Polar contact | ATP phosphate 2–3 bridging oxygen;G12 | Polar contact | ATP phosphate 2 unit;K13 | Polar contact | ATP phosphate 2 unit;K13 | Polar contact | ATP phosphate 3 unit;R47 | Polar contact | dTMP phosphate unit;R90 | Polar contact | ATP phosphate 3 unit;R90 | Polar contact | dTMP phosphate unit;S11 | Polar contact | ATP phosphate 2 unit;T14 | Metal contact | Mg2+ ion;T14 | Polar contact | ATP phosphate 2 unit;T15 | Polar contact | ATP phosphate 1 unit,D9 | Polar contact | ATP phosphate 3 unit;G10 | Polar contact | ATP phosphate 2–3 bridging oxygen;G12 | Polar contact | ATP phosphate 2 unit;K13 | Polar contact | ATP phosphate 2 unit;K13 | Polar contact | ATP phosphate 3 unit;R47 | Polar contact | dTMP phosphate unit;R90 | Polar contact | ATP phosphate 3 unit;R90 | Polar contact | dTMP phosphate unit;S11 | Polar contact | ATP phosphate 2 unit;T14 | Metal contact | Mg2+ ion;T14 | Polar contact | ATP phosphate 2 unit;T15 | Polar contact | ATP phosphate 1 unit
AqTMK_112,class_82,12,D9 | Polar contact | ATP phosphate 3 unit;G10 | Polar contact | ATP phosphate 2–3 bridging oxygen;G12 | Polar contact | ATP phosphate 2 unit;K13 | Polar contact | ATP phosphate 2 unit;K13 | Polar contact | ATP phosphate 3 unit;R47 | Polar contact | dTMP phosphate unit;R90 | Polar contact | ATP phosphate 3 unit;R90 | Polar contact | dTMP phosphate unit;S11 | Polar contact | ATP phosphate 2 unit;T14 | Metal contact | Mg2+ ion;T14 | Polar contact | ATP phosphate 2 unit;T15 | Polar contact | ATP phosphate 1 unit,D9 | Polar contact | ATP phosphate 3 unit;G10 | Polar contact | ATP phosphate 2–3 bridging oxygen;G12 | Polar contact | ATP phosphate 2 unit;K13 | Polar contact | ATP phosphate 2 unit;K13 | Polar contact | ATP phosphate 3 unit;R47 | Polar contact | dTMP phosphate unit;R90 | Polar contact | ATP phosphate 3 unit;R90 | Polar contact | dTMP phosphate unit;S11 | Polar contact | ATP phosphate 2 unit;T14 | Metal contact | Mg2+ ion;T14 | Polar contact | ATP phosphate 2 unit;T15 | Polar contact | ATP phosphate 1 unit
AqTMK_119,class_82,12,D9 | Polar contact | ATP phosphate 3 unit;G10 | Polar contact | ATP phosphate 2–3 bridging oxygen;G12 | Polar contact | ATP phosphate 2 unit;K13 | Polar contact | ATP phosphate 2 unit;K13 | Polar contact | ATP phosphate 3 unit;R47 | Polar contact | dTMP phosphate unit;R90 | Polar contact | ATP phosphate 3 unit;R90 | Polar contact | dTMP phosphate unit;S11 | Polar contact | ATP phosphate 2 unit;T14 | Metal contact | Mg2+ ion;T14 | Polar contact | ATP phosphate 2 unit;T15 | Polar contact | ATP phosphate 1 unit,D9 | Polar contact | ATP phosphate 3 unit;G10 | Polar contact | ATP phosphate 2–3 bridging oxygen;G12 | Polar contact | ATP phosphate 2 unit;K13 | Polar contact | ATP phosphate 2 unit;K13 | Polar contact | ATP phosphate 3 unit;R47 | Polar contact | dTMP phosphate unit;R90 | Polar contact | ATP phosphate 3 unit;R90 | Polar contact | dTMP phosphate unit;S11 | Polar contact | ATP phosphate 2 unit;T14 | Metal contact | Mg2+ ion;T14 | Polar contact | ATP phosphate 2 unit;T15 | Polar contact | ATP phosphate 1 unit
AqTMK_133,class_82,12,D9 | Polar contact | ATP phosphate 3 unit;G10 | Polar contact | ATP phosphate 2–3 bridging oxygen;G12 | Polar contact | ATP phosphate 2 unit;K13 | Polar contact | ATP phosphate 2 unit;K13 | Polar contact | ATP phosphate 3 unit;R47 | Polar contact | dTMP phosphate unit;R90 | Polar contact | ATP phosphate 3 unit;R90 | Polar contact | dTMP phosphate unit;S11 | Polar contact | ATP phosphate 2 unit;T14 | Metal contact | Mg2+ ion;T14 | Polar contact | ATP phosphate 2 unit;T15 | Polar contact | ATP phosphate 1 unit,D9 | Polar contact | ATP phosphate 3 unit;G10 | Polar contact | ATP phosphate 2–3 bridging oxygen;G12 | Polar contact | ATP phosphate 2 unit;K13 | Polar contact | ATP phosphate 2 unit;K13 | Polar contact | ATP phosphate 3 unit;R47 | Polar contact | dTMP phosphate unit;R90 | Polar contact | ATP phosphate 3 unit;R90 | Polar contact | dTMP phosphate unit;S11 | Polar contact | ATP phosphate 2 unit;T14 | Metal contact | Mg2+ ion;T14 | Polar contact | ATP phosphate 2 unit;T15 | Polar contact | ATP phosphate 1 unit
AqTMK_253,class_82,12,D9 | Polar contact | ATP phosphate 3 unit;G10 | Polar contact | ATP phosphate 2–3 bridging oxygen;G12 | Polar contact | ATP phosphate 2 unit;K13 | Polar contact | ATP phosphate 2 unit;K13 | Polar contact | ATP phosphate 3 unit;R47 | Polar contact | dTMP phosphate unit;R90 | Polar contact | ATP phosphate 3 unit;R90 | Polar contact | dTMP phosphate unit;S11 | Polar contact | ATP phosphate 2 unit;T14 | Metal contact | Mg2+ ion;T14 | Polar contact | ATP phosphate 2 unit;T15 | Polar contact | ATP phosphate 1 unit,D9 | Polar contact | ATP phosphate 3 unit;G10 | Polar contact | ATP phosphate 2–3 bridging oxygen;G12 | Polar contact | ATP phosphate 2 unit;K13 | Polar contact | ATP phosphate 2 unit;K13 | Polar contact | ATP phosphate 3 unit;R47 | Polar contact | dTMP phosphate unit;R90 | Polar contact | ATP phosphate 3 unit;R90 | Polar contact | dTMP phosphate unit;S11 | Polar contact | ATP phosphate 2 unit;T14 | Metal contact | Mg2+ ion;T14 | Polar contact | ATP phosphate 2 unit;T15 | Polar contact | ATP phosphate 1 unit
AqTMK_288,class_82,12,D9 | Polar contact | ATP phosphate 3 unit;G10 | Polar contact | ATP phosphate 2–3 bridging oxygen;G12 | Polar contact | ATP phosphate 2 unit;K13 | Polar contact | ATP phosphate 2 unit;K13 | Polar contact | ATP phosphate 3 unit;R47 | Polar contact | dTMP phosphate unit;R90 | Polar contact | ATP phosphate 3 unit;R90 | Polar contact | dTMP phosphate unit;S11 | Polar contact | ATP phosphate 2 unit;T14 | Metal contact | Mg2+ ion;T14 | Polar contact | ATP phosphate 2 unit;T15 | Polar contact | ATP phosphate 1 unit,D9 | Polar contact | ATP phosphate 3 unit;G10 | Polar contact | ATP phosphate 2–3 bridging oxygen;G12 | Polar contact | ATP phosphate 2 unit;K13 | Polar contact | ATP phosphate 2 unit;K13 | Polar contact | ATP phosphate 3 unit;R47 | Polar contact | dTMP phosphate unit;R90 | Polar contact | ATP phosphate 3 unit;R90 | Polar contact | dTMP phosphate unit;S11 | Polar contact | ATP phosphate 2 unit;T14 | Metal contact | Mg2+ ion;T14 | Polar contact | ATP phosphate 2 unit;T15 | Polar contact | ATP phosphate 1 unit
AqTMK_47,class_82,12,D9 | Polar contact | ATP phosphate 3 unit;G10 | Polar contact | ATP phosphate 2–3 bridging oxygen;G12 | Polar contact | ATP phosphate 2 unit;K13 | Polar contact | ATP phosphate 2 unit;K13 | Polar contact | ATP phosphate 3 unit;R47 | Polar contact | dTMP phosphate unit;R90 | Polar contact | ATP phosphate 3 unit;R90 | Polar contact | dTMP phosphate unit;S11 | Polar contact | ATP phosphate 2 unit;T14 | Metal contact | Mg2+ ion;T14 | Polar contact | ATP phosphate 2 unit;T15 | Polar contact | ATP phosphate 1 unit,D9 | Polar contact | ATP phosphate 3 unit;G10 | Polar contact | ATP phosphate 2–3 bridging oxygen;G12 | Polar contact | ATP phosphate 2 unit;K13 | Polar contact | ATP phosphate 2 unit;K13 | Polar contact | ATP phosphate 3 unit;R47 | Polar contact | dTMP phosphate unit;R90 | Polar contact | ATP phosphate 3 unit;R90 | Polar contact | dTMP phosphate unit;S11 | Polar contact | ATP phosphate 2 unit;T14 | Metal contact | Mg2+ ion;T14 | Polar contact | ATP phosphate 2 unit;T15 | Polar contact | ATP phosphate 1 unit
AqTMK_48,class_82,12,D9 | Polar contact | ATP phosphate 3 unit;G10 | Polar contact | ATP phosphate 2–3 bridging oxygen;G12 | Polar contact | ATP phosphate 2 unit;K13 | Polar contact | ATP phosphate 2 unit;K13 | Polar contact | ATP phosphate 3 unit;R47 | Polar contact | dTMP phosphate unit;R90 | Polar contact | ATP phosphate 3 unit;R90 | Polar contact | dTMP phosphate unit;S11 | Polar contact | ATP phosphate 2 unit;T14 | Metal contact | Mg2+ ion;T14 | Polar contact | ATP phosphate 2 unit;T15 | Polar contact | ATP phosphate 1 unit,D9 | Polar contact | ATP phosphate 3 unit;G10 | Polar contact | ATP phosphate 2–3 bridging oxygen;G12 | Polar contact | ATP phosphate 2 unit;K13 | Polar contact | ATP phosphate 2 unit;K13 | Polar contact | ATP phosphate 3 unit;R47 | Polar contact | dTMP phosphate unit;R90 | Polar contact | ATP phosphate 3 unit;R90 | Polar contact | dTMP phosphate unit;S11 | Polar contact | ATP phosphate 2 unit;T14 | Metal contact | Mg2+ ion;T14 | Polar contact | ATP phosphate 2 unit;T15 | Polar contact | ATP phosphate 1 unit
AqTMK_72,class_82,12,D9 | Polar contact | ATP phosphate 3 unit;G10 | Polar contact | ATP phosphate 2–3 bridging oxygen;G12 | Polar contact | ATP phosphate 2 unit;K13 | Polar contact | ATP phosphate 2 unit;K13 | Polar contact | ATP phosphate 3 unit;R47 | Polar contact | dTMP phosphate unit;R90 | Polar contact | ATP phosphate 3 unit;R90 | Polar contact | dTMP phosphate unit;S11 | Polar contact | ATP phosphate 2 unit;T14 | Metal contact | Mg2+ ion;T14 | Polar contact | ATP phosphate 2 unit;T15 | Polar contact | ATP phosphate 1 unit,D9 | Polar contact | ATP phosphate 3 unit;G10 | Polar contact | ATP phosphate 2–3 bridging oxygen;G12 | Polar contact | ATP phosphate 2 unit;K13 | Polar contact | ATP phosphate 2 unit;K13 | Polar contact | ATP phosphate 3 unit;R47 | Polar contact | dTMP phosphate unit;R90 | Polar contact | ATP phosphate 3 unit;R90 | Polar contact | dTMP phosphate unit;S11 | Polar contact | ATP phosphate 2 unit;T14 | Metal contact | Mg2+ ion;T14 | Polar contact | ATP phosphate 2 unit;T15 | Polar contact | ATP phosphate 1 unit
AqTMK_172,class_83,11,D9 | Polar contact | ATP phosphate 3 unit;G10 | Polar contact | ATP phosphate 2–3 bridging oxygen;G12 | Polar contact | ATP phosphate 2 unit;K13 | Polar contact | ATP phosphate 2 unit;K13 | Polar contact | ATP phosphate 3 unit;R47 | Polar contact | dTMP phosphate unit;R90 | Polar contact | ATP phosphate 3 unit;R90 | Polar contact | dTMP phosphate unit;S11 | Polar contact | ATP phosphate 2 unit;T14 | Polar contact | ATP phosphate 2 unit;T15 | Polar contact | ATP phosphate 1 unit,D9 | Polar contact | ATP phosphate 3 unit;G10 | Polar contact | ATP phosphate 2–3 bridging oxygen;G12 | Polar contact | ATP phosphate 2 unit;K13 | Polar contact | ATP phosphate 2 unit;K13 | Polar contact | ATP phosphate 3 unit;R47 | Polar contact | dTMP phosphate unit;R90 | Polar contact | ATP phosphate 3 unit;R90 | Polar contact | dTMP phosphate unit;S11 | Polar contact | ATP phosphate 2 unit;T14 | Polar contact | ATP phosphate 2 unit;T15 | Polar contact | ATP phosphate 1 unit
AqTMK_53,class_83,11,D9 | Polar contact | ATP phosphate 3 unit;G10 | Polar contact | ATP phosphate 2–3 bridging oxygen;G12 | Polar contact | ATP phosphate 2 unit;K13 | Polar contact | ATP phosphate 2 unit;K13 | Polar contact | ATP phosphate 3 unit;R47 | Polar contact | dTMP phosphate unit;R90 | Polar contact | ATP phosphate 3 unit;R90 | Polar contact | dTMP phosphate unit;S11 | Polar contact | ATP phosphate 2 unit;T14 | Polar contact | ATP phosphate 2 unit;T15 | Polar contact | ATP phosphate 1 unit,D9 | Polar contact | ATP phosphate 3 unit;G10 | Polar contact | ATP phosphate 2–3 bridging oxygen;G12 | Polar contact | ATP phosphate 2 unit;K13 | Polar contact | ATP phosphate 2 unit;K13 | Polar contact | ATP phosphate 3 unit;R47 | Polar contact | dTMP phosphate unit;R90 | Polar contact | ATP phosphate 3 unit;R90 | Polar contact | dTMP phosphate unit;S11 | Polar contact | ATP phosphate 2 unit;T14 | Polar contact | ATP phosphate 2 unit;T15 | Polar contact | ATP phosphate 1 unit
AqTMK_92,class_83,11,D9 | Polar contact | ATP phosphate 3 unit;G10 | Polar contact | ATP phosphate 2–3 bridging oxygen;G12 | Polar contact | ATP phosphate 2 unit;K13 | Polar contact | ATP phosphate 2 unit;K13 | Polar contact | ATP phosphate 3 unit;R47 | Polar contact | dTMP phosphate unit;R90 | Polar contact | ATP phosphate 3 unit;R90 | Polar contact | dTMP phosphate unit;S11 | Polar contact | ATP phosphate 2 unit;T14 | Polar contact | ATP phosphate 2 unit;T15 | Polar contact | ATP phosphate 1 unit,D9 | Polar contact | ATP phosphate 3 unit;G10 | Polar contact | ATP phosphate 2–3 bridging oxygen;G12 | Polar contact | ATP phosphate 2 unit;K13 | Polar contact | ATP phosphate 2 unit;K13 | Polar contact | ATP phosphate 3 unit;R47 | Polar contact | dTMP phosphate unit;R90 | Polar contact | ATP phosphate 3 unit;R90 | Polar contact | dTMP phosphate unit;S11 | Polar contact | ATP phosphate 2 unit;T14 | Polar contact | ATP phosphate 2 unit;T15 | Polar contact | ATP phosphate 1 unit
AqTMK_122,class_84,11,G10 | Polar contact | ATP phosphate 2–3 bridging oxygen;G12 | Polar contact | ATP phosphate 2 unit;K13 | Polar contact | ATP phosphate 2 unit;K13 | Polar contact | ATP phosphate 3 unit;R47 | Polar contact | dTMP phosphate unit;R90 | Polar contact | ATP phosphate 3 unit;R90 | Polar contact | dTMP phosphate unit;S11 | Polar contact | ATP phosphate 2 unit;T14 | Metal contact | Mg2+ ion;T14 | Polar contact | ATP phosphate 2 unit;T15 | Polar contact | ATP phosphate 1 unit,G10 | Polar contact | ATP phosphate 2–3 bridging oxygen;G12 | Polar contact | ATP phosphate 2 unit;K13 | Polar contact | ATP phosphate 2 unit;K13 | Polar contact | ATP phosphate 3 unit;R47 | Polar contact | dTMP phosphate unit;R90 | Polar contact | ATP phosphate 3 unit;R90 | Polar contact | dTMP phosphate unit;S11 | Polar contact | ATP phosphate 2 unit;T14 | Metal contact | Mg2+ ion;T14 | Polar contact | ATP phosphate 2 unit;T15 | Polar contact | ATP phosphate 1 unit
AqTMK_132,class_84,11,G10 | Polar contact | ATP phosphate 2–3 bridging oxygen;G12 | Polar contact | ATP phosphate 2 unit;K13 | Polar contact | ATP phosphate 2 unit;K13 | Polar contact | ATP phosphate 3 unit;R47 | Polar contact | dTMP phosphate unit;R90 | Polar contact | ATP phosphate 3 unit;R90 | Polar contact | dTMP phosphate unit;S11 | Polar contact | ATP phosphate 2 unit;T14 | Metal contact | Mg2+ ion;T14 | Polar contact | ATP phosphate 2 unit;T15 | Polar contact | ATP phosphate 1 unit,G10 | Polar contact | ATP phosphate 2–3 bridging oxygen;G12 | Polar contact | ATP phosphate 2 unit;K13 | Polar contact | ATP phosphate 2 unit;K13 | Polar contact | ATP phosphate 3 unit;R47 | Polar contact | dTMP phosphate unit;R90 | Polar contact | ATP phosphate 3 unit;R90 | Polar contact | dTMP phosphate unit;S11 | Polar contact | ATP phosphate 2 unit;T14 | Metal contact | Mg2+ ion;T14 | Polar contact | ATP phosphate 2 unit;T15 | Polar contact | ATP phosphate 1 unit
AqTMK_201,class_84,11,G10 | Polar contact | ATP phosphate 2–3 bridging oxygen;G12 | Polar contact | ATP phosphate 2 unit;K13 | Polar contact | ATP phosphate 2 unit;K13 | Polar contact | ATP phosphate 3 unit;R47 | Polar contact | dTMP phosphate unit;R90 | Polar contact | ATP phosphate 3 unit;R90 | Polar contact | dTMP phosphate unit;S11 | Polar contact | ATP phosphate 2 unit;T14 | Metal contact | Mg2+ ion;T14 | Polar contact | ATP phosphate 2 unit;T15 | Polar contact | ATP phosphate 1 unit,G10 | Polar contact | ATP phosphate 2–3 bridging oxygen;G12 | Polar contact | ATP phosphate 2 unit;K13 | Polar contact | ATP phosphate 2 unit;K13 | Polar contact | ATP phosphate 3 unit;R47 | Polar contact | dTMP phosphate unit;R90 | Polar contact | ATP phosphate 3 unit;R90 | Polar contact | dTMP phosphate unit;S11 | Polar contact | ATP phosphate 2 unit;T14 | Metal contact | Mg2+ ion;T14 | Polar contact | ATP phosphate 2 unit;T15 | Polar contact | ATP phosphate 1 unit
AqTMK_57,class_84,11,G10 | Polar contact | ATP phosphate 2–3 bridging oxygen;G12 | Polar contact | ATP phosphate 2 unit;K13 | Polar contact | ATP phosphate 2 unit;K13 | Polar contact | ATP phosphate 3 unit;R47 | Polar contact | dTMP phosphate unit;R90 | Polar contact | ATP phosphate 3 unit;R90 | Polar contact | dTMP phosphate unit;S11 | Polar contact | ATP phosphate 2 unit;T14 | Metal contact | Mg2+ ion;T14 | Polar contact | ATP phosphate 2 unit;T15 | Polar contact | ATP phosphate 1 unit,G10 | Polar contact | ATP phosphate 2–3 bridging oxygen;G12 | Polar contact | ATP phosphate 2 unit;K13 | Polar contact | ATP phosphate 2 unit;K13 | Polar contact | ATP phosphate 3 unit;R47 | Polar contact | dTMP phosphate unit;R90 | Polar contact | ATP phosphate 3 unit;R90 | Polar contact | dTMP phosphate unit;S11 | Polar contact | ATP phosphate 2 unit;T14 | Metal contact | Mg2+ ion;T14 | Polar contact | ATP phosphate 2 unit;T15 | Polar contact | ATP phosphate 1 unit
AqTMK_94,class_84,11,G10 | Polar contact | ATP phosphate 2–3 bridging oxygen;G12 | Polar contact | ATP phosphate 2 unit;K13 | Polar contact | ATP phosphate 2 unit;K13 | Polar contact | ATP phosphate 3 unit;R47 | Polar contact | dTMP phosphate unit;R90 | Polar contact | ATP phosphate 3 unit;R90 | Polar contact | dTMP phosphate unit;S11 | Polar contact | ATP phosphate 2 unit;T14 | Metal contact | Mg2+ ion;T14 | Polar contact | ATP phosphate 2 unit;T15 | Polar contact | ATP phosphate 1 unit,G10 | Polar contact | ATP phosphate 2–3 bridging oxygen;G12 | Polar contact | ATP phosphate 2 unit;K13 | Polar contact | ATP phosphate 2 unit;K13 | Polar contact | ATP phosphate 3 unit;R47 | Polar contact | dTMP phosphate unit;R90 | Polar contact | ATP phosphate 3 unit;R90 | Polar contact | dTMP phosphate unit;S11 | Polar contact | ATP phosphate 2 unit;T14 | Metal contact | Mg2+ ion;T14 | Polar contact | ATP phosphate 2 unit;T15 | Polar contact | ATP phosphate 1 unit
AqTMK_73,class_85,12,D9 | Polar contact | ATP phosphate 3 unit;G10 | Polar contact | ATP phosphate 2–3 bridging oxygen;G12 | Polar contact | ATP phosphate 2 unit;K13 | Polar contact | ATP phosphate 2 unit;K13 | Polar contact | ATP phosphate 3 unit;R47 | Polar contact | dTMP phosphate unit;R90 | Polar contact | ATP phosphate 3 unit;R90 | Polar contact | dTMP phosphate unit;S11 | Polar contact | ATP phosphate 2 unit;T14 | Metal contact | Mg2+ ion;T14 | Polar contact | ATP phosphate 2 unit;T15 | Polar contact | ATP phosphate 1 unit,D9 | Polar contact | ATP phosphate 3 unit;G10 | Polar contact | ATP phosphate 2–3 bridging oxygen;G12 | Polar contact | ATP phosphate 2 unit;K13 | Polar contact | ATP phosphate 2 unit;K13 | Polar contact | ATP phosphate 3 unit;R47 | Polar contact | dTMP phosphate unit;R90 | Polar contact | ATP phosphate 3 unit;R90 | Polar contact | dTMP phosphate unit;S11 | Polar contact | ATP phosphate 2 unit;T14 | Metal contact | Mg2+ ion;T14 | Polar contact | ATP phosphate 2 unit;T15 | Polar contact | ATP phosphate 1 unit
AqTMK_76,class_85,12,D9 | Polar contact | ATP phosphate 3 unit;G10 | Polar contact | ATP phosphate 2–3 bridging oxygen;G12 | Polar contact | ATP phosphate 2 unit;K13 | Polar contact | ATP phosphate 2 unit;K13 | Polar contact | ATP phosphate 3 unit;R47 | Polar contact | dTMP phosphate unit;R90 | Polar contact | ATP phosphate 3 unit;R90 | Polar contact | dTMP phosphate unit;S11 | Polar contact | ATP phosphate 2 unit;T14 | Metal contact | Mg2+ ion;T14 | Polar contact | ATP phosphate 2 unit;T15 | Polar contact | ATP phosphate 1 unit,D9 | Polar contact | ATP phosphate 3 unit;G10 | Polar contact | ATP phosphate 2–3 bridging oxygen;G12 | Polar contact | ATP phosphate 2 unit;K13 | Polar contact | ATP phosphate 2 unit;K13 | Polar contact | ATP phosphate 3 unit;R47 | Polar contact | dTMP phosphate unit;R90 | Polar contact | ATP phosphate 3 unit;R90 | Polar contact | dTMP phosphate unit;S11 | Polar contact | ATP phosphate 2 unit;T14 | Metal contact | Mg2+ ion;T14 | Polar contact | ATP phosphate 2 unit;T15 | Polar contact | ATP phosphate 1 unit
AqTMK_110,class_86,12,D9 | Polar contact | ATP phosphate 3 unit;G10 | Polar contact | ATP phosphate 3 unit;G12 | Polar contact | ATP phosphate 2 unit;K13 | Polar contact | ATP phosphate 2 unit;K13 | Polar contact | ATP phosphate 3 unit;R47 | Polar contact | dTMP phosphate unit;R90 | Polar contact | ATP phosphate 3 unit;R90 | Polar contact | dTMP phosphate unit;S11 | Polar contact | ATP phosphate 2 unit;T14 | Metal contact | Mg2+ ion;T14 | Polar contact | ATP phosphate 2 unit;T15 | Polar contact | ATP phosphate 1 unit,D9 | Polar contact | ATP phosphate 3 unit;G10 | Polar contact | ATP phosphate 3 unit;G12 | Polar contact | ATP phosphate 2 unit;K13 | Polar contact | ATP phosphate 2 unit;K13 | Polar contact | ATP phosphate 3 unit;R47 | Polar contact | dTMP phosphate unit;R90 | Polar contact | ATP phosphate 3 unit;R90 | Polar contact | dTMP phosphate unit;S11 | Polar contact | ATP phosphate 2 unit;T14 | Metal contact | Mg2+ ion;T14 | Polar contact | ATP phosphate 2 unit;T15 | Polar contact | ATP phosphate 1 unit
AqTMK_123,class_87,12,D9 | Polar contact | ATP phosphate 3 unit;G10 | Polar contact | ATP phosphate 2–3 bridging oxygen;G12 | Polar contact | ATP phosphate 2 unit;K13 | Polar contact | ATP phosphate 2 unit;K13 | Polar contact | ATP phosphate 3 unit;R47 | Polar contact | dTMP phosphate unit;R90 | Polar contact | ATP phosphate 3 unit;R90 | Polar contact | dTMP phosphate unit;S11 | Polar contact | ATP phosphate 2 unit;T14 | Metal contact | Mg2+ ion;T14 | Polar contact | ATP phosphate 2 unit;T15 | Polar contact | ATP phosphate 1 unit,D9 | Polar contact | ATP phosphate 3 unit;G10 | Polar contact | ATP phosphate 2–3 bridging oxygen;G12 | Polar contact | ATP phosphate 2 unit;K13 | Polar contact | ATP phosphate 2 unit;K13 | Polar contact | ATP phosphate 3 unit;R47 | Polar contact | dTMP phosphate unit;R90 | Polar contact | ATP phosphate 3 unit;R90 | Polar contact | dTMP phosphate unit;S11 | Polar contact | ATP phosphate 2 unit;T14 | Metal contact | Mg2+ ion;T14 | Polar contact | ATP phosphate 2 unit;T15 | Polar contact | ATP phosphate 1 unit
AqTMK_167,class_88,12,D9 | Polar contact | ATP phosphate 3 unit;G10 | Polar contact | ATP phosphate 2–3 bridging oxygen;G12 | Polar contact | ATP phosphate 2 unit;K13 | Polar contact | ATP phosphate 2 unit;K13 | Polar contact | ATP phosphate 3 unit;R47 | Polar contact | dTMP phosphate unit;R90 | Polar contact | ATP phosphate 3 unit;R90 | Polar contact | dTMP phosphate unit;S11 | Polar contact | ATP phosphate 2 unit;T14 | Metal contact | Mg2+ ion;T14 | Polar contact | ATP phosphate 2 unit;T15 | Polar contact | ATP phosphate 1 unit,D9 | Polar contact | ATP phosphate 3 unit;G10 | Polar contact | ATP phosphate 2–3 bridging oxygen;G12 | Polar contact | ATP phosphate 2 unit;K13 | Polar contact | ATP phosphate 2 unit;K13 | Polar contact | ATP phosphate 3 unit;R47 | Polar contact | dTMP phosphate unit;R90 | Polar contact | ATP phosphate 3 unit;R90 | Polar contact | dTMP phosphate unit;S11 | Polar contact | ATP phosphate 2 unit;T14 | Metal contact | Mg2+ ion;T14 | Polar contact | ATP phosphate 2 unit;T15 | Polar contact | ATP phosphate 1 unit
AqTMK_237,class_88,12,D9 | Polar contact | ATP phosphate 3 unit;G10 | Polar contact | ATP phosphate 2–3 bridging oxygen;G12 | Polar contact | ATP phosphate 2 unit;K13 | Polar contact | ATP phosphate 2 unit;K13 | Polar contact | ATP phosphate 3 unit;R47 | Polar contact | dTMP phosphate unit;R90 | Polar contact | ATP phosphate 3 unit;R90 | Polar contact | dTMP phosphate unit;S11 | Polar contact | ATP phosphate 2 unit;T14 | Metal contact | Mg2+ ion;T14 | Polar contact | ATP phosphate 2 unit;T15 | Polar contact | ATP phosphate 1 unit,D9 | Polar contact | ATP phosphate 3 unit;G10 | Polar contact | ATP phosphate 2–3 bridging oxygen;G12 | Polar contact | ATP phosphate 2 unit;K13 | Polar contact | ATP phosphate 2 unit;K13 | Polar contact | ATP phosphate 3 unit;R47 | Polar contact | dTMP phosphate unit;R90 | Polar contact | ATP phosphate 3 unit;R90 | Polar contact | dTMP phosphate unit;S11 | Polar contact | ATP phosphate 2 unit;T14 | Metal contact | Mg2+ ion;T14 | Polar contact | ATP phosphate 2 unit;T15 | Polar contact | ATP phosphate 1 unit
AqTMK_178,class_89,12,D9 | Polar contact | ATP phosphate 2–3 bridging oxygen;G10 | Polar contact | ATP phosphate 2–3 bridging oxygen;G12 | Polar contact | ATP phosphate 2 unit;K13 | Polar contact | ATP phosphate 2 unit;K13 | Polar contact | ATP phosphate 3 unit;R47 | Polar contact | dTMP phosphate unit;R90 | Polar contact | ATP phosphate 2 unit;R90 | Polar contact | ATP phosphate 3 unit;R90 | Polar contact | dTMP phosphate unit;S11 | Polar contact | ATP phosphate 2 unit;T14 | Polar contact | ATP phosphate 2 unit;T15 | Polar contact | ATP phosphate 1 unit,D9 | Polar contact | ATP phosphate 2–3 bridging oxygen;G10 | Polar contact | ATP phosphate 2–3 bridging oxygen;G12 | Polar contact | ATP phosphate 2 unit;K13 | Polar contact | ATP phosphate 2 unit;K13 | Polar contact | ATP phosphate 3 unit;R47 | Polar contact | dTMP phosphate unit;R90 | Polar contact | ATP phosphate 2 unit;R90 | Polar contact | ATP phosphate 3 unit;R90 | Polar contact | dTMP phosphate unit;S11 | Polar contact | ATP phosphate 2 unit;T14 | Polar contact | ATP phosphate 2 unit;T15 | Polar contact | ATP phosphate 1 unit
AqTMK_184,class_90,12,D9 | Polar contact | ATP phosphate 3 unit;G10 | Polar contact | ATP phosphate 2–3 bridging oxygen;G12 | Polar contact | ATP phosphate 2 unit;K13 | Polar contact | ATP phosphate 2 unit;K13 | Polar contact | ATP phosphate 3 unit;R145 | Polar contact | dTMP phosphate unit;R47 | Polar contact | dTMP phosphate unit;R90 | Polar contact | ATP phosphate 3 unit;R90 | Polar contact | dTMP phosphate unit;S11 | Polar contact | ATP phosphate 2 unit;T14 | Polar contact | ATP phosphate 2 unit;T15 | Polar contact | ATP phosphate 1 unit,D9 | Polar contact | ATP phosphate 3 unit;G10 | Polar contact | ATP phosphate 2–3 bridging oxygen;G12 | Polar contact | ATP phosphate 2 unit;K13 | Polar contact | ATP phosphate 2 unit;K13 | Polar contact | ATP phosphate 3 unit;R145 | Polar contact | dTMP phosphate unit;R47 | Polar contact | dTMP phosphate unit;R90 | Polar contact | ATP phosphate 3 unit;R90 | Polar contact | dTMP phosphate unit;S11 | Polar contact | ATP phosphate 2 unit;T14 | Polar contact | ATP phosphate 2 unit;T15 | Polar contact | ATP phosphate 1 unit
AqTMK_195,class_91,12,D9 | Polar contact | ATP phosphate 3 unit;G10 | Polar contact | ATP phosphate 2–3 bridging oxygen;G12 | Polar contact | ATP phosphate 2 unit;K13 | Polar contact | ATP phosphate 2 unit;K13 | Polar contact | ATP phosphate 3 unit;R35 | Polar contact | dTMP phosphate unit;R90 | Polar contact | ATP phosphate 3 unit;R90 | Polar contact | dTMP phosphate unit;S11 | Polar contact | ATP phosphate 2 unit;T14 | Metal contact | Mg2+ ion;T14 | Polar contact | ATP phosphate 2 unit;T15 | Polar contact | ATP phosphate 1 unit,D9 | Polar contact | ATP phosphate 3 unit;G10 | Polar contact | ATP phosphate 2–3 bridging oxygen;G12 | Polar contact | ATP phosphate 2 unit;K13 | Polar contact | ATP phosphate 2 unit;K13 | Polar contact | ATP phosphate 3 unit;R35 | Polar contact | dTMP phosphate unit;R90 | Polar contact | ATP phosphate 3 unit;R90 | Polar contact | dTMP phosphate unit;S11 | Polar contact | ATP phosphate 2 unit;T14 | Metal contact | Mg2+ ion;T14 | Polar contact | ATP phosphate 2 unit;T15 | Polar contact | ATP phosphate 1 unit
AqTMK_211,class_92,12,D9 | Polar contact | ATP phosphate 2–3 bridging oxygen;G10 | Polar contact | ATP phosphate 2–3 bridging oxygen;G12 | Polar contact | ATP phosphate 1–2 bridging oxygen;K13 | Polar contact | ATP phosphate 2 unit;K13 | Polar contact | ATP phosphate 3 unit;R35 | Polar contact | dTMP phosphate unit;R47 | Polar contact | dTMP phosphate unit;R90 | Polar contact | dTMP phosphate unit;S11 | Polar contact | ATP phosphate 2 unit;T14 | Metal contact | Mg2+ ion;T14 | Polar contact | ATP phosphate 2 unit;T15 | Polar contact | ATP phosphate 1 unit,D9 | Polar contact | ATP phosphate 2–3 bridging oxygen;G10 | Polar contact | ATP phosphate 2–3 bridging oxygen;G12 | Polar contact | ATP phosphate 1–2 bridging oxygen;K13 | Polar contact | ATP phosphate 2 unit;K13 | Polar contact | ATP phosphate 3 unit;R35 | Polar contact | dTMP phosphate unit;R47 | Polar contact | dTMP phosphate unit;R90 | Polar contact | dTMP phosphate unit;S11 | Polar contact | ATP phosphate 2 unit;T14 | Metal contact | Mg2+ ion;T14 | Polar contact | ATP phosphate 2 unit;T15 | Polar contact | ATP phosphate 1 unit
AqTMK_238,class_93,12,D9 | Polar contact | ATP phosphate 3 unit;G10 | Polar contact | ATP phosphate 2–3 bridging oxygen;G12 | Polar contact | ATP phosphate 1–2 bridging oxygen;K13 | Polar contact | ATP phosphate 2 unit;K13 | Polar contact | ATP phosphate 3 unit;R35 | Polar contact | dTMP phosphate unit;R47 | Polar contact | dTMP phosphate unit;R90 | Polar contact | dTMP phosphate unit;S11 | Polar contact | ATP phosphate 2 unit;T14 | Metal contact | Mg2+ ion;T14 | Polar contact | ATP phosphate 2 unit;T15 | Polar contact | ATP phosphate 1 unit,D9 | Polar contact | ATP phosphate 3 unit;G10 | Polar contact | ATP phosphate 2–3 bridging oxygen;G12 | Polar contact | ATP phosphate 1–2 bridging oxygen;K13 | Polar contact | ATP phosphate 2 unit;K13 | Polar contact | ATP phosphate 3 unit;R35 | Polar contact | dTMP phosphate unit;R47 | Polar contact | dTMP phosphate unit;R90 | Polar contact | dTMP phosphate unit;S11 | Polar contact | ATP phosphate 2 unit;T14 | Metal contact | Mg2+ ion;T14 | Polar contact | ATP phosphate 2 unit;T15 | Polar contact | ATP phosphate 1 unit
AqTMK_276,class_94,12,D9 | Polar contact | ATP phosphate 3 unit;G10 | Polar contact | ATP phosphate 2–3 bridging oxygen;G12 | Polar contact | ATP phosphate 2 unit;K13 | Polar contact | ATP phosphate 2 unit;K13 | Polar contact | ATP phosphate 3 unit;K13 | Polar contact | dTMP phosphate unit;R35 | Polar contact | dTMP phosphate unit;R47 | Polar contact | dTMP phosphate unit;S11 | Polar contact | ATP phosphate 2 unit;T14 | Metal contact | Mg2+ ion;T14 | Polar contact | ATP phosphate 2 unit;T15 | Polar contact | ATP phosphate 1 unit,D9 | Polar contact | ATP phosphate 3 unit;G10 | Polar contact | ATP phosphate 2–3 bridging oxygen;G12 | Polar contact | ATP phosphate 2 unit;K13 | Polar contact | ATP phosphate 2 unit;K13 | Polar contact | ATP phosphate 3 unit;K13 | Polar contact | dTMP phosphate unit;R35 | Polar contact | dTMP phosphate unit;R47 | Polar contact | dTMP phosphate unit;S11 | Polar contact | ATP phosphate 2 unit;T14 | Metal contact | Mg2+ ion;T14 | Polar contact | ATP phosphate 2 unit;T15 | Polar contact | ATP phosphate 1 unit
AqTMK_277,class_95,12,D9 | Polar contact | ATP phosphate 3 unit;G10 | Polar contact | ATP phosphate 2–3 bridging oxygen;G12 | Polar contact | ATP phosphate 1–2 bridging oxygen;K13 | Polar contact | ATP phosphate 2 unit;K13 | Polar contact | ATP phosphate 3 unit;R35 | Polar contact | dTMP phosphate unit;R90 | Polar contact | ATP phosphate 3 unit;R90 | Polar contact | dTMP phosphate unit;S11 | Polar contact | ATP phosphate 2 unit;T14 | Metal contact | Mg2+ ion;T14 | Polar contact | ATP phosphate 2 unit;T15 | Polar contact | ATP phosphate 1 unit,D9 | Polar contact | ATP phosphate 3 unit;G10 | Polar contact | ATP phosphate 2–3 bridging oxygen;G12 | Polar contact | ATP phosphate 1–2 bridging oxygen;K13 | Polar contact | ATP phosphate 2 unit;K13 | Polar contact | ATP phosphate 3 unit;R35 | Polar contact | dTMP phosphate unit;R90 | Polar contact | ATP phosphate 3 unit;R90 | Polar contact | dTMP phosphate unit;S11 | Polar contact | ATP phosphate 2 unit;T14 | Metal contact | Mg2+ ion;T14 | Polar contact | ATP phosphate 2 unit;T15 | Polar contact | ATP phosphate 1 unit
AqTMK_300,class_95,12,D9 | Polar contact | ATP phosphate 3 unit;G10 | Polar contact | ATP phosphate 2–3 bridging oxygen;G12 | Polar contact | ATP phosphate 1–2 bridging oxygen;K13 | Polar contact | ATP phosphate 2 unit;K13 | Polar contact | ATP phosphate 3 unit;R35 | Polar contact | dTMP phosphate unit;R90 | Polar contact | ATP phosphate 3 unit;R90 | Polar contact | dTMP phosphate unit;S11 | Polar contact | ATP phosphate 2 unit;T14 | Metal contact | Mg2+ ion;T14 | Polar contact | ATP phosphate 2 unit;T15 | Polar contact | ATP phosphate 1 unit,D9 | Polar contact | ATP phosphate 3 unit;G10 | Polar contact | ATP phosphate 2–3 bridging oxygen;G12 | Polar contact | ATP phosphate 1–2 bridging oxygen;K13 | Polar contact | ATP phosphate 2 unit;K13 | Polar contact | ATP phosphate 3 unit;R35 | Polar contact | dTMP phosphate unit;R90 | Polar contact | ATP phosphate 3 unit;R90 | Polar contact | dTMP phosphate unit;S11 | Polar contact | ATP phosphate 2 unit;T14 | Metal contact | Mg2+ ion;T14 | Polar contact | ATP phosphate 2 unit;T15 | Polar contact | ATP phosphate 1 unit
AqTMK_102,class_96,11,D9 | Polar contact | ATP phosphate 3 unit;G10 | Polar contact | ATP phosphate 2–3 bridging oxygen;G12 | Polar contact | ATP phosphate 2 unit;K13 | Polar contact | ATP phosphate 2 unit;K13 | Polar contact | ATP phosphate 3 unit;R47 | Polar contact | dTMP phosphate unit;R90 | Polar contact | ATP phosphate 3 unit;R90 | Polar contact | dTMP phosphate unit;S11 | Polar contact | ATP phosphate 2 unit;T14 | Polar contact | ATP phosphate 2 unit;T15 | Polar contact | ATP phosphate 1 unit,D9 | Polar contact | ATP phosphate 3 unit;G10 | Polar contact | ATP phosphate 2–3 bridging oxygen;G12 | Polar contact | ATP phosphate 2 unit;K13 | Polar contact | ATP phosphate 2 unit;K13 | Polar contact | ATP phosphate 3 unit;R47 | Polar contact | dTMP phosphate unit;R90 | Polar contact | ATP phosphate 3 unit;R90 | Polar contact | dTMP phosphate unit;S11 | Polar contact | ATP phosphate 2 unit;T14 | Polar contact | ATP phosphate 2 unit;T15 | Polar contact | ATP phosphate 1 unit
AqTMK_33,class_96,11,D9 | Polar contact | ATP phosphate 3 unit;G10 | Polar contact | ATP phosphate 2–3 bridging oxygen;G12 | Polar contact | ATP phosphate 2 unit;K13 | Polar contact | ATP phosphate 2 unit;K13 | Polar contact | ATP phosphate 3 unit;R47 | Polar contact | dTMP phosphate unit;R90 | Polar contact | ATP phosphate 3 unit;R90 | Polar contact | dTMP phosphate unit;S11 | Polar contact | ATP phosphate 2 unit;T14 | Polar contact | ATP phosphate 2 unit;T15 | Polar contact | ATP phosphate 1 unit,D9 | Polar contact | ATP phosphate 3 unit;G10 | Polar contact | ATP phosphate 2–3 bridging oxygen;G12 | Polar contact | ATP phosphate 2 unit;K13 | Polar contact | ATP phosphate 2 unit;K13 | Polar contact | ATP phosphate 3 unit;R47 | Polar contact | dTMP phosphate unit;R90 | Polar contact | ATP phosphate 3 unit;R90 | Polar contact | dTMP phosphate unit;S11 | Polar contact | ATP phosphate 2 unit;T14 | Polar contact | ATP phosphate 2 unit;T15 | Polar contact | ATP phosphate 1 unit
AqTMK_43,class_97,11,D9 | Polar contact | ATP phosphate 3 unit;G10 | Polar contact | ATP phosphate 2–3 bridging oxygen;G12 | Polar contact | ATP phosphate 2 unit;K13 | Polar contact | ATP phosphate 2 unit;K13 | Polar contact | ATP phosphate 3 unit;R47 | Polar contact | dTMP phosphate unit;R90 | Polar contact | ATP phosphate 3 unit;R90 | Polar contact | dTMP phosphate unit;S11 | Polar contact | ATP phosphate 2–3 bridging oxygen;T14 | Polar contact | ATP phosphate 2 unit;T15 | Polar contact | ATP phosphate 1 unit,D9 | Polar contact | ATP phosphate 3 unit;G10 | Polar contact | ATP phosphate 2–3 bridging oxygen;G12 | Polar contact | ATP phosphate 2 unit;K13 | Polar contact | ATP phosphate 2 unit;K13 | Polar contact | ATP phosphate 3 unit;R47 | Polar contact | dTMP phosphate unit;R90 | Polar contact | ATP phosphate 3 unit;R90 | Polar contact | dTMP phosphate unit;S11 | Polar contact | ATP phosphate 2–3 bridging oxygen;T14 | Polar contact | ATP phosphate 2 unit;T15 | Polar contact | ATP phosphate 1 unit
AqTMK_124,class_98,11,D9 | Polar contact | ATP phosphate 3 unit;G10 | Polar contact | ATP phosphate 2–3 bridging oxygen;G12 | Polar contact | ATP phosphate 2 unit;K13 | Polar contact | ATP phosphate 2 unit;K13 | Polar contact | ATP phosphate 3 unit;R47 | Polar contact | dTMP phosphate unit;R90 | Polar contact | ATP phosphate 3 unit;R90 | Polar contact | dTMP phosphate unit;S11 | Polar contact | ATP phosphate 2 unit;T14 | Polar contact | ATP phosphate 2 unit;T15 | Polar contact | ATP phosphate 1 unit,D9 | Polar contact | ATP phosphate 3 unit;G10 | Polar contact | ATP phosphate 2–3 bridging oxygen;G12 | Polar contact | ATP phosphate 2 unit;K13 | Polar contact | ATP phosphate 2 unit;K13 | Polar contact | ATP phosphate 3 unit;R47 | Polar contact | dTMP phosphate unit;R90 | Polar contact | ATP phosphate 3 unit;R90 | Polar contact | dTMP phosphate unit;S11 | Polar contact | ATP phosphate 2 unit;T14 | Polar contact | ATP phosphate 2 unit;T15 | Polar contact | ATP phosphate 1 unit
AqTMK_49,class_98,11,D9 | Polar contact | ATP phosphate 3 unit;G10 | Polar contact | ATP phosphate 2–3 bridging oxygen;G12 | Polar contact | ATP phosphate 2 unit;K13 | Polar contact | ATP phosphate 2 unit;K13 | Polar contact | ATP phosphate 3 unit;R47 | Polar contact | dTMP phosphate unit;R90 | Polar contact | ATP phosphate 3 unit;R90 | Polar contact | dTMP phosphate unit;S11 | Polar contact | ATP phosphate 2 unit;T14 | Polar contact | ATP phosphate 2 unit;T15 | Polar contact | ATP phosphate 1 unit,D9 | Polar contact | ATP phosphate 3 unit;G10 | Polar contact | ATP phosphate 2–3 bridging oxygen;G12 | Polar contact | ATP phosphate 2 unit;K13 | Polar contact | ATP phosphate 2 unit;K13 | Polar contact | ATP phosphate 3 unit;R47 | Polar contact | dTMP phosphate unit;R90 | Polar contact | ATP phosphate 3 unit;R90 | Polar contact | dTMP phosphate unit;S11 | Polar contact | ATP phosphate 2 unit;T14 | Polar contact | ATP phosphate 2 unit;T15 | Polar contact | ATP phosphate 1 unit
AqTMK_50,class_98,11,D9 | Polar contact | ATP phosphate 3 unit;G10 | Polar contact | ATP phosphate 2–3 bridging oxygen;G12 | Polar contact | ATP phosphate 2 unit;K13 | Polar contact | ATP phosphate 2 unit;K13 | Polar contact | ATP phosphate 3 unit;R47 | Polar contact | dTMP phosphate unit;R90 | Polar contact | ATP phosphate 3 unit;R90 | Polar contact | dTMP phosphate unit;S11 | Polar contact | ATP phosphate 2 unit;T14 | Polar contact | ATP phosphate 2 unit;T15 | Polar contact | ATP phosphate 1 unit,D9 | Polar contact | ATP phosphate 3 unit;G10 | Polar contact | ATP phosphate 2–3 bridging oxygen;G12 | Polar contact | ATP phosphate 2 unit;K13 | Polar contact | ATP phosphate 2 unit;K13 | Polar contact | ATP phosphate 3 unit;R47 | Polar contact | dTMP phosphate unit;R90 | Polar contact | ATP phosphate 3 unit;R90 | Polar contact | dTMP phosphate unit;S11 | Polar contact | ATP phosphate 2 unit;T14 | Polar contact | ATP phosphate 2 unit;T15 | Polar contact | ATP phosphate 1 unit
AqTMK_66,class_98,11,D9 | Polar contact | ATP phosphate 3 unit;G10 | Polar contact | ATP phosphate 2–3 bridging oxygen;G12 | Polar contact | ATP phosphate 2 unit;K13 | Polar contact | ATP phosphate 2 unit;K13 | Polar contact | ATP phosphate 3 unit;R47 | Polar contact | dTMP phosphate unit;R90 | Polar contact | ATP phosphate 3 unit;R90 | Polar contact | dTMP phosphate unit;S11 | Polar contact | ATP phosphate 2 unit;T14 | Polar contact | ATP phosphate 2 unit;T15 | Polar contact | ATP phosphate 1 unit,D9 | Polar contact | ATP phosphate 3 unit;G10 | Polar contact | ATP phosphate 2–3 bridging oxygen;G12 | Polar contact | ATP phosphate 2 unit;K13 | Polar contact | ATP phosphate 2 unit;K13 | Polar contact | ATP phosphate 3 unit;R47 | Polar contact | dTMP phosphate unit;R90 | Polar contact | ATP phosphate 3 unit;R90 | Polar contact | dTMP phosphate unit;S11 | Polar contact | ATP phosphate 2 unit;T14 | Polar contact | ATP phosphate 2 unit;T15 | Polar contact | ATP phosphate 1 unit
AqTMK_153,class_99,11,D9 | Polar contact | ATP phosphate 2–3 bridging oxygen;G10 | Polar contact | ATP phosphate 2–3 bridging oxygen;G12 | Polar contact | ATP phosphate 1–2 bridging oxygen;K13 | Polar contact | ATP phosphate 2 unit;K13 | Polar contact | ATP phosphate 3 unit;R47 | Polar contact | dTMP phosphate unit;R90 | Polar contact | ATP phosphate 3 unit;R90 | Polar contact | dTMP phosphate unit;S11 | Polar contact | ATP phosphate 2 unit;T14 | Polar contact | ATP phosphate 2 unit;T15 | Polar contact | ATP phosphate 1 unit,D9 | Polar contact | ATP phosphate 2–3 bridging oxygen;G10 | Polar contact | ATP phosphate 2–3 bridging oxygen;G12 | Polar contact | ATP phosphate 1–2 bridging oxygen;K13 | Polar contact | ATP phosphate 2 unit;K13 | Polar contact | ATP phosphate 3 unit;R47 | Polar contact | dTMP phosphate unit;R90 | Polar contact | ATP phosphate 3 unit;R90 | Polar contact | dTMP phosphate unit;S11 | Polar contact | ATP phosphate 2 unit;T14 | Polar contact | ATP phosphate 2 unit;T15 | Polar contact | ATP phosphate 1 unit
AqTMK_264,class_99,11,D9 | Polar contact | ATP phosphate 2–3 bridging oxygen;G10 | Polar contact | ATP phosphate 2–3 bridging oxygen;G12 | Polar contact | ATP phosphate 1–2 bridging oxygen;K13 | Polar contact | ATP phosphate 2 unit;K13 | Polar contact | ATP phosphate 3 unit;R47 | Polar contact | dTMP phosphate unit;R90 | Polar contact | ATP phosphate 3 unit;R90 | Polar contact | dTMP phosphate unit;S11 | Polar contact | ATP phosphate 2 unit;T14 | Polar contact | ATP phosphate 2 unit;T15 | Polar contact | ATP phosphate 1 unit,D9 | Polar contact | ATP phosphate 2–3 bridging oxygen;G10 | Polar contact | ATP phosphate 2–3 bridging oxygen;G12 | Polar contact | ATP phosphate 1–2 bridging oxygen;K13 | Polar contact | ATP phosphate 2 unit;K13 | Polar contact | ATP phosphate 3 unit;R47 | Polar contact | dTMP phosphate unit;R90 | Polar contact | ATP phosphate 3 unit;R90 | Polar contact | dTMP phosphate unit;S11 | Polar contact | ATP phosphate 2 unit;T14 | Polar contact | ATP phosphate 2 unit;T15 | Polar contact | ATP phosphate 1 unit
AqTMK_193,class_100,10,G10 | Polar contact | ATP phosphate 2–3 bridging oxygen;G12 | Polar contact | ATP phosphate 2 unit;K13 | Polar contact | ATP phosphate 2 unit;K13 | Polar contact | ATP phosphate 3 unit;R90 | Polar contact | ATP phosphate 3 unit;R90 | Polar contact | dTMP phosphate unit;S11 | Polar contact | ATP phosphate 2 unit;T14 | Metal contact | Mg2+ ion;T14 | Polar contact | ATP phosphate 2 unit;T15 | Polar contact | ATP phosphate 1 unit,G10 | Polar contact | ATP phosphate 2–3 bridging oxygen;G12 | Polar contact | ATP phosphate 2 unit;K13 | Polar contact | ATP phosphate 2 unit;K13 | Polar contact | ATP phosphate 3 unit;R90 | Polar contact | ATP phosphate 3 unit;R90 | Polar contact | dTMP phosphate unit;S11 | Polar contact | ATP phosphate 2 unit;T14 | Metal contact | Mg2+ ion;T14 | Polar contact | ATP phosphate 2 unit;T15 | Polar contact | ATP phosphate 1 unit
AqTMK_121,class_101,10,D9 | Polar contact | ATP phosphate 3 unit;G10 | Polar contact | ATP phosphate 2–3 bridging oxygen;G12 | Polar contact | ATP phosphate 2 unit;K13 | Polar contact | ATP phosphate 2 unit;K13 | Polar contact | ATP phosphate 3 unit;R90 | Polar contact | ATP phosphate 3 unit;R90 | Polar contact | dTMP phosphate unit;S11 | Polar contact | ATP phosphate 2 unit;T14 | Polar contact | ATP phosphate 2 unit;T15 | Polar contact | ATP phosphate 1 unit,D9 | Polar contact | ATP phosphate 3 unit;G10 | Polar contact | ATP phosphate 2–3 bridging oxygen;G12 | Polar contact | ATP phosphate 2 unit;K13 | Polar contact | ATP phosphate 2 unit;K13 | Polar contact | ATP phosphate 3 unit;R90 | Polar contact | ATP phosphate 3 unit;R90 | Polar contact | dTMP phosphate unit;S11 | Polar contact | ATP phosphate 2 unit;T14 | Polar contact | ATP phosphate 2 unit;T15 | Polar contact | ATP phosphate 1 unit
