standard_structure_id,source_prediction_index,numbering_index,original_structure_id,original_filename,source_path,input_pdb_path,source_af2_path,plddt_filter_scope_requested,plddt_filter_scope_applied,plddt_filter_pdb_path,standardized_pdb_path,rank,model,seed
GAC_AF2_0001,,1,GAC.AF2rank1,GAC.AF2rank1.pdb,/home/wms/AF2-test/AF2-CatGraph-test5/data/GAC/01_af2_new/GAC.AF2rank1.pdb,/home/wms/AF2-test/AF2-CatGraph-test5/data/GAC/01_af2_new/GAC.AF2rank1.pdb,/home/wms/AF2-test/AF2-CatGraph-test5/data/GAC/01_af2/5D3O.0.pdb,source_if_available,source,/home/wms/AF2-test/AF2-CatGraph-test5/data/GAC/01_af2/5D3O.0.pdb,results/GAC/01_af2_prepare/pdb/standardized/GAC_AF2_0001.pdb,,,
GAC_AF2_0002,,2,GAC.AF2rank2,GAC.AF2rank2.pdb,/home/wms/AF2-test/AF2-CatGraph-test5/data/GAC/01_af2_new/GAC.AF2rank2.pdb,/home/wms/AF2-test/AF2-CatGraph-test5/data/GAC/01_af2_new/GAC.AF2rank2.pdb,/home/wms/AF2-test/AF2-CatGraph-test5/data/GAC/01_af2/5D3O.1.pdb,source_if_available,source,/home/wms/AF2-test/AF2-CatGraph-test5/data/GAC/01_af2/5D3O.1.pdb,results/GAC/01_af2_prepare/pdb/standardized/GAC_AF2_0002.pdb,,,
GAC_AF2_0003,,3,GAC.AF2rank3,GAC.AF2rank3.pdb,/home/wms/AF2-test/AF2-CatGraph-test5/data/GAC/01_af2_new/GAC.AF2rank3.pdb,/home/wms/AF2-test/AF2-CatGraph-test5/data/GAC/01_af2_new/GAC.AF2rank3.pdb,/home/wms/AF2-test/AF2-CatGraph-test5/data/GAC/01_af2/5D3O.2.pdb,source_if_available,source,/home/wms/AF2-test/AF2-CatGraph-test5/data/GAC/01_af2/5D3O.2.pdb,results/GAC/01_af2_prepare/pdb/standardized/GAC_AF2_0003.pdb,,,
GAC_AF2_0004,,4,GAC.AF2rank4,GAC.AF2rank4.pdb,/home/wms/AF2-test/AF2-CatGraph-test5/data/GAC/01_af2_new/GAC.AF2rank4.pdb,/home/wms/AF2-test/AF2-CatGraph-test5/data/GAC/01_af2_new/GAC.AF2rank4.pdb,/home/wms/AF2-test/AF2-CatGraph-test5/data/GAC/01_af2/5D3O.3.pdb,source_if_available,source,/home/wms/AF2-test/AF2-CatGraph-test5/data/GAC/01_af2/5D3O.3.pdb,results/GAC/01_af2_prepare/pdb/standardized/GAC_AF2_0004.pdb,,,
GAC_AF2_0005,,5,GAC.AF2rank5,GAC.AF2rank5.pdb,/home/wms/AF2-test/AF2-CatGraph-test5/data/GAC/01_af2_new/GAC.AF2rank5.pdb,/home/wms/AF2-test/AF2-CatGraph-test5/data/GAC/01_af2_new/GAC.AF2rank5.pdb,/home/wms/AF2-test/AF2-CatGraph-test5/data/GAC/01_af2/5D3O.4.pdb,source_if_available,source,/home/wms/AF2-test/AF2-CatGraph-test5/data/GAC/01_af2/5D3O.4.pdb,results/GAC/01_af2_prepare/pdb/standardized/GAC_AF2_0005.pdb,,,
GAC_AF2_0006,,6,GAC.AF2rank6,GAC.AF2rank6.pdb,/home/wms/AF2-test/AF2-CatGraph-test5/data/GAC/01_af2_new/GAC.AF2rank6.pdb,/home/wms/AF2-test/AF2-CatGraph-test5/data/GAC/01_af2_new/GAC.AF2rank6.pdb,/home/wms/AF2-test/AF2-CatGraph-test5/data/GAC/01_af2/5D3O.5.pdb,source_if_available,source,/home/wms/AF2-test/AF2-CatGraph-test5/data/GAC/01_af2/5D3O.5.pdb,results/GAC/01_af2_prepare/pdb/standardized/GAC_AF2_0006.pdb,,,
GAC_AF2_0007,,7,GAC.AF2rank7,GAC.AF2rank7.pdb,/home/wms/AF2-test/AF2-CatGraph-test5/data/GAC/01_af2_new/GAC.AF2rank7.pdb,/home/wms/AF2-test/AF2-CatGraph-test5/data/GAC/01_af2_new/GAC.AF2rank7.pdb,/home/wms/AF2-test/AF2-CatGraph-test5/data/GAC/01_af2/5D3O.6.pdb,source_if_available,source,/home/wms/AF2-test/AF2-CatGraph-test5/data/GAC/01_af2/5D3O.6.pdb,results/GAC/01_af2_prepare/pdb/standardized/GAC_AF2_0007.pdb,,,
GAC_AF2_0008,,8,GAC.AF2rank8,GAC.AF2rank8.pdb,/home/wms/AF2-test/AF2-CatGraph-test5/data/GAC/01_af2_new/GAC.AF2rank8.pdb,/home/wms/AF2-test/AF2-CatGraph-test5/data/GAC/01_af2_new/GAC.AF2rank8.pdb,/home/wms/AF2-test/AF2-CatGraph-test5/data/GAC/01_af2/5D3O.7.pdb,source_if_available,source,/home/wms/AF2-test/AF2-CatGraph-test5/data/GAC/01_af2/5D3O.7.pdb,results/GAC/01_af2_prepare/pdb/standardized/GAC_AF2_0008.pdb,,,
GAC_AF2_0009,,9,GAC.AF2rank9,GAC.AF2rank9.pdb,/home/wms/AF2-test/AF2-CatGraph-test5/data/GAC/01_af2_new/GAC.AF2rank9.pdb,/home/wms/AF2-test/AF2-CatGraph-test5/data/GAC/01_af2_new/GAC.AF2rank9.pdb,/home/wms/AF2-test/AF2-CatGraph-test5/data/GAC/01_af2/5D3O.8.pdb,source_if_available,source,/home/wms/AF2-test/AF2-CatGraph-test5/data/GAC/01_af2/5D3O.8.pdb,results/GAC/01_af2_prepare/pdb/standardized/GAC_AF2_0009.pdb,,,
GAC_AF2_0010,,10,GAC.AF2rank10,GAC.AF2rank10.pdb,/home/wms/AF2-test/AF2-CatGraph-test5/data/GAC/01_af2_new/GAC.AF2rank10.pdb,/home/wms/AF2-test/AF2-CatGraph-test5/data/GAC/01_af2_new/GAC.AF2rank10.pdb,/home/wms/AF2-test/AF2-CatGraph-test5/data/GAC/01_af2/5D3O.9.pdb,source_if_available,source,/home/wms/AF2-test/AF2-CatGraph-test5/data/GAC/01_af2/5D3O.9.pdb,results/GAC/01_af2_prepare/pdb/standardized/GAC_AF2_0010.pdb,,,
GAC_AF2_0011,,11,GAC.AF2rank11,GAC.AF2rank11.pdb,/home/wms/AF2-test/AF2-CatGraph-test5/data/GAC/01_af2_new/GAC.AF2rank11.pdb,/home/wms/AF2-test/AF2-CatGraph-test5/data/GAC/01_af2_new/GAC.AF2rank11.pdb,/home/wms/AF2-test/AF2-CatGraph-test5/data/GAC/01_af2/5D3O.10.pdb,source_if_available,source,/home/wms/AF2-test/AF2-CatGraph-test5/data/GAC/01_af2/5D3O.10.pdb,results/GAC/01_af2_prepare/pdb/standardized/GAC_AF2_0011.pdb,,,
GAC_AF2_0012,,12,GAC.AF2rank12,GAC.AF2rank12.pdb,/home/wms/AF2-test/AF2-CatGraph-test5/data/GAC/01_af2_new/GAC.AF2rank12.pdb,/home/wms/AF2-test/AF2-CatGraph-test5/data/GAC/01_af2_new/GAC.AF2rank12.pdb,/home/wms/AF2-test/AF2-CatGraph-test5/data/GAC/01_af2/5D3O.11.pdb,source_if_available,source,/home/wms/AF2-test/AF2-CatGraph-test5/data/GAC/01_af2/5D3O.11.pdb,results/GAC/01_af2_prepare/pdb/standardized/GAC_AF2_0012.pdb,,,
GAC_AF2_0013,,13,GAC.AF2rank13,GAC.AF2rank13.pdb,/home/wms/AF2-test/AF2-CatGraph-test5/data/GAC/01_af2_new/GAC.AF2rank13.pdb,/home/wms/AF2-test/AF2-CatGraph-test5/data/GAC/01_af2_new/GAC.AF2rank13.pdb,/home/wms/AF2-test/AF2-CatGraph-test5/data/GAC/01_af2/5D3O.12.pdb,source_if_available,source,/home/wms/AF2-test/AF2-CatGraph-test5/data/GAC/01_af2/5D3O.12.pdb,results/GAC/01_af2_prepare/pdb/standardized/GAC_AF2_0013.pdb,,,
GAC_AF2_0014,,14,GAC.AF2rank14,GAC.AF2rank14.pdb,/home/wms/AF2-test/AF2-CatGraph-test5/data/GAC/01_af2_new/GAC.AF2rank14.pdb,/home/wms/AF2-test/AF2-CatGraph-test5/data/GAC/01_af2_new/GAC.AF2rank14.pdb,/home/wms/AF2-test/AF2-CatGraph-test5/data/GAC/01_af2/5D3O.13.pdb,source_if_available,source,/home/wms/AF2-test/AF2-CatGraph-test5/data/GAC/01_af2/5D3O.13.pdb,results/GAC/01_af2_prepare/pdb/standardized/GAC_AF2_0014.pdb,,,
GAC_AF2_0015,,15,GAC.AF2rank15,GAC.AF2rank15.pdb,/home/wms/AF2-test/AF2-CatGraph-test5/data/GAC/01_af2_new/GAC.AF2rank15.pdb,/home/wms/AF2-test/AF2-CatGraph-test5/data/GAC/01_af2_new/GAC.AF2rank15.pdb,/home/wms/AF2-test/AF2-CatGraph-test5/data/GAC/01_af2/5D3O.14.pdb,source_if_available,source,/home/wms/AF2-test/AF2-CatGraph-test5/data/GAC/01_af2/5D3O.14.pdb,results/GAC/01_af2_prepare/pdb/standardized/GAC_AF2_0015.pdb,,,
GAC_AF2_0016,,16,GAC.AF2rank16,GAC.AF2rank16.pdb,/home/wms/AF2-test/AF2-CatGraph-test5/data/GAC/01_af2_new/GAC.AF2rank16.pdb,/home/wms/AF2-test/AF2-CatGraph-test5/data/GAC/01_af2_new/GAC.AF2rank16.pdb,/home/wms/AF2-test/AF2-CatGraph-test5/data/GAC/01_af2/5D3O.15.pdb,source_if_available,source,/home/wms/AF2-test/AF2-CatGraph-test5/data/GAC/01_af2/5D3O.15.pdb,results/GAC/01_af2_prepare/pdb/standardized/GAC_AF2_0016.pdb,,,
GAC_AF2_0017,,17,GAC.AF2rank17,GAC.AF2rank17.pdb,/home/wms/AF2-test/AF2-CatGraph-test5/data/GAC/01_af2_new/GAC.AF2rank17.pdb,/home/wms/AF2-test/AF2-CatGraph-test5/data/GAC/01_af2_new/GAC.AF2rank17.pdb,/home/wms/AF2-test/AF2-CatGraph-test5/data/GAC/01_af2/5D3O.16.pdb,source_if_available,source,/home/wms/AF2-test/AF2-CatGraph-test5/data/GAC/01_af2/5D3O.16.pdb,results/GAC/01_af2_prepare/pdb/standardized/GAC_AF2_0017.pdb,,,
GAC_AF2_0018,,18,GAC.AF2rank18,GAC.AF2rank18.pdb,/home/wms/AF2-test/AF2-CatGraph-test5/data/GAC/01_af2_new/GAC.AF2rank18.pdb,/home/wms/AF2-test/AF2-CatGraph-test5/data/GAC/01_af2_new/GAC.AF2rank18.pdb,/home/wms/AF2-test/AF2-CatGraph-test5/data/GAC/01_af2/5D3O.17.pdb,source_if_available,source,/home/wms/AF2-test/AF2-CatGraph-test5/data/GAC/01_af2/5D3O.17.pdb,results/GAC/01_af2_prepare/pdb/standardized/GAC_AF2_0018.pdb,,,
GAC_AF2_0019,,19,GAC.AF2rank19,GAC.AF2rank19.pdb,/home/wms/AF2-test/AF2-CatGraph-test5/data/GAC/01_af2_new/GAC.AF2rank19.pdb,/home/wms/AF2-test/AF2-CatGraph-test5/data/GAC/01_af2_new/GAC.AF2rank19.pdb,/home/wms/AF2-test/AF2-CatGraph-test5/data/GAC/01_af2/5D3O.18.pdb,source_if_available,source,/home/wms/AF2-test/AF2-CatGraph-test5/data/GAC/01_af2/5D3O.18.pdb,results/GAC/01_af2_prepare/pdb/standardized/GAC_AF2_0019.pdb,,,
GAC_AF2_0020,,20,GAC.AF2rank20,GAC.AF2rank20.pdb,/home/wms/AF2-test/AF2-CatGraph-test5/data/GAC/01_af2_new/GAC.AF2rank20.pdb,/home/wms/AF2-test/AF2-CatGraph-test5/data/GAC/01_af2_new/GAC.AF2rank20.pdb,/home/wms/AF2-test/AF2-CatGraph-test5/data/GAC/01_af2/5D3O.19.pdb,source_if_available,source,/home/wms/AF2-test/AF2-CatGraph-test5/data/GAC/01_af2/5D3O.19.pdb,results/GAC/01_af2_prepare/pdb/standardized/GAC_AF2_0020.pdb,,,
GAC_AF2_0021,,21,GAC.AF2rank21,GAC.AF2rank21.pdb,/home/wms/AF2-test/AF2-CatGraph-test5/data/GAC/01_af2_new/GAC.AF2rank21.pdb,/home/wms/AF2-test/AF2-CatGraph-test5/data/GAC/01_af2_new/GAC.AF2rank21.pdb,/home/wms/AF2-test/AF2-CatGraph-test5/data/GAC/01_af2/5D3O.20.pdb,source_if_available,source,/home/wms/AF2-test/AF2-CatGraph-test5/data/GAC/01_af2/5D3O.20.pdb,results/GAC/01_af2_prepare/pdb/standardized/GAC_AF2_0021.pdb,,,
GAC_AF2_0022,,22,GAC.AF2rank22,GAC.AF2rank22.pdb,/home/wms/AF2-test/AF2-CatGraph-test5/data/GAC/01_af2_new/GAC.AF2rank22.pdb,/home/wms/AF2-test/AF2-CatGraph-test5/data/GAC/01_af2_new/GAC.AF2rank22.pdb,/home/wms/AF2-test/AF2-CatGraph-test5/data/GAC/01_af2/5D3O.21.pdb,source_if_available,source,/home/wms/AF2-test/AF2-CatGraph-test5/data/GAC/01_af2/5D3O.21.pdb,results/GAC/01_af2_prepare/pdb/standardized/GAC_AF2_0022.pdb,,,
GAC_AF2_0023,,23,GAC.AF2rank23,GAC.AF2rank23.pdb,/home/wms/AF2-test/AF2-CatGraph-test5/data/GAC/01_af2_new/GAC.AF2rank23.pdb,/home/wms/AF2-test/AF2-CatGraph-test5/data/GAC/01_af2_new/GAC.AF2rank23.pdb,/home/wms/AF2-test/AF2-CatGraph-test5/data/GAC/01_af2/5D3O.22.pdb,source_if_available,source,/home/wms/AF2-test/AF2-CatGraph-test5/data/GAC/01_af2/5D3O.22.pdb,results/GAC/01_af2_prepare/pdb/standardized/GAC_AF2_0023.pdb,,,
GAC_AF2_0024,,24,GAC.AF2rank24,GAC.AF2rank24.pdb,/home/wms/AF2-test/AF2-CatGraph-test5/data/GAC/01_af2_new/GAC.AF2rank24.pdb,/home/wms/AF2-test/AF2-CatGraph-test5/data/GAC/01_af2_new/GAC.AF2rank24.pdb,/home/wms/AF2-test/AF2-CatGraph-test5/data/GAC/01_af2/5D3O.23.pdb,source_if_available,source,/home/wms/AF2-test/AF2-CatGraph-test5/data/GAC/01_af2/5D3O.23.pdb,results/GAC/01_af2_prepare/pdb/standardized/GAC_AF2_0024.pdb,,,
GAC_AF2_0025,,25,GAC.AF2rank25,GAC.AF2rank25.pdb,/home/wms/AF2-test/AF2-CatGraph-test5/data/GAC/01_af2_new/GAC.AF2rank25.pdb,/home/wms/AF2-test/AF2-CatGraph-test5/data/GAC/01_af2_new/GAC.AF2rank25.pdb,/home/wms/AF2-test/AF2-CatGraph-test5/data/GAC/01_af2/5D3O.24.pdb,source_if_available,source,/home/wms/AF2-test/AF2-CatGraph-test5/data/GAC/01_af2/5D3O.24.pdb,results/GAC/01_af2_prepare/pdb/standardized/GAC_AF2_0025.pdb,,,
GAC_AF2_0026,,26,GAC.AF2rank26,GAC.AF2rank26.pdb,/home/wms/AF2-test/AF2-CatGraph-test5/data/GAC/01_af2_new/GAC.AF2rank26.pdb,/home/wms/AF2-test/AF2-CatGraph-test5/data/GAC/01_af2_new/GAC.AF2rank26.pdb,/home/wms/AF2-test/AF2-CatGraph-test5/data/GAC/01_af2/5D3O.25.pdb,source_if_available,source,/home/wms/AF2-test/AF2-CatGraph-test5/data/GAC/01_af2/5D3O.25.pdb,results/GAC/01_af2_prepare/pdb/standardized/GAC_AF2_0026.pdb,,,
GAC_AF2_0027,,27,GAC.AF2rank27,GAC.AF2rank27.pdb,/home/wms/AF2-test/AF2-CatGraph-test5/data/GAC/01_af2_new/GAC.AF2rank27.pdb,/home/wms/AF2-test/AF2-CatGraph-test5/data/GAC/01_af2_new/GAC.AF2rank27.pdb,/home/wms/AF2-test/AF2-CatGraph-test5/data/GAC/01_af2/5D3O.26.pdb,source_if_available,source,/home/wms/AF2-test/AF2-CatGraph-test5/data/GAC/01_af2/5D3O.26.pdb,results/GAC/01_af2_prepare/pdb/standardized/GAC_AF2_0027.pdb,,,
GAC_AF2_0028,,28,GAC.AF2rank28,GAC.AF2rank28.pdb,/home/wms/AF2-test/AF2-CatGraph-test5/data/GAC/01_af2_new/GAC.AF2rank28.pdb,/home/wms/AF2-test/AF2-CatGraph-test5/data/GAC/01_af2_new/GAC.AF2rank28.pdb,/home/wms/AF2-test/AF2-CatGraph-test5/data/GAC/01_af2/5D3O.27.pdb,source_if_available,source,/home/wms/AF2-test/AF2-CatGraph-test5/data/GAC/01_af2/5D3O.27.pdb,results/GAC/01_af2_prepare/pdb/standardized/GAC_AF2_0028.pdb,,,
GAC_AF2_0029,,29,GAC.AF2rank29,GAC.AF2rank29.pdb,/home/wms/AF2-test/AF2-CatGraph-test5/data/GAC/01_af2_new/GAC.AF2rank29.pdb,/home/wms/AF2-test/AF2-CatGraph-test5/data/GAC/01_af2_new/GAC.AF2rank29.pdb,/home/wms/AF2-test/AF2-CatGraph-test5/data/GAC/01_af2/5D3O.28.pdb,source_if_available,source,/home/wms/AF2-test/AF2-CatGraph-test5/data/GAC/01_af2/5D3O.28.pdb,results/GAC/01_af2_prepare/pdb/standardized/GAC_AF2_0029.pdb,,,
GAC_AF2_0030,,30,GAC.AF2rank30,GAC.AF2rank30.pdb,/home/wms/AF2-test/AF2-CatGraph-test5/data/GAC/01_af2_new/GAC.AF2rank30.pdb,/home/wms/AF2-test/AF2-CatGraph-test5/data/GAC/01_af2_new/GAC.AF2rank30.pdb,/home/wms/AF2-test/AF2-CatGraph-test5/data/GAC/01_af2/5D3O.29.pdb,source_if_available,source,/home/wms/AF2-test/AF2-CatGraph-test5/data/GAC/01_af2/5D3O.29.pdb,results/GAC/01_af2_prepare/pdb/standardized/GAC_AF2_0030.pdb,,,
GAC_AF2_0031,,31,GAC.AF2rank31,GAC.AF2rank31.pdb,/home/wms/AF2-test/AF2-CatGraph-test5/data/GAC/01_af2_new/GAC.AF2rank31.pdb,/home/wms/AF2-test/AF2-CatGraph-test5/data/GAC/01_af2_new/GAC.AF2rank31.pdb,/home/wms/AF2-test/AF2-CatGraph-test5/data/GAC/01_af2/5D3O.30.pdb,source_if_available,source,/home/wms/AF2-test/AF2-CatGraph-test5/data/GAC/01_af2/5D3O.30.pdb,results/GAC/01_af2_prepare/pdb/standardized/GAC_AF2_0031.pdb,,,
GAC_AF2_0032,,32,GAC.AF2rank32,GAC.AF2rank32.pdb,/home/wms/AF2-test/AF2-CatGraph-test5/data/GAC/01_af2_new/GAC.AF2rank32.pdb,/home/wms/AF2-test/AF2-CatGraph-test5/data/GAC/01_af2_new/GAC.AF2rank32.pdb,/home/wms/AF2-test/AF2-CatGraph-test5/data/GAC/01_af2/5D3O.31.pdb,source_if_available,source,/home/wms/AF2-test/AF2-CatGraph-test5/data/GAC/01_af2/5D3O.31.pdb,results/GAC/01_af2_prepare/pdb/standardized/GAC_AF2_0032.pdb,,,
GAC_AF2_0033,,33,GAC.AF2rank33,GAC.AF2rank33.pdb,/home/wms/AF2-test/AF2-CatGraph-test5/data/GAC/01_af2_new/GAC.AF2rank33.pdb,/home/wms/AF2-test/AF2-CatGraph-test5/data/GAC/01_af2_new/GAC.AF2rank33.pdb,/home/wms/AF2-test/AF2-CatGraph-test5/data/GAC/01_af2/5D3O.32.pdb,source_if_available,source,/home/wms/AF2-test/AF2-CatGraph-test5/data/GAC/01_af2/5D3O.32.pdb,results/GAC/01_af2_prepare/pdb/standardized/GAC_AF2_0033.pdb,,,
GAC_AF2_0034,,34,GAC.AF2rank34,GAC.AF2rank34.pdb,/home/wms/AF2-test/AF2-CatGraph-test5/data/GAC/01_af2_new/GAC.AF2rank34.pdb,/home/wms/AF2-test/AF2-CatGraph-test5/data/GAC/01_af2_new/GAC.AF2rank34.pdb,/home/wms/AF2-test/AF2-CatGraph-test5/data/GAC/01_af2/5D3O.33.pdb,source_if_available,source,/home/wms/AF2-test/AF2-CatGraph-test5/data/GAC/01_af2/5D3O.33.pdb,results/GAC/01_af2_prepare/pdb/standardized/GAC_AF2_0034.pdb,,,
GAC_AF2_0035,,35,GAC.AF2rank35,GAC.AF2rank35.pdb,/home/wms/AF2-test/AF2-CatGraph-test5/data/GAC/01_af2_new/GAC.AF2rank35.pdb,/home/wms/AF2-test/AF2-CatGraph-test5/data/GAC/01_af2_new/GAC.AF2rank35.pdb,/home/wms/AF2-test/AF2-CatGraph-test5/data/GAC/01_af2/5D3O.34.pdb,source_if_available,source,/home/wms/AF2-test/AF2-CatGraph-test5/data/GAC/01_af2/5D3O.34.pdb,results/GAC/01_af2_prepare/pdb/standardized/GAC_AF2_0035.pdb,,,
GAC_AF2_0036,,36,GAC.AF2rank36,GAC.AF2rank36.pdb,/home/wms/AF2-test/AF2-CatGraph-test5/data/GAC/01_af2_new/GAC.AF2rank36.pdb,/home/wms/AF2-test/AF2-CatGraph-test5/data/GAC/01_af2_new/GAC.AF2rank36.pdb,/home/wms/AF2-test/AF2-CatGraph-test5/data/GAC/01_af2/5D3O.35.pdb,source_if_available,source,/home/wms/AF2-test/AF2-CatGraph-test5/data/GAC/01_af2/5D3O.35.pdb,results/GAC/01_af2_prepare/pdb/standardized/GAC_AF2_0036.pdb,,,
GAC_AF2_0037,,37,GAC.AF2rank37,GAC.AF2rank37.pdb,/home/wms/AF2-test/AF2-CatGraph-test5/data/GAC/01_af2_new/GAC.AF2rank37.pdb,/home/wms/AF2-test/AF2-CatGraph-test5/data/GAC/01_af2_new/GAC.AF2rank37.pdb,/home/wms/AF2-test/AF2-CatGraph-test5/data/GAC/01_af2/5D3O.36.pdb,source_if_available,source,/home/wms/AF2-test/AF2-CatGraph-test5/data/GAC/01_af2/5D3O.36.pdb,results/GAC/01_af2_prepare/pdb/standardized/GAC_AF2_0037.pdb,,,
GAC_AF2_0038,,38,GAC.AF2rank38,GAC.AF2rank38.pdb,/home/wms/AF2-test/AF2-CatGraph-test5/data/GAC/01_af2_new/GAC.AF2rank38.pdb,/home/wms/AF2-test/AF2-CatGraph-test5/data/GAC/01_af2_new/GAC.AF2rank38.pdb,/home/wms/AF2-test/AF2-CatGraph-test5/data/GAC/01_af2/5D3O.37.pdb,source_if_available,source,/home/wms/AF2-test/AF2-CatGraph-test5/data/GAC/01_af2/5D3O.37.pdb,results/GAC/01_af2_prepare/pdb/standardized/GAC_AF2_0038.pdb,,,
GAC_AF2_0039,,39,GAC.AF2rank39,GAC.AF2rank39.pdb,/home/wms/AF2-test/AF2-CatGraph-test5/data/GAC/01_af2_new/GAC.AF2rank39.pdb,/home/wms/AF2-test/AF2-CatGraph-test5/data/GAC/01_af2_new/GAC.AF2rank39.pdb,/home/wms/AF2-test/AF2-CatGraph-test5/data/GAC/01_af2/5D3O.38.pdb,source_if_available,source,/home/wms/AF2-test/AF2-CatGraph-test5/data/GAC/01_af2/5D3O.38.pdb,results/GAC/01_af2_prepare/pdb/standardized/GAC_AF2_0039.pdb,,,
GAC_AF2_0040,,40,GAC.AF2rank40,GAC.AF2rank40.pdb,/home/wms/AF2-test/AF2-CatGraph-test5/data/GAC/01_af2_new/GAC.AF2rank40.pdb,/home/wms/AF2-test/AF2-CatGraph-test5/data/GAC/01_af2_new/GAC.AF2rank40.pdb,/home/wms/AF2-test/AF2-CatGraph-test5/data/GAC/01_af2/5D3O.39.pdb,source_if_available,source,/home/wms/AF2-test/AF2-CatGraph-test5/data/GAC/01_af2/5D3O.39.pdb,results/GAC/01_af2_prepare/pdb/standardized/GAC_AF2_0040.pdb,,,
GAC_AF2_0041,,41,GAC.AF2rank41,GAC.AF2rank41.pdb,/home/wms/AF2-test/AF2-CatGraph-test5/data/GAC/01_af2_new/GAC.AF2rank41.pdb,/home/wms/AF2-test/AF2-CatGraph-test5/data/GAC/01_af2_new/GAC.AF2rank41.pdb,/home/wms/AF2-test/AF2-CatGraph-test5/data/GAC/01_af2/5D3O.40.pdb,source_if_available,source,/home/wms/AF2-test/AF2-CatGraph-test5/data/GAC/01_af2/5D3O.40.pdb,results/GAC/01_af2_prepare/pdb/standardized/GAC_AF2_0041.pdb,,,
GAC_AF2_0042,,42,GAC.AF2rank42,GAC.AF2rank42.pdb,/home/wms/AF2-test/AF2-CatGraph-test5/data/GAC/01_af2_new/GAC.AF2rank42.pdb,/home/wms/AF2-test/AF2-CatGraph-test5/data/GAC/01_af2_new/GAC.AF2rank42.pdb,/home/wms/AF2-test/AF2-CatGraph-test5/data/GAC/01_af2/5D3O.41.pdb,source_if_available,source,/home/wms/AF2-test/AF2-CatGraph-test5/data/GAC/01_af2/5D3O.41.pdb,results/GAC/01_af2_prepare/pdb/standardized/GAC_AF2_0042.pdb,,,
GAC_AF2_0043,,43,GAC.AF2rank43,GAC.AF2rank43.pdb,/home/wms/AF2-test/AF2-CatGraph-test5/data/GAC/01_af2_new/GAC.AF2rank43.pdb,/home/wms/AF2-test/AF2-CatGraph-test5/data/GAC/01_af2_new/GAC.AF2rank43.pdb,/home/wms/AF2-test/AF2-CatGraph-test5/data/GAC/01_af2/5D3O.42.pdb,source_if_available,source,/home/wms/AF2-test/AF2-CatGraph-test5/data/GAC/01_af2/5D3O.42.pdb,results/GAC/01_af2_prepare/pdb/standardized/GAC_AF2_0043.pdb,,,
GAC_AF2_0044,,44,GAC.AF2rank44,GAC.AF2rank44.pdb,/home/wms/AF2-test/AF2-CatGraph-test5/data/GAC/01_af2_new/GAC.AF2rank44.pdb,/home/wms/AF2-test/AF2-CatGraph-test5/data/GAC/01_af2_new/GAC.AF2rank44.pdb,/home/wms/AF2-test/AF2-CatGraph-test5/data/GAC/01_af2/5D3O.43.pdb,source_if_available,source,/home/wms/AF2-test/AF2-CatGraph-test5/data/GAC/01_af2/5D3O.43.pdb,results/GAC/01_af2_prepare/pdb/standardized/GAC_AF2_0044.pdb,,,
GAC_AF2_0045,,45,GAC.AF2rank45,GAC.AF2rank45.pdb,/home/wms/AF2-test/AF2-CatGraph-test5/data/GAC/01_af2_new/GAC.AF2rank45.pdb,/home/wms/AF2-test/AF2-CatGraph-test5/data/GAC/01_af2_new/GAC.AF2rank45.pdb,/home/wms/AF2-test/AF2-CatGraph-test5/data/GAC/01_af2/5D3O.44.pdb,source_if_available,source,/home/wms/AF2-test/AF2-CatGraph-test5/data/GAC/01_af2/5D3O.44.pdb,results/GAC/01_af2_prepare/pdb/standardized/GAC_AF2_0045.pdb,,,
GAC_AF2_0046,,46,GAC.AF2rank46,GAC.AF2rank46.pdb,/home/wms/AF2-test/AF2-CatGraph-test5/data/GAC/01_af2_new/GAC.AF2rank46.pdb,/home/wms/AF2-test/AF2-CatGraph-test5/data/GAC/01_af2_new/GAC.AF2rank46.pdb,/home/wms/AF2-test/AF2-CatGraph-test5/data/GAC/01_af2/5D3O.45.pdb,source_if_available,source,/home/wms/AF2-test/AF2-CatGraph-test5/data/GAC/01_af2/5D3O.45.pdb,results/GAC/01_af2_prepare/pdb/standardized/GAC_AF2_0046.pdb,,,
GAC_AF2_0047,,47,GAC.AF2rank47,GAC.AF2rank47.pdb,/home/wms/AF2-test/AF2-CatGraph-test5/data/GAC/01_af2_new/GAC.AF2rank47.pdb,/home/wms/AF2-test/AF2-CatGraph-test5/data/GAC/01_af2_new/GAC.AF2rank47.pdb,/home/wms/AF2-test/AF2-CatGraph-test5/data/GAC/01_af2/5D3O.46.pdb,source_if_available,source,/home/wms/AF2-test/AF2-CatGraph-test5/data/GAC/01_af2/5D3O.46.pdb,results/GAC/01_af2_prepare/pdb/standardized/GAC_AF2_0047.pdb,,,
GAC_AF2_0048,,48,GAC.AF2rank48,GAC.AF2rank48.pdb,/home/wms/AF2-test/AF2-CatGraph-test5/data/GAC/01_af2_new/GAC.AF2rank48.pdb,/home/wms/AF2-test/AF2-CatGraph-test5/data/GAC/01_af2_new/GAC.AF2rank48.pdb,/home/wms/AF2-test/AF2-CatGraph-test5/data/GAC/01_af2/5D3O.47.pdb,source_if_available,source,/home/wms/AF2-test/AF2-CatGraph-test5/data/GAC/01_af2/5D3O.47.pdb,results/GAC/01_af2_prepare/pdb/standardized/GAC_AF2_0048.pdb,,,
GAC_AF2_0049,,49,GAC.AF2rank49,GAC.AF2rank49.pdb,/home/wms/AF2-test/AF2-CatGraph-test5/data/GAC/01_af2_new/GAC.AF2rank49.pdb,/home/wms/AF2-test/AF2-CatGraph-test5/data/GAC/01_af2_new/GAC.AF2rank49.pdb,/home/wms/AF2-test/AF2-CatGraph-test5/data/GAC/01_af2/5D3O.48.pdb,source_if_available,source,/home/wms/AF2-test/AF2-CatGraph-test5/data/GAC/01_af2/5D3O.48.pdb,results/GAC/01_af2_prepare/pdb/standardized/GAC_AF2_0049.pdb,,,
GAC_AF2_0050,,50,GAC.AF2rank50,GAC.AF2rank50.pdb,/home/wms/AF2-test/AF2-CatGraph-test5/data/GAC/01_af2_new/GAC.AF2rank50.pdb,/home/wms/AF2-test/AF2-CatGraph-test5/data/GAC/01_af2_new/GAC.AF2rank50.pdb,/home/wms/AF2-test/AF2-CatGraph-test5/data/GAC/01_af2/5D3O.49.pdb,source_if_available,source,/home/wms/AF2-test/AF2-CatGraph-test5/data/GAC/01_af2/5D3O.49.pdb,results/GAC/01_af2_prepare/pdb/standardized/GAC_AF2_0050.pdb,,,
GAC_AF2_0051,,51,GAC.AF2rank51,GAC.AF2rank51.pdb,/home/wms/AF2-test/AF2-CatGraph-test5/data/GAC/01_af2_new/GAC.AF2rank51.pdb,/home/wms/AF2-test/AF2-CatGraph-test5/data/GAC/01_af2_new/GAC.AF2rank51.pdb,/home/wms/AF2-test/AF2-CatGraph-test5/data/GAC/01_af2/5D3O.50.pdb,source_if_available,source,/home/wms/AF2-test/AF2-CatGraph-test5/data/GAC/01_af2/5D3O.50.pdb,results/GAC/01_af2_prepare/pdb/standardized/GAC_AF2_0051.pdb,,,
GAC_AF2_0052,,52,GAC.AF2rank52,GAC.AF2rank52.pdb,/home/wms/AF2-test/AF2-CatGraph-test5/data/GAC/01_af2_new/GAC.AF2rank52.pdb,/home/wms/AF2-test/AF2-CatGraph-test5/data/GAC/01_af2_new/GAC.AF2rank52.pdb,/home/wms/AF2-test/AF2-CatGraph-test5/data/GAC/01_af2/5D3O.51.pdb,source_if_available,source,/home/wms/AF2-test/AF2-CatGraph-test5/data/GAC/01_af2/5D3O.51.pdb,results/GAC/01_af2_prepare/pdb/standardized/GAC_AF2_0052.pdb,,,
GAC_AF2_0053,,53,GAC.AF2rank53,GAC.AF2rank53.pdb,/home/wms/AF2-test/AF2-CatGraph-test5/data/GAC/01_af2_new/GAC.AF2rank53.pdb,/home/wms/AF2-test/AF2-CatGraph-test5/data/GAC/01_af2_new/GAC.AF2rank53.pdb,/home/wms/AF2-test/AF2-CatGraph-test5/data/GAC/01_af2/5D3O.52.pdb,source_if_available,source,/home/wms/AF2-test/AF2-CatGraph-test5/data/GAC/01_af2/5D3O.52.pdb,results/GAC/01_af2_prepare/pdb/standardized/GAC_AF2_0053.pdb,,,
GAC_AF2_0054,,54,GAC.AF2rank54,GAC.AF2rank54.pdb,/home/wms/AF2-test/AF2-CatGraph-test5/data/GAC/01_af2_new/GAC.AF2rank54.pdb,/home/wms/AF2-test/AF2-CatGraph-test5/data/GAC/01_af2_new/GAC.AF2rank54.pdb,/home/wms/AF2-test/AF2-CatGraph-test5/data/GAC/01_af2/5D3O.53.pdb,source_if_available,source,/home/wms/AF2-test/AF2-CatGraph-test5/data/GAC/01_af2/5D3O.53.pdb,results/GAC/01_af2_prepare/pdb/standardized/GAC_AF2_0054.pdb,,,
GAC_AF2_0055,,55,GAC.AF2rank55,GAC.AF2rank55.pdb,/home/wms/AF2-test/AF2-CatGraph-test5/data/GAC/01_af2_new/GAC.AF2rank55.pdb,/home/wms/AF2-test/AF2-CatGraph-test5/data/GAC/01_af2_new/GAC.AF2rank55.pdb,/home/wms/AF2-test/AF2-CatGraph-test5/data/GAC/01_af2/5D3O.54.pdb,source_if_available,source,/home/wms/AF2-test/AF2-CatGraph-test5/data/GAC/01_af2/5D3O.54.pdb,results/GAC/01_af2_prepare/pdb/standardized/GAC_AF2_0055.pdb,,,
GAC_AF2_0056,,56,GAC.AF2rank56,GAC.AF2rank56.pdb,/home/wms/AF2-test/AF2-CatGraph-test5/data/GAC/01_af2_new/GAC.AF2rank56.pdb,/home/wms/AF2-test/AF2-CatGraph-test5/data/GAC/01_af2_new/GAC.AF2rank56.pdb,/home/wms/AF2-test/AF2-CatGraph-test5/data/GAC/01_af2/5D3O.55.pdb,source_if_available,source,/home/wms/AF2-test/AF2-CatGraph-test5/data/GAC/01_af2/5D3O.55.pdb,results/GAC/01_af2_prepare/pdb/standardized/GAC_AF2_0056.pdb,,,
GAC_AF2_0057,,57,GAC.AF2rank57,GAC.AF2rank57.pdb,/home/wms/AF2-test/AF2-CatGraph-test5/data/GAC/01_af2_new/GAC.AF2rank57.pdb,/home/wms/AF2-test/AF2-CatGraph-test5/data/GAC/01_af2_new/GAC.AF2rank57.pdb,/home/wms/AF2-test/AF2-CatGraph-test5/data/GAC/01_af2/5D3O.56.pdb,source_if_available,source,/home/wms/AF2-test/AF2-CatGraph-test5/data/GAC/01_af2/5D3O.56.pdb,results/GAC/01_af2_prepare/pdb/standardized/GAC_AF2_0057.pdb,,,
GAC_AF2_0058,,58,GAC.AF2rank58,GAC.AF2rank58.pdb,/home/wms/AF2-test/AF2-CatGraph-test5/data/GAC/01_af2_new/GAC.AF2rank58.pdb,/home/wms/AF2-test/AF2-CatGraph-test5/data/GAC/01_af2_new/GAC.AF2rank58.pdb,/home/wms/AF2-test/AF2-CatGraph-test5/data/GAC/01_af2/5D3O.57.pdb,source_if_available,source,/home/wms/AF2-test/AF2-CatGraph-test5/data/GAC/01_af2/5D3O.57.pdb,results/GAC/01_af2_prepare/pdb/standardized/GAC_AF2_0058.pdb,,,
GAC_AF2_0059,,59,GAC.AF2rank59,GAC.AF2rank59.pdb,/home/wms/AF2-test/AF2-CatGraph-test5/data/GAC/01_af2_new/GAC.AF2rank59.pdb,/home/wms/AF2-test/AF2-CatGraph-test5/data/GAC/01_af2_new/GAC.AF2rank59.pdb,/home/wms/AF2-test/AF2-CatGraph-test5/data/GAC/01_af2/5D3O.58.pdb,source_if_available,source,/home/wms/AF2-test/AF2-CatGraph-test5/data/GAC/01_af2/5D3O.58.pdb,results/GAC/01_af2_prepare/pdb/standardized/GAC_AF2_0059.pdb,,,
GAC_AF2_0060,,60,GAC.AF2rank60,GAC.AF2rank60.pdb,/home/wms/AF2-test/AF2-CatGraph-test5/data/GAC/01_af2_new/GAC.AF2rank60.pdb,/home/wms/AF2-test/AF2-CatGraph-test5/data/GAC/01_af2_new/GAC.AF2rank60.pdb,/home/wms/AF2-test/AF2-CatGraph-test5/data/GAC/01_af2/5D3O.59.pdb,source_if_available,source,/home/wms/AF2-test/AF2-CatGraph-test5/data/GAC/01_af2/5D3O.59.pdb,results/GAC/01_af2_prepare/pdb/standardized/GAC_AF2_0060.pdb,,,
GAC_AF2_0061,,61,GAC.AF2rank61,GAC.AF2rank61.pdb,/home/wms/AF2-test/AF2-CatGraph-test5/data/GAC/01_af2_new/GAC.AF2rank61.pdb,/home/wms/AF2-test/AF2-CatGraph-test5/data/GAC/01_af2_new/GAC.AF2rank61.pdb,/home/wms/AF2-test/AF2-CatGraph-test5/data/GAC/01_af2/5D3O.60.pdb,source_if_available,source,/home/wms/AF2-test/AF2-CatGraph-test5/data/GAC/01_af2/5D3O.60.pdb,results/GAC/01_af2_prepare/pdb/standardized/GAC_AF2_0061.pdb,,,
GAC_AF2_0062,,62,GAC.AF2rank62,GAC.AF2rank62.pdb,/home/wms/AF2-test/AF2-CatGraph-test5/data/GAC/01_af2_new/GAC.AF2rank62.pdb,/home/wms/AF2-test/AF2-CatGraph-test5/data/GAC/01_af2_new/GAC.AF2rank62.pdb,/home/wms/AF2-test/AF2-CatGraph-test5/data/GAC/01_af2/5D3O.61.pdb,source_if_available,source,/home/wms/AF2-test/AF2-CatGraph-test5/data/GAC/01_af2/5D3O.61.pdb,results/GAC/01_af2_prepare/pdb/standardized/GAC_AF2_0062.pdb,,,
GAC_AF2_0063,,63,GAC.AF2rank63,GAC.AF2rank63.pdb,/home/wms/AF2-test/AF2-CatGraph-test5/data/GAC/01_af2_new/GAC.AF2rank63.pdb,/home/wms/AF2-test/AF2-CatGraph-test5/data/GAC/01_af2_new/GAC.AF2rank63.pdb,/home/wms/AF2-test/AF2-CatGraph-test5/data/GAC/01_af2/5D3O.62.pdb,source_if_available,source,/home/wms/AF2-test/AF2-CatGraph-test5/data/GAC/01_af2/5D3O.62.pdb,results/GAC/01_af2_prepare/pdb/standardized/GAC_AF2_0063.pdb,,,
GAC_AF2_0064,,64,GAC.AF2rank64,GAC.AF2rank64.pdb,/home/wms/AF2-test/AF2-CatGraph-test5/data/GAC/01_af2_new/GAC.AF2rank64.pdb,/home/wms/AF2-test/AF2-CatGraph-test5/data/GAC/01_af2_new/GAC.AF2rank64.pdb,/home/wms/AF2-test/AF2-CatGraph-test5/data/GAC/01_af2/5D3O.63.pdb,source_if_available,source,/home/wms/AF2-test/AF2-CatGraph-test5/data/GAC/01_af2/5D3O.63.pdb,results/GAC/01_af2_prepare/pdb/standardized/GAC_AF2_0064.pdb,,,
GAC_AF2_0065,,65,GAC.AF2rank65,GAC.AF2rank65.pdb,/home/wms/AF2-test/AF2-CatGraph-test5/data/GAC/01_af2_new/GAC.AF2rank65.pdb,/home/wms/AF2-test/AF2-CatGraph-test5/data/GAC/01_af2_new/GAC.AF2rank65.pdb,/home/wms/AF2-test/AF2-CatGraph-test5/data/GAC/01_af2/5D3O.64.pdb,source_if_available,source,/home/wms/AF2-test/AF2-CatGraph-test5/data/GAC/01_af2/5D3O.64.pdb,results/GAC/01_af2_prepare/pdb/standardized/GAC_AF2_0065.pdb,,,
GAC_AF2_0066,,66,GAC.AF2rank66,GAC.AF2rank66.pdb,/home/wms/AF2-test/AF2-CatGraph-test5/data/GAC/01_af2_new/GAC.AF2rank66.pdb,/home/wms/AF2-test/AF2-CatGraph-test5/data/GAC/01_af2_new/GAC.AF2rank66.pdb,/home/wms/AF2-test/AF2-CatGraph-test5/data/GAC/01_af2/5D3O.65.pdb,source_if_available,source,/home/wms/AF2-test/AF2-CatGraph-test5/data/GAC/01_af2/5D3O.65.pdb,results/GAC/01_af2_prepare/pdb/standardized/GAC_AF2_0066.pdb,,,
GAC_AF2_0067,,67,GAC.AF2rank67,GAC.AF2rank67.pdb,/home/wms/AF2-test/AF2-CatGraph-test5/data/GAC/01_af2_new/GAC.AF2rank67.pdb,/home/wms/AF2-test/AF2-CatGraph-test5/data/GAC/01_af2_new/GAC.AF2rank67.pdb,/home/wms/AF2-test/AF2-CatGraph-test5/data/GAC/01_af2/5D3O.66.pdb,source_if_available,source,/home/wms/AF2-test/AF2-CatGraph-test5/data/GAC/01_af2/5D3O.66.pdb,results/GAC/01_af2_prepare/pdb/standardized/GAC_AF2_0067.pdb,,,
GAC_AF2_0068,,68,GAC.AF2rank68,GAC.AF2rank68.pdb,/home/wms/AF2-test/AF2-CatGraph-test5/data/GAC/01_af2_new/GAC.AF2rank68.pdb,/home/wms/AF2-test/AF2-CatGraph-test5/data/GAC/01_af2_new/GAC.AF2rank68.pdb,/home/wms/AF2-test/AF2-CatGraph-test5/data/GAC/01_af2/5D3O.67.pdb,source_if_available,source,/home/wms/AF2-test/AF2-CatGraph-test5/data/GAC/01_af2/5D3O.67.pdb,results/GAC/01_af2_prepare/pdb/standardized/GAC_AF2_0068.pdb,,,
GAC_AF2_0069,,69,GAC.AF2rank69,GAC.AF2rank69.pdb,/home/wms/AF2-test/AF2-CatGraph-test5/data/GAC/01_af2_new/GAC.AF2rank69.pdb,/home/wms/AF2-test/AF2-CatGraph-test5/data/GAC/01_af2_new/GAC.AF2rank69.pdb,/home/wms/AF2-test/AF2-CatGraph-test5/data/GAC/01_af2/5D3O.68.pdb,source_if_available,source,/home/wms/AF2-test/AF2-CatGraph-test5/data/GAC/01_af2/5D3O.68.pdb,results/GAC/01_af2_prepare/pdb/standardized/GAC_AF2_0069.pdb,,,
GAC_AF2_0070,,70,GAC.AF2rank70,GAC.AF2rank70.pdb,/home/wms/AF2-test/AF2-CatGraph-test5/data/GAC/01_af2_new/GAC.AF2rank70.pdb,/home/wms/AF2-test/AF2-CatGraph-test5/data/GAC/01_af2_new/GAC.AF2rank70.pdb,/home/wms/AF2-test/AF2-CatGraph-test5/data/GAC/01_af2/5D3O.69.pdb,source_if_available,source,/home/wms/AF2-test/AF2-CatGraph-test5/data/GAC/01_af2/5D3O.69.pdb,results/GAC/01_af2_prepare/pdb/standardized/GAC_AF2_0070.pdb,,,
GAC_AF2_0071,,71,GAC.AF2rank71,GAC.AF2rank71.pdb,/home/wms/AF2-test/AF2-CatGraph-test5/data/GAC/01_af2_new/GAC.AF2rank71.pdb,/home/wms/AF2-test/AF2-CatGraph-test5/data/GAC/01_af2_new/GAC.AF2rank71.pdb,/home/wms/AF2-test/AF2-CatGraph-test5/data/GAC/01_af2/5D3O.70.pdb,source_if_available,source,/home/wms/AF2-test/AF2-CatGraph-test5/data/GAC/01_af2/5D3O.70.pdb,results/GAC/01_af2_prepare/pdb/standardized/GAC_AF2_0071.pdb,,,
GAC_AF2_0072,,72,GAC.AF2rank72,GAC.AF2rank72.pdb,/home/wms/AF2-test/AF2-CatGraph-test5/data/GAC/01_af2_new/GAC.AF2rank72.pdb,/home/wms/AF2-test/AF2-CatGraph-test5/data/GAC/01_af2_new/GAC.AF2rank72.pdb,/home/wms/AF2-test/AF2-CatGraph-test5/data/GAC/01_af2/5D3O.71.pdb,source_if_available,source,/home/wms/AF2-test/AF2-CatGraph-test5/data/GAC/01_af2/5D3O.71.pdb,results/GAC/01_af2_prepare/pdb/standardized/GAC_AF2_0072.pdb,,,
GAC_AF2_0073,,73,GAC.AF2rank73,GAC.AF2rank73.pdb,/home/wms/AF2-test/AF2-CatGraph-test5/data/GAC/01_af2_new/GAC.AF2rank73.pdb,/home/wms/AF2-test/AF2-CatGraph-test5/data/GAC/01_af2_new/GAC.AF2rank73.pdb,/home/wms/AF2-test/AF2-CatGraph-test5/data/GAC/01_af2/5D3O.72.pdb,source_if_available,source,/home/wms/AF2-test/AF2-CatGraph-test5/data/GAC/01_af2/5D3O.72.pdb,results/GAC/01_af2_prepare/pdb/standardized/GAC_AF2_0073.pdb,,,
GAC_AF2_0074,,74,GAC.AF2rank74,GAC.AF2rank74.pdb,/home/wms/AF2-test/AF2-CatGraph-test5/data/GAC/01_af2_new/GAC.AF2rank74.pdb,/home/wms/AF2-test/AF2-CatGraph-test5/data/GAC/01_af2_new/GAC.AF2rank74.pdb,/home/wms/AF2-test/AF2-CatGraph-test5/data/GAC/01_af2/5D3O.73.pdb,source_if_available,source,/home/wms/AF2-test/AF2-CatGraph-test5/data/GAC/01_af2/5D3O.73.pdb,results/GAC/01_af2_prepare/pdb/standardized/GAC_AF2_0074.pdb,,,
GAC_AF2_0075,,75,GAC.AF2rank75,GAC.AF2rank75.pdb,/home/wms/AF2-test/AF2-CatGraph-test5/data/GAC/01_af2_new/GAC.AF2rank75.pdb,/home/wms/AF2-test/AF2-CatGraph-test5/data/GAC/01_af2_new/GAC.AF2rank75.pdb,/home/wms/AF2-test/AF2-CatGraph-test5/data/GAC/01_af2/5D3O.74.pdb,source_if_available,source,/home/wms/AF2-test/AF2-CatGraph-test5/data/GAC/01_af2/5D3O.74.pdb,results/GAC/01_af2_prepare/pdb/standardized/GAC_AF2_0075.pdb,,,
GAC_AF2_0076,,76,GAC.AF2rank76,GAC.AF2rank76.pdb,/home/wms/AF2-test/AF2-CatGraph-test5/data/GAC/01_af2_new/GAC.AF2rank76.pdb,/home/wms/AF2-test/AF2-CatGraph-test5/data/GAC/01_af2_new/GAC.AF2rank76.pdb,/home/wms/AF2-test/AF2-CatGraph-test5/data/GAC/01_af2/5D3O.75.pdb,source_if_available,source,/home/wms/AF2-test/AF2-CatGraph-test5/data/GAC/01_af2/5D3O.75.pdb,results/GAC/01_af2_prepare/pdb/standardized/GAC_AF2_0076.pdb,,,
GAC_AF2_0077,,77,GAC.AF2rank77,GAC.AF2rank77.pdb,/home/wms/AF2-test/AF2-CatGraph-test5/data/GAC/01_af2_new/GAC.AF2rank77.pdb,/home/wms/AF2-test/AF2-CatGraph-test5/data/GAC/01_af2_new/GAC.AF2rank77.pdb,/home/wms/AF2-test/AF2-CatGraph-test5/data/GAC/01_af2/5D3O.76.pdb,source_if_available,source,/home/wms/AF2-test/AF2-CatGraph-test5/data/GAC/01_af2/5D3O.76.pdb,results/GAC/01_af2_prepare/pdb/standardized/GAC_AF2_0077.pdb,,,
GAC_AF2_0078,,78,GAC.AF2rank78,GAC.AF2rank78.pdb,/home/wms/AF2-test/AF2-CatGraph-test5/data/GAC/01_af2_new/GAC.AF2rank78.pdb,/home/wms/AF2-test/AF2-CatGraph-test5/data/GAC/01_af2_new/GAC.AF2rank78.pdb,/home/wms/AF2-test/AF2-CatGraph-test5/data/GAC/01_af2/5D3O.77.pdb,source_if_available,source,/home/wms/AF2-test/AF2-CatGraph-test5/data/GAC/01_af2/5D3O.77.pdb,results/GAC/01_af2_prepare/pdb/standardized/GAC_AF2_0078.pdb,,,
GAC_AF2_0079,,79,GAC.AF2rank79,GAC.AF2rank79.pdb,/home/wms/AF2-test/AF2-CatGraph-test5/data/GAC/01_af2_new/GAC.AF2rank79.pdb,/home/wms/AF2-test/AF2-CatGraph-test5/data/GAC/01_af2_new/GAC.AF2rank79.pdb,/home/wms/AF2-test/AF2-CatGraph-test5/data/GAC/01_af2/5D3O.78.pdb,source_if_available,source,/home/wms/AF2-test/AF2-CatGraph-test5/data/GAC/01_af2/5D3O.78.pdb,results/GAC/01_af2_prepare/pdb/standardized/GAC_AF2_0079.pdb,,,
GAC_AF2_0080,,80,GAC.AF2rank80,GAC.AF2rank80.pdb,/home/wms/AF2-test/AF2-CatGraph-test5/data/GAC/01_af2_new/GAC.AF2rank80.pdb,/home/wms/AF2-test/AF2-CatGraph-test5/data/GAC/01_af2_new/GAC.AF2rank80.pdb,/home/wms/AF2-test/AF2-CatGraph-test5/data/GAC/01_af2/5D3O.79.pdb,source_if_available,source,/home/wms/AF2-test/AF2-CatGraph-test5/data/GAC/01_af2/5D3O.79.pdb,results/GAC/01_af2_prepare/pdb/standardized/GAC_AF2_0080.pdb,,,
GAC_AF2_0081,,81,GAC.AF2rank81,GAC.AF2rank81.pdb,/home/wms/AF2-test/AF2-CatGraph-test5/data/GAC/01_af2_new/GAC.AF2rank81.pdb,/home/wms/AF2-test/AF2-CatGraph-test5/data/GAC/01_af2_new/GAC.AF2rank81.pdb,/home/wms/AF2-test/AF2-CatGraph-test5/data/GAC/01_af2/5D3O.80.pdb,source_if_available,source,/home/wms/AF2-test/AF2-CatGraph-test5/data/GAC/01_af2/5D3O.80.pdb,results/GAC/01_af2_prepare/pdb/standardized/GAC_AF2_0081.pdb,,,
GAC_AF2_0082,,82,GAC.AF2rank82,GAC.AF2rank82.pdb,/home/wms/AF2-test/AF2-CatGraph-test5/data/GAC/01_af2_new/GAC.AF2rank82.pdb,/home/wms/AF2-test/AF2-CatGraph-test5/data/GAC/01_af2_new/GAC.AF2rank82.pdb,/home/wms/AF2-test/AF2-CatGraph-test5/data/GAC/01_af2/5D3O.81.pdb,source_if_available,source,/home/wms/AF2-test/AF2-CatGraph-test5/data/GAC/01_af2/5D3O.81.pdb,results/GAC/01_af2_prepare/pdb/standardized/GAC_AF2_0082.pdb,,,
GAC_AF2_0083,,83,GAC.AF2rank83,GAC.AF2rank83.pdb,/home/wms/AF2-test/AF2-CatGraph-test5/data/GAC/01_af2_new/GAC.AF2rank83.pdb,/home/wms/AF2-test/AF2-CatGraph-test5/data/GAC/01_af2_new/GAC.AF2rank83.pdb,/home/wms/AF2-test/AF2-CatGraph-test5/data/GAC/01_af2/5D3O.82.pdb,source_if_available,source,/home/wms/AF2-test/AF2-CatGraph-test5/data/GAC/01_af2/5D3O.82.pdb,results/GAC/01_af2_prepare/pdb/standardized/GAC_AF2_0083.pdb,,,
GAC_AF2_0084,,84,GAC.AF2rank84,GAC.AF2rank84.pdb,/home/wms/AF2-test/AF2-CatGraph-test5/data/GAC/01_af2_new/GAC.AF2rank84.pdb,/home/wms/AF2-test/AF2-CatGraph-test5/data/GAC/01_af2_new/GAC.AF2rank84.pdb,/home/wms/AF2-test/AF2-CatGraph-test5/data/GAC/01_af2/5D3O.83.pdb,source_if_available,source,/home/wms/AF2-test/AF2-CatGraph-test5/data/GAC/01_af2/5D3O.83.pdb,results/GAC/01_af2_prepare/pdb/standardized/GAC_AF2_0084.pdb,,,
GAC_AF2_0085,,85,GAC.AF2rank85,GAC.AF2rank85.pdb,/home/wms/AF2-test/AF2-CatGraph-test5/data/GAC/01_af2_new/GAC.AF2rank85.pdb,/home/wms/AF2-test/AF2-CatGraph-test5/data/GAC/01_af2_new/GAC.AF2rank85.pdb,/home/wms/AF2-test/AF2-CatGraph-test5/data/GAC/01_af2/5D3O.84.pdb,source_if_available,source,/home/wms/AF2-test/AF2-CatGraph-test5/data/GAC/01_af2/5D3O.84.pdb,results/GAC/01_af2_prepare/pdb/standardized/GAC_AF2_0085.pdb,,,
GAC_AF2_0086,,86,GAC.AF2rank86,GAC.AF2rank86.pdb,/home/wms/AF2-test/AF2-CatGraph-test5/data/GAC/01_af2_new/GAC.AF2rank86.pdb,/home/wms/AF2-test/AF2-CatGraph-test5/data/GAC/01_af2_new/GAC.AF2rank86.pdb,/home/wms/AF2-test/AF2-CatGraph-test5/data/GAC/01_af2/5D3O.85.pdb,source_if_available,source,/home/wms/AF2-test/AF2-CatGraph-test5/data/GAC/01_af2/5D3O.85.pdb,results/GAC/01_af2_prepare/pdb/standardized/GAC_AF2_0086.pdb,,,
GAC_AF2_0087,,87,GAC.AF2rank87,GAC.AF2rank87.pdb,/home/wms/AF2-test/AF2-CatGraph-test5/data/GAC/01_af2_new/GAC.AF2rank87.pdb,/home/wms/AF2-test/AF2-CatGraph-test5/data/GAC/01_af2_new/GAC.AF2rank87.pdb,/home/wms/AF2-test/AF2-CatGraph-test5/data/GAC/01_af2/5D3O.86.pdb,source_if_available,source,/home/wms/AF2-test/AF2-CatGraph-test5/data/GAC/01_af2/5D3O.86.pdb,results/GAC/01_af2_prepare/pdb/standardized/GAC_AF2_0087.pdb,,,
GAC_AF2_0088,,88,GAC.AF2rank88,GAC.AF2rank88.pdb,/home/wms/AF2-test/AF2-CatGraph-test5/data/GAC/01_af2_new/GAC.AF2rank88.pdb,/home/wms/AF2-test/AF2-CatGraph-test5/data/GAC/01_af2_new/GAC.AF2rank88.pdb,/home/wms/AF2-test/AF2-CatGraph-test5/data/GAC/01_af2/5D3O.87.pdb,source_if_available,source,/home/wms/AF2-test/AF2-CatGraph-test5/data/GAC/01_af2/5D3O.87.pdb,results/GAC/01_af2_prepare/pdb/standardized/GAC_AF2_0088.pdb,,,
GAC_AF2_0089,,89,GAC.AF2rank89,GAC.AF2rank89.pdb,/home/wms/AF2-test/AF2-CatGraph-test5/data/GAC/01_af2_new/GAC.AF2rank89.pdb,/home/wms/AF2-test/AF2-CatGraph-test5/data/GAC/01_af2_new/GAC.AF2rank89.pdb,/home/wms/AF2-test/AF2-CatGraph-test5/data/GAC/01_af2/5D3O.88.pdb,source_if_available,source,/home/wms/AF2-test/AF2-CatGraph-test5/data/GAC/01_af2/5D3O.88.pdb,results/GAC/01_af2_prepare/pdb/standardized/GAC_AF2_0089.pdb,,,
GAC_AF2_0090,,90,GAC.AF2rank90,GAC.AF2rank90.pdb,/home/wms/AF2-test/AF2-CatGraph-test5/data/GAC/01_af2_new/GAC.AF2rank90.pdb,/home/wms/AF2-test/AF2-CatGraph-test5/data/GAC/01_af2_new/GAC.AF2rank90.pdb,/home/wms/AF2-test/AF2-CatGraph-test5/data/GAC/01_af2/5D3O.89.pdb,source_if_available,source,/home/wms/AF2-test/AF2-CatGraph-test5/data/GAC/01_af2/5D3O.89.pdb,results/GAC/01_af2_prepare/pdb/standardized/GAC_AF2_0090.pdb,,,
GAC_AF2_0091,,91,GAC.AF2rank91,GAC.AF2rank91.pdb,/home/wms/AF2-test/AF2-CatGraph-test5/data/GAC/01_af2_new/GAC.AF2rank91.pdb,/home/wms/AF2-test/AF2-CatGraph-test5/data/GAC/01_af2_new/GAC.AF2rank91.pdb,/home/wms/AF2-test/AF2-CatGraph-test5/data/GAC/01_af2/5D3O.90.pdb,source_if_available,source,/home/wms/AF2-test/AF2-CatGraph-test5/data/GAC/01_af2/5D3O.90.pdb,results/GAC/01_af2_prepare/pdb/standardized/GAC_AF2_0091.pdb,,,
GAC_AF2_0092,,92,GAC.AF2rank92,GAC.AF2rank92.pdb,/home/wms/AF2-test/AF2-CatGraph-test5/data/GAC/01_af2_new/GAC.AF2rank92.pdb,/home/wms/AF2-test/AF2-CatGraph-test5/data/GAC/01_af2_new/GAC.AF2rank92.pdb,/home/wms/AF2-test/AF2-CatGraph-test5/data/GAC/01_af2/5D3O.91.pdb,source_if_available,source,/home/wms/AF2-test/AF2-CatGraph-test5/data/GAC/01_af2/5D3O.91.pdb,results/GAC/01_af2_prepare/pdb/standardized/GAC_AF2_0092.pdb,,,
GAC_AF2_0093,,93,GAC.AF2rank93,GAC.AF2rank93.pdb,/home/wms/AF2-test/AF2-CatGraph-test5/data/GAC/01_af2_new/GAC.AF2rank93.pdb,/home/wms/AF2-test/AF2-CatGraph-test5/data/GAC/01_af2_new/GAC.AF2rank93.pdb,/home/wms/AF2-test/AF2-CatGraph-test5/data/GAC/01_af2/5D3O.92.pdb,source_if_available,source,/home/wms/AF2-test/AF2-CatGraph-test5/data/GAC/01_af2/5D3O.92.pdb,results/GAC/01_af2_prepare/pdb/standardized/GAC_AF2_0093.pdb,,,
GAC_AF2_0094,,94,GAC.AF2rank94,GAC.AF2rank94.pdb,/home/wms/AF2-test/AF2-CatGraph-test5/data/GAC/01_af2_new/GAC.AF2rank94.pdb,/home/wms/AF2-test/AF2-CatGraph-test5/data/GAC/01_af2_new/GAC.AF2rank94.pdb,/home/wms/AF2-test/AF2-CatGraph-test5/data/GAC/01_af2/5D3O.93.pdb,source_if_available,source,/home/wms/AF2-test/AF2-CatGraph-test5/data/GAC/01_af2/5D3O.93.pdb,results/GAC/01_af2_prepare/pdb/standardized/GAC_AF2_0094.pdb,,,
GAC_AF2_0095,,95,GAC.AF2rank95,GAC.AF2rank95.pdb,/home/wms/AF2-test/AF2-CatGraph-test5/data/GAC/01_af2_new/GAC.AF2rank95.pdb,/home/wms/AF2-test/AF2-CatGraph-test5/data/GAC/01_af2_new/GAC.AF2rank95.pdb,/home/wms/AF2-test/AF2-CatGraph-test5/data/GAC/01_af2/5D3O.94.pdb,source_if_available,source,/home/wms/AF2-test/AF2-CatGraph-test5/data/GAC/01_af2/5D3O.94.pdb,results/GAC/01_af2_prepare/pdb/standardized/GAC_AF2_0095.pdb,,,
GAC_AF2_0096,,96,GAC.AF2rank96,GAC.AF2rank96.pdb,/home/wms/AF2-test/AF2-CatGraph-test5/data/GAC/01_af2_new/GAC.AF2rank96.pdb,/home/wms/AF2-test/AF2-CatGraph-test5/data/GAC/01_af2_new/GAC.AF2rank96.pdb,/home/wms/AF2-test/AF2-CatGraph-test5/data/GAC/01_af2/5D3O.95.pdb,source_if_available,source,/home/wms/AF2-test/AF2-CatGraph-test5/data/GAC/01_af2/5D3O.95.pdb,results/GAC/01_af2_prepare/pdb/standardized/GAC_AF2_0096.pdb,,,
GAC_AF2_0097,,97,GAC.AF2rank97,GAC.AF2rank97.pdb,/home/wms/AF2-test/AF2-CatGraph-test5/data/GAC/01_af2_new/GAC.AF2rank97.pdb,/home/wms/AF2-test/AF2-CatGraph-test5/data/GAC/01_af2_new/GAC.AF2rank97.pdb,/home/wms/AF2-test/AF2-CatGraph-test5/data/GAC/01_af2/5D3O.96.pdb,source_if_available,source,/home/wms/AF2-test/AF2-CatGraph-test5/data/GAC/01_af2/5D3O.96.pdb,results/GAC/01_af2_prepare/pdb/standardized/GAC_AF2_0097.pdb,,,
GAC_AF2_0098,,98,GAC.AF2rank98,GAC.AF2rank98.pdb,/home/wms/AF2-test/AF2-CatGraph-test5/data/GAC/01_af2_new/GAC.AF2rank98.pdb,/home/wms/AF2-test/AF2-CatGraph-test5/data/GAC/01_af2_new/GAC.AF2rank98.pdb,/home/wms/AF2-test/AF2-CatGraph-test5/data/GAC/01_af2/5D3O.97.pdb,source_if_available,source,/home/wms/AF2-test/AF2-CatGraph-test5/data/GAC/01_af2/5D3O.97.pdb,results/GAC/01_af2_prepare/pdb/standardized/GAC_AF2_0098.pdb,,,
GAC_AF2_0099,,99,GAC.AF2rank99,GAC.AF2rank99.pdb,/home/wms/AF2-test/AF2-CatGraph-test5/data/GAC/01_af2_new/GAC.AF2rank99.pdb,/home/wms/AF2-test/AF2-CatGraph-test5/data/GAC/01_af2_new/GAC.AF2rank99.pdb,/home/wms/AF2-test/AF2-CatGraph-test5/data/GAC/01_af2/5D3O.98.pdb,source_if_available,source,/home/wms/AF2-test/AF2-CatGraph-test5/data/GAC/01_af2/5D3O.98.pdb,results/GAC/01_af2_prepare/pdb/standardized/GAC_AF2_0099.pdb,,,
GAC_AF2_0100,,100,GAC.AF2rank100,GAC.AF2rank100.pdb,/home/wms/AF2-test/AF2-CatGraph-test5/data/GAC/01_af2_new/GAC.AF2rank100.pdb,/home/wms/AF2-test/AF2-CatGraph-test5/data/GAC/01_af2_new/GAC.AF2rank100.pdb,/home/wms/AF2-test/AF2-CatGraph-test5/data/GAC/01_af2/5D3O.99.pdb,source_if_available,source,/home/wms/AF2-test/AF2-CatGraph-test5/data/GAC/01_af2/5D3O.99.pdb,results/GAC/01_af2_prepare/pdb/standardized/GAC_AF2_0100.pdb,,,
GAC_AF2_0101,,101,GAC.AF2rank101,GAC.AF2rank101.pdb,/home/wms/AF2-test/AF2-CatGraph-test5/data/GAC/01_af2_new/GAC.AF2rank101.pdb,/home/wms/AF2-test/AF2-CatGraph-test5/data/GAC/01_af2_new/GAC.AF2rank101.pdb,/home/wms/AF2-test/AF2-CatGraph-test5/data/GAC/01_af2/5D3O.100.pdb,source_if_available,source,/home/wms/AF2-test/AF2-CatGraph-test5/data/GAC/01_af2/5D3O.100.pdb,results/GAC/01_af2_prepare/pdb/standardized/GAC_AF2_0101.pdb,,,
GAC_AF2_0102,,102,GAC.AF2rank102,GAC.AF2rank102.pdb,/home/wms/AF2-test/AF2-CatGraph-test5/data/GAC/01_af2_new/GAC.AF2rank102.pdb,/home/wms/AF2-test/AF2-CatGraph-test5/data/GAC/01_af2_new/GAC.AF2rank102.pdb,/home/wms/AF2-test/AF2-CatGraph-test5/data/GAC/01_af2/5D3O.101.pdb,source_if_available,source,/home/wms/AF2-test/AF2-CatGraph-test5/data/GAC/01_af2/5D3O.101.pdb,results/GAC/01_af2_prepare/pdb/standardized/GAC_AF2_0102.pdb,,,
GAC_AF2_0103,,103,GAC.AF2rank103,GAC.AF2rank103.pdb,/home/wms/AF2-test/AF2-CatGraph-test5/data/GAC/01_af2_new/GAC.AF2rank103.pdb,/home/wms/AF2-test/AF2-CatGraph-test5/data/GAC/01_af2_new/GAC.AF2rank103.pdb,/home/wms/AF2-test/AF2-CatGraph-test5/data/GAC/01_af2/5D3O.102.pdb,source_if_available,source,/home/wms/AF2-test/AF2-CatGraph-test5/data/GAC/01_af2/5D3O.102.pdb,results/GAC/01_af2_prepare/pdb/standardized/GAC_AF2_0103.pdb,,,
GAC_AF2_0104,,104,GAC.AF2rank104,GAC.AF2rank104.pdb,/home/wms/AF2-test/AF2-CatGraph-test5/data/GAC/01_af2_new/GAC.AF2rank104.pdb,/home/wms/AF2-test/AF2-CatGraph-test5/data/GAC/01_af2_new/GAC.AF2rank104.pdb,/home/wms/AF2-test/AF2-CatGraph-test5/data/GAC/01_af2/5D3O.103.pdb,source_if_available,source,/home/wms/AF2-test/AF2-CatGraph-test5/data/GAC/01_af2/5D3O.103.pdb,results/GAC/01_af2_prepare/pdb/standardized/GAC_AF2_0104.pdb,,,
GAC_AF2_0105,,105,GAC.AF2rank105,GAC.AF2rank105.pdb,/home/wms/AF2-test/AF2-CatGraph-test5/data/GAC/01_af2_new/GAC.AF2rank105.pdb,/home/wms/AF2-test/AF2-CatGraph-test5/data/GAC/01_af2_new/GAC.AF2rank105.pdb,/home/wms/AF2-test/AF2-CatGraph-test5/data/GAC/01_af2/5D3O.104.pdb,source_if_available,source,/home/wms/AF2-test/AF2-CatGraph-test5/data/GAC/01_af2/5D3O.104.pdb,results/GAC/01_af2_prepare/pdb/standardized/GAC_AF2_0105.pdb,,,
GAC_AF2_0106,,106,GAC.AF2rank106,GAC.AF2rank106.pdb,/home/wms/AF2-test/AF2-CatGraph-test5/data/GAC/01_af2_new/GAC.AF2rank106.pdb,/home/wms/AF2-test/AF2-CatGraph-test5/data/GAC/01_af2_new/GAC.AF2rank106.pdb,/home/wms/AF2-test/AF2-CatGraph-test5/data/GAC/01_af2/5D3O.105.pdb,source_if_available,source,/home/wms/AF2-test/AF2-CatGraph-test5/data/GAC/01_af2/5D3O.105.pdb,results/GAC/01_af2_prepare/pdb/standardized/GAC_AF2_0106.pdb,,,
GAC_AF2_0107,,107,GAC.AF2rank107,GAC.AF2rank107.pdb,/home/wms/AF2-test/AF2-CatGraph-test5/data/GAC/01_af2_new/GAC.AF2rank107.pdb,/home/wms/AF2-test/AF2-CatGraph-test5/data/GAC/01_af2_new/GAC.AF2rank107.pdb,/home/wms/AF2-test/AF2-CatGraph-test5/data/GAC/01_af2/5D3O.106.pdb,source_if_available,source,/home/wms/AF2-test/AF2-CatGraph-test5/data/GAC/01_af2/5D3O.106.pdb,results/GAC/01_af2_prepare/pdb/standardized/GAC_AF2_0107.pdb,,,
GAC_AF2_0108,,108,GAC.AF2rank108,GAC.AF2rank108.pdb,/home/wms/AF2-test/AF2-CatGraph-test5/data/GAC/01_af2_new/GAC.AF2rank108.pdb,/home/wms/AF2-test/AF2-CatGraph-test5/data/GAC/01_af2_new/GAC.AF2rank108.pdb,/home/wms/AF2-test/AF2-CatGraph-test5/data/GAC/01_af2/5D3O.107.pdb,source_if_available,source,/home/wms/AF2-test/AF2-CatGraph-test5/data/GAC/01_af2/5D3O.107.pdb,results/GAC/01_af2_prepare/pdb/standardized/GAC_AF2_0108.pdb,,,
GAC_AF2_0109,,109,GAC.AF2rank109,GAC.AF2rank109.pdb,/home/wms/AF2-test/AF2-CatGraph-test5/data/GAC/01_af2_new/GAC.AF2rank109.pdb,/home/wms/AF2-test/AF2-CatGraph-test5/data/GAC/01_af2_new/GAC.AF2rank109.pdb,/home/wms/AF2-test/AF2-CatGraph-test5/data/GAC/01_af2/5D3O.108.pdb,source_if_available,source,/home/wms/AF2-test/AF2-CatGraph-test5/data/GAC/01_af2/5D3O.108.pdb,results/GAC/01_af2_prepare/pdb/standardized/GAC_AF2_0109.pdb,,,
GAC_AF2_0110,,110,GAC.AF2rank110,GAC.AF2rank110.pdb,/home/wms/AF2-test/AF2-CatGraph-test5/data/GAC/01_af2_new/GAC.AF2rank110.pdb,/home/wms/AF2-test/AF2-CatGraph-test5/data/GAC/01_af2_new/GAC.AF2rank110.pdb,/home/wms/AF2-test/AF2-CatGraph-test5/data/GAC/01_af2/5D3O.109.pdb,source_if_available,source,/home/wms/AF2-test/AF2-CatGraph-test5/data/GAC/01_af2/5D3O.109.pdb,results/GAC/01_af2_prepare/pdb/standardized/GAC_AF2_0110.pdb,,,
GAC_AF2_0111,,111,GAC.AF2rank111,GAC.AF2rank111.pdb,/home/wms/AF2-test/AF2-CatGraph-test5/data/GAC/01_af2_new/GAC.AF2rank111.pdb,/home/wms/AF2-test/AF2-CatGraph-test5/data/GAC/01_af2_new/GAC.AF2rank111.pdb,/home/wms/AF2-test/AF2-CatGraph-test5/data/GAC/01_af2/5D3O.110.pdb,source_if_available,source,/home/wms/AF2-test/AF2-CatGraph-test5/data/GAC/01_af2/5D3O.110.pdb,results/GAC/01_af2_prepare/pdb/standardized/GAC_AF2_0111.pdb,,,
GAC_AF2_0112,,112,GAC.AF2rank112,GAC.AF2rank112.pdb,/home/wms/AF2-test/AF2-CatGraph-test5/data/GAC/01_af2_new/GAC.AF2rank112.pdb,/home/wms/AF2-test/AF2-CatGraph-test5/data/GAC/01_af2_new/GAC.AF2rank112.pdb,/home/wms/AF2-test/AF2-CatGraph-test5/data/GAC/01_af2/5D3O.111.pdb,source_if_available,source,/home/wms/AF2-test/AF2-CatGraph-test5/data/GAC/01_af2/5D3O.111.pdb,results/GAC/01_af2_prepare/pdb/standardized/GAC_AF2_0112.pdb,,,
GAC_AF2_0113,,113,GAC.AF2rank113,GAC.AF2rank113.pdb,/home/wms/AF2-test/AF2-CatGraph-test5/data/GAC/01_af2_new/GAC.AF2rank113.pdb,/home/wms/AF2-test/AF2-CatGraph-test5/data/GAC/01_af2_new/GAC.AF2rank113.pdb,/home/wms/AF2-test/AF2-CatGraph-test5/data/GAC/01_af2/5D3O.112.pdb,source_if_available,source,/home/wms/AF2-test/AF2-CatGraph-test5/data/GAC/01_af2/5D3O.112.pdb,results/GAC/01_af2_prepare/pdb/standardized/GAC_AF2_0113.pdb,,,
GAC_AF2_0114,,114,GAC.AF2rank114,GAC.AF2rank114.pdb,/home/wms/AF2-test/AF2-CatGraph-test5/data/GAC/01_af2_new/GAC.AF2rank114.pdb,/home/wms/AF2-test/AF2-CatGraph-test5/data/GAC/01_af2_new/GAC.AF2rank114.pdb,/home/wms/AF2-test/AF2-CatGraph-test5/data/GAC/01_af2/5D3O.113.pdb,source_if_available,source,/home/wms/AF2-test/AF2-CatGraph-test5/data/GAC/01_af2/5D3O.113.pdb,results/GAC/01_af2_prepare/pdb/standardized/GAC_AF2_0114.pdb,,,
GAC_AF2_0115,,115,GAC.AF2rank115,GAC.AF2rank115.pdb,/home/wms/AF2-test/AF2-CatGraph-test5/data/GAC/01_af2_new/GAC.AF2rank115.pdb,/home/wms/AF2-test/AF2-CatGraph-test5/data/GAC/01_af2_new/GAC.AF2rank115.pdb,/home/wms/AF2-test/AF2-CatGraph-test5/data/GAC/01_af2/5D3O.114.pdb,source_if_available,source,/home/wms/AF2-test/AF2-CatGraph-test5/data/GAC/01_af2/5D3O.114.pdb,results/GAC/01_af2_prepare/pdb/standardized/GAC_AF2_0115.pdb,,,
GAC_AF2_0116,,116,GAC.AF2rank116,GAC.AF2rank116.pdb,/home/wms/AF2-test/AF2-CatGraph-test5/data/GAC/01_af2_new/GAC.AF2rank116.pdb,/home/wms/AF2-test/AF2-CatGraph-test5/data/GAC/01_af2_new/GAC.AF2rank116.pdb,/home/wms/AF2-test/AF2-CatGraph-test5/data/GAC/01_af2/5D3O.115.pdb,source_if_available,source,/home/wms/AF2-test/AF2-CatGraph-test5/data/GAC/01_af2/5D3O.115.pdb,results/GAC/01_af2_prepare/pdb/standardized/GAC_AF2_0116.pdb,,,
GAC_AF2_0117,,117,GAC.AF2rank117,GAC.AF2rank117.pdb,/home/wms/AF2-test/AF2-CatGraph-test5/data/GAC/01_af2_new/GAC.AF2rank117.pdb,/home/wms/AF2-test/AF2-CatGraph-test5/data/GAC/01_af2_new/GAC.AF2rank117.pdb,/home/wms/AF2-test/AF2-CatGraph-test5/data/GAC/01_af2/5D3O.116.pdb,source_if_available,source,/home/wms/AF2-test/AF2-CatGraph-test5/data/GAC/01_af2/5D3O.116.pdb,results/GAC/01_af2_prepare/pdb/standardized/GAC_AF2_0117.pdb,,,
GAC_AF2_0118,,118,GAC.AF2rank118,GAC.AF2rank118.pdb,/home/wms/AF2-test/AF2-CatGraph-test5/data/GAC/01_af2_new/GAC.AF2rank118.pdb,/home/wms/AF2-test/AF2-CatGraph-test5/data/GAC/01_af2_new/GAC.AF2rank118.pdb,/home/wms/AF2-test/AF2-CatGraph-test5/data/GAC/01_af2/5D3O.117.pdb,source_if_available,source,/home/wms/AF2-test/AF2-CatGraph-test5/data/GAC/01_af2/5D3O.117.pdb,results/GAC/01_af2_prepare/pdb/standardized/GAC_AF2_0118.pdb,,,
GAC_AF2_0119,,119,GAC.AF2rank119,GAC.AF2rank119.pdb,/home/wms/AF2-test/AF2-CatGraph-test5/data/GAC/01_af2_new/GAC.AF2rank119.pdb,/home/wms/AF2-test/AF2-CatGraph-test5/data/GAC/01_af2_new/GAC.AF2rank119.pdb,/home/wms/AF2-test/AF2-CatGraph-test5/data/GAC/01_af2/5D3O.118.pdb,source_if_available,source,/home/wms/AF2-test/AF2-CatGraph-test5/data/GAC/01_af2/5D3O.118.pdb,results/GAC/01_af2_prepare/pdb/standardized/GAC_AF2_0119.pdb,,,
GAC_AF2_0120,,120,GAC.AF2rank120,GAC.AF2rank120.pdb,/home/wms/AF2-test/AF2-CatGraph-test5/data/GAC/01_af2_new/GAC.AF2rank120.pdb,/home/wms/AF2-test/AF2-CatGraph-test5/data/GAC/01_af2_new/GAC.AF2rank120.pdb,/home/wms/AF2-test/AF2-CatGraph-test5/data/GAC/01_af2/5D3O.119.pdb,source_if_available,source,/home/wms/AF2-test/AF2-CatGraph-test5/data/GAC/01_af2/5D3O.119.pdb,results/GAC/01_af2_prepare/pdb/standardized/GAC_AF2_0120.pdb,,,
GAC_AF2_0121,,121,GAC.AF2rank121,GAC.AF2rank121.pdb,/home/wms/AF2-test/AF2-CatGraph-test5/data/GAC/01_af2_new/GAC.AF2rank121.pdb,/home/wms/AF2-test/AF2-CatGraph-test5/data/GAC/01_af2_new/GAC.AF2rank121.pdb,/home/wms/AF2-test/AF2-CatGraph-test5/data/GAC/01_af2/5D3O.120.pdb,source_if_available,source,/home/wms/AF2-test/AF2-CatGraph-test5/data/GAC/01_af2/5D3O.120.pdb,results/GAC/01_af2_prepare/pdb/standardized/GAC_AF2_0121.pdb,,,
GAC_AF2_0122,,122,GAC.AF2rank122,GAC.AF2rank122.pdb,/home/wms/AF2-test/AF2-CatGraph-test5/data/GAC/01_af2_new/GAC.AF2rank122.pdb,/home/wms/AF2-test/AF2-CatGraph-test5/data/GAC/01_af2_new/GAC.AF2rank122.pdb,/home/wms/AF2-test/AF2-CatGraph-test5/data/GAC/01_af2/5D3O.121.pdb,source_if_available,source,/home/wms/AF2-test/AF2-CatGraph-test5/data/GAC/01_af2/5D3O.121.pdb,results/GAC/01_af2_prepare/pdb/standardized/GAC_AF2_0122.pdb,,,
GAC_AF2_0123,,123,GAC.AF2rank123,GAC.AF2rank123.pdb,/home/wms/AF2-test/AF2-CatGraph-test5/data/GAC/01_af2_new/GAC.AF2rank123.pdb,/home/wms/AF2-test/AF2-CatGraph-test5/data/GAC/01_af2_new/GAC.AF2rank123.pdb,/home/wms/AF2-test/AF2-CatGraph-test5/data/GAC/01_af2/5D3O.122.pdb,source_if_available,source,/home/wms/AF2-test/AF2-CatGraph-test5/data/GAC/01_af2/5D3O.122.pdb,results/GAC/01_af2_prepare/pdb/standardized/GAC_AF2_0123.pdb,,,
GAC_AF2_0124,,124,GAC.AF2rank124,GAC.AF2rank124.pdb,/home/wms/AF2-test/AF2-CatGraph-test5/data/GAC/01_af2_new/GAC.AF2rank124.pdb,/home/wms/AF2-test/AF2-CatGraph-test5/data/GAC/01_af2_new/GAC.AF2rank124.pdb,/home/wms/AF2-test/AF2-CatGraph-test5/data/GAC/01_af2/5D3O.123.pdb,source_if_available,source,/home/wms/AF2-test/AF2-CatGraph-test5/data/GAC/01_af2/5D3O.123.pdb,results/GAC/01_af2_prepare/pdb/standardized/GAC_AF2_0124.pdb,,,
GAC_AF2_0125,,125,GAC.AF2rank125,GAC.AF2rank125.pdb,/home/wms/AF2-test/AF2-CatGraph-test5/data/GAC/01_af2_new/GAC.AF2rank125.pdb,/home/wms/AF2-test/AF2-CatGraph-test5/data/GAC/01_af2_new/GAC.AF2rank125.pdb,/home/wms/AF2-test/AF2-CatGraph-test5/data/GAC/01_af2/5D3O.124.pdb,source_if_available,source,/home/wms/AF2-test/AF2-CatGraph-test5/data/GAC/01_af2/5D3O.124.pdb,results/GAC/01_af2_prepare/pdb/standardized/GAC_AF2_0125.pdb,,,
GAC_AF2_0126,,126,GAC.AF2rank126,GAC.AF2rank126.pdb,/home/wms/AF2-test/AF2-CatGraph-test5/data/GAC/01_af2_new/GAC.AF2rank126.pdb,/home/wms/AF2-test/AF2-CatGraph-test5/data/GAC/01_af2_new/GAC.AF2rank126.pdb,/home/wms/AF2-test/AF2-CatGraph-test5/data/GAC/01_af2/5D3O.125.pdb,source_if_available,source,/home/wms/AF2-test/AF2-CatGraph-test5/data/GAC/01_af2/5D3O.125.pdb,results/GAC/01_af2_prepare/pdb/standardized/GAC_AF2_0126.pdb,,,
GAC_AF2_0127,,127,GAC.AF2rank127,GAC.AF2rank127.pdb,/home/wms/AF2-test/AF2-CatGraph-test5/data/GAC/01_af2_new/GAC.AF2rank127.pdb,/home/wms/AF2-test/AF2-CatGraph-test5/data/GAC/01_af2_new/GAC.AF2rank127.pdb,/home/wms/AF2-test/AF2-CatGraph-test5/data/GAC/01_af2/5D3O.126.pdb,source_if_available,source,/home/wms/AF2-test/AF2-CatGraph-test5/data/GAC/01_af2/5D3O.126.pdb,results/GAC/01_af2_prepare/pdb/standardized/GAC_AF2_0127.pdb,,,
GAC_AF2_0128,,128,GAC.AF2rank128,GAC.AF2rank128.pdb,/home/wms/AF2-test/AF2-CatGraph-test5/data/GAC/01_af2_new/GAC.AF2rank128.pdb,/home/wms/AF2-test/AF2-CatGraph-test5/data/GAC/01_af2_new/GAC.AF2rank128.pdb,/home/wms/AF2-test/AF2-CatGraph-test5/data/GAC/01_af2/5D3O.127.pdb,source_if_available,source,/home/wms/AF2-test/AF2-CatGraph-test5/data/GAC/01_af2/5D3O.127.pdb,results/GAC/01_af2_prepare/pdb/standardized/GAC_AF2_0128.pdb,,,
GAC_AF2_0129,,129,GAC.AF2rank129,GAC.AF2rank129.pdb,/home/wms/AF2-test/AF2-CatGraph-test5/data/GAC/01_af2_new/GAC.AF2rank129.pdb,/home/wms/AF2-test/AF2-CatGraph-test5/data/GAC/01_af2_new/GAC.AF2rank129.pdb,/home/wms/AF2-test/AF2-CatGraph-test5/data/GAC/01_af2/5D3O.128.pdb,source_if_available,source,/home/wms/AF2-test/AF2-CatGraph-test5/data/GAC/01_af2/5D3O.128.pdb,results/GAC/01_af2_prepare/pdb/standardized/GAC_AF2_0129.pdb,,,
GAC_AF2_0130,,130,GAC.AF2rank130,GAC.AF2rank130.pdb,/home/wms/AF2-test/AF2-CatGraph-test5/data/GAC/01_af2_new/GAC.AF2rank130.pdb,/home/wms/AF2-test/AF2-CatGraph-test5/data/GAC/01_af2_new/GAC.AF2rank130.pdb,/home/wms/AF2-test/AF2-CatGraph-test5/data/GAC/01_af2/5D3O.129.pdb,source_if_available,source,/home/wms/AF2-test/AF2-CatGraph-test5/data/GAC/01_af2/5D3O.129.pdb,results/GAC/01_af2_prepare/pdb/standardized/GAC_AF2_0130.pdb,,,
GAC_AF2_0131,,131,GAC.AF2rank131,GAC.AF2rank131.pdb,/home/wms/AF2-test/AF2-CatGraph-test5/data/GAC/01_af2_new/GAC.AF2rank131.pdb,/home/wms/AF2-test/AF2-CatGraph-test5/data/GAC/01_af2_new/GAC.AF2rank131.pdb,/home/wms/AF2-test/AF2-CatGraph-test5/data/GAC/01_af2/5D3O.130.pdb,source_if_available,source,/home/wms/AF2-test/AF2-CatGraph-test5/data/GAC/01_af2/5D3O.130.pdb,results/GAC/01_af2_prepare/pdb/standardized/GAC_AF2_0131.pdb,,,
GAC_AF2_0132,,132,GAC.AF2rank132,GAC.AF2rank132.pdb,/home/wms/AF2-test/AF2-CatGraph-test5/data/GAC/01_af2_new/GAC.AF2rank132.pdb,/home/wms/AF2-test/AF2-CatGraph-test5/data/GAC/01_af2_new/GAC.AF2rank132.pdb,/home/wms/AF2-test/AF2-CatGraph-test5/data/GAC/01_af2/5D3O.131.pdb,source_if_available,source,/home/wms/AF2-test/AF2-CatGraph-test5/data/GAC/01_af2/5D3O.131.pdb,results/GAC/01_af2_prepare/pdb/standardized/GAC_AF2_0132.pdb,,,
GAC_AF2_0133,,133,GAC.AF2rank133,GAC.AF2rank133.pdb,/home/wms/AF2-test/AF2-CatGraph-test5/data/GAC/01_af2_new/GAC.AF2rank133.pdb,/home/wms/AF2-test/AF2-CatGraph-test5/data/GAC/01_af2_new/GAC.AF2rank133.pdb,/home/wms/AF2-test/AF2-CatGraph-test5/data/GAC/01_af2/5D3O.132.pdb,source_if_available,source,/home/wms/AF2-test/AF2-CatGraph-test5/data/GAC/01_af2/5D3O.132.pdb,results/GAC/01_af2_prepare/pdb/standardized/GAC_AF2_0133.pdb,,,
GAC_AF2_0134,,134,GAC.AF2rank134,GAC.AF2rank134.pdb,/home/wms/AF2-test/AF2-CatGraph-test5/data/GAC/01_af2_new/GAC.AF2rank134.pdb,/home/wms/AF2-test/AF2-CatGraph-test5/data/GAC/01_af2_new/GAC.AF2rank134.pdb,/home/wms/AF2-test/AF2-CatGraph-test5/data/GAC/01_af2/5D3O.133.pdb,source_if_available,source,/home/wms/AF2-test/AF2-CatGraph-test5/data/GAC/01_af2/5D3O.133.pdb,results/GAC/01_af2_prepare/pdb/standardized/GAC_AF2_0134.pdb,,,
GAC_AF2_0135,,135,GAC.AF2rank135,GAC.AF2rank135.pdb,/home/wms/AF2-test/AF2-CatGraph-test5/data/GAC/01_af2_new/GAC.AF2rank135.pdb,/home/wms/AF2-test/AF2-CatGraph-test5/data/GAC/01_af2_new/GAC.AF2rank135.pdb,/home/wms/AF2-test/AF2-CatGraph-test5/data/GAC/01_af2/5D3O.134.pdb,source_if_available,source,/home/wms/AF2-test/AF2-CatGraph-test5/data/GAC/01_af2/5D3O.134.pdb,results/GAC/01_af2_prepare/pdb/standardized/GAC_AF2_0135.pdb,,,
GAC_AF2_0136,,136,GAC.AF2rank136,GAC.AF2rank136.pdb,/home/wms/AF2-test/AF2-CatGraph-test5/data/GAC/01_af2_new/GAC.AF2rank136.pdb,/home/wms/AF2-test/AF2-CatGraph-test5/data/GAC/01_af2_new/GAC.AF2rank136.pdb,/home/wms/AF2-test/AF2-CatGraph-test5/data/GAC/01_af2/5D3O.135.pdb,source_if_available,source,/home/wms/AF2-test/AF2-CatGraph-test5/data/GAC/01_af2/5D3O.135.pdb,results/GAC/01_af2_prepare/pdb/standardized/GAC_AF2_0136.pdb,,,
GAC_AF2_0137,,137,GAC.AF2rank137,GAC.AF2rank137.pdb,/home/wms/AF2-test/AF2-CatGraph-test5/data/GAC/01_af2_new/GAC.AF2rank137.pdb,/home/wms/AF2-test/AF2-CatGraph-test5/data/GAC/01_af2_new/GAC.AF2rank137.pdb,/home/wms/AF2-test/AF2-CatGraph-test5/data/GAC/01_af2/5D3O.136.pdb,source_if_available,source,/home/wms/AF2-test/AF2-CatGraph-test5/data/GAC/01_af2/5D3O.136.pdb,results/GAC/01_af2_prepare/pdb/standardized/GAC_AF2_0137.pdb,,,
GAC_AF2_0138,,138,GAC.AF2rank138,GAC.AF2rank138.pdb,/home/wms/AF2-test/AF2-CatGraph-test5/data/GAC/01_af2_new/GAC.AF2rank138.pdb,/home/wms/AF2-test/AF2-CatGraph-test5/data/GAC/01_af2_new/GAC.AF2rank138.pdb,/home/wms/AF2-test/AF2-CatGraph-test5/data/GAC/01_af2/5D3O.137.pdb,source_if_available,source,/home/wms/AF2-test/AF2-CatGraph-test5/data/GAC/01_af2/5D3O.137.pdb,results/GAC/01_af2_prepare/pdb/standardized/GAC_AF2_0138.pdb,,,
GAC_AF2_0139,,139,GAC.AF2rank139,GAC.AF2rank139.pdb,/home/wms/AF2-test/AF2-CatGraph-test5/data/GAC/01_af2_new/GAC.AF2rank139.pdb,/home/wms/AF2-test/AF2-CatGraph-test5/data/GAC/01_af2_new/GAC.AF2rank139.pdb,/home/wms/AF2-test/AF2-CatGraph-test5/data/GAC/01_af2/5D3O.138.pdb,source_if_available,source,/home/wms/AF2-test/AF2-CatGraph-test5/data/GAC/01_af2/5D3O.138.pdb,results/GAC/01_af2_prepare/pdb/standardized/GAC_AF2_0139.pdb,,,
GAC_AF2_0140,,140,GAC.AF2rank140,GAC.AF2rank140.pdb,/home/wms/AF2-test/AF2-CatGraph-test5/data/GAC/01_af2_new/GAC.AF2rank140.pdb,/home/wms/AF2-test/AF2-CatGraph-test5/data/GAC/01_af2_new/GAC.AF2rank140.pdb,/home/wms/AF2-test/AF2-CatGraph-test5/data/GAC/01_af2/5D3O.139.pdb,source_if_available,source,/home/wms/AF2-test/AF2-CatGraph-test5/data/GAC/01_af2/5D3O.139.pdb,results/GAC/01_af2_prepare/pdb/standardized/GAC_AF2_0140.pdb,,,
GAC_AF2_0141,,141,GAC.AF2rank141,GAC.AF2rank141.pdb,/home/wms/AF2-test/AF2-CatGraph-test5/data/GAC/01_af2_new/GAC.AF2rank141.pdb,/home/wms/AF2-test/AF2-CatGraph-test5/data/GAC/01_af2_new/GAC.AF2rank141.pdb,/home/wms/AF2-test/AF2-CatGraph-test5/data/GAC/01_af2/5D3O.140.pdb,source_if_available,source,/home/wms/AF2-test/AF2-CatGraph-test5/data/GAC/01_af2/5D3O.140.pdb,results/GAC/01_af2_prepare/pdb/standardized/GAC_AF2_0141.pdb,,,
GAC_AF2_0142,,142,GAC.AF2rank142,GAC.AF2rank142.pdb,/home/wms/AF2-test/AF2-CatGraph-test5/data/GAC/01_af2_new/GAC.AF2rank142.pdb,/home/wms/AF2-test/AF2-CatGraph-test5/data/GAC/01_af2_new/GAC.AF2rank142.pdb,/home/wms/AF2-test/AF2-CatGraph-test5/data/GAC/01_af2/5D3O.141.pdb,source_if_available,source,/home/wms/AF2-test/AF2-CatGraph-test5/data/GAC/01_af2/5D3O.141.pdb,results/GAC/01_af2_prepare/pdb/standardized/GAC_AF2_0142.pdb,,,
GAC_AF2_0143,,143,GAC.AF2rank143,GAC.AF2rank143.pdb,/home/wms/AF2-test/AF2-CatGraph-test5/data/GAC/01_af2_new/GAC.AF2rank143.pdb,/home/wms/AF2-test/AF2-CatGraph-test5/data/GAC/01_af2_new/GAC.AF2rank143.pdb,/home/wms/AF2-test/AF2-CatGraph-test5/data/GAC/01_af2/5D3O.142.pdb,source_if_available,source,/home/wms/AF2-test/AF2-CatGraph-test5/data/GAC/01_af2/5D3O.142.pdb,results/GAC/01_af2_prepare/pdb/standardized/GAC_AF2_0143.pdb,,,
GAC_AF2_0144,,144,GAC.AF2rank144,GAC.AF2rank144.pdb,/home/wms/AF2-test/AF2-CatGraph-test5/data/GAC/01_af2_new/GAC.AF2rank144.pdb,/home/wms/AF2-test/AF2-CatGraph-test5/data/GAC/01_af2_new/GAC.AF2rank144.pdb,/home/wms/AF2-test/AF2-CatGraph-test5/data/GAC/01_af2/5D3O.143.pdb,source_if_available,source,/home/wms/AF2-test/AF2-CatGraph-test5/data/GAC/01_af2/5D3O.143.pdb,results/GAC/01_af2_prepare/pdb/standardized/GAC_AF2_0144.pdb,,,
GAC_AF2_0145,,145,GAC.AF2rank145,GAC.AF2rank145.pdb,/home/wms/AF2-test/AF2-CatGraph-test5/data/GAC/01_af2_new/GAC.AF2rank145.pdb,/home/wms/AF2-test/AF2-CatGraph-test5/data/GAC/01_af2_new/GAC.AF2rank145.pdb,/home/wms/AF2-test/AF2-CatGraph-test5/data/GAC/01_af2/5D3O.144.pdb,source_if_available,source,/home/wms/AF2-test/AF2-CatGraph-test5/data/GAC/01_af2/5D3O.144.pdb,results/GAC/01_af2_prepare/pdb/standardized/GAC_AF2_0145.pdb,,,
GAC_AF2_0146,,146,GAC.AF2rank146,GAC.AF2rank146.pdb,/home/wms/AF2-test/AF2-CatGraph-test5/data/GAC/01_af2_new/GAC.AF2rank146.pdb,/home/wms/AF2-test/AF2-CatGraph-test5/data/GAC/01_af2_new/GAC.AF2rank146.pdb,/home/wms/AF2-test/AF2-CatGraph-test5/data/GAC/01_af2/5D3O.145.pdb,source_if_available,source,/home/wms/AF2-test/AF2-CatGraph-test5/data/GAC/01_af2/5D3O.145.pdb,results/GAC/01_af2_prepare/pdb/standardized/GAC_AF2_0146.pdb,,,
GAC_AF2_0147,,147,GAC.AF2rank147,GAC.AF2rank147.pdb,/home/wms/AF2-test/AF2-CatGraph-test5/data/GAC/01_af2_new/GAC.AF2rank147.pdb,/home/wms/AF2-test/AF2-CatGraph-test5/data/GAC/01_af2_new/GAC.AF2rank147.pdb,/home/wms/AF2-test/AF2-CatGraph-test5/data/GAC/01_af2/5D3O.146.pdb,source_if_available,source,/home/wms/AF2-test/AF2-CatGraph-test5/data/GAC/01_af2/5D3O.146.pdb,results/GAC/01_af2_prepare/pdb/standardized/GAC_AF2_0147.pdb,,,
GAC_AF2_0148,,148,GAC.AF2rank148,GAC.AF2rank148.pdb,/home/wms/AF2-test/AF2-CatGraph-test5/data/GAC/01_af2_new/GAC.AF2rank148.pdb,/home/wms/AF2-test/AF2-CatGraph-test5/data/GAC/01_af2_new/GAC.AF2rank148.pdb,/home/wms/AF2-test/AF2-CatGraph-test5/data/GAC/01_af2/5D3O.147.pdb,source_if_available,source,/home/wms/AF2-test/AF2-CatGraph-test5/data/GAC/01_af2/5D3O.147.pdb,results/GAC/01_af2_prepare/pdb/standardized/GAC_AF2_0148.pdb,,,
GAC_AF2_0149,,149,GAC.AF2rank149,GAC.AF2rank149.pdb,/home/wms/AF2-test/AF2-CatGraph-test5/data/GAC/01_af2_new/GAC.AF2rank149.pdb,/home/wms/AF2-test/AF2-CatGraph-test5/data/GAC/01_af2_new/GAC.AF2rank149.pdb,/home/wms/AF2-test/AF2-CatGraph-test5/data/GAC/01_af2/5D3O.148.pdb,source_if_available,source,/home/wms/AF2-test/AF2-CatGraph-test5/data/GAC/01_af2/5D3O.148.pdb,results/GAC/01_af2_prepare/pdb/standardized/GAC_AF2_0149.pdb,,,
GAC_AF2_0150,,150,GAC.AF2rank150,GAC.AF2rank150.pdb,/home/wms/AF2-test/AF2-CatGraph-test5/data/GAC/01_af2_new/GAC.AF2rank150.pdb,/home/wms/AF2-test/AF2-CatGraph-test5/data/GAC/01_af2_new/GAC.AF2rank150.pdb,/home/wms/AF2-test/AF2-CatGraph-test5/data/GAC/01_af2/5D3O.149.pdb,source_if_available,source,/home/wms/AF2-test/AF2-CatGraph-test5/data/GAC/01_af2/5D3O.149.pdb,results/GAC/01_af2_prepare/pdb/standardized/GAC_AF2_0150.pdb,,,
GAC_AF2_0151,,151,GAC.AF2rank151,GAC.AF2rank151.pdb,/home/wms/AF2-test/AF2-CatGraph-test5/data/GAC/01_af2_new/GAC.AF2rank151.pdb,/home/wms/AF2-test/AF2-CatGraph-test5/data/GAC/01_af2_new/GAC.AF2rank151.pdb,/home/wms/AF2-test/AF2-CatGraph-test5/data/GAC/01_af2/5D3O.150.pdb,source_if_available,source,/home/wms/AF2-test/AF2-CatGraph-test5/data/GAC/01_af2/5D3O.150.pdb,results/GAC/01_af2_prepare/pdb/standardized/GAC_AF2_0151.pdb,,,
GAC_AF2_0152,,152,GAC.AF2rank152,GAC.AF2rank152.pdb,/home/wms/AF2-test/AF2-CatGraph-test5/data/GAC/01_af2_new/GAC.AF2rank152.pdb,/home/wms/AF2-test/AF2-CatGraph-test5/data/GAC/01_af2_new/GAC.AF2rank152.pdb,/home/wms/AF2-test/AF2-CatGraph-test5/data/GAC/01_af2/5D3O.151.pdb,source_if_available,source,/home/wms/AF2-test/AF2-CatGraph-test5/data/GAC/01_af2/5D3O.151.pdb,results/GAC/01_af2_prepare/pdb/standardized/GAC_AF2_0152.pdb,,,
GAC_AF2_0153,,153,GAC.AF2rank153,GAC.AF2rank153.pdb,/home/wms/AF2-test/AF2-CatGraph-test5/data/GAC/01_af2_new/GAC.AF2rank153.pdb,/home/wms/AF2-test/AF2-CatGraph-test5/data/GAC/01_af2_new/GAC.AF2rank153.pdb,/home/wms/AF2-test/AF2-CatGraph-test5/data/GAC/01_af2/5D3O.152.pdb,source_if_available,source,/home/wms/AF2-test/AF2-CatGraph-test5/data/GAC/01_af2/5D3O.152.pdb,results/GAC/01_af2_prepare/pdb/standardized/GAC_AF2_0153.pdb,,,
GAC_AF2_0154,,154,GAC.AF2rank154,GAC.AF2rank154.pdb,/home/wms/AF2-test/AF2-CatGraph-test5/data/GAC/01_af2_new/GAC.AF2rank154.pdb,/home/wms/AF2-test/AF2-CatGraph-test5/data/GAC/01_af2_new/GAC.AF2rank154.pdb,/home/wms/AF2-test/AF2-CatGraph-test5/data/GAC/01_af2/5D3O.153.pdb,source_if_available,source,/home/wms/AF2-test/AF2-CatGraph-test5/data/GAC/01_af2/5D3O.153.pdb,results/GAC/01_af2_prepare/pdb/standardized/GAC_AF2_0154.pdb,,,
GAC_AF2_0155,,155,GAC.AF2rank155,GAC.AF2rank155.pdb,/home/wms/AF2-test/AF2-CatGraph-test5/data/GAC/01_af2_new/GAC.AF2rank155.pdb,/home/wms/AF2-test/AF2-CatGraph-test5/data/GAC/01_af2_new/GAC.AF2rank155.pdb,/home/wms/AF2-test/AF2-CatGraph-test5/data/GAC/01_af2/5D3O.154.pdb,source_if_available,source,/home/wms/AF2-test/AF2-CatGraph-test5/data/GAC/01_af2/5D3O.154.pdb,results/GAC/01_af2_prepare/pdb/standardized/GAC_AF2_0155.pdb,,,
GAC_AF2_0156,,156,GAC.AF2rank156,GAC.AF2rank156.pdb,/home/wms/AF2-test/AF2-CatGraph-test5/data/GAC/01_af2_new/GAC.AF2rank156.pdb,/home/wms/AF2-test/AF2-CatGraph-test5/data/GAC/01_af2_new/GAC.AF2rank156.pdb,/home/wms/AF2-test/AF2-CatGraph-test5/data/GAC/01_af2/5D3O.155.pdb,source_if_available,source,/home/wms/AF2-test/AF2-CatGraph-test5/data/GAC/01_af2/5D3O.155.pdb,results/GAC/01_af2_prepare/pdb/standardized/GAC_AF2_0156.pdb,,,
GAC_AF2_0157,,157,GAC.AF2rank157,GAC.AF2rank157.pdb,/home/wms/AF2-test/AF2-CatGraph-test5/data/GAC/01_af2_new/GAC.AF2rank157.pdb,/home/wms/AF2-test/AF2-CatGraph-test5/data/GAC/01_af2_new/GAC.AF2rank157.pdb,/home/wms/AF2-test/AF2-CatGraph-test5/data/GAC/01_af2/5D3O.156.pdb,source_if_available,source,/home/wms/AF2-test/AF2-CatGraph-test5/data/GAC/01_af2/5D3O.156.pdb,results/GAC/01_af2_prepare/pdb/standardized/GAC_AF2_0157.pdb,,,
GAC_AF2_0158,,158,GAC.AF2rank158,GAC.AF2rank158.pdb,/home/wms/AF2-test/AF2-CatGraph-test5/data/GAC/01_af2_new/GAC.AF2rank158.pdb,/home/wms/AF2-test/AF2-CatGraph-test5/data/GAC/01_af2_new/GAC.AF2rank158.pdb,/home/wms/AF2-test/AF2-CatGraph-test5/data/GAC/01_af2/5D3O.157.pdb,source_if_available,source,/home/wms/AF2-test/AF2-CatGraph-test5/data/GAC/01_af2/5D3O.157.pdb,results/GAC/01_af2_prepare/pdb/standardized/GAC_AF2_0158.pdb,,,
GAC_AF2_0159,,159,GAC.AF2rank159,GAC.AF2rank159.pdb,/home/wms/AF2-test/AF2-CatGraph-test5/data/GAC/01_af2_new/GAC.AF2rank159.pdb,/home/wms/AF2-test/AF2-CatGraph-test5/data/GAC/01_af2_new/GAC.AF2rank159.pdb,/home/wms/AF2-test/AF2-CatGraph-test5/data/GAC/01_af2/5D3O.158.pdb,source_if_available,source,/home/wms/AF2-test/AF2-CatGraph-test5/data/GAC/01_af2/5D3O.158.pdb,results/GAC/01_af2_prepare/pdb/standardized/GAC_AF2_0159.pdb,,,
GAC_AF2_0160,,160,GAC.AF2rank160,GAC.AF2rank160.pdb,/home/wms/AF2-test/AF2-CatGraph-test5/data/GAC/01_af2_new/GAC.AF2rank160.pdb,/home/wms/AF2-test/AF2-CatGraph-test5/data/GAC/01_af2_new/GAC.AF2rank160.pdb,/home/wms/AF2-test/AF2-CatGraph-test5/data/GAC/01_af2/5D3O.159.pdb,source_if_available,source,/home/wms/AF2-test/AF2-CatGraph-test5/data/GAC/01_af2/5D3O.159.pdb,results/GAC/01_af2_prepare/pdb/standardized/GAC_AF2_0160.pdb,,,
GAC_AF2_0161,,161,GAC.AF2rank161,GAC.AF2rank161.pdb,/home/wms/AF2-test/AF2-CatGraph-test5/data/GAC/01_af2_new/GAC.AF2rank161.pdb,/home/wms/AF2-test/AF2-CatGraph-test5/data/GAC/01_af2_new/GAC.AF2rank161.pdb,/home/wms/AF2-test/AF2-CatGraph-test5/data/GAC/01_af2/5D3O.160.pdb,source_if_available,source,/home/wms/AF2-test/AF2-CatGraph-test5/data/GAC/01_af2/5D3O.160.pdb,results/GAC/01_af2_prepare/pdb/standardized/GAC_AF2_0161.pdb,,,
GAC_AF2_0162,,162,GAC.AF2rank162,GAC.AF2rank162.pdb,/home/wms/AF2-test/AF2-CatGraph-test5/data/GAC/01_af2_new/GAC.AF2rank162.pdb,/home/wms/AF2-test/AF2-CatGraph-test5/data/GAC/01_af2_new/GAC.AF2rank162.pdb,/home/wms/AF2-test/AF2-CatGraph-test5/data/GAC/01_af2/5D3O.161.pdb,source_if_available,source,/home/wms/AF2-test/AF2-CatGraph-test5/data/GAC/01_af2/5D3O.161.pdb,results/GAC/01_af2_prepare/pdb/standardized/GAC_AF2_0162.pdb,,,
GAC_AF2_0163,,163,GAC.AF2rank163,GAC.AF2rank163.pdb,/home/wms/AF2-test/AF2-CatGraph-test5/data/GAC/01_af2_new/GAC.AF2rank163.pdb,/home/wms/AF2-test/AF2-CatGraph-test5/data/GAC/01_af2_new/GAC.AF2rank163.pdb,/home/wms/AF2-test/AF2-CatGraph-test5/data/GAC/01_af2/5D3O.162.pdb,source_if_available,source,/home/wms/AF2-test/AF2-CatGraph-test5/data/GAC/01_af2/5D3O.162.pdb,results/GAC/01_af2_prepare/pdb/standardized/GAC_AF2_0163.pdb,,,
GAC_AF2_0164,,164,GAC.AF2rank164,GAC.AF2rank164.pdb,/home/wms/AF2-test/AF2-CatGraph-test5/data/GAC/01_af2_new/GAC.AF2rank164.pdb,/home/wms/AF2-test/AF2-CatGraph-test5/data/GAC/01_af2_new/GAC.AF2rank164.pdb,/home/wms/AF2-test/AF2-CatGraph-test5/data/GAC/01_af2/5D3O.163.pdb,source_if_available,source,/home/wms/AF2-test/AF2-CatGraph-test5/data/GAC/01_af2/5D3O.163.pdb,results/GAC/01_af2_prepare/pdb/standardized/GAC_AF2_0164.pdb,,,
GAC_AF2_0165,,165,GAC.AF2rank165,GAC.AF2rank165.pdb,/home/wms/AF2-test/AF2-CatGraph-test5/data/GAC/01_af2_new/GAC.AF2rank165.pdb,/home/wms/AF2-test/AF2-CatGraph-test5/data/GAC/01_af2_new/GAC.AF2rank165.pdb,/home/wms/AF2-test/AF2-CatGraph-test5/data/GAC/01_af2/5D3O.164.pdb,source_if_available,source,/home/wms/AF2-test/AF2-CatGraph-test5/data/GAC/01_af2/5D3O.164.pdb,results/GAC/01_af2_prepare/pdb/standardized/GAC_AF2_0165.pdb,,,
GAC_AF2_0166,,166,GAC.AF2rank166,GAC.AF2rank166.pdb,/home/wms/AF2-test/AF2-CatGraph-test5/data/GAC/01_af2_new/GAC.AF2rank166.pdb,/home/wms/AF2-test/AF2-CatGraph-test5/data/GAC/01_af2_new/GAC.AF2rank166.pdb,/home/wms/AF2-test/AF2-CatGraph-test5/data/GAC/01_af2/5D3O.165.pdb,source_if_available,source,/home/wms/AF2-test/AF2-CatGraph-test5/data/GAC/01_af2/5D3O.165.pdb,results/GAC/01_af2_prepare/pdb/standardized/GAC_AF2_0166.pdb,,,
GAC_AF2_0167,,167,GAC.AF2rank167,GAC.AF2rank167.pdb,/home/wms/AF2-test/AF2-CatGraph-test5/data/GAC/01_af2_new/GAC.AF2rank167.pdb,/home/wms/AF2-test/AF2-CatGraph-test5/data/GAC/01_af2_new/GAC.AF2rank167.pdb,/home/wms/AF2-test/AF2-CatGraph-test5/data/GAC/01_af2/5D3O.166.pdb,source_if_available,source,/home/wms/AF2-test/AF2-CatGraph-test5/data/GAC/01_af2/5D3O.166.pdb,results/GAC/01_af2_prepare/pdb/standardized/GAC_AF2_0167.pdb,,,
GAC_AF2_0168,,168,GAC.AF2rank168,GAC.AF2rank168.pdb,/home/wms/AF2-test/AF2-CatGraph-test5/data/GAC/01_af2_new/GAC.AF2rank168.pdb,/home/wms/AF2-test/AF2-CatGraph-test5/data/GAC/01_af2_new/GAC.AF2rank168.pdb,/home/wms/AF2-test/AF2-CatGraph-test5/data/GAC/01_af2/5D3O.167.pdb,source_if_available,source,/home/wms/AF2-test/AF2-CatGraph-test5/data/GAC/01_af2/5D3O.167.pdb,results/GAC/01_af2_prepare/pdb/standardized/GAC_AF2_0168.pdb,,,
GAC_AF2_0169,,169,GAC.AF2rank169,GAC.AF2rank169.pdb,/home/wms/AF2-test/AF2-CatGraph-test5/data/GAC/01_af2_new/GAC.AF2rank169.pdb,/home/wms/AF2-test/AF2-CatGraph-test5/data/GAC/01_af2_new/GAC.AF2rank169.pdb,/home/wms/AF2-test/AF2-CatGraph-test5/data/GAC/01_af2/5D3O.168.pdb,source_if_available,source,/home/wms/AF2-test/AF2-CatGraph-test5/data/GAC/01_af2/5D3O.168.pdb,results/GAC/01_af2_prepare/pdb/standardized/GAC_AF2_0169.pdb,,,
GAC_AF2_0170,,170,GAC.AF2rank170,GAC.AF2rank170.pdb,/home/wms/AF2-test/AF2-CatGraph-test5/data/GAC/01_af2_new/GAC.AF2rank170.pdb,/home/wms/AF2-test/AF2-CatGraph-test5/data/GAC/01_af2_new/GAC.AF2rank170.pdb,/home/wms/AF2-test/AF2-CatGraph-test5/data/GAC/01_af2/5D3O.169.pdb,source_if_available,source,/home/wms/AF2-test/AF2-CatGraph-test5/data/GAC/01_af2/5D3O.169.pdb,results/GAC/01_af2_prepare/pdb/standardized/GAC_AF2_0170.pdb,,,
GAC_AF2_0171,,171,GAC.AF2rank171,GAC.AF2rank171.pdb,/home/wms/AF2-test/AF2-CatGraph-test5/data/GAC/01_af2_new/GAC.AF2rank171.pdb,/home/wms/AF2-test/AF2-CatGraph-test5/data/GAC/01_af2_new/GAC.AF2rank171.pdb,/home/wms/AF2-test/AF2-CatGraph-test5/data/GAC/01_af2/5D3O.170.pdb,source_if_available,source,/home/wms/AF2-test/AF2-CatGraph-test5/data/GAC/01_af2/5D3O.170.pdb,results/GAC/01_af2_prepare/pdb/standardized/GAC_AF2_0171.pdb,,,
GAC_AF2_0172,,172,GAC.AF2rank172,GAC.AF2rank172.pdb,/home/wms/AF2-test/AF2-CatGraph-test5/data/GAC/01_af2_new/GAC.AF2rank172.pdb,/home/wms/AF2-test/AF2-CatGraph-test5/data/GAC/01_af2_new/GAC.AF2rank172.pdb,/home/wms/AF2-test/AF2-CatGraph-test5/data/GAC/01_af2/5D3O.171.pdb,source_if_available,source,/home/wms/AF2-test/AF2-CatGraph-test5/data/GAC/01_af2/5D3O.171.pdb,results/GAC/01_af2_prepare/pdb/standardized/GAC_AF2_0172.pdb,,,
GAC_AF2_0173,,173,GAC.AF2rank173,GAC.AF2rank173.pdb,/home/wms/AF2-test/AF2-CatGraph-test5/data/GAC/01_af2_new/GAC.AF2rank173.pdb,/home/wms/AF2-test/AF2-CatGraph-test5/data/GAC/01_af2_new/GAC.AF2rank173.pdb,/home/wms/AF2-test/AF2-CatGraph-test5/data/GAC/01_af2/5D3O.172.pdb,source_if_available,source,/home/wms/AF2-test/AF2-CatGraph-test5/data/GAC/01_af2/5D3O.172.pdb,results/GAC/01_af2_prepare/pdb/standardized/GAC_AF2_0173.pdb,,,
GAC_AF2_0174,,174,GAC.AF2rank174,GAC.AF2rank174.pdb,/home/wms/AF2-test/AF2-CatGraph-test5/data/GAC/01_af2_new/GAC.AF2rank174.pdb,/home/wms/AF2-test/AF2-CatGraph-test5/data/GAC/01_af2_new/GAC.AF2rank174.pdb,/home/wms/AF2-test/AF2-CatGraph-test5/data/GAC/01_af2/5D3O.173.pdb,source_if_available,source,/home/wms/AF2-test/AF2-CatGraph-test5/data/GAC/01_af2/5D3O.173.pdb,results/GAC/01_af2_prepare/pdb/standardized/GAC_AF2_0174.pdb,,,
GAC_AF2_0175,,175,GAC.AF2rank175,GAC.AF2rank175.pdb,/home/wms/AF2-test/AF2-CatGraph-test5/data/GAC/01_af2_new/GAC.AF2rank175.pdb,/home/wms/AF2-test/AF2-CatGraph-test5/data/GAC/01_af2_new/GAC.AF2rank175.pdb,/home/wms/AF2-test/AF2-CatGraph-test5/data/GAC/01_af2/5D3O.174.pdb,source_if_available,source,/home/wms/AF2-test/AF2-CatGraph-test5/data/GAC/01_af2/5D3O.174.pdb,results/GAC/01_af2_prepare/pdb/standardized/GAC_AF2_0175.pdb,,,
GAC_AF2_0176,,176,GAC.AF2rank176,GAC.AF2rank176.pdb,/home/wms/AF2-test/AF2-CatGraph-test5/data/GAC/01_af2_new/GAC.AF2rank176.pdb,/home/wms/AF2-test/AF2-CatGraph-test5/data/GAC/01_af2_new/GAC.AF2rank176.pdb,/home/wms/AF2-test/AF2-CatGraph-test5/data/GAC/01_af2/5D3O.175.pdb,source_if_available,source,/home/wms/AF2-test/AF2-CatGraph-test5/data/GAC/01_af2/5D3O.175.pdb,results/GAC/01_af2_prepare/pdb/standardized/GAC_AF2_0176.pdb,,,
GAC_AF2_0177,,177,GAC.AF2rank177,GAC.AF2rank177.pdb,/home/wms/AF2-test/AF2-CatGraph-test5/data/GAC/01_af2_new/GAC.AF2rank177.pdb,/home/wms/AF2-test/AF2-CatGraph-test5/data/GAC/01_af2_new/GAC.AF2rank177.pdb,/home/wms/AF2-test/AF2-CatGraph-test5/data/GAC/01_af2/5D3O.176.pdb,source_if_available,source,/home/wms/AF2-test/AF2-CatGraph-test5/data/GAC/01_af2/5D3O.176.pdb,results/GAC/01_af2_prepare/pdb/standardized/GAC_AF2_0177.pdb,,,
GAC_AF2_0178,,178,GAC.AF2rank178,GAC.AF2rank178.pdb,/home/wms/AF2-test/AF2-CatGraph-test5/data/GAC/01_af2_new/GAC.AF2rank178.pdb,/home/wms/AF2-test/AF2-CatGraph-test5/data/GAC/01_af2_new/GAC.AF2rank178.pdb,/home/wms/AF2-test/AF2-CatGraph-test5/data/GAC/01_af2/5D3O.177.pdb,source_if_available,source,/home/wms/AF2-test/AF2-CatGraph-test5/data/GAC/01_af2/5D3O.177.pdb,results/GAC/01_af2_prepare/pdb/standardized/GAC_AF2_0178.pdb,,,
GAC_AF2_0179,,179,GAC.AF2rank179,GAC.AF2rank179.pdb,/home/wms/AF2-test/AF2-CatGraph-test5/data/GAC/01_af2_new/GAC.AF2rank179.pdb,/home/wms/AF2-test/AF2-CatGraph-test5/data/GAC/01_af2_new/GAC.AF2rank179.pdb,/home/wms/AF2-test/AF2-CatGraph-test5/data/GAC/01_af2/5D3O.178.pdb,source_if_available,source,/home/wms/AF2-test/AF2-CatGraph-test5/data/GAC/01_af2/5D3O.178.pdb,results/GAC/01_af2_prepare/pdb/standardized/GAC_AF2_0179.pdb,,,
GAC_AF2_0180,,180,GAC.AF2rank180,GAC.AF2rank180.pdb,/home/wms/AF2-test/AF2-CatGraph-test5/data/GAC/01_af2_new/GAC.AF2rank180.pdb,/home/wms/AF2-test/AF2-CatGraph-test5/data/GAC/01_af2_new/GAC.AF2rank180.pdb,/home/wms/AF2-test/AF2-CatGraph-test5/data/GAC/01_af2/5D3O.179.pdb,source_if_available,source,/home/wms/AF2-test/AF2-CatGraph-test5/data/GAC/01_af2/5D3O.179.pdb,results/GAC/01_af2_prepare/pdb/standardized/GAC_AF2_0180.pdb,,,
GAC_AF2_0181,,181,GAC.AF2rank181,GAC.AF2rank181.pdb,/home/wms/AF2-test/AF2-CatGraph-test5/data/GAC/01_af2_new/GAC.AF2rank181.pdb,/home/wms/AF2-test/AF2-CatGraph-test5/data/GAC/01_af2_new/GAC.AF2rank181.pdb,/home/wms/AF2-test/AF2-CatGraph-test5/data/GAC/01_af2/5D3O.180.pdb,source_if_available,source,/home/wms/AF2-test/AF2-CatGraph-test5/data/GAC/01_af2/5D3O.180.pdb,results/GAC/01_af2_prepare/pdb/standardized/GAC_AF2_0181.pdb,,,
GAC_AF2_0182,,182,GAC.AF2rank182,GAC.AF2rank182.pdb,/home/wms/AF2-test/AF2-CatGraph-test5/data/GAC/01_af2_new/GAC.AF2rank182.pdb,/home/wms/AF2-test/AF2-CatGraph-test5/data/GAC/01_af2_new/GAC.AF2rank182.pdb,/home/wms/AF2-test/AF2-CatGraph-test5/data/GAC/01_af2/5D3O.181.pdb,source_if_available,source,/home/wms/AF2-test/AF2-CatGraph-test5/data/GAC/01_af2/5D3O.181.pdb,results/GAC/01_af2_prepare/pdb/standardized/GAC_AF2_0182.pdb,,,
GAC_AF2_0183,,183,GAC.AF2rank183,GAC.AF2rank183.pdb,/home/wms/AF2-test/AF2-CatGraph-test5/data/GAC/01_af2_new/GAC.AF2rank183.pdb,/home/wms/AF2-test/AF2-CatGraph-test5/data/GAC/01_af2_new/GAC.AF2rank183.pdb,/home/wms/AF2-test/AF2-CatGraph-test5/data/GAC/01_af2/5D3O.182.pdb,source_if_available,source,/home/wms/AF2-test/AF2-CatGraph-test5/data/GAC/01_af2/5D3O.182.pdb,results/GAC/01_af2_prepare/pdb/standardized/GAC_AF2_0183.pdb,,,
GAC_AF2_0184,,184,GAC.AF2rank184,GAC.AF2rank184.pdb,/home/wms/AF2-test/AF2-CatGraph-test5/data/GAC/01_af2_new/GAC.AF2rank184.pdb,/home/wms/AF2-test/AF2-CatGraph-test5/data/GAC/01_af2_new/GAC.AF2rank184.pdb,/home/wms/AF2-test/AF2-CatGraph-test5/data/GAC/01_af2/5D3O.183.pdb,source_if_available,source,/home/wms/AF2-test/AF2-CatGraph-test5/data/GAC/01_af2/5D3O.183.pdb,results/GAC/01_af2_prepare/pdb/standardized/GAC_AF2_0184.pdb,,,
GAC_AF2_0185,,185,GAC.AF2rank185,GAC.AF2rank185.pdb,/home/wms/AF2-test/AF2-CatGraph-test5/data/GAC/01_af2_new/GAC.AF2rank185.pdb,/home/wms/AF2-test/AF2-CatGraph-test5/data/GAC/01_af2_new/GAC.AF2rank185.pdb,/home/wms/AF2-test/AF2-CatGraph-test5/data/GAC/01_af2/5D3O.184.pdb,source_if_available,source,/home/wms/AF2-test/AF2-CatGraph-test5/data/GAC/01_af2/5D3O.184.pdb,results/GAC/01_af2_prepare/pdb/standardized/GAC_AF2_0185.pdb,,,
GAC_AF2_0186,,186,GAC.AF2rank186,GAC.AF2rank186.pdb,/home/wms/AF2-test/AF2-CatGraph-test5/data/GAC/01_af2_new/GAC.AF2rank186.pdb,/home/wms/AF2-test/AF2-CatGraph-test5/data/GAC/01_af2_new/GAC.AF2rank186.pdb,/home/wms/AF2-test/AF2-CatGraph-test5/data/GAC/01_af2/5D3O.185.pdb,source_if_available,source,/home/wms/AF2-test/AF2-CatGraph-test5/data/GAC/01_af2/5D3O.185.pdb,results/GAC/01_af2_prepare/pdb/standardized/GAC_AF2_0186.pdb,,,
GAC_AF2_0187,,187,GAC.AF2rank187,GAC.AF2rank187.pdb,/home/wms/AF2-test/AF2-CatGraph-test5/data/GAC/01_af2_new/GAC.AF2rank187.pdb,/home/wms/AF2-test/AF2-CatGraph-test5/data/GAC/01_af2_new/GAC.AF2rank187.pdb,/home/wms/AF2-test/AF2-CatGraph-test5/data/GAC/01_af2/5D3O.186.pdb,source_if_available,source,/home/wms/AF2-test/AF2-CatGraph-test5/data/GAC/01_af2/5D3O.186.pdb,results/GAC/01_af2_prepare/pdb/standardized/GAC_AF2_0187.pdb,,,
GAC_AF2_0188,,188,GAC.AF2rank188,GAC.AF2rank188.pdb,/home/wms/AF2-test/AF2-CatGraph-test5/data/GAC/01_af2_new/GAC.AF2rank188.pdb,/home/wms/AF2-test/AF2-CatGraph-test5/data/GAC/01_af2_new/GAC.AF2rank188.pdb,/home/wms/AF2-test/AF2-CatGraph-test5/data/GAC/01_af2/5D3O.187.pdb,source_if_available,source,/home/wms/AF2-test/AF2-CatGraph-test5/data/GAC/01_af2/5D3O.187.pdb,results/GAC/01_af2_prepare/pdb/standardized/GAC_AF2_0188.pdb,,,
GAC_AF2_0189,,189,GAC.AF2rank189,GAC.AF2rank189.pdb,/home/wms/AF2-test/AF2-CatGraph-test5/data/GAC/01_af2_new/GAC.AF2rank189.pdb,/home/wms/AF2-test/AF2-CatGraph-test5/data/GAC/01_af2_new/GAC.AF2rank189.pdb,/home/wms/AF2-test/AF2-CatGraph-test5/data/GAC/01_af2/5D3O.188.pdb,source_if_available,source,/home/wms/AF2-test/AF2-CatGraph-test5/data/GAC/01_af2/5D3O.188.pdb,results/GAC/01_af2_prepare/pdb/standardized/GAC_AF2_0189.pdb,,,
GAC_AF2_0190,,190,GAC.AF2rank190,GAC.AF2rank190.pdb,/home/wms/AF2-test/AF2-CatGraph-test5/data/GAC/01_af2_new/GAC.AF2rank190.pdb,/home/wms/AF2-test/AF2-CatGraph-test5/data/GAC/01_af2_new/GAC.AF2rank190.pdb,/home/wms/AF2-test/AF2-CatGraph-test5/data/GAC/01_af2/5D3O.189.pdb,source_if_available,source,/home/wms/AF2-test/AF2-CatGraph-test5/data/GAC/01_af2/5D3O.189.pdb,results/GAC/01_af2_prepare/pdb/standardized/GAC_AF2_0190.pdb,,,
GAC_AF2_0191,,191,GAC.AF2rank191,GAC.AF2rank191.pdb,/home/wms/AF2-test/AF2-CatGraph-test5/data/GAC/01_af2_new/GAC.AF2rank191.pdb,/home/wms/AF2-test/AF2-CatGraph-test5/data/GAC/01_af2_new/GAC.AF2rank191.pdb,/home/wms/AF2-test/AF2-CatGraph-test5/data/GAC/01_af2/5D3O.190.pdb,source_if_available,source,/home/wms/AF2-test/AF2-CatGraph-test5/data/GAC/01_af2/5D3O.190.pdb,results/GAC/01_af2_prepare/pdb/standardized/GAC_AF2_0191.pdb,,,
GAC_AF2_0192,,192,GAC.AF2rank192,GAC.AF2rank192.pdb,/home/wms/AF2-test/AF2-CatGraph-test5/data/GAC/01_af2_new/GAC.AF2rank192.pdb,/home/wms/AF2-test/AF2-CatGraph-test5/data/GAC/01_af2_new/GAC.AF2rank192.pdb,/home/wms/AF2-test/AF2-CatGraph-test5/data/GAC/01_af2/5D3O.191.pdb,source_if_available,source,/home/wms/AF2-test/AF2-CatGraph-test5/data/GAC/01_af2/5D3O.191.pdb,results/GAC/01_af2_prepare/pdb/standardized/GAC_AF2_0192.pdb,,,
GAC_AF2_0193,,193,GAC.AF2rank193,GAC.AF2rank193.pdb,/home/wms/AF2-test/AF2-CatGraph-test5/data/GAC/01_af2_new/GAC.AF2rank193.pdb,/home/wms/AF2-test/AF2-CatGraph-test5/data/GAC/01_af2_new/GAC.AF2rank193.pdb,/home/wms/AF2-test/AF2-CatGraph-test5/data/GAC/01_af2/5D3O.192.pdb,source_if_available,source,/home/wms/AF2-test/AF2-CatGraph-test5/data/GAC/01_af2/5D3O.192.pdb,results/GAC/01_af2_prepare/pdb/standardized/GAC_AF2_0193.pdb,,,
GAC_AF2_0194,,194,GAC.AF2rank194,GAC.AF2rank194.pdb,/home/wms/AF2-test/AF2-CatGraph-test5/data/GAC/01_af2_new/GAC.AF2rank194.pdb,/home/wms/AF2-test/AF2-CatGraph-test5/data/GAC/01_af2_new/GAC.AF2rank194.pdb,/home/wms/AF2-test/AF2-CatGraph-test5/data/GAC/01_af2/5D3O.193.pdb,source_if_available,source,/home/wms/AF2-test/AF2-CatGraph-test5/data/GAC/01_af2/5D3O.193.pdb,results/GAC/01_af2_prepare/pdb/standardized/GAC_AF2_0194.pdb,,,
GAC_AF2_0195,,195,GAC.AF2rank195,GAC.AF2rank195.pdb,/home/wms/AF2-test/AF2-CatGraph-test5/data/GAC/01_af2_new/GAC.AF2rank195.pdb,/home/wms/AF2-test/AF2-CatGraph-test5/data/GAC/01_af2_new/GAC.AF2rank195.pdb,/home/wms/AF2-test/AF2-CatGraph-test5/data/GAC/01_af2/5D3O.194.pdb,source_if_available,source,/home/wms/AF2-test/AF2-CatGraph-test5/data/GAC/01_af2/5D3O.194.pdb,results/GAC/01_af2_prepare/pdb/standardized/GAC_AF2_0195.pdb,,,
GAC_AF2_0196,,196,GAC.AF2rank196,GAC.AF2rank196.pdb,/home/wms/AF2-test/AF2-CatGraph-test5/data/GAC/01_af2_new/GAC.AF2rank196.pdb,/home/wms/AF2-test/AF2-CatGraph-test5/data/GAC/01_af2_new/GAC.AF2rank196.pdb,/home/wms/AF2-test/AF2-CatGraph-test5/data/GAC/01_af2/5D3O.195.pdb,source_if_available,source,/home/wms/AF2-test/AF2-CatGraph-test5/data/GAC/01_af2/5D3O.195.pdb,results/GAC/01_af2_prepare/pdb/standardized/GAC_AF2_0196.pdb,,,
GAC_AF2_0197,,197,GAC.AF2rank197,GAC.AF2rank197.pdb,/home/wms/AF2-test/AF2-CatGraph-test5/data/GAC/01_af2_new/GAC.AF2rank197.pdb,/home/wms/AF2-test/AF2-CatGraph-test5/data/GAC/01_af2_new/GAC.AF2rank197.pdb,/home/wms/AF2-test/AF2-CatGraph-test5/data/GAC/01_af2/5D3O.196.pdb,source_if_available,source,/home/wms/AF2-test/AF2-CatGraph-test5/data/GAC/01_af2/5D3O.196.pdb,results/GAC/01_af2_prepare/pdb/standardized/GAC_AF2_0197.pdb,,,
GAC_AF2_0198,,198,GAC.AF2rank198,GAC.AF2rank198.pdb,/home/wms/AF2-test/AF2-CatGraph-test5/data/GAC/01_af2_new/GAC.AF2rank198.pdb,/home/wms/AF2-test/AF2-CatGraph-test5/data/GAC/01_af2_new/GAC.AF2rank198.pdb,/home/wms/AF2-test/AF2-CatGraph-test5/data/GAC/01_af2/5D3O.197.pdb,source_if_available,source,/home/wms/AF2-test/AF2-CatGraph-test5/data/GAC/01_af2/5D3O.197.pdb,results/GAC/01_af2_prepare/pdb/standardized/GAC_AF2_0198.pdb,,,
GAC_AF2_0199,,199,GAC.AF2rank199,GAC.AF2rank199.pdb,/home/wms/AF2-test/AF2-CatGraph-test5/data/GAC/01_af2_new/GAC.AF2rank199.pdb,/home/wms/AF2-test/AF2-CatGraph-test5/data/GAC/01_af2_new/GAC.AF2rank199.pdb,/home/wms/AF2-test/AF2-CatGraph-test5/data/GAC/01_af2/5D3O.198.pdb,source_if_available,source,/home/wms/AF2-test/AF2-CatGraph-test5/data/GAC/01_af2/5D3O.198.pdb,results/GAC/01_af2_prepare/pdb/standardized/GAC_AF2_0199.pdb,,,
GAC_AF2_0200,,200,GAC.AF2rank200,GAC.AF2rank200.pdb,/home/wms/AF2-test/AF2-CatGraph-test5/data/GAC/01_af2_new/GAC.AF2rank200.pdb,/home/wms/AF2-test/AF2-CatGraph-test5/data/GAC/01_af2_new/GAC.AF2rank200.pdb,/home/wms/AF2-test/AF2-CatGraph-test5/data/GAC/01_af2/5D3O.199.pdb,source_if_available,source,/home/wms/AF2-test/AF2-CatGraph-test5/data/GAC/01_af2/5D3O.199.pdb,results/GAC/01_af2_prepare/pdb/standardized/GAC_AF2_0200.pdb,,,
GAC_AF2_0201,,201,GAC.AF2rank201,GAC.AF2rank201.pdb,/home/wms/AF2-test/AF2-CatGraph-test5/data/GAC/01_af2_new/GAC.AF2rank201.pdb,/home/wms/AF2-test/AF2-CatGraph-test5/data/GAC/01_af2_new/GAC.AF2rank201.pdb,/home/wms/AF2-test/AF2-CatGraph-test5/data/GAC/01_af2/5D3O.200.pdb,source_if_available,source,/home/wms/AF2-test/AF2-CatGraph-test5/data/GAC/01_af2/5D3O.200.pdb,results/GAC/01_af2_prepare/pdb/standardized/GAC_AF2_0201.pdb,,,
GAC_AF2_0202,,202,GAC.AF2rank202,GAC.AF2rank202.pdb,/home/wms/AF2-test/AF2-CatGraph-test5/data/GAC/01_af2_new/GAC.AF2rank202.pdb,/home/wms/AF2-test/AF2-CatGraph-test5/data/GAC/01_af2_new/GAC.AF2rank202.pdb,/home/wms/AF2-test/AF2-CatGraph-test5/data/GAC/01_af2/5D3O.201.pdb,source_if_available,source,/home/wms/AF2-test/AF2-CatGraph-test5/data/GAC/01_af2/5D3O.201.pdb,results/GAC/01_af2_prepare/pdb/standardized/GAC_AF2_0202.pdb,,,
GAC_AF2_0203,,203,GAC.AF2rank203,GAC.AF2rank203.pdb,/home/wms/AF2-test/AF2-CatGraph-test5/data/GAC/01_af2_new/GAC.AF2rank203.pdb,/home/wms/AF2-test/AF2-CatGraph-test5/data/GAC/01_af2_new/GAC.AF2rank203.pdb,/home/wms/AF2-test/AF2-CatGraph-test5/data/GAC/01_af2/5D3O.202.pdb,source_if_available,source,/home/wms/AF2-test/AF2-CatGraph-test5/data/GAC/01_af2/5D3O.202.pdb,results/GAC/01_af2_prepare/pdb/standardized/GAC_AF2_0203.pdb,,,
GAC_AF2_0204,,204,GAC.AF2rank204,GAC.AF2rank204.pdb,/home/wms/AF2-test/AF2-CatGraph-test5/data/GAC/01_af2_new/GAC.AF2rank204.pdb,/home/wms/AF2-test/AF2-CatGraph-test5/data/GAC/01_af2_new/GAC.AF2rank204.pdb,/home/wms/AF2-test/AF2-CatGraph-test5/data/GAC/01_af2/5D3O.203.pdb,source_if_available,source,/home/wms/AF2-test/AF2-CatGraph-test5/data/GAC/01_af2/5D3O.203.pdb,results/GAC/01_af2_prepare/pdb/standardized/GAC_AF2_0204.pdb,,,
GAC_AF2_0205,,205,GAC.AF2rank205,GAC.AF2rank205.pdb,/home/wms/AF2-test/AF2-CatGraph-test5/data/GAC/01_af2_new/GAC.AF2rank205.pdb,/home/wms/AF2-test/AF2-CatGraph-test5/data/GAC/01_af2_new/GAC.AF2rank205.pdb,/home/wms/AF2-test/AF2-CatGraph-test5/data/GAC/01_af2/5D3O.204.pdb,source_if_available,source,/home/wms/AF2-test/AF2-CatGraph-test5/data/GAC/01_af2/5D3O.204.pdb,results/GAC/01_af2_prepare/pdb/standardized/GAC_AF2_0205.pdb,,,
GAC_AF2_0206,,206,GAC.AF2rank206,GAC.AF2rank206.pdb,/home/wms/AF2-test/AF2-CatGraph-test5/data/GAC/01_af2_new/GAC.AF2rank206.pdb,/home/wms/AF2-test/AF2-CatGraph-test5/data/GAC/01_af2_new/GAC.AF2rank206.pdb,/home/wms/AF2-test/AF2-CatGraph-test5/data/GAC/01_af2/5D3O.205.pdb,source_if_available,source,/home/wms/AF2-test/AF2-CatGraph-test5/data/GAC/01_af2/5D3O.205.pdb,results/GAC/01_af2_prepare/pdb/standardized/GAC_AF2_0206.pdb,,,
GAC_AF2_0207,,207,GAC.AF2rank207,GAC.AF2rank207.pdb,/home/wms/AF2-test/AF2-CatGraph-test5/data/GAC/01_af2_new/GAC.AF2rank207.pdb,/home/wms/AF2-test/AF2-CatGraph-test5/data/GAC/01_af2_new/GAC.AF2rank207.pdb,/home/wms/AF2-test/AF2-CatGraph-test5/data/GAC/01_af2/5D3O.206.pdb,source_if_available,source,/home/wms/AF2-test/AF2-CatGraph-test5/data/GAC/01_af2/5D3O.206.pdb,results/GAC/01_af2_prepare/pdb/standardized/GAC_AF2_0207.pdb,,,
GAC_AF2_0208,,208,GAC.AF2rank208,GAC.AF2rank208.pdb,/home/wms/AF2-test/AF2-CatGraph-test5/data/GAC/01_af2_new/GAC.AF2rank208.pdb,/home/wms/AF2-test/AF2-CatGraph-test5/data/GAC/01_af2_new/GAC.AF2rank208.pdb,/home/wms/AF2-test/AF2-CatGraph-test5/data/GAC/01_af2/5D3O.207.pdb,source_if_available,source,/home/wms/AF2-test/AF2-CatGraph-test5/data/GAC/01_af2/5D3O.207.pdb,results/GAC/01_af2_prepare/pdb/standardized/GAC_AF2_0208.pdb,,,
GAC_AF2_0209,,209,GAC.AF2rank209,GAC.AF2rank209.pdb,/home/wms/AF2-test/AF2-CatGraph-test5/data/GAC/01_af2_new/GAC.AF2rank209.pdb,/home/wms/AF2-test/AF2-CatGraph-test5/data/GAC/01_af2_new/GAC.AF2rank209.pdb,/home/wms/AF2-test/AF2-CatGraph-test5/data/GAC/01_af2/5D3O.208.pdb,source_if_available,source,/home/wms/AF2-test/AF2-CatGraph-test5/data/GAC/01_af2/5D3O.208.pdb,results/GAC/01_af2_prepare/pdb/standardized/GAC_AF2_0209.pdb,,,
GAC_AF2_0210,,210,GAC.AF2rank210,GAC.AF2rank210.pdb,/home/wms/AF2-test/AF2-CatGraph-test5/data/GAC/01_af2_new/GAC.AF2rank210.pdb,/home/wms/AF2-test/AF2-CatGraph-test5/data/GAC/01_af2_new/GAC.AF2rank210.pdb,/home/wms/AF2-test/AF2-CatGraph-test5/data/GAC/01_af2/5D3O.209.pdb,source_if_available,source,/home/wms/AF2-test/AF2-CatGraph-test5/data/GAC/01_af2/5D3O.209.pdb,results/GAC/01_af2_prepare/pdb/standardized/GAC_AF2_0210.pdb,,,
GAC_AF2_0211,,211,GAC.AF2rank211,GAC.AF2rank211.pdb,/home/wms/AF2-test/AF2-CatGraph-test5/data/GAC/01_af2_new/GAC.AF2rank211.pdb,/home/wms/AF2-test/AF2-CatGraph-test5/data/GAC/01_af2_new/GAC.AF2rank211.pdb,/home/wms/AF2-test/AF2-CatGraph-test5/data/GAC/01_af2/5D3O.210.pdb,source_if_available,source,/home/wms/AF2-test/AF2-CatGraph-test5/data/GAC/01_af2/5D3O.210.pdb,results/GAC/01_af2_prepare/pdb/standardized/GAC_AF2_0211.pdb,,,
GAC_AF2_0212,,212,GAC.AF2rank212,GAC.AF2rank212.pdb,/home/wms/AF2-test/AF2-CatGraph-test5/data/GAC/01_af2_new/GAC.AF2rank212.pdb,/home/wms/AF2-test/AF2-CatGraph-test5/data/GAC/01_af2_new/GAC.AF2rank212.pdb,/home/wms/AF2-test/AF2-CatGraph-test5/data/GAC/01_af2/5D3O.211.pdb,source_if_available,source,/home/wms/AF2-test/AF2-CatGraph-test5/data/GAC/01_af2/5D3O.211.pdb,results/GAC/01_af2_prepare/pdb/standardized/GAC_AF2_0212.pdb,,,
GAC_AF2_0213,,213,GAC.AF2rank213,GAC.AF2rank213.pdb,/home/wms/AF2-test/AF2-CatGraph-test5/data/GAC/01_af2_new/GAC.AF2rank213.pdb,/home/wms/AF2-test/AF2-CatGraph-test5/data/GAC/01_af2_new/GAC.AF2rank213.pdb,/home/wms/AF2-test/AF2-CatGraph-test5/data/GAC/01_af2/5D3O.212.pdb,source_if_available,source,/home/wms/AF2-test/AF2-CatGraph-test5/data/GAC/01_af2/5D3O.212.pdb,results/GAC/01_af2_prepare/pdb/standardized/GAC_AF2_0213.pdb,,,
GAC_AF2_0214,,214,GAC.AF2rank214,GAC.AF2rank214.pdb,/home/wms/AF2-test/AF2-CatGraph-test5/data/GAC/01_af2_new/GAC.AF2rank214.pdb,/home/wms/AF2-test/AF2-CatGraph-test5/data/GAC/01_af2_new/GAC.AF2rank214.pdb,/home/wms/AF2-test/AF2-CatGraph-test5/data/GAC/01_af2/5D3O.213.pdb,source_if_available,source,/home/wms/AF2-test/AF2-CatGraph-test5/data/GAC/01_af2/5D3O.213.pdb,results/GAC/01_af2_prepare/pdb/standardized/GAC_AF2_0214.pdb,,,
GAC_AF2_0215,,215,GAC.AF2rank215,GAC.AF2rank215.pdb,/home/wms/AF2-test/AF2-CatGraph-test5/data/GAC/01_af2_new/GAC.AF2rank215.pdb,/home/wms/AF2-test/AF2-CatGraph-test5/data/GAC/01_af2_new/GAC.AF2rank215.pdb,/home/wms/AF2-test/AF2-CatGraph-test5/data/GAC/01_af2/5D3O.214.pdb,source_if_available,source,/home/wms/AF2-test/AF2-CatGraph-test5/data/GAC/01_af2/5D3O.214.pdb,results/GAC/01_af2_prepare/pdb/standardized/GAC_AF2_0215.pdb,,,
GAC_AF2_0216,,216,GAC.AF2rank216,GAC.AF2rank216.pdb,/home/wms/AF2-test/AF2-CatGraph-test5/data/GAC/01_af2_new/GAC.AF2rank216.pdb,/home/wms/AF2-test/AF2-CatGraph-test5/data/GAC/01_af2_new/GAC.AF2rank216.pdb,/home/wms/AF2-test/AF2-CatGraph-test5/data/GAC/01_af2/5D3O.215.pdb,source_if_available,source,/home/wms/AF2-test/AF2-CatGraph-test5/data/GAC/01_af2/5D3O.215.pdb,results/GAC/01_af2_prepare/pdb/standardized/GAC_AF2_0216.pdb,,,
GAC_AF2_0217,,217,GAC.AF2rank217,GAC.AF2rank217.pdb,/home/wms/AF2-test/AF2-CatGraph-test5/data/GAC/01_af2_new/GAC.AF2rank217.pdb,/home/wms/AF2-test/AF2-CatGraph-test5/data/GAC/01_af2_new/GAC.AF2rank217.pdb,/home/wms/AF2-test/AF2-CatGraph-test5/data/GAC/01_af2/5D3O.216.pdb,source_if_available,source,/home/wms/AF2-test/AF2-CatGraph-test5/data/GAC/01_af2/5D3O.216.pdb,results/GAC/01_af2_prepare/pdb/standardized/GAC_AF2_0217.pdb,,,
GAC_AF2_0218,,218,GAC.AF2rank218,GAC.AF2rank218.pdb,/home/wms/AF2-test/AF2-CatGraph-test5/data/GAC/01_af2_new/GAC.AF2rank218.pdb,/home/wms/AF2-test/AF2-CatGraph-test5/data/GAC/01_af2_new/GAC.AF2rank218.pdb,/home/wms/AF2-test/AF2-CatGraph-test5/data/GAC/01_af2/5D3O.217.pdb,source_if_available,source,/home/wms/AF2-test/AF2-CatGraph-test5/data/GAC/01_af2/5D3O.217.pdb,results/GAC/01_af2_prepare/pdb/standardized/GAC_AF2_0218.pdb,,,
GAC_AF2_0219,,219,GAC.AF2rank219,GAC.AF2rank219.pdb,/home/wms/AF2-test/AF2-CatGraph-test5/data/GAC/01_af2_new/GAC.AF2rank219.pdb,/home/wms/AF2-test/AF2-CatGraph-test5/data/GAC/01_af2_new/GAC.AF2rank219.pdb,/home/wms/AF2-test/AF2-CatGraph-test5/data/GAC/01_af2/5D3O.218.pdb,source_if_available,source,/home/wms/AF2-test/AF2-CatGraph-test5/data/GAC/01_af2/5D3O.218.pdb,results/GAC/01_af2_prepare/pdb/standardized/GAC_AF2_0219.pdb,,,
GAC_AF2_0220,,220,GAC.AF2rank220,GAC.AF2rank220.pdb,/home/wms/AF2-test/AF2-CatGraph-test5/data/GAC/01_af2_new/GAC.AF2rank220.pdb,/home/wms/AF2-test/AF2-CatGraph-test5/data/GAC/01_af2_new/GAC.AF2rank220.pdb,/home/wms/AF2-test/AF2-CatGraph-test5/data/GAC/01_af2/5D3O.219.pdb,source_if_available,source,/home/wms/AF2-test/AF2-CatGraph-test5/data/GAC/01_af2/5D3O.219.pdb,results/GAC/01_af2_prepare/pdb/standardized/GAC_AF2_0220.pdb,,,
GAC_AF2_0221,,221,GAC.AF2rank221,GAC.AF2rank221.pdb,/home/wms/AF2-test/AF2-CatGraph-test5/data/GAC/01_af2_new/GAC.AF2rank221.pdb,/home/wms/AF2-test/AF2-CatGraph-test5/data/GAC/01_af2_new/GAC.AF2rank221.pdb,/home/wms/AF2-test/AF2-CatGraph-test5/data/GAC/01_af2/5D3O.220.pdb,source_if_available,source,/home/wms/AF2-test/AF2-CatGraph-test5/data/GAC/01_af2/5D3O.220.pdb,results/GAC/01_af2_prepare/pdb/standardized/GAC_AF2_0221.pdb,,,
GAC_AF2_0222,,222,GAC.AF2rank222,GAC.AF2rank222.pdb,/home/wms/AF2-test/AF2-CatGraph-test5/data/GAC/01_af2_new/GAC.AF2rank222.pdb,/home/wms/AF2-test/AF2-CatGraph-test5/data/GAC/01_af2_new/GAC.AF2rank222.pdb,/home/wms/AF2-test/AF2-CatGraph-test5/data/GAC/01_af2/5D3O.221.pdb,source_if_available,source,/home/wms/AF2-test/AF2-CatGraph-test5/data/GAC/01_af2/5D3O.221.pdb,results/GAC/01_af2_prepare/pdb/standardized/GAC_AF2_0222.pdb,,,
GAC_AF2_0223,,223,GAC.AF2rank223,GAC.AF2rank223.pdb,/home/wms/AF2-test/AF2-CatGraph-test5/data/GAC/01_af2_new/GAC.AF2rank223.pdb,/home/wms/AF2-test/AF2-CatGraph-test5/data/GAC/01_af2_new/GAC.AF2rank223.pdb,/home/wms/AF2-test/AF2-CatGraph-test5/data/GAC/01_af2/5D3O.222.pdb,source_if_available,source,/home/wms/AF2-test/AF2-CatGraph-test5/data/GAC/01_af2/5D3O.222.pdb,results/GAC/01_af2_prepare/pdb/standardized/GAC_AF2_0223.pdb,,,
GAC_AF2_0224,,224,GAC.AF2rank224,GAC.AF2rank224.pdb,/home/wms/AF2-test/AF2-CatGraph-test5/data/GAC/01_af2_new/GAC.AF2rank224.pdb,/home/wms/AF2-test/AF2-CatGraph-test5/data/GAC/01_af2_new/GAC.AF2rank224.pdb,/home/wms/AF2-test/AF2-CatGraph-test5/data/GAC/01_af2/5D3O.223.pdb,source_if_available,source,/home/wms/AF2-test/AF2-CatGraph-test5/data/GAC/01_af2/5D3O.223.pdb,results/GAC/01_af2_prepare/pdb/standardized/GAC_AF2_0224.pdb,,,
GAC_AF2_0225,,225,GAC.AF2rank225,GAC.AF2rank225.pdb,/home/wms/AF2-test/AF2-CatGraph-test5/data/GAC/01_af2_new/GAC.AF2rank225.pdb,/home/wms/AF2-test/AF2-CatGraph-test5/data/GAC/01_af2_new/GAC.AF2rank225.pdb,/home/wms/AF2-test/AF2-CatGraph-test5/data/GAC/01_af2/5D3O.224.pdb,source_if_available,source,/home/wms/AF2-test/AF2-CatGraph-test5/data/GAC/01_af2/5D3O.224.pdb,results/GAC/01_af2_prepare/pdb/standardized/GAC_AF2_0225.pdb,,,
GAC_AF2_0226,,226,GAC.AF2rank226,GAC.AF2rank226.pdb,/home/wms/AF2-test/AF2-CatGraph-test5/data/GAC/01_af2_new/GAC.AF2rank226.pdb,/home/wms/AF2-test/AF2-CatGraph-test5/data/GAC/01_af2_new/GAC.AF2rank226.pdb,/home/wms/AF2-test/AF2-CatGraph-test5/data/GAC/01_af2/5D3O.225.pdb,source_if_available,source,/home/wms/AF2-test/AF2-CatGraph-test5/data/GAC/01_af2/5D3O.225.pdb,results/GAC/01_af2_prepare/pdb/standardized/GAC_AF2_0226.pdb,,,
GAC_AF2_0227,,227,GAC.AF2rank227,GAC.AF2rank227.pdb,/home/wms/AF2-test/AF2-CatGraph-test5/data/GAC/01_af2_new/GAC.AF2rank227.pdb,/home/wms/AF2-test/AF2-CatGraph-test5/data/GAC/01_af2_new/GAC.AF2rank227.pdb,/home/wms/AF2-test/AF2-CatGraph-test5/data/GAC/01_af2/5D3O.226.pdb,source_if_available,source,/home/wms/AF2-test/AF2-CatGraph-test5/data/GAC/01_af2/5D3O.226.pdb,results/GAC/01_af2_prepare/pdb/standardized/GAC_AF2_0227.pdb,,,
GAC_AF2_0228,,228,GAC.AF2rank228,GAC.AF2rank228.pdb,/home/wms/AF2-test/AF2-CatGraph-test5/data/GAC/01_af2_new/GAC.AF2rank228.pdb,/home/wms/AF2-test/AF2-CatGraph-test5/data/GAC/01_af2_new/GAC.AF2rank228.pdb,/home/wms/AF2-test/AF2-CatGraph-test5/data/GAC/01_af2/5D3O.227.pdb,source_if_available,source,/home/wms/AF2-test/AF2-CatGraph-test5/data/GAC/01_af2/5D3O.227.pdb,results/GAC/01_af2_prepare/pdb/standardized/GAC_AF2_0228.pdb,,,
GAC_AF2_0229,,229,GAC.AF2rank229,GAC.AF2rank229.pdb,/home/wms/AF2-test/AF2-CatGraph-test5/data/GAC/01_af2_new/GAC.AF2rank229.pdb,/home/wms/AF2-test/AF2-CatGraph-test5/data/GAC/01_af2_new/GAC.AF2rank229.pdb,/home/wms/AF2-test/AF2-CatGraph-test5/data/GAC/01_af2/5D3O.228.pdb,source_if_available,source,/home/wms/AF2-test/AF2-CatGraph-test5/data/GAC/01_af2/5D3O.228.pdb,results/GAC/01_af2_prepare/pdb/standardized/GAC_AF2_0229.pdb,,,
GAC_AF2_0230,,230,GAC.AF2rank230,GAC.AF2rank230.pdb,/home/wms/AF2-test/AF2-CatGraph-test5/data/GAC/01_af2_new/GAC.AF2rank230.pdb,/home/wms/AF2-test/AF2-CatGraph-test5/data/GAC/01_af2_new/GAC.AF2rank230.pdb,/home/wms/AF2-test/AF2-CatGraph-test5/data/GAC/01_af2/5D3O.229.pdb,source_if_available,source,/home/wms/AF2-test/AF2-CatGraph-test5/data/GAC/01_af2/5D3O.229.pdb,results/GAC/01_af2_prepare/pdb/standardized/GAC_AF2_0230.pdb,,,
GAC_AF2_0231,,231,GAC.AF2rank231,GAC.AF2rank231.pdb,/home/wms/AF2-test/AF2-CatGraph-test5/data/GAC/01_af2_new/GAC.AF2rank231.pdb,/home/wms/AF2-test/AF2-CatGraph-test5/data/GAC/01_af2_new/GAC.AF2rank231.pdb,/home/wms/AF2-test/AF2-CatGraph-test5/data/GAC/01_af2/5D3O.230.pdb,source_if_available,source,/home/wms/AF2-test/AF2-CatGraph-test5/data/GAC/01_af2/5D3O.230.pdb,results/GAC/01_af2_prepare/pdb/standardized/GAC_AF2_0231.pdb,,,
GAC_AF2_0232,,232,GAC.AF2rank232,GAC.AF2rank232.pdb,/home/wms/AF2-test/AF2-CatGraph-test5/data/GAC/01_af2_new/GAC.AF2rank232.pdb,/home/wms/AF2-test/AF2-CatGraph-test5/data/GAC/01_af2_new/GAC.AF2rank232.pdb,/home/wms/AF2-test/AF2-CatGraph-test5/data/GAC/01_af2/5D3O.231.pdb,source_if_available,source,/home/wms/AF2-test/AF2-CatGraph-test5/data/GAC/01_af2/5D3O.231.pdb,results/GAC/01_af2_prepare/pdb/standardized/GAC_AF2_0232.pdb,,,
GAC_AF2_0233,,233,GAC.AF2rank233,GAC.AF2rank233.pdb,/home/wms/AF2-test/AF2-CatGraph-test5/data/GAC/01_af2_new/GAC.AF2rank233.pdb,/home/wms/AF2-test/AF2-CatGraph-test5/data/GAC/01_af2_new/GAC.AF2rank233.pdb,/home/wms/AF2-test/AF2-CatGraph-test5/data/GAC/01_af2/5D3O.232.pdb,source_if_available,source,/home/wms/AF2-test/AF2-CatGraph-test5/data/GAC/01_af2/5D3O.232.pdb,results/GAC/01_af2_prepare/pdb/standardized/GAC_AF2_0233.pdb,,,
GAC_AF2_0234,,234,GAC.AF2rank234,GAC.AF2rank234.pdb,/home/wms/AF2-test/AF2-CatGraph-test5/data/GAC/01_af2_new/GAC.AF2rank234.pdb,/home/wms/AF2-test/AF2-CatGraph-test5/data/GAC/01_af2_new/GAC.AF2rank234.pdb,/home/wms/AF2-test/AF2-CatGraph-test5/data/GAC/01_af2/5D3O.233.pdb,source_if_available,source,/home/wms/AF2-test/AF2-CatGraph-test5/data/GAC/01_af2/5D3O.233.pdb,results/GAC/01_af2_prepare/pdb/standardized/GAC_AF2_0234.pdb,,,
GAC_AF2_0235,,235,GAC.AF2rank235,GAC.AF2rank235.pdb,/home/wms/AF2-test/AF2-CatGraph-test5/data/GAC/01_af2_new/GAC.AF2rank235.pdb,/home/wms/AF2-test/AF2-CatGraph-test5/data/GAC/01_af2_new/GAC.AF2rank235.pdb,/home/wms/AF2-test/AF2-CatGraph-test5/data/GAC/01_af2/5D3O.234.pdb,source_if_available,source,/home/wms/AF2-test/AF2-CatGraph-test5/data/GAC/01_af2/5D3O.234.pdb,results/GAC/01_af2_prepare/pdb/standardized/GAC_AF2_0235.pdb,,,
GAC_AF2_0236,,236,GAC.AF2rank236,GAC.AF2rank236.pdb,/home/wms/AF2-test/AF2-CatGraph-test5/data/GAC/01_af2_new/GAC.AF2rank236.pdb,/home/wms/AF2-test/AF2-CatGraph-test5/data/GAC/01_af2_new/GAC.AF2rank236.pdb,/home/wms/AF2-test/AF2-CatGraph-test5/data/GAC/01_af2/5D3O.235.pdb,source_if_available,source,/home/wms/AF2-test/AF2-CatGraph-test5/data/GAC/01_af2/5D3O.235.pdb,results/GAC/01_af2_prepare/pdb/standardized/GAC_AF2_0236.pdb,,,
GAC_AF2_0237,,237,GAC.AF2rank237,GAC.AF2rank237.pdb,/home/wms/AF2-test/AF2-CatGraph-test5/data/GAC/01_af2_new/GAC.AF2rank237.pdb,/home/wms/AF2-test/AF2-CatGraph-test5/data/GAC/01_af2_new/GAC.AF2rank237.pdb,/home/wms/AF2-test/AF2-CatGraph-test5/data/GAC/01_af2/5D3O.236.pdb,source_if_available,source,/home/wms/AF2-test/AF2-CatGraph-test5/data/GAC/01_af2/5D3O.236.pdb,results/GAC/01_af2_prepare/pdb/standardized/GAC_AF2_0237.pdb,,,
GAC_AF2_0238,,238,GAC.AF2rank238,GAC.AF2rank238.pdb,/home/wms/AF2-test/AF2-CatGraph-test5/data/GAC/01_af2_new/GAC.AF2rank238.pdb,/home/wms/AF2-test/AF2-CatGraph-test5/data/GAC/01_af2_new/GAC.AF2rank238.pdb,/home/wms/AF2-test/AF2-CatGraph-test5/data/GAC/01_af2/5D3O.237.pdb,source_if_available,source,/home/wms/AF2-test/AF2-CatGraph-test5/data/GAC/01_af2/5D3O.237.pdb,results/GAC/01_af2_prepare/pdb/standardized/GAC_AF2_0238.pdb,,,
GAC_AF2_0239,,239,GAC.AF2rank239,GAC.AF2rank239.pdb,/home/wms/AF2-test/AF2-CatGraph-test5/data/GAC/01_af2_new/GAC.AF2rank239.pdb,/home/wms/AF2-test/AF2-CatGraph-test5/data/GAC/01_af2_new/GAC.AF2rank239.pdb,/home/wms/AF2-test/AF2-CatGraph-test5/data/GAC/01_af2/5D3O.238.pdb,source_if_available,source,/home/wms/AF2-test/AF2-CatGraph-test5/data/GAC/01_af2/5D3O.238.pdb,results/GAC/01_af2_prepare/pdb/standardized/GAC_AF2_0239.pdb,,,
GAC_AF2_0240,,240,GAC.AF2rank240,GAC.AF2rank240.pdb,/home/wms/AF2-test/AF2-CatGraph-test5/data/GAC/01_af2_new/GAC.AF2rank240.pdb,/home/wms/AF2-test/AF2-CatGraph-test5/data/GAC/01_af2_new/GAC.AF2rank240.pdb,/home/wms/AF2-test/AF2-CatGraph-test5/data/GAC/01_af2/5D3O.239.pdb,source_if_available,source,/home/wms/AF2-test/AF2-CatGraph-test5/data/GAC/01_af2/5D3O.239.pdb,results/GAC/01_af2_prepare/pdb/standardized/GAC_AF2_0240.pdb,,,
GAC_AF2_0241,,241,GAC.AF2rank241,GAC.AF2rank241.pdb,/home/wms/AF2-test/AF2-CatGraph-test5/data/GAC/01_af2_new/GAC.AF2rank241.pdb,/home/wms/AF2-test/AF2-CatGraph-test5/data/GAC/01_af2_new/GAC.AF2rank241.pdb,/home/wms/AF2-test/AF2-CatGraph-test5/data/GAC/01_af2/5D3O.240.pdb,source_if_available,source,/home/wms/AF2-test/AF2-CatGraph-test5/data/GAC/01_af2/5D3O.240.pdb,results/GAC/01_af2_prepare/pdb/standardized/GAC_AF2_0241.pdb,,,
GAC_AF2_0242,,242,GAC.AF2rank242,GAC.AF2rank242.pdb,/home/wms/AF2-test/AF2-CatGraph-test5/data/GAC/01_af2_new/GAC.AF2rank242.pdb,/home/wms/AF2-test/AF2-CatGraph-test5/data/GAC/01_af2_new/GAC.AF2rank242.pdb,/home/wms/AF2-test/AF2-CatGraph-test5/data/GAC/01_af2/5D3O.241.pdb,source_if_available,source,/home/wms/AF2-test/AF2-CatGraph-test5/data/GAC/01_af2/5D3O.241.pdb,results/GAC/01_af2_prepare/pdb/standardized/GAC_AF2_0242.pdb,,,
GAC_AF2_0243,,243,GAC.AF2rank243,GAC.AF2rank243.pdb,/home/wms/AF2-test/AF2-CatGraph-test5/data/GAC/01_af2_new/GAC.AF2rank243.pdb,/home/wms/AF2-test/AF2-CatGraph-test5/data/GAC/01_af2_new/GAC.AF2rank243.pdb,/home/wms/AF2-test/AF2-CatGraph-test5/data/GAC/01_af2/5D3O.242.pdb,source_if_available,source,/home/wms/AF2-test/AF2-CatGraph-test5/data/GAC/01_af2/5D3O.242.pdb,results/GAC/01_af2_prepare/pdb/standardized/GAC_AF2_0243.pdb,,,
GAC_AF2_0244,,244,GAC.AF2rank244,GAC.AF2rank244.pdb,/home/wms/AF2-test/AF2-CatGraph-test5/data/GAC/01_af2_new/GAC.AF2rank244.pdb,/home/wms/AF2-test/AF2-CatGraph-test5/data/GAC/01_af2_new/GAC.AF2rank244.pdb,/home/wms/AF2-test/AF2-CatGraph-test5/data/GAC/01_af2/5D3O.243.pdb,source_if_available,source,/home/wms/AF2-test/AF2-CatGraph-test5/data/GAC/01_af2/5D3O.243.pdb,results/GAC/01_af2_prepare/pdb/standardized/GAC_AF2_0244.pdb,,,
GAC_AF2_0245,,245,GAC.AF2rank245,GAC.AF2rank245.pdb,/home/wms/AF2-test/AF2-CatGraph-test5/data/GAC/01_af2_new/GAC.AF2rank245.pdb,/home/wms/AF2-test/AF2-CatGraph-test5/data/GAC/01_af2_new/GAC.AF2rank245.pdb,/home/wms/AF2-test/AF2-CatGraph-test5/data/GAC/01_af2/5D3O.244.pdb,source_if_available,source,/home/wms/AF2-test/AF2-CatGraph-test5/data/GAC/01_af2/5D3O.244.pdb,results/GAC/01_af2_prepare/pdb/standardized/GAC_AF2_0245.pdb,,,
GAC_AF2_0246,,246,GAC.AF2rank246,GAC.AF2rank246.pdb,/home/wms/AF2-test/AF2-CatGraph-test5/data/GAC/01_af2_new/GAC.AF2rank246.pdb,/home/wms/AF2-test/AF2-CatGraph-test5/data/GAC/01_af2_new/GAC.AF2rank246.pdb,/home/wms/AF2-test/AF2-CatGraph-test5/data/GAC/01_af2/5D3O.245.pdb,source_if_available,source,/home/wms/AF2-test/AF2-CatGraph-test5/data/GAC/01_af2/5D3O.245.pdb,results/GAC/01_af2_prepare/pdb/standardized/GAC_AF2_0246.pdb,,,
GAC_AF2_0247,,247,GAC.AF2rank247,GAC.AF2rank247.pdb,/home/wms/AF2-test/AF2-CatGraph-test5/data/GAC/01_af2_new/GAC.AF2rank247.pdb,/home/wms/AF2-test/AF2-CatGraph-test5/data/GAC/01_af2_new/GAC.AF2rank247.pdb,/home/wms/AF2-test/AF2-CatGraph-test5/data/GAC/01_af2/5D3O.246.pdb,source_if_available,source,/home/wms/AF2-test/AF2-CatGraph-test5/data/GAC/01_af2/5D3O.246.pdb,results/GAC/01_af2_prepare/pdb/standardized/GAC_AF2_0247.pdb,,,
GAC_AF2_0248,,248,GAC.AF2rank248,GAC.AF2rank248.pdb,/home/wms/AF2-test/AF2-CatGraph-test5/data/GAC/01_af2_new/GAC.AF2rank248.pdb,/home/wms/AF2-test/AF2-CatGraph-test5/data/GAC/01_af2_new/GAC.AF2rank248.pdb,/home/wms/AF2-test/AF2-CatGraph-test5/data/GAC/01_af2/5D3O.247.pdb,source_if_available,source,/home/wms/AF2-test/AF2-CatGraph-test5/data/GAC/01_af2/5D3O.247.pdb,results/GAC/01_af2_prepare/pdb/standardized/GAC_AF2_0248.pdb,,,
GAC_AF2_0249,,249,GAC.AF2rank249,GAC.AF2rank249.pdb,/home/wms/AF2-test/AF2-CatGraph-test5/data/GAC/01_af2_new/GAC.AF2rank249.pdb,/home/wms/AF2-test/AF2-CatGraph-test5/data/GAC/01_af2_new/GAC.AF2rank249.pdb,/home/wms/AF2-test/AF2-CatGraph-test5/data/GAC/01_af2/5D3O.248.pdb,source_if_available,source,/home/wms/AF2-test/AF2-CatGraph-test5/data/GAC/01_af2/5D3O.248.pdb,results/GAC/01_af2_prepare/pdb/standardized/GAC_AF2_0249.pdb,,,
GAC_AF2_0250,,250,GAC.AF2rank250,GAC.AF2rank250.pdb,/home/wms/AF2-test/AF2-CatGraph-test5/data/GAC/01_af2_new/GAC.AF2rank250.pdb,/home/wms/AF2-test/AF2-CatGraph-test5/data/GAC/01_af2_new/GAC.AF2rank250.pdb,/home/wms/AF2-test/AF2-CatGraph-test5/data/GAC/01_af2/5D3O.249.pdb,source_if_available,source,/home/wms/AF2-test/AF2-CatGraph-test5/data/GAC/01_af2/5D3O.249.pdb,results/GAC/01_af2_prepare/pdb/standardized/GAC_AF2_0250.pdb,,,
GAC_AF2_0251,,251,GAC.AF2rank251,GAC.AF2rank251.pdb,/home/wms/AF2-test/AF2-CatGraph-test5/data/GAC/01_af2_new/GAC.AF2rank251.pdb,/home/wms/AF2-test/AF2-CatGraph-test5/data/GAC/01_af2_new/GAC.AF2rank251.pdb,/home/wms/AF2-test/AF2-CatGraph-test5/data/GAC/01_af2/5D3O.250.pdb,source_if_available,source,/home/wms/AF2-test/AF2-CatGraph-test5/data/GAC/01_af2/5D3O.250.pdb,results/GAC/01_af2_prepare/pdb/standardized/GAC_AF2_0251.pdb,,,
GAC_AF2_0252,,252,GAC.AF2rank252,GAC.AF2rank252.pdb,/home/wms/AF2-test/AF2-CatGraph-test5/data/GAC/01_af2_new/GAC.AF2rank252.pdb,/home/wms/AF2-test/AF2-CatGraph-test5/data/GAC/01_af2_new/GAC.AF2rank252.pdb,/home/wms/AF2-test/AF2-CatGraph-test5/data/GAC/01_af2/5D3O.251.pdb,source_if_available,source,/home/wms/AF2-test/AF2-CatGraph-test5/data/GAC/01_af2/5D3O.251.pdb,results/GAC/01_af2_prepare/pdb/standardized/GAC_AF2_0252.pdb,,,
GAC_AF2_0253,,253,GAC.AF2rank253,GAC.AF2rank253.pdb,/home/wms/AF2-test/AF2-CatGraph-test5/data/GAC/01_af2_new/GAC.AF2rank253.pdb,/home/wms/AF2-test/AF2-CatGraph-test5/data/GAC/01_af2_new/GAC.AF2rank253.pdb,/home/wms/AF2-test/AF2-CatGraph-test5/data/GAC/01_af2/5D3O.252.pdb,source_if_available,source,/home/wms/AF2-test/AF2-CatGraph-test5/data/GAC/01_af2/5D3O.252.pdb,results/GAC/01_af2_prepare/pdb/standardized/GAC_AF2_0253.pdb,,,
GAC_AF2_0254,,254,GAC.AF2rank254,GAC.AF2rank254.pdb,/home/wms/AF2-test/AF2-CatGraph-test5/data/GAC/01_af2_new/GAC.AF2rank254.pdb,/home/wms/AF2-test/AF2-CatGraph-test5/data/GAC/01_af2_new/GAC.AF2rank254.pdb,/home/wms/AF2-test/AF2-CatGraph-test5/data/GAC/01_af2/5D3O.253.pdb,source_if_available,source,/home/wms/AF2-test/AF2-CatGraph-test5/data/GAC/01_af2/5D3O.253.pdb,results/GAC/01_af2_prepare/pdb/standardized/GAC_AF2_0254.pdb,,,
GAC_AF2_0255,,255,GAC.AF2rank255,GAC.AF2rank255.pdb,/home/wms/AF2-test/AF2-CatGraph-test5/data/GAC/01_af2_new/GAC.AF2rank255.pdb,/home/wms/AF2-test/AF2-CatGraph-test5/data/GAC/01_af2_new/GAC.AF2rank255.pdb,/home/wms/AF2-test/AF2-CatGraph-test5/data/GAC/01_af2/5D3O.254.pdb,source_if_available,source,/home/wms/AF2-test/AF2-CatGraph-test5/data/GAC/01_af2/5D3O.254.pdb,results/GAC/01_af2_prepare/pdb/standardized/GAC_AF2_0255.pdb,,,
GAC_AF2_0256,,256,GAC.AF2rank256,GAC.AF2rank256.pdb,/home/wms/AF2-test/AF2-CatGraph-test5/data/GAC/01_af2_new/GAC.AF2rank256.pdb,/home/wms/AF2-test/AF2-CatGraph-test5/data/GAC/01_af2_new/GAC.AF2rank256.pdb,/home/wms/AF2-test/AF2-CatGraph-test5/data/GAC/01_af2/5D3O.255.pdb,source_if_available,source,/home/wms/AF2-test/AF2-CatGraph-test5/data/GAC/01_af2/5D3O.255.pdb,results/GAC/01_af2_prepare/pdb/standardized/GAC_AF2_0256.pdb,,,
GAC_AF2_0257,,257,GAC.AF2rank257,GAC.AF2rank257.pdb,/home/wms/AF2-test/AF2-CatGraph-test5/data/GAC/01_af2_new/GAC.AF2rank257.pdb,/home/wms/AF2-test/AF2-CatGraph-test5/data/GAC/01_af2_new/GAC.AF2rank257.pdb,/home/wms/AF2-test/AF2-CatGraph-test5/data/GAC/01_af2/5D3O.256.pdb,source_if_available,source,/home/wms/AF2-test/AF2-CatGraph-test5/data/GAC/01_af2/5D3O.256.pdb,results/GAC/01_af2_prepare/pdb/standardized/GAC_AF2_0257.pdb,,,
GAC_AF2_0258,,258,GAC.AF2rank258,GAC.AF2rank258.pdb,/home/wms/AF2-test/AF2-CatGraph-test5/data/GAC/01_af2_new/GAC.AF2rank258.pdb,/home/wms/AF2-test/AF2-CatGraph-test5/data/GAC/01_af2_new/GAC.AF2rank258.pdb,/home/wms/AF2-test/AF2-CatGraph-test5/data/GAC/01_af2/5D3O.257.pdb,source_if_available,source,/home/wms/AF2-test/AF2-CatGraph-test5/data/GAC/01_af2/5D3O.257.pdb,results/GAC/01_af2_prepare/pdb/standardized/GAC_AF2_0258.pdb,,,
GAC_AF2_0259,,259,GAC.AF2rank259,GAC.AF2rank259.pdb,/home/wms/AF2-test/AF2-CatGraph-test5/data/GAC/01_af2_new/GAC.AF2rank259.pdb,/home/wms/AF2-test/AF2-CatGraph-test5/data/GAC/01_af2_new/GAC.AF2rank259.pdb,/home/wms/AF2-test/AF2-CatGraph-test5/data/GAC/01_af2/5D3O.258.pdb,source_if_available,source,/home/wms/AF2-test/AF2-CatGraph-test5/data/GAC/01_af2/5D3O.258.pdb,results/GAC/01_af2_prepare/pdb/standardized/GAC_AF2_0259.pdb,,,
GAC_AF2_0260,,260,GAC.AF2rank260,GAC.AF2rank260.pdb,/home/wms/AF2-test/AF2-CatGraph-test5/data/GAC/01_af2_new/GAC.AF2rank260.pdb,/home/wms/AF2-test/AF2-CatGraph-test5/data/GAC/01_af2_new/GAC.AF2rank260.pdb,/home/wms/AF2-test/AF2-CatGraph-test5/data/GAC/01_af2/5D3O.259.pdb,source_if_available,source,/home/wms/AF2-test/AF2-CatGraph-test5/data/GAC/01_af2/5D3O.259.pdb,results/GAC/01_af2_prepare/pdb/standardized/GAC_AF2_0260.pdb,,,
GAC_AF2_0261,,261,GAC.AF2rank261,GAC.AF2rank261.pdb,/home/wms/AF2-test/AF2-CatGraph-test5/data/GAC/01_af2_new/GAC.AF2rank261.pdb,/home/wms/AF2-test/AF2-CatGraph-test5/data/GAC/01_af2_new/GAC.AF2rank261.pdb,/home/wms/AF2-test/AF2-CatGraph-test5/data/GAC/01_af2/5D3O.260.pdb,source_if_available,source,/home/wms/AF2-test/AF2-CatGraph-test5/data/GAC/01_af2/5D3O.260.pdb,results/GAC/01_af2_prepare/pdb/standardized/GAC_AF2_0261.pdb,,,
GAC_AF2_0262,,262,GAC.AF2rank262,GAC.AF2rank262.pdb,/home/wms/AF2-test/AF2-CatGraph-test5/data/GAC/01_af2_new/GAC.AF2rank262.pdb,/home/wms/AF2-test/AF2-CatGraph-test5/data/GAC/01_af2_new/GAC.AF2rank262.pdb,/home/wms/AF2-test/AF2-CatGraph-test5/data/GAC/01_af2/5D3O.261.pdb,source_if_available,source,/home/wms/AF2-test/AF2-CatGraph-test5/data/GAC/01_af2/5D3O.261.pdb,results/GAC/01_af2_prepare/pdb/standardized/GAC_AF2_0262.pdb,,,
GAC_AF2_0263,,263,GAC.AF2rank263,GAC.AF2rank263.pdb,/home/wms/AF2-test/AF2-CatGraph-test5/data/GAC/01_af2_new/GAC.AF2rank263.pdb,/home/wms/AF2-test/AF2-CatGraph-test5/data/GAC/01_af2_new/GAC.AF2rank263.pdb,/home/wms/AF2-test/AF2-CatGraph-test5/data/GAC/01_af2/5D3O.262.pdb,source_if_available,source,/home/wms/AF2-test/AF2-CatGraph-test5/data/GAC/01_af2/5D3O.262.pdb,results/GAC/01_af2_prepare/pdb/standardized/GAC_AF2_0263.pdb,,,
GAC_AF2_0264,,264,GAC.AF2rank264,GAC.AF2rank264.pdb,/home/wms/AF2-test/AF2-CatGraph-test5/data/GAC/01_af2_new/GAC.AF2rank264.pdb,/home/wms/AF2-test/AF2-CatGraph-test5/data/GAC/01_af2_new/GAC.AF2rank264.pdb,/home/wms/AF2-test/AF2-CatGraph-test5/data/GAC/01_af2/5D3O.263.pdb,source_if_available,source,/home/wms/AF2-test/AF2-CatGraph-test5/data/GAC/01_af2/5D3O.263.pdb,results/GAC/01_af2_prepare/pdb/standardized/GAC_AF2_0264.pdb,,,
