input_order,source_prediction_index,numbering_index,target_id,standard_structure_id,original_structure_id,original_filename,source_path,input_pdb_path,source_af2_path,source_af2_match,plddt_filter_scope_requested,plddt_filter_scope_applied,plddt_filter_pdb_path,plddt_source_status,rank,model,seed
1,,1,GAC,GAC_AF2_0001,GAC.AF2rank1,GAC.AF2rank1.pdb,/home/wms/AF2-test/AF2-CatGraph-test5/data/GAC/01_af2_new/GAC.AF2rank1.pdb,/home/wms/AF2-test/AF2-CatGraph-test5/data/GAC/01_af2_new/GAC.AF2rank1.pdb,/home/wms/AF2-test/AF2-CatGraph-test5/data/GAC/01_af2/5D3O.0.pdb,manifest_exact,source_if_available,source,/home/wms/AF2-test/AF2-CatGraph-test5/data/GAC/01_af2/5D3O.0.pdb,manifest_exact,,,
2,,2,GAC,GAC_AF2_0002,GAC.AF2rank2,GAC.AF2rank2.pdb,/home/wms/AF2-test/AF2-CatGraph-test5/data/GAC/01_af2_new/GAC.AF2rank2.pdb,/home/wms/AF2-test/AF2-CatGraph-test5/data/GAC/01_af2_new/GAC.AF2rank2.pdb,/home/wms/AF2-test/AF2-CatGraph-test5/data/GAC/01_af2/5D3O.1.pdb,manifest_exact,source_if_available,source,/home/wms/AF2-test/AF2-CatGraph-test5/data/GAC/01_af2/5D3O.1.pdb,manifest_exact,,,
3,,3,GAC,GAC_AF2_0003,GAC.AF2rank3,GAC.AF2rank3.pdb,/home/wms/AF2-test/AF2-CatGraph-test5/data/GAC/01_af2_new/GAC.AF2rank3.pdb,/home/wms/AF2-test/AF2-CatGraph-test5/data/GAC/01_af2_new/GAC.AF2rank3.pdb,/home/wms/AF2-test/AF2-CatGraph-test5/data/GAC/01_af2/5D3O.2.pdb,manifest_exact,source_if_available,source,/home/wms/AF2-test/AF2-CatGraph-test5/data/GAC/01_af2/5D3O.2.pdb,manifest_exact,,,
4,,4,GAC,GAC_AF2_0004,GAC.AF2rank4,GAC.AF2rank4.pdb,/home/wms/AF2-test/AF2-CatGraph-test5/data/GAC/01_af2_new/GAC.AF2rank4.pdb,/home/wms/AF2-test/AF2-CatGraph-test5/data/GAC/01_af2_new/GAC.AF2rank4.pdb,/home/wms/AF2-test/AF2-CatGraph-test5/data/GAC/01_af2/5D3O.3.pdb,manifest_exact,source_if_available,source,/home/wms/AF2-test/AF2-CatGraph-test5/data/GAC/01_af2/5D3O.3.pdb,manifest_exact,,,
5,,5,GAC,GAC_AF2_0005,GAC.AF2rank5,GAC.AF2rank5.pdb,/home/wms/AF2-test/AF2-CatGraph-test5/data/GAC/01_af2_new/GAC.AF2rank5.pdb,/home/wms/AF2-test/AF2-CatGraph-test5/data/GAC/01_af2_new/GAC.AF2rank5.pdb,/home/wms/AF2-test/AF2-CatGraph-test5/data/GAC/01_af2/5D3O.4.pdb,manifest_exact,source_if_available,source,/home/wms/AF2-test/AF2-CatGraph-test5/data/GAC/01_af2/5D3O.4.pdb,manifest_exact,,,
6,,6,GAC,GAC_AF2_0006,GAC.AF2rank6,GAC.AF2rank6.pdb,/home/wms/AF2-test/AF2-CatGraph-test5/data/GAC/01_af2_new/GAC.AF2rank6.pdb,/home/wms/AF2-test/AF2-CatGraph-test5/data/GAC/01_af2_new/GAC.AF2rank6.pdb,/home/wms/AF2-test/AF2-CatGraph-test5/data/GAC/01_af2/5D3O.5.pdb,manifest_exact,source_if_available,source,/home/wms/AF2-test/AF2-CatGraph-test5/data/GAC/01_af2/5D3O.5.pdb,manifest_exact,,,
7,,7,GAC,GAC_AF2_0007,GAC.AF2rank7,GAC.AF2rank7.pdb,/home/wms/AF2-test/AF2-CatGraph-test5/data/GAC/01_af2_new/GAC.AF2rank7.pdb,/home/wms/AF2-test/AF2-CatGraph-test5/data/GAC/01_af2_new/GAC.AF2rank7.pdb,/home/wms/AF2-test/AF2-CatGraph-test5/data/GAC/01_af2/5D3O.6.pdb,manifest_exact,source_if_available,source,/home/wms/AF2-test/AF2-CatGraph-test5/data/GAC/01_af2/5D3O.6.pdb,manifest_exact,,,
8,,8,GAC,GAC_AF2_0008,GAC.AF2rank8,GAC.AF2rank8.pdb,/home/wms/AF2-test/AF2-CatGraph-test5/data/GAC/01_af2_new/GAC.AF2rank8.pdb,/home/wms/AF2-test/AF2-CatGraph-test5/data/GAC/01_af2_new/GAC.AF2rank8.pdb,/home/wms/AF2-test/AF2-CatGraph-test5/data/GAC/01_af2/5D3O.7.pdb,manifest_exact,source_if_available,source,/home/wms/AF2-test/AF2-CatGraph-test5/data/GAC/01_af2/5D3O.7.pdb,manifest_exact,,,
9,,9,GAC,GAC_AF2_0009,GAC.AF2rank9,GAC.AF2rank9.pdb,/home/wms/AF2-test/AF2-CatGraph-test5/data/GAC/01_af2_new/GAC.AF2rank9.pdb,/home/wms/AF2-test/AF2-CatGraph-test5/data/GAC/01_af2_new/GAC.AF2rank9.pdb,/home/wms/AF2-test/AF2-CatGraph-test5/data/GAC/01_af2/5D3O.8.pdb,manifest_exact,source_if_available,source,/home/wms/AF2-test/AF2-CatGraph-test5/data/GAC/01_af2/5D3O.8.pdb,manifest_exact,,,
10,,10,GAC,GAC_AF2_0010,GAC.AF2rank10,GAC.AF2rank10.pdb,/home/wms/AF2-test/AF2-CatGraph-test5/data/GAC/01_af2_new/GAC.AF2rank10.pdb,/home/wms/AF2-test/AF2-CatGraph-test5/data/GAC/01_af2_new/GAC.AF2rank10.pdb,/home/wms/AF2-test/AF2-CatGraph-test5/data/GAC/01_af2/5D3O.9.pdb,manifest_exact,source_if_available,source,/home/wms/AF2-test/AF2-CatGraph-test5/data/GAC/01_af2/5D3O.9.pdb,manifest_exact,,,
11,,11,GAC,GAC_AF2_0011,GAC.AF2rank11,GAC.AF2rank11.pdb,/home/wms/AF2-test/AF2-CatGraph-test5/data/GAC/01_af2_new/GAC.AF2rank11.pdb,/home/wms/AF2-test/AF2-CatGraph-test5/data/GAC/01_af2_new/GAC.AF2rank11.pdb,/home/wms/AF2-test/AF2-CatGraph-test5/data/GAC/01_af2/5D3O.10.pdb,manifest_exact,source_if_available,source,/home/wms/AF2-test/AF2-CatGraph-test5/data/GAC/01_af2/5D3O.10.pdb,manifest_exact,,,
12,,12,GAC,GAC_AF2_0012,GAC.AF2rank12,GAC.AF2rank12.pdb,/home/wms/AF2-test/AF2-CatGraph-test5/data/GAC/01_af2_new/GAC.AF2rank12.pdb,/home/wms/AF2-test/AF2-CatGraph-test5/data/GAC/01_af2_new/GAC.AF2rank12.pdb,/home/wms/AF2-test/AF2-CatGraph-test5/data/GAC/01_af2/5D3O.11.pdb,manifest_exact,source_if_available,source,/home/wms/AF2-test/AF2-CatGraph-test5/data/GAC/01_af2/5D3O.11.pdb,manifest_exact,,,
13,,13,GAC,GAC_AF2_0013,GAC.AF2rank13,GAC.AF2rank13.pdb,/home/wms/AF2-test/AF2-CatGraph-test5/data/GAC/01_af2_new/GAC.AF2rank13.pdb,/home/wms/AF2-test/AF2-CatGraph-test5/data/GAC/01_af2_new/GAC.AF2rank13.pdb,/home/wms/AF2-test/AF2-CatGraph-test5/data/GAC/01_af2/5D3O.12.pdb,manifest_exact,source_if_available,source,/home/wms/AF2-test/AF2-CatGraph-test5/data/GAC/01_af2/5D3O.12.pdb,manifest_exact,,,
14,,14,GAC,GAC_AF2_0014,GAC.AF2rank14,GAC.AF2rank14.pdb,/home/wms/AF2-test/AF2-CatGraph-test5/data/GAC/01_af2_new/GAC.AF2rank14.pdb,/home/wms/AF2-test/AF2-CatGraph-test5/data/GAC/01_af2_new/GAC.AF2rank14.pdb,/home/wms/AF2-test/AF2-CatGraph-test5/data/GAC/01_af2/5D3O.13.pdb,manifest_exact,source_if_available,source,/home/wms/AF2-test/AF2-CatGraph-test5/data/GAC/01_af2/5D3O.13.pdb,manifest_exact,,,
15,,15,GAC,GAC_AF2_0015,GAC.AF2rank15,GAC.AF2rank15.pdb,/home/wms/AF2-test/AF2-CatGraph-test5/data/GAC/01_af2_new/GAC.AF2rank15.pdb,/home/wms/AF2-test/AF2-CatGraph-test5/data/GAC/01_af2_new/GAC.AF2rank15.pdb,/home/wms/AF2-test/AF2-CatGraph-test5/data/GAC/01_af2/5D3O.14.pdb,manifest_exact,source_if_available,source,/home/wms/AF2-test/AF2-CatGraph-test5/data/GAC/01_af2/5D3O.14.pdb,manifest_exact,,,
16,,16,GAC,GAC_AF2_0016,GAC.AF2rank16,GAC.AF2rank16.pdb,/home/wms/AF2-test/AF2-CatGraph-test5/data/GAC/01_af2_new/GAC.AF2rank16.pdb,/home/wms/AF2-test/AF2-CatGraph-test5/data/GAC/01_af2_new/GAC.AF2rank16.pdb,/home/wms/AF2-test/AF2-CatGraph-test5/data/GAC/01_af2/5D3O.15.pdb,manifest_exact,source_if_available,source,/home/wms/AF2-test/AF2-CatGraph-test5/data/GAC/01_af2/5D3O.15.pdb,manifest_exact,,,
17,,17,GAC,GAC_AF2_0017,GAC.AF2rank17,GAC.AF2rank17.pdb,/home/wms/AF2-test/AF2-CatGraph-test5/data/GAC/01_af2_new/GAC.AF2rank17.pdb,/home/wms/AF2-test/AF2-CatGraph-test5/data/GAC/01_af2_new/GAC.AF2rank17.pdb,/home/wms/AF2-test/AF2-CatGraph-test5/data/GAC/01_af2/5D3O.16.pdb,manifest_exact,source_if_available,source,/home/wms/AF2-test/AF2-CatGraph-test5/data/GAC/01_af2/5D3O.16.pdb,manifest_exact,,,
18,,18,GAC,GAC_AF2_0018,GAC.AF2rank18,GAC.AF2rank18.pdb,/home/wms/AF2-test/AF2-CatGraph-test5/data/GAC/01_af2_new/GAC.AF2rank18.pdb,/home/wms/AF2-test/AF2-CatGraph-test5/data/GAC/01_af2_new/GAC.AF2rank18.pdb,/home/wms/AF2-test/AF2-CatGraph-test5/data/GAC/01_af2/5D3O.17.pdb,manifest_exact,source_if_available,source,/home/wms/AF2-test/AF2-CatGraph-test5/data/GAC/01_af2/5D3O.17.pdb,manifest_exact,,,
19,,19,GAC,GAC_AF2_0019,GAC.AF2rank19,GAC.AF2rank19.pdb,/home/wms/AF2-test/AF2-CatGraph-test5/data/GAC/01_af2_new/GAC.AF2rank19.pdb,/home/wms/AF2-test/AF2-CatGraph-test5/data/GAC/01_af2_new/GAC.AF2rank19.pdb,/home/wms/AF2-test/AF2-CatGraph-test5/data/GAC/01_af2/5D3O.18.pdb,manifest_exact,source_if_available,source,/home/wms/AF2-test/AF2-CatGraph-test5/data/GAC/01_af2/5D3O.18.pdb,manifest_exact,,,
20,,20,GAC,GAC_AF2_0020,GAC.AF2rank20,GAC.AF2rank20.pdb,/home/wms/AF2-test/AF2-CatGraph-test5/data/GAC/01_af2_new/GAC.AF2rank20.pdb,/home/wms/AF2-test/AF2-CatGraph-test5/data/GAC/01_af2_new/GAC.AF2rank20.pdb,/home/wms/AF2-test/AF2-CatGraph-test5/data/GAC/01_af2/5D3O.19.pdb,manifest_exact,source_if_available,source,/home/wms/AF2-test/AF2-CatGraph-test5/data/GAC/01_af2/5D3O.19.pdb,manifest_exact,,,
21,,21,GAC,GAC_AF2_0021,GAC.AF2rank21,GAC.AF2rank21.pdb,/home/wms/AF2-test/AF2-CatGraph-test5/data/GAC/01_af2_new/GAC.AF2rank21.pdb,/home/wms/AF2-test/AF2-CatGraph-test5/data/GAC/01_af2_new/GAC.AF2rank21.pdb,/home/wms/AF2-test/AF2-CatGraph-test5/data/GAC/01_af2/5D3O.20.pdb,manifest_exact,source_if_available,source,/home/wms/AF2-test/AF2-CatGraph-test5/data/GAC/01_af2/5D3O.20.pdb,manifest_exact,,,
22,,22,GAC,GAC_AF2_0022,GAC.AF2rank22,GAC.AF2rank22.pdb,/home/wms/AF2-test/AF2-CatGraph-test5/data/GAC/01_af2_new/GAC.AF2rank22.pdb,/home/wms/AF2-test/AF2-CatGraph-test5/data/GAC/01_af2_new/GAC.AF2rank22.pdb,/home/wms/AF2-test/AF2-CatGraph-test5/data/GAC/01_af2/5D3O.21.pdb,manifest_exact,source_if_available,source,/home/wms/AF2-test/AF2-CatGraph-test5/data/GAC/01_af2/5D3O.21.pdb,manifest_exact,,,
23,,23,GAC,GAC_AF2_0023,GAC.AF2rank23,GAC.AF2rank23.pdb,/home/wms/AF2-test/AF2-CatGraph-test5/data/GAC/01_af2_new/GAC.AF2rank23.pdb,/home/wms/AF2-test/AF2-CatGraph-test5/data/GAC/01_af2_new/GAC.AF2rank23.pdb,/home/wms/AF2-test/AF2-CatGraph-test5/data/GAC/01_af2/5D3O.22.pdb,manifest_exact,source_if_available,source,/home/wms/AF2-test/AF2-CatGraph-test5/data/GAC/01_af2/5D3O.22.pdb,manifest_exact,,,
24,,24,GAC,GAC_AF2_0024,GAC.AF2rank24,GAC.AF2rank24.pdb,/home/wms/AF2-test/AF2-CatGraph-test5/data/GAC/01_af2_new/GAC.AF2rank24.pdb,/home/wms/AF2-test/AF2-CatGraph-test5/data/GAC/01_af2_new/GAC.AF2rank24.pdb,/home/wms/AF2-test/AF2-CatGraph-test5/data/GAC/01_af2/5D3O.23.pdb,manifest_exact,source_if_available,source,/home/wms/AF2-test/AF2-CatGraph-test5/data/GAC/01_af2/5D3O.23.pdb,manifest_exact,,,
25,,25,GAC,GAC_AF2_0025,GAC.AF2rank25,GAC.AF2rank25.pdb,/home/wms/AF2-test/AF2-CatGraph-test5/data/GAC/01_af2_new/GAC.AF2rank25.pdb,/home/wms/AF2-test/AF2-CatGraph-test5/data/GAC/01_af2_new/GAC.AF2rank25.pdb,/home/wms/AF2-test/AF2-CatGraph-test5/data/GAC/01_af2/5D3O.24.pdb,manifest_exact,source_if_available,source,/home/wms/AF2-test/AF2-CatGraph-test5/data/GAC/01_af2/5D3O.24.pdb,manifest_exact,,,
26,,26,GAC,GAC_AF2_0026,GAC.AF2rank26,GAC.AF2rank26.pdb,/home/wms/AF2-test/AF2-CatGraph-test5/data/GAC/01_af2_new/GAC.AF2rank26.pdb,/home/wms/AF2-test/AF2-CatGraph-test5/data/GAC/01_af2_new/GAC.AF2rank26.pdb,/home/wms/AF2-test/AF2-CatGraph-test5/data/GAC/01_af2/5D3O.25.pdb,manifest_exact,source_if_available,source,/home/wms/AF2-test/AF2-CatGraph-test5/data/GAC/01_af2/5D3O.25.pdb,manifest_exact,,,
27,,27,GAC,GAC_AF2_0027,GAC.AF2rank27,GAC.AF2rank27.pdb,/home/wms/AF2-test/AF2-CatGraph-test5/data/GAC/01_af2_new/GAC.AF2rank27.pdb,/home/wms/AF2-test/AF2-CatGraph-test5/data/GAC/01_af2_new/GAC.AF2rank27.pdb,/home/wms/AF2-test/AF2-CatGraph-test5/data/GAC/01_af2/5D3O.26.pdb,manifest_exact,source_if_available,source,/home/wms/AF2-test/AF2-CatGraph-test5/data/GAC/01_af2/5D3O.26.pdb,manifest_exact,,,
28,,28,GAC,GAC_AF2_0028,GAC.AF2rank28,GAC.AF2rank28.pdb,/home/wms/AF2-test/AF2-CatGraph-test5/data/GAC/01_af2_new/GAC.AF2rank28.pdb,/home/wms/AF2-test/AF2-CatGraph-test5/data/GAC/01_af2_new/GAC.AF2rank28.pdb,/home/wms/AF2-test/AF2-CatGraph-test5/data/GAC/01_af2/5D3O.27.pdb,manifest_exact,source_if_available,source,/home/wms/AF2-test/AF2-CatGraph-test5/data/GAC/01_af2/5D3O.27.pdb,manifest_exact,,,
29,,29,GAC,GAC_AF2_0029,GAC.AF2rank29,GAC.AF2rank29.pdb,/home/wms/AF2-test/AF2-CatGraph-test5/data/GAC/01_af2_new/GAC.AF2rank29.pdb,/home/wms/AF2-test/AF2-CatGraph-test5/data/GAC/01_af2_new/GAC.AF2rank29.pdb,/home/wms/AF2-test/AF2-CatGraph-test5/data/GAC/01_af2/5D3O.28.pdb,manifest_exact,source_if_available,source,/home/wms/AF2-test/AF2-CatGraph-test5/data/GAC/01_af2/5D3O.28.pdb,manifest_exact,,,
30,,30,GAC,GAC_AF2_0030,GAC.AF2rank30,GAC.AF2rank30.pdb,/home/wms/AF2-test/AF2-CatGraph-test5/data/GAC/01_af2_new/GAC.AF2rank30.pdb,/home/wms/AF2-test/AF2-CatGraph-test5/data/GAC/01_af2_new/GAC.AF2rank30.pdb,/home/wms/AF2-test/AF2-CatGraph-test5/data/GAC/01_af2/5D3O.29.pdb,manifest_exact,source_if_available,source,/home/wms/AF2-test/AF2-CatGraph-test5/data/GAC/01_af2/5D3O.29.pdb,manifest_exact,,,
31,,31,GAC,GAC_AF2_0031,GAC.AF2rank31,GAC.AF2rank31.pdb,/home/wms/AF2-test/AF2-CatGraph-test5/data/GAC/01_af2_new/GAC.AF2rank31.pdb,/home/wms/AF2-test/AF2-CatGraph-test5/data/GAC/01_af2_new/GAC.AF2rank31.pdb,/home/wms/AF2-test/AF2-CatGraph-test5/data/GAC/01_af2/5D3O.30.pdb,manifest_exact,source_if_available,source,/home/wms/AF2-test/AF2-CatGraph-test5/data/GAC/01_af2/5D3O.30.pdb,manifest_exact,,,
32,,32,GAC,GAC_AF2_0032,GAC.AF2rank32,GAC.AF2rank32.pdb,/home/wms/AF2-test/AF2-CatGraph-test5/data/GAC/01_af2_new/GAC.AF2rank32.pdb,/home/wms/AF2-test/AF2-CatGraph-test5/data/GAC/01_af2_new/GAC.AF2rank32.pdb,/home/wms/AF2-test/AF2-CatGraph-test5/data/GAC/01_af2/5D3O.31.pdb,manifest_exact,source_if_available,source,/home/wms/AF2-test/AF2-CatGraph-test5/data/GAC/01_af2/5D3O.31.pdb,manifest_exact,,,
33,,33,GAC,GAC_AF2_0033,GAC.AF2rank33,GAC.AF2rank33.pdb,/home/wms/AF2-test/AF2-CatGraph-test5/data/GAC/01_af2_new/GAC.AF2rank33.pdb,/home/wms/AF2-test/AF2-CatGraph-test5/data/GAC/01_af2_new/GAC.AF2rank33.pdb,/home/wms/AF2-test/AF2-CatGraph-test5/data/GAC/01_af2/5D3O.32.pdb,manifest_exact,source_if_available,source,/home/wms/AF2-test/AF2-CatGraph-test5/data/GAC/01_af2/5D3O.32.pdb,manifest_exact,,,
34,,34,GAC,GAC_AF2_0034,GAC.AF2rank34,GAC.AF2rank34.pdb,/home/wms/AF2-test/AF2-CatGraph-test5/data/GAC/01_af2_new/GAC.AF2rank34.pdb,/home/wms/AF2-test/AF2-CatGraph-test5/data/GAC/01_af2_new/GAC.AF2rank34.pdb,/home/wms/AF2-test/AF2-CatGraph-test5/data/GAC/01_af2/5D3O.33.pdb,manifest_exact,source_if_available,source,/home/wms/AF2-test/AF2-CatGraph-test5/data/GAC/01_af2/5D3O.33.pdb,manifest_exact,,,
35,,35,GAC,GAC_AF2_0035,GAC.AF2rank35,GAC.AF2rank35.pdb,/home/wms/AF2-test/AF2-CatGraph-test5/data/GAC/01_af2_new/GAC.AF2rank35.pdb,/home/wms/AF2-test/AF2-CatGraph-test5/data/GAC/01_af2_new/GAC.AF2rank35.pdb,/home/wms/AF2-test/AF2-CatGraph-test5/data/GAC/01_af2/5D3O.34.pdb,manifest_exact,source_if_available,source,/home/wms/AF2-test/AF2-CatGraph-test5/data/GAC/01_af2/5D3O.34.pdb,manifest_exact,,,
36,,36,GAC,GAC_AF2_0036,GAC.AF2rank36,GAC.AF2rank36.pdb,/home/wms/AF2-test/AF2-CatGraph-test5/data/GAC/01_af2_new/GAC.AF2rank36.pdb,/home/wms/AF2-test/AF2-CatGraph-test5/data/GAC/01_af2_new/GAC.AF2rank36.pdb,/home/wms/AF2-test/AF2-CatGraph-test5/data/GAC/01_af2/5D3O.35.pdb,manifest_exact,source_if_available,source,/home/wms/AF2-test/AF2-CatGraph-test5/data/GAC/01_af2/5D3O.35.pdb,manifest_exact,,,
37,,37,GAC,GAC_AF2_0037,GAC.AF2rank37,GAC.AF2rank37.pdb,/home/wms/AF2-test/AF2-CatGraph-test5/data/GAC/01_af2_new/GAC.AF2rank37.pdb,/home/wms/AF2-test/AF2-CatGraph-test5/data/GAC/01_af2_new/GAC.AF2rank37.pdb,/home/wms/AF2-test/AF2-CatGraph-test5/data/GAC/01_af2/5D3O.36.pdb,manifest_exact,source_if_available,source,/home/wms/AF2-test/AF2-CatGraph-test5/data/GAC/01_af2/5D3O.36.pdb,manifest_exact,,,
38,,38,GAC,GAC_AF2_0038,GAC.AF2rank38,GAC.AF2rank38.pdb,/home/wms/AF2-test/AF2-CatGraph-test5/data/GAC/01_af2_new/GAC.AF2rank38.pdb,/home/wms/AF2-test/AF2-CatGraph-test5/data/GAC/01_af2_new/GAC.AF2rank38.pdb,/home/wms/AF2-test/AF2-CatGraph-test5/data/GAC/01_af2/5D3O.37.pdb,manifest_exact,source_if_available,source,/home/wms/AF2-test/AF2-CatGraph-test5/data/GAC/01_af2/5D3O.37.pdb,manifest_exact,,,
39,,39,GAC,GAC_AF2_0039,GAC.AF2rank39,GAC.AF2rank39.pdb,/home/wms/AF2-test/AF2-CatGraph-test5/data/GAC/01_af2_new/GAC.AF2rank39.pdb,/home/wms/AF2-test/AF2-CatGraph-test5/data/GAC/01_af2_new/GAC.AF2rank39.pdb,/home/wms/AF2-test/AF2-CatGraph-test5/data/GAC/01_af2/5D3O.38.pdb,manifest_exact,source_if_available,source,/home/wms/AF2-test/AF2-CatGraph-test5/data/GAC/01_af2/5D3O.38.pdb,manifest_exact,,,
40,,40,GAC,GAC_AF2_0040,GAC.AF2rank40,GAC.AF2rank40.pdb,/home/wms/AF2-test/AF2-CatGraph-test5/data/GAC/01_af2_new/GAC.AF2rank40.pdb,/home/wms/AF2-test/AF2-CatGraph-test5/data/GAC/01_af2_new/GAC.AF2rank40.pdb,/home/wms/AF2-test/AF2-CatGraph-test5/data/GAC/01_af2/5D3O.39.pdb,manifest_exact,source_if_available,source,/home/wms/AF2-test/AF2-CatGraph-test5/data/GAC/01_af2/5D3O.39.pdb,manifest_exact,,,
41,,41,GAC,GAC_AF2_0041,GAC.AF2rank41,GAC.AF2rank41.pdb,/home/wms/AF2-test/AF2-CatGraph-test5/data/GAC/01_af2_new/GAC.AF2rank41.pdb,/home/wms/AF2-test/AF2-CatGraph-test5/data/GAC/01_af2_new/GAC.AF2rank41.pdb,/home/wms/AF2-test/AF2-CatGraph-test5/data/GAC/01_af2/5D3O.40.pdb,manifest_exact,source_if_available,source,/home/wms/AF2-test/AF2-CatGraph-test5/data/GAC/01_af2/5D3O.40.pdb,manifest_exact,,,
42,,42,GAC,GAC_AF2_0042,GAC.AF2rank42,GAC.AF2rank42.pdb,/home/wms/AF2-test/AF2-CatGraph-test5/data/GAC/01_af2_new/GAC.AF2rank42.pdb,/home/wms/AF2-test/AF2-CatGraph-test5/data/GAC/01_af2_new/GAC.AF2rank42.pdb,/home/wms/AF2-test/AF2-CatGraph-test5/data/GAC/01_af2/5D3O.41.pdb,manifest_exact,source_if_available,source,/home/wms/AF2-test/AF2-CatGraph-test5/data/GAC/01_af2/5D3O.41.pdb,manifest_exact,,,
43,,43,GAC,GAC_AF2_0043,GAC.AF2rank43,GAC.AF2rank43.pdb,/home/wms/AF2-test/AF2-CatGraph-test5/data/GAC/01_af2_new/GAC.AF2rank43.pdb,/home/wms/AF2-test/AF2-CatGraph-test5/data/GAC/01_af2_new/GAC.AF2rank43.pdb,/home/wms/AF2-test/AF2-CatGraph-test5/data/GAC/01_af2/5D3O.42.pdb,manifest_exact,source_if_available,source,/home/wms/AF2-test/AF2-CatGraph-test5/data/GAC/01_af2/5D3O.42.pdb,manifest_exact,,,
44,,44,GAC,GAC_AF2_0044,GAC.AF2rank44,GAC.AF2rank44.pdb,/home/wms/AF2-test/AF2-CatGraph-test5/data/GAC/01_af2_new/GAC.AF2rank44.pdb,/home/wms/AF2-test/AF2-CatGraph-test5/data/GAC/01_af2_new/GAC.AF2rank44.pdb,/home/wms/AF2-test/AF2-CatGraph-test5/data/GAC/01_af2/5D3O.43.pdb,manifest_exact,source_if_available,source,/home/wms/AF2-test/AF2-CatGraph-test5/data/GAC/01_af2/5D3O.43.pdb,manifest_exact,,,
45,,45,GAC,GAC_AF2_0045,GAC.AF2rank45,GAC.AF2rank45.pdb,/home/wms/AF2-test/AF2-CatGraph-test5/data/GAC/01_af2_new/GAC.AF2rank45.pdb,/home/wms/AF2-test/AF2-CatGraph-test5/data/GAC/01_af2_new/GAC.AF2rank45.pdb,/home/wms/AF2-test/AF2-CatGraph-test5/data/GAC/01_af2/5D3O.44.pdb,manifest_exact,source_if_available,source,/home/wms/AF2-test/AF2-CatGraph-test5/data/GAC/01_af2/5D3O.44.pdb,manifest_exact,,,
46,,46,GAC,GAC_AF2_0046,GAC.AF2rank46,GAC.AF2rank46.pdb,/home/wms/AF2-test/AF2-CatGraph-test5/data/GAC/01_af2_new/GAC.AF2rank46.pdb,/home/wms/AF2-test/AF2-CatGraph-test5/data/GAC/01_af2_new/GAC.AF2rank46.pdb,/home/wms/AF2-test/AF2-CatGraph-test5/data/GAC/01_af2/5D3O.45.pdb,manifest_exact,source_if_available,source,/home/wms/AF2-test/AF2-CatGraph-test5/data/GAC/01_af2/5D3O.45.pdb,manifest_exact,,,
47,,47,GAC,GAC_AF2_0047,GAC.AF2rank47,GAC.AF2rank47.pdb,/home/wms/AF2-test/AF2-CatGraph-test5/data/GAC/01_af2_new/GAC.AF2rank47.pdb,/home/wms/AF2-test/AF2-CatGraph-test5/data/GAC/01_af2_new/GAC.AF2rank47.pdb,/home/wms/AF2-test/AF2-CatGraph-test5/data/GAC/01_af2/5D3O.46.pdb,manifest_exact,source_if_available,source,/home/wms/AF2-test/AF2-CatGraph-test5/data/GAC/01_af2/5D3O.46.pdb,manifest_exact,,,
48,,48,GAC,GAC_AF2_0048,GAC.AF2rank48,GAC.AF2rank48.pdb,/home/wms/AF2-test/AF2-CatGraph-test5/data/GAC/01_af2_new/GAC.AF2rank48.pdb,/home/wms/AF2-test/AF2-CatGraph-test5/data/GAC/01_af2_new/GAC.AF2rank48.pdb,/home/wms/AF2-test/AF2-CatGraph-test5/data/GAC/01_af2/5D3O.47.pdb,manifest_exact,source_if_available,source,/home/wms/AF2-test/AF2-CatGraph-test5/data/GAC/01_af2/5D3O.47.pdb,manifest_exact,,,
49,,49,GAC,GAC_AF2_0049,GAC.AF2rank49,GAC.AF2rank49.pdb,/home/wms/AF2-test/AF2-CatGraph-test5/data/GAC/01_af2_new/GAC.AF2rank49.pdb,/home/wms/AF2-test/AF2-CatGraph-test5/data/GAC/01_af2_new/GAC.AF2rank49.pdb,/home/wms/AF2-test/AF2-CatGraph-test5/data/GAC/01_af2/5D3O.48.pdb,manifest_exact,source_if_available,source,/home/wms/AF2-test/AF2-CatGraph-test5/data/GAC/01_af2/5D3O.48.pdb,manifest_exact,,,
50,,50,GAC,GAC_AF2_0050,GAC.AF2rank50,GAC.AF2rank50.pdb,/home/wms/AF2-test/AF2-CatGraph-test5/data/GAC/01_af2_new/GAC.AF2rank50.pdb,/home/wms/AF2-test/AF2-CatGraph-test5/data/GAC/01_af2_new/GAC.AF2rank50.pdb,/home/wms/AF2-test/AF2-CatGraph-test5/data/GAC/01_af2/5D3O.49.pdb,manifest_exact,source_if_available,source,/home/wms/AF2-test/AF2-CatGraph-test5/data/GAC/01_af2/5D3O.49.pdb,manifest_exact,,,
51,,51,GAC,GAC_AF2_0051,GAC.AF2rank51,GAC.AF2rank51.pdb,/home/wms/AF2-test/AF2-CatGraph-test5/data/GAC/01_af2_new/GAC.AF2rank51.pdb,/home/wms/AF2-test/AF2-CatGraph-test5/data/GAC/01_af2_new/GAC.AF2rank51.pdb,/home/wms/AF2-test/AF2-CatGraph-test5/data/GAC/01_af2/5D3O.50.pdb,manifest_exact,source_if_available,source,/home/wms/AF2-test/AF2-CatGraph-test5/data/GAC/01_af2/5D3O.50.pdb,manifest_exact,,,
52,,52,GAC,GAC_AF2_0052,GAC.AF2rank52,GAC.AF2rank52.pdb,/home/wms/AF2-test/AF2-CatGraph-test5/data/GAC/01_af2_new/GAC.AF2rank52.pdb,/home/wms/AF2-test/AF2-CatGraph-test5/data/GAC/01_af2_new/GAC.AF2rank52.pdb,/home/wms/AF2-test/AF2-CatGraph-test5/data/GAC/01_af2/5D3O.51.pdb,manifest_exact,source_if_available,source,/home/wms/AF2-test/AF2-CatGraph-test5/data/GAC/01_af2/5D3O.51.pdb,manifest_exact,,,
53,,53,GAC,GAC_AF2_0053,GAC.AF2rank53,GAC.AF2rank53.pdb,/home/wms/AF2-test/AF2-CatGraph-test5/data/GAC/01_af2_new/GAC.AF2rank53.pdb,/home/wms/AF2-test/AF2-CatGraph-test5/data/GAC/01_af2_new/GAC.AF2rank53.pdb,/home/wms/AF2-test/AF2-CatGraph-test5/data/GAC/01_af2/5D3O.52.pdb,manifest_exact,source_if_available,source,/home/wms/AF2-test/AF2-CatGraph-test5/data/GAC/01_af2/5D3O.52.pdb,manifest_exact,,,
54,,54,GAC,GAC_AF2_0054,GAC.AF2rank54,GAC.AF2rank54.pdb,/home/wms/AF2-test/AF2-CatGraph-test5/data/GAC/01_af2_new/GAC.AF2rank54.pdb,/home/wms/AF2-test/AF2-CatGraph-test5/data/GAC/01_af2_new/GAC.AF2rank54.pdb,/home/wms/AF2-test/AF2-CatGraph-test5/data/GAC/01_af2/5D3O.53.pdb,manifest_exact,source_if_available,source,/home/wms/AF2-test/AF2-CatGraph-test5/data/GAC/01_af2/5D3O.53.pdb,manifest_exact,,,
55,,55,GAC,GAC_AF2_0055,GAC.AF2rank55,GAC.AF2rank55.pdb,/home/wms/AF2-test/AF2-CatGraph-test5/data/GAC/01_af2_new/GAC.AF2rank55.pdb,/home/wms/AF2-test/AF2-CatGraph-test5/data/GAC/01_af2_new/GAC.AF2rank55.pdb,/home/wms/AF2-test/AF2-CatGraph-test5/data/GAC/01_af2/5D3O.54.pdb,manifest_exact,source_if_available,source,/home/wms/AF2-test/AF2-CatGraph-test5/data/GAC/01_af2/5D3O.54.pdb,manifest_exact,,,
56,,56,GAC,GAC_AF2_0056,GAC.AF2rank56,GAC.AF2rank56.pdb,/home/wms/AF2-test/AF2-CatGraph-test5/data/GAC/01_af2_new/GAC.AF2rank56.pdb,/home/wms/AF2-test/AF2-CatGraph-test5/data/GAC/01_af2_new/GAC.AF2rank56.pdb,/home/wms/AF2-test/AF2-CatGraph-test5/data/GAC/01_af2/5D3O.55.pdb,manifest_exact,source_if_available,source,/home/wms/AF2-test/AF2-CatGraph-test5/data/GAC/01_af2/5D3O.55.pdb,manifest_exact,,,
57,,57,GAC,GAC_AF2_0057,GAC.AF2rank57,GAC.AF2rank57.pdb,/home/wms/AF2-test/AF2-CatGraph-test5/data/GAC/01_af2_new/GAC.AF2rank57.pdb,/home/wms/AF2-test/AF2-CatGraph-test5/data/GAC/01_af2_new/GAC.AF2rank57.pdb,/home/wms/AF2-test/AF2-CatGraph-test5/data/GAC/01_af2/5D3O.56.pdb,manifest_exact,source_if_available,source,/home/wms/AF2-test/AF2-CatGraph-test5/data/GAC/01_af2/5D3O.56.pdb,manifest_exact,,,
58,,58,GAC,GAC_AF2_0058,GAC.AF2rank58,GAC.AF2rank58.pdb,/home/wms/AF2-test/AF2-CatGraph-test5/data/GAC/01_af2_new/GAC.AF2rank58.pdb,/home/wms/AF2-test/AF2-CatGraph-test5/data/GAC/01_af2_new/GAC.AF2rank58.pdb,/home/wms/AF2-test/AF2-CatGraph-test5/data/GAC/01_af2/5D3O.57.pdb,manifest_exact,source_if_available,source,/home/wms/AF2-test/AF2-CatGraph-test5/data/GAC/01_af2/5D3O.57.pdb,manifest_exact,,,
59,,59,GAC,GAC_AF2_0059,GAC.AF2rank59,GAC.AF2rank59.pdb,/home/wms/AF2-test/AF2-CatGraph-test5/data/GAC/01_af2_new/GAC.AF2rank59.pdb,/home/wms/AF2-test/AF2-CatGraph-test5/data/GAC/01_af2_new/GAC.AF2rank59.pdb,/home/wms/AF2-test/AF2-CatGraph-test5/data/GAC/01_af2/5D3O.58.pdb,manifest_exact,source_if_available,source,/home/wms/AF2-test/AF2-CatGraph-test5/data/GAC/01_af2/5D3O.58.pdb,manifest_exact,,,
60,,60,GAC,GAC_AF2_0060,GAC.AF2rank60,GAC.AF2rank60.pdb,/home/wms/AF2-test/AF2-CatGraph-test5/data/GAC/01_af2_new/GAC.AF2rank60.pdb,/home/wms/AF2-test/AF2-CatGraph-test5/data/GAC/01_af2_new/GAC.AF2rank60.pdb,/home/wms/AF2-test/AF2-CatGraph-test5/data/GAC/01_af2/5D3O.59.pdb,manifest_exact,source_if_available,source,/home/wms/AF2-test/AF2-CatGraph-test5/data/GAC/01_af2/5D3O.59.pdb,manifest_exact,,,
61,,61,GAC,GAC_AF2_0061,GAC.AF2rank61,GAC.AF2rank61.pdb,/home/wms/AF2-test/AF2-CatGraph-test5/data/GAC/01_af2_new/GAC.AF2rank61.pdb,/home/wms/AF2-test/AF2-CatGraph-test5/data/GAC/01_af2_new/GAC.AF2rank61.pdb,/home/wms/AF2-test/AF2-CatGraph-test5/data/GAC/01_af2/5D3O.60.pdb,manifest_exact,source_if_available,source,/home/wms/AF2-test/AF2-CatGraph-test5/data/GAC/01_af2/5D3O.60.pdb,manifest_exact,,,
62,,62,GAC,GAC_AF2_0062,GAC.AF2rank62,GAC.AF2rank62.pdb,/home/wms/AF2-test/AF2-CatGraph-test5/data/GAC/01_af2_new/GAC.AF2rank62.pdb,/home/wms/AF2-test/AF2-CatGraph-test5/data/GAC/01_af2_new/GAC.AF2rank62.pdb,/home/wms/AF2-test/AF2-CatGraph-test5/data/GAC/01_af2/5D3O.61.pdb,manifest_exact,source_if_available,source,/home/wms/AF2-test/AF2-CatGraph-test5/data/GAC/01_af2/5D3O.61.pdb,manifest_exact,,,
63,,63,GAC,GAC_AF2_0063,GAC.AF2rank63,GAC.AF2rank63.pdb,/home/wms/AF2-test/AF2-CatGraph-test5/data/GAC/01_af2_new/GAC.AF2rank63.pdb,/home/wms/AF2-test/AF2-CatGraph-test5/data/GAC/01_af2_new/GAC.AF2rank63.pdb,/home/wms/AF2-test/AF2-CatGraph-test5/data/GAC/01_af2/5D3O.62.pdb,manifest_exact,source_if_available,source,/home/wms/AF2-test/AF2-CatGraph-test5/data/GAC/01_af2/5D3O.62.pdb,manifest_exact,,,
64,,64,GAC,GAC_AF2_0064,GAC.AF2rank64,GAC.AF2rank64.pdb,/home/wms/AF2-test/AF2-CatGraph-test5/data/GAC/01_af2_new/GAC.AF2rank64.pdb,/home/wms/AF2-test/AF2-CatGraph-test5/data/GAC/01_af2_new/GAC.AF2rank64.pdb,/home/wms/AF2-test/AF2-CatGraph-test5/data/GAC/01_af2/5D3O.63.pdb,manifest_exact,source_if_available,source,/home/wms/AF2-test/AF2-CatGraph-test5/data/GAC/01_af2/5D3O.63.pdb,manifest_exact,,,
65,,65,GAC,GAC_AF2_0065,GAC.AF2rank65,GAC.AF2rank65.pdb,/home/wms/AF2-test/AF2-CatGraph-test5/data/GAC/01_af2_new/GAC.AF2rank65.pdb,/home/wms/AF2-test/AF2-CatGraph-test5/data/GAC/01_af2_new/GAC.AF2rank65.pdb,/home/wms/AF2-test/AF2-CatGraph-test5/data/GAC/01_af2/5D3O.64.pdb,manifest_exact,source_if_available,source,/home/wms/AF2-test/AF2-CatGraph-test5/data/GAC/01_af2/5D3O.64.pdb,manifest_exact,,,
66,,66,GAC,GAC_AF2_0066,GAC.AF2rank66,GAC.AF2rank66.pdb,/home/wms/AF2-test/AF2-CatGraph-test5/data/GAC/01_af2_new/GAC.AF2rank66.pdb,/home/wms/AF2-test/AF2-CatGraph-test5/data/GAC/01_af2_new/GAC.AF2rank66.pdb,/home/wms/AF2-test/AF2-CatGraph-test5/data/GAC/01_af2/5D3O.65.pdb,manifest_exact,source_if_available,source,/home/wms/AF2-test/AF2-CatGraph-test5/data/GAC/01_af2/5D3O.65.pdb,manifest_exact,,,
67,,67,GAC,GAC_AF2_0067,GAC.AF2rank67,GAC.AF2rank67.pdb,/home/wms/AF2-test/AF2-CatGraph-test5/data/GAC/01_af2_new/GAC.AF2rank67.pdb,/home/wms/AF2-test/AF2-CatGraph-test5/data/GAC/01_af2_new/GAC.AF2rank67.pdb,/home/wms/AF2-test/AF2-CatGraph-test5/data/GAC/01_af2/5D3O.66.pdb,manifest_exact,source_if_available,source,/home/wms/AF2-test/AF2-CatGraph-test5/data/GAC/01_af2/5D3O.66.pdb,manifest_exact,,,
68,,68,GAC,GAC_AF2_0068,GAC.AF2rank68,GAC.AF2rank68.pdb,/home/wms/AF2-test/AF2-CatGraph-test5/data/GAC/01_af2_new/GAC.AF2rank68.pdb,/home/wms/AF2-test/AF2-CatGraph-test5/data/GAC/01_af2_new/GAC.AF2rank68.pdb,/home/wms/AF2-test/AF2-CatGraph-test5/data/GAC/01_af2/5D3O.67.pdb,manifest_exact,source_if_available,source,/home/wms/AF2-test/AF2-CatGraph-test5/data/GAC/01_af2/5D3O.67.pdb,manifest_exact,,,
69,,69,GAC,GAC_AF2_0069,GAC.AF2rank69,GAC.AF2rank69.pdb,/home/wms/AF2-test/AF2-CatGraph-test5/data/GAC/01_af2_new/GAC.AF2rank69.pdb,/home/wms/AF2-test/AF2-CatGraph-test5/data/GAC/01_af2_new/GAC.AF2rank69.pdb,/home/wms/AF2-test/AF2-CatGraph-test5/data/GAC/01_af2/5D3O.68.pdb,manifest_exact,source_if_available,source,/home/wms/AF2-test/AF2-CatGraph-test5/data/GAC/01_af2/5D3O.68.pdb,manifest_exact,,,
70,,70,GAC,GAC_AF2_0070,GAC.AF2rank70,GAC.AF2rank70.pdb,/home/wms/AF2-test/AF2-CatGraph-test5/data/GAC/01_af2_new/GAC.AF2rank70.pdb,/home/wms/AF2-test/AF2-CatGraph-test5/data/GAC/01_af2_new/GAC.AF2rank70.pdb,/home/wms/AF2-test/AF2-CatGraph-test5/data/GAC/01_af2/5D3O.69.pdb,manifest_exact,source_if_available,source,/home/wms/AF2-test/AF2-CatGraph-test5/data/GAC/01_af2/5D3O.69.pdb,manifest_exact,,,
71,,71,GAC,GAC_AF2_0071,GAC.AF2rank71,GAC.AF2rank71.pdb,/home/wms/AF2-test/AF2-CatGraph-test5/data/GAC/01_af2_new/GAC.AF2rank71.pdb,/home/wms/AF2-test/AF2-CatGraph-test5/data/GAC/01_af2_new/GAC.AF2rank71.pdb,/home/wms/AF2-test/AF2-CatGraph-test5/data/GAC/01_af2/5D3O.70.pdb,manifest_exact,source_if_available,source,/home/wms/AF2-test/AF2-CatGraph-test5/data/GAC/01_af2/5D3O.70.pdb,manifest_exact,,,
72,,72,GAC,GAC_AF2_0072,GAC.AF2rank72,GAC.AF2rank72.pdb,/home/wms/AF2-test/AF2-CatGraph-test5/data/GAC/01_af2_new/GAC.AF2rank72.pdb,/home/wms/AF2-test/AF2-CatGraph-test5/data/GAC/01_af2_new/GAC.AF2rank72.pdb,/home/wms/AF2-test/AF2-CatGraph-test5/data/GAC/01_af2/5D3O.71.pdb,manifest_exact,source_if_available,source,/home/wms/AF2-test/AF2-CatGraph-test5/data/GAC/01_af2/5D3O.71.pdb,manifest_exact,,,
73,,73,GAC,GAC_AF2_0073,GAC.AF2rank73,GAC.AF2rank73.pdb,/home/wms/AF2-test/AF2-CatGraph-test5/data/GAC/01_af2_new/GAC.AF2rank73.pdb,/home/wms/AF2-test/AF2-CatGraph-test5/data/GAC/01_af2_new/GAC.AF2rank73.pdb,/home/wms/AF2-test/AF2-CatGraph-test5/data/GAC/01_af2/5D3O.72.pdb,manifest_exact,source_if_available,source,/home/wms/AF2-test/AF2-CatGraph-test5/data/GAC/01_af2/5D3O.72.pdb,manifest_exact,,,
74,,74,GAC,GAC_AF2_0074,GAC.AF2rank74,GAC.AF2rank74.pdb,/home/wms/AF2-test/AF2-CatGraph-test5/data/GAC/01_af2_new/GAC.AF2rank74.pdb,/home/wms/AF2-test/AF2-CatGraph-test5/data/GAC/01_af2_new/GAC.AF2rank74.pdb,/home/wms/AF2-test/AF2-CatGraph-test5/data/GAC/01_af2/5D3O.73.pdb,manifest_exact,source_if_available,source,/home/wms/AF2-test/AF2-CatGraph-test5/data/GAC/01_af2/5D3O.73.pdb,manifest_exact,,,
75,,75,GAC,GAC_AF2_0075,GAC.AF2rank75,GAC.AF2rank75.pdb,/home/wms/AF2-test/AF2-CatGraph-test5/data/GAC/01_af2_new/GAC.AF2rank75.pdb,/home/wms/AF2-test/AF2-CatGraph-test5/data/GAC/01_af2_new/GAC.AF2rank75.pdb,/home/wms/AF2-test/AF2-CatGraph-test5/data/GAC/01_af2/5D3O.74.pdb,manifest_exact,source_if_available,source,/home/wms/AF2-test/AF2-CatGraph-test5/data/GAC/01_af2/5D3O.74.pdb,manifest_exact,,,
76,,76,GAC,GAC_AF2_0076,GAC.AF2rank76,GAC.AF2rank76.pdb,/home/wms/AF2-test/AF2-CatGraph-test5/data/GAC/01_af2_new/GAC.AF2rank76.pdb,/home/wms/AF2-test/AF2-CatGraph-test5/data/GAC/01_af2_new/GAC.AF2rank76.pdb,/home/wms/AF2-test/AF2-CatGraph-test5/data/GAC/01_af2/5D3O.75.pdb,manifest_exact,source_if_available,source,/home/wms/AF2-test/AF2-CatGraph-test5/data/GAC/01_af2/5D3O.75.pdb,manifest_exact,,,
77,,77,GAC,GAC_AF2_0077,GAC.AF2rank77,GAC.AF2rank77.pdb,/home/wms/AF2-test/AF2-CatGraph-test5/data/GAC/01_af2_new/GAC.AF2rank77.pdb,/home/wms/AF2-test/AF2-CatGraph-test5/data/GAC/01_af2_new/GAC.AF2rank77.pdb,/home/wms/AF2-test/AF2-CatGraph-test5/data/GAC/01_af2/5D3O.76.pdb,manifest_exact,source_if_available,source,/home/wms/AF2-test/AF2-CatGraph-test5/data/GAC/01_af2/5D3O.76.pdb,manifest_exact,,,
78,,78,GAC,GAC_AF2_0078,GAC.AF2rank78,GAC.AF2rank78.pdb,/home/wms/AF2-test/AF2-CatGraph-test5/data/GAC/01_af2_new/GAC.AF2rank78.pdb,/home/wms/AF2-test/AF2-CatGraph-test5/data/GAC/01_af2_new/GAC.AF2rank78.pdb,/home/wms/AF2-test/AF2-CatGraph-test5/data/GAC/01_af2/5D3O.77.pdb,manifest_exact,source_if_available,source,/home/wms/AF2-test/AF2-CatGraph-test5/data/GAC/01_af2/5D3O.77.pdb,manifest_exact,,,
79,,79,GAC,GAC_AF2_0079,GAC.AF2rank79,GAC.AF2rank79.pdb,/home/wms/AF2-test/AF2-CatGraph-test5/data/GAC/01_af2_new/GAC.AF2rank79.pdb,/home/wms/AF2-test/AF2-CatGraph-test5/data/GAC/01_af2_new/GAC.AF2rank79.pdb,/home/wms/AF2-test/AF2-CatGraph-test5/data/GAC/01_af2/5D3O.78.pdb,manifest_exact,source_if_available,source,/home/wms/AF2-test/AF2-CatGraph-test5/data/GAC/01_af2/5D3O.78.pdb,manifest_exact,,,
80,,80,GAC,GAC_AF2_0080,GAC.AF2rank80,GAC.AF2rank80.pdb,/home/wms/AF2-test/AF2-CatGraph-test5/data/GAC/01_af2_new/GAC.AF2rank80.pdb,/home/wms/AF2-test/AF2-CatGraph-test5/data/GAC/01_af2_new/GAC.AF2rank80.pdb,/home/wms/AF2-test/AF2-CatGraph-test5/data/GAC/01_af2/5D3O.79.pdb,manifest_exact,source_if_available,source,/home/wms/AF2-test/AF2-CatGraph-test5/data/GAC/01_af2/5D3O.79.pdb,manifest_exact,,,
81,,81,GAC,GAC_AF2_0081,GAC.AF2rank81,GAC.AF2rank81.pdb,/home/wms/AF2-test/AF2-CatGraph-test5/data/GAC/01_af2_new/GAC.AF2rank81.pdb,/home/wms/AF2-test/AF2-CatGraph-test5/data/GAC/01_af2_new/GAC.AF2rank81.pdb,/home/wms/AF2-test/AF2-CatGraph-test5/data/GAC/01_af2/5D3O.80.pdb,manifest_exact,source_if_available,source,/home/wms/AF2-test/AF2-CatGraph-test5/data/GAC/01_af2/5D3O.80.pdb,manifest_exact,,,
82,,82,GAC,GAC_AF2_0082,GAC.AF2rank82,GAC.AF2rank82.pdb,/home/wms/AF2-test/AF2-CatGraph-test5/data/GAC/01_af2_new/GAC.AF2rank82.pdb,/home/wms/AF2-test/AF2-CatGraph-test5/data/GAC/01_af2_new/GAC.AF2rank82.pdb,/home/wms/AF2-test/AF2-CatGraph-test5/data/GAC/01_af2/5D3O.81.pdb,manifest_exact,source_if_available,source,/home/wms/AF2-test/AF2-CatGraph-test5/data/GAC/01_af2/5D3O.81.pdb,manifest_exact,,,
83,,83,GAC,GAC_AF2_0083,GAC.AF2rank83,GAC.AF2rank83.pdb,/home/wms/AF2-test/AF2-CatGraph-test5/data/GAC/01_af2_new/GAC.AF2rank83.pdb,/home/wms/AF2-test/AF2-CatGraph-test5/data/GAC/01_af2_new/GAC.AF2rank83.pdb,/home/wms/AF2-test/AF2-CatGraph-test5/data/GAC/01_af2/5D3O.82.pdb,manifest_exact,source_if_available,source,/home/wms/AF2-test/AF2-CatGraph-test5/data/GAC/01_af2/5D3O.82.pdb,manifest_exact,,,
84,,84,GAC,GAC_AF2_0084,GAC.AF2rank84,GAC.AF2rank84.pdb,/home/wms/AF2-test/AF2-CatGraph-test5/data/GAC/01_af2_new/GAC.AF2rank84.pdb,/home/wms/AF2-test/AF2-CatGraph-test5/data/GAC/01_af2_new/GAC.AF2rank84.pdb,/home/wms/AF2-test/AF2-CatGraph-test5/data/GAC/01_af2/5D3O.83.pdb,manifest_exact,source_if_available,source,/home/wms/AF2-test/AF2-CatGraph-test5/data/GAC/01_af2/5D3O.83.pdb,manifest_exact,,,
85,,85,GAC,GAC_AF2_0085,GAC.AF2rank85,GAC.AF2rank85.pdb,/home/wms/AF2-test/AF2-CatGraph-test5/data/GAC/01_af2_new/GAC.AF2rank85.pdb,/home/wms/AF2-test/AF2-CatGraph-test5/data/GAC/01_af2_new/GAC.AF2rank85.pdb,/home/wms/AF2-test/AF2-CatGraph-test5/data/GAC/01_af2/5D3O.84.pdb,manifest_exact,source_if_available,source,/home/wms/AF2-test/AF2-CatGraph-test5/data/GAC/01_af2/5D3O.84.pdb,manifest_exact,,,
86,,86,GAC,GAC_AF2_0086,GAC.AF2rank86,GAC.AF2rank86.pdb,/home/wms/AF2-test/AF2-CatGraph-test5/data/GAC/01_af2_new/GAC.AF2rank86.pdb,/home/wms/AF2-test/AF2-CatGraph-test5/data/GAC/01_af2_new/GAC.AF2rank86.pdb,/home/wms/AF2-test/AF2-CatGraph-test5/data/GAC/01_af2/5D3O.85.pdb,manifest_exact,source_if_available,source,/home/wms/AF2-test/AF2-CatGraph-test5/data/GAC/01_af2/5D3O.85.pdb,manifest_exact,,,
87,,87,GAC,GAC_AF2_0087,GAC.AF2rank87,GAC.AF2rank87.pdb,/home/wms/AF2-test/AF2-CatGraph-test5/data/GAC/01_af2_new/GAC.AF2rank87.pdb,/home/wms/AF2-test/AF2-CatGraph-test5/data/GAC/01_af2_new/GAC.AF2rank87.pdb,/home/wms/AF2-test/AF2-CatGraph-test5/data/GAC/01_af2/5D3O.86.pdb,manifest_exact,source_if_available,source,/home/wms/AF2-test/AF2-CatGraph-test5/data/GAC/01_af2/5D3O.86.pdb,manifest_exact,,,
88,,88,GAC,GAC_AF2_0088,GAC.AF2rank88,GAC.AF2rank88.pdb,/home/wms/AF2-test/AF2-CatGraph-test5/data/GAC/01_af2_new/GAC.AF2rank88.pdb,/home/wms/AF2-test/AF2-CatGraph-test5/data/GAC/01_af2_new/GAC.AF2rank88.pdb,/home/wms/AF2-test/AF2-CatGraph-test5/data/GAC/01_af2/5D3O.87.pdb,manifest_exact,source_if_available,source,/home/wms/AF2-test/AF2-CatGraph-test5/data/GAC/01_af2/5D3O.87.pdb,manifest_exact,,,
89,,89,GAC,GAC_AF2_0089,GAC.AF2rank89,GAC.AF2rank89.pdb,/home/wms/AF2-test/AF2-CatGraph-test5/data/GAC/01_af2_new/GAC.AF2rank89.pdb,/home/wms/AF2-test/AF2-CatGraph-test5/data/GAC/01_af2_new/GAC.AF2rank89.pdb,/home/wms/AF2-test/AF2-CatGraph-test5/data/GAC/01_af2/5D3O.88.pdb,manifest_exact,source_if_available,source,/home/wms/AF2-test/AF2-CatGraph-test5/data/GAC/01_af2/5D3O.88.pdb,manifest_exact,,,
90,,90,GAC,GAC_AF2_0090,GAC.AF2rank90,GAC.AF2rank90.pdb,/home/wms/AF2-test/AF2-CatGraph-test5/data/GAC/01_af2_new/GAC.AF2rank90.pdb,/home/wms/AF2-test/AF2-CatGraph-test5/data/GAC/01_af2_new/GAC.AF2rank90.pdb,/home/wms/AF2-test/AF2-CatGraph-test5/data/GAC/01_af2/5D3O.89.pdb,manifest_exact,source_if_available,source,/home/wms/AF2-test/AF2-CatGraph-test5/data/GAC/01_af2/5D3O.89.pdb,manifest_exact,,,
91,,91,GAC,GAC_AF2_0091,GAC.AF2rank91,GAC.AF2rank91.pdb,/home/wms/AF2-test/AF2-CatGraph-test5/data/GAC/01_af2_new/GAC.AF2rank91.pdb,/home/wms/AF2-test/AF2-CatGraph-test5/data/GAC/01_af2_new/GAC.AF2rank91.pdb,/home/wms/AF2-test/AF2-CatGraph-test5/data/GAC/01_af2/5D3O.90.pdb,manifest_exact,source_if_available,source,/home/wms/AF2-test/AF2-CatGraph-test5/data/GAC/01_af2/5D3O.90.pdb,manifest_exact,,,
92,,92,GAC,GAC_AF2_0092,GAC.AF2rank92,GAC.AF2rank92.pdb,/home/wms/AF2-test/AF2-CatGraph-test5/data/GAC/01_af2_new/GAC.AF2rank92.pdb,/home/wms/AF2-test/AF2-CatGraph-test5/data/GAC/01_af2_new/GAC.AF2rank92.pdb,/home/wms/AF2-test/AF2-CatGraph-test5/data/GAC/01_af2/5D3O.91.pdb,manifest_exact,source_if_available,source,/home/wms/AF2-test/AF2-CatGraph-test5/data/GAC/01_af2/5D3O.91.pdb,manifest_exact,,,
93,,93,GAC,GAC_AF2_0093,GAC.AF2rank93,GAC.AF2rank93.pdb,/home/wms/AF2-test/AF2-CatGraph-test5/data/GAC/01_af2_new/GAC.AF2rank93.pdb,/home/wms/AF2-test/AF2-CatGraph-test5/data/GAC/01_af2_new/GAC.AF2rank93.pdb,/home/wms/AF2-test/AF2-CatGraph-test5/data/GAC/01_af2/5D3O.92.pdb,manifest_exact,source_if_available,source,/home/wms/AF2-test/AF2-CatGraph-test5/data/GAC/01_af2/5D3O.92.pdb,manifest_exact,,,
94,,94,GAC,GAC_AF2_0094,GAC.AF2rank94,GAC.AF2rank94.pdb,/home/wms/AF2-test/AF2-CatGraph-test5/data/GAC/01_af2_new/GAC.AF2rank94.pdb,/home/wms/AF2-test/AF2-CatGraph-test5/data/GAC/01_af2_new/GAC.AF2rank94.pdb,/home/wms/AF2-test/AF2-CatGraph-test5/data/GAC/01_af2/5D3O.93.pdb,manifest_exact,source_if_available,source,/home/wms/AF2-test/AF2-CatGraph-test5/data/GAC/01_af2/5D3O.93.pdb,manifest_exact,,,
95,,95,GAC,GAC_AF2_0095,GAC.AF2rank95,GAC.AF2rank95.pdb,/home/wms/AF2-test/AF2-CatGraph-test5/data/GAC/01_af2_new/GAC.AF2rank95.pdb,/home/wms/AF2-test/AF2-CatGraph-test5/data/GAC/01_af2_new/GAC.AF2rank95.pdb,/home/wms/AF2-test/AF2-CatGraph-test5/data/GAC/01_af2/5D3O.94.pdb,manifest_exact,source_if_available,source,/home/wms/AF2-test/AF2-CatGraph-test5/data/GAC/01_af2/5D3O.94.pdb,manifest_exact,,,
96,,96,GAC,GAC_AF2_0096,GAC.AF2rank96,GAC.AF2rank96.pdb,/home/wms/AF2-test/AF2-CatGraph-test5/data/GAC/01_af2_new/GAC.AF2rank96.pdb,/home/wms/AF2-test/AF2-CatGraph-test5/data/GAC/01_af2_new/GAC.AF2rank96.pdb,/home/wms/AF2-test/AF2-CatGraph-test5/data/GAC/01_af2/5D3O.95.pdb,manifest_exact,source_if_available,source,/home/wms/AF2-test/AF2-CatGraph-test5/data/GAC/01_af2/5D3O.95.pdb,manifest_exact,,,
97,,97,GAC,GAC_AF2_0097,GAC.AF2rank97,GAC.AF2rank97.pdb,/home/wms/AF2-test/AF2-CatGraph-test5/data/GAC/01_af2_new/GAC.AF2rank97.pdb,/home/wms/AF2-test/AF2-CatGraph-test5/data/GAC/01_af2_new/GAC.AF2rank97.pdb,/home/wms/AF2-test/AF2-CatGraph-test5/data/GAC/01_af2/5D3O.96.pdb,manifest_exact,source_if_available,source,/home/wms/AF2-test/AF2-CatGraph-test5/data/GAC/01_af2/5D3O.96.pdb,manifest_exact,,,
98,,98,GAC,GAC_AF2_0098,GAC.AF2rank98,GAC.AF2rank98.pdb,/home/wms/AF2-test/AF2-CatGraph-test5/data/GAC/01_af2_new/GAC.AF2rank98.pdb,/home/wms/AF2-test/AF2-CatGraph-test5/data/GAC/01_af2_new/GAC.AF2rank98.pdb,/home/wms/AF2-test/AF2-CatGraph-test5/data/GAC/01_af2/5D3O.97.pdb,manifest_exact,source_if_available,source,/home/wms/AF2-test/AF2-CatGraph-test5/data/GAC/01_af2/5D3O.97.pdb,manifest_exact,,,
99,,99,GAC,GAC_AF2_0099,GAC.AF2rank99,GAC.AF2rank99.pdb,/home/wms/AF2-test/AF2-CatGraph-test5/data/GAC/01_af2_new/GAC.AF2rank99.pdb,/home/wms/AF2-test/AF2-CatGraph-test5/data/GAC/01_af2_new/GAC.AF2rank99.pdb,/home/wms/AF2-test/AF2-CatGraph-test5/data/GAC/01_af2/5D3O.98.pdb,manifest_exact,source_if_available,source,/home/wms/AF2-test/AF2-CatGraph-test5/data/GAC/01_af2/5D3O.98.pdb,manifest_exact,,,
100,,100,GAC,GAC_AF2_0100,GAC.AF2rank100,GAC.AF2rank100.pdb,/home/wms/AF2-test/AF2-CatGraph-test5/data/GAC/01_af2_new/GAC.AF2rank100.pdb,/home/wms/AF2-test/AF2-CatGraph-test5/data/GAC/01_af2_new/GAC.AF2rank100.pdb,/home/wms/AF2-test/AF2-CatGraph-test5/data/GAC/01_af2/5D3O.99.pdb,manifest_exact,source_if_available,source,/home/wms/AF2-test/AF2-CatGraph-test5/data/GAC/01_af2/5D3O.99.pdb,manifest_exact,,,
101,,101,GAC,GAC_AF2_0101,GAC.AF2rank101,GAC.AF2rank101.pdb,/home/wms/AF2-test/AF2-CatGraph-test5/data/GAC/01_af2_new/GAC.AF2rank101.pdb,/home/wms/AF2-test/AF2-CatGraph-test5/data/GAC/01_af2_new/GAC.AF2rank101.pdb,/home/wms/AF2-test/AF2-CatGraph-test5/data/GAC/01_af2/5D3O.100.pdb,manifest_exact,source_if_available,source,/home/wms/AF2-test/AF2-CatGraph-test5/data/GAC/01_af2/5D3O.100.pdb,manifest_exact,,,
102,,102,GAC,GAC_AF2_0102,GAC.AF2rank102,GAC.AF2rank102.pdb,/home/wms/AF2-test/AF2-CatGraph-test5/data/GAC/01_af2_new/GAC.AF2rank102.pdb,/home/wms/AF2-test/AF2-CatGraph-test5/data/GAC/01_af2_new/GAC.AF2rank102.pdb,/home/wms/AF2-test/AF2-CatGraph-test5/data/GAC/01_af2/5D3O.101.pdb,manifest_exact,source_if_available,source,/home/wms/AF2-test/AF2-CatGraph-test5/data/GAC/01_af2/5D3O.101.pdb,manifest_exact,,,
103,,103,GAC,GAC_AF2_0103,GAC.AF2rank103,GAC.AF2rank103.pdb,/home/wms/AF2-test/AF2-CatGraph-test5/data/GAC/01_af2_new/GAC.AF2rank103.pdb,/home/wms/AF2-test/AF2-CatGraph-test5/data/GAC/01_af2_new/GAC.AF2rank103.pdb,/home/wms/AF2-test/AF2-CatGraph-test5/data/GAC/01_af2/5D3O.102.pdb,manifest_exact,source_if_available,source,/home/wms/AF2-test/AF2-CatGraph-test5/data/GAC/01_af2/5D3O.102.pdb,manifest_exact,,,
104,,104,GAC,GAC_AF2_0104,GAC.AF2rank104,GAC.AF2rank104.pdb,/home/wms/AF2-test/AF2-CatGraph-test5/data/GAC/01_af2_new/GAC.AF2rank104.pdb,/home/wms/AF2-test/AF2-CatGraph-test5/data/GAC/01_af2_new/GAC.AF2rank104.pdb,/home/wms/AF2-test/AF2-CatGraph-test5/data/GAC/01_af2/5D3O.103.pdb,manifest_exact,source_if_available,source,/home/wms/AF2-test/AF2-CatGraph-test5/data/GAC/01_af2/5D3O.103.pdb,manifest_exact,,,
105,,105,GAC,GAC_AF2_0105,GAC.AF2rank105,GAC.AF2rank105.pdb,/home/wms/AF2-test/AF2-CatGraph-test5/data/GAC/01_af2_new/GAC.AF2rank105.pdb,/home/wms/AF2-test/AF2-CatGraph-test5/data/GAC/01_af2_new/GAC.AF2rank105.pdb,/home/wms/AF2-test/AF2-CatGraph-test5/data/GAC/01_af2/5D3O.104.pdb,manifest_exact,source_if_available,source,/home/wms/AF2-test/AF2-CatGraph-test5/data/GAC/01_af2/5D3O.104.pdb,manifest_exact,,,
106,,106,GAC,GAC_AF2_0106,GAC.AF2rank106,GAC.AF2rank106.pdb,/home/wms/AF2-test/AF2-CatGraph-test5/data/GAC/01_af2_new/GAC.AF2rank106.pdb,/home/wms/AF2-test/AF2-CatGraph-test5/data/GAC/01_af2_new/GAC.AF2rank106.pdb,/home/wms/AF2-test/AF2-CatGraph-test5/data/GAC/01_af2/5D3O.105.pdb,manifest_exact,source_if_available,source,/home/wms/AF2-test/AF2-CatGraph-test5/data/GAC/01_af2/5D3O.105.pdb,manifest_exact,,,
107,,107,GAC,GAC_AF2_0107,GAC.AF2rank107,GAC.AF2rank107.pdb,/home/wms/AF2-test/AF2-CatGraph-test5/data/GAC/01_af2_new/GAC.AF2rank107.pdb,/home/wms/AF2-test/AF2-CatGraph-test5/data/GAC/01_af2_new/GAC.AF2rank107.pdb,/home/wms/AF2-test/AF2-CatGraph-test5/data/GAC/01_af2/5D3O.106.pdb,manifest_exact,source_if_available,source,/home/wms/AF2-test/AF2-CatGraph-test5/data/GAC/01_af2/5D3O.106.pdb,manifest_exact,,,
108,,108,GAC,GAC_AF2_0108,GAC.AF2rank108,GAC.AF2rank108.pdb,/home/wms/AF2-test/AF2-CatGraph-test5/data/GAC/01_af2_new/GAC.AF2rank108.pdb,/home/wms/AF2-test/AF2-CatGraph-test5/data/GAC/01_af2_new/GAC.AF2rank108.pdb,/home/wms/AF2-test/AF2-CatGraph-test5/data/GAC/01_af2/5D3O.107.pdb,manifest_exact,source_if_available,source,/home/wms/AF2-test/AF2-CatGraph-test5/data/GAC/01_af2/5D3O.107.pdb,manifest_exact,,,
109,,109,GAC,GAC_AF2_0109,GAC.AF2rank109,GAC.AF2rank109.pdb,/home/wms/AF2-test/AF2-CatGraph-test5/data/GAC/01_af2_new/GAC.AF2rank109.pdb,/home/wms/AF2-test/AF2-CatGraph-test5/data/GAC/01_af2_new/GAC.AF2rank109.pdb,/home/wms/AF2-test/AF2-CatGraph-test5/data/GAC/01_af2/5D3O.108.pdb,manifest_exact,source_if_available,source,/home/wms/AF2-test/AF2-CatGraph-test5/data/GAC/01_af2/5D3O.108.pdb,manifest_exact,,,
110,,110,GAC,GAC_AF2_0110,GAC.AF2rank110,GAC.AF2rank110.pdb,/home/wms/AF2-test/AF2-CatGraph-test5/data/GAC/01_af2_new/GAC.AF2rank110.pdb,/home/wms/AF2-test/AF2-CatGraph-test5/data/GAC/01_af2_new/GAC.AF2rank110.pdb,/home/wms/AF2-test/AF2-CatGraph-test5/data/GAC/01_af2/5D3O.109.pdb,manifest_exact,source_if_available,source,/home/wms/AF2-test/AF2-CatGraph-test5/data/GAC/01_af2/5D3O.109.pdb,manifest_exact,,,
111,,111,GAC,GAC_AF2_0111,GAC.AF2rank111,GAC.AF2rank111.pdb,/home/wms/AF2-test/AF2-CatGraph-test5/data/GAC/01_af2_new/GAC.AF2rank111.pdb,/home/wms/AF2-test/AF2-CatGraph-test5/data/GAC/01_af2_new/GAC.AF2rank111.pdb,/home/wms/AF2-test/AF2-CatGraph-test5/data/GAC/01_af2/5D3O.110.pdb,manifest_exact,source_if_available,source,/home/wms/AF2-test/AF2-CatGraph-test5/data/GAC/01_af2/5D3O.110.pdb,manifest_exact,,,
112,,112,GAC,GAC_AF2_0112,GAC.AF2rank112,GAC.AF2rank112.pdb,/home/wms/AF2-test/AF2-CatGraph-test5/data/GAC/01_af2_new/GAC.AF2rank112.pdb,/home/wms/AF2-test/AF2-CatGraph-test5/data/GAC/01_af2_new/GAC.AF2rank112.pdb,/home/wms/AF2-test/AF2-CatGraph-test5/data/GAC/01_af2/5D3O.111.pdb,manifest_exact,source_if_available,source,/home/wms/AF2-test/AF2-CatGraph-test5/data/GAC/01_af2/5D3O.111.pdb,manifest_exact,,,
113,,113,GAC,GAC_AF2_0113,GAC.AF2rank113,GAC.AF2rank113.pdb,/home/wms/AF2-test/AF2-CatGraph-test5/data/GAC/01_af2_new/GAC.AF2rank113.pdb,/home/wms/AF2-test/AF2-CatGraph-test5/data/GAC/01_af2_new/GAC.AF2rank113.pdb,/home/wms/AF2-test/AF2-CatGraph-test5/data/GAC/01_af2/5D3O.112.pdb,manifest_exact,source_if_available,source,/home/wms/AF2-test/AF2-CatGraph-test5/data/GAC/01_af2/5D3O.112.pdb,manifest_exact,,,
114,,114,GAC,GAC_AF2_0114,GAC.AF2rank114,GAC.AF2rank114.pdb,/home/wms/AF2-test/AF2-CatGraph-test5/data/GAC/01_af2_new/GAC.AF2rank114.pdb,/home/wms/AF2-test/AF2-CatGraph-test5/data/GAC/01_af2_new/GAC.AF2rank114.pdb,/home/wms/AF2-test/AF2-CatGraph-test5/data/GAC/01_af2/5D3O.113.pdb,manifest_exact,source_if_available,source,/home/wms/AF2-test/AF2-CatGraph-test5/data/GAC/01_af2/5D3O.113.pdb,manifest_exact,,,
115,,115,GAC,GAC_AF2_0115,GAC.AF2rank115,GAC.AF2rank115.pdb,/home/wms/AF2-test/AF2-CatGraph-test5/data/GAC/01_af2_new/GAC.AF2rank115.pdb,/home/wms/AF2-test/AF2-CatGraph-test5/data/GAC/01_af2_new/GAC.AF2rank115.pdb,/home/wms/AF2-test/AF2-CatGraph-test5/data/GAC/01_af2/5D3O.114.pdb,manifest_exact,source_if_available,source,/home/wms/AF2-test/AF2-CatGraph-test5/data/GAC/01_af2/5D3O.114.pdb,manifest_exact,,,
116,,116,GAC,GAC_AF2_0116,GAC.AF2rank116,GAC.AF2rank116.pdb,/home/wms/AF2-test/AF2-CatGraph-test5/data/GAC/01_af2_new/GAC.AF2rank116.pdb,/home/wms/AF2-test/AF2-CatGraph-test5/data/GAC/01_af2_new/GAC.AF2rank116.pdb,/home/wms/AF2-test/AF2-CatGraph-test5/data/GAC/01_af2/5D3O.115.pdb,manifest_exact,source_if_available,source,/home/wms/AF2-test/AF2-CatGraph-test5/data/GAC/01_af2/5D3O.115.pdb,manifest_exact,,,
117,,117,GAC,GAC_AF2_0117,GAC.AF2rank117,GAC.AF2rank117.pdb,/home/wms/AF2-test/AF2-CatGraph-test5/data/GAC/01_af2_new/GAC.AF2rank117.pdb,/home/wms/AF2-test/AF2-CatGraph-test5/data/GAC/01_af2_new/GAC.AF2rank117.pdb,/home/wms/AF2-test/AF2-CatGraph-test5/data/GAC/01_af2/5D3O.116.pdb,manifest_exact,source_if_available,source,/home/wms/AF2-test/AF2-CatGraph-test5/data/GAC/01_af2/5D3O.116.pdb,manifest_exact,,,
118,,118,GAC,GAC_AF2_0118,GAC.AF2rank118,GAC.AF2rank118.pdb,/home/wms/AF2-test/AF2-CatGraph-test5/data/GAC/01_af2_new/GAC.AF2rank118.pdb,/home/wms/AF2-test/AF2-CatGraph-test5/data/GAC/01_af2_new/GAC.AF2rank118.pdb,/home/wms/AF2-test/AF2-CatGraph-test5/data/GAC/01_af2/5D3O.117.pdb,manifest_exact,source_if_available,source,/home/wms/AF2-test/AF2-CatGraph-test5/data/GAC/01_af2/5D3O.117.pdb,manifest_exact,,,
119,,119,GAC,GAC_AF2_0119,GAC.AF2rank119,GAC.AF2rank119.pdb,/home/wms/AF2-test/AF2-CatGraph-test5/data/GAC/01_af2_new/GAC.AF2rank119.pdb,/home/wms/AF2-test/AF2-CatGraph-test5/data/GAC/01_af2_new/GAC.AF2rank119.pdb,/home/wms/AF2-test/AF2-CatGraph-test5/data/GAC/01_af2/5D3O.118.pdb,manifest_exact,source_if_available,source,/home/wms/AF2-test/AF2-CatGraph-test5/data/GAC/01_af2/5D3O.118.pdb,manifest_exact,,,
120,,120,GAC,GAC_AF2_0120,GAC.AF2rank120,GAC.AF2rank120.pdb,/home/wms/AF2-test/AF2-CatGraph-test5/data/GAC/01_af2_new/GAC.AF2rank120.pdb,/home/wms/AF2-test/AF2-CatGraph-test5/data/GAC/01_af2_new/GAC.AF2rank120.pdb,/home/wms/AF2-test/AF2-CatGraph-test5/data/GAC/01_af2/5D3O.119.pdb,manifest_exact,source_if_available,source,/home/wms/AF2-test/AF2-CatGraph-test5/data/GAC/01_af2/5D3O.119.pdb,manifest_exact,,,
121,,121,GAC,GAC_AF2_0121,GAC.AF2rank121,GAC.AF2rank121.pdb,/home/wms/AF2-test/AF2-CatGraph-test5/data/GAC/01_af2_new/GAC.AF2rank121.pdb,/home/wms/AF2-test/AF2-CatGraph-test5/data/GAC/01_af2_new/GAC.AF2rank121.pdb,/home/wms/AF2-test/AF2-CatGraph-test5/data/GAC/01_af2/5D3O.120.pdb,manifest_exact,source_if_available,source,/home/wms/AF2-test/AF2-CatGraph-test5/data/GAC/01_af2/5D3O.120.pdb,manifest_exact,,,
122,,122,GAC,GAC_AF2_0122,GAC.AF2rank122,GAC.AF2rank122.pdb,/home/wms/AF2-test/AF2-CatGraph-test5/data/GAC/01_af2_new/GAC.AF2rank122.pdb,/home/wms/AF2-test/AF2-CatGraph-test5/data/GAC/01_af2_new/GAC.AF2rank122.pdb,/home/wms/AF2-test/AF2-CatGraph-test5/data/GAC/01_af2/5D3O.121.pdb,manifest_exact,source_if_available,source,/home/wms/AF2-test/AF2-CatGraph-test5/data/GAC/01_af2/5D3O.121.pdb,manifest_exact,,,
123,,123,GAC,GAC_AF2_0123,GAC.AF2rank123,GAC.AF2rank123.pdb,/home/wms/AF2-test/AF2-CatGraph-test5/data/GAC/01_af2_new/GAC.AF2rank123.pdb,/home/wms/AF2-test/AF2-CatGraph-test5/data/GAC/01_af2_new/GAC.AF2rank123.pdb,/home/wms/AF2-test/AF2-CatGraph-test5/data/GAC/01_af2/5D3O.122.pdb,manifest_exact,source_if_available,source,/home/wms/AF2-test/AF2-CatGraph-test5/data/GAC/01_af2/5D3O.122.pdb,manifest_exact,,,
124,,124,GAC,GAC_AF2_0124,GAC.AF2rank124,GAC.AF2rank124.pdb,/home/wms/AF2-test/AF2-CatGraph-test5/data/GAC/01_af2_new/GAC.AF2rank124.pdb,/home/wms/AF2-test/AF2-CatGraph-test5/data/GAC/01_af2_new/GAC.AF2rank124.pdb,/home/wms/AF2-test/AF2-CatGraph-test5/data/GAC/01_af2/5D3O.123.pdb,manifest_exact,source_if_available,source,/home/wms/AF2-test/AF2-CatGraph-test5/data/GAC/01_af2/5D3O.123.pdb,manifest_exact,,,
125,,125,GAC,GAC_AF2_0125,GAC.AF2rank125,GAC.AF2rank125.pdb,/home/wms/AF2-test/AF2-CatGraph-test5/data/GAC/01_af2_new/GAC.AF2rank125.pdb,/home/wms/AF2-test/AF2-CatGraph-test5/data/GAC/01_af2_new/GAC.AF2rank125.pdb,/home/wms/AF2-test/AF2-CatGraph-test5/data/GAC/01_af2/5D3O.124.pdb,manifest_exact,source_if_available,source,/home/wms/AF2-test/AF2-CatGraph-test5/data/GAC/01_af2/5D3O.124.pdb,manifest_exact,,,
126,,126,GAC,GAC_AF2_0126,GAC.AF2rank126,GAC.AF2rank126.pdb,/home/wms/AF2-test/AF2-CatGraph-test5/data/GAC/01_af2_new/GAC.AF2rank126.pdb,/home/wms/AF2-test/AF2-CatGraph-test5/data/GAC/01_af2_new/GAC.AF2rank126.pdb,/home/wms/AF2-test/AF2-CatGraph-test5/data/GAC/01_af2/5D3O.125.pdb,manifest_exact,source_if_available,source,/home/wms/AF2-test/AF2-CatGraph-test5/data/GAC/01_af2/5D3O.125.pdb,manifest_exact,,,
127,,127,GAC,GAC_AF2_0127,GAC.AF2rank127,GAC.AF2rank127.pdb,/home/wms/AF2-test/AF2-CatGraph-test5/data/GAC/01_af2_new/GAC.AF2rank127.pdb,/home/wms/AF2-test/AF2-CatGraph-test5/data/GAC/01_af2_new/GAC.AF2rank127.pdb,/home/wms/AF2-test/AF2-CatGraph-test5/data/GAC/01_af2/5D3O.126.pdb,manifest_exact,source_if_available,source,/home/wms/AF2-test/AF2-CatGraph-test5/data/GAC/01_af2/5D3O.126.pdb,manifest_exact,,,
128,,128,GAC,GAC_AF2_0128,GAC.AF2rank128,GAC.AF2rank128.pdb,/home/wms/AF2-test/AF2-CatGraph-test5/data/GAC/01_af2_new/GAC.AF2rank128.pdb,/home/wms/AF2-test/AF2-CatGraph-test5/data/GAC/01_af2_new/GAC.AF2rank128.pdb,/home/wms/AF2-test/AF2-CatGraph-test5/data/GAC/01_af2/5D3O.127.pdb,manifest_exact,source_if_available,source,/home/wms/AF2-test/AF2-CatGraph-test5/data/GAC/01_af2/5D3O.127.pdb,manifest_exact,,,
129,,129,GAC,GAC_AF2_0129,GAC.AF2rank129,GAC.AF2rank129.pdb,/home/wms/AF2-test/AF2-CatGraph-test5/data/GAC/01_af2_new/GAC.AF2rank129.pdb,/home/wms/AF2-test/AF2-CatGraph-test5/data/GAC/01_af2_new/GAC.AF2rank129.pdb,/home/wms/AF2-test/AF2-CatGraph-test5/data/GAC/01_af2/5D3O.128.pdb,manifest_exact,source_if_available,source,/home/wms/AF2-test/AF2-CatGraph-test5/data/GAC/01_af2/5D3O.128.pdb,manifest_exact,,,
130,,130,GAC,GAC_AF2_0130,GAC.AF2rank130,GAC.AF2rank130.pdb,/home/wms/AF2-test/AF2-CatGraph-test5/data/GAC/01_af2_new/GAC.AF2rank130.pdb,/home/wms/AF2-test/AF2-CatGraph-test5/data/GAC/01_af2_new/GAC.AF2rank130.pdb,/home/wms/AF2-test/AF2-CatGraph-test5/data/GAC/01_af2/5D3O.129.pdb,manifest_exact,source_if_available,source,/home/wms/AF2-test/AF2-CatGraph-test5/data/GAC/01_af2/5D3O.129.pdb,manifest_exact,,,
131,,131,GAC,GAC_AF2_0131,GAC.AF2rank131,GAC.AF2rank131.pdb,/home/wms/AF2-test/AF2-CatGraph-test5/data/GAC/01_af2_new/GAC.AF2rank131.pdb,/home/wms/AF2-test/AF2-CatGraph-test5/data/GAC/01_af2_new/GAC.AF2rank131.pdb,/home/wms/AF2-test/AF2-CatGraph-test5/data/GAC/01_af2/5D3O.130.pdb,manifest_exact,source_if_available,source,/home/wms/AF2-test/AF2-CatGraph-test5/data/GAC/01_af2/5D3O.130.pdb,manifest_exact,,,
132,,132,GAC,GAC_AF2_0132,GAC.AF2rank132,GAC.AF2rank132.pdb,/home/wms/AF2-test/AF2-CatGraph-test5/data/GAC/01_af2_new/GAC.AF2rank132.pdb,/home/wms/AF2-test/AF2-CatGraph-test5/data/GAC/01_af2_new/GAC.AF2rank132.pdb,/home/wms/AF2-test/AF2-CatGraph-test5/data/GAC/01_af2/5D3O.131.pdb,manifest_exact,source_if_available,source,/home/wms/AF2-test/AF2-CatGraph-test5/data/GAC/01_af2/5D3O.131.pdb,manifest_exact,,,
133,,133,GAC,GAC_AF2_0133,GAC.AF2rank133,GAC.AF2rank133.pdb,/home/wms/AF2-test/AF2-CatGraph-test5/data/GAC/01_af2_new/GAC.AF2rank133.pdb,/home/wms/AF2-test/AF2-CatGraph-test5/data/GAC/01_af2_new/GAC.AF2rank133.pdb,/home/wms/AF2-test/AF2-CatGraph-test5/data/GAC/01_af2/5D3O.132.pdb,manifest_exact,source_if_available,source,/home/wms/AF2-test/AF2-CatGraph-test5/data/GAC/01_af2/5D3O.132.pdb,manifest_exact,,,
134,,134,GAC,GAC_AF2_0134,GAC.AF2rank134,GAC.AF2rank134.pdb,/home/wms/AF2-test/AF2-CatGraph-test5/data/GAC/01_af2_new/GAC.AF2rank134.pdb,/home/wms/AF2-test/AF2-CatGraph-test5/data/GAC/01_af2_new/GAC.AF2rank134.pdb,/home/wms/AF2-test/AF2-CatGraph-test5/data/GAC/01_af2/5D3O.133.pdb,manifest_exact,source_if_available,source,/home/wms/AF2-test/AF2-CatGraph-test5/data/GAC/01_af2/5D3O.133.pdb,manifest_exact,,,
135,,135,GAC,GAC_AF2_0135,GAC.AF2rank135,GAC.AF2rank135.pdb,/home/wms/AF2-test/AF2-CatGraph-test5/data/GAC/01_af2_new/GAC.AF2rank135.pdb,/home/wms/AF2-test/AF2-CatGraph-test5/data/GAC/01_af2_new/GAC.AF2rank135.pdb,/home/wms/AF2-test/AF2-CatGraph-test5/data/GAC/01_af2/5D3O.134.pdb,manifest_exact,source_if_available,source,/home/wms/AF2-test/AF2-CatGraph-test5/data/GAC/01_af2/5D3O.134.pdb,manifest_exact,,,
136,,136,GAC,GAC_AF2_0136,GAC.AF2rank136,GAC.AF2rank136.pdb,/home/wms/AF2-test/AF2-CatGraph-test5/data/GAC/01_af2_new/GAC.AF2rank136.pdb,/home/wms/AF2-test/AF2-CatGraph-test5/data/GAC/01_af2_new/GAC.AF2rank136.pdb,/home/wms/AF2-test/AF2-CatGraph-test5/data/GAC/01_af2/5D3O.135.pdb,manifest_exact,source_if_available,source,/home/wms/AF2-test/AF2-CatGraph-test5/data/GAC/01_af2/5D3O.135.pdb,manifest_exact,,,
137,,137,GAC,GAC_AF2_0137,GAC.AF2rank137,GAC.AF2rank137.pdb,/home/wms/AF2-test/AF2-CatGraph-test5/data/GAC/01_af2_new/GAC.AF2rank137.pdb,/home/wms/AF2-test/AF2-CatGraph-test5/data/GAC/01_af2_new/GAC.AF2rank137.pdb,/home/wms/AF2-test/AF2-CatGraph-test5/data/GAC/01_af2/5D3O.136.pdb,manifest_exact,source_if_available,source,/home/wms/AF2-test/AF2-CatGraph-test5/data/GAC/01_af2/5D3O.136.pdb,manifest_exact,,,
138,,138,GAC,GAC_AF2_0138,GAC.AF2rank138,GAC.AF2rank138.pdb,/home/wms/AF2-test/AF2-CatGraph-test5/data/GAC/01_af2_new/GAC.AF2rank138.pdb,/home/wms/AF2-test/AF2-CatGraph-test5/data/GAC/01_af2_new/GAC.AF2rank138.pdb,/home/wms/AF2-test/AF2-CatGraph-test5/data/GAC/01_af2/5D3O.137.pdb,manifest_exact,source_if_available,source,/home/wms/AF2-test/AF2-CatGraph-test5/data/GAC/01_af2/5D3O.137.pdb,manifest_exact,,,
139,,139,GAC,GAC_AF2_0139,GAC.AF2rank139,GAC.AF2rank139.pdb,/home/wms/AF2-test/AF2-CatGraph-test5/data/GAC/01_af2_new/GAC.AF2rank139.pdb,/home/wms/AF2-test/AF2-CatGraph-test5/data/GAC/01_af2_new/GAC.AF2rank139.pdb,/home/wms/AF2-test/AF2-CatGraph-test5/data/GAC/01_af2/5D3O.138.pdb,manifest_exact,source_if_available,source,/home/wms/AF2-test/AF2-CatGraph-test5/data/GAC/01_af2/5D3O.138.pdb,manifest_exact,,,
140,,140,GAC,GAC_AF2_0140,GAC.AF2rank140,GAC.AF2rank140.pdb,/home/wms/AF2-test/AF2-CatGraph-test5/data/GAC/01_af2_new/GAC.AF2rank140.pdb,/home/wms/AF2-test/AF2-CatGraph-test5/data/GAC/01_af2_new/GAC.AF2rank140.pdb,/home/wms/AF2-test/AF2-CatGraph-test5/data/GAC/01_af2/5D3O.139.pdb,manifest_exact,source_if_available,source,/home/wms/AF2-test/AF2-CatGraph-test5/data/GAC/01_af2/5D3O.139.pdb,manifest_exact,,,
141,,141,GAC,GAC_AF2_0141,GAC.AF2rank141,GAC.AF2rank141.pdb,/home/wms/AF2-test/AF2-CatGraph-test5/data/GAC/01_af2_new/GAC.AF2rank141.pdb,/home/wms/AF2-test/AF2-CatGraph-test5/data/GAC/01_af2_new/GAC.AF2rank141.pdb,/home/wms/AF2-test/AF2-CatGraph-test5/data/GAC/01_af2/5D3O.140.pdb,manifest_exact,source_if_available,source,/home/wms/AF2-test/AF2-CatGraph-test5/data/GAC/01_af2/5D3O.140.pdb,manifest_exact,,,
142,,142,GAC,GAC_AF2_0142,GAC.AF2rank142,GAC.AF2rank142.pdb,/home/wms/AF2-test/AF2-CatGraph-test5/data/GAC/01_af2_new/GAC.AF2rank142.pdb,/home/wms/AF2-test/AF2-CatGraph-test5/data/GAC/01_af2_new/GAC.AF2rank142.pdb,/home/wms/AF2-test/AF2-CatGraph-test5/data/GAC/01_af2/5D3O.141.pdb,manifest_exact,source_if_available,source,/home/wms/AF2-test/AF2-CatGraph-test5/data/GAC/01_af2/5D3O.141.pdb,manifest_exact,,,
143,,143,GAC,GAC_AF2_0143,GAC.AF2rank143,GAC.AF2rank143.pdb,/home/wms/AF2-test/AF2-CatGraph-test5/data/GAC/01_af2_new/GAC.AF2rank143.pdb,/home/wms/AF2-test/AF2-CatGraph-test5/data/GAC/01_af2_new/GAC.AF2rank143.pdb,/home/wms/AF2-test/AF2-CatGraph-test5/data/GAC/01_af2/5D3O.142.pdb,manifest_exact,source_if_available,source,/home/wms/AF2-test/AF2-CatGraph-test5/data/GAC/01_af2/5D3O.142.pdb,manifest_exact,,,
144,,144,GAC,GAC_AF2_0144,GAC.AF2rank144,GAC.AF2rank144.pdb,/home/wms/AF2-test/AF2-CatGraph-test5/data/GAC/01_af2_new/GAC.AF2rank144.pdb,/home/wms/AF2-test/AF2-CatGraph-test5/data/GAC/01_af2_new/GAC.AF2rank144.pdb,/home/wms/AF2-test/AF2-CatGraph-test5/data/GAC/01_af2/5D3O.143.pdb,manifest_exact,source_if_available,source,/home/wms/AF2-test/AF2-CatGraph-test5/data/GAC/01_af2/5D3O.143.pdb,manifest_exact,,,
145,,145,GAC,GAC_AF2_0145,GAC.AF2rank145,GAC.AF2rank145.pdb,/home/wms/AF2-test/AF2-CatGraph-test5/data/GAC/01_af2_new/GAC.AF2rank145.pdb,/home/wms/AF2-test/AF2-CatGraph-test5/data/GAC/01_af2_new/GAC.AF2rank145.pdb,/home/wms/AF2-test/AF2-CatGraph-test5/data/GAC/01_af2/5D3O.144.pdb,manifest_exact,source_if_available,source,/home/wms/AF2-test/AF2-CatGraph-test5/data/GAC/01_af2/5D3O.144.pdb,manifest_exact,,,
146,,146,GAC,GAC_AF2_0146,GAC.AF2rank146,GAC.AF2rank146.pdb,/home/wms/AF2-test/AF2-CatGraph-test5/data/GAC/01_af2_new/GAC.AF2rank146.pdb,/home/wms/AF2-test/AF2-CatGraph-test5/data/GAC/01_af2_new/GAC.AF2rank146.pdb,/home/wms/AF2-test/AF2-CatGraph-test5/data/GAC/01_af2/5D3O.145.pdb,manifest_exact,source_if_available,source,/home/wms/AF2-test/AF2-CatGraph-test5/data/GAC/01_af2/5D3O.145.pdb,manifest_exact,,,
147,,147,GAC,GAC_AF2_0147,GAC.AF2rank147,GAC.AF2rank147.pdb,/home/wms/AF2-test/AF2-CatGraph-test5/data/GAC/01_af2_new/GAC.AF2rank147.pdb,/home/wms/AF2-test/AF2-CatGraph-test5/data/GAC/01_af2_new/GAC.AF2rank147.pdb,/home/wms/AF2-test/AF2-CatGraph-test5/data/GAC/01_af2/5D3O.146.pdb,manifest_exact,source_if_available,source,/home/wms/AF2-test/AF2-CatGraph-test5/data/GAC/01_af2/5D3O.146.pdb,manifest_exact,,,
148,,148,GAC,GAC_AF2_0148,GAC.AF2rank148,GAC.AF2rank148.pdb,/home/wms/AF2-test/AF2-CatGraph-test5/data/GAC/01_af2_new/GAC.AF2rank148.pdb,/home/wms/AF2-test/AF2-CatGraph-test5/data/GAC/01_af2_new/GAC.AF2rank148.pdb,/home/wms/AF2-test/AF2-CatGraph-test5/data/GAC/01_af2/5D3O.147.pdb,manifest_exact,source_if_available,source,/home/wms/AF2-test/AF2-CatGraph-test5/data/GAC/01_af2/5D3O.147.pdb,manifest_exact,,,
149,,149,GAC,GAC_AF2_0149,GAC.AF2rank149,GAC.AF2rank149.pdb,/home/wms/AF2-test/AF2-CatGraph-test5/data/GAC/01_af2_new/GAC.AF2rank149.pdb,/home/wms/AF2-test/AF2-CatGraph-test5/data/GAC/01_af2_new/GAC.AF2rank149.pdb,/home/wms/AF2-test/AF2-CatGraph-test5/data/GAC/01_af2/5D3O.148.pdb,manifest_exact,source_if_available,source,/home/wms/AF2-test/AF2-CatGraph-test5/data/GAC/01_af2/5D3O.148.pdb,manifest_exact,,,
150,,150,GAC,GAC_AF2_0150,GAC.AF2rank150,GAC.AF2rank150.pdb,/home/wms/AF2-test/AF2-CatGraph-test5/data/GAC/01_af2_new/GAC.AF2rank150.pdb,/home/wms/AF2-test/AF2-CatGraph-test5/data/GAC/01_af2_new/GAC.AF2rank150.pdb,/home/wms/AF2-test/AF2-CatGraph-test5/data/GAC/01_af2/5D3O.149.pdb,manifest_exact,source_if_available,source,/home/wms/AF2-test/AF2-CatGraph-test5/data/GAC/01_af2/5D3O.149.pdb,manifest_exact,,,
151,,151,GAC,GAC_AF2_0151,GAC.AF2rank151,GAC.AF2rank151.pdb,/home/wms/AF2-test/AF2-CatGraph-test5/data/GAC/01_af2_new/GAC.AF2rank151.pdb,/home/wms/AF2-test/AF2-CatGraph-test5/data/GAC/01_af2_new/GAC.AF2rank151.pdb,/home/wms/AF2-test/AF2-CatGraph-test5/data/GAC/01_af2/5D3O.150.pdb,manifest_exact,source_if_available,source,/home/wms/AF2-test/AF2-CatGraph-test5/data/GAC/01_af2/5D3O.150.pdb,manifest_exact,,,
152,,152,GAC,GAC_AF2_0152,GAC.AF2rank152,GAC.AF2rank152.pdb,/home/wms/AF2-test/AF2-CatGraph-test5/data/GAC/01_af2_new/GAC.AF2rank152.pdb,/home/wms/AF2-test/AF2-CatGraph-test5/data/GAC/01_af2_new/GAC.AF2rank152.pdb,/home/wms/AF2-test/AF2-CatGraph-test5/data/GAC/01_af2/5D3O.151.pdb,manifest_exact,source_if_available,source,/home/wms/AF2-test/AF2-CatGraph-test5/data/GAC/01_af2/5D3O.151.pdb,manifest_exact,,,
153,,153,GAC,GAC_AF2_0153,GAC.AF2rank153,GAC.AF2rank153.pdb,/home/wms/AF2-test/AF2-CatGraph-test5/data/GAC/01_af2_new/GAC.AF2rank153.pdb,/home/wms/AF2-test/AF2-CatGraph-test5/data/GAC/01_af2_new/GAC.AF2rank153.pdb,/home/wms/AF2-test/AF2-CatGraph-test5/data/GAC/01_af2/5D3O.152.pdb,manifest_exact,source_if_available,source,/home/wms/AF2-test/AF2-CatGraph-test5/data/GAC/01_af2/5D3O.152.pdb,manifest_exact,,,
154,,154,GAC,GAC_AF2_0154,GAC.AF2rank154,GAC.AF2rank154.pdb,/home/wms/AF2-test/AF2-CatGraph-test5/data/GAC/01_af2_new/GAC.AF2rank154.pdb,/home/wms/AF2-test/AF2-CatGraph-test5/data/GAC/01_af2_new/GAC.AF2rank154.pdb,/home/wms/AF2-test/AF2-CatGraph-test5/data/GAC/01_af2/5D3O.153.pdb,manifest_exact,source_if_available,source,/home/wms/AF2-test/AF2-CatGraph-test5/data/GAC/01_af2/5D3O.153.pdb,manifest_exact,,,
155,,155,GAC,GAC_AF2_0155,GAC.AF2rank155,GAC.AF2rank155.pdb,/home/wms/AF2-test/AF2-CatGraph-test5/data/GAC/01_af2_new/GAC.AF2rank155.pdb,/home/wms/AF2-test/AF2-CatGraph-test5/data/GAC/01_af2_new/GAC.AF2rank155.pdb,/home/wms/AF2-test/AF2-CatGraph-test5/data/GAC/01_af2/5D3O.154.pdb,manifest_exact,source_if_available,source,/home/wms/AF2-test/AF2-CatGraph-test5/data/GAC/01_af2/5D3O.154.pdb,manifest_exact,,,
156,,156,GAC,GAC_AF2_0156,GAC.AF2rank156,GAC.AF2rank156.pdb,/home/wms/AF2-test/AF2-CatGraph-test5/data/GAC/01_af2_new/GAC.AF2rank156.pdb,/home/wms/AF2-test/AF2-CatGraph-test5/data/GAC/01_af2_new/GAC.AF2rank156.pdb,/home/wms/AF2-test/AF2-CatGraph-test5/data/GAC/01_af2/5D3O.155.pdb,manifest_exact,source_if_available,source,/home/wms/AF2-test/AF2-CatGraph-test5/data/GAC/01_af2/5D3O.155.pdb,manifest_exact,,,
157,,157,GAC,GAC_AF2_0157,GAC.AF2rank157,GAC.AF2rank157.pdb,/home/wms/AF2-test/AF2-CatGraph-test5/data/GAC/01_af2_new/GAC.AF2rank157.pdb,/home/wms/AF2-test/AF2-CatGraph-test5/data/GAC/01_af2_new/GAC.AF2rank157.pdb,/home/wms/AF2-test/AF2-CatGraph-test5/data/GAC/01_af2/5D3O.156.pdb,manifest_exact,source_if_available,source,/home/wms/AF2-test/AF2-CatGraph-test5/data/GAC/01_af2/5D3O.156.pdb,manifest_exact,,,
158,,158,GAC,GAC_AF2_0158,GAC.AF2rank158,GAC.AF2rank158.pdb,/home/wms/AF2-test/AF2-CatGraph-test5/data/GAC/01_af2_new/GAC.AF2rank158.pdb,/home/wms/AF2-test/AF2-CatGraph-test5/data/GAC/01_af2_new/GAC.AF2rank158.pdb,/home/wms/AF2-test/AF2-CatGraph-test5/data/GAC/01_af2/5D3O.157.pdb,manifest_exact,source_if_available,source,/home/wms/AF2-test/AF2-CatGraph-test5/data/GAC/01_af2/5D3O.157.pdb,manifest_exact,,,
159,,159,GAC,GAC_AF2_0159,GAC.AF2rank159,GAC.AF2rank159.pdb,/home/wms/AF2-test/AF2-CatGraph-test5/data/GAC/01_af2_new/GAC.AF2rank159.pdb,/home/wms/AF2-test/AF2-CatGraph-test5/data/GAC/01_af2_new/GAC.AF2rank159.pdb,/home/wms/AF2-test/AF2-CatGraph-test5/data/GAC/01_af2/5D3O.158.pdb,manifest_exact,source_if_available,source,/home/wms/AF2-test/AF2-CatGraph-test5/data/GAC/01_af2/5D3O.158.pdb,manifest_exact,,,
160,,160,GAC,GAC_AF2_0160,GAC.AF2rank160,GAC.AF2rank160.pdb,/home/wms/AF2-test/AF2-CatGraph-test5/data/GAC/01_af2_new/GAC.AF2rank160.pdb,/home/wms/AF2-test/AF2-CatGraph-test5/data/GAC/01_af2_new/GAC.AF2rank160.pdb,/home/wms/AF2-test/AF2-CatGraph-test5/data/GAC/01_af2/5D3O.159.pdb,manifest_exact,source_if_available,source,/home/wms/AF2-test/AF2-CatGraph-test5/data/GAC/01_af2/5D3O.159.pdb,manifest_exact,,,
161,,161,GAC,GAC_AF2_0161,GAC.AF2rank161,GAC.AF2rank161.pdb,/home/wms/AF2-test/AF2-CatGraph-test5/data/GAC/01_af2_new/GAC.AF2rank161.pdb,/home/wms/AF2-test/AF2-CatGraph-test5/data/GAC/01_af2_new/GAC.AF2rank161.pdb,/home/wms/AF2-test/AF2-CatGraph-test5/data/GAC/01_af2/5D3O.160.pdb,manifest_exact,source_if_available,source,/home/wms/AF2-test/AF2-CatGraph-test5/data/GAC/01_af2/5D3O.160.pdb,manifest_exact,,,
162,,162,GAC,GAC_AF2_0162,GAC.AF2rank162,GAC.AF2rank162.pdb,/home/wms/AF2-test/AF2-CatGraph-test5/data/GAC/01_af2_new/GAC.AF2rank162.pdb,/home/wms/AF2-test/AF2-CatGraph-test5/data/GAC/01_af2_new/GAC.AF2rank162.pdb,/home/wms/AF2-test/AF2-CatGraph-test5/data/GAC/01_af2/5D3O.161.pdb,manifest_exact,source_if_available,source,/home/wms/AF2-test/AF2-CatGraph-test5/data/GAC/01_af2/5D3O.161.pdb,manifest_exact,,,
163,,163,GAC,GAC_AF2_0163,GAC.AF2rank163,GAC.AF2rank163.pdb,/home/wms/AF2-test/AF2-CatGraph-test5/data/GAC/01_af2_new/GAC.AF2rank163.pdb,/home/wms/AF2-test/AF2-CatGraph-test5/data/GAC/01_af2_new/GAC.AF2rank163.pdb,/home/wms/AF2-test/AF2-CatGraph-test5/data/GAC/01_af2/5D3O.162.pdb,manifest_exact,source_if_available,source,/home/wms/AF2-test/AF2-CatGraph-test5/data/GAC/01_af2/5D3O.162.pdb,manifest_exact,,,
164,,164,GAC,GAC_AF2_0164,GAC.AF2rank164,GAC.AF2rank164.pdb,/home/wms/AF2-test/AF2-CatGraph-test5/data/GAC/01_af2_new/GAC.AF2rank164.pdb,/home/wms/AF2-test/AF2-CatGraph-test5/data/GAC/01_af2_new/GAC.AF2rank164.pdb,/home/wms/AF2-test/AF2-CatGraph-test5/data/GAC/01_af2/5D3O.163.pdb,manifest_exact,source_if_available,source,/home/wms/AF2-test/AF2-CatGraph-test5/data/GAC/01_af2/5D3O.163.pdb,manifest_exact,,,
165,,165,GAC,GAC_AF2_0165,GAC.AF2rank165,GAC.AF2rank165.pdb,/home/wms/AF2-test/AF2-CatGraph-test5/data/GAC/01_af2_new/GAC.AF2rank165.pdb,/home/wms/AF2-test/AF2-CatGraph-test5/data/GAC/01_af2_new/GAC.AF2rank165.pdb,/home/wms/AF2-test/AF2-CatGraph-test5/data/GAC/01_af2/5D3O.164.pdb,manifest_exact,source_if_available,source,/home/wms/AF2-test/AF2-CatGraph-test5/data/GAC/01_af2/5D3O.164.pdb,manifest_exact,,,
166,,166,GAC,GAC_AF2_0166,GAC.AF2rank166,GAC.AF2rank166.pdb,/home/wms/AF2-test/AF2-CatGraph-test5/data/GAC/01_af2_new/GAC.AF2rank166.pdb,/home/wms/AF2-test/AF2-CatGraph-test5/data/GAC/01_af2_new/GAC.AF2rank166.pdb,/home/wms/AF2-test/AF2-CatGraph-test5/data/GAC/01_af2/5D3O.165.pdb,manifest_exact,source_if_available,source,/home/wms/AF2-test/AF2-CatGraph-test5/data/GAC/01_af2/5D3O.165.pdb,manifest_exact,,,
167,,167,GAC,GAC_AF2_0167,GAC.AF2rank167,GAC.AF2rank167.pdb,/home/wms/AF2-test/AF2-CatGraph-test5/data/GAC/01_af2_new/GAC.AF2rank167.pdb,/home/wms/AF2-test/AF2-CatGraph-test5/data/GAC/01_af2_new/GAC.AF2rank167.pdb,/home/wms/AF2-test/AF2-CatGraph-test5/data/GAC/01_af2/5D3O.166.pdb,manifest_exact,source_if_available,source,/home/wms/AF2-test/AF2-CatGraph-test5/data/GAC/01_af2/5D3O.166.pdb,manifest_exact,,,
168,,168,GAC,GAC_AF2_0168,GAC.AF2rank168,GAC.AF2rank168.pdb,/home/wms/AF2-test/AF2-CatGraph-test5/data/GAC/01_af2_new/GAC.AF2rank168.pdb,/home/wms/AF2-test/AF2-CatGraph-test5/data/GAC/01_af2_new/GAC.AF2rank168.pdb,/home/wms/AF2-test/AF2-CatGraph-test5/data/GAC/01_af2/5D3O.167.pdb,manifest_exact,source_if_available,source,/home/wms/AF2-test/AF2-CatGraph-test5/data/GAC/01_af2/5D3O.167.pdb,manifest_exact,,,
169,,169,GAC,GAC_AF2_0169,GAC.AF2rank169,GAC.AF2rank169.pdb,/home/wms/AF2-test/AF2-CatGraph-test5/data/GAC/01_af2_new/GAC.AF2rank169.pdb,/home/wms/AF2-test/AF2-CatGraph-test5/data/GAC/01_af2_new/GAC.AF2rank169.pdb,/home/wms/AF2-test/AF2-CatGraph-test5/data/GAC/01_af2/5D3O.168.pdb,manifest_exact,source_if_available,source,/home/wms/AF2-test/AF2-CatGraph-test5/data/GAC/01_af2/5D3O.168.pdb,manifest_exact,,,
170,,170,GAC,GAC_AF2_0170,GAC.AF2rank170,GAC.AF2rank170.pdb,/home/wms/AF2-test/AF2-CatGraph-test5/data/GAC/01_af2_new/GAC.AF2rank170.pdb,/home/wms/AF2-test/AF2-CatGraph-test5/data/GAC/01_af2_new/GAC.AF2rank170.pdb,/home/wms/AF2-test/AF2-CatGraph-test5/data/GAC/01_af2/5D3O.169.pdb,manifest_exact,source_if_available,source,/home/wms/AF2-test/AF2-CatGraph-test5/data/GAC/01_af2/5D3O.169.pdb,manifest_exact,,,
171,,171,GAC,GAC_AF2_0171,GAC.AF2rank171,GAC.AF2rank171.pdb,/home/wms/AF2-test/AF2-CatGraph-test5/data/GAC/01_af2_new/GAC.AF2rank171.pdb,/home/wms/AF2-test/AF2-CatGraph-test5/data/GAC/01_af2_new/GAC.AF2rank171.pdb,/home/wms/AF2-test/AF2-CatGraph-test5/data/GAC/01_af2/5D3O.170.pdb,manifest_exact,source_if_available,source,/home/wms/AF2-test/AF2-CatGraph-test5/data/GAC/01_af2/5D3O.170.pdb,manifest_exact,,,
172,,172,GAC,GAC_AF2_0172,GAC.AF2rank172,GAC.AF2rank172.pdb,/home/wms/AF2-test/AF2-CatGraph-test5/data/GAC/01_af2_new/GAC.AF2rank172.pdb,/home/wms/AF2-test/AF2-CatGraph-test5/data/GAC/01_af2_new/GAC.AF2rank172.pdb,/home/wms/AF2-test/AF2-CatGraph-test5/data/GAC/01_af2/5D3O.171.pdb,manifest_exact,source_if_available,source,/home/wms/AF2-test/AF2-CatGraph-test5/data/GAC/01_af2/5D3O.171.pdb,manifest_exact,,,
173,,173,GAC,GAC_AF2_0173,GAC.AF2rank173,GAC.AF2rank173.pdb,/home/wms/AF2-test/AF2-CatGraph-test5/data/GAC/01_af2_new/GAC.AF2rank173.pdb,/home/wms/AF2-test/AF2-CatGraph-test5/data/GAC/01_af2_new/GAC.AF2rank173.pdb,/home/wms/AF2-test/AF2-CatGraph-test5/data/GAC/01_af2/5D3O.172.pdb,manifest_exact,source_if_available,source,/home/wms/AF2-test/AF2-CatGraph-test5/data/GAC/01_af2/5D3O.172.pdb,manifest_exact,,,
174,,174,GAC,GAC_AF2_0174,GAC.AF2rank174,GAC.AF2rank174.pdb,/home/wms/AF2-test/AF2-CatGraph-test5/data/GAC/01_af2_new/GAC.AF2rank174.pdb,/home/wms/AF2-test/AF2-CatGraph-test5/data/GAC/01_af2_new/GAC.AF2rank174.pdb,/home/wms/AF2-test/AF2-CatGraph-test5/data/GAC/01_af2/5D3O.173.pdb,manifest_exact,source_if_available,source,/home/wms/AF2-test/AF2-CatGraph-test5/data/GAC/01_af2/5D3O.173.pdb,manifest_exact,,,
175,,175,GAC,GAC_AF2_0175,GAC.AF2rank175,GAC.AF2rank175.pdb,/home/wms/AF2-test/AF2-CatGraph-test5/data/GAC/01_af2_new/GAC.AF2rank175.pdb,/home/wms/AF2-test/AF2-CatGraph-test5/data/GAC/01_af2_new/GAC.AF2rank175.pdb,/home/wms/AF2-test/AF2-CatGraph-test5/data/GAC/01_af2/5D3O.174.pdb,manifest_exact,source_if_available,source,/home/wms/AF2-test/AF2-CatGraph-test5/data/GAC/01_af2/5D3O.174.pdb,manifest_exact,,,
176,,176,GAC,GAC_AF2_0176,GAC.AF2rank176,GAC.AF2rank176.pdb,/home/wms/AF2-test/AF2-CatGraph-test5/data/GAC/01_af2_new/GAC.AF2rank176.pdb,/home/wms/AF2-test/AF2-CatGraph-test5/data/GAC/01_af2_new/GAC.AF2rank176.pdb,/home/wms/AF2-test/AF2-CatGraph-test5/data/GAC/01_af2/5D3O.175.pdb,manifest_exact,source_if_available,source,/home/wms/AF2-test/AF2-CatGraph-test5/data/GAC/01_af2/5D3O.175.pdb,manifest_exact,,,
177,,177,GAC,GAC_AF2_0177,GAC.AF2rank177,GAC.AF2rank177.pdb,/home/wms/AF2-test/AF2-CatGraph-test5/data/GAC/01_af2_new/GAC.AF2rank177.pdb,/home/wms/AF2-test/AF2-CatGraph-test5/data/GAC/01_af2_new/GAC.AF2rank177.pdb,/home/wms/AF2-test/AF2-CatGraph-test5/data/GAC/01_af2/5D3O.176.pdb,manifest_exact,source_if_available,source,/home/wms/AF2-test/AF2-CatGraph-test5/data/GAC/01_af2/5D3O.176.pdb,manifest_exact,,,
178,,178,GAC,GAC_AF2_0178,GAC.AF2rank178,GAC.AF2rank178.pdb,/home/wms/AF2-test/AF2-CatGraph-test5/data/GAC/01_af2_new/GAC.AF2rank178.pdb,/home/wms/AF2-test/AF2-CatGraph-test5/data/GAC/01_af2_new/GAC.AF2rank178.pdb,/home/wms/AF2-test/AF2-CatGraph-test5/data/GAC/01_af2/5D3O.177.pdb,manifest_exact,source_if_available,source,/home/wms/AF2-test/AF2-CatGraph-test5/data/GAC/01_af2/5D3O.177.pdb,manifest_exact,,,
179,,179,GAC,GAC_AF2_0179,GAC.AF2rank179,GAC.AF2rank179.pdb,/home/wms/AF2-test/AF2-CatGraph-test5/data/GAC/01_af2_new/GAC.AF2rank179.pdb,/home/wms/AF2-test/AF2-CatGraph-test5/data/GAC/01_af2_new/GAC.AF2rank179.pdb,/home/wms/AF2-test/AF2-CatGraph-test5/data/GAC/01_af2/5D3O.178.pdb,manifest_exact,source_if_available,source,/home/wms/AF2-test/AF2-CatGraph-test5/data/GAC/01_af2/5D3O.178.pdb,manifest_exact,,,
180,,180,GAC,GAC_AF2_0180,GAC.AF2rank180,GAC.AF2rank180.pdb,/home/wms/AF2-test/AF2-CatGraph-test5/data/GAC/01_af2_new/GAC.AF2rank180.pdb,/home/wms/AF2-test/AF2-CatGraph-test5/data/GAC/01_af2_new/GAC.AF2rank180.pdb,/home/wms/AF2-test/AF2-CatGraph-test5/data/GAC/01_af2/5D3O.179.pdb,manifest_exact,source_if_available,source,/home/wms/AF2-test/AF2-CatGraph-test5/data/GAC/01_af2/5D3O.179.pdb,manifest_exact,,,
181,,181,GAC,GAC_AF2_0181,GAC.AF2rank181,GAC.AF2rank181.pdb,/home/wms/AF2-test/AF2-CatGraph-test5/data/GAC/01_af2_new/GAC.AF2rank181.pdb,/home/wms/AF2-test/AF2-CatGraph-test5/data/GAC/01_af2_new/GAC.AF2rank181.pdb,/home/wms/AF2-test/AF2-CatGraph-test5/data/GAC/01_af2/5D3O.180.pdb,manifest_exact,source_if_available,source,/home/wms/AF2-test/AF2-CatGraph-test5/data/GAC/01_af2/5D3O.180.pdb,manifest_exact,,,
182,,182,GAC,GAC_AF2_0182,GAC.AF2rank182,GAC.AF2rank182.pdb,/home/wms/AF2-test/AF2-CatGraph-test5/data/GAC/01_af2_new/GAC.AF2rank182.pdb,/home/wms/AF2-test/AF2-CatGraph-test5/data/GAC/01_af2_new/GAC.AF2rank182.pdb,/home/wms/AF2-test/AF2-CatGraph-test5/data/GAC/01_af2/5D3O.181.pdb,manifest_exact,source_if_available,source,/home/wms/AF2-test/AF2-CatGraph-test5/data/GAC/01_af2/5D3O.181.pdb,manifest_exact,,,
183,,183,GAC,GAC_AF2_0183,GAC.AF2rank183,GAC.AF2rank183.pdb,/home/wms/AF2-test/AF2-CatGraph-test5/data/GAC/01_af2_new/GAC.AF2rank183.pdb,/home/wms/AF2-test/AF2-CatGraph-test5/data/GAC/01_af2_new/GAC.AF2rank183.pdb,/home/wms/AF2-test/AF2-CatGraph-test5/data/GAC/01_af2/5D3O.182.pdb,manifest_exact,source_if_available,source,/home/wms/AF2-test/AF2-CatGraph-test5/data/GAC/01_af2/5D3O.182.pdb,manifest_exact,,,
184,,184,GAC,GAC_AF2_0184,GAC.AF2rank184,GAC.AF2rank184.pdb,/home/wms/AF2-test/AF2-CatGraph-test5/data/GAC/01_af2_new/GAC.AF2rank184.pdb,/home/wms/AF2-test/AF2-CatGraph-test5/data/GAC/01_af2_new/GAC.AF2rank184.pdb,/home/wms/AF2-test/AF2-CatGraph-test5/data/GAC/01_af2/5D3O.183.pdb,manifest_exact,source_if_available,source,/home/wms/AF2-test/AF2-CatGraph-test5/data/GAC/01_af2/5D3O.183.pdb,manifest_exact,,,
185,,185,GAC,GAC_AF2_0185,GAC.AF2rank185,GAC.AF2rank185.pdb,/home/wms/AF2-test/AF2-CatGraph-test5/data/GAC/01_af2_new/GAC.AF2rank185.pdb,/home/wms/AF2-test/AF2-CatGraph-test5/data/GAC/01_af2_new/GAC.AF2rank185.pdb,/home/wms/AF2-test/AF2-CatGraph-test5/data/GAC/01_af2/5D3O.184.pdb,manifest_exact,source_if_available,source,/home/wms/AF2-test/AF2-CatGraph-test5/data/GAC/01_af2/5D3O.184.pdb,manifest_exact,,,
186,,186,GAC,GAC_AF2_0186,GAC.AF2rank186,GAC.AF2rank186.pdb,/home/wms/AF2-test/AF2-CatGraph-test5/data/GAC/01_af2_new/GAC.AF2rank186.pdb,/home/wms/AF2-test/AF2-CatGraph-test5/data/GAC/01_af2_new/GAC.AF2rank186.pdb,/home/wms/AF2-test/AF2-CatGraph-test5/data/GAC/01_af2/5D3O.185.pdb,manifest_exact,source_if_available,source,/home/wms/AF2-test/AF2-CatGraph-test5/data/GAC/01_af2/5D3O.185.pdb,manifest_exact,,,
187,,187,GAC,GAC_AF2_0187,GAC.AF2rank187,GAC.AF2rank187.pdb,/home/wms/AF2-test/AF2-CatGraph-test5/data/GAC/01_af2_new/GAC.AF2rank187.pdb,/home/wms/AF2-test/AF2-CatGraph-test5/data/GAC/01_af2_new/GAC.AF2rank187.pdb,/home/wms/AF2-test/AF2-CatGraph-test5/data/GAC/01_af2/5D3O.186.pdb,manifest_exact,source_if_available,source,/home/wms/AF2-test/AF2-CatGraph-test5/data/GAC/01_af2/5D3O.186.pdb,manifest_exact,,,
188,,188,GAC,GAC_AF2_0188,GAC.AF2rank188,GAC.AF2rank188.pdb,/home/wms/AF2-test/AF2-CatGraph-test5/data/GAC/01_af2_new/GAC.AF2rank188.pdb,/home/wms/AF2-test/AF2-CatGraph-test5/data/GAC/01_af2_new/GAC.AF2rank188.pdb,/home/wms/AF2-test/AF2-CatGraph-test5/data/GAC/01_af2/5D3O.187.pdb,manifest_exact,source_if_available,source,/home/wms/AF2-test/AF2-CatGraph-test5/data/GAC/01_af2/5D3O.187.pdb,manifest_exact,,,
189,,189,GAC,GAC_AF2_0189,GAC.AF2rank189,GAC.AF2rank189.pdb,/home/wms/AF2-test/AF2-CatGraph-test5/data/GAC/01_af2_new/GAC.AF2rank189.pdb,/home/wms/AF2-test/AF2-CatGraph-test5/data/GAC/01_af2_new/GAC.AF2rank189.pdb,/home/wms/AF2-test/AF2-CatGraph-test5/data/GAC/01_af2/5D3O.188.pdb,manifest_exact,source_if_available,source,/home/wms/AF2-test/AF2-CatGraph-test5/data/GAC/01_af2/5D3O.188.pdb,manifest_exact,,,
190,,190,GAC,GAC_AF2_0190,GAC.AF2rank190,GAC.AF2rank190.pdb,/home/wms/AF2-test/AF2-CatGraph-test5/data/GAC/01_af2_new/GAC.AF2rank190.pdb,/home/wms/AF2-test/AF2-CatGraph-test5/data/GAC/01_af2_new/GAC.AF2rank190.pdb,/home/wms/AF2-test/AF2-CatGraph-test5/data/GAC/01_af2/5D3O.189.pdb,manifest_exact,source_if_available,source,/home/wms/AF2-test/AF2-CatGraph-test5/data/GAC/01_af2/5D3O.189.pdb,manifest_exact,,,
191,,191,GAC,GAC_AF2_0191,GAC.AF2rank191,GAC.AF2rank191.pdb,/home/wms/AF2-test/AF2-CatGraph-test5/data/GAC/01_af2_new/GAC.AF2rank191.pdb,/home/wms/AF2-test/AF2-CatGraph-test5/data/GAC/01_af2_new/GAC.AF2rank191.pdb,/home/wms/AF2-test/AF2-CatGraph-test5/data/GAC/01_af2/5D3O.190.pdb,manifest_exact,source_if_available,source,/home/wms/AF2-test/AF2-CatGraph-test5/data/GAC/01_af2/5D3O.190.pdb,manifest_exact,,,
192,,192,GAC,GAC_AF2_0192,GAC.AF2rank192,GAC.AF2rank192.pdb,/home/wms/AF2-test/AF2-CatGraph-test5/data/GAC/01_af2_new/GAC.AF2rank192.pdb,/home/wms/AF2-test/AF2-CatGraph-test5/data/GAC/01_af2_new/GAC.AF2rank192.pdb,/home/wms/AF2-test/AF2-CatGraph-test5/data/GAC/01_af2/5D3O.191.pdb,manifest_exact,source_if_available,source,/home/wms/AF2-test/AF2-CatGraph-test5/data/GAC/01_af2/5D3O.191.pdb,manifest_exact,,,
193,,193,GAC,GAC_AF2_0193,GAC.AF2rank193,GAC.AF2rank193.pdb,/home/wms/AF2-test/AF2-CatGraph-test5/data/GAC/01_af2_new/GAC.AF2rank193.pdb,/home/wms/AF2-test/AF2-CatGraph-test5/data/GAC/01_af2_new/GAC.AF2rank193.pdb,/home/wms/AF2-test/AF2-CatGraph-test5/data/GAC/01_af2/5D3O.192.pdb,manifest_exact,source_if_available,source,/home/wms/AF2-test/AF2-CatGraph-test5/data/GAC/01_af2/5D3O.192.pdb,manifest_exact,,,
194,,194,GAC,GAC_AF2_0194,GAC.AF2rank194,GAC.AF2rank194.pdb,/home/wms/AF2-test/AF2-CatGraph-test5/data/GAC/01_af2_new/GAC.AF2rank194.pdb,/home/wms/AF2-test/AF2-CatGraph-test5/data/GAC/01_af2_new/GAC.AF2rank194.pdb,/home/wms/AF2-test/AF2-CatGraph-test5/data/GAC/01_af2/5D3O.193.pdb,manifest_exact,source_if_available,source,/home/wms/AF2-test/AF2-CatGraph-test5/data/GAC/01_af2/5D3O.193.pdb,manifest_exact,,,
195,,195,GAC,GAC_AF2_0195,GAC.AF2rank195,GAC.AF2rank195.pdb,/home/wms/AF2-test/AF2-CatGraph-test5/data/GAC/01_af2_new/GAC.AF2rank195.pdb,/home/wms/AF2-test/AF2-CatGraph-test5/data/GAC/01_af2_new/GAC.AF2rank195.pdb,/home/wms/AF2-test/AF2-CatGraph-test5/data/GAC/01_af2/5D3O.194.pdb,manifest_exact,source_if_available,source,/home/wms/AF2-test/AF2-CatGraph-test5/data/GAC/01_af2/5D3O.194.pdb,manifest_exact,,,
196,,196,GAC,GAC_AF2_0196,GAC.AF2rank196,GAC.AF2rank196.pdb,/home/wms/AF2-test/AF2-CatGraph-test5/data/GAC/01_af2_new/GAC.AF2rank196.pdb,/home/wms/AF2-test/AF2-CatGraph-test5/data/GAC/01_af2_new/GAC.AF2rank196.pdb,/home/wms/AF2-test/AF2-CatGraph-test5/data/GAC/01_af2/5D3O.195.pdb,manifest_exact,source_if_available,source,/home/wms/AF2-test/AF2-CatGraph-test5/data/GAC/01_af2/5D3O.195.pdb,manifest_exact,,,
197,,197,GAC,GAC_AF2_0197,GAC.AF2rank197,GAC.AF2rank197.pdb,/home/wms/AF2-test/AF2-CatGraph-test5/data/GAC/01_af2_new/GAC.AF2rank197.pdb,/home/wms/AF2-test/AF2-CatGraph-test5/data/GAC/01_af2_new/GAC.AF2rank197.pdb,/home/wms/AF2-test/AF2-CatGraph-test5/data/GAC/01_af2/5D3O.196.pdb,manifest_exact,source_if_available,source,/home/wms/AF2-test/AF2-CatGraph-test5/data/GAC/01_af2/5D3O.196.pdb,manifest_exact,,,
198,,198,GAC,GAC_AF2_0198,GAC.AF2rank198,GAC.AF2rank198.pdb,/home/wms/AF2-test/AF2-CatGraph-test5/data/GAC/01_af2_new/GAC.AF2rank198.pdb,/home/wms/AF2-test/AF2-CatGraph-test5/data/GAC/01_af2_new/GAC.AF2rank198.pdb,/home/wms/AF2-test/AF2-CatGraph-test5/data/GAC/01_af2/5D3O.197.pdb,manifest_exact,source_if_available,source,/home/wms/AF2-test/AF2-CatGraph-test5/data/GAC/01_af2/5D3O.197.pdb,manifest_exact,,,
199,,199,GAC,GAC_AF2_0199,GAC.AF2rank199,GAC.AF2rank199.pdb,/home/wms/AF2-test/AF2-CatGraph-test5/data/GAC/01_af2_new/GAC.AF2rank199.pdb,/home/wms/AF2-test/AF2-CatGraph-test5/data/GAC/01_af2_new/GAC.AF2rank199.pdb,/home/wms/AF2-test/AF2-CatGraph-test5/data/GAC/01_af2/5D3O.198.pdb,manifest_exact,source_if_available,source,/home/wms/AF2-test/AF2-CatGraph-test5/data/GAC/01_af2/5D3O.198.pdb,manifest_exact,,,
200,,200,GAC,GAC_AF2_0200,GAC.AF2rank200,GAC.AF2rank200.pdb,/home/wms/AF2-test/AF2-CatGraph-test5/data/GAC/01_af2_new/GAC.AF2rank200.pdb,/home/wms/AF2-test/AF2-CatGraph-test5/data/GAC/01_af2_new/GAC.AF2rank200.pdb,/home/wms/AF2-test/AF2-CatGraph-test5/data/GAC/01_af2/5D3O.199.pdb,manifest_exact,source_if_available,source,/home/wms/AF2-test/AF2-CatGraph-test5/data/GAC/01_af2/5D3O.199.pdb,manifest_exact,,,
201,,201,GAC,GAC_AF2_0201,GAC.AF2rank201,GAC.AF2rank201.pdb,/home/wms/AF2-test/AF2-CatGraph-test5/data/GAC/01_af2_new/GAC.AF2rank201.pdb,/home/wms/AF2-test/AF2-CatGraph-test5/data/GAC/01_af2_new/GAC.AF2rank201.pdb,/home/wms/AF2-test/AF2-CatGraph-test5/data/GAC/01_af2/5D3O.200.pdb,manifest_exact,source_if_available,source,/home/wms/AF2-test/AF2-CatGraph-test5/data/GAC/01_af2/5D3O.200.pdb,manifest_exact,,,
202,,202,GAC,GAC_AF2_0202,GAC.AF2rank202,GAC.AF2rank202.pdb,/home/wms/AF2-test/AF2-CatGraph-test5/data/GAC/01_af2_new/GAC.AF2rank202.pdb,/home/wms/AF2-test/AF2-CatGraph-test5/data/GAC/01_af2_new/GAC.AF2rank202.pdb,/home/wms/AF2-test/AF2-CatGraph-test5/data/GAC/01_af2/5D3O.201.pdb,manifest_exact,source_if_available,source,/home/wms/AF2-test/AF2-CatGraph-test5/data/GAC/01_af2/5D3O.201.pdb,manifest_exact,,,
203,,203,GAC,GAC_AF2_0203,GAC.AF2rank203,GAC.AF2rank203.pdb,/home/wms/AF2-test/AF2-CatGraph-test5/data/GAC/01_af2_new/GAC.AF2rank203.pdb,/home/wms/AF2-test/AF2-CatGraph-test5/data/GAC/01_af2_new/GAC.AF2rank203.pdb,/home/wms/AF2-test/AF2-CatGraph-test5/data/GAC/01_af2/5D3O.202.pdb,manifest_exact,source_if_available,source,/home/wms/AF2-test/AF2-CatGraph-test5/data/GAC/01_af2/5D3O.202.pdb,manifest_exact,,,
204,,204,GAC,GAC_AF2_0204,GAC.AF2rank204,GAC.AF2rank204.pdb,/home/wms/AF2-test/AF2-CatGraph-test5/data/GAC/01_af2_new/GAC.AF2rank204.pdb,/home/wms/AF2-test/AF2-CatGraph-test5/data/GAC/01_af2_new/GAC.AF2rank204.pdb,/home/wms/AF2-test/AF2-CatGraph-test5/data/GAC/01_af2/5D3O.203.pdb,manifest_exact,source_if_available,source,/home/wms/AF2-test/AF2-CatGraph-test5/data/GAC/01_af2/5D3O.203.pdb,manifest_exact,,,
205,,205,GAC,GAC_AF2_0205,GAC.AF2rank205,GAC.AF2rank205.pdb,/home/wms/AF2-test/AF2-CatGraph-test5/data/GAC/01_af2_new/GAC.AF2rank205.pdb,/home/wms/AF2-test/AF2-CatGraph-test5/data/GAC/01_af2_new/GAC.AF2rank205.pdb,/home/wms/AF2-test/AF2-CatGraph-test5/data/GAC/01_af2/5D3O.204.pdb,manifest_exact,source_if_available,source,/home/wms/AF2-test/AF2-CatGraph-test5/data/GAC/01_af2/5D3O.204.pdb,manifest_exact,,,
206,,206,GAC,GAC_AF2_0206,GAC.AF2rank206,GAC.AF2rank206.pdb,/home/wms/AF2-test/AF2-CatGraph-test5/data/GAC/01_af2_new/GAC.AF2rank206.pdb,/home/wms/AF2-test/AF2-CatGraph-test5/data/GAC/01_af2_new/GAC.AF2rank206.pdb,/home/wms/AF2-test/AF2-CatGraph-test5/data/GAC/01_af2/5D3O.205.pdb,manifest_exact,source_if_available,source,/home/wms/AF2-test/AF2-CatGraph-test5/data/GAC/01_af2/5D3O.205.pdb,manifest_exact,,,
207,,207,GAC,GAC_AF2_0207,GAC.AF2rank207,GAC.AF2rank207.pdb,/home/wms/AF2-test/AF2-CatGraph-test5/data/GAC/01_af2_new/GAC.AF2rank207.pdb,/home/wms/AF2-test/AF2-CatGraph-test5/data/GAC/01_af2_new/GAC.AF2rank207.pdb,/home/wms/AF2-test/AF2-CatGraph-test5/data/GAC/01_af2/5D3O.206.pdb,manifest_exact,source_if_available,source,/home/wms/AF2-test/AF2-CatGraph-test5/data/GAC/01_af2/5D3O.206.pdb,manifest_exact,,,
208,,208,GAC,GAC_AF2_0208,GAC.AF2rank208,GAC.AF2rank208.pdb,/home/wms/AF2-test/AF2-CatGraph-test5/data/GAC/01_af2_new/GAC.AF2rank208.pdb,/home/wms/AF2-test/AF2-CatGraph-test5/data/GAC/01_af2_new/GAC.AF2rank208.pdb,/home/wms/AF2-test/AF2-CatGraph-test5/data/GAC/01_af2/5D3O.207.pdb,manifest_exact,source_if_available,source,/home/wms/AF2-test/AF2-CatGraph-test5/data/GAC/01_af2/5D3O.207.pdb,manifest_exact,,,
209,,209,GAC,GAC_AF2_0209,GAC.AF2rank209,GAC.AF2rank209.pdb,/home/wms/AF2-test/AF2-CatGraph-test5/data/GAC/01_af2_new/GAC.AF2rank209.pdb,/home/wms/AF2-test/AF2-CatGraph-test5/data/GAC/01_af2_new/GAC.AF2rank209.pdb,/home/wms/AF2-test/AF2-CatGraph-test5/data/GAC/01_af2/5D3O.208.pdb,manifest_exact,source_if_available,source,/home/wms/AF2-test/AF2-CatGraph-test5/data/GAC/01_af2/5D3O.208.pdb,manifest_exact,,,
210,,210,GAC,GAC_AF2_0210,GAC.AF2rank210,GAC.AF2rank210.pdb,/home/wms/AF2-test/AF2-CatGraph-test5/data/GAC/01_af2_new/GAC.AF2rank210.pdb,/home/wms/AF2-test/AF2-CatGraph-test5/data/GAC/01_af2_new/GAC.AF2rank210.pdb,/home/wms/AF2-test/AF2-CatGraph-test5/data/GAC/01_af2/5D3O.209.pdb,manifest_exact,source_if_available,source,/home/wms/AF2-test/AF2-CatGraph-test5/data/GAC/01_af2/5D3O.209.pdb,manifest_exact,,,
211,,211,GAC,GAC_AF2_0211,GAC.AF2rank211,GAC.AF2rank211.pdb,/home/wms/AF2-test/AF2-CatGraph-test5/data/GAC/01_af2_new/GAC.AF2rank211.pdb,/home/wms/AF2-test/AF2-CatGraph-test5/data/GAC/01_af2_new/GAC.AF2rank211.pdb,/home/wms/AF2-test/AF2-CatGraph-test5/data/GAC/01_af2/5D3O.210.pdb,manifest_exact,source_if_available,source,/home/wms/AF2-test/AF2-CatGraph-test5/data/GAC/01_af2/5D3O.210.pdb,manifest_exact,,,
212,,212,GAC,GAC_AF2_0212,GAC.AF2rank212,GAC.AF2rank212.pdb,/home/wms/AF2-test/AF2-CatGraph-test5/data/GAC/01_af2_new/GAC.AF2rank212.pdb,/home/wms/AF2-test/AF2-CatGraph-test5/data/GAC/01_af2_new/GAC.AF2rank212.pdb,/home/wms/AF2-test/AF2-CatGraph-test5/data/GAC/01_af2/5D3O.211.pdb,manifest_exact,source_if_available,source,/home/wms/AF2-test/AF2-CatGraph-test5/data/GAC/01_af2/5D3O.211.pdb,manifest_exact,,,
213,,213,GAC,GAC_AF2_0213,GAC.AF2rank213,GAC.AF2rank213.pdb,/home/wms/AF2-test/AF2-CatGraph-test5/data/GAC/01_af2_new/GAC.AF2rank213.pdb,/home/wms/AF2-test/AF2-CatGraph-test5/data/GAC/01_af2_new/GAC.AF2rank213.pdb,/home/wms/AF2-test/AF2-CatGraph-test5/data/GAC/01_af2/5D3O.212.pdb,manifest_exact,source_if_available,source,/home/wms/AF2-test/AF2-CatGraph-test5/data/GAC/01_af2/5D3O.212.pdb,manifest_exact,,,
214,,214,GAC,GAC_AF2_0214,GAC.AF2rank214,GAC.AF2rank214.pdb,/home/wms/AF2-test/AF2-CatGraph-test5/data/GAC/01_af2_new/GAC.AF2rank214.pdb,/home/wms/AF2-test/AF2-CatGraph-test5/data/GAC/01_af2_new/GAC.AF2rank214.pdb,/home/wms/AF2-test/AF2-CatGraph-test5/data/GAC/01_af2/5D3O.213.pdb,manifest_exact,source_if_available,source,/home/wms/AF2-test/AF2-CatGraph-test5/data/GAC/01_af2/5D3O.213.pdb,manifest_exact,,,
215,,215,GAC,GAC_AF2_0215,GAC.AF2rank215,GAC.AF2rank215.pdb,/home/wms/AF2-test/AF2-CatGraph-test5/data/GAC/01_af2_new/GAC.AF2rank215.pdb,/home/wms/AF2-test/AF2-CatGraph-test5/data/GAC/01_af2_new/GAC.AF2rank215.pdb,/home/wms/AF2-test/AF2-CatGraph-test5/data/GAC/01_af2/5D3O.214.pdb,manifest_exact,source_if_available,source,/home/wms/AF2-test/AF2-CatGraph-test5/data/GAC/01_af2/5D3O.214.pdb,manifest_exact,,,
216,,216,GAC,GAC_AF2_0216,GAC.AF2rank216,GAC.AF2rank216.pdb,/home/wms/AF2-test/AF2-CatGraph-test5/data/GAC/01_af2_new/GAC.AF2rank216.pdb,/home/wms/AF2-test/AF2-CatGraph-test5/data/GAC/01_af2_new/GAC.AF2rank216.pdb,/home/wms/AF2-test/AF2-CatGraph-test5/data/GAC/01_af2/5D3O.215.pdb,manifest_exact,source_if_available,source,/home/wms/AF2-test/AF2-CatGraph-test5/data/GAC/01_af2/5D3O.215.pdb,manifest_exact,,,
217,,217,GAC,GAC_AF2_0217,GAC.AF2rank217,GAC.AF2rank217.pdb,/home/wms/AF2-test/AF2-CatGraph-test5/data/GAC/01_af2_new/GAC.AF2rank217.pdb,/home/wms/AF2-test/AF2-CatGraph-test5/data/GAC/01_af2_new/GAC.AF2rank217.pdb,/home/wms/AF2-test/AF2-CatGraph-test5/data/GAC/01_af2/5D3O.216.pdb,manifest_exact,source_if_available,source,/home/wms/AF2-test/AF2-CatGraph-test5/data/GAC/01_af2/5D3O.216.pdb,manifest_exact,,,
218,,218,GAC,GAC_AF2_0218,GAC.AF2rank218,GAC.AF2rank218.pdb,/home/wms/AF2-test/AF2-CatGraph-test5/data/GAC/01_af2_new/GAC.AF2rank218.pdb,/home/wms/AF2-test/AF2-CatGraph-test5/data/GAC/01_af2_new/GAC.AF2rank218.pdb,/home/wms/AF2-test/AF2-CatGraph-test5/data/GAC/01_af2/5D3O.217.pdb,manifest_exact,source_if_available,source,/home/wms/AF2-test/AF2-CatGraph-test5/data/GAC/01_af2/5D3O.217.pdb,manifest_exact,,,
219,,219,GAC,GAC_AF2_0219,GAC.AF2rank219,GAC.AF2rank219.pdb,/home/wms/AF2-test/AF2-CatGraph-test5/data/GAC/01_af2_new/GAC.AF2rank219.pdb,/home/wms/AF2-test/AF2-CatGraph-test5/data/GAC/01_af2_new/GAC.AF2rank219.pdb,/home/wms/AF2-test/AF2-CatGraph-test5/data/GAC/01_af2/5D3O.218.pdb,manifest_exact,source_if_available,source,/home/wms/AF2-test/AF2-CatGraph-test5/data/GAC/01_af2/5D3O.218.pdb,manifest_exact,,,
220,,220,GAC,GAC_AF2_0220,GAC.AF2rank220,GAC.AF2rank220.pdb,/home/wms/AF2-test/AF2-CatGraph-test5/data/GAC/01_af2_new/GAC.AF2rank220.pdb,/home/wms/AF2-test/AF2-CatGraph-test5/data/GAC/01_af2_new/GAC.AF2rank220.pdb,/home/wms/AF2-test/AF2-CatGraph-test5/data/GAC/01_af2/5D3O.219.pdb,manifest_exact,source_if_available,source,/home/wms/AF2-test/AF2-CatGraph-test5/data/GAC/01_af2/5D3O.219.pdb,manifest_exact,,,
221,,221,GAC,GAC_AF2_0221,GAC.AF2rank221,GAC.AF2rank221.pdb,/home/wms/AF2-test/AF2-CatGraph-test5/data/GAC/01_af2_new/GAC.AF2rank221.pdb,/home/wms/AF2-test/AF2-CatGraph-test5/data/GAC/01_af2_new/GAC.AF2rank221.pdb,/home/wms/AF2-test/AF2-CatGraph-test5/data/GAC/01_af2/5D3O.220.pdb,manifest_exact,source_if_available,source,/home/wms/AF2-test/AF2-CatGraph-test5/data/GAC/01_af2/5D3O.220.pdb,manifest_exact,,,
222,,222,GAC,GAC_AF2_0222,GAC.AF2rank222,GAC.AF2rank222.pdb,/home/wms/AF2-test/AF2-CatGraph-test5/data/GAC/01_af2_new/GAC.AF2rank222.pdb,/home/wms/AF2-test/AF2-CatGraph-test5/data/GAC/01_af2_new/GAC.AF2rank222.pdb,/home/wms/AF2-test/AF2-CatGraph-test5/data/GAC/01_af2/5D3O.221.pdb,manifest_exact,source_if_available,source,/home/wms/AF2-test/AF2-CatGraph-test5/data/GAC/01_af2/5D3O.221.pdb,manifest_exact,,,
223,,223,GAC,GAC_AF2_0223,GAC.AF2rank223,GAC.AF2rank223.pdb,/home/wms/AF2-test/AF2-CatGraph-test5/data/GAC/01_af2_new/GAC.AF2rank223.pdb,/home/wms/AF2-test/AF2-CatGraph-test5/data/GAC/01_af2_new/GAC.AF2rank223.pdb,/home/wms/AF2-test/AF2-CatGraph-test5/data/GAC/01_af2/5D3O.222.pdb,manifest_exact,source_if_available,source,/home/wms/AF2-test/AF2-CatGraph-test5/data/GAC/01_af2/5D3O.222.pdb,manifest_exact,,,
224,,224,GAC,GAC_AF2_0224,GAC.AF2rank224,GAC.AF2rank224.pdb,/home/wms/AF2-test/AF2-CatGraph-test5/data/GAC/01_af2_new/GAC.AF2rank224.pdb,/home/wms/AF2-test/AF2-CatGraph-test5/data/GAC/01_af2_new/GAC.AF2rank224.pdb,/home/wms/AF2-test/AF2-CatGraph-test5/data/GAC/01_af2/5D3O.223.pdb,manifest_exact,source_if_available,source,/home/wms/AF2-test/AF2-CatGraph-test5/data/GAC/01_af2/5D3O.223.pdb,manifest_exact,,,
225,,225,GAC,GAC_AF2_0225,GAC.AF2rank225,GAC.AF2rank225.pdb,/home/wms/AF2-test/AF2-CatGraph-test5/data/GAC/01_af2_new/GAC.AF2rank225.pdb,/home/wms/AF2-test/AF2-CatGraph-test5/data/GAC/01_af2_new/GAC.AF2rank225.pdb,/home/wms/AF2-test/AF2-CatGraph-test5/data/GAC/01_af2/5D3O.224.pdb,manifest_exact,source_if_available,source,/home/wms/AF2-test/AF2-CatGraph-test5/data/GAC/01_af2/5D3O.224.pdb,manifest_exact,,,
226,,226,GAC,GAC_AF2_0226,GAC.AF2rank226,GAC.AF2rank226.pdb,/home/wms/AF2-test/AF2-CatGraph-test5/data/GAC/01_af2_new/GAC.AF2rank226.pdb,/home/wms/AF2-test/AF2-CatGraph-test5/data/GAC/01_af2_new/GAC.AF2rank226.pdb,/home/wms/AF2-test/AF2-CatGraph-test5/data/GAC/01_af2/5D3O.225.pdb,manifest_exact,source_if_available,source,/home/wms/AF2-test/AF2-CatGraph-test5/data/GAC/01_af2/5D3O.225.pdb,manifest_exact,,,
227,,227,GAC,GAC_AF2_0227,GAC.AF2rank227,GAC.AF2rank227.pdb,/home/wms/AF2-test/AF2-CatGraph-test5/data/GAC/01_af2_new/GAC.AF2rank227.pdb,/home/wms/AF2-test/AF2-CatGraph-test5/data/GAC/01_af2_new/GAC.AF2rank227.pdb,/home/wms/AF2-test/AF2-CatGraph-test5/data/GAC/01_af2/5D3O.226.pdb,manifest_exact,source_if_available,source,/home/wms/AF2-test/AF2-CatGraph-test5/data/GAC/01_af2/5D3O.226.pdb,manifest_exact,,,
228,,228,GAC,GAC_AF2_0228,GAC.AF2rank228,GAC.AF2rank228.pdb,/home/wms/AF2-test/AF2-CatGraph-test5/data/GAC/01_af2_new/GAC.AF2rank228.pdb,/home/wms/AF2-test/AF2-CatGraph-test5/data/GAC/01_af2_new/GAC.AF2rank228.pdb,/home/wms/AF2-test/AF2-CatGraph-test5/data/GAC/01_af2/5D3O.227.pdb,manifest_exact,source_if_available,source,/home/wms/AF2-test/AF2-CatGraph-test5/data/GAC/01_af2/5D3O.227.pdb,manifest_exact,,,
229,,229,GAC,GAC_AF2_0229,GAC.AF2rank229,GAC.AF2rank229.pdb,/home/wms/AF2-test/AF2-CatGraph-test5/data/GAC/01_af2_new/GAC.AF2rank229.pdb,/home/wms/AF2-test/AF2-CatGraph-test5/data/GAC/01_af2_new/GAC.AF2rank229.pdb,/home/wms/AF2-test/AF2-CatGraph-test5/data/GAC/01_af2/5D3O.228.pdb,manifest_exact,source_if_available,source,/home/wms/AF2-test/AF2-CatGraph-test5/data/GAC/01_af2/5D3O.228.pdb,manifest_exact,,,
230,,230,GAC,GAC_AF2_0230,GAC.AF2rank230,GAC.AF2rank230.pdb,/home/wms/AF2-test/AF2-CatGraph-test5/data/GAC/01_af2_new/GAC.AF2rank230.pdb,/home/wms/AF2-test/AF2-CatGraph-test5/data/GAC/01_af2_new/GAC.AF2rank230.pdb,/home/wms/AF2-test/AF2-CatGraph-test5/data/GAC/01_af2/5D3O.229.pdb,manifest_exact,source_if_available,source,/home/wms/AF2-test/AF2-CatGraph-test5/data/GAC/01_af2/5D3O.229.pdb,manifest_exact,,,
231,,231,GAC,GAC_AF2_0231,GAC.AF2rank231,GAC.AF2rank231.pdb,/home/wms/AF2-test/AF2-CatGraph-test5/data/GAC/01_af2_new/GAC.AF2rank231.pdb,/home/wms/AF2-test/AF2-CatGraph-test5/data/GAC/01_af2_new/GAC.AF2rank231.pdb,/home/wms/AF2-test/AF2-CatGraph-test5/data/GAC/01_af2/5D3O.230.pdb,manifest_exact,source_if_available,source,/home/wms/AF2-test/AF2-CatGraph-test5/data/GAC/01_af2/5D3O.230.pdb,manifest_exact,,,
232,,232,GAC,GAC_AF2_0232,GAC.AF2rank232,GAC.AF2rank232.pdb,/home/wms/AF2-test/AF2-CatGraph-test5/data/GAC/01_af2_new/GAC.AF2rank232.pdb,/home/wms/AF2-test/AF2-CatGraph-test5/data/GAC/01_af2_new/GAC.AF2rank232.pdb,/home/wms/AF2-test/AF2-CatGraph-test5/data/GAC/01_af2/5D3O.231.pdb,manifest_exact,source_if_available,source,/home/wms/AF2-test/AF2-CatGraph-test5/data/GAC/01_af2/5D3O.231.pdb,manifest_exact,,,
233,,233,GAC,GAC_AF2_0233,GAC.AF2rank233,GAC.AF2rank233.pdb,/home/wms/AF2-test/AF2-CatGraph-test5/data/GAC/01_af2_new/GAC.AF2rank233.pdb,/home/wms/AF2-test/AF2-CatGraph-test5/data/GAC/01_af2_new/GAC.AF2rank233.pdb,/home/wms/AF2-test/AF2-CatGraph-test5/data/GAC/01_af2/5D3O.232.pdb,manifest_exact,source_if_available,source,/home/wms/AF2-test/AF2-CatGraph-test5/data/GAC/01_af2/5D3O.232.pdb,manifest_exact,,,
234,,234,GAC,GAC_AF2_0234,GAC.AF2rank234,GAC.AF2rank234.pdb,/home/wms/AF2-test/AF2-CatGraph-test5/data/GAC/01_af2_new/GAC.AF2rank234.pdb,/home/wms/AF2-test/AF2-CatGraph-test5/data/GAC/01_af2_new/GAC.AF2rank234.pdb,/home/wms/AF2-test/AF2-CatGraph-test5/data/GAC/01_af2/5D3O.233.pdb,manifest_exact,source_if_available,source,/home/wms/AF2-test/AF2-CatGraph-test5/data/GAC/01_af2/5D3O.233.pdb,manifest_exact,,,
235,,235,GAC,GAC_AF2_0235,GAC.AF2rank235,GAC.AF2rank235.pdb,/home/wms/AF2-test/AF2-CatGraph-test5/data/GAC/01_af2_new/GAC.AF2rank235.pdb,/home/wms/AF2-test/AF2-CatGraph-test5/data/GAC/01_af2_new/GAC.AF2rank235.pdb,/home/wms/AF2-test/AF2-CatGraph-test5/data/GAC/01_af2/5D3O.234.pdb,manifest_exact,source_if_available,source,/home/wms/AF2-test/AF2-CatGraph-test5/data/GAC/01_af2/5D3O.234.pdb,manifest_exact,,,
236,,236,GAC,GAC_AF2_0236,GAC.AF2rank236,GAC.AF2rank236.pdb,/home/wms/AF2-test/AF2-CatGraph-test5/data/GAC/01_af2_new/GAC.AF2rank236.pdb,/home/wms/AF2-test/AF2-CatGraph-test5/data/GAC/01_af2_new/GAC.AF2rank236.pdb,/home/wms/AF2-test/AF2-CatGraph-test5/data/GAC/01_af2/5D3O.235.pdb,manifest_exact,source_if_available,source,/home/wms/AF2-test/AF2-CatGraph-test5/data/GAC/01_af2/5D3O.235.pdb,manifest_exact,,,
237,,237,GAC,GAC_AF2_0237,GAC.AF2rank237,GAC.AF2rank237.pdb,/home/wms/AF2-test/AF2-CatGraph-test5/data/GAC/01_af2_new/GAC.AF2rank237.pdb,/home/wms/AF2-test/AF2-CatGraph-test5/data/GAC/01_af2_new/GAC.AF2rank237.pdb,/home/wms/AF2-test/AF2-CatGraph-test5/data/GAC/01_af2/5D3O.236.pdb,manifest_exact,source_if_available,source,/home/wms/AF2-test/AF2-CatGraph-test5/data/GAC/01_af2/5D3O.236.pdb,manifest_exact,,,
238,,238,GAC,GAC_AF2_0238,GAC.AF2rank238,GAC.AF2rank238.pdb,/home/wms/AF2-test/AF2-CatGraph-test5/data/GAC/01_af2_new/GAC.AF2rank238.pdb,/home/wms/AF2-test/AF2-CatGraph-test5/data/GAC/01_af2_new/GAC.AF2rank238.pdb,/home/wms/AF2-test/AF2-CatGraph-test5/data/GAC/01_af2/5D3O.237.pdb,manifest_exact,source_if_available,source,/home/wms/AF2-test/AF2-CatGraph-test5/data/GAC/01_af2/5D3O.237.pdb,manifest_exact,,,
239,,239,GAC,GAC_AF2_0239,GAC.AF2rank239,GAC.AF2rank239.pdb,/home/wms/AF2-test/AF2-CatGraph-test5/data/GAC/01_af2_new/GAC.AF2rank239.pdb,/home/wms/AF2-test/AF2-CatGraph-test5/data/GAC/01_af2_new/GAC.AF2rank239.pdb,/home/wms/AF2-test/AF2-CatGraph-test5/data/GAC/01_af2/5D3O.238.pdb,manifest_exact,source_if_available,source,/home/wms/AF2-test/AF2-CatGraph-test5/data/GAC/01_af2/5D3O.238.pdb,manifest_exact,,,
240,,240,GAC,GAC_AF2_0240,GAC.AF2rank240,GAC.AF2rank240.pdb,/home/wms/AF2-test/AF2-CatGraph-test5/data/GAC/01_af2_new/GAC.AF2rank240.pdb,/home/wms/AF2-test/AF2-CatGraph-test5/data/GAC/01_af2_new/GAC.AF2rank240.pdb,/home/wms/AF2-test/AF2-CatGraph-test5/data/GAC/01_af2/5D3O.239.pdb,manifest_exact,source_if_available,source,/home/wms/AF2-test/AF2-CatGraph-test5/data/GAC/01_af2/5D3O.239.pdb,manifest_exact,,,
241,,241,GAC,GAC_AF2_0241,GAC.AF2rank241,GAC.AF2rank241.pdb,/home/wms/AF2-test/AF2-CatGraph-test5/data/GAC/01_af2_new/GAC.AF2rank241.pdb,/home/wms/AF2-test/AF2-CatGraph-test5/data/GAC/01_af2_new/GAC.AF2rank241.pdb,/home/wms/AF2-test/AF2-CatGraph-test5/data/GAC/01_af2/5D3O.240.pdb,manifest_exact,source_if_available,source,/home/wms/AF2-test/AF2-CatGraph-test5/data/GAC/01_af2/5D3O.240.pdb,manifest_exact,,,
242,,242,GAC,GAC_AF2_0242,GAC.AF2rank242,GAC.AF2rank242.pdb,/home/wms/AF2-test/AF2-CatGraph-test5/data/GAC/01_af2_new/GAC.AF2rank242.pdb,/home/wms/AF2-test/AF2-CatGraph-test5/data/GAC/01_af2_new/GAC.AF2rank242.pdb,/home/wms/AF2-test/AF2-CatGraph-test5/data/GAC/01_af2/5D3O.241.pdb,manifest_exact,source_if_available,source,/home/wms/AF2-test/AF2-CatGraph-test5/data/GAC/01_af2/5D3O.241.pdb,manifest_exact,,,
243,,243,GAC,GAC_AF2_0243,GAC.AF2rank243,GAC.AF2rank243.pdb,/home/wms/AF2-test/AF2-CatGraph-test5/data/GAC/01_af2_new/GAC.AF2rank243.pdb,/home/wms/AF2-test/AF2-CatGraph-test5/data/GAC/01_af2_new/GAC.AF2rank243.pdb,/home/wms/AF2-test/AF2-CatGraph-test5/data/GAC/01_af2/5D3O.242.pdb,manifest_exact,source_if_available,source,/home/wms/AF2-test/AF2-CatGraph-test5/data/GAC/01_af2/5D3O.242.pdb,manifest_exact,,,
244,,244,GAC,GAC_AF2_0244,GAC.AF2rank244,GAC.AF2rank244.pdb,/home/wms/AF2-test/AF2-CatGraph-test5/data/GAC/01_af2_new/GAC.AF2rank244.pdb,/home/wms/AF2-test/AF2-CatGraph-test5/data/GAC/01_af2_new/GAC.AF2rank244.pdb,/home/wms/AF2-test/AF2-CatGraph-test5/data/GAC/01_af2/5D3O.243.pdb,manifest_exact,source_if_available,source,/home/wms/AF2-test/AF2-CatGraph-test5/data/GAC/01_af2/5D3O.243.pdb,manifest_exact,,,
245,,245,GAC,GAC_AF2_0245,GAC.AF2rank245,GAC.AF2rank245.pdb,/home/wms/AF2-test/AF2-CatGraph-test5/data/GAC/01_af2_new/GAC.AF2rank245.pdb,/home/wms/AF2-test/AF2-CatGraph-test5/data/GAC/01_af2_new/GAC.AF2rank245.pdb,/home/wms/AF2-test/AF2-CatGraph-test5/data/GAC/01_af2/5D3O.244.pdb,manifest_exact,source_if_available,source,/home/wms/AF2-test/AF2-CatGraph-test5/data/GAC/01_af2/5D3O.244.pdb,manifest_exact,,,
246,,246,GAC,GAC_AF2_0246,GAC.AF2rank246,GAC.AF2rank246.pdb,/home/wms/AF2-test/AF2-CatGraph-test5/data/GAC/01_af2_new/GAC.AF2rank246.pdb,/home/wms/AF2-test/AF2-CatGraph-test5/data/GAC/01_af2_new/GAC.AF2rank246.pdb,/home/wms/AF2-test/AF2-CatGraph-test5/data/GAC/01_af2/5D3O.245.pdb,manifest_exact,source_if_available,source,/home/wms/AF2-test/AF2-CatGraph-test5/data/GAC/01_af2/5D3O.245.pdb,manifest_exact,,,
247,,247,GAC,GAC_AF2_0247,GAC.AF2rank247,GAC.AF2rank247.pdb,/home/wms/AF2-test/AF2-CatGraph-test5/data/GAC/01_af2_new/GAC.AF2rank247.pdb,/home/wms/AF2-test/AF2-CatGraph-test5/data/GAC/01_af2_new/GAC.AF2rank247.pdb,/home/wms/AF2-test/AF2-CatGraph-test5/data/GAC/01_af2/5D3O.246.pdb,manifest_exact,source_if_available,source,/home/wms/AF2-test/AF2-CatGraph-test5/data/GAC/01_af2/5D3O.246.pdb,manifest_exact,,,
248,,248,GAC,GAC_AF2_0248,GAC.AF2rank248,GAC.AF2rank248.pdb,/home/wms/AF2-test/AF2-CatGraph-test5/data/GAC/01_af2_new/GAC.AF2rank248.pdb,/home/wms/AF2-test/AF2-CatGraph-test5/data/GAC/01_af2_new/GAC.AF2rank248.pdb,/home/wms/AF2-test/AF2-CatGraph-test5/data/GAC/01_af2/5D3O.247.pdb,manifest_exact,source_if_available,source,/home/wms/AF2-test/AF2-CatGraph-test5/data/GAC/01_af2/5D3O.247.pdb,manifest_exact,,,
249,,249,GAC,GAC_AF2_0249,GAC.AF2rank249,GAC.AF2rank249.pdb,/home/wms/AF2-test/AF2-CatGraph-test5/data/GAC/01_af2_new/GAC.AF2rank249.pdb,/home/wms/AF2-test/AF2-CatGraph-test5/data/GAC/01_af2_new/GAC.AF2rank249.pdb,/home/wms/AF2-test/AF2-CatGraph-test5/data/GAC/01_af2/5D3O.248.pdb,manifest_exact,source_if_available,source,/home/wms/AF2-test/AF2-CatGraph-test5/data/GAC/01_af2/5D3O.248.pdb,manifest_exact,,,
250,,250,GAC,GAC_AF2_0250,GAC.AF2rank250,GAC.AF2rank250.pdb,/home/wms/AF2-test/AF2-CatGraph-test5/data/GAC/01_af2_new/GAC.AF2rank250.pdb,/home/wms/AF2-test/AF2-CatGraph-test5/data/GAC/01_af2_new/GAC.AF2rank250.pdb,/home/wms/AF2-test/AF2-CatGraph-test5/data/GAC/01_af2/5D3O.249.pdb,manifest_exact,source_if_available,source,/home/wms/AF2-test/AF2-CatGraph-test5/data/GAC/01_af2/5D3O.249.pdb,manifest_exact,,,
251,,251,GAC,GAC_AF2_0251,GAC.AF2rank251,GAC.AF2rank251.pdb,/home/wms/AF2-test/AF2-CatGraph-test5/data/GAC/01_af2_new/GAC.AF2rank251.pdb,/home/wms/AF2-test/AF2-CatGraph-test5/data/GAC/01_af2_new/GAC.AF2rank251.pdb,/home/wms/AF2-test/AF2-CatGraph-test5/data/GAC/01_af2/5D3O.250.pdb,manifest_exact,source_if_available,source,/home/wms/AF2-test/AF2-CatGraph-test5/data/GAC/01_af2/5D3O.250.pdb,manifest_exact,,,
252,,252,GAC,GAC_AF2_0252,GAC.AF2rank252,GAC.AF2rank252.pdb,/home/wms/AF2-test/AF2-CatGraph-test5/data/GAC/01_af2_new/GAC.AF2rank252.pdb,/home/wms/AF2-test/AF2-CatGraph-test5/data/GAC/01_af2_new/GAC.AF2rank252.pdb,/home/wms/AF2-test/AF2-CatGraph-test5/data/GAC/01_af2/5D3O.251.pdb,manifest_exact,source_if_available,source,/home/wms/AF2-test/AF2-CatGraph-test5/data/GAC/01_af2/5D3O.251.pdb,manifest_exact,,,
253,,253,GAC,GAC_AF2_0253,GAC.AF2rank253,GAC.AF2rank253.pdb,/home/wms/AF2-test/AF2-CatGraph-test5/data/GAC/01_af2_new/GAC.AF2rank253.pdb,/home/wms/AF2-test/AF2-CatGraph-test5/data/GAC/01_af2_new/GAC.AF2rank253.pdb,/home/wms/AF2-test/AF2-CatGraph-test5/data/GAC/01_af2/5D3O.252.pdb,manifest_exact,source_if_available,source,/home/wms/AF2-test/AF2-CatGraph-test5/data/GAC/01_af2/5D3O.252.pdb,manifest_exact,,,
254,,254,GAC,GAC_AF2_0254,GAC.AF2rank254,GAC.AF2rank254.pdb,/home/wms/AF2-test/AF2-CatGraph-test5/data/GAC/01_af2_new/GAC.AF2rank254.pdb,/home/wms/AF2-test/AF2-CatGraph-test5/data/GAC/01_af2_new/GAC.AF2rank254.pdb,/home/wms/AF2-test/AF2-CatGraph-test5/data/GAC/01_af2/5D3O.253.pdb,manifest_exact,source_if_available,source,/home/wms/AF2-test/AF2-CatGraph-test5/data/GAC/01_af2/5D3O.253.pdb,manifest_exact,,,
255,,255,GAC,GAC_AF2_0255,GAC.AF2rank255,GAC.AF2rank255.pdb,/home/wms/AF2-test/AF2-CatGraph-test5/data/GAC/01_af2_new/GAC.AF2rank255.pdb,/home/wms/AF2-test/AF2-CatGraph-test5/data/GAC/01_af2_new/GAC.AF2rank255.pdb,/home/wms/AF2-test/AF2-CatGraph-test5/data/GAC/01_af2/5D3O.254.pdb,manifest_exact,source_if_available,source,/home/wms/AF2-test/AF2-CatGraph-test5/data/GAC/01_af2/5D3O.254.pdb,manifest_exact,,,
256,,256,GAC,GAC_AF2_0256,GAC.AF2rank256,GAC.AF2rank256.pdb,/home/wms/AF2-test/AF2-CatGraph-test5/data/GAC/01_af2_new/GAC.AF2rank256.pdb,/home/wms/AF2-test/AF2-CatGraph-test5/data/GAC/01_af2_new/GAC.AF2rank256.pdb,/home/wms/AF2-test/AF2-CatGraph-test5/data/GAC/01_af2/5D3O.255.pdb,manifest_exact,source_if_available,source,/home/wms/AF2-test/AF2-CatGraph-test5/data/GAC/01_af2/5D3O.255.pdb,manifest_exact,,,
257,,257,GAC,GAC_AF2_0257,GAC.AF2rank257,GAC.AF2rank257.pdb,/home/wms/AF2-test/AF2-CatGraph-test5/data/GAC/01_af2_new/GAC.AF2rank257.pdb,/home/wms/AF2-test/AF2-CatGraph-test5/data/GAC/01_af2_new/GAC.AF2rank257.pdb,/home/wms/AF2-test/AF2-CatGraph-test5/data/GAC/01_af2/5D3O.256.pdb,manifest_exact,source_if_available,source,/home/wms/AF2-test/AF2-CatGraph-test5/data/GAC/01_af2/5D3O.256.pdb,manifest_exact,,,
258,,258,GAC,GAC_AF2_0258,GAC.AF2rank258,GAC.AF2rank258.pdb,/home/wms/AF2-test/AF2-CatGraph-test5/data/GAC/01_af2_new/GAC.AF2rank258.pdb,/home/wms/AF2-test/AF2-CatGraph-test5/data/GAC/01_af2_new/GAC.AF2rank258.pdb,/home/wms/AF2-test/AF2-CatGraph-test5/data/GAC/01_af2/5D3O.257.pdb,manifest_exact,source_if_available,source,/home/wms/AF2-test/AF2-CatGraph-test5/data/GAC/01_af2/5D3O.257.pdb,manifest_exact,,,
259,,259,GAC,GAC_AF2_0259,GAC.AF2rank259,GAC.AF2rank259.pdb,/home/wms/AF2-test/AF2-CatGraph-test5/data/GAC/01_af2_new/GAC.AF2rank259.pdb,/home/wms/AF2-test/AF2-CatGraph-test5/data/GAC/01_af2_new/GAC.AF2rank259.pdb,/home/wms/AF2-test/AF2-CatGraph-test5/data/GAC/01_af2/5D3O.258.pdb,manifest_exact,source_if_available,source,/home/wms/AF2-test/AF2-CatGraph-test5/data/GAC/01_af2/5D3O.258.pdb,manifest_exact,,,
260,,260,GAC,GAC_AF2_0260,GAC.AF2rank260,GAC.AF2rank260.pdb,/home/wms/AF2-test/AF2-CatGraph-test5/data/GAC/01_af2_new/GAC.AF2rank260.pdb,/home/wms/AF2-test/AF2-CatGraph-test5/data/GAC/01_af2_new/GAC.AF2rank260.pdb,/home/wms/AF2-test/AF2-CatGraph-test5/data/GAC/01_af2/5D3O.259.pdb,manifest_exact,source_if_available,source,/home/wms/AF2-test/AF2-CatGraph-test5/data/GAC/01_af2/5D3O.259.pdb,manifest_exact,,,
261,,261,GAC,GAC_AF2_0261,GAC.AF2rank261,GAC.AF2rank261.pdb,/home/wms/AF2-test/AF2-CatGraph-test5/data/GAC/01_af2_new/GAC.AF2rank261.pdb,/home/wms/AF2-test/AF2-CatGraph-test5/data/GAC/01_af2_new/GAC.AF2rank261.pdb,/home/wms/AF2-test/AF2-CatGraph-test5/data/GAC/01_af2/5D3O.260.pdb,manifest_exact,source_if_available,source,/home/wms/AF2-test/AF2-CatGraph-test5/data/GAC/01_af2/5D3O.260.pdb,manifest_exact,,,
262,,262,GAC,GAC_AF2_0262,GAC.AF2rank262,GAC.AF2rank262.pdb,/home/wms/AF2-test/AF2-CatGraph-test5/data/GAC/01_af2_new/GAC.AF2rank262.pdb,/home/wms/AF2-test/AF2-CatGraph-test5/data/GAC/01_af2_new/GAC.AF2rank262.pdb,/home/wms/AF2-test/AF2-CatGraph-test5/data/GAC/01_af2/5D3O.261.pdb,manifest_exact,source_if_available,source,/home/wms/AF2-test/AF2-CatGraph-test5/data/GAC/01_af2/5D3O.261.pdb,manifest_exact,,,
263,,263,GAC,GAC_AF2_0263,GAC.AF2rank263,GAC.AF2rank263.pdb,/home/wms/AF2-test/AF2-CatGraph-test5/data/GAC/01_af2_new/GAC.AF2rank263.pdb,/home/wms/AF2-test/AF2-CatGraph-test5/data/GAC/01_af2_new/GAC.AF2rank263.pdb,/home/wms/AF2-test/AF2-CatGraph-test5/data/GAC/01_af2/5D3O.262.pdb,manifest_exact,source_if_available,source,/home/wms/AF2-test/AF2-CatGraph-test5/data/GAC/01_af2/5D3O.262.pdb,manifest_exact,,,
264,,264,GAC,GAC_AF2_0264,GAC.AF2rank264,GAC.AF2rank264.pdb,/home/wms/AF2-test/AF2-CatGraph-test5/data/GAC/01_af2_new/GAC.AF2rank264.pdb,/home/wms/AF2-test/AF2-CatGraph-test5/data/GAC/01_af2_new/GAC.AF2rank264.pdb,/home/wms/AF2-test/AF2-CatGraph-test5/data/GAC/01_af2/5D3O.263.pdb,manifest_exact,source_if_available,source,/home/wms/AF2-test/AF2-CatGraph-test5/data/GAC/01_af2/5D3O.263.pdb,manifest_exact,,,
