input_order,standard_structure_id,output_complex_basename,output_pdb_code,output_rank_token,source_pdb_basename,source_pdb_stem,source_pdb,complex_pdb_path,template_protein_pdb_path,ligand_pdb_path,ligand_order_manifest_path,active_ligand_pdb_order,input_ligand_resname_order,ligand_input_branch,ligand_pdb_count,n_ligand_atoms,workflow_profile,docking_alignment_mode,legacy_compatible,compatibility_reason,matched_ca_count,sequence_identity,alignment_coverage,alignment_rmsd,status,error_message,protein_atom_count,ligand_atom_count,clash_count,clash_score,min_distance,min_clash_distance,clash_max,pass_clash,weighted_direction,clash_method,neighbor_search_cutoff,radius_angstrom,catalytic_residue_count,catalytic_mean_plddt,catalytic_median_plddt,catalytic_p10_plddt,catalytic_min_plddt,catalytic_max_plddt,mean_plddt_min,p10_plddt_min,pass_catalytic_region_plddt,plddt_pdb_path
1,PTP1B_1,PTP1B_1_complex.pdb,PTP1B,1,PTP1B.AF2rank1.pdb,PTP1B.AF2rank1,/home/wms/AF2-test/AF2-CatGraph/data/PTP1B/01_af2_new/PTP1B.AF2rank1.pdb,/home/wms/AF2-test/AF2-CatGraph/results/PTP1B/02_template_guided_docking/complexes/PTP1B_1_complex.pdb,/home/wms/AF2-test/AF2-CatGraph/data/PTP1B/02_templates/template.pdb,/home/wms/AF2-test/AF2-CatGraph/data/PTP1B/02_templates/ligand.pdb,results/PTP1B/02_template_guided_docking/tables/PTP1B_step02_ligand_order_manifest.csv,/home/wms/AF2-test/AF2-CatGraph/data/PTP1B/02_templates/ligand.pdb,LIG,untrimmed_input,1,17,standard,dock_py_exact,True,single_chain_same_length_same_ordered_sequence,299,1.0,1.0,,passed,,2442,17,6,1.6267949647568618,2.0506130386827066,2.0506130386827066,10,True,"(0.0, 0.0, 0.0)",collision_py_exact,5.0,6.0,15,94.00133333333333,95.56,91.24,77.5,98.0,90.0,80.0,True,/home/wms/AF2-test/AF2-CatGraph/results/PTP1B/02_template_guided_docking/complexes/PTP1B_1_complex.pdb
3,PTP1B_3,PTP1B_3_complex.pdb,PTP1B,3,PTP1B.AF2rank3.pdb,PTP1B.AF2rank3,/home/wms/AF2-test/AF2-CatGraph/data/PTP1B/01_af2_new/PTP1B.AF2rank3.pdb,/home/wms/AF2-test/AF2-CatGraph/results/PTP1B/02_template_guided_docking/complexes/PTP1B_3_complex.pdb,/home/wms/AF2-test/AF2-CatGraph/data/PTP1B/02_templates/template.pdb,/home/wms/AF2-test/AF2-CatGraph/data/PTP1B/02_templates/ligand.pdb,results/PTP1B/02_template_guided_docking/tables/PTP1B_step02_ligand_order_manifest.csv,/home/wms/AF2-test/AF2-CatGraph/data/PTP1B/02_templates/ligand.pdb,LIG,untrimmed_input,1,17,standard,dock_py_exact,True,single_chain_same_length_same_ordered_sequence,299,1.0,1.0,,passed,,2442,17,8,1.6128892500640442,2.1780617828328723,2.1780617828328723,10,True,"(0.0, 0.0, 0.0)",collision_py_exact,5.0,6.0,15,93.28866666666666,95.19,91.612,71.69,97.38,90.0,80.0,True,/home/wms/AF2-test/AF2-CatGraph/results/PTP1B/02_template_guided_docking/complexes/PTP1B_3_complex.pdb
4,PTP1B_4,PTP1B_4_complex.pdb,PTP1B,4,PTP1B.AF2rank4.pdb,PTP1B.AF2rank4,/home/wms/AF2-test/AF2-CatGraph/data/PTP1B/01_af2_new/PTP1B.AF2rank4.pdb,/home/wms/AF2-test/AF2-CatGraph/results/PTP1B/02_template_guided_docking/complexes/PTP1B_4_complex.pdb,/home/wms/AF2-test/AF2-CatGraph/data/PTP1B/02_templates/template.pdb,/home/wms/AF2-test/AF2-CatGraph/data/PTP1B/02_templates/ligand.pdb,results/PTP1B/02_template_guided_docking/tables/PTP1B_step02_ligand_order_manifest.csv,/home/wms/AF2-test/AF2-CatGraph/data/PTP1B/02_templates/ligand.pdb,LIG,untrimmed_input,1,17,standard,dock_py_exact,True,single_chain_same_length_same_ordered_sequence,299,1.0,1.0,,passed,,2442,17,7,1.4573449783806385,2.251615478697969,2.251615478697969,10,True,"(0.0, 0.0, 0.0)",collision_py_exact,5.0,6.0,16,94.36,95.875,93.22,74.69,97.88,90.0,80.0,True,/home/wms/AF2-test/AF2-CatGraph/results/PTP1B/02_template_guided_docking/complexes/PTP1B_4_complex.pdb
5,PTP1B_5,PTP1B_5_complex.pdb,PTP1B,5,PTP1B.AF2rank5.pdb,PTP1B.AF2rank5,/home/wms/AF2-test/AF2-CatGraph/data/PTP1B/01_af2_new/PTP1B.AF2rank5.pdb,/home/wms/AF2-test/AF2-CatGraph/results/PTP1B/02_template_guided_docking/complexes/PTP1B_5_complex.pdb,/home/wms/AF2-test/AF2-CatGraph/data/PTP1B/02_templates/template.pdb,/home/wms/AF2-test/AF2-CatGraph/data/PTP1B/02_templates/ligand.pdb,results/PTP1B/02_template_guided_docking/tables/PTP1B_step02_ligand_order_manifest.csv,/home/wms/AF2-test/AF2-CatGraph/data/PTP1B/02_templates/ligand.pdb,LIG,untrimmed_input,1,17,standard,dock_py_exact,True,single_chain_same_length_same_ordered_sequence,299,1.0,1.0,,passed,,2442,17,7,1.237938273715998,2.239563740473371,2.239563740473371,10,True,"(0.0, 0.0, 0.0)",collision_py_exact,5.0,6.0,16,93.41312500000001,95.09,91.53,70.88,97.5,90.0,80.0,True,/home/wms/AF2-test/AF2-CatGraph/results/PTP1B/02_template_guided_docking/complexes/PTP1B_5_complex.pdb
6,PTP1B_6,PTP1B_6_complex.pdb,PTP1B,6,PTP1B.AF2rank6.pdb,PTP1B.AF2rank6,/home/wms/AF2-test/AF2-CatGraph/data/PTP1B/01_af2_new/PTP1B.AF2rank6.pdb,/home/wms/AF2-test/AF2-CatGraph/results/PTP1B/02_template_guided_docking/complexes/PTP1B_6_complex.pdb,/home/wms/AF2-test/AF2-CatGraph/data/PTP1B/02_templates/template.pdb,/home/wms/AF2-test/AF2-CatGraph/data/PTP1B/02_templates/ligand.pdb,results/PTP1B/02_template_guided_docking/tables/PTP1B_step02_ligand_order_manifest.csv,/home/wms/AF2-test/AF2-CatGraph/data/PTP1B/02_templates/ligand.pdb,LIG,untrimmed_input,1,17,standard,dock_py_exact,True,single_chain_same_length_same_ordered_sequence,299,1.0,1.0,,passed,,2442,17,6,1.5232784672476858,2.073943683101548,2.073943683101548,10,True,"(0.0, 0.0, 0.0)",collision_py_exact,5.0,6.0,17,95.10882352941177,96.44,90.026,85.25,98.5,90.0,80.0,True,/home/wms/AF2-test/AF2-CatGraph/results/PTP1B/02_template_guided_docking/complexes/PTP1B_6_complex.pdb
7,PTP1B_7,PTP1B_7_complex.pdb,PTP1B,7,PTP1B.AF2rank7.pdb,PTP1B.AF2rank7,/home/wms/AF2-test/AF2-CatGraph/data/PTP1B/01_af2_new/PTP1B.AF2rank7.pdb,/home/wms/AF2-test/AF2-CatGraph/results/PTP1B/02_template_guided_docking/complexes/PTP1B_7_complex.pdb,/home/wms/AF2-test/AF2-CatGraph/data/PTP1B/02_templates/template.pdb,/home/wms/AF2-test/AF2-CatGraph/data/PTP1B/02_templates/ligand.pdb,results/PTP1B/02_template_guided_docking/tables/PTP1B_step02_ligand_order_manifest.csv,/home/wms/AF2-test/AF2-CatGraph/data/PTP1B/02_templates/ligand.pdb,LIG,untrimmed_input,1,17,standard,dock_py_exact,True,single_chain_same_length_same_ordered_sequence,299,1.0,1.0,,passed,,2442,17,6,1.839944578119495,2.097015525645842,2.097015525645842,10,True,"(0.0, 0.0, 0.0)",collision_py_exact,5.0,6.0,17,93.37529411764706,95.5,87.116,74.81,98.0,90.0,80.0,True,/home/wms/AF2-test/AF2-CatGraph/results/PTP1B/02_template_guided_docking/complexes/PTP1B_7_complex.pdb
8,PTP1B_8,PTP1B_8_complex.pdb,PTP1B,8,PTP1B.AF2rank8.pdb,PTP1B.AF2rank8,/home/wms/AF2-test/AF2-CatGraph/data/PTP1B/01_af2_new/PTP1B.AF2rank8.pdb,/home/wms/AF2-test/AF2-CatGraph/results/PTP1B/02_template_guided_docking/complexes/PTP1B_8_complex.pdb,/home/wms/AF2-test/AF2-CatGraph/data/PTP1B/02_templates/template.pdb,/home/wms/AF2-test/AF2-CatGraph/data/PTP1B/02_templates/ligand.pdb,results/PTP1B/02_template_guided_docking/tables/PTP1B_step02_ligand_order_manifest.csv,/home/wms/AF2-test/AF2-CatGraph/data/PTP1B/02_templates/ligand.pdb,LIG,untrimmed_input,1,17,standard,dock_py_exact,True,single_chain_same_length_same_ordered_sequence,299,1.0,1.0,,passed,,2442,17,5,1.0337060673183212,2.139720066658595,2.139720066658595,10,True,"(0.0, 0.0, 0.0)",collision_py_exact,5.0,6.0,17,94.00235294117647,96.06,88.348,79.69,97.88,90.0,80.0,True,/home/wms/AF2-test/AF2-CatGraph/results/PTP1B/02_template_guided_docking/complexes/PTP1B_8_complex.pdb
9,PTP1B_9,PTP1B_9_complex.pdb,PTP1B,9,PTP1B.AF2rank9.pdb,PTP1B.AF2rank9,/home/wms/AF2-test/AF2-CatGraph/data/PTP1B/01_af2_new/PTP1B.AF2rank9.pdb,/home/wms/AF2-test/AF2-CatGraph/results/PTP1B/02_template_guided_docking/complexes/PTP1B_9_complex.pdb,/home/wms/AF2-test/AF2-CatGraph/data/PTP1B/02_templates/template.pdb,/home/wms/AF2-test/AF2-CatGraph/data/PTP1B/02_templates/ligand.pdb,results/PTP1B/02_template_guided_docking/tables/PTP1B_step02_ligand_order_manifest.csv,/home/wms/AF2-test/AF2-CatGraph/data/PTP1B/02_templates/ligand.pdb,LIG,untrimmed_input,1,17,standard,dock_py_exact,True,single_chain_same_length_same_ordered_sequence,299,1.0,1.0,,passed,,2442,17,6,2.302167719525236,2.022523367042597,2.022523367042597,10,True,"(0.0, 0.0, 0.0)",collision_py_exact,5.0,6.0,17,93.69411764705882,95.94,87.696,77.81,98.25,90.0,80.0,True,/home/wms/AF2-test/AF2-CatGraph/results/PTP1B/02_template_guided_docking/complexes/PTP1B_9_complex.pdb
10,PTP1B_10,PTP1B_10_complex.pdb,PTP1B,10,PTP1B.AF2rank10.pdb,PTP1B.AF2rank10,/home/wms/AF2-test/AF2-CatGraph/data/PTP1B/01_af2_new/PTP1B.AF2rank10.pdb,/home/wms/AF2-test/AF2-CatGraph/results/PTP1B/02_template_guided_docking/complexes/PTP1B_10_complex.pdb,/home/wms/AF2-test/AF2-CatGraph/data/PTP1B/02_templates/template.pdb,/home/wms/AF2-test/AF2-CatGraph/data/PTP1B/02_templates/ligand.pdb,results/PTP1B/02_template_guided_docking/tables/PTP1B_step02_ligand_order_manifest.csv,/home/wms/AF2-test/AF2-CatGraph/data/PTP1B/02_templates/ligand.pdb,LIG,untrimmed_input,1,17,standard,dock_py_exact,True,single_chain_same_length_same_ordered_sequence,299,1.0,1.0,,passed,,2442,17,6,1.744536415382187,2.166955576682133,2.166955576682133,10,True,"(0.0, 0.0, 0.0)",collision_py_exact,5.0,6.0,17,93.71235294117648,95.81,88.962,75.81,97.81,90.0,80.0,True,/home/wms/AF2-test/AF2-CatGraph/results/PTP1B/02_template_guided_docking/complexes/PTP1B_10_complex.pdb
11,PTP1B_11,PTP1B_11_complex.pdb,PTP1B,11,PTP1B.AF2rank11.pdb,PTP1B.AF2rank11,/home/wms/AF2-test/AF2-CatGraph/data/PTP1B/01_af2_new/PTP1B.AF2rank11.pdb,/home/wms/AF2-test/AF2-CatGraph/results/PTP1B/02_template_guided_docking/complexes/PTP1B_11_complex.pdb,/home/wms/AF2-test/AF2-CatGraph/data/PTP1B/02_templates/template.pdb,/home/wms/AF2-test/AF2-CatGraph/data/PTP1B/02_templates/ligand.pdb,results/PTP1B/02_template_guided_docking/tables/PTP1B_step02_ligand_order_manifest.csv,/home/wms/AF2-test/AF2-CatGraph/data/PTP1B/02_templates/ligand.pdb,LIG,untrimmed_input,1,17,standard,dock_py_exact,True,single_chain_same_length_same_ordered_sequence,299,1.0,1.0,,passed,,2442,17,7,2.0514393753141507,2.0802550763038057,2.0802550763038057,10,True,"(0.0, 0.0, 0.0)",collision_py_exact,5.0,6.0,17,94.47411764705883,96.44,89.104,78.5,98.38,90.0,80.0,True,/home/wms/AF2-test/AF2-CatGraph/results/PTP1B/02_template_guided_docking/complexes/PTP1B_11_complex.pdb
12,PTP1B_12,PTP1B_12_complex.pdb,PTP1B,12,PTP1B.AF2rank12.pdb,PTP1B.AF2rank12,/home/wms/AF2-test/AF2-CatGraph/data/PTP1B/01_af2_new/PTP1B.AF2rank12.pdb,/home/wms/AF2-test/AF2-CatGraph/results/PTP1B/02_template_guided_docking/complexes/PTP1B_12_complex.pdb,/home/wms/AF2-test/AF2-CatGraph/data/PTP1B/02_templates/template.pdb,/home/wms/AF2-test/AF2-CatGraph/data/PTP1B/02_templates/ligand.pdb,results/PTP1B/02_template_guided_docking/tables/PTP1B_step02_ligand_order_manifest.csv,/home/wms/AF2-test/AF2-CatGraph/data/PTP1B/02_templates/ligand.pdb,LIG,untrimmed_input,1,17,standard,dock_py_exact,True,single_chain_same_length_same_ordered_sequence,299,1.0,1.0,,passed,,2442,17,3,0.6925065679904958,2.1697543899611227,2.1697543899611227,10,True,"(0.0, 0.0, 0.0)",collision_py_exact,5.0,6.0,17,93.90470588235294,96.25,88.352,76.5,97.94,90.0,80.0,True,/home/wms/AF2-test/AF2-CatGraph/results/PTP1B/02_template_guided_docking/complexes/PTP1B_12_complex.pdb
13,PTP1B_13,PTP1B_13_complex.pdb,PTP1B,13,PTP1B.AF2rank13.pdb,PTP1B.AF2rank13,/home/wms/AF2-test/AF2-CatGraph/data/PTP1B/01_af2_new/PTP1B.AF2rank13.pdb,/home/wms/AF2-test/AF2-CatGraph/results/PTP1B/02_template_guided_docking/complexes/PTP1B_13_complex.pdb,/home/wms/AF2-test/AF2-CatGraph/data/PTP1B/02_templates/template.pdb,/home/wms/AF2-test/AF2-CatGraph/data/PTP1B/02_templates/ligand.pdb,results/PTP1B/02_template_guided_docking/tables/PTP1B_step02_ligand_order_manifest.csv,/home/wms/AF2-test/AF2-CatGraph/data/PTP1B/02_templates/ligand.pdb,LIG,untrimmed_input,1,17,standard,dock_py_exact,True,single_chain_same_length_same_ordered_sequence,299,1.0,1.0,,passed,,2442,17,3,0.7942951098130857,2.1176017774801053,2.1176017774801053,10,True,"(0.0, 0.0, 0.0)",collision_py_exact,5.0,6.0,17,93.82705882352941,95.75,88.626,76.19,97.81,90.0,80.0,True,/home/wms/AF2-test/AF2-CatGraph/results/PTP1B/02_template_guided_docking/complexes/PTP1B_13_complex.pdb
14,PTP1B_14,PTP1B_14_complex.pdb,PTP1B,14,PTP1B.AF2rank14.pdb,PTP1B.AF2rank14,/home/wms/AF2-test/AF2-CatGraph/data/PTP1B/01_af2_new/PTP1B.AF2rank14.pdb,/home/wms/AF2-test/AF2-CatGraph/results/PTP1B/02_template_guided_docking/complexes/PTP1B_14_complex.pdb,/home/wms/AF2-test/AF2-CatGraph/data/PTP1B/02_templates/template.pdb,/home/wms/AF2-test/AF2-CatGraph/data/PTP1B/02_templates/ligand.pdb,results/PTP1B/02_template_guided_docking/tables/PTP1B_step02_ligand_order_manifest.csv,/home/wms/AF2-test/AF2-CatGraph/data/PTP1B/02_templates/ligand.pdb,LIG,untrimmed_input,1,17,standard,dock_py_exact,True,single_chain_same_length_same_ordered_sequence,299,1.0,1.0,,passed,,2442,17,7,2.027913082628586,2.074294574824608,2.074294574824608,10,True,"(0.0, 0.0, 0.0)",collision_py_exact,5.0,6.0,17,93.01411764705881,95.5,85.712,72.81,98.06,90.0,80.0,True,/home/wms/AF2-test/AF2-CatGraph/results/PTP1B/02_template_guided_docking/complexes/PTP1B_14_complex.pdb
15,PTP1B_15,PTP1B_15_complex.pdb,PTP1B,15,PTP1B.AF2rank15.pdb,PTP1B.AF2rank15,/home/wms/AF2-test/AF2-CatGraph/data/PTP1B/01_af2_new/PTP1B.AF2rank15.pdb,/home/wms/AF2-test/AF2-CatGraph/results/PTP1B/02_template_guided_docking/complexes/PTP1B_15_complex.pdb,/home/wms/AF2-test/AF2-CatGraph/data/PTP1B/02_templates/template.pdb,/home/wms/AF2-test/AF2-CatGraph/data/PTP1B/02_templates/ligand.pdb,results/PTP1B/02_template_guided_docking/tables/PTP1B_step02_ligand_order_manifest.csv,/home/wms/AF2-test/AF2-CatGraph/data/PTP1B/02_templates/ligand.pdb,LIG,untrimmed_input,1,17,standard,dock_py_exact,True,single_chain_same_length_same_ordered_sequence,299,1.0,1.0,,passed,,2442,17,5,0.8941603888095391,2.2023670207656054,2.2023670207656054,10,True,"(0.0, 0.0, 0.0)",collision_py_exact,5.0,6.0,17,93.77941176470588,95.81,88.462,76.5,97.69,90.0,80.0,True,/home/wms/AF2-test/AF2-CatGraph/results/PTP1B/02_template_guided_docking/complexes/PTP1B_15_complex.pdb
16,PTP1B_16,PTP1B_16_complex.pdb,PTP1B,16,PTP1B.AF2rank16.pdb,PTP1B.AF2rank16,/home/wms/AF2-test/AF2-CatGraph/data/PTP1B/01_af2_new/PTP1B.AF2rank16.pdb,/home/wms/AF2-test/AF2-CatGraph/results/PTP1B/02_template_guided_docking/complexes/PTP1B_16_complex.pdb,/home/wms/AF2-test/AF2-CatGraph/data/PTP1B/02_templates/template.pdb,/home/wms/AF2-test/AF2-CatGraph/data/PTP1B/02_templates/ligand.pdb,results/PTP1B/02_template_guided_docking/tables/PTP1B_step02_ligand_order_manifest.csv,/home/wms/AF2-test/AF2-CatGraph/data/PTP1B/02_templates/ligand.pdb,LIG,untrimmed_input,1,17,standard,dock_py_exact,True,single_chain_same_length_same_ordered_sequence,299,1.0,1.0,,passed,,2442,17,4,1.0336310909846378,2.225500966283873,2.225500966283873,10,True,"(0.0, 0.0, 0.0)",collision_py_exact,5.0,6.0,17,94.0070588235294,95.88,87.888,80.62,98.0,90.0,80.0,True,/home/wms/AF2-test/AF2-CatGraph/results/PTP1B/02_template_guided_docking/complexes/PTP1B_16_complex.pdb
17,PTP1B_17,PTP1B_17_complex.pdb,PTP1B,17,PTP1B.AF2rank17.pdb,PTP1B.AF2rank17,/home/wms/AF2-test/AF2-CatGraph/data/PTP1B/01_af2_new/PTP1B.AF2rank17.pdb,/home/wms/AF2-test/AF2-CatGraph/results/PTP1B/02_template_guided_docking/complexes/PTP1B_17_complex.pdb,/home/wms/AF2-test/AF2-CatGraph/data/PTP1B/02_templates/template.pdb,/home/wms/AF2-test/AF2-CatGraph/data/PTP1B/02_templates/ligand.pdb,results/PTP1B/02_template_guided_docking/tables/PTP1B_step02_ligand_order_manifest.csv,/home/wms/AF2-test/AF2-CatGraph/data/PTP1B/02_templates/ligand.pdb,LIG,untrimmed_input,1,17,standard,dock_py_exact,True,single_chain_same_length_same_ordered_sequence,299,1.0,1.0,,passed,,2442,17,9,1.9032895202010784,2.258322743416973,2.258322743416973,10,True,"(0.0, 0.0, 0.0)",collision_py_exact,5.0,6.0,16,94.39750000000001,95.75,93.465,74.5,97.81,90.0,80.0,True,/home/wms/AF2-test/AF2-CatGraph/results/PTP1B/02_template_guided_docking/complexes/PTP1B_17_complex.pdb
18,PTP1B_18,PTP1B_18_complex.pdb,PTP1B,18,PTP1B.AF2rank18.pdb,PTP1B.AF2rank18,/home/wms/AF2-test/AF2-CatGraph/data/PTP1B/01_af2_new/PTP1B.AF2rank18.pdb,/home/wms/AF2-test/AF2-CatGraph/results/PTP1B/02_template_guided_docking/complexes/PTP1B_18_complex.pdb,/home/wms/AF2-test/AF2-CatGraph/data/PTP1B/02_templates/template.pdb,/home/wms/AF2-test/AF2-CatGraph/data/PTP1B/02_templates/ligand.pdb,results/PTP1B/02_template_guided_docking/tables/PTP1B_step02_ligand_order_manifest.csv,/home/wms/AF2-test/AF2-CatGraph/data/PTP1B/02_templates/ligand.pdb,LIG,untrimmed_input,1,17,standard,dock_py_exact,True,single_chain_same_length_same_ordered_sequence,299,1.0,1.0,,passed,,2442,17,9,2.275647726037931,2.012175242218905,2.012175242218905,10,True,"(0.0, 0.0, 0.0)",collision_py_exact,5.0,6.0,16,93.145,94.75,91.25,73.25,97.38,90.0,80.0,True,/home/wms/AF2-test/AF2-CatGraph/results/PTP1B/02_template_guided_docking/complexes/PTP1B_18_complex.pdb
19,PTP1B_19,PTP1B_19_complex.pdb,PTP1B,19,PTP1B.AF2rank19.pdb,PTP1B.AF2rank19,/home/wms/AF2-test/AF2-CatGraph/data/PTP1B/01_af2_new/PTP1B.AF2rank19.pdb,/home/wms/AF2-test/AF2-CatGraph/results/PTP1B/02_template_guided_docking/complexes/PTP1B_19_complex.pdb,/home/wms/AF2-test/AF2-CatGraph/data/PTP1B/02_templates/template.pdb,/home/wms/AF2-test/AF2-CatGraph/data/PTP1B/02_templates/ligand.pdb,results/PTP1B/02_template_guided_docking/tables/PTP1B_step02_ligand_order_manifest.csv,/home/wms/AF2-test/AF2-CatGraph/data/PTP1B/02_templates/ligand.pdb,LIG,untrimmed_input,1,17,standard,dock_py_exact,True,single_chain_same_length_same_ordered_sequence,299,1.0,1.0,,passed,,2442,17,6,2.102064170526749,2.10096788463725,2.10096788463725,10,True,"(0.0, 0.0, 0.0)",collision_py_exact,5.0,6.0,17,94.27058823529413,96.06,89.224,80.12,98.0,90.0,80.0,True,/home/wms/AF2-test/AF2-CatGraph/results/PTP1B/02_template_guided_docking/complexes/PTP1B_19_complex.pdb
20,PTP1B_20,PTP1B_20_complex.pdb,PTP1B,20,PTP1B.AF2rank20.pdb,PTP1B.AF2rank20,/home/wms/AF2-test/AF2-CatGraph/data/PTP1B/01_af2_new/PTP1B.AF2rank20.pdb,/home/wms/AF2-test/AF2-CatGraph/results/PTP1B/02_template_guided_docking/complexes/PTP1B_20_complex.pdb,/home/wms/AF2-test/AF2-CatGraph/data/PTP1B/02_templates/template.pdb,/home/wms/AF2-test/AF2-CatGraph/data/PTP1B/02_templates/ligand.pdb,results/PTP1B/02_template_guided_docking/tables/PTP1B_step02_ligand_order_manifest.csv,/home/wms/AF2-test/AF2-CatGraph/data/PTP1B/02_templates/ligand.pdb,LIG,untrimmed_input,1,17,standard,dock_py_exact,True,single_chain_same_length_same_ordered_sequence,299,1.0,1.0,,passed,,2442,17,5,0.9938029821434936,2.141881385293775,2.141881385293775,10,True,"(0.0, 0.0, 0.0)",collision_py_exact,5.0,6.0,17,93.43411764705883,95.75,87.26,74.94,97.94,90.0,80.0,True,/home/wms/AF2-test/AF2-CatGraph/results/PTP1B/02_template_guided_docking/complexes/PTP1B_20_complex.pdb
21,PTP1B_21,PTP1B_21_complex.pdb,PTP1B,21,PTP1B.AF2rank21.pdb,PTP1B.AF2rank21,/home/wms/AF2-test/AF2-CatGraph/data/PTP1B/01_af2_new/PTP1B.AF2rank21.pdb,/home/wms/AF2-test/AF2-CatGraph/results/PTP1B/02_template_guided_docking/complexes/PTP1B_21_complex.pdb,/home/wms/AF2-test/AF2-CatGraph/data/PTP1B/02_templates/template.pdb,/home/wms/AF2-test/AF2-CatGraph/data/PTP1B/02_templates/ligand.pdb,results/PTP1B/02_template_guided_docking/tables/PTP1B_step02_ligand_order_manifest.csv,/home/wms/AF2-test/AF2-CatGraph/data/PTP1B/02_templates/ligand.pdb,LIG,untrimmed_input,1,17,standard,dock_py_exact,True,single_chain_same_length_same_ordered_sequence,299,1.0,1.0,,passed,,2442,17,6,1.768989165473008,2.1541280311320694,2.1541280311320694,10,True,"(0.0, 0.0, 0.0)",collision_py_exact,5.0,6.0,17,93.73470588235296,95.81,87.372,80.0,97.88,90.0,80.0,True,/home/wms/AF2-test/AF2-CatGraph/results/PTP1B/02_template_guided_docking/complexes/PTP1B_21_complex.pdb
22,PTP1B_22,PTP1B_22_complex.pdb,PTP1B,22,PTP1B.AF2rank22.pdb,PTP1B.AF2rank22,/home/wms/AF2-test/AF2-CatGraph/data/PTP1B/01_af2_new/PTP1B.AF2rank22.pdb,/home/wms/AF2-test/AF2-CatGraph/results/PTP1B/02_template_guided_docking/complexes/PTP1B_22_complex.pdb,/home/wms/AF2-test/AF2-CatGraph/data/PTP1B/02_templates/template.pdb,/home/wms/AF2-test/AF2-CatGraph/data/PTP1B/02_templates/ligand.pdb,results/PTP1B/02_template_guided_docking/tables/PTP1B_step02_ligand_order_manifest.csv,/home/wms/AF2-test/AF2-CatGraph/data/PTP1B/02_templates/ligand.pdb,LIG,untrimmed_input,1,17,standard,dock_py_exact,True,single_chain_same_length_same_ordered_sequence,299,1.0,1.0,,passed,,2442,17,4,1.2788033969069854,2.1694480242529384,2.1694480242529384,10,True,"(0.0, 0.0, 0.0)",collision_py_exact,5.0,6.0,17,93.91117647058825,95.94,87.976,78.75,98.12,90.0,80.0,True,/home/wms/AF2-test/AF2-CatGraph/results/PTP1B/02_template_guided_docking/complexes/PTP1B_22_complex.pdb
23,PTP1B_23,PTP1B_23_complex.pdb,PTP1B,23,PTP1B.AF2rank23.pdb,PTP1B.AF2rank23,/home/wms/AF2-test/AF2-CatGraph/data/PTP1B/01_af2_new/PTP1B.AF2rank23.pdb,/home/wms/AF2-test/AF2-CatGraph/results/PTP1B/02_template_guided_docking/complexes/PTP1B_23_complex.pdb,/home/wms/AF2-test/AF2-CatGraph/data/PTP1B/02_templates/template.pdb,/home/wms/AF2-test/AF2-CatGraph/data/PTP1B/02_templates/ligand.pdb,results/PTP1B/02_template_guided_docking/tables/PTP1B_step02_ligand_order_manifest.csv,/home/wms/AF2-test/AF2-CatGraph/data/PTP1B/02_templates/ligand.pdb,LIG,untrimmed_input,1,17,standard,dock_py_exact,True,single_chain_same_length_same_ordered_sequence,299,1.0,1.0,,passed,,2442,17,7,1.6574944814836927,2.092689494385666,2.092689494385666,10,True,"(0.0, 0.0, 0.0)",collision_py_exact,5.0,6.0,17,93.1164705882353,95.25,87.376,74.81,97.75,90.0,80.0,True,/home/wms/AF2-test/AF2-CatGraph/results/PTP1B/02_template_guided_docking/complexes/PTP1B_23_complex.pdb
24,PTP1B_24,PTP1B_24_complex.pdb,PTP1B,24,PTP1B.AF2rank24.pdb,PTP1B.AF2rank24,/home/wms/AF2-test/AF2-CatGraph/data/PTP1B/01_af2_new/PTP1B.AF2rank24.pdb,/home/wms/AF2-test/AF2-CatGraph/results/PTP1B/02_template_guided_docking/complexes/PTP1B_24_complex.pdb,/home/wms/AF2-test/AF2-CatGraph/data/PTP1B/02_templates/template.pdb,/home/wms/AF2-test/AF2-CatGraph/data/PTP1B/02_templates/ligand.pdb,results/PTP1B/02_template_guided_docking/tables/PTP1B_step02_ligand_order_manifest.csv,/home/wms/AF2-test/AF2-CatGraph/data/PTP1B/02_templates/ligand.pdb,LIG,untrimmed_input,1,17,standard,dock_py_exact,True,single_chain_same_length_same_ordered_sequence,299,1.0,1.0,,passed,,2442,17,3,1.1689759340540746,2.245798191441573,2.245798191441573,10,True,"(0.0, 0.0, 0.0)",collision_py_exact,5.0,6.0,17,93.21294117647058,95.62,87.074,75.19,97.62,90.0,80.0,True,/home/wms/AF2-test/AF2-CatGraph/results/PTP1B/02_template_guided_docking/complexes/PTP1B_24_complex.pdb
25,PTP1B_25,PTP1B_25_complex.pdb,PTP1B,25,PTP1B.AF2rank25.pdb,PTP1B.AF2rank25,/home/wms/AF2-test/AF2-CatGraph/data/PTP1B/01_af2_new/PTP1B.AF2rank25.pdb,/home/wms/AF2-test/AF2-CatGraph/results/PTP1B/02_template_guided_docking/complexes/PTP1B_25_complex.pdb,/home/wms/AF2-test/AF2-CatGraph/data/PTP1B/02_templates/template.pdb,/home/wms/AF2-test/AF2-CatGraph/data/PTP1B/02_templates/ligand.pdb,results/PTP1B/02_template_guided_docking/tables/PTP1B_step02_ligand_order_manifest.csv,/home/wms/AF2-test/AF2-CatGraph/data/PTP1B/02_templates/ligand.pdb,LIG,untrimmed_input,1,17,standard,dock_py_exact,True,single_chain_same_length_same_ordered_sequence,299,1.0,1.0,,passed,,2442,17,6,1.3863866134487384,2.203272621747832,2.203272621747832,10,True,"(0.0, 0.0, 0.0)",collision_py_exact,5.0,6.0,17,93.08117647058825,95.88,86.438,72.56,97.75,90.0,80.0,True,/home/wms/AF2-test/AF2-CatGraph/results/PTP1B/02_template_guided_docking/complexes/PTP1B_25_complex.pdb
26,PTP1B_26,PTP1B_26_complex.pdb,PTP1B,26,PTP1B.AF2rank26.pdb,PTP1B.AF2rank26,/home/wms/AF2-test/AF2-CatGraph/data/PTP1B/01_af2_new/PTP1B.AF2rank26.pdb,/home/wms/AF2-test/AF2-CatGraph/results/PTP1B/02_template_guided_docking/complexes/PTP1B_26_complex.pdb,/home/wms/AF2-test/AF2-CatGraph/data/PTP1B/02_templates/template.pdb,/home/wms/AF2-test/AF2-CatGraph/data/PTP1B/02_templates/ligand.pdb,results/PTP1B/02_template_guided_docking/tables/PTP1B_step02_ligand_order_manifest.csv,/home/wms/AF2-test/AF2-CatGraph/data/PTP1B/02_templates/ligand.pdb,LIG,untrimmed_input,1,17,standard,dock_py_exact,True,single_chain_same_length_same_ordered_sequence,299,1.0,1.0,,passed,,2442,17,8,1.1666051393566637,2.3060264949410034,2.3060264949410034,10,True,"(0.0, 0.0, 0.0)",collision_py_exact,5.0,6.0,17,92.69235294117647,95.0,87.374,77.44,97.38,90.0,80.0,True,/home/wms/AF2-test/AF2-CatGraph/results/PTP1B/02_template_guided_docking/complexes/PTP1B_26_complex.pdb
27,PTP1B_27,PTP1B_27_complex.pdb,PTP1B,27,PTP1B.AF2rank27.pdb,PTP1B.AF2rank27,/home/wms/AF2-test/AF2-CatGraph/data/PTP1B/01_af2_new/PTP1B.AF2rank27.pdb,/home/wms/AF2-test/AF2-CatGraph/results/PTP1B/02_template_guided_docking/complexes/PTP1B_27_complex.pdb,/home/wms/AF2-test/AF2-CatGraph/data/PTP1B/02_templates/template.pdb,/home/wms/AF2-test/AF2-CatGraph/data/PTP1B/02_templates/ligand.pdb,results/PTP1B/02_template_guided_docking/tables/PTP1B_step02_ligand_order_manifest.csv,/home/wms/AF2-test/AF2-CatGraph/data/PTP1B/02_templates/ligand.pdb,LIG,untrimmed_input,1,17,standard,dock_py_exact,True,single_chain_same_length_same_ordered_sequence,299,1.0,1.0,,passed,,2442,17,7,1.920192187364428,2.118979254008653,2.118979254008653,10,True,"(0.0, 0.0, 0.0)",collision_py_exact,5.0,6.0,17,93.8135294117647,95.94,87.702,76.5,98.06,90.0,80.0,True,/home/wms/AF2-test/AF2-CatGraph/results/PTP1B/02_template_guided_docking/complexes/PTP1B_27_complex.pdb
28,PTP1B_28,PTP1B_28_complex.pdb,PTP1B,28,PTP1B.AF2rank28.pdb,PTP1B.AF2rank28,/home/wms/AF2-test/AF2-CatGraph/data/PTP1B/01_af2_new/PTP1B.AF2rank28.pdb,/home/wms/AF2-test/AF2-CatGraph/results/PTP1B/02_template_guided_docking/complexes/PTP1B_28_complex.pdb,/home/wms/AF2-test/AF2-CatGraph/data/PTP1B/02_templates/template.pdb,/home/wms/AF2-test/AF2-CatGraph/data/PTP1B/02_templates/ligand.pdb,results/PTP1B/02_template_guided_docking/tables/PTP1B_step02_ligand_order_manifest.csv,/home/wms/AF2-test/AF2-CatGraph/data/PTP1B/02_templates/ligand.pdb,LIG,untrimmed_input,1,17,standard,dock_py_exact,True,single_chain_same_length_same_ordered_sequence,299,1.0,1.0,,passed,,2442,17,4,1.2348023809550637,2.1276611808532424,2.1276611808532424,10,True,"(0.0, 0.0, 0.0)",collision_py_exact,5.0,6.0,17,93.97470588235295,95.25,88.404,81.44,97.94,90.0,80.0,True,/home/wms/AF2-test/AF2-CatGraph/results/PTP1B/02_template_guided_docking/complexes/PTP1B_28_complex.pdb
29,PTP1B_29,PTP1B_29_complex.pdb,PTP1B,29,PTP1B.AF2rank29.pdb,PTP1B.AF2rank29,/home/wms/AF2-test/AF2-CatGraph/data/PTP1B/01_af2_new/PTP1B.AF2rank29.pdb,/home/wms/AF2-test/AF2-CatGraph/results/PTP1B/02_template_guided_docking/complexes/PTP1B_29_complex.pdb,/home/wms/AF2-test/AF2-CatGraph/data/PTP1B/02_templates/template.pdb,/home/wms/AF2-test/AF2-CatGraph/data/PTP1B/02_templates/ligand.pdb,results/PTP1B/02_template_guided_docking/tables/PTP1B_step02_ligand_order_manifest.csv,/home/wms/AF2-test/AF2-CatGraph/data/PTP1B/02_templates/ligand.pdb,LIG,untrimmed_input,1,17,standard,dock_py_exact,True,single_chain_same_length_same_ordered_sequence,299,1.0,1.0,,passed,,2442,17,7,1.3861509499760882,2.270213755924644,2.270213755924644,10,True,"(0.0, 0.0, 0.0)",collision_py_exact,5.0,6.0,16,93.8825,94.75,91.88,78.5,97.62,90.0,80.0,True,/home/wms/AF2-test/AF2-CatGraph/results/PTP1B/02_template_guided_docking/complexes/PTP1B_29_complex.pdb
30,PTP1B_30,PTP1B_30_complex.pdb,PTP1B,30,PTP1B.AF2rank30.pdb,PTP1B.AF2rank30,/home/wms/AF2-test/AF2-CatGraph/data/PTP1B/01_af2_new/PTP1B.AF2rank30.pdb,/home/wms/AF2-test/AF2-CatGraph/results/PTP1B/02_template_guided_docking/complexes/PTP1B_30_complex.pdb,/home/wms/AF2-test/AF2-CatGraph/data/PTP1B/02_templates/template.pdb,/home/wms/AF2-test/AF2-CatGraph/data/PTP1B/02_templates/ligand.pdb,results/PTP1B/02_template_guided_docking/tables/PTP1B_step02_ligand_order_manifest.csv,/home/wms/AF2-test/AF2-CatGraph/data/PTP1B/02_templates/ligand.pdb,LIG,untrimmed_input,1,17,standard,dock_py_exact,True,single_chain_same_length_same_ordered_sequence,299,1.0,1.0,,passed,,2442,17,6,2.488093587986393,2.0815599296808154,2.0815599296808154,10,True,"(0.0, 0.0, 0.0)",collision_py_exact,5.0,6.0,17,92.97411764705882,95.94,85.452,71.06,98.06,90.0,80.0,True,/home/wms/AF2-test/AF2-CatGraph/results/PTP1B/02_template_guided_docking/complexes/PTP1B_30_complex.pdb
31,PTP1B_31,PTP1B_31_complex.pdb,PTP1B,31,PTP1B.AF2rank31.pdb,PTP1B.AF2rank31,/home/wms/AF2-test/AF2-CatGraph/data/PTP1B/01_af2_new/PTP1B.AF2rank31.pdb,/home/wms/AF2-test/AF2-CatGraph/results/PTP1B/02_template_guided_docking/complexes/PTP1B_31_complex.pdb,/home/wms/AF2-test/AF2-CatGraph/data/PTP1B/02_templates/template.pdb,/home/wms/AF2-test/AF2-CatGraph/data/PTP1B/02_templates/ligand.pdb,results/PTP1B/02_template_guided_docking/tables/PTP1B_step02_ligand_order_manifest.csv,/home/wms/AF2-test/AF2-CatGraph/data/PTP1B/02_templates/ligand.pdb,LIG,untrimmed_input,1,17,standard,dock_py_exact,True,single_chain_same_length_same_ordered_sequence,299,1.0,1.0,,passed,,2442,17,8,2.1793830578645075,2.1651464383384087,2.1651464383384087,10,True,"(0.0, 0.0, 0.0)",collision_py_exact,5.0,6.0,17,93.82294117647058,96.25,88.176,75.5,98.06,90.0,80.0,True,/home/wms/AF2-test/AF2-CatGraph/results/PTP1B/02_template_guided_docking/complexes/PTP1B_31_complex.pdb
32,PTP1B_32,PTP1B_32_complex.pdb,PTP1B,32,PTP1B.AF2rank32.pdb,PTP1B.AF2rank32,/home/wms/AF2-test/AF2-CatGraph/data/PTP1B/01_af2_new/PTP1B.AF2rank32.pdb,/home/wms/AF2-test/AF2-CatGraph/results/PTP1B/02_template_guided_docking/complexes/PTP1B_32_complex.pdb,/home/wms/AF2-test/AF2-CatGraph/data/PTP1B/02_templates/template.pdb,/home/wms/AF2-test/AF2-CatGraph/data/PTP1B/02_templates/ligand.pdb,results/PTP1B/02_template_guided_docking/tables/PTP1B_step02_ligand_order_manifest.csv,/home/wms/AF2-test/AF2-CatGraph/data/PTP1B/02_templates/ligand.pdb,LIG,untrimmed_input,1,17,standard,dock_py_exact,True,single_chain_same_length_same_ordered_sequence,299,1.0,1.0,,passed,,2442,17,5,0.8474431928861641,2.175115819499293,2.175115819499293,10,True,"(0.0, 0.0, 0.0)",collision_py_exact,5.0,6.0,17,93.80941176470587,95.69,89.316,77.25,97.81,90.0,80.0,True,/home/wms/AF2-test/AF2-CatGraph/results/PTP1B/02_template_guided_docking/complexes/PTP1B_32_complex.pdb
33,PTP1B_33,PTP1B_33_complex.pdb,PTP1B,33,PTP1B.AF2rank33.pdb,PTP1B.AF2rank33,/home/wms/AF2-test/AF2-CatGraph/data/PTP1B/01_af2_new/PTP1B.AF2rank33.pdb,/home/wms/AF2-test/AF2-CatGraph/results/PTP1B/02_template_guided_docking/complexes/PTP1B_33_complex.pdb,/home/wms/AF2-test/AF2-CatGraph/data/PTP1B/02_templates/template.pdb,/home/wms/AF2-test/AF2-CatGraph/data/PTP1B/02_templates/ligand.pdb,results/PTP1B/02_template_guided_docking/tables/PTP1B_step02_ligand_order_manifest.csv,/home/wms/AF2-test/AF2-CatGraph/data/PTP1B/02_templates/ligand.pdb,LIG,untrimmed_input,1,17,standard,dock_py_exact,True,single_chain_same_length_same_ordered_sequence,299,1.0,1.0,,passed,,2442,17,5,1.0135562109581686,2.2118376579537955,2.2118376579537955,10,True,"(0.0, 0.0, 0.0)",collision_py_exact,5.0,6.0,17,93.94588235294117,96.0,89.104,76.56,97.75,90.0,80.0,True,/home/wms/AF2-test/AF2-CatGraph/results/PTP1B/02_template_guided_docking/complexes/PTP1B_33_complex.pdb
34,PTP1B_34,PTP1B_34_complex.pdb,PTP1B,34,PTP1B.AF2rank34.pdb,PTP1B.AF2rank34,/home/wms/AF2-test/AF2-CatGraph/data/PTP1B/01_af2_new/PTP1B.AF2rank34.pdb,/home/wms/AF2-test/AF2-CatGraph/results/PTP1B/02_template_guided_docking/complexes/PTP1B_34_complex.pdb,/home/wms/AF2-test/AF2-CatGraph/data/PTP1B/02_templates/template.pdb,/home/wms/AF2-test/AF2-CatGraph/data/PTP1B/02_templates/ligand.pdb,results/PTP1B/02_template_guided_docking/tables/PTP1B_step02_ligand_order_manifest.csv,/home/wms/AF2-test/AF2-CatGraph/data/PTP1B/02_templates/ligand.pdb,LIG,untrimmed_input,1,17,standard,dock_py_exact,True,single_chain_same_length_same_ordered_sequence,299,1.0,1.0,,passed,,2442,17,5,0.7189799345825203,2.296194690836925,2.296194690836925,10,True,"(0.0, 0.0, 0.0)",collision_py_exact,5.0,6.0,17,92.80941176470589,95.19,86.376,71.56,97.69,90.0,80.0,True,/home/wms/AF2-test/AF2-CatGraph/results/PTP1B/02_template_guided_docking/complexes/PTP1B_34_complex.pdb
35,PTP1B_35,PTP1B_35_complex.pdb,PTP1B,35,PTP1B.AF2rank35.pdb,PTP1B.AF2rank35,/home/wms/AF2-test/AF2-CatGraph/data/PTP1B/01_af2_new/PTP1B.AF2rank35.pdb,/home/wms/AF2-test/AF2-CatGraph/results/PTP1B/02_template_guided_docking/complexes/PTP1B_35_complex.pdb,/home/wms/AF2-test/AF2-CatGraph/data/PTP1B/02_templates/template.pdb,/home/wms/AF2-test/AF2-CatGraph/data/PTP1B/02_templates/ligand.pdb,results/PTP1B/02_template_guided_docking/tables/PTP1B_step02_ligand_order_manifest.csv,/home/wms/AF2-test/AF2-CatGraph/data/PTP1B/02_templates/ligand.pdb,LIG,untrimmed_input,1,17,standard,dock_py_exact,True,single_chain_same_length_same_ordered_sequence,299,1.0,1.0,,passed,,2442,17,6,1.5777618174645465,2.1785818879482703,2.1785818879482703,10,True,"(0.0, 0.0, 0.0)",collision_py_exact,5.0,6.0,17,94.55058823529413,96.12,89.362,84.69,98.12,90.0,80.0,True,/home/wms/AF2-test/AF2-CatGraph/results/PTP1B/02_template_guided_docking/complexes/PTP1B_35_complex.pdb
37,PTP1B_37,PTP1B_37_complex.pdb,PTP1B,37,PTP1B.AF2rank37.pdb,PTP1B.AF2rank37,/home/wms/AF2-test/AF2-CatGraph/data/PTP1B/01_af2_new/PTP1B.AF2rank37.pdb,/home/wms/AF2-test/AF2-CatGraph/results/PTP1B/02_template_guided_docking/complexes/PTP1B_37_complex.pdb,/home/wms/AF2-test/AF2-CatGraph/data/PTP1B/02_templates/template.pdb,/home/wms/AF2-test/AF2-CatGraph/data/PTP1B/02_templates/ligand.pdb,results/PTP1B/02_template_guided_docking/tables/PTP1B_step02_ligand_order_manifest.csv,/home/wms/AF2-test/AF2-CatGraph/data/PTP1B/02_templates/ligand.pdb,LIG,untrimmed_input,1,17,standard,dock_py_exact,True,single_chain_same_length_same_ordered_sequence,299,1.0,1.0,,passed,,2442,17,6,2.9693659382307382,2.0159845472710725,2.0159845472710725,10,True,"(0.0, 0.0, 0.0)",collision_py_exact,5.0,6.0,17,94.11,96.0,89.186,77.88,98.19,90.0,80.0,True,/home/wms/AF2-test/AF2-CatGraph/results/PTP1B/02_template_guided_docking/complexes/PTP1B_37_complex.pdb
38,PTP1B_38,PTP1B_38_complex.pdb,PTP1B,38,PTP1B.AF2rank38.pdb,PTP1B.AF2rank38,/home/wms/AF2-test/AF2-CatGraph/data/PTP1B/01_af2_new/PTP1B.AF2rank38.pdb,/home/wms/AF2-test/AF2-CatGraph/results/PTP1B/02_template_guided_docking/complexes/PTP1B_38_complex.pdb,/home/wms/AF2-test/AF2-CatGraph/data/PTP1B/02_templates/template.pdb,/home/wms/AF2-test/AF2-CatGraph/data/PTP1B/02_templates/ligand.pdb,results/PTP1B/02_template_guided_docking/tables/PTP1B_step02_ligand_order_manifest.csv,/home/wms/AF2-test/AF2-CatGraph/data/PTP1B/02_templates/ligand.pdb,LIG,untrimmed_input,1,17,standard,dock_py_exact,True,single_chain_same_length_same_ordered_sequence,299,1.0,1.0,,passed,,2442,17,8,2.32398280614373,2.103238627502939,2.103238627502939,10,True,"(0.0, 0.0, 0.0)",collision_py_exact,5.0,6.0,17,93.81941176470589,95.81,88.548,76.81,97.94,90.0,80.0,True,/home/wms/AF2-test/AF2-CatGraph/results/PTP1B/02_template_guided_docking/complexes/PTP1B_38_complex.pdb
39,PTP1B_39,PTP1B_39_complex.pdb,PTP1B,39,PTP1B.AF2rank39.pdb,PTP1B.AF2rank39,/home/wms/AF2-test/AF2-CatGraph/data/PTP1B/01_af2_new/PTP1B.AF2rank39.pdb,/home/wms/AF2-test/AF2-CatGraph/results/PTP1B/02_template_guided_docking/complexes/PTP1B_39_complex.pdb,/home/wms/AF2-test/AF2-CatGraph/data/PTP1B/02_templates/template.pdb,/home/wms/AF2-test/AF2-CatGraph/data/PTP1B/02_templates/ligand.pdb,results/PTP1B/02_template_guided_docking/tables/PTP1B_step02_ligand_order_manifest.csv,/home/wms/AF2-test/AF2-CatGraph/data/PTP1B/02_templates/ligand.pdb,LIG,untrimmed_input,1,17,standard,dock_py_exact,True,single_chain_same_length_same_ordered_sequence,299,1.0,1.0,,passed,,2442,17,7,2.116096587825325,2.1188362499801845,2.1188362499801845,10,True,"(0.0, 0.0, 0.0)",collision_py_exact,5.0,6.0,17,94.52352941176471,96.25,89.114,80.5,98.44,90.0,80.0,True,/home/wms/AF2-test/AF2-CatGraph/results/PTP1B/02_template_guided_docking/complexes/PTP1B_39_complex.pdb
40,PTP1B_40,PTP1B_40_complex.pdb,PTP1B,40,PTP1B.AF2rank40.pdb,PTP1B.AF2rank40,/home/wms/AF2-test/AF2-CatGraph/data/PTP1B/01_af2_new/PTP1B.AF2rank40.pdb,/home/wms/AF2-test/AF2-CatGraph/results/PTP1B/02_template_guided_docking/complexes/PTP1B_40_complex.pdb,/home/wms/AF2-test/AF2-CatGraph/data/PTP1B/02_templates/template.pdb,/home/wms/AF2-test/AF2-CatGraph/data/PTP1B/02_templates/ligand.pdb,results/PTP1B/02_template_guided_docking/tables/PTP1B_step02_ligand_order_manifest.csv,/home/wms/AF2-test/AF2-CatGraph/data/PTP1B/02_templates/ligand.pdb,LIG,untrimmed_input,1,17,standard,dock_py_exact,True,single_chain_same_length_same_ordered_sequence,299,1.0,1.0,,passed,,2442,17,4,0.8007030610349926,2.183237494658897,2.183237494658897,10,True,"(0.0, 0.0, 0.0)",collision_py_exact,5.0,6.0,17,93.23823529411764,95.44,87.634,73.88,97.56,90.0,80.0,True,/home/wms/AF2-test/AF2-CatGraph/results/PTP1B/02_template_guided_docking/complexes/PTP1B_40_complex.pdb
41,PTP1B_41,PTP1B_41_complex.pdb,PTP1B,41,PTP1B.AF2rank41.pdb,PTP1B.AF2rank41,/home/wms/AF2-test/AF2-CatGraph/data/PTP1B/01_af2_new/PTP1B.AF2rank41.pdb,/home/wms/AF2-test/AF2-CatGraph/results/PTP1B/02_template_guided_docking/complexes/PTP1B_41_complex.pdb,/home/wms/AF2-test/AF2-CatGraph/data/PTP1B/02_templates/template.pdb,/home/wms/AF2-test/AF2-CatGraph/data/PTP1B/02_templates/ligand.pdb,results/PTP1B/02_template_guided_docking/tables/PTP1B_step02_ligand_order_manifest.csv,/home/wms/AF2-test/AF2-CatGraph/data/PTP1B/02_templates/ligand.pdb,LIG,untrimmed_input,1,17,standard,dock_py_exact,True,single_chain_same_length_same_ordered_sequence,299,1.0,1.0,,passed,,2442,17,6,2.285122226714425,2.1401827850151984,2.1401827850151984,10,True,"(0.0, 0.0, 0.0)",collision_py_exact,5.0,6.0,17,93.31705882352941,95.94,85.826,74.88,98.19,90.0,80.0,True,/home/wms/AF2-test/AF2-CatGraph/results/PTP1B/02_template_guided_docking/complexes/PTP1B_41_complex.pdb
42,PTP1B_42,PTP1B_42_complex.pdb,PTP1B,42,PTP1B.AF2rank42.pdb,PTP1B.AF2rank42,/home/wms/AF2-test/AF2-CatGraph/data/PTP1B/01_af2_new/PTP1B.AF2rank42.pdb,/home/wms/AF2-test/AF2-CatGraph/results/PTP1B/02_template_guided_docking/complexes/PTP1B_42_complex.pdb,/home/wms/AF2-test/AF2-CatGraph/data/PTP1B/02_templates/template.pdb,/home/wms/AF2-test/AF2-CatGraph/data/PTP1B/02_templates/ligand.pdb,results/PTP1B/02_template_guided_docking/tables/PTP1B_step02_ligand_order_manifest.csv,/home/wms/AF2-test/AF2-CatGraph/data/PTP1B/02_templates/ligand.pdb,LIG,untrimmed_input,1,17,standard,dock_py_exact,True,single_chain_same_length_same_ordered_sequence,299,1.0,1.0,,passed,,2442,17,5,1.248432912420084,2.104793231321268,2.104793231321268,10,True,"(0.0, 0.0, 0.0)",collision_py_exact,5.0,6.0,17,93.44294117647058,95.62,87.624,75.62,97.81,90.0,80.0,True,/home/wms/AF2-test/AF2-CatGraph/results/PTP1B/02_template_guided_docking/complexes/PTP1B_42_complex.pdb
43,PTP1B_43,PTP1B_43_complex.pdb,PTP1B,43,PTP1B.AF2rank43.pdb,PTP1B.AF2rank43,/home/wms/AF2-test/AF2-CatGraph/data/PTP1B/01_af2_new/PTP1B.AF2rank43.pdb,/home/wms/AF2-test/AF2-CatGraph/results/PTP1B/02_template_guided_docking/complexes/PTP1B_43_complex.pdb,/home/wms/AF2-test/AF2-CatGraph/data/PTP1B/02_templates/template.pdb,/home/wms/AF2-test/AF2-CatGraph/data/PTP1B/02_templates/ligand.pdb,results/PTP1B/02_template_guided_docking/tables/PTP1B_step02_ligand_order_manifest.csv,/home/wms/AF2-test/AF2-CatGraph/data/PTP1B/02_templates/ligand.pdb,LIG,untrimmed_input,1,17,standard,dock_py_exact,True,single_chain_same_length_same_ordered_sequence,299,1.0,1.0,,passed,,2442,17,6,1.9251751841080087,2.041324015353006,2.041324015353006,10,True,"(0.0, 0.0, 0.0)",collision_py_exact,5.0,6.0,17,93.22999999999999,95.62,85.952,76.25,98.12,90.0,80.0,True,/home/wms/AF2-test/AF2-CatGraph/results/PTP1B/02_template_guided_docking/complexes/PTP1B_43_complex.pdb
44,PTP1B_44,PTP1B_44_complex.pdb,PTP1B,44,PTP1B.AF2rank44.pdb,PTP1B.AF2rank44,/home/wms/AF2-test/AF2-CatGraph/data/PTP1B/01_af2_new/PTP1B.AF2rank44.pdb,/home/wms/AF2-test/AF2-CatGraph/results/PTP1B/02_template_guided_docking/complexes/PTP1B_44_complex.pdb,/home/wms/AF2-test/AF2-CatGraph/data/PTP1B/02_templates/template.pdb,/home/wms/AF2-test/AF2-CatGraph/data/PTP1B/02_templates/ligand.pdb,results/PTP1B/02_template_guided_docking/tables/PTP1B_step02_ligand_order_manifest.csv,/home/wms/AF2-test/AF2-CatGraph/data/PTP1B/02_templates/ligand.pdb,LIG,untrimmed_input,1,17,standard,dock_py_exact,True,single_chain_same_length_same_ordered_sequence,299,1.0,1.0,,passed,,2442,17,7,1.3037544291314171,2.04324581240563,2.04324581240563,10,True,"(0.0, 0.0, 0.0)",collision_py_exact,5.0,6.0,17,94.60882352941177,96.06,89.426,84.12,98.06,90.0,80.0,True,/home/wms/AF2-test/AF2-CatGraph/results/PTP1B/02_template_guided_docking/complexes/PTP1B_44_complex.pdb
45,PTP1B_45,PTP1B_45_complex.pdb,PTP1B,45,PTP1B.AF2rank45.pdb,PTP1B.AF2rank45,/home/wms/AF2-test/AF2-CatGraph/data/PTP1B/01_af2_new/PTP1B.AF2rank45.pdb,/home/wms/AF2-test/AF2-CatGraph/results/PTP1B/02_template_guided_docking/complexes/PTP1B_45_complex.pdb,/home/wms/AF2-test/AF2-CatGraph/data/PTP1B/02_templates/template.pdb,/home/wms/AF2-test/AF2-CatGraph/data/PTP1B/02_templates/ligand.pdb,results/PTP1B/02_template_guided_docking/tables/PTP1B_step02_ligand_order_manifest.csv,/home/wms/AF2-test/AF2-CatGraph/data/PTP1B/02_templates/ligand.pdb,LIG,untrimmed_input,1,17,standard,dock_py_exact,True,single_chain_same_length_same_ordered_sequence,299,1.0,1.0,,passed,,2442,17,6,1.1753552428861958,2.2043127716548643,2.2043127716548643,10,True,"(0.0, 0.0, 0.0)",collision_py_exact,5.0,6.0,16,93.36,94.94,92.5,70.31,97.31,90.0,80.0,True,/home/wms/AF2-test/AF2-CatGraph/results/PTP1B/02_template_guided_docking/complexes/PTP1B_45_complex.pdb
46,PTP1B_46,PTP1B_46_complex.pdb,PTP1B,46,PTP1B.AF2rank46.pdb,PTP1B.AF2rank46,/home/wms/AF2-test/AF2-CatGraph/data/PTP1B/01_af2_new/PTP1B.AF2rank46.pdb,/home/wms/AF2-test/AF2-CatGraph/results/PTP1B/02_template_guided_docking/complexes/PTP1B_46_complex.pdb,/home/wms/AF2-test/AF2-CatGraph/data/PTP1B/02_templates/template.pdb,/home/wms/AF2-test/AF2-CatGraph/data/PTP1B/02_templates/ligand.pdb,results/PTP1B/02_template_guided_docking/tables/PTP1B_step02_ligand_order_manifest.csv,/home/wms/AF2-test/AF2-CatGraph/data/PTP1B/02_templates/ligand.pdb,LIG,untrimmed_input,1,17,standard,dock_py_exact,True,single_chain_same_length_same_ordered_sequence,299,1.0,1.0,,passed,,2442,17,3,0.6035825674252382,2.269015269746379,2.269015269746379,10,True,"(0.0, 0.0, 0.0)",collision_py_exact,5.0,6.0,17,93.5729411764706,95.69,86.848,79.56,97.88,90.0,80.0,True,/home/wms/AF2-test/AF2-CatGraph/results/PTP1B/02_template_guided_docking/complexes/PTP1B_46_complex.pdb
47,PTP1B_47,PTP1B_47_complex.pdb,PTP1B,47,PTP1B.AF2rank47.pdb,PTP1B.AF2rank47,/home/wms/AF2-test/AF2-CatGraph/data/PTP1B/01_af2_new/PTP1B.AF2rank47.pdb,/home/wms/AF2-test/AF2-CatGraph/results/PTP1B/02_template_guided_docking/complexes/PTP1B_47_complex.pdb,/home/wms/AF2-test/AF2-CatGraph/data/PTP1B/02_templates/template.pdb,/home/wms/AF2-test/AF2-CatGraph/data/PTP1B/02_templates/ligand.pdb,results/PTP1B/02_template_guided_docking/tables/PTP1B_step02_ligand_order_manifest.csv,/home/wms/AF2-test/AF2-CatGraph/data/PTP1B/02_templates/ligand.pdb,LIG,untrimmed_input,1,17,standard,dock_py_exact,True,single_chain_same_length_same_ordered_sequence,299,1.0,1.0,,passed,,2442,17,4,1.023732229732068,2.2553364008431056,2.2553364008431056,10,True,"(0.0, 0.0, 0.0)",collision_py_exact,5.0,6.0,17,92.74941176470587,95.44,85.628,73.44,97.69,90.0,80.0,True,/home/wms/AF2-test/AF2-CatGraph/results/PTP1B/02_template_guided_docking/complexes/PTP1B_47_complex.pdb
48,PTP1B_48,PTP1B_48_complex.pdb,PTP1B,48,PTP1B.AF2rank48.pdb,PTP1B.AF2rank48,/home/wms/AF2-test/AF2-CatGraph/data/PTP1B/01_af2_new/PTP1B.AF2rank48.pdb,/home/wms/AF2-test/AF2-CatGraph/results/PTP1B/02_template_guided_docking/complexes/PTP1B_48_complex.pdb,/home/wms/AF2-test/AF2-CatGraph/data/PTP1B/02_templates/template.pdb,/home/wms/AF2-test/AF2-CatGraph/data/PTP1B/02_templates/ligand.pdb,results/PTP1B/02_template_guided_docking/tables/PTP1B_step02_ligand_order_manifest.csv,/home/wms/AF2-test/AF2-CatGraph/data/PTP1B/02_templates/ligand.pdb,LIG,untrimmed_input,1,17,standard,dock_py_exact,True,single_chain_same_length_same_ordered_sequence,299,1.0,1.0,,passed,,2442,17,3,0.8545049473068014,2.276842282969376,2.276842282969376,10,True,"(0.0, 0.0, 0.0)",collision_py_exact,5.0,6.0,17,92.47823529411765,95.0,84.988,73.94,97.69,90.0,80.0,True,/home/wms/AF2-test/AF2-CatGraph/results/PTP1B/02_template_guided_docking/complexes/PTP1B_48_complex.pdb
49,PTP1B_49,PTP1B_49_complex.pdb,PTP1B,49,PTP1B.AF2rank49.pdb,PTP1B.AF2rank49,/home/wms/AF2-test/AF2-CatGraph/data/PTP1B/01_af2_new/PTP1B.AF2rank49.pdb,/home/wms/AF2-test/AF2-CatGraph/results/PTP1B/02_template_guided_docking/complexes/PTP1B_49_complex.pdb,/home/wms/AF2-test/AF2-CatGraph/data/PTP1B/02_templates/template.pdb,/home/wms/AF2-test/AF2-CatGraph/data/PTP1B/02_templates/ligand.pdb,results/PTP1B/02_template_guided_docking/tables/PTP1B_step02_ligand_order_manifest.csv,/home/wms/AF2-test/AF2-CatGraph/data/PTP1B/02_templates/ligand.pdb,LIG,untrimmed_input,1,17,standard,dock_py_exact,True,single_chain_same_length_same_ordered_sequence,299,1.0,1.0,,passed,,2442,17,4,0.8710133327140781,2.322389510148995,2.322389510148995,10,True,"(0.0, 0.0, 0.0)",collision_py_exact,5.0,6.0,17,94.15823529411765,96.0,88.536,80.56,98.12,90.0,80.0,True,/home/wms/AF2-test/AF2-CatGraph/results/PTP1B/02_template_guided_docking/complexes/PTP1B_49_complex.pdb
50,PTP1B_50,PTP1B_50_complex.pdb,PTP1B,50,PTP1B.AF2rank50.pdb,PTP1B.AF2rank50,/home/wms/AF2-test/AF2-CatGraph/data/PTP1B/01_af2_new/PTP1B.AF2rank50.pdb,/home/wms/AF2-test/AF2-CatGraph/results/PTP1B/02_template_guided_docking/complexes/PTP1B_50_complex.pdb,/home/wms/AF2-test/AF2-CatGraph/data/PTP1B/02_templates/template.pdb,/home/wms/AF2-test/AF2-CatGraph/data/PTP1B/02_templates/ligand.pdb,results/PTP1B/02_template_guided_docking/tables/PTP1B_step02_ligand_order_manifest.csv,/home/wms/AF2-test/AF2-CatGraph/data/PTP1B/02_templates/ligand.pdb,LIG,untrimmed_input,1,17,standard,dock_py_exact,True,single_chain_same_length_same_ordered_sequence,299,1.0,1.0,,passed,,2442,17,6,1.5967083851173247,2.2077039587132403,2.2077039587132403,10,True,"(0.0, 0.0, 0.0)",collision_py_exact,5.0,6.0,17,94.89411764705882,96.62,89.78,83.75,98.19,90.0,80.0,True,/home/wms/AF2-test/AF2-CatGraph/results/PTP1B/02_template_guided_docking/complexes/PTP1B_50_complex.pdb
51,PTP1B_51,PTP1B_51_complex.pdb,PTP1B,51,PTP1B.AF2rank51.pdb,PTP1B.AF2rank51,/home/wms/AF2-test/AF2-CatGraph/data/PTP1B/01_af2_new/PTP1B.AF2rank51.pdb,/home/wms/AF2-test/AF2-CatGraph/results/PTP1B/02_template_guided_docking/complexes/PTP1B_51_complex.pdb,/home/wms/AF2-test/AF2-CatGraph/data/PTP1B/02_templates/template.pdb,/home/wms/AF2-test/AF2-CatGraph/data/PTP1B/02_templates/ligand.pdb,results/PTP1B/02_template_guided_docking/tables/PTP1B_step02_ligand_order_manifest.csv,/home/wms/AF2-test/AF2-CatGraph/data/PTP1B/02_templates/ligand.pdb,LIG,untrimmed_input,1,17,standard,dock_py_exact,True,single_chain_same_length_same_ordered_sequence,299,1.0,1.0,,passed,,2442,17,5,1.3964679235341575,2.228035190111896,2.228035190111896,10,True,"(0.0, 0.0, 0.0)",collision_py_exact,5.0,6.0,17,92.90176470588234,95.44,85.55,76.0,97.94,90.0,80.0,True,/home/wms/AF2-test/AF2-CatGraph/results/PTP1B/02_template_guided_docking/complexes/PTP1B_51_complex.pdb
52,PTP1B_52,PTP1B_52_complex.pdb,PTP1B,52,PTP1B.AF2rank52.pdb,PTP1B.AF2rank52,/home/wms/AF2-test/AF2-CatGraph/data/PTP1B/01_af2_new/PTP1B.AF2rank52.pdb,/home/wms/AF2-test/AF2-CatGraph/results/PTP1B/02_template_guided_docking/complexes/PTP1B_52_complex.pdb,/home/wms/AF2-test/AF2-CatGraph/data/PTP1B/02_templates/template.pdb,/home/wms/AF2-test/AF2-CatGraph/data/PTP1B/02_templates/ligand.pdb,results/PTP1B/02_template_guided_docking/tables/PTP1B_step02_ligand_order_manifest.csv,/home/wms/AF2-test/AF2-CatGraph/data/PTP1B/02_templates/ligand.pdb,LIG,untrimmed_input,1,17,standard,dock_py_exact,True,single_chain_same_length_same_ordered_sequence,299,1.0,1.0,,passed,,2442,17,6,0.4593111459271992,2.356684753685175,2.356684753685175,10,True,"(0.0, 0.0, 0.0)",collision_py_exact,5.0,6.0,17,92.54411764705883,95.06,85.738,71.38,97.44,90.0,80.0,True,/home/wms/AF2-test/AF2-CatGraph/results/PTP1B/02_template_guided_docking/complexes/PTP1B_52_complex.pdb
53,PTP1B_53,PTP1B_53_complex.pdb,PTP1B,53,PTP1B.AF2rank53.pdb,PTP1B.AF2rank53,/home/wms/AF2-test/AF2-CatGraph/data/PTP1B/01_af2_new/PTP1B.AF2rank53.pdb,/home/wms/AF2-test/AF2-CatGraph/results/PTP1B/02_template_guided_docking/complexes/PTP1B_53_complex.pdb,/home/wms/AF2-test/AF2-CatGraph/data/PTP1B/02_templates/template.pdb,/home/wms/AF2-test/AF2-CatGraph/data/PTP1B/02_templates/ligand.pdb,results/PTP1B/02_template_guided_docking/tables/PTP1B_step02_ligand_order_manifest.csv,/home/wms/AF2-test/AF2-CatGraph/data/PTP1B/02_templates/ligand.pdb,LIG,untrimmed_input,1,17,standard,dock_py_exact,True,single_chain_same_length_same_ordered_sequence,299,1.0,1.0,,passed,,2442,17,9,2.273584082653747,2.0854752695341845,2.0854752695341845,10,True,"(0.0, 0.0, 0.0)",collision_py_exact,5.0,6.0,17,93.4929411764706,96.06,86.05199999999999,73.19,98.31,90.0,80.0,True,/home/wms/AF2-test/AF2-CatGraph/results/PTP1B/02_template_guided_docking/complexes/PTP1B_53_complex.pdb
54,PTP1B_54,PTP1B_54_complex.pdb,PTP1B,54,PTP1B.AF2rank54.pdb,PTP1B.AF2rank54,/home/wms/AF2-test/AF2-CatGraph/data/PTP1B/01_af2_new/PTP1B.AF2rank54.pdb,/home/wms/AF2-test/AF2-CatGraph/results/PTP1B/02_template_guided_docking/complexes/PTP1B_54_complex.pdb,/home/wms/AF2-test/AF2-CatGraph/data/PTP1B/02_templates/template.pdb,/home/wms/AF2-test/AF2-CatGraph/data/PTP1B/02_templates/ligand.pdb,results/PTP1B/02_template_guided_docking/tables/PTP1B_step02_ligand_order_manifest.csv,/home/wms/AF2-test/AF2-CatGraph/data/PTP1B/02_templates/ligand.pdb,LIG,untrimmed_input,1,17,standard,dock_py_exact,True,single_chain_same_length_same_ordered_sequence,299,1.0,1.0,,passed,,2442,17,7,1.871452990898028,2.139970915699246,2.139970915699246,10,True,"(0.0, 0.0, 0.0)",collision_py_exact,5.0,6.0,17,94.21999999999998,95.94,88.562,78.81,98.19,90.0,80.0,True,/home/wms/AF2-test/AF2-CatGraph/results/PTP1B/02_template_guided_docking/complexes/PTP1B_54_complex.pdb
55,PTP1B_55,PTP1B_55_complex.pdb,PTP1B,55,PTP1B.AF2rank55.pdb,PTP1B.AF2rank55,/home/wms/AF2-test/AF2-CatGraph/data/PTP1B/01_af2_new/PTP1B.AF2rank55.pdb,/home/wms/AF2-test/AF2-CatGraph/results/PTP1B/02_template_guided_docking/complexes/PTP1B_55_complex.pdb,/home/wms/AF2-test/AF2-CatGraph/data/PTP1B/02_templates/template.pdb,/home/wms/AF2-test/AF2-CatGraph/data/PTP1B/02_templates/ligand.pdb,results/PTP1B/02_template_guided_docking/tables/PTP1B_step02_ligand_order_manifest.csv,/home/wms/AF2-test/AF2-CatGraph/data/PTP1B/02_templates/ligand.pdb,LIG,untrimmed_input,1,17,standard,dock_py_exact,True,single_chain_same_length_same_ordered_sequence,299,1.0,1.0,,passed,,2442,17,3,1.0066578263956694,2.320188909224832,2.320188909224832,10,True,"(0.0, 0.0, 0.0)",collision_py_exact,5.0,6.0,17,93.73823529411764,95.06,88.336,84.25,97.75,90.0,80.0,True,/home/wms/AF2-test/AF2-CatGraph/results/PTP1B/02_template_guided_docking/complexes/PTP1B_55_complex.pdb
56,PTP1B_56,PTP1B_56_complex.pdb,PTP1B,56,PTP1B.AF2rank56.pdb,PTP1B.AF2rank56,/home/wms/AF2-test/AF2-CatGraph/data/PTP1B/01_af2_new/PTP1B.AF2rank56.pdb,/home/wms/AF2-test/AF2-CatGraph/results/PTP1B/02_template_guided_docking/complexes/PTP1B_56_complex.pdb,/home/wms/AF2-test/AF2-CatGraph/data/PTP1B/02_templates/template.pdb,/home/wms/AF2-test/AF2-CatGraph/data/PTP1B/02_templates/ligand.pdb,results/PTP1B/02_template_guided_docking/tables/PTP1B_step02_ligand_order_manifest.csv,/home/wms/AF2-test/AF2-CatGraph/data/PTP1B/02_templates/ligand.pdb,LIG,untrimmed_input,1,17,standard,dock_py_exact,True,single_chain_same_length_same_ordered_sequence,299,1.0,1.0,,passed,,2442,17,4,0.7103495159759623,2.260079116695699,2.260079116695699,10,True,"(0.0, 0.0, 0.0)",collision_py_exact,5.0,6.0,17,93.86058823529413,95.81,88.452,78.44,97.88,90.0,80.0,True,/home/wms/AF2-test/AF2-CatGraph/results/PTP1B/02_template_guided_docking/complexes/PTP1B_56_complex.pdb
57,PTP1B_57,PTP1B_57_complex.pdb,PTP1B,57,PTP1B.AF2rank57.pdb,PTP1B.AF2rank57,/home/wms/AF2-test/AF2-CatGraph/data/PTP1B/01_af2_new/PTP1B.AF2rank57.pdb,/home/wms/AF2-test/AF2-CatGraph/results/PTP1B/02_template_guided_docking/complexes/PTP1B_57_complex.pdb,/home/wms/AF2-test/AF2-CatGraph/data/PTP1B/02_templates/template.pdb,/home/wms/AF2-test/AF2-CatGraph/data/PTP1B/02_templates/ligand.pdb,results/PTP1B/02_template_guided_docking/tables/PTP1B_step02_ligand_order_manifest.csv,/home/wms/AF2-test/AF2-CatGraph/data/PTP1B/02_templates/ligand.pdb,LIG,untrimmed_input,1,17,standard,dock_py_exact,True,single_chain_same_length_same_ordered_sequence,299,1.0,1.0,,passed,,2442,17,5,1.3351701243158658,2.223872071120277,2.223872071120277,10,True,"(0.0, 0.0, 0.0)",collision_py_exact,5.0,6.0,17,94.48235294117647,96.12,89.388,85.25,97.94,90.0,80.0,True,/home/wms/AF2-test/AF2-CatGraph/results/PTP1B/02_template_guided_docking/complexes/PTP1B_57_complex.pdb
58,PTP1B_58,PTP1B_58_complex.pdb,PTP1B,58,PTP1B.AF2rank58.pdb,PTP1B.AF2rank58,/home/wms/AF2-test/AF2-CatGraph/data/PTP1B/01_af2_new/PTP1B.AF2rank58.pdb,/home/wms/AF2-test/AF2-CatGraph/results/PTP1B/02_template_guided_docking/complexes/PTP1B_58_complex.pdb,/home/wms/AF2-test/AF2-CatGraph/data/PTP1B/02_templates/template.pdb,/home/wms/AF2-test/AF2-CatGraph/data/PTP1B/02_templates/ligand.pdb,results/PTP1B/02_template_guided_docking/tables/PTP1B_step02_ligand_order_manifest.csv,/home/wms/AF2-test/AF2-CatGraph/data/PTP1B/02_templates/ligand.pdb,LIG,untrimmed_input,1,17,standard,dock_py_exact,True,single_chain_same_length_same_ordered_sequence,299,1.0,1.0,,passed,,2442,17,5,1.3400117911346547,2.1732516467665066,2.1732516467665066,10,True,"(0.0, 0.0, 0.0)",collision_py_exact,5.0,6.0,17,93.09882352941176,95.06,86.26,74.38,97.75,90.0,80.0,True,/home/wms/AF2-test/AF2-CatGraph/results/PTP1B/02_template_guided_docking/complexes/PTP1B_58_complex.pdb
59,PTP1B_59,PTP1B_59_complex.pdb,PTP1B,59,PTP1B.AF2rank59.pdb,PTP1B.AF2rank59,/home/wms/AF2-test/AF2-CatGraph/data/PTP1B/01_af2_new/PTP1B.AF2rank59.pdb,/home/wms/AF2-test/AF2-CatGraph/results/PTP1B/02_template_guided_docking/complexes/PTP1B_59_complex.pdb,/home/wms/AF2-test/AF2-CatGraph/data/PTP1B/02_templates/template.pdb,/home/wms/AF2-test/AF2-CatGraph/data/PTP1B/02_templates/ligand.pdb,results/PTP1B/02_template_guided_docking/tables/PTP1B_step02_ligand_order_manifest.csv,/home/wms/AF2-test/AF2-CatGraph/data/PTP1B/02_templates/ligand.pdb,LIG,untrimmed_input,1,17,standard,dock_py_exact,True,single_chain_same_length_same_ordered_sequence,299,1.0,1.0,,passed,,2442,17,6,1.2363691944926267,2.30306107691596,2.30306107691596,10,True,"(0.0, 0.0, 0.0)",collision_py_exact,5.0,6.0,17,93.21294117647058,95.31,86.248,78.5,97.88,90.0,80.0,True,/home/wms/AF2-test/AF2-CatGraph/results/PTP1B/02_template_guided_docking/complexes/PTP1B_59_complex.pdb
61,PTP1B_61,PTP1B_61_complex.pdb,PTP1B,61,PTP1B.AF2rank61.pdb,PTP1B.AF2rank61,/home/wms/AF2-test/AF2-CatGraph/data/PTP1B/01_af2_new/PTP1B.AF2rank61.pdb,/home/wms/AF2-test/AF2-CatGraph/results/PTP1B/02_template_guided_docking/complexes/PTP1B_61_complex.pdb,/home/wms/AF2-test/AF2-CatGraph/data/PTP1B/02_templates/template.pdb,/home/wms/AF2-test/AF2-CatGraph/data/PTP1B/02_templates/ligand.pdb,results/PTP1B/02_template_guided_docking/tables/PTP1B_step02_ligand_order_manifest.csv,/home/wms/AF2-test/AF2-CatGraph/data/PTP1B/02_templates/ligand.pdb,LIG,untrimmed_input,1,17,standard,dock_py_exact,True,single_chain_same_length_same_ordered_sequence,299,1.0,1.0,,passed,,2442,17,8,1.33414498721401,2.1765368433315,2.1765368433315,10,True,"(0.0, 0.0, 0.0)",collision_py_exact,5.0,6.0,17,92.79,95.12,86.476,74.62,97.5,90.0,80.0,True,/home/wms/AF2-test/AF2-CatGraph/results/PTP1B/02_template_guided_docking/complexes/PTP1B_61_complex.pdb
62,PTP1B_62,PTP1B_62_complex.pdb,PTP1B,62,PTP1B.AF2rank62.pdb,PTP1B.AF2rank62,/home/wms/AF2-test/AF2-CatGraph/data/PTP1B/01_af2_new/PTP1B.AF2rank62.pdb,/home/wms/AF2-test/AF2-CatGraph/results/PTP1B/02_template_guided_docking/complexes/PTP1B_62_complex.pdb,/home/wms/AF2-test/AF2-CatGraph/data/PTP1B/02_templates/template.pdb,/home/wms/AF2-test/AF2-CatGraph/data/PTP1B/02_templates/ligand.pdb,results/PTP1B/02_template_guided_docking/tables/PTP1B_step02_ligand_order_manifest.csv,/home/wms/AF2-test/AF2-CatGraph/data/PTP1B/02_templates/ligand.pdb,LIG,untrimmed_input,1,17,standard,dock_py_exact,True,single_chain_same_length_same_ordered_sequence,299,1.0,1.0,,passed,,2442,17,4,1.4842106647748898,2.0744780786939105,2.0744780786939105,10,True,"(0.0, 0.0, 0.0)",collision_py_exact,5.0,6.0,17,93.31235294117647,95.75,87.228,76.56,97.69,90.0,80.0,True,/home/wms/AF2-test/AF2-CatGraph/results/PTP1B/02_template_guided_docking/complexes/PTP1B_62_complex.pdb
63,PTP1B_63,PTP1B_63_complex.pdb,PTP1B,63,PTP1B.AF2rank63.pdb,PTP1B.AF2rank63,/home/wms/AF2-test/AF2-CatGraph/data/PTP1B/01_af2_new/PTP1B.AF2rank63.pdb,/home/wms/AF2-test/AF2-CatGraph/results/PTP1B/02_template_guided_docking/complexes/PTP1B_63_complex.pdb,/home/wms/AF2-test/AF2-CatGraph/data/PTP1B/02_templates/template.pdb,/home/wms/AF2-test/AF2-CatGraph/data/PTP1B/02_templates/ligand.pdb,results/PTP1B/02_template_guided_docking/tables/PTP1B_step02_ligand_order_manifest.csv,/home/wms/AF2-test/AF2-CatGraph/data/PTP1B/02_templates/ligand.pdb,LIG,untrimmed_input,1,17,standard,dock_py_exact,True,single_chain_same_length_same_ordered_sequence,299,1.0,1.0,,passed,,2442,17,9,2.407232704391085,2.136170059219224,2.136170059219224,10,True,"(0.0, 0.0, 0.0)",collision_py_exact,5.0,6.0,16,94.09625,95.5,92.465,74.12,97.56,90.0,80.0,True,/home/wms/AF2-test/AF2-CatGraph/results/PTP1B/02_template_guided_docking/complexes/PTP1B_63_complex.pdb
64,PTP1B_64,PTP1B_64_complex.pdb,PTP1B,64,PTP1B.AF2rank64.pdb,PTP1B.AF2rank64,/home/wms/AF2-test/AF2-CatGraph/data/PTP1B/01_af2_new/PTP1B.AF2rank64.pdb,/home/wms/AF2-test/AF2-CatGraph/results/PTP1B/02_template_guided_docking/complexes/PTP1B_64_complex.pdb,/home/wms/AF2-test/AF2-CatGraph/data/PTP1B/02_templates/template.pdb,/home/wms/AF2-test/AF2-CatGraph/data/PTP1B/02_templates/ligand.pdb,results/PTP1B/02_template_guided_docking/tables/PTP1B_step02_ligand_order_manifest.csv,/home/wms/AF2-test/AF2-CatGraph/data/PTP1B/02_templates/ligand.pdb,LIG,untrimmed_input,1,17,standard,dock_py_exact,True,single_chain_same_length_same_ordered_sequence,299,1.0,1.0,,passed,,2442,17,6,1.666435062703528,2.1844566830711893,2.1844566830711893,10,True,"(0.0, 0.0, 0.0)",collision_py_exact,5.0,6.0,17,94.29352941176471,96.06,88.596,79.06,98.31,90.0,80.0,True,/home/wms/AF2-test/AF2-CatGraph/results/PTP1B/02_template_guided_docking/complexes/PTP1B_64_complex.pdb
65,PTP1B_65,PTP1B_65_complex.pdb,PTP1B,65,PTP1B.AF2rank65.pdb,PTP1B.AF2rank65,/home/wms/AF2-test/AF2-CatGraph/data/PTP1B/01_af2_new/PTP1B.AF2rank65.pdb,/home/wms/AF2-test/AF2-CatGraph/results/PTP1B/02_template_guided_docking/complexes/PTP1B_65_complex.pdb,/home/wms/AF2-test/AF2-CatGraph/data/PTP1B/02_templates/template.pdb,/home/wms/AF2-test/AF2-CatGraph/data/PTP1B/02_templates/ligand.pdb,results/PTP1B/02_template_guided_docking/tables/PTP1B_step02_ligand_order_manifest.csv,/home/wms/AF2-test/AF2-CatGraph/data/PTP1B/02_templates/ligand.pdb,LIG,untrimmed_input,1,17,standard,dock_py_exact,True,single_chain_same_length_same_ordered_sequence,299,1.0,1.0,,passed,,2442,17,6,0.9701292143554476,2.299676908835869,2.299676908835869,10,True,"(0.0, 0.0, 0.0)",collision_py_exact,5.0,6.0,17,93.16882352941175,95.25,87.752,75.0,97.56,90.0,80.0,True,/home/wms/AF2-test/AF2-CatGraph/results/PTP1B/02_template_guided_docking/complexes/PTP1B_65_complex.pdb
66,PTP1B_66,PTP1B_66_complex.pdb,PTP1B,66,PTP1B.AF2rank66.pdb,PTP1B.AF2rank66,/home/wms/AF2-test/AF2-CatGraph/data/PTP1B/01_af2_new/PTP1B.AF2rank66.pdb,/home/wms/AF2-test/AF2-CatGraph/results/PTP1B/02_template_guided_docking/complexes/PTP1B_66_complex.pdb,/home/wms/AF2-test/AF2-CatGraph/data/PTP1B/02_templates/template.pdb,/home/wms/AF2-test/AF2-CatGraph/data/PTP1B/02_templates/ligand.pdb,results/PTP1B/02_template_guided_docking/tables/PTP1B_step02_ligand_order_manifest.csv,/home/wms/AF2-test/AF2-CatGraph/data/PTP1B/02_templates/ligand.pdb,LIG,untrimmed_input,1,17,standard,dock_py_exact,True,single_chain_same_length_same_ordered_sequence,299,1.0,1.0,,passed,,2442,17,3,0.7896343749678385,2.264227450325606,2.264227450325606,10,True,"(0.0, 0.0, 0.0)",collision_py_exact,5.0,6.0,17,94.41117647058823,96.12,89.124,83.06,98.0,90.0,80.0,True,/home/wms/AF2-test/AF2-CatGraph/results/PTP1B/02_template_guided_docking/complexes/PTP1B_66_complex.pdb
67,PTP1B_67,PTP1B_67_complex.pdb,PTP1B,67,PTP1B.AF2rank67.pdb,PTP1B.AF2rank67,/home/wms/AF2-test/AF2-CatGraph/data/PTP1B/01_af2_new/PTP1B.AF2rank67.pdb,/home/wms/AF2-test/AF2-CatGraph/results/PTP1B/02_template_guided_docking/complexes/PTP1B_67_complex.pdb,/home/wms/AF2-test/AF2-CatGraph/data/PTP1B/02_templates/template.pdb,/home/wms/AF2-test/AF2-CatGraph/data/PTP1B/02_templates/ligand.pdb,results/PTP1B/02_template_guided_docking/tables/PTP1B_step02_ligand_order_manifest.csv,/home/wms/AF2-test/AF2-CatGraph/data/PTP1B/02_templates/ligand.pdb,LIG,untrimmed_input,1,17,standard,dock_py_exact,True,single_chain_same_length_same_ordered_sequence,299,1.0,1.0,,passed,,2442,17,6,0.8671833950448815,2.268244883215065,2.268244883215065,10,True,"(0.0, 0.0, 0.0)",collision_py_exact,5.0,6.0,17,92.78647058823529,95.12,86.726,73.25,97.25,90.0,80.0,True,/home/wms/AF2-test/AF2-CatGraph/results/PTP1B/02_template_guided_docking/complexes/PTP1B_67_complex.pdb
68,PTP1B_68,PTP1B_68_complex.pdb,PTP1B,68,PTP1B.AF2rank68.pdb,PTP1B.AF2rank68,/home/wms/AF2-test/AF2-CatGraph/data/PTP1B/01_af2_new/PTP1B.AF2rank68.pdb,/home/wms/AF2-test/AF2-CatGraph/results/PTP1B/02_template_guided_docking/complexes/PTP1B_68_complex.pdb,/home/wms/AF2-test/AF2-CatGraph/data/PTP1B/02_templates/template.pdb,/home/wms/AF2-test/AF2-CatGraph/data/PTP1B/02_templates/ligand.pdb,results/PTP1B/02_template_guided_docking/tables/PTP1B_step02_ligand_order_manifest.csv,/home/wms/AF2-test/AF2-CatGraph/data/PTP1B/02_templates/ligand.pdb,LIG,untrimmed_input,1,17,standard,dock_py_exact,True,single_chain_same_length_same_ordered_sequence,299,1.0,1.0,,passed,,2442,17,7,1.992248912411056,2.0416296646195065,2.0416296646195065,10,True,"(0.0, 0.0, 0.0)",collision_py_exact,5.0,6.0,18,94.07611111111112,95.935,88.891,79.75,98.25,90.0,80.0,True,/home/wms/AF2-test/AF2-CatGraph/results/PTP1B/02_template_guided_docking/complexes/PTP1B_68_complex.pdb
69,PTP1B_69,PTP1B_69_complex.pdb,PTP1B,69,PTP1B.AF2rank69.pdb,PTP1B.AF2rank69,/home/wms/AF2-test/AF2-CatGraph/data/PTP1B/01_af2_new/PTP1B.AF2rank69.pdb,/home/wms/AF2-test/AF2-CatGraph/results/PTP1B/02_template_guided_docking/complexes/PTP1B_69_complex.pdb,/home/wms/AF2-test/AF2-CatGraph/data/PTP1B/02_templates/template.pdb,/home/wms/AF2-test/AF2-CatGraph/data/PTP1B/02_templates/ligand.pdb,results/PTP1B/02_template_guided_docking/tables/PTP1B_step02_ligand_order_manifest.csv,/home/wms/AF2-test/AF2-CatGraph/data/PTP1B/02_templates/ligand.pdb,LIG,untrimmed_input,1,17,standard,dock_py_exact,True,single_chain_same_length_same_ordered_sequence,299,1.0,1.0,,passed,,2442,17,6,1.347883313757245,2.163242787691208,2.163242787691208,10,True,"(0.0, 0.0, 0.0)",collision_py_exact,5.0,6.0,17,93.22411764705882,95.25,87.328,75.0,97.62,90.0,80.0,True,/home/wms/AF2-test/AF2-CatGraph/results/PTP1B/02_template_guided_docking/complexes/PTP1B_69_complex.pdb
70,PTP1B_70,PTP1B_70_complex.pdb,PTP1B,70,PTP1B.AF2rank70.pdb,PTP1B.AF2rank70,/home/wms/AF2-test/AF2-CatGraph/data/PTP1B/01_af2_new/PTP1B.AF2rank70.pdb,/home/wms/AF2-test/AF2-CatGraph/results/PTP1B/02_template_guided_docking/complexes/PTP1B_70_complex.pdb,/home/wms/AF2-test/AF2-CatGraph/data/PTP1B/02_templates/template.pdb,/home/wms/AF2-test/AF2-CatGraph/data/PTP1B/02_templates/ligand.pdb,results/PTP1B/02_template_guided_docking/tables/PTP1B_step02_ligand_order_manifest.csv,/home/wms/AF2-test/AF2-CatGraph/data/PTP1B/02_templates/ligand.pdb,LIG,untrimmed_input,1,17,standard,dock_py_exact,True,single_chain_same_length_same_ordered_sequence,299,1.0,1.0,,passed,,2442,17,7,1.1824217249873898,2.1333797054454404,2.1333797054454404,10,True,"(0.0, 0.0, 0.0)",collision_py_exact,5.0,6.0,17,94.39,96.12,90.16,78.75,97.88,90.0,80.0,True,/home/wms/AF2-test/AF2-CatGraph/results/PTP1B/02_template_guided_docking/complexes/PTP1B_70_complex.pdb
71,PTP1B_71,PTP1B_71_complex.pdb,PTP1B,71,PTP1B.AF2rank71.pdb,PTP1B.AF2rank71,/home/wms/AF2-test/AF2-CatGraph/data/PTP1B/01_af2_new/PTP1B.AF2rank71.pdb,/home/wms/AF2-test/AF2-CatGraph/results/PTP1B/02_template_guided_docking/complexes/PTP1B_71_complex.pdb,/home/wms/AF2-test/AF2-CatGraph/data/PTP1B/02_templates/template.pdb,/home/wms/AF2-test/AF2-CatGraph/data/PTP1B/02_templates/ligand.pdb,results/PTP1B/02_template_guided_docking/tables/PTP1B_step02_ligand_order_manifest.csv,/home/wms/AF2-test/AF2-CatGraph/data/PTP1B/02_templates/ligand.pdb,LIG,untrimmed_input,1,17,standard,dock_py_exact,True,single_chain_same_length_same_ordered_sequence,299,1.0,1.0,,passed,,2442,17,6,1.3148308978828012,2.166150097586475,2.166150097586475,10,True,"(0.0, 0.0, 0.0)",collision_py_exact,5.0,6.0,17,92.55529411764707,95.19,85.152,68.56,97.69,90.0,80.0,True,/home/wms/AF2-test/AF2-CatGraph/results/PTP1B/02_template_guided_docking/complexes/PTP1B_71_complex.pdb
72,PTP1B_72,PTP1B_72_complex.pdb,PTP1B,72,PTP1B.AF2rank72.pdb,PTP1B.AF2rank72,/home/wms/AF2-test/AF2-CatGraph/data/PTP1B/01_af2_new/PTP1B.AF2rank72.pdb,/home/wms/AF2-test/AF2-CatGraph/results/PTP1B/02_template_guided_docking/complexes/PTP1B_72_complex.pdb,/home/wms/AF2-test/AF2-CatGraph/data/PTP1B/02_templates/template.pdb,/home/wms/AF2-test/AF2-CatGraph/data/PTP1B/02_templates/ligand.pdb,results/PTP1B/02_template_guided_docking/tables/PTP1B_step02_ligand_order_manifest.csv,/home/wms/AF2-test/AF2-CatGraph/data/PTP1B/02_templates/ligand.pdb,LIG,untrimmed_input,1,17,standard,dock_py_exact,True,single_chain_same_length_same_ordered_sequence,299,1.0,1.0,,passed,,2442,17,6,1.6349681448526785,2.1271740200951625,2.1271740200951625,10,True,"(0.0, 0.0, 0.0)",collision_py_exact,5.0,6.0,17,94.4664705882353,96.19,88.97200000000001,85.0,98.0,90.0,80.0,True,/home/wms/AF2-test/AF2-CatGraph/results/PTP1B/02_template_guided_docking/complexes/PTP1B_72_complex.pdb
73,PTP1B_73,PTP1B_73_complex.pdb,PTP1B,73,PTP1B.AF2rank73.pdb,PTP1B.AF2rank73,/home/wms/AF2-test/AF2-CatGraph/data/PTP1B/01_af2_new/PTP1B.AF2rank73.pdb,/home/wms/AF2-test/AF2-CatGraph/results/PTP1B/02_template_guided_docking/complexes/PTP1B_73_complex.pdb,/home/wms/AF2-test/AF2-CatGraph/data/PTP1B/02_templates/template.pdb,/home/wms/AF2-test/AF2-CatGraph/data/PTP1B/02_templates/ligand.pdb,results/PTP1B/02_template_guided_docking/tables/PTP1B_step02_ligand_order_manifest.csv,/home/wms/AF2-test/AF2-CatGraph/data/PTP1B/02_templates/ligand.pdb,LIG,untrimmed_input,1,17,standard,dock_py_exact,True,single_chain_same_length_same_ordered_sequence,299,1.0,1.0,,passed,,2442,17,6,1.7510503565100897,2.228715949058069,2.228715949058069,10,True,"(0.0, 0.0, 0.0)",collision_py_exact,5.0,6.0,17,93.62882352941176,96.12,86.548,78.69,98.0,90.0,80.0,True,/home/wms/AF2-test/AF2-CatGraph/results/PTP1B/02_template_guided_docking/complexes/PTP1B_73_complex.pdb
74,PTP1B_74,PTP1B_74_complex.pdb,PTP1B,74,PTP1B.AF2rank74.pdb,PTP1B.AF2rank74,/home/wms/AF2-test/AF2-CatGraph/data/PTP1B/01_af2_new/PTP1B.AF2rank74.pdb,/home/wms/AF2-test/AF2-CatGraph/results/PTP1B/02_template_guided_docking/complexes/PTP1B_74_complex.pdb,/home/wms/AF2-test/AF2-CatGraph/data/PTP1B/02_templates/template.pdb,/home/wms/AF2-test/AF2-CatGraph/data/PTP1B/02_templates/ligand.pdb,results/PTP1B/02_template_guided_docking/tables/PTP1B_step02_ligand_order_manifest.csv,/home/wms/AF2-test/AF2-CatGraph/data/PTP1B/02_templates/ligand.pdb,LIG,untrimmed_input,1,17,standard,dock_py_exact,True,single_chain_same_length_same_ordered_sequence,299,1.0,1.0,,passed,,2442,17,9,1.6965821684525877,2.0509124559164,2.0509124559164,10,True,"(0.0, 0.0, 0.0)",collision_py_exact,5.0,6.0,17,93.03705882352942,95.75,85.96000000000001,71.44,97.81,90.0,80.0,True,/home/wms/AF2-test/AF2-CatGraph/results/PTP1B/02_template_guided_docking/complexes/PTP1B_74_complex.pdb
75,PTP1B_75,PTP1B_75_complex.pdb,PTP1B,75,PTP1B.AF2rank75.pdb,PTP1B.AF2rank75,/home/wms/AF2-test/AF2-CatGraph/data/PTP1B/01_af2_new/PTP1B.AF2rank75.pdb,/home/wms/AF2-test/AF2-CatGraph/results/PTP1B/02_template_guided_docking/complexes/PTP1B_75_complex.pdb,/home/wms/AF2-test/AF2-CatGraph/data/PTP1B/02_templates/template.pdb,/home/wms/AF2-test/AF2-CatGraph/data/PTP1B/02_templates/ligand.pdb,results/PTP1B/02_template_guided_docking/tables/PTP1B_step02_ligand_order_manifest.csv,/home/wms/AF2-test/AF2-CatGraph/data/PTP1B/02_templates/ligand.pdb,LIG,untrimmed_input,1,17,standard,dock_py_exact,True,single_chain_same_length_same_ordered_sequence,299,1.0,1.0,,passed,,2442,17,4,1.1422440106249954,2.2877631760557096,2.2877631760557096,10,True,"(0.0, 0.0, 0.0)",collision_py_exact,5.0,6.0,17,93.4964705882353,96.0,86.99,76.38,98.0,90.0,80.0,True,/home/wms/AF2-test/AF2-CatGraph/results/PTP1B/02_template_guided_docking/complexes/PTP1B_75_complex.pdb
76,PTP1B_76,PTP1B_76_complex.pdb,PTP1B,76,PTP1B.AF2rank76.pdb,PTP1B.AF2rank76,/home/wms/AF2-test/AF2-CatGraph/data/PTP1B/01_af2_new/PTP1B.AF2rank76.pdb,/home/wms/AF2-test/AF2-CatGraph/results/PTP1B/02_template_guided_docking/complexes/PTP1B_76_complex.pdb,/home/wms/AF2-test/AF2-CatGraph/data/PTP1B/02_templates/template.pdb,/home/wms/AF2-test/AF2-CatGraph/data/PTP1B/02_templates/ligand.pdb,results/PTP1B/02_template_guided_docking/tables/PTP1B_step02_ligand_order_manifest.csv,/home/wms/AF2-test/AF2-CatGraph/data/PTP1B/02_templates/ligand.pdb,LIG,untrimmed_input,1,17,standard,dock_py_exact,True,single_chain_same_length_same_ordered_sequence,299,1.0,1.0,,passed,,2442,17,4,0.6167224578412438,2.2031199194642146,2.2031199194642146,10,True,"(0.0, 0.0, 0.0)",collision_py_exact,5.0,6.0,17,93.05823529411765,95.19,86.97200000000001,72.75,97.62,90.0,80.0,True,/home/wms/AF2-test/AF2-CatGraph/results/PTP1B/02_template_guided_docking/complexes/PTP1B_76_complex.pdb
77,PTP1B_77,PTP1B_77_complex.pdb,PTP1B,77,PTP1B.AF2rank77.pdb,PTP1B.AF2rank77,/home/wms/AF2-test/AF2-CatGraph/data/PTP1B/01_af2_new/PTP1B.AF2rank77.pdb,/home/wms/AF2-test/AF2-CatGraph/results/PTP1B/02_template_guided_docking/complexes/PTP1B_77_complex.pdb,/home/wms/AF2-test/AF2-CatGraph/data/PTP1B/02_templates/template.pdb,/home/wms/AF2-test/AF2-CatGraph/data/PTP1B/02_templates/ligand.pdb,results/PTP1B/02_template_guided_docking/tables/PTP1B_step02_ligand_order_manifest.csv,/home/wms/AF2-test/AF2-CatGraph/data/PTP1B/02_templates/ligand.pdb,LIG,untrimmed_input,1,17,standard,dock_py_exact,True,single_chain_same_length_same_ordered_sequence,299,1.0,1.0,,passed,,2442,17,4,0.7724037174267351,2.2208592955545936,2.2208592955545936,10,True,"(0.0, 0.0, 0.0)",collision_py_exact,5.0,6.0,17,92.73176470588236,95.12,86.164,73.81,97.44,90.0,80.0,True,/home/wms/AF2-test/AF2-CatGraph/results/PTP1B/02_template_guided_docking/complexes/PTP1B_77_complex.pdb
78,PTP1B_78,PTP1B_78_complex.pdb,PTP1B,78,PTP1B.AF2rank78.pdb,PTP1B.AF2rank78,/home/wms/AF2-test/AF2-CatGraph/data/PTP1B/01_af2_new/PTP1B.AF2rank78.pdb,/home/wms/AF2-test/AF2-CatGraph/results/PTP1B/02_template_guided_docking/complexes/PTP1B_78_complex.pdb,/home/wms/AF2-test/AF2-CatGraph/data/PTP1B/02_templates/template.pdb,/home/wms/AF2-test/AF2-CatGraph/data/PTP1B/02_templates/ligand.pdb,results/PTP1B/02_template_guided_docking/tables/PTP1B_step02_ligand_order_manifest.csv,/home/wms/AF2-test/AF2-CatGraph/data/PTP1B/02_templates/ligand.pdb,LIG,untrimmed_input,1,17,standard,dock_py_exact,True,single_chain_same_length_same_ordered_sequence,299,1.0,1.0,,passed,,2442,17,9,2.4277880038858,2.189822332674367,2.189822332674367,10,True,"(0.0, 0.0, 0.0)",collision_py_exact,5.0,6.0,17,94.33,96.12,89.262,80.19,98.12,90.0,80.0,True,/home/wms/AF2-test/AF2-CatGraph/results/PTP1B/02_template_guided_docking/complexes/PTP1B_78_complex.pdb
79,PTP1B_79,PTP1B_79_complex.pdb,PTP1B,79,PTP1B.AF2rank79.pdb,PTP1B.AF2rank79,/home/wms/AF2-test/AF2-CatGraph/data/PTP1B/01_af2_new/PTP1B.AF2rank79.pdb,/home/wms/AF2-test/AF2-CatGraph/results/PTP1B/02_template_guided_docking/complexes/PTP1B_79_complex.pdb,/home/wms/AF2-test/AF2-CatGraph/data/PTP1B/02_templates/template.pdb,/home/wms/AF2-test/AF2-CatGraph/data/PTP1B/02_templates/ligand.pdb,results/PTP1B/02_template_guided_docking/tables/PTP1B_step02_ligand_order_manifest.csv,/home/wms/AF2-test/AF2-CatGraph/data/PTP1B/02_templates/ligand.pdb,LIG,untrimmed_input,1,17,standard,dock_py_exact,True,single_chain_same_length_same_ordered_sequence,299,1.0,1.0,,passed,,2442,17,9,1.9449972863712637,2.189541005201218,2.189541005201218,10,True,"(0.0, 0.0, 0.0)",collision_py_exact,5.0,6.0,17,93.27235294117648,95.94,86.476,74.62,98.12,90.0,80.0,True,/home/wms/AF2-test/AF2-CatGraph/results/PTP1B/02_template_guided_docking/complexes/PTP1B_79_complex.pdb
80,PTP1B_80,PTP1B_80_complex.pdb,PTP1B,80,PTP1B.AF2rank80.pdb,PTP1B.AF2rank80,/home/wms/AF2-test/AF2-CatGraph/data/PTP1B/01_af2_new/PTP1B.AF2rank80.pdb,/home/wms/AF2-test/AF2-CatGraph/results/PTP1B/02_template_guided_docking/complexes/PTP1B_80_complex.pdb,/home/wms/AF2-test/AF2-CatGraph/data/PTP1B/02_templates/template.pdb,/home/wms/AF2-test/AF2-CatGraph/data/PTP1B/02_templates/ligand.pdb,results/PTP1B/02_template_guided_docking/tables/PTP1B_step02_ligand_order_manifest.csv,/home/wms/AF2-test/AF2-CatGraph/data/PTP1B/02_templates/ligand.pdb,LIG,untrimmed_input,1,17,standard,dock_py_exact,True,single_chain_same_length_same_ordered_sequence,299,1.0,1.0,,passed,,2442,17,5,1.6948626625191467,2.051511193673799,2.051511193673799,10,True,"(0.0, 0.0, 0.0)",collision_py_exact,5.0,6.0,17,93.32294117647061,95.69,87.188,74.94,97.69,90.0,80.0,True,/home/wms/AF2-test/AF2-CatGraph/results/PTP1B/02_template_guided_docking/complexes/PTP1B_80_complex.pdb
81,PTP1B_81,PTP1B_81_complex.pdb,PTP1B,81,PTP1B.AF2rank81.pdb,PTP1B.AF2rank81,/home/wms/AF2-test/AF2-CatGraph/data/PTP1B/01_af2_new/PTP1B.AF2rank81.pdb,/home/wms/AF2-test/AF2-CatGraph/results/PTP1B/02_template_guided_docking/complexes/PTP1B_81_complex.pdb,/home/wms/AF2-test/AF2-CatGraph/data/PTP1B/02_templates/template.pdb,/home/wms/AF2-test/AF2-CatGraph/data/PTP1B/02_templates/ligand.pdb,results/PTP1B/02_template_guided_docking/tables/PTP1B_step02_ligand_order_manifest.csv,/home/wms/AF2-test/AF2-CatGraph/data/PTP1B/02_templates/ligand.pdb,LIG,untrimmed_input,1,17,standard,dock_py_exact,True,single_chain_same_length_same_ordered_sequence,299,1.0,1.0,,passed,,2442,17,6,1.9913245259734145,2.049473348750958,2.049473348750958,10,True,"(0.0, 0.0, 0.0)",collision_py_exact,5.0,6.0,17,94.58352941176472,96.5,89.55,81.31,98.38,90.0,80.0,True,/home/wms/AF2-test/AF2-CatGraph/results/PTP1B/02_template_guided_docking/complexes/PTP1B_81_complex.pdb
82,PTP1B_82,PTP1B_82_complex.pdb,PTP1B,82,PTP1B.AF2rank82.pdb,PTP1B.AF2rank82,/home/wms/AF2-test/AF2-CatGraph/data/PTP1B/01_af2_new/PTP1B.AF2rank82.pdb,/home/wms/AF2-test/AF2-CatGraph/results/PTP1B/02_template_guided_docking/complexes/PTP1B_82_complex.pdb,/home/wms/AF2-test/AF2-CatGraph/data/PTP1B/02_templates/template.pdb,/home/wms/AF2-test/AF2-CatGraph/data/PTP1B/02_templates/ligand.pdb,results/PTP1B/02_template_guided_docking/tables/PTP1B_step02_ligand_order_manifest.csv,/home/wms/AF2-test/AF2-CatGraph/data/PTP1B/02_templates/ligand.pdb,LIG,untrimmed_input,1,17,standard,dock_py_exact,True,single_chain_same_length_same_ordered_sequence,299,1.0,1.0,,passed,,2442,17,5,1.2593801897912882,2.182298525558953,2.182298525558953,10,True,"(0.0, 0.0, 0.0)",collision_py_exact,5.0,6.0,17,93.36705882352942,95.12,90.534,73.56,97.5,90.0,80.0,True,/home/wms/AF2-test/AF2-CatGraph/results/PTP1B/02_template_guided_docking/complexes/PTP1B_82_complex.pdb
83,PTP1B_83,PTP1B_83_complex.pdb,PTP1B,83,PTP1B.AF2rank83.pdb,PTP1B.AF2rank83,/home/wms/AF2-test/AF2-CatGraph/data/PTP1B/01_af2_new/PTP1B.AF2rank83.pdb,/home/wms/AF2-test/AF2-CatGraph/results/PTP1B/02_template_guided_docking/complexes/PTP1B_83_complex.pdb,/home/wms/AF2-test/AF2-CatGraph/data/PTP1B/02_templates/template.pdb,/home/wms/AF2-test/AF2-CatGraph/data/PTP1B/02_templates/ligand.pdb,results/PTP1B/02_template_guided_docking/tables/PTP1B_step02_ligand_order_manifest.csv,/home/wms/AF2-test/AF2-CatGraph/data/PTP1B/02_templates/ligand.pdb,LIG,untrimmed_input,1,17,standard,dock_py_exact,True,single_chain_same_length_same_ordered_sequence,299,1.0,1.0,,passed,,2442,17,6,1.4928723567722455,2.1811990887614066,2.1811990887614066,10,True,"(0.0, 0.0, 0.0)",collision_py_exact,5.0,6.0,17,93.53705882352942,95.81,86.988,75.69,97.94,90.0,80.0,True,/home/wms/AF2-test/AF2-CatGraph/results/PTP1B/02_template_guided_docking/complexes/PTP1B_83_complex.pdb
84,PTP1B_84,PTP1B_84_complex.pdb,PTP1B,84,PTP1B.AF2rank84.pdb,PTP1B.AF2rank84,/home/wms/AF2-test/AF2-CatGraph/data/PTP1B/01_af2_new/PTP1B.AF2rank84.pdb,/home/wms/AF2-test/AF2-CatGraph/results/PTP1B/02_template_guided_docking/complexes/PTP1B_84_complex.pdb,/home/wms/AF2-test/AF2-CatGraph/data/PTP1B/02_templates/template.pdb,/home/wms/AF2-test/AF2-CatGraph/data/PTP1B/02_templates/ligand.pdb,results/PTP1B/02_template_guided_docking/tables/PTP1B_step02_ligand_order_manifest.csv,/home/wms/AF2-test/AF2-CatGraph/data/PTP1B/02_templates/ligand.pdb,LIG,untrimmed_input,1,17,standard,dock_py_exact,True,single_chain_same_length_same_ordered_sequence,299,1.0,1.0,,passed,,2442,17,7,0.8827646503514086,2.405400113387098,2.405400113387098,10,True,"(0.0, 0.0, 0.0)",collision_py_exact,5.0,6.0,17,92.97647058823529,95.25,87.25,73.44,97.56,90.0,80.0,True,/home/wms/AF2-test/AF2-CatGraph/results/PTP1B/02_template_guided_docking/complexes/PTP1B_84_complex.pdb
85,PTP1B_85,PTP1B_85_complex.pdb,PTP1B,85,PTP1B.AF2rank85.pdb,PTP1B.AF2rank85,/home/wms/AF2-test/AF2-CatGraph/data/PTP1B/01_af2_new/PTP1B.AF2rank85.pdb,/home/wms/AF2-test/AF2-CatGraph/results/PTP1B/02_template_guided_docking/complexes/PTP1B_85_complex.pdb,/home/wms/AF2-test/AF2-CatGraph/data/PTP1B/02_templates/template.pdb,/home/wms/AF2-test/AF2-CatGraph/data/PTP1B/02_templates/ligand.pdb,results/PTP1B/02_template_guided_docking/tables/PTP1B_step02_ligand_order_manifest.csv,/home/wms/AF2-test/AF2-CatGraph/data/PTP1B/02_templates/ligand.pdb,LIG,untrimmed_input,1,17,standard,dock_py_exact,True,single_chain_same_length_same_ordered_sequence,299,1.0,1.0,,passed,,2442,17,6,1.5539115254686435,2.1568317641625074,2.1568317641625074,10,True,"(0.0, 0.0, 0.0)",collision_py_exact,5.0,6.0,16,93.9725,95.53,91.5,74.62,98.0,90.0,80.0,True,/home/wms/AF2-test/AF2-CatGraph/results/PTP1B/02_template_guided_docking/complexes/PTP1B_85_complex.pdb
86,PTP1B_86,PTP1B_86_complex.pdb,PTP1B,86,PTP1B.AF2rank86.pdb,PTP1B.AF2rank86,/home/wms/AF2-test/AF2-CatGraph/data/PTP1B/01_af2_new/PTP1B.AF2rank86.pdb,/home/wms/AF2-test/AF2-CatGraph/results/PTP1B/02_template_guided_docking/complexes/PTP1B_86_complex.pdb,/home/wms/AF2-test/AF2-CatGraph/data/PTP1B/02_templates/template.pdb,/home/wms/AF2-test/AF2-CatGraph/data/PTP1B/02_templates/ligand.pdb,results/PTP1B/02_template_guided_docking/tables/PTP1B_step02_ligand_order_manifest.csv,/home/wms/AF2-test/AF2-CatGraph/data/PTP1B/02_templates/ligand.pdb,LIG,untrimmed_input,1,17,standard,dock_py_exact,True,single_chain_same_length_same_ordered_sequence,299,1.0,1.0,,passed,,2442,17,4,1.0510894983404189,2.258193236008515,2.258193236008515,10,True,"(0.0, 0.0, 0.0)",collision_py_exact,5.0,6.0,17,93.69411764705882,95.75,87.386,80.31,97.81,90.0,80.0,True,/home/wms/AF2-test/AF2-CatGraph/results/PTP1B/02_template_guided_docking/complexes/PTP1B_86_complex.pdb
87,PTP1B_87,PTP1B_87_complex.pdb,PTP1B,87,PTP1B.AF2rank87.pdb,PTP1B.AF2rank87,/home/wms/AF2-test/AF2-CatGraph/data/PTP1B/01_af2_new/PTP1B.AF2rank87.pdb,/home/wms/AF2-test/AF2-CatGraph/results/PTP1B/02_template_guided_docking/complexes/PTP1B_87_complex.pdb,/home/wms/AF2-test/AF2-CatGraph/data/PTP1B/02_templates/template.pdb,/home/wms/AF2-test/AF2-CatGraph/data/PTP1B/02_templates/ligand.pdb,results/PTP1B/02_template_guided_docking/tables/PTP1B_step02_ligand_order_manifest.csv,/home/wms/AF2-test/AF2-CatGraph/data/PTP1B/02_templates/ligand.pdb,LIG,untrimmed_input,1,17,standard,dock_py_exact,True,single_chain_same_length_same_ordered_sequence,299,1.0,1.0,,passed,,2442,17,7,1.1917681367967088,2.198590696635174,2.198590696635174,10,True,"(0.0, 0.0, 0.0)",collision_py_exact,5.0,6.0,16,93.45937500000001,95.22,90.965,75.69,97.56,90.0,80.0,True,/home/wms/AF2-test/AF2-CatGraph/results/PTP1B/02_template_guided_docking/complexes/PTP1B_87_complex.pdb
88,PTP1B_88,PTP1B_88_complex.pdb,PTP1B,88,PTP1B.AF2rank88.pdb,PTP1B.AF2rank88,/home/wms/AF2-test/AF2-CatGraph/data/PTP1B/01_af2_new/PTP1B.AF2rank88.pdb,/home/wms/AF2-test/AF2-CatGraph/results/PTP1B/02_template_guided_docking/complexes/PTP1B_88_complex.pdb,/home/wms/AF2-test/AF2-CatGraph/data/PTP1B/02_templates/template.pdb,/home/wms/AF2-test/AF2-CatGraph/data/PTP1B/02_templates/ligand.pdb,results/PTP1B/02_template_guided_docking/tables/PTP1B_step02_ligand_order_manifest.csv,/home/wms/AF2-test/AF2-CatGraph/data/PTP1B/02_templates/ligand.pdb,LIG,untrimmed_input,1,17,standard,dock_py_exact,True,single_chain_same_length_same_ordered_sequence,299,1.0,1.0,,passed,,2442,17,4,0.5692281598670763,2.44478648720453,2.44478648720453,10,True,"(0.0, 0.0, 0.0)",collision_py_exact,5.0,6.0,17,94.4205882352941,96.31,88.612,84.62,98.06,90.0,80.0,True,/home/wms/AF2-test/AF2-CatGraph/results/PTP1B/02_template_guided_docking/complexes/PTP1B_88_complex.pdb
89,PTP1B_89,PTP1B_89_complex.pdb,PTP1B,89,PTP1B.AF2rank89.pdb,PTP1B.AF2rank89,/home/wms/AF2-test/AF2-CatGraph/data/PTP1B/01_af2_new/PTP1B.AF2rank89.pdb,/home/wms/AF2-test/AF2-CatGraph/results/PTP1B/02_template_guided_docking/complexes/PTP1B_89_complex.pdb,/home/wms/AF2-test/AF2-CatGraph/data/PTP1B/02_templates/template.pdb,/home/wms/AF2-test/AF2-CatGraph/data/PTP1B/02_templates/ligand.pdb,results/PTP1B/02_template_guided_docking/tables/PTP1B_step02_ligand_order_manifest.csv,/home/wms/AF2-test/AF2-CatGraph/data/PTP1B/02_templates/ligand.pdb,LIG,untrimmed_input,1,17,standard,dock_py_exact,True,single_chain_same_length_same_ordered_sequence,299,1.0,1.0,,passed,,2442,17,8,1.897180484104984,2.143439236094032,2.143439236094032,10,True,"(0.0, 0.0, 0.0)",collision_py_exact,5.0,6.0,17,92.94117647058823,95.31,86.934,74.88,97.62,90.0,80.0,True,/home/wms/AF2-test/AF2-CatGraph/results/PTP1B/02_template_guided_docking/complexes/PTP1B_89_complex.pdb
90,PTP1B_90,PTP1B_90_complex.pdb,PTP1B,90,PTP1B.AF2rank90.pdb,PTP1B.AF2rank90,/home/wms/AF2-test/AF2-CatGraph/data/PTP1B/01_af2_new/PTP1B.AF2rank90.pdb,/home/wms/AF2-test/AF2-CatGraph/results/PTP1B/02_template_guided_docking/complexes/PTP1B_90_complex.pdb,/home/wms/AF2-test/AF2-CatGraph/data/PTP1B/02_templates/template.pdb,/home/wms/AF2-test/AF2-CatGraph/data/PTP1B/02_templates/ligand.pdb,results/PTP1B/02_template_guided_docking/tables/PTP1B_step02_ligand_order_manifest.csv,/home/wms/AF2-test/AF2-CatGraph/data/PTP1B/02_templates/ligand.pdb,LIG,untrimmed_input,1,17,standard,dock_py_exact,True,single_chain_same_length_same_ordered_sequence,299,1.0,1.0,,passed,,2442,17,5,0.9801833112274738,2.2330988286627185,2.2330988286627185,10,True,"(0.0, 0.0, 0.0)",collision_py_exact,5.0,6.0,16,93.605625,95.03,92.62,74.5,97.44,90.0,80.0,True,/home/wms/AF2-test/AF2-CatGraph/results/PTP1B/02_template_guided_docking/complexes/PTP1B_90_complex.pdb
91,PTP1B_91,PTP1B_91_complex.pdb,PTP1B,91,PTP1B.AF2rank91.pdb,PTP1B.AF2rank91,/home/wms/AF2-test/AF2-CatGraph/data/PTP1B/01_af2_new/PTP1B.AF2rank91.pdb,/home/wms/AF2-test/AF2-CatGraph/results/PTP1B/02_template_guided_docking/complexes/PTP1B_91_complex.pdb,/home/wms/AF2-test/AF2-CatGraph/data/PTP1B/02_templates/template.pdb,/home/wms/AF2-test/AF2-CatGraph/data/PTP1B/02_templates/ligand.pdb,results/PTP1B/02_template_guided_docking/tables/PTP1B_step02_ligand_order_manifest.csv,/home/wms/AF2-test/AF2-CatGraph/data/PTP1B/02_templates/ligand.pdb,LIG,untrimmed_input,1,17,standard,dock_py_exact,True,single_chain_same_length_same_ordered_sequence,299,1.0,1.0,,passed,,2442,17,4,0.9599409042119492,2.23008018301774,2.23008018301774,10,True,"(0.0, 0.0, 0.0)",collision_py_exact,5.0,6.0,17,92.32000000000001,94.81,85.52000000000001,71.75,97.31,90.0,80.0,True,/home/wms/AF2-test/AF2-CatGraph/results/PTP1B/02_template_guided_docking/complexes/PTP1B_91_complex.pdb
92,PTP1B_92,PTP1B_92_complex.pdb,PTP1B,92,PTP1B.AF2rank92.pdb,PTP1B.AF2rank92,/home/wms/AF2-test/AF2-CatGraph/data/PTP1B/01_af2_new/PTP1B.AF2rank92.pdb,/home/wms/AF2-test/AF2-CatGraph/results/PTP1B/02_template_guided_docking/complexes/PTP1B_92_complex.pdb,/home/wms/AF2-test/AF2-CatGraph/data/PTP1B/02_templates/template.pdb,/home/wms/AF2-test/AF2-CatGraph/data/PTP1B/02_templates/ligand.pdb,results/PTP1B/02_template_guided_docking/tables/PTP1B_step02_ligand_order_manifest.csv,/home/wms/AF2-test/AF2-CatGraph/data/PTP1B/02_templates/ligand.pdb,LIG,untrimmed_input,1,17,standard,dock_py_exact,True,single_chain_same_length_same_ordered_sequence,299,1.0,1.0,,passed,,2442,17,7,1.106637743935365,2.2072038198123747,2.2072038198123747,10,True,"(0.0, 0.0, 0.0)",collision_py_exact,5.0,6.0,17,94.18117647058823,95.88,89.14,79.25,98.0,90.0,80.0,True,/home/wms/AF2-test/AF2-CatGraph/results/PTP1B/02_template_guided_docking/complexes/PTP1B_92_complex.pdb
93,PTP1B_93,PTP1B_93_complex.pdb,PTP1B,93,PTP1B.AF2rank93.pdb,PTP1B.AF2rank93,/home/wms/AF2-test/AF2-CatGraph/data/PTP1B/01_af2_new/PTP1B.AF2rank93.pdb,/home/wms/AF2-test/AF2-CatGraph/results/PTP1B/02_template_guided_docking/complexes/PTP1B_93_complex.pdb,/home/wms/AF2-test/AF2-CatGraph/data/PTP1B/02_templates/template.pdb,/home/wms/AF2-test/AF2-CatGraph/data/PTP1B/02_templates/ligand.pdb,results/PTP1B/02_template_guided_docking/tables/PTP1B_step02_ligand_order_manifest.csv,/home/wms/AF2-test/AF2-CatGraph/data/PTP1B/02_templates/ligand.pdb,LIG,untrimmed_input,1,17,standard,dock_py_exact,True,single_chain_same_length_same_ordered_sequence,299,1.0,1.0,,passed,,2442,17,10,2.436649393805304,2.0028411372677875,2.0028411372677875,10,True,"(0.0, 0.0, 0.0)",collision_py_exact,5.0,6.0,17,92.25470588235294,94.75,85.404,71.94,97.38,90.0,80.0,True,/home/wms/AF2-test/AF2-CatGraph/results/PTP1B/02_template_guided_docking/complexes/PTP1B_93_complex.pdb
94,PTP1B_94,PTP1B_94_complex.pdb,PTP1B,94,PTP1B.AF2rank94.pdb,PTP1B.AF2rank94,/home/wms/AF2-test/AF2-CatGraph/data/PTP1B/01_af2_new/PTP1B.AF2rank94.pdb,/home/wms/AF2-test/AF2-CatGraph/results/PTP1B/02_template_guided_docking/complexes/PTP1B_94_complex.pdb,/home/wms/AF2-test/AF2-CatGraph/data/PTP1B/02_templates/template.pdb,/home/wms/AF2-test/AF2-CatGraph/data/PTP1B/02_templates/ligand.pdb,results/PTP1B/02_template_guided_docking/tables/PTP1B_step02_ligand_order_manifest.csv,/home/wms/AF2-test/AF2-CatGraph/data/PTP1B/02_templates/ligand.pdb,LIG,untrimmed_input,1,17,standard,dock_py_exact,True,single_chain_same_length_same_ordered_sequence,299,1.0,1.0,,passed,,2442,17,4,0.7832422095712617,2.193082213141547,2.193082213141547,10,True,"(0.0, 0.0, 0.0)",collision_py_exact,5.0,6.0,17,93.03,95.38,87.326,74.81,97.5,90.0,80.0,True,/home/wms/AF2-test/AF2-CatGraph/results/PTP1B/02_template_guided_docking/complexes/PTP1B_94_complex.pdb
95,PTP1B_95,PTP1B_95_complex.pdb,PTP1B,95,PTP1B.AF2rank95.pdb,PTP1B.AF2rank95,/home/wms/AF2-test/AF2-CatGraph/data/PTP1B/01_af2_new/PTP1B.AF2rank95.pdb,/home/wms/AF2-test/AF2-CatGraph/results/PTP1B/02_template_guided_docking/complexes/PTP1B_95_complex.pdb,/home/wms/AF2-test/AF2-CatGraph/data/PTP1B/02_templates/template.pdb,/home/wms/AF2-test/AF2-CatGraph/data/PTP1B/02_templates/ligand.pdb,results/PTP1B/02_template_guided_docking/tables/PTP1B_step02_ligand_order_manifest.csv,/home/wms/AF2-test/AF2-CatGraph/data/PTP1B/02_templates/ligand.pdb,LIG,untrimmed_input,1,17,standard,dock_py_exact,True,single_chain_same_length_same_ordered_sequence,299,1.0,1.0,,passed,,2442,17,5,1.4548082943063,2.1488334092645043,2.1488334092645043,10,True,"(0.0, 0.0, 0.0)",collision_py_exact,5.0,6.0,16,93.59812500000001,95.22,92.31,71.88,97.75,90.0,80.0,True,/home/wms/AF2-test/AF2-CatGraph/results/PTP1B/02_template_guided_docking/complexes/PTP1B_95_complex.pdb
96,PTP1B_96,PTP1B_96_complex.pdb,PTP1B,96,PTP1B.AF2rank96.pdb,PTP1B.AF2rank96,/home/wms/AF2-test/AF2-CatGraph/data/PTP1B/01_af2_new/PTP1B.AF2rank96.pdb,/home/wms/AF2-test/AF2-CatGraph/results/PTP1B/02_template_guided_docking/complexes/PTP1B_96_complex.pdb,/home/wms/AF2-test/AF2-CatGraph/data/PTP1B/02_templates/template.pdb,/home/wms/AF2-test/AF2-CatGraph/data/PTP1B/02_templates/ligand.pdb,results/PTP1B/02_template_guided_docking/tables/PTP1B_step02_ligand_order_manifest.csv,/home/wms/AF2-test/AF2-CatGraph/data/PTP1B/02_templates/ligand.pdb,LIG,untrimmed_input,1,17,standard,dock_py_exact,True,single_chain_same_length_same_ordered_sequence,299,1.0,1.0,,passed,,2442,17,5,1.0284623611507957,2.230448649680244,2.230448649680244,10,True,"(0.0, 0.0, 0.0)",collision_py_exact,5.0,6.0,17,94.03999999999999,95.69,89.136,80.44,97.81,90.0,80.0,True,/home/wms/AF2-test/AF2-CatGraph/results/PTP1B/02_template_guided_docking/complexes/PTP1B_96_complex.pdb
97,PTP1B_97,PTP1B_97_complex.pdb,PTP1B,97,PTP1B.AF2rank97.pdb,PTP1B.AF2rank97,/home/wms/AF2-test/AF2-CatGraph/data/PTP1B/01_af2_new/PTP1B.AF2rank97.pdb,/home/wms/AF2-test/AF2-CatGraph/results/PTP1B/02_template_guided_docking/complexes/PTP1B_97_complex.pdb,/home/wms/AF2-test/AF2-CatGraph/data/PTP1B/02_templates/template.pdb,/home/wms/AF2-test/AF2-CatGraph/data/PTP1B/02_templates/ligand.pdb,results/PTP1B/02_template_guided_docking/tables/PTP1B_step02_ligand_order_manifest.csv,/home/wms/AF2-test/AF2-CatGraph/data/PTP1B/02_templates/ligand.pdb,LIG,untrimmed_input,1,17,standard,dock_py_exact,True,single_chain_same_length_same_ordered_sequence,299,1.0,1.0,,passed,,2442,17,4,1.0331551323714767,2.3601029399146816,2.3601029399146816,10,True,"(0.0, 0.0, 0.0)",collision_py_exact,5.0,6.0,17,92.44411764705883,95.0,85.014,70.12,97.88,90.0,80.0,True,/home/wms/AF2-test/AF2-CatGraph/results/PTP1B/02_template_guided_docking/complexes/PTP1B_97_complex.pdb
98,PTP1B_98,PTP1B_98_complex.pdb,PTP1B,98,PTP1B.AF2rank98.pdb,PTP1B.AF2rank98,/home/wms/AF2-test/AF2-CatGraph/data/PTP1B/01_af2_new/PTP1B.AF2rank98.pdb,/home/wms/AF2-test/AF2-CatGraph/results/PTP1B/02_template_guided_docking/complexes/PTP1B_98_complex.pdb,/home/wms/AF2-test/AF2-CatGraph/data/PTP1B/02_templates/template.pdb,/home/wms/AF2-test/AF2-CatGraph/data/PTP1B/02_templates/ligand.pdb,results/PTP1B/02_template_guided_docking/tables/PTP1B_step02_ligand_order_manifest.csv,/home/wms/AF2-test/AF2-CatGraph/data/PTP1B/02_templates/ligand.pdb,LIG,untrimmed_input,1,17,standard,dock_py_exact,True,single_chain_same_length_same_ordered_sequence,299,1.0,1.0,,passed,,2442,17,3,0.9995573726485976,2.2241158557850573,2.2241158557850573,10,True,"(0.0, 0.0, 0.0)",collision_py_exact,5.0,6.0,17,93.47470588235295,95.81,86.304,77.44,98.0,90.0,80.0,True,/home/wms/AF2-test/AF2-CatGraph/results/PTP1B/02_template_guided_docking/complexes/PTP1B_98_complex.pdb
99,PTP1B_99,PTP1B_99_complex.pdb,PTP1B,99,PTP1B.AF2rank99.pdb,PTP1B.AF2rank99,/home/wms/AF2-test/AF2-CatGraph/data/PTP1B/01_af2_new/PTP1B.AF2rank99.pdb,/home/wms/AF2-test/AF2-CatGraph/results/PTP1B/02_template_guided_docking/complexes/PTP1B_99_complex.pdb,/home/wms/AF2-test/AF2-CatGraph/data/PTP1B/02_templates/template.pdb,/home/wms/AF2-test/AF2-CatGraph/data/PTP1B/02_templates/ligand.pdb,results/PTP1B/02_template_guided_docking/tables/PTP1B_step02_ligand_order_manifest.csv,/home/wms/AF2-test/AF2-CatGraph/data/PTP1B/02_templates/ligand.pdb,LIG,untrimmed_input,1,17,standard,dock_py_exact,True,single_chain_same_length_same_ordered_sequence,299,1.0,1.0,,passed,,2442,17,3,0.5004400520251799,2.498289506700496,2.498289506700496,10,True,"(0.0, 0.0, 0.0)",collision_py_exact,5.0,6.0,16,92.22312500000001,94.69,84.75,75.56,97.19,90.0,80.0,True,/home/wms/AF2-test/AF2-CatGraph/results/PTP1B/02_template_guided_docking/complexes/PTP1B_99_complex.pdb
100,PTP1B_100,PTP1B_100_complex.pdb,PTP1B,100,PTP1B.AF2rank100.pdb,PTP1B.AF2rank100,/home/wms/AF2-test/AF2-CatGraph/data/PTP1B/01_af2_new/PTP1B.AF2rank100.pdb,/home/wms/AF2-test/AF2-CatGraph/results/PTP1B/02_template_guided_docking/complexes/PTP1B_100_complex.pdb,/home/wms/AF2-test/AF2-CatGraph/data/PTP1B/02_templates/template.pdb,/home/wms/AF2-test/AF2-CatGraph/data/PTP1B/02_templates/ligand.pdb,results/PTP1B/02_template_guided_docking/tables/PTP1B_step02_ligand_order_manifest.csv,/home/wms/AF2-test/AF2-CatGraph/data/PTP1B/02_templates/ligand.pdb,LIG,untrimmed_input,1,17,standard,dock_py_exact,True,single_chain_same_length_same_ordered_sequence,299,1.0,1.0,,passed,,2442,17,7,1.8507002876345529,2.162363535997994,2.162363535997994,10,True,"(0.0, 0.0, 0.0)",collision_py_exact,5.0,6.0,17,93.41941176470588,95.62,87.17999999999999,73.31,98.31,90.0,80.0,True,/home/wms/AF2-test/AF2-CatGraph/results/PTP1B/02_template_guided_docking/complexes/PTP1B_100_complex.pdb
101,PTP1B_101,PTP1B_101_complex.pdb,PTP1B,101,PTP1B.AF2rank101.pdb,PTP1B.AF2rank101,/home/wms/AF2-test/AF2-CatGraph/data/PTP1B/01_af2_new/PTP1B.AF2rank101.pdb,/home/wms/AF2-test/AF2-CatGraph/results/PTP1B/02_template_guided_docking/complexes/PTP1B_101_complex.pdb,/home/wms/AF2-test/AF2-CatGraph/data/PTP1B/02_templates/template.pdb,/home/wms/AF2-test/AF2-CatGraph/data/PTP1B/02_templates/ligand.pdb,results/PTP1B/02_template_guided_docking/tables/PTP1B_step02_ligand_order_manifest.csv,/home/wms/AF2-test/AF2-CatGraph/data/PTP1B/02_templates/ligand.pdb,LIG,untrimmed_input,1,17,standard,dock_py_exact,True,single_chain_same_length_same_ordered_sequence,299,1.0,1.0,,passed,,2442,17,5,1.314155129784213,2.210201013480237,2.210201013480237,10,True,"(0.0, 0.0, 0.0)",collision_py_exact,5.0,6.0,17,92.37882352941176,94.31,85.848,74.5,97.62,90.0,80.0,True,/home/wms/AF2-test/AF2-CatGraph/results/PTP1B/02_template_guided_docking/complexes/PTP1B_101_complex.pdb
102,PTP1B_102,PTP1B_102_complex.pdb,PTP1B,102,PTP1B.AF2rank102.pdb,PTP1B.AF2rank102,/home/wms/AF2-test/AF2-CatGraph/data/PTP1B/01_af2_new/PTP1B.AF2rank102.pdb,/home/wms/AF2-test/AF2-CatGraph/results/PTP1B/02_template_guided_docking/complexes/PTP1B_102_complex.pdb,/home/wms/AF2-test/AF2-CatGraph/data/PTP1B/02_templates/template.pdb,/home/wms/AF2-test/AF2-CatGraph/data/PTP1B/02_templates/ligand.pdb,results/PTP1B/02_template_guided_docking/tables/PTP1B_step02_ligand_order_manifest.csv,/home/wms/AF2-test/AF2-CatGraph/data/PTP1B/02_templates/ligand.pdb,LIG,untrimmed_input,1,17,standard,dock_py_exact,True,single_chain_same_length_same_ordered_sequence,299,1.0,1.0,,passed,,2442,17,6,1.5949120981184697,2.169415510620938,2.169415510620938,10,True,"(0.0, 0.0, 0.0)",collision_py_exact,5.0,6.0,17,93.31882352941177,95.62,86.474,76.12,98.12,90.0,80.0,True,/home/wms/AF2-test/AF2-CatGraph/results/PTP1B/02_template_guided_docking/complexes/PTP1B_102_complex.pdb
103,PTP1B_103,PTP1B_103_complex.pdb,PTP1B,103,PTP1B.AF2rank103.pdb,PTP1B.AF2rank103,/home/wms/AF2-test/AF2-CatGraph/data/PTP1B/01_af2_new/PTP1B.AF2rank103.pdb,/home/wms/AF2-test/AF2-CatGraph/results/PTP1B/02_template_guided_docking/complexes/PTP1B_103_complex.pdb,/home/wms/AF2-test/AF2-CatGraph/data/PTP1B/02_templates/template.pdb,/home/wms/AF2-test/AF2-CatGraph/data/PTP1B/02_templates/ligand.pdb,results/PTP1B/02_template_guided_docking/tables/PTP1B_step02_ligand_order_manifest.csv,/home/wms/AF2-test/AF2-CatGraph/data/PTP1B/02_templates/ligand.pdb,LIG,untrimmed_input,1,17,standard,dock_py_exact,True,single_chain_same_length_same_ordered_sequence,299,1.0,1.0,,passed,,2442,17,7,2.388265871920576,2.037624425999579,2.037624425999579,10,True,"(0.0, 0.0, 0.0)",collision_py_exact,5.0,6.0,17,94.18705882352941,96.0,88.55,78.25,98.31,90.0,80.0,True,/home/wms/AF2-test/AF2-CatGraph/results/PTP1B/02_template_guided_docking/complexes/PTP1B_103_complex.pdb
104,PTP1B_104,PTP1B_104_complex.pdb,PTP1B,104,PTP1B.AF2rank104.pdb,PTP1B.AF2rank104,/home/wms/AF2-test/AF2-CatGraph/data/PTP1B/01_af2_new/PTP1B.AF2rank104.pdb,/home/wms/AF2-test/AF2-CatGraph/results/PTP1B/02_template_guided_docking/complexes/PTP1B_104_complex.pdb,/home/wms/AF2-test/AF2-CatGraph/data/PTP1B/02_templates/template.pdb,/home/wms/AF2-test/AF2-CatGraph/data/PTP1B/02_templates/ligand.pdb,results/PTP1B/02_template_guided_docking/tables/PTP1B_step02_ligand_order_manifest.csv,/home/wms/AF2-test/AF2-CatGraph/data/PTP1B/02_templates/ligand.pdb,LIG,untrimmed_input,1,17,standard,dock_py_exact,True,single_chain_same_length_same_ordered_sequence,299,1.0,1.0,,passed,,2442,17,8,1.6771248969528751,2.280282642918443,2.280282642918443,10,True,"(0.0, 0.0, 0.0)",collision_py_exact,5.0,6.0,17,91.63941176470587,94.25,84.974,71.38,97.06,90.0,80.0,True,/home/wms/AF2-test/AF2-CatGraph/results/PTP1B/02_template_guided_docking/complexes/PTP1B_104_complex.pdb
105,PTP1B_105,PTP1B_105_complex.pdb,PTP1B,105,PTP1B.AF2rank105.pdb,PTP1B.AF2rank105,/home/wms/AF2-test/AF2-CatGraph/data/PTP1B/01_af2_new/PTP1B.AF2rank105.pdb,/home/wms/AF2-test/AF2-CatGraph/results/PTP1B/02_template_guided_docking/complexes/PTP1B_105_complex.pdb,/home/wms/AF2-test/AF2-CatGraph/data/PTP1B/02_templates/template.pdb,/home/wms/AF2-test/AF2-CatGraph/data/PTP1B/02_templates/ligand.pdb,results/PTP1B/02_template_guided_docking/tables/PTP1B_step02_ligand_order_manifest.csv,/home/wms/AF2-test/AF2-CatGraph/data/PTP1B/02_templates/ligand.pdb,LIG,untrimmed_input,1,17,standard,dock_py_exact,True,single_chain_same_length_same_ordered_sequence,299,1.0,1.0,,passed,,2442,17,7,1.506148593000872,2.054137793540187,2.054137793540187,10,True,"(0.0, 0.0, 0.0)",collision_py_exact,5.0,6.0,17,92.36058823529412,94.38,86.69,74.06,96.94,90.0,80.0,True,/home/wms/AF2-test/AF2-CatGraph/results/PTP1B/02_template_guided_docking/complexes/PTP1B_105_complex.pdb
106,PTP1B_106,PTP1B_106_complex.pdb,PTP1B,106,PTP1B.AF2rank106.pdb,PTP1B.AF2rank106,/home/wms/AF2-test/AF2-CatGraph/data/PTP1B/01_af2_new/PTP1B.AF2rank106.pdb,/home/wms/AF2-test/AF2-CatGraph/results/PTP1B/02_template_guided_docking/complexes/PTP1B_106_complex.pdb,/home/wms/AF2-test/AF2-CatGraph/data/PTP1B/02_templates/template.pdb,/home/wms/AF2-test/AF2-CatGraph/data/PTP1B/02_templates/ligand.pdb,results/PTP1B/02_template_guided_docking/tables/PTP1B_step02_ligand_order_manifest.csv,/home/wms/AF2-test/AF2-CatGraph/data/PTP1B/02_templates/ligand.pdb,LIG,untrimmed_input,1,17,standard,dock_py_exact,True,single_chain_same_length_same_ordered_sequence,299,1.0,1.0,,passed,,2442,17,6,1.7800888857923023,2.1832496292907395,2.1832496292907395,10,True,"(0.0, 0.0, 0.0)",collision_py_exact,5.0,6.0,17,92.8105882352941,95.38,85.404,73.94,97.38,90.0,80.0,True,/home/wms/AF2-test/AF2-CatGraph/results/PTP1B/02_template_guided_docking/complexes/PTP1B_106_complex.pdb
107,PTP1B_107,PTP1B_107_complex.pdb,PTP1B,107,PTP1B.AF2rank107.pdb,PTP1B.AF2rank107,/home/wms/AF2-test/AF2-CatGraph/data/PTP1B/01_af2_new/PTP1B.AF2rank107.pdb,/home/wms/AF2-test/AF2-CatGraph/results/PTP1B/02_template_guided_docking/complexes/PTP1B_107_complex.pdb,/home/wms/AF2-test/AF2-CatGraph/data/PTP1B/02_templates/template.pdb,/home/wms/AF2-test/AF2-CatGraph/data/PTP1B/02_templates/ligand.pdb,results/PTP1B/02_template_guided_docking/tables/PTP1B_step02_ligand_order_manifest.csv,/home/wms/AF2-test/AF2-CatGraph/data/PTP1B/02_templates/ligand.pdb,LIG,untrimmed_input,1,17,standard,dock_py_exact,True,single_chain_same_length_same_ordered_sequence,299,1.0,1.0,,passed,,2442,17,7,1.731815030100896,2.194772726970127,2.194772726970127,10,True,"(0.0, 0.0, 0.0)",collision_py_exact,5.0,6.0,17,93.82411764705884,95.88,87.69,77.25,98.19,90.0,80.0,True,/home/wms/AF2-test/AF2-CatGraph/results/PTP1B/02_template_guided_docking/complexes/PTP1B_107_complex.pdb
108,PTP1B_108,PTP1B_108_complex.pdb,PTP1B,108,PTP1B.AF2rank108.pdb,PTP1B.AF2rank108,/home/wms/AF2-test/AF2-CatGraph/data/PTP1B/01_af2_new/PTP1B.AF2rank108.pdb,/home/wms/AF2-test/AF2-CatGraph/results/PTP1B/02_template_guided_docking/complexes/PTP1B_108_complex.pdb,/home/wms/AF2-test/AF2-CatGraph/data/PTP1B/02_templates/template.pdb,/home/wms/AF2-test/AF2-CatGraph/data/PTP1B/02_templates/ligand.pdb,results/PTP1B/02_template_guided_docking/tables/PTP1B_step02_ligand_order_manifest.csv,/home/wms/AF2-test/AF2-CatGraph/data/PTP1B/02_templates/ligand.pdb,LIG,untrimmed_input,1,17,standard,dock_py_exact,True,single_chain_same_length_same_ordered_sequence,299,1.0,1.0,,passed,,2442,17,9,1.885449399510633,2.010943463262544,2.010943463262544,10,True,"(0.0, 0.0, 0.0)",collision_py_exact,5.0,6.0,17,92.91823529411765,95.56,85.55,73.06,98.0,90.0,80.0,True,/home/wms/AF2-test/AF2-CatGraph/results/PTP1B/02_template_guided_docking/complexes/PTP1B_108_complex.pdb
109,PTP1B_109,PTP1B_109_complex.pdb,PTP1B,109,PTP1B.AF2rank109.pdb,PTP1B.AF2rank109,/home/wms/AF2-test/AF2-CatGraph/data/PTP1B/01_af2_new/PTP1B.AF2rank109.pdb,/home/wms/AF2-test/AF2-CatGraph/results/PTP1B/02_template_guided_docking/complexes/PTP1B_109_complex.pdb,/home/wms/AF2-test/AF2-CatGraph/data/PTP1B/02_templates/template.pdb,/home/wms/AF2-test/AF2-CatGraph/data/PTP1B/02_templates/ligand.pdb,results/PTP1B/02_template_guided_docking/tables/PTP1B_step02_ligand_order_manifest.csv,/home/wms/AF2-test/AF2-CatGraph/data/PTP1B/02_templates/ligand.pdb,LIG,untrimmed_input,1,17,standard,dock_py_exact,True,single_chain_same_length_same_ordered_sequence,299,1.0,1.0,,passed,,2442,17,9,2.598243550466811,2.0915900304770414,2.0915900304770414,10,True,"(0.0, 0.0, 0.0)",collision_py_exact,5.0,6.0,17,93.26823529411766,95.69,86.898,74.94,98.0,90.0,80.0,True,/home/wms/AF2-test/AF2-CatGraph/results/PTP1B/02_template_guided_docking/complexes/PTP1B_109_complex.pdb
110,PTP1B_110,PTP1B_110_complex.pdb,PTP1B,110,PTP1B.AF2rank110.pdb,PTP1B.AF2rank110,/home/wms/AF2-test/AF2-CatGraph/data/PTP1B/01_af2_new/PTP1B.AF2rank110.pdb,/home/wms/AF2-test/AF2-CatGraph/results/PTP1B/02_template_guided_docking/complexes/PTP1B_110_complex.pdb,/home/wms/AF2-test/AF2-CatGraph/data/PTP1B/02_templates/template.pdb,/home/wms/AF2-test/AF2-CatGraph/data/PTP1B/02_templates/ligand.pdb,results/PTP1B/02_template_guided_docking/tables/PTP1B_step02_ligand_order_manifest.csv,/home/wms/AF2-test/AF2-CatGraph/data/PTP1B/02_templates/ligand.pdb,LIG,untrimmed_input,1,17,standard,dock_py_exact,True,single_chain_same_length_same_ordered_sequence,299,1.0,1.0,,passed,,2442,17,3,0.7999580300321361,2.344897691121721,2.344897691121721,10,True,"(0.0, 0.0, 0.0)",collision_py_exact,5.0,6.0,16,92.488125,94.655,89.22,70.38,97.06,90.0,80.0,True,/home/wms/AF2-test/AF2-CatGraph/results/PTP1B/02_template_guided_docking/complexes/PTP1B_110_complex.pdb
111,PTP1B_111,PTP1B_111_complex.pdb,PTP1B,111,PTP1B.AF2rank111.pdb,PTP1B.AF2rank111,/home/wms/AF2-test/AF2-CatGraph/data/PTP1B/01_af2_new/PTP1B.AF2rank111.pdb,/home/wms/AF2-test/AF2-CatGraph/results/PTP1B/02_template_guided_docking/complexes/PTP1B_111_complex.pdb,/home/wms/AF2-test/AF2-CatGraph/data/PTP1B/02_templates/template.pdb,/home/wms/AF2-test/AF2-CatGraph/data/PTP1B/02_templates/ligand.pdb,results/PTP1B/02_template_guided_docking/tables/PTP1B_step02_ligand_order_manifest.csv,/home/wms/AF2-test/AF2-CatGraph/data/PTP1B/02_templates/ligand.pdb,LIG,untrimmed_input,1,17,standard,dock_py_exact,True,single_chain_same_length_same_ordered_sequence,299,1.0,1.0,,passed,,2442,17,3,0.95789738649249,2.2228182741088167,2.2228182741088167,10,True,"(0.0, 0.0, 0.0)",collision_py_exact,5.0,6.0,17,93.89764705882352,95.94,88.24,78.44,98.0,90.0,80.0,True,/home/wms/AF2-test/AF2-CatGraph/results/PTP1B/02_template_guided_docking/complexes/PTP1B_111_complex.pdb
112,PTP1B_112,PTP1B_112_complex.pdb,PTP1B,112,PTP1B.AF2rank112.pdb,PTP1B.AF2rank112,/home/wms/AF2-test/AF2-CatGraph/data/PTP1B/01_af2_new/PTP1B.AF2rank112.pdb,/home/wms/AF2-test/AF2-CatGraph/results/PTP1B/02_template_guided_docking/complexes/PTP1B_112_complex.pdb,/home/wms/AF2-test/AF2-CatGraph/data/PTP1B/02_templates/template.pdb,/home/wms/AF2-test/AF2-CatGraph/data/PTP1B/02_templates/ligand.pdb,results/PTP1B/02_template_guided_docking/tables/PTP1B_step02_ligand_order_manifest.csv,/home/wms/AF2-test/AF2-CatGraph/data/PTP1B/02_templates/ligand.pdb,LIG,untrimmed_input,1,17,standard,dock_py_exact,True,single_chain_same_length_same_ordered_sequence,299,1.0,1.0,,passed,,2442,17,7,1.0415436881028437,2.299736150921157,2.299736150921157,10,True,"(0.0, 0.0, 0.0)",collision_py_exact,5.0,6.0,17,91.61117647058823,93.94,84.78999999999999,72.62,96.88,90.0,80.0,True,/home/wms/AF2-test/AF2-CatGraph/results/PTP1B/02_template_guided_docking/complexes/PTP1B_112_complex.pdb
113,PTP1B_113,PTP1B_113_complex.pdb,PTP1B,113,PTP1B.AF2rank113.pdb,PTP1B.AF2rank113,/home/wms/AF2-test/AF2-CatGraph/data/PTP1B/01_af2_new/PTP1B.AF2rank113.pdb,/home/wms/AF2-test/AF2-CatGraph/results/PTP1B/02_template_guided_docking/complexes/PTP1B_113_complex.pdb,/home/wms/AF2-test/AF2-CatGraph/data/PTP1B/02_templates/template.pdb,/home/wms/AF2-test/AF2-CatGraph/data/PTP1B/02_templates/ligand.pdb,results/PTP1B/02_template_guided_docking/tables/PTP1B_step02_ligand_order_manifest.csv,/home/wms/AF2-test/AF2-CatGraph/data/PTP1B/02_templates/ligand.pdb,LIG,untrimmed_input,1,17,standard,dock_py_exact,True,single_chain_same_length_same_ordered_sequence,299,1.0,1.0,,passed,,2442,17,5,1.1809603860708413,2.319582412250759,2.319582412250759,10,True,"(0.0, 0.0, 0.0)",collision_py_exact,5.0,6.0,17,93.32352941176471,95.56,86.824,75.38,97.94,90.0,80.0,True,/home/wms/AF2-test/AF2-CatGraph/results/PTP1B/02_template_guided_docking/complexes/PTP1B_113_complex.pdb
114,PTP1B_114,PTP1B_114_complex.pdb,PTP1B,114,PTP1B.AF2rank114.pdb,PTP1B.AF2rank114,/home/wms/AF2-test/AF2-CatGraph/data/PTP1B/01_af2_new/PTP1B.AF2rank114.pdb,/home/wms/AF2-test/AF2-CatGraph/results/PTP1B/02_template_guided_docking/complexes/PTP1B_114_complex.pdb,/home/wms/AF2-test/AF2-CatGraph/data/PTP1B/02_templates/template.pdb,/home/wms/AF2-test/AF2-CatGraph/data/PTP1B/02_templates/ligand.pdb,results/PTP1B/02_template_guided_docking/tables/PTP1B_step02_ligand_order_manifest.csv,/home/wms/AF2-test/AF2-CatGraph/data/PTP1B/02_templates/ligand.pdb,LIG,untrimmed_input,1,17,standard,dock_py_exact,True,single_chain_same_length_same_ordered_sequence,299,1.0,1.0,,passed,,2442,17,5,1.297800458849894,2.3357436469440027,2.3357436469440027,10,True,"(0.0, 0.0, 0.0)",collision_py_exact,5.0,6.0,17,92.77588235294118,95.12,87.02799999999999,72.44,97.25,90.0,80.0,True,/home/wms/AF2-test/AF2-CatGraph/results/PTP1B/02_template_guided_docking/complexes/PTP1B_114_complex.pdb
115,PTP1B_115,PTP1B_115_complex.pdb,PTP1B,115,PTP1B.AF2rank115.pdb,PTP1B.AF2rank115,/home/wms/AF2-test/AF2-CatGraph/data/PTP1B/01_af2_new/PTP1B.AF2rank115.pdb,/home/wms/AF2-test/AF2-CatGraph/results/PTP1B/02_template_guided_docking/complexes/PTP1B_115_complex.pdb,/home/wms/AF2-test/AF2-CatGraph/data/PTP1B/02_templates/template.pdb,/home/wms/AF2-test/AF2-CatGraph/data/PTP1B/02_templates/ligand.pdb,results/PTP1B/02_template_guided_docking/tables/PTP1B_step02_ligand_order_manifest.csv,/home/wms/AF2-test/AF2-CatGraph/data/PTP1B/02_templates/ligand.pdb,LIG,untrimmed_input,1,17,standard,dock_py_exact,True,single_chain_same_length_same_ordered_sequence,299,1.0,1.0,,passed,,2442,17,6,1.5595861856281803,2.1734960292537044,2.1734960292537044,10,True,"(0.0, 0.0, 0.0)",collision_py_exact,5.0,6.0,17,93.66176470588235,95.81,86.84,80.75,97.94,90.0,80.0,True,/home/wms/AF2-test/AF2-CatGraph/results/PTP1B/02_template_guided_docking/complexes/PTP1B_115_complex.pdb
116,PTP1B_116,PTP1B_116_complex.pdb,PTP1B,116,PTP1B.AF2rank116.pdb,PTP1B.AF2rank116,/home/wms/AF2-test/AF2-CatGraph/data/PTP1B/01_af2_new/PTP1B.AF2rank116.pdb,/home/wms/AF2-test/AF2-CatGraph/results/PTP1B/02_template_guided_docking/complexes/PTP1B_116_complex.pdb,/home/wms/AF2-test/AF2-CatGraph/data/PTP1B/02_templates/template.pdb,/home/wms/AF2-test/AF2-CatGraph/data/PTP1B/02_templates/ligand.pdb,results/PTP1B/02_template_guided_docking/tables/PTP1B_step02_ligand_order_manifest.csv,/home/wms/AF2-test/AF2-CatGraph/data/PTP1B/02_templates/ligand.pdb,LIG,untrimmed_input,1,17,standard,dock_py_exact,True,single_chain_same_length_same_ordered_sequence,299,1.0,1.0,,passed,,2442,17,5,1.0317264776257635,2.21759087119758,2.21759087119758,10,True,"(0.0, 0.0, 0.0)",collision_py_exact,5.0,6.0,17,94.08352941176472,95.62,89.024,82.75,97.94,90.0,80.0,True,/home/wms/AF2-test/AF2-CatGraph/results/PTP1B/02_template_guided_docking/complexes/PTP1B_116_complex.pdb
117,PTP1B_117,PTP1B_117_complex.pdb,PTP1B,117,PTP1B.AF2rank117.pdb,PTP1B.AF2rank117,/home/wms/AF2-test/AF2-CatGraph/data/PTP1B/01_af2_new/PTP1B.AF2rank117.pdb,/home/wms/AF2-test/AF2-CatGraph/results/PTP1B/02_template_guided_docking/complexes/PTP1B_117_complex.pdb,/home/wms/AF2-test/AF2-CatGraph/data/PTP1B/02_templates/template.pdb,/home/wms/AF2-test/AF2-CatGraph/data/PTP1B/02_templates/ligand.pdb,results/PTP1B/02_template_guided_docking/tables/PTP1B_step02_ligand_order_manifest.csv,/home/wms/AF2-test/AF2-CatGraph/data/PTP1B/02_templates/ligand.pdb,LIG,untrimmed_input,1,17,standard,dock_py_exact,True,single_chain_same_length_same_ordered_sequence,299,1.0,1.0,,passed,,2442,17,5,1.1164541393810934,2.226321325357644,2.226321325357644,10,True,"(0.0, 0.0, 0.0)",collision_py_exact,5.0,6.0,16,93.04374999999999,94.595,90.97,71.75,97.31,90.0,80.0,True,/home/wms/AF2-test/AF2-CatGraph/results/PTP1B/02_template_guided_docking/complexes/PTP1B_117_complex.pdb
118,PTP1B_118,PTP1B_118_complex.pdb,PTP1B,118,PTP1B.AF2rank118.pdb,PTP1B.AF2rank118,/home/wms/AF2-test/AF2-CatGraph/data/PTP1B/01_af2_new/PTP1B.AF2rank118.pdb,/home/wms/AF2-test/AF2-CatGraph/results/PTP1B/02_template_guided_docking/complexes/PTP1B_118_complex.pdb,/home/wms/AF2-test/AF2-CatGraph/data/PTP1B/02_templates/template.pdb,/home/wms/AF2-test/AF2-CatGraph/data/PTP1B/02_templates/ligand.pdb,results/PTP1B/02_template_guided_docking/tables/PTP1B_step02_ligand_order_manifest.csv,/home/wms/AF2-test/AF2-CatGraph/data/PTP1B/02_templates/ligand.pdb,LIG,untrimmed_input,1,17,standard,dock_py_exact,True,single_chain_same_length_same_ordered_sequence,299,1.0,1.0,,passed,,2442,17,6,1.5223274643977476,2.197367126947307,2.197367126947307,10,True,"(0.0, 0.0, 0.0)",collision_py_exact,5.0,6.0,17,93.26529411764706,95.25,86.964,80.44,97.69,90.0,80.0,True,/home/wms/AF2-test/AF2-CatGraph/results/PTP1B/02_template_guided_docking/complexes/PTP1B_118_complex.pdb
119,PTP1B_119,PTP1B_119_complex.pdb,PTP1B,119,PTP1B.AF2rank119.pdb,PTP1B.AF2rank119,/home/wms/AF2-test/AF2-CatGraph/data/PTP1B/01_af2_new/PTP1B.AF2rank119.pdb,/home/wms/AF2-test/AF2-CatGraph/results/PTP1B/02_template_guided_docking/complexes/PTP1B_119_complex.pdb,/home/wms/AF2-test/AF2-CatGraph/data/PTP1B/02_templates/template.pdb,/home/wms/AF2-test/AF2-CatGraph/data/PTP1B/02_templates/ligand.pdb,results/PTP1B/02_template_guided_docking/tables/PTP1B_step02_ligand_order_manifest.csv,/home/wms/AF2-test/AF2-CatGraph/data/PTP1B/02_templates/ligand.pdb,LIG,untrimmed_input,1,17,standard,dock_py_exact,True,single_chain_same_length_same_ordered_sequence,299,1.0,1.0,,passed,,2442,17,10,1.7894539890499712,2.227879634444669,2.227879634444669,10,True,"(0.0, 0.0, 0.0)",collision_py_exact,5.0,6.0,18,93.80555555555556,95.155,92.31700000000001,73.31,97.81,90.0,80.0,True,/home/wms/AF2-test/AF2-CatGraph/results/PTP1B/02_template_guided_docking/complexes/PTP1B_119_complex.pdb
120,PTP1B_120,PTP1B_120_complex.pdb,PTP1B,120,PTP1B.AF2rank120.pdb,PTP1B.AF2rank120,/home/wms/AF2-test/AF2-CatGraph/data/PTP1B/01_af2_new/PTP1B.AF2rank120.pdb,/home/wms/AF2-test/AF2-CatGraph/results/PTP1B/02_template_guided_docking/complexes/PTP1B_120_complex.pdb,/home/wms/AF2-test/AF2-CatGraph/data/PTP1B/02_templates/template.pdb,/home/wms/AF2-test/AF2-CatGraph/data/PTP1B/02_templates/ligand.pdb,results/PTP1B/02_template_guided_docking/tables/PTP1B_step02_ligand_order_manifest.csv,/home/wms/AF2-test/AF2-CatGraph/data/PTP1B/02_templates/ligand.pdb,LIG,untrimmed_input,1,17,standard,dock_py_exact,True,single_chain_same_length_same_ordered_sequence,299,1.0,1.0,,passed,,2442,17,8,2.2115060814803296,2.0148578158503474,2.0148578158503474,10,True,"(0.0, 0.0, 0.0)",collision_py_exact,5.0,6.0,17,93.56647058823529,95.94,86.738,76.88,98.12,90.0,80.0,True,/home/wms/AF2-test/AF2-CatGraph/results/PTP1B/02_template_guided_docking/complexes/PTP1B_120_complex.pdb
121,PTP1B_121,PTP1B_121_complex.pdb,PTP1B,121,PTP1B.AF2rank121.pdb,PTP1B.AF2rank121,/home/wms/AF2-test/AF2-CatGraph/data/PTP1B/01_af2_new/PTP1B.AF2rank121.pdb,/home/wms/AF2-test/AF2-CatGraph/results/PTP1B/02_template_guided_docking/complexes/PTP1B_121_complex.pdb,/home/wms/AF2-test/AF2-CatGraph/data/PTP1B/02_templates/template.pdb,/home/wms/AF2-test/AF2-CatGraph/data/PTP1B/02_templates/ligand.pdb,results/PTP1B/02_template_guided_docking/tables/PTP1B_step02_ligand_order_manifest.csv,/home/wms/AF2-test/AF2-CatGraph/data/PTP1B/02_templates/ligand.pdb,LIG,untrimmed_input,1,17,standard,dock_py_exact,True,single_chain_same_length_same_ordered_sequence,299,1.0,1.0,,passed,,2442,17,6,1.2648667391430115,2.2362490659675083,2.2362490659675083,10,True,"(0.0, 0.0, 0.0)",collision_py_exact,5.0,6.0,17,93.36058823529413,95.25,87.44800000000001,78.56,97.75,90.0,80.0,True,/home/wms/AF2-test/AF2-CatGraph/results/PTP1B/02_template_guided_docking/complexes/PTP1B_121_complex.pdb
122,PTP1B_122,PTP1B_122_complex.pdb,PTP1B,122,PTP1B.AF2rank122.pdb,PTP1B.AF2rank122,/home/wms/AF2-test/AF2-CatGraph/data/PTP1B/01_af2_new/PTP1B.AF2rank122.pdb,/home/wms/AF2-test/AF2-CatGraph/results/PTP1B/02_template_guided_docking/complexes/PTP1B_122_complex.pdb,/home/wms/AF2-test/AF2-CatGraph/data/PTP1B/02_templates/template.pdb,/home/wms/AF2-test/AF2-CatGraph/data/PTP1B/02_templates/ligand.pdb,results/PTP1B/02_template_guided_docking/tables/PTP1B_step02_ligand_order_manifest.csv,/home/wms/AF2-test/AF2-CatGraph/data/PTP1B/02_templates/ligand.pdb,LIG,untrimmed_input,1,17,standard,dock_py_exact,True,single_chain_same_length_same_ordered_sequence,299,1.0,1.0,,passed,,2442,17,6,1.6023211462213722,2.21779209699468,2.21779209699468,10,True,"(0.0, 0.0, 0.0)",collision_py_exact,5.0,6.0,17,93.44235294117647,95.62,86.848,79.56,97.88,90.0,80.0,True,/home/wms/AF2-test/AF2-CatGraph/results/PTP1B/02_template_guided_docking/complexes/PTP1B_122_complex.pdb
123,PTP1B_123,PTP1B_123_complex.pdb,PTP1B,123,PTP1B.AF2rank123.pdb,PTP1B.AF2rank123,/home/wms/AF2-test/AF2-CatGraph/data/PTP1B/01_af2_new/PTP1B.AF2rank123.pdb,/home/wms/AF2-test/AF2-CatGraph/results/PTP1B/02_template_guided_docking/complexes/PTP1B_123_complex.pdb,/home/wms/AF2-test/AF2-CatGraph/data/PTP1B/02_templates/template.pdb,/home/wms/AF2-test/AF2-CatGraph/data/PTP1B/02_templates/ligand.pdb,results/PTP1B/02_template_guided_docking/tables/PTP1B_step02_ligand_order_manifest.csv,/home/wms/AF2-test/AF2-CatGraph/data/PTP1B/02_templates/ligand.pdb,LIG,untrimmed_input,1,17,standard,dock_py_exact,True,single_chain_same_length_same_ordered_sequence,299,1.0,1.0,,passed,,2442,17,3,0.7161401435785186,2.3267653980952963,2.3267653980952963,10,True,"(0.0, 0.0, 0.0)",collision_py_exact,5.0,6.0,17,92.53588235294119,95.06,85.286,75.94,97.56,90.0,80.0,True,/home/wms/AF2-test/AF2-CatGraph/results/PTP1B/02_template_guided_docking/complexes/PTP1B_123_complex.pdb
124,PTP1B_124,PTP1B_124_complex.pdb,PTP1B,124,PTP1B.AF2rank124.pdb,PTP1B.AF2rank124,/home/wms/AF2-test/AF2-CatGraph/data/PTP1B/01_af2_new/PTP1B.AF2rank124.pdb,/home/wms/AF2-test/AF2-CatGraph/results/PTP1B/02_template_guided_docking/complexes/PTP1B_124_complex.pdb,/home/wms/AF2-test/AF2-CatGraph/data/PTP1B/02_templates/template.pdb,/home/wms/AF2-test/AF2-CatGraph/data/PTP1B/02_templates/ligand.pdb,results/PTP1B/02_template_guided_docking/tables/PTP1B_step02_ligand_order_manifest.csv,/home/wms/AF2-test/AF2-CatGraph/data/PTP1B/02_templates/ligand.pdb,LIG,untrimmed_input,1,17,standard,dock_py_exact,True,single_chain_same_length_same_ordered_sequence,299,1.0,1.0,,passed,,2442,17,7,1.765980535151288,2.1444241856368587,2.1444241856368587,10,True,"(0.0, 0.0, 0.0)",collision_py_exact,5.0,6.0,17,93.37117647058824,95.69,86.666,74.56,98.25,90.0,80.0,True,/home/wms/AF2-test/AF2-CatGraph/results/PTP1B/02_template_guided_docking/complexes/PTP1B_124_complex.pdb
125,PTP1B_125,PTP1B_125_complex.pdb,PTP1B,125,PTP1B.AF2rank125.pdb,PTP1B.AF2rank125,/home/wms/AF2-test/AF2-CatGraph/data/PTP1B/01_af2_new/PTP1B.AF2rank125.pdb,/home/wms/AF2-test/AF2-CatGraph/results/PTP1B/02_template_guided_docking/complexes/PTP1B_125_complex.pdb,/home/wms/AF2-test/AF2-CatGraph/data/PTP1B/02_templates/template.pdb,/home/wms/AF2-test/AF2-CatGraph/data/PTP1B/02_templates/ligand.pdb,results/PTP1B/02_template_guided_docking/tables/PTP1B_step02_ligand_order_manifest.csv,/home/wms/AF2-test/AF2-CatGraph/data/PTP1B/02_templates/ligand.pdb,LIG,untrimmed_input,1,17,standard,dock_py_exact,True,single_chain_same_length_same_ordered_sequence,299,1.0,1.0,,passed,,2442,17,8,1.742950401311151,2.229598657141924,2.229598657141924,10,True,"(0.0, 0.0, 0.0)",collision_py_exact,5.0,6.0,16,93.77,95.41,92.44,70.94,97.62,90.0,80.0,True,/home/wms/AF2-test/AF2-CatGraph/results/PTP1B/02_template_guided_docking/complexes/PTP1B_125_complex.pdb
126,PTP1B_126,PTP1B_126_complex.pdb,PTP1B,126,PTP1B.AF2rank126.pdb,PTP1B.AF2rank126,/home/wms/AF2-test/AF2-CatGraph/data/PTP1B/01_af2_new/PTP1B.AF2rank126.pdb,/home/wms/AF2-test/AF2-CatGraph/results/PTP1B/02_template_guided_docking/complexes/PTP1B_126_complex.pdb,/home/wms/AF2-test/AF2-CatGraph/data/PTP1B/02_templates/template.pdb,/home/wms/AF2-test/AF2-CatGraph/data/PTP1B/02_templates/ligand.pdb,results/PTP1B/02_template_guided_docking/tables/PTP1B_step02_ligand_order_manifest.csv,/home/wms/AF2-test/AF2-CatGraph/data/PTP1B/02_templates/ligand.pdb,LIG,untrimmed_input,1,17,standard,dock_py_exact,True,single_chain_same_length_same_ordered_sequence,299,1.0,1.0,,passed,,2442,17,8,1.9752567253382864,2.094726191189594,2.094726191189594,10,True,"(0.0, 0.0, 0.0)",collision_py_exact,5.0,6.0,17,94.4929411764706,96.5,89.116,80.69,98.38,90.0,80.0,True,/home/wms/AF2-test/AF2-CatGraph/results/PTP1B/02_template_guided_docking/complexes/PTP1B_126_complex.pdb
127,PTP1B_127,PTP1B_127_complex.pdb,PTP1B,127,PTP1B.AF2rank127.pdb,PTP1B.AF2rank127,/home/wms/AF2-test/AF2-CatGraph/data/PTP1B/01_af2_new/PTP1B.AF2rank127.pdb,/home/wms/AF2-test/AF2-CatGraph/results/PTP1B/02_template_guided_docking/complexes/PTP1B_127_complex.pdb,/home/wms/AF2-test/AF2-CatGraph/data/PTP1B/02_templates/template.pdb,/home/wms/AF2-test/AF2-CatGraph/data/PTP1B/02_templates/ligand.pdb,results/PTP1B/02_template_guided_docking/tables/PTP1B_step02_ligand_order_manifest.csv,/home/wms/AF2-test/AF2-CatGraph/data/PTP1B/02_templates/ligand.pdb,LIG,untrimmed_input,1,17,standard,dock_py_exact,True,single_chain_same_length_same_ordered_sequence,299,1.0,1.0,,passed,,2442,17,8,1.6582837721553414,2.1909851118632964,2.1909851118632964,10,True,"(0.0, 0.0, 0.0)",collision_py_exact,5.0,6.0,17,93.57000000000001,95.75,88.024,77.5,97.81,90.0,80.0,True,/home/wms/AF2-test/AF2-CatGraph/results/PTP1B/02_template_guided_docking/complexes/PTP1B_127_complex.pdb
128,PTP1B_128,PTP1B_128_complex.pdb,PTP1B,128,PTP1B.AF2rank128.pdb,PTP1B.AF2rank128,/home/wms/AF2-test/AF2-CatGraph/data/PTP1B/01_af2_new/PTP1B.AF2rank128.pdb,/home/wms/AF2-test/AF2-CatGraph/results/PTP1B/02_template_guided_docking/complexes/PTP1B_128_complex.pdb,/home/wms/AF2-test/AF2-CatGraph/data/PTP1B/02_templates/template.pdb,/home/wms/AF2-test/AF2-CatGraph/data/PTP1B/02_templates/ligand.pdb,results/PTP1B/02_template_guided_docking/tables/PTP1B_step02_ligand_order_manifest.csv,/home/wms/AF2-test/AF2-CatGraph/data/PTP1B/02_templates/ligand.pdb,LIG,untrimmed_input,1,17,standard,dock_py_exact,True,single_chain_same_length_same_ordered_sequence,299,1.0,1.0,,passed,,2442,17,7,1.6003294973275408,2.1962539291226144,2.1962539291226144,10,True,"(0.0, 0.0, 0.0)",collision_py_exact,5.0,6.0,17,92.86352941176472,95.12,85.876,75.25,97.62,90.0,80.0,True,/home/wms/AF2-test/AF2-CatGraph/results/PTP1B/02_template_guided_docking/complexes/PTP1B_128_complex.pdb
129,PTP1B_129,PTP1B_129_complex.pdb,PTP1B,129,PTP1B.AF2rank129.pdb,PTP1B.AF2rank129,/home/wms/AF2-test/AF2-CatGraph/data/PTP1B/01_af2_new/PTP1B.AF2rank129.pdb,/home/wms/AF2-test/AF2-CatGraph/results/PTP1B/02_template_guided_docking/complexes/PTP1B_129_complex.pdb,/home/wms/AF2-test/AF2-CatGraph/data/PTP1B/02_templates/template.pdb,/home/wms/AF2-test/AF2-CatGraph/data/PTP1B/02_templates/ligand.pdb,results/PTP1B/02_template_guided_docking/tables/PTP1B_step02_ligand_order_manifest.csv,/home/wms/AF2-test/AF2-CatGraph/data/PTP1B/02_templates/ligand.pdb,LIG,untrimmed_input,1,17,standard,dock_py_exact,True,single_chain_same_length_same_ordered_sequence,299,1.0,1.0,,passed,,2442,17,9,2.5033095655655844,2.061901464766426,2.061901464766426,10,True,"(0.0, 0.0, 0.0)",collision_py_exact,5.0,6.0,17,92.74,95.31,85.438,72.38,97.5,90.0,80.0,True,/home/wms/AF2-test/AF2-CatGraph/results/PTP1B/02_template_guided_docking/complexes/PTP1B_129_complex.pdb
130,PTP1B_130,PTP1B_130_complex.pdb,PTP1B,130,PTP1B.AF2rank130.pdb,PTP1B.AF2rank130,/home/wms/AF2-test/AF2-CatGraph/data/PTP1B/01_af2_new/PTP1B.AF2rank130.pdb,/home/wms/AF2-test/AF2-CatGraph/results/PTP1B/02_template_guided_docking/complexes/PTP1B_130_complex.pdb,/home/wms/AF2-test/AF2-CatGraph/data/PTP1B/02_templates/template.pdb,/home/wms/AF2-test/AF2-CatGraph/data/PTP1B/02_templates/ligand.pdb,results/PTP1B/02_template_guided_docking/tables/PTP1B_step02_ligand_order_manifest.csv,/home/wms/AF2-test/AF2-CatGraph/data/PTP1B/02_templates/ligand.pdb,LIG,untrimmed_input,1,17,standard,dock_py_exact,True,single_chain_same_length_same_ordered_sequence,299,1.0,1.0,,passed,,2442,17,8,2.199476576319295,2.2052393105065224,2.2052393105065224,10,True,"(0.0, 0.0, 0.0)",collision_py_exact,5.0,6.0,15,93.92133333333335,95.62,92.002,75.38,97.44,90.0,80.0,True,/home/wms/AF2-test/AF2-CatGraph/results/PTP1B/02_template_guided_docking/complexes/PTP1B_130_complex.pdb
131,PTP1B_131,PTP1B_131_complex.pdb,PTP1B,131,PTP1B.AF2rank131.pdb,PTP1B.AF2rank131,/home/wms/AF2-test/AF2-CatGraph/data/PTP1B/01_af2_new/PTP1B.AF2rank131.pdb,/home/wms/AF2-test/AF2-CatGraph/results/PTP1B/02_template_guided_docking/complexes/PTP1B_131_complex.pdb,/home/wms/AF2-test/AF2-CatGraph/data/PTP1B/02_templates/template.pdb,/home/wms/AF2-test/AF2-CatGraph/data/PTP1B/02_templates/ligand.pdb,results/PTP1B/02_template_guided_docking/tables/PTP1B_step02_ligand_order_manifest.csv,/home/wms/AF2-test/AF2-CatGraph/data/PTP1B/02_templates/ligand.pdb,LIG,untrimmed_input,1,17,standard,dock_py_exact,True,single_chain_same_length_same_ordered_sequence,299,1.0,1.0,,passed,,2442,17,7,2.3621418651331294,2.0228514467344407,2.0228514467344407,10,True,"(0.0, 0.0, 0.0)",collision_py_exact,5.0,6.0,17,95.0629411764706,96.5,90.114,84.88,98.31,90.0,80.0,True,/home/wms/AF2-test/AF2-CatGraph/results/PTP1B/02_template_guided_docking/complexes/PTP1B_131_complex.pdb
132,PTP1B_132,PTP1B_132_complex.pdb,PTP1B,132,PTP1B.AF2rank132.pdb,PTP1B.AF2rank132,/home/wms/AF2-test/AF2-CatGraph/data/PTP1B/01_af2_new/PTP1B.AF2rank132.pdb,/home/wms/AF2-test/AF2-CatGraph/results/PTP1B/02_template_guided_docking/complexes/PTP1B_132_complex.pdb,/home/wms/AF2-test/AF2-CatGraph/data/PTP1B/02_templates/template.pdb,/home/wms/AF2-test/AF2-CatGraph/data/PTP1B/02_templates/ligand.pdb,results/PTP1B/02_template_guided_docking/tables/PTP1B_step02_ligand_order_manifest.csv,/home/wms/AF2-test/AF2-CatGraph/data/PTP1B/02_templates/ligand.pdb,LIG,untrimmed_input,1,17,standard,dock_py_exact,True,single_chain_same_length_same_ordered_sequence,299,1.0,1.0,,passed,,2442,17,2,0.5934229375355926,2.2204757789505973,2.2204757789505973,10,True,"(0.0, 0.0, 0.0)",collision_py_exact,5.0,6.0,16,92.930625,94.905,91.38,70.38,97.38,90.0,80.0,True,/home/wms/AF2-test/AF2-CatGraph/results/PTP1B/02_template_guided_docking/complexes/PTP1B_132_complex.pdb
133,PTP1B_133,PTP1B_133_complex.pdb,PTP1B,133,PTP1B.AF2rank133.pdb,PTP1B.AF2rank133,/home/wms/AF2-test/AF2-CatGraph/data/PTP1B/01_af2_new/PTP1B.AF2rank133.pdb,/home/wms/AF2-test/AF2-CatGraph/results/PTP1B/02_template_guided_docking/complexes/PTP1B_133_complex.pdb,/home/wms/AF2-test/AF2-CatGraph/data/PTP1B/02_templates/template.pdb,/home/wms/AF2-test/AF2-CatGraph/data/PTP1B/02_templates/ligand.pdb,results/PTP1B/02_template_guided_docking/tables/PTP1B_step02_ligand_order_manifest.csv,/home/wms/AF2-test/AF2-CatGraph/data/PTP1B/02_templates/ligand.pdb,LIG,untrimmed_input,1,17,standard,dock_py_exact,True,single_chain_same_length_same_ordered_sequence,299,1.0,1.0,,passed,,2442,17,7,1.790105509481327,2.1644597895451114,2.1644597895451114,10,True,"(0.0, 0.0, 0.0)",collision_py_exact,5.0,6.0,17,92.65588235294118,94.75,87.4,76.12,97.19,90.0,80.0,True,/home/wms/AF2-test/AF2-CatGraph/results/PTP1B/02_template_guided_docking/complexes/PTP1B_133_complex.pdb
134,PTP1B_134,PTP1B_134_complex.pdb,PTP1B,134,PTP1B.AF2rank134.pdb,PTP1B.AF2rank134,/home/wms/AF2-test/AF2-CatGraph/data/PTP1B/01_af2_new/PTP1B.AF2rank134.pdb,/home/wms/AF2-test/AF2-CatGraph/results/PTP1B/02_template_guided_docking/complexes/PTP1B_134_complex.pdb,/home/wms/AF2-test/AF2-CatGraph/data/PTP1B/02_templates/template.pdb,/home/wms/AF2-test/AF2-CatGraph/data/PTP1B/02_templates/ligand.pdb,results/PTP1B/02_template_guided_docking/tables/PTP1B_step02_ligand_order_manifest.csv,/home/wms/AF2-test/AF2-CatGraph/data/PTP1B/02_templates/ligand.pdb,LIG,untrimmed_input,1,17,standard,dock_py_exact,True,single_chain_same_length_same_ordered_sequence,299,1.0,1.0,,passed,,2442,17,9,2.1423891468382865,2.3675694257199043,2.3675694257199043,10,True,"(0.0, 0.0, 0.0)",collision_py_exact,5.0,6.0,16,93.07000000000001,94.56,90.845,74.69,97.12,90.0,80.0,True,/home/wms/AF2-test/AF2-CatGraph/results/PTP1B/02_template_guided_docking/complexes/PTP1B_134_complex.pdb
135,PTP1B_135,PTP1B_135_complex.pdb,PTP1B,135,PTP1B.AF2rank135.pdb,PTP1B.AF2rank135,/home/wms/AF2-test/AF2-CatGraph/data/PTP1B/01_af2_new/PTP1B.AF2rank135.pdb,/home/wms/AF2-test/AF2-CatGraph/results/PTP1B/02_template_guided_docking/complexes/PTP1B_135_complex.pdb,/home/wms/AF2-test/AF2-CatGraph/data/PTP1B/02_templates/template.pdb,/home/wms/AF2-test/AF2-CatGraph/data/PTP1B/02_templates/ligand.pdb,results/PTP1B/02_template_guided_docking/tables/PTP1B_step02_ligand_order_manifest.csv,/home/wms/AF2-test/AF2-CatGraph/data/PTP1B/02_templates/ligand.pdb,LIG,untrimmed_input,1,17,standard,dock_py_exact,True,single_chain_same_length_same_ordered_sequence,299,1.0,1.0,,passed,,2442,17,4,1.052900201625985,2.2607649946896213,2.2607649946896213,10,True,"(0.0, 0.0, 0.0)",collision_py_exact,5.0,6.0,17,93.26058823529412,95.5,87.02799999999999,77.81,97.56,90.0,80.0,True,/home/wms/AF2-test/AF2-CatGraph/results/PTP1B/02_template_guided_docking/complexes/PTP1B_135_complex.pdb
136,PTP1B_136,PTP1B_136_complex.pdb,PTP1B,136,PTP1B.AF2rank136.pdb,PTP1B.AF2rank136,/home/wms/AF2-test/AF2-CatGraph/data/PTP1B/01_af2_new/PTP1B.AF2rank136.pdb,/home/wms/AF2-test/AF2-CatGraph/results/PTP1B/02_template_guided_docking/complexes/PTP1B_136_complex.pdb,/home/wms/AF2-test/AF2-CatGraph/data/PTP1B/02_templates/template.pdb,/home/wms/AF2-test/AF2-CatGraph/data/PTP1B/02_templates/ligand.pdb,results/PTP1B/02_template_guided_docking/tables/PTP1B_step02_ligand_order_manifest.csv,/home/wms/AF2-test/AF2-CatGraph/data/PTP1B/02_templates/ligand.pdb,LIG,untrimmed_input,1,17,standard,dock_py_exact,True,single_chain_same_length_same_ordered_sequence,299,1.0,1.0,,passed,,2442,17,8,2.341791186664544,2.0860663114517024,2.0860663114517024,10,True,"(0.0, 0.0, 0.0)",collision_py_exact,5.0,6.0,16,93.75,95.625,91.75,69.69,98.06,90.0,80.0,True,/home/wms/AF2-test/AF2-CatGraph/results/PTP1B/02_template_guided_docking/complexes/PTP1B_136_complex.pdb
137,PTP1B_137,PTP1B_137_complex.pdb,PTP1B,137,PTP1B.AF2rank137.pdb,PTP1B.AF2rank137,/home/wms/AF2-test/AF2-CatGraph/data/PTP1B/01_af2_new/PTP1B.AF2rank137.pdb,/home/wms/AF2-test/AF2-CatGraph/results/PTP1B/02_template_guided_docking/complexes/PTP1B_137_complex.pdb,/home/wms/AF2-test/AF2-CatGraph/data/PTP1B/02_templates/template.pdb,/home/wms/AF2-test/AF2-CatGraph/data/PTP1B/02_templates/ligand.pdb,results/PTP1B/02_template_guided_docking/tables/PTP1B_step02_ligand_order_manifest.csv,/home/wms/AF2-test/AF2-CatGraph/data/PTP1B/02_templates/ligand.pdb,LIG,untrimmed_input,1,17,standard,dock_py_exact,True,single_chain_same_length_same_ordered_sequence,299,1.0,1.0,,passed,,2442,17,4,1.079489021616412,2.136204403514361,2.136204403514361,10,True,"(0.0, 0.0, 0.0)",collision_py_exact,5.0,6.0,17,93.70588235294117,95.62,88.99,75.31,97.62,90.0,80.0,True,/home/wms/AF2-test/AF2-CatGraph/results/PTP1B/02_template_guided_docking/complexes/PTP1B_137_complex.pdb
138,PTP1B_138,PTP1B_138_complex.pdb,PTP1B,138,PTP1B.AF2rank138.pdb,PTP1B.AF2rank138,/home/wms/AF2-test/AF2-CatGraph/data/PTP1B/01_af2_new/PTP1B.AF2rank138.pdb,/home/wms/AF2-test/AF2-CatGraph/results/PTP1B/02_template_guided_docking/complexes/PTP1B_138_complex.pdb,/home/wms/AF2-test/AF2-CatGraph/data/PTP1B/02_templates/template.pdb,/home/wms/AF2-test/AF2-CatGraph/data/PTP1B/02_templates/ligand.pdb,results/PTP1B/02_template_guided_docking/tables/PTP1B_step02_ligand_order_manifest.csv,/home/wms/AF2-test/AF2-CatGraph/data/PTP1B/02_templates/ligand.pdb,LIG,untrimmed_input,1,17,standard,dock_py_exact,True,single_chain_same_length_same_ordered_sequence,299,1.0,1.0,,passed,,2442,17,8,1.5599112891860898,2.303430694464881,2.303430694464881,10,True,"(0.0, 0.0, 0.0)",collision_py_exact,5.0,6.0,17,93.82000000000001,95.56,91.624,74.69,97.62,90.0,80.0,True,/home/wms/AF2-test/AF2-CatGraph/results/PTP1B/02_template_guided_docking/complexes/PTP1B_138_complex.pdb
139,PTP1B_139,PTP1B_139_complex.pdb,PTP1B,139,PTP1B.AF2rank139.pdb,PTP1B.AF2rank139,/home/wms/AF2-test/AF2-CatGraph/data/PTP1B/01_af2_new/PTP1B.AF2rank139.pdb,/home/wms/AF2-test/AF2-CatGraph/results/PTP1B/02_template_guided_docking/complexes/PTP1B_139_complex.pdb,/home/wms/AF2-test/AF2-CatGraph/data/PTP1B/02_templates/template.pdb,/home/wms/AF2-test/AF2-CatGraph/data/PTP1B/02_templates/ligand.pdb,results/PTP1B/02_template_guided_docking/tables/PTP1B_step02_ligand_order_manifest.csv,/home/wms/AF2-test/AF2-CatGraph/data/PTP1B/02_templates/ligand.pdb,LIG,untrimmed_input,1,17,standard,dock_py_exact,True,single_chain_same_length_same_ordered_sequence,299,1.0,1.0,,passed,,2442,17,8,1.385172261664405,2.1888982888166475,2.1888982888166475,10,True,"(0.0, 0.0, 0.0)",collision_py_exact,5.0,6.0,17,91.18823529411765,94.75,82.12,63.84,97.19,90.0,80.0,True,/home/wms/AF2-test/AF2-CatGraph/results/PTP1B/02_template_guided_docking/complexes/PTP1B_139_complex.pdb
140,PTP1B_140,PTP1B_140_complex.pdb,PTP1B,140,PTP1B.AF2rank140.pdb,PTP1B.AF2rank140,/home/wms/AF2-test/AF2-CatGraph/data/PTP1B/01_af2_new/PTP1B.AF2rank140.pdb,/home/wms/AF2-test/AF2-CatGraph/results/PTP1B/02_template_guided_docking/complexes/PTP1B_140_complex.pdb,/home/wms/AF2-test/AF2-CatGraph/data/PTP1B/02_templates/template.pdb,/home/wms/AF2-test/AF2-CatGraph/data/PTP1B/02_templates/ligand.pdb,results/PTP1B/02_template_guided_docking/tables/PTP1B_step02_ligand_order_manifest.csv,/home/wms/AF2-test/AF2-CatGraph/data/PTP1B/02_templates/ligand.pdb,LIG,untrimmed_input,1,17,standard,dock_py_exact,True,single_chain_same_length_same_ordered_sequence,299,1.0,1.0,,passed,,2442,17,3,0.8746073903615272,2.17750192198392,2.17750192198392,10,True,"(0.0, 0.0, 0.0)",collision_py_exact,5.0,6.0,17,92.90470588235294,95.56,85.828,74.25,97.69,90.0,80.0,True,/home/wms/AF2-test/AF2-CatGraph/results/PTP1B/02_template_guided_docking/complexes/PTP1B_140_complex.pdb
141,PTP1B_141,PTP1B_141_complex.pdb,PTP1B,141,PTP1B.AF2rank141.pdb,PTP1B.AF2rank141,/home/wms/AF2-test/AF2-CatGraph/data/PTP1B/01_af2_new/PTP1B.AF2rank141.pdb,/home/wms/AF2-test/AF2-CatGraph/results/PTP1B/02_template_guided_docking/complexes/PTP1B_141_complex.pdb,/home/wms/AF2-test/AF2-CatGraph/data/PTP1B/02_templates/template.pdb,/home/wms/AF2-test/AF2-CatGraph/data/PTP1B/02_templates/ligand.pdb,results/PTP1B/02_template_guided_docking/tables/PTP1B_step02_ligand_order_manifest.csv,/home/wms/AF2-test/AF2-CatGraph/data/PTP1B/02_templates/ligand.pdb,LIG,untrimmed_input,1,17,standard,dock_py_exact,True,single_chain_same_length_same_ordered_sequence,299,1.0,1.0,,passed,,2442,17,8,1.7830713858024954,2.258329303916192,2.258329303916192,10,True,"(0.0, 0.0, 0.0)",collision_py_exact,5.0,6.0,17,92.97058823529412,95.38,87.162,71.81,97.5,90.0,80.0,True,/home/wms/AF2-test/AF2-CatGraph/results/PTP1B/02_template_guided_docking/complexes/PTP1B_141_complex.pdb
142,PTP1B_142,PTP1B_142_complex.pdb,PTP1B,142,PTP1B.AF2rank142.pdb,PTP1B.AF2rank142,/home/wms/AF2-test/AF2-CatGraph/data/PTP1B/01_af2_new/PTP1B.AF2rank142.pdb,/home/wms/AF2-test/AF2-CatGraph/results/PTP1B/02_template_guided_docking/complexes/PTP1B_142_complex.pdb,/home/wms/AF2-test/AF2-CatGraph/data/PTP1B/02_templates/template.pdb,/home/wms/AF2-test/AF2-CatGraph/data/PTP1B/02_templates/ligand.pdb,results/PTP1B/02_template_guided_docking/tables/PTP1B_step02_ligand_order_manifest.csv,/home/wms/AF2-test/AF2-CatGraph/data/PTP1B/02_templates/ligand.pdb,LIG,untrimmed_input,1,17,standard,dock_py_exact,True,single_chain_same_length_same_ordered_sequence,299,1.0,1.0,,passed,,2442,17,5,1.0588782439507645,2.2211855600613992,2.2211855600613992,10,True,"(0.0, 0.0, 0.0)",collision_py_exact,5.0,6.0,17,93.44117647058823,95.62,87.634,74.94,97.94,90.0,80.0,True,/home/wms/AF2-test/AF2-CatGraph/results/PTP1B/02_template_guided_docking/complexes/PTP1B_142_complex.pdb
143,PTP1B_143,PTP1B_143_complex.pdb,PTP1B,143,PTP1B.AF2rank143.pdb,PTP1B.AF2rank143,/home/wms/AF2-test/AF2-CatGraph/data/PTP1B/01_af2_new/PTP1B.AF2rank143.pdb,/home/wms/AF2-test/AF2-CatGraph/results/PTP1B/02_template_guided_docking/complexes/PTP1B_143_complex.pdb,/home/wms/AF2-test/AF2-CatGraph/data/PTP1B/02_templates/template.pdb,/home/wms/AF2-test/AF2-CatGraph/data/PTP1B/02_templates/ligand.pdb,results/PTP1B/02_template_guided_docking/tables/PTP1B_step02_ligand_order_manifest.csv,/home/wms/AF2-test/AF2-CatGraph/data/PTP1B/02_templates/ligand.pdb,LIG,untrimmed_input,1,17,standard,dock_py_exact,True,single_chain_same_length_same_ordered_sequence,299,1.0,1.0,,passed,,2442,17,3,0.3960966882001906,2.4139749805526125,2.4139749805526125,10,True,"(0.0, 0.0, 0.0)",collision_py_exact,5.0,6.0,17,93.03,95.5,85.75,75.38,97.88,90.0,80.0,True,/home/wms/AF2-test/AF2-CatGraph/results/PTP1B/02_template_guided_docking/complexes/PTP1B_143_complex.pdb
144,PTP1B_144,PTP1B_144_complex.pdb,PTP1B,144,PTP1B.AF2rank144.pdb,PTP1B.AF2rank144,/home/wms/AF2-test/AF2-CatGraph/data/PTP1B/01_af2_new/PTP1B.AF2rank144.pdb,/home/wms/AF2-test/AF2-CatGraph/results/PTP1B/02_template_guided_docking/complexes/PTP1B_144_complex.pdb,/home/wms/AF2-test/AF2-CatGraph/data/PTP1B/02_templates/template.pdb,/home/wms/AF2-test/AF2-CatGraph/data/PTP1B/02_templates/ligand.pdb,results/PTP1B/02_template_guided_docking/tables/PTP1B_step02_ligand_order_manifest.csv,/home/wms/AF2-test/AF2-CatGraph/data/PTP1B/02_templates/ligand.pdb,LIG,untrimmed_input,1,17,standard,dock_py_exact,True,single_chain_same_length_same_ordered_sequence,299,1.0,1.0,,passed,,2442,17,6,1.4232583705336892,2.203741634404632,2.203741634404632,10,True,"(0.0, 0.0, 0.0)",collision_py_exact,5.0,6.0,16,93.70875000000001,95.53,91.785,71.0,97.94,90.0,80.0,True,/home/wms/AF2-test/AF2-CatGraph/results/PTP1B/02_template_guided_docking/complexes/PTP1B_144_complex.pdb
145,PTP1B_145,PTP1B_145_complex.pdb,PTP1B,145,PTP1B.AF2rank145.pdb,PTP1B.AF2rank145,/home/wms/AF2-test/AF2-CatGraph/data/PTP1B/01_af2_new/PTP1B.AF2rank145.pdb,/home/wms/AF2-test/AF2-CatGraph/results/PTP1B/02_template_guided_docking/complexes/PTP1B_145_complex.pdb,/home/wms/AF2-test/AF2-CatGraph/data/PTP1B/02_templates/template.pdb,/home/wms/AF2-test/AF2-CatGraph/data/PTP1B/02_templates/ligand.pdb,results/PTP1B/02_template_guided_docking/tables/PTP1B_step02_ligand_order_manifest.csv,/home/wms/AF2-test/AF2-CatGraph/data/PTP1B/02_templates/ligand.pdb,LIG,untrimmed_input,1,17,standard,dock_py_exact,True,single_chain_same_length_same_ordered_sequence,299,1.0,1.0,,passed,,2442,17,7,1.279269464867412,2.3512256162848653,2.3512256162848653,10,True,"(0.0, 0.0, 0.0)",collision_py_exact,5.0,6.0,15,94.922,95.38,92.674,91.62,97.31,90.0,80.0,True,/home/wms/AF2-test/AF2-CatGraph/results/PTP1B/02_template_guided_docking/complexes/PTP1B_145_complex.pdb
146,PTP1B_146,PTP1B_146_complex.pdb,PTP1B,146,PTP1B.AF2rank146.pdb,PTP1B.AF2rank146,/home/wms/AF2-test/AF2-CatGraph/data/PTP1B/01_af2_new/PTP1B.AF2rank146.pdb,/home/wms/AF2-test/AF2-CatGraph/results/PTP1B/02_template_guided_docking/complexes/PTP1B_146_complex.pdb,/home/wms/AF2-test/AF2-CatGraph/data/PTP1B/02_templates/template.pdb,/home/wms/AF2-test/AF2-CatGraph/data/PTP1B/02_templates/ligand.pdb,results/PTP1B/02_template_guided_docking/tables/PTP1B_step02_ligand_order_manifest.csv,/home/wms/AF2-test/AF2-CatGraph/data/PTP1B/02_templates/ligand.pdb,LIG,untrimmed_input,1,17,standard,dock_py_exact,True,single_chain_same_length_same_ordered_sequence,299,1.0,1.0,,passed,,2442,17,6,1.192338146727736,2.2935919328606915,2.2935919328606915,10,True,"(0.0, 0.0, 0.0)",collision_py_exact,5.0,6.0,17,91.56941176470589,93.81,85.476,73.5,96.94,90.0,80.0,True,/home/wms/AF2-test/AF2-CatGraph/results/PTP1B/02_template_guided_docking/complexes/PTP1B_146_complex.pdb
147,PTP1B_147,PTP1B_147_complex.pdb,PTP1B,147,PTP1B.AF2rank147.pdb,PTP1B.AF2rank147,/home/wms/AF2-test/AF2-CatGraph/data/PTP1B/01_af2_new/PTP1B.AF2rank147.pdb,/home/wms/AF2-test/AF2-CatGraph/results/PTP1B/02_template_guided_docking/complexes/PTP1B_147_complex.pdb,/home/wms/AF2-test/AF2-CatGraph/data/PTP1B/02_templates/template.pdb,/home/wms/AF2-test/AF2-CatGraph/data/PTP1B/02_templates/ligand.pdb,results/PTP1B/02_template_guided_docking/tables/PTP1B_step02_ligand_order_manifest.csv,/home/wms/AF2-test/AF2-CatGraph/data/PTP1B/02_templates/ligand.pdb,LIG,untrimmed_input,1,17,standard,dock_py_exact,True,single_chain_same_length_same_ordered_sequence,299,1.0,1.0,,passed,,2442,17,4,0.7113686413451759,2.3856197840118414,2.3856197840118414,10,True,"(0.0, 0.0, 0.0)",collision_py_exact,5.0,6.0,16,93.34125,95.09,91.13,71.44,97.44,90.0,80.0,True,/home/wms/AF2-test/AF2-CatGraph/results/PTP1B/02_template_guided_docking/complexes/PTP1B_147_complex.pdb
148,PTP1B_148,PTP1B_148_complex.pdb,PTP1B,148,PTP1B.AF2rank148.pdb,PTP1B.AF2rank148,/home/wms/AF2-test/AF2-CatGraph/data/PTP1B/01_af2_new/PTP1B.AF2rank148.pdb,/home/wms/AF2-test/AF2-CatGraph/results/PTP1B/02_template_guided_docking/complexes/PTP1B_148_complex.pdb,/home/wms/AF2-test/AF2-CatGraph/data/PTP1B/02_templates/template.pdb,/home/wms/AF2-test/AF2-CatGraph/data/PTP1B/02_templates/ligand.pdb,results/PTP1B/02_template_guided_docking/tables/PTP1B_step02_ligand_order_manifest.csv,/home/wms/AF2-test/AF2-CatGraph/data/PTP1B/02_templates/ligand.pdb,LIG,untrimmed_input,1,17,standard,dock_py_exact,True,single_chain_same_length_same_ordered_sequence,299,1.0,1.0,,passed,,2442,17,6,1.4772348750450617,2.3885728376054267,2.3885728376054267,10,True,"(0.0, 0.0, 0.0)",collision_py_exact,5.0,6.0,18,92.52000000000001,94.84,87.241,74.62,97.31,90.0,80.0,True,/home/wms/AF2-test/AF2-CatGraph/results/PTP1B/02_template_guided_docking/complexes/PTP1B_148_complex.pdb
149,PTP1B_149,PTP1B_149_complex.pdb,PTP1B,149,PTP1B.AF2rank149.pdb,PTP1B.AF2rank149,/home/wms/AF2-test/AF2-CatGraph/data/PTP1B/01_af2_new/PTP1B.AF2rank149.pdb,/home/wms/AF2-test/AF2-CatGraph/results/PTP1B/02_template_guided_docking/complexes/PTP1B_149_complex.pdb,/home/wms/AF2-test/AF2-CatGraph/data/PTP1B/02_templates/template.pdb,/home/wms/AF2-test/AF2-CatGraph/data/PTP1B/02_templates/ligand.pdb,results/PTP1B/02_template_guided_docking/tables/PTP1B_step02_ligand_order_manifest.csv,/home/wms/AF2-test/AF2-CatGraph/data/PTP1B/02_templates/ligand.pdb,LIG,untrimmed_input,1,17,standard,dock_py_exact,True,single_chain_same_length_same_ordered_sequence,299,1.0,1.0,,passed,,2442,17,8,1.3858336736656702,2.198294989645493,2.198294989645493,10,True,"(0.0, 0.0, 0.0)",collision_py_exact,5.0,6.0,17,91.80823529411765,94.06,86.376,71.12,96.81,90.0,80.0,True,/home/wms/AF2-test/AF2-CatGraph/results/PTP1B/02_template_guided_docking/complexes/PTP1B_149_complex.pdb
150,PTP1B_150,PTP1B_150_complex.pdb,PTP1B,150,PTP1B.AF2rank150.pdb,PTP1B.AF2rank150,/home/wms/AF2-test/AF2-CatGraph/data/PTP1B/01_af2_new/PTP1B.AF2rank150.pdb,/home/wms/AF2-test/AF2-CatGraph/results/PTP1B/02_template_guided_docking/complexes/PTP1B_150_complex.pdb,/home/wms/AF2-test/AF2-CatGraph/data/PTP1B/02_templates/template.pdb,/home/wms/AF2-test/AF2-CatGraph/data/PTP1B/02_templates/ligand.pdb,results/PTP1B/02_template_guided_docking/tables/PTP1B_step02_ligand_order_manifest.csv,/home/wms/AF2-test/AF2-CatGraph/data/PTP1B/02_templates/ligand.pdb,LIG,untrimmed_input,1,17,standard,dock_py_exact,True,single_chain_same_length_same_ordered_sequence,299,1.0,1.0,,passed,,2442,17,6,1.3656344786060282,2.1547831167617177,2.1547831167617177,10,True,"(0.0, 0.0, 0.0)",collision_py_exact,5.0,6.0,17,94.01117647058824,95.75,88.628,81.06,97.75,90.0,80.0,True,/home/wms/AF2-test/AF2-CatGraph/results/PTP1B/02_template_guided_docking/complexes/PTP1B_150_complex.pdb
151,PTP1B_151,PTP1B_151_complex.pdb,PTP1B,151,PTP1B.AF2rank151.pdb,PTP1B.AF2rank151,/home/wms/AF2-test/AF2-CatGraph/data/PTP1B/01_af2_new/PTP1B.AF2rank151.pdb,/home/wms/AF2-test/AF2-CatGraph/results/PTP1B/02_template_guided_docking/complexes/PTP1B_151_complex.pdb,/home/wms/AF2-test/AF2-CatGraph/data/PTP1B/02_templates/template.pdb,/home/wms/AF2-test/AF2-CatGraph/data/PTP1B/02_templates/ligand.pdb,results/PTP1B/02_template_guided_docking/tables/PTP1B_step02_ligand_order_manifest.csv,/home/wms/AF2-test/AF2-CatGraph/data/PTP1B/02_templates/ligand.pdb,LIG,untrimmed_input,1,17,standard,dock_py_exact,True,single_chain_same_length_same_ordered_sequence,299,1.0,1.0,,passed,,2442,17,6,1.48027762774164,2.346009824246943,2.346009824246943,10,True,"(0.0, 0.0, 0.0)",collision_py_exact,5.0,6.0,17,92.38588235294117,94.44,86.52799999999999,73.56,97.19,90.0,80.0,True,/home/wms/AF2-test/AF2-CatGraph/results/PTP1B/02_template_guided_docking/complexes/PTP1B_151_complex.pdb
152,PTP1B_152,PTP1B_152_complex.pdb,PTP1B,152,PTP1B.AF2rank152.pdb,PTP1B.AF2rank152,/home/wms/AF2-test/AF2-CatGraph/data/PTP1B/01_af2_new/PTP1B.AF2rank152.pdb,/home/wms/AF2-test/AF2-CatGraph/results/PTP1B/02_template_guided_docking/complexes/PTP1B_152_complex.pdb,/home/wms/AF2-test/AF2-CatGraph/data/PTP1B/02_templates/template.pdb,/home/wms/AF2-test/AF2-CatGraph/data/PTP1B/02_templates/ligand.pdb,results/PTP1B/02_template_guided_docking/tables/PTP1B_step02_ligand_order_manifest.csv,/home/wms/AF2-test/AF2-CatGraph/data/PTP1B/02_templates/ligand.pdb,LIG,untrimmed_input,1,17,standard,dock_py_exact,True,single_chain_same_length_same_ordered_sequence,299,1.0,1.0,,passed,,2442,17,6,1.9212805395944013,2.059335651111,2.059335651111,10,True,"(0.0, 0.0, 0.0)",collision_py_exact,5.0,6.0,17,93.68529411764706,95.69,87.464,79.44,97.88,90.0,80.0,True,/home/wms/AF2-test/AF2-CatGraph/results/PTP1B/02_template_guided_docking/complexes/PTP1B_152_complex.pdb
153,PTP1B_153,PTP1B_153_complex.pdb,PTP1B,153,PTP1B.AF2rank153.pdb,PTP1B.AF2rank153,/home/wms/AF2-test/AF2-CatGraph/data/PTP1B/01_af2_new/PTP1B.AF2rank153.pdb,/home/wms/AF2-test/AF2-CatGraph/results/PTP1B/02_template_guided_docking/complexes/PTP1B_153_complex.pdb,/home/wms/AF2-test/AF2-CatGraph/data/PTP1B/02_templates/template.pdb,/home/wms/AF2-test/AF2-CatGraph/data/PTP1B/02_templates/ligand.pdb,results/PTP1B/02_template_guided_docking/tables/PTP1B_step02_ligand_order_manifest.csv,/home/wms/AF2-test/AF2-CatGraph/data/PTP1B/02_templates/ligand.pdb,LIG,untrimmed_input,1,17,standard,dock_py_exact,True,single_chain_same_length_same_ordered_sequence,299,1.0,1.0,,passed,,2442,17,8,1.9650390995998888,2.1353679076847043,2.1353679076847043,10,True,"(0.0, 0.0, 0.0)",collision_py_exact,5.0,6.0,15,95.32066666666667,95.75,93.076,91.19,98.12,90.0,80.0,True,/home/wms/AF2-test/AF2-CatGraph/results/PTP1B/02_template_guided_docking/complexes/PTP1B_153_complex.pdb
154,PTP1B_154,PTP1B_154_complex.pdb,PTP1B,154,PTP1B.AF2rank154.pdb,PTP1B.AF2rank154,/home/wms/AF2-test/AF2-CatGraph/data/PTP1B/01_af2_new/PTP1B.AF2rank154.pdb,/home/wms/AF2-test/AF2-CatGraph/results/PTP1B/02_template_guided_docking/complexes/PTP1B_154_complex.pdb,/home/wms/AF2-test/AF2-CatGraph/data/PTP1B/02_templates/template.pdb,/home/wms/AF2-test/AF2-CatGraph/data/PTP1B/02_templates/ligand.pdb,results/PTP1B/02_template_guided_docking/tables/PTP1B_step02_ligand_order_manifest.csv,/home/wms/AF2-test/AF2-CatGraph/data/PTP1B/02_templates/ligand.pdb,LIG,untrimmed_input,1,17,standard,dock_py_exact,True,single_chain_same_length_same_ordered_sequence,299,1.0,1.0,,passed,,2442,17,6,1.9667385540494904,2.1931237786348268,2.1931237786348268,10,True,"(0.0, 0.0, 0.0)",collision_py_exact,5.0,6.0,17,92.75823529411764,94.69,87.55,75.69,97.31,90.0,80.0,True,/home/wms/AF2-test/AF2-CatGraph/results/PTP1B/02_template_guided_docking/complexes/PTP1B_154_complex.pdb
155,PTP1B_155,PTP1B_155_complex.pdb,PTP1B,155,PTP1B.AF2rank155.pdb,PTP1B.AF2rank155,/home/wms/AF2-test/AF2-CatGraph/data/PTP1B/01_af2_new/PTP1B.AF2rank155.pdb,/home/wms/AF2-test/AF2-CatGraph/results/PTP1B/02_template_guided_docking/complexes/PTP1B_155_complex.pdb,/home/wms/AF2-test/AF2-CatGraph/data/PTP1B/02_templates/template.pdb,/home/wms/AF2-test/AF2-CatGraph/data/PTP1B/02_templates/ligand.pdb,results/PTP1B/02_template_guided_docking/tables/PTP1B_step02_ligand_order_manifest.csv,/home/wms/AF2-test/AF2-CatGraph/data/PTP1B/02_templates/ligand.pdb,LIG,untrimmed_input,1,17,standard,dock_py_exact,True,single_chain_same_length_same_ordered_sequence,299,1.0,1.0,,passed,,2442,17,8,2.0389845420401795,2.203786240645972,2.203786240645972,10,True,"(0.0, 0.0, 0.0)",collision_py_exact,5.0,6.0,17,93.53647058823529,95.81,87.196,75.06,98.25,90.0,80.0,True,/home/wms/AF2-test/AF2-CatGraph/results/PTP1B/02_template_guided_docking/complexes/PTP1B_155_complex.pdb
156,PTP1B_156,PTP1B_156_complex.pdb,PTP1B,156,PTP1B.AF2rank156.pdb,PTP1B.AF2rank156,/home/wms/AF2-test/AF2-CatGraph/data/PTP1B/01_af2_new/PTP1B.AF2rank156.pdb,/home/wms/AF2-test/AF2-CatGraph/results/PTP1B/02_template_guided_docking/complexes/PTP1B_156_complex.pdb,/home/wms/AF2-test/AF2-CatGraph/data/PTP1B/02_templates/template.pdb,/home/wms/AF2-test/AF2-CatGraph/data/PTP1B/02_templates/ligand.pdb,results/PTP1B/02_template_guided_docking/tables/PTP1B_step02_ligand_order_manifest.csv,/home/wms/AF2-test/AF2-CatGraph/data/PTP1B/02_templates/ligand.pdb,LIG,untrimmed_input,1,17,standard,dock_py_exact,True,single_chain_same_length_same_ordered_sequence,299,1.0,1.0,,passed,,2442,17,10,2.3807764469552075,2.22934102959233,2.22934102959233,10,True,"(0.0, 0.0, 0.0)",collision_py_exact,5.0,6.0,18,92.73611111111111,94.345,89.003,75.31,97.19,90.0,80.0,True,/home/wms/AF2-test/AF2-CatGraph/results/PTP1B/02_template_guided_docking/complexes/PTP1B_156_complex.pdb
157,PTP1B_157,PTP1B_157_complex.pdb,PTP1B,157,PTP1B.AF2rank157.pdb,PTP1B.AF2rank157,/home/wms/AF2-test/AF2-CatGraph/data/PTP1B/01_af2_new/PTP1B.AF2rank157.pdb,/home/wms/AF2-test/AF2-CatGraph/results/PTP1B/02_template_guided_docking/complexes/PTP1B_157_complex.pdb,/home/wms/AF2-test/AF2-CatGraph/data/PTP1B/02_templates/template.pdb,/home/wms/AF2-test/AF2-CatGraph/data/PTP1B/02_templates/ligand.pdb,results/PTP1B/02_template_guided_docking/tables/PTP1B_step02_ligand_order_manifest.csv,/home/wms/AF2-test/AF2-CatGraph/data/PTP1B/02_templates/ligand.pdb,LIG,untrimmed_input,1,17,standard,dock_py_exact,True,single_chain_same_length_same_ordered_sequence,299,1.0,1.0,,passed,,2442,17,7,2.0689997434195404,2.137419555491492,2.137419555491492,10,True,"(0.0, 0.0, 0.0)",collision_py_exact,5.0,6.0,17,93.26058823529412,95.69,86.836,75.5,98.06,90.0,80.0,True,/home/wms/AF2-test/AF2-CatGraph/results/PTP1B/02_template_guided_docking/complexes/PTP1B_157_complex.pdb
158,PTP1B_158,PTP1B_158_complex.pdb,PTP1B,158,PTP1B.AF2rank158.pdb,PTP1B.AF2rank158,/home/wms/AF2-test/AF2-CatGraph/data/PTP1B/01_af2_new/PTP1B.AF2rank158.pdb,/home/wms/AF2-test/AF2-CatGraph/results/PTP1B/02_template_guided_docking/complexes/PTP1B_158_complex.pdb,/home/wms/AF2-test/AF2-CatGraph/data/PTP1B/02_templates/template.pdb,/home/wms/AF2-test/AF2-CatGraph/data/PTP1B/02_templates/ligand.pdb,results/PTP1B/02_template_guided_docking/tables/PTP1B_step02_ligand_order_manifest.csv,/home/wms/AF2-test/AF2-CatGraph/data/PTP1B/02_templates/ligand.pdb,LIG,untrimmed_input,1,17,standard,dock_py_exact,True,single_chain_same_length_same_ordered_sequence,299,1.0,1.0,,passed,,2442,17,6,1.1220768122568383,2.241520578980504,2.241520578980504,10,True,"(0.0, 0.0, 0.0)",collision_py_exact,5.0,6.0,17,93.37411764705882,95.0,91.684,73.62,97.44,90.0,80.0,True,/home/wms/AF2-test/AF2-CatGraph/results/PTP1B/02_template_guided_docking/complexes/PTP1B_158_complex.pdb
159,PTP1B_159,PTP1B_159_complex.pdb,PTP1B,159,PTP1B.AF2rank159.pdb,PTP1B.AF2rank159,/home/wms/AF2-test/AF2-CatGraph/data/PTP1B/01_af2_new/PTP1B.AF2rank159.pdb,/home/wms/AF2-test/AF2-CatGraph/results/PTP1B/02_template_guided_docking/complexes/PTP1B_159_complex.pdb,/home/wms/AF2-test/AF2-CatGraph/data/PTP1B/02_templates/template.pdb,/home/wms/AF2-test/AF2-CatGraph/data/PTP1B/02_templates/ligand.pdb,results/PTP1B/02_template_guided_docking/tables/PTP1B_step02_ligand_order_manifest.csv,/home/wms/AF2-test/AF2-CatGraph/data/PTP1B/02_templates/ligand.pdb,LIG,untrimmed_input,1,17,standard,dock_py_exact,True,single_chain_same_length_same_ordered_sequence,299,1.0,1.0,,passed,,2442,17,6,1.125310963435994,2.154988271339728,2.154988271339728,10,True,"(0.0, 0.0, 0.0)",collision_py_exact,5.0,6.0,17,93.09588235294117,95.5,86.338,74.19,97.88,90.0,80.0,True,/home/wms/AF2-test/AF2-CatGraph/results/PTP1B/02_template_guided_docking/complexes/PTP1B_159_complex.pdb
160,PTP1B_160,PTP1B_160_complex.pdb,PTP1B,160,PTP1B.AF2rank160.pdb,PTP1B.AF2rank160,/home/wms/AF2-test/AF2-CatGraph/data/PTP1B/01_af2_new/PTP1B.AF2rank160.pdb,/home/wms/AF2-test/AF2-CatGraph/results/PTP1B/02_template_guided_docking/complexes/PTP1B_160_complex.pdb,/home/wms/AF2-test/AF2-CatGraph/data/PTP1B/02_templates/template.pdb,/home/wms/AF2-test/AF2-CatGraph/data/PTP1B/02_templates/ligand.pdb,results/PTP1B/02_template_guided_docking/tables/PTP1B_step02_ligand_order_manifest.csv,/home/wms/AF2-test/AF2-CatGraph/data/PTP1B/02_templates/ligand.pdb,LIG,untrimmed_input,1,17,standard,dock_py_exact,True,single_chain_same_length_same_ordered_sequence,299,1.0,1.0,,passed,,2442,17,8,1.5272100312149313,2.159708191801042,2.159708191801042,10,True,"(0.0, 0.0, 0.0)",collision_py_exact,5.0,6.0,17,92.5629411764706,95.31,85.714,71.19,97.62,90.0,80.0,True,/home/wms/AF2-test/AF2-CatGraph/results/PTP1B/02_template_guided_docking/complexes/PTP1B_160_complex.pdb
161,PTP1B_161,PTP1B_161_complex.pdb,PTP1B,161,PTP1B.AF2rank161.pdb,PTP1B.AF2rank161,/home/wms/AF2-test/AF2-CatGraph/data/PTP1B/01_af2_new/PTP1B.AF2rank161.pdb,/home/wms/AF2-test/AF2-CatGraph/results/PTP1B/02_template_guided_docking/complexes/PTP1B_161_complex.pdb,/home/wms/AF2-test/AF2-CatGraph/data/PTP1B/02_templates/template.pdb,/home/wms/AF2-test/AF2-CatGraph/data/PTP1B/02_templates/ligand.pdb,results/PTP1B/02_template_guided_docking/tables/PTP1B_step02_ligand_order_manifest.csv,/home/wms/AF2-test/AF2-CatGraph/data/PTP1B/02_templates/ligand.pdb,LIG,untrimmed_input,1,17,standard,dock_py_exact,True,single_chain_same_length_same_ordered_sequence,299,1.0,1.0,,passed,,2442,17,7,1.34441323444956,2.178198063401521,2.178198063401521,10,True,"(0.0, 0.0, 0.0)",collision_py_exact,5.0,6.0,16,93.66375,95.5,91.565,71.12,97.56,90.0,80.0,True,/home/wms/AF2-test/AF2-CatGraph/results/PTP1B/02_template_guided_docking/complexes/PTP1B_161_complex.pdb
162,PTP1B_162,PTP1B_162_complex.pdb,PTP1B,162,PTP1B.AF2rank162.pdb,PTP1B.AF2rank162,/home/wms/AF2-test/AF2-CatGraph/data/PTP1B/01_af2_new/PTP1B.AF2rank162.pdb,/home/wms/AF2-test/AF2-CatGraph/results/PTP1B/02_template_guided_docking/complexes/PTP1B_162_complex.pdb,/home/wms/AF2-test/AF2-CatGraph/data/PTP1B/02_templates/template.pdb,/home/wms/AF2-test/AF2-CatGraph/data/PTP1B/02_templates/ligand.pdb,results/PTP1B/02_template_guided_docking/tables/PTP1B_step02_ligand_order_manifest.csv,/home/wms/AF2-test/AF2-CatGraph/data/PTP1B/02_templates/ligand.pdb,LIG,untrimmed_input,1,17,standard,dock_py_exact,True,single_chain_same_length_same_ordered_sequence,299,1.0,1.0,,passed,,2442,17,7,2.152146426768536,2.1405479819773974,2.1405479819773974,10,True,"(0.0, 0.0, 0.0)",collision_py_exact,5.0,6.0,17,92.82764705882353,95.44,85.688,71.06,97.88,90.0,80.0,True,/home/wms/AF2-test/AF2-CatGraph/results/PTP1B/02_template_guided_docking/complexes/PTP1B_162_complex.pdb
163,PTP1B_163,PTP1B_163_complex.pdb,PTP1B,163,PTP1B.AF2rank163.pdb,PTP1B.AF2rank163,/home/wms/AF2-test/AF2-CatGraph/data/PTP1B/01_af2_new/PTP1B.AF2rank163.pdb,/home/wms/AF2-test/AF2-CatGraph/results/PTP1B/02_template_guided_docking/complexes/PTP1B_163_complex.pdb,/home/wms/AF2-test/AF2-CatGraph/data/PTP1B/02_templates/template.pdb,/home/wms/AF2-test/AF2-CatGraph/data/PTP1B/02_templates/ligand.pdb,results/PTP1B/02_template_guided_docking/tables/PTP1B_step02_ligand_order_manifest.csv,/home/wms/AF2-test/AF2-CatGraph/data/PTP1B/02_templates/ligand.pdb,LIG,untrimmed_input,1,17,standard,dock_py_exact,True,single_chain_same_length_same_ordered_sequence,299,1.0,1.0,,passed,,2442,17,7,1.932825437843876,2.112989758634287,2.112989758634287,10,True,"(0.0, 0.0, 0.0)",collision_py_exact,5.0,6.0,16,93.518125,95.405,92.405,70.0,97.62,90.0,80.0,True,/home/wms/AF2-test/AF2-CatGraph/results/PTP1B/02_template_guided_docking/complexes/PTP1B_163_complex.pdb
164,PTP1B_164,PTP1B_164_complex.pdb,PTP1B,164,PTP1B.AF2rank164.pdb,PTP1B.AF2rank164,/home/wms/AF2-test/AF2-CatGraph/data/PTP1B/01_af2_new/PTP1B.AF2rank164.pdb,/home/wms/AF2-test/AF2-CatGraph/results/PTP1B/02_template_guided_docking/complexes/PTP1B_164_complex.pdb,/home/wms/AF2-test/AF2-CatGraph/data/PTP1B/02_templates/template.pdb,/home/wms/AF2-test/AF2-CatGraph/data/PTP1B/02_templates/ligand.pdb,results/PTP1B/02_template_guided_docking/tables/PTP1B_step02_ligand_order_manifest.csv,/home/wms/AF2-test/AF2-CatGraph/data/PTP1B/02_templates/ligand.pdb,LIG,untrimmed_input,1,17,standard,dock_py_exact,True,single_chain_same_length_same_ordered_sequence,299,1.0,1.0,,passed,,2442,17,6,1.3176150142189078,2.1816257810596427,2.1816257810596427,10,True,"(0.0, 0.0, 0.0)",collision_py_exact,5.0,6.0,17,92.77529411764705,95.12,86.238,74.31,97.5,90.0,80.0,True,/home/wms/AF2-test/AF2-CatGraph/results/PTP1B/02_template_guided_docking/complexes/PTP1B_164_complex.pdb
165,PTP1B_165,PTP1B_165_complex.pdb,PTP1B,165,PTP1B.AF2rank165.pdb,PTP1B.AF2rank165,/home/wms/AF2-test/AF2-CatGraph/data/PTP1B/01_af2_new/PTP1B.AF2rank165.pdb,/home/wms/AF2-test/AF2-CatGraph/results/PTP1B/02_template_guided_docking/complexes/PTP1B_165_complex.pdb,/home/wms/AF2-test/AF2-CatGraph/data/PTP1B/02_templates/template.pdb,/home/wms/AF2-test/AF2-CatGraph/data/PTP1B/02_templates/ligand.pdb,results/PTP1B/02_template_guided_docking/tables/PTP1B_step02_ligand_order_manifest.csv,/home/wms/AF2-test/AF2-CatGraph/data/PTP1B/02_templates/ligand.pdb,LIG,untrimmed_input,1,17,standard,dock_py_exact,True,single_chain_same_length_same_ordered_sequence,299,1.0,1.0,,passed,,2442,17,8,1.9582023163272015,2.3254586050450574,2.3254586050450574,10,True,"(0.0, 0.0, 0.0)",collision_py_exact,5.0,6.0,17,93.49176470588236,95.12,89.19800000000001,79.12,97.44,90.0,80.0,True,/home/wms/AF2-test/AF2-CatGraph/results/PTP1B/02_template_guided_docking/complexes/PTP1B_165_complex.pdb
166,PTP1B_166,PTP1B_166_complex.pdb,PTP1B,166,PTP1B.AF2rank166.pdb,PTP1B.AF2rank166,/home/wms/AF2-test/AF2-CatGraph/data/PTP1B/01_af2_new/PTP1B.AF2rank166.pdb,/home/wms/AF2-test/AF2-CatGraph/results/PTP1B/02_template_guided_docking/complexes/PTP1B_166_complex.pdb,/home/wms/AF2-test/AF2-CatGraph/data/PTP1B/02_templates/template.pdb,/home/wms/AF2-test/AF2-CatGraph/data/PTP1B/02_templates/ligand.pdb,results/PTP1B/02_template_guided_docking/tables/PTP1B_step02_ligand_order_manifest.csv,/home/wms/AF2-test/AF2-CatGraph/data/PTP1B/02_templates/ligand.pdb,LIG,untrimmed_input,1,17,standard,dock_py_exact,True,single_chain_same_length_same_ordered_sequence,299,1.0,1.0,,passed,,2442,17,10,2.784618829730189,2.048924090652572,2.048924090652572,10,True,"(0.0, 0.0, 0.0)",collision_py_exact,5.0,6.0,17,93.29882352941176,95.5,86.904,74.06,97.88,90.0,80.0,True,/home/wms/AF2-test/AF2-CatGraph/results/PTP1B/02_template_guided_docking/complexes/PTP1B_166_complex.pdb
167,PTP1B_167,PTP1B_167_complex.pdb,PTP1B,167,PTP1B.AF2rank167.pdb,PTP1B.AF2rank167,/home/wms/AF2-test/AF2-CatGraph/data/PTP1B/01_af2_new/PTP1B.AF2rank167.pdb,/home/wms/AF2-test/AF2-CatGraph/results/PTP1B/02_template_guided_docking/complexes/PTP1B_167_complex.pdb,/home/wms/AF2-test/AF2-CatGraph/data/PTP1B/02_templates/template.pdb,/home/wms/AF2-test/AF2-CatGraph/data/PTP1B/02_templates/ligand.pdb,results/PTP1B/02_template_guided_docking/tables/PTP1B_step02_ligand_order_manifest.csv,/home/wms/AF2-test/AF2-CatGraph/data/PTP1B/02_templates/ligand.pdb,LIG,untrimmed_input,1,17,standard,dock_py_exact,True,single_chain_same_length_same_ordered_sequence,299,1.0,1.0,,passed,,2442,17,9,2.520921493899644,2.0603749594827843,2.0603749594827843,10,True,"(0.0, 0.0, 0.0)",collision_py_exact,5.0,6.0,17,93.66411764705882,96.31,86.97200000000001,73.06,98.31,90.0,80.0,True,/home/wms/AF2-test/AF2-CatGraph/results/PTP1B/02_template_guided_docking/complexes/PTP1B_167_complex.pdb
168,PTP1B_168,PTP1B_168_complex.pdb,PTP1B,168,PTP1B.AF2rank168.pdb,PTP1B.AF2rank168,/home/wms/AF2-test/AF2-CatGraph/data/PTP1B/01_af2_new/PTP1B.AF2rank168.pdb,/home/wms/AF2-test/AF2-CatGraph/results/PTP1B/02_template_guided_docking/complexes/PTP1B_168_complex.pdb,/home/wms/AF2-test/AF2-CatGraph/data/PTP1B/02_templates/template.pdb,/home/wms/AF2-test/AF2-CatGraph/data/PTP1B/02_templates/ligand.pdb,results/PTP1B/02_template_guided_docking/tables/PTP1B_step02_ligand_order_manifest.csv,/home/wms/AF2-test/AF2-CatGraph/data/PTP1B/02_templates/ligand.pdb,LIG,untrimmed_input,1,17,standard,dock_py_exact,True,single_chain_same_length_same_ordered_sequence,299,1.0,1.0,,passed,,2442,17,6,2.65480798441694,2.0613689234307104,2.0613689234307104,10,True,"(0.0, 0.0, 0.0)",collision_py_exact,5.0,6.0,17,93.50823529411765,96.0,87.202,76.0,97.94,90.0,80.0,True,/home/wms/AF2-test/AF2-CatGraph/results/PTP1B/02_template_guided_docking/complexes/PTP1B_168_complex.pdb
169,PTP1B_169,PTP1B_169_complex.pdb,PTP1B,169,PTP1B.AF2rank169.pdb,PTP1B.AF2rank169,/home/wms/AF2-test/AF2-CatGraph/data/PTP1B/01_af2_new/PTP1B.AF2rank169.pdb,/home/wms/AF2-test/AF2-CatGraph/results/PTP1B/02_template_guided_docking/complexes/PTP1B_169_complex.pdb,/home/wms/AF2-test/AF2-CatGraph/data/PTP1B/02_templates/template.pdb,/home/wms/AF2-test/AF2-CatGraph/data/PTP1B/02_templates/ligand.pdb,results/PTP1B/02_template_guided_docking/tables/PTP1B_step02_ligand_order_manifest.csv,/home/wms/AF2-test/AF2-CatGraph/data/PTP1B/02_templates/ligand.pdb,LIG,untrimmed_input,1,17,standard,dock_py_exact,True,single_chain_same_length_same_ordered_sequence,299,1.0,1.0,,passed,,2442,17,4,1.1231366865636274,2.2157003880029813,2.2157003880029813,10,True,"(0.0, 0.0, 0.0)",collision_py_exact,5.0,6.0,17,93.48882352941176,95.56,87.19,78.38,97.75,90.0,80.0,True,/home/wms/AF2-test/AF2-CatGraph/results/PTP1B/02_template_guided_docking/complexes/PTP1B_169_complex.pdb
170,PTP1B_170,PTP1B_170_complex.pdb,PTP1B,170,PTP1B.AF2rank170.pdb,PTP1B.AF2rank170,/home/wms/AF2-test/AF2-CatGraph/data/PTP1B/01_af2_new/PTP1B.AF2rank170.pdb,/home/wms/AF2-test/AF2-CatGraph/results/PTP1B/02_template_guided_docking/complexes/PTP1B_170_complex.pdb,/home/wms/AF2-test/AF2-CatGraph/data/PTP1B/02_templates/template.pdb,/home/wms/AF2-test/AF2-CatGraph/data/PTP1B/02_templates/ligand.pdb,results/PTP1B/02_template_guided_docking/tables/PTP1B_step02_ligand_order_manifest.csv,/home/wms/AF2-test/AF2-CatGraph/data/PTP1B/02_templates/ligand.pdb,LIG,untrimmed_input,1,17,standard,dock_py_exact,True,single_chain_same_length_same_ordered_sequence,299,1.0,1.0,,passed,,2442,17,8,1.7058098007914602,2.28232655212692,2.28232655212692,10,True,"(0.0, 0.0, 0.0)",collision_py_exact,5.0,6.0,17,92.49588235294117,94.81,87.388,72.06,97.38,90.0,80.0,True,/home/wms/AF2-test/AF2-CatGraph/results/PTP1B/02_template_guided_docking/complexes/PTP1B_170_complex.pdb
171,PTP1B_171,PTP1B_171_complex.pdb,PTP1B,171,PTP1B.AF2rank171.pdb,PTP1B.AF2rank171,/home/wms/AF2-test/AF2-CatGraph/data/PTP1B/01_af2_new/PTP1B.AF2rank171.pdb,/home/wms/AF2-test/AF2-CatGraph/results/PTP1B/02_template_guided_docking/complexes/PTP1B_171_complex.pdb,/home/wms/AF2-test/AF2-CatGraph/data/PTP1B/02_templates/template.pdb,/home/wms/AF2-test/AF2-CatGraph/data/PTP1B/02_templates/ligand.pdb,results/PTP1B/02_template_guided_docking/tables/PTP1B_step02_ligand_order_manifest.csv,/home/wms/AF2-test/AF2-CatGraph/data/PTP1B/02_templates/ligand.pdb,LIG,untrimmed_input,1,17,standard,dock_py_exact,True,single_chain_same_length_same_ordered_sequence,299,1.0,1.0,,passed,,2442,17,7,2.1156627028733155,2.1725324010472544,2.1725324010472544,10,True,"(0.0, 0.0, 0.0)",collision_py_exact,5.0,6.0,17,92.71764705882353,95.44,85.288,70.12,97.88,90.0,80.0,True,/home/wms/AF2-test/AF2-CatGraph/results/PTP1B/02_template_guided_docking/complexes/PTP1B_171_complex.pdb
172,PTP1B_172,PTP1B_172_complex.pdb,PTP1B,172,PTP1B.AF2rank172.pdb,PTP1B.AF2rank172,/home/wms/AF2-test/AF2-CatGraph/data/PTP1B/01_af2_new/PTP1B.AF2rank172.pdb,/home/wms/AF2-test/AF2-CatGraph/results/PTP1B/02_template_guided_docking/complexes/PTP1B_172_complex.pdb,/home/wms/AF2-test/AF2-CatGraph/data/PTP1B/02_templates/template.pdb,/home/wms/AF2-test/AF2-CatGraph/data/PTP1B/02_templates/ligand.pdb,results/PTP1B/02_template_guided_docking/tables/PTP1B_step02_ligand_order_manifest.csv,/home/wms/AF2-test/AF2-CatGraph/data/PTP1B/02_templates/ligand.pdb,LIG,untrimmed_input,1,17,standard,dock_py_exact,True,single_chain_same_length_same_ordered_sequence,299,1.0,1.0,,passed,,2442,17,7,1.2709222722444364,2.3081801187437634,2.3081801187437634,10,True,"(0.0, 0.0, 0.0)",collision_py_exact,5.0,6.0,17,93.01882352941178,95.0,90.44,70.88,97.38,90.0,80.0,True,/home/wms/AF2-test/AF2-CatGraph/results/PTP1B/02_template_guided_docking/complexes/PTP1B_172_complex.pdb
173,PTP1B_173,PTP1B_173_complex.pdb,PTP1B,173,PTP1B.AF2rank173.pdb,PTP1B.AF2rank173,/home/wms/AF2-test/AF2-CatGraph/data/PTP1B/01_af2_new/PTP1B.AF2rank173.pdb,/home/wms/AF2-test/AF2-CatGraph/results/PTP1B/02_template_guided_docking/complexes/PTP1B_173_complex.pdb,/home/wms/AF2-test/AF2-CatGraph/data/PTP1B/02_templates/template.pdb,/home/wms/AF2-test/AF2-CatGraph/data/PTP1B/02_templates/ligand.pdb,results/PTP1B/02_template_guided_docking/tables/PTP1B_step02_ligand_order_manifest.csv,/home/wms/AF2-test/AF2-CatGraph/data/PTP1B/02_templates/ligand.pdb,LIG,untrimmed_input,1,17,standard,dock_py_exact,True,single_chain_same_length_same_ordered_sequence,299,1.0,1.0,,passed,,2442,17,5,1.4889038345679828,2.0688774540288213,2.0688774540288213,10,True,"(0.0, 0.0, 0.0)",collision_py_exact,5.0,6.0,17,92.10352941176471,94.06,87.06,72.69,96.94,90.0,80.0,True,/home/wms/AF2-test/AF2-CatGraph/results/PTP1B/02_template_guided_docking/complexes/PTP1B_173_complex.pdb
174,PTP1B_174,PTP1B_174_complex.pdb,PTP1B,174,PTP1B.AF2rank174.pdb,PTP1B.AF2rank174,/home/wms/AF2-test/AF2-CatGraph/data/PTP1B/01_af2_new/PTP1B.AF2rank174.pdb,/home/wms/AF2-test/AF2-CatGraph/results/PTP1B/02_template_guided_docking/complexes/PTP1B_174_complex.pdb,/home/wms/AF2-test/AF2-CatGraph/data/PTP1B/02_templates/template.pdb,/home/wms/AF2-test/AF2-CatGraph/data/PTP1B/02_templates/ligand.pdb,results/PTP1B/02_template_guided_docking/tables/PTP1B_step02_ligand_order_manifest.csv,/home/wms/AF2-test/AF2-CatGraph/data/PTP1B/02_templates/ligand.pdb,LIG,untrimmed_input,1,17,standard,dock_py_exact,True,single_chain_same_length_same_ordered_sequence,299,1.0,1.0,,passed,,2442,17,6,1.0653656266547191,2.207340974900428,2.207340974900428,10,True,"(0.0, 0.0, 0.0)",collision_py_exact,5.0,6.0,17,93.83529411764708,95.56,88.104,80.06,98.0,90.0,80.0,True,/home/wms/AF2-test/AF2-CatGraph/results/PTP1B/02_template_guided_docking/complexes/PTP1B_174_complex.pdb
175,PTP1B_175,PTP1B_175_complex.pdb,PTP1B,175,PTP1B.AF2rank175.pdb,PTP1B.AF2rank175,/home/wms/AF2-test/AF2-CatGraph/data/PTP1B/01_af2_new/PTP1B.AF2rank175.pdb,/home/wms/AF2-test/AF2-CatGraph/results/PTP1B/02_template_guided_docking/complexes/PTP1B_175_complex.pdb,/home/wms/AF2-test/AF2-CatGraph/data/PTP1B/02_templates/template.pdb,/home/wms/AF2-test/AF2-CatGraph/data/PTP1B/02_templates/ligand.pdb,results/PTP1B/02_template_guided_docking/tables/PTP1B_step02_ligand_order_manifest.csv,/home/wms/AF2-test/AF2-CatGraph/data/PTP1B/02_templates/ligand.pdb,LIG,untrimmed_input,1,17,standard,dock_py_exact,True,single_chain_same_length_same_ordered_sequence,299,1.0,1.0,,passed,,2442,17,10,2.303807123678727,2.026955914989564,2.026955914989564,10,True,"(0.0, 0.0, 0.0)",collision_py_exact,5.0,6.0,17,92.18294117647059,94.69,85.502,69.56,97.62,90.0,80.0,True,/home/wms/AF2-test/AF2-CatGraph/results/PTP1B/02_template_guided_docking/complexes/PTP1B_175_complex.pdb
176,PTP1B_176,PTP1B_176_complex.pdb,PTP1B,176,PTP1B.AF2rank176.pdb,PTP1B.AF2rank176,/home/wms/AF2-test/AF2-CatGraph/data/PTP1B/01_af2_new/PTP1B.AF2rank176.pdb,/home/wms/AF2-test/AF2-CatGraph/results/PTP1B/02_template_guided_docking/complexes/PTP1B_176_complex.pdb,/home/wms/AF2-test/AF2-CatGraph/data/PTP1B/02_templates/template.pdb,/home/wms/AF2-test/AF2-CatGraph/data/PTP1B/02_templates/ligand.pdb,results/PTP1B/02_template_guided_docking/tables/PTP1B_step02_ligand_order_manifest.csv,/home/wms/AF2-test/AF2-CatGraph/data/PTP1B/02_templates/ligand.pdb,LIG,untrimmed_input,1,17,standard,dock_py_exact,True,single_chain_same_length_same_ordered_sequence,299,1.0,1.0,,passed,,2442,17,5,1.3993115087656665,2.061371151947446,2.061371151947446,10,True,"(0.0, 0.0, 0.0)",collision_py_exact,5.0,6.0,17,93.24235294117646,95.56,86.998,76.38,97.69,90.0,80.0,True,/home/wms/AF2-test/AF2-CatGraph/results/PTP1B/02_template_guided_docking/complexes/PTP1B_176_complex.pdb
177,PTP1B_177,PTP1B_177_complex.pdb,PTP1B,177,PTP1B.AF2rank177.pdb,PTP1B.AF2rank177,/home/wms/AF2-test/AF2-CatGraph/data/PTP1B/01_af2_new/PTP1B.AF2rank177.pdb,/home/wms/AF2-test/AF2-CatGraph/results/PTP1B/02_template_guided_docking/complexes/PTP1B_177_complex.pdb,/home/wms/AF2-test/AF2-CatGraph/data/PTP1B/02_templates/template.pdb,/home/wms/AF2-test/AF2-CatGraph/data/PTP1B/02_templates/ligand.pdb,results/PTP1B/02_template_guided_docking/tables/PTP1B_step02_ligand_order_manifest.csv,/home/wms/AF2-test/AF2-CatGraph/data/PTP1B/02_templates/ligand.pdb,LIG,untrimmed_input,1,17,standard,dock_py_exact,True,single_chain_same_length_same_ordered_sequence,299,1.0,1.0,,passed,,2442,17,5,1.0982606850517105,2.2960055943964144,2.2960055943964144,10,True,"(0.0, 0.0, 0.0)",collision_py_exact,5.0,6.0,17,92.8905882352941,95.19,86.804,75.0,97.75,90.0,80.0,True,/home/wms/AF2-test/AF2-CatGraph/results/PTP1B/02_template_guided_docking/complexes/PTP1B_177_complex.pdb
178,PTP1B_178,PTP1B_178_complex.pdb,PTP1B,178,PTP1B.AF2rank178.pdb,PTP1B.AF2rank178,/home/wms/AF2-test/AF2-CatGraph/data/PTP1B/01_af2_new/PTP1B.AF2rank178.pdb,/home/wms/AF2-test/AF2-CatGraph/results/PTP1B/02_template_guided_docking/complexes/PTP1B_178_complex.pdb,/home/wms/AF2-test/AF2-CatGraph/data/PTP1B/02_templates/template.pdb,/home/wms/AF2-test/AF2-CatGraph/data/PTP1B/02_templates/ligand.pdb,results/PTP1B/02_template_guided_docking/tables/PTP1B_step02_ligand_order_manifest.csv,/home/wms/AF2-test/AF2-CatGraph/data/PTP1B/02_templates/ligand.pdb,LIG,untrimmed_input,1,17,standard,dock_py_exact,True,single_chain_same_length_same_ordered_sequence,299,1.0,1.0,,passed,,2442,17,8,1.02297371236534,2.2882030313815336,2.2882030313815336,10,True,"(0.0, 0.0, 0.0)",collision_py_exact,5.0,6.0,16,93.096875,94.875,91.095,70.56,97.12,90.0,80.0,True,/home/wms/AF2-test/AF2-CatGraph/results/PTP1B/02_template_guided_docking/complexes/PTP1B_178_complex.pdb
179,PTP1B_179,PTP1B_179_complex.pdb,PTP1B,179,PTP1B.AF2rank179.pdb,PTP1B.AF2rank179,/home/wms/AF2-test/AF2-CatGraph/data/PTP1B/01_af2_new/PTP1B.AF2rank179.pdb,/home/wms/AF2-test/AF2-CatGraph/results/PTP1B/02_template_guided_docking/complexes/PTP1B_179_complex.pdb,/home/wms/AF2-test/AF2-CatGraph/data/PTP1B/02_templates/template.pdb,/home/wms/AF2-test/AF2-CatGraph/data/PTP1B/02_templates/ligand.pdb,results/PTP1B/02_template_guided_docking/tables/PTP1B_step02_ligand_order_manifest.csv,/home/wms/AF2-test/AF2-CatGraph/data/PTP1B/02_templates/ligand.pdb,LIG,untrimmed_input,1,17,standard,dock_py_exact,True,single_chain_same_length_same_ordered_sequence,299,1.0,1.0,,passed,,2442,17,6,1.4179366773600235,2.2751763319751213,2.2751763319751213,10,True,"(0.0, 0.0, 0.0)",collision_py_exact,5.0,6.0,17,93.50117647058823,94.94,90.65,76.5,97.25,90.0,80.0,True,/home/wms/AF2-test/AF2-CatGraph/results/PTP1B/02_template_guided_docking/complexes/PTP1B_179_complex.pdb
180,PTP1B_180,PTP1B_180_complex.pdb,PTP1B,180,PTP1B.AF2rank180.pdb,PTP1B.AF2rank180,/home/wms/AF2-test/AF2-CatGraph/data/PTP1B/01_af2_new/PTP1B.AF2rank180.pdb,/home/wms/AF2-test/AF2-CatGraph/results/PTP1B/02_template_guided_docking/complexes/PTP1B_180_complex.pdb,/home/wms/AF2-test/AF2-CatGraph/data/PTP1B/02_templates/template.pdb,/home/wms/AF2-test/AF2-CatGraph/data/PTP1B/02_templates/ligand.pdb,results/PTP1B/02_template_guided_docking/tables/PTP1B_step02_ligand_order_manifest.csv,/home/wms/AF2-test/AF2-CatGraph/data/PTP1B/02_templates/ligand.pdb,LIG,untrimmed_input,1,17,standard,dock_py_exact,True,single_chain_same_length_same_ordered_sequence,299,1.0,1.0,,passed,,2442,17,7,1.2887516460950783,2.3248264513221466,2.3248264513221466,10,True,"(0.0, 0.0, 0.0)",collision_py_exact,5.0,6.0,17,93.01529411764707,95.06,90.264,71.38,97.44,90.0,80.0,True,/home/wms/AF2-test/AF2-CatGraph/results/PTP1B/02_template_guided_docking/complexes/PTP1B_180_complex.pdb
181,PTP1B_181,PTP1B_181_complex.pdb,PTP1B,181,PTP1B.AF2rank181.pdb,PTP1B.AF2rank181,/home/wms/AF2-test/AF2-CatGraph/data/PTP1B/01_af2_new/PTP1B.AF2rank181.pdb,/home/wms/AF2-test/AF2-CatGraph/results/PTP1B/02_template_guided_docking/complexes/PTP1B_181_complex.pdb,/home/wms/AF2-test/AF2-CatGraph/data/PTP1B/02_templates/template.pdb,/home/wms/AF2-test/AF2-CatGraph/data/PTP1B/02_templates/ligand.pdb,results/PTP1B/02_template_guided_docking/tables/PTP1B_step02_ligand_order_manifest.csv,/home/wms/AF2-test/AF2-CatGraph/data/PTP1B/02_templates/ligand.pdb,LIG,untrimmed_input,1,17,standard,dock_py_exact,True,single_chain_same_length_same_ordered_sequence,299,1.0,1.0,,passed,,2442,17,7,0.606477481480372,2.688319634447425,2.688319634447425,10,True,"(0.0, 0.0, 0.0)",collision_py_exact,5.0,6.0,17,91.87823529411764,94.0,85.52000000000001,73.38,97.06,90.0,80.0,True,/home/wms/AF2-test/AF2-CatGraph/results/PTP1B/02_template_guided_docking/complexes/PTP1B_181_complex.pdb
182,PTP1B_182,PTP1B_182_complex.pdb,PTP1B,182,PTP1B.AF2rank182.pdb,PTP1B.AF2rank182,/home/wms/AF2-test/AF2-CatGraph/data/PTP1B/01_af2_new/PTP1B.AF2rank182.pdb,/home/wms/AF2-test/AF2-CatGraph/results/PTP1B/02_template_guided_docking/complexes/PTP1B_182_complex.pdb,/home/wms/AF2-test/AF2-CatGraph/data/PTP1B/02_templates/template.pdb,/home/wms/AF2-test/AF2-CatGraph/data/PTP1B/02_templates/ligand.pdb,results/PTP1B/02_template_guided_docking/tables/PTP1B_step02_ligand_order_manifest.csv,/home/wms/AF2-test/AF2-CatGraph/data/PTP1B/02_templates/ligand.pdb,LIG,untrimmed_input,1,17,standard,dock_py_exact,True,single_chain_same_length_same_ordered_sequence,299,1.0,1.0,,passed,,2442,17,7,1.380502036835452,2.0881738663009366,2.0881738663009366,10,True,"(0.0, 0.0, 0.0)",collision_py_exact,5.0,6.0,17,92.5635294117647,94.88,86.00399999999999,73.44,97.56,90.0,80.0,True,/home/wms/AF2-test/AF2-CatGraph/results/PTP1B/02_template_guided_docking/complexes/PTP1B_182_complex.pdb
183,PTP1B_183,PTP1B_183_complex.pdb,PTP1B,183,PTP1B.AF2rank183.pdb,PTP1B.AF2rank183,/home/wms/AF2-test/AF2-CatGraph/data/PTP1B/01_af2_new/PTP1B.AF2rank183.pdb,/home/wms/AF2-test/AF2-CatGraph/results/PTP1B/02_template_guided_docking/complexes/PTP1B_183_complex.pdb,/home/wms/AF2-test/AF2-CatGraph/data/PTP1B/02_templates/template.pdb,/home/wms/AF2-test/AF2-CatGraph/data/PTP1B/02_templates/ligand.pdb,results/PTP1B/02_template_guided_docking/tables/PTP1B_step02_ligand_order_manifest.csv,/home/wms/AF2-test/AF2-CatGraph/data/PTP1B/02_templates/ligand.pdb,LIG,untrimmed_input,1,17,standard,dock_py_exact,True,single_chain_same_length_same_ordered_sequence,299,1.0,1.0,,passed,,2442,17,5,0.9004125495435908,2.347921162930827,2.347921162930827,10,True,"(0.0, 0.0, 0.0)",collision_py_exact,5.0,6.0,17,92.43823529411763,94.88,85.788,73.69,97.56,90.0,80.0,True,/home/wms/AF2-test/AF2-CatGraph/results/PTP1B/02_template_guided_docking/complexes/PTP1B_183_complex.pdb
184,PTP1B_184,PTP1B_184_complex.pdb,PTP1B,184,PTP1B.AF2rank184.pdb,PTP1B.AF2rank184,/home/wms/AF2-test/AF2-CatGraph/data/PTP1B/01_af2_new/PTP1B.AF2rank184.pdb,/home/wms/AF2-test/AF2-CatGraph/results/PTP1B/02_template_guided_docking/complexes/PTP1B_184_complex.pdb,/home/wms/AF2-test/AF2-CatGraph/data/PTP1B/02_templates/template.pdb,/home/wms/AF2-test/AF2-CatGraph/data/PTP1B/02_templates/ligand.pdb,results/PTP1B/02_template_guided_docking/tables/PTP1B_step02_ligand_order_manifest.csv,/home/wms/AF2-test/AF2-CatGraph/data/PTP1B/02_templates/ligand.pdb,LIG,untrimmed_input,1,17,standard,dock_py_exact,True,single_chain_same_length_same_ordered_sequence,299,1.0,1.0,,passed,,2442,17,7,1.5284920174826722,2.349881374816206,2.349881374816206,10,True,"(0.0, 0.0, 0.0)",collision_py_exact,5.0,6.0,17,92.8935294117647,94.88,89.91,71.56,97.38,90.0,80.0,True,/home/wms/AF2-test/AF2-CatGraph/results/PTP1B/02_template_guided_docking/complexes/PTP1B_184_complex.pdb
185,PTP1B_185,PTP1B_185_complex.pdb,PTP1B,185,PTP1B.AF2rank185.pdb,PTP1B.AF2rank185,/home/wms/AF2-test/AF2-CatGraph/data/PTP1B/01_af2_new/PTP1B.AF2rank185.pdb,/home/wms/AF2-test/AF2-CatGraph/results/PTP1B/02_template_guided_docking/complexes/PTP1B_185_complex.pdb,/home/wms/AF2-test/AF2-CatGraph/data/PTP1B/02_templates/template.pdb,/home/wms/AF2-test/AF2-CatGraph/data/PTP1B/02_templates/ligand.pdb,results/PTP1B/02_template_guided_docking/tables/PTP1B_step02_ligand_order_manifest.csv,/home/wms/AF2-test/AF2-CatGraph/data/PTP1B/02_templates/ligand.pdb,LIG,untrimmed_input,1,17,standard,dock_py_exact,True,single_chain_same_length_same_ordered_sequence,299,1.0,1.0,,passed,,2442,17,9,1.9532290725743893,2.401893901478844,2.401893901478844,10,True,"(0.0, 0.0, 0.0)",collision_py_exact,5.0,6.0,17,91.52235294117648,93.75,85.89,70.81,96.69,90.0,80.0,True,/home/wms/AF2-test/AF2-CatGraph/results/PTP1B/02_template_guided_docking/complexes/PTP1B_185_complex.pdb
186,PTP1B_186,PTP1B_186_complex.pdb,PTP1B,186,PTP1B.AF2rank186.pdb,PTP1B.AF2rank186,/home/wms/AF2-test/AF2-CatGraph/data/PTP1B/01_af2_new/PTP1B.AF2rank186.pdb,/home/wms/AF2-test/AF2-CatGraph/results/PTP1B/02_template_guided_docking/complexes/PTP1B_186_complex.pdb,/home/wms/AF2-test/AF2-CatGraph/data/PTP1B/02_templates/template.pdb,/home/wms/AF2-test/AF2-CatGraph/data/PTP1B/02_templates/ligand.pdb,results/PTP1B/02_template_guided_docking/tables/PTP1B_step02_ligand_order_manifest.csv,/home/wms/AF2-test/AF2-CatGraph/data/PTP1B/02_templates/ligand.pdb,LIG,untrimmed_input,1,17,standard,dock_py_exact,True,single_chain_same_length_same_ordered_sequence,299,1.0,1.0,,passed,,2442,17,7,2.4889508356186267,2.0450253908135645,2.0450253908135645,10,True,"(0.0, 0.0, 0.0)",collision_py_exact,5.0,6.0,17,93.15529411764705,95.56,86.314,73.25,97.94,90.0,80.0,True,/home/wms/AF2-test/AF2-CatGraph/results/PTP1B/02_template_guided_docking/complexes/PTP1B_186_complex.pdb
187,PTP1B_187,PTP1B_187_complex.pdb,PTP1B,187,PTP1B.AF2rank187.pdb,PTP1B.AF2rank187,/home/wms/AF2-test/AF2-CatGraph/data/PTP1B/01_af2_new/PTP1B.AF2rank187.pdb,/home/wms/AF2-test/AF2-CatGraph/results/PTP1B/02_template_guided_docking/complexes/PTP1B_187_complex.pdb,/home/wms/AF2-test/AF2-CatGraph/data/PTP1B/02_templates/template.pdb,/home/wms/AF2-test/AF2-CatGraph/data/PTP1B/02_templates/ligand.pdb,results/PTP1B/02_template_guided_docking/tables/PTP1B_step02_ligand_order_manifest.csv,/home/wms/AF2-test/AF2-CatGraph/data/PTP1B/02_templates/ligand.pdb,LIG,untrimmed_input,1,17,standard,dock_py_exact,True,single_chain_same_length_same_ordered_sequence,299,1.0,1.0,,passed,,2442,17,4,1.5806190249094407,2.056969620259269,2.056969620259269,10,True,"(0.0, 0.0, 0.0)",collision_py_exact,5.0,6.0,17,92.76470588235294,94.75,86.176,78.94,97.25,90.0,80.0,True,/home/wms/AF2-test/AF2-CatGraph/results/PTP1B/02_template_guided_docking/complexes/PTP1B_187_complex.pdb
188,PTP1B_188,PTP1B_188_complex.pdb,PTP1B,188,PTP1B.AF2rank188.pdb,PTP1B.AF2rank188,/home/wms/AF2-test/AF2-CatGraph/data/PTP1B/01_af2_new/PTP1B.AF2rank188.pdb,/home/wms/AF2-test/AF2-CatGraph/results/PTP1B/02_template_guided_docking/complexes/PTP1B_188_complex.pdb,/home/wms/AF2-test/AF2-CatGraph/data/PTP1B/02_templates/template.pdb,/home/wms/AF2-test/AF2-CatGraph/data/PTP1B/02_templates/ligand.pdb,results/PTP1B/02_template_guided_docking/tables/PTP1B_step02_ligand_order_manifest.csv,/home/wms/AF2-test/AF2-CatGraph/data/PTP1B/02_templates/ligand.pdb,LIG,untrimmed_input,1,17,standard,dock_py_exact,True,single_chain_same_length_same_ordered_sequence,299,1.0,1.0,,passed,,2442,17,2,0.5453906841920788,2.1865828402791467,2.1865828402791467,10,True,"(0.0, 0.0, 0.0)",collision_py_exact,5.0,6.0,16,93.48124999999999,95.19,90.66,75.44,97.62,90.0,80.0,True,/home/wms/AF2-test/AF2-CatGraph/results/PTP1B/02_template_guided_docking/complexes/PTP1B_188_complex.pdb
189,PTP1B_189,PTP1B_189_complex.pdb,PTP1B,189,PTP1B.AF2rank189.pdb,PTP1B.AF2rank189,/home/wms/AF2-test/AF2-CatGraph/data/PTP1B/01_af2_new/PTP1B.AF2rank189.pdb,/home/wms/AF2-test/AF2-CatGraph/results/PTP1B/02_template_guided_docking/complexes/PTP1B_189_complex.pdb,/home/wms/AF2-test/AF2-CatGraph/data/PTP1B/02_templates/template.pdb,/home/wms/AF2-test/AF2-CatGraph/data/PTP1B/02_templates/ligand.pdb,results/PTP1B/02_template_guided_docking/tables/PTP1B_step02_ligand_order_manifest.csv,/home/wms/AF2-test/AF2-CatGraph/data/PTP1B/02_templates/ligand.pdb,LIG,untrimmed_input,1,17,standard,dock_py_exact,True,single_chain_same_length_same_ordered_sequence,299,1.0,1.0,,passed,,2442,17,6,2.2331829135070005,2.1017012884948425,2.1017012884948425,10,True,"(0.0, 0.0, 0.0)",collision_py_exact,5.0,6.0,17,92.72411764705882,95.12,85.714,76.5,97.75,90.0,80.0,True,/home/wms/AF2-test/AF2-CatGraph/results/PTP1B/02_template_guided_docking/complexes/PTP1B_189_complex.pdb
190,PTP1B_190,PTP1B_190_complex.pdb,PTP1B,190,PTP1B.AF2rank190.pdb,PTP1B.AF2rank190,/home/wms/AF2-test/AF2-CatGraph/data/PTP1B/01_af2_new/PTP1B.AF2rank190.pdb,/home/wms/AF2-test/AF2-CatGraph/results/PTP1B/02_template_guided_docking/complexes/PTP1B_190_complex.pdb,/home/wms/AF2-test/AF2-CatGraph/data/PTP1B/02_templates/template.pdb,/home/wms/AF2-test/AF2-CatGraph/data/PTP1B/02_templates/ligand.pdb,results/PTP1B/02_template_guided_docking/tables/PTP1B_step02_ligand_order_manifest.csv,/home/wms/AF2-test/AF2-CatGraph/data/PTP1B/02_templates/ligand.pdb,LIG,untrimmed_input,1,17,standard,dock_py_exact,True,single_chain_same_length_same_ordered_sequence,299,1.0,1.0,,passed,,2442,17,4,0.890035819625477,2.2279107403485487,2.2279107403485487,10,True,"(0.0, 0.0, 0.0)",collision_py_exact,5.0,6.0,17,92.18823529411766,94.62,85.526,72.25,97.38,90.0,80.0,True,/home/wms/AF2-test/AF2-CatGraph/results/PTP1B/02_template_guided_docking/complexes/PTP1B_190_complex.pdb
191,PTP1B_191,PTP1B_191_complex.pdb,PTP1B,191,PTP1B.AF2rank191.pdb,PTP1B.AF2rank191,/home/wms/AF2-test/AF2-CatGraph/data/PTP1B/01_af2_new/PTP1B.AF2rank191.pdb,/home/wms/AF2-test/AF2-CatGraph/results/PTP1B/02_template_guided_docking/complexes/PTP1B_191_complex.pdb,/home/wms/AF2-test/AF2-CatGraph/data/PTP1B/02_templates/template.pdb,/home/wms/AF2-test/AF2-CatGraph/data/PTP1B/02_templates/ligand.pdb,results/PTP1B/02_template_guided_docking/tables/PTP1B_step02_ligand_order_manifest.csv,/home/wms/AF2-test/AF2-CatGraph/data/PTP1B/02_templates/ligand.pdb,LIG,untrimmed_input,1,17,standard,dock_py_exact,True,single_chain_same_length_same_ordered_sequence,299,1.0,1.0,,passed,,2442,17,9,1.976082668807929,2.172582349513681,2.172582349513681,10,True,"(0.0, 0.0, 0.0)",collision_py_exact,5.0,6.0,17,92.07411764705883,94.88,84.548,69.0,97.56,90.0,80.0,True,/home/wms/AF2-test/AF2-CatGraph/results/PTP1B/02_template_guided_docking/complexes/PTP1B_191_complex.pdb
192,PTP1B_192,PTP1B_192_complex.pdb,PTP1B,192,PTP1B.AF2rank192.pdb,PTP1B.AF2rank192,/home/wms/AF2-test/AF2-CatGraph/data/PTP1B/01_af2_new/PTP1B.AF2rank192.pdb,/home/wms/AF2-test/AF2-CatGraph/results/PTP1B/02_template_guided_docking/complexes/PTP1B_192_complex.pdb,/home/wms/AF2-test/AF2-CatGraph/data/PTP1B/02_templates/template.pdb,/home/wms/AF2-test/AF2-CatGraph/data/PTP1B/02_templates/ligand.pdb,results/PTP1B/02_template_guided_docking/tables/PTP1B_step02_ligand_order_manifest.csv,/home/wms/AF2-test/AF2-CatGraph/data/PTP1B/02_templates/ligand.pdb,LIG,untrimmed_input,1,17,standard,dock_py_exact,True,single_chain_same_length_same_ordered_sequence,299,1.0,1.0,,passed,,2442,17,9,2.330341274115292,2.02834791537282,2.02834791537282,10,True,"(0.0, 0.0, 0.0)",collision_py_exact,5.0,6.0,15,93.804,95.56,92.53999999999999,70.31,97.94,90.0,80.0,True,/home/wms/AF2-test/AF2-CatGraph/results/PTP1B/02_template_guided_docking/complexes/PTP1B_192_complex.pdb
193,PTP1B_193,PTP1B_193_complex.pdb,PTP1B,193,PTP1B.AF2rank193.pdb,PTP1B.AF2rank193,/home/wms/AF2-test/AF2-CatGraph/data/PTP1B/01_af2_new/PTP1B.AF2rank193.pdb,/home/wms/AF2-test/AF2-CatGraph/results/PTP1B/02_template_guided_docking/complexes/PTP1B_193_complex.pdb,/home/wms/AF2-test/AF2-CatGraph/data/PTP1B/02_templates/template.pdb,/home/wms/AF2-test/AF2-CatGraph/data/PTP1B/02_templates/ligand.pdb,results/PTP1B/02_template_guided_docking/tables/PTP1B_step02_ligand_order_manifest.csv,/home/wms/AF2-test/AF2-CatGraph/data/PTP1B/02_templates/ligand.pdb,LIG,untrimmed_input,1,17,standard,dock_py_exact,True,single_chain_same_length_same_ordered_sequence,299,1.0,1.0,,passed,,2442,17,5,0.8691162536244814,2.3248634672246147,2.3248634672246147,10,True,"(0.0, 0.0, 0.0)",collision_py_exact,5.0,6.0,16,93.628125,95.125,91.345,73.62,97.56,90.0,80.0,True,/home/wms/AF2-test/AF2-CatGraph/results/PTP1B/02_template_guided_docking/complexes/PTP1B_193_complex.pdb
194,PTP1B_194,PTP1B_194_complex.pdb,PTP1B,194,PTP1B.AF2rank194.pdb,PTP1B.AF2rank194,/home/wms/AF2-test/AF2-CatGraph/data/PTP1B/01_af2_new/PTP1B.AF2rank194.pdb,/home/wms/AF2-test/AF2-CatGraph/results/PTP1B/02_template_guided_docking/complexes/PTP1B_194_complex.pdb,/home/wms/AF2-test/AF2-CatGraph/data/PTP1B/02_templates/template.pdb,/home/wms/AF2-test/AF2-CatGraph/data/PTP1B/02_templates/ligand.pdb,results/PTP1B/02_template_guided_docking/tables/PTP1B_step02_ligand_order_manifest.csv,/home/wms/AF2-test/AF2-CatGraph/data/PTP1B/02_templates/ligand.pdb,LIG,untrimmed_input,1,17,standard,dock_py_exact,True,single_chain_same_length_same_ordered_sequence,299,1.0,1.0,,passed,,2442,17,10,2.202193263692823,2.176835423062325,2.176835423062325,10,True,"(0.0, 0.0, 0.0)",collision_py_exact,5.0,6.0,16,93.068125,94.94,92.285,68.06,97.0,90.0,80.0,True,/home/wms/AF2-test/AF2-CatGraph/results/PTP1B/02_template_guided_docking/complexes/PTP1B_194_complex.pdb
195,PTP1B_195,PTP1B_195_complex.pdb,PTP1B,195,PTP1B.AF2rank195.pdb,PTP1B.AF2rank195,/home/wms/AF2-test/AF2-CatGraph/data/PTP1B/01_af2_new/PTP1B.AF2rank195.pdb,/home/wms/AF2-test/AF2-CatGraph/results/PTP1B/02_template_guided_docking/complexes/PTP1B_195_complex.pdb,/home/wms/AF2-test/AF2-CatGraph/data/PTP1B/02_templates/template.pdb,/home/wms/AF2-test/AF2-CatGraph/data/PTP1B/02_templates/ligand.pdb,results/PTP1B/02_template_guided_docking/tables/PTP1B_step02_ligand_order_manifest.csv,/home/wms/AF2-test/AF2-CatGraph/data/PTP1B/02_templates/ligand.pdb,LIG,untrimmed_input,1,17,standard,dock_py_exact,True,single_chain_same_length_same_ordered_sequence,299,1.0,1.0,,passed,,2442,17,10,2.6177692252155498,2.100649877784232,2.100649877784232,10,True,"(0.0, 0.0, 0.0)",collision_py_exact,5.0,6.0,15,93.62466666666666,93.62,91.848,88.81,97.0,90.0,80.0,True,/home/wms/AF2-test/AF2-CatGraph/results/PTP1B/02_template_guided_docking/complexes/PTP1B_195_complex.pdb
196,PTP1B_196,PTP1B_196_complex.pdb,PTP1B,196,PTP1B.AF2rank196.pdb,PTP1B.AF2rank196,/home/wms/AF2-test/AF2-CatGraph/data/PTP1B/01_af2_new/PTP1B.AF2rank196.pdb,/home/wms/AF2-test/AF2-CatGraph/results/PTP1B/02_template_guided_docking/complexes/PTP1B_196_complex.pdb,/home/wms/AF2-test/AF2-CatGraph/data/PTP1B/02_templates/template.pdb,/home/wms/AF2-test/AF2-CatGraph/data/PTP1B/02_templates/ligand.pdb,results/PTP1B/02_template_guided_docking/tables/PTP1B_step02_ligand_order_manifest.csv,/home/wms/AF2-test/AF2-CatGraph/data/PTP1B/02_templates/ligand.pdb,LIG,untrimmed_input,1,17,standard,dock_py_exact,True,single_chain_same_length_same_ordered_sequence,299,1.0,1.0,,passed,,2442,17,6,1.1598926498214457,2.1246305519045507,2.1246305519045507,10,True,"(0.0, 0.0, 0.0)",collision_py_exact,5.0,6.0,16,93.27625,95.09,91.685,70.62,97.56,90.0,80.0,True,/home/wms/AF2-test/AF2-CatGraph/results/PTP1B/02_template_guided_docking/complexes/PTP1B_196_complex.pdb
197,PTP1B_197,PTP1B_197_complex.pdb,PTP1B,197,PTP1B.AF2rank197.pdb,PTP1B.AF2rank197,/home/wms/AF2-test/AF2-CatGraph/data/PTP1B/01_af2_new/PTP1B.AF2rank197.pdb,/home/wms/AF2-test/AF2-CatGraph/results/PTP1B/02_template_guided_docking/complexes/PTP1B_197_complex.pdb,/home/wms/AF2-test/AF2-CatGraph/data/PTP1B/02_templates/template.pdb,/home/wms/AF2-test/AF2-CatGraph/data/PTP1B/02_templates/ligand.pdb,results/PTP1B/02_template_guided_docking/tables/PTP1B_step02_ligand_order_manifest.csv,/home/wms/AF2-test/AF2-CatGraph/data/PTP1B/02_templates/ligand.pdb,LIG,untrimmed_input,1,17,standard,dock_py_exact,True,single_chain_same_length_same_ordered_sequence,299,1.0,1.0,,passed,,2442,17,8,1.7066407183588117,2.076405765187276,2.076405765187276,10,True,"(0.0, 0.0, 0.0)",collision_py_exact,5.0,6.0,17,91.14352941176469,93.69,84.262,68.94,96.5,90.0,80.0,True,/home/wms/AF2-test/AF2-CatGraph/results/PTP1B/02_template_guided_docking/complexes/PTP1B_197_complex.pdb
198,PTP1B_198,PTP1B_198_complex.pdb,PTP1B,198,PTP1B.AF2rank198.pdb,PTP1B.AF2rank198,/home/wms/AF2-test/AF2-CatGraph/data/PTP1B/01_af2_new/PTP1B.AF2rank198.pdb,/home/wms/AF2-test/AF2-CatGraph/results/PTP1B/02_template_guided_docking/complexes/PTP1B_198_complex.pdb,/home/wms/AF2-test/AF2-CatGraph/data/PTP1B/02_templates/template.pdb,/home/wms/AF2-test/AF2-CatGraph/data/PTP1B/02_templates/ligand.pdb,results/PTP1B/02_template_guided_docking/tables/PTP1B_step02_ligand_order_manifest.csv,/home/wms/AF2-test/AF2-CatGraph/data/PTP1B/02_templates/ligand.pdb,LIG,untrimmed_input,1,17,standard,dock_py_exact,True,single_chain_same_length_same_ordered_sequence,299,1.0,1.0,,passed,,2442,17,8,2.264913935763986,2.212159484948105,2.212159484948105,10,True,"(0.0, 0.0, 0.0)",collision_py_exact,5.0,6.0,17,91.31705882352941,93.94,84.53999999999999,69.38,96.75,90.0,80.0,True,/home/wms/AF2-test/AF2-CatGraph/results/PTP1B/02_template_guided_docking/complexes/PTP1B_198_complex.pdb
199,PTP1B_199,PTP1B_199_complex.pdb,PTP1B,199,PTP1B.AF2rank199.pdb,PTP1B.AF2rank199,/home/wms/AF2-test/AF2-CatGraph/data/PTP1B/01_af2_new/PTP1B.AF2rank199.pdb,/home/wms/AF2-test/AF2-CatGraph/results/PTP1B/02_template_guided_docking/complexes/PTP1B_199_complex.pdb,/home/wms/AF2-test/AF2-CatGraph/data/PTP1B/02_templates/template.pdb,/home/wms/AF2-test/AF2-CatGraph/data/PTP1B/02_templates/ligand.pdb,results/PTP1B/02_template_guided_docking/tables/PTP1B_step02_ligand_order_manifest.csv,/home/wms/AF2-test/AF2-CatGraph/data/PTP1B/02_templates/ligand.pdb,LIG,untrimmed_input,1,17,standard,dock_py_exact,True,single_chain_same_length_same_ordered_sequence,299,1.0,1.0,,passed,,2442,17,6,1.8567004615293548,2.217083630294363,2.217083630294363,10,True,"(0.0, 0.0, 0.0)",collision_py_exact,5.0,6.0,17,92.37470588235294,94.5,89.714,68.62,96.5,90.0,80.0,True,/home/wms/AF2-test/AF2-CatGraph/results/PTP1B/02_template_guided_docking/complexes/PTP1B_199_complex.pdb
200,PTP1B_200,PTP1B_200_complex.pdb,PTP1B,200,PTP1B.AF2rank200.pdb,PTP1B.AF2rank200,/home/wms/AF2-test/AF2-CatGraph/data/PTP1B/01_af2_new/PTP1B.AF2rank200.pdb,/home/wms/AF2-test/AF2-CatGraph/results/PTP1B/02_template_guided_docking/complexes/PTP1B_200_complex.pdb,/home/wms/AF2-test/AF2-CatGraph/data/PTP1B/02_templates/template.pdb,/home/wms/AF2-test/AF2-CatGraph/data/PTP1B/02_templates/ligand.pdb,results/PTP1B/02_template_guided_docking/tables/PTP1B_step02_ligand_order_manifest.csv,/home/wms/AF2-test/AF2-CatGraph/data/PTP1B/02_templates/ligand.pdb,LIG,untrimmed_input,1,17,standard,dock_py_exact,True,single_chain_same_length_same_ordered_sequence,299,1.0,1.0,,passed,,2442,17,4,0.7084907879959532,2.2622796881544915,2.2622796881544915,10,True,"(0.0, 0.0, 0.0)",collision_py_exact,5.0,6.0,16,93.543125,95.25,91.97,72.12,97.75,90.0,80.0,True,/home/wms/AF2-test/AF2-CatGraph/results/PTP1B/02_template_guided_docking/complexes/PTP1B_200_complex.pdb
201,PTP1B_201,PTP1B_201_complex.pdb,PTP1B,201,PTP1B.AF2rank201.pdb,PTP1B.AF2rank201,/home/wms/AF2-test/AF2-CatGraph/data/PTP1B/01_af2_new/PTP1B.AF2rank201.pdb,/home/wms/AF2-test/AF2-CatGraph/results/PTP1B/02_template_guided_docking/complexes/PTP1B_201_complex.pdb,/home/wms/AF2-test/AF2-CatGraph/data/PTP1B/02_templates/template.pdb,/home/wms/AF2-test/AF2-CatGraph/data/PTP1B/02_templates/ligand.pdb,results/PTP1B/02_template_guided_docking/tables/PTP1B_step02_ligand_order_manifest.csv,/home/wms/AF2-test/AF2-CatGraph/data/PTP1B/02_templates/ligand.pdb,LIG,untrimmed_input,1,17,standard,dock_py_exact,True,single_chain_same_length_same_ordered_sequence,299,1.0,1.0,,passed,,2442,17,4,1.11045320609393,2.330636474990355,2.330636474990355,10,True,"(0.0, 0.0, 0.0)",collision_py_exact,5.0,6.0,17,92.51882352941176,94.69,86.12,74.38,97.25,90.0,80.0,True,/home/wms/AF2-test/AF2-CatGraph/results/PTP1B/02_template_guided_docking/complexes/PTP1B_201_complex.pdb
202,PTP1B_202,PTP1B_202_complex.pdb,PTP1B,202,PTP1B.AF2rank202.pdb,PTP1B.AF2rank202,/home/wms/AF2-test/AF2-CatGraph/data/PTP1B/01_af2_new/PTP1B.AF2rank202.pdb,/home/wms/AF2-test/AF2-CatGraph/results/PTP1B/02_template_guided_docking/complexes/PTP1B_202_complex.pdb,/home/wms/AF2-test/AF2-CatGraph/data/PTP1B/02_templates/template.pdb,/home/wms/AF2-test/AF2-CatGraph/data/PTP1B/02_templates/ligand.pdb,results/PTP1B/02_template_guided_docking/tables/PTP1B_step02_ligand_order_manifest.csv,/home/wms/AF2-test/AF2-CatGraph/data/PTP1B/02_templates/ligand.pdb,LIG,untrimmed_input,1,17,standard,dock_py_exact,True,single_chain_same_length_same_ordered_sequence,299,1.0,1.0,,passed,,2442,17,3,0.9059067296566314,2.1922223148449294,2.1922223148449294,10,True,"(0.0, 0.0, 0.0)",collision_py_exact,5.0,6.0,17,93.04705882352941,95.5,85.926,76.56,97.69,90.0,80.0,True,/home/wms/AF2-test/AF2-CatGraph/results/PTP1B/02_template_guided_docking/complexes/PTP1B_202_complex.pdb
203,PTP1B_203,PTP1B_203_complex.pdb,PTP1B,203,PTP1B.AF2rank203.pdb,PTP1B.AF2rank203,/home/wms/AF2-test/AF2-CatGraph/data/PTP1B/01_af2_new/PTP1B.AF2rank203.pdb,/home/wms/AF2-test/AF2-CatGraph/results/PTP1B/02_template_guided_docking/complexes/PTP1B_203_complex.pdb,/home/wms/AF2-test/AF2-CatGraph/data/PTP1B/02_templates/template.pdb,/home/wms/AF2-test/AF2-CatGraph/data/PTP1B/02_templates/ligand.pdb,results/PTP1B/02_template_guided_docking/tables/PTP1B_step02_ligand_order_manifest.csv,/home/wms/AF2-test/AF2-CatGraph/data/PTP1B/02_templates/ligand.pdb,LIG,untrimmed_input,1,17,standard,dock_py_exact,True,single_chain_same_length_same_ordered_sequence,299,1.0,1.0,,passed,,2442,17,8,1.9045531034025127,2.054973035485168,2.054973035485168,10,True,"(0.0, 0.0, 0.0)",collision_py_exact,5.0,6.0,17,91.91529411764705,94.25,85.834,70.62,97.19,90.0,80.0,True,/home/wms/AF2-test/AF2-CatGraph/results/PTP1B/02_template_guided_docking/complexes/PTP1B_203_complex.pdb
204,PTP1B_204,PTP1B_204_complex.pdb,PTP1B,204,PTP1B.AF2rank204.pdb,PTP1B.AF2rank204,/home/wms/AF2-test/AF2-CatGraph/data/PTP1B/01_af2_new/PTP1B.AF2rank204.pdb,/home/wms/AF2-test/AF2-CatGraph/results/PTP1B/02_template_guided_docking/complexes/PTP1B_204_complex.pdb,/home/wms/AF2-test/AF2-CatGraph/data/PTP1B/02_templates/template.pdb,/home/wms/AF2-test/AF2-CatGraph/data/PTP1B/02_templates/ligand.pdb,results/PTP1B/02_template_guided_docking/tables/PTP1B_step02_ligand_order_manifest.csv,/home/wms/AF2-test/AF2-CatGraph/data/PTP1B/02_templates/ligand.pdb,LIG,untrimmed_input,1,17,standard,dock_py_exact,True,single_chain_same_length_same_ordered_sequence,299,1.0,1.0,,passed,,2442,17,7,1.1807517284408475,2.4114064677428284,2.4114064677428284,10,True,"(0.0, 0.0, 0.0)",collision_py_exact,5.0,6.0,17,91.00647058823529,94.19,82.462,67.81,96.81,90.0,80.0,True,/home/wms/AF2-test/AF2-CatGraph/results/PTP1B/02_template_guided_docking/complexes/PTP1B_204_complex.pdb
205,PTP1B_205,PTP1B_205_complex.pdb,PTP1B,205,PTP1B.AF2rank205.pdb,PTP1B.AF2rank205,/home/wms/AF2-test/AF2-CatGraph/data/PTP1B/01_af2_new/PTP1B.AF2rank205.pdb,/home/wms/AF2-test/AF2-CatGraph/results/PTP1B/02_template_guided_docking/complexes/PTP1B_205_complex.pdb,/home/wms/AF2-test/AF2-CatGraph/data/PTP1B/02_templates/template.pdb,/home/wms/AF2-test/AF2-CatGraph/data/PTP1B/02_templates/ligand.pdb,results/PTP1B/02_template_guided_docking/tables/PTP1B_step02_ligand_order_manifest.csv,/home/wms/AF2-test/AF2-CatGraph/data/PTP1B/02_templates/ligand.pdb,LIG,untrimmed_input,1,17,standard,dock_py_exact,True,single_chain_same_length_same_ordered_sequence,299,1.0,1.0,,passed,,2442,17,7,1.8825491156053809,2.3574442438144967,2.3574442438144967,10,True,"(0.0, 0.0, 0.0)",collision_py_exact,5.0,6.0,16,92.72625,93.88,90.535,74.62,96.94,90.0,80.0,True,/home/wms/AF2-test/AF2-CatGraph/results/PTP1B/02_template_guided_docking/complexes/PTP1B_205_complex.pdb
206,PTP1B_206,PTP1B_206_complex.pdb,PTP1B,206,PTP1B.AF2rank206.pdb,PTP1B.AF2rank206,/home/wms/AF2-test/AF2-CatGraph/data/PTP1B/01_af2_new/PTP1B.AF2rank206.pdb,/home/wms/AF2-test/AF2-CatGraph/results/PTP1B/02_template_guided_docking/complexes/PTP1B_206_complex.pdb,/home/wms/AF2-test/AF2-CatGraph/data/PTP1B/02_templates/template.pdb,/home/wms/AF2-test/AF2-CatGraph/data/PTP1B/02_templates/ligand.pdb,results/PTP1B/02_template_guided_docking/tables/PTP1B_step02_ligand_order_manifest.csv,/home/wms/AF2-test/AF2-CatGraph/data/PTP1B/02_templates/ligand.pdb,LIG,untrimmed_input,1,17,standard,dock_py_exact,True,single_chain_same_length_same_ordered_sequence,299,1.0,1.0,,passed,,2442,17,6,1.233961462015007,2.281110873138804,2.281110873138804,10,True,"(0.0, 0.0, 0.0)",collision_py_exact,5.0,6.0,17,93.08058823529412,95.62,86.39,76.88,97.56,90.0,80.0,True,/home/wms/AF2-test/AF2-CatGraph/results/PTP1B/02_template_guided_docking/complexes/PTP1B_206_complex.pdb
207,PTP1B_207,PTP1B_207_complex.pdb,PTP1B,207,PTP1B.AF2rank207.pdb,PTP1B.AF2rank207,/home/wms/AF2-test/AF2-CatGraph/data/PTP1B/01_af2_new/PTP1B.AF2rank207.pdb,/home/wms/AF2-test/AF2-CatGraph/results/PTP1B/02_template_guided_docking/complexes/PTP1B_207_complex.pdb,/home/wms/AF2-test/AF2-CatGraph/data/PTP1B/02_templates/template.pdb,/home/wms/AF2-test/AF2-CatGraph/data/PTP1B/02_templates/ligand.pdb,results/PTP1B/02_template_guided_docking/tables/PTP1B_step02_ligand_order_manifest.csv,/home/wms/AF2-test/AF2-CatGraph/data/PTP1B/02_templates/ligand.pdb,LIG,untrimmed_input,1,17,standard,dock_py_exact,True,single_chain_same_length_same_ordered_sequence,299,1.0,1.0,,passed,,2442,17,9,2.1722453804097253,2.118334176904982,2.118334176904982,10,True,"(0.0, 0.0, 0.0)",collision_py_exact,5.0,6.0,17,93.39882352941177,95.62,87.366,75.19,98.19,90.0,80.0,True,/home/wms/AF2-test/AF2-CatGraph/results/PTP1B/02_template_guided_docking/complexes/PTP1B_207_complex.pdb
208,PTP1B_208,PTP1B_208_complex.pdb,PTP1B,208,PTP1B.AF2rank208.pdb,PTP1B.AF2rank208,/home/wms/AF2-test/AF2-CatGraph/data/PTP1B/01_af2_new/PTP1B.AF2rank208.pdb,/home/wms/AF2-test/AF2-CatGraph/results/PTP1B/02_template_guided_docking/complexes/PTP1B_208_complex.pdb,/home/wms/AF2-test/AF2-CatGraph/data/PTP1B/02_templates/template.pdb,/home/wms/AF2-test/AF2-CatGraph/data/PTP1B/02_templates/ligand.pdb,results/PTP1B/02_template_guided_docking/tables/PTP1B_step02_ligand_order_manifest.csv,/home/wms/AF2-test/AF2-CatGraph/data/PTP1B/02_templates/ligand.pdb,LIG,untrimmed_input,1,17,standard,dock_py_exact,True,single_chain_same_length_same_ordered_sequence,299,1.0,1.0,,passed,,2442,17,5,1.407698430290747,2.175538112333827,2.175538112333827,10,True,"(0.0, 0.0, 0.0)",collision_py_exact,5.0,6.0,17,92.88882352941177,94.12,86.624,80.56,97.62,90.0,80.0,True,/home/wms/AF2-test/AF2-CatGraph/results/PTP1B/02_template_guided_docking/complexes/PTP1B_208_complex.pdb
209,PTP1B_209,PTP1B_209_complex.pdb,PTP1B,209,PTP1B.AF2rank209.pdb,PTP1B.AF2rank209,/home/wms/AF2-test/AF2-CatGraph/data/PTP1B/01_af2_new/PTP1B.AF2rank209.pdb,/home/wms/AF2-test/AF2-CatGraph/results/PTP1B/02_template_guided_docking/complexes/PTP1B_209_complex.pdb,/home/wms/AF2-test/AF2-CatGraph/data/PTP1B/02_templates/template.pdb,/home/wms/AF2-test/AF2-CatGraph/data/PTP1B/02_templates/ligand.pdb,results/PTP1B/02_template_guided_docking/tables/PTP1B_step02_ligand_order_manifest.csv,/home/wms/AF2-test/AF2-CatGraph/data/PTP1B/02_templates/ligand.pdb,LIG,untrimmed_input,1,17,standard,dock_py_exact,True,single_chain_same_length_same_ordered_sequence,299,1.0,1.0,,passed,,2442,17,8,1.6101865299556049,2.2166983887849634,2.2166983887849634,10,True,"(0.0, 0.0, 0.0)",collision_py_exact,5.0,6.0,18,91.83999999999999,94.595,86.2,71.88,97.0,90.0,80.0,True,/home/wms/AF2-test/AF2-CatGraph/results/PTP1B/02_template_guided_docking/complexes/PTP1B_209_complex.pdb
210,PTP1B_210,PTP1B_210_complex.pdb,PTP1B,210,PTP1B.AF2rank210.pdb,PTP1B.AF2rank210,/home/wms/AF2-test/AF2-CatGraph/data/PTP1B/01_af2_new/PTP1B.AF2rank210.pdb,/home/wms/AF2-test/AF2-CatGraph/results/PTP1B/02_template_guided_docking/complexes/PTP1B_210_complex.pdb,/home/wms/AF2-test/AF2-CatGraph/data/PTP1B/02_templates/template.pdb,/home/wms/AF2-test/AF2-CatGraph/data/PTP1B/02_templates/ligand.pdb,results/PTP1B/02_template_guided_docking/tables/PTP1B_step02_ligand_order_manifest.csv,/home/wms/AF2-test/AF2-CatGraph/data/PTP1B/02_templates/ligand.pdb,LIG,untrimmed_input,1,17,standard,dock_py_exact,True,single_chain_same_length_same_ordered_sequence,299,1.0,1.0,,passed,,2442,17,6,1.6695524669946336,2.206347754213186,2.206347754213186,10,True,"(0.0, 0.0, 0.0)",collision_py_exact,5.0,6.0,17,94.21705882352941,95.38,88.952,83.38,97.94,90.0,80.0,True,/home/wms/AF2-test/AF2-CatGraph/results/PTP1B/02_template_guided_docking/complexes/PTP1B_210_complex.pdb
211,PTP1B_211,PTP1B_211_complex.pdb,PTP1B,211,PTP1B.AF2rank211.pdb,PTP1B.AF2rank211,/home/wms/AF2-test/AF2-CatGraph/data/PTP1B/01_af2_new/PTP1B.AF2rank211.pdb,/home/wms/AF2-test/AF2-CatGraph/results/PTP1B/02_template_guided_docking/complexes/PTP1B_211_complex.pdb,/home/wms/AF2-test/AF2-CatGraph/data/PTP1B/02_templates/template.pdb,/home/wms/AF2-test/AF2-CatGraph/data/PTP1B/02_templates/ligand.pdb,results/PTP1B/02_template_guided_docking/tables/PTP1B_step02_ligand_order_manifest.csv,/home/wms/AF2-test/AF2-CatGraph/data/PTP1B/02_templates/ligand.pdb,LIG,untrimmed_input,1,17,standard,dock_py_exact,True,single_chain_same_length_same_ordered_sequence,299,1.0,1.0,,passed,,2442,17,4,0.9611204845353396,2.346137989484481,2.346137989484481,10,True,"(0.0, 0.0, 0.0)",collision_py_exact,5.0,6.0,16,93.075625,94.75,90.44,75.38,97.25,90.0,80.0,True,/home/wms/AF2-test/AF2-CatGraph/results/PTP1B/02_template_guided_docking/complexes/PTP1B_211_complex.pdb
212,PTP1B_212,PTP1B_212_complex.pdb,PTP1B,212,PTP1B.AF2rank212.pdb,PTP1B.AF2rank212,/home/wms/AF2-test/AF2-CatGraph/data/PTP1B/01_af2_new/PTP1B.AF2rank212.pdb,/home/wms/AF2-test/AF2-CatGraph/results/PTP1B/02_template_guided_docking/complexes/PTP1B_212_complex.pdb,/home/wms/AF2-test/AF2-CatGraph/data/PTP1B/02_templates/template.pdb,/home/wms/AF2-test/AF2-CatGraph/data/PTP1B/02_templates/ligand.pdb,results/PTP1B/02_template_guided_docking/tables/PTP1B_step02_ligand_order_manifest.csv,/home/wms/AF2-test/AF2-CatGraph/data/PTP1B/02_templates/ligand.pdb,LIG,untrimmed_input,1,17,standard,dock_py_exact,True,single_chain_same_length_same_ordered_sequence,299,1.0,1.0,,passed,,2442,17,8,2.132912493932394,2.025350830629889,2.025350830629889,10,True,"(0.0, 0.0, 0.0)",collision_py_exact,5.0,6.0,17,92.03294117647059,94.94,84.904,69.75,97.44,90.0,80.0,True,/home/wms/AF2-test/AF2-CatGraph/results/PTP1B/02_template_guided_docking/complexes/PTP1B_212_complex.pdb
213,PTP1B_213,PTP1B_213_complex.pdb,PTP1B,213,PTP1B.AF2rank213.pdb,PTP1B.AF2rank213,/home/wms/AF2-test/AF2-CatGraph/data/PTP1B/01_af2_new/PTP1B.AF2rank213.pdb,/home/wms/AF2-test/AF2-CatGraph/results/PTP1B/02_template_guided_docking/complexes/PTP1B_213_complex.pdb,/home/wms/AF2-test/AF2-CatGraph/data/PTP1B/02_templates/template.pdb,/home/wms/AF2-test/AF2-CatGraph/data/PTP1B/02_templates/ligand.pdb,results/PTP1B/02_template_guided_docking/tables/PTP1B_step02_ligand_order_manifest.csv,/home/wms/AF2-test/AF2-CatGraph/data/PTP1B/02_templates/ligand.pdb,LIG,untrimmed_input,1,17,standard,dock_py_exact,True,single_chain_same_length_same_ordered_sequence,299,1.0,1.0,,passed,,2442,17,7,2.053338152920265,2.043094650540864,2.043094650540864,10,True,"(0.0, 0.0, 0.0)",collision_py_exact,5.0,6.0,17,93.72588235294118,95.62,88.196,76.88,98.12,90.0,80.0,True,/home/wms/AF2-test/AF2-CatGraph/results/PTP1B/02_template_guided_docking/complexes/PTP1B_213_complex.pdb
214,PTP1B_214,PTP1B_214_complex.pdb,PTP1B,214,PTP1B.AF2rank214.pdb,PTP1B.AF2rank214,/home/wms/AF2-test/AF2-CatGraph/data/PTP1B/01_af2_new/PTP1B.AF2rank214.pdb,/home/wms/AF2-test/AF2-CatGraph/results/PTP1B/02_template_guided_docking/complexes/PTP1B_214_complex.pdb,/home/wms/AF2-test/AF2-CatGraph/data/PTP1B/02_templates/template.pdb,/home/wms/AF2-test/AF2-CatGraph/data/PTP1B/02_templates/ligand.pdb,results/PTP1B/02_template_guided_docking/tables/PTP1B_step02_ligand_order_manifest.csv,/home/wms/AF2-test/AF2-CatGraph/data/PTP1B/02_templates/ligand.pdb,LIG,untrimmed_input,1,17,standard,dock_py_exact,True,single_chain_same_length_same_ordered_sequence,299,1.0,1.0,,passed,,2442,17,8,2.296289343510608,2.151535296747024,2.151535296747024,10,True,"(0.0, 0.0, 0.0)",collision_py_exact,5.0,6.0,17,93.76941176470588,95.69,88.14,77.38,98.25,90.0,80.0,True,/home/wms/AF2-test/AF2-CatGraph/results/PTP1B/02_template_guided_docking/complexes/PTP1B_214_complex.pdb
215,PTP1B_215,PTP1B_215_complex.pdb,PTP1B,215,PTP1B.AF2rank215.pdb,PTP1B.AF2rank215,/home/wms/AF2-test/AF2-CatGraph/data/PTP1B/01_af2_new/PTP1B.AF2rank215.pdb,/home/wms/AF2-test/AF2-CatGraph/results/PTP1B/02_template_guided_docking/complexes/PTP1B_215_complex.pdb,/home/wms/AF2-test/AF2-CatGraph/data/PTP1B/02_templates/template.pdb,/home/wms/AF2-test/AF2-CatGraph/data/PTP1B/02_templates/ligand.pdb,results/PTP1B/02_template_guided_docking/tables/PTP1B_step02_ligand_order_manifest.csv,/home/wms/AF2-test/AF2-CatGraph/data/PTP1B/02_templates/ligand.pdb,LIG,untrimmed_input,1,17,standard,dock_py_exact,True,single_chain_same_length_same_ordered_sequence,299,1.0,1.0,,passed,,2442,17,6,2.262101575108558,2.023661192404366,2.023661192404366,10,True,"(0.0, 0.0, 0.0)",collision_py_exact,5.0,6.0,17,92.33000000000001,95.0,83.636,70.0,97.94,90.0,80.0,True,/home/wms/AF2-test/AF2-CatGraph/results/PTP1B/02_template_guided_docking/complexes/PTP1B_215_complex.pdb
216,PTP1B_216,PTP1B_216_complex.pdb,PTP1B,216,PTP1B.AF2rank216.pdb,PTP1B.AF2rank216,/home/wms/AF2-test/AF2-CatGraph/data/PTP1B/01_af2_new/PTP1B.AF2rank216.pdb,/home/wms/AF2-test/AF2-CatGraph/results/PTP1B/02_template_guided_docking/complexes/PTP1B_216_complex.pdb,/home/wms/AF2-test/AF2-CatGraph/data/PTP1B/02_templates/template.pdb,/home/wms/AF2-test/AF2-CatGraph/data/PTP1B/02_templates/ligand.pdb,results/PTP1B/02_template_guided_docking/tables/PTP1B_step02_ligand_order_manifest.csv,/home/wms/AF2-test/AF2-CatGraph/data/PTP1B/02_templates/ligand.pdb,LIG,untrimmed_input,1,17,standard,dock_py_exact,True,single_chain_same_length_same_ordered_sequence,299,1.0,1.0,,passed,,2442,17,8,2.466152396517761,2.096066183972793,2.096066183972793,10,True,"(0.0, 0.0, 0.0)",collision_py_exact,5.0,6.0,17,92.32411764705881,94.81,84.94800000000001,71.38,97.19,90.0,80.0,True,/home/wms/AF2-test/AF2-CatGraph/results/PTP1B/02_template_guided_docking/complexes/PTP1B_216_complex.pdb
217,PTP1B_217,PTP1B_217_complex.pdb,PTP1B,217,PTP1B.AF2rank217.pdb,PTP1B.AF2rank217,/home/wms/AF2-test/AF2-CatGraph/data/PTP1B/01_af2_new/PTP1B.AF2rank217.pdb,/home/wms/AF2-test/AF2-CatGraph/results/PTP1B/02_template_guided_docking/complexes/PTP1B_217_complex.pdb,/home/wms/AF2-test/AF2-CatGraph/data/PTP1B/02_templates/template.pdb,/home/wms/AF2-test/AF2-CatGraph/data/PTP1B/02_templates/ligand.pdb,results/PTP1B/02_template_guided_docking/tables/PTP1B_step02_ligand_order_manifest.csv,/home/wms/AF2-test/AF2-CatGraph/data/PTP1B/02_templates/ligand.pdb,LIG,untrimmed_input,1,17,standard,dock_py_exact,True,single_chain_same_length_same_ordered_sequence,299,1.0,1.0,,passed,,2442,17,9,2.5227295789245447,2.1598310956561475,2.1598310956561475,10,True,"(0.0, 0.0, 0.0)",collision_py_exact,5.0,6.0,17,92.99588235294118,95.0,90.85,69.44,97.31,90.0,80.0,True,/home/wms/AF2-test/AF2-CatGraph/results/PTP1B/02_template_guided_docking/complexes/PTP1B_217_complex.pdb
218,PTP1B_218,PTP1B_218_complex.pdb,PTP1B,218,PTP1B.AF2rank218.pdb,PTP1B.AF2rank218,/home/wms/AF2-test/AF2-CatGraph/data/PTP1B/01_af2_new/PTP1B.AF2rank218.pdb,/home/wms/AF2-test/AF2-CatGraph/results/PTP1B/02_template_guided_docking/complexes/PTP1B_218_complex.pdb,/home/wms/AF2-test/AF2-CatGraph/data/PTP1B/02_templates/template.pdb,/home/wms/AF2-test/AF2-CatGraph/data/PTP1B/02_templates/ligand.pdb,results/PTP1B/02_template_guided_docking/tables/PTP1B_step02_ligand_order_manifest.csv,/home/wms/AF2-test/AF2-CatGraph/data/PTP1B/02_templates/ligand.pdb,LIG,untrimmed_input,1,17,standard,dock_py_exact,True,single_chain_same_length_same_ordered_sequence,299,1.0,1.0,,passed,,2442,17,9,1.6204645367425008,2.262462679289024,2.262462679289024,10,True,"(0.0, 0.0, 0.0)",collision_py_exact,5.0,6.0,17,92.33470588235295,95.06,85.728,72.25,97.19,90.0,80.0,True,/home/wms/AF2-test/AF2-CatGraph/results/PTP1B/02_template_guided_docking/complexes/PTP1B_218_complex.pdb
219,PTP1B_219,PTP1B_219_complex.pdb,PTP1B,219,PTP1B.AF2rank219.pdb,PTP1B.AF2rank219,/home/wms/AF2-test/AF2-CatGraph/data/PTP1B/01_af2_new/PTP1B.AF2rank219.pdb,/home/wms/AF2-test/AF2-CatGraph/results/PTP1B/02_template_guided_docking/complexes/PTP1B_219_complex.pdb,/home/wms/AF2-test/AF2-CatGraph/data/PTP1B/02_templates/template.pdb,/home/wms/AF2-test/AF2-CatGraph/data/PTP1B/02_templates/ligand.pdb,results/PTP1B/02_template_guided_docking/tables/PTP1B_step02_ligand_order_manifest.csv,/home/wms/AF2-test/AF2-CatGraph/data/PTP1B/02_templates/ligand.pdb,LIG,untrimmed_input,1,17,standard,dock_py_exact,True,single_chain_same_length_same_ordered_sequence,299,1.0,1.0,,passed,,2442,17,8,1.8973493447343517,2.22579747423296,2.22579747423296,10,True,"(0.0, 0.0, 0.0)",collision_py_exact,5.0,6.0,17,93.10352941176471,94.88,91.328,72.31,97.12,90.0,80.0,True,/home/wms/AF2-test/AF2-CatGraph/results/PTP1B/02_template_guided_docking/complexes/PTP1B_219_complex.pdb
220,PTP1B_220,PTP1B_220_complex.pdb,PTP1B,220,PTP1B.AF2rank220.pdb,PTP1B.AF2rank220,/home/wms/AF2-test/AF2-CatGraph/data/PTP1B/01_af2_new/PTP1B.AF2rank220.pdb,/home/wms/AF2-test/AF2-CatGraph/results/PTP1B/02_template_guided_docking/complexes/PTP1B_220_complex.pdb,/home/wms/AF2-test/AF2-CatGraph/data/PTP1B/02_templates/template.pdb,/home/wms/AF2-test/AF2-CatGraph/data/PTP1B/02_templates/ligand.pdb,results/PTP1B/02_template_guided_docking/tables/PTP1B_step02_ligand_order_manifest.csv,/home/wms/AF2-test/AF2-CatGraph/data/PTP1B/02_templates/ligand.pdb,LIG,untrimmed_input,1,17,standard,dock_py_exact,True,single_chain_same_length_same_ordered_sequence,299,1.0,1.0,,passed,,2442,17,9,1.6126963617179015,2.4410625673798223,2.4410625673798223,10,True,"(0.0, 0.0, 0.0)",collision_py_exact,5.0,6.0,17,91.87,94.06,85.796,75.56,96.56,90.0,80.0,True,/home/wms/AF2-test/AF2-CatGraph/results/PTP1B/02_template_guided_docking/complexes/PTP1B_220_complex.pdb
221,PTP1B_221,PTP1B_221_complex.pdb,PTP1B,221,PTP1B.AF2rank221.pdb,PTP1B.AF2rank221,/home/wms/AF2-test/AF2-CatGraph/data/PTP1B/01_af2_new/PTP1B.AF2rank221.pdb,/home/wms/AF2-test/AF2-CatGraph/results/PTP1B/02_template_guided_docking/complexes/PTP1B_221_complex.pdb,/home/wms/AF2-test/AF2-CatGraph/data/PTP1B/02_templates/template.pdb,/home/wms/AF2-test/AF2-CatGraph/data/PTP1B/02_templates/ligand.pdb,results/PTP1B/02_template_guided_docking/tables/PTP1B_step02_ligand_order_manifest.csv,/home/wms/AF2-test/AF2-CatGraph/data/PTP1B/02_templates/ligand.pdb,LIG,untrimmed_input,1,17,standard,dock_py_exact,True,single_chain_same_length_same_ordered_sequence,299,1.0,1.0,,passed,,2442,17,7,1.6221213280530835,2.0035553109569357,2.0035553109569357,10,True,"(0.0, 0.0, 0.0)",collision_py_exact,5.0,6.0,17,91.75411764705883,94.31,84.74,72.38,96.25,90.0,80.0,True,/home/wms/AF2-test/AF2-CatGraph/results/PTP1B/02_template_guided_docking/complexes/PTP1B_221_complex.pdb
222,PTP1B_222,PTP1B_222_complex.pdb,PTP1B,222,PTP1B.AF2rank222.pdb,PTP1B.AF2rank222,/home/wms/AF2-test/AF2-CatGraph/data/PTP1B/01_af2_new/PTP1B.AF2rank222.pdb,/home/wms/AF2-test/AF2-CatGraph/results/PTP1B/02_template_guided_docking/complexes/PTP1B_222_complex.pdb,/home/wms/AF2-test/AF2-CatGraph/data/PTP1B/02_templates/template.pdb,/home/wms/AF2-test/AF2-CatGraph/data/PTP1B/02_templates/ligand.pdb,results/PTP1B/02_template_guided_docking/tables/PTP1B_step02_ligand_order_manifest.csv,/home/wms/AF2-test/AF2-CatGraph/data/PTP1B/02_templates/ligand.pdb,LIG,untrimmed_input,1,17,standard,dock_py_exact,True,single_chain_same_length_same_ordered_sequence,299,1.0,1.0,,passed,,2442,17,6,1.411197700203171,2.2141700601721466,2.2141700601721466,10,True,"(0.0, 0.0, 0.0)",collision_py_exact,5.0,6.0,17,92.88941176470587,95.25,86.726,74.25,97.44,90.0,80.0,True,/home/wms/AF2-test/AF2-CatGraph/results/PTP1B/02_template_guided_docking/complexes/PTP1B_222_complex.pdb
223,PTP1B_223,PTP1B_223_complex.pdb,PTP1B,223,PTP1B.AF2rank223.pdb,PTP1B.AF2rank223,/home/wms/AF2-test/AF2-CatGraph/data/PTP1B/01_af2_new/PTP1B.AF2rank223.pdb,/home/wms/AF2-test/AF2-CatGraph/results/PTP1B/02_template_guided_docking/complexes/PTP1B_223_complex.pdb,/home/wms/AF2-test/AF2-CatGraph/data/PTP1B/02_templates/template.pdb,/home/wms/AF2-test/AF2-CatGraph/data/PTP1B/02_templates/ligand.pdb,results/PTP1B/02_template_guided_docking/tables/PTP1B_step02_ligand_order_manifest.csv,/home/wms/AF2-test/AF2-CatGraph/data/PTP1B/02_templates/ligand.pdb,LIG,untrimmed_input,1,17,standard,dock_py_exact,True,single_chain_same_length_same_ordered_sequence,299,1.0,1.0,,passed,,2442,17,4,1.6603509720904983,2.039620695093362,2.039620695093362,10,True,"(0.0, 0.0, 0.0)",collision_py_exact,5.0,6.0,17,91.57411764705883,95.0,81.65,67.69,97.56,90.0,80.0,True,/home/wms/AF2-test/AF2-CatGraph/results/PTP1B/02_template_guided_docking/complexes/PTP1B_223_complex.pdb
224,PTP1B_224,PTP1B_224_complex.pdb,PTP1B,224,PTP1B.AF2rank224.pdb,PTP1B.AF2rank224,/home/wms/AF2-test/AF2-CatGraph/data/PTP1B/01_af2_new/PTP1B.AF2rank224.pdb,/home/wms/AF2-test/AF2-CatGraph/results/PTP1B/02_template_guided_docking/complexes/PTP1B_224_complex.pdb,/home/wms/AF2-test/AF2-CatGraph/data/PTP1B/02_templates/template.pdb,/home/wms/AF2-test/AF2-CatGraph/data/PTP1B/02_templates/ligand.pdb,results/PTP1B/02_template_guided_docking/tables/PTP1B_step02_ligand_order_manifest.csv,/home/wms/AF2-test/AF2-CatGraph/data/PTP1B/02_templates/ligand.pdb,LIG,untrimmed_input,1,17,standard,dock_py_exact,True,single_chain_same_length_same_ordered_sequence,299,1.0,1.0,,passed,,2442,17,7,2.1472269325801574,2.1546573066837817,2.1546573066837817,10,True,"(0.0, 0.0, 0.0)",collision_py_exact,5.0,6.0,17,91.70176470588234,93.94,85.724,70.5,97.25,90.0,80.0,True,/home/wms/AF2-test/AF2-CatGraph/results/PTP1B/02_template_guided_docking/complexes/PTP1B_224_complex.pdb
225,PTP1B_225,PTP1B_225_complex.pdb,PTP1B,225,PTP1B.AF2rank225.pdb,PTP1B.AF2rank225,/home/wms/AF2-test/AF2-CatGraph/data/PTP1B/01_af2_new/PTP1B.AF2rank225.pdb,/home/wms/AF2-test/AF2-CatGraph/results/PTP1B/02_template_guided_docking/complexes/PTP1B_225_complex.pdb,/home/wms/AF2-test/AF2-CatGraph/data/PTP1B/02_templates/template.pdb,/home/wms/AF2-test/AF2-CatGraph/data/PTP1B/02_templates/ligand.pdb,results/PTP1B/02_template_guided_docking/tables/PTP1B_step02_ligand_order_manifest.csv,/home/wms/AF2-test/AF2-CatGraph/data/PTP1B/02_templates/ligand.pdb,LIG,untrimmed_input,1,17,standard,dock_py_exact,True,single_chain_same_length_same_ordered_sequence,299,1.0,1.0,,passed,,2442,17,10,2.776297482791611,2.2097405880356065,2.2097405880356065,10,True,"(0.0, 0.0, 0.0)",collision_py_exact,5.0,6.0,18,91.91333333333334,93.685,87.284,74.31,96.88,90.0,80.0,True,/home/wms/AF2-test/AF2-CatGraph/results/PTP1B/02_template_guided_docking/complexes/PTP1B_225_complex.pdb
226,PTP1B_226,PTP1B_226_complex.pdb,PTP1B,226,PTP1B.AF2rank226.pdb,PTP1B.AF2rank226,/home/wms/AF2-test/AF2-CatGraph/data/PTP1B/01_af2_new/PTP1B.AF2rank226.pdb,/home/wms/AF2-test/AF2-CatGraph/results/PTP1B/02_template_guided_docking/complexes/PTP1B_226_complex.pdb,/home/wms/AF2-test/AF2-CatGraph/data/PTP1B/02_templates/template.pdb,/home/wms/AF2-test/AF2-CatGraph/data/PTP1B/02_templates/ligand.pdb,results/PTP1B/02_template_guided_docking/tables/PTP1B_step02_ligand_order_manifest.csv,/home/wms/AF2-test/AF2-CatGraph/data/PTP1B/02_templates/ligand.pdb,LIG,untrimmed_input,1,17,standard,dock_py_exact,True,single_chain_same_length_same_ordered_sequence,299,1.0,1.0,,passed,,2442,17,9,2.430181516429104,2.0219853398785306,2.0219853398785306,10,True,"(0.0, 0.0, 0.0)",collision_py_exact,5.0,6.0,16,94.028125,95.5,92.125,71.38,98.06,90.0,80.0,True,/home/wms/AF2-test/AF2-CatGraph/results/PTP1B/02_template_guided_docking/complexes/PTP1B_226_complex.pdb
227,PTP1B_227,PTP1B_227_complex.pdb,PTP1B,227,PTP1B.AF2rank227.pdb,PTP1B.AF2rank227,/home/wms/AF2-test/AF2-CatGraph/data/PTP1B/01_af2_new/PTP1B.AF2rank227.pdb,/home/wms/AF2-test/AF2-CatGraph/results/PTP1B/02_template_guided_docking/complexes/PTP1B_227_complex.pdb,/home/wms/AF2-test/AF2-CatGraph/data/PTP1B/02_templates/template.pdb,/home/wms/AF2-test/AF2-CatGraph/data/PTP1B/02_templates/ligand.pdb,results/PTP1B/02_template_guided_docking/tables/PTP1B_step02_ligand_order_manifest.csv,/home/wms/AF2-test/AF2-CatGraph/data/PTP1B/02_templates/ligand.pdb,LIG,untrimmed_input,1,17,standard,dock_py_exact,True,single_chain_same_length_same_ordered_sequence,299,1.0,1.0,,passed,,2442,17,7,1.341233231122018,2.192425995808652,2.192425995808652,10,True,"(0.0, 0.0, 0.0)",collision_py_exact,5.0,6.0,16,92.656875,94.0,90.435,74.62,96.88,90.0,80.0,True,/home/wms/AF2-test/AF2-CatGraph/results/PTP1B/02_template_guided_docking/complexes/PTP1B_227_complex.pdb
229,PTP1B_229,PTP1B_229_complex.pdb,PTP1B,229,PTP1B.AF2rank229.pdb,PTP1B.AF2rank229,/home/wms/AF2-test/AF2-CatGraph/data/PTP1B/01_af2_new/PTP1B.AF2rank229.pdb,/home/wms/AF2-test/AF2-CatGraph/results/PTP1B/02_template_guided_docking/complexes/PTP1B_229_complex.pdb,/home/wms/AF2-test/AF2-CatGraph/data/PTP1B/02_templates/template.pdb,/home/wms/AF2-test/AF2-CatGraph/data/PTP1B/02_templates/ligand.pdb,results/PTP1B/02_template_guided_docking/tables/PTP1B_step02_ligand_order_manifest.csv,/home/wms/AF2-test/AF2-CatGraph/data/PTP1B/02_templates/ligand.pdb,LIG,untrimmed_input,1,17,standard,dock_py_exact,True,single_chain_same_length_same_ordered_sequence,299,1.0,1.0,,passed,,2442,17,7,1.540435744257841,2.012120064382368,2.012120064382368,10,True,"(0.0, 0.0, 0.0)",collision_py_exact,5.0,6.0,18,92.22555555555556,94.655,86.37400000000001,71.81,97.0,90.0,80.0,True,/home/wms/AF2-test/AF2-CatGraph/results/PTP1B/02_template_guided_docking/complexes/PTP1B_229_complex.pdb
230,PTP1B_230,PTP1B_230_complex.pdb,PTP1B,230,PTP1B.AF2rank230.pdb,PTP1B.AF2rank230,/home/wms/AF2-test/AF2-CatGraph/data/PTP1B/01_af2_new/PTP1B.AF2rank230.pdb,/home/wms/AF2-test/AF2-CatGraph/results/PTP1B/02_template_guided_docking/complexes/PTP1B_230_complex.pdb,/home/wms/AF2-test/AF2-CatGraph/data/PTP1B/02_templates/template.pdb,/home/wms/AF2-test/AF2-CatGraph/data/PTP1B/02_templates/ligand.pdb,results/PTP1B/02_template_guided_docking/tables/PTP1B_step02_ligand_order_manifest.csv,/home/wms/AF2-test/AF2-CatGraph/data/PTP1B/02_templates/ligand.pdb,LIG,untrimmed_input,1,17,standard,dock_py_exact,True,single_chain_same_length_same_ordered_sequence,299,1.0,1.0,,passed,,2442,17,6,1.3849293002404104,2.1635373877611643,2.1635373877611643,10,True,"(0.0, 0.0, 0.0)",collision_py_exact,5.0,6.0,17,92.49529411764706,94.56,87.288,75.81,97.06,90.0,80.0,True,/home/wms/AF2-test/AF2-CatGraph/results/PTP1B/02_template_guided_docking/complexes/PTP1B_230_complex.pdb
231,PTP1B_231,PTP1B_231_complex.pdb,PTP1B,231,PTP1B.AF2rank231.pdb,PTP1B.AF2rank231,/home/wms/AF2-test/AF2-CatGraph/data/PTP1B/01_af2_new/PTP1B.AF2rank231.pdb,/home/wms/AF2-test/AF2-CatGraph/results/PTP1B/02_template_guided_docking/complexes/PTP1B_231_complex.pdb,/home/wms/AF2-test/AF2-CatGraph/data/PTP1B/02_templates/template.pdb,/home/wms/AF2-test/AF2-CatGraph/data/PTP1B/02_templates/ligand.pdb,results/PTP1B/02_template_guided_docking/tables/PTP1B_step02_ligand_order_manifest.csv,/home/wms/AF2-test/AF2-CatGraph/data/PTP1B/02_templates/ligand.pdb,LIG,untrimmed_input,1,17,standard,dock_py_exact,True,single_chain_same_length_same_ordered_sequence,299,1.0,1.0,,passed,,2442,17,8,2.366387676808209,2.284779853051459,2.284779853051459,10,True,"(0.0, 0.0, 0.0)",collision_py_exact,5.0,6.0,17,91.75764705882354,94.44,84.764,69.81,96.81,90.0,80.0,True,/home/wms/AF2-test/AF2-CatGraph/results/PTP1B/02_template_guided_docking/complexes/PTP1B_231_complex.pdb
232,PTP1B_232,PTP1B_232_complex.pdb,PTP1B,232,PTP1B.AF2rank232.pdb,PTP1B.AF2rank232,/home/wms/AF2-test/AF2-CatGraph/data/PTP1B/01_af2_new/PTP1B.AF2rank232.pdb,/home/wms/AF2-test/AF2-CatGraph/results/PTP1B/02_template_guided_docking/complexes/PTP1B_232_complex.pdb,/home/wms/AF2-test/AF2-CatGraph/data/PTP1B/02_templates/template.pdb,/home/wms/AF2-test/AF2-CatGraph/data/PTP1B/02_templates/ligand.pdb,results/PTP1B/02_template_guided_docking/tables/PTP1B_step02_ligand_order_manifest.csv,/home/wms/AF2-test/AF2-CatGraph/data/PTP1B/02_templates/ligand.pdb,LIG,untrimmed_input,1,17,standard,dock_py_exact,True,single_chain_same_length_same_ordered_sequence,299,1.0,1.0,,passed,,2442,17,4,0.8119403408467409,2.3828553214806467,2.3828553214806467,10,True,"(0.0, 0.0, 0.0)",collision_py_exact,5.0,6.0,17,91.99235294117646,94.5,84.664,72.0,97.38,90.0,80.0,True,/home/wms/AF2-test/AF2-CatGraph/results/PTP1B/02_template_guided_docking/complexes/PTP1B_232_complex.pdb
233,PTP1B_233,PTP1B_233_complex.pdb,PTP1B,233,PTP1B.AF2rank233.pdb,PTP1B.AF2rank233,/home/wms/AF2-test/AF2-CatGraph/data/PTP1B/01_af2_new/PTP1B.AF2rank233.pdb,/home/wms/AF2-test/AF2-CatGraph/results/PTP1B/02_template_guided_docking/complexes/PTP1B_233_complex.pdb,/home/wms/AF2-test/AF2-CatGraph/data/PTP1B/02_templates/template.pdb,/home/wms/AF2-test/AF2-CatGraph/data/PTP1B/02_templates/ligand.pdb,results/PTP1B/02_template_guided_docking/tables/PTP1B_step02_ligand_order_manifest.csv,/home/wms/AF2-test/AF2-CatGraph/data/PTP1B/02_templates/ligand.pdb,LIG,untrimmed_input,1,17,standard,dock_py_exact,True,single_chain_same_length_same_ordered_sequence,299,1.0,1.0,,passed,,2442,17,8,1.847626444565972,2.238197536506949,2.238197536506949,10,True,"(0.0, 0.0, 0.0)",collision_py_exact,5.0,6.0,17,93.35352941176473,94.88,88.89,78.0,97.31,90.0,80.0,True,/home/wms/AF2-test/AF2-CatGraph/results/PTP1B/02_template_guided_docking/complexes/PTP1B_233_complex.pdb
234,PTP1B_234,PTP1B_234_complex.pdb,PTP1B,234,PTP1B.AF2rank234.pdb,PTP1B.AF2rank234,/home/wms/AF2-test/AF2-CatGraph/data/PTP1B/01_af2_new/PTP1B.AF2rank234.pdb,/home/wms/AF2-test/AF2-CatGraph/results/PTP1B/02_template_guided_docking/complexes/PTP1B_234_complex.pdb,/home/wms/AF2-test/AF2-CatGraph/data/PTP1B/02_templates/template.pdb,/home/wms/AF2-test/AF2-CatGraph/data/PTP1B/02_templates/ligand.pdb,results/PTP1B/02_template_guided_docking/tables/PTP1B_step02_ligand_order_manifest.csv,/home/wms/AF2-test/AF2-CatGraph/data/PTP1B/02_templates/ligand.pdb,LIG,untrimmed_input,1,17,standard,dock_py_exact,True,single_chain_same_length_same_ordered_sequence,299,1.0,1.0,,passed,,2442,17,7,2.0390811244520983,2.2477691468408283,2.2477691468408283,10,True,"(0.0, 0.0, 0.0)",collision_py_exact,5.0,6.0,17,91.92294117647059,93.94,85.616,74.62,96.94,90.0,80.0,True,/home/wms/AF2-test/AF2-CatGraph/results/PTP1B/02_template_guided_docking/complexes/PTP1B_234_complex.pdb
235,PTP1B_235,PTP1B_235_complex.pdb,PTP1B,235,PTP1B.AF2rank235.pdb,PTP1B.AF2rank235,/home/wms/AF2-test/AF2-CatGraph/data/PTP1B/01_af2_new/PTP1B.AF2rank235.pdb,/home/wms/AF2-test/AF2-CatGraph/results/PTP1B/02_template_guided_docking/complexes/PTP1B_235_complex.pdb,/home/wms/AF2-test/AF2-CatGraph/data/PTP1B/02_templates/template.pdb,/home/wms/AF2-test/AF2-CatGraph/data/PTP1B/02_templates/ligand.pdb,results/PTP1B/02_template_guided_docking/tables/PTP1B_step02_ligand_order_manifest.csv,/home/wms/AF2-test/AF2-CatGraph/data/PTP1B/02_templates/ligand.pdb,LIG,untrimmed_input,1,17,standard,dock_py_exact,True,single_chain_same_length_same_ordered_sequence,299,1.0,1.0,,passed,,2442,17,6,1.1094781420427702,2.069785004922581,2.069785004922581,10,True,"(0.0, 0.0, 0.0)",collision_py_exact,5.0,6.0,17,92.01235294117647,94.62,84.65,70.94,96.94,90.0,80.0,True,/home/wms/AF2-test/AF2-CatGraph/results/PTP1B/02_template_guided_docking/complexes/PTP1B_235_complex.pdb
236,PTP1B_236,PTP1B_236_complex.pdb,PTP1B,236,PTP1B.AF2rank236.pdb,PTP1B.AF2rank236,/home/wms/AF2-test/AF2-CatGraph/data/PTP1B/01_af2_new/PTP1B.AF2rank236.pdb,/home/wms/AF2-test/AF2-CatGraph/results/PTP1B/02_template_guided_docking/complexes/PTP1B_236_complex.pdb,/home/wms/AF2-test/AF2-CatGraph/data/PTP1B/02_templates/template.pdb,/home/wms/AF2-test/AF2-CatGraph/data/PTP1B/02_templates/ligand.pdb,results/PTP1B/02_template_guided_docking/tables/PTP1B_step02_ligand_order_manifest.csv,/home/wms/AF2-test/AF2-CatGraph/data/PTP1B/02_templates/ligand.pdb,LIG,untrimmed_input,1,17,standard,dock_py_exact,True,single_chain_same_length_same_ordered_sequence,299,1.0,1.0,,passed,,2442,17,5,1.074411664662791,2.3108896727528974,2.3108896727528974,10,True,"(0.0, 0.0, 0.0)",collision_py_exact,5.0,6.0,17,93.01529411764707,95.0,86.424,76.69,97.75,90.0,80.0,True,/home/wms/AF2-test/AF2-CatGraph/results/PTP1B/02_template_guided_docking/complexes/PTP1B_236_complex.pdb
237,PTP1B_237,PTP1B_237_complex.pdb,PTP1B,237,PTP1B.AF2rank237.pdb,PTP1B.AF2rank237,/home/wms/AF2-test/AF2-CatGraph/data/PTP1B/01_af2_new/PTP1B.AF2rank237.pdb,/home/wms/AF2-test/AF2-CatGraph/results/PTP1B/02_template_guided_docking/complexes/PTP1B_237_complex.pdb,/home/wms/AF2-test/AF2-CatGraph/data/PTP1B/02_templates/template.pdb,/home/wms/AF2-test/AF2-CatGraph/data/PTP1B/02_templates/ligand.pdb,results/PTP1B/02_template_guided_docking/tables/PTP1B_step02_ligand_order_manifest.csv,/home/wms/AF2-test/AF2-CatGraph/data/PTP1B/02_templates/ligand.pdb,LIG,untrimmed_input,1,17,standard,dock_py_exact,True,single_chain_same_length_same_ordered_sequence,299,1.0,1.0,,passed,,2442,17,8,2.215844547343801,2.2055768546397774,2.2055768546397774,10,True,"(0.0, 0.0, 0.0)",collision_py_exact,5.0,6.0,16,92.85,94.75,90.935,69.12,96.94,90.0,80.0,True,/home/wms/AF2-test/AF2-CatGraph/results/PTP1B/02_template_guided_docking/complexes/PTP1B_237_complex.pdb
238,PTP1B_238,PTP1B_238_complex.pdb,PTP1B,238,PTP1B.AF2rank238.pdb,PTP1B.AF2rank238,/home/wms/AF2-test/AF2-CatGraph/data/PTP1B/01_af2_new/PTP1B.AF2rank238.pdb,/home/wms/AF2-test/AF2-CatGraph/results/PTP1B/02_template_guided_docking/complexes/PTP1B_238_complex.pdb,/home/wms/AF2-test/AF2-CatGraph/data/PTP1B/02_templates/template.pdb,/home/wms/AF2-test/AF2-CatGraph/data/PTP1B/02_templates/ligand.pdb,results/PTP1B/02_template_guided_docking/tables/PTP1B_step02_ligand_order_manifest.csv,/home/wms/AF2-test/AF2-CatGraph/data/PTP1B/02_templates/ligand.pdb,LIG,untrimmed_input,1,17,standard,dock_py_exact,True,single_chain_same_length_same_ordered_sequence,299,1.0,1.0,,passed,,2442,17,8,1.1758705706632375,2.3670517164543026,2.3670517164543026,10,True,"(0.0, 0.0, 0.0)",collision_py_exact,5.0,6.0,17,92.08117647058825,94.88,84.826,68.94,97.38,90.0,80.0,True,/home/wms/AF2-test/AF2-CatGraph/results/PTP1B/02_template_guided_docking/complexes/PTP1B_238_complex.pdb
239,PTP1B_239,PTP1B_239_complex.pdb,PTP1B,239,PTP1B.AF2rank239.pdb,PTP1B.AF2rank239,/home/wms/AF2-test/AF2-CatGraph/data/PTP1B/01_af2_new/PTP1B.AF2rank239.pdb,/home/wms/AF2-test/AF2-CatGraph/results/PTP1B/02_template_guided_docking/complexes/PTP1B_239_complex.pdb,/home/wms/AF2-test/AF2-CatGraph/data/PTP1B/02_templates/template.pdb,/home/wms/AF2-test/AF2-CatGraph/data/PTP1B/02_templates/ligand.pdb,results/PTP1B/02_template_guided_docking/tables/PTP1B_step02_ligand_order_manifest.csv,/home/wms/AF2-test/AF2-CatGraph/data/PTP1B/02_templates/ligand.pdb,LIG,untrimmed_input,1,17,standard,dock_py_exact,True,single_chain_same_length_same_ordered_sequence,299,1.0,1.0,,passed,,2442,17,8,1.545826299582735,2.3700228449851664,2.3700228449851664,10,True,"(0.0, 0.0, 0.0)",collision_py_exact,5.0,6.0,16,93.12125,94.685,91.655,69.94,97.38,90.0,80.0,True,/home/wms/AF2-test/AF2-CatGraph/results/PTP1B/02_template_guided_docking/complexes/PTP1B_239_complex.pdb
240,PTP1B_240,PTP1B_240_complex.pdb,PTP1B,240,PTP1B.AF2rank240.pdb,PTP1B.AF2rank240,/home/wms/AF2-test/AF2-CatGraph/data/PTP1B/01_af2_new/PTP1B.AF2rank240.pdb,/home/wms/AF2-test/AF2-CatGraph/results/PTP1B/02_template_guided_docking/complexes/PTP1B_240_complex.pdb,/home/wms/AF2-test/AF2-CatGraph/data/PTP1B/02_templates/template.pdb,/home/wms/AF2-test/AF2-CatGraph/data/PTP1B/02_templates/ligand.pdb,results/PTP1B/02_template_guided_docking/tables/PTP1B_step02_ligand_order_manifest.csv,/home/wms/AF2-test/AF2-CatGraph/data/PTP1B/02_templates/ligand.pdb,LIG,untrimmed_input,1,17,standard,dock_py_exact,True,single_chain_same_length_same_ordered_sequence,299,1.0,1.0,,passed,,2442,17,10,1.219790171317111,2.586677154699586,2.586677154699586,10,True,"(0.0, 0.0, 0.0)",collision_py_exact,5.0,6.0,17,91.20529411764706,93.81,83.462,70.75,96.62,90.0,80.0,True,/home/wms/AF2-test/AF2-CatGraph/results/PTP1B/02_template_guided_docking/complexes/PTP1B_240_complex.pdb
241,PTP1B_241,PTP1B_241_complex.pdb,PTP1B,241,PTP1B.AF2rank241.pdb,PTP1B.AF2rank241,/home/wms/AF2-test/AF2-CatGraph/data/PTP1B/01_af2_new/PTP1B.AF2rank241.pdb,/home/wms/AF2-test/AF2-CatGraph/results/PTP1B/02_template_guided_docking/complexes/PTP1B_241_complex.pdb,/home/wms/AF2-test/AF2-CatGraph/data/PTP1B/02_templates/template.pdb,/home/wms/AF2-test/AF2-CatGraph/data/PTP1B/02_templates/ligand.pdb,results/PTP1B/02_template_guided_docking/tables/PTP1B_step02_ligand_order_manifest.csv,/home/wms/AF2-test/AF2-CatGraph/data/PTP1B/02_templates/ligand.pdb,LIG,untrimmed_input,1,17,standard,dock_py_exact,True,single_chain_same_length_same_ordered_sequence,299,1.0,1.0,,passed,,2442,17,8,2.0505815262795046,2.301969933389003,2.301969933389003,10,True,"(0.0, 0.0, 0.0)",collision_py_exact,5.0,6.0,16,93.32375,94.5,91.12,76.31,97.19,90.0,80.0,True,/home/wms/AF2-test/AF2-CatGraph/results/PTP1B/02_template_guided_docking/complexes/PTP1B_241_complex.pdb
242,PTP1B_242,PTP1B_242_complex.pdb,PTP1B,242,PTP1B.AF2rank242.pdb,PTP1B.AF2rank242,/home/wms/AF2-test/AF2-CatGraph/data/PTP1B/01_af2_new/PTP1B.AF2rank242.pdb,/home/wms/AF2-test/AF2-CatGraph/results/PTP1B/02_template_guided_docking/complexes/PTP1B_242_complex.pdb,/home/wms/AF2-test/AF2-CatGraph/data/PTP1B/02_templates/template.pdb,/home/wms/AF2-test/AF2-CatGraph/data/PTP1B/02_templates/ligand.pdb,results/PTP1B/02_template_guided_docking/tables/PTP1B_step02_ligand_order_manifest.csv,/home/wms/AF2-test/AF2-CatGraph/data/PTP1B/02_templates/ligand.pdb,LIG,untrimmed_input,1,17,standard,dock_py_exact,True,single_chain_same_length_same_ordered_sequence,299,1.0,1.0,,passed,,2442,17,9,1.7631960208640876,2.1725933860102025,2.1725933860102025,10,True,"(0.0, 0.0, 0.0)",collision_py_exact,5.0,6.0,17,92.72823529411764,95.25,85.912,71.94,97.69,90.0,80.0,True,/home/wms/AF2-test/AF2-CatGraph/results/PTP1B/02_template_guided_docking/complexes/PTP1B_242_complex.pdb
243,PTP1B_243,PTP1B_243_complex.pdb,PTP1B,243,PTP1B.AF2rank243.pdb,PTP1B.AF2rank243,/home/wms/AF2-test/AF2-CatGraph/data/PTP1B/01_af2_new/PTP1B.AF2rank243.pdb,/home/wms/AF2-test/AF2-CatGraph/results/PTP1B/02_template_guided_docking/complexes/PTP1B_243_complex.pdb,/home/wms/AF2-test/AF2-CatGraph/data/PTP1B/02_templates/template.pdb,/home/wms/AF2-test/AF2-CatGraph/data/PTP1B/02_templates/ligand.pdb,results/PTP1B/02_template_guided_docking/tables/PTP1B_step02_ligand_order_manifest.csv,/home/wms/AF2-test/AF2-CatGraph/data/PTP1B/02_templates/ligand.pdb,LIG,untrimmed_input,1,17,standard,dock_py_exact,True,single_chain_same_length_same_ordered_sequence,299,1.0,1.0,,passed,,2442,17,3,0.4846209577549971,2.318413698698362,2.318413698698362,10,True,"(0.0, 0.0, 0.0)",collision_py_exact,5.0,6.0,17,91.60352941176473,94.31,83.636,72.25,96.94,90.0,80.0,True,/home/wms/AF2-test/AF2-CatGraph/results/PTP1B/02_template_guided_docking/complexes/PTP1B_243_complex.pdb
244,PTP1B_244,PTP1B_244_complex.pdb,PTP1B,244,PTP1B.AF2rank244.pdb,PTP1B.AF2rank244,/home/wms/AF2-test/AF2-CatGraph/data/PTP1B/01_af2_new/PTP1B.AF2rank244.pdb,/home/wms/AF2-test/AF2-CatGraph/results/PTP1B/02_template_guided_docking/complexes/PTP1B_244_complex.pdb,/home/wms/AF2-test/AF2-CatGraph/data/PTP1B/02_templates/template.pdb,/home/wms/AF2-test/AF2-CatGraph/data/PTP1B/02_templates/ligand.pdb,results/PTP1B/02_template_guided_docking/tables/PTP1B_step02_ligand_order_manifest.csv,/home/wms/AF2-test/AF2-CatGraph/data/PTP1B/02_templates/ligand.pdb,LIG,untrimmed_input,1,17,standard,dock_py_exact,True,single_chain_same_length_same_ordered_sequence,299,1.0,1.0,,passed,,2442,17,7,2.0710008783807714,2.026133817612259,2.026133817612259,10,True,"(0.0, 0.0, 0.0)",collision_py_exact,5.0,6.0,17,93.23058823529412,95.44,87.112,75.5,98.12,90.0,80.0,True,/home/wms/AF2-test/AF2-CatGraph/results/PTP1B/02_template_guided_docking/complexes/PTP1B_244_complex.pdb
245,PTP1B_245,PTP1B_245_complex.pdb,PTP1B,245,PTP1B.AF2rank245.pdb,PTP1B.AF2rank245,/home/wms/AF2-test/AF2-CatGraph/data/PTP1B/01_af2_new/PTP1B.AF2rank245.pdb,/home/wms/AF2-test/AF2-CatGraph/results/PTP1B/02_template_guided_docking/complexes/PTP1B_245_complex.pdb,/home/wms/AF2-test/AF2-CatGraph/data/PTP1B/02_templates/template.pdb,/home/wms/AF2-test/AF2-CatGraph/data/PTP1B/02_templates/ligand.pdb,results/PTP1B/02_template_guided_docking/tables/PTP1B_step02_ligand_order_manifest.csv,/home/wms/AF2-test/AF2-CatGraph/data/PTP1B/02_templates/ligand.pdb,LIG,untrimmed_input,1,17,standard,dock_py_exact,True,single_chain_same_length_same_ordered_sequence,299,1.0,1.0,,passed,,2442,17,8,2.319805541489573,2.196207933472696,2.196207933472696,10,True,"(0.0, 0.0, 0.0)",collision_py_exact,5.0,6.0,17,91.6835294117647,93.88,86.126,72.75,96.94,90.0,80.0,True,/home/wms/AF2-test/AF2-CatGraph/results/PTP1B/02_template_guided_docking/complexes/PTP1B_245_complex.pdb
246,PTP1B_246,PTP1B_246_complex.pdb,PTP1B,246,PTP1B.AF2rank246.pdb,PTP1B.AF2rank246,/home/wms/AF2-test/AF2-CatGraph/data/PTP1B/01_af2_new/PTP1B.AF2rank246.pdb,/home/wms/AF2-test/AF2-CatGraph/results/PTP1B/02_template_guided_docking/complexes/PTP1B_246_complex.pdb,/home/wms/AF2-test/AF2-CatGraph/data/PTP1B/02_templates/template.pdb,/home/wms/AF2-test/AF2-CatGraph/data/PTP1B/02_templates/ligand.pdb,results/PTP1B/02_template_guided_docking/tables/PTP1B_step02_ligand_order_manifest.csv,/home/wms/AF2-test/AF2-CatGraph/data/PTP1B/02_templates/ligand.pdb,LIG,untrimmed_input,1,17,standard,dock_py_exact,True,single_chain_same_length_same_ordered_sequence,299,1.0,1.0,,passed,,2442,17,9,2.1522903110488456,2.234458950838534,2.234458950838534,10,True,"(0.0, 0.0, 0.0)",collision_py_exact,5.0,6.0,17,93.05588235294118,94.56,90.874,72.69,97.06,90.0,80.0,True,/home/wms/AF2-test/AF2-CatGraph/results/PTP1B/02_template_guided_docking/complexes/PTP1B_246_complex.pdb
247,PTP1B_247,PTP1B_247_complex.pdb,PTP1B,247,PTP1B.AF2rank247.pdb,PTP1B.AF2rank247,/home/wms/AF2-test/AF2-CatGraph/data/PTP1B/01_af2_new/PTP1B.AF2rank247.pdb,/home/wms/AF2-test/AF2-CatGraph/results/PTP1B/02_template_guided_docking/complexes/PTP1B_247_complex.pdb,/home/wms/AF2-test/AF2-CatGraph/data/PTP1B/02_templates/template.pdb,/home/wms/AF2-test/AF2-CatGraph/data/PTP1B/02_templates/ligand.pdb,results/PTP1B/02_template_guided_docking/tables/PTP1B_step02_ligand_order_manifest.csv,/home/wms/AF2-test/AF2-CatGraph/data/PTP1B/02_templates/ligand.pdb,LIG,untrimmed_input,1,17,standard,dock_py_exact,True,single_chain_same_length_same_ordered_sequence,299,1.0,1.0,,passed,,2442,17,7,1.7145579575586352,2.256817222786684,2.256817222786684,10,True,"(0.0, 0.0, 0.0)",collision_py_exact,5.0,6.0,16,92.875,94.815,91.5,70.62,96.88,90.0,80.0,True,/home/wms/AF2-test/AF2-CatGraph/results/PTP1B/02_template_guided_docking/complexes/PTP1B_247_complex.pdb
248,PTP1B_248,PTP1B_248_complex.pdb,PTP1B,248,PTP1B.AF2rank248.pdb,PTP1B.AF2rank248,/home/wms/AF2-test/AF2-CatGraph/data/PTP1B/01_af2_new/PTP1B.AF2rank248.pdb,/home/wms/AF2-test/AF2-CatGraph/results/PTP1B/02_template_guided_docking/complexes/PTP1B_248_complex.pdb,/home/wms/AF2-test/AF2-CatGraph/data/PTP1B/02_templates/template.pdb,/home/wms/AF2-test/AF2-CatGraph/data/PTP1B/02_templates/ligand.pdb,results/PTP1B/02_template_guided_docking/tables/PTP1B_step02_ligand_order_manifest.csv,/home/wms/AF2-test/AF2-CatGraph/data/PTP1B/02_templates/ligand.pdb,LIG,untrimmed_input,1,17,standard,dock_py_exact,True,single_chain_same_length_same_ordered_sequence,299,1.0,1.0,,passed,,2442,17,8,1.510728803767881,2.4160968041100093,2.4160968041100093,10,True,"(0.0, 0.0, 0.0)",collision_py_exact,5.0,6.0,17,91.19411764705882,93.12,84.7,71.44,96.62,90.0,80.0,True,/home/wms/AF2-test/AF2-CatGraph/results/PTP1B/02_template_guided_docking/complexes/PTP1B_248_complex.pdb
249,PTP1B_249,PTP1B_249_complex.pdb,PTP1B,249,PTP1B.AF2rank249.pdb,PTP1B.AF2rank249,/home/wms/AF2-test/AF2-CatGraph/data/PTP1B/01_af2_new/PTP1B.AF2rank249.pdb,/home/wms/AF2-test/AF2-CatGraph/results/PTP1B/02_template_guided_docking/complexes/PTP1B_249_complex.pdb,/home/wms/AF2-test/AF2-CatGraph/data/PTP1B/02_templates/template.pdb,/home/wms/AF2-test/AF2-CatGraph/data/PTP1B/02_templates/ligand.pdb,results/PTP1B/02_template_guided_docking/tables/PTP1B_step02_ligand_order_manifest.csv,/home/wms/AF2-test/AF2-CatGraph/data/PTP1B/02_templates/ligand.pdb,LIG,untrimmed_input,1,17,standard,dock_py_exact,True,single_chain_same_length_same_ordered_sequence,299,1.0,1.0,,passed,,2442,17,6,2.1080198921844024,2.052963003213616,2.052963003213616,10,True,"(0.0, 0.0, 0.0)",collision_py_exact,5.0,6.0,17,91.95294117647057,94.88,84.704,70.12,97.75,90.0,80.0,True,/home/wms/AF2-test/AF2-CatGraph/results/PTP1B/02_template_guided_docking/complexes/PTP1B_249_complex.pdb
250,PTP1B_250,PTP1B_250_complex.pdb,PTP1B,250,PTP1B.AF2rank250.pdb,PTP1B.AF2rank250,/home/wms/AF2-test/AF2-CatGraph/data/PTP1B/01_af2_new/PTP1B.AF2rank250.pdb,/home/wms/AF2-test/AF2-CatGraph/results/PTP1B/02_template_guided_docking/complexes/PTP1B_250_complex.pdb,/home/wms/AF2-test/AF2-CatGraph/data/PTP1B/02_templates/template.pdb,/home/wms/AF2-test/AF2-CatGraph/data/PTP1B/02_templates/ligand.pdb,results/PTP1B/02_template_guided_docking/tables/PTP1B_step02_ligand_order_manifest.csv,/home/wms/AF2-test/AF2-CatGraph/data/PTP1B/02_templates/ligand.pdb,LIG,untrimmed_input,1,17,standard,dock_py_exact,True,single_chain_same_length_same_ordered_sequence,299,1.0,1.0,,passed,,2442,17,9,2.021862979018368,2.196578749995001,2.196578749995001,10,True,"(0.0, 0.0, 0.0)",collision_py_exact,5.0,6.0,17,91.80176470588236,94.06,85.474,70.38,97.25,90.0,80.0,True,/home/wms/AF2-test/AF2-CatGraph/results/PTP1B/02_template_guided_docking/complexes/PTP1B_250_complex.pdb
251,PTP1B_251,PTP1B_251_complex.pdb,PTP1B,251,PTP1B.AF2rank251.pdb,PTP1B.AF2rank251,/home/wms/AF2-test/AF2-CatGraph/data/PTP1B/01_af2_new/PTP1B.AF2rank251.pdb,/home/wms/AF2-test/AF2-CatGraph/results/PTP1B/02_template_guided_docking/complexes/PTP1B_251_complex.pdb,/home/wms/AF2-test/AF2-CatGraph/data/PTP1B/02_templates/template.pdb,/home/wms/AF2-test/AF2-CatGraph/data/PTP1B/02_templates/ligand.pdb,results/PTP1B/02_template_guided_docking/tables/PTP1B_step02_ligand_order_manifest.csv,/home/wms/AF2-test/AF2-CatGraph/data/PTP1B/02_templates/ligand.pdb,LIG,untrimmed_input,1,17,standard,dock_py_exact,True,single_chain_same_length_same_ordered_sequence,299,1.0,1.0,,passed,,2442,17,8,2.318812771564346,2.043780067668817,2.043780067668817,10,True,"(0.0, 0.0, 0.0)",collision_py_exact,5.0,6.0,17,91.73058823529412,94.81,83.848,68.12,97.12,90.0,80.0,True,/home/wms/AF2-test/AF2-CatGraph/results/PTP1B/02_template_guided_docking/complexes/PTP1B_251_complex.pdb
252,PTP1B_252,PTP1B_252_complex.pdb,PTP1B,252,PTP1B.AF2rank252.pdb,PTP1B.AF2rank252,/home/wms/AF2-test/AF2-CatGraph/data/PTP1B/01_af2_new/PTP1B.AF2rank252.pdb,/home/wms/AF2-test/AF2-CatGraph/results/PTP1B/02_template_guided_docking/complexes/PTP1B_252_complex.pdb,/home/wms/AF2-test/AF2-CatGraph/data/PTP1B/02_templates/template.pdb,/home/wms/AF2-test/AF2-CatGraph/data/PTP1B/02_templates/ligand.pdb,results/PTP1B/02_template_guided_docking/tables/PTP1B_step02_ligand_order_manifest.csv,/home/wms/AF2-test/AF2-CatGraph/data/PTP1B/02_templates/ligand.pdb,LIG,untrimmed_input,1,17,standard,dock_py_exact,True,single_chain_same_length_same_ordered_sequence,299,1.0,1.0,,passed,,2442,17,6,1.0243253357743227,2.4184432491413634,2.4184432491413634,10,True,"(0.0, 0.0, 0.0)",collision_py_exact,5.0,6.0,16,92.83937499999999,94.91,91.905,67.5,97.31,90.0,80.0,True,/home/wms/AF2-test/AF2-CatGraph/results/PTP1B/02_template_guided_docking/complexes/PTP1B_252_complex.pdb
253,PTP1B_253,PTP1B_253_complex.pdb,PTP1B,253,PTP1B.AF2rank253.pdb,PTP1B.AF2rank253,/home/wms/AF2-test/AF2-CatGraph/data/PTP1B/01_af2_new/PTP1B.AF2rank253.pdb,/home/wms/AF2-test/AF2-CatGraph/results/PTP1B/02_template_guided_docking/complexes/PTP1B_253_complex.pdb,/home/wms/AF2-test/AF2-CatGraph/data/PTP1B/02_templates/template.pdb,/home/wms/AF2-test/AF2-CatGraph/data/PTP1B/02_templates/ligand.pdb,results/PTP1B/02_template_guided_docking/tables/PTP1B_step02_ligand_order_manifest.csv,/home/wms/AF2-test/AF2-CatGraph/data/PTP1B/02_templates/ligand.pdb,LIG,untrimmed_input,1,17,standard,dock_py_exact,True,single_chain_same_length_same_ordered_sequence,299,1.0,1.0,,passed,,2442,17,7,2.135459998662713,2.065776918169754,2.065776918169754,10,True,"(0.0, 0.0, 0.0)",collision_py_exact,5.0,6.0,17,90.8229411764706,93.56,83.112,69.81,96.5,90.0,80.0,True,/home/wms/AF2-test/AF2-CatGraph/results/PTP1B/02_template_guided_docking/complexes/PTP1B_253_complex.pdb
254,PTP1B_254,PTP1B_254_complex.pdb,PTP1B,254,PTP1B.AF2rank254.pdb,PTP1B.AF2rank254,/home/wms/AF2-test/AF2-CatGraph/data/PTP1B/01_af2_new/PTP1B.AF2rank254.pdb,/home/wms/AF2-test/AF2-CatGraph/results/PTP1B/02_template_guided_docking/complexes/PTP1B_254_complex.pdb,/home/wms/AF2-test/AF2-CatGraph/data/PTP1B/02_templates/template.pdb,/home/wms/AF2-test/AF2-CatGraph/data/PTP1B/02_templates/ligand.pdb,results/PTP1B/02_template_guided_docking/tables/PTP1B_step02_ligand_order_manifest.csv,/home/wms/AF2-test/AF2-CatGraph/data/PTP1B/02_templates/ligand.pdb,LIG,untrimmed_input,1,17,standard,dock_py_exact,True,single_chain_same_length_same_ordered_sequence,299,1.0,1.0,,passed,,2442,17,7,1.2967232217196187,2.2678871872915303,2.2678871872915303,10,True,"(0.0, 0.0, 0.0)",collision_py_exact,5.0,6.0,17,93.00058823529412,95.12,87.262,75.12,97.44,90.0,80.0,True,/home/wms/AF2-test/AF2-CatGraph/results/PTP1B/02_template_guided_docking/complexes/PTP1B_254_complex.pdb
255,PTP1B_255,PTP1B_255_complex.pdb,PTP1B,255,PTP1B.AF2rank255.pdb,PTP1B.AF2rank255,/home/wms/AF2-test/AF2-CatGraph/data/PTP1B/01_af2_new/PTP1B.AF2rank255.pdb,/home/wms/AF2-test/AF2-CatGraph/results/PTP1B/02_template_guided_docking/complexes/PTP1B_255_complex.pdb,/home/wms/AF2-test/AF2-CatGraph/data/PTP1B/02_templates/template.pdb,/home/wms/AF2-test/AF2-CatGraph/data/PTP1B/02_templates/ligand.pdb,results/PTP1B/02_template_guided_docking/tables/PTP1B_step02_ligand_order_manifest.csv,/home/wms/AF2-test/AF2-CatGraph/data/PTP1B/02_templates/ligand.pdb,LIG,untrimmed_input,1,17,standard,dock_py_exact,True,single_chain_same_length_same_ordered_sequence,299,1.0,1.0,,passed,,2442,17,6,0.9767828065665514,2.2053313619327533,2.2053313619327533,10,True,"(0.0, 0.0, 0.0)",collision_py_exact,5.0,6.0,17,91.82941176470588,94.12,89.44,63.66,96.62,90.0,80.0,True,/home/wms/AF2-test/AF2-CatGraph/results/PTP1B/02_template_guided_docking/complexes/PTP1B_255_complex.pdb
256,PTP1B_256,PTP1B_256_complex.pdb,PTP1B,256,PTP1B.AF2rank256.pdb,PTP1B.AF2rank256,/home/wms/AF2-test/AF2-CatGraph/data/PTP1B/01_af2_new/PTP1B.AF2rank256.pdb,/home/wms/AF2-test/AF2-CatGraph/results/PTP1B/02_template_guided_docking/complexes/PTP1B_256_complex.pdb,/home/wms/AF2-test/AF2-CatGraph/data/PTP1B/02_templates/template.pdb,/home/wms/AF2-test/AF2-CatGraph/data/PTP1B/02_templates/ligand.pdb,results/PTP1B/02_template_guided_docking/tables/PTP1B_step02_ligand_order_manifest.csv,/home/wms/AF2-test/AF2-CatGraph/data/PTP1B/02_templates/ligand.pdb,LIG,untrimmed_input,1,17,standard,dock_py_exact,True,single_chain_same_length_same_ordered_sequence,299,1.0,1.0,,passed,,2442,17,9,2.059179529121913,2.0927937032018717,2.0927937032018717,10,True,"(0.0, 0.0, 0.0)",collision_py_exact,5.0,6.0,19,90.19315789473684,93.81,80.162,57.91,97.25,90.0,80.0,True,/home/wms/AF2-test/AF2-CatGraph/results/PTP1B/02_template_guided_docking/complexes/PTP1B_256_complex.pdb
257,PTP1B_257,PTP1B_257_complex.pdb,PTP1B,257,PTP1B.AF2rank257.pdb,PTP1B.AF2rank257,/home/wms/AF2-test/AF2-CatGraph/data/PTP1B/01_af2_new/PTP1B.AF2rank257.pdb,/home/wms/AF2-test/AF2-CatGraph/results/PTP1B/02_template_guided_docking/complexes/PTP1B_257_complex.pdb,/home/wms/AF2-test/AF2-CatGraph/data/PTP1B/02_templates/template.pdb,/home/wms/AF2-test/AF2-CatGraph/data/PTP1B/02_templates/ligand.pdb,results/PTP1B/02_template_guided_docking/tables/PTP1B_step02_ligand_order_manifest.csv,/home/wms/AF2-test/AF2-CatGraph/data/PTP1B/02_templates/ligand.pdb,LIG,untrimmed_input,1,17,standard,dock_py_exact,True,single_chain_same_length_same_ordered_sequence,299,1.0,1.0,,passed,,2442,17,8,1.3783680932494846,2.3722911938864044,2.3722911938864044,10,True,"(0.0, 0.0, 0.0)",collision_py_exact,5.0,6.0,17,90.86117647058823,92.69,85.09,72.0,96.44,90.0,80.0,True,/home/wms/AF2-test/AF2-CatGraph/results/PTP1B/02_template_guided_docking/complexes/PTP1B_257_complex.pdb
258,PTP1B_258,PTP1B_258_complex.pdb,PTP1B,258,PTP1B.AF2rank258.pdb,PTP1B.AF2rank258,/home/wms/AF2-test/AF2-CatGraph/data/PTP1B/01_af2_new/PTP1B.AF2rank258.pdb,/home/wms/AF2-test/AF2-CatGraph/results/PTP1B/02_template_guided_docking/complexes/PTP1B_258_complex.pdb,/home/wms/AF2-test/AF2-CatGraph/data/PTP1B/02_templates/template.pdb,/home/wms/AF2-test/AF2-CatGraph/data/PTP1B/02_templates/ligand.pdb,results/PTP1B/02_template_guided_docking/tables/PTP1B_step02_ligand_order_manifest.csv,/home/wms/AF2-test/AF2-CatGraph/data/PTP1B/02_templates/ligand.pdb,LIG,untrimmed_input,1,17,standard,dock_py_exact,True,single_chain_same_length_same_ordered_sequence,299,1.0,1.0,,passed,,2442,17,4,1.2194426436472523,2.208887223338272,2.208887223338272,10,True,"(0.0, 0.0, 0.0)",collision_py_exact,5.0,6.0,17,92.11823529411765,94.38,84.404,74.06,97.38,90.0,80.0,True,/home/wms/AF2-test/AF2-CatGraph/results/PTP1B/02_template_guided_docking/complexes/PTP1B_258_complex.pdb
259,PTP1B_259,PTP1B_259_complex.pdb,PTP1B,259,PTP1B.AF2rank259.pdb,PTP1B.AF2rank259,/home/wms/AF2-test/AF2-CatGraph/data/PTP1B/01_af2_new/PTP1B.AF2rank259.pdb,/home/wms/AF2-test/AF2-CatGraph/results/PTP1B/02_template_guided_docking/complexes/PTP1B_259_complex.pdb,/home/wms/AF2-test/AF2-CatGraph/data/PTP1B/02_templates/template.pdb,/home/wms/AF2-test/AF2-CatGraph/data/PTP1B/02_templates/ligand.pdb,results/PTP1B/02_template_guided_docking/tables/PTP1B_step02_ligand_order_manifest.csv,/home/wms/AF2-test/AF2-CatGraph/data/PTP1B/02_templates/ligand.pdb,LIG,untrimmed_input,1,17,standard,dock_py_exact,True,single_chain_same_length_same_ordered_sequence,299,1.0,1.0,,passed,,2442,17,8,1.6718479157601505,2.10820837689125,2.10820837689125,10,True,"(0.0, 0.0, 0.0)",collision_py_exact,5.0,6.0,17,93.79764705882353,95.44,88.06,84.0,97.94,90.0,80.0,True,/home/wms/AF2-test/AF2-CatGraph/results/PTP1B/02_template_guided_docking/complexes/PTP1B_259_complex.pdb
260,PTP1B_260,PTP1B_260_complex.pdb,PTP1B,260,PTP1B.AF2rank260.pdb,PTP1B.AF2rank260,/home/wms/AF2-test/AF2-CatGraph/data/PTP1B/01_af2_new/PTP1B.AF2rank260.pdb,/home/wms/AF2-test/AF2-CatGraph/results/PTP1B/02_template_guided_docking/complexes/PTP1B_260_complex.pdb,/home/wms/AF2-test/AF2-CatGraph/data/PTP1B/02_templates/template.pdb,/home/wms/AF2-test/AF2-CatGraph/data/PTP1B/02_templates/ligand.pdb,results/PTP1B/02_template_guided_docking/tables/PTP1B_step02_ligand_order_manifest.csv,/home/wms/AF2-test/AF2-CatGraph/data/PTP1B/02_templates/ligand.pdb,LIG,untrimmed_input,1,17,standard,dock_py_exact,True,single_chain_same_length_same_ordered_sequence,299,1.0,1.0,,passed,,2442,17,6,1.5472877489137669,2.0689335224918155,2.0689335224918155,10,True,"(0.0, 0.0, 0.0)",collision_py_exact,5.0,6.0,17,91.54764705882353,94.0,83.988,72.5,97.06,90.0,80.0,True,/home/wms/AF2-test/AF2-CatGraph/results/PTP1B/02_template_guided_docking/complexes/PTP1B_260_complex.pdb
262,PTP1B_262,PTP1B_262_complex.pdb,PTP1B,262,PTP1B.AF2rank262.pdb,PTP1B.AF2rank262,/home/wms/AF2-test/AF2-CatGraph/data/PTP1B/01_af2_new/PTP1B.AF2rank262.pdb,/home/wms/AF2-test/AF2-CatGraph/results/PTP1B/02_template_guided_docking/complexes/PTP1B_262_complex.pdb,/home/wms/AF2-test/AF2-CatGraph/data/PTP1B/02_templates/template.pdb,/home/wms/AF2-test/AF2-CatGraph/data/PTP1B/02_templates/ligand.pdb,results/PTP1B/02_template_guided_docking/tables/PTP1B_step02_ligand_order_manifest.csv,/home/wms/AF2-test/AF2-CatGraph/data/PTP1B/02_templates/ligand.pdb,LIG,untrimmed_input,1,17,standard,dock_py_exact,True,single_chain_same_length_same_ordered_sequence,299,1.0,1.0,,passed,,2442,17,10,1.9772420478262736,2.390929677675089,2.390929677675089,10,True,"(0.0, 0.0, 0.0)",collision_py_exact,5.0,6.0,17,91.60588235294118,93.62,86.036,72.06,96.5,90.0,80.0,True,/home/wms/AF2-test/AF2-CatGraph/results/PTP1B/02_template_guided_docking/complexes/PTP1B_262_complex.pdb
263,PTP1B_263,PTP1B_263_complex.pdb,PTP1B,263,PTP1B.AF2rank263.pdb,PTP1B.AF2rank263,/home/wms/AF2-test/AF2-CatGraph/data/PTP1B/01_af2_new/PTP1B.AF2rank263.pdb,/home/wms/AF2-test/AF2-CatGraph/results/PTP1B/02_template_guided_docking/complexes/PTP1B_263_complex.pdb,/home/wms/AF2-test/AF2-CatGraph/data/PTP1B/02_templates/template.pdb,/home/wms/AF2-test/AF2-CatGraph/data/PTP1B/02_templates/ligand.pdb,results/PTP1B/02_template_guided_docking/tables/PTP1B_step02_ligand_order_manifest.csv,/home/wms/AF2-test/AF2-CatGraph/data/PTP1B/02_templates/ligand.pdb,LIG,untrimmed_input,1,17,standard,dock_py_exact,True,single_chain_same_length_same_ordered_sequence,299,1.0,1.0,,passed,,2442,17,8,1.663150256815082,2.28526264676196,2.28526264676196,10,True,"(0.0, 0.0, 0.0)",collision_py_exact,5.0,6.0,17,92.0370588235294,94.25,85.884,73.75,96.94,90.0,80.0,True,/home/wms/AF2-test/AF2-CatGraph/results/PTP1B/02_template_guided_docking/complexes/PTP1B_263_complex.pdb
264,PTP1B_264,PTP1B_264_complex.pdb,PTP1B,264,PTP1B.AF2rank264.pdb,PTP1B.AF2rank264,/home/wms/AF2-test/AF2-CatGraph/data/PTP1B/01_af2_new/PTP1B.AF2rank264.pdb,/home/wms/AF2-test/AF2-CatGraph/results/PTP1B/02_template_guided_docking/complexes/PTP1B_264_complex.pdb,/home/wms/AF2-test/AF2-CatGraph/data/PTP1B/02_templates/template.pdb,/home/wms/AF2-test/AF2-CatGraph/data/PTP1B/02_templates/ligand.pdb,results/PTP1B/02_template_guided_docking/tables/PTP1B_step02_ligand_order_manifest.csv,/home/wms/AF2-test/AF2-CatGraph/data/PTP1B/02_templates/ligand.pdb,LIG,untrimmed_input,1,17,standard,dock_py_exact,True,single_chain_same_length_same_ordered_sequence,299,1.0,1.0,,passed,,2442,17,7,1.9786290153361663,2.022573133933021,2.022573133933021,10,True,"(0.0, 0.0, 0.0)",collision_py_exact,5.0,6.0,17,92.72294117647058,94.5,90.286,73.19,97.06,90.0,80.0,True,/home/wms/AF2-test/AF2-CatGraph/results/PTP1B/02_template_guided_docking/complexes/PTP1B_264_complex.pdb
265,PTP1B_265,PTP1B_265_complex.pdb,PTP1B,265,PTP1B.AF2rank265.pdb,PTP1B.AF2rank265,/home/wms/AF2-test/AF2-CatGraph/data/PTP1B/01_af2_new/PTP1B.AF2rank265.pdb,/home/wms/AF2-test/AF2-CatGraph/results/PTP1B/02_template_guided_docking/complexes/PTP1B_265_complex.pdb,/home/wms/AF2-test/AF2-CatGraph/data/PTP1B/02_templates/template.pdb,/home/wms/AF2-test/AF2-CatGraph/data/PTP1B/02_templates/ligand.pdb,results/PTP1B/02_template_guided_docking/tables/PTP1B_step02_ligand_order_manifest.csv,/home/wms/AF2-test/AF2-CatGraph/data/PTP1B/02_templates/ligand.pdb,LIG,untrimmed_input,1,17,standard,dock_py_exact,True,single_chain_same_length_same_ordered_sequence,299,1.0,1.0,,passed,,2442,17,8,1.4362571398402575,2.195529764934937,2.195529764934937,10,True,"(0.0, 0.0, 0.0)",collision_py_exact,5.0,6.0,17,91.57235294117648,94.19,85.384,70.19,96.69,90.0,80.0,True,/home/wms/AF2-test/AF2-CatGraph/results/PTP1B/02_template_guided_docking/complexes/PTP1B_265_complex.pdb
266,PTP1B_266,PTP1B_266_complex.pdb,PTP1B,266,PTP1B.AF2rank266.pdb,PTP1B.AF2rank266,/home/wms/AF2-test/AF2-CatGraph/data/PTP1B/01_af2_new/PTP1B.AF2rank266.pdb,/home/wms/AF2-test/AF2-CatGraph/results/PTP1B/02_template_guided_docking/complexes/PTP1B_266_complex.pdb,/home/wms/AF2-test/AF2-CatGraph/data/PTP1B/02_templates/template.pdb,/home/wms/AF2-test/AF2-CatGraph/data/PTP1B/02_templates/ligand.pdb,results/PTP1B/02_template_guided_docking/tables/PTP1B_step02_ligand_order_manifest.csv,/home/wms/AF2-test/AF2-CatGraph/data/PTP1B/02_templates/ligand.pdb,LIG,untrimmed_input,1,17,standard,dock_py_exact,True,single_chain_same_length_same_ordered_sequence,299,1.0,1.0,,passed,,2442,17,4,1.2253511038295155,2.1702245760659027,2.1702245760659027,10,True,"(0.0, 0.0, 0.0)",collision_py_exact,5.0,6.0,17,91.5035294117647,94.0,83.736,69.88,97.25,90.0,80.0,True,/home/wms/AF2-test/AF2-CatGraph/results/PTP1B/02_template_guided_docking/complexes/PTP1B_266_complex.pdb
267,PTP1B_267,PTP1B_267_complex.pdb,PTP1B,267,PTP1B.AF2rank267.pdb,PTP1B.AF2rank267,/home/wms/AF2-test/AF2-CatGraph/data/PTP1B/01_af2_new/PTP1B.AF2rank267.pdb,/home/wms/AF2-test/AF2-CatGraph/results/PTP1B/02_template_guided_docking/complexes/PTP1B_267_complex.pdb,/home/wms/AF2-test/AF2-CatGraph/data/PTP1B/02_templates/template.pdb,/home/wms/AF2-test/AF2-CatGraph/data/PTP1B/02_templates/ligand.pdb,results/PTP1B/02_template_guided_docking/tables/PTP1B_step02_ligand_order_manifest.csv,/home/wms/AF2-test/AF2-CatGraph/data/PTP1B/02_templates/ligand.pdb,LIG,untrimmed_input,1,17,standard,dock_py_exact,True,single_chain_same_length_same_ordered_sequence,299,1.0,1.0,,passed,,2442,17,10,1.52090881694693,2.4180780708261143,2.4180780708261143,10,True,"(0.0, 0.0, 0.0)",collision_py_exact,5.0,6.0,18,91.27888888888889,92.91,85.876,74.0,96.88,90.0,80.0,True,/home/wms/AF2-test/AF2-CatGraph/results/PTP1B/02_template_guided_docking/complexes/PTP1B_267_complex.pdb
268,PTP1B_268,PTP1B_268_complex.pdb,PTP1B,268,PTP1B.AF2rank268.pdb,PTP1B.AF2rank268,/home/wms/AF2-test/AF2-CatGraph/data/PTP1B/01_af2_new/PTP1B.AF2rank268.pdb,/home/wms/AF2-test/AF2-CatGraph/results/PTP1B/02_template_guided_docking/complexes/PTP1B_268_complex.pdb,/home/wms/AF2-test/AF2-CatGraph/data/PTP1B/02_templates/template.pdb,/home/wms/AF2-test/AF2-CatGraph/data/PTP1B/02_templates/ligand.pdb,results/PTP1B/02_template_guided_docking/tables/PTP1B_step02_ligand_order_manifest.csv,/home/wms/AF2-test/AF2-CatGraph/data/PTP1B/02_templates/ligand.pdb,LIG,untrimmed_input,1,17,standard,dock_py_exact,True,single_chain_same_length_same_ordered_sequence,299,1.0,1.0,,passed,,2442,17,5,1.2684689897774306,2.040350100327429,2.040350100327429,10,True,"(0.0, 0.0, 0.0)",collision_py_exact,5.0,6.0,17,91.57882352941176,93.5,85.704,71.75,97.0,90.0,80.0,True,/home/wms/AF2-test/AF2-CatGraph/results/PTP1B/02_template_guided_docking/complexes/PTP1B_268_complex.pdb
269,PTP1B_269,PTP1B_269_complex.pdb,PTP1B,269,PTP1B.AF2rank269.pdb,PTP1B.AF2rank269,/home/wms/AF2-test/AF2-CatGraph/data/PTP1B/01_af2_new/PTP1B.AF2rank269.pdb,/home/wms/AF2-test/AF2-CatGraph/results/PTP1B/02_template_guided_docking/complexes/PTP1B_269_complex.pdb,/home/wms/AF2-test/AF2-CatGraph/data/PTP1B/02_templates/template.pdb,/home/wms/AF2-test/AF2-CatGraph/data/PTP1B/02_templates/ligand.pdb,results/PTP1B/02_template_guided_docking/tables/PTP1B_step02_ligand_order_manifest.csv,/home/wms/AF2-test/AF2-CatGraph/data/PTP1B/02_templates/ligand.pdb,LIG,untrimmed_input,1,17,standard,dock_py_exact,True,single_chain_same_length_same_ordered_sequence,299,1.0,1.0,,passed,,2442,17,9,1.5680846246114748,2.227889487337127,2.227889487337127,10,True,"(0.0, 0.0, 0.0)",collision_py_exact,5.0,6.0,17,92.04,94.69,84.596,71.44,97.0,90.0,80.0,True,/home/wms/AF2-test/AF2-CatGraph/results/PTP1B/02_template_guided_docking/complexes/PTP1B_269_complex.pdb
271,PTP1B_271,PTP1B_271_complex.pdb,PTP1B,271,PTP1B.AF2rank271.pdb,PTP1B.AF2rank271,/home/wms/AF2-test/AF2-CatGraph/data/PTP1B/01_af2_new/PTP1B.AF2rank271.pdb,/home/wms/AF2-test/AF2-CatGraph/results/PTP1B/02_template_guided_docking/complexes/PTP1B_271_complex.pdb,/home/wms/AF2-test/AF2-CatGraph/data/PTP1B/02_templates/template.pdb,/home/wms/AF2-test/AF2-CatGraph/data/PTP1B/02_templates/ligand.pdb,results/PTP1B/02_template_guided_docking/tables/PTP1B_step02_ligand_order_manifest.csv,/home/wms/AF2-test/AF2-CatGraph/data/PTP1B/02_templates/ligand.pdb,LIG,untrimmed_input,1,17,standard,dock_py_exact,True,single_chain_same_length_same_ordered_sequence,299,1.0,1.0,,passed,,2442,17,8,2.0544396373351512,2.0775629587726216,2.0775629587726216,10,True,"(0.0, 0.0, 0.0)",collision_py_exact,5.0,6.0,16,92.341875,94.38,90.535,68.5,96.69,90.0,80.0,True,/home/wms/AF2-test/AF2-CatGraph/results/PTP1B/02_template_guided_docking/complexes/PTP1B_271_complex.pdb
273,PTP1B_273,PTP1B_273_complex.pdb,PTP1B,273,PTP1B.AF2rank273.pdb,PTP1B.AF2rank273,/home/wms/AF2-test/AF2-CatGraph/data/PTP1B/01_af2_new/PTP1B.AF2rank273.pdb,/home/wms/AF2-test/AF2-CatGraph/results/PTP1B/02_template_guided_docking/complexes/PTP1B_273_complex.pdb,/home/wms/AF2-test/AF2-CatGraph/data/PTP1B/02_templates/template.pdb,/home/wms/AF2-test/AF2-CatGraph/data/PTP1B/02_templates/ligand.pdb,results/PTP1B/02_template_guided_docking/tables/PTP1B_step02_ligand_order_manifest.csv,/home/wms/AF2-test/AF2-CatGraph/data/PTP1B/02_templates/ligand.pdb,LIG,untrimmed_input,1,17,standard,dock_py_exact,True,single_chain_same_length_same_ordered_sequence,299,1.0,1.0,,passed,,2442,17,9,2.1334700206105444,2.2921931492141643,2.2921931492141643,10,True,"(0.0, 0.0, 0.0)",collision_py_exact,5.0,6.0,17,92.65470588235293,94.62,87.388,75.81,97.25,90.0,80.0,True,/home/wms/AF2-test/AF2-CatGraph/results/PTP1B/02_template_guided_docking/complexes/PTP1B_273_complex.pdb
274,PTP1B_274,PTP1B_274_complex.pdb,PTP1B,274,PTP1B.AF2rank274.pdb,PTP1B.AF2rank274,/home/wms/AF2-test/AF2-CatGraph/data/PTP1B/01_af2_new/PTP1B.AF2rank274.pdb,/home/wms/AF2-test/AF2-CatGraph/results/PTP1B/02_template_guided_docking/complexes/PTP1B_274_complex.pdb,/home/wms/AF2-test/AF2-CatGraph/data/PTP1B/02_templates/template.pdb,/home/wms/AF2-test/AF2-CatGraph/data/PTP1B/02_templates/ligand.pdb,results/PTP1B/02_template_guided_docking/tables/PTP1B_step02_ligand_order_manifest.csv,/home/wms/AF2-test/AF2-CatGraph/data/PTP1B/02_templates/ligand.pdb,LIG,untrimmed_input,1,17,standard,dock_py_exact,True,single_chain_same_length_same_ordered_sequence,299,1.0,1.0,,passed,,2442,17,5,1.0980363463441387,2.4480828836691595,2.4480828836691595,10,True,"(0.0, 0.0, 0.0)",collision_py_exact,5.0,6.0,17,90.75411764705883,93.69,83.486,69.69,96.0,90.0,80.0,True,/home/wms/AF2-test/AF2-CatGraph/results/PTP1B/02_template_guided_docking/complexes/PTP1B_274_complex.pdb
275,PTP1B_275,PTP1B_275_complex.pdb,PTP1B,275,PTP1B.AF2rank275.pdb,PTP1B.AF2rank275,/home/wms/AF2-test/AF2-CatGraph/data/PTP1B/01_af2_new/PTP1B.AF2rank275.pdb,/home/wms/AF2-test/AF2-CatGraph/results/PTP1B/02_template_guided_docking/complexes/PTP1B_275_complex.pdb,/home/wms/AF2-test/AF2-CatGraph/data/PTP1B/02_templates/template.pdb,/home/wms/AF2-test/AF2-CatGraph/data/PTP1B/02_templates/ligand.pdb,results/PTP1B/02_template_guided_docking/tables/PTP1B_step02_ligand_order_manifest.csv,/home/wms/AF2-test/AF2-CatGraph/data/PTP1B/02_templates/ligand.pdb,LIG,untrimmed_input,1,17,standard,dock_py_exact,True,single_chain_same_length_same_ordered_sequence,299,1.0,1.0,,passed,,2442,17,8,2.378708637565563,2.2759774292279307,2.2759774292279307,10,True,"(0.0, 0.0, 0.0)",collision_py_exact,5.0,6.0,17,91.62058823529412,94.5,84.762,71.69,96.75,90.0,80.0,True,/home/wms/AF2-test/AF2-CatGraph/results/PTP1B/02_template_guided_docking/complexes/PTP1B_275_complex.pdb
276,PTP1B_276,PTP1B_276_complex.pdb,PTP1B,276,PTP1B.AF2rank276.pdb,PTP1B.AF2rank276,/home/wms/AF2-test/AF2-CatGraph/data/PTP1B/01_af2_new/PTP1B.AF2rank276.pdb,/home/wms/AF2-test/AF2-CatGraph/results/PTP1B/02_template_guided_docking/complexes/PTP1B_276_complex.pdb,/home/wms/AF2-test/AF2-CatGraph/data/PTP1B/02_templates/template.pdb,/home/wms/AF2-test/AF2-CatGraph/data/PTP1B/02_templates/ligand.pdb,results/PTP1B/02_template_guided_docking/tables/PTP1B_step02_ligand_order_manifest.csv,/home/wms/AF2-test/AF2-CatGraph/data/PTP1B/02_templates/ligand.pdb,LIG,untrimmed_input,1,17,standard,dock_py_exact,True,single_chain_same_length_same_ordered_sequence,299,1.0,1.0,,passed,,2442,17,6,1.06196182906077,2.338362340255837,2.338362340255837,10,True,"(0.0, 0.0, 0.0)",collision_py_exact,5.0,6.0,17,92.41176470588235,94.94,85.44800000000001,74.25,97.25,90.0,80.0,True,/home/wms/AF2-test/AF2-CatGraph/results/PTP1B/02_template_guided_docking/complexes/PTP1B_276_complex.pdb
277,PTP1B_277,PTP1B_277_complex.pdb,PTP1B,277,PTP1B.AF2rank277.pdb,PTP1B.AF2rank277,/home/wms/AF2-test/AF2-CatGraph/data/PTP1B/01_af2_new/PTP1B.AF2rank277.pdb,/home/wms/AF2-test/AF2-CatGraph/results/PTP1B/02_template_guided_docking/complexes/PTP1B_277_complex.pdb,/home/wms/AF2-test/AF2-CatGraph/data/PTP1B/02_templates/template.pdb,/home/wms/AF2-test/AF2-CatGraph/data/PTP1B/02_templates/ligand.pdb,results/PTP1B/02_template_guided_docking/tables/PTP1B_step02_ligand_order_manifest.csv,/home/wms/AF2-test/AF2-CatGraph/data/PTP1B/02_templates/ligand.pdb,LIG,untrimmed_input,1,17,standard,dock_py_exact,True,single_chain_same_length_same_ordered_sequence,299,1.0,1.0,,passed,,2442,17,5,1.2790883626708762,2.239646633474879,2.239646633474879,10,True,"(0.0, 0.0, 0.0)",collision_py_exact,5.0,6.0,17,92.86,94.5,87.674,78.5,97.25,90.0,80.0,True,/home/wms/AF2-test/AF2-CatGraph/results/PTP1B/02_template_guided_docking/complexes/PTP1B_277_complex.pdb
278,PTP1B_278,PTP1B_278_complex.pdb,PTP1B,278,PTP1B.AF2rank278.pdb,PTP1B.AF2rank278,/home/wms/AF2-test/AF2-CatGraph/data/PTP1B/01_af2_new/PTP1B.AF2rank278.pdb,/home/wms/AF2-test/AF2-CatGraph/results/PTP1B/02_template_guided_docking/complexes/PTP1B_278_complex.pdb,/home/wms/AF2-test/AF2-CatGraph/data/PTP1B/02_templates/template.pdb,/home/wms/AF2-test/AF2-CatGraph/data/PTP1B/02_templates/ligand.pdb,results/PTP1B/02_template_guided_docking/tables/PTP1B_step02_ligand_order_manifest.csv,/home/wms/AF2-test/AF2-CatGraph/data/PTP1B/02_templates/ligand.pdb,LIG,untrimmed_input,1,17,standard,dock_py_exact,True,single_chain_same_length_same_ordered_sequence,299,1.0,1.0,,passed,,2442,17,4,0.5997494391784297,2.345374741526898,2.345374741526898,10,True,"(0.0, 0.0, 0.0)",collision_py_exact,5.0,6.0,17,93.45705882352941,95.56,87.624,76.44,97.81,90.0,80.0,True,/home/wms/AF2-test/AF2-CatGraph/results/PTP1B/02_template_guided_docking/complexes/PTP1B_278_complex.pdb
279,PTP1B_279,PTP1B_279_complex.pdb,PTP1B,279,PTP1B.AF2rank279.pdb,PTP1B.AF2rank279,/home/wms/AF2-test/AF2-CatGraph/data/PTP1B/01_af2_new/PTP1B.AF2rank279.pdb,/home/wms/AF2-test/AF2-CatGraph/results/PTP1B/02_template_guided_docking/complexes/PTP1B_279_complex.pdb,/home/wms/AF2-test/AF2-CatGraph/data/PTP1B/02_templates/template.pdb,/home/wms/AF2-test/AF2-CatGraph/data/PTP1B/02_templates/ligand.pdb,results/PTP1B/02_template_guided_docking/tables/PTP1B_step02_ligand_order_manifest.csv,/home/wms/AF2-test/AF2-CatGraph/data/PTP1B/02_templates/ligand.pdb,LIG,untrimmed_input,1,17,standard,dock_py_exact,True,single_chain_same_length_same_ordered_sequence,299,1.0,1.0,,passed,,2442,17,7,1.4450704517762314,2.329871463627448,2.329871463627448,10,True,"(0.0, 0.0, 0.0)",collision_py_exact,5.0,6.0,16,92.846875,94.845,90.095,70.81,97.38,90.0,80.0,True,/home/wms/AF2-test/AF2-CatGraph/results/PTP1B/02_template_guided_docking/complexes/PTP1B_279_complex.pdb
280,PTP1B_280,PTP1B_280_complex.pdb,PTP1B,280,PTP1B.AF2rank280.pdb,PTP1B.AF2rank280,/home/wms/AF2-test/AF2-CatGraph/data/PTP1B/01_af2_new/PTP1B.AF2rank280.pdb,/home/wms/AF2-test/AF2-CatGraph/results/PTP1B/02_template_guided_docking/complexes/PTP1B_280_complex.pdb,/home/wms/AF2-test/AF2-CatGraph/data/PTP1B/02_templates/template.pdb,/home/wms/AF2-test/AF2-CatGraph/data/PTP1B/02_templates/ligand.pdb,results/PTP1B/02_template_guided_docking/tables/PTP1B_step02_ligand_order_manifest.csv,/home/wms/AF2-test/AF2-CatGraph/data/PTP1B/02_templates/ligand.pdb,LIG,untrimmed_input,1,17,standard,dock_py_exact,True,single_chain_same_length_same_ordered_sequence,299,1.0,1.0,,passed,,2442,17,7,1.578496304986894,2.1183221722737047,2.1183221722737047,10,True,"(0.0, 0.0, 0.0)",collision_py_exact,5.0,6.0,17,90.60411764705883,93.81,82.26599999999999,66.0,96.25,90.0,80.0,True,/home/wms/AF2-test/AF2-CatGraph/results/PTP1B/02_template_guided_docking/complexes/PTP1B_280_complex.pdb
281,PTP1B_281,PTP1B_281_complex.pdb,PTP1B,281,PTP1B.AF2rank281.pdb,PTP1B.AF2rank281,/home/wms/AF2-test/AF2-CatGraph/data/PTP1B/01_af2_new/PTP1B.AF2rank281.pdb,/home/wms/AF2-test/AF2-CatGraph/results/PTP1B/02_template_guided_docking/complexes/PTP1B_281_complex.pdb,/home/wms/AF2-test/AF2-CatGraph/data/PTP1B/02_templates/template.pdb,/home/wms/AF2-test/AF2-CatGraph/data/PTP1B/02_templates/ligand.pdb,results/PTP1B/02_template_guided_docking/tables/PTP1B_step02_ligand_order_manifest.csv,/home/wms/AF2-test/AF2-CatGraph/data/PTP1B/02_templates/ligand.pdb,LIG,untrimmed_input,1,17,standard,dock_py_exact,True,single_chain_same_length_same_ordered_sequence,299,1.0,1.0,,passed,,2442,17,9,2.319278125481379,2.209320274377683,2.209320274377683,10,True,"(0.0, 0.0, 0.0)",collision_py_exact,5.0,6.0,17,91.70823529411764,93.81,86.21000000000001,71.12,96.75,90.0,80.0,True,/home/wms/AF2-test/AF2-CatGraph/results/PTP1B/02_template_guided_docking/complexes/PTP1B_281_complex.pdb
282,PTP1B_282,PTP1B_282_complex.pdb,PTP1B,282,PTP1B.AF2rank282.pdb,PTP1B.AF2rank282,/home/wms/AF2-test/AF2-CatGraph/data/PTP1B/01_af2_new/PTP1B.AF2rank282.pdb,/home/wms/AF2-test/AF2-CatGraph/results/PTP1B/02_template_guided_docking/complexes/PTP1B_282_complex.pdb,/home/wms/AF2-test/AF2-CatGraph/data/PTP1B/02_templates/template.pdb,/home/wms/AF2-test/AF2-CatGraph/data/PTP1B/02_templates/ligand.pdb,results/PTP1B/02_template_guided_docking/tables/PTP1B_step02_ligand_order_manifest.csv,/home/wms/AF2-test/AF2-CatGraph/data/PTP1B/02_templates/ligand.pdb,LIG,untrimmed_input,1,17,standard,dock_py_exact,True,single_chain_same_length_same_ordered_sequence,299,1.0,1.0,,passed,,2442,17,10,2.402000373167578,2.1708401360905976,2.1708401360905976,10,True,"(0.0, 0.0, 0.0)",collision_py_exact,5.0,6.0,17,92.47,94.38,86.97200000000001,74.81,97.06,90.0,80.0,True,/home/wms/AF2-test/AF2-CatGraph/results/PTP1B/02_template_guided_docking/complexes/PTP1B_282_complex.pdb
283,PTP1B_283,PTP1B_283_complex.pdb,PTP1B,283,PTP1B.AF2rank283.pdb,PTP1B.AF2rank283,/home/wms/AF2-test/AF2-CatGraph/data/PTP1B/01_af2_new/PTP1B.AF2rank283.pdb,/home/wms/AF2-test/AF2-CatGraph/results/PTP1B/02_template_guided_docking/complexes/PTP1B_283_complex.pdb,/home/wms/AF2-test/AF2-CatGraph/data/PTP1B/02_templates/template.pdb,/home/wms/AF2-test/AF2-CatGraph/data/PTP1B/02_templates/ligand.pdb,results/PTP1B/02_template_guided_docking/tables/PTP1B_step02_ligand_order_manifest.csv,/home/wms/AF2-test/AF2-CatGraph/data/PTP1B/02_templates/ligand.pdb,LIG,untrimmed_input,1,17,standard,dock_py_exact,True,single_chain_same_length_same_ordered_sequence,299,1.0,1.0,,passed,,2442,17,9,2.0715158647947014,2.1208018814112126,2.1208018814112126,10,True,"(0.0, 0.0, 0.0)",collision_py_exact,5.0,6.0,17,91.2464705882353,92.69,86.288,76.19,96.06,90.0,80.0,True,/home/wms/AF2-test/AF2-CatGraph/results/PTP1B/02_template_guided_docking/complexes/PTP1B_283_complex.pdb
284,PTP1B_284,PTP1B_284_complex.pdb,PTP1B,284,PTP1B.AF2rank284.pdb,PTP1B.AF2rank284,/home/wms/AF2-test/AF2-CatGraph/data/PTP1B/01_af2_new/PTP1B.AF2rank284.pdb,/home/wms/AF2-test/AF2-CatGraph/results/PTP1B/02_template_guided_docking/complexes/PTP1B_284_complex.pdb,/home/wms/AF2-test/AF2-CatGraph/data/PTP1B/02_templates/template.pdb,/home/wms/AF2-test/AF2-CatGraph/data/PTP1B/02_templates/ligand.pdb,results/PTP1B/02_template_guided_docking/tables/PTP1B_step02_ligand_order_manifest.csv,/home/wms/AF2-test/AF2-CatGraph/data/PTP1B/02_templates/ligand.pdb,LIG,untrimmed_input,1,17,standard,dock_py_exact,True,single_chain_same_length_same_ordered_sequence,299,1.0,1.0,,passed,,2442,17,8,1.196372753373737,2.432320103666624,2.432320103666624,10,True,"(0.0, 0.0, 0.0)",collision_py_exact,5.0,6.0,17,91.46764705882353,94.0,85.714,70.25,96.38,90.0,80.0,True,/home/wms/AF2-test/AF2-CatGraph/results/PTP1B/02_template_guided_docking/complexes/PTP1B_284_complex.pdb
285,PTP1B_285,PTP1B_285_complex.pdb,PTP1B,285,PTP1B.AF2rank285.pdb,PTP1B.AF2rank285,/home/wms/AF2-test/AF2-CatGraph/data/PTP1B/01_af2_new/PTP1B.AF2rank285.pdb,/home/wms/AF2-test/AF2-CatGraph/results/PTP1B/02_template_guided_docking/complexes/PTP1B_285_complex.pdb,/home/wms/AF2-test/AF2-CatGraph/data/PTP1B/02_templates/template.pdb,/home/wms/AF2-test/AF2-CatGraph/data/PTP1B/02_templates/ligand.pdb,results/PTP1B/02_template_guided_docking/tables/PTP1B_step02_ligand_order_manifest.csv,/home/wms/AF2-test/AF2-CatGraph/data/PTP1B/02_templates/ligand.pdb,LIG,untrimmed_input,1,17,standard,dock_py_exact,True,single_chain_same_length_same_ordered_sequence,299,1.0,1.0,,passed,,2442,17,10,1.6827692823148404,2.2150532651623798,2.2150532651623798,10,True,"(0.0, 0.0, 0.0)",collision_py_exact,5.0,6.0,17,91.05117647058823,94.5,82.252,66.5,96.56,90.0,80.0,True,/home/wms/AF2-test/AF2-CatGraph/results/PTP1B/02_template_guided_docking/complexes/PTP1B_285_complex.pdb
286,PTP1B_286,PTP1B_286_complex.pdb,PTP1B,286,PTP1B.AF2rank286.pdb,PTP1B.AF2rank286,/home/wms/AF2-test/AF2-CatGraph/data/PTP1B/01_af2_new/PTP1B.AF2rank286.pdb,/home/wms/AF2-test/AF2-CatGraph/results/PTP1B/02_template_guided_docking/complexes/PTP1B_286_complex.pdb,/home/wms/AF2-test/AF2-CatGraph/data/PTP1B/02_templates/template.pdb,/home/wms/AF2-test/AF2-CatGraph/data/PTP1B/02_templates/ligand.pdb,results/PTP1B/02_template_guided_docking/tables/PTP1B_step02_ligand_order_manifest.csv,/home/wms/AF2-test/AF2-CatGraph/data/PTP1B/02_templates/ligand.pdb,LIG,untrimmed_input,1,17,standard,dock_py_exact,True,single_chain_same_length_same_ordered_sequence,299,1.0,1.0,,passed,,2442,17,9,1.7273211906670158,2.290350487583169,2.290350487583169,10,True,"(0.0, 0.0, 0.0)",collision_py_exact,5.0,6.0,17,91.11,94.5,81.852,70.0,96.38,90.0,80.0,True,/home/wms/AF2-test/AF2-CatGraph/results/PTP1B/02_template_guided_docking/complexes/PTP1B_286_complex.pdb
288,PTP1B_288,PTP1B_288_complex.pdb,PTP1B,288,PTP1B.AF2rank288.pdb,PTP1B.AF2rank288,/home/wms/AF2-test/AF2-CatGraph/data/PTP1B/01_af2_new/PTP1B.AF2rank288.pdb,/home/wms/AF2-test/AF2-CatGraph/results/PTP1B/02_template_guided_docking/complexes/PTP1B_288_complex.pdb,/home/wms/AF2-test/AF2-CatGraph/data/PTP1B/02_templates/template.pdb,/home/wms/AF2-test/AF2-CatGraph/data/PTP1B/02_templates/ligand.pdb,results/PTP1B/02_template_guided_docking/tables/PTP1B_step02_ligand_order_manifest.csv,/home/wms/AF2-test/AF2-CatGraph/data/PTP1B/02_templates/ligand.pdb,LIG,untrimmed_input,1,17,standard,dock_py_exact,True,single_chain_same_length_same_ordered_sequence,299,1.0,1.0,,passed,,2442,17,8,1.1268745721918574,2.4068776265858074,2.4068776265858074,10,True,"(0.0, 0.0, 0.0)",collision_py_exact,5.0,6.0,17,92.26117647058823,94.06,89.724,69.88,96.88,90.0,80.0,True,/home/wms/AF2-test/AF2-CatGraph/results/PTP1B/02_template_guided_docking/complexes/PTP1B_288_complex.pdb
289,PTP1B_289,PTP1B_289_complex.pdb,PTP1B,289,PTP1B.AF2rank289.pdb,PTP1B.AF2rank289,/home/wms/AF2-test/AF2-CatGraph/data/PTP1B/01_af2_new/PTP1B.AF2rank289.pdb,/home/wms/AF2-test/AF2-CatGraph/results/PTP1B/02_template_guided_docking/complexes/PTP1B_289_complex.pdb,/home/wms/AF2-test/AF2-CatGraph/data/PTP1B/02_templates/template.pdb,/home/wms/AF2-test/AF2-CatGraph/data/PTP1B/02_templates/ligand.pdb,results/PTP1B/02_template_guided_docking/tables/PTP1B_step02_ligand_order_manifest.csv,/home/wms/AF2-test/AF2-CatGraph/data/PTP1B/02_templates/ligand.pdb,LIG,untrimmed_input,1,17,standard,dock_py_exact,True,single_chain_same_length_same_ordered_sequence,299,1.0,1.0,,passed,,2442,17,6,1.5582053580344768,2.1603165165104103,2.1603165165104103,10,True,"(0.0, 0.0, 0.0)",collision_py_exact,5.0,6.0,17,90.82705882352943,94.44,81.05,64.69,96.94,90.0,80.0,True,/home/wms/AF2-test/AF2-CatGraph/results/PTP1B/02_template_guided_docking/complexes/PTP1B_289_complex.pdb
290,PTP1B_290,PTP1B_290_complex.pdb,PTP1B,290,PTP1B.AF2rank290.pdb,PTP1B.AF2rank290,/home/wms/AF2-test/AF2-CatGraph/data/PTP1B/01_af2_new/PTP1B.AF2rank290.pdb,/home/wms/AF2-test/AF2-CatGraph/results/PTP1B/02_template_guided_docking/complexes/PTP1B_290_complex.pdb,/home/wms/AF2-test/AF2-CatGraph/data/PTP1B/02_templates/template.pdb,/home/wms/AF2-test/AF2-CatGraph/data/PTP1B/02_templates/ligand.pdb,results/PTP1B/02_template_guided_docking/tables/PTP1B_step02_ligand_order_manifest.csv,/home/wms/AF2-test/AF2-CatGraph/data/PTP1B/02_templates/ligand.pdb,LIG,untrimmed_input,1,17,standard,dock_py_exact,True,single_chain_same_length_same_ordered_sequence,299,1.0,1.0,,passed,,2442,17,10,1.8355689573823213,2.2893635481816017,2.2893635481816017,10,True,"(0.0, 0.0, 0.0)",collision_py_exact,5.0,6.0,17,91.28294117647059,92.75,85.89,72.5,96.38,90.0,80.0,True,/home/wms/AF2-test/AF2-CatGraph/results/PTP1B/02_template_guided_docking/complexes/PTP1B_290_complex.pdb
291,PTP1B_291,PTP1B_291_complex.pdb,PTP1B,291,PTP1B.AF2rank291.pdb,PTP1B.AF2rank291,/home/wms/AF2-test/AF2-CatGraph/data/PTP1B/01_af2_new/PTP1B.AF2rank291.pdb,/home/wms/AF2-test/AF2-CatGraph/results/PTP1B/02_template_guided_docking/complexes/PTP1B_291_complex.pdb,/home/wms/AF2-test/AF2-CatGraph/data/PTP1B/02_templates/template.pdb,/home/wms/AF2-test/AF2-CatGraph/data/PTP1B/02_templates/ligand.pdb,results/PTP1B/02_template_guided_docking/tables/PTP1B_step02_ligand_order_manifest.csv,/home/wms/AF2-test/AF2-CatGraph/data/PTP1B/02_templates/ligand.pdb,LIG,untrimmed_input,1,17,standard,dock_py_exact,True,single_chain_same_length_same_ordered_sequence,299,1.0,1.0,,passed,,2442,17,9,2.268343126201237,2.08925173911427,2.08925173911427,10,True,"(0.0, 0.0, 0.0)",collision_py_exact,5.0,6.0,16,91.625625,93.565,89.685,70.62,96.19,90.0,80.0,True,/home/wms/AF2-test/AF2-CatGraph/results/PTP1B/02_template_guided_docking/complexes/PTP1B_291_complex.pdb
292,PTP1B_292,PTP1B_292_complex.pdb,PTP1B,292,PTP1B.AF2rank292.pdb,PTP1B.AF2rank292,/home/wms/AF2-test/AF2-CatGraph/data/PTP1B/01_af2_new/PTP1B.AF2rank292.pdb,/home/wms/AF2-test/AF2-CatGraph/results/PTP1B/02_template_guided_docking/complexes/PTP1B_292_complex.pdb,/home/wms/AF2-test/AF2-CatGraph/data/PTP1B/02_templates/template.pdb,/home/wms/AF2-test/AF2-CatGraph/data/PTP1B/02_templates/ligand.pdb,results/PTP1B/02_template_guided_docking/tables/PTP1B_step02_ligand_order_manifest.csv,/home/wms/AF2-test/AF2-CatGraph/data/PTP1B/02_templates/ligand.pdb,LIG,untrimmed_input,1,17,standard,dock_py_exact,True,single_chain_same_length_same_ordered_sequence,299,1.0,1.0,,passed,,2442,17,7,1.7329674846262275,2.324349541341165,2.324349541341165,10,True,"(0.0, 0.0, 0.0)",collision_py_exact,5.0,6.0,17,91.83470588235295,94.25,85.52000000000001,72.75,97.12,90.0,80.0,True,/home/wms/AF2-test/AF2-CatGraph/results/PTP1B/02_template_guided_docking/complexes/PTP1B_292_complex.pdb
293,PTP1B_293,PTP1B_293_complex.pdb,PTP1B,293,PTP1B.AF2rank293.pdb,PTP1B.AF2rank293,/home/wms/AF2-test/AF2-CatGraph/data/PTP1B/01_af2_new/PTP1B.AF2rank293.pdb,/home/wms/AF2-test/AF2-CatGraph/results/PTP1B/02_template_guided_docking/complexes/PTP1B_293_complex.pdb,/home/wms/AF2-test/AF2-CatGraph/data/PTP1B/02_templates/template.pdb,/home/wms/AF2-test/AF2-CatGraph/data/PTP1B/02_templates/ligand.pdb,results/PTP1B/02_template_guided_docking/tables/PTP1B_step02_ligand_order_manifest.csv,/home/wms/AF2-test/AF2-CatGraph/data/PTP1B/02_templates/ligand.pdb,LIG,untrimmed_input,1,17,standard,dock_py_exact,True,single_chain_same_length_same_ordered_sequence,299,1.0,1.0,,passed,,2442,17,7,1.6991434695647285,2.242466007025273,2.242466007025273,10,True,"(0.0, 0.0, 0.0)",collision_py_exact,5.0,6.0,16,90.719375,92.91,83.5,72.19,95.31,90.0,80.0,True,/home/wms/AF2-test/AF2-CatGraph/results/PTP1B/02_template_guided_docking/complexes/PTP1B_293_complex.pdb
294,PTP1B_294,PTP1B_294_complex.pdb,PTP1B,294,PTP1B.AF2rank294.pdb,PTP1B.AF2rank294,/home/wms/AF2-test/AF2-CatGraph/data/PTP1B/01_af2_new/PTP1B.AF2rank294.pdb,/home/wms/AF2-test/AF2-CatGraph/results/PTP1B/02_template_guided_docking/complexes/PTP1B_294_complex.pdb,/home/wms/AF2-test/AF2-CatGraph/data/PTP1B/02_templates/template.pdb,/home/wms/AF2-test/AF2-CatGraph/data/PTP1B/02_templates/ligand.pdb,results/PTP1B/02_template_guided_docking/tables/PTP1B_step02_ligand_order_manifest.csv,/home/wms/AF2-test/AF2-CatGraph/data/PTP1B/02_templates/ligand.pdb,LIG,untrimmed_input,1,17,standard,dock_py_exact,True,single_chain_same_length_same_ordered_sequence,299,1.0,1.0,,passed,,2442,17,6,0.9840584593843458,2.098671123955964,2.098671123955964,10,True,"(0.0, 0.0, 0.0)",collision_py_exact,5.0,6.0,17,91.69117647058823,94.94,84.086,66.88,97.19,90.0,80.0,True,/home/wms/AF2-test/AF2-CatGraph/results/PTP1B/02_template_guided_docking/complexes/PTP1B_294_complex.pdb
295,PTP1B_295,PTP1B_295_complex.pdb,PTP1B,295,PTP1B.AF2rank295.pdb,PTP1B.AF2rank295,/home/wms/AF2-test/AF2-CatGraph/data/PTP1B/01_af2_new/PTP1B.AF2rank295.pdb,/home/wms/AF2-test/AF2-CatGraph/results/PTP1B/02_template_guided_docking/complexes/PTP1B_295_complex.pdb,/home/wms/AF2-test/AF2-CatGraph/data/PTP1B/02_templates/template.pdb,/home/wms/AF2-test/AF2-CatGraph/data/PTP1B/02_templates/ligand.pdb,results/PTP1B/02_template_guided_docking/tables/PTP1B_step02_ligand_order_manifest.csv,/home/wms/AF2-test/AF2-CatGraph/data/PTP1B/02_templates/ligand.pdb,LIG,untrimmed_input,1,17,standard,dock_py_exact,True,single_chain_same_length_same_ordered_sequence,299,1.0,1.0,,passed,,2442,17,9,1.9996472839522288,2.124368175145408,2.124368175145408,10,True,"(0.0, 0.0, 0.0)",collision_py_exact,5.0,6.0,17,92.15058823529411,94.19,86.97200000000001,72.31,97.19,90.0,80.0,True,/home/wms/AF2-test/AF2-CatGraph/results/PTP1B/02_template_guided_docking/complexes/PTP1B_295_complex.pdb
296,PTP1B_296,PTP1B_296_complex.pdb,PTP1B,296,PTP1B.AF2rank296.pdb,PTP1B.AF2rank296,/home/wms/AF2-test/AF2-CatGraph/data/PTP1B/01_af2_new/PTP1B.AF2rank296.pdb,/home/wms/AF2-test/AF2-CatGraph/results/PTP1B/02_template_guided_docking/complexes/PTP1B_296_complex.pdb,/home/wms/AF2-test/AF2-CatGraph/data/PTP1B/02_templates/template.pdb,/home/wms/AF2-test/AF2-CatGraph/data/PTP1B/02_templates/ligand.pdb,results/PTP1B/02_template_guided_docking/tables/PTP1B_step02_ligand_order_manifest.csv,/home/wms/AF2-test/AF2-CatGraph/data/PTP1B/02_templates/ligand.pdb,LIG,untrimmed_input,1,17,standard,dock_py_exact,True,single_chain_same_length_same_ordered_sequence,299,1.0,1.0,,passed,,2442,17,9,1.8971077355133912,2.196202853969801,2.196202853969801,10,True,"(0.0, 0.0, 0.0)",collision_py_exact,5.0,6.0,17,92.55882352941177,94.56,89.384,70.69,97.25,90.0,80.0,True,/home/wms/AF2-test/AF2-CatGraph/results/PTP1B/02_template_guided_docking/complexes/PTP1B_296_complex.pdb
297,PTP1B_297,PTP1B_297_complex.pdb,PTP1B,297,PTP1B.AF2rank297.pdb,PTP1B.AF2rank297,/home/wms/AF2-test/AF2-CatGraph/data/PTP1B/01_af2_new/PTP1B.AF2rank297.pdb,/home/wms/AF2-test/AF2-CatGraph/results/PTP1B/02_template_guided_docking/complexes/PTP1B_297_complex.pdb,/home/wms/AF2-test/AF2-CatGraph/data/PTP1B/02_templates/template.pdb,/home/wms/AF2-test/AF2-CatGraph/data/PTP1B/02_templates/ligand.pdb,results/PTP1B/02_template_guided_docking/tables/PTP1B_step02_ligand_order_manifest.csv,/home/wms/AF2-test/AF2-CatGraph/data/PTP1B/02_templates/ligand.pdb,LIG,untrimmed_input,1,17,standard,dock_py_exact,True,single_chain_same_length_same_ordered_sequence,299,1.0,1.0,,passed,,2442,17,7,0.9771063529315516,2.451321856102419,2.451321856102419,10,True,"(0.0, 0.0, 0.0)",collision_py_exact,5.0,6.0,17,91.39,94.19,83.876,68.56,97.0,90.0,80.0,True,/home/wms/AF2-test/AF2-CatGraph/results/PTP1B/02_template_guided_docking/complexes/PTP1B_297_complex.pdb
298,PTP1B_298,PTP1B_298_complex.pdb,PTP1B,298,PTP1B.AF2rank298.pdb,PTP1B.AF2rank298,/home/wms/AF2-test/AF2-CatGraph/data/PTP1B/01_af2_new/PTP1B.AF2rank298.pdb,/home/wms/AF2-test/AF2-CatGraph/results/PTP1B/02_template_guided_docking/complexes/PTP1B_298_complex.pdb,/home/wms/AF2-test/AF2-CatGraph/data/PTP1B/02_templates/template.pdb,/home/wms/AF2-test/AF2-CatGraph/data/PTP1B/02_templates/ligand.pdb,results/PTP1B/02_template_guided_docking/tables/PTP1B_step02_ligand_order_manifest.csv,/home/wms/AF2-test/AF2-CatGraph/data/PTP1B/02_templates/ligand.pdb,LIG,untrimmed_input,1,17,standard,dock_py_exact,True,single_chain_same_length_same_ordered_sequence,299,1.0,1.0,,passed,,2442,17,8,1.4709256368505348,2.364507285710546,2.364507285710546,10,True,"(0.0, 0.0, 0.0)",collision_py_exact,5.0,6.0,17,91.72823529411765,94.06,84.652,72.0,96.94,90.0,80.0,True,/home/wms/AF2-test/AF2-CatGraph/results/PTP1B/02_template_guided_docking/complexes/PTP1B_298_complex.pdb
299,PTP1B_299,PTP1B_299_complex.pdb,PTP1B,299,PTP1B.AF2rank299.pdb,PTP1B.AF2rank299,/home/wms/AF2-test/AF2-CatGraph/data/PTP1B/01_af2_new/PTP1B.AF2rank299.pdb,/home/wms/AF2-test/AF2-CatGraph/results/PTP1B/02_template_guided_docking/complexes/PTP1B_299_complex.pdb,/home/wms/AF2-test/AF2-CatGraph/data/PTP1B/02_templates/template.pdb,/home/wms/AF2-test/AF2-CatGraph/data/PTP1B/02_templates/ligand.pdb,results/PTP1B/02_template_guided_docking/tables/PTP1B_step02_ligand_order_manifest.csv,/home/wms/AF2-test/AF2-CatGraph/data/PTP1B/02_templates/ligand.pdb,LIG,untrimmed_input,1,17,standard,dock_py_exact,True,single_chain_same_length_same_ordered_sequence,299,1.0,1.0,,passed,,2442,17,7,1.552742034052173,2.049822459750376,2.049822459750376,10,True,"(0.0, 0.0, 0.0)",collision_py_exact,5.0,6.0,17,91.23470588235294,94.19,82.834,68.62,96.62,90.0,80.0,True,/home/wms/AF2-test/AF2-CatGraph/results/PTP1B/02_template_guided_docking/complexes/PTP1B_299_complex.pdb
300,PTP1B_300,PTP1B_300_complex.pdb,PTP1B,300,PTP1B.AF2rank300.pdb,PTP1B.AF2rank300,/home/wms/AF2-test/AF2-CatGraph/data/PTP1B/01_af2_new/PTP1B.AF2rank300.pdb,/home/wms/AF2-test/AF2-CatGraph/results/PTP1B/02_template_guided_docking/complexes/PTP1B_300_complex.pdb,/home/wms/AF2-test/AF2-CatGraph/data/PTP1B/02_templates/template.pdb,/home/wms/AF2-test/AF2-CatGraph/data/PTP1B/02_templates/ligand.pdb,results/PTP1B/02_template_guided_docking/tables/PTP1B_step02_ligand_order_manifest.csv,/home/wms/AF2-test/AF2-CatGraph/data/PTP1B/02_templates/ligand.pdb,LIG,untrimmed_input,1,17,standard,dock_py_exact,True,single_chain_same_length_same_ordered_sequence,299,1.0,1.0,,passed,,2442,17,8,1.407623870894355,2.390371995943742,2.390371995943742,10,True,"(0.0, 0.0, 0.0)",collision_py_exact,5.0,6.0,16,93.07624999999999,94.97,90.815,69.38,97.38,90.0,80.0,True,/home/wms/AF2-test/AF2-CatGraph/results/PTP1B/02_template_guided_docking/complexes/PTP1B_300_complex.pdb
301,PTP1B_301,PTP1B_301_complex.pdb,PTP1B,301,PTP1B.AF2rank301.pdb,PTP1B.AF2rank301,/home/wms/AF2-test/AF2-CatGraph/data/PTP1B/01_af2_new/PTP1B.AF2rank301.pdb,/home/wms/AF2-test/AF2-CatGraph/results/PTP1B/02_template_guided_docking/complexes/PTP1B_301_complex.pdb,/home/wms/AF2-test/AF2-CatGraph/data/PTP1B/02_templates/template.pdb,/home/wms/AF2-test/AF2-CatGraph/data/PTP1B/02_templates/ligand.pdb,results/PTP1B/02_template_guided_docking/tables/PTP1B_step02_ligand_order_manifest.csv,/home/wms/AF2-test/AF2-CatGraph/data/PTP1B/02_templates/ligand.pdb,LIG,untrimmed_input,1,17,standard,dock_py_exact,True,single_chain_same_length_same_ordered_sequence,299,1.0,1.0,,passed,,2442,17,5,1.0149068545344946,2.2474026711654,2.2474026711654,10,True,"(0.0, 0.0, 0.0)",collision_py_exact,5.0,6.0,17,91.73176470588236,93.94,85.566,70.94,97.12,90.0,80.0,True,/home/wms/AF2-test/AF2-CatGraph/results/PTP1B/02_template_guided_docking/complexes/PTP1B_301_complex.pdb
302,PTP1B_302,PTP1B_302_complex.pdb,PTP1B,302,PTP1B.AF2rank302.pdb,PTP1B.AF2rank302,/home/wms/AF2-test/AF2-CatGraph/data/PTP1B/01_af2_new/PTP1B.AF2rank302.pdb,/home/wms/AF2-test/AF2-CatGraph/results/PTP1B/02_template_guided_docking/complexes/PTP1B_302_complex.pdb,/home/wms/AF2-test/AF2-CatGraph/data/PTP1B/02_templates/template.pdb,/home/wms/AF2-test/AF2-CatGraph/data/PTP1B/02_templates/ligand.pdb,results/PTP1B/02_template_guided_docking/tables/PTP1B_step02_ligand_order_manifest.csv,/home/wms/AF2-test/AF2-CatGraph/data/PTP1B/02_templates/ligand.pdb,LIG,untrimmed_input,1,17,standard,dock_py_exact,True,single_chain_same_length_same_ordered_sequence,299,1.0,1.0,,passed,,2442,17,6,1.1352633819675997,2.11467485588972,2.11467485588972,10,True,"(0.0, 0.0, 0.0)",collision_py_exact,5.0,6.0,17,91.45941176470588,94.38,83.726,69.81,96.62,90.0,80.0,True,/home/wms/AF2-test/AF2-CatGraph/results/PTP1B/02_template_guided_docking/complexes/PTP1B_302_complex.pdb
303,PTP1B_303,PTP1B_303_complex.pdb,PTP1B,303,PTP1B.AF2rank303.pdb,PTP1B.AF2rank303,/home/wms/AF2-test/AF2-CatGraph/data/PTP1B/01_af2_new/PTP1B.AF2rank303.pdb,/home/wms/AF2-test/AF2-CatGraph/results/PTP1B/02_template_guided_docking/complexes/PTP1B_303_complex.pdb,/home/wms/AF2-test/AF2-CatGraph/data/PTP1B/02_templates/template.pdb,/home/wms/AF2-test/AF2-CatGraph/data/PTP1B/02_templates/ligand.pdb,results/PTP1B/02_template_guided_docking/tables/PTP1B_step02_ligand_order_manifest.csv,/home/wms/AF2-test/AF2-CatGraph/data/PTP1B/02_templates/ligand.pdb,LIG,untrimmed_input,1,17,standard,dock_py_exact,True,single_chain_same_length_same_ordered_sequence,299,1.0,1.0,,passed,,2442,17,9,1.8019476052400611,2.2861520313621004,2.2861520313621004,10,True,"(0.0, 0.0, 0.0)",collision_py_exact,5.0,6.0,17,92.02235294117648,93.81,89.28999999999999,68.81,97.19,90.0,80.0,True,/home/wms/AF2-test/AF2-CatGraph/results/PTP1B/02_template_guided_docking/complexes/PTP1B_303_complex.pdb
304,PTP1B_304,PTP1B_304_complex.pdb,PTP1B,304,PTP1B.AF2rank304.pdb,PTP1B.AF2rank304,/home/wms/AF2-test/AF2-CatGraph/data/PTP1B/01_af2_new/PTP1B.AF2rank304.pdb,/home/wms/AF2-test/AF2-CatGraph/results/PTP1B/02_template_guided_docking/complexes/PTP1B_304_complex.pdb,/home/wms/AF2-test/AF2-CatGraph/data/PTP1B/02_templates/template.pdb,/home/wms/AF2-test/AF2-CatGraph/data/PTP1B/02_templates/ligand.pdb,results/PTP1B/02_template_guided_docking/tables/PTP1B_step02_ligand_order_manifest.csv,/home/wms/AF2-test/AF2-CatGraph/data/PTP1B/02_templates/ligand.pdb,LIG,untrimmed_input,1,17,standard,dock_py_exact,True,single_chain_same_length_same_ordered_sequence,299,1.0,1.0,,passed,,2442,17,6,1.226635361283654,1.9998776006175945,1.9998776006175945,10,True,"(0.0, 0.0, 0.0)",collision_py_exact,5.0,6.0,17,91.01058823529411,93.62,82.612,69.94,96.5,90.0,80.0,True,/home/wms/AF2-test/AF2-CatGraph/results/PTP1B/02_template_guided_docking/complexes/PTP1B_304_complex.pdb
305,PTP1B_305,PTP1B_305_complex.pdb,PTP1B,305,PTP1B.AF2rank305.pdb,PTP1B.AF2rank305,/home/wms/AF2-test/AF2-CatGraph/data/PTP1B/01_af2_new/PTP1B.AF2rank305.pdb,/home/wms/AF2-test/AF2-CatGraph/results/PTP1B/02_template_guided_docking/complexes/PTP1B_305_complex.pdb,/home/wms/AF2-test/AF2-CatGraph/data/PTP1B/02_templates/template.pdb,/home/wms/AF2-test/AF2-CatGraph/data/PTP1B/02_templates/ligand.pdb,results/PTP1B/02_template_guided_docking/tables/PTP1B_step02_ligand_order_manifest.csv,/home/wms/AF2-test/AF2-CatGraph/data/PTP1B/02_templates/ligand.pdb,LIG,untrimmed_input,1,17,standard,dock_py_exact,True,single_chain_same_length_same_ordered_sequence,299,1.0,1.0,,passed,,2442,17,9,2.379362683235271,2.2428521203364173,2.2428521203364173,10,True,"(0.0, 0.0, 0.0)",collision_py_exact,5.0,6.0,17,92.02235294117648,94.69,85.726,71.06,97.25,90.0,80.0,True,/home/wms/AF2-test/AF2-CatGraph/results/PTP1B/02_template_guided_docking/complexes/PTP1B_305_complex.pdb
306,PTP1B_306,PTP1B_306_complex.pdb,PTP1B,306,PTP1B.AF2rank306.pdb,PTP1B.AF2rank306,/home/wms/AF2-test/AF2-CatGraph/data/PTP1B/01_af2_new/PTP1B.AF2rank306.pdb,/home/wms/AF2-test/AF2-CatGraph/results/PTP1B/02_template_guided_docking/complexes/PTP1B_306_complex.pdb,/home/wms/AF2-test/AF2-CatGraph/data/PTP1B/02_templates/template.pdb,/home/wms/AF2-test/AF2-CatGraph/data/PTP1B/02_templates/ligand.pdb,results/PTP1B/02_template_guided_docking/tables/PTP1B_step02_ligand_order_manifest.csv,/home/wms/AF2-test/AF2-CatGraph/data/PTP1B/02_templates/ligand.pdb,LIG,untrimmed_input,1,17,standard,dock_py_exact,True,single_chain_same_length_same_ordered_sequence,299,1.0,1.0,,passed,,2442,17,7,1.8400380502782148,2.072010427567948,2.072010427567948,10,True,"(0.0, 0.0, 0.0)",collision_py_exact,5.0,6.0,17,90.83352941176472,93.81,82.662,66.62,96.81,90.0,80.0,True,/home/wms/AF2-test/AF2-CatGraph/results/PTP1B/02_template_guided_docking/complexes/PTP1B_306_complex.pdb
308,PTP1B_308,PTP1B_308_complex.pdb,PTP1B,308,PTP1B.AF2rank308.pdb,PTP1B.AF2rank308,/home/wms/AF2-test/AF2-CatGraph/data/PTP1B/01_af2_new/PTP1B.AF2rank308.pdb,/home/wms/AF2-test/AF2-CatGraph/results/PTP1B/02_template_guided_docking/complexes/PTP1B_308_complex.pdb,/home/wms/AF2-test/AF2-CatGraph/data/PTP1B/02_templates/template.pdb,/home/wms/AF2-test/AF2-CatGraph/data/PTP1B/02_templates/ligand.pdb,results/PTP1B/02_template_guided_docking/tables/PTP1B_step02_ligand_order_manifest.csv,/home/wms/AF2-test/AF2-CatGraph/data/PTP1B/02_templates/ligand.pdb,LIG,untrimmed_input,1,17,standard,dock_py_exact,True,single_chain_same_length_same_ordered_sequence,299,1.0,1.0,,passed,,2442,17,6,1.2809212325662709,2.2077626924147364,2.2077626924147364,10,True,"(0.0, 0.0, 0.0)",collision_py_exact,5.0,6.0,17,92.17588235294119,94.12,89.736,68.19,97.0,90.0,80.0,True,/home/wms/AF2-test/AF2-CatGraph/results/PTP1B/02_template_guided_docking/complexes/PTP1B_308_complex.pdb
309,PTP1B_309,PTP1B_309_complex.pdb,PTP1B,309,PTP1B.AF2rank309.pdb,PTP1B.AF2rank309,/home/wms/AF2-test/AF2-CatGraph/data/PTP1B/01_af2_new/PTP1B.AF2rank309.pdb,/home/wms/AF2-test/AF2-CatGraph/results/PTP1B/02_template_guided_docking/complexes/PTP1B_309_complex.pdb,/home/wms/AF2-test/AF2-CatGraph/data/PTP1B/02_templates/template.pdb,/home/wms/AF2-test/AF2-CatGraph/data/PTP1B/02_templates/ligand.pdb,results/PTP1B/02_template_guided_docking/tables/PTP1B_step02_ligand_order_manifest.csv,/home/wms/AF2-test/AF2-CatGraph/data/PTP1B/02_templates/ligand.pdb,LIG,untrimmed_input,1,17,standard,dock_py_exact,True,single_chain_same_length_same_ordered_sequence,299,1.0,1.0,,passed,,2442,17,8,1.753167931973178,2.1791920112228813,2.1791920112228813,10,True,"(0.0, 0.0, 0.0)",collision_py_exact,5.0,6.0,17,92.0035294117647,94.31,86.636,70.5,96.69,90.0,80.0,True,/home/wms/AF2-test/AF2-CatGraph/results/PTP1B/02_template_guided_docking/complexes/PTP1B_309_complex.pdb
310,PTP1B_310,PTP1B_310_complex.pdb,PTP1B,310,PTP1B.AF2rank310.pdb,PTP1B.AF2rank310,/home/wms/AF2-test/AF2-CatGraph/data/PTP1B/01_af2_new/PTP1B.AF2rank310.pdb,/home/wms/AF2-test/AF2-CatGraph/results/PTP1B/02_template_guided_docking/complexes/PTP1B_310_complex.pdb,/home/wms/AF2-test/AF2-CatGraph/data/PTP1B/02_templates/template.pdb,/home/wms/AF2-test/AF2-CatGraph/data/PTP1B/02_templates/ligand.pdb,results/PTP1B/02_template_guided_docking/tables/PTP1B_step02_ligand_order_manifest.csv,/home/wms/AF2-test/AF2-CatGraph/data/PTP1B/02_templates/ligand.pdb,LIG,untrimmed_input,1,17,standard,dock_py_exact,True,single_chain_same_length_same_ordered_sequence,299,1.0,1.0,,passed,,2442,17,7,1.8685727081355323,2.34368846537874,2.34368846537874,10,True,"(0.0, 0.0, 0.0)",collision_py_exact,5.0,6.0,16,90.03999999999999,92.44,89.0,55.75,95.31,90.0,80.0,True,/home/wms/AF2-test/AF2-CatGraph/results/PTP1B/02_template_guided_docking/complexes/PTP1B_310_complex.pdb
311,PTP1B_311,PTP1B_311_complex.pdb,PTP1B,311,PTP1B.AF2rank311.pdb,PTP1B.AF2rank311,/home/wms/AF2-test/AF2-CatGraph/data/PTP1B/01_af2_new/PTP1B.AF2rank311.pdb,/home/wms/AF2-test/AF2-CatGraph/results/PTP1B/02_template_guided_docking/complexes/PTP1B_311_complex.pdb,/home/wms/AF2-test/AF2-CatGraph/data/PTP1B/02_templates/template.pdb,/home/wms/AF2-test/AF2-CatGraph/data/PTP1B/02_templates/ligand.pdb,results/PTP1B/02_template_guided_docking/tables/PTP1B_step02_ligand_order_manifest.csv,/home/wms/AF2-test/AF2-CatGraph/data/PTP1B/02_templates/ligand.pdb,LIG,untrimmed_input,1,17,standard,dock_py_exact,True,single_chain_same_length_same_ordered_sequence,299,1.0,1.0,,passed,,2442,17,10,2.6577156113837592,2.266521111010432,2.266521111010432,10,True,"(0.0, 0.0, 0.0)",collision_py_exact,5.0,6.0,16,93.164375,94.91,90.84,72.5,97.38,90.0,80.0,True,/home/wms/AF2-test/AF2-CatGraph/results/PTP1B/02_template_guided_docking/complexes/PTP1B_311_complex.pdb
312,PTP1B_312,PTP1B_312_complex.pdb,PTP1B,312,PTP1B.AF2rank312.pdb,PTP1B.AF2rank312,/home/wms/AF2-test/AF2-CatGraph/data/PTP1B/01_af2_new/PTP1B.AF2rank312.pdb,/home/wms/AF2-test/AF2-CatGraph/results/PTP1B/02_template_guided_docking/complexes/PTP1B_312_complex.pdb,/home/wms/AF2-test/AF2-CatGraph/data/PTP1B/02_templates/template.pdb,/home/wms/AF2-test/AF2-CatGraph/data/PTP1B/02_templates/ligand.pdb,results/PTP1B/02_template_guided_docking/tables/PTP1B_step02_ligand_order_manifest.csv,/home/wms/AF2-test/AF2-CatGraph/data/PTP1B/02_templates/ligand.pdb,LIG,untrimmed_input,1,17,standard,dock_py_exact,True,single_chain_same_length_same_ordered_sequence,299,1.0,1.0,,passed,,2442,17,7,1.7062156710658187,2.2262332719992344,2.2262332719992344,10,True,"(0.0, 0.0, 0.0)",collision_py_exact,5.0,6.0,17,91.7235294117647,93.81,85.55199999999999,75.5,96.75,90.0,80.0,True,/home/wms/AF2-test/AF2-CatGraph/results/PTP1B/02_template_guided_docking/complexes/PTP1B_312_complex.pdb
314,PTP1B_314,PTP1B_314_complex.pdb,PTP1B,314,PTP1B.AF2rank314.pdb,PTP1B.AF2rank314,/home/wms/AF2-test/AF2-CatGraph/data/PTP1B/01_af2_new/PTP1B.AF2rank314.pdb,/home/wms/AF2-test/AF2-CatGraph/results/PTP1B/02_template_guided_docking/complexes/PTP1B_314_complex.pdb,/home/wms/AF2-test/AF2-CatGraph/data/PTP1B/02_templates/template.pdb,/home/wms/AF2-test/AF2-CatGraph/data/PTP1B/02_templates/ligand.pdb,results/PTP1B/02_template_guided_docking/tables/PTP1B_step02_ligand_order_manifest.csv,/home/wms/AF2-test/AF2-CatGraph/data/PTP1B/02_templates/ligand.pdb,LIG,untrimmed_input,1,17,standard,dock_py_exact,True,single_chain_same_length_same_ordered_sequence,299,1.0,1.0,,passed,,2442,17,8,1.6020336536724282,2.2429873028157323,2.2429873028157323,10,True,"(0.0, 0.0, 0.0)",collision_py_exact,5.0,6.0,17,91.65823529411765,94.31,83.864,68.5,97.0,90.0,80.0,True,/home/wms/AF2-test/AF2-CatGraph/results/PTP1B/02_template_guided_docking/complexes/PTP1B_314_complex.pdb
315,PTP1B_315,PTP1B_315_complex.pdb,PTP1B,315,PTP1B.AF2rank315.pdb,PTP1B.AF2rank315,/home/wms/AF2-test/AF2-CatGraph/data/PTP1B/01_af2_new/PTP1B.AF2rank315.pdb,/home/wms/AF2-test/AF2-CatGraph/results/PTP1B/02_template_guided_docking/complexes/PTP1B_315_complex.pdb,/home/wms/AF2-test/AF2-CatGraph/data/PTP1B/02_templates/template.pdb,/home/wms/AF2-test/AF2-CatGraph/data/PTP1B/02_templates/ligand.pdb,results/PTP1B/02_template_guided_docking/tables/PTP1B_step02_ligand_order_manifest.csv,/home/wms/AF2-test/AF2-CatGraph/data/PTP1B/02_templates/ligand.pdb,LIG,untrimmed_input,1,17,standard,dock_py_exact,True,single_chain_same_length_same_ordered_sequence,299,1.0,1.0,,passed,,2442,17,10,2.7513968342673176,2.115734573793083,2.115734573793083,10,True,"(0.0, 0.0, 0.0)",collision_py_exact,5.0,6.0,16,92.5075,93.25,90.31,77.75,96.94,90.0,80.0,True,/home/wms/AF2-test/AF2-CatGraph/results/PTP1B/02_template_guided_docking/complexes/PTP1B_315_complex.pdb
316,PTP1B_316,PTP1B_316_complex.pdb,PTP1B,316,PTP1B.AF2rank316.pdb,PTP1B.AF2rank316,/home/wms/AF2-test/AF2-CatGraph/data/PTP1B/01_af2_new/PTP1B.AF2rank316.pdb,/home/wms/AF2-test/AF2-CatGraph/results/PTP1B/02_template_guided_docking/complexes/PTP1B_316_complex.pdb,/home/wms/AF2-test/AF2-CatGraph/data/PTP1B/02_templates/template.pdb,/home/wms/AF2-test/AF2-CatGraph/data/PTP1B/02_templates/ligand.pdb,results/PTP1B/02_template_guided_docking/tables/PTP1B_step02_ligand_order_manifest.csv,/home/wms/AF2-test/AF2-CatGraph/data/PTP1B/02_templates/ligand.pdb,LIG,untrimmed_input,1,17,standard,dock_py_exact,True,single_chain_same_length_same_ordered_sequence,299,1.0,1.0,,failed,,2442,17,4,0.5913118943258544,2.4502226065031394,2.4502226065031394,10,True,"(0.0, 0.0, 0.0)",collision_py_exact,5.0,6.0,16,89.915,92.875,83.97,67.19,94.94,90.0,80.0,False,/home/wms/AF2-test/AF2-CatGraph/results/PTP1B/02_template_guided_docking/complexes/PTP1B_316_complex.pdb
318,PTP1B_318,PTP1B_318_complex.pdb,PTP1B,318,PTP1B.AF2rank318.pdb,PTP1B.AF2rank318,/home/wms/AF2-test/AF2-CatGraph/data/PTP1B/01_af2_new/PTP1B.AF2rank318.pdb,/home/wms/AF2-test/AF2-CatGraph/results/PTP1B/02_template_guided_docking/complexes/PTP1B_318_complex.pdb,/home/wms/AF2-test/AF2-CatGraph/data/PTP1B/02_templates/template.pdb,/home/wms/AF2-test/AF2-CatGraph/data/PTP1B/02_templates/ligand.pdb,results/PTP1B/02_template_guided_docking/tables/PTP1B_step02_ligand_order_manifest.csv,/home/wms/AF2-test/AF2-CatGraph/data/PTP1B/02_templates/ligand.pdb,LIG,untrimmed_input,1,17,standard,dock_py_exact,True,single_chain_same_length_same_ordered_sequence,299,1.0,1.0,,failed,,2442,17,9,2.657405148133387,2.1852511881455894,2.1852511881455894,10,True,"(0.0, 0.0, 0.0)",collision_py_exact,5.0,6.0,17,89.63588235294117,91.62,80.562,73.12,96.62,90.0,80.0,False,/home/wms/AF2-test/AF2-CatGraph/results/PTP1B/02_template_guided_docking/complexes/PTP1B_318_complex.pdb
319,PTP1B_319,PTP1B_319_complex.pdb,PTP1B,319,PTP1B.AF2rank319.pdb,PTP1B.AF2rank319,/home/wms/AF2-test/AF2-CatGraph/data/PTP1B/01_af2_new/PTP1B.AF2rank319.pdb,/home/wms/AF2-test/AF2-CatGraph/results/PTP1B/02_template_guided_docking/complexes/PTP1B_319_complex.pdb,/home/wms/AF2-test/AF2-CatGraph/data/PTP1B/02_templates/template.pdb,/home/wms/AF2-test/AF2-CatGraph/data/PTP1B/02_templates/ligand.pdb,results/PTP1B/02_template_guided_docking/tables/PTP1B_step02_ligand_order_manifest.csv,/home/wms/AF2-test/AF2-CatGraph/data/PTP1B/02_templates/ligand.pdb,LIG,untrimmed_input,1,17,standard,dock_py_exact,True,single_chain_same_length_same_ordered_sequence,299,1.0,1.0,,passed,,2442,17,4,1.337493644454299,2.092439049689705,2.092439049689705,10,True,"(0.0, 0.0, 0.0)",collision_py_exact,5.0,6.0,17,91.1735294117647,93.19,87.224,69.19,96.5,90.0,80.0,True,/home/wms/AF2-test/AF2-CatGraph/results/PTP1B/02_template_guided_docking/complexes/PTP1B_319_complex.pdb
320,PTP1B_320,PTP1B_320_complex.pdb,PTP1B,320,PTP1B.AF2rank320.pdb,PTP1B.AF2rank320,/home/wms/AF2-test/AF2-CatGraph/data/PTP1B/01_af2_new/PTP1B.AF2rank320.pdb,/home/wms/AF2-test/AF2-CatGraph/results/PTP1B/02_template_guided_docking/complexes/PTP1B_320_complex.pdb,/home/wms/AF2-test/AF2-CatGraph/data/PTP1B/02_templates/template.pdb,/home/wms/AF2-test/AF2-CatGraph/data/PTP1B/02_templates/ligand.pdb,results/PTP1B/02_template_guided_docking/tables/PTP1B_step02_ligand_order_manifest.csv,/home/wms/AF2-test/AF2-CatGraph/data/PTP1B/02_templates/ligand.pdb,LIG,untrimmed_input,1,17,standard,dock_py_exact,True,single_chain_same_length_same_ordered_sequence,299,1.0,1.0,,failed,,2442,17,9,2.39894136462639,2.1449278645921925,2.1449278645921925,10,True,"(0.0, 0.0, 0.0)",collision_py_exact,5.0,6.0,13,74.06538461538462,81.19,55.983999999999995,50.31,93.0,90.0,80.0,False,/home/wms/AF2-test/AF2-CatGraph/results/PTP1B/02_template_guided_docking/complexes/PTP1B_320_complex.pdb
