structure_id,class,n_canonical_edges,canonical_signature,canonical_edges
GAC_1,class_1,12,E310 | Polar contact | Carboxylate oxygen unit;E310 | Polar contact | N2 site;F247 | Hydrophobic contact | Aliphatic carbon unit;N264 | Polar contact | Carboxylate oxygen unit;N317 | Polar contact | Carboxylate oxygen unit;S215 | Polar contact | O1 site;V413 | Hydrophobic contact | Aliphatic carbon unit;V413 | Polar contact | O1 site;Y178 | Polar contact | N2 site;Y343 | Polar contact | Carboxylate oxygen unit;Y395 | Polar contact | N1 site;Y395 | Polar contact | O1 site,E310 | Polar contact | Carboxylate oxygen unit;E310 | Polar contact | N2 site;F247 | Hydrophobic contact | Aliphatic carbon unit;N264 | Polar contact | Carboxylate oxygen unit;N317 | Polar contact | Carboxylate oxygen unit;S215 | Polar contact | O1 site;V413 | Hydrophobic contact | Aliphatic carbon unit;V413 | Polar contact | O1 site;Y178 | Polar contact | N2 site;Y343 | Polar contact | Carboxylate oxygen unit;Y395 | Polar contact | N1 site;Y395 | Polar contact | O1 site
GAC_103,class_2,11,E310 | Polar contact | Carboxylate oxygen unit;E310 | Polar contact | N2 site;N264 | Polar contact | Carboxylate oxygen unit;N317 | Polar contact | Carboxylate oxygen unit;S215 | Polar contact | O1 site;V413 | Hydrophobic contact | Aliphatic carbon unit;V413 | Polar contact | O1 site;Y178 | Polar contact | N2 site;Y343 | Polar contact | Carboxylate oxygen unit;Y395 | Polar contact | N1 site;Y395 | Polar contact | O1 site,E310 | Polar contact | Carboxylate oxygen unit;E310 | Polar contact | N2 site;N264 | Polar contact | Carboxylate oxygen unit;N317 | Polar contact | Carboxylate oxygen unit;S215 | Polar contact | O1 site;V413 | Hydrophobic contact | Aliphatic carbon unit;V413 | Polar contact | O1 site;Y178 | Polar contact | N2 site;Y343 | Polar contact | Carboxylate oxygen unit;Y395 | Polar contact | N1 site;Y395 | Polar contact | O1 site
GAC_112,class_2,11,E310 | Polar contact | Carboxylate oxygen unit;E310 | Polar contact | N2 site;N264 | Polar contact | Carboxylate oxygen unit;N317 | Polar contact | Carboxylate oxygen unit;S215 | Polar contact | O1 site;V413 | Hydrophobic contact | Aliphatic carbon unit;V413 | Polar contact | O1 site;Y178 | Polar contact | N2 site;Y343 | Polar contact | Carboxylate oxygen unit;Y395 | Polar contact | N1 site;Y395 | Polar contact | O1 site,E310 | Polar contact | Carboxylate oxygen unit;E310 | Polar contact | N2 site;N264 | Polar contact | Carboxylate oxygen unit;N317 | Polar contact | Carboxylate oxygen unit;S215 | Polar contact | O1 site;V413 | Hydrophobic contact | Aliphatic carbon unit;V413 | Polar contact | O1 site;Y178 | Polar contact | N2 site;Y343 | Polar contact | Carboxylate oxygen unit;Y395 | Polar contact | N1 site;Y395 | Polar contact | O1 site
GAC_117,class_2,11,E310 | Polar contact | Carboxylate oxygen unit;E310 | Polar contact | N2 site;N264 | Polar contact | Carboxylate oxygen unit;N317 | Polar contact | Carboxylate oxygen unit;S215 | Polar contact | O1 site;V413 | Hydrophobic contact | Aliphatic carbon unit;V413 | Polar contact | O1 site;Y178 | Polar contact | N2 site;Y343 | Polar contact | Carboxylate oxygen unit;Y395 | Polar contact | N1 site;Y395 | Polar contact | O1 site,E310 | Polar contact | Carboxylate oxygen unit;E310 | Polar contact | N2 site;N264 | Polar contact | Carboxylate oxygen unit;N317 | Polar contact | Carboxylate oxygen unit;S215 | Polar contact | O1 site;V413 | Hydrophobic contact | Aliphatic carbon unit;V413 | Polar contact | O1 site;Y178 | Polar contact | N2 site;Y343 | Polar contact | Carboxylate oxygen unit;Y395 | Polar contact | N1 site;Y395 | Polar contact | O1 site
GAC_139,class_2,11,E310 | Polar contact | Carboxylate oxygen unit;E310 | Polar contact | N2 site;N264 | Polar contact | Carboxylate oxygen unit;N317 | Polar contact | Carboxylate oxygen unit;S215 | Polar contact | O1 site;V413 | Hydrophobic contact | Aliphatic carbon unit;V413 | Polar contact | O1 site;Y178 | Polar contact | N2 site;Y343 | Polar contact | Carboxylate oxygen unit;Y395 | Polar contact | N1 site;Y395 | Polar contact | O1 site,E310 | Polar contact | Carboxylate oxygen unit;E310 | Polar contact | N2 site;N264 | Polar contact | Carboxylate oxygen unit;N317 | Polar contact | Carboxylate oxygen unit;S215 | Polar contact | O1 site;V413 | Hydrophobic contact | Aliphatic carbon unit;V413 | Polar contact | O1 site;Y178 | Polar contact | N2 site;Y343 | Polar contact | Carboxylate oxygen unit;Y395 | Polar contact | N1 site;Y395 | Polar contact | O1 site
GAC_14,class_2,11,E310 | Polar contact | Carboxylate oxygen unit;E310 | Polar contact | N2 site;N264 | Polar contact | Carboxylate oxygen unit;N317 | Polar contact | Carboxylate oxygen unit;S215 | Polar contact | O1 site;V413 | Hydrophobic contact | Aliphatic carbon unit;V413 | Polar contact | O1 site;Y178 | Polar contact | N2 site;Y343 | Polar contact | Carboxylate oxygen unit;Y395 | Polar contact | N1 site;Y395 | Polar contact | O1 site,E310 | Polar contact | Carboxylate oxygen unit;E310 | Polar contact | N2 site;N264 | Polar contact | Carboxylate oxygen unit;N317 | Polar contact | Carboxylate oxygen unit;S215 | Polar contact | O1 site;V413 | Hydrophobic contact | Aliphatic carbon unit;V413 | Polar contact | O1 site;Y178 | Polar contact | N2 site;Y343 | Polar contact | Carboxylate oxygen unit;Y395 | Polar contact | N1 site;Y395 | Polar contact | O1 site
GAC_17,class_2,11,E310 | Polar contact | Carboxylate oxygen unit;E310 | Polar contact | N2 site;N264 | Polar contact | Carboxylate oxygen unit;N317 | Polar contact | Carboxylate oxygen unit;S215 | Polar contact | O1 site;V413 | Hydrophobic contact | Aliphatic carbon unit;V413 | Polar contact | O1 site;Y178 | Polar contact | N2 site;Y343 | Polar contact | Carboxylate oxygen unit;Y395 | Polar contact | N1 site;Y395 | Polar contact | O1 site,E310 | Polar contact | Carboxylate oxygen unit;E310 | Polar contact | N2 site;N264 | Polar contact | Carboxylate oxygen unit;N317 | Polar contact | Carboxylate oxygen unit;S215 | Polar contact | O1 site;V413 | Hydrophobic contact | Aliphatic carbon unit;V413 | Polar contact | O1 site;Y178 | Polar contact | N2 site;Y343 | Polar contact | Carboxylate oxygen unit;Y395 | Polar contact | N1 site;Y395 | Polar contact | O1 site
GAC_237,class_2,11,E310 | Polar contact | Carboxylate oxygen unit;E310 | Polar contact | N2 site;N264 | Polar contact | Carboxylate oxygen unit;N317 | Polar contact | Carboxylate oxygen unit;S215 | Polar contact | O1 site;V413 | Hydrophobic contact | Aliphatic carbon unit;V413 | Polar contact | O1 site;Y178 | Polar contact | N2 site;Y343 | Polar contact | Carboxylate oxygen unit;Y395 | Polar contact | N1 site;Y395 | Polar contact | O1 site,E310 | Polar contact | Carboxylate oxygen unit;E310 | Polar contact | N2 site;N264 | Polar contact | Carboxylate oxygen unit;N317 | Polar contact | Carboxylate oxygen unit;S215 | Polar contact | O1 site;V413 | Hydrophobic contact | Aliphatic carbon unit;V413 | Polar contact | O1 site;Y178 | Polar contact | N2 site;Y343 | Polar contact | Carboxylate oxygen unit;Y395 | Polar contact | N1 site;Y395 | Polar contact | O1 site
GAC_3,class_2,11,E310 | Polar contact | Carboxylate oxygen unit;E310 | Polar contact | N2 site;N264 | Polar contact | Carboxylate oxygen unit;N317 | Polar contact | Carboxylate oxygen unit;S215 | Polar contact | O1 site;V413 | Hydrophobic contact | Aliphatic carbon unit;V413 | Polar contact | O1 site;Y178 | Polar contact | N2 site;Y343 | Polar contact | Carboxylate oxygen unit;Y395 | Polar contact | N1 site;Y395 | Polar contact | O1 site,E310 | Polar contact | Carboxylate oxygen unit;E310 | Polar contact | N2 site;N264 | Polar contact | Carboxylate oxygen unit;N317 | Polar contact | Carboxylate oxygen unit;S215 | Polar contact | O1 site;V413 | Hydrophobic contact | Aliphatic carbon unit;V413 | Polar contact | O1 site;Y178 | Polar contact | N2 site;Y343 | Polar contact | Carboxylate oxygen unit;Y395 | Polar contact | N1 site;Y395 | Polar contact | O1 site
GAC_36,class_2,11,E310 | Polar contact | Carboxylate oxygen unit;E310 | Polar contact | N2 site;N264 | Polar contact | Carboxylate oxygen unit;N317 | Polar contact | Carboxylate oxygen unit;S215 | Polar contact | O1 site;V413 | Hydrophobic contact | Aliphatic carbon unit;V413 | Polar contact | O1 site;Y178 | Polar contact | N2 site;Y343 | Polar contact | Carboxylate oxygen unit;Y395 | Polar contact | N1 site;Y395 | Polar contact | O1 site,E310 | Polar contact | Carboxylate oxygen unit;E310 | Polar contact | N2 site;N264 | Polar contact | Carboxylate oxygen unit;N317 | Polar contact | Carboxylate oxygen unit;S215 | Polar contact | O1 site;V413 | Hydrophobic contact | Aliphatic carbon unit;V413 | Polar contact | O1 site;Y178 | Polar contact | N2 site;Y343 | Polar contact | Carboxylate oxygen unit;Y395 | Polar contact | N1 site;Y395 | Polar contact | O1 site
GAC_38,class_2,11,E310 | Polar contact | Carboxylate oxygen unit;E310 | Polar contact | N2 site;N264 | Polar contact | Carboxylate oxygen unit;N317 | Polar contact | Carboxylate oxygen unit;S215 | Polar contact | O1 site;V413 | Hydrophobic contact | Aliphatic carbon unit;V413 | Polar contact | O1 site;Y178 | Polar contact | N2 site;Y343 | Polar contact | Carboxylate oxygen unit;Y395 | Polar contact | N1 site;Y395 | Polar contact | O1 site,E310 | Polar contact | Carboxylate oxygen unit;E310 | Polar contact | N2 site;N264 | Polar contact | Carboxylate oxygen unit;N317 | Polar contact | Carboxylate oxygen unit;S215 | Polar contact | O1 site;V413 | Hydrophobic contact | Aliphatic carbon unit;V413 | Polar contact | O1 site;Y178 | Polar contact | N2 site;Y343 | Polar contact | Carboxylate oxygen unit;Y395 | Polar contact | N1 site;Y395 | Polar contact | O1 site
GAC_6,class_2,11,E310 | Polar contact | Carboxylate oxygen unit;E310 | Polar contact | N2 site;N264 | Polar contact | Carboxylate oxygen unit;N317 | Polar contact | Carboxylate oxygen unit;S215 | Polar contact | O1 site;V413 | Hydrophobic contact | Aliphatic carbon unit;V413 | Polar contact | O1 site;Y178 | Polar contact | N2 site;Y343 | Polar contact | Carboxylate oxygen unit;Y395 | Polar contact | N1 site;Y395 | Polar contact | O1 site,E310 | Polar contact | Carboxylate oxygen unit;E310 | Polar contact | N2 site;N264 | Polar contact | Carboxylate oxygen unit;N317 | Polar contact | Carboxylate oxygen unit;S215 | Polar contact | O1 site;V413 | Hydrophobic contact | Aliphatic carbon unit;V413 | Polar contact | O1 site;Y178 | Polar contact | N2 site;Y343 | Polar contact | Carboxylate oxygen unit;Y395 | Polar contact | N1 site;Y395 | Polar contact | O1 site
GAC_205,class_3,11,E310 | Polar contact | Carboxylate oxygen unit;E310 | Polar contact | N2 site;F247 | Hydrophobic contact | Aliphatic carbon unit;N264 | Polar contact | Carboxylate oxygen unit;N317 | Polar contact | Carboxylate oxygen unit;S215 | Polar contact | O1 site;V413 | Hydrophobic contact | Aliphatic carbon unit;V413 | Polar contact | O1 site;Y343 | Polar contact | Carboxylate oxygen unit;Y395 | Polar contact | N1 site;Y395 | Polar contact | O1 site,E310 | Polar contact | Carboxylate oxygen unit;E310 | Polar contact | N2 site;F247 | Hydrophobic contact | Aliphatic carbon unit;N264 | Polar contact | Carboxylate oxygen unit;N317 | Polar contact | Carboxylate oxygen unit;S215 | Polar contact | O1 site;V413 | Hydrophobic contact | Aliphatic carbon unit;V413 | Polar contact | O1 site;Y343 | Polar contact | Carboxylate oxygen unit;Y395 | Polar contact | N1 site;Y395 | Polar contact | O1 site
GAC_253,class_3,11,E310 | Polar contact | Carboxylate oxygen unit;E310 | Polar contact | N2 site;F247 | Hydrophobic contact | Aliphatic carbon unit;N264 | Polar contact | Carboxylate oxygen unit;N317 | Polar contact | Carboxylate oxygen unit;S215 | Polar contact | O1 site;V413 | Hydrophobic contact | Aliphatic carbon unit;V413 | Polar contact | O1 site;Y343 | Polar contact | Carboxylate oxygen unit;Y395 | Polar contact | N1 site;Y395 | Polar contact | O1 site,E310 | Polar contact | Carboxylate oxygen unit;E310 | Polar contact | N2 site;F247 | Hydrophobic contact | Aliphatic carbon unit;N264 | Polar contact | Carboxylate oxygen unit;N317 | Polar contact | Carboxylate oxygen unit;S215 | Polar contact | O1 site;V413 | Hydrophobic contact | Aliphatic carbon unit;V413 | Polar contact | O1 site;Y343 | Polar contact | Carboxylate oxygen unit;Y395 | Polar contact | N1 site;Y395 | Polar contact | O1 site
GAC_4,class_3,11,E310 | Polar contact | Carboxylate oxygen unit;E310 | Polar contact | N2 site;F247 | Hydrophobic contact | Aliphatic carbon unit;N264 | Polar contact | Carboxylate oxygen unit;N317 | Polar contact | Carboxylate oxygen unit;S215 | Polar contact | O1 site;V413 | Hydrophobic contact | Aliphatic carbon unit;V413 | Polar contact | O1 site;Y343 | Polar contact | Carboxylate oxygen unit;Y395 | Polar contact | N1 site;Y395 | Polar contact | O1 site,E310 | Polar contact | Carboxylate oxygen unit;E310 | Polar contact | N2 site;F247 | Hydrophobic contact | Aliphatic carbon unit;N264 | Polar contact | Carboxylate oxygen unit;N317 | Polar contact | Carboxylate oxygen unit;S215 | Polar contact | O1 site;V413 | Hydrophobic contact | Aliphatic carbon unit;V413 | Polar contact | O1 site;Y343 | Polar contact | Carboxylate oxygen unit;Y395 | Polar contact | N1 site;Y395 | Polar contact | O1 site
GAC_60,class_3,11,E310 | Polar contact | Carboxylate oxygen unit;E310 | Polar contact | N2 site;F247 | Hydrophobic contact | Aliphatic carbon unit;N264 | Polar contact | Carboxylate oxygen unit;N317 | Polar contact | Carboxylate oxygen unit;S215 | Polar contact | O1 site;V413 | Hydrophobic contact | Aliphatic carbon unit;V413 | Polar contact | O1 site;Y343 | Polar contact | Carboxylate oxygen unit;Y395 | Polar contact | N1 site;Y395 | Polar contact | O1 site,E310 | Polar contact | Carboxylate oxygen unit;E310 | Polar contact | N2 site;F247 | Hydrophobic contact | Aliphatic carbon unit;N264 | Polar contact | Carboxylate oxygen unit;N317 | Polar contact | Carboxylate oxygen unit;S215 | Polar contact | O1 site;V413 | Hydrophobic contact | Aliphatic carbon unit;V413 | Polar contact | O1 site;Y343 | Polar contact | Carboxylate oxygen unit;Y395 | Polar contact | N1 site;Y395 | Polar contact | O1 site
GAC_105,class_4,11,C347 | Polar contact | N2 site;E310 | Polar contact | Carboxylate oxygen unit;E310 | Polar contact | N2 site;N264 | Polar contact | Carboxylate oxygen unit;N317 | Polar contact | Carboxylate oxygen unit;S215 | Polar contact | O1 site;V413 | Hydrophobic contact | Aliphatic carbon unit;V413 | Polar contact | O1 site;Y343 | Polar contact | Carboxylate oxygen unit;Y395 | Polar contact | N1 site;Y395 | Polar contact | O1 site,C347 | Polar contact | N2 site;E310 | Polar contact | Carboxylate oxygen unit;E310 | Polar contact | N2 site;N264 | Polar contact | Carboxylate oxygen unit;N317 | Polar contact | Carboxylate oxygen unit;S215 | Polar contact | O1 site;V413 | Hydrophobic contact | Aliphatic carbon unit;V413 | Polar contact | O1 site;Y343 | Polar contact | Carboxylate oxygen unit;Y395 | Polar contact | N1 site;Y395 | Polar contact | O1 site
GAC_128,class_4,11,C347 | Polar contact | N2 site;E310 | Polar contact | Carboxylate oxygen unit;E310 | Polar contact | N2 site;N264 | Polar contact | Carboxylate oxygen unit;N317 | Polar contact | Carboxylate oxygen unit;S215 | Polar contact | O1 site;V413 | Hydrophobic contact | Aliphatic carbon unit;V413 | Polar contact | O1 site;Y343 | Polar contact | Carboxylate oxygen unit;Y395 | Polar contact | N1 site;Y395 | Polar contact | O1 site,C347 | Polar contact | N2 site;E310 | Polar contact | Carboxylate oxygen unit;E310 | Polar contact | N2 site;N264 | Polar contact | Carboxylate oxygen unit;N317 | Polar contact | Carboxylate oxygen unit;S215 | Polar contact | O1 site;V413 | Hydrophobic contact | Aliphatic carbon unit;V413 | Polar contact | O1 site;Y343 | Polar contact | Carboxylate oxygen unit;Y395 | Polar contact | N1 site;Y395 | Polar contact | O1 site
GAC_129,class_4,11,C347 | Polar contact | N2 site;E310 | Polar contact | Carboxylate oxygen unit;E310 | Polar contact | N2 site;N264 | Polar contact | Carboxylate oxygen unit;N317 | Polar contact | Carboxylate oxygen unit;S215 | Polar contact | O1 site;V413 | Hydrophobic contact | Aliphatic carbon unit;V413 | Polar contact | O1 site;Y343 | Polar contact | Carboxylate oxygen unit;Y395 | Polar contact | N1 site;Y395 | Polar contact | O1 site,C347 | Polar contact | N2 site;E310 | Polar contact | Carboxylate oxygen unit;E310 | Polar contact | N2 site;N264 | Polar contact | Carboxylate oxygen unit;N317 | Polar contact | Carboxylate oxygen unit;S215 | Polar contact | O1 site;V413 | Hydrophobic contact | Aliphatic carbon unit;V413 | Polar contact | O1 site;Y343 | Polar contact | Carboxylate oxygen unit;Y395 | Polar contact | N1 site;Y395 | Polar contact | O1 site
GAC_171,class_4,11,C347 | Polar contact | N2 site;E310 | Polar contact | Carboxylate oxygen unit;E310 | Polar contact | N2 site;N264 | Polar contact | Carboxylate oxygen unit;N317 | Polar contact | Carboxylate oxygen unit;S215 | Polar contact | O1 site;V413 | Hydrophobic contact | Aliphatic carbon unit;V413 | Polar contact | O1 site;Y343 | Polar contact | Carboxylate oxygen unit;Y395 | Polar contact | N1 site;Y395 | Polar contact | O1 site,C347 | Polar contact | N2 site;E310 | Polar contact | Carboxylate oxygen unit;E310 | Polar contact | N2 site;N264 | Polar contact | Carboxylate oxygen unit;N317 | Polar contact | Carboxylate oxygen unit;S215 | Polar contact | O1 site;V413 | Hydrophobic contact | Aliphatic carbon unit;V413 | Polar contact | O1 site;Y343 | Polar contact | Carboxylate oxygen unit;Y395 | Polar contact | N1 site;Y395 | Polar contact | O1 site
GAC_179,class_4,11,C347 | Polar contact | N2 site;E310 | Polar contact | Carboxylate oxygen unit;E310 | Polar contact | N2 site;N264 | Polar contact | Carboxylate oxygen unit;N317 | Polar contact | Carboxylate oxygen unit;S215 | Polar contact | O1 site;V413 | Hydrophobic contact | Aliphatic carbon unit;V413 | Polar contact | O1 site;Y343 | Polar contact | Carboxylate oxygen unit;Y395 | Polar contact | N1 site;Y395 | Polar contact | O1 site,C347 | Polar contact | N2 site;E310 | Polar contact | Carboxylate oxygen unit;E310 | Polar contact | N2 site;N264 | Polar contact | Carboxylate oxygen unit;N317 | Polar contact | Carboxylate oxygen unit;S215 | Polar contact | O1 site;V413 | Hydrophobic contact | Aliphatic carbon unit;V413 | Polar contact | O1 site;Y343 | Polar contact | Carboxylate oxygen unit;Y395 | Polar contact | N1 site;Y395 | Polar contact | O1 site
GAC_254,class_4,11,C347 | Polar contact | N2 site;E310 | Polar contact | Carboxylate oxygen unit;E310 | Polar contact | N2 site;N264 | Polar contact | Carboxylate oxygen unit;N317 | Polar contact | Carboxylate oxygen unit;S215 | Polar contact | O1 site;V413 | Hydrophobic contact | Aliphatic carbon unit;V413 | Polar contact | O1 site;Y343 | Polar contact | Carboxylate oxygen unit;Y395 | Polar contact | N1 site;Y395 | Polar contact | O1 site,C347 | Polar contact | N2 site;E310 | Polar contact | Carboxylate oxygen unit;E310 | Polar contact | N2 site;N264 | Polar contact | Carboxylate oxygen unit;N317 | Polar contact | Carboxylate oxygen unit;S215 | Polar contact | O1 site;V413 | Hydrophobic contact | Aliphatic carbon unit;V413 | Polar contact | O1 site;Y343 | Polar contact | Carboxylate oxygen unit;Y395 | Polar contact | N1 site;Y395 | Polar contact | O1 site
GAC_181,class_5,11,C347 | Polar contact | Carboxylate oxygen unit;E310 | Polar contact | Carboxylate oxygen unit;E310 | Polar contact | N2 site;F247 | Hydrophobic contact | Aliphatic carbon unit;N264 | Polar contact | Carboxylate oxygen unit;N317 | Polar contact | Carboxylate oxygen unit;S215 | Polar contact | O1 site;V413 | Hydrophobic contact | Aliphatic carbon unit;V413 | Polar contact | O1 site;Y343 | Polar contact | Carboxylate oxygen unit;Y395 | Polar contact | N1 site,C347 | Polar contact | Carboxylate oxygen unit;E310 | Polar contact | Carboxylate oxygen unit;E310 | Polar contact | N2 site;F247 | Hydrophobic contact | Aliphatic carbon unit;N264 | Polar contact | Carboxylate oxygen unit;N317 | Polar contact | Carboxylate oxygen unit;S215 | Polar contact | O1 site;V413 | Hydrophobic contact | Aliphatic carbon unit;V413 | Polar contact | O1 site;Y343 | Polar contact | Carboxylate oxygen unit;Y395 | Polar contact | N1 site
GAC_10,class_6,10,E310 | Polar contact | Carboxylate oxygen unit;E310 | Polar contact | N2 site;N264 | Polar contact | Carboxylate oxygen unit;N317 | Polar contact | Carboxylate oxygen unit;S215 | Polar contact | O1 site;V413 | Hydrophobic contact | Aliphatic carbon unit;V413 | Polar contact | O1 site;Y343 | Polar contact | Carboxylate oxygen unit;Y395 | Polar contact | N1 site;Y395 | Polar contact | O1 site,E310 | Polar contact | Carboxylate oxygen unit;E310 | Polar contact | N2 site;N264 | Polar contact | Carboxylate oxygen unit;N317 | Polar contact | Carboxylate oxygen unit;S215 | Polar contact | O1 site;V413 | Hydrophobic contact | Aliphatic carbon unit;V413 | Polar contact | O1 site;Y343 | Polar contact | Carboxylate oxygen unit;Y395 | Polar contact | N1 site;Y395 | Polar contact | O1 site
GAC_100,class_6,10,E310 | Polar contact | Carboxylate oxygen unit;E310 | Polar contact | N2 site;N264 | Polar contact | Carboxylate oxygen unit;N317 | Polar contact | Carboxylate oxygen unit;S215 | Polar contact | O1 site;V413 | Hydrophobic contact | Aliphatic carbon unit;V413 | Polar contact | O1 site;Y343 | Polar contact | Carboxylate oxygen unit;Y395 | Polar contact | N1 site;Y395 | Polar contact | O1 site,E310 | Polar contact | Carboxylate oxygen unit;E310 | Polar contact | N2 site;N264 | Polar contact | Carboxylate oxygen unit;N317 | Polar contact | Carboxylate oxygen unit;S215 | Polar contact | O1 site;V413 | Hydrophobic contact | Aliphatic carbon unit;V413 | Polar contact | O1 site;Y343 | Polar contact | Carboxylate oxygen unit;Y395 | Polar contact | N1 site;Y395 | Polar contact | O1 site
GAC_102,class_6,10,E310 | Polar contact | Carboxylate oxygen unit;E310 | Polar contact | N2 site;N264 | Polar contact | Carboxylate oxygen unit;N317 | Polar contact | Carboxylate oxygen unit;S215 | Polar contact | O1 site;V413 | Hydrophobic contact | Aliphatic carbon unit;V413 | Polar contact | O1 site;Y343 | Polar contact | Carboxylate oxygen unit;Y395 | Polar contact | N1 site;Y395 | Polar contact | O1 site,E310 | Polar contact | Carboxylate oxygen unit;E310 | Polar contact | N2 site;N264 | Polar contact | Carboxylate oxygen unit;N317 | Polar contact | Carboxylate oxygen unit;S215 | Polar contact | O1 site;V413 | Hydrophobic contact | Aliphatic carbon unit;V413 | Polar contact | O1 site;Y343 | Polar contact | Carboxylate oxygen unit;Y395 | Polar contact | N1 site;Y395 | Polar contact | O1 site
GAC_104,class_6,10,E310 | Polar contact | Carboxylate oxygen unit;E310 | Polar contact | N2 site;N264 | Polar contact | Carboxylate oxygen unit;N317 | Polar contact | Carboxylate oxygen unit;S215 | Polar contact | O1 site;V413 | Hydrophobic contact | Aliphatic carbon unit;V413 | Polar contact | O1 site;Y343 | Polar contact | Carboxylate oxygen unit;Y395 | Polar contact | N1 site;Y395 | Polar contact | O1 site,E310 | Polar contact | Carboxylate oxygen unit;E310 | Polar contact | N2 site;N264 | Polar contact | Carboxylate oxygen unit;N317 | Polar contact | Carboxylate oxygen unit;S215 | Polar contact | O1 site;V413 | Hydrophobic contact | Aliphatic carbon unit;V413 | Polar contact | O1 site;Y343 | Polar contact | Carboxylate oxygen unit;Y395 | Polar contact | N1 site;Y395 | Polar contact | O1 site
GAC_109,class_6,10,E310 | Polar contact | Carboxylate oxygen unit;E310 | Polar contact | N2 site;N264 | Polar contact | Carboxylate oxygen unit;N317 | Polar contact | Carboxylate oxygen unit;S215 | Polar contact | O1 site;V413 | Hydrophobic contact | Aliphatic carbon unit;V413 | Polar contact | O1 site;Y343 | Polar contact | Carboxylate oxygen unit;Y395 | Polar contact | N1 site;Y395 | Polar contact | O1 site,E310 | Polar contact | Carboxylate oxygen unit;E310 | Polar contact | N2 site;N264 | Polar contact | Carboxylate oxygen unit;N317 | Polar contact | Carboxylate oxygen unit;S215 | Polar contact | O1 site;V413 | Hydrophobic contact | Aliphatic carbon unit;V413 | Polar contact | O1 site;Y343 | Polar contact | Carboxylate oxygen unit;Y395 | Polar contact | N1 site;Y395 | Polar contact | O1 site
GAC_111,class_6,10,E310 | Polar contact | Carboxylate oxygen unit;E310 | Polar contact | N2 site;N264 | Polar contact | Carboxylate oxygen unit;N317 | Polar contact | Carboxylate oxygen unit;S215 | Polar contact | O1 site;V413 | Hydrophobic contact | Aliphatic carbon unit;V413 | Polar contact | O1 site;Y343 | Polar contact | Carboxylate oxygen unit;Y395 | Polar contact | N1 site;Y395 | Polar contact | O1 site,E310 | Polar contact | Carboxylate oxygen unit;E310 | Polar contact | N2 site;N264 | Polar contact | Carboxylate oxygen unit;N317 | Polar contact | Carboxylate oxygen unit;S215 | Polar contact | O1 site;V413 | Hydrophobic contact | Aliphatic carbon unit;V413 | Polar contact | O1 site;Y343 | Polar contact | Carboxylate oxygen unit;Y395 | Polar contact | N1 site;Y395 | Polar contact | O1 site
GAC_113,class_6,10,E310 | Polar contact | Carboxylate oxygen unit;E310 | Polar contact | N2 site;N264 | Polar contact | Carboxylate oxygen unit;N317 | Polar contact | Carboxylate oxygen unit;S215 | Polar contact | O1 site;V413 | Hydrophobic contact | Aliphatic carbon unit;V413 | Polar contact | O1 site;Y343 | Polar contact | Carboxylate oxygen unit;Y395 | Polar contact | N1 site;Y395 | Polar contact | O1 site,E310 | Polar contact | Carboxylate oxygen unit;E310 | Polar contact | N2 site;N264 | Polar contact | Carboxylate oxygen unit;N317 | Polar contact | Carboxylate oxygen unit;S215 | Polar contact | O1 site;V413 | Hydrophobic contact | Aliphatic carbon unit;V413 | Polar contact | O1 site;Y343 | Polar contact | Carboxylate oxygen unit;Y395 | Polar contact | N1 site;Y395 | Polar contact | O1 site
GAC_114,class_6,10,E310 | Polar contact | Carboxylate oxygen unit;E310 | Polar contact | N2 site;N264 | Polar contact | Carboxylate oxygen unit;N317 | Polar contact | Carboxylate oxygen unit;S215 | Polar contact | O1 site;V413 | Hydrophobic contact | Aliphatic carbon unit;V413 | Polar contact | O1 site;Y343 | Polar contact | Carboxylate oxygen unit;Y395 | Polar contact | N1 site;Y395 | Polar contact | O1 site,E310 | Polar contact | Carboxylate oxygen unit;E310 | Polar contact | N2 site;N264 | Polar contact | Carboxylate oxygen unit;N317 | Polar contact | Carboxylate oxygen unit;S215 | Polar contact | O1 site;V413 | Hydrophobic contact | Aliphatic carbon unit;V413 | Polar contact | O1 site;Y343 | Polar contact | Carboxylate oxygen unit;Y395 | Polar contact | N1 site;Y395 | Polar contact | O1 site
GAC_116,class_6,10,E310 | Polar contact | Carboxylate oxygen unit;E310 | Polar contact | N2 site;N264 | Polar contact | Carboxylate oxygen unit;N317 | Polar contact | Carboxylate oxygen unit;S215 | Polar contact | O1 site;V413 | Hydrophobic contact | Aliphatic carbon unit;V413 | Polar contact | O1 site;Y343 | Polar contact | Carboxylate oxygen unit;Y395 | Polar contact | N1 site;Y395 | Polar contact | O1 site,E310 | Polar contact | Carboxylate oxygen unit;E310 | Polar contact | N2 site;N264 | Polar contact | Carboxylate oxygen unit;N317 | Polar contact | Carboxylate oxygen unit;S215 | Polar contact | O1 site;V413 | Hydrophobic contact | Aliphatic carbon unit;V413 | Polar contact | O1 site;Y343 | Polar contact | Carboxylate oxygen unit;Y395 | Polar contact | N1 site;Y395 | Polar contact | O1 site
GAC_118,class_6,10,E310 | Polar contact | Carboxylate oxygen unit;E310 | Polar contact | N2 site;N264 | Polar contact | Carboxylate oxygen unit;N317 | Polar contact | Carboxylate oxygen unit;S215 | Polar contact | O1 site;V413 | Hydrophobic contact | Aliphatic carbon unit;V413 | Polar contact | O1 site;Y343 | Polar contact | Carboxylate oxygen unit;Y395 | Polar contact | N1 site;Y395 | Polar contact | O1 site,E310 | Polar contact | Carboxylate oxygen unit;E310 | Polar contact | N2 site;N264 | Polar contact | Carboxylate oxygen unit;N317 | Polar contact | Carboxylate oxygen unit;S215 | Polar contact | O1 site;V413 | Hydrophobic contact | Aliphatic carbon unit;V413 | Polar contact | O1 site;Y343 | Polar contact | Carboxylate oxygen unit;Y395 | Polar contact | N1 site;Y395 | Polar contact | O1 site
GAC_119,class_6,10,E310 | Polar contact | Carboxylate oxygen unit;E310 | Polar contact | N2 site;N264 | Polar contact | Carboxylate oxygen unit;N317 | Polar contact | Carboxylate oxygen unit;S215 | Polar contact | O1 site;V413 | Hydrophobic contact | Aliphatic carbon unit;V413 | Polar contact | O1 site;Y343 | Polar contact | Carboxylate oxygen unit;Y395 | Polar contact | N1 site;Y395 | Polar contact | O1 site,E310 | Polar contact | Carboxylate oxygen unit;E310 | Polar contact | N2 site;N264 | Polar contact | Carboxylate oxygen unit;N317 | Polar contact | Carboxylate oxygen unit;S215 | Polar contact | O1 site;V413 | Hydrophobic contact | Aliphatic carbon unit;V413 | Polar contact | O1 site;Y343 | Polar contact | Carboxylate oxygen unit;Y395 | Polar contact | N1 site;Y395 | Polar contact | O1 site
GAC_12,class_6,10,E310 | Polar contact | Carboxylate oxygen unit;E310 | Polar contact | N2 site;N264 | Polar contact | Carboxylate oxygen unit;N317 | Polar contact | Carboxylate oxygen unit;S215 | Polar contact | O1 site;V413 | Hydrophobic contact | Aliphatic carbon unit;V413 | Polar contact | O1 site;Y343 | Polar contact | Carboxylate oxygen unit;Y395 | Polar contact | N1 site;Y395 | Polar contact | O1 site,E310 | Polar contact | Carboxylate oxygen unit;E310 | Polar contact | N2 site;N264 | Polar contact | Carboxylate oxygen unit;N317 | Polar contact | Carboxylate oxygen unit;S215 | Polar contact | O1 site;V413 | Hydrophobic contact | Aliphatic carbon unit;V413 | Polar contact | O1 site;Y343 | Polar contact | Carboxylate oxygen unit;Y395 | Polar contact | N1 site;Y395 | Polar contact | O1 site
GAC_120,class_6,10,E310 | Polar contact | Carboxylate oxygen unit;E310 | Polar contact | N2 site;N264 | Polar contact | Carboxylate oxygen unit;N317 | Polar contact | Carboxylate oxygen unit;S215 | Polar contact | O1 site;V413 | Hydrophobic contact | Aliphatic carbon unit;V413 | Polar contact | O1 site;Y343 | Polar contact | Carboxylate oxygen unit;Y395 | Polar contact | N1 site;Y395 | Polar contact | O1 site,E310 | Polar contact | Carboxylate oxygen unit;E310 | Polar contact | N2 site;N264 | Polar contact | Carboxylate oxygen unit;N317 | Polar contact | Carboxylate oxygen unit;S215 | Polar contact | O1 site;V413 | Hydrophobic contact | Aliphatic carbon unit;V413 | Polar contact | O1 site;Y343 | Polar contact | Carboxylate oxygen unit;Y395 | Polar contact | N1 site;Y395 | Polar contact | O1 site
GAC_123,class_6,10,E310 | Polar contact | Carboxylate oxygen unit;E310 | Polar contact | N2 site;N264 | Polar contact | Carboxylate oxygen unit;N317 | Polar contact | Carboxylate oxygen unit;S215 | Polar contact | O1 site;V413 | Hydrophobic contact | Aliphatic carbon unit;V413 | Polar contact | O1 site;Y343 | Polar contact | Carboxylate oxygen unit;Y395 | Polar contact | N1 site;Y395 | Polar contact | O1 site,E310 | Polar contact | Carboxylate oxygen unit;E310 | Polar contact | N2 site;N264 | Polar contact | Carboxylate oxygen unit;N317 | Polar contact | Carboxylate oxygen unit;S215 | Polar contact | O1 site;V413 | Hydrophobic contact | Aliphatic carbon unit;V413 | Polar contact | O1 site;Y343 | Polar contact | Carboxylate oxygen unit;Y395 | Polar contact | N1 site;Y395 | Polar contact | O1 site
GAC_124,class_6,10,E310 | Polar contact | Carboxylate oxygen unit;E310 | Polar contact | N2 site;N264 | Polar contact | Carboxylate oxygen unit;N317 | Polar contact | Carboxylate oxygen unit;S215 | Polar contact | O1 site;V413 | Hydrophobic contact | Aliphatic carbon unit;V413 | Polar contact | O1 site;Y343 | Polar contact | Carboxylate oxygen unit;Y395 | Polar contact | N1 site;Y395 | Polar contact | O1 site,E310 | Polar contact | Carboxylate oxygen unit;E310 | Polar contact | N2 site;N264 | Polar contact | Carboxylate oxygen unit;N317 | Polar contact | Carboxylate oxygen unit;S215 | Polar contact | O1 site;V413 | Hydrophobic contact | Aliphatic carbon unit;V413 | Polar contact | O1 site;Y343 | Polar contact | Carboxylate oxygen unit;Y395 | Polar contact | N1 site;Y395 | Polar contact | O1 site
GAC_130,class_6,10,E310 | Polar contact | Carboxylate oxygen unit;E310 | Polar contact | N2 site;N264 | Polar contact | Carboxylate oxygen unit;N317 | Polar contact | Carboxylate oxygen unit;S215 | Polar contact | O1 site;V413 | Hydrophobic contact | Aliphatic carbon unit;V413 | Polar contact | O1 site;Y343 | Polar contact | Carboxylate oxygen unit;Y395 | Polar contact | N1 site;Y395 | Polar contact | O1 site,E310 | Polar contact | Carboxylate oxygen unit;E310 | Polar contact | N2 site;N264 | Polar contact | Carboxylate oxygen unit;N317 | Polar contact | Carboxylate oxygen unit;S215 | Polar contact | O1 site;V413 | Hydrophobic contact | Aliphatic carbon unit;V413 | Polar contact | O1 site;Y343 | Polar contact | Carboxylate oxygen unit;Y395 | Polar contact | N1 site;Y395 | Polar contact | O1 site
GAC_131,class_6,10,E310 | Polar contact | Carboxylate oxygen unit;E310 | Polar contact | N2 site;N264 | Polar contact | Carboxylate oxygen unit;N317 | Polar contact | Carboxylate oxygen unit;S215 | Polar contact | O1 site;V413 | Hydrophobic contact | Aliphatic carbon unit;V413 | Polar contact | O1 site;Y343 | Polar contact | Carboxylate oxygen unit;Y395 | Polar contact | N1 site;Y395 | Polar contact | O1 site,E310 | Polar contact | Carboxylate oxygen unit;E310 | Polar contact | N2 site;N264 | Polar contact | Carboxylate oxygen unit;N317 | Polar contact | Carboxylate oxygen unit;S215 | Polar contact | O1 site;V413 | Hydrophobic contact | Aliphatic carbon unit;V413 | Polar contact | O1 site;Y343 | Polar contact | Carboxylate oxygen unit;Y395 | Polar contact | N1 site;Y395 | Polar contact | O1 site
GAC_132,class_6,10,E310 | Polar contact | Carboxylate oxygen unit;E310 | Polar contact | N2 site;N264 | Polar contact | Carboxylate oxygen unit;N317 | Polar contact | Carboxylate oxygen unit;S215 | Polar contact | O1 site;V413 | Hydrophobic contact | Aliphatic carbon unit;V413 | Polar contact | O1 site;Y343 | Polar contact | Carboxylate oxygen unit;Y395 | Polar contact | N1 site;Y395 | Polar contact | O1 site,E310 | Polar contact | Carboxylate oxygen unit;E310 | Polar contact | N2 site;N264 | Polar contact | Carboxylate oxygen unit;N317 | Polar contact | Carboxylate oxygen unit;S215 | Polar contact | O1 site;V413 | Hydrophobic contact | Aliphatic carbon unit;V413 | Polar contact | O1 site;Y343 | Polar contact | Carboxylate oxygen unit;Y395 | Polar contact | N1 site;Y395 | Polar contact | O1 site
GAC_133,class_6,10,E310 | Polar contact | Carboxylate oxygen unit;E310 | Polar contact | N2 site;N264 | Polar contact | Carboxylate oxygen unit;N317 | Polar contact | Carboxylate oxygen unit;S215 | Polar contact | O1 site;V413 | Hydrophobic contact | Aliphatic carbon unit;V413 | Polar contact | O1 site;Y343 | Polar contact | Carboxylate oxygen unit;Y395 | Polar contact | N1 site;Y395 | Polar contact | O1 site,E310 | Polar contact | Carboxylate oxygen unit;E310 | Polar contact | N2 site;N264 | Polar contact | Carboxylate oxygen unit;N317 | Polar contact | Carboxylate oxygen unit;S215 | Polar contact | O1 site;V413 | Hydrophobic contact | Aliphatic carbon unit;V413 | Polar contact | O1 site;Y343 | Polar contact | Carboxylate oxygen unit;Y395 | Polar contact | N1 site;Y395 | Polar contact | O1 site
GAC_134,class_6,10,E310 | Polar contact | Carboxylate oxygen unit;E310 | Polar contact | N2 site;N264 | Polar contact | Carboxylate oxygen unit;N317 | Polar contact | Carboxylate oxygen unit;S215 | Polar contact | O1 site;V413 | Hydrophobic contact | Aliphatic carbon unit;V413 | Polar contact | O1 site;Y343 | Polar contact | Carboxylate oxygen unit;Y395 | Polar contact | N1 site;Y395 | Polar contact | O1 site,E310 | Polar contact | Carboxylate oxygen unit;E310 | Polar contact | N2 site;N264 | Polar contact | Carboxylate oxygen unit;N317 | Polar contact | Carboxylate oxygen unit;S215 | Polar contact | O1 site;V413 | Hydrophobic contact | Aliphatic carbon unit;V413 | Polar contact | O1 site;Y343 | Polar contact | Carboxylate oxygen unit;Y395 | Polar contact | N1 site;Y395 | Polar contact | O1 site
GAC_135,class_6,10,E310 | Polar contact | Carboxylate oxygen unit;E310 | Polar contact | N2 site;N264 | Polar contact | Carboxylate oxygen unit;N317 | Polar contact | Carboxylate oxygen unit;S215 | Polar contact | O1 site;V413 | Hydrophobic contact | Aliphatic carbon unit;V413 | Polar contact | O1 site;Y343 | Polar contact | Carboxylate oxygen unit;Y395 | Polar contact | N1 site;Y395 | Polar contact | O1 site,E310 | Polar contact | Carboxylate oxygen unit;E310 | Polar contact | N2 site;N264 | Polar contact | Carboxylate oxygen unit;N317 | Polar contact | Carboxylate oxygen unit;S215 | Polar contact | O1 site;V413 | Hydrophobic contact | Aliphatic carbon unit;V413 | Polar contact | O1 site;Y343 | Polar contact | Carboxylate oxygen unit;Y395 | Polar contact | N1 site;Y395 | Polar contact | O1 site
GAC_137,class_6,10,E310 | Polar contact | Carboxylate oxygen unit;E310 | Polar contact | N2 site;N264 | Polar contact | Carboxylate oxygen unit;N317 | Polar contact | Carboxylate oxygen unit;S215 | Polar contact | O1 site;V413 | Hydrophobic contact | Aliphatic carbon unit;V413 | Polar contact | O1 site;Y343 | Polar contact | Carboxylate oxygen unit;Y395 | Polar contact | N1 site;Y395 | Polar contact | O1 site,E310 | Polar contact | Carboxylate oxygen unit;E310 | Polar contact | N2 site;N264 | Polar contact | Carboxylate oxygen unit;N317 | Polar contact | Carboxylate oxygen unit;S215 | Polar contact | O1 site;V413 | Hydrophobic contact | Aliphatic carbon unit;V413 | Polar contact | O1 site;Y343 | Polar contact | Carboxylate oxygen unit;Y395 | Polar contact | N1 site;Y395 | Polar contact | O1 site
GAC_144,class_6,10,E310 | Polar contact | Carboxylate oxygen unit;E310 | Polar contact | N2 site;N264 | Polar contact | Carboxylate oxygen unit;N317 | Polar contact | Carboxylate oxygen unit;S215 | Polar contact | O1 site;V413 | Hydrophobic contact | Aliphatic carbon unit;V413 | Polar contact | O1 site;Y343 | Polar contact | Carboxylate oxygen unit;Y395 | Polar contact | N1 site;Y395 | Polar contact | O1 site,E310 | Polar contact | Carboxylate oxygen unit;E310 | Polar contact | N2 site;N264 | Polar contact | Carboxylate oxygen unit;N317 | Polar contact | Carboxylate oxygen unit;S215 | Polar contact | O1 site;V413 | Hydrophobic contact | Aliphatic carbon unit;V413 | Polar contact | O1 site;Y343 | Polar contact | Carboxylate oxygen unit;Y395 | Polar contact | N1 site;Y395 | Polar contact | O1 site
GAC_145,class_6,10,E310 | Polar contact | Carboxylate oxygen unit;E310 | Polar contact | N2 site;N264 | Polar contact | Carboxylate oxygen unit;N317 | Polar contact | Carboxylate oxygen unit;S215 | Polar contact | O1 site;V413 | Hydrophobic contact | Aliphatic carbon unit;V413 | Polar contact | O1 site;Y343 | Polar contact | Carboxylate oxygen unit;Y395 | Polar contact | N1 site;Y395 | Polar contact | O1 site,E310 | Polar contact | Carboxylate oxygen unit;E310 | Polar contact | N2 site;N264 | Polar contact | Carboxylate oxygen unit;N317 | Polar contact | Carboxylate oxygen unit;S215 | Polar contact | O1 site;V413 | Hydrophobic contact | Aliphatic carbon unit;V413 | Polar contact | O1 site;Y343 | Polar contact | Carboxylate oxygen unit;Y395 | Polar contact | N1 site;Y395 | Polar contact | O1 site
GAC_147,class_6,10,E310 | Polar contact | Carboxylate oxygen unit;E310 | Polar contact | N2 site;N264 | Polar contact | Carboxylate oxygen unit;N317 | Polar contact | Carboxylate oxygen unit;S215 | Polar contact | O1 site;V413 | Hydrophobic contact | Aliphatic carbon unit;V413 | Polar contact | O1 site;Y343 | Polar contact | Carboxylate oxygen unit;Y395 | Polar contact | N1 site;Y395 | Polar contact | O1 site,E310 | Polar contact | Carboxylate oxygen unit;E310 | Polar contact | N2 site;N264 | Polar contact | Carboxylate oxygen unit;N317 | Polar contact | Carboxylate oxygen unit;S215 | Polar contact | O1 site;V413 | Hydrophobic contact | Aliphatic carbon unit;V413 | Polar contact | O1 site;Y343 | Polar contact | Carboxylate oxygen unit;Y395 | Polar contact | N1 site;Y395 | Polar contact | O1 site
GAC_149,class_6,10,E310 | Polar contact | Carboxylate oxygen unit;E310 | Polar contact | N2 site;N264 | Polar contact | Carboxylate oxygen unit;N317 | Polar contact | Carboxylate oxygen unit;S215 | Polar contact | O1 site;V413 | Hydrophobic contact | Aliphatic carbon unit;V413 | Polar contact | O1 site;Y343 | Polar contact | Carboxylate oxygen unit;Y395 | Polar contact | N1 site;Y395 | Polar contact | O1 site,E310 | Polar contact | Carboxylate oxygen unit;E310 | Polar contact | N2 site;N264 | Polar contact | Carboxylate oxygen unit;N317 | Polar contact | Carboxylate oxygen unit;S215 | Polar contact | O1 site;V413 | Hydrophobic contact | Aliphatic carbon unit;V413 | Polar contact | O1 site;Y343 | Polar contact | Carboxylate oxygen unit;Y395 | Polar contact | N1 site;Y395 | Polar contact | O1 site
GAC_15,class_6,10,E310 | Polar contact | Carboxylate oxygen unit;E310 | Polar contact | N2 site;N264 | Polar contact | Carboxylate oxygen unit;N317 | Polar contact | Carboxylate oxygen unit;S215 | Polar contact | O1 site;V413 | Hydrophobic contact | Aliphatic carbon unit;V413 | Polar contact | O1 site;Y343 | Polar contact | Carboxylate oxygen unit;Y395 | Polar contact | N1 site;Y395 | Polar contact | O1 site,E310 | Polar contact | Carboxylate oxygen unit;E310 | Polar contact | N2 site;N264 | Polar contact | Carboxylate oxygen unit;N317 | Polar contact | Carboxylate oxygen unit;S215 | Polar contact | O1 site;V413 | Hydrophobic contact | Aliphatic carbon unit;V413 | Polar contact | O1 site;Y343 | Polar contact | Carboxylate oxygen unit;Y395 | Polar contact | N1 site;Y395 | Polar contact | O1 site
GAC_150,class_6,10,E310 | Polar contact | Carboxylate oxygen unit;E310 | Polar contact | N2 site;N264 | Polar contact | Carboxylate oxygen unit;N317 | Polar contact | Carboxylate oxygen unit;S215 | Polar contact | O1 site;V413 | Hydrophobic contact | Aliphatic carbon unit;V413 | Polar contact | O1 site;Y343 | Polar contact | Carboxylate oxygen unit;Y395 | Polar contact | N1 site;Y395 | Polar contact | O1 site,E310 | Polar contact | Carboxylate oxygen unit;E310 | Polar contact | N2 site;N264 | Polar contact | Carboxylate oxygen unit;N317 | Polar contact | Carboxylate oxygen unit;S215 | Polar contact | O1 site;V413 | Hydrophobic contact | Aliphatic carbon unit;V413 | Polar contact | O1 site;Y343 | Polar contact | Carboxylate oxygen unit;Y395 | Polar contact | N1 site;Y395 | Polar contact | O1 site
GAC_151,class_6,10,E310 | Polar contact | Carboxylate oxygen unit;E310 | Polar contact | N2 site;N264 | Polar contact | Carboxylate oxygen unit;N317 | Polar contact | Carboxylate oxygen unit;S215 | Polar contact | O1 site;V413 | Hydrophobic contact | Aliphatic carbon unit;V413 | Polar contact | O1 site;Y343 | Polar contact | Carboxylate oxygen unit;Y395 | Polar contact | N1 site;Y395 | Polar contact | O1 site,E310 | Polar contact | Carboxylate oxygen unit;E310 | Polar contact | N2 site;N264 | Polar contact | Carboxylate oxygen unit;N317 | Polar contact | Carboxylate oxygen unit;S215 | Polar contact | O1 site;V413 | Hydrophobic contact | Aliphatic carbon unit;V413 | Polar contact | O1 site;Y343 | Polar contact | Carboxylate oxygen unit;Y395 | Polar contact | N1 site;Y395 | Polar contact | O1 site
GAC_152,class_6,10,E310 | Polar contact | Carboxylate oxygen unit;E310 | Polar contact | N2 site;N264 | Polar contact | Carboxylate oxygen unit;N317 | Polar contact | Carboxylate oxygen unit;S215 | Polar contact | O1 site;V413 | Hydrophobic contact | Aliphatic carbon unit;V413 | Polar contact | O1 site;Y343 | Polar contact | Carboxylate oxygen unit;Y395 | Polar contact | N1 site;Y395 | Polar contact | O1 site,E310 | Polar contact | Carboxylate oxygen unit;E310 | Polar contact | N2 site;N264 | Polar contact | Carboxylate oxygen unit;N317 | Polar contact | Carboxylate oxygen unit;S215 | Polar contact | O1 site;V413 | Hydrophobic contact | Aliphatic carbon unit;V413 | Polar contact | O1 site;Y343 | Polar contact | Carboxylate oxygen unit;Y395 | Polar contact | N1 site;Y395 | Polar contact | O1 site
GAC_153,class_6,10,E310 | Polar contact | Carboxylate oxygen unit;E310 | Polar contact | N2 site;N264 | Polar contact | Carboxylate oxygen unit;N317 | Polar contact | Carboxylate oxygen unit;S215 | Polar contact | O1 site;V413 | Hydrophobic contact | Aliphatic carbon unit;V413 | Polar contact | O1 site;Y343 | Polar contact | Carboxylate oxygen unit;Y395 | Polar contact | N1 site;Y395 | Polar contact | O1 site,E310 | Polar contact | Carboxylate oxygen unit;E310 | Polar contact | N2 site;N264 | Polar contact | Carboxylate oxygen unit;N317 | Polar contact | Carboxylate oxygen unit;S215 | Polar contact | O1 site;V413 | Hydrophobic contact | Aliphatic carbon unit;V413 | Polar contact | O1 site;Y343 | Polar contact | Carboxylate oxygen unit;Y395 | Polar contact | N1 site;Y395 | Polar contact | O1 site
GAC_154,class_6,10,E310 | Polar contact | Carboxylate oxygen unit;E310 | Polar contact | N2 site;N264 | Polar contact | Carboxylate oxygen unit;N317 | Polar contact | Carboxylate oxygen unit;S215 | Polar contact | O1 site;V413 | Hydrophobic contact | Aliphatic carbon unit;V413 | Polar contact | O1 site;Y343 | Polar contact | Carboxylate oxygen unit;Y395 | Polar contact | N1 site;Y395 | Polar contact | O1 site,E310 | Polar contact | Carboxylate oxygen unit;E310 | Polar contact | N2 site;N264 | Polar contact | Carboxylate oxygen unit;N317 | Polar contact | Carboxylate oxygen unit;S215 | Polar contact | O1 site;V413 | Hydrophobic contact | Aliphatic carbon unit;V413 | Polar contact | O1 site;Y343 | Polar contact | Carboxylate oxygen unit;Y395 | Polar contact | N1 site;Y395 | Polar contact | O1 site
GAC_155,class_6,10,E310 | Polar contact | Carboxylate oxygen unit;E310 | Polar contact | N2 site;N264 | Polar contact | Carboxylate oxygen unit;N317 | Polar contact | Carboxylate oxygen unit;S215 | Polar contact | O1 site;V413 | Hydrophobic contact | Aliphatic carbon unit;V413 | Polar contact | O1 site;Y343 | Polar contact | Carboxylate oxygen unit;Y395 | Polar contact | N1 site;Y395 | Polar contact | O1 site,E310 | Polar contact | Carboxylate oxygen unit;E310 | Polar contact | N2 site;N264 | Polar contact | Carboxylate oxygen unit;N317 | Polar contact | Carboxylate oxygen unit;S215 | Polar contact | O1 site;V413 | Hydrophobic contact | Aliphatic carbon unit;V413 | Polar contact | O1 site;Y343 | Polar contact | Carboxylate oxygen unit;Y395 | Polar contact | N1 site;Y395 | Polar contact | O1 site
GAC_156,class_6,10,E310 | Polar contact | Carboxylate oxygen unit;E310 | Polar contact | N2 site;N264 | Polar contact | Carboxylate oxygen unit;N317 | Polar contact | Carboxylate oxygen unit;S215 | Polar contact | O1 site;V413 | Hydrophobic contact | Aliphatic carbon unit;V413 | Polar contact | O1 site;Y343 | Polar contact | Carboxylate oxygen unit;Y395 | Polar contact | N1 site;Y395 | Polar contact | O1 site,E310 | Polar contact | Carboxylate oxygen unit;E310 | Polar contact | N2 site;N264 | Polar contact | Carboxylate oxygen unit;N317 | Polar contact | Carboxylate oxygen unit;S215 | Polar contact | O1 site;V413 | Hydrophobic contact | Aliphatic carbon unit;V413 | Polar contact | O1 site;Y343 | Polar contact | Carboxylate oxygen unit;Y395 | Polar contact | N1 site;Y395 | Polar contact | O1 site
GAC_159,class_6,10,E310 | Polar contact | Carboxylate oxygen unit;E310 | Polar contact | N2 site;N264 | Polar contact | Carboxylate oxygen unit;N317 | Polar contact | Carboxylate oxygen unit;S215 | Polar contact | O1 site;V413 | Hydrophobic contact | Aliphatic carbon unit;V413 | Polar contact | O1 site;Y343 | Polar contact | Carboxylate oxygen unit;Y395 | Polar contact | N1 site;Y395 | Polar contact | O1 site,E310 | Polar contact | Carboxylate oxygen unit;E310 | Polar contact | N2 site;N264 | Polar contact | Carboxylate oxygen unit;N317 | Polar contact | Carboxylate oxygen unit;S215 | Polar contact | O1 site;V413 | Hydrophobic contact | Aliphatic carbon unit;V413 | Polar contact | O1 site;Y343 | Polar contact | Carboxylate oxygen unit;Y395 | Polar contact | N1 site;Y395 | Polar contact | O1 site
GAC_16,class_6,10,E310 | Polar contact | Carboxylate oxygen unit;E310 | Polar contact | N2 site;N264 | Polar contact | Carboxylate oxygen unit;N317 | Polar contact | Carboxylate oxygen unit;S215 | Polar contact | O1 site;V413 | Hydrophobic contact | Aliphatic carbon unit;V413 | Polar contact | O1 site;Y343 | Polar contact | Carboxylate oxygen unit;Y395 | Polar contact | N1 site;Y395 | Polar contact | O1 site,E310 | Polar contact | Carboxylate oxygen unit;E310 | Polar contact | N2 site;N264 | Polar contact | Carboxylate oxygen unit;N317 | Polar contact | Carboxylate oxygen unit;S215 | Polar contact | O1 site;V413 | Hydrophobic contact | Aliphatic carbon unit;V413 | Polar contact | O1 site;Y343 | Polar contact | Carboxylate oxygen unit;Y395 | Polar contact | N1 site;Y395 | Polar contact | O1 site
GAC_164,class_6,10,E310 | Polar contact | Carboxylate oxygen unit;E310 | Polar contact | N2 site;N264 | Polar contact | Carboxylate oxygen unit;N317 | Polar contact | Carboxylate oxygen unit;S215 | Polar contact | O1 site;V413 | Hydrophobic contact | Aliphatic carbon unit;V413 | Polar contact | O1 site;Y343 | Polar contact | Carboxylate oxygen unit;Y395 | Polar contact | N1 site;Y395 | Polar contact | O1 site,E310 | Polar contact | Carboxylate oxygen unit;E310 | Polar contact | N2 site;N264 | Polar contact | Carboxylate oxygen unit;N317 | Polar contact | Carboxylate oxygen unit;S215 | Polar contact | O1 site;V413 | Hydrophobic contact | Aliphatic carbon unit;V413 | Polar contact | O1 site;Y343 | Polar contact | Carboxylate oxygen unit;Y395 | Polar contact | N1 site;Y395 | Polar contact | O1 site
GAC_166,class_6,10,E310 | Polar contact | Carboxylate oxygen unit;E310 | Polar contact | N2 site;N264 | Polar contact | Carboxylate oxygen unit;N317 | Polar contact | Carboxylate oxygen unit;S215 | Polar contact | O1 site;V413 | Hydrophobic contact | Aliphatic carbon unit;V413 | Polar contact | O1 site;Y343 | Polar contact | Carboxylate oxygen unit;Y395 | Polar contact | N1 site;Y395 | Polar contact | O1 site,E310 | Polar contact | Carboxylate oxygen unit;E310 | Polar contact | N2 site;N264 | Polar contact | Carboxylate oxygen unit;N317 | Polar contact | Carboxylate oxygen unit;S215 | Polar contact | O1 site;V413 | Hydrophobic contact | Aliphatic carbon unit;V413 | Polar contact | O1 site;Y343 | Polar contact | Carboxylate oxygen unit;Y395 | Polar contact | N1 site;Y395 | Polar contact | O1 site
GAC_167,class_6,10,E310 | Polar contact | Carboxylate oxygen unit;E310 | Polar contact | N2 site;N264 | Polar contact | Carboxylate oxygen unit;N317 | Polar contact | Carboxylate oxygen unit;S215 | Polar contact | O1 site;V413 | Hydrophobic contact | Aliphatic carbon unit;V413 | Polar contact | O1 site;Y343 | Polar contact | Carboxylate oxygen unit;Y395 | Polar contact | N1 site;Y395 | Polar contact | O1 site,E310 | Polar contact | Carboxylate oxygen unit;E310 | Polar contact | N2 site;N264 | Polar contact | Carboxylate oxygen unit;N317 | Polar contact | Carboxylate oxygen unit;S215 | Polar contact | O1 site;V413 | Hydrophobic contact | Aliphatic carbon unit;V413 | Polar contact | O1 site;Y343 | Polar contact | Carboxylate oxygen unit;Y395 | Polar contact | N1 site;Y395 | Polar contact | O1 site
GAC_168,class_6,10,E310 | Polar contact | Carboxylate oxygen unit;E310 | Polar contact | N2 site;N264 | Polar contact | Carboxylate oxygen unit;N317 | Polar contact | Carboxylate oxygen unit;S215 | Polar contact | O1 site;V413 | Hydrophobic contact | Aliphatic carbon unit;V413 | Polar contact | O1 site;Y343 | Polar contact | Carboxylate oxygen unit;Y395 | Polar contact | N1 site;Y395 | Polar contact | O1 site,E310 | Polar contact | Carboxylate oxygen unit;E310 | Polar contact | N2 site;N264 | Polar contact | Carboxylate oxygen unit;N317 | Polar contact | Carboxylate oxygen unit;S215 | Polar contact | O1 site;V413 | Hydrophobic contact | Aliphatic carbon unit;V413 | Polar contact | O1 site;Y343 | Polar contact | Carboxylate oxygen unit;Y395 | Polar contact | N1 site;Y395 | Polar contact | O1 site
GAC_170,class_6,10,E310 | Polar contact | Carboxylate oxygen unit;E310 | Polar contact | N2 site;N264 | Polar contact | Carboxylate oxygen unit;N317 | Polar contact | Carboxylate oxygen unit;S215 | Polar contact | O1 site;V413 | Hydrophobic contact | Aliphatic carbon unit;V413 | Polar contact | O1 site;Y343 | Polar contact | Carboxylate oxygen unit;Y395 | Polar contact | N1 site;Y395 | Polar contact | O1 site,E310 | Polar contact | Carboxylate oxygen unit;E310 | Polar contact | N2 site;N264 | Polar contact | Carboxylate oxygen unit;N317 | Polar contact | Carboxylate oxygen unit;S215 | Polar contact | O1 site;V413 | Hydrophobic contact | Aliphatic carbon unit;V413 | Polar contact | O1 site;Y343 | Polar contact | Carboxylate oxygen unit;Y395 | Polar contact | N1 site;Y395 | Polar contact | O1 site
GAC_172,class_6,10,E310 | Polar contact | Carboxylate oxygen unit;E310 | Polar contact | N2 site;N264 | Polar contact | Carboxylate oxygen unit;N317 | Polar contact | Carboxylate oxygen unit;S215 | Polar contact | O1 site;V413 | Hydrophobic contact | Aliphatic carbon unit;V413 | Polar contact | O1 site;Y343 | Polar contact | Carboxylate oxygen unit;Y395 | Polar contact | N1 site;Y395 | Polar contact | O1 site,E310 | Polar contact | Carboxylate oxygen unit;E310 | Polar contact | N2 site;N264 | Polar contact | Carboxylate oxygen unit;N317 | Polar contact | Carboxylate oxygen unit;S215 | Polar contact | O1 site;V413 | Hydrophobic contact | Aliphatic carbon unit;V413 | Polar contact | O1 site;Y343 | Polar contact | Carboxylate oxygen unit;Y395 | Polar contact | N1 site;Y395 | Polar contact | O1 site
GAC_175,class_6,10,E310 | Polar contact | Carboxylate oxygen unit;E310 | Polar contact | N2 site;N264 | Polar contact | Carboxylate oxygen unit;N317 | Polar contact | Carboxylate oxygen unit;S215 | Polar contact | O1 site;V413 | Hydrophobic contact | Aliphatic carbon unit;V413 | Polar contact | O1 site;Y343 | Polar contact | Carboxylate oxygen unit;Y395 | Polar contact | N1 site;Y395 | Polar contact | O1 site,E310 | Polar contact | Carboxylate oxygen unit;E310 | Polar contact | N2 site;N264 | Polar contact | Carboxylate oxygen unit;N317 | Polar contact | Carboxylate oxygen unit;S215 | Polar contact | O1 site;V413 | Hydrophobic contact | Aliphatic carbon unit;V413 | Polar contact | O1 site;Y343 | Polar contact | Carboxylate oxygen unit;Y395 | Polar contact | N1 site;Y395 | Polar contact | O1 site
GAC_18,class_6,10,E310 | Polar contact | Carboxylate oxygen unit;E310 | Polar contact | N2 site;N264 | Polar contact | Carboxylate oxygen unit;N317 | Polar contact | Carboxylate oxygen unit;S215 | Polar contact | O1 site;V413 | Hydrophobic contact | Aliphatic carbon unit;V413 | Polar contact | O1 site;Y343 | Polar contact | Carboxylate oxygen unit;Y395 | Polar contact | N1 site;Y395 | Polar contact | O1 site,E310 | Polar contact | Carboxylate oxygen unit;E310 | Polar contact | N2 site;N264 | Polar contact | Carboxylate oxygen unit;N317 | Polar contact | Carboxylate oxygen unit;S215 | Polar contact | O1 site;V413 | Hydrophobic contact | Aliphatic carbon unit;V413 | Polar contact | O1 site;Y343 | Polar contact | Carboxylate oxygen unit;Y395 | Polar contact | N1 site;Y395 | Polar contact | O1 site
GAC_182,class_6,10,E310 | Polar contact | Carboxylate oxygen unit;E310 | Polar contact | N2 site;N264 | Polar contact | Carboxylate oxygen unit;N317 | Polar contact | Carboxylate oxygen unit;S215 | Polar contact | O1 site;V413 | Hydrophobic contact | Aliphatic carbon unit;V413 | Polar contact | O1 site;Y343 | Polar contact | Carboxylate oxygen unit;Y395 | Polar contact | N1 site;Y395 | Polar contact | O1 site,E310 | Polar contact | Carboxylate oxygen unit;E310 | Polar contact | N2 site;N264 | Polar contact | Carboxylate oxygen unit;N317 | Polar contact | Carboxylate oxygen unit;S215 | Polar contact | O1 site;V413 | Hydrophobic contact | Aliphatic carbon unit;V413 | Polar contact | O1 site;Y343 | Polar contact | Carboxylate oxygen unit;Y395 | Polar contact | N1 site;Y395 | Polar contact | O1 site
GAC_183,class_6,10,E310 | Polar contact | Carboxylate oxygen unit;E310 | Polar contact | N2 site;N264 | Polar contact | Carboxylate oxygen unit;N317 | Polar contact | Carboxylate oxygen unit;S215 | Polar contact | O1 site;V413 | Hydrophobic contact | Aliphatic carbon unit;V413 | Polar contact | O1 site;Y343 | Polar contact | Carboxylate oxygen unit;Y395 | Polar contact | N1 site;Y395 | Polar contact | O1 site,E310 | Polar contact | Carboxylate oxygen unit;E310 | Polar contact | N2 site;N264 | Polar contact | Carboxylate oxygen unit;N317 | Polar contact | Carboxylate oxygen unit;S215 | Polar contact | O1 site;V413 | Hydrophobic contact | Aliphatic carbon unit;V413 | Polar contact | O1 site;Y343 | Polar contact | Carboxylate oxygen unit;Y395 | Polar contact | N1 site;Y395 | Polar contact | O1 site
GAC_187,class_6,10,E310 | Polar contact | Carboxylate oxygen unit;E310 | Polar contact | N2 site;N264 | Polar contact | Carboxylate oxygen unit;N317 | Polar contact | Carboxylate oxygen unit;S215 | Polar contact | O1 site;V413 | Hydrophobic contact | Aliphatic carbon unit;V413 | Polar contact | O1 site;Y343 | Polar contact | Carboxylate oxygen unit;Y395 | Polar contact | N1 site;Y395 | Polar contact | O1 site,E310 | Polar contact | Carboxylate oxygen unit;E310 | Polar contact | N2 site;N264 | Polar contact | Carboxylate oxygen unit;N317 | Polar contact | Carboxylate oxygen unit;S215 | Polar contact | O1 site;V413 | Hydrophobic contact | Aliphatic carbon unit;V413 | Polar contact | O1 site;Y343 | Polar contact | Carboxylate oxygen unit;Y395 | Polar contact | N1 site;Y395 | Polar contact | O1 site
GAC_189,class_6,10,E310 | Polar contact | Carboxylate oxygen unit;E310 | Polar contact | N2 site;N264 | Polar contact | Carboxylate oxygen unit;N317 | Polar contact | Carboxylate oxygen unit;S215 | Polar contact | O1 site;V413 | Hydrophobic contact | Aliphatic carbon unit;V413 | Polar contact | O1 site;Y343 | Polar contact | Carboxylate oxygen unit;Y395 | Polar contact | N1 site;Y395 | Polar contact | O1 site,E310 | Polar contact | Carboxylate oxygen unit;E310 | Polar contact | N2 site;N264 | Polar contact | Carboxylate oxygen unit;N317 | Polar contact | Carboxylate oxygen unit;S215 | Polar contact | O1 site;V413 | Hydrophobic contact | Aliphatic carbon unit;V413 | Polar contact | O1 site;Y343 | Polar contact | Carboxylate oxygen unit;Y395 | Polar contact | N1 site;Y395 | Polar contact | O1 site
GAC_19,class_6,10,E310 | Polar contact | Carboxylate oxygen unit;E310 | Polar contact | N2 site;N264 | Polar contact | Carboxylate oxygen unit;N317 | Polar contact | Carboxylate oxygen unit;S215 | Polar contact | O1 site;V413 | Hydrophobic contact | Aliphatic carbon unit;V413 | Polar contact | O1 site;Y343 | Polar contact | Carboxylate oxygen unit;Y395 | Polar contact | N1 site;Y395 | Polar contact | O1 site,E310 | Polar contact | Carboxylate oxygen unit;E310 | Polar contact | N2 site;N264 | Polar contact | Carboxylate oxygen unit;N317 | Polar contact | Carboxylate oxygen unit;S215 | Polar contact | O1 site;V413 | Hydrophobic contact | Aliphatic carbon unit;V413 | Polar contact | O1 site;Y343 | Polar contact | Carboxylate oxygen unit;Y395 | Polar contact | N1 site;Y395 | Polar contact | O1 site
GAC_190,class_6,10,E310 | Polar contact | Carboxylate oxygen unit;E310 | Polar contact | N2 site;N264 | Polar contact | Carboxylate oxygen unit;N317 | Polar contact | Carboxylate oxygen unit;S215 | Polar contact | O1 site;V413 | Hydrophobic contact | Aliphatic carbon unit;V413 | Polar contact | O1 site;Y343 | Polar contact | Carboxylate oxygen unit;Y395 | Polar contact | N1 site;Y395 | Polar contact | O1 site,E310 | Polar contact | Carboxylate oxygen unit;E310 | Polar contact | N2 site;N264 | Polar contact | Carboxylate oxygen unit;N317 | Polar contact | Carboxylate oxygen unit;S215 | Polar contact | O1 site;V413 | Hydrophobic contact | Aliphatic carbon unit;V413 | Polar contact | O1 site;Y343 | Polar contact | Carboxylate oxygen unit;Y395 | Polar contact | N1 site;Y395 | Polar contact | O1 site
GAC_191,class_6,10,E310 | Polar contact | Carboxylate oxygen unit;E310 | Polar contact | N2 site;N264 | Polar contact | Carboxylate oxygen unit;N317 | Polar contact | Carboxylate oxygen unit;S215 | Polar contact | O1 site;V413 | Hydrophobic contact | Aliphatic carbon unit;V413 | Polar contact | O1 site;Y343 | Polar contact | Carboxylate oxygen unit;Y395 | Polar contact | N1 site;Y395 | Polar contact | O1 site,E310 | Polar contact | Carboxylate oxygen unit;E310 | Polar contact | N2 site;N264 | Polar contact | Carboxylate oxygen unit;N317 | Polar contact | Carboxylate oxygen unit;S215 | Polar contact | O1 site;V413 | Hydrophobic contact | Aliphatic carbon unit;V413 | Polar contact | O1 site;Y343 | Polar contact | Carboxylate oxygen unit;Y395 | Polar contact | N1 site;Y395 | Polar contact | O1 site
GAC_192,class_6,10,E310 | Polar contact | Carboxylate oxygen unit;E310 | Polar contact | N2 site;N264 | Polar contact | Carboxylate oxygen unit;N317 | Polar contact | Carboxylate oxygen unit;S215 | Polar contact | O1 site;V413 | Hydrophobic contact | Aliphatic carbon unit;V413 | Polar contact | O1 site;Y343 | Polar contact | Carboxylate oxygen unit;Y395 | Polar contact | N1 site;Y395 | Polar contact | O1 site,E310 | Polar contact | Carboxylate oxygen unit;E310 | Polar contact | N2 site;N264 | Polar contact | Carboxylate oxygen unit;N317 | Polar contact | Carboxylate oxygen unit;S215 | Polar contact | O1 site;V413 | Hydrophobic contact | Aliphatic carbon unit;V413 | Polar contact | O1 site;Y343 | Polar contact | Carboxylate oxygen unit;Y395 | Polar contact | N1 site;Y395 | Polar contact | O1 site
GAC_193,class_6,10,E310 | Polar contact | Carboxylate oxygen unit;E310 | Polar contact | N2 site;N264 | Polar contact | Carboxylate oxygen unit;N317 | Polar contact | Carboxylate oxygen unit;S215 | Polar contact | O1 site;V413 | Hydrophobic contact | Aliphatic carbon unit;V413 | Polar contact | O1 site;Y343 | Polar contact | Carboxylate oxygen unit;Y395 | Polar contact | N1 site;Y395 | Polar contact | O1 site,E310 | Polar contact | Carboxylate oxygen unit;E310 | Polar contact | N2 site;N264 | Polar contact | Carboxylate oxygen unit;N317 | Polar contact | Carboxylate oxygen unit;S215 | Polar contact | O1 site;V413 | Hydrophobic contact | Aliphatic carbon unit;V413 | Polar contact | O1 site;Y343 | Polar contact | Carboxylate oxygen unit;Y395 | Polar contact | N1 site;Y395 | Polar contact | O1 site
GAC_199,class_6,10,E310 | Polar contact | Carboxylate oxygen unit;E310 | Polar contact | N2 site;N264 | Polar contact | Carboxylate oxygen unit;N317 | Polar contact | Carboxylate oxygen unit;S215 | Polar contact | O1 site;V413 | Hydrophobic contact | Aliphatic carbon unit;V413 | Polar contact | O1 site;Y343 | Polar contact | Carboxylate oxygen unit;Y395 | Polar contact | N1 site;Y395 | Polar contact | O1 site,E310 | Polar contact | Carboxylate oxygen unit;E310 | Polar contact | N2 site;N264 | Polar contact | Carboxylate oxygen unit;N317 | Polar contact | Carboxylate oxygen unit;S215 | Polar contact | O1 site;V413 | Hydrophobic contact | Aliphatic carbon unit;V413 | Polar contact | O1 site;Y343 | Polar contact | Carboxylate oxygen unit;Y395 | Polar contact | N1 site;Y395 | Polar contact | O1 site
GAC_2,class_6,10,E310 | Polar contact | Carboxylate oxygen unit;E310 | Polar contact | N2 site;N264 | Polar contact | Carboxylate oxygen unit;N317 | Polar contact | Carboxylate oxygen unit;S215 | Polar contact | O1 site;V413 | Hydrophobic contact | Aliphatic carbon unit;V413 | Polar contact | O1 site;Y343 | Polar contact | Carboxylate oxygen unit;Y395 | Polar contact | N1 site;Y395 | Polar contact | O1 site,E310 | Polar contact | Carboxylate oxygen unit;E310 | Polar contact | N2 site;N264 | Polar contact | Carboxylate oxygen unit;N317 | Polar contact | Carboxylate oxygen unit;S215 | Polar contact | O1 site;V413 | Hydrophobic contact | Aliphatic carbon unit;V413 | Polar contact | O1 site;Y343 | Polar contact | Carboxylate oxygen unit;Y395 | Polar contact | N1 site;Y395 | Polar contact | O1 site
GAC_20,class_6,10,E310 | Polar contact | Carboxylate oxygen unit;E310 | Polar contact | N2 site;N264 | Polar contact | Carboxylate oxygen unit;N317 | Polar contact | Carboxylate oxygen unit;S215 | Polar contact | O1 site;V413 | Hydrophobic contact | Aliphatic carbon unit;V413 | Polar contact | O1 site;Y343 | Polar contact | Carboxylate oxygen unit;Y395 | Polar contact | N1 site;Y395 | Polar contact | O1 site,E310 | Polar contact | Carboxylate oxygen unit;E310 | Polar contact | N2 site;N264 | Polar contact | Carboxylate oxygen unit;N317 | Polar contact | Carboxylate oxygen unit;S215 | Polar contact | O1 site;V413 | Hydrophobic contact | Aliphatic carbon unit;V413 | Polar contact | O1 site;Y343 | Polar contact | Carboxylate oxygen unit;Y395 | Polar contact | N1 site;Y395 | Polar contact | O1 site
GAC_200,class_6,10,E310 | Polar contact | Carboxylate oxygen unit;E310 | Polar contact | N2 site;N264 | Polar contact | Carboxylate oxygen unit;N317 | Polar contact | Carboxylate oxygen unit;S215 | Polar contact | O1 site;V413 | Hydrophobic contact | Aliphatic carbon unit;V413 | Polar contact | O1 site;Y343 | Polar contact | Carboxylate oxygen unit;Y395 | Polar contact | N1 site;Y395 | Polar contact | O1 site,E310 | Polar contact | Carboxylate oxygen unit;E310 | Polar contact | N2 site;N264 | Polar contact | Carboxylate oxygen unit;N317 | Polar contact | Carboxylate oxygen unit;S215 | Polar contact | O1 site;V413 | Hydrophobic contact | Aliphatic carbon unit;V413 | Polar contact | O1 site;Y343 | Polar contact | Carboxylate oxygen unit;Y395 | Polar contact | N1 site;Y395 | Polar contact | O1 site
GAC_201,class_6,10,E310 | Polar contact | Carboxylate oxygen unit;E310 | Polar contact | N2 site;N264 | Polar contact | Carboxylate oxygen unit;N317 | Polar contact | Carboxylate oxygen unit;S215 | Polar contact | O1 site;V413 | Hydrophobic contact | Aliphatic carbon unit;V413 | Polar contact | O1 site;Y343 | Polar contact | Carboxylate oxygen unit;Y395 | Polar contact | N1 site;Y395 | Polar contact | O1 site,E310 | Polar contact | Carboxylate oxygen unit;E310 | Polar contact | N2 site;N264 | Polar contact | Carboxylate oxygen unit;N317 | Polar contact | Carboxylate oxygen unit;S215 | Polar contact | O1 site;V413 | Hydrophobic contact | Aliphatic carbon unit;V413 | Polar contact | O1 site;Y343 | Polar contact | Carboxylate oxygen unit;Y395 | Polar contact | N1 site;Y395 | Polar contact | O1 site
GAC_206,class_6,10,E310 | Polar contact | Carboxylate oxygen unit;E310 | Polar contact | N2 site;N264 | Polar contact | Carboxylate oxygen unit;N317 | Polar contact | Carboxylate oxygen unit;S215 | Polar contact | O1 site;V413 | Hydrophobic contact | Aliphatic carbon unit;V413 | Polar contact | O1 site;Y343 | Polar contact | Carboxylate oxygen unit;Y395 | Polar contact | N1 site;Y395 | Polar contact | O1 site,E310 | Polar contact | Carboxylate oxygen unit;E310 | Polar contact | N2 site;N264 | Polar contact | Carboxylate oxygen unit;N317 | Polar contact | Carboxylate oxygen unit;S215 | Polar contact | O1 site;V413 | Hydrophobic contact | Aliphatic carbon unit;V413 | Polar contact | O1 site;Y343 | Polar contact | Carboxylate oxygen unit;Y395 | Polar contact | N1 site;Y395 | Polar contact | O1 site
GAC_207,class_6,10,E310 | Polar contact | Carboxylate oxygen unit;E310 | Polar contact | N2 site;N264 | Polar contact | Carboxylate oxygen unit;N317 | Polar contact | Carboxylate oxygen unit;S215 | Polar contact | O1 site;V413 | Hydrophobic contact | Aliphatic carbon unit;V413 | Polar contact | O1 site;Y343 | Polar contact | Carboxylate oxygen unit;Y395 | Polar contact | N1 site;Y395 | Polar contact | O1 site,E310 | Polar contact | Carboxylate oxygen unit;E310 | Polar contact | N2 site;N264 | Polar contact | Carboxylate oxygen unit;N317 | Polar contact | Carboxylate oxygen unit;S215 | Polar contact | O1 site;V413 | Hydrophobic contact | Aliphatic carbon unit;V413 | Polar contact | O1 site;Y343 | Polar contact | Carboxylate oxygen unit;Y395 | Polar contact | N1 site;Y395 | Polar contact | O1 site
GAC_209,class_6,10,E310 | Polar contact | Carboxylate oxygen unit;E310 | Polar contact | N2 site;N264 | Polar contact | Carboxylate oxygen unit;N317 | Polar contact | Carboxylate oxygen unit;S215 | Polar contact | O1 site;V413 | Hydrophobic contact | Aliphatic carbon unit;V413 | Polar contact | O1 site;Y343 | Polar contact | Carboxylate oxygen unit;Y395 | Polar contact | N1 site;Y395 | Polar contact | O1 site,E310 | Polar contact | Carboxylate oxygen unit;E310 | Polar contact | N2 site;N264 | Polar contact | Carboxylate oxygen unit;N317 | Polar contact | Carboxylate oxygen unit;S215 | Polar contact | O1 site;V413 | Hydrophobic contact | Aliphatic carbon unit;V413 | Polar contact | O1 site;Y343 | Polar contact | Carboxylate oxygen unit;Y395 | Polar contact | N1 site;Y395 | Polar contact | O1 site
GAC_21,class_6,10,E310 | Polar contact | Carboxylate oxygen unit;E310 | Polar contact | N2 site;N264 | Polar contact | Carboxylate oxygen unit;N317 | Polar contact | Carboxylate oxygen unit;S215 | Polar contact | O1 site;V413 | Hydrophobic contact | Aliphatic carbon unit;V413 | Polar contact | O1 site;Y343 | Polar contact | Carboxylate oxygen unit;Y395 | Polar contact | N1 site;Y395 | Polar contact | O1 site,E310 | Polar contact | Carboxylate oxygen unit;E310 | Polar contact | N2 site;N264 | Polar contact | Carboxylate oxygen unit;N317 | Polar contact | Carboxylate oxygen unit;S215 | Polar contact | O1 site;V413 | Hydrophobic contact | Aliphatic carbon unit;V413 | Polar contact | O1 site;Y343 | Polar contact | Carboxylate oxygen unit;Y395 | Polar contact | N1 site;Y395 | Polar contact | O1 site
GAC_210,class_6,10,E310 | Polar contact | Carboxylate oxygen unit;E310 | Polar contact | N2 site;N264 | Polar contact | Carboxylate oxygen unit;N317 | Polar contact | Carboxylate oxygen unit;S215 | Polar contact | O1 site;V413 | Hydrophobic contact | Aliphatic carbon unit;V413 | Polar contact | O1 site;Y343 | Polar contact | Carboxylate oxygen unit;Y395 | Polar contact | N1 site;Y395 | Polar contact | O1 site,E310 | Polar contact | Carboxylate oxygen unit;E310 | Polar contact | N2 site;N264 | Polar contact | Carboxylate oxygen unit;N317 | Polar contact | Carboxylate oxygen unit;S215 | Polar contact | O1 site;V413 | Hydrophobic contact | Aliphatic carbon unit;V413 | Polar contact | O1 site;Y343 | Polar contact | Carboxylate oxygen unit;Y395 | Polar contact | N1 site;Y395 | Polar contact | O1 site
GAC_211,class_6,10,E310 | Polar contact | Carboxylate oxygen unit;E310 | Polar contact | N2 site;N264 | Polar contact | Carboxylate oxygen unit;N317 | Polar contact | Carboxylate oxygen unit;S215 | Polar contact | O1 site;V413 | Hydrophobic contact | Aliphatic carbon unit;V413 | Polar contact | O1 site;Y343 | Polar contact | Carboxylate oxygen unit;Y395 | Polar contact | N1 site;Y395 | Polar contact | O1 site,E310 | Polar contact | Carboxylate oxygen unit;E310 | Polar contact | N2 site;N264 | Polar contact | Carboxylate oxygen unit;N317 | Polar contact | Carboxylate oxygen unit;S215 | Polar contact | O1 site;V413 | Hydrophobic contact | Aliphatic carbon unit;V413 | Polar contact | O1 site;Y343 | Polar contact | Carboxylate oxygen unit;Y395 | Polar contact | N1 site;Y395 | Polar contact | O1 site
GAC_214,class_6,10,E310 | Polar contact | Carboxylate oxygen unit;E310 | Polar contact | N2 site;N264 | Polar contact | Carboxylate oxygen unit;N317 | Polar contact | Carboxylate oxygen unit;S215 | Polar contact | O1 site;V413 | Hydrophobic contact | Aliphatic carbon unit;V413 | Polar contact | O1 site;Y343 | Polar contact | Carboxylate oxygen unit;Y395 | Polar contact | N1 site;Y395 | Polar contact | O1 site,E310 | Polar contact | Carboxylate oxygen unit;E310 | Polar contact | N2 site;N264 | Polar contact | Carboxylate oxygen unit;N317 | Polar contact | Carboxylate oxygen unit;S215 | Polar contact | O1 site;V413 | Hydrophobic contact | Aliphatic carbon unit;V413 | Polar contact | O1 site;Y343 | Polar contact | Carboxylate oxygen unit;Y395 | Polar contact | N1 site;Y395 | Polar contact | O1 site
GAC_215,class_6,10,E310 | Polar contact | Carboxylate oxygen unit;E310 | Polar contact | N2 site;N264 | Polar contact | Carboxylate oxygen unit;N317 | Polar contact | Carboxylate oxygen unit;S215 | Polar contact | O1 site;V413 | Hydrophobic contact | Aliphatic carbon unit;V413 | Polar contact | O1 site;Y343 | Polar contact | Carboxylate oxygen unit;Y395 | Polar contact | N1 site;Y395 | Polar contact | O1 site,E310 | Polar contact | Carboxylate oxygen unit;E310 | Polar contact | N2 site;N264 | Polar contact | Carboxylate oxygen unit;N317 | Polar contact | Carboxylate oxygen unit;S215 | Polar contact | O1 site;V413 | Hydrophobic contact | Aliphatic carbon unit;V413 | Polar contact | O1 site;Y343 | Polar contact | Carboxylate oxygen unit;Y395 | Polar contact | N1 site;Y395 | Polar contact | O1 site
GAC_217,class_6,10,E310 | Polar contact | Carboxylate oxygen unit;E310 | Polar contact | N2 site;N264 | Polar contact | Carboxylate oxygen unit;N317 | Polar contact | Carboxylate oxygen unit;S215 | Polar contact | O1 site;V413 | Hydrophobic contact | Aliphatic carbon unit;V413 | Polar contact | O1 site;Y343 | Polar contact | Carboxylate oxygen unit;Y395 | Polar contact | N1 site;Y395 | Polar contact | O1 site,E310 | Polar contact | Carboxylate oxygen unit;E310 | Polar contact | N2 site;N264 | Polar contact | Carboxylate oxygen unit;N317 | Polar contact | Carboxylate oxygen unit;S215 | Polar contact | O1 site;V413 | Hydrophobic contact | Aliphatic carbon unit;V413 | Polar contact | O1 site;Y343 | Polar contact | Carboxylate oxygen unit;Y395 | Polar contact | N1 site;Y395 | Polar contact | O1 site
GAC_218,class_6,10,E310 | Polar contact | Carboxylate oxygen unit;E310 | Polar contact | N2 site;N264 | Polar contact | Carboxylate oxygen unit;N317 | Polar contact | Carboxylate oxygen unit;S215 | Polar contact | O1 site;V413 | Hydrophobic contact | Aliphatic carbon unit;V413 | Polar contact | O1 site;Y343 | Polar contact | Carboxylate oxygen unit;Y395 | Polar contact | N1 site;Y395 | Polar contact | O1 site,E310 | Polar contact | Carboxylate oxygen unit;E310 | Polar contact | N2 site;N264 | Polar contact | Carboxylate oxygen unit;N317 | Polar contact | Carboxylate oxygen unit;S215 | Polar contact | O1 site;V413 | Hydrophobic contact | Aliphatic carbon unit;V413 | Polar contact | O1 site;Y343 | Polar contact | Carboxylate oxygen unit;Y395 | Polar contact | N1 site;Y395 | Polar contact | O1 site
GAC_219,class_6,10,E310 | Polar contact | Carboxylate oxygen unit;E310 | Polar contact | N2 site;N264 | Polar contact | Carboxylate oxygen unit;N317 | Polar contact | Carboxylate oxygen unit;S215 | Polar contact | O1 site;V413 | Hydrophobic contact | Aliphatic carbon unit;V413 | Polar contact | O1 site;Y343 | Polar contact | Carboxylate oxygen unit;Y395 | Polar contact | N1 site;Y395 | Polar contact | O1 site,E310 | Polar contact | Carboxylate oxygen unit;E310 | Polar contact | N2 site;N264 | Polar contact | Carboxylate oxygen unit;N317 | Polar contact | Carboxylate oxygen unit;S215 | Polar contact | O1 site;V413 | Hydrophobic contact | Aliphatic carbon unit;V413 | Polar contact | O1 site;Y343 | Polar contact | Carboxylate oxygen unit;Y395 | Polar contact | N1 site;Y395 | Polar contact | O1 site
GAC_220,class_6,10,E310 | Polar contact | Carboxylate oxygen unit;E310 | Polar contact | N2 site;N264 | Polar contact | Carboxylate oxygen unit;N317 | Polar contact | Carboxylate oxygen unit;S215 | Polar contact | O1 site;V413 | Hydrophobic contact | Aliphatic carbon unit;V413 | Polar contact | O1 site;Y343 | Polar contact | Carboxylate oxygen unit;Y395 | Polar contact | N1 site;Y395 | Polar contact | O1 site,E310 | Polar contact | Carboxylate oxygen unit;E310 | Polar contact | N2 site;N264 | Polar contact | Carboxylate oxygen unit;N317 | Polar contact | Carboxylate oxygen unit;S215 | Polar contact | O1 site;V413 | Hydrophobic contact | Aliphatic carbon unit;V413 | Polar contact | O1 site;Y343 | Polar contact | Carboxylate oxygen unit;Y395 | Polar contact | N1 site;Y395 | Polar contact | O1 site
GAC_221,class_6,10,E310 | Polar contact | Carboxylate oxygen unit;E310 | Polar contact | N2 site;N264 | Polar contact | Carboxylate oxygen unit;N317 | Polar contact | Carboxylate oxygen unit;S215 | Polar contact | O1 site;V413 | Hydrophobic contact | Aliphatic carbon unit;V413 | Polar contact | O1 site;Y343 | Polar contact | Carboxylate oxygen unit;Y395 | Polar contact | N1 site;Y395 | Polar contact | O1 site,E310 | Polar contact | Carboxylate oxygen unit;E310 | Polar contact | N2 site;N264 | Polar contact | Carboxylate oxygen unit;N317 | Polar contact | Carboxylate oxygen unit;S215 | Polar contact | O1 site;V413 | Hydrophobic contact | Aliphatic carbon unit;V413 | Polar contact | O1 site;Y343 | Polar contact | Carboxylate oxygen unit;Y395 | Polar contact | N1 site;Y395 | Polar contact | O1 site
GAC_222,class_6,10,E310 | Polar contact | Carboxylate oxygen unit;E310 | Polar contact | N2 site;N264 | Polar contact | Carboxylate oxygen unit;N317 | Polar contact | Carboxylate oxygen unit;S215 | Polar contact | O1 site;V413 | Hydrophobic contact | Aliphatic carbon unit;V413 | Polar contact | O1 site;Y343 | Polar contact | Carboxylate oxygen unit;Y395 | Polar contact | N1 site;Y395 | Polar contact | O1 site,E310 | Polar contact | Carboxylate oxygen unit;E310 | Polar contact | N2 site;N264 | Polar contact | Carboxylate oxygen unit;N317 | Polar contact | Carboxylate oxygen unit;S215 | Polar contact | O1 site;V413 | Hydrophobic contact | Aliphatic carbon unit;V413 | Polar contact | O1 site;Y343 | Polar contact | Carboxylate oxygen unit;Y395 | Polar contact | N1 site;Y395 | Polar contact | O1 site
GAC_223,class_6,10,E310 | Polar contact | Carboxylate oxygen unit;E310 | Polar contact | N2 site;N264 | Polar contact | Carboxylate oxygen unit;N317 | Polar contact | Carboxylate oxygen unit;S215 | Polar contact | O1 site;V413 | Hydrophobic contact | Aliphatic carbon unit;V413 | Polar contact | O1 site;Y343 | Polar contact | Carboxylate oxygen unit;Y395 | Polar contact | N1 site;Y395 | Polar contact | O1 site,E310 | Polar contact | Carboxylate oxygen unit;E310 | Polar contact | N2 site;N264 | Polar contact | Carboxylate oxygen unit;N317 | Polar contact | Carboxylate oxygen unit;S215 | Polar contact | O1 site;V413 | Hydrophobic contact | Aliphatic carbon unit;V413 | Polar contact | O1 site;Y343 | Polar contact | Carboxylate oxygen unit;Y395 | Polar contact | N1 site;Y395 | Polar contact | O1 site
GAC_227,class_6,10,E310 | Polar contact | Carboxylate oxygen unit;E310 | Polar contact | N2 site;N264 | Polar contact | Carboxylate oxygen unit;N317 | Polar contact | Carboxylate oxygen unit;S215 | Polar contact | O1 site;V413 | Hydrophobic contact | Aliphatic carbon unit;V413 | Polar contact | O1 site;Y343 | Polar contact | Carboxylate oxygen unit;Y395 | Polar contact | N1 site;Y395 | Polar contact | O1 site,E310 | Polar contact | Carboxylate oxygen unit;E310 | Polar contact | N2 site;N264 | Polar contact | Carboxylate oxygen unit;N317 | Polar contact | Carboxylate oxygen unit;S215 | Polar contact | O1 site;V413 | Hydrophobic contact | Aliphatic carbon unit;V413 | Polar contact | O1 site;Y343 | Polar contact | Carboxylate oxygen unit;Y395 | Polar contact | N1 site;Y395 | Polar contact | O1 site
GAC_228,class_6,10,E310 | Polar contact | Carboxylate oxygen unit;E310 | Polar contact | N2 site;N264 | Polar contact | Carboxylate oxygen unit;N317 | Polar contact | Carboxylate oxygen unit;S215 | Polar contact | O1 site;V413 | Hydrophobic contact | Aliphatic carbon unit;V413 | Polar contact | O1 site;Y343 | Polar contact | Carboxylate oxygen unit;Y395 | Polar contact | N1 site;Y395 | Polar contact | O1 site,E310 | Polar contact | Carboxylate oxygen unit;E310 | Polar contact | N2 site;N264 | Polar contact | Carboxylate oxygen unit;N317 | Polar contact | Carboxylate oxygen unit;S215 | Polar contact | O1 site;V413 | Hydrophobic contact | Aliphatic carbon unit;V413 | Polar contact | O1 site;Y343 | Polar contact | Carboxylate oxygen unit;Y395 | Polar contact | N1 site;Y395 | Polar contact | O1 site
GAC_233,class_6,10,E310 | Polar contact | Carboxylate oxygen unit;E310 | Polar contact | N2 site;N264 | Polar contact | Carboxylate oxygen unit;N317 | Polar contact | Carboxylate oxygen unit;S215 | Polar contact | O1 site;V413 | Hydrophobic contact | Aliphatic carbon unit;V413 | Polar contact | O1 site;Y343 | Polar contact | Carboxylate oxygen unit;Y395 | Polar contact | N1 site;Y395 | Polar contact | O1 site,E310 | Polar contact | Carboxylate oxygen unit;E310 | Polar contact | N2 site;N264 | Polar contact | Carboxylate oxygen unit;N317 | Polar contact | Carboxylate oxygen unit;S215 | Polar contact | O1 site;V413 | Hydrophobic contact | Aliphatic carbon unit;V413 | Polar contact | O1 site;Y343 | Polar contact | Carboxylate oxygen unit;Y395 | Polar contact | N1 site;Y395 | Polar contact | O1 site
GAC_234,class_6,10,E310 | Polar contact | Carboxylate oxygen unit;E310 | Polar contact | N2 site;N264 | Polar contact | Carboxylate oxygen unit;N317 | Polar contact | Carboxylate oxygen unit;S215 | Polar contact | O1 site;V413 | Hydrophobic contact | Aliphatic carbon unit;V413 | Polar contact | O1 site;Y343 | Polar contact | Carboxylate oxygen unit;Y395 | Polar contact | N1 site;Y395 | Polar contact | O1 site,E310 | Polar contact | Carboxylate oxygen unit;E310 | Polar contact | N2 site;N264 | Polar contact | Carboxylate oxygen unit;N317 | Polar contact | Carboxylate oxygen unit;S215 | Polar contact | O1 site;V413 | Hydrophobic contact | Aliphatic carbon unit;V413 | Polar contact | O1 site;Y343 | Polar contact | Carboxylate oxygen unit;Y395 | Polar contact | N1 site;Y395 | Polar contact | O1 site
GAC_236,class_6,10,E310 | Polar contact | Carboxylate oxygen unit;E310 | Polar contact | N2 site;N264 | Polar contact | Carboxylate oxygen unit;N317 | Polar contact | Carboxylate oxygen unit;S215 | Polar contact | O1 site;V413 | Hydrophobic contact | Aliphatic carbon unit;V413 | Polar contact | O1 site;Y343 | Polar contact | Carboxylate oxygen unit;Y395 | Polar contact | N1 site;Y395 | Polar contact | O1 site,E310 | Polar contact | Carboxylate oxygen unit;E310 | Polar contact | N2 site;N264 | Polar contact | Carboxylate oxygen unit;N317 | Polar contact | Carboxylate oxygen unit;S215 | Polar contact | O1 site;V413 | Hydrophobic contact | Aliphatic carbon unit;V413 | Polar contact | O1 site;Y343 | Polar contact | Carboxylate oxygen unit;Y395 | Polar contact | N1 site;Y395 | Polar contact | O1 site
GAC_24,class_6,10,E310 | Polar contact | Carboxylate oxygen unit;E310 | Polar contact | N2 site;N264 | Polar contact | Carboxylate oxygen unit;N317 | Polar contact | Carboxylate oxygen unit;S215 | Polar contact | O1 site;V413 | Hydrophobic contact | Aliphatic carbon unit;V413 | Polar contact | O1 site;Y343 | Polar contact | Carboxylate oxygen unit;Y395 | Polar contact | N1 site;Y395 | Polar contact | O1 site,E310 | Polar contact | Carboxylate oxygen unit;E310 | Polar contact | N2 site;N264 | Polar contact | Carboxylate oxygen unit;N317 | Polar contact | Carboxylate oxygen unit;S215 | Polar contact | O1 site;V413 | Hydrophobic contact | Aliphatic carbon unit;V413 | Polar contact | O1 site;Y343 | Polar contact | Carboxylate oxygen unit;Y395 | Polar contact | N1 site;Y395 | Polar contact | O1 site
GAC_242,class_6,10,E310 | Polar contact | Carboxylate oxygen unit;E310 | Polar contact | N2 site;N264 | Polar contact | Carboxylate oxygen unit;N317 | Polar contact | Carboxylate oxygen unit;S215 | Polar contact | O1 site;V413 | Hydrophobic contact | Aliphatic carbon unit;V413 | Polar contact | O1 site;Y343 | Polar contact | Carboxylate oxygen unit;Y395 | Polar contact | N1 site;Y395 | Polar contact | O1 site,E310 | Polar contact | Carboxylate oxygen unit;E310 | Polar contact | N2 site;N264 | Polar contact | Carboxylate oxygen unit;N317 | Polar contact | Carboxylate oxygen unit;S215 | Polar contact | O1 site;V413 | Hydrophobic contact | Aliphatic carbon unit;V413 | Polar contact | O1 site;Y343 | Polar contact | Carboxylate oxygen unit;Y395 | Polar contact | N1 site;Y395 | Polar contact | O1 site
GAC_25,class_6,10,E310 | Polar contact | Carboxylate oxygen unit;E310 | Polar contact | N2 site;N264 | Polar contact | Carboxylate oxygen unit;N317 | Polar contact | Carboxylate oxygen unit;S215 | Polar contact | O1 site;V413 | Hydrophobic contact | Aliphatic carbon unit;V413 | Polar contact | O1 site;Y343 | Polar contact | Carboxylate oxygen unit;Y395 | Polar contact | N1 site;Y395 | Polar contact | O1 site,E310 | Polar contact | Carboxylate oxygen unit;E310 | Polar contact | N2 site;N264 | Polar contact | Carboxylate oxygen unit;N317 | Polar contact | Carboxylate oxygen unit;S215 | Polar contact | O1 site;V413 | Hydrophobic contact | Aliphatic carbon unit;V413 | Polar contact | O1 site;Y343 | Polar contact | Carboxylate oxygen unit;Y395 | Polar contact | N1 site;Y395 | Polar contact | O1 site
GAC_258,class_6,10,E310 | Polar contact | Carboxylate oxygen unit;E310 | Polar contact | N2 site;N264 | Polar contact | Carboxylate oxygen unit;N317 | Polar contact | Carboxylate oxygen unit;S215 | Polar contact | O1 site;V413 | Hydrophobic contact | Aliphatic carbon unit;V413 | Polar contact | O1 site;Y343 | Polar contact | Carboxylate oxygen unit;Y395 | Polar contact | N1 site;Y395 | Polar contact | O1 site,E310 | Polar contact | Carboxylate oxygen unit;E310 | Polar contact | N2 site;N264 | Polar contact | Carboxylate oxygen unit;N317 | Polar contact | Carboxylate oxygen unit;S215 | Polar contact | O1 site;V413 | Hydrophobic contact | Aliphatic carbon unit;V413 | Polar contact | O1 site;Y343 | Polar contact | Carboxylate oxygen unit;Y395 | Polar contact | N1 site;Y395 | Polar contact | O1 site
GAC_26,class_6,10,E310 | Polar contact | Carboxylate oxygen unit;E310 | Polar contact | N2 site;N264 | Polar contact | Carboxylate oxygen unit;N317 | Polar contact | Carboxylate oxygen unit;S215 | Polar contact | O1 site;V413 | Hydrophobic contact | Aliphatic carbon unit;V413 | Polar contact | O1 site;Y343 | Polar contact | Carboxylate oxygen unit;Y395 | Polar contact | N1 site;Y395 | Polar contact | O1 site,E310 | Polar contact | Carboxylate oxygen unit;E310 | Polar contact | N2 site;N264 | Polar contact | Carboxylate oxygen unit;N317 | Polar contact | Carboxylate oxygen unit;S215 | Polar contact | O1 site;V413 | Hydrophobic contact | Aliphatic carbon unit;V413 | Polar contact | O1 site;Y343 | Polar contact | Carboxylate oxygen unit;Y395 | Polar contact | N1 site;Y395 | Polar contact | O1 site
GAC_260,class_6,10,E310 | Polar contact | Carboxylate oxygen unit;E310 | Polar contact | N2 site;N264 | Polar contact | Carboxylate oxygen unit;N317 | Polar contact | Carboxylate oxygen unit;S215 | Polar contact | O1 site;V413 | Hydrophobic contact | Aliphatic carbon unit;V413 | Polar contact | O1 site;Y343 | Polar contact | Carboxylate oxygen unit;Y395 | Polar contact | N1 site;Y395 | Polar contact | O1 site,E310 | Polar contact | Carboxylate oxygen unit;E310 | Polar contact | N2 site;N264 | Polar contact | Carboxylate oxygen unit;N317 | Polar contact | Carboxylate oxygen unit;S215 | Polar contact | O1 site;V413 | Hydrophobic contact | Aliphatic carbon unit;V413 | Polar contact | O1 site;Y343 | Polar contact | Carboxylate oxygen unit;Y395 | Polar contact | N1 site;Y395 | Polar contact | O1 site
GAC_27,class_6,10,E310 | Polar contact | Carboxylate oxygen unit;E310 | Polar contact | N2 site;N264 | Polar contact | Carboxylate oxygen unit;N317 | Polar contact | Carboxylate oxygen unit;S215 | Polar contact | O1 site;V413 | Hydrophobic contact | Aliphatic carbon unit;V413 | Polar contact | O1 site;Y343 | Polar contact | Carboxylate oxygen unit;Y395 | Polar contact | N1 site;Y395 | Polar contact | O1 site,E310 | Polar contact | Carboxylate oxygen unit;E310 | Polar contact | N2 site;N264 | Polar contact | Carboxylate oxygen unit;N317 | Polar contact | Carboxylate oxygen unit;S215 | Polar contact | O1 site;V413 | Hydrophobic contact | Aliphatic carbon unit;V413 | Polar contact | O1 site;Y343 | Polar contact | Carboxylate oxygen unit;Y395 | Polar contact | N1 site;Y395 | Polar contact | O1 site
GAC_29,class_6,10,E310 | Polar contact | Carboxylate oxygen unit;E310 | Polar contact | N2 site;N264 | Polar contact | Carboxylate oxygen unit;N317 | Polar contact | Carboxylate oxygen unit;S215 | Polar contact | O1 site;V413 | Hydrophobic contact | Aliphatic carbon unit;V413 | Polar contact | O1 site;Y343 | Polar contact | Carboxylate oxygen unit;Y395 | Polar contact | N1 site;Y395 | Polar contact | O1 site,E310 | Polar contact | Carboxylate oxygen unit;E310 | Polar contact | N2 site;N264 | Polar contact | Carboxylate oxygen unit;N317 | Polar contact | Carboxylate oxygen unit;S215 | Polar contact | O1 site;V413 | Hydrophobic contact | Aliphatic carbon unit;V413 | Polar contact | O1 site;Y343 | Polar contact | Carboxylate oxygen unit;Y395 | Polar contact | N1 site;Y395 | Polar contact | O1 site
GAC_31,class_6,10,E310 | Polar contact | Carboxylate oxygen unit;E310 | Polar contact | N2 site;N264 | Polar contact | Carboxylate oxygen unit;N317 | Polar contact | Carboxylate oxygen unit;S215 | Polar contact | O1 site;V413 | Hydrophobic contact | Aliphatic carbon unit;V413 | Polar contact | O1 site;Y343 | Polar contact | Carboxylate oxygen unit;Y395 | Polar contact | N1 site;Y395 | Polar contact | O1 site,E310 | Polar contact | Carboxylate oxygen unit;E310 | Polar contact | N2 site;N264 | Polar contact | Carboxylate oxygen unit;N317 | Polar contact | Carboxylate oxygen unit;S215 | Polar contact | O1 site;V413 | Hydrophobic contact | Aliphatic carbon unit;V413 | Polar contact | O1 site;Y343 | Polar contact | Carboxylate oxygen unit;Y395 | Polar contact | N1 site;Y395 | Polar contact | O1 site
GAC_32,class_6,10,E310 | Polar contact | Carboxylate oxygen unit;E310 | Polar contact | N2 site;N264 | Polar contact | Carboxylate oxygen unit;N317 | Polar contact | Carboxylate oxygen unit;S215 | Polar contact | O1 site;V413 | Hydrophobic contact | Aliphatic carbon unit;V413 | Polar contact | O1 site;Y343 | Polar contact | Carboxylate oxygen unit;Y395 | Polar contact | N1 site;Y395 | Polar contact | O1 site,E310 | Polar contact | Carboxylate oxygen unit;E310 | Polar contact | N2 site;N264 | Polar contact | Carboxylate oxygen unit;N317 | Polar contact | Carboxylate oxygen unit;S215 | Polar contact | O1 site;V413 | Hydrophobic contact | Aliphatic carbon unit;V413 | Polar contact | O1 site;Y343 | Polar contact | Carboxylate oxygen unit;Y395 | Polar contact | N1 site;Y395 | Polar contact | O1 site
GAC_33,class_6,10,E310 | Polar contact | Carboxylate oxygen unit;E310 | Polar contact | N2 site;N264 | Polar contact | Carboxylate oxygen unit;N317 | Polar contact | Carboxylate oxygen unit;S215 | Polar contact | O1 site;V413 | Hydrophobic contact | Aliphatic carbon unit;V413 | Polar contact | O1 site;Y343 | Polar contact | Carboxylate oxygen unit;Y395 | Polar contact | N1 site;Y395 | Polar contact | O1 site,E310 | Polar contact | Carboxylate oxygen unit;E310 | Polar contact | N2 site;N264 | Polar contact | Carboxylate oxygen unit;N317 | Polar contact | Carboxylate oxygen unit;S215 | Polar contact | O1 site;V413 | Hydrophobic contact | Aliphatic carbon unit;V413 | Polar contact | O1 site;Y343 | Polar contact | Carboxylate oxygen unit;Y395 | Polar contact | N1 site;Y395 | Polar contact | O1 site
GAC_34,class_6,10,E310 | Polar contact | Carboxylate oxygen unit;E310 | Polar contact | N2 site;N264 | Polar contact | Carboxylate oxygen unit;N317 | Polar contact | Carboxylate oxygen unit;S215 | Polar contact | O1 site;V413 | Hydrophobic contact | Aliphatic carbon unit;V413 | Polar contact | O1 site;Y343 | Polar contact | Carboxylate oxygen unit;Y395 | Polar contact | N1 site;Y395 | Polar contact | O1 site,E310 | Polar contact | Carboxylate oxygen unit;E310 | Polar contact | N2 site;N264 | Polar contact | Carboxylate oxygen unit;N317 | Polar contact | Carboxylate oxygen unit;S215 | Polar contact | O1 site;V413 | Hydrophobic contact | Aliphatic carbon unit;V413 | Polar contact | O1 site;Y343 | Polar contact | Carboxylate oxygen unit;Y395 | Polar contact | N1 site;Y395 | Polar contact | O1 site
GAC_35,class_6,10,E310 | Polar contact | Carboxylate oxygen unit;E310 | Polar contact | N2 site;N264 | Polar contact | Carboxylate oxygen unit;N317 | Polar contact | Carboxylate oxygen unit;S215 | Polar contact | O1 site;V413 | Hydrophobic contact | Aliphatic carbon unit;V413 | Polar contact | O1 site;Y343 | Polar contact | Carboxylate oxygen unit;Y395 | Polar contact | N1 site;Y395 | Polar contact | O1 site,E310 | Polar contact | Carboxylate oxygen unit;E310 | Polar contact | N2 site;N264 | Polar contact | Carboxylate oxygen unit;N317 | Polar contact | Carboxylate oxygen unit;S215 | Polar contact | O1 site;V413 | Hydrophobic contact | Aliphatic carbon unit;V413 | Polar contact | O1 site;Y343 | Polar contact | Carboxylate oxygen unit;Y395 | Polar contact | N1 site;Y395 | Polar contact | O1 site
GAC_37,class_6,10,E310 | Polar contact | Carboxylate oxygen unit;E310 | Polar contact | N2 site;N264 | Polar contact | Carboxylate oxygen unit;N317 | Polar contact | Carboxylate oxygen unit;S215 | Polar contact | O1 site;V413 | Hydrophobic contact | Aliphatic carbon unit;V413 | Polar contact | O1 site;Y343 | Polar contact | Carboxylate oxygen unit;Y395 | Polar contact | N1 site;Y395 | Polar contact | O1 site,E310 | Polar contact | Carboxylate oxygen unit;E310 | Polar contact | N2 site;N264 | Polar contact | Carboxylate oxygen unit;N317 | Polar contact | Carboxylate oxygen unit;S215 | Polar contact | O1 site;V413 | Hydrophobic contact | Aliphatic carbon unit;V413 | Polar contact | O1 site;Y343 | Polar contact | Carboxylate oxygen unit;Y395 | Polar contact | N1 site;Y395 | Polar contact | O1 site
GAC_39,class_6,10,E310 | Polar contact | Carboxylate oxygen unit;E310 | Polar contact | N2 site;N264 | Polar contact | Carboxylate oxygen unit;N317 | Polar contact | Carboxylate oxygen unit;S215 | Polar contact | O1 site;V413 | Hydrophobic contact | Aliphatic carbon unit;V413 | Polar contact | O1 site;Y343 | Polar contact | Carboxylate oxygen unit;Y395 | Polar contact | N1 site;Y395 | Polar contact | O1 site,E310 | Polar contact | Carboxylate oxygen unit;E310 | Polar contact | N2 site;N264 | Polar contact | Carboxylate oxygen unit;N317 | Polar contact | Carboxylate oxygen unit;S215 | Polar contact | O1 site;V413 | Hydrophobic contact | Aliphatic carbon unit;V413 | Polar contact | O1 site;Y343 | Polar contact | Carboxylate oxygen unit;Y395 | Polar contact | N1 site;Y395 | Polar contact | O1 site
GAC_40,class_6,10,E310 | Polar contact | Carboxylate oxygen unit;E310 | Polar contact | N2 site;N264 | Polar contact | Carboxylate oxygen unit;N317 | Polar contact | Carboxylate oxygen unit;S215 | Polar contact | O1 site;V413 | Hydrophobic contact | Aliphatic carbon unit;V413 | Polar contact | O1 site;Y343 | Polar contact | Carboxylate oxygen unit;Y395 | Polar contact | N1 site;Y395 | Polar contact | O1 site,E310 | Polar contact | Carboxylate oxygen unit;E310 | Polar contact | N2 site;N264 | Polar contact | Carboxylate oxygen unit;N317 | Polar contact | Carboxylate oxygen unit;S215 | Polar contact | O1 site;V413 | Hydrophobic contact | Aliphatic carbon unit;V413 | Polar contact | O1 site;Y343 | Polar contact | Carboxylate oxygen unit;Y395 | Polar contact | N1 site;Y395 | Polar contact | O1 site
GAC_41,class_6,10,E310 | Polar contact | Carboxylate oxygen unit;E310 | Polar contact | N2 site;N264 | Polar contact | Carboxylate oxygen unit;N317 | Polar contact | Carboxylate oxygen unit;S215 | Polar contact | O1 site;V413 | Hydrophobic contact | Aliphatic carbon unit;V413 | Polar contact | O1 site;Y343 | Polar contact | Carboxylate oxygen unit;Y395 | Polar contact | N1 site;Y395 | Polar contact | O1 site,E310 | Polar contact | Carboxylate oxygen unit;E310 | Polar contact | N2 site;N264 | Polar contact | Carboxylate oxygen unit;N317 | Polar contact | Carboxylate oxygen unit;S215 | Polar contact | O1 site;V413 | Hydrophobic contact | Aliphatic carbon unit;V413 | Polar contact | O1 site;Y343 | Polar contact | Carboxylate oxygen unit;Y395 | Polar contact | N1 site;Y395 | Polar contact | O1 site
GAC_42,class_6,10,E310 | Polar contact | Carboxylate oxygen unit;E310 | Polar contact | N2 site;N264 | Polar contact | Carboxylate oxygen unit;N317 | Polar contact | Carboxylate oxygen unit;S215 | Polar contact | O1 site;V413 | Hydrophobic contact | Aliphatic carbon unit;V413 | Polar contact | O1 site;Y343 | Polar contact | Carboxylate oxygen unit;Y395 | Polar contact | N1 site;Y395 | Polar contact | O1 site,E310 | Polar contact | Carboxylate oxygen unit;E310 | Polar contact | N2 site;N264 | Polar contact | Carboxylate oxygen unit;N317 | Polar contact | Carboxylate oxygen unit;S215 | Polar contact | O1 site;V413 | Hydrophobic contact | Aliphatic carbon unit;V413 | Polar contact | O1 site;Y343 | Polar contact | Carboxylate oxygen unit;Y395 | Polar contact | N1 site;Y395 | Polar contact | O1 site
GAC_45,class_6,10,E310 | Polar contact | Carboxylate oxygen unit;E310 | Polar contact | N2 site;N264 | Polar contact | Carboxylate oxygen unit;N317 | Polar contact | Carboxylate oxygen unit;S215 | Polar contact | O1 site;V413 | Hydrophobic contact | Aliphatic carbon unit;V413 | Polar contact | O1 site;Y343 | Polar contact | Carboxylate oxygen unit;Y395 | Polar contact | N1 site;Y395 | Polar contact | O1 site,E310 | Polar contact | Carboxylate oxygen unit;E310 | Polar contact | N2 site;N264 | Polar contact | Carboxylate oxygen unit;N317 | Polar contact | Carboxylate oxygen unit;S215 | Polar contact | O1 site;V413 | Hydrophobic contact | Aliphatic carbon unit;V413 | Polar contact | O1 site;Y343 | Polar contact | Carboxylate oxygen unit;Y395 | Polar contact | N1 site;Y395 | Polar contact | O1 site
GAC_46,class_6,10,E310 | Polar contact | Carboxylate oxygen unit;E310 | Polar contact | N2 site;N264 | Polar contact | Carboxylate oxygen unit;N317 | Polar contact | Carboxylate oxygen unit;S215 | Polar contact | O1 site;V413 | Hydrophobic contact | Aliphatic carbon unit;V413 | Polar contact | O1 site;Y343 | Polar contact | Carboxylate oxygen unit;Y395 | Polar contact | N1 site;Y395 | Polar contact | O1 site,E310 | Polar contact | Carboxylate oxygen unit;E310 | Polar contact | N2 site;N264 | Polar contact | Carboxylate oxygen unit;N317 | Polar contact | Carboxylate oxygen unit;S215 | Polar contact | O1 site;V413 | Hydrophobic contact | Aliphatic carbon unit;V413 | Polar contact | O1 site;Y343 | Polar contact | Carboxylate oxygen unit;Y395 | Polar contact | N1 site;Y395 | Polar contact | O1 site
GAC_47,class_6,10,E310 | Polar contact | Carboxylate oxygen unit;E310 | Polar contact | N2 site;N264 | Polar contact | Carboxylate oxygen unit;N317 | Polar contact | Carboxylate oxygen unit;S215 | Polar contact | O1 site;V413 | Hydrophobic contact | Aliphatic carbon unit;V413 | Polar contact | O1 site;Y343 | Polar contact | Carboxylate oxygen unit;Y395 | Polar contact | N1 site;Y395 | Polar contact | O1 site,E310 | Polar contact | Carboxylate oxygen unit;E310 | Polar contact | N2 site;N264 | Polar contact | Carboxylate oxygen unit;N317 | Polar contact | Carboxylate oxygen unit;S215 | Polar contact | O1 site;V413 | Hydrophobic contact | Aliphatic carbon unit;V413 | Polar contact | O1 site;Y343 | Polar contact | Carboxylate oxygen unit;Y395 | Polar contact | N1 site;Y395 | Polar contact | O1 site
GAC_48,class_6,10,E310 | Polar contact | Carboxylate oxygen unit;E310 | Polar contact | N2 site;N264 | Polar contact | Carboxylate oxygen unit;N317 | Polar contact | Carboxylate oxygen unit;S215 | Polar contact | O1 site;V413 | Hydrophobic contact | Aliphatic carbon unit;V413 | Polar contact | O1 site;Y343 | Polar contact | Carboxylate oxygen unit;Y395 | Polar contact | N1 site;Y395 | Polar contact | O1 site,E310 | Polar contact | Carboxylate oxygen unit;E310 | Polar contact | N2 site;N264 | Polar contact | Carboxylate oxygen unit;N317 | Polar contact | Carboxylate oxygen unit;S215 | Polar contact | O1 site;V413 | Hydrophobic contact | Aliphatic carbon unit;V413 | Polar contact | O1 site;Y343 | Polar contact | Carboxylate oxygen unit;Y395 | Polar contact | N1 site;Y395 | Polar contact | O1 site
GAC_49,class_6,10,E310 | Polar contact | Carboxylate oxygen unit;E310 | Polar contact | N2 site;N264 | Polar contact | Carboxylate oxygen unit;N317 | Polar contact | Carboxylate oxygen unit;S215 | Polar contact | O1 site;V413 | Hydrophobic contact | Aliphatic carbon unit;V413 | Polar contact | O1 site;Y343 | Polar contact | Carboxylate oxygen unit;Y395 | Polar contact | N1 site;Y395 | Polar contact | O1 site,E310 | Polar contact | Carboxylate oxygen unit;E310 | Polar contact | N2 site;N264 | Polar contact | Carboxylate oxygen unit;N317 | Polar contact | Carboxylate oxygen unit;S215 | Polar contact | O1 site;V413 | Hydrophobic contact | Aliphatic carbon unit;V413 | Polar contact | O1 site;Y343 | Polar contact | Carboxylate oxygen unit;Y395 | Polar contact | N1 site;Y395 | Polar contact | O1 site
GAC_5,class_6,10,E310 | Polar contact | Carboxylate oxygen unit;E310 | Polar contact | N2 site;N264 | Polar contact | Carboxylate oxygen unit;N317 | Polar contact | Carboxylate oxygen unit;S215 | Polar contact | O1 site;V413 | Hydrophobic contact | Aliphatic carbon unit;V413 | Polar contact | O1 site;Y343 | Polar contact | Carboxylate oxygen unit;Y395 | Polar contact | N1 site;Y395 | Polar contact | O1 site,E310 | Polar contact | Carboxylate oxygen unit;E310 | Polar contact | N2 site;N264 | Polar contact | Carboxylate oxygen unit;N317 | Polar contact | Carboxylate oxygen unit;S215 | Polar contact | O1 site;V413 | Hydrophobic contact | Aliphatic carbon unit;V413 | Polar contact | O1 site;Y343 | Polar contact | Carboxylate oxygen unit;Y395 | Polar contact | N1 site;Y395 | Polar contact | O1 site
GAC_50,class_6,10,E310 | Polar contact | Carboxylate oxygen unit;E310 | Polar contact | N2 site;N264 | Polar contact | Carboxylate oxygen unit;N317 | Polar contact | Carboxylate oxygen unit;S215 | Polar contact | O1 site;V413 | Hydrophobic contact | Aliphatic carbon unit;V413 | Polar contact | O1 site;Y343 | Polar contact | Carboxylate oxygen unit;Y395 | Polar contact | N1 site;Y395 | Polar contact | O1 site,E310 | Polar contact | Carboxylate oxygen unit;E310 | Polar contact | N2 site;N264 | Polar contact | Carboxylate oxygen unit;N317 | Polar contact | Carboxylate oxygen unit;S215 | Polar contact | O1 site;V413 | Hydrophobic contact | Aliphatic carbon unit;V413 | Polar contact | O1 site;Y343 | Polar contact | Carboxylate oxygen unit;Y395 | Polar contact | N1 site;Y395 | Polar contact | O1 site
GAC_51,class_6,10,E310 | Polar contact | Carboxylate oxygen unit;E310 | Polar contact | N2 site;N264 | Polar contact | Carboxylate oxygen unit;N317 | Polar contact | Carboxylate oxygen unit;S215 | Polar contact | O1 site;V413 | Hydrophobic contact | Aliphatic carbon unit;V413 | Polar contact | O1 site;Y343 | Polar contact | Carboxylate oxygen unit;Y395 | Polar contact | N1 site;Y395 | Polar contact | O1 site,E310 | Polar contact | Carboxylate oxygen unit;E310 | Polar contact | N2 site;N264 | Polar contact | Carboxylate oxygen unit;N317 | Polar contact | Carboxylate oxygen unit;S215 | Polar contact | O1 site;V413 | Hydrophobic contact | Aliphatic carbon unit;V413 | Polar contact | O1 site;Y343 | Polar contact | Carboxylate oxygen unit;Y395 | Polar contact | N1 site;Y395 | Polar contact | O1 site
GAC_52,class_6,10,E310 | Polar contact | Carboxylate oxygen unit;E310 | Polar contact | N2 site;N264 | Polar contact | Carboxylate oxygen unit;N317 | Polar contact | Carboxylate oxygen unit;S215 | Polar contact | O1 site;V413 | Hydrophobic contact | Aliphatic carbon unit;V413 | Polar contact | O1 site;Y343 | Polar contact | Carboxylate oxygen unit;Y395 | Polar contact | N1 site;Y395 | Polar contact | O1 site,E310 | Polar contact | Carboxylate oxygen unit;E310 | Polar contact | N2 site;N264 | Polar contact | Carboxylate oxygen unit;N317 | Polar contact | Carboxylate oxygen unit;S215 | Polar contact | O1 site;V413 | Hydrophobic contact | Aliphatic carbon unit;V413 | Polar contact | O1 site;Y343 | Polar contact | Carboxylate oxygen unit;Y395 | Polar contact | N1 site;Y395 | Polar contact | O1 site
GAC_53,class_6,10,E310 | Polar contact | Carboxylate oxygen unit;E310 | Polar contact | N2 site;N264 | Polar contact | Carboxylate oxygen unit;N317 | Polar contact | Carboxylate oxygen unit;S215 | Polar contact | O1 site;V413 | Hydrophobic contact | Aliphatic carbon unit;V413 | Polar contact | O1 site;Y343 | Polar contact | Carboxylate oxygen unit;Y395 | Polar contact | N1 site;Y395 | Polar contact | O1 site,E310 | Polar contact | Carboxylate oxygen unit;E310 | Polar contact | N2 site;N264 | Polar contact | Carboxylate oxygen unit;N317 | Polar contact | Carboxylate oxygen unit;S215 | Polar contact | O1 site;V413 | Hydrophobic contact | Aliphatic carbon unit;V413 | Polar contact | O1 site;Y343 | Polar contact | Carboxylate oxygen unit;Y395 | Polar contact | N1 site;Y395 | Polar contact | O1 site
GAC_54,class_6,10,E310 | Polar contact | Carboxylate oxygen unit;E310 | Polar contact | N2 site;N264 | Polar contact | Carboxylate oxygen unit;N317 | Polar contact | Carboxylate oxygen unit;S215 | Polar contact | O1 site;V413 | Hydrophobic contact | Aliphatic carbon unit;V413 | Polar contact | O1 site;Y343 | Polar contact | Carboxylate oxygen unit;Y395 | Polar contact | N1 site;Y395 | Polar contact | O1 site,E310 | Polar contact | Carboxylate oxygen unit;E310 | Polar contact | N2 site;N264 | Polar contact | Carboxylate oxygen unit;N317 | Polar contact | Carboxylate oxygen unit;S215 | Polar contact | O1 site;V413 | Hydrophobic contact | Aliphatic carbon unit;V413 | Polar contact | O1 site;Y343 | Polar contact | Carboxylate oxygen unit;Y395 | Polar contact | N1 site;Y395 | Polar contact | O1 site
GAC_55,class_6,10,E310 | Polar contact | Carboxylate oxygen unit;E310 | Polar contact | N2 site;N264 | Polar contact | Carboxylate oxygen unit;N317 | Polar contact | Carboxylate oxygen unit;S215 | Polar contact | O1 site;V413 | Hydrophobic contact | Aliphatic carbon unit;V413 | Polar contact | O1 site;Y343 | Polar contact | Carboxylate oxygen unit;Y395 | Polar contact | N1 site;Y395 | Polar contact | O1 site,E310 | Polar contact | Carboxylate oxygen unit;E310 | Polar contact | N2 site;N264 | Polar contact | Carboxylate oxygen unit;N317 | Polar contact | Carboxylate oxygen unit;S215 | Polar contact | O1 site;V413 | Hydrophobic contact | Aliphatic carbon unit;V413 | Polar contact | O1 site;Y343 | Polar contact | Carboxylate oxygen unit;Y395 | Polar contact | N1 site;Y395 | Polar contact | O1 site
GAC_57,class_6,10,E310 | Polar contact | Carboxylate oxygen unit;E310 | Polar contact | N2 site;N264 | Polar contact | Carboxylate oxygen unit;N317 | Polar contact | Carboxylate oxygen unit;S215 | Polar contact | O1 site;V413 | Hydrophobic contact | Aliphatic carbon unit;V413 | Polar contact | O1 site;Y343 | Polar contact | Carboxylate oxygen unit;Y395 | Polar contact | N1 site;Y395 | Polar contact | O1 site,E310 | Polar contact | Carboxylate oxygen unit;E310 | Polar contact | N2 site;N264 | Polar contact | Carboxylate oxygen unit;N317 | Polar contact | Carboxylate oxygen unit;S215 | Polar contact | O1 site;V413 | Hydrophobic contact | Aliphatic carbon unit;V413 | Polar contact | O1 site;Y343 | Polar contact | Carboxylate oxygen unit;Y395 | Polar contact | N1 site;Y395 | Polar contact | O1 site
GAC_58,class_6,10,E310 | Polar contact | Carboxylate oxygen unit;E310 | Polar contact | N2 site;N264 | Polar contact | Carboxylate oxygen unit;N317 | Polar contact | Carboxylate oxygen unit;S215 | Polar contact | O1 site;V413 | Hydrophobic contact | Aliphatic carbon unit;V413 | Polar contact | O1 site;Y343 | Polar contact | Carboxylate oxygen unit;Y395 | Polar contact | N1 site;Y395 | Polar contact | O1 site,E310 | Polar contact | Carboxylate oxygen unit;E310 | Polar contact | N2 site;N264 | Polar contact | Carboxylate oxygen unit;N317 | Polar contact | Carboxylate oxygen unit;S215 | Polar contact | O1 site;V413 | Hydrophobic contact | Aliphatic carbon unit;V413 | Polar contact | O1 site;Y343 | Polar contact | Carboxylate oxygen unit;Y395 | Polar contact | N1 site;Y395 | Polar contact | O1 site
GAC_61,class_6,10,E310 | Polar contact | Carboxylate oxygen unit;E310 | Polar contact | N2 site;N264 | Polar contact | Carboxylate oxygen unit;N317 | Polar contact | Carboxylate oxygen unit;S215 | Polar contact | O1 site;V413 | Hydrophobic contact | Aliphatic carbon unit;V413 | Polar contact | O1 site;Y343 | Polar contact | Carboxylate oxygen unit;Y395 | Polar contact | N1 site;Y395 | Polar contact | O1 site,E310 | Polar contact | Carboxylate oxygen unit;E310 | Polar contact | N2 site;N264 | Polar contact | Carboxylate oxygen unit;N317 | Polar contact | Carboxylate oxygen unit;S215 | Polar contact | O1 site;V413 | Hydrophobic contact | Aliphatic carbon unit;V413 | Polar contact | O1 site;Y343 | Polar contact | Carboxylate oxygen unit;Y395 | Polar contact | N1 site;Y395 | Polar contact | O1 site
GAC_62,class_6,10,E310 | Polar contact | Carboxylate oxygen unit;E310 | Polar contact | N2 site;N264 | Polar contact | Carboxylate oxygen unit;N317 | Polar contact | Carboxylate oxygen unit;S215 | Polar contact | O1 site;V413 | Hydrophobic contact | Aliphatic carbon unit;V413 | Polar contact | O1 site;Y343 | Polar contact | Carboxylate oxygen unit;Y395 | Polar contact | N1 site;Y395 | Polar contact | O1 site,E310 | Polar contact | Carboxylate oxygen unit;E310 | Polar contact | N2 site;N264 | Polar contact | Carboxylate oxygen unit;N317 | Polar contact | Carboxylate oxygen unit;S215 | Polar contact | O1 site;V413 | Hydrophobic contact | Aliphatic carbon unit;V413 | Polar contact | O1 site;Y343 | Polar contact | Carboxylate oxygen unit;Y395 | Polar contact | N1 site;Y395 | Polar contact | O1 site
GAC_63,class_6,10,E310 | Polar contact | Carboxylate oxygen unit;E310 | Polar contact | N2 site;N264 | Polar contact | Carboxylate oxygen unit;N317 | Polar contact | Carboxylate oxygen unit;S215 | Polar contact | O1 site;V413 | Hydrophobic contact | Aliphatic carbon unit;V413 | Polar contact | O1 site;Y343 | Polar contact | Carboxylate oxygen unit;Y395 | Polar contact | N1 site;Y395 | Polar contact | O1 site,E310 | Polar contact | Carboxylate oxygen unit;E310 | Polar contact | N2 site;N264 | Polar contact | Carboxylate oxygen unit;N317 | Polar contact | Carboxylate oxygen unit;S215 | Polar contact | O1 site;V413 | Hydrophobic contact | Aliphatic carbon unit;V413 | Polar contact | O1 site;Y343 | Polar contact | Carboxylate oxygen unit;Y395 | Polar contact | N1 site;Y395 | Polar contact | O1 site
GAC_65,class_6,10,E310 | Polar contact | Carboxylate oxygen unit;E310 | Polar contact | N2 site;N264 | Polar contact | Carboxylate oxygen unit;N317 | Polar contact | Carboxylate oxygen unit;S215 | Polar contact | O1 site;V413 | Hydrophobic contact | Aliphatic carbon unit;V413 | Polar contact | O1 site;Y343 | Polar contact | Carboxylate oxygen unit;Y395 | Polar contact | N1 site;Y395 | Polar contact | O1 site,E310 | Polar contact | Carboxylate oxygen unit;E310 | Polar contact | N2 site;N264 | Polar contact | Carboxylate oxygen unit;N317 | Polar contact | Carboxylate oxygen unit;S215 | Polar contact | O1 site;V413 | Hydrophobic contact | Aliphatic carbon unit;V413 | Polar contact | O1 site;Y343 | Polar contact | Carboxylate oxygen unit;Y395 | Polar contact | N1 site;Y395 | Polar contact | O1 site
GAC_66,class_6,10,E310 | Polar contact | Carboxylate oxygen unit;E310 | Polar contact | N2 site;N264 | Polar contact | Carboxylate oxygen unit;N317 | Polar contact | Carboxylate oxygen unit;S215 | Polar contact | O1 site;V413 | Hydrophobic contact | Aliphatic carbon unit;V413 | Polar contact | O1 site;Y343 | Polar contact | Carboxylate oxygen unit;Y395 | Polar contact | N1 site;Y395 | Polar contact | O1 site,E310 | Polar contact | Carboxylate oxygen unit;E310 | Polar contact | N2 site;N264 | Polar contact | Carboxylate oxygen unit;N317 | Polar contact | Carboxylate oxygen unit;S215 | Polar contact | O1 site;V413 | Hydrophobic contact | Aliphatic carbon unit;V413 | Polar contact | O1 site;Y343 | Polar contact | Carboxylate oxygen unit;Y395 | Polar contact | N1 site;Y395 | Polar contact | O1 site
GAC_67,class_6,10,E310 | Polar contact | Carboxylate oxygen unit;E310 | Polar contact | N2 site;N264 | Polar contact | Carboxylate oxygen unit;N317 | Polar contact | Carboxylate oxygen unit;S215 | Polar contact | O1 site;V413 | Hydrophobic contact | Aliphatic carbon unit;V413 | Polar contact | O1 site;Y343 | Polar contact | Carboxylate oxygen unit;Y395 | Polar contact | N1 site;Y395 | Polar contact | O1 site,E310 | Polar contact | Carboxylate oxygen unit;E310 | Polar contact | N2 site;N264 | Polar contact | Carboxylate oxygen unit;N317 | Polar contact | Carboxylate oxygen unit;S215 | Polar contact | O1 site;V413 | Hydrophobic contact | Aliphatic carbon unit;V413 | Polar contact | O1 site;Y343 | Polar contact | Carboxylate oxygen unit;Y395 | Polar contact | N1 site;Y395 | Polar contact | O1 site
GAC_69,class_6,10,E310 | Polar contact | Carboxylate oxygen unit;E310 | Polar contact | N2 site;N264 | Polar contact | Carboxylate oxygen unit;N317 | Polar contact | Carboxylate oxygen unit;S215 | Polar contact | O1 site;V413 | Hydrophobic contact | Aliphatic carbon unit;V413 | Polar contact | O1 site;Y343 | Polar contact | Carboxylate oxygen unit;Y395 | Polar contact | N1 site;Y395 | Polar contact | O1 site,E310 | Polar contact | Carboxylate oxygen unit;E310 | Polar contact | N2 site;N264 | Polar contact | Carboxylate oxygen unit;N317 | Polar contact | Carboxylate oxygen unit;S215 | Polar contact | O1 site;V413 | Hydrophobic contact | Aliphatic carbon unit;V413 | Polar contact | O1 site;Y343 | Polar contact | Carboxylate oxygen unit;Y395 | Polar contact | N1 site;Y395 | Polar contact | O1 site
GAC_7,class_6,10,E310 | Polar contact | Carboxylate oxygen unit;E310 | Polar contact | N2 site;N264 | Polar contact | Carboxylate oxygen unit;N317 | Polar contact | Carboxylate oxygen unit;S215 | Polar contact | O1 site;V413 | Hydrophobic contact | Aliphatic carbon unit;V413 | Polar contact | O1 site;Y343 | Polar contact | Carboxylate oxygen unit;Y395 | Polar contact | N1 site;Y395 | Polar contact | O1 site,E310 | Polar contact | Carboxylate oxygen unit;E310 | Polar contact | N2 site;N264 | Polar contact | Carboxylate oxygen unit;N317 | Polar contact | Carboxylate oxygen unit;S215 | Polar contact | O1 site;V413 | Hydrophobic contact | Aliphatic carbon unit;V413 | Polar contact | O1 site;Y343 | Polar contact | Carboxylate oxygen unit;Y395 | Polar contact | N1 site;Y395 | Polar contact | O1 site
GAC_70,class_6,10,E310 | Polar contact | Carboxylate oxygen unit;E310 | Polar contact | N2 site;N264 | Polar contact | Carboxylate oxygen unit;N317 | Polar contact | Carboxylate oxygen unit;S215 | Polar contact | O1 site;V413 | Hydrophobic contact | Aliphatic carbon unit;V413 | Polar contact | O1 site;Y343 | Polar contact | Carboxylate oxygen unit;Y395 | Polar contact | N1 site;Y395 | Polar contact | O1 site,E310 | Polar contact | Carboxylate oxygen unit;E310 | Polar contact | N2 site;N264 | Polar contact | Carboxylate oxygen unit;N317 | Polar contact | Carboxylate oxygen unit;S215 | Polar contact | O1 site;V413 | Hydrophobic contact | Aliphatic carbon unit;V413 | Polar contact | O1 site;Y343 | Polar contact | Carboxylate oxygen unit;Y395 | Polar contact | N1 site;Y395 | Polar contact | O1 site
GAC_71,class_6,10,E310 | Polar contact | Carboxylate oxygen unit;E310 | Polar contact | N2 site;N264 | Polar contact | Carboxylate oxygen unit;N317 | Polar contact | Carboxylate oxygen unit;S215 | Polar contact | O1 site;V413 | Hydrophobic contact | Aliphatic carbon unit;V413 | Polar contact | O1 site;Y343 | Polar contact | Carboxylate oxygen unit;Y395 | Polar contact | N1 site;Y395 | Polar contact | O1 site,E310 | Polar contact | Carboxylate oxygen unit;E310 | Polar contact | N2 site;N264 | Polar contact | Carboxylate oxygen unit;N317 | Polar contact | Carboxylate oxygen unit;S215 | Polar contact | O1 site;V413 | Hydrophobic contact | Aliphatic carbon unit;V413 | Polar contact | O1 site;Y343 | Polar contact | Carboxylate oxygen unit;Y395 | Polar contact | N1 site;Y395 | Polar contact | O1 site
GAC_72,class_6,10,E310 | Polar contact | Carboxylate oxygen unit;E310 | Polar contact | N2 site;N264 | Polar contact | Carboxylate oxygen unit;N317 | Polar contact | Carboxylate oxygen unit;S215 | Polar contact | O1 site;V413 | Hydrophobic contact | Aliphatic carbon unit;V413 | Polar contact | O1 site;Y343 | Polar contact | Carboxylate oxygen unit;Y395 | Polar contact | N1 site;Y395 | Polar contact | O1 site,E310 | Polar contact | Carboxylate oxygen unit;E310 | Polar contact | N2 site;N264 | Polar contact | Carboxylate oxygen unit;N317 | Polar contact | Carboxylate oxygen unit;S215 | Polar contact | O1 site;V413 | Hydrophobic contact | Aliphatic carbon unit;V413 | Polar contact | O1 site;Y343 | Polar contact | Carboxylate oxygen unit;Y395 | Polar contact | N1 site;Y395 | Polar contact | O1 site
GAC_73,class_6,10,E310 | Polar contact | Carboxylate oxygen unit;E310 | Polar contact | N2 site;N264 | Polar contact | Carboxylate oxygen unit;N317 | Polar contact | Carboxylate oxygen unit;S215 | Polar contact | O1 site;V413 | Hydrophobic contact | Aliphatic carbon unit;V413 | Polar contact | O1 site;Y343 | Polar contact | Carboxylate oxygen unit;Y395 | Polar contact | N1 site;Y395 | Polar contact | O1 site,E310 | Polar contact | Carboxylate oxygen unit;E310 | Polar contact | N2 site;N264 | Polar contact | Carboxylate oxygen unit;N317 | Polar contact | Carboxylate oxygen unit;S215 | Polar contact | O1 site;V413 | Hydrophobic contact | Aliphatic carbon unit;V413 | Polar contact | O1 site;Y343 | Polar contact | Carboxylate oxygen unit;Y395 | Polar contact | N1 site;Y395 | Polar contact | O1 site
GAC_74,class_6,10,E310 | Polar contact | Carboxylate oxygen unit;E310 | Polar contact | N2 site;N264 | Polar contact | Carboxylate oxygen unit;N317 | Polar contact | Carboxylate oxygen unit;S215 | Polar contact | O1 site;V413 | Hydrophobic contact | Aliphatic carbon unit;V413 | Polar contact | O1 site;Y343 | Polar contact | Carboxylate oxygen unit;Y395 | Polar contact | N1 site;Y395 | Polar contact | O1 site,E310 | Polar contact | Carboxylate oxygen unit;E310 | Polar contact | N2 site;N264 | Polar contact | Carboxylate oxygen unit;N317 | Polar contact | Carboxylate oxygen unit;S215 | Polar contact | O1 site;V413 | Hydrophobic contact | Aliphatic carbon unit;V413 | Polar contact | O1 site;Y343 | Polar contact | Carboxylate oxygen unit;Y395 | Polar contact | N1 site;Y395 | Polar contact | O1 site
GAC_75,class_6,10,E310 | Polar contact | Carboxylate oxygen unit;E310 | Polar contact | N2 site;N264 | Polar contact | Carboxylate oxygen unit;N317 | Polar contact | Carboxylate oxygen unit;S215 | Polar contact | O1 site;V413 | Hydrophobic contact | Aliphatic carbon unit;V413 | Polar contact | O1 site;Y343 | Polar contact | Carboxylate oxygen unit;Y395 | Polar contact | N1 site;Y395 | Polar contact | O1 site,E310 | Polar contact | Carboxylate oxygen unit;E310 | Polar contact | N2 site;N264 | Polar contact | Carboxylate oxygen unit;N317 | Polar contact | Carboxylate oxygen unit;S215 | Polar contact | O1 site;V413 | Hydrophobic contact | Aliphatic carbon unit;V413 | Polar contact | O1 site;Y343 | Polar contact | Carboxylate oxygen unit;Y395 | Polar contact | N1 site;Y395 | Polar contact | O1 site
GAC_76,class_6,10,E310 | Polar contact | Carboxylate oxygen unit;E310 | Polar contact | N2 site;N264 | Polar contact | Carboxylate oxygen unit;N317 | Polar contact | Carboxylate oxygen unit;S215 | Polar contact | O1 site;V413 | Hydrophobic contact | Aliphatic carbon unit;V413 | Polar contact | O1 site;Y343 | Polar contact | Carboxylate oxygen unit;Y395 | Polar contact | N1 site;Y395 | Polar contact | O1 site,E310 | Polar contact | Carboxylate oxygen unit;E310 | Polar contact | N2 site;N264 | Polar contact | Carboxylate oxygen unit;N317 | Polar contact | Carboxylate oxygen unit;S215 | Polar contact | O1 site;V413 | Hydrophobic contact | Aliphatic carbon unit;V413 | Polar contact | O1 site;Y343 | Polar contact | Carboxylate oxygen unit;Y395 | Polar contact | N1 site;Y395 | Polar contact | O1 site
GAC_77,class_6,10,E310 | Polar contact | Carboxylate oxygen unit;E310 | Polar contact | N2 site;N264 | Polar contact | Carboxylate oxygen unit;N317 | Polar contact | Carboxylate oxygen unit;S215 | Polar contact | O1 site;V413 | Hydrophobic contact | Aliphatic carbon unit;V413 | Polar contact | O1 site;Y343 | Polar contact | Carboxylate oxygen unit;Y395 | Polar contact | N1 site;Y395 | Polar contact | O1 site,E310 | Polar contact | Carboxylate oxygen unit;E310 | Polar contact | N2 site;N264 | Polar contact | Carboxylate oxygen unit;N317 | Polar contact | Carboxylate oxygen unit;S215 | Polar contact | O1 site;V413 | Hydrophobic contact | Aliphatic carbon unit;V413 | Polar contact | O1 site;Y343 | Polar contact | Carboxylate oxygen unit;Y395 | Polar contact | N1 site;Y395 | Polar contact | O1 site
GAC_78,class_6,10,E310 | Polar contact | Carboxylate oxygen unit;E310 | Polar contact | N2 site;N264 | Polar contact | Carboxylate oxygen unit;N317 | Polar contact | Carboxylate oxygen unit;S215 | Polar contact | O1 site;V413 | Hydrophobic contact | Aliphatic carbon unit;V413 | Polar contact | O1 site;Y343 | Polar contact | Carboxylate oxygen unit;Y395 | Polar contact | N1 site;Y395 | Polar contact | O1 site,E310 | Polar contact | Carboxylate oxygen unit;E310 | Polar contact | N2 site;N264 | Polar contact | Carboxylate oxygen unit;N317 | Polar contact | Carboxylate oxygen unit;S215 | Polar contact | O1 site;V413 | Hydrophobic contact | Aliphatic carbon unit;V413 | Polar contact | O1 site;Y343 | Polar contact | Carboxylate oxygen unit;Y395 | Polar contact | N1 site;Y395 | Polar contact | O1 site
GAC_79,class_6,10,E310 | Polar contact | Carboxylate oxygen unit;E310 | Polar contact | N2 site;N264 | Polar contact | Carboxylate oxygen unit;N317 | Polar contact | Carboxylate oxygen unit;S215 | Polar contact | O1 site;V413 | Hydrophobic contact | Aliphatic carbon unit;V413 | Polar contact | O1 site;Y343 | Polar contact | Carboxylate oxygen unit;Y395 | Polar contact | N1 site;Y395 | Polar contact | O1 site,E310 | Polar contact | Carboxylate oxygen unit;E310 | Polar contact | N2 site;N264 | Polar contact | Carboxylate oxygen unit;N317 | Polar contact | Carboxylate oxygen unit;S215 | Polar contact | O1 site;V413 | Hydrophobic contact | Aliphatic carbon unit;V413 | Polar contact | O1 site;Y343 | Polar contact | Carboxylate oxygen unit;Y395 | Polar contact | N1 site;Y395 | Polar contact | O1 site
GAC_8,class_6,10,E310 | Polar contact | Carboxylate oxygen unit;E310 | Polar contact | N2 site;N264 | Polar contact | Carboxylate oxygen unit;N317 | Polar contact | Carboxylate oxygen unit;S215 | Polar contact | O1 site;V413 | Hydrophobic contact | Aliphatic carbon unit;V413 | Polar contact | O1 site;Y343 | Polar contact | Carboxylate oxygen unit;Y395 | Polar contact | N1 site;Y395 | Polar contact | O1 site,E310 | Polar contact | Carboxylate oxygen unit;E310 | Polar contact | N2 site;N264 | Polar contact | Carboxylate oxygen unit;N317 | Polar contact | Carboxylate oxygen unit;S215 | Polar contact | O1 site;V413 | Hydrophobic contact | Aliphatic carbon unit;V413 | Polar contact | O1 site;Y343 | Polar contact | Carboxylate oxygen unit;Y395 | Polar contact | N1 site;Y395 | Polar contact | O1 site
GAC_80,class_6,10,E310 | Polar contact | Carboxylate oxygen unit;E310 | Polar contact | N2 site;N264 | Polar contact | Carboxylate oxygen unit;N317 | Polar contact | Carboxylate oxygen unit;S215 | Polar contact | O1 site;V413 | Hydrophobic contact | Aliphatic carbon unit;V413 | Polar contact | O1 site;Y343 | Polar contact | Carboxylate oxygen unit;Y395 | Polar contact | N1 site;Y395 | Polar contact | O1 site,E310 | Polar contact | Carboxylate oxygen unit;E310 | Polar contact | N2 site;N264 | Polar contact | Carboxylate oxygen unit;N317 | Polar contact | Carboxylate oxygen unit;S215 | Polar contact | O1 site;V413 | Hydrophobic contact | Aliphatic carbon unit;V413 | Polar contact | O1 site;Y343 | Polar contact | Carboxylate oxygen unit;Y395 | Polar contact | N1 site;Y395 | Polar contact | O1 site
GAC_81,class_6,10,E310 | Polar contact | Carboxylate oxygen unit;E310 | Polar contact | N2 site;N264 | Polar contact | Carboxylate oxygen unit;N317 | Polar contact | Carboxylate oxygen unit;S215 | Polar contact | O1 site;V413 | Hydrophobic contact | Aliphatic carbon unit;V413 | Polar contact | O1 site;Y343 | Polar contact | Carboxylate oxygen unit;Y395 | Polar contact | N1 site;Y395 | Polar contact | O1 site,E310 | Polar contact | Carboxylate oxygen unit;E310 | Polar contact | N2 site;N264 | Polar contact | Carboxylate oxygen unit;N317 | Polar contact | Carboxylate oxygen unit;S215 | Polar contact | O1 site;V413 | Hydrophobic contact | Aliphatic carbon unit;V413 | Polar contact | O1 site;Y343 | Polar contact | Carboxylate oxygen unit;Y395 | Polar contact | N1 site;Y395 | Polar contact | O1 site
GAC_88,class_6,10,E310 | Polar contact | Carboxylate oxygen unit;E310 | Polar contact | N2 site;N264 | Polar contact | Carboxylate oxygen unit;N317 | Polar contact | Carboxylate oxygen unit;S215 | Polar contact | O1 site;V413 | Hydrophobic contact | Aliphatic carbon unit;V413 | Polar contact | O1 site;Y343 | Polar contact | Carboxylate oxygen unit;Y395 | Polar contact | N1 site;Y395 | Polar contact | O1 site,E310 | Polar contact | Carboxylate oxygen unit;E310 | Polar contact | N2 site;N264 | Polar contact | Carboxylate oxygen unit;N317 | Polar contact | Carboxylate oxygen unit;S215 | Polar contact | O1 site;V413 | Hydrophobic contact | Aliphatic carbon unit;V413 | Polar contact | O1 site;Y343 | Polar contact | Carboxylate oxygen unit;Y395 | Polar contact | N1 site;Y395 | Polar contact | O1 site
GAC_89,class_6,10,E310 | Polar contact | Carboxylate oxygen unit;E310 | Polar contact | N2 site;N264 | Polar contact | Carboxylate oxygen unit;N317 | Polar contact | Carboxylate oxygen unit;S215 | Polar contact | O1 site;V413 | Hydrophobic contact | Aliphatic carbon unit;V413 | Polar contact | O1 site;Y343 | Polar contact | Carboxylate oxygen unit;Y395 | Polar contact | N1 site;Y395 | Polar contact | O1 site,E310 | Polar contact | Carboxylate oxygen unit;E310 | Polar contact | N2 site;N264 | Polar contact | Carboxylate oxygen unit;N317 | Polar contact | Carboxylate oxygen unit;S215 | Polar contact | O1 site;V413 | Hydrophobic contact | Aliphatic carbon unit;V413 | Polar contact | O1 site;Y343 | Polar contact | Carboxylate oxygen unit;Y395 | Polar contact | N1 site;Y395 | Polar contact | O1 site
GAC_91,class_6,10,E310 | Polar contact | Carboxylate oxygen unit;E310 | Polar contact | N2 site;N264 | Polar contact | Carboxylate oxygen unit;N317 | Polar contact | Carboxylate oxygen unit;S215 | Polar contact | O1 site;V413 | Hydrophobic contact | Aliphatic carbon unit;V413 | Polar contact | O1 site;Y343 | Polar contact | Carboxylate oxygen unit;Y395 | Polar contact | N1 site;Y395 | Polar contact | O1 site,E310 | Polar contact | Carboxylate oxygen unit;E310 | Polar contact | N2 site;N264 | Polar contact | Carboxylate oxygen unit;N317 | Polar contact | Carboxylate oxygen unit;S215 | Polar contact | O1 site;V413 | Hydrophobic contact | Aliphatic carbon unit;V413 | Polar contact | O1 site;Y343 | Polar contact | Carboxylate oxygen unit;Y395 | Polar contact | N1 site;Y395 | Polar contact | O1 site
GAC_92,class_6,10,E310 | Polar contact | Carboxylate oxygen unit;E310 | Polar contact | N2 site;N264 | Polar contact | Carboxylate oxygen unit;N317 | Polar contact | Carboxylate oxygen unit;S215 | Polar contact | O1 site;V413 | Hydrophobic contact | Aliphatic carbon unit;V413 | Polar contact | O1 site;Y343 | Polar contact | Carboxylate oxygen unit;Y395 | Polar contact | N1 site;Y395 | Polar contact | O1 site,E310 | Polar contact | Carboxylate oxygen unit;E310 | Polar contact | N2 site;N264 | Polar contact | Carboxylate oxygen unit;N317 | Polar contact | Carboxylate oxygen unit;S215 | Polar contact | O1 site;V413 | Hydrophobic contact | Aliphatic carbon unit;V413 | Polar contact | O1 site;Y343 | Polar contact | Carboxylate oxygen unit;Y395 | Polar contact | N1 site;Y395 | Polar contact | O1 site
GAC_93,class_6,10,E310 | Polar contact | Carboxylate oxygen unit;E310 | Polar contact | N2 site;N264 | Polar contact | Carboxylate oxygen unit;N317 | Polar contact | Carboxylate oxygen unit;S215 | Polar contact | O1 site;V413 | Hydrophobic contact | Aliphatic carbon unit;V413 | Polar contact | O1 site;Y343 | Polar contact | Carboxylate oxygen unit;Y395 | Polar contact | N1 site;Y395 | Polar contact | O1 site,E310 | Polar contact | Carboxylate oxygen unit;E310 | Polar contact | N2 site;N264 | Polar contact | Carboxylate oxygen unit;N317 | Polar contact | Carboxylate oxygen unit;S215 | Polar contact | O1 site;V413 | Hydrophobic contact | Aliphatic carbon unit;V413 | Polar contact | O1 site;Y343 | Polar contact | Carboxylate oxygen unit;Y395 | Polar contact | N1 site;Y395 | Polar contact | O1 site
GAC_94,class_6,10,E310 | Polar contact | Carboxylate oxygen unit;E310 | Polar contact | N2 site;N264 | Polar contact | Carboxylate oxygen unit;N317 | Polar contact | Carboxylate oxygen unit;S215 | Polar contact | O1 site;V413 | Hydrophobic contact | Aliphatic carbon unit;V413 | Polar contact | O1 site;Y343 | Polar contact | Carboxylate oxygen unit;Y395 | Polar contact | N1 site;Y395 | Polar contact | O1 site,E310 | Polar contact | Carboxylate oxygen unit;E310 | Polar contact | N2 site;N264 | Polar contact | Carboxylate oxygen unit;N317 | Polar contact | Carboxylate oxygen unit;S215 | Polar contact | O1 site;V413 | Hydrophobic contact | Aliphatic carbon unit;V413 | Polar contact | O1 site;Y343 | Polar contact | Carboxylate oxygen unit;Y395 | Polar contact | N1 site;Y395 | Polar contact | O1 site
GAC_97,class_6,10,E310 | Polar contact | Carboxylate oxygen unit;E310 | Polar contact | N2 site;N264 | Polar contact | Carboxylate oxygen unit;N317 | Polar contact | Carboxylate oxygen unit;S215 | Polar contact | O1 site;V413 | Hydrophobic contact | Aliphatic carbon unit;V413 | Polar contact | O1 site;Y343 | Polar contact | Carboxylate oxygen unit;Y395 | Polar contact | N1 site;Y395 | Polar contact | O1 site,E310 | Polar contact | Carboxylate oxygen unit;E310 | Polar contact | N2 site;N264 | Polar contact | Carboxylate oxygen unit;N317 | Polar contact | Carboxylate oxygen unit;S215 | Polar contact | O1 site;V413 | Hydrophobic contact | Aliphatic carbon unit;V413 | Polar contact | O1 site;Y343 | Polar contact | Carboxylate oxygen unit;Y395 | Polar contact | N1 site;Y395 | Polar contact | O1 site
GAC_98,class_6,10,E310 | Polar contact | Carboxylate oxygen unit;E310 | Polar contact | N2 site;N264 | Polar contact | Carboxylate oxygen unit;N317 | Polar contact | Carboxylate oxygen unit;S215 | Polar contact | O1 site;V413 | Hydrophobic contact | Aliphatic carbon unit;V413 | Polar contact | O1 site;Y343 | Polar contact | Carboxylate oxygen unit;Y395 | Polar contact | N1 site;Y395 | Polar contact | O1 site,E310 | Polar contact | Carboxylate oxygen unit;E310 | Polar contact | N2 site;N264 | Polar contact | Carboxylate oxygen unit;N317 | Polar contact | Carboxylate oxygen unit;S215 | Polar contact | O1 site;V413 | Hydrophobic contact | Aliphatic carbon unit;V413 | Polar contact | O1 site;Y343 | Polar contact | Carboxylate oxygen unit;Y395 | Polar contact | N1 site;Y395 | Polar contact | O1 site
GAC_99,class_6,10,E310 | Polar contact | Carboxylate oxygen unit;E310 | Polar contact | N2 site;N264 | Polar contact | Carboxylate oxygen unit;N317 | Polar contact | Carboxylate oxygen unit;S215 | Polar contact | O1 site;V413 | Hydrophobic contact | Aliphatic carbon unit;V413 | Polar contact | O1 site;Y343 | Polar contact | Carboxylate oxygen unit;Y395 | Polar contact | N1 site;Y395 | Polar contact | O1 site,E310 | Polar contact | Carboxylate oxygen unit;E310 | Polar contact | N2 site;N264 | Polar contact | Carboxylate oxygen unit;N317 | Polar contact | Carboxylate oxygen unit;S215 | Polar contact | O1 site;V413 | Hydrophobic contact | Aliphatic carbon unit;V413 | Polar contact | O1 site;Y343 | Polar contact | Carboxylate oxygen unit;Y395 | Polar contact | N1 site;Y395 | Polar contact | O1 site
GAC_101,class_7,10,E310 | Polar contact | Carboxylate oxygen unit;N264 | Polar contact | Carboxylate oxygen unit;N317 | Polar contact | Carboxylate oxygen unit;Q214 | Polar contact | N2 site;S215 | Polar contact | O1 site;V413 | Hydrophobic contact | Aliphatic carbon unit;V413 | Polar contact | O1 site;Y343 | Polar contact | Carboxylate oxygen unit;Y395 | Polar contact | N1 site;Y395 | Polar contact | O1 site,E310 | Polar contact | Carboxylate oxygen unit;N264 | Polar contact | Carboxylate oxygen unit;N317 | Polar contact | Carboxylate oxygen unit;Q214 | Polar contact | N2 site;S215 | Polar contact | O1 site;V413 | Hydrophobic contact | Aliphatic carbon unit;V413 | Polar contact | O1 site;Y343 | Polar contact | Carboxylate oxygen unit;Y395 | Polar contact | N1 site;Y395 | Polar contact | O1 site
GAC_108,class_7,10,E310 | Polar contact | Carboxylate oxygen unit;N264 | Polar contact | Carboxylate oxygen unit;N317 | Polar contact | Carboxylate oxygen unit;Q214 | Polar contact | N2 site;S215 | Polar contact | O1 site;V413 | Hydrophobic contact | Aliphatic carbon unit;V413 | Polar contact | O1 site;Y343 | Polar contact | Carboxylate oxygen unit;Y395 | Polar contact | N1 site;Y395 | Polar contact | O1 site,E310 | Polar contact | Carboxylate oxygen unit;N264 | Polar contact | Carboxylate oxygen unit;N317 | Polar contact | Carboxylate oxygen unit;Q214 | Polar contact | N2 site;S215 | Polar contact | O1 site;V413 | Hydrophobic contact | Aliphatic carbon unit;V413 | Polar contact | O1 site;Y343 | Polar contact | Carboxylate oxygen unit;Y395 | Polar contact | N1 site;Y395 | Polar contact | O1 site
GAC_11,class_7,10,E310 | Polar contact | Carboxylate oxygen unit;N264 | Polar contact | Carboxylate oxygen unit;N317 | Polar contact | Carboxylate oxygen unit;Q214 | Polar contact | N2 site;S215 | Polar contact | O1 site;V413 | Hydrophobic contact | Aliphatic carbon unit;V413 | Polar contact | O1 site;Y343 | Polar contact | Carboxylate oxygen unit;Y395 | Polar contact | N1 site;Y395 | Polar contact | O1 site,E310 | Polar contact | Carboxylate oxygen unit;N264 | Polar contact | Carboxylate oxygen unit;N317 | Polar contact | Carboxylate oxygen unit;Q214 | Polar contact | N2 site;S215 | Polar contact | O1 site;V413 | Hydrophobic contact | Aliphatic carbon unit;V413 | Polar contact | O1 site;Y343 | Polar contact | Carboxylate oxygen unit;Y395 | Polar contact | N1 site;Y395 | Polar contact | O1 site
GAC_163,class_7,10,E310 | Polar contact | Carboxylate oxygen unit;N264 | Polar contact | Carboxylate oxygen unit;N317 | Polar contact | Carboxylate oxygen unit;Q214 | Polar contact | N2 site;S215 | Polar contact | O1 site;V413 | Hydrophobic contact | Aliphatic carbon unit;V413 | Polar contact | O1 site;Y343 | Polar contact | Carboxylate oxygen unit;Y395 | Polar contact | N1 site;Y395 | Polar contact | O1 site,E310 | Polar contact | Carboxylate oxygen unit;N264 | Polar contact | Carboxylate oxygen unit;N317 | Polar contact | Carboxylate oxygen unit;Q214 | Polar contact | N2 site;S215 | Polar contact | O1 site;V413 | Hydrophobic contact | Aliphatic carbon unit;V413 | Polar contact | O1 site;Y343 | Polar contact | Carboxylate oxygen unit;Y395 | Polar contact | N1 site;Y395 | Polar contact | O1 site
GAC_174,class_7,10,E310 | Polar contact | Carboxylate oxygen unit;N264 | Polar contact | Carboxylate oxygen unit;N317 | Polar contact | Carboxylate oxygen unit;Q214 | Polar contact | N2 site;S215 | Polar contact | O1 site;V413 | Hydrophobic contact | Aliphatic carbon unit;V413 | Polar contact | O1 site;Y343 | Polar contact | Carboxylate oxygen unit;Y395 | Polar contact | N1 site;Y395 | Polar contact | O1 site,E310 | Polar contact | Carboxylate oxygen unit;N264 | Polar contact | Carboxylate oxygen unit;N317 | Polar contact | Carboxylate oxygen unit;Q214 | Polar contact | N2 site;S215 | Polar contact | O1 site;V413 | Hydrophobic contact | Aliphatic carbon unit;V413 | Polar contact | O1 site;Y343 | Polar contact | Carboxylate oxygen unit;Y395 | Polar contact | N1 site;Y395 | Polar contact | O1 site
GAC_208,class_7,10,E310 | Polar contact | Carboxylate oxygen unit;N264 | Polar contact | Carboxylate oxygen unit;N317 | Polar contact | Carboxylate oxygen unit;Q214 | Polar contact | N2 site;S215 | Polar contact | O1 site;V413 | Hydrophobic contact | Aliphatic carbon unit;V413 | Polar contact | O1 site;Y343 | Polar contact | Carboxylate oxygen unit;Y395 | Polar contact | N1 site;Y395 | Polar contact | O1 site,E310 | Polar contact | Carboxylate oxygen unit;N264 | Polar contact | Carboxylate oxygen unit;N317 | Polar contact | Carboxylate oxygen unit;Q214 | Polar contact | N2 site;S215 | Polar contact | O1 site;V413 | Hydrophobic contact | Aliphatic carbon unit;V413 | Polar contact | O1 site;Y343 | Polar contact | Carboxylate oxygen unit;Y395 | Polar contact | N1 site;Y395 | Polar contact | O1 site
GAC_212,class_7,10,E310 | Polar contact | Carboxylate oxygen unit;N264 | Polar contact | Carboxylate oxygen unit;N317 | Polar contact | Carboxylate oxygen unit;Q214 | Polar contact | N2 site;S215 | Polar contact | O1 site;V413 | Hydrophobic contact | Aliphatic carbon unit;V413 | Polar contact | O1 site;Y343 | Polar contact | Carboxylate oxygen unit;Y395 | Polar contact | N1 site;Y395 | Polar contact | O1 site,E310 | Polar contact | Carboxylate oxygen unit;N264 | Polar contact | Carboxylate oxygen unit;N317 | Polar contact | Carboxylate oxygen unit;Q214 | Polar contact | N2 site;S215 | Polar contact | O1 site;V413 | Hydrophobic contact | Aliphatic carbon unit;V413 | Polar contact | O1 site;Y343 | Polar contact | Carboxylate oxygen unit;Y395 | Polar contact | N1 site;Y395 | Polar contact | O1 site
GAC_239,class_7,10,E310 | Polar contact | Carboxylate oxygen unit;N264 | Polar contact | Carboxylate oxygen unit;N317 | Polar contact | Carboxylate oxygen unit;Q214 | Polar contact | N2 site;S215 | Polar contact | O1 site;V413 | Hydrophobic contact | Aliphatic carbon unit;V413 | Polar contact | O1 site;Y343 | Polar contact | Carboxylate oxygen unit;Y395 | Polar contact | N1 site;Y395 | Polar contact | O1 site,E310 | Polar contact | Carboxylate oxygen unit;N264 | Polar contact | Carboxylate oxygen unit;N317 | Polar contact | Carboxylate oxygen unit;Q214 | Polar contact | N2 site;S215 | Polar contact | O1 site;V413 | Hydrophobic contact | Aliphatic carbon unit;V413 | Polar contact | O1 site;Y343 | Polar contact | Carboxylate oxygen unit;Y395 | Polar contact | N1 site;Y395 | Polar contact | O1 site
GAC_246,class_7,10,E310 | Polar contact | Carboxylate oxygen unit;N264 | Polar contact | Carboxylate oxygen unit;N317 | Polar contact | Carboxylate oxygen unit;Q214 | Polar contact | N2 site;S215 | Polar contact | O1 site;V413 | Hydrophobic contact | Aliphatic carbon unit;V413 | Polar contact | O1 site;Y343 | Polar contact | Carboxylate oxygen unit;Y395 | Polar contact | N1 site;Y395 | Polar contact | O1 site,E310 | Polar contact | Carboxylate oxygen unit;N264 | Polar contact | Carboxylate oxygen unit;N317 | Polar contact | Carboxylate oxygen unit;Q214 | Polar contact | N2 site;S215 | Polar contact | O1 site;V413 | Hydrophobic contact | Aliphatic carbon unit;V413 | Polar contact | O1 site;Y343 | Polar contact | Carboxylate oxygen unit;Y395 | Polar contact | N1 site;Y395 | Polar contact | O1 site
GAC_28,class_7,10,E310 | Polar contact | Carboxylate oxygen unit;N264 | Polar contact | Carboxylate oxygen unit;N317 | Polar contact | Carboxylate oxygen unit;Q214 | Polar contact | N2 site;S215 | Polar contact | O1 site;V413 | Hydrophobic contact | Aliphatic carbon unit;V413 | Polar contact | O1 site;Y343 | Polar contact | Carboxylate oxygen unit;Y395 | Polar contact | N1 site;Y395 | Polar contact | O1 site,E310 | Polar contact | Carboxylate oxygen unit;N264 | Polar contact | Carboxylate oxygen unit;N317 | Polar contact | Carboxylate oxygen unit;Q214 | Polar contact | N2 site;S215 | Polar contact | O1 site;V413 | Hydrophobic contact | Aliphatic carbon unit;V413 | Polar contact | O1 site;Y343 | Polar contact | Carboxylate oxygen unit;Y395 | Polar contact | N1 site;Y395 | Polar contact | O1 site
GAC_87,class_7,10,E310 | Polar contact | Carboxylate oxygen unit;N264 | Polar contact | Carboxylate oxygen unit;N317 | Polar contact | Carboxylate oxygen unit;Q214 | Polar contact | N2 site;S215 | Polar contact | O1 site;V413 | Hydrophobic contact | Aliphatic carbon unit;V413 | Polar contact | O1 site;Y343 | Polar contact | Carboxylate oxygen unit;Y395 | Polar contact | N1 site;Y395 | Polar contact | O1 site,E310 | Polar contact | Carboxylate oxygen unit;N264 | Polar contact | Carboxylate oxygen unit;N317 | Polar contact | Carboxylate oxygen unit;Q214 | Polar contact | N2 site;S215 | Polar contact | O1 site;V413 | Hydrophobic contact | Aliphatic carbon unit;V413 | Polar contact | O1 site;Y343 | Polar contact | Carboxylate oxygen unit;Y395 | Polar contact | N1 site;Y395 | Polar contact | O1 site
GAC_195,class_8,10,E310 | Polar contact | Carboxylate oxygen unit;E310 | Polar contact | N2 site;N264 | Polar contact | Carboxylate oxygen unit;N317 | Polar contact | Carboxylate oxygen unit;S215 | Polar contact | O1 site;V413 | Hydrophobic contact | Aliphatic carbon unit;V413 | Polar contact | O1 site;Y178 | Polar contact | N2 site;Y343 | Polar contact | Carboxylate oxygen unit;Y395 | Polar contact | N1 site,E310 | Polar contact | Carboxylate oxygen unit;E310 | Polar contact | N2 site;N264 | Polar contact | Carboxylate oxygen unit;N317 | Polar contact | Carboxylate oxygen unit;S215 | Polar contact | O1 site;V413 | Hydrophobic contact | Aliphatic carbon unit;V413 | Polar contact | O1 site;Y178 | Polar contact | N2 site;Y343 | Polar contact | Carboxylate oxygen unit;Y395 | Polar contact | N1 site
GAC_22,class_8,10,E310 | Polar contact | Carboxylate oxygen unit;E310 | Polar contact | N2 site;N264 | Polar contact | Carboxylate oxygen unit;N317 | Polar contact | Carboxylate oxygen unit;S215 | Polar contact | O1 site;V413 | Hydrophobic contact | Aliphatic carbon unit;V413 | Polar contact | O1 site;Y178 | Polar contact | N2 site;Y343 | Polar contact | Carboxylate oxygen unit;Y395 | Polar contact | N1 site,E310 | Polar contact | Carboxylate oxygen unit;E310 | Polar contact | N2 site;N264 | Polar contact | Carboxylate oxygen unit;N317 | Polar contact | Carboxylate oxygen unit;S215 | Polar contact | O1 site;V413 | Hydrophobic contact | Aliphatic carbon unit;V413 | Polar contact | O1 site;Y178 | Polar contact | N2 site;Y343 | Polar contact | Carboxylate oxygen unit;Y395 | Polar contact | N1 site
GAC_106,class_9,10,E310 | Polar contact | Carboxylate oxygen unit;E310 | Polar contact | N2 site;F247 | Hydrophobic contact | Aliphatic carbon unit;N264 | Polar contact | Carboxylate oxygen unit;N317 | Polar contact | Carboxylate oxygen unit;S215 | Polar contact | O1 site;V413 | Hydrophobic contact | Aliphatic carbon unit;V413 | Polar contact | O1 site;Y343 | Polar contact | Carboxylate oxygen unit;Y395 | Polar contact | N1 site,E310 | Polar contact | Carboxylate oxygen unit;E310 | Polar contact | N2 site;F247 | Hydrophobic contact | Aliphatic carbon unit;N264 | Polar contact | Carboxylate oxygen unit;N317 | Polar contact | Carboxylate oxygen unit;S215 | Polar contact | O1 site;V413 | Hydrophobic contact | Aliphatic carbon unit;V413 | Polar contact | O1 site;Y343 | Polar contact | Carboxylate oxygen unit;Y395 | Polar contact | N1 site
GAC_204,class_10,10,C347 | Polar contact | N2 site;E310 | Polar contact | Carboxylate oxygen unit;E310 | Polar contact | N2 site;N317 | Polar contact | Carboxylate oxygen unit;S215 | Polar contact | O1 site;V413 | Hydrophobic contact | Aliphatic carbon unit;V413 | Polar contact | O1 site;Y343 | Polar contact | Carboxylate oxygen unit;Y395 | Polar contact | N1 site;Y395 | Polar contact | O1 site,C347 | Polar contact | N2 site;E310 | Polar contact | Carboxylate oxygen unit;E310 | Polar contact | N2 site;N317 | Polar contact | Carboxylate oxygen unit;S215 | Polar contact | O1 site;V413 | Hydrophobic contact | Aliphatic carbon unit;V413 | Polar contact | O1 site;Y343 | Polar contact | Carboxylate oxygen unit;Y395 | Polar contact | N1 site;Y395 | Polar contact | O1 site
GAC_110,class_11,9,E310 | Polar contact | Carboxylate oxygen unit;E310 | Polar contact | N2 site;N264 | Polar contact | Carboxylate oxygen unit;N317 | Polar contact | Carboxylate oxygen unit;S215 | Polar contact | O1 site;V413 | Hydrophobic contact | Aliphatic carbon unit;V413 | Polar contact | O1 site;Y343 | Polar contact | Carboxylate oxygen unit;Y395 | Polar contact | N1 site,E310 | Polar contact | Carboxylate oxygen unit;E310 | Polar contact | N2 site;N264 | Polar contact | Carboxylate oxygen unit;N317 | Polar contact | Carboxylate oxygen unit;S215 | Polar contact | O1 site;V413 | Hydrophobic contact | Aliphatic carbon unit;V413 | Polar contact | O1 site;Y343 | Polar contact | Carboxylate oxygen unit;Y395 | Polar contact | N1 site
GAC_121,class_11,9,E310 | Polar contact | Carboxylate oxygen unit;E310 | Polar contact | N2 site;N264 | Polar contact | Carboxylate oxygen unit;N317 | Polar contact | Carboxylate oxygen unit;S215 | Polar contact | O1 site;V413 | Hydrophobic contact | Aliphatic carbon unit;V413 | Polar contact | O1 site;Y343 | Polar contact | Carboxylate oxygen unit;Y395 | Polar contact | N1 site,E310 | Polar contact | Carboxylate oxygen unit;E310 | Polar contact | N2 site;N264 | Polar contact | Carboxylate oxygen unit;N317 | Polar contact | Carboxylate oxygen unit;S215 | Polar contact | O1 site;V413 | Hydrophobic contact | Aliphatic carbon unit;V413 | Polar contact | O1 site;Y343 | Polar contact | Carboxylate oxygen unit;Y395 | Polar contact | N1 site
GAC_13,class_11,9,E310 | Polar contact | Carboxylate oxygen unit;E310 | Polar contact | N2 site;N264 | Polar contact | Carboxylate oxygen unit;N317 | Polar contact | Carboxylate oxygen unit;S215 | Polar contact | O1 site;V413 | Hydrophobic contact | Aliphatic carbon unit;V413 | Polar contact | O1 site;Y343 | Polar contact | Carboxylate oxygen unit;Y395 | Polar contact | N1 site,E310 | Polar contact | Carboxylate oxygen unit;E310 | Polar contact | N2 site;N264 | Polar contact | Carboxylate oxygen unit;N317 | Polar contact | Carboxylate oxygen unit;S215 | Polar contact | O1 site;V413 | Hydrophobic contact | Aliphatic carbon unit;V413 | Polar contact | O1 site;Y343 | Polar contact | Carboxylate oxygen unit;Y395 | Polar contact | N1 site
GAC_136,class_11,9,E310 | Polar contact | Carboxylate oxygen unit;E310 | Polar contact | N2 site;N264 | Polar contact | Carboxylate oxygen unit;N317 | Polar contact | Carboxylate oxygen unit;S215 | Polar contact | O1 site;V413 | Hydrophobic contact | Aliphatic carbon unit;V413 | Polar contact | O1 site;Y343 | Polar contact | Carboxylate oxygen unit;Y395 | Polar contact | N1 site,E310 | Polar contact | Carboxylate oxygen unit;E310 | Polar contact | N2 site;N264 | Polar contact | Carboxylate oxygen unit;N317 | Polar contact | Carboxylate oxygen unit;S215 | Polar contact | O1 site;V413 | Hydrophobic contact | Aliphatic carbon unit;V413 | Polar contact | O1 site;Y343 | Polar contact | Carboxylate oxygen unit;Y395 | Polar contact | N1 site
GAC_146,class_11,9,E310 | Polar contact | Carboxylate oxygen unit;E310 | Polar contact | N2 site;N264 | Polar contact | Carboxylate oxygen unit;N317 | Polar contact | Carboxylate oxygen unit;S215 | Polar contact | O1 site;V413 | Hydrophobic contact | Aliphatic carbon unit;V413 | Polar contact | O1 site;Y343 | Polar contact | Carboxylate oxygen unit;Y395 | Polar contact | N1 site,E310 | Polar contact | Carboxylate oxygen unit;E310 | Polar contact | N2 site;N264 | Polar contact | Carboxylate oxygen unit;N317 | Polar contact | Carboxylate oxygen unit;S215 | Polar contact | O1 site;V413 | Hydrophobic contact | Aliphatic carbon unit;V413 | Polar contact | O1 site;Y343 | Polar contact | Carboxylate oxygen unit;Y395 | Polar contact | N1 site
GAC_148,class_11,9,E310 | Polar contact | Carboxylate oxygen unit;E310 | Polar contact | N2 site;N264 | Polar contact | Carboxylate oxygen unit;N317 | Polar contact | Carboxylate oxygen unit;S215 | Polar contact | O1 site;V413 | Hydrophobic contact | Aliphatic carbon unit;V413 | Polar contact | O1 site;Y343 | Polar contact | Carboxylate oxygen unit;Y395 | Polar contact | N1 site,E310 | Polar contact | Carboxylate oxygen unit;E310 | Polar contact | N2 site;N264 | Polar contact | Carboxylate oxygen unit;N317 | Polar contact | Carboxylate oxygen unit;S215 | Polar contact | O1 site;V413 | Hydrophobic contact | Aliphatic carbon unit;V413 | Polar contact | O1 site;Y343 | Polar contact | Carboxylate oxygen unit;Y395 | Polar contact | N1 site
GAC_178,class_11,9,E310 | Polar contact | Carboxylate oxygen unit;E310 | Polar contact | N2 site;N264 | Polar contact | Carboxylate oxygen unit;N317 | Polar contact | Carboxylate oxygen unit;S215 | Polar contact | O1 site;V413 | Hydrophobic contact | Aliphatic carbon unit;V413 | Polar contact | O1 site;Y343 | Polar contact | Carboxylate oxygen unit;Y395 | Polar contact | N1 site,E310 | Polar contact | Carboxylate oxygen unit;E310 | Polar contact | N2 site;N264 | Polar contact | Carboxylate oxygen unit;N317 | Polar contact | Carboxylate oxygen unit;S215 | Polar contact | O1 site;V413 | Hydrophobic contact | Aliphatic carbon unit;V413 | Polar contact | O1 site;Y343 | Polar contact | Carboxylate oxygen unit;Y395 | Polar contact | N1 site
GAC_184,class_11,9,E310 | Polar contact | Carboxylate oxygen unit;E310 | Polar contact | N2 site;N264 | Polar contact | Carboxylate oxygen unit;N317 | Polar contact | Carboxylate oxygen unit;S215 | Polar contact | O1 site;V413 | Hydrophobic contact | Aliphatic carbon unit;V413 | Polar contact | O1 site;Y343 | Polar contact | Carboxylate oxygen unit;Y395 | Polar contact | N1 site,E310 | Polar contact | Carboxylate oxygen unit;E310 | Polar contact | N2 site;N264 | Polar contact | Carboxylate oxygen unit;N317 | Polar contact | Carboxylate oxygen unit;S215 | Polar contact | O1 site;V413 | Hydrophobic contact | Aliphatic carbon unit;V413 | Polar contact | O1 site;Y343 | Polar contact | Carboxylate oxygen unit;Y395 | Polar contact | N1 site
GAC_186,class_11,9,E310 | Polar contact | Carboxylate oxygen unit;E310 | Polar contact | N2 site;N264 | Polar contact | Carboxylate oxygen unit;N317 | Polar contact | Carboxylate oxygen unit;S215 | Polar contact | O1 site;V413 | Hydrophobic contact | Aliphatic carbon unit;V413 | Polar contact | O1 site;Y343 | Polar contact | Carboxylate oxygen unit;Y395 | Polar contact | N1 site,E310 | Polar contact | Carboxylate oxygen unit;E310 | Polar contact | N2 site;N264 | Polar contact | Carboxylate oxygen unit;N317 | Polar contact | Carboxylate oxygen unit;S215 | Polar contact | O1 site;V413 | Hydrophobic contact | Aliphatic carbon unit;V413 | Polar contact | O1 site;Y343 | Polar contact | Carboxylate oxygen unit;Y395 | Polar contact | N1 site
GAC_197,class_11,9,E310 | Polar contact | Carboxylate oxygen unit;E310 | Polar contact | N2 site;N264 | Polar contact | Carboxylate oxygen unit;N317 | Polar contact | Carboxylate oxygen unit;S215 | Polar contact | O1 site;V413 | Hydrophobic contact | Aliphatic carbon unit;V413 | Polar contact | O1 site;Y343 | Polar contact | Carboxylate oxygen unit;Y395 | Polar contact | N1 site,E310 | Polar contact | Carboxylate oxygen unit;E310 | Polar contact | N2 site;N264 | Polar contact | Carboxylate oxygen unit;N317 | Polar contact | Carboxylate oxygen unit;S215 | Polar contact | O1 site;V413 | Hydrophobic contact | Aliphatic carbon unit;V413 | Polar contact | O1 site;Y343 | Polar contact | Carboxylate oxygen unit;Y395 | Polar contact | N1 site
GAC_224,class_11,9,E310 | Polar contact | Carboxylate oxygen unit;E310 | Polar contact | N2 site;N264 | Polar contact | Carboxylate oxygen unit;N317 | Polar contact | Carboxylate oxygen unit;S215 | Polar contact | O1 site;V413 | Hydrophobic contact | Aliphatic carbon unit;V413 | Polar contact | O1 site;Y343 | Polar contact | Carboxylate oxygen unit;Y395 | Polar contact | N1 site,E310 | Polar contact | Carboxylate oxygen unit;E310 | Polar contact | N2 site;N264 | Polar contact | Carboxylate oxygen unit;N317 | Polar contact | Carboxylate oxygen unit;S215 | Polar contact | O1 site;V413 | Hydrophobic contact | Aliphatic carbon unit;V413 | Polar contact | O1 site;Y343 | Polar contact | Carboxylate oxygen unit;Y395 | Polar contact | N1 site
GAC_225,class_11,9,E310 | Polar contact | Carboxylate oxygen unit;E310 | Polar contact | N2 site;N264 | Polar contact | Carboxylate oxygen unit;N317 | Polar contact | Carboxylate oxygen unit;S215 | Polar contact | O1 site;V413 | Hydrophobic contact | Aliphatic carbon unit;V413 | Polar contact | O1 site;Y343 | Polar contact | Carboxylate oxygen unit;Y395 | Polar contact | N1 site,E310 | Polar contact | Carboxylate oxygen unit;E310 | Polar contact | N2 site;N264 | Polar contact | Carboxylate oxygen unit;N317 | Polar contact | Carboxylate oxygen unit;S215 | Polar contact | O1 site;V413 | Hydrophobic contact | Aliphatic carbon unit;V413 | Polar contact | O1 site;Y343 | Polar contact | Carboxylate oxygen unit;Y395 | Polar contact | N1 site
GAC_238,class_11,9,E310 | Polar contact | Carboxylate oxygen unit;E310 | Polar contact | N2 site;N264 | Polar contact | Carboxylate oxygen unit;N317 | Polar contact | Carboxylate oxygen unit;S215 | Polar contact | O1 site;V413 | Hydrophobic contact | Aliphatic carbon unit;V413 | Polar contact | O1 site;Y343 | Polar contact | Carboxylate oxygen unit;Y395 | Polar contact | N1 site,E310 | Polar contact | Carboxylate oxygen unit;E310 | Polar contact | N2 site;N264 | Polar contact | Carboxylate oxygen unit;N317 | Polar contact | Carboxylate oxygen unit;S215 | Polar contact | O1 site;V413 | Hydrophobic contact | Aliphatic carbon unit;V413 | Polar contact | O1 site;Y343 | Polar contact | Carboxylate oxygen unit;Y395 | Polar contact | N1 site
GAC_244,class_11,9,E310 | Polar contact | Carboxylate oxygen unit;E310 | Polar contact | N2 site;N264 | Polar contact | Carboxylate oxygen unit;N317 | Polar contact | Carboxylate oxygen unit;S215 | Polar contact | O1 site;V413 | Hydrophobic contact | Aliphatic carbon unit;V413 | Polar contact | O1 site;Y343 | Polar contact | Carboxylate oxygen unit;Y395 | Polar contact | N1 site,E310 | Polar contact | Carboxylate oxygen unit;E310 | Polar contact | N2 site;N264 | Polar contact | Carboxylate oxygen unit;N317 | Polar contact | Carboxylate oxygen unit;S215 | Polar contact | O1 site;V413 | Hydrophobic contact | Aliphatic carbon unit;V413 | Polar contact | O1 site;Y343 | Polar contact | Carboxylate oxygen unit;Y395 | Polar contact | N1 site
GAC_247,class_11,9,E310 | Polar contact | Carboxylate oxygen unit;E310 | Polar contact | N2 site;N264 | Polar contact | Carboxylate oxygen unit;N317 | Polar contact | Carboxylate oxygen unit;S215 | Polar contact | O1 site;V413 | Hydrophobic contact | Aliphatic carbon unit;V413 | Polar contact | O1 site;Y343 | Polar contact | Carboxylate oxygen unit;Y395 | Polar contact | N1 site,E310 | Polar contact | Carboxylate oxygen unit;E310 | Polar contact | N2 site;N264 | Polar contact | Carboxylate oxygen unit;N317 | Polar contact | Carboxylate oxygen unit;S215 | Polar contact | O1 site;V413 | Hydrophobic contact | Aliphatic carbon unit;V413 | Polar contact | O1 site;Y343 | Polar contact | Carboxylate oxygen unit;Y395 | Polar contact | N1 site
GAC_59,class_11,9,E310 | Polar contact | Carboxylate oxygen unit;E310 | Polar contact | N2 site;N264 | Polar contact | Carboxylate oxygen unit;N317 | Polar contact | Carboxylate oxygen unit;S215 | Polar contact | O1 site;V413 | Hydrophobic contact | Aliphatic carbon unit;V413 | Polar contact | O1 site;Y343 | Polar contact | Carboxylate oxygen unit;Y395 | Polar contact | N1 site,E310 | Polar contact | Carboxylate oxygen unit;E310 | Polar contact | N2 site;N264 | Polar contact | Carboxylate oxygen unit;N317 | Polar contact | Carboxylate oxygen unit;S215 | Polar contact | O1 site;V413 | Hydrophobic contact | Aliphatic carbon unit;V413 | Polar contact | O1 site;Y343 | Polar contact | Carboxylate oxygen unit;Y395 | Polar contact | N1 site
GAC_64,class_11,9,E310 | Polar contact | Carboxylate oxygen unit;E310 | Polar contact | N2 site;N264 | Polar contact | Carboxylate oxygen unit;N317 | Polar contact | Carboxylate oxygen unit;S215 | Polar contact | O1 site;V413 | Hydrophobic contact | Aliphatic carbon unit;V413 | Polar contact | O1 site;Y343 | Polar contact | Carboxylate oxygen unit;Y395 | Polar contact | N1 site,E310 | Polar contact | Carboxylate oxygen unit;E310 | Polar contact | N2 site;N264 | Polar contact | Carboxylate oxygen unit;N317 | Polar contact | Carboxylate oxygen unit;S215 | Polar contact | O1 site;V413 | Hydrophobic contact | Aliphatic carbon unit;V413 | Polar contact | O1 site;Y343 | Polar contact | Carboxylate oxygen unit;Y395 | Polar contact | N1 site
GAC_68,class_11,9,E310 | Polar contact | Carboxylate oxygen unit;E310 | Polar contact | N2 site;N264 | Polar contact | Carboxylate oxygen unit;N317 | Polar contact | Carboxylate oxygen unit;S215 | Polar contact | O1 site;V413 | Hydrophobic contact | Aliphatic carbon unit;V413 | Polar contact | O1 site;Y343 | Polar contact | Carboxylate oxygen unit;Y395 | Polar contact | N1 site,E310 | Polar contact | Carboxylate oxygen unit;E310 | Polar contact | N2 site;N264 | Polar contact | Carboxylate oxygen unit;N317 | Polar contact | Carboxylate oxygen unit;S215 | Polar contact | O1 site;V413 | Hydrophobic contact | Aliphatic carbon unit;V413 | Polar contact | O1 site;Y343 | Polar contact | Carboxylate oxygen unit;Y395 | Polar contact | N1 site
GAC_82,class_11,9,E310 | Polar contact | Carboxylate oxygen unit;E310 | Polar contact | N2 site;N264 | Polar contact | Carboxylate oxygen unit;N317 | Polar contact | Carboxylate oxygen unit;S215 | Polar contact | O1 site;V413 | Hydrophobic contact | Aliphatic carbon unit;V413 | Polar contact | O1 site;Y343 | Polar contact | Carboxylate oxygen unit;Y395 | Polar contact | N1 site,E310 | Polar contact | Carboxylate oxygen unit;E310 | Polar contact | N2 site;N264 | Polar contact | Carboxylate oxygen unit;N317 | Polar contact | Carboxylate oxygen unit;S215 | Polar contact | O1 site;V413 | Hydrophobic contact | Aliphatic carbon unit;V413 | Polar contact | O1 site;Y343 | Polar contact | Carboxylate oxygen unit;Y395 | Polar contact | N1 site
GAC_85,class_11,9,E310 | Polar contact | Carboxylate oxygen unit;E310 | Polar contact | N2 site;N264 | Polar contact | Carboxylate oxygen unit;N317 | Polar contact | Carboxylate oxygen unit;S215 | Polar contact | O1 site;V413 | Hydrophobic contact | Aliphatic carbon unit;V413 | Polar contact | O1 site;Y343 | Polar contact | Carboxylate oxygen unit;Y395 | Polar contact | N1 site,E310 | Polar contact | Carboxylate oxygen unit;E310 | Polar contact | N2 site;N264 | Polar contact | Carboxylate oxygen unit;N317 | Polar contact | Carboxylate oxygen unit;S215 | Polar contact | O1 site;V413 | Hydrophobic contact | Aliphatic carbon unit;V413 | Polar contact | O1 site;Y343 | Polar contact | Carboxylate oxygen unit;Y395 | Polar contact | N1 site
GAC_86,class_11,9,E310 | Polar contact | Carboxylate oxygen unit;E310 | Polar contact | N2 site;N264 | Polar contact | Carboxylate oxygen unit;N317 | Polar contact | Carboxylate oxygen unit;S215 | Polar contact | O1 site;V413 | Hydrophobic contact | Aliphatic carbon unit;V413 | Polar contact | O1 site;Y343 | Polar contact | Carboxylate oxygen unit;Y395 | Polar contact | N1 site,E310 | Polar contact | Carboxylate oxygen unit;E310 | Polar contact | N2 site;N264 | Polar contact | Carboxylate oxygen unit;N317 | Polar contact | Carboxylate oxygen unit;S215 | Polar contact | O1 site;V413 | Hydrophobic contact | Aliphatic carbon unit;V413 | Polar contact | O1 site;Y343 | Polar contact | Carboxylate oxygen unit;Y395 | Polar contact | N1 site
GAC_9,class_11,9,E310 | Polar contact | Carboxylate oxygen unit;E310 | Polar contact | N2 site;N264 | Polar contact | Carboxylate oxygen unit;N317 | Polar contact | Carboxylate oxygen unit;S215 | Polar contact | O1 site;V413 | Hydrophobic contact | Aliphatic carbon unit;V413 | Polar contact | O1 site;Y343 | Polar contact | Carboxylate oxygen unit;Y395 | Polar contact | N1 site,E310 | Polar contact | Carboxylate oxygen unit;E310 | Polar contact | N2 site;N264 | Polar contact | Carboxylate oxygen unit;N317 | Polar contact | Carboxylate oxygen unit;S215 | Polar contact | O1 site;V413 | Hydrophobic contact | Aliphatic carbon unit;V413 | Polar contact | O1 site;Y343 | Polar contact | Carboxylate oxygen unit;Y395 | Polar contact | N1 site
GAC_95,class_11,9,E310 | Polar contact | Carboxylate oxygen unit;E310 | Polar contact | N2 site;N264 | Polar contact | Carboxylate oxygen unit;N317 | Polar contact | Carboxylate oxygen unit;S215 | Polar contact | O1 site;V413 | Hydrophobic contact | Aliphatic carbon unit;V413 | Polar contact | O1 site;Y343 | Polar contact | Carboxylate oxygen unit;Y395 | Polar contact | N1 site,E310 | Polar contact | Carboxylate oxygen unit;E310 | Polar contact | N2 site;N264 | Polar contact | Carboxylate oxygen unit;N317 | Polar contact | Carboxylate oxygen unit;S215 | Polar contact | O1 site;V413 | Hydrophobic contact | Aliphatic carbon unit;V413 | Polar contact | O1 site;Y343 | Polar contact | Carboxylate oxygen unit;Y395 | Polar contact | N1 site
GAC_141,class_12,9,E310 | Polar contact | Carboxylate oxygen unit;E310 | Polar contact | N2 site;N317 | Polar contact | Carboxylate oxygen unit;S215 | Polar contact | O1 site;V413 | Hydrophobic contact | Aliphatic carbon unit;V413 | Polar contact | O1 site;Y343 | Polar contact | Carboxylate oxygen unit;Y395 | Polar contact | N1 site;Y395 | Polar contact | O1 site,E310 | Polar contact | Carboxylate oxygen unit;E310 | Polar contact | N2 site;N317 | Polar contact | Carboxylate oxygen unit;S215 | Polar contact | O1 site;V413 | Hydrophobic contact | Aliphatic carbon unit;V413 | Polar contact | O1 site;Y343 | Polar contact | Carboxylate oxygen unit;Y395 | Polar contact | N1 site;Y395 | Polar contact | O1 site
GAC_142,class_12,9,E310 | Polar contact | Carboxylate oxygen unit;E310 | Polar contact | N2 site;N317 | Polar contact | Carboxylate oxygen unit;S215 | Polar contact | O1 site;V413 | Hydrophobic contact | Aliphatic carbon unit;V413 | Polar contact | O1 site;Y343 | Polar contact | Carboxylate oxygen unit;Y395 | Polar contact | N1 site;Y395 | Polar contact | O1 site,E310 | Polar contact | Carboxylate oxygen unit;E310 | Polar contact | N2 site;N317 | Polar contact | Carboxylate oxygen unit;S215 | Polar contact | O1 site;V413 | Hydrophobic contact | Aliphatic carbon unit;V413 | Polar contact | O1 site;Y343 | Polar contact | Carboxylate oxygen unit;Y395 | Polar contact | N1 site;Y395 | Polar contact | O1 site
GAC_162,class_12,9,E310 | Polar contact | Carboxylate oxygen unit;E310 | Polar contact | N2 site;N317 | Polar contact | Carboxylate oxygen unit;S215 | Polar contact | O1 site;V413 | Hydrophobic contact | Aliphatic carbon unit;V413 | Polar contact | O1 site;Y343 | Polar contact | Carboxylate oxygen unit;Y395 | Polar contact | N1 site;Y395 | Polar contact | O1 site,E310 | Polar contact | Carboxylate oxygen unit;E310 | Polar contact | N2 site;N317 | Polar contact | Carboxylate oxygen unit;S215 | Polar contact | O1 site;V413 | Hydrophobic contact | Aliphatic carbon unit;V413 | Polar contact | O1 site;Y343 | Polar contact | Carboxylate oxygen unit;Y395 | Polar contact | N1 site;Y395 | Polar contact | O1 site
GAC_194,class_12,9,E310 | Polar contact | Carboxylate oxygen unit;E310 | Polar contact | N2 site;N317 | Polar contact | Carboxylate oxygen unit;S215 | Polar contact | O1 site;V413 | Hydrophobic contact | Aliphatic carbon unit;V413 | Polar contact | O1 site;Y343 | Polar contact | Carboxylate oxygen unit;Y395 | Polar contact | N1 site;Y395 | Polar contact | O1 site,E310 | Polar contact | Carboxylate oxygen unit;E310 | Polar contact | N2 site;N317 | Polar contact | Carboxylate oxygen unit;S215 | Polar contact | O1 site;V413 | Hydrophobic contact | Aliphatic carbon unit;V413 | Polar contact | O1 site;Y343 | Polar contact | Carboxylate oxygen unit;Y395 | Polar contact | N1 site;Y395 | Polar contact | O1 site
GAC_202,class_12,9,E310 | Polar contact | Carboxylate oxygen unit;E310 | Polar contact | N2 site;N317 | Polar contact | Carboxylate oxygen unit;S215 | Polar contact | O1 site;V413 | Hydrophobic contact | Aliphatic carbon unit;V413 | Polar contact | O1 site;Y343 | Polar contact | Carboxylate oxygen unit;Y395 | Polar contact | N1 site;Y395 | Polar contact | O1 site,E310 | Polar contact | Carboxylate oxygen unit;E310 | Polar contact | N2 site;N317 | Polar contact | Carboxylate oxygen unit;S215 | Polar contact | O1 site;V413 | Hydrophobic contact | Aliphatic carbon unit;V413 | Polar contact | O1 site;Y343 | Polar contact | Carboxylate oxygen unit;Y395 | Polar contact | N1 site;Y395 | Polar contact | O1 site
GAC_226,class_12,9,E310 | Polar contact | Carboxylate oxygen unit;E310 | Polar contact | N2 site;N317 | Polar contact | Carboxylate oxygen unit;S215 | Polar contact | O1 site;V413 | Hydrophobic contact | Aliphatic carbon unit;V413 | Polar contact | O1 site;Y343 | Polar contact | Carboxylate oxygen unit;Y395 | Polar contact | N1 site;Y395 | Polar contact | O1 site,E310 | Polar contact | Carboxylate oxygen unit;E310 | Polar contact | N2 site;N317 | Polar contact | Carboxylate oxygen unit;S215 | Polar contact | O1 site;V413 | Hydrophobic contact | Aliphatic carbon unit;V413 | Polar contact | O1 site;Y343 | Polar contact | Carboxylate oxygen unit;Y395 | Polar contact | N1 site;Y395 | Polar contact | O1 site
GAC_229,class_13,9,C347 | Polar contact | N2 site;E310 | Polar contact | Carboxylate oxygen unit;E310 | Polar contact | N2 site;N317 | Polar contact | Carboxylate oxygen unit;S215 | Polar contact | O1 site;V413 | Hydrophobic contact | Aliphatic carbon unit;V413 | Polar contact | O1 site;Y343 | Polar contact | Carboxylate oxygen unit;Y395 | Polar contact | N1 site,C347 | Polar contact | N2 site;E310 | Polar contact | Carboxylate oxygen unit;E310 | Polar contact | N2 site;N317 | Polar contact | Carboxylate oxygen unit;S215 | Polar contact | O1 site;V413 | Hydrophobic contact | Aliphatic carbon unit;V413 | Polar contact | O1 site;Y343 | Polar contact | Carboxylate oxygen unit;Y395 | Polar contact | N1 site
