standard_structure_id,complex_pdb_path,plip_report_path,interaction_type,ligand_node,protein_node,ligand_atom_serial,source_xml_group,source_xml_tag,ligand_node_key,ligand_node_label,ligand_residue_name,ligand_chain_id,ligand_residue_number
GAC_1,/home/wms/AF2-test/AF2-CatGraph/results/GAC/02_template_guided_docking/complexes/GAC_1_complex.pdb,results/GAC/05_plip_interaction_graphs/plip_outputs/GAC_1/report.xml,hydrophobic_interactions,C2,PHE247A,2319,hydrophobic_interactions,hydrophobic_interaction,GLC:B:1:C2,C2,GLC,B,1
GAC_1,/home/wms/AF2-test/AF2-CatGraph/results/GAC/02_template_guided_docking/complexes/GAC_1_complex.pdb,results/GAC/05_plip_interaction_graphs/plip_outputs/GAC_1/report.xml,hydrophobic_interactions,C2,VAL413A,2319,hydrophobic_interactions,hydrophobic_interaction,GLC:B:1:C2,C2,GLC,B,1
GAC_1,/home/wms/AF2-test/AF2-CatGraph/results/GAC/02_template_guided_docking/complexes/GAC_1_complex.pdb,results/GAC/05_plip_interaction_graphs/plip_outputs/GAC_1/report.xml,hydrogen_bonds,N2,TYR178A,2322,hydrogen_bonds,hydrogen_bond,GLC:B:1:N2,N2,GLC,B,1
GAC_1,/home/wms/AF2-test/AF2-CatGraph/results/GAC/02_template_guided_docking/complexes/GAC_1_complex.pdb,results/GAC/05_plip_interaction_graphs/plip_outputs/GAC_1/report.xml,hydrogen_bonds,O1,SER215A,2318,hydrogen_bonds,hydrogen_bond,GLC:B:1:O1,O1,GLC,B,1
GAC_1,/home/wms/AF2-test/AF2-CatGraph/results/GAC/02_template_guided_docking/complexes/GAC_1_complex.pdb,results/GAC/05_plip_interaction_graphs/plip_outputs/GAC_1/report.xml,hydrogen_bonds,O2,ASN264A,2324,hydrogen_bonds,hydrogen_bond,GLC:B:1:O2,O2,GLC,B,1
GAC_1,/home/wms/AF2-test/AF2-CatGraph/results/GAC/02_template_guided_docking/complexes/GAC_1_complex.pdb,results/GAC/05_plip_interaction_graphs/plip_outputs/GAC_1/report.xml,hydrogen_bonds,O3,GLU310A,2325,hydrogen_bonds,hydrogen_bond,GLC:B:1:O3,O3,GLC,B,1
GAC_1,/home/wms/AF2-test/AF2-CatGraph/results/GAC/02_template_guided_docking/complexes/GAC_1_complex.pdb,results/GAC/05_plip_interaction_graphs/plip_outputs/GAC_1/report.xml,hydrogen_bonds,N2,GLU310A,2322,hydrogen_bonds,hydrogen_bond,GLC:B:1:N2,N2,GLC,B,1
GAC_1,/home/wms/AF2-test/AF2-CatGraph/results/GAC/02_template_guided_docking/complexes/GAC_1_complex.pdb,results/GAC/05_plip_interaction_graphs/plip_outputs/GAC_1/report.xml,hydrogen_bonds,O2,ASN317A,2324,hydrogen_bonds,hydrogen_bond,GLC:B:1:O2,O2,GLC,B,1
GAC_1,/home/wms/AF2-test/AF2-CatGraph/results/GAC/02_template_guided_docking/complexes/GAC_1_complex.pdb,results/GAC/05_plip_interaction_graphs/plip_outputs/GAC_1/report.xml,hydrogen_bonds,O2,TYR343A,2324,hydrogen_bonds,hydrogen_bond,GLC:B:1:O2,O2,GLC,B,1
GAC_1,/home/wms/AF2-test/AF2-CatGraph/results/GAC/02_template_guided_docking/complexes/GAC_1_complex.pdb,results/GAC/05_plip_interaction_graphs/plip_outputs/GAC_1/report.xml,hydrogen_bonds,O1,TYR395A,2318,hydrogen_bonds,hydrogen_bond,GLC:B:1:O1,O1,GLC,B,1
GAC_1,/home/wms/AF2-test/AF2-CatGraph/results/GAC/02_template_guided_docking/complexes/GAC_1_complex.pdb,results/GAC/05_plip_interaction_graphs/plip_outputs/GAC_1/report.xml,hydrogen_bonds,N1,TYR395A,2316,hydrogen_bonds,hydrogen_bond,GLC:B:1:N1,N1,GLC,B,1
GAC_1,/home/wms/AF2-test/AF2-CatGraph/results/GAC/02_template_guided_docking/complexes/GAC_1_complex.pdb,results/GAC/05_plip_interaction_graphs/plip_outputs/GAC_1/report.xml,hydrogen_bonds,O1,VAL413A,2318,hydrogen_bonds,hydrogen_bond,GLC:B:1:O1,O1,GLC,B,1
GAC_2,/home/wms/AF2-test/AF2-CatGraph/results/GAC/02_template_guided_docking/complexes/GAC_2_complex.pdb,results/GAC/05_plip_interaction_graphs/plip_outputs/GAC_2/report.xml,hydrophobic_interactions,C2,VAL413A,2319,hydrophobic_interactions,hydrophobic_interaction,GLC:B:1:C2,C2,GLC,B,1
GAC_2,/home/wms/AF2-test/AF2-CatGraph/results/GAC/02_template_guided_docking/complexes/GAC_2_complex.pdb,results/GAC/05_plip_interaction_graphs/plip_outputs/GAC_2/report.xml,hydrogen_bonds,O1,SER215A,2318,hydrogen_bonds,hydrogen_bond,GLC:B:1:O1,O1,GLC,B,1
GAC_2,/home/wms/AF2-test/AF2-CatGraph/results/GAC/02_template_guided_docking/complexes/GAC_2_complex.pdb,results/GAC/05_plip_interaction_graphs/plip_outputs/GAC_2/report.xml,hydrogen_bonds,O2,ASN264A,2324,hydrogen_bonds,hydrogen_bond,GLC:B:1:O2,O2,GLC,B,1
GAC_2,/home/wms/AF2-test/AF2-CatGraph/results/GAC/02_template_guided_docking/complexes/GAC_2_complex.pdb,results/GAC/05_plip_interaction_graphs/plip_outputs/GAC_2/report.xml,hydrogen_bonds,O3,GLU310A,2325,hydrogen_bonds,hydrogen_bond,GLC:B:1:O3,O3,GLC,B,1
GAC_2,/home/wms/AF2-test/AF2-CatGraph/results/GAC/02_template_guided_docking/complexes/GAC_2_complex.pdb,results/GAC/05_plip_interaction_graphs/plip_outputs/GAC_2/report.xml,hydrogen_bonds,N2,GLU310A,2322,hydrogen_bonds,hydrogen_bond,GLC:B:1:N2,N2,GLC,B,1
GAC_2,/home/wms/AF2-test/AF2-CatGraph/results/GAC/02_template_guided_docking/complexes/GAC_2_complex.pdb,results/GAC/05_plip_interaction_graphs/plip_outputs/GAC_2/report.xml,hydrogen_bonds,O2,ASN317A,2324,hydrogen_bonds,hydrogen_bond,GLC:B:1:O2,O2,GLC,B,1
GAC_2,/home/wms/AF2-test/AF2-CatGraph/results/GAC/02_template_guided_docking/complexes/GAC_2_complex.pdb,results/GAC/05_plip_interaction_graphs/plip_outputs/GAC_2/report.xml,hydrogen_bonds,O2,TYR343A,2324,hydrogen_bonds,hydrogen_bond,GLC:B:1:O2,O2,GLC,B,1
GAC_2,/home/wms/AF2-test/AF2-CatGraph/results/GAC/02_template_guided_docking/complexes/GAC_2_complex.pdb,results/GAC/05_plip_interaction_graphs/plip_outputs/GAC_2/report.xml,hydrogen_bonds,O1,TYR395A,2318,hydrogen_bonds,hydrogen_bond,GLC:B:1:O1,O1,GLC,B,1
GAC_2,/home/wms/AF2-test/AF2-CatGraph/results/GAC/02_template_guided_docking/complexes/GAC_2_complex.pdb,results/GAC/05_plip_interaction_graphs/plip_outputs/GAC_2/report.xml,hydrogen_bonds,N1,TYR395A,2316,hydrogen_bonds,hydrogen_bond,GLC:B:1:N1,N1,GLC,B,1
GAC_2,/home/wms/AF2-test/AF2-CatGraph/results/GAC/02_template_guided_docking/complexes/GAC_2_complex.pdb,results/GAC/05_plip_interaction_graphs/plip_outputs/GAC_2/report.xml,hydrogen_bonds,O1,VAL413A,2318,hydrogen_bonds,hydrogen_bond,GLC:B:1:O1,O1,GLC,B,1
GAC_3,/home/wms/AF2-test/AF2-CatGraph/results/GAC/02_template_guided_docking/complexes/GAC_3_complex.pdb,results/GAC/05_plip_interaction_graphs/plip_outputs/GAC_3/report.xml,hydrophobic_interactions,C2,VAL413A,2319,hydrophobic_interactions,hydrophobic_interaction,GLC:B:1:C2,C2,GLC,B,1
GAC_3,/home/wms/AF2-test/AF2-CatGraph/results/GAC/02_template_guided_docking/complexes/GAC_3_complex.pdb,results/GAC/05_plip_interaction_graphs/plip_outputs/GAC_3/report.xml,hydrogen_bonds,N2,TYR178A,2322,hydrogen_bonds,hydrogen_bond,GLC:B:1:N2,N2,GLC,B,1
GAC_3,/home/wms/AF2-test/AF2-CatGraph/results/GAC/02_template_guided_docking/complexes/GAC_3_complex.pdb,results/GAC/05_plip_interaction_graphs/plip_outputs/GAC_3/report.xml,hydrogen_bonds,O1,SER215A,2318,hydrogen_bonds,hydrogen_bond,GLC:B:1:O1,O1,GLC,B,1
GAC_3,/home/wms/AF2-test/AF2-CatGraph/results/GAC/02_template_guided_docking/complexes/GAC_3_complex.pdb,results/GAC/05_plip_interaction_graphs/plip_outputs/GAC_3/report.xml,hydrogen_bonds,O2,ASN264A,2324,hydrogen_bonds,hydrogen_bond,GLC:B:1:O2,O2,GLC,B,1
GAC_3,/home/wms/AF2-test/AF2-CatGraph/results/GAC/02_template_guided_docking/complexes/GAC_3_complex.pdb,results/GAC/05_plip_interaction_graphs/plip_outputs/GAC_3/report.xml,hydrogen_bonds,O3,GLU310A,2325,hydrogen_bonds,hydrogen_bond,GLC:B:1:O3,O3,GLC,B,1
GAC_3,/home/wms/AF2-test/AF2-CatGraph/results/GAC/02_template_guided_docking/complexes/GAC_3_complex.pdb,results/GAC/05_plip_interaction_graphs/plip_outputs/GAC_3/report.xml,hydrogen_bonds,N2,GLU310A,2322,hydrogen_bonds,hydrogen_bond,GLC:B:1:N2,N2,GLC,B,1
GAC_3,/home/wms/AF2-test/AF2-CatGraph/results/GAC/02_template_guided_docking/complexes/GAC_3_complex.pdb,results/GAC/05_plip_interaction_graphs/plip_outputs/GAC_3/report.xml,hydrogen_bonds,O2,ASN317A,2324,hydrogen_bonds,hydrogen_bond,GLC:B:1:O2,O2,GLC,B,1
GAC_3,/home/wms/AF2-test/AF2-CatGraph/results/GAC/02_template_guided_docking/complexes/GAC_3_complex.pdb,results/GAC/05_plip_interaction_graphs/plip_outputs/GAC_3/report.xml,hydrogen_bonds,O2,TYR343A,2324,hydrogen_bonds,hydrogen_bond,GLC:B:1:O2,O2,GLC,B,1
GAC_3,/home/wms/AF2-test/AF2-CatGraph/results/GAC/02_template_guided_docking/complexes/GAC_3_complex.pdb,results/GAC/05_plip_interaction_graphs/plip_outputs/GAC_3/report.xml,hydrogen_bonds,O1,TYR395A,2318,hydrogen_bonds,hydrogen_bond,GLC:B:1:O1,O1,GLC,B,1
GAC_3,/home/wms/AF2-test/AF2-CatGraph/results/GAC/02_template_guided_docking/complexes/GAC_3_complex.pdb,results/GAC/05_plip_interaction_graphs/plip_outputs/GAC_3/report.xml,hydrogen_bonds,N1,TYR395A,2316,hydrogen_bonds,hydrogen_bond,GLC:B:1:N1,N1,GLC,B,1
GAC_3,/home/wms/AF2-test/AF2-CatGraph/results/GAC/02_template_guided_docking/complexes/GAC_3_complex.pdb,results/GAC/05_plip_interaction_graphs/plip_outputs/GAC_3/report.xml,hydrogen_bonds,O1,VAL413A,2318,hydrogen_bonds,hydrogen_bond,GLC:B:1:O1,O1,GLC,B,1
GAC_4,/home/wms/AF2-test/AF2-CatGraph/results/GAC/02_template_guided_docking/complexes/GAC_4_complex.pdb,results/GAC/05_plip_interaction_graphs/plip_outputs/GAC_4/report.xml,hydrophobic_interactions,C2,PHE247A,2319,hydrophobic_interactions,hydrophobic_interaction,GLC:B:1:C2,C2,GLC,B,1
GAC_4,/home/wms/AF2-test/AF2-CatGraph/results/GAC/02_template_guided_docking/complexes/GAC_4_complex.pdb,results/GAC/05_plip_interaction_graphs/plip_outputs/GAC_4/report.xml,hydrophobic_interactions,C2,VAL413A,2319,hydrophobic_interactions,hydrophobic_interaction,GLC:B:1:C2,C2,GLC,B,1
GAC_4,/home/wms/AF2-test/AF2-CatGraph/results/GAC/02_template_guided_docking/complexes/GAC_4_complex.pdb,results/GAC/05_plip_interaction_graphs/plip_outputs/GAC_4/report.xml,hydrogen_bonds,O1,SER215A,2318,hydrogen_bonds,hydrogen_bond,GLC:B:1:O1,O1,GLC,B,1
GAC_4,/home/wms/AF2-test/AF2-CatGraph/results/GAC/02_template_guided_docking/complexes/GAC_4_complex.pdb,results/GAC/05_plip_interaction_graphs/plip_outputs/GAC_4/report.xml,hydrogen_bonds,O2,ASN264A,2324,hydrogen_bonds,hydrogen_bond,GLC:B:1:O2,O2,GLC,B,1
GAC_4,/home/wms/AF2-test/AF2-CatGraph/results/GAC/02_template_guided_docking/complexes/GAC_4_complex.pdb,results/GAC/05_plip_interaction_graphs/plip_outputs/GAC_4/report.xml,hydrogen_bonds,O3,GLU310A,2325,hydrogen_bonds,hydrogen_bond,GLC:B:1:O3,O3,GLC,B,1
GAC_4,/home/wms/AF2-test/AF2-CatGraph/results/GAC/02_template_guided_docking/complexes/GAC_4_complex.pdb,results/GAC/05_plip_interaction_graphs/plip_outputs/GAC_4/report.xml,hydrogen_bonds,N2,GLU310A,2322,hydrogen_bonds,hydrogen_bond,GLC:B:1:N2,N2,GLC,B,1
GAC_4,/home/wms/AF2-test/AF2-CatGraph/results/GAC/02_template_guided_docking/complexes/GAC_4_complex.pdb,results/GAC/05_plip_interaction_graphs/plip_outputs/GAC_4/report.xml,hydrogen_bonds,O2,ASN317A,2324,hydrogen_bonds,hydrogen_bond,GLC:B:1:O2,O2,GLC,B,1
GAC_4,/home/wms/AF2-test/AF2-CatGraph/results/GAC/02_template_guided_docking/complexes/GAC_4_complex.pdb,results/GAC/05_plip_interaction_graphs/plip_outputs/GAC_4/report.xml,hydrogen_bonds,O2,TYR343A,2324,hydrogen_bonds,hydrogen_bond,GLC:B:1:O2,O2,GLC,B,1
GAC_4,/home/wms/AF2-test/AF2-CatGraph/results/GAC/02_template_guided_docking/complexes/GAC_4_complex.pdb,results/GAC/05_plip_interaction_graphs/plip_outputs/GAC_4/report.xml,hydrogen_bonds,O1,TYR395A,2318,hydrogen_bonds,hydrogen_bond,GLC:B:1:O1,O1,GLC,B,1
GAC_4,/home/wms/AF2-test/AF2-CatGraph/results/GAC/02_template_guided_docking/complexes/GAC_4_complex.pdb,results/GAC/05_plip_interaction_graphs/plip_outputs/GAC_4/report.xml,hydrogen_bonds,N1,TYR395A,2316,hydrogen_bonds,hydrogen_bond,GLC:B:1:N1,N1,GLC,B,1
GAC_4,/home/wms/AF2-test/AF2-CatGraph/results/GAC/02_template_guided_docking/complexes/GAC_4_complex.pdb,results/GAC/05_plip_interaction_graphs/plip_outputs/GAC_4/report.xml,hydrogen_bonds,O1,VAL413A,2318,hydrogen_bonds,hydrogen_bond,GLC:B:1:O1,O1,GLC,B,1
GAC_5,/home/wms/AF2-test/AF2-CatGraph/results/GAC/02_template_guided_docking/complexes/GAC_5_complex.pdb,results/GAC/05_plip_interaction_graphs/plip_outputs/GAC_5/report.xml,hydrophobic_interactions,C2,VAL413A,2319,hydrophobic_interactions,hydrophobic_interaction,GLC:B:1:C2,C2,GLC,B,1
GAC_5,/home/wms/AF2-test/AF2-CatGraph/results/GAC/02_template_guided_docking/complexes/GAC_5_complex.pdb,results/GAC/05_plip_interaction_graphs/plip_outputs/GAC_5/report.xml,hydrogen_bonds,O1,SER215A,2318,hydrogen_bonds,hydrogen_bond,GLC:B:1:O1,O1,GLC,B,1
GAC_5,/home/wms/AF2-test/AF2-CatGraph/results/GAC/02_template_guided_docking/complexes/GAC_5_complex.pdb,results/GAC/05_plip_interaction_graphs/plip_outputs/GAC_5/report.xml,hydrogen_bonds,O2,ASN264A,2324,hydrogen_bonds,hydrogen_bond,GLC:B:1:O2,O2,GLC,B,1
GAC_5,/home/wms/AF2-test/AF2-CatGraph/results/GAC/02_template_guided_docking/complexes/GAC_5_complex.pdb,results/GAC/05_plip_interaction_graphs/plip_outputs/GAC_5/report.xml,hydrogen_bonds,O3,GLU310A,2325,hydrogen_bonds,hydrogen_bond,GLC:B:1:O3,O3,GLC,B,1
GAC_5,/home/wms/AF2-test/AF2-CatGraph/results/GAC/02_template_guided_docking/complexes/GAC_5_complex.pdb,results/GAC/05_plip_interaction_graphs/plip_outputs/GAC_5/report.xml,hydrogen_bonds,N2,GLU310A,2322,hydrogen_bonds,hydrogen_bond,GLC:B:1:N2,N2,GLC,B,1
GAC_5,/home/wms/AF2-test/AF2-CatGraph/results/GAC/02_template_guided_docking/complexes/GAC_5_complex.pdb,results/GAC/05_plip_interaction_graphs/plip_outputs/GAC_5/report.xml,hydrogen_bonds,O2,ASN317A,2324,hydrogen_bonds,hydrogen_bond,GLC:B:1:O2,O2,GLC,B,1
GAC_5,/home/wms/AF2-test/AF2-CatGraph/results/GAC/02_template_guided_docking/complexes/GAC_5_complex.pdb,results/GAC/05_plip_interaction_graphs/plip_outputs/GAC_5/report.xml,hydrogen_bonds,O2,TYR343A,2324,hydrogen_bonds,hydrogen_bond,GLC:B:1:O2,O2,GLC,B,1
GAC_5,/home/wms/AF2-test/AF2-CatGraph/results/GAC/02_template_guided_docking/complexes/GAC_5_complex.pdb,results/GAC/05_plip_interaction_graphs/plip_outputs/GAC_5/report.xml,hydrogen_bonds,O1,TYR395A,2318,hydrogen_bonds,hydrogen_bond,GLC:B:1:O1,O1,GLC,B,1
GAC_5,/home/wms/AF2-test/AF2-CatGraph/results/GAC/02_template_guided_docking/complexes/GAC_5_complex.pdb,results/GAC/05_plip_interaction_graphs/plip_outputs/GAC_5/report.xml,hydrogen_bonds,N1,TYR395A,2316,hydrogen_bonds,hydrogen_bond,GLC:B:1:N1,N1,GLC,B,1
GAC_5,/home/wms/AF2-test/AF2-CatGraph/results/GAC/02_template_guided_docking/complexes/GAC_5_complex.pdb,results/GAC/05_plip_interaction_graphs/plip_outputs/GAC_5/report.xml,hydrogen_bonds,O1,VAL413A,2318,hydrogen_bonds,hydrogen_bond,GLC:B:1:O1,O1,GLC,B,1
GAC_6,/home/wms/AF2-test/AF2-CatGraph/results/GAC/02_template_guided_docking/complexes/GAC_6_complex.pdb,results/GAC/05_plip_interaction_graphs/plip_outputs/GAC_6/report.xml,hydrophobic_interactions,C2,VAL413A,2319,hydrophobic_interactions,hydrophobic_interaction,GLC:B:1:C2,C2,GLC,B,1
GAC_6,/home/wms/AF2-test/AF2-CatGraph/results/GAC/02_template_guided_docking/complexes/GAC_6_complex.pdb,results/GAC/05_plip_interaction_graphs/plip_outputs/GAC_6/report.xml,hydrogen_bonds,N2,TYR178A,2322,hydrogen_bonds,hydrogen_bond,GLC:B:1:N2,N2,GLC,B,1
GAC_6,/home/wms/AF2-test/AF2-CatGraph/results/GAC/02_template_guided_docking/complexes/GAC_6_complex.pdb,results/GAC/05_plip_interaction_graphs/plip_outputs/GAC_6/report.xml,hydrogen_bonds,O1,SER215A,2318,hydrogen_bonds,hydrogen_bond,GLC:B:1:O1,O1,GLC,B,1
GAC_6,/home/wms/AF2-test/AF2-CatGraph/results/GAC/02_template_guided_docking/complexes/GAC_6_complex.pdb,results/GAC/05_plip_interaction_graphs/plip_outputs/GAC_6/report.xml,hydrogen_bonds,O2,ASN264A,2324,hydrogen_bonds,hydrogen_bond,GLC:B:1:O2,O2,GLC,B,1
GAC_6,/home/wms/AF2-test/AF2-CatGraph/results/GAC/02_template_guided_docking/complexes/GAC_6_complex.pdb,results/GAC/05_plip_interaction_graphs/plip_outputs/GAC_6/report.xml,hydrogen_bonds,O3,GLU310A,2325,hydrogen_bonds,hydrogen_bond,GLC:B:1:O3,O3,GLC,B,1
GAC_6,/home/wms/AF2-test/AF2-CatGraph/results/GAC/02_template_guided_docking/complexes/GAC_6_complex.pdb,results/GAC/05_plip_interaction_graphs/plip_outputs/GAC_6/report.xml,hydrogen_bonds,N2,GLU310A,2322,hydrogen_bonds,hydrogen_bond,GLC:B:1:N2,N2,GLC,B,1
GAC_6,/home/wms/AF2-test/AF2-CatGraph/results/GAC/02_template_guided_docking/complexes/GAC_6_complex.pdb,results/GAC/05_plip_interaction_graphs/plip_outputs/GAC_6/report.xml,hydrogen_bonds,O2,ASN317A,2324,hydrogen_bonds,hydrogen_bond,GLC:B:1:O2,O2,GLC,B,1
GAC_6,/home/wms/AF2-test/AF2-CatGraph/results/GAC/02_template_guided_docking/complexes/GAC_6_complex.pdb,results/GAC/05_plip_interaction_graphs/plip_outputs/GAC_6/report.xml,hydrogen_bonds,O2,TYR343A,2324,hydrogen_bonds,hydrogen_bond,GLC:B:1:O2,O2,GLC,B,1
GAC_6,/home/wms/AF2-test/AF2-CatGraph/results/GAC/02_template_guided_docking/complexes/GAC_6_complex.pdb,results/GAC/05_plip_interaction_graphs/plip_outputs/GAC_6/report.xml,hydrogen_bonds,O1,TYR395A,2318,hydrogen_bonds,hydrogen_bond,GLC:B:1:O1,O1,GLC,B,1
GAC_6,/home/wms/AF2-test/AF2-CatGraph/results/GAC/02_template_guided_docking/complexes/GAC_6_complex.pdb,results/GAC/05_plip_interaction_graphs/plip_outputs/GAC_6/report.xml,hydrogen_bonds,N1,TYR395A,2316,hydrogen_bonds,hydrogen_bond,GLC:B:1:N1,N1,GLC,B,1
GAC_6,/home/wms/AF2-test/AF2-CatGraph/results/GAC/02_template_guided_docking/complexes/GAC_6_complex.pdb,results/GAC/05_plip_interaction_graphs/plip_outputs/GAC_6/report.xml,hydrogen_bonds,O1,VAL413A,2318,hydrogen_bonds,hydrogen_bond,GLC:B:1:O1,O1,GLC,B,1
GAC_7,/home/wms/AF2-test/AF2-CatGraph/results/GAC/02_template_guided_docking/complexes/GAC_7_complex.pdb,results/GAC/05_plip_interaction_graphs/plip_outputs/GAC_7/report.xml,hydrophobic_interactions,C2,VAL413A,2319,hydrophobic_interactions,hydrophobic_interaction,GLC:B:1:C2,C2,GLC,B,1
GAC_7,/home/wms/AF2-test/AF2-CatGraph/results/GAC/02_template_guided_docking/complexes/GAC_7_complex.pdb,results/GAC/05_plip_interaction_graphs/plip_outputs/GAC_7/report.xml,hydrogen_bonds,O1,SER215A,2318,hydrogen_bonds,hydrogen_bond,GLC:B:1:O1,O1,GLC,B,1
GAC_7,/home/wms/AF2-test/AF2-CatGraph/results/GAC/02_template_guided_docking/complexes/GAC_7_complex.pdb,results/GAC/05_plip_interaction_graphs/plip_outputs/GAC_7/report.xml,hydrogen_bonds,O2,ASN264A,2324,hydrogen_bonds,hydrogen_bond,GLC:B:1:O2,O2,GLC,B,1
GAC_7,/home/wms/AF2-test/AF2-CatGraph/results/GAC/02_template_guided_docking/complexes/GAC_7_complex.pdb,results/GAC/05_plip_interaction_graphs/plip_outputs/GAC_7/report.xml,hydrogen_bonds,O3,GLU310A,2325,hydrogen_bonds,hydrogen_bond,GLC:B:1:O3,O3,GLC,B,1
GAC_7,/home/wms/AF2-test/AF2-CatGraph/results/GAC/02_template_guided_docking/complexes/GAC_7_complex.pdb,results/GAC/05_plip_interaction_graphs/plip_outputs/GAC_7/report.xml,hydrogen_bonds,N2,GLU310A,2322,hydrogen_bonds,hydrogen_bond,GLC:B:1:N2,N2,GLC,B,1
GAC_7,/home/wms/AF2-test/AF2-CatGraph/results/GAC/02_template_guided_docking/complexes/GAC_7_complex.pdb,results/GAC/05_plip_interaction_graphs/plip_outputs/GAC_7/report.xml,hydrogen_bonds,O2,ASN317A,2324,hydrogen_bonds,hydrogen_bond,GLC:B:1:O2,O2,GLC,B,1
GAC_7,/home/wms/AF2-test/AF2-CatGraph/results/GAC/02_template_guided_docking/complexes/GAC_7_complex.pdb,results/GAC/05_plip_interaction_graphs/plip_outputs/GAC_7/report.xml,hydrogen_bonds,O2,TYR343A,2324,hydrogen_bonds,hydrogen_bond,GLC:B:1:O2,O2,GLC,B,1
GAC_7,/home/wms/AF2-test/AF2-CatGraph/results/GAC/02_template_guided_docking/complexes/GAC_7_complex.pdb,results/GAC/05_plip_interaction_graphs/plip_outputs/GAC_7/report.xml,hydrogen_bonds,O1,TYR395A,2318,hydrogen_bonds,hydrogen_bond,GLC:B:1:O1,O1,GLC,B,1
GAC_7,/home/wms/AF2-test/AF2-CatGraph/results/GAC/02_template_guided_docking/complexes/GAC_7_complex.pdb,results/GAC/05_plip_interaction_graphs/plip_outputs/GAC_7/report.xml,hydrogen_bonds,N1,TYR395A,2316,hydrogen_bonds,hydrogen_bond,GLC:B:1:N1,N1,GLC,B,1
GAC_7,/home/wms/AF2-test/AF2-CatGraph/results/GAC/02_template_guided_docking/complexes/GAC_7_complex.pdb,results/GAC/05_plip_interaction_graphs/plip_outputs/GAC_7/report.xml,hydrogen_bonds,O1,VAL413A,2318,hydrogen_bonds,hydrogen_bond,GLC:B:1:O1,O1,GLC,B,1
GAC_8,/home/wms/AF2-test/AF2-CatGraph/results/GAC/02_template_guided_docking/complexes/GAC_8_complex.pdb,results/GAC/05_plip_interaction_graphs/plip_outputs/GAC_8/report.xml,hydrophobic_interactions,C2,VAL413A,2319,hydrophobic_interactions,hydrophobic_interaction,GLC:B:1:C2,C2,GLC,B,1
GAC_8,/home/wms/AF2-test/AF2-CatGraph/results/GAC/02_template_guided_docking/complexes/GAC_8_complex.pdb,results/GAC/05_plip_interaction_graphs/plip_outputs/GAC_8/report.xml,hydrogen_bonds,O1,SER215A,2318,hydrogen_bonds,hydrogen_bond,GLC:B:1:O1,O1,GLC,B,1
GAC_8,/home/wms/AF2-test/AF2-CatGraph/results/GAC/02_template_guided_docking/complexes/GAC_8_complex.pdb,results/GAC/05_plip_interaction_graphs/plip_outputs/GAC_8/report.xml,hydrogen_bonds,O2,ASN264A,2324,hydrogen_bonds,hydrogen_bond,GLC:B:1:O2,O2,GLC,B,1
GAC_8,/home/wms/AF2-test/AF2-CatGraph/results/GAC/02_template_guided_docking/complexes/GAC_8_complex.pdb,results/GAC/05_plip_interaction_graphs/plip_outputs/GAC_8/report.xml,hydrogen_bonds,O3,GLU310A,2325,hydrogen_bonds,hydrogen_bond,GLC:B:1:O3,O3,GLC,B,1
GAC_8,/home/wms/AF2-test/AF2-CatGraph/results/GAC/02_template_guided_docking/complexes/GAC_8_complex.pdb,results/GAC/05_plip_interaction_graphs/plip_outputs/GAC_8/report.xml,hydrogen_bonds,N2,GLU310A,2322,hydrogen_bonds,hydrogen_bond,GLC:B:1:N2,N2,GLC,B,1
GAC_8,/home/wms/AF2-test/AF2-CatGraph/results/GAC/02_template_guided_docking/complexes/GAC_8_complex.pdb,results/GAC/05_plip_interaction_graphs/plip_outputs/GAC_8/report.xml,hydrogen_bonds,O2,ASN317A,2324,hydrogen_bonds,hydrogen_bond,GLC:B:1:O2,O2,GLC,B,1
GAC_8,/home/wms/AF2-test/AF2-CatGraph/results/GAC/02_template_guided_docking/complexes/GAC_8_complex.pdb,results/GAC/05_plip_interaction_graphs/plip_outputs/GAC_8/report.xml,hydrogen_bonds,O2,TYR343A,2324,hydrogen_bonds,hydrogen_bond,GLC:B:1:O2,O2,GLC,B,1
GAC_8,/home/wms/AF2-test/AF2-CatGraph/results/GAC/02_template_guided_docking/complexes/GAC_8_complex.pdb,results/GAC/05_plip_interaction_graphs/plip_outputs/GAC_8/report.xml,hydrogen_bonds,O1,TYR395A,2318,hydrogen_bonds,hydrogen_bond,GLC:B:1:O1,O1,GLC,B,1
GAC_8,/home/wms/AF2-test/AF2-CatGraph/results/GAC/02_template_guided_docking/complexes/GAC_8_complex.pdb,results/GAC/05_plip_interaction_graphs/plip_outputs/GAC_8/report.xml,hydrogen_bonds,N1,TYR395A,2316,hydrogen_bonds,hydrogen_bond,GLC:B:1:N1,N1,GLC,B,1
GAC_8,/home/wms/AF2-test/AF2-CatGraph/results/GAC/02_template_guided_docking/complexes/GAC_8_complex.pdb,results/GAC/05_plip_interaction_graphs/plip_outputs/GAC_8/report.xml,hydrogen_bonds,O1,VAL413A,2318,hydrogen_bonds,hydrogen_bond,GLC:B:1:O1,O1,GLC,B,1
GAC_9,/home/wms/AF2-test/AF2-CatGraph/results/GAC/02_template_guided_docking/complexes/GAC_9_complex.pdb,results/GAC/05_plip_interaction_graphs/plip_outputs/GAC_9/report.xml,hydrophobic_interactions,C2,VAL413A,2319,hydrophobic_interactions,hydrophobic_interaction,GLC:B:1:C2,C2,GLC,B,1
GAC_9,/home/wms/AF2-test/AF2-CatGraph/results/GAC/02_template_guided_docking/complexes/GAC_9_complex.pdb,results/GAC/05_plip_interaction_graphs/plip_outputs/GAC_9/report.xml,hydrogen_bonds,O1,SER215A,2318,hydrogen_bonds,hydrogen_bond,GLC:B:1:O1,O1,GLC,B,1
GAC_9,/home/wms/AF2-test/AF2-CatGraph/results/GAC/02_template_guided_docking/complexes/GAC_9_complex.pdb,results/GAC/05_plip_interaction_graphs/plip_outputs/GAC_9/report.xml,hydrogen_bonds,O2,ASN264A,2324,hydrogen_bonds,hydrogen_bond,GLC:B:1:O2,O2,GLC,B,1
GAC_9,/home/wms/AF2-test/AF2-CatGraph/results/GAC/02_template_guided_docking/complexes/GAC_9_complex.pdb,results/GAC/05_plip_interaction_graphs/plip_outputs/GAC_9/report.xml,hydrogen_bonds,O3,GLU310A,2325,hydrogen_bonds,hydrogen_bond,GLC:B:1:O3,O3,GLC,B,1
GAC_9,/home/wms/AF2-test/AF2-CatGraph/results/GAC/02_template_guided_docking/complexes/GAC_9_complex.pdb,results/GAC/05_plip_interaction_graphs/plip_outputs/GAC_9/report.xml,hydrogen_bonds,N2,GLU310A,2322,hydrogen_bonds,hydrogen_bond,GLC:B:1:N2,N2,GLC,B,1
GAC_9,/home/wms/AF2-test/AF2-CatGraph/results/GAC/02_template_guided_docking/complexes/GAC_9_complex.pdb,results/GAC/05_plip_interaction_graphs/plip_outputs/GAC_9/report.xml,hydrogen_bonds,O2,ASN317A,2324,hydrogen_bonds,hydrogen_bond,GLC:B:1:O2,O2,GLC,B,1
GAC_9,/home/wms/AF2-test/AF2-CatGraph/results/GAC/02_template_guided_docking/complexes/GAC_9_complex.pdb,results/GAC/05_plip_interaction_graphs/plip_outputs/GAC_9/report.xml,hydrogen_bonds,O2,TYR343A,2324,hydrogen_bonds,hydrogen_bond,GLC:B:1:O2,O2,GLC,B,1
GAC_9,/home/wms/AF2-test/AF2-CatGraph/results/GAC/02_template_guided_docking/complexes/GAC_9_complex.pdb,results/GAC/05_plip_interaction_graphs/plip_outputs/GAC_9/report.xml,hydrogen_bonds,N1,TYR395A,2316,hydrogen_bonds,hydrogen_bond,GLC:B:1:N1,N1,GLC,B,1
GAC_9,/home/wms/AF2-test/AF2-CatGraph/results/GAC/02_template_guided_docking/complexes/GAC_9_complex.pdb,results/GAC/05_plip_interaction_graphs/plip_outputs/GAC_9/report.xml,hydrogen_bonds,O1,VAL413A,2318,hydrogen_bonds,hydrogen_bond,GLC:B:1:O1,O1,GLC,B,1
GAC_10,/home/wms/AF2-test/AF2-CatGraph/results/GAC/02_template_guided_docking/complexes/GAC_10_complex.pdb,results/GAC/05_plip_interaction_graphs/plip_outputs/GAC_10/report.xml,hydrophobic_interactions,C2,VAL413A,2319,hydrophobic_interactions,hydrophobic_interaction,GLC:B:1:C2,C2,GLC,B,1
GAC_10,/home/wms/AF2-test/AF2-CatGraph/results/GAC/02_template_guided_docking/complexes/GAC_10_complex.pdb,results/GAC/05_plip_interaction_graphs/plip_outputs/GAC_10/report.xml,hydrogen_bonds,O1,SER215A,2318,hydrogen_bonds,hydrogen_bond,GLC:B:1:O1,O1,GLC,B,1
GAC_10,/home/wms/AF2-test/AF2-CatGraph/results/GAC/02_template_guided_docking/complexes/GAC_10_complex.pdb,results/GAC/05_plip_interaction_graphs/plip_outputs/GAC_10/report.xml,hydrogen_bonds,O2,ASN264A,2324,hydrogen_bonds,hydrogen_bond,GLC:B:1:O2,O2,GLC,B,1
GAC_10,/home/wms/AF2-test/AF2-CatGraph/results/GAC/02_template_guided_docking/complexes/GAC_10_complex.pdb,results/GAC/05_plip_interaction_graphs/plip_outputs/GAC_10/report.xml,hydrogen_bonds,O3,GLU310A,2325,hydrogen_bonds,hydrogen_bond,GLC:B:1:O3,O3,GLC,B,1
GAC_10,/home/wms/AF2-test/AF2-CatGraph/results/GAC/02_template_guided_docking/complexes/GAC_10_complex.pdb,results/GAC/05_plip_interaction_graphs/plip_outputs/GAC_10/report.xml,hydrogen_bonds,N2,GLU310A,2322,hydrogen_bonds,hydrogen_bond,GLC:B:1:N2,N2,GLC,B,1
GAC_10,/home/wms/AF2-test/AF2-CatGraph/results/GAC/02_template_guided_docking/complexes/GAC_10_complex.pdb,results/GAC/05_plip_interaction_graphs/plip_outputs/GAC_10/report.xml,hydrogen_bonds,O2,ASN317A,2324,hydrogen_bonds,hydrogen_bond,GLC:B:1:O2,O2,GLC,B,1
GAC_10,/home/wms/AF2-test/AF2-CatGraph/results/GAC/02_template_guided_docking/complexes/GAC_10_complex.pdb,results/GAC/05_plip_interaction_graphs/plip_outputs/GAC_10/report.xml,hydrogen_bonds,O2,TYR343A,2324,hydrogen_bonds,hydrogen_bond,GLC:B:1:O2,O2,GLC,B,1
GAC_10,/home/wms/AF2-test/AF2-CatGraph/results/GAC/02_template_guided_docking/complexes/GAC_10_complex.pdb,results/GAC/05_plip_interaction_graphs/plip_outputs/GAC_10/report.xml,hydrogen_bonds,O1,TYR395A,2318,hydrogen_bonds,hydrogen_bond,GLC:B:1:O1,O1,GLC,B,1
GAC_10,/home/wms/AF2-test/AF2-CatGraph/results/GAC/02_template_guided_docking/complexes/GAC_10_complex.pdb,results/GAC/05_plip_interaction_graphs/plip_outputs/GAC_10/report.xml,hydrogen_bonds,N1,TYR395A,2316,hydrogen_bonds,hydrogen_bond,GLC:B:1:N1,N1,GLC,B,1
GAC_10,/home/wms/AF2-test/AF2-CatGraph/results/GAC/02_template_guided_docking/complexes/GAC_10_complex.pdb,results/GAC/05_plip_interaction_graphs/plip_outputs/GAC_10/report.xml,hydrogen_bonds,O1,VAL413A,2318,hydrogen_bonds,hydrogen_bond,GLC:B:1:O1,O1,GLC,B,1
GAC_11,/home/wms/AF2-test/AF2-CatGraph/results/GAC/02_template_guided_docking/complexes/GAC_11_complex.pdb,results/GAC/05_plip_interaction_graphs/plip_outputs/GAC_11/report.xml,hydrophobic_interactions,C2,VAL413A,2319,hydrophobic_interactions,hydrophobic_interaction,GLC:B:1:C2,C2,GLC,B,1
GAC_11,/home/wms/AF2-test/AF2-CatGraph/results/GAC/02_template_guided_docking/complexes/GAC_11_complex.pdb,results/GAC/05_plip_interaction_graphs/plip_outputs/GAC_11/report.xml,hydrogen_bonds,N2,GLN214A,2322,hydrogen_bonds,hydrogen_bond,GLC:B:1:N2,N2,GLC,B,1
GAC_11,/home/wms/AF2-test/AF2-CatGraph/results/GAC/02_template_guided_docking/complexes/GAC_11_complex.pdb,results/GAC/05_plip_interaction_graphs/plip_outputs/GAC_11/report.xml,hydrogen_bonds,O1,SER215A,2318,hydrogen_bonds,hydrogen_bond,GLC:B:1:O1,O1,GLC,B,1
GAC_11,/home/wms/AF2-test/AF2-CatGraph/results/GAC/02_template_guided_docking/complexes/GAC_11_complex.pdb,results/GAC/05_plip_interaction_graphs/plip_outputs/GAC_11/report.xml,hydrogen_bonds,O2,ASN264A,2324,hydrogen_bonds,hydrogen_bond,GLC:B:1:O2,O2,GLC,B,1
GAC_11,/home/wms/AF2-test/AF2-CatGraph/results/GAC/02_template_guided_docking/complexes/GAC_11_complex.pdb,results/GAC/05_plip_interaction_graphs/plip_outputs/GAC_11/report.xml,hydrogen_bonds,O3,GLU310A,2325,hydrogen_bonds,hydrogen_bond,GLC:B:1:O3,O3,GLC,B,1
GAC_11,/home/wms/AF2-test/AF2-CatGraph/results/GAC/02_template_guided_docking/complexes/GAC_11_complex.pdb,results/GAC/05_plip_interaction_graphs/plip_outputs/GAC_11/report.xml,hydrogen_bonds,O2,ASN317A,2324,hydrogen_bonds,hydrogen_bond,GLC:B:1:O2,O2,GLC,B,1
GAC_11,/home/wms/AF2-test/AF2-CatGraph/results/GAC/02_template_guided_docking/complexes/GAC_11_complex.pdb,results/GAC/05_plip_interaction_graphs/plip_outputs/GAC_11/report.xml,hydrogen_bonds,O2,TYR343A,2324,hydrogen_bonds,hydrogen_bond,GLC:B:1:O2,O2,GLC,B,1
GAC_11,/home/wms/AF2-test/AF2-CatGraph/results/GAC/02_template_guided_docking/complexes/GAC_11_complex.pdb,results/GAC/05_plip_interaction_graphs/plip_outputs/GAC_11/report.xml,hydrogen_bonds,O1,TYR395A,2318,hydrogen_bonds,hydrogen_bond,GLC:B:1:O1,O1,GLC,B,1
GAC_11,/home/wms/AF2-test/AF2-CatGraph/results/GAC/02_template_guided_docking/complexes/GAC_11_complex.pdb,results/GAC/05_plip_interaction_graphs/plip_outputs/GAC_11/report.xml,hydrogen_bonds,N1,TYR395A,2316,hydrogen_bonds,hydrogen_bond,GLC:B:1:N1,N1,GLC,B,1
GAC_11,/home/wms/AF2-test/AF2-CatGraph/results/GAC/02_template_guided_docking/complexes/GAC_11_complex.pdb,results/GAC/05_plip_interaction_graphs/plip_outputs/GAC_11/report.xml,hydrogen_bonds,O1,VAL413A,2318,hydrogen_bonds,hydrogen_bond,GLC:B:1:O1,O1,GLC,B,1
GAC_12,/home/wms/AF2-test/AF2-CatGraph/results/GAC/02_template_guided_docking/complexes/GAC_12_complex.pdb,results/GAC/05_plip_interaction_graphs/plip_outputs/GAC_12/report.xml,hydrophobic_interactions,C2,VAL413A,2319,hydrophobic_interactions,hydrophobic_interaction,GLC:B:1:C2,C2,GLC,B,1
GAC_12,/home/wms/AF2-test/AF2-CatGraph/results/GAC/02_template_guided_docking/complexes/GAC_12_complex.pdb,results/GAC/05_plip_interaction_graphs/plip_outputs/GAC_12/report.xml,hydrogen_bonds,O1,SER215A,2318,hydrogen_bonds,hydrogen_bond,GLC:B:1:O1,O1,GLC,B,1
GAC_12,/home/wms/AF2-test/AF2-CatGraph/results/GAC/02_template_guided_docking/complexes/GAC_12_complex.pdb,results/GAC/05_plip_interaction_graphs/plip_outputs/GAC_12/report.xml,hydrogen_bonds,O2,ASN264A,2324,hydrogen_bonds,hydrogen_bond,GLC:B:1:O2,O2,GLC,B,1
GAC_12,/home/wms/AF2-test/AF2-CatGraph/results/GAC/02_template_guided_docking/complexes/GAC_12_complex.pdb,results/GAC/05_plip_interaction_graphs/plip_outputs/GAC_12/report.xml,hydrogen_bonds,O3,GLU310A,2325,hydrogen_bonds,hydrogen_bond,GLC:B:1:O3,O3,GLC,B,1
GAC_12,/home/wms/AF2-test/AF2-CatGraph/results/GAC/02_template_guided_docking/complexes/GAC_12_complex.pdb,results/GAC/05_plip_interaction_graphs/plip_outputs/GAC_12/report.xml,hydrogen_bonds,N2,GLU310A,2322,hydrogen_bonds,hydrogen_bond,GLC:B:1:N2,N2,GLC,B,1
GAC_12,/home/wms/AF2-test/AF2-CatGraph/results/GAC/02_template_guided_docking/complexes/GAC_12_complex.pdb,results/GAC/05_plip_interaction_graphs/plip_outputs/GAC_12/report.xml,hydrogen_bonds,O2,ASN317A,2324,hydrogen_bonds,hydrogen_bond,GLC:B:1:O2,O2,GLC,B,1
GAC_12,/home/wms/AF2-test/AF2-CatGraph/results/GAC/02_template_guided_docking/complexes/GAC_12_complex.pdb,results/GAC/05_plip_interaction_graphs/plip_outputs/GAC_12/report.xml,hydrogen_bonds,O2,TYR343A,2324,hydrogen_bonds,hydrogen_bond,GLC:B:1:O2,O2,GLC,B,1
GAC_12,/home/wms/AF2-test/AF2-CatGraph/results/GAC/02_template_guided_docking/complexes/GAC_12_complex.pdb,results/GAC/05_plip_interaction_graphs/plip_outputs/GAC_12/report.xml,hydrogen_bonds,O1,TYR395A,2318,hydrogen_bonds,hydrogen_bond,GLC:B:1:O1,O1,GLC,B,1
GAC_12,/home/wms/AF2-test/AF2-CatGraph/results/GAC/02_template_guided_docking/complexes/GAC_12_complex.pdb,results/GAC/05_plip_interaction_graphs/plip_outputs/GAC_12/report.xml,hydrogen_bonds,N1,TYR395A,2316,hydrogen_bonds,hydrogen_bond,GLC:B:1:N1,N1,GLC,B,1
GAC_12,/home/wms/AF2-test/AF2-CatGraph/results/GAC/02_template_guided_docking/complexes/GAC_12_complex.pdb,results/GAC/05_plip_interaction_graphs/plip_outputs/GAC_12/report.xml,hydrogen_bonds,O1,VAL413A,2318,hydrogen_bonds,hydrogen_bond,GLC:B:1:O1,O1,GLC,B,1
GAC_13,/home/wms/AF2-test/AF2-CatGraph/results/GAC/02_template_guided_docking/complexes/GAC_13_complex.pdb,results/GAC/05_plip_interaction_graphs/plip_outputs/GAC_13/report.xml,hydrophobic_interactions,C2,VAL413A,2319,hydrophobic_interactions,hydrophobic_interaction,GLC:B:1:C2,C2,GLC,B,1
GAC_13,/home/wms/AF2-test/AF2-CatGraph/results/GAC/02_template_guided_docking/complexes/GAC_13_complex.pdb,results/GAC/05_plip_interaction_graphs/plip_outputs/GAC_13/report.xml,hydrogen_bonds,O1,SER215A,2318,hydrogen_bonds,hydrogen_bond,GLC:B:1:O1,O1,GLC,B,1
GAC_13,/home/wms/AF2-test/AF2-CatGraph/results/GAC/02_template_guided_docking/complexes/GAC_13_complex.pdb,results/GAC/05_plip_interaction_graphs/plip_outputs/GAC_13/report.xml,hydrogen_bonds,O2,ASN264A,2324,hydrogen_bonds,hydrogen_bond,GLC:B:1:O2,O2,GLC,B,1
GAC_13,/home/wms/AF2-test/AF2-CatGraph/results/GAC/02_template_guided_docking/complexes/GAC_13_complex.pdb,results/GAC/05_plip_interaction_graphs/plip_outputs/GAC_13/report.xml,hydrogen_bonds,O3,GLU310A,2325,hydrogen_bonds,hydrogen_bond,GLC:B:1:O3,O3,GLC,B,1
GAC_13,/home/wms/AF2-test/AF2-CatGraph/results/GAC/02_template_guided_docking/complexes/GAC_13_complex.pdb,results/GAC/05_plip_interaction_graphs/plip_outputs/GAC_13/report.xml,hydrogen_bonds,N2,GLU310A,2322,hydrogen_bonds,hydrogen_bond,GLC:B:1:N2,N2,GLC,B,1
GAC_13,/home/wms/AF2-test/AF2-CatGraph/results/GAC/02_template_guided_docking/complexes/GAC_13_complex.pdb,results/GAC/05_plip_interaction_graphs/plip_outputs/GAC_13/report.xml,hydrogen_bonds,O2,ASN317A,2324,hydrogen_bonds,hydrogen_bond,GLC:B:1:O2,O2,GLC,B,1
GAC_13,/home/wms/AF2-test/AF2-CatGraph/results/GAC/02_template_guided_docking/complexes/GAC_13_complex.pdb,results/GAC/05_plip_interaction_graphs/plip_outputs/GAC_13/report.xml,hydrogen_bonds,O2,TYR343A,2324,hydrogen_bonds,hydrogen_bond,GLC:B:1:O2,O2,GLC,B,1
GAC_13,/home/wms/AF2-test/AF2-CatGraph/results/GAC/02_template_guided_docking/complexes/GAC_13_complex.pdb,results/GAC/05_plip_interaction_graphs/plip_outputs/GAC_13/report.xml,hydrogen_bonds,N1,TYR395A,2316,hydrogen_bonds,hydrogen_bond,GLC:B:1:N1,N1,GLC,B,1
GAC_13,/home/wms/AF2-test/AF2-CatGraph/results/GAC/02_template_guided_docking/complexes/GAC_13_complex.pdb,results/GAC/05_plip_interaction_graphs/plip_outputs/GAC_13/report.xml,hydrogen_bonds,O1,VAL413A,2318,hydrogen_bonds,hydrogen_bond,GLC:B:1:O1,O1,GLC,B,1
GAC_14,/home/wms/AF2-test/AF2-CatGraph/results/GAC/02_template_guided_docking/complexes/GAC_14_complex.pdb,results/GAC/05_plip_interaction_graphs/plip_outputs/GAC_14/report.xml,hydrophobic_interactions,C2,VAL413A,2319,hydrophobic_interactions,hydrophobic_interaction,GLC:B:1:C2,C2,GLC,B,1
GAC_14,/home/wms/AF2-test/AF2-CatGraph/results/GAC/02_template_guided_docking/complexes/GAC_14_complex.pdb,results/GAC/05_plip_interaction_graphs/plip_outputs/GAC_14/report.xml,hydrogen_bonds,N2,TYR178A,2322,hydrogen_bonds,hydrogen_bond,GLC:B:1:N2,N2,GLC,B,1
GAC_14,/home/wms/AF2-test/AF2-CatGraph/results/GAC/02_template_guided_docking/complexes/GAC_14_complex.pdb,results/GAC/05_plip_interaction_graphs/plip_outputs/GAC_14/report.xml,hydrogen_bonds,O1,SER215A,2318,hydrogen_bonds,hydrogen_bond,GLC:B:1:O1,O1,GLC,B,1
GAC_14,/home/wms/AF2-test/AF2-CatGraph/results/GAC/02_template_guided_docking/complexes/GAC_14_complex.pdb,results/GAC/05_plip_interaction_graphs/plip_outputs/GAC_14/report.xml,hydrogen_bonds,O2,ASN264A,2324,hydrogen_bonds,hydrogen_bond,GLC:B:1:O2,O2,GLC,B,1
GAC_14,/home/wms/AF2-test/AF2-CatGraph/results/GAC/02_template_guided_docking/complexes/GAC_14_complex.pdb,results/GAC/05_plip_interaction_graphs/plip_outputs/GAC_14/report.xml,hydrogen_bonds,O3,GLU310A,2325,hydrogen_bonds,hydrogen_bond,GLC:B:1:O3,O3,GLC,B,1
GAC_14,/home/wms/AF2-test/AF2-CatGraph/results/GAC/02_template_guided_docking/complexes/GAC_14_complex.pdb,results/GAC/05_plip_interaction_graphs/plip_outputs/GAC_14/report.xml,hydrogen_bonds,N2,GLU310A,2322,hydrogen_bonds,hydrogen_bond,GLC:B:1:N2,N2,GLC,B,1
GAC_14,/home/wms/AF2-test/AF2-CatGraph/results/GAC/02_template_guided_docking/complexes/GAC_14_complex.pdb,results/GAC/05_plip_interaction_graphs/plip_outputs/GAC_14/report.xml,hydrogen_bonds,O2,ASN317A,2324,hydrogen_bonds,hydrogen_bond,GLC:B:1:O2,O2,GLC,B,1
GAC_14,/home/wms/AF2-test/AF2-CatGraph/results/GAC/02_template_guided_docking/complexes/GAC_14_complex.pdb,results/GAC/05_plip_interaction_graphs/plip_outputs/GAC_14/report.xml,hydrogen_bonds,O2,TYR343A,2324,hydrogen_bonds,hydrogen_bond,GLC:B:1:O2,O2,GLC,B,1
GAC_14,/home/wms/AF2-test/AF2-CatGraph/results/GAC/02_template_guided_docking/complexes/GAC_14_complex.pdb,results/GAC/05_plip_interaction_graphs/plip_outputs/GAC_14/report.xml,hydrogen_bonds,O1,TYR395A,2318,hydrogen_bonds,hydrogen_bond,GLC:B:1:O1,O1,GLC,B,1
GAC_14,/home/wms/AF2-test/AF2-CatGraph/results/GAC/02_template_guided_docking/complexes/GAC_14_complex.pdb,results/GAC/05_plip_interaction_graphs/plip_outputs/GAC_14/report.xml,hydrogen_bonds,N1,TYR395A,2316,hydrogen_bonds,hydrogen_bond,GLC:B:1:N1,N1,GLC,B,1
GAC_14,/home/wms/AF2-test/AF2-CatGraph/results/GAC/02_template_guided_docking/complexes/GAC_14_complex.pdb,results/GAC/05_plip_interaction_graphs/plip_outputs/GAC_14/report.xml,hydrogen_bonds,O1,VAL413A,2318,hydrogen_bonds,hydrogen_bond,GLC:B:1:O1,O1,GLC,B,1
GAC_15,/home/wms/AF2-test/AF2-CatGraph/results/GAC/02_template_guided_docking/complexes/GAC_15_complex.pdb,results/GAC/05_plip_interaction_graphs/plip_outputs/GAC_15/report.xml,hydrophobic_interactions,C2,VAL413A,2319,hydrophobic_interactions,hydrophobic_interaction,GLC:B:1:C2,C2,GLC,B,1
GAC_15,/home/wms/AF2-test/AF2-CatGraph/results/GAC/02_template_guided_docking/complexes/GAC_15_complex.pdb,results/GAC/05_plip_interaction_graphs/plip_outputs/GAC_15/report.xml,hydrogen_bonds,O1,SER215A,2318,hydrogen_bonds,hydrogen_bond,GLC:B:1:O1,O1,GLC,B,1
GAC_15,/home/wms/AF2-test/AF2-CatGraph/results/GAC/02_template_guided_docking/complexes/GAC_15_complex.pdb,results/GAC/05_plip_interaction_graphs/plip_outputs/GAC_15/report.xml,hydrogen_bonds,O2,ASN264A,2324,hydrogen_bonds,hydrogen_bond,GLC:B:1:O2,O2,GLC,B,1
GAC_15,/home/wms/AF2-test/AF2-CatGraph/results/GAC/02_template_guided_docking/complexes/GAC_15_complex.pdb,results/GAC/05_plip_interaction_graphs/plip_outputs/GAC_15/report.xml,hydrogen_bonds,O3,GLU310A,2325,hydrogen_bonds,hydrogen_bond,GLC:B:1:O3,O3,GLC,B,1
GAC_15,/home/wms/AF2-test/AF2-CatGraph/results/GAC/02_template_guided_docking/complexes/GAC_15_complex.pdb,results/GAC/05_plip_interaction_graphs/plip_outputs/GAC_15/report.xml,hydrogen_bonds,N2,GLU310A,2322,hydrogen_bonds,hydrogen_bond,GLC:B:1:N2,N2,GLC,B,1
GAC_15,/home/wms/AF2-test/AF2-CatGraph/results/GAC/02_template_guided_docking/complexes/GAC_15_complex.pdb,results/GAC/05_plip_interaction_graphs/plip_outputs/GAC_15/report.xml,hydrogen_bonds,O2,ASN317A,2324,hydrogen_bonds,hydrogen_bond,GLC:B:1:O2,O2,GLC,B,1
GAC_15,/home/wms/AF2-test/AF2-CatGraph/results/GAC/02_template_guided_docking/complexes/GAC_15_complex.pdb,results/GAC/05_plip_interaction_graphs/plip_outputs/GAC_15/report.xml,hydrogen_bonds,O2,TYR343A,2324,hydrogen_bonds,hydrogen_bond,GLC:B:1:O2,O2,GLC,B,1
GAC_15,/home/wms/AF2-test/AF2-CatGraph/results/GAC/02_template_guided_docking/complexes/GAC_15_complex.pdb,results/GAC/05_plip_interaction_graphs/plip_outputs/GAC_15/report.xml,hydrogen_bonds,O1,TYR395A,2318,hydrogen_bonds,hydrogen_bond,GLC:B:1:O1,O1,GLC,B,1
GAC_15,/home/wms/AF2-test/AF2-CatGraph/results/GAC/02_template_guided_docking/complexes/GAC_15_complex.pdb,results/GAC/05_plip_interaction_graphs/plip_outputs/GAC_15/report.xml,hydrogen_bonds,N1,TYR395A,2316,hydrogen_bonds,hydrogen_bond,GLC:B:1:N1,N1,GLC,B,1
GAC_15,/home/wms/AF2-test/AF2-CatGraph/results/GAC/02_template_guided_docking/complexes/GAC_15_complex.pdb,results/GAC/05_plip_interaction_graphs/plip_outputs/GAC_15/report.xml,hydrogen_bonds,O1,VAL413A,2318,hydrogen_bonds,hydrogen_bond,GLC:B:1:O1,O1,GLC,B,1
GAC_16,/home/wms/AF2-test/AF2-CatGraph/results/GAC/02_template_guided_docking/complexes/GAC_16_complex.pdb,results/GAC/05_plip_interaction_graphs/plip_outputs/GAC_16/report.xml,hydrophobic_interactions,C2,VAL413A,2319,hydrophobic_interactions,hydrophobic_interaction,GLC:B:1:C2,C2,GLC,B,1
GAC_16,/home/wms/AF2-test/AF2-CatGraph/results/GAC/02_template_guided_docking/complexes/GAC_16_complex.pdb,results/GAC/05_plip_interaction_graphs/plip_outputs/GAC_16/report.xml,hydrogen_bonds,O1,SER215A,2318,hydrogen_bonds,hydrogen_bond,GLC:B:1:O1,O1,GLC,B,1
GAC_16,/home/wms/AF2-test/AF2-CatGraph/results/GAC/02_template_guided_docking/complexes/GAC_16_complex.pdb,results/GAC/05_plip_interaction_graphs/plip_outputs/GAC_16/report.xml,hydrogen_bonds,O2,ASN264A,2324,hydrogen_bonds,hydrogen_bond,GLC:B:1:O2,O2,GLC,B,1
GAC_16,/home/wms/AF2-test/AF2-CatGraph/results/GAC/02_template_guided_docking/complexes/GAC_16_complex.pdb,results/GAC/05_plip_interaction_graphs/plip_outputs/GAC_16/report.xml,hydrogen_bonds,O3,GLU310A,2325,hydrogen_bonds,hydrogen_bond,GLC:B:1:O3,O3,GLC,B,1
GAC_16,/home/wms/AF2-test/AF2-CatGraph/results/GAC/02_template_guided_docking/complexes/GAC_16_complex.pdb,results/GAC/05_plip_interaction_graphs/plip_outputs/GAC_16/report.xml,hydrogen_bonds,N2,GLU310A,2322,hydrogen_bonds,hydrogen_bond,GLC:B:1:N2,N2,GLC,B,1
GAC_16,/home/wms/AF2-test/AF2-CatGraph/results/GAC/02_template_guided_docking/complexes/GAC_16_complex.pdb,results/GAC/05_plip_interaction_graphs/plip_outputs/GAC_16/report.xml,hydrogen_bonds,O2,ASN317A,2324,hydrogen_bonds,hydrogen_bond,GLC:B:1:O2,O2,GLC,B,1
GAC_16,/home/wms/AF2-test/AF2-CatGraph/results/GAC/02_template_guided_docking/complexes/GAC_16_complex.pdb,results/GAC/05_plip_interaction_graphs/plip_outputs/GAC_16/report.xml,hydrogen_bonds,O2,TYR343A,2324,hydrogen_bonds,hydrogen_bond,GLC:B:1:O2,O2,GLC,B,1
GAC_16,/home/wms/AF2-test/AF2-CatGraph/results/GAC/02_template_guided_docking/complexes/GAC_16_complex.pdb,results/GAC/05_plip_interaction_graphs/plip_outputs/GAC_16/report.xml,hydrogen_bonds,O1,TYR395A,2318,hydrogen_bonds,hydrogen_bond,GLC:B:1:O1,O1,GLC,B,1
GAC_16,/home/wms/AF2-test/AF2-CatGraph/results/GAC/02_template_guided_docking/complexes/GAC_16_complex.pdb,results/GAC/05_plip_interaction_graphs/plip_outputs/GAC_16/report.xml,hydrogen_bonds,N1,TYR395A,2316,hydrogen_bonds,hydrogen_bond,GLC:B:1:N1,N1,GLC,B,1
GAC_16,/home/wms/AF2-test/AF2-CatGraph/results/GAC/02_template_guided_docking/complexes/GAC_16_complex.pdb,results/GAC/05_plip_interaction_graphs/plip_outputs/GAC_16/report.xml,hydrogen_bonds,O1,VAL413A,2318,hydrogen_bonds,hydrogen_bond,GLC:B:1:O1,O1,GLC,B,1
GAC_17,/home/wms/AF2-test/AF2-CatGraph/results/GAC/02_template_guided_docking/complexes/GAC_17_complex.pdb,results/GAC/05_plip_interaction_graphs/plip_outputs/GAC_17/report.xml,hydrophobic_interactions,C2,VAL413A,2319,hydrophobic_interactions,hydrophobic_interaction,GLC:B:1:C2,C2,GLC,B,1
GAC_17,/home/wms/AF2-test/AF2-CatGraph/results/GAC/02_template_guided_docking/complexes/GAC_17_complex.pdb,results/GAC/05_plip_interaction_graphs/plip_outputs/GAC_17/report.xml,hydrogen_bonds,N2,TYR178A,2322,hydrogen_bonds,hydrogen_bond,GLC:B:1:N2,N2,GLC,B,1
GAC_17,/home/wms/AF2-test/AF2-CatGraph/results/GAC/02_template_guided_docking/complexes/GAC_17_complex.pdb,results/GAC/05_plip_interaction_graphs/plip_outputs/GAC_17/report.xml,hydrogen_bonds,O1,SER215A,2318,hydrogen_bonds,hydrogen_bond,GLC:B:1:O1,O1,GLC,B,1
GAC_17,/home/wms/AF2-test/AF2-CatGraph/results/GAC/02_template_guided_docking/complexes/GAC_17_complex.pdb,results/GAC/05_plip_interaction_graphs/plip_outputs/GAC_17/report.xml,hydrogen_bonds,O2,ASN264A,2324,hydrogen_bonds,hydrogen_bond,GLC:B:1:O2,O2,GLC,B,1
GAC_17,/home/wms/AF2-test/AF2-CatGraph/results/GAC/02_template_guided_docking/complexes/GAC_17_complex.pdb,results/GAC/05_plip_interaction_graphs/plip_outputs/GAC_17/report.xml,hydrogen_bonds,O3,GLU310A,2325,hydrogen_bonds,hydrogen_bond,GLC:B:1:O3,O3,GLC,B,1
GAC_17,/home/wms/AF2-test/AF2-CatGraph/results/GAC/02_template_guided_docking/complexes/GAC_17_complex.pdb,results/GAC/05_plip_interaction_graphs/plip_outputs/GAC_17/report.xml,hydrogen_bonds,N2,GLU310A,2322,hydrogen_bonds,hydrogen_bond,GLC:B:1:N2,N2,GLC,B,1
GAC_17,/home/wms/AF2-test/AF2-CatGraph/results/GAC/02_template_guided_docking/complexes/GAC_17_complex.pdb,results/GAC/05_plip_interaction_graphs/plip_outputs/GAC_17/report.xml,hydrogen_bonds,O2,ASN317A,2324,hydrogen_bonds,hydrogen_bond,GLC:B:1:O2,O2,GLC,B,1
GAC_17,/home/wms/AF2-test/AF2-CatGraph/results/GAC/02_template_guided_docking/complexes/GAC_17_complex.pdb,results/GAC/05_plip_interaction_graphs/plip_outputs/GAC_17/report.xml,hydrogen_bonds,O2,TYR343A,2324,hydrogen_bonds,hydrogen_bond,GLC:B:1:O2,O2,GLC,B,1
GAC_17,/home/wms/AF2-test/AF2-CatGraph/results/GAC/02_template_guided_docking/complexes/GAC_17_complex.pdb,results/GAC/05_plip_interaction_graphs/plip_outputs/GAC_17/report.xml,hydrogen_bonds,O1,TYR395A,2318,hydrogen_bonds,hydrogen_bond,GLC:B:1:O1,O1,GLC,B,1
GAC_17,/home/wms/AF2-test/AF2-CatGraph/results/GAC/02_template_guided_docking/complexes/GAC_17_complex.pdb,results/GAC/05_plip_interaction_graphs/plip_outputs/GAC_17/report.xml,hydrogen_bonds,N1,TYR395A,2316,hydrogen_bonds,hydrogen_bond,GLC:B:1:N1,N1,GLC,B,1
GAC_17,/home/wms/AF2-test/AF2-CatGraph/results/GAC/02_template_guided_docking/complexes/GAC_17_complex.pdb,results/GAC/05_plip_interaction_graphs/plip_outputs/GAC_17/report.xml,hydrogen_bonds,O1,VAL413A,2318,hydrogen_bonds,hydrogen_bond,GLC:B:1:O1,O1,GLC,B,1
GAC_18,/home/wms/AF2-test/AF2-CatGraph/results/GAC/02_template_guided_docking/complexes/GAC_18_complex.pdb,results/GAC/05_plip_interaction_graphs/plip_outputs/GAC_18/report.xml,hydrophobic_interactions,C2,VAL413A,2319,hydrophobic_interactions,hydrophobic_interaction,GLC:B:1:C2,C2,GLC,B,1
GAC_18,/home/wms/AF2-test/AF2-CatGraph/results/GAC/02_template_guided_docking/complexes/GAC_18_complex.pdb,results/GAC/05_plip_interaction_graphs/plip_outputs/GAC_18/report.xml,hydrogen_bonds,O1,SER215A,2318,hydrogen_bonds,hydrogen_bond,GLC:B:1:O1,O1,GLC,B,1
GAC_18,/home/wms/AF2-test/AF2-CatGraph/results/GAC/02_template_guided_docking/complexes/GAC_18_complex.pdb,results/GAC/05_plip_interaction_graphs/plip_outputs/GAC_18/report.xml,hydrogen_bonds,O2,ASN264A,2324,hydrogen_bonds,hydrogen_bond,GLC:B:1:O2,O2,GLC,B,1
GAC_18,/home/wms/AF2-test/AF2-CatGraph/results/GAC/02_template_guided_docking/complexes/GAC_18_complex.pdb,results/GAC/05_plip_interaction_graphs/plip_outputs/GAC_18/report.xml,hydrogen_bonds,O3,GLU310A,2325,hydrogen_bonds,hydrogen_bond,GLC:B:1:O3,O3,GLC,B,1
GAC_18,/home/wms/AF2-test/AF2-CatGraph/results/GAC/02_template_guided_docking/complexes/GAC_18_complex.pdb,results/GAC/05_plip_interaction_graphs/plip_outputs/GAC_18/report.xml,hydrogen_bonds,N2,GLU310A,2322,hydrogen_bonds,hydrogen_bond,GLC:B:1:N2,N2,GLC,B,1
GAC_18,/home/wms/AF2-test/AF2-CatGraph/results/GAC/02_template_guided_docking/complexes/GAC_18_complex.pdb,results/GAC/05_plip_interaction_graphs/plip_outputs/GAC_18/report.xml,hydrogen_bonds,O2,ASN317A,2324,hydrogen_bonds,hydrogen_bond,GLC:B:1:O2,O2,GLC,B,1
GAC_18,/home/wms/AF2-test/AF2-CatGraph/results/GAC/02_template_guided_docking/complexes/GAC_18_complex.pdb,results/GAC/05_plip_interaction_graphs/plip_outputs/GAC_18/report.xml,hydrogen_bonds,O2,TYR343A,2324,hydrogen_bonds,hydrogen_bond,GLC:B:1:O2,O2,GLC,B,1
GAC_18,/home/wms/AF2-test/AF2-CatGraph/results/GAC/02_template_guided_docking/complexes/GAC_18_complex.pdb,results/GAC/05_plip_interaction_graphs/plip_outputs/GAC_18/report.xml,hydrogen_bonds,O1,TYR395A,2318,hydrogen_bonds,hydrogen_bond,GLC:B:1:O1,O1,GLC,B,1
GAC_18,/home/wms/AF2-test/AF2-CatGraph/results/GAC/02_template_guided_docking/complexes/GAC_18_complex.pdb,results/GAC/05_plip_interaction_graphs/plip_outputs/GAC_18/report.xml,hydrogen_bonds,N1,TYR395A,2316,hydrogen_bonds,hydrogen_bond,GLC:B:1:N1,N1,GLC,B,1
GAC_18,/home/wms/AF2-test/AF2-CatGraph/results/GAC/02_template_guided_docking/complexes/GAC_18_complex.pdb,results/GAC/05_plip_interaction_graphs/plip_outputs/GAC_18/report.xml,hydrogen_bonds,O1,VAL413A,2318,hydrogen_bonds,hydrogen_bond,GLC:B:1:O1,O1,GLC,B,1
GAC_19,/home/wms/AF2-test/AF2-CatGraph/results/GAC/02_template_guided_docking/complexes/GAC_19_complex.pdb,results/GAC/05_plip_interaction_graphs/plip_outputs/GAC_19/report.xml,hydrophobic_interactions,C2,VAL413A,2319,hydrophobic_interactions,hydrophobic_interaction,GLC:B:1:C2,C2,GLC,B,1
GAC_19,/home/wms/AF2-test/AF2-CatGraph/results/GAC/02_template_guided_docking/complexes/GAC_19_complex.pdb,results/GAC/05_plip_interaction_graphs/plip_outputs/GAC_19/report.xml,hydrogen_bonds,O1,SER215A,2318,hydrogen_bonds,hydrogen_bond,GLC:B:1:O1,O1,GLC,B,1
GAC_19,/home/wms/AF2-test/AF2-CatGraph/results/GAC/02_template_guided_docking/complexes/GAC_19_complex.pdb,results/GAC/05_plip_interaction_graphs/plip_outputs/GAC_19/report.xml,hydrogen_bonds,O2,ASN264A,2324,hydrogen_bonds,hydrogen_bond,GLC:B:1:O2,O2,GLC,B,1
GAC_19,/home/wms/AF2-test/AF2-CatGraph/results/GAC/02_template_guided_docking/complexes/GAC_19_complex.pdb,results/GAC/05_plip_interaction_graphs/plip_outputs/GAC_19/report.xml,hydrogen_bonds,O3,GLU310A,2325,hydrogen_bonds,hydrogen_bond,GLC:B:1:O3,O3,GLC,B,1
GAC_19,/home/wms/AF2-test/AF2-CatGraph/results/GAC/02_template_guided_docking/complexes/GAC_19_complex.pdb,results/GAC/05_plip_interaction_graphs/plip_outputs/GAC_19/report.xml,hydrogen_bonds,N2,GLU310A,2322,hydrogen_bonds,hydrogen_bond,GLC:B:1:N2,N2,GLC,B,1
GAC_19,/home/wms/AF2-test/AF2-CatGraph/results/GAC/02_template_guided_docking/complexes/GAC_19_complex.pdb,results/GAC/05_plip_interaction_graphs/plip_outputs/GAC_19/report.xml,hydrogen_bonds,O2,ASN317A,2324,hydrogen_bonds,hydrogen_bond,GLC:B:1:O2,O2,GLC,B,1
GAC_19,/home/wms/AF2-test/AF2-CatGraph/results/GAC/02_template_guided_docking/complexes/GAC_19_complex.pdb,results/GAC/05_plip_interaction_graphs/plip_outputs/GAC_19/report.xml,hydrogen_bonds,O2,TYR343A,2324,hydrogen_bonds,hydrogen_bond,GLC:B:1:O2,O2,GLC,B,1
GAC_19,/home/wms/AF2-test/AF2-CatGraph/results/GAC/02_template_guided_docking/complexes/GAC_19_complex.pdb,results/GAC/05_plip_interaction_graphs/plip_outputs/GAC_19/report.xml,hydrogen_bonds,O1,TYR395A,2318,hydrogen_bonds,hydrogen_bond,GLC:B:1:O1,O1,GLC,B,1
GAC_19,/home/wms/AF2-test/AF2-CatGraph/results/GAC/02_template_guided_docking/complexes/GAC_19_complex.pdb,results/GAC/05_plip_interaction_graphs/plip_outputs/GAC_19/report.xml,hydrogen_bonds,N1,TYR395A,2316,hydrogen_bonds,hydrogen_bond,GLC:B:1:N1,N1,GLC,B,1
GAC_19,/home/wms/AF2-test/AF2-CatGraph/results/GAC/02_template_guided_docking/complexes/GAC_19_complex.pdb,results/GAC/05_plip_interaction_graphs/plip_outputs/GAC_19/report.xml,hydrogen_bonds,O1,VAL413A,2318,hydrogen_bonds,hydrogen_bond,GLC:B:1:O1,O1,GLC,B,1
GAC_20,/home/wms/AF2-test/AF2-CatGraph/results/GAC/02_template_guided_docking/complexes/GAC_20_complex.pdb,results/GAC/05_plip_interaction_graphs/plip_outputs/GAC_20/report.xml,hydrophobic_interactions,C2,VAL413A,2319,hydrophobic_interactions,hydrophobic_interaction,GLC:B:1:C2,C2,GLC,B,1
GAC_20,/home/wms/AF2-test/AF2-CatGraph/results/GAC/02_template_guided_docking/complexes/GAC_20_complex.pdb,results/GAC/05_plip_interaction_graphs/plip_outputs/GAC_20/report.xml,hydrogen_bonds,O1,SER215A,2318,hydrogen_bonds,hydrogen_bond,GLC:B:1:O1,O1,GLC,B,1
GAC_20,/home/wms/AF2-test/AF2-CatGraph/results/GAC/02_template_guided_docking/complexes/GAC_20_complex.pdb,results/GAC/05_plip_interaction_graphs/plip_outputs/GAC_20/report.xml,hydrogen_bonds,O2,ASN264A,2324,hydrogen_bonds,hydrogen_bond,GLC:B:1:O2,O2,GLC,B,1
GAC_20,/home/wms/AF2-test/AF2-CatGraph/results/GAC/02_template_guided_docking/complexes/GAC_20_complex.pdb,results/GAC/05_plip_interaction_graphs/plip_outputs/GAC_20/report.xml,hydrogen_bonds,O3,GLU310A,2325,hydrogen_bonds,hydrogen_bond,GLC:B:1:O3,O3,GLC,B,1
GAC_20,/home/wms/AF2-test/AF2-CatGraph/results/GAC/02_template_guided_docking/complexes/GAC_20_complex.pdb,results/GAC/05_plip_interaction_graphs/plip_outputs/GAC_20/report.xml,hydrogen_bonds,N2,GLU310A,2322,hydrogen_bonds,hydrogen_bond,GLC:B:1:N2,N2,GLC,B,1
GAC_20,/home/wms/AF2-test/AF2-CatGraph/results/GAC/02_template_guided_docking/complexes/GAC_20_complex.pdb,results/GAC/05_plip_interaction_graphs/plip_outputs/GAC_20/report.xml,hydrogen_bonds,O2,ASN317A,2324,hydrogen_bonds,hydrogen_bond,GLC:B:1:O2,O2,GLC,B,1
GAC_20,/home/wms/AF2-test/AF2-CatGraph/results/GAC/02_template_guided_docking/complexes/GAC_20_complex.pdb,results/GAC/05_plip_interaction_graphs/plip_outputs/GAC_20/report.xml,hydrogen_bonds,O2,TYR343A,2324,hydrogen_bonds,hydrogen_bond,GLC:B:1:O2,O2,GLC,B,1
GAC_20,/home/wms/AF2-test/AF2-CatGraph/results/GAC/02_template_guided_docking/complexes/GAC_20_complex.pdb,results/GAC/05_plip_interaction_graphs/plip_outputs/GAC_20/report.xml,hydrogen_bonds,O1,TYR395A,2318,hydrogen_bonds,hydrogen_bond,GLC:B:1:O1,O1,GLC,B,1
GAC_20,/home/wms/AF2-test/AF2-CatGraph/results/GAC/02_template_guided_docking/complexes/GAC_20_complex.pdb,results/GAC/05_plip_interaction_graphs/plip_outputs/GAC_20/report.xml,hydrogen_bonds,N1,TYR395A,2316,hydrogen_bonds,hydrogen_bond,GLC:B:1:N1,N1,GLC,B,1
GAC_20,/home/wms/AF2-test/AF2-CatGraph/results/GAC/02_template_guided_docking/complexes/GAC_20_complex.pdb,results/GAC/05_plip_interaction_graphs/plip_outputs/GAC_20/report.xml,hydrogen_bonds,O1,VAL413A,2318,hydrogen_bonds,hydrogen_bond,GLC:B:1:O1,O1,GLC,B,1
GAC_21,/home/wms/AF2-test/AF2-CatGraph/results/GAC/02_template_guided_docking/complexes/GAC_21_complex.pdb,results/GAC/05_plip_interaction_graphs/plip_outputs/GAC_21/report.xml,hydrophobic_interactions,C2,VAL413A,2319,hydrophobic_interactions,hydrophobic_interaction,GLC:B:1:C2,C2,GLC,B,1
GAC_21,/home/wms/AF2-test/AF2-CatGraph/results/GAC/02_template_guided_docking/complexes/GAC_21_complex.pdb,results/GAC/05_plip_interaction_graphs/plip_outputs/GAC_21/report.xml,hydrogen_bonds,O1,SER215A,2318,hydrogen_bonds,hydrogen_bond,GLC:B:1:O1,O1,GLC,B,1
GAC_21,/home/wms/AF2-test/AF2-CatGraph/results/GAC/02_template_guided_docking/complexes/GAC_21_complex.pdb,results/GAC/05_plip_interaction_graphs/plip_outputs/GAC_21/report.xml,hydrogen_bonds,O2,ASN264A,2324,hydrogen_bonds,hydrogen_bond,GLC:B:1:O2,O2,GLC,B,1
GAC_21,/home/wms/AF2-test/AF2-CatGraph/results/GAC/02_template_guided_docking/complexes/GAC_21_complex.pdb,results/GAC/05_plip_interaction_graphs/plip_outputs/GAC_21/report.xml,hydrogen_bonds,O3,GLU310A,2325,hydrogen_bonds,hydrogen_bond,GLC:B:1:O3,O3,GLC,B,1
GAC_21,/home/wms/AF2-test/AF2-CatGraph/results/GAC/02_template_guided_docking/complexes/GAC_21_complex.pdb,results/GAC/05_plip_interaction_graphs/plip_outputs/GAC_21/report.xml,hydrogen_bonds,N2,GLU310A,2322,hydrogen_bonds,hydrogen_bond,GLC:B:1:N2,N2,GLC,B,1
GAC_21,/home/wms/AF2-test/AF2-CatGraph/results/GAC/02_template_guided_docking/complexes/GAC_21_complex.pdb,results/GAC/05_plip_interaction_graphs/plip_outputs/GAC_21/report.xml,hydrogen_bonds,O2,ASN317A,2324,hydrogen_bonds,hydrogen_bond,GLC:B:1:O2,O2,GLC,B,1
GAC_21,/home/wms/AF2-test/AF2-CatGraph/results/GAC/02_template_guided_docking/complexes/GAC_21_complex.pdb,results/GAC/05_plip_interaction_graphs/plip_outputs/GAC_21/report.xml,hydrogen_bonds,O2,TYR343A,2324,hydrogen_bonds,hydrogen_bond,GLC:B:1:O2,O2,GLC,B,1
GAC_21,/home/wms/AF2-test/AF2-CatGraph/results/GAC/02_template_guided_docking/complexes/GAC_21_complex.pdb,results/GAC/05_plip_interaction_graphs/plip_outputs/GAC_21/report.xml,hydrogen_bonds,O1,TYR395A,2318,hydrogen_bonds,hydrogen_bond,GLC:B:1:O1,O1,GLC,B,1
GAC_21,/home/wms/AF2-test/AF2-CatGraph/results/GAC/02_template_guided_docking/complexes/GAC_21_complex.pdb,results/GAC/05_plip_interaction_graphs/plip_outputs/GAC_21/report.xml,hydrogen_bonds,N1,TYR395A,2316,hydrogen_bonds,hydrogen_bond,GLC:B:1:N1,N1,GLC,B,1
GAC_21,/home/wms/AF2-test/AF2-CatGraph/results/GAC/02_template_guided_docking/complexes/GAC_21_complex.pdb,results/GAC/05_plip_interaction_graphs/plip_outputs/GAC_21/report.xml,hydrogen_bonds,O1,VAL413A,2318,hydrogen_bonds,hydrogen_bond,GLC:B:1:O1,O1,GLC,B,1
GAC_22,/home/wms/AF2-test/AF2-CatGraph/results/GAC/02_template_guided_docking/complexes/GAC_22_complex.pdb,results/GAC/05_plip_interaction_graphs/plip_outputs/GAC_22/report.xml,hydrophobic_interactions,C2,VAL413A,2319,hydrophobic_interactions,hydrophobic_interaction,GLC:B:1:C2,C2,GLC,B,1
GAC_22,/home/wms/AF2-test/AF2-CatGraph/results/GAC/02_template_guided_docking/complexes/GAC_22_complex.pdb,results/GAC/05_plip_interaction_graphs/plip_outputs/GAC_22/report.xml,hydrogen_bonds,N2,TYR178A,2322,hydrogen_bonds,hydrogen_bond,GLC:B:1:N2,N2,GLC,B,1
GAC_22,/home/wms/AF2-test/AF2-CatGraph/results/GAC/02_template_guided_docking/complexes/GAC_22_complex.pdb,results/GAC/05_plip_interaction_graphs/plip_outputs/GAC_22/report.xml,hydrogen_bonds,O1,SER215A,2318,hydrogen_bonds,hydrogen_bond,GLC:B:1:O1,O1,GLC,B,1
GAC_22,/home/wms/AF2-test/AF2-CatGraph/results/GAC/02_template_guided_docking/complexes/GAC_22_complex.pdb,results/GAC/05_plip_interaction_graphs/plip_outputs/GAC_22/report.xml,hydrogen_bonds,O2,ASN264A,2324,hydrogen_bonds,hydrogen_bond,GLC:B:1:O2,O2,GLC,B,1
GAC_22,/home/wms/AF2-test/AF2-CatGraph/results/GAC/02_template_guided_docking/complexes/GAC_22_complex.pdb,results/GAC/05_plip_interaction_graphs/plip_outputs/GAC_22/report.xml,hydrogen_bonds,O3,GLU310A,2325,hydrogen_bonds,hydrogen_bond,GLC:B:1:O3,O3,GLC,B,1
GAC_22,/home/wms/AF2-test/AF2-CatGraph/results/GAC/02_template_guided_docking/complexes/GAC_22_complex.pdb,results/GAC/05_plip_interaction_graphs/plip_outputs/GAC_22/report.xml,hydrogen_bonds,N2,GLU310A,2322,hydrogen_bonds,hydrogen_bond,GLC:B:1:N2,N2,GLC,B,1
GAC_22,/home/wms/AF2-test/AF2-CatGraph/results/GAC/02_template_guided_docking/complexes/GAC_22_complex.pdb,results/GAC/05_plip_interaction_graphs/plip_outputs/GAC_22/report.xml,hydrogen_bonds,O2,ASN317A,2324,hydrogen_bonds,hydrogen_bond,GLC:B:1:O2,O2,GLC,B,1
GAC_22,/home/wms/AF2-test/AF2-CatGraph/results/GAC/02_template_guided_docking/complexes/GAC_22_complex.pdb,results/GAC/05_plip_interaction_graphs/plip_outputs/GAC_22/report.xml,hydrogen_bonds,O2,TYR343A,2324,hydrogen_bonds,hydrogen_bond,GLC:B:1:O2,O2,GLC,B,1
GAC_22,/home/wms/AF2-test/AF2-CatGraph/results/GAC/02_template_guided_docking/complexes/GAC_22_complex.pdb,results/GAC/05_plip_interaction_graphs/plip_outputs/GAC_22/report.xml,hydrogen_bonds,N1,TYR395A,2316,hydrogen_bonds,hydrogen_bond,GLC:B:1:N1,N1,GLC,B,1
GAC_22,/home/wms/AF2-test/AF2-CatGraph/results/GAC/02_template_guided_docking/complexes/GAC_22_complex.pdb,results/GAC/05_plip_interaction_graphs/plip_outputs/GAC_22/report.xml,hydrogen_bonds,O1,VAL413A,2318,hydrogen_bonds,hydrogen_bond,GLC:B:1:O1,O1,GLC,B,1
GAC_23,/home/wms/AF2-test/AF2-CatGraph/results/GAC/02_template_guided_docking/complexes/GAC_23_complex.pdb,results/GAC/05_plip_interaction_graphs/plip_outputs/GAC_23/report.xml,hydrophobic_interactions,C2,VAL413A,2319,hydrophobic_interactions,hydrophobic_interaction,GLC:B:1:C2,C2,GLC,B,1
GAC_23,/home/wms/AF2-test/AF2-CatGraph/results/GAC/02_template_guided_docking/complexes/GAC_23_complex.pdb,results/GAC/05_plip_interaction_graphs/plip_outputs/GAC_23/report.xml,hydrogen_bonds,N2,GLN214A,2322,hydrogen_bonds,hydrogen_bond,GLC:B:1:N2,N2,GLC,B,1
GAC_23,/home/wms/AF2-test/AF2-CatGraph/results/GAC/02_template_guided_docking/complexes/GAC_23_complex.pdb,results/GAC/05_plip_interaction_graphs/plip_outputs/GAC_23/report.xml,hydrogen_bonds,O1,SER215A,2318,hydrogen_bonds,hydrogen_bond,GLC:B:1:O1,O1,GLC,B,1
GAC_23,/home/wms/AF2-test/AF2-CatGraph/results/GAC/02_template_guided_docking/complexes/GAC_23_complex.pdb,results/GAC/05_plip_interaction_graphs/plip_outputs/GAC_23/report.xml,hydrogen_bonds,O2,ASN264A,2324,hydrogen_bonds,hydrogen_bond,GLC:B:1:O2,O2,GLC,B,1
GAC_23,/home/wms/AF2-test/AF2-CatGraph/results/GAC/02_template_guided_docking/complexes/GAC_23_complex.pdb,results/GAC/05_plip_interaction_graphs/plip_outputs/GAC_23/report.xml,hydrogen_bonds,O2,ASN317A,2324,hydrogen_bonds,hydrogen_bond,GLC:B:1:O2,O2,GLC,B,1
GAC_23,/home/wms/AF2-test/AF2-CatGraph/results/GAC/02_template_guided_docking/complexes/GAC_23_complex.pdb,results/GAC/05_plip_interaction_graphs/plip_outputs/GAC_23/report.xml,hydrogen_bonds,O2,TYR343A,2324,hydrogen_bonds,hydrogen_bond,GLC:B:1:O2,O2,GLC,B,1
GAC_23,/home/wms/AF2-test/AF2-CatGraph/results/GAC/02_template_guided_docking/complexes/GAC_23_complex.pdb,results/GAC/05_plip_interaction_graphs/plip_outputs/GAC_23/report.xml,hydrogen_bonds,O1,TYR395A,2318,hydrogen_bonds,hydrogen_bond,GLC:B:1:O1,O1,GLC,B,1
GAC_23,/home/wms/AF2-test/AF2-CatGraph/results/GAC/02_template_guided_docking/complexes/GAC_23_complex.pdb,results/GAC/05_plip_interaction_graphs/plip_outputs/GAC_23/report.xml,hydrogen_bonds,N1,TYR395A,2316,hydrogen_bonds,hydrogen_bond,GLC:B:1:N1,N1,GLC,B,1
GAC_23,/home/wms/AF2-test/AF2-CatGraph/results/GAC/02_template_guided_docking/complexes/GAC_23_complex.pdb,results/GAC/05_plip_interaction_graphs/plip_outputs/GAC_23/report.xml,hydrogen_bonds,O1,VAL413A,2318,hydrogen_bonds,hydrogen_bond,GLC:B:1:O1,O1,GLC,B,1
GAC_24,/home/wms/AF2-test/AF2-CatGraph/results/GAC/02_template_guided_docking/complexes/GAC_24_complex.pdb,results/GAC/05_plip_interaction_graphs/plip_outputs/GAC_24/report.xml,hydrophobic_interactions,C2,VAL413A,2319,hydrophobic_interactions,hydrophobic_interaction,GLC:B:1:C2,C2,GLC,B,1
GAC_24,/home/wms/AF2-test/AF2-CatGraph/results/GAC/02_template_guided_docking/complexes/GAC_24_complex.pdb,results/GAC/05_plip_interaction_graphs/plip_outputs/GAC_24/report.xml,hydrogen_bonds,O1,SER215A,2318,hydrogen_bonds,hydrogen_bond,GLC:B:1:O1,O1,GLC,B,1
GAC_24,/home/wms/AF2-test/AF2-CatGraph/results/GAC/02_template_guided_docking/complexes/GAC_24_complex.pdb,results/GAC/05_plip_interaction_graphs/plip_outputs/GAC_24/report.xml,hydrogen_bonds,O2,ASN264A,2324,hydrogen_bonds,hydrogen_bond,GLC:B:1:O2,O2,GLC,B,1
GAC_24,/home/wms/AF2-test/AF2-CatGraph/results/GAC/02_template_guided_docking/complexes/GAC_24_complex.pdb,results/GAC/05_plip_interaction_graphs/plip_outputs/GAC_24/report.xml,hydrogen_bonds,O3,GLU310A,2325,hydrogen_bonds,hydrogen_bond,GLC:B:1:O3,O3,GLC,B,1
GAC_24,/home/wms/AF2-test/AF2-CatGraph/results/GAC/02_template_guided_docking/complexes/GAC_24_complex.pdb,results/GAC/05_plip_interaction_graphs/plip_outputs/GAC_24/report.xml,hydrogen_bonds,N2,GLU310A,2322,hydrogen_bonds,hydrogen_bond,GLC:B:1:N2,N2,GLC,B,1
GAC_24,/home/wms/AF2-test/AF2-CatGraph/results/GAC/02_template_guided_docking/complexes/GAC_24_complex.pdb,results/GAC/05_plip_interaction_graphs/plip_outputs/GAC_24/report.xml,hydrogen_bonds,O2,ASN317A,2324,hydrogen_bonds,hydrogen_bond,GLC:B:1:O2,O2,GLC,B,1
GAC_24,/home/wms/AF2-test/AF2-CatGraph/results/GAC/02_template_guided_docking/complexes/GAC_24_complex.pdb,results/GAC/05_plip_interaction_graphs/plip_outputs/GAC_24/report.xml,hydrogen_bonds,O2,TYR343A,2324,hydrogen_bonds,hydrogen_bond,GLC:B:1:O2,O2,GLC,B,1
GAC_24,/home/wms/AF2-test/AF2-CatGraph/results/GAC/02_template_guided_docking/complexes/GAC_24_complex.pdb,results/GAC/05_plip_interaction_graphs/plip_outputs/GAC_24/report.xml,hydrogen_bonds,O1,TYR395A,2318,hydrogen_bonds,hydrogen_bond,GLC:B:1:O1,O1,GLC,B,1
GAC_24,/home/wms/AF2-test/AF2-CatGraph/results/GAC/02_template_guided_docking/complexes/GAC_24_complex.pdb,results/GAC/05_plip_interaction_graphs/plip_outputs/GAC_24/report.xml,hydrogen_bonds,N1,TYR395A,2316,hydrogen_bonds,hydrogen_bond,GLC:B:1:N1,N1,GLC,B,1
GAC_24,/home/wms/AF2-test/AF2-CatGraph/results/GAC/02_template_guided_docking/complexes/GAC_24_complex.pdb,results/GAC/05_plip_interaction_graphs/plip_outputs/GAC_24/report.xml,hydrogen_bonds,O1,VAL413A,2318,hydrogen_bonds,hydrogen_bond,GLC:B:1:O1,O1,GLC,B,1
GAC_25,/home/wms/AF2-test/AF2-CatGraph/results/GAC/02_template_guided_docking/complexes/GAC_25_complex.pdb,results/GAC/05_plip_interaction_graphs/plip_outputs/GAC_25/report.xml,hydrophobic_interactions,C2,VAL413A,2319,hydrophobic_interactions,hydrophobic_interaction,GLC:B:1:C2,C2,GLC,B,1
GAC_25,/home/wms/AF2-test/AF2-CatGraph/results/GAC/02_template_guided_docking/complexes/GAC_25_complex.pdb,results/GAC/05_plip_interaction_graphs/plip_outputs/GAC_25/report.xml,hydrogen_bonds,O1,SER215A,2318,hydrogen_bonds,hydrogen_bond,GLC:B:1:O1,O1,GLC,B,1
GAC_25,/home/wms/AF2-test/AF2-CatGraph/results/GAC/02_template_guided_docking/complexes/GAC_25_complex.pdb,results/GAC/05_plip_interaction_graphs/plip_outputs/GAC_25/report.xml,hydrogen_bonds,O2,ASN264A,2324,hydrogen_bonds,hydrogen_bond,GLC:B:1:O2,O2,GLC,B,1
GAC_25,/home/wms/AF2-test/AF2-CatGraph/results/GAC/02_template_guided_docking/complexes/GAC_25_complex.pdb,results/GAC/05_plip_interaction_graphs/plip_outputs/GAC_25/report.xml,hydrogen_bonds,O3,GLU310A,2325,hydrogen_bonds,hydrogen_bond,GLC:B:1:O3,O3,GLC,B,1
GAC_25,/home/wms/AF2-test/AF2-CatGraph/results/GAC/02_template_guided_docking/complexes/GAC_25_complex.pdb,results/GAC/05_plip_interaction_graphs/plip_outputs/GAC_25/report.xml,hydrogen_bonds,N2,GLU310A,2322,hydrogen_bonds,hydrogen_bond,GLC:B:1:N2,N2,GLC,B,1
GAC_25,/home/wms/AF2-test/AF2-CatGraph/results/GAC/02_template_guided_docking/complexes/GAC_25_complex.pdb,results/GAC/05_plip_interaction_graphs/plip_outputs/GAC_25/report.xml,hydrogen_bonds,O2,ASN317A,2324,hydrogen_bonds,hydrogen_bond,GLC:B:1:O2,O2,GLC,B,1
GAC_25,/home/wms/AF2-test/AF2-CatGraph/results/GAC/02_template_guided_docking/complexes/GAC_25_complex.pdb,results/GAC/05_plip_interaction_graphs/plip_outputs/GAC_25/report.xml,hydrogen_bonds,O2,TYR343A,2324,hydrogen_bonds,hydrogen_bond,GLC:B:1:O2,O2,GLC,B,1
GAC_25,/home/wms/AF2-test/AF2-CatGraph/results/GAC/02_template_guided_docking/complexes/GAC_25_complex.pdb,results/GAC/05_plip_interaction_graphs/plip_outputs/GAC_25/report.xml,hydrogen_bonds,O1,TYR395A,2318,hydrogen_bonds,hydrogen_bond,GLC:B:1:O1,O1,GLC,B,1
GAC_25,/home/wms/AF2-test/AF2-CatGraph/results/GAC/02_template_guided_docking/complexes/GAC_25_complex.pdb,results/GAC/05_plip_interaction_graphs/plip_outputs/GAC_25/report.xml,hydrogen_bonds,N1,TYR395A,2316,hydrogen_bonds,hydrogen_bond,GLC:B:1:N1,N1,GLC,B,1
GAC_25,/home/wms/AF2-test/AF2-CatGraph/results/GAC/02_template_guided_docking/complexes/GAC_25_complex.pdb,results/GAC/05_plip_interaction_graphs/plip_outputs/GAC_25/report.xml,hydrogen_bonds,O1,VAL413A,2318,hydrogen_bonds,hydrogen_bond,GLC:B:1:O1,O1,GLC,B,1
GAC_26,/home/wms/AF2-test/AF2-CatGraph/results/GAC/02_template_guided_docking/complexes/GAC_26_complex.pdb,results/GAC/05_plip_interaction_graphs/plip_outputs/GAC_26/report.xml,hydrophobic_interactions,C2,VAL413A,2319,hydrophobic_interactions,hydrophobic_interaction,GLC:B:1:C2,C2,GLC,B,1
GAC_26,/home/wms/AF2-test/AF2-CatGraph/results/GAC/02_template_guided_docking/complexes/GAC_26_complex.pdb,results/GAC/05_plip_interaction_graphs/plip_outputs/GAC_26/report.xml,hydrogen_bonds,O1,SER215A,2318,hydrogen_bonds,hydrogen_bond,GLC:B:1:O1,O1,GLC,B,1
GAC_26,/home/wms/AF2-test/AF2-CatGraph/results/GAC/02_template_guided_docking/complexes/GAC_26_complex.pdb,results/GAC/05_plip_interaction_graphs/plip_outputs/GAC_26/report.xml,hydrogen_bonds,O2,ASN264A,2324,hydrogen_bonds,hydrogen_bond,GLC:B:1:O2,O2,GLC,B,1
GAC_26,/home/wms/AF2-test/AF2-CatGraph/results/GAC/02_template_guided_docking/complexes/GAC_26_complex.pdb,results/GAC/05_plip_interaction_graphs/plip_outputs/GAC_26/report.xml,hydrogen_bonds,O3,GLU310A,2325,hydrogen_bonds,hydrogen_bond,GLC:B:1:O3,O3,GLC,B,1
GAC_26,/home/wms/AF2-test/AF2-CatGraph/results/GAC/02_template_guided_docking/complexes/GAC_26_complex.pdb,results/GAC/05_plip_interaction_graphs/plip_outputs/GAC_26/report.xml,hydrogen_bonds,N2,GLU310A,2322,hydrogen_bonds,hydrogen_bond,GLC:B:1:N2,N2,GLC,B,1
GAC_26,/home/wms/AF2-test/AF2-CatGraph/results/GAC/02_template_guided_docking/complexes/GAC_26_complex.pdb,results/GAC/05_plip_interaction_graphs/plip_outputs/GAC_26/report.xml,hydrogen_bonds,O2,ASN317A,2324,hydrogen_bonds,hydrogen_bond,GLC:B:1:O2,O2,GLC,B,1
GAC_26,/home/wms/AF2-test/AF2-CatGraph/results/GAC/02_template_guided_docking/complexes/GAC_26_complex.pdb,results/GAC/05_plip_interaction_graphs/plip_outputs/GAC_26/report.xml,hydrogen_bonds,O2,TYR343A,2324,hydrogen_bonds,hydrogen_bond,GLC:B:1:O2,O2,GLC,B,1
GAC_26,/home/wms/AF2-test/AF2-CatGraph/results/GAC/02_template_guided_docking/complexes/GAC_26_complex.pdb,results/GAC/05_plip_interaction_graphs/plip_outputs/GAC_26/report.xml,hydrogen_bonds,O1,TYR395A,2318,hydrogen_bonds,hydrogen_bond,GLC:B:1:O1,O1,GLC,B,1
GAC_26,/home/wms/AF2-test/AF2-CatGraph/results/GAC/02_template_guided_docking/complexes/GAC_26_complex.pdb,results/GAC/05_plip_interaction_graphs/plip_outputs/GAC_26/report.xml,hydrogen_bonds,N1,TYR395A,2316,hydrogen_bonds,hydrogen_bond,GLC:B:1:N1,N1,GLC,B,1
GAC_26,/home/wms/AF2-test/AF2-CatGraph/results/GAC/02_template_guided_docking/complexes/GAC_26_complex.pdb,results/GAC/05_plip_interaction_graphs/plip_outputs/GAC_26/report.xml,hydrogen_bonds,O1,VAL413A,2318,hydrogen_bonds,hydrogen_bond,GLC:B:1:O1,O1,GLC,B,1
GAC_27,/home/wms/AF2-test/AF2-CatGraph/results/GAC/02_template_guided_docking/complexes/GAC_27_complex.pdb,results/GAC/05_plip_interaction_graphs/plip_outputs/GAC_27/report.xml,hydrophobic_interactions,C2,VAL413A,2319,hydrophobic_interactions,hydrophobic_interaction,GLC:B:1:C2,C2,GLC,B,1
GAC_27,/home/wms/AF2-test/AF2-CatGraph/results/GAC/02_template_guided_docking/complexes/GAC_27_complex.pdb,results/GAC/05_plip_interaction_graphs/plip_outputs/GAC_27/report.xml,hydrogen_bonds,O1,SER215A,2318,hydrogen_bonds,hydrogen_bond,GLC:B:1:O1,O1,GLC,B,1
GAC_27,/home/wms/AF2-test/AF2-CatGraph/results/GAC/02_template_guided_docking/complexes/GAC_27_complex.pdb,results/GAC/05_plip_interaction_graphs/plip_outputs/GAC_27/report.xml,hydrogen_bonds,O2,ASN264A,2324,hydrogen_bonds,hydrogen_bond,GLC:B:1:O2,O2,GLC,B,1
GAC_27,/home/wms/AF2-test/AF2-CatGraph/results/GAC/02_template_guided_docking/complexes/GAC_27_complex.pdb,results/GAC/05_plip_interaction_graphs/plip_outputs/GAC_27/report.xml,hydrogen_bonds,O3,GLU310A,2325,hydrogen_bonds,hydrogen_bond,GLC:B:1:O3,O3,GLC,B,1
GAC_27,/home/wms/AF2-test/AF2-CatGraph/results/GAC/02_template_guided_docking/complexes/GAC_27_complex.pdb,results/GAC/05_plip_interaction_graphs/plip_outputs/GAC_27/report.xml,hydrogen_bonds,N2,GLU310A,2322,hydrogen_bonds,hydrogen_bond,GLC:B:1:N2,N2,GLC,B,1
GAC_27,/home/wms/AF2-test/AF2-CatGraph/results/GAC/02_template_guided_docking/complexes/GAC_27_complex.pdb,results/GAC/05_plip_interaction_graphs/plip_outputs/GAC_27/report.xml,hydrogen_bonds,O2,ASN317A,2324,hydrogen_bonds,hydrogen_bond,GLC:B:1:O2,O2,GLC,B,1
GAC_27,/home/wms/AF2-test/AF2-CatGraph/results/GAC/02_template_guided_docking/complexes/GAC_27_complex.pdb,results/GAC/05_plip_interaction_graphs/plip_outputs/GAC_27/report.xml,hydrogen_bonds,O2,TYR343A,2324,hydrogen_bonds,hydrogen_bond,GLC:B:1:O2,O2,GLC,B,1
GAC_27,/home/wms/AF2-test/AF2-CatGraph/results/GAC/02_template_guided_docking/complexes/GAC_27_complex.pdb,results/GAC/05_plip_interaction_graphs/plip_outputs/GAC_27/report.xml,hydrogen_bonds,O1,TYR395A,2318,hydrogen_bonds,hydrogen_bond,GLC:B:1:O1,O1,GLC,B,1
GAC_27,/home/wms/AF2-test/AF2-CatGraph/results/GAC/02_template_guided_docking/complexes/GAC_27_complex.pdb,results/GAC/05_plip_interaction_graphs/plip_outputs/GAC_27/report.xml,hydrogen_bonds,N1,TYR395A,2316,hydrogen_bonds,hydrogen_bond,GLC:B:1:N1,N1,GLC,B,1
GAC_27,/home/wms/AF2-test/AF2-CatGraph/results/GAC/02_template_guided_docking/complexes/GAC_27_complex.pdb,results/GAC/05_plip_interaction_graphs/plip_outputs/GAC_27/report.xml,hydrogen_bonds,O1,VAL413A,2318,hydrogen_bonds,hydrogen_bond,GLC:B:1:O1,O1,GLC,B,1
GAC_28,/home/wms/AF2-test/AF2-CatGraph/results/GAC/02_template_guided_docking/complexes/GAC_28_complex.pdb,results/GAC/05_plip_interaction_graphs/plip_outputs/GAC_28/report.xml,hydrophobic_interactions,C2,VAL413A,2319,hydrophobic_interactions,hydrophobic_interaction,GLC:B:1:C2,C2,GLC,B,1
GAC_28,/home/wms/AF2-test/AF2-CatGraph/results/GAC/02_template_guided_docking/complexes/GAC_28_complex.pdb,results/GAC/05_plip_interaction_graphs/plip_outputs/GAC_28/report.xml,hydrogen_bonds,N2,GLN214A,2322,hydrogen_bonds,hydrogen_bond,GLC:B:1:N2,N2,GLC,B,1
GAC_28,/home/wms/AF2-test/AF2-CatGraph/results/GAC/02_template_guided_docking/complexes/GAC_28_complex.pdb,results/GAC/05_plip_interaction_graphs/plip_outputs/GAC_28/report.xml,hydrogen_bonds,O1,SER215A,2318,hydrogen_bonds,hydrogen_bond,GLC:B:1:O1,O1,GLC,B,1
GAC_28,/home/wms/AF2-test/AF2-CatGraph/results/GAC/02_template_guided_docking/complexes/GAC_28_complex.pdb,results/GAC/05_plip_interaction_graphs/plip_outputs/GAC_28/report.xml,hydrogen_bonds,O2,ASN264A,2324,hydrogen_bonds,hydrogen_bond,GLC:B:1:O2,O2,GLC,B,1
GAC_28,/home/wms/AF2-test/AF2-CatGraph/results/GAC/02_template_guided_docking/complexes/GAC_28_complex.pdb,results/GAC/05_plip_interaction_graphs/plip_outputs/GAC_28/report.xml,hydrogen_bonds,O3,GLU310A,2325,hydrogen_bonds,hydrogen_bond,GLC:B:1:O3,O3,GLC,B,1
GAC_28,/home/wms/AF2-test/AF2-CatGraph/results/GAC/02_template_guided_docking/complexes/GAC_28_complex.pdb,results/GAC/05_plip_interaction_graphs/plip_outputs/GAC_28/report.xml,hydrogen_bonds,O2,ASN317A,2324,hydrogen_bonds,hydrogen_bond,GLC:B:1:O2,O2,GLC,B,1
GAC_28,/home/wms/AF2-test/AF2-CatGraph/results/GAC/02_template_guided_docking/complexes/GAC_28_complex.pdb,results/GAC/05_plip_interaction_graphs/plip_outputs/GAC_28/report.xml,hydrogen_bonds,O2,TYR343A,2324,hydrogen_bonds,hydrogen_bond,GLC:B:1:O2,O2,GLC,B,1
GAC_28,/home/wms/AF2-test/AF2-CatGraph/results/GAC/02_template_guided_docking/complexes/GAC_28_complex.pdb,results/GAC/05_plip_interaction_graphs/plip_outputs/GAC_28/report.xml,hydrogen_bonds,O1,TYR395A,2318,hydrogen_bonds,hydrogen_bond,GLC:B:1:O1,O1,GLC,B,1
GAC_28,/home/wms/AF2-test/AF2-CatGraph/results/GAC/02_template_guided_docking/complexes/GAC_28_complex.pdb,results/GAC/05_plip_interaction_graphs/plip_outputs/GAC_28/report.xml,hydrogen_bonds,N1,TYR395A,2316,hydrogen_bonds,hydrogen_bond,GLC:B:1:N1,N1,GLC,B,1
GAC_28,/home/wms/AF2-test/AF2-CatGraph/results/GAC/02_template_guided_docking/complexes/GAC_28_complex.pdb,results/GAC/05_plip_interaction_graphs/plip_outputs/GAC_28/report.xml,hydrogen_bonds,O1,VAL413A,2318,hydrogen_bonds,hydrogen_bond,GLC:B:1:O1,O1,GLC,B,1
GAC_29,/home/wms/AF2-test/AF2-CatGraph/results/GAC/02_template_guided_docking/complexes/GAC_29_complex.pdb,results/GAC/05_plip_interaction_graphs/plip_outputs/GAC_29/report.xml,hydrophobic_interactions,C2,VAL413A,2319,hydrophobic_interactions,hydrophobic_interaction,GLC:B:1:C2,C2,GLC,B,1
GAC_29,/home/wms/AF2-test/AF2-CatGraph/results/GAC/02_template_guided_docking/complexes/GAC_29_complex.pdb,results/GAC/05_plip_interaction_graphs/plip_outputs/GAC_29/report.xml,hydrogen_bonds,O1,SER215A,2318,hydrogen_bonds,hydrogen_bond,GLC:B:1:O1,O1,GLC,B,1
GAC_29,/home/wms/AF2-test/AF2-CatGraph/results/GAC/02_template_guided_docking/complexes/GAC_29_complex.pdb,results/GAC/05_plip_interaction_graphs/plip_outputs/GAC_29/report.xml,hydrogen_bonds,O2,ASN264A,2324,hydrogen_bonds,hydrogen_bond,GLC:B:1:O2,O2,GLC,B,1
GAC_29,/home/wms/AF2-test/AF2-CatGraph/results/GAC/02_template_guided_docking/complexes/GAC_29_complex.pdb,results/GAC/05_plip_interaction_graphs/plip_outputs/GAC_29/report.xml,hydrogen_bonds,O3,GLU310A,2325,hydrogen_bonds,hydrogen_bond,GLC:B:1:O3,O3,GLC,B,1
GAC_29,/home/wms/AF2-test/AF2-CatGraph/results/GAC/02_template_guided_docking/complexes/GAC_29_complex.pdb,results/GAC/05_plip_interaction_graphs/plip_outputs/GAC_29/report.xml,hydrogen_bonds,N2,GLU310A,2322,hydrogen_bonds,hydrogen_bond,GLC:B:1:N2,N2,GLC,B,1
GAC_29,/home/wms/AF2-test/AF2-CatGraph/results/GAC/02_template_guided_docking/complexes/GAC_29_complex.pdb,results/GAC/05_plip_interaction_graphs/plip_outputs/GAC_29/report.xml,hydrogen_bonds,O2,ASN317A,2324,hydrogen_bonds,hydrogen_bond,GLC:B:1:O2,O2,GLC,B,1
GAC_29,/home/wms/AF2-test/AF2-CatGraph/results/GAC/02_template_guided_docking/complexes/GAC_29_complex.pdb,results/GAC/05_plip_interaction_graphs/plip_outputs/GAC_29/report.xml,hydrogen_bonds,O2,TYR343A,2324,hydrogen_bonds,hydrogen_bond,GLC:B:1:O2,O2,GLC,B,1
GAC_29,/home/wms/AF2-test/AF2-CatGraph/results/GAC/02_template_guided_docking/complexes/GAC_29_complex.pdb,results/GAC/05_plip_interaction_graphs/plip_outputs/GAC_29/report.xml,hydrogen_bonds,O1,TYR395A,2318,hydrogen_bonds,hydrogen_bond,GLC:B:1:O1,O1,GLC,B,1
GAC_29,/home/wms/AF2-test/AF2-CatGraph/results/GAC/02_template_guided_docking/complexes/GAC_29_complex.pdb,results/GAC/05_plip_interaction_graphs/plip_outputs/GAC_29/report.xml,hydrogen_bonds,N1,TYR395A,2316,hydrogen_bonds,hydrogen_bond,GLC:B:1:N1,N1,GLC,B,1
GAC_29,/home/wms/AF2-test/AF2-CatGraph/results/GAC/02_template_guided_docking/complexes/GAC_29_complex.pdb,results/GAC/05_plip_interaction_graphs/plip_outputs/GAC_29/report.xml,hydrogen_bonds,O1,VAL413A,2318,hydrogen_bonds,hydrogen_bond,GLC:B:1:O1,O1,GLC,B,1
GAC_31,/home/wms/AF2-test/AF2-CatGraph/results/GAC/02_template_guided_docking/complexes/GAC_31_complex.pdb,results/GAC/05_plip_interaction_graphs/plip_outputs/GAC_31/report.xml,hydrophobic_interactions,C2,VAL413A,2319,hydrophobic_interactions,hydrophobic_interaction,GLC:B:1:C2,C2,GLC,B,1
GAC_31,/home/wms/AF2-test/AF2-CatGraph/results/GAC/02_template_guided_docking/complexes/GAC_31_complex.pdb,results/GAC/05_plip_interaction_graphs/plip_outputs/GAC_31/report.xml,hydrogen_bonds,O1,SER215A,2318,hydrogen_bonds,hydrogen_bond,GLC:B:1:O1,O1,GLC,B,1
GAC_31,/home/wms/AF2-test/AF2-CatGraph/results/GAC/02_template_guided_docking/complexes/GAC_31_complex.pdb,results/GAC/05_plip_interaction_graphs/plip_outputs/GAC_31/report.xml,hydrogen_bonds,O2,ASN264A,2324,hydrogen_bonds,hydrogen_bond,GLC:B:1:O2,O2,GLC,B,1
GAC_31,/home/wms/AF2-test/AF2-CatGraph/results/GAC/02_template_guided_docking/complexes/GAC_31_complex.pdb,results/GAC/05_plip_interaction_graphs/plip_outputs/GAC_31/report.xml,hydrogen_bonds,O3,GLU310A,2325,hydrogen_bonds,hydrogen_bond,GLC:B:1:O3,O3,GLC,B,1
GAC_31,/home/wms/AF2-test/AF2-CatGraph/results/GAC/02_template_guided_docking/complexes/GAC_31_complex.pdb,results/GAC/05_plip_interaction_graphs/plip_outputs/GAC_31/report.xml,hydrogen_bonds,N2,GLU310A,2322,hydrogen_bonds,hydrogen_bond,GLC:B:1:N2,N2,GLC,B,1
GAC_31,/home/wms/AF2-test/AF2-CatGraph/results/GAC/02_template_guided_docking/complexes/GAC_31_complex.pdb,results/GAC/05_plip_interaction_graphs/plip_outputs/GAC_31/report.xml,hydrogen_bonds,O2,ASN317A,2324,hydrogen_bonds,hydrogen_bond,GLC:B:1:O2,O2,GLC,B,1
GAC_31,/home/wms/AF2-test/AF2-CatGraph/results/GAC/02_template_guided_docking/complexes/GAC_31_complex.pdb,results/GAC/05_plip_interaction_graphs/plip_outputs/GAC_31/report.xml,hydrogen_bonds,O2,TYR343A,2324,hydrogen_bonds,hydrogen_bond,GLC:B:1:O2,O2,GLC,B,1
GAC_31,/home/wms/AF2-test/AF2-CatGraph/results/GAC/02_template_guided_docking/complexes/GAC_31_complex.pdb,results/GAC/05_plip_interaction_graphs/plip_outputs/GAC_31/report.xml,hydrogen_bonds,O1,TYR395A,2318,hydrogen_bonds,hydrogen_bond,GLC:B:1:O1,O1,GLC,B,1
GAC_31,/home/wms/AF2-test/AF2-CatGraph/results/GAC/02_template_guided_docking/complexes/GAC_31_complex.pdb,results/GAC/05_plip_interaction_graphs/plip_outputs/GAC_31/report.xml,hydrogen_bonds,N1,TYR395A,2316,hydrogen_bonds,hydrogen_bond,GLC:B:1:N1,N1,GLC,B,1
GAC_31,/home/wms/AF2-test/AF2-CatGraph/results/GAC/02_template_guided_docking/complexes/GAC_31_complex.pdb,results/GAC/05_plip_interaction_graphs/plip_outputs/GAC_31/report.xml,hydrogen_bonds,O1,VAL413A,2318,hydrogen_bonds,hydrogen_bond,GLC:B:1:O1,O1,GLC,B,1
GAC_32,/home/wms/AF2-test/AF2-CatGraph/results/GAC/02_template_guided_docking/complexes/GAC_32_complex.pdb,results/GAC/05_plip_interaction_graphs/plip_outputs/GAC_32/report.xml,hydrophobic_interactions,C2,VAL413A,2319,hydrophobic_interactions,hydrophobic_interaction,GLC:B:1:C2,C2,GLC,B,1
GAC_32,/home/wms/AF2-test/AF2-CatGraph/results/GAC/02_template_guided_docking/complexes/GAC_32_complex.pdb,results/GAC/05_plip_interaction_graphs/plip_outputs/GAC_32/report.xml,hydrogen_bonds,O1,SER215A,2318,hydrogen_bonds,hydrogen_bond,GLC:B:1:O1,O1,GLC,B,1
GAC_32,/home/wms/AF2-test/AF2-CatGraph/results/GAC/02_template_guided_docking/complexes/GAC_32_complex.pdb,results/GAC/05_plip_interaction_graphs/plip_outputs/GAC_32/report.xml,hydrogen_bonds,O2,ASN264A,2324,hydrogen_bonds,hydrogen_bond,GLC:B:1:O2,O2,GLC,B,1
GAC_32,/home/wms/AF2-test/AF2-CatGraph/results/GAC/02_template_guided_docking/complexes/GAC_32_complex.pdb,results/GAC/05_plip_interaction_graphs/plip_outputs/GAC_32/report.xml,hydrogen_bonds,O3,GLU310A,2325,hydrogen_bonds,hydrogen_bond,GLC:B:1:O3,O3,GLC,B,1
GAC_32,/home/wms/AF2-test/AF2-CatGraph/results/GAC/02_template_guided_docking/complexes/GAC_32_complex.pdb,results/GAC/05_plip_interaction_graphs/plip_outputs/GAC_32/report.xml,hydrogen_bonds,N2,GLU310A,2322,hydrogen_bonds,hydrogen_bond,GLC:B:1:N2,N2,GLC,B,1
GAC_32,/home/wms/AF2-test/AF2-CatGraph/results/GAC/02_template_guided_docking/complexes/GAC_32_complex.pdb,results/GAC/05_plip_interaction_graphs/plip_outputs/GAC_32/report.xml,hydrogen_bonds,O2,ASN317A,2324,hydrogen_bonds,hydrogen_bond,GLC:B:1:O2,O2,GLC,B,1
GAC_32,/home/wms/AF2-test/AF2-CatGraph/results/GAC/02_template_guided_docking/complexes/GAC_32_complex.pdb,results/GAC/05_plip_interaction_graphs/plip_outputs/GAC_32/report.xml,hydrogen_bonds,O2,TYR343A,2324,hydrogen_bonds,hydrogen_bond,GLC:B:1:O2,O2,GLC,B,1
GAC_32,/home/wms/AF2-test/AF2-CatGraph/results/GAC/02_template_guided_docking/complexes/GAC_32_complex.pdb,results/GAC/05_plip_interaction_graphs/plip_outputs/GAC_32/report.xml,hydrogen_bonds,O1,TYR395A,2318,hydrogen_bonds,hydrogen_bond,GLC:B:1:O1,O1,GLC,B,1
GAC_32,/home/wms/AF2-test/AF2-CatGraph/results/GAC/02_template_guided_docking/complexes/GAC_32_complex.pdb,results/GAC/05_plip_interaction_graphs/plip_outputs/GAC_32/report.xml,hydrogen_bonds,N1,TYR395A,2316,hydrogen_bonds,hydrogen_bond,GLC:B:1:N1,N1,GLC,B,1
GAC_32,/home/wms/AF2-test/AF2-CatGraph/results/GAC/02_template_guided_docking/complexes/GAC_32_complex.pdb,results/GAC/05_plip_interaction_graphs/plip_outputs/GAC_32/report.xml,hydrogen_bonds,O1,VAL413A,2318,hydrogen_bonds,hydrogen_bond,GLC:B:1:O1,O1,GLC,B,1
GAC_33,/home/wms/AF2-test/AF2-CatGraph/results/GAC/02_template_guided_docking/complexes/GAC_33_complex.pdb,results/GAC/05_plip_interaction_graphs/plip_outputs/GAC_33/report.xml,hydrophobic_interactions,C2,VAL413A,2319,hydrophobic_interactions,hydrophobic_interaction,GLC:B:1:C2,C2,GLC,B,1
GAC_33,/home/wms/AF2-test/AF2-CatGraph/results/GAC/02_template_guided_docking/complexes/GAC_33_complex.pdb,results/GAC/05_plip_interaction_graphs/plip_outputs/GAC_33/report.xml,hydrogen_bonds,O1,SER215A,2318,hydrogen_bonds,hydrogen_bond,GLC:B:1:O1,O1,GLC,B,1
GAC_33,/home/wms/AF2-test/AF2-CatGraph/results/GAC/02_template_guided_docking/complexes/GAC_33_complex.pdb,results/GAC/05_plip_interaction_graphs/plip_outputs/GAC_33/report.xml,hydrogen_bonds,O2,ASN264A,2324,hydrogen_bonds,hydrogen_bond,GLC:B:1:O2,O2,GLC,B,1
GAC_33,/home/wms/AF2-test/AF2-CatGraph/results/GAC/02_template_guided_docking/complexes/GAC_33_complex.pdb,results/GAC/05_plip_interaction_graphs/plip_outputs/GAC_33/report.xml,hydrogen_bonds,O3,GLU310A,2325,hydrogen_bonds,hydrogen_bond,GLC:B:1:O3,O3,GLC,B,1
GAC_33,/home/wms/AF2-test/AF2-CatGraph/results/GAC/02_template_guided_docking/complexes/GAC_33_complex.pdb,results/GAC/05_plip_interaction_graphs/plip_outputs/GAC_33/report.xml,hydrogen_bonds,N2,GLU310A,2322,hydrogen_bonds,hydrogen_bond,GLC:B:1:N2,N2,GLC,B,1
GAC_33,/home/wms/AF2-test/AF2-CatGraph/results/GAC/02_template_guided_docking/complexes/GAC_33_complex.pdb,results/GAC/05_plip_interaction_graphs/plip_outputs/GAC_33/report.xml,hydrogen_bonds,O2,ASN317A,2324,hydrogen_bonds,hydrogen_bond,GLC:B:1:O2,O2,GLC,B,1
GAC_33,/home/wms/AF2-test/AF2-CatGraph/results/GAC/02_template_guided_docking/complexes/GAC_33_complex.pdb,results/GAC/05_plip_interaction_graphs/plip_outputs/GAC_33/report.xml,hydrogen_bonds,O2,TYR343A,2324,hydrogen_bonds,hydrogen_bond,GLC:B:1:O2,O2,GLC,B,1
GAC_33,/home/wms/AF2-test/AF2-CatGraph/results/GAC/02_template_guided_docking/complexes/GAC_33_complex.pdb,results/GAC/05_plip_interaction_graphs/plip_outputs/GAC_33/report.xml,hydrogen_bonds,O1,TYR395A,2318,hydrogen_bonds,hydrogen_bond,GLC:B:1:O1,O1,GLC,B,1
GAC_33,/home/wms/AF2-test/AF2-CatGraph/results/GAC/02_template_guided_docking/complexes/GAC_33_complex.pdb,results/GAC/05_plip_interaction_graphs/plip_outputs/GAC_33/report.xml,hydrogen_bonds,N1,TYR395A,2316,hydrogen_bonds,hydrogen_bond,GLC:B:1:N1,N1,GLC,B,1
GAC_33,/home/wms/AF2-test/AF2-CatGraph/results/GAC/02_template_guided_docking/complexes/GAC_33_complex.pdb,results/GAC/05_plip_interaction_graphs/plip_outputs/GAC_33/report.xml,hydrogen_bonds,O1,VAL413A,2318,hydrogen_bonds,hydrogen_bond,GLC:B:1:O1,O1,GLC,B,1
GAC_34,/home/wms/AF2-test/AF2-CatGraph/results/GAC/02_template_guided_docking/complexes/GAC_34_complex.pdb,results/GAC/05_plip_interaction_graphs/plip_outputs/GAC_34/report.xml,hydrophobic_interactions,C2,VAL413A,2319,hydrophobic_interactions,hydrophobic_interaction,GLC:B:1:C2,C2,GLC,B,1
GAC_34,/home/wms/AF2-test/AF2-CatGraph/results/GAC/02_template_guided_docking/complexes/GAC_34_complex.pdb,results/GAC/05_plip_interaction_graphs/plip_outputs/GAC_34/report.xml,hydrogen_bonds,O1,SER215A,2318,hydrogen_bonds,hydrogen_bond,GLC:B:1:O1,O1,GLC,B,1
GAC_34,/home/wms/AF2-test/AF2-CatGraph/results/GAC/02_template_guided_docking/complexes/GAC_34_complex.pdb,results/GAC/05_plip_interaction_graphs/plip_outputs/GAC_34/report.xml,hydrogen_bonds,O2,ASN264A,2324,hydrogen_bonds,hydrogen_bond,GLC:B:1:O2,O2,GLC,B,1
GAC_34,/home/wms/AF2-test/AF2-CatGraph/results/GAC/02_template_guided_docking/complexes/GAC_34_complex.pdb,results/GAC/05_plip_interaction_graphs/plip_outputs/GAC_34/report.xml,hydrogen_bonds,O3,GLU310A,2325,hydrogen_bonds,hydrogen_bond,GLC:B:1:O3,O3,GLC,B,1
GAC_34,/home/wms/AF2-test/AF2-CatGraph/results/GAC/02_template_guided_docking/complexes/GAC_34_complex.pdb,results/GAC/05_plip_interaction_graphs/plip_outputs/GAC_34/report.xml,hydrogen_bonds,N2,GLU310A,2322,hydrogen_bonds,hydrogen_bond,GLC:B:1:N2,N2,GLC,B,1
GAC_34,/home/wms/AF2-test/AF2-CatGraph/results/GAC/02_template_guided_docking/complexes/GAC_34_complex.pdb,results/GAC/05_plip_interaction_graphs/plip_outputs/GAC_34/report.xml,hydrogen_bonds,O2,ASN317A,2324,hydrogen_bonds,hydrogen_bond,GLC:B:1:O2,O2,GLC,B,1
GAC_34,/home/wms/AF2-test/AF2-CatGraph/results/GAC/02_template_guided_docking/complexes/GAC_34_complex.pdb,results/GAC/05_plip_interaction_graphs/plip_outputs/GAC_34/report.xml,hydrogen_bonds,O2,TYR343A,2324,hydrogen_bonds,hydrogen_bond,GLC:B:1:O2,O2,GLC,B,1
GAC_34,/home/wms/AF2-test/AF2-CatGraph/results/GAC/02_template_guided_docking/complexes/GAC_34_complex.pdb,results/GAC/05_plip_interaction_graphs/plip_outputs/GAC_34/report.xml,hydrogen_bonds,O1,TYR395A,2318,hydrogen_bonds,hydrogen_bond,GLC:B:1:O1,O1,GLC,B,1
GAC_34,/home/wms/AF2-test/AF2-CatGraph/results/GAC/02_template_guided_docking/complexes/GAC_34_complex.pdb,results/GAC/05_plip_interaction_graphs/plip_outputs/GAC_34/report.xml,hydrogen_bonds,N1,TYR395A,2316,hydrogen_bonds,hydrogen_bond,GLC:B:1:N1,N1,GLC,B,1
GAC_34,/home/wms/AF2-test/AF2-CatGraph/results/GAC/02_template_guided_docking/complexes/GAC_34_complex.pdb,results/GAC/05_plip_interaction_graphs/plip_outputs/GAC_34/report.xml,hydrogen_bonds,O1,VAL413A,2318,hydrogen_bonds,hydrogen_bond,GLC:B:1:O1,O1,GLC,B,1
GAC_35,/home/wms/AF2-test/AF2-CatGraph/results/GAC/02_template_guided_docking/complexes/GAC_35_complex.pdb,results/GAC/05_plip_interaction_graphs/plip_outputs/GAC_35/report.xml,hydrophobic_interactions,C2,VAL413A,2319,hydrophobic_interactions,hydrophobic_interaction,GLC:B:1:C2,C2,GLC,B,1
GAC_35,/home/wms/AF2-test/AF2-CatGraph/results/GAC/02_template_guided_docking/complexes/GAC_35_complex.pdb,results/GAC/05_plip_interaction_graphs/plip_outputs/GAC_35/report.xml,hydrogen_bonds,O1,SER215A,2318,hydrogen_bonds,hydrogen_bond,GLC:B:1:O1,O1,GLC,B,1
GAC_35,/home/wms/AF2-test/AF2-CatGraph/results/GAC/02_template_guided_docking/complexes/GAC_35_complex.pdb,results/GAC/05_plip_interaction_graphs/plip_outputs/GAC_35/report.xml,hydrogen_bonds,O2,ASN264A,2324,hydrogen_bonds,hydrogen_bond,GLC:B:1:O2,O2,GLC,B,1
GAC_35,/home/wms/AF2-test/AF2-CatGraph/results/GAC/02_template_guided_docking/complexes/GAC_35_complex.pdb,results/GAC/05_plip_interaction_graphs/plip_outputs/GAC_35/report.xml,hydrogen_bonds,O3,GLU310A,2325,hydrogen_bonds,hydrogen_bond,GLC:B:1:O3,O3,GLC,B,1
GAC_35,/home/wms/AF2-test/AF2-CatGraph/results/GAC/02_template_guided_docking/complexes/GAC_35_complex.pdb,results/GAC/05_plip_interaction_graphs/plip_outputs/GAC_35/report.xml,hydrogen_bonds,N2,GLU310A,2322,hydrogen_bonds,hydrogen_bond,GLC:B:1:N2,N2,GLC,B,1
GAC_35,/home/wms/AF2-test/AF2-CatGraph/results/GAC/02_template_guided_docking/complexes/GAC_35_complex.pdb,results/GAC/05_plip_interaction_graphs/plip_outputs/GAC_35/report.xml,hydrogen_bonds,O2,ASN317A,2324,hydrogen_bonds,hydrogen_bond,GLC:B:1:O2,O2,GLC,B,1
GAC_35,/home/wms/AF2-test/AF2-CatGraph/results/GAC/02_template_guided_docking/complexes/GAC_35_complex.pdb,results/GAC/05_plip_interaction_graphs/plip_outputs/GAC_35/report.xml,hydrogen_bonds,O2,TYR343A,2324,hydrogen_bonds,hydrogen_bond,GLC:B:1:O2,O2,GLC,B,1
GAC_35,/home/wms/AF2-test/AF2-CatGraph/results/GAC/02_template_guided_docking/complexes/GAC_35_complex.pdb,results/GAC/05_plip_interaction_graphs/plip_outputs/GAC_35/report.xml,hydrogen_bonds,O1,TYR395A,2318,hydrogen_bonds,hydrogen_bond,GLC:B:1:O1,O1,GLC,B,1
GAC_35,/home/wms/AF2-test/AF2-CatGraph/results/GAC/02_template_guided_docking/complexes/GAC_35_complex.pdb,results/GAC/05_plip_interaction_graphs/plip_outputs/GAC_35/report.xml,hydrogen_bonds,N1,TYR395A,2316,hydrogen_bonds,hydrogen_bond,GLC:B:1:N1,N1,GLC,B,1
GAC_35,/home/wms/AF2-test/AF2-CatGraph/results/GAC/02_template_guided_docking/complexes/GAC_35_complex.pdb,results/GAC/05_plip_interaction_graphs/plip_outputs/GAC_35/report.xml,hydrogen_bonds,O1,VAL413A,2318,hydrogen_bonds,hydrogen_bond,GLC:B:1:O1,O1,GLC,B,1
GAC_36,/home/wms/AF2-test/AF2-CatGraph/results/GAC/02_template_guided_docking/complexes/GAC_36_complex.pdb,results/GAC/05_plip_interaction_graphs/plip_outputs/GAC_36/report.xml,hydrophobic_interactions,C2,VAL413A,2319,hydrophobic_interactions,hydrophobic_interaction,GLC:B:1:C2,C2,GLC,B,1
GAC_36,/home/wms/AF2-test/AF2-CatGraph/results/GAC/02_template_guided_docking/complexes/GAC_36_complex.pdb,results/GAC/05_plip_interaction_graphs/plip_outputs/GAC_36/report.xml,hydrogen_bonds,N2,TYR178A,2322,hydrogen_bonds,hydrogen_bond,GLC:B:1:N2,N2,GLC,B,1
GAC_36,/home/wms/AF2-test/AF2-CatGraph/results/GAC/02_template_guided_docking/complexes/GAC_36_complex.pdb,results/GAC/05_plip_interaction_graphs/plip_outputs/GAC_36/report.xml,hydrogen_bonds,O1,SER215A,2318,hydrogen_bonds,hydrogen_bond,GLC:B:1:O1,O1,GLC,B,1
GAC_36,/home/wms/AF2-test/AF2-CatGraph/results/GAC/02_template_guided_docking/complexes/GAC_36_complex.pdb,results/GAC/05_plip_interaction_graphs/plip_outputs/GAC_36/report.xml,hydrogen_bonds,O2,ASN264A,2324,hydrogen_bonds,hydrogen_bond,GLC:B:1:O2,O2,GLC,B,1
GAC_36,/home/wms/AF2-test/AF2-CatGraph/results/GAC/02_template_guided_docking/complexes/GAC_36_complex.pdb,results/GAC/05_plip_interaction_graphs/plip_outputs/GAC_36/report.xml,hydrogen_bonds,O3,GLU310A,2325,hydrogen_bonds,hydrogen_bond,GLC:B:1:O3,O3,GLC,B,1
GAC_36,/home/wms/AF2-test/AF2-CatGraph/results/GAC/02_template_guided_docking/complexes/GAC_36_complex.pdb,results/GAC/05_plip_interaction_graphs/plip_outputs/GAC_36/report.xml,hydrogen_bonds,N2,GLU310A,2322,hydrogen_bonds,hydrogen_bond,GLC:B:1:N2,N2,GLC,B,1
GAC_36,/home/wms/AF2-test/AF2-CatGraph/results/GAC/02_template_guided_docking/complexes/GAC_36_complex.pdb,results/GAC/05_plip_interaction_graphs/plip_outputs/GAC_36/report.xml,hydrogen_bonds,O2,ASN317A,2324,hydrogen_bonds,hydrogen_bond,GLC:B:1:O2,O2,GLC,B,1
GAC_36,/home/wms/AF2-test/AF2-CatGraph/results/GAC/02_template_guided_docking/complexes/GAC_36_complex.pdb,results/GAC/05_plip_interaction_graphs/plip_outputs/GAC_36/report.xml,hydrogen_bonds,O2,TYR343A,2324,hydrogen_bonds,hydrogen_bond,GLC:B:1:O2,O2,GLC,B,1
GAC_36,/home/wms/AF2-test/AF2-CatGraph/results/GAC/02_template_guided_docking/complexes/GAC_36_complex.pdb,results/GAC/05_plip_interaction_graphs/plip_outputs/GAC_36/report.xml,hydrogen_bonds,O1,TYR395A,2318,hydrogen_bonds,hydrogen_bond,GLC:B:1:O1,O1,GLC,B,1
GAC_36,/home/wms/AF2-test/AF2-CatGraph/results/GAC/02_template_guided_docking/complexes/GAC_36_complex.pdb,results/GAC/05_plip_interaction_graphs/plip_outputs/GAC_36/report.xml,hydrogen_bonds,N1,TYR395A,2316,hydrogen_bonds,hydrogen_bond,GLC:B:1:N1,N1,GLC,B,1
GAC_36,/home/wms/AF2-test/AF2-CatGraph/results/GAC/02_template_guided_docking/complexes/GAC_36_complex.pdb,results/GAC/05_plip_interaction_graphs/plip_outputs/GAC_36/report.xml,hydrogen_bonds,O1,VAL413A,2318,hydrogen_bonds,hydrogen_bond,GLC:B:1:O1,O1,GLC,B,1
GAC_37,/home/wms/AF2-test/AF2-CatGraph/results/GAC/02_template_guided_docking/complexes/GAC_37_complex.pdb,results/GAC/05_plip_interaction_graphs/plip_outputs/GAC_37/report.xml,hydrophobic_interactions,C2,VAL413A,2319,hydrophobic_interactions,hydrophobic_interaction,GLC:B:1:C2,C2,GLC,B,1
GAC_37,/home/wms/AF2-test/AF2-CatGraph/results/GAC/02_template_guided_docking/complexes/GAC_37_complex.pdb,results/GAC/05_plip_interaction_graphs/plip_outputs/GAC_37/report.xml,hydrogen_bonds,O1,SER215A,2318,hydrogen_bonds,hydrogen_bond,GLC:B:1:O1,O1,GLC,B,1
GAC_37,/home/wms/AF2-test/AF2-CatGraph/results/GAC/02_template_guided_docking/complexes/GAC_37_complex.pdb,results/GAC/05_plip_interaction_graphs/plip_outputs/GAC_37/report.xml,hydrogen_bonds,O2,ASN264A,2324,hydrogen_bonds,hydrogen_bond,GLC:B:1:O2,O2,GLC,B,1
GAC_37,/home/wms/AF2-test/AF2-CatGraph/results/GAC/02_template_guided_docking/complexes/GAC_37_complex.pdb,results/GAC/05_plip_interaction_graphs/plip_outputs/GAC_37/report.xml,hydrogen_bonds,O3,GLU310A,2325,hydrogen_bonds,hydrogen_bond,GLC:B:1:O3,O3,GLC,B,1
GAC_37,/home/wms/AF2-test/AF2-CatGraph/results/GAC/02_template_guided_docking/complexes/GAC_37_complex.pdb,results/GAC/05_plip_interaction_graphs/plip_outputs/GAC_37/report.xml,hydrogen_bonds,N2,GLU310A,2322,hydrogen_bonds,hydrogen_bond,GLC:B:1:N2,N2,GLC,B,1
GAC_37,/home/wms/AF2-test/AF2-CatGraph/results/GAC/02_template_guided_docking/complexes/GAC_37_complex.pdb,results/GAC/05_plip_interaction_graphs/plip_outputs/GAC_37/report.xml,hydrogen_bonds,O2,ASN317A,2324,hydrogen_bonds,hydrogen_bond,GLC:B:1:O2,O2,GLC,B,1
GAC_37,/home/wms/AF2-test/AF2-CatGraph/results/GAC/02_template_guided_docking/complexes/GAC_37_complex.pdb,results/GAC/05_plip_interaction_graphs/plip_outputs/GAC_37/report.xml,hydrogen_bonds,O2,TYR343A,2324,hydrogen_bonds,hydrogen_bond,GLC:B:1:O2,O2,GLC,B,1
GAC_37,/home/wms/AF2-test/AF2-CatGraph/results/GAC/02_template_guided_docking/complexes/GAC_37_complex.pdb,results/GAC/05_plip_interaction_graphs/plip_outputs/GAC_37/report.xml,hydrogen_bonds,O1,TYR395A,2318,hydrogen_bonds,hydrogen_bond,GLC:B:1:O1,O1,GLC,B,1
GAC_37,/home/wms/AF2-test/AF2-CatGraph/results/GAC/02_template_guided_docking/complexes/GAC_37_complex.pdb,results/GAC/05_plip_interaction_graphs/plip_outputs/GAC_37/report.xml,hydrogen_bonds,N1,TYR395A,2316,hydrogen_bonds,hydrogen_bond,GLC:B:1:N1,N1,GLC,B,1
GAC_37,/home/wms/AF2-test/AF2-CatGraph/results/GAC/02_template_guided_docking/complexes/GAC_37_complex.pdb,results/GAC/05_plip_interaction_graphs/plip_outputs/GAC_37/report.xml,hydrogen_bonds,O1,VAL413A,2318,hydrogen_bonds,hydrogen_bond,GLC:B:1:O1,O1,GLC,B,1
GAC_38,/home/wms/AF2-test/AF2-CatGraph/results/GAC/02_template_guided_docking/complexes/GAC_38_complex.pdb,results/GAC/05_plip_interaction_graphs/plip_outputs/GAC_38/report.xml,hydrophobic_interactions,C2,VAL413A,2319,hydrophobic_interactions,hydrophobic_interaction,GLC:B:1:C2,C2,GLC,B,1
GAC_38,/home/wms/AF2-test/AF2-CatGraph/results/GAC/02_template_guided_docking/complexes/GAC_38_complex.pdb,results/GAC/05_plip_interaction_graphs/plip_outputs/GAC_38/report.xml,hydrogen_bonds,N2,TYR178A,2322,hydrogen_bonds,hydrogen_bond,GLC:B:1:N2,N2,GLC,B,1
GAC_38,/home/wms/AF2-test/AF2-CatGraph/results/GAC/02_template_guided_docking/complexes/GAC_38_complex.pdb,results/GAC/05_plip_interaction_graphs/plip_outputs/GAC_38/report.xml,hydrogen_bonds,O1,SER215A,2318,hydrogen_bonds,hydrogen_bond,GLC:B:1:O1,O1,GLC,B,1
GAC_38,/home/wms/AF2-test/AF2-CatGraph/results/GAC/02_template_guided_docking/complexes/GAC_38_complex.pdb,results/GAC/05_plip_interaction_graphs/plip_outputs/GAC_38/report.xml,hydrogen_bonds,O2,ASN264A,2324,hydrogen_bonds,hydrogen_bond,GLC:B:1:O2,O2,GLC,B,1
GAC_38,/home/wms/AF2-test/AF2-CatGraph/results/GAC/02_template_guided_docking/complexes/GAC_38_complex.pdb,results/GAC/05_plip_interaction_graphs/plip_outputs/GAC_38/report.xml,hydrogen_bonds,O3,GLU310A,2325,hydrogen_bonds,hydrogen_bond,GLC:B:1:O3,O3,GLC,B,1
GAC_38,/home/wms/AF2-test/AF2-CatGraph/results/GAC/02_template_guided_docking/complexes/GAC_38_complex.pdb,results/GAC/05_plip_interaction_graphs/plip_outputs/GAC_38/report.xml,hydrogen_bonds,N2,GLU310A,2322,hydrogen_bonds,hydrogen_bond,GLC:B:1:N2,N2,GLC,B,1
GAC_38,/home/wms/AF2-test/AF2-CatGraph/results/GAC/02_template_guided_docking/complexes/GAC_38_complex.pdb,results/GAC/05_plip_interaction_graphs/plip_outputs/GAC_38/report.xml,hydrogen_bonds,O2,ASN317A,2324,hydrogen_bonds,hydrogen_bond,GLC:B:1:O2,O2,GLC,B,1
GAC_38,/home/wms/AF2-test/AF2-CatGraph/results/GAC/02_template_guided_docking/complexes/GAC_38_complex.pdb,results/GAC/05_plip_interaction_graphs/plip_outputs/GAC_38/report.xml,hydrogen_bonds,O2,TYR343A,2324,hydrogen_bonds,hydrogen_bond,GLC:B:1:O2,O2,GLC,B,1
GAC_38,/home/wms/AF2-test/AF2-CatGraph/results/GAC/02_template_guided_docking/complexes/GAC_38_complex.pdb,results/GAC/05_plip_interaction_graphs/plip_outputs/GAC_38/report.xml,hydrogen_bonds,O1,TYR395A,2318,hydrogen_bonds,hydrogen_bond,GLC:B:1:O1,O1,GLC,B,1
GAC_38,/home/wms/AF2-test/AF2-CatGraph/results/GAC/02_template_guided_docking/complexes/GAC_38_complex.pdb,results/GAC/05_plip_interaction_graphs/plip_outputs/GAC_38/report.xml,hydrogen_bonds,N1,TYR395A,2316,hydrogen_bonds,hydrogen_bond,GLC:B:1:N1,N1,GLC,B,1
GAC_38,/home/wms/AF2-test/AF2-CatGraph/results/GAC/02_template_guided_docking/complexes/GAC_38_complex.pdb,results/GAC/05_plip_interaction_graphs/plip_outputs/GAC_38/report.xml,hydrogen_bonds,O1,VAL413A,2318,hydrogen_bonds,hydrogen_bond,GLC:B:1:O1,O1,GLC,B,1
GAC_39,/home/wms/AF2-test/AF2-CatGraph/results/GAC/02_template_guided_docking/complexes/GAC_39_complex.pdb,results/GAC/05_plip_interaction_graphs/plip_outputs/GAC_39/report.xml,hydrophobic_interactions,C2,VAL413A,2319,hydrophobic_interactions,hydrophobic_interaction,GLC:B:1:C2,C2,GLC,B,1
GAC_39,/home/wms/AF2-test/AF2-CatGraph/results/GAC/02_template_guided_docking/complexes/GAC_39_complex.pdb,results/GAC/05_plip_interaction_graphs/plip_outputs/GAC_39/report.xml,hydrogen_bonds,O1,SER215A,2318,hydrogen_bonds,hydrogen_bond,GLC:B:1:O1,O1,GLC,B,1
GAC_39,/home/wms/AF2-test/AF2-CatGraph/results/GAC/02_template_guided_docking/complexes/GAC_39_complex.pdb,results/GAC/05_plip_interaction_graphs/plip_outputs/GAC_39/report.xml,hydrogen_bonds,O2,ASN264A,2324,hydrogen_bonds,hydrogen_bond,GLC:B:1:O2,O2,GLC,B,1
GAC_39,/home/wms/AF2-test/AF2-CatGraph/results/GAC/02_template_guided_docking/complexes/GAC_39_complex.pdb,results/GAC/05_plip_interaction_graphs/plip_outputs/GAC_39/report.xml,hydrogen_bonds,O3,GLU310A,2325,hydrogen_bonds,hydrogen_bond,GLC:B:1:O3,O3,GLC,B,1
GAC_39,/home/wms/AF2-test/AF2-CatGraph/results/GAC/02_template_guided_docking/complexes/GAC_39_complex.pdb,results/GAC/05_plip_interaction_graphs/plip_outputs/GAC_39/report.xml,hydrogen_bonds,N2,GLU310A,2322,hydrogen_bonds,hydrogen_bond,GLC:B:1:N2,N2,GLC,B,1
GAC_39,/home/wms/AF2-test/AF2-CatGraph/results/GAC/02_template_guided_docking/complexes/GAC_39_complex.pdb,results/GAC/05_plip_interaction_graphs/plip_outputs/GAC_39/report.xml,hydrogen_bonds,O2,ASN317A,2324,hydrogen_bonds,hydrogen_bond,GLC:B:1:O2,O2,GLC,B,1
GAC_39,/home/wms/AF2-test/AF2-CatGraph/results/GAC/02_template_guided_docking/complexes/GAC_39_complex.pdb,results/GAC/05_plip_interaction_graphs/plip_outputs/GAC_39/report.xml,hydrogen_bonds,O2,TYR343A,2324,hydrogen_bonds,hydrogen_bond,GLC:B:1:O2,O2,GLC,B,1
GAC_39,/home/wms/AF2-test/AF2-CatGraph/results/GAC/02_template_guided_docking/complexes/GAC_39_complex.pdb,results/GAC/05_plip_interaction_graphs/plip_outputs/GAC_39/report.xml,hydrogen_bonds,O1,TYR395A,2318,hydrogen_bonds,hydrogen_bond,GLC:B:1:O1,O1,GLC,B,1
GAC_39,/home/wms/AF2-test/AF2-CatGraph/results/GAC/02_template_guided_docking/complexes/GAC_39_complex.pdb,results/GAC/05_plip_interaction_graphs/plip_outputs/GAC_39/report.xml,hydrogen_bonds,N1,TYR395A,2316,hydrogen_bonds,hydrogen_bond,GLC:B:1:N1,N1,GLC,B,1
GAC_39,/home/wms/AF2-test/AF2-CatGraph/results/GAC/02_template_guided_docking/complexes/GAC_39_complex.pdb,results/GAC/05_plip_interaction_graphs/plip_outputs/GAC_39/report.xml,hydrogen_bonds,O1,VAL413A,2318,hydrogen_bonds,hydrogen_bond,GLC:B:1:O1,O1,GLC,B,1
GAC_40,/home/wms/AF2-test/AF2-CatGraph/results/GAC/02_template_guided_docking/complexes/GAC_40_complex.pdb,results/GAC/05_plip_interaction_graphs/plip_outputs/GAC_40/report.xml,hydrophobic_interactions,C2,VAL413A,2319,hydrophobic_interactions,hydrophobic_interaction,GLC:B:1:C2,C2,GLC,B,1
GAC_40,/home/wms/AF2-test/AF2-CatGraph/results/GAC/02_template_guided_docking/complexes/GAC_40_complex.pdb,results/GAC/05_plip_interaction_graphs/plip_outputs/GAC_40/report.xml,hydrogen_bonds,O1,SER215A,2318,hydrogen_bonds,hydrogen_bond,GLC:B:1:O1,O1,GLC,B,1
GAC_40,/home/wms/AF2-test/AF2-CatGraph/results/GAC/02_template_guided_docking/complexes/GAC_40_complex.pdb,results/GAC/05_plip_interaction_graphs/plip_outputs/GAC_40/report.xml,hydrogen_bonds,O2,ASN264A,2324,hydrogen_bonds,hydrogen_bond,GLC:B:1:O2,O2,GLC,B,1
GAC_40,/home/wms/AF2-test/AF2-CatGraph/results/GAC/02_template_guided_docking/complexes/GAC_40_complex.pdb,results/GAC/05_plip_interaction_graphs/plip_outputs/GAC_40/report.xml,hydrogen_bonds,O3,GLU310A,2325,hydrogen_bonds,hydrogen_bond,GLC:B:1:O3,O3,GLC,B,1
GAC_40,/home/wms/AF2-test/AF2-CatGraph/results/GAC/02_template_guided_docking/complexes/GAC_40_complex.pdb,results/GAC/05_plip_interaction_graphs/plip_outputs/GAC_40/report.xml,hydrogen_bonds,N2,GLU310A,2322,hydrogen_bonds,hydrogen_bond,GLC:B:1:N2,N2,GLC,B,1
GAC_40,/home/wms/AF2-test/AF2-CatGraph/results/GAC/02_template_guided_docking/complexes/GAC_40_complex.pdb,results/GAC/05_plip_interaction_graphs/plip_outputs/GAC_40/report.xml,hydrogen_bonds,O2,ASN317A,2324,hydrogen_bonds,hydrogen_bond,GLC:B:1:O2,O2,GLC,B,1
GAC_40,/home/wms/AF2-test/AF2-CatGraph/results/GAC/02_template_guided_docking/complexes/GAC_40_complex.pdb,results/GAC/05_plip_interaction_graphs/plip_outputs/GAC_40/report.xml,hydrogen_bonds,O2,TYR343A,2324,hydrogen_bonds,hydrogen_bond,GLC:B:1:O2,O2,GLC,B,1
GAC_40,/home/wms/AF2-test/AF2-CatGraph/results/GAC/02_template_guided_docking/complexes/GAC_40_complex.pdb,results/GAC/05_plip_interaction_graphs/plip_outputs/GAC_40/report.xml,hydrogen_bonds,O1,TYR395A,2318,hydrogen_bonds,hydrogen_bond,GLC:B:1:O1,O1,GLC,B,1
GAC_40,/home/wms/AF2-test/AF2-CatGraph/results/GAC/02_template_guided_docking/complexes/GAC_40_complex.pdb,results/GAC/05_plip_interaction_graphs/plip_outputs/GAC_40/report.xml,hydrogen_bonds,N1,TYR395A,2316,hydrogen_bonds,hydrogen_bond,GLC:B:1:N1,N1,GLC,B,1
GAC_40,/home/wms/AF2-test/AF2-CatGraph/results/GAC/02_template_guided_docking/complexes/GAC_40_complex.pdb,results/GAC/05_plip_interaction_graphs/plip_outputs/GAC_40/report.xml,hydrogen_bonds,O1,VAL413A,2318,hydrogen_bonds,hydrogen_bond,GLC:B:1:O1,O1,GLC,B,1
GAC_41,/home/wms/AF2-test/AF2-CatGraph/results/GAC/02_template_guided_docking/complexes/GAC_41_complex.pdb,results/GAC/05_plip_interaction_graphs/plip_outputs/GAC_41/report.xml,hydrophobic_interactions,C2,VAL413A,2319,hydrophobic_interactions,hydrophobic_interaction,GLC:B:1:C2,C2,GLC,B,1
GAC_41,/home/wms/AF2-test/AF2-CatGraph/results/GAC/02_template_guided_docking/complexes/GAC_41_complex.pdb,results/GAC/05_plip_interaction_graphs/plip_outputs/GAC_41/report.xml,hydrogen_bonds,O1,SER215A,2318,hydrogen_bonds,hydrogen_bond,GLC:B:1:O1,O1,GLC,B,1
GAC_41,/home/wms/AF2-test/AF2-CatGraph/results/GAC/02_template_guided_docking/complexes/GAC_41_complex.pdb,results/GAC/05_plip_interaction_graphs/plip_outputs/GAC_41/report.xml,hydrogen_bonds,O2,ASN264A,2324,hydrogen_bonds,hydrogen_bond,GLC:B:1:O2,O2,GLC,B,1
GAC_41,/home/wms/AF2-test/AF2-CatGraph/results/GAC/02_template_guided_docking/complexes/GAC_41_complex.pdb,results/GAC/05_plip_interaction_graphs/plip_outputs/GAC_41/report.xml,hydrogen_bonds,O3,GLU310A,2325,hydrogen_bonds,hydrogen_bond,GLC:B:1:O3,O3,GLC,B,1
GAC_41,/home/wms/AF2-test/AF2-CatGraph/results/GAC/02_template_guided_docking/complexes/GAC_41_complex.pdb,results/GAC/05_plip_interaction_graphs/plip_outputs/GAC_41/report.xml,hydrogen_bonds,N2,GLU310A,2322,hydrogen_bonds,hydrogen_bond,GLC:B:1:N2,N2,GLC,B,1
GAC_41,/home/wms/AF2-test/AF2-CatGraph/results/GAC/02_template_guided_docking/complexes/GAC_41_complex.pdb,results/GAC/05_plip_interaction_graphs/plip_outputs/GAC_41/report.xml,hydrogen_bonds,O2,ASN317A,2324,hydrogen_bonds,hydrogen_bond,GLC:B:1:O2,O2,GLC,B,1
GAC_41,/home/wms/AF2-test/AF2-CatGraph/results/GAC/02_template_guided_docking/complexes/GAC_41_complex.pdb,results/GAC/05_plip_interaction_graphs/plip_outputs/GAC_41/report.xml,hydrogen_bonds,O2,TYR343A,2324,hydrogen_bonds,hydrogen_bond,GLC:B:1:O2,O2,GLC,B,1
GAC_41,/home/wms/AF2-test/AF2-CatGraph/results/GAC/02_template_guided_docking/complexes/GAC_41_complex.pdb,results/GAC/05_plip_interaction_graphs/plip_outputs/GAC_41/report.xml,hydrogen_bonds,O1,TYR395A,2318,hydrogen_bonds,hydrogen_bond,GLC:B:1:O1,O1,GLC,B,1
GAC_41,/home/wms/AF2-test/AF2-CatGraph/results/GAC/02_template_guided_docking/complexes/GAC_41_complex.pdb,results/GAC/05_plip_interaction_graphs/plip_outputs/GAC_41/report.xml,hydrogen_bonds,N1,TYR395A,2316,hydrogen_bonds,hydrogen_bond,GLC:B:1:N1,N1,GLC,B,1
GAC_41,/home/wms/AF2-test/AF2-CatGraph/results/GAC/02_template_guided_docking/complexes/GAC_41_complex.pdb,results/GAC/05_plip_interaction_graphs/plip_outputs/GAC_41/report.xml,hydrogen_bonds,O1,VAL413A,2318,hydrogen_bonds,hydrogen_bond,GLC:B:1:O1,O1,GLC,B,1
GAC_42,/home/wms/AF2-test/AF2-CatGraph/results/GAC/02_template_guided_docking/complexes/GAC_42_complex.pdb,results/GAC/05_plip_interaction_graphs/plip_outputs/GAC_42/report.xml,hydrophobic_interactions,C2,VAL413A,2319,hydrophobic_interactions,hydrophobic_interaction,GLC:B:1:C2,C2,GLC,B,1
GAC_42,/home/wms/AF2-test/AF2-CatGraph/results/GAC/02_template_guided_docking/complexes/GAC_42_complex.pdb,results/GAC/05_plip_interaction_graphs/plip_outputs/GAC_42/report.xml,hydrogen_bonds,O1,SER215A,2318,hydrogen_bonds,hydrogen_bond,GLC:B:1:O1,O1,GLC,B,1
GAC_42,/home/wms/AF2-test/AF2-CatGraph/results/GAC/02_template_guided_docking/complexes/GAC_42_complex.pdb,results/GAC/05_plip_interaction_graphs/plip_outputs/GAC_42/report.xml,hydrogen_bonds,O2,ASN264A,2324,hydrogen_bonds,hydrogen_bond,GLC:B:1:O2,O2,GLC,B,1
GAC_42,/home/wms/AF2-test/AF2-CatGraph/results/GAC/02_template_guided_docking/complexes/GAC_42_complex.pdb,results/GAC/05_plip_interaction_graphs/plip_outputs/GAC_42/report.xml,hydrogen_bonds,O3,GLU310A,2325,hydrogen_bonds,hydrogen_bond,GLC:B:1:O3,O3,GLC,B,1
GAC_42,/home/wms/AF2-test/AF2-CatGraph/results/GAC/02_template_guided_docking/complexes/GAC_42_complex.pdb,results/GAC/05_plip_interaction_graphs/plip_outputs/GAC_42/report.xml,hydrogen_bonds,N2,GLU310A,2322,hydrogen_bonds,hydrogen_bond,GLC:B:1:N2,N2,GLC,B,1
GAC_42,/home/wms/AF2-test/AF2-CatGraph/results/GAC/02_template_guided_docking/complexes/GAC_42_complex.pdb,results/GAC/05_plip_interaction_graphs/plip_outputs/GAC_42/report.xml,hydrogen_bonds,O2,ASN317A,2324,hydrogen_bonds,hydrogen_bond,GLC:B:1:O2,O2,GLC,B,1
GAC_42,/home/wms/AF2-test/AF2-CatGraph/results/GAC/02_template_guided_docking/complexes/GAC_42_complex.pdb,results/GAC/05_plip_interaction_graphs/plip_outputs/GAC_42/report.xml,hydrogen_bonds,O2,TYR343A,2324,hydrogen_bonds,hydrogen_bond,GLC:B:1:O2,O2,GLC,B,1
GAC_42,/home/wms/AF2-test/AF2-CatGraph/results/GAC/02_template_guided_docking/complexes/GAC_42_complex.pdb,results/GAC/05_plip_interaction_graphs/plip_outputs/GAC_42/report.xml,hydrogen_bonds,O1,TYR395A,2318,hydrogen_bonds,hydrogen_bond,GLC:B:1:O1,O1,GLC,B,1
GAC_42,/home/wms/AF2-test/AF2-CatGraph/results/GAC/02_template_guided_docking/complexes/GAC_42_complex.pdb,results/GAC/05_plip_interaction_graphs/plip_outputs/GAC_42/report.xml,hydrogen_bonds,N1,TYR395A,2316,hydrogen_bonds,hydrogen_bond,GLC:B:1:N1,N1,GLC,B,1
GAC_42,/home/wms/AF2-test/AF2-CatGraph/results/GAC/02_template_guided_docking/complexes/GAC_42_complex.pdb,results/GAC/05_plip_interaction_graphs/plip_outputs/GAC_42/report.xml,hydrogen_bonds,O1,VAL413A,2318,hydrogen_bonds,hydrogen_bond,GLC:B:1:O1,O1,GLC,B,1
GAC_44,/home/wms/AF2-test/AF2-CatGraph/results/GAC/02_template_guided_docking/complexes/GAC_44_complex.pdb,results/GAC/05_plip_interaction_graphs/plip_outputs/GAC_44/report.xml,hydrophobic_interactions,C2,VAL413A,2319,hydrophobic_interactions,hydrophobic_interaction,GLC:B:1:C2,C2,GLC,B,1
GAC_44,/home/wms/AF2-test/AF2-CatGraph/results/GAC/02_template_guided_docking/complexes/GAC_44_complex.pdb,results/GAC/05_plip_interaction_graphs/plip_outputs/GAC_44/report.xml,hydrogen_bonds,O2,ASN264A,2324,hydrogen_bonds,hydrogen_bond,GLC:B:1:O2,O2,GLC,B,1
GAC_44,/home/wms/AF2-test/AF2-CatGraph/results/GAC/02_template_guided_docking/complexes/GAC_44_complex.pdb,results/GAC/05_plip_interaction_graphs/plip_outputs/GAC_44/report.xml,hydrogen_bonds,O3,GLU310A,2325,hydrogen_bonds,hydrogen_bond,GLC:B:1:O3,O3,GLC,B,1
GAC_44,/home/wms/AF2-test/AF2-CatGraph/results/GAC/02_template_guided_docking/complexes/GAC_44_complex.pdb,results/GAC/05_plip_interaction_graphs/plip_outputs/GAC_44/report.xml,hydrogen_bonds,N2,GLU310A,2322,hydrogen_bonds,hydrogen_bond,GLC:B:1:N2,N2,GLC,B,1
GAC_44,/home/wms/AF2-test/AF2-CatGraph/results/GAC/02_template_guided_docking/complexes/GAC_44_complex.pdb,results/GAC/05_plip_interaction_graphs/plip_outputs/GAC_44/report.xml,hydrogen_bonds,O2,ASN317A,2324,hydrogen_bonds,hydrogen_bond,GLC:B:1:O2,O2,GLC,B,1
GAC_44,/home/wms/AF2-test/AF2-CatGraph/results/GAC/02_template_guided_docking/complexes/GAC_44_complex.pdb,results/GAC/05_plip_interaction_graphs/plip_outputs/GAC_44/report.xml,hydrogen_bonds,O2,TYR343A,2324,hydrogen_bonds,hydrogen_bond,GLC:B:1:O2,O2,GLC,B,1
GAC_44,/home/wms/AF2-test/AF2-CatGraph/results/GAC/02_template_guided_docking/complexes/GAC_44_complex.pdb,results/GAC/05_plip_interaction_graphs/plip_outputs/GAC_44/report.xml,hydrogen_bonds,O3,CYS347A,2325,hydrogen_bonds,hydrogen_bond,GLC:B:1:O3,O3,GLC,B,1
GAC_44,/home/wms/AF2-test/AF2-CatGraph/results/GAC/02_template_guided_docking/complexes/GAC_44_complex.pdb,results/GAC/05_plip_interaction_graphs/plip_outputs/GAC_44/report.xml,hydrogen_bonds,N1,TYR395A,2316,hydrogen_bonds,hydrogen_bond,GLC:B:1:N1,N1,GLC,B,1
GAC_44,/home/wms/AF2-test/AF2-CatGraph/results/GAC/02_template_guided_docking/complexes/GAC_44_complex.pdb,results/GAC/05_plip_interaction_graphs/plip_outputs/GAC_44/report.xml,hydrogen_bonds,O1,VAL413A,2318,hydrogen_bonds,hydrogen_bond,GLC:B:1:O1,O1,GLC,B,1
GAC_45,/home/wms/AF2-test/AF2-CatGraph/results/GAC/02_template_guided_docking/complexes/GAC_45_complex.pdb,results/GAC/05_plip_interaction_graphs/plip_outputs/GAC_45/report.xml,hydrophobic_interactions,C2,VAL413A,2319,hydrophobic_interactions,hydrophobic_interaction,GLC:B:1:C2,C2,GLC,B,1
GAC_45,/home/wms/AF2-test/AF2-CatGraph/results/GAC/02_template_guided_docking/complexes/GAC_45_complex.pdb,results/GAC/05_plip_interaction_graphs/plip_outputs/GAC_45/report.xml,hydrogen_bonds,O1,SER215A,2318,hydrogen_bonds,hydrogen_bond,GLC:B:1:O1,O1,GLC,B,1
GAC_45,/home/wms/AF2-test/AF2-CatGraph/results/GAC/02_template_guided_docking/complexes/GAC_45_complex.pdb,results/GAC/05_plip_interaction_graphs/plip_outputs/GAC_45/report.xml,hydrogen_bonds,O2,ASN264A,2324,hydrogen_bonds,hydrogen_bond,GLC:B:1:O2,O2,GLC,B,1
GAC_45,/home/wms/AF2-test/AF2-CatGraph/results/GAC/02_template_guided_docking/complexes/GAC_45_complex.pdb,results/GAC/05_plip_interaction_graphs/plip_outputs/GAC_45/report.xml,hydrogen_bonds,O3,GLU310A,2325,hydrogen_bonds,hydrogen_bond,GLC:B:1:O3,O3,GLC,B,1
GAC_45,/home/wms/AF2-test/AF2-CatGraph/results/GAC/02_template_guided_docking/complexes/GAC_45_complex.pdb,results/GAC/05_plip_interaction_graphs/plip_outputs/GAC_45/report.xml,hydrogen_bonds,N2,GLU310A,2322,hydrogen_bonds,hydrogen_bond,GLC:B:1:N2,N2,GLC,B,1
GAC_45,/home/wms/AF2-test/AF2-CatGraph/results/GAC/02_template_guided_docking/complexes/GAC_45_complex.pdb,results/GAC/05_plip_interaction_graphs/plip_outputs/GAC_45/report.xml,hydrogen_bonds,O2,ASN317A,2324,hydrogen_bonds,hydrogen_bond,GLC:B:1:O2,O2,GLC,B,1
GAC_45,/home/wms/AF2-test/AF2-CatGraph/results/GAC/02_template_guided_docking/complexes/GAC_45_complex.pdb,results/GAC/05_plip_interaction_graphs/plip_outputs/GAC_45/report.xml,hydrogen_bonds,O2,TYR343A,2324,hydrogen_bonds,hydrogen_bond,GLC:B:1:O2,O2,GLC,B,1
GAC_45,/home/wms/AF2-test/AF2-CatGraph/results/GAC/02_template_guided_docking/complexes/GAC_45_complex.pdb,results/GAC/05_plip_interaction_graphs/plip_outputs/GAC_45/report.xml,hydrogen_bonds,O1,TYR395A,2318,hydrogen_bonds,hydrogen_bond,GLC:B:1:O1,O1,GLC,B,1
GAC_45,/home/wms/AF2-test/AF2-CatGraph/results/GAC/02_template_guided_docking/complexes/GAC_45_complex.pdb,results/GAC/05_plip_interaction_graphs/plip_outputs/GAC_45/report.xml,hydrogen_bonds,N1,TYR395A,2316,hydrogen_bonds,hydrogen_bond,GLC:B:1:N1,N1,GLC,B,1
GAC_45,/home/wms/AF2-test/AF2-CatGraph/results/GAC/02_template_guided_docking/complexes/GAC_45_complex.pdb,results/GAC/05_plip_interaction_graphs/plip_outputs/GAC_45/report.xml,hydrogen_bonds,O1,VAL413A,2318,hydrogen_bonds,hydrogen_bond,GLC:B:1:O1,O1,GLC,B,1
GAC_46,/home/wms/AF2-test/AF2-CatGraph/results/GAC/02_template_guided_docking/complexes/GAC_46_complex.pdb,results/GAC/05_plip_interaction_graphs/plip_outputs/GAC_46/report.xml,hydrophobic_interactions,C2,VAL413A,2319,hydrophobic_interactions,hydrophobic_interaction,GLC:B:1:C2,C2,GLC,B,1
GAC_46,/home/wms/AF2-test/AF2-CatGraph/results/GAC/02_template_guided_docking/complexes/GAC_46_complex.pdb,results/GAC/05_plip_interaction_graphs/plip_outputs/GAC_46/report.xml,hydrogen_bonds,O1,SER215A,2318,hydrogen_bonds,hydrogen_bond,GLC:B:1:O1,O1,GLC,B,1
GAC_46,/home/wms/AF2-test/AF2-CatGraph/results/GAC/02_template_guided_docking/complexes/GAC_46_complex.pdb,results/GAC/05_plip_interaction_graphs/plip_outputs/GAC_46/report.xml,hydrogen_bonds,O2,ASN264A,2324,hydrogen_bonds,hydrogen_bond,GLC:B:1:O2,O2,GLC,B,1
GAC_46,/home/wms/AF2-test/AF2-CatGraph/results/GAC/02_template_guided_docking/complexes/GAC_46_complex.pdb,results/GAC/05_plip_interaction_graphs/plip_outputs/GAC_46/report.xml,hydrogen_bonds,O3,GLU310A,2325,hydrogen_bonds,hydrogen_bond,GLC:B:1:O3,O3,GLC,B,1
GAC_46,/home/wms/AF2-test/AF2-CatGraph/results/GAC/02_template_guided_docking/complexes/GAC_46_complex.pdb,results/GAC/05_plip_interaction_graphs/plip_outputs/GAC_46/report.xml,hydrogen_bonds,N2,GLU310A,2322,hydrogen_bonds,hydrogen_bond,GLC:B:1:N2,N2,GLC,B,1
GAC_46,/home/wms/AF2-test/AF2-CatGraph/results/GAC/02_template_guided_docking/complexes/GAC_46_complex.pdb,results/GAC/05_plip_interaction_graphs/plip_outputs/GAC_46/report.xml,hydrogen_bonds,O2,ASN317A,2324,hydrogen_bonds,hydrogen_bond,GLC:B:1:O2,O2,GLC,B,1
GAC_46,/home/wms/AF2-test/AF2-CatGraph/results/GAC/02_template_guided_docking/complexes/GAC_46_complex.pdb,results/GAC/05_plip_interaction_graphs/plip_outputs/GAC_46/report.xml,hydrogen_bonds,O2,TYR343A,2324,hydrogen_bonds,hydrogen_bond,GLC:B:1:O2,O2,GLC,B,1
GAC_46,/home/wms/AF2-test/AF2-CatGraph/results/GAC/02_template_guided_docking/complexes/GAC_46_complex.pdb,results/GAC/05_plip_interaction_graphs/plip_outputs/GAC_46/report.xml,hydrogen_bonds,O1,TYR395A,2318,hydrogen_bonds,hydrogen_bond,GLC:B:1:O1,O1,GLC,B,1
GAC_46,/home/wms/AF2-test/AF2-CatGraph/results/GAC/02_template_guided_docking/complexes/GAC_46_complex.pdb,results/GAC/05_plip_interaction_graphs/plip_outputs/GAC_46/report.xml,hydrogen_bonds,N1,TYR395A,2316,hydrogen_bonds,hydrogen_bond,GLC:B:1:N1,N1,GLC,B,1
GAC_46,/home/wms/AF2-test/AF2-CatGraph/results/GAC/02_template_guided_docking/complexes/GAC_46_complex.pdb,results/GAC/05_plip_interaction_graphs/plip_outputs/GAC_46/report.xml,hydrogen_bonds,O1,VAL413A,2318,hydrogen_bonds,hydrogen_bond,GLC:B:1:O1,O1,GLC,B,1
GAC_47,/home/wms/AF2-test/AF2-CatGraph/results/GAC/02_template_guided_docking/complexes/GAC_47_complex.pdb,results/GAC/05_plip_interaction_graphs/plip_outputs/GAC_47/report.xml,hydrophobic_interactions,C2,VAL413A,2319,hydrophobic_interactions,hydrophobic_interaction,GLC:B:1:C2,C2,GLC,B,1
GAC_47,/home/wms/AF2-test/AF2-CatGraph/results/GAC/02_template_guided_docking/complexes/GAC_47_complex.pdb,results/GAC/05_plip_interaction_graphs/plip_outputs/GAC_47/report.xml,hydrogen_bonds,O1,SER215A,2318,hydrogen_bonds,hydrogen_bond,GLC:B:1:O1,O1,GLC,B,1
GAC_47,/home/wms/AF2-test/AF2-CatGraph/results/GAC/02_template_guided_docking/complexes/GAC_47_complex.pdb,results/GAC/05_plip_interaction_graphs/plip_outputs/GAC_47/report.xml,hydrogen_bonds,O2,ASN264A,2324,hydrogen_bonds,hydrogen_bond,GLC:B:1:O2,O2,GLC,B,1
GAC_47,/home/wms/AF2-test/AF2-CatGraph/results/GAC/02_template_guided_docking/complexes/GAC_47_complex.pdb,results/GAC/05_plip_interaction_graphs/plip_outputs/GAC_47/report.xml,hydrogen_bonds,O3,GLU310A,2325,hydrogen_bonds,hydrogen_bond,GLC:B:1:O3,O3,GLC,B,1
GAC_47,/home/wms/AF2-test/AF2-CatGraph/results/GAC/02_template_guided_docking/complexes/GAC_47_complex.pdb,results/GAC/05_plip_interaction_graphs/plip_outputs/GAC_47/report.xml,hydrogen_bonds,N2,GLU310A,2322,hydrogen_bonds,hydrogen_bond,GLC:B:1:N2,N2,GLC,B,1
GAC_47,/home/wms/AF2-test/AF2-CatGraph/results/GAC/02_template_guided_docking/complexes/GAC_47_complex.pdb,results/GAC/05_plip_interaction_graphs/plip_outputs/GAC_47/report.xml,hydrogen_bonds,O2,ASN317A,2324,hydrogen_bonds,hydrogen_bond,GLC:B:1:O2,O2,GLC,B,1
GAC_47,/home/wms/AF2-test/AF2-CatGraph/results/GAC/02_template_guided_docking/complexes/GAC_47_complex.pdb,results/GAC/05_plip_interaction_graphs/plip_outputs/GAC_47/report.xml,hydrogen_bonds,O2,TYR343A,2324,hydrogen_bonds,hydrogen_bond,GLC:B:1:O2,O2,GLC,B,1
GAC_47,/home/wms/AF2-test/AF2-CatGraph/results/GAC/02_template_guided_docking/complexes/GAC_47_complex.pdb,results/GAC/05_plip_interaction_graphs/plip_outputs/GAC_47/report.xml,hydrogen_bonds,O1,TYR395A,2318,hydrogen_bonds,hydrogen_bond,GLC:B:1:O1,O1,GLC,B,1
GAC_47,/home/wms/AF2-test/AF2-CatGraph/results/GAC/02_template_guided_docking/complexes/GAC_47_complex.pdb,results/GAC/05_plip_interaction_graphs/plip_outputs/GAC_47/report.xml,hydrogen_bonds,N1,TYR395A,2316,hydrogen_bonds,hydrogen_bond,GLC:B:1:N1,N1,GLC,B,1
GAC_47,/home/wms/AF2-test/AF2-CatGraph/results/GAC/02_template_guided_docking/complexes/GAC_47_complex.pdb,results/GAC/05_plip_interaction_graphs/plip_outputs/GAC_47/report.xml,hydrogen_bonds,O1,VAL413A,2318,hydrogen_bonds,hydrogen_bond,GLC:B:1:O1,O1,GLC,B,1
GAC_48,/home/wms/AF2-test/AF2-CatGraph/results/GAC/02_template_guided_docking/complexes/GAC_48_complex.pdb,results/GAC/05_plip_interaction_graphs/plip_outputs/GAC_48/report.xml,hydrophobic_interactions,C2,VAL413A,2319,hydrophobic_interactions,hydrophobic_interaction,GLC:B:1:C2,C2,GLC,B,1
GAC_48,/home/wms/AF2-test/AF2-CatGraph/results/GAC/02_template_guided_docking/complexes/GAC_48_complex.pdb,results/GAC/05_plip_interaction_graphs/plip_outputs/GAC_48/report.xml,hydrogen_bonds,O1,SER215A,2318,hydrogen_bonds,hydrogen_bond,GLC:B:1:O1,O1,GLC,B,1
GAC_48,/home/wms/AF2-test/AF2-CatGraph/results/GAC/02_template_guided_docking/complexes/GAC_48_complex.pdb,results/GAC/05_plip_interaction_graphs/plip_outputs/GAC_48/report.xml,hydrogen_bonds,O2,ASN264A,2324,hydrogen_bonds,hydrogen_bond,GLC:B:1:O2,O2,GLC,B,1
GAC_48,/home/wms/AF2-test/AF2-CatGraph/results/GAC/02_template_guided_docking/complexes/GAC_48_complex.pdb,results/GAC/05_plip_interaction_graphs/plip_outputs/GAC_48/report.xml,hydrogen_bonds,O3,GLU310A,2325,hydrogen_bonds,hydrogen_bond,GLC:B:1:O3,O3,GLC,B,1
GAC_48,/home/wms/AF2-test/AF2-CatGraph/results/GAC/02_template_guided_docking/complexes/GAC_48_complex.pdb,results/GAC/05_plip_interaction_graphs/plip_outputs/GAC_48/report.xml,hydrogen_bonds,N2,GLU310A,2322,hydrogen_bonds,hydrogen_bond,GLC:B:1:N2,N2,GLC,B,1
GAC_48,/home/wms/AF2-test/AF2-CatGraph/results/GAC/02_template_guided_docking/complexes/GAC_48_complex.pdb,results/GAC/05_plip_interaction_graphs/plip_outputs/GAC_48/report.xml,hydrogen_bonds,O2,ASN317A,2324,hydrogen_bonds,hydrogen_bond,GLC:B:1:O2,O2,GLC,B,1
GAC_48,/home/wms/AF2-test/AF2-CatGraph/results/GAC/02_template_guided_docking/complexes/GAC_48_complex.pdb,results/GAC/05_plip_interaction_graphs/plip_outputs/GAC_48/report.xml,hydrogen_bonds,O2,TYR343A,2324,hydrogen_bonds,hydrogen_bond,GLC:B:1:O2,O2,GLC,B,1
GAC_48,/home/wms/AF2-test/AF2-CatGraph/results/GAC/02_template_guided_docking/complexes/GAC_48_complex.pdb,results/GAC/05_plip_interaction_graphs/plip_outputs/GAC_48/report.xml,hydrogen_bonds,O1,TYR395A,2318,hydrogen_bonds,hydrogen_bond,GLC:B:1:O1,O1,GLC,B,1
GAC_48,/home/wms/AF2-test/AF2-CatGraph/results/GAC/02_template_guided_docking/complexes/GAC_48_complex.pdb,results/GAC/05_plip_interaction_graphs/plip_outputs/GAC_48/report.xml,hydrogen_bonds,N1,TYR395A,2316,hydrogen_bonds,hydrogen_bond,GLC:B:1:N1,N1,GLC,B,1
GAC_48,/home/wms/AF2-test/AF2-CatGraph/results/GAC/02_template_guided_docking/complexes/GAC_48_complex.pdb,results/GAC/05_plip_interaction_graphs/plip_outputs/GAC_48/report.xml,hydrogen_bonds,O1,VAL413A,2318,hydrogen_bonds,hydrogen_bond,GLC:B:1:O1,O1,GLC,B,1
GAC_49,/home/wms/AF2-test/AF2-CatGraph/results/GAC/02_template_guided_docking/complexes/GAC_49_complex.pdb,results/GAC/05_plip_interaction_graphs/plip_outputs/GAC_49/report.xml,hydrophobic_interactions,C2,VAL413A,2319,hydrophobic_interactions,hydrophobic_interaction,GLC:B:1:C2,C2,GLC,B,1
GAC_49,/home/wms/AF2-test/AF2-CatGraph/results/GAC/02_template_guided_docking/complexes/GAC_49_complex.pdb,results/GAC/05_plip_interaction_graphs/plip_outputs/GAC_49/report.xml,hydrogen_bonds,O1,SER215A,2318,hydrogen_bonds,hydrogen_bond,GLC:B:1:O1,O1,GLC,B,1
GAC_49,/home/wms/AF2-test/AF2-CatGraph/results/GAC/02_template_guided_docking/complexes/GAC_49_complex.pdb,results/GAC/05_plip_interaction_graphs/plip_outputs/GAC_49/report.xml,hydrogen_bonds,O2,ASN264A,2324,hydrogen_bonds,hydrogen_bond,GLC:B:1:O2,O2,GLC,B,1
GAC_49,/home/wms/AF2-test/AF2-CatGraph/results/GAC/02_template_guided_docking/complexes/GAC_49_complex.pdb,results/GAC/05_plip_interaction_graphs/plip_outputs/GAC_49/report.xml,hydrogen_bonds,O3,GLU310A,2325,hydrogen_bonds,hydrogen_bond,GLC:B:1:O3,O3,GLC,B,1
GAC_49,/home/wms/AF2-test/AF2-CatGraph/results/GAC/02_template_guided_docking/complexes/GAC_49_complex.pdb,results/GAC/05_plip_interaction_graphs/plip_outputs/GAC_49/report.xml,hydrogen_bonds,N2,GLU310A,2322,hydrogen_bonds,hydrogen_bond,GLC:B:1:N2,N2,GLC,B,1
GAC_49,/home/wms/AF2-test/AF2-CatGraph/results/GAC/02_template_guided_docking/complexes/GAC_49_complex.pdb,results/GAC/05_plip_interaction_graphs/plip_outputs/GAC_49/report.xml,hydrogen_bonds,O2,ASN317A,2324,hydrogen_bonds,hydrogen_bond,GLC:B:1:O2,O2,GLC,B,1
GAC_49,/home/wms/AF2-test/AF2-CatGraph/results/GAC/02_template_guided_docking/complexes/GAC_49_complex.pdb,results/GAC/05_plip_interaction_graphs/plip_outputs/GAC_49/report.xml,hydrogen_bonds,O2,TYR343A,2324,hydrogen_bonds,hydrogen_bond,GLC:B:1:O2,O2,GLC,B,1
GAC_49,/home/wms/AF2-test/AF2-CatGraph/results/GAC/02_template_guided_docking/complexes/GAC_49_complex.pdb,results/GAC/05_plip_interaction_graphs/plip_outputs/GAC_49/report.xml,hydrogen_bonds,O1,TYR395A,2318,hydrogen_bonds,hydrogen_bond,GLC:B:1:O1,O1,GLC,B,1
GAC_49,/home/wms/AF2-test/AF2-CatGraph/results/GAC/02_template_guided_docking/complexes/GAC_49_complex.pdb,results/GAC/05_plip_interaction_graphs/plip_outputs/GAC_49/report.xml,hydrogen_bonds,N1,TYR395A,2316,hydrogen_bonds,hydrogen_bond,GLC:B:1:N1,N1,GLC,B,1
GAC_49,/home/wms/AF2-test/AF2-CatGraph/results/GAC/02_template_guided_docking/complexes/GAC_49_complex.pdb,results/GAC/05_plip_interaction_graphs/plip_outputs/GAC_49/report.xml,hydrogen_bonds,O1,VAL413A,2318,hydrogen_bonds,hydrogen_bond,GLC:B:1:O1,O1,GLC,B,1
GAC_50,/home/wms/AF2-test/AF2-CatGraph/results/GAC/02_template_guided_docking/complexes/GAC_50_complex.pdb,results/GAC/05_plip_interaction_graphs/plip_outputs/GAC_50/report.xml,hydrophobic_interactions,C2,VAL413A,2319,hydrophobic_interactions,hydrophobic_interaction,GLC:B:1:C2,C2,GLC,B,1
GAC_50,/home/wms/AF2-test/AF2-CatGraph/results/GAC/02_template_guided_docking/complexes/GAC_50_complex.pdb,results/GAC/05_plip_interaction_graphs/plip_outputs/GAC_50/report.xml,hydrogen_bonds,O1,SER215A,2318,hydrogen_bonds,hydrogen_bond,GLC:B:1:O1,O1,GLC,B,1
GAC_50,/home/wms/AF2-test/AF2-CatGraph/results/GAC/02_template_guided_docking/complexes/GAC_50_complex.pdb,results/GAC/05_plip_interaction_graphs/plip_outputs/GAC_50/report.xml,hydrogen_bonds,O2,ASN264A,2324,hydrogen_bonds,hydrogen_bond,GLC:B:1:O2,O2,GLC,B,1
GAC_50,/home/wms/AF2-test/AF2-CatGraph/results/GAC/02_template_guided_docking/complexes/GAC_50_complex.pdb,results/GAC/05_plip_interaction_graphs/plip_outputs/GAC_50/report.xml,hydrogen_bonds,O3,GLU310A,2325,hydrogen_bonds,hydrogen_bond,GLC:B:1:O3,O3,GLC,B,1
GAC_50,/home/wms/AF2-test/AF2-CatGraph/results/GAC/02_template_guided_docking/complexes/GAC_50_complex.pdb,results/GAC/05_plip_interaction_graphs/plip_outputs/GAC_50/report.xml,hydrogen_bonds,N2,GLU310A,2322,hydrogen_bonds,hydrogen_bond,GLC:B:1:N2,N2,GLC,B,1
GAC_50,/home/wms/AF2-test/AF2-CatGraph/results/GAC/02_template_guided_docking/complexes/GAC_50_complex.pdb,results/GAC/05_plip_interaction_graphs/plip_outputs/GAC_50/report.xml,hydrogen_bonds,O2,ASN317A,2324,hydrogen_bonds,hydrogen_bond,GLC:B:1:O2,O2,GLC,B,1
GAC_50,/home/wms/AF2-test/AF2-CatGraph/results/GAC/02_template_guided_docking/complexes/GAC_50_complex.pdb,results/GAC/05_plip_interaction_graphs/plip_outputs/GAC_50/report.xml,hydrogen_bonds,O2,TYR343A,2324,hydrogen_bonds,hydrogen_bond,GLC:B:1:O2,O2,GLC,B,1
GAC_50,/home/wms/AF2-test/AF2-CatGraph/results/GAC/02_template_guided_docking/complexes/GAC_50_complex.pdb,results/GAC/05_plip_interaction_graphs/plip_outputs/GAC_50/report.xml,hydrogen_bonds,O1,TYR395A,2318,hydrogen_bonds,hydrogen_bond,GLC:B:1:O1,O1,GLC,B,1
GAC_50,/home/wms/AF2-test/AF2-CatGraph/results/GAC/02_template_guided_docking/complexes/GAC_50_complex.pdb,results/GAC/05_plip_interaction_graphs/plip_outputs/GAC_50/report.xml,hydrogen_bonds,N1,TYR395A,2316,hydrogen_bonds,hydrogen_bond,GLC:B:1:N1,N1,GLC,B,1
GAC_50,/home/wms/AF2-test/AF2-CatGraph/results/GAC/02_template_guided_docking/complexes/GAC_50_complex.pdb,results/GAC/05_plip_interaction_graphs/plip_outputs/GAC_50/report.xml,hydrogen_bonds,O1,VAL413A,2318,hydrogen_bonds,hydrogen_bond,GLC:B:1:O1,O1,GLC,B,1
GAC_51,/home/wms/AF2-test/AF2-CatGraph/results/GAC/02_template_guided_docking/complexes/GAC_51_complex.pdb,results/GAC/05_plip_interaction_graphs/plip_outputs/GAC_51/report.xml,hydrophobic_interactions,C2,VAL413A,2319,hydrophobic_interactions,hydrophobic_interaction,GLC:B:1:C2,C2,GLC,B,1
GAC_51,/home/wms/AF2-test/AF2-CatGraph/results/GAC/02_template_guided_docking/complexes/GAC_51_complex.pdb,results/GAC/05_plip_interaction_graphs/plip_outputs/GAC_51/report.xml,hydrogen_bonds,O1,SER215A,2318,hydrogen_bonds,hydrogen_bond,GLC:B:1:O1,O1,GLC,B,1
GAC_51,/home/wms/AF2-test/AF2-CatGraph/results/GAC/02_template_guided_docking/complexes/GAC_51_complex.pdb,results/GAC/05_plip_interaction_graphs/plip_outputs/GAC_51/report.xml,hydrogen_bonds,O2,ASN264A,2324,hydrogen_bonds,hydrogen_bond,GLC:B:1:O2,O2,GLC,B,1
GAC_51,/home/wms/AF2-test/AF2-CatGraph/results/GAC/02_template_guided_docking/complexes/GAC_51_complex.pdb,results/GAC/05_plip_interaction_graphs/plip_outputs/GAC_51/report.xml,hydrogen_bonds,O3,GLU310A,2325,hydrogen_bonds,hydrogen_bond,GLC:B:1:O3,O3,GLC,B,1
GAC_51,/home/wms/AF2-test/AF2-CatGraph/results/GAC/02_template_guided_docking/complexes/GAC_51_complex.pdb,results/GAC/05_plip_interaction_graphs/plip_outputs/GAC_51/report.xml,hydrogen_bonds,N2,GLU310A,2322,hydrogen_bonds,hydrogen_bond,GLC:B:1:N2,N2,GLC,B,1
GAC_51,/home/wms/AF2-test/AF2-CatGraph/results/GAC/02_template_guided_docking/complexes/GAC_51_complex.pdb,results/GAC/05_plip_interaction_graphs/plip_outputs/GAC_51/report.xml,hydrogen_bonds,O2,ASN317A,2324,hydrogen_bonds,hydrogen_bond,GLC:B:1:O2,O2,GLC,B,1
GAC_51,/home/wms/AF2-test/AF2-CatGraph/results/GAC/02_template_guided_docking/complexes/GAC_51_complex.pdb,results/GAC/05_plip_interaction_graphs/plip_outputs/GAC_51/report.xml,hydrogen_bonds,O2,TYR343A,2324,hydrogen_bonds,hydrogen_bond,GLC:B:1:O2,O2,GLC,B,1
GAC_51,/home/wms/AF2-test/AF2-CatGraph/results/GAC/02_template_guided_docking/complexes/GAC_51_complex.pdb,results/GAC/05_plip_interaction_graphs/plip_outputs/GAC_51/report.xml,hydrogen_bonds,O1,TYR395A,2318,hydrogen_bonds,hydrogen_bond,GLC:B:1:O1,O1,GLC,B,1
GAC_51,/home/wms/AF2-test/AF2-CatGraph/results/GAC/02_template_guided_docking/complexes/GAC_51_complex.pdb,results/GAC/05_plip_interaction_graphs/plip_outputs/GAC_51/report.xml,hydrogen_bonds,N1,TYR395A,2316,hydrogen_bonds,hydrogen_bond,GLC:B:1:N1,N1,GLC,B,1
GAC_51,/home/wms/AF2-test/AF2-CatGraph/results/GAC/02_template_guided_docking/complexes/GAC_51_complex.pdb,results/GAC/05_plip_interaction_graphs/plip_outputs/GAC_51/report.xml,hydrogen_bonds,O1,VAL413A,2318,hydrogen_bonds,hydrogen_bond,GLC:B:1:O1,O1,GLC,B,1
GAC_52,/home/wms/AF2-test/AF2-CatGraph/results/GAC/02_template_guided_docking/complexes/GAC_52_complex.pdb,results/GAC/05_plip_interaction_graphs/plip_outputs/GAC_52/report.xml,hydrophobic_interactions,C2,VAL413A,2319,hydrophobic_interactions,hydrophobic_interaction,GLC:B:1:C2,C2,GLC,B,1
GAC_52,/home/wms/AF2-test/AF2-CatGraph/results/GAC/02_template_guided_docking/complexes/GAC_52_complex.pdb,results/GAC/05_plip_interaction_graphs/plip_outputs/GAC_52/report.xml,hydrogen_bonds,O1,SER215A,2318,hydrogen_bonds,hydrogen_bond,GLC:B:1:O1,O1,GLC,B,1
GAC_52,/home/wms/AF2-test/AF2-CatGraph/results/GAC/02_template_guided_docking/complexes/GAC_52_complex.pdb,results/GAC/05_plip_interaction_graphs/plip_outputs/GAC_52/report.xml,hydrogen_bonds,O2,ASN264A,2324,hydrogen_bonds,hydrogen_bond,GLC:B:1:O2,O2,GLC,B,1
GAC_52,/home/wms/AF2-test/AF2-CatGraph/results/GAC/02_template_guided_docking/complexes/GAC_52_complex.pdb,results/GAC/05_plip_interaction_graphs/plip_outputs/GAC_52/report.xml,hydrogen_bonds,O3,GLU310A,2325,hydrogen_bonds,hydrogen_bond,GLC:B:1:O3,O3,GLC,B,1
GAC_52,/home/wms/AF2-test/AF2-CatGraph/results/GAC/02_template_guided_docking/complexes/GAC_52_complex.pdb,results/GAC/05_plip_interaction_graphs/plip_outputs/GAC_52/report.xml,hydrogen_bonds,N2,GLU310A,2322,hydrogen_bonds,hydrogen_bond,GLC:B:1:N2,N2,GLC,B,1
GAC_52,/home/wms/AF2-test/AF2-CatGraph/results/GAC/02_template_guided_docking/complexes/GAC_52_complex.pdb,results/GAC/05_plip_interaction_graphs/plip_outputs/GAC_52/report.xml,hydrogen_bonds,O2,ASN317A,2324,hydrogen_bonds,hydrogen_bond,GLC:B:1:O2,O2,GLC,B,1
GAC_52,/home/wms/AF2-test/AF2-CatGraph/results/GAC/02_template_guided_docking/complexes/GAC_52_complex.pdb,results/GAC/05_plip_interaction_graphs/plip_outputs/GAC_52/report.xml,hydrogen_bonds,O2,TYR343A,2324,hydrogen_bonds,hydrogen_bond,GLC:B:1:O2,O2,GLC,B,1
GAC_52,/home/wms/AF2-test/AF2-CatGraph/results/GAC/02_template_guided_docking/complexes/GAC_52_complex.pdb,results/GAC/05_plip_interaction_graphs/plip_outputs/GAC_52/report.xml,hydrogen_bonds,O1,TYR395A,2318,hydrogen_bonds,hydrogen_bond,GLC:B:1:O1,O1,GLC,B,1
GAC_52,/home/wms/AF2-test/AF2-CatGraph/results/GAC/02_template_guided_docking/complexes/GAC_52_complex.pdb,results/GAC/05_plip_interaction_graphs/plip_outputs/GAC_52/report.xml,hydrogen_bonds,N1,TYR395A,2316,hydrogen_bonds,hydrogen_bond,GLC:B:1:N1,N1,GLC,B,1
GAC_52,/home/wms/AF2-test/AF2-CatGraph/results/GAC/02_template_guided_docking/complexes/GAC_52_complex.pdb,results/GAC/05_plip_interaction_graphs/plip_outputs/GAC_52/report.xml,hydrogen_bonds,O1,VAL413A,2318,hydrogen_bonds,hydrogen_bond,GLC:B:1:O1,O1,GLC,B,1
GAC_53,/home/wms/AF2-test/AF2-CatGraph/results/GAC/02_template_guided_docking/complexes/GAC_53_complex.pdb,results/GAC/05_plip_interaction_graphs/plip_outputs/GAC_53/report.xml,hydrophobic_interactions,C2,VAL413A,2319,hydrophobic_interactions,hydrophobic_interaction,GLC:B:1:C2,C2,GLC,B,1
GAC_53,/home/wms/AF2-test/AF2-CatGraph/results/GAC/02_template_guided_docking/complexes/GAC_53_complex.pdb,results/GAC/05_plip_interaction_graphs/plip_outputs/GAC_53/report.xml,hydrogen_bonds,O1,SER215A,2318,hydrogen_bonds,hydrogen_bond,GLC:B:1:O1,O1,GLC,B,1
GAC_53,/home/wms/AF2-test/AF2-CatGraph/results/GAC/02_template_guided_docking/complexes/GAC_53_complex.pdb,results/GAC/05_plip_interaction_graphs/plip_outputs/GAC_53/report.xml,hydrogen_bonds,O2,ASN264A,2324,hydrogen_bonds,hydrogen_bond,GLC:B:1:O2,O2,GLC,B,1
GAC_53,/home/wms/AF2-test/AF2-CatGraph/results/GAC/02_template_guided_docking/complexes/GAC_53_complex.pdb,results/GAC/05_plip_interaction_graphs/plip_outputs/GAC_53/report.xml,hydrogen_bonds,O3,GLU310A,2325,hydrogen_bonds,hydrogen_bond,GLC:B:1:O3,O3,GLC,B,1
GAC_53,/home/wms/AF2-test/AF2-CatGraph/results/GAC/02_template_guided_docking/complexes/GAC_53_complex.pdb,results/GAC/05_plip_interaction_graphs/plip_outputs/GAC_53/report.xml,hydrogen_bonds,N2,GLU310A,2322,hydrogen_bonds,hydrogen_bond,GLC:B:1:N2,N2,GLC,B,1
GAC_53,/home/wms/AF2-test/AF2-CatGraph/results/GAC/02_template_guided_docking/complexes/GAC_53_complex.pdb,results/GAC/05_plip_interaction_graphs/plip_outputs/GAC_53/report.xml,hydrogen_bonds,O2,ASN317A,2324,hydrogen_bonds,hydrogen_bond,GLC:B:1:O2,O2,GLC,B,1
GAC_53,/home/wms/AF2-test/AF2-CatGraph/results/GAC/02_template_guided_docking/complexes/GAC_53_complex.pdb,results/GAC/05_plip_interaction_graphs/plip_outputs/GAC_53/report.xml,hydrogen_bonds,O2,TYR343A,2324,hydrogen_bonds,hydrogen_bond,GLC:B:1:O2,O2,GLC,B,1
GAC_53,/home/wms/AF2-test/AF2-CatGraph/results/GAC/02_template_guided_docking/complexes/GAC_53_complex.pdb,results/GAC/05_plip_interaction_graphs/plip_outputs/GAC_53/report.xml,hydrogen_bonds,O1,TYR395A,2318,hydrogen_bonds,hydrogen_bond,GLC:B:1:O1,O1,GLC,B,1
GAC_53,/home/wms/AF2-test/AF2-CatGraph/results/GAC/02_template_guided_docking/complexes/GAC_53_complex.pdb,results/GAC/05_plip_interaction_graphs/plip_outputs/GAC_53/report.xml,hydrogen_bonds,N1,TYR395A,2316,hydrogen_bonds,hydrogen_bond,GLC:B:1:N1,N1,GLC,B,1
GAC_53,/home/wms/AF2-test/AF2-CatGraph/results/GAC/02_template_guided_docking/complexes/GAC_53_complex.pdb,results/GAC/05_plip_interaction_graphs/plip_outputs/GAC_53/report.xml,hydrogen_bonds,O1,VAL413A,2318,hydrogen_bonds,hydrogen_bond,GLC:B:1:O1,O1,GLC,B,1
GAC_54,/home/wms/AF2-test/AF2-CatGraph/results/GAC/02_template_guided_docking/complexes/GAC_54_complex.pdb,results/GAC/05_plip_interaction_graphs/plip_outputs/GAC_54/report.xml,hydrophobic_interactions,C2,VAL413A,2319,hydrophobic_interactions,hydrophobic_interaction,GLC:B:1:C2,C2,GLC,B,1
GAC_54,/home/wms/AF2-test/AF2-CatGraph/results/GAC/02_template_guided_docking/complexes/GAC_54_complex.pdb,results/GAC/05_plip_interaction_graphs/plip_outputs/GAC_54/report.xml,hydrogen_bonds,O1,SER215A,2318,hydrogen_bonds,hydrogen_bond,GLC:B:1:O1,O1,GLC,B,1
GAC_54,/home/wms/AF2-test/AF2-CatGraph/results/GAC/02_template_guided_docking/complexes/GAC_54_complex.pdb,results/GAC/05_plip_interaction_graphs/plip_outputs/GAC_54/report.xml,hydrogen_bonds,O2,ASN264A,2324,hydrogen_bonds,hydrogen_bond,GLC:B:1:O2,O2,GLC,B,1
GAC_54,/home/wms/AF2-test/AF2-CatGraph/results/GAC/02_template_guided_docking/complexes/GAC_54_complex.pdb,results/GAC/05_plip_interaction_graphs/plip_outputs/GAC_54/report.xml,hydrogen_bonds,O3,GLU310A,2325,hydrogen_bonds,hydrogen_bond,GLC:B:1:O3,O3,GLC,B,1
GAC_54,/home/wms/AF2-test/AF2-CatGraph/results/GAC/02_template_guided_docking/complexes/GAC_54_complex.pdb,results/GAC/05_plip_interaction_graphs/plip_outputs/GAC_54/report.xml,hydrogen_bonds,N2,GLU310A,2322,hydrogen_bonds,hydrogen_bond,GLC:B:1:N2,N2,GLC,B,1
GAC_54,/home/wms/AF2-test/AF2-CatGraph/results/GAC/02_template_guided_docking/complexes/GAC_54_complex.pdb,results/GAC/05_plip_interaction_graphs/plip_outputs/GAC_54/report.xml,hydrogen_bonds,O2,ASN317A,2324,hydrogen_bonds,hydrogen_bond,GLC:B:1:O2,O2,GLC,B,1
GAC_54,/home/wms/AF2-test/AF2-CatGraph/results/GAC/02_template_guided_docking/complexes/GAC_54_complex.pdb,results/GAC/05_plip_interaction_graphs/plip_outputs/GAC_54/report.xml,hydrogen_bonds,O2,TYR343A,2324,hydrogen_bonds,hydrogen_bond,GLC:B:1:O2,O2,GLC,B,1
GAC_54,/home/wms/AF2-test/AF2-CatGraph/results/GAC/02_template_guided_docking/complexes/GAC_54_complex.pdb,results/GAC/05_plip_interaction_graphs/plip_outputs/GAC_54/report.xml,hydrogen_bonds,O1,TYR395A,2318,hydrogen_bonds,hydrogen_bond,GLC:B:1:O1,O1,GLC,B,1
GAC_54,/home/wms/AF2-test/AF2-CatGraph/results/GAC/02_template_guided_docking/complexes/GAC_54_complex.pdb,results/GAC/05_plip_interaction_graphs/plip_outputs/GAC_54/report.xml,hydrogen_bonds,N1,TYR395A,2316,hydrogen_bonds,hydrogen_bond,GLC:B:1:N1,N1,GLC,B,1
GAC_54,/home/wms/AF2-test/AF2-CatGraph/results/GAC/02_template_guided_docking/complexes/GAC_54_complex.pdb,results/GAC/05_plip_interaction_graphs/plip_outputs/GAC_54/report.xml,hydrogen_bonds,O1,VAL413A,2318,hydrogen_bonds,hydrogen_bond,GLC:B:1:O1,O1,GLC,B,1
GAC_55,/home/wms/AF2-test/AF2-CatGraph/results/GAC/02_template_guided_docking/complexes/GAC_55_complex.pdb,results/GAC/05_plip_interaction_graphs/plip_outputs/GAC_55/report.xml,hydrophobic_interactions,C2,VAL413A,2319,hydrophobic_interactions,hydrophobic_interaction,GLC:B:1:C2,C2,GLC,B,1
GAC_55,/home/wms/AF2-test/AF2-CatGraph/results/GAC/02_template_guided_docking/complexes/GAC_55_complex.pdb,results/GAC/05_plip_interaction_graphs/plip_outputs/GAC_55/report.xml,hydrogen_bonds,O1,SER215A,2318,hydrogen_bonds,hydrogen_bond,GLC:B:1:O1,O1,GLC,B,1
GAC_55,/home/wms/AF2-test/AF2-CatGraph/results/GAC/02_template_guided_docking/complexes/GAC_55_complex.pdb,results/GAC/05_plip_interaction_graphs/plip_outputs/GAC_55/report.xml,hydrogen_bonds,O2,ASN264A,2324,hydrogen_bonds,hydrogen_bond,GLC:B:1:O2,O2,GLC,B,1
GAC_55,/home/wms/AF2-test/AF2-CatGraph/results/GAC/02_template_guided_docking/complexes/GAC_55_complex.pdb,results/GAC/05_plip_interaction_graphs/plip_outputs/GAC_55/report.xml,hydrogen_bonds,O3,GLU310A,2325,hydrogen_bonds,hydrogen_bond,GLC:B:1:O3,O3,GLC,B,1
GAC_55,/home/wms/AF2-test/AF2-CatGraph/results/GAC/02_template_guided_docking/complexes/GAC_55_complex.pdb,results/GAC/05_plip_interaction_graphs/plip_outputs/GAC_55/report.xml,hydrogen_bonds,N2,GLU310A,2322,hydrogen_bonds,hydrogen_bond,GLC:B:1:N2,N2,GLC,B,1
GAC_55,/home/wms/AF2-test/AF2-CatGraph/results/GAC/02_template_guided_docking/complexes/GAC_55_complex.pdb,results/GAC/05_plip_interaction_graphs/plip_outputs/GAC_55/report.xml,hydrogen_bonds,O2,ASN317A,2324,hydrogen_bonds,hydrogen_bond,GLC:B:1:O2,O2,GLC,B,1
GAC_55,/home/wms/AF2-test/AF2-CatGraph/results/GAC/02_template_guided_docking/complexes/GAC_55_complex.pdb,results/GAC/05_plip_interaction_graphs/plip_outputs/GAC_55/report.xml,hydrogen_bonds,O2,TYR343A,2324,hydrogen_bonds,hydrogen_bond,GLC:B:1:O2,O2,GLC,B,1
GAC_55,/home/wms/AF2-test/AF2-CatGraph/results/GAC/02_template_guided_docking/complexes/GAC_55_complex.pdb,results/GAC/05_plip_interaction_graphs/plip_outputs/GAC_55/report.xml,hydrogen_bonds,O1,TYR395A,2318,hydrogen_bonds,hydrogen_bond,GLC:B:1:O1,O1,GLC,B,1
GAC_55,/home/wms/AF2-test/AF2-CatGraph/results/GAC/02_template_guided_docking/complexes/GAC_55_complex.pdb,results/GAC/05_plip_interaction_graphs/plip_outputs/GAC_55/report.xml,hydrogen_bonds,N1,TYR395A,2316,hydrogen_bonds,hydrogen_bond,GLC:B:1:N1,N1,GLC,B,1
GAC_55,/home/wms/AF2-test/AF2-CatGraph/results/GAC/02_template_guided_docking/complexes/GAC_55_complex.pdb,results/GAC/05_plip_interaction_graphs/plip_outputs/GAC_55/report.xml,hydrogen_bonds,O1,VAL413A,2318,hydrogen_bonds,hydrogen_bond,GLC:B:1:O1,O1,GLC,B,1
GAC_56,/home/wms/AF2-test/AF2-CatGraph/results/GAC/02_template_guided_docking/complexes/GAC_56_complex.pdb,results/GAC/05_plip_interaction_graphs/plip_outputs/GAC_56/report.xml,hydrophobic_interactions,C2,VAL413A,2319,hydrophobic_interactions,hydrophobic_interaction,GLC:B:1:C2,C2,GLC,B,1
GAC_56,/home/wms/AF2-test/AF2-CatGraph/results/GAC/02_template_guided_docking/complexes/GAC_56_complex.pdb,results/GAC/05_plip_interaction_graphs/plip_outputs/GAC_56/report.xml,hydrogen_bonds,O1,SER215A,2318,hydrogen_bonds,hydrogen_bond,GLC:B:1:O1,O1,GLC,B,1
GAC_56,/home/wms/AF2-test/AF2-CatGraph/results/GAC/02_template_guided_docking/complexes/GAC_56_complex.pdb,results/GAC/05_plip_interaction_graphs/plip_outputs/GAC_56/report.xml,hydrogen_bonds,O2,ASN264A,2324,hydrogen_bonds,hydrogen_bond,GLC:B:1:O2,O2,GLC,B,1
GAC_56,/home/wms/AF2-test/AF2-CatGraph/results/GAC/02_template_guided_docking/complexes/GAC_56_complex.pdb,results/GAC/05_plip_interaction_graphs/plip_outputs/GAC_56/report.xml,hydrogen_bonds,O3,GLU310A,2325,hydrogen_bonds,hydrogen_bond,GLC:B:1:O3,O3,GLC,B,1
GAC_56,/home/wms/AF2-test/AF2-CatGraph/results/GAC/02_template_guided_docking/complexes/GAC_56_complex.pdb,results/GAC/05_plip_interaction_graphs/plip_outputs/GAC_56/report.xml,hydrogen_bonds,N2,GLU310A,2322,hydrogen_bonds,hydrogen_bond,GLC:B:1:N2,N2,GLC,B,1
GAC_56,/home/wms/AF2-test/AF2-CatGraph/results/GAC/02_template_guided_docking/complexes/GAC_56_complex.pdb,results/GAC/05_plip_interaction_graphs/plip_outputs/GAC_56/report.xml,hydrogen_bonds,O2,ASN317A,2324,hydrogen_bonds,hydrogen_bond,GLC:B:1:O2,O2,GLC,B,1
GAC_56,/home/wms/AF2-test/AF2-CatGraph/results/GAC/02_template_guided_docking/complexes/GAC_56_complex.pdb,results/GAC/05_plip_interaction_graphs/plip_outputs/GAC_56/report.xml,hydrogen_bonds,O1,TYR395A,2318,hydrogen_bonds,hydrogen_bond,GLC:B:1:O1,O1,GLC,B,1
GAC_56,/home/wms/AF2-test/AF2-CatGraph/results/GAC/02_template_guided_docking/complexes/GAC_56_complex.pdb,results/GAC/05_plip_interaction_graphs/plip_outputs/GAC_56/report.xml,hydrogen_bonds,N1,TYR395A,2316,hydrogen_bonds,hydrogen_bond,GLC:B:1:N1,N1,GLC,B,1
GAC_56,/home/wms/AF2-test/AF2-CatGraph/results/GAC/02_template_guided_docking/complexes/GAC_56_complex.pdb,results/GAC/05_plip_interaction_graphs/plip_outputs/GAC_56/report.xml,hydrogen_bonds,O1,VAL413A,2318,hydrogen_bonds,hydrogen_bond,GLC:B:1:O1,O1,GLC,B,1
GAC_57,/home/wms/AF2-test/AF2-CatGraph/results/GAC/02_template_guided_docking/complexes/GAC_57_complex.pdb,results/GAC/05_plip_interaction_graphs/plip_outputs/GAC_57/report.xml,hydrophobic_interactions,C2,VAL413A,2319,hydrophobic_interactions,hydrophobic_interaction,GLC:B:1:C2,C2,GLC,B,1
GAC_57,/home/wms/AF2-test/AF2-CatGraph/results/GAC/02_template_guided_docking/complexes/GAC_57_complex.pdb,results/GAC/05_plip_interaction_graphs/plip_outputs/GAC_57/report.xml,hydrogen_bonds,O1,SER215A,2318,hydrogen_bonds,hydrogen_bond,GLC:B:1:O1,O1,GLC,B,1
GAC_57,/home/wms/AF2-test/AF2-CatGraph/results/GAC/02_template_guided_docking/complexes/GAC_57_complex.pdb,results/GAC/05_plip_interaction_graphs/plip_outputs/GAC_57/report.xml,hydrogen_bonds,O2,ASN264A,2324,hydrogen_bonds,hydrogen_bond,GLC:B:1:O2,O2,GLC,B,1
GAC_57,/home/wms/AF2-test/AF2-CatGraph/results/GAC/02_template_guided_docking/complexes/GAC_57_complex.pdb,results/GAC/05_plip_interaction_graphs/plip_outputs/GAC_57/report.xml,hydrogen_bonds,O3,GLU310A,2325,hydrogen_bonds,hydrogen_bond,GLC:B:1:O3,O3,GLC,B,1
GAC_57,/home/wms/AF2-test/AF2-CatGraph/results/GAC/02_template_guided_docking/complexes/GAC_57_complex.pdb,results/GAC/05_plip_interaction_graphs/plip_outputs/GAC_57/report.xml,hydrogen_bonds,N2,GLU310A,2322,hydrogen_bonds,hydrogen_bond,GLC:B:1:N2,N2,GLC,B,1
GAC_57,/home/wms/AF2-test/AF2-CatGraph/results/GAC/02_template_guided_docking/complexes/GAC_57_complex.pdb,results/GAC/05_plip_interaction_graphs/plip_outputs/GAC_57/report.xml,hydrogen_bonds,O2,ASN317A,2324,hydrogen_bonds,hydrogen_bond,GLC:B:1:O2,O2,GLC,B,1
GAC_57,/home/wms/AF2-test/AF2-CatGraph/results/GAC/02_template_guided_docking/complexes/GAC_57_complex.pdb,results/GAC/05_plip_interaction_graphs/plip_outputs/GAC_57/report.xml,hydrogen_bonds,O2,TYR343A,2324,hydrogen_bonds,hydrogen_bond,GLC:B:1:O2,O2,GLC,B,1
GAC_57,/home/wms/AF2-test/AF2-CatGraph/results/GAC/02_template_guided_docking/complexes/GAC_57_complex.pdb,results/GAC/05_plip_interaction_graphs/plip_outputs/GAC_57/report.xml,hydrogen_bonds,O1,TYR395A,2318,hydrogen_bonds,hydrogen_bond,GLC:B:1:O1,O1,GLC,B,1
GAC_57,/home/wms/AF2-test/AF2-CatGraph/results/GAC/02_template_guided_docking/complexes/GAC_57_complex.pdb,results/GAC/05_plip_interaction_graphs/plip_outputs/GAC_57/report.xml,hydrogen_bonds,N1,TYR395A,2316,hydrogen_bonds,hydrogen_bond,GLC:B:1:N1,N1,GLC,B,1
GAC_57,/home/wms/AF2-test/AF2-CatGraph/results/GAC/02_template_guided_docking/complexes/GAC_57_complex.pdb,results/GAC/05_plip_interaction_graphs/plip_outputs/GAC_57/report.xml,hydrogen_bonds,O1,VAL413A,2318,hydrogen_bonds,hydrogen_bond,GLC:B:1:O1,O1,GLC,B,1
GAC_58,/home/wms/AF2-test/AF2-CatGraph/results/GAC/02_template_guided_docking/complexes/GAC_58_complex.pdb,results/GAC/05_plip_interaction_graphs/plip_outputs/GAC_58/report.xml,hydrophobic_interactions,C2,VAL413A,2319,hydrophobic_interactions,hydrophobic_interaction,GLC:B:1:C2,C2,GLC,B,1
GAC_58,/home/wms/AF2-test/AF2-CatGraph/results/GAC/02_template_guided_docking/complexes/GAC_58_complex.pdb,results/GAC/05_plip_interaction_graphs/plip_outputs/GAC_58/report.xml,hydrogen_bonds,O1,SER215A,2318,hydrogen_bonds,hydrogen_bond,GLC:B:1:O1,O1,GLC,B,1
GAC_58,/home/wms/AF2-test/AF2-CatGraph/results/GAC/02_template_guided_docking/complexes/GAC_58_complex.pdb,results/GAC/05_plip_interaction_graphs/plip_outputs/GAC_58/report.xml,hydrogen_bonds,O2,ASN264A,2324,hydrogen_bonds,hydrogen_bond,GLC:B:1:O2,O2,GLC,B,1
GAC_58,/home/wms/AF2-test/AF2-CatGraph/results/GAC/02_template_guided_docking/complexes/GAC_58_complex.pdb,results/GAC/05_plip_interaction_graphs/plip_outputs/GAC_58/report.xml,hydrogen_bonds,O3,GLU310A,2325,hydrogen_bonds,hydrogen_bond,GLC:B:1:O3,O3,GLC,B,1
GAC_58,/home/wms/AF2-test/AF2-CatGraph/results/GAC/02_template_guided_docking/complexes/GAC_58_complex.pdb,results/GAC/05_plip_interaction_graphs/plip_outputs/GAC_58/report.xml,hydrogen_bonds,N2,GLU310A,2322,hydrogen_bonds,hydrogen_bond,GLC:B:1:N2,N2,GLC,B,1
GAC_58,/home/wms/AF2-test/AF2-CatGraph/results/GAC/02_template_guided_docking/complexes/GAC_58_complex.pdb,results/GAC/05_plip_interaction_graphs/plip_outputs/GAC_58/report.xml,hydrogen_bonds,O2,ASN317A,2324,hydrogen_bonds,hydrogen_bond,GLC:B:1:O2,O2,GLC,B,1
GAC_58,/home/wms/AF2-test/AF2-CatGraph/results/GAC/02_template_guided_docking/complexes/GAC_58_complex.pdb,results/GAC/05_plip_interaction_graphs/plip_outputs/GAC_58/report.xml,hydrogen_bonds,O2,TYR343A,2324,hydrogen_bonds,hydrogen_bond,GLC:B:1:O2,O2,GLC,B,1
GAC_58,/home/wms/AF2-test/AF2-CatGraph/results/GAC/02_template_guided_docking/complexes/GAC_58_complex.pdb,results/GAC/05_plip_interaction_graphs/plip_outputs/GAC_58/report.xml,hydrogen_bonds,O1,TYR395A,2318,hydrogen_bonds,hydrogen_bond,GLC:B:1:O1,O1,GLC,B,1
GAC_58,/home/wms/AF2-test/AF2-CatGraph/results/GAC/02_template_guided_docking/complexes/GAC_58_complex.pdb,results/GAC/05_plip_interaction_graphs/plip_outputs/GAC_58/report.xml,hydrogen_bonds,N1,TYR395A,2316,hydrogen_bonds,hydrogen_bond,GLC:B:1:N1,N1,GLC,B,1
GAC_58,/home/wms/AF2-test/AF2-CatGraph/results/GAC/02_template_guided_docking/complexes/GAC_58_complex.pdb,results/GAC/05_plip_interaction_graphs/plip_outputs/GAC_58/report.xml,hydrogen_bonds,O1,VAL413A,2318,hydrogen_bonds,hydrogen_bond,GLC:B:1:O1,O1,GLC,B,1
GAC_59,/home/wms/AF2-test/AF2-CatGraph/results/GAC/02_template_guided_docking/complexes/GAC_59_complex.pdb,results/GAC/05_plip_interaction_graphs/plip_outputs/GAC_59/report.xml,hydrophobic_interactions,C2,VAL413A,2319,hydrophobic_interactions,hydrophobic_interaction,GLC:B:1:C2,C2,GLC,B,1
GAC_59,/home/wms/AF2-test/AF2-CatGraph/results/GAC/02_template_guided_docking/complexes/GAC_59_complex.pdb,results/GAC/05_plip_interaction_graphs/plip_outputs/GAC_59/report.xml,hydrogen_bonds,O1,SER215A,2318,hydrogen_bonds,hydrogen_bond,GLC:B:1:O1,O1,GLC,B,1
GAC_59,/home/wms/AF2-test/AF2-CatGraph/results/GAC/02_template_guided_docking/complexes/GAC_59_complex.pdb,results/GAC/05_plip_interaction_graphs/plip_outputs/GAC_59/report.xml,hydrogen_bonds,O2,ASN264A,2324,hydrogen_bonds,hydrogen_bond,GLC:B:1:O2,O2,GLC,B,1
GAC_59,/home/wms/AF2-test/AF2-CatGraph/results/GAC/02_template_guided_docking/complexes/GAC_59_complex.pdb,results/GAC/05_plip_interaction_graphs/plip_outputs/GAC_59/report.xml,hydrogen_bonds,O3,GLU310A,2325,hydrogen_bonds,hydrogen_bond,GLC:B:1:O3,O3,GLC,B,1
GAC_59,/home/wms/AF2-test/AF2-CatGraph/results/GAC/02_template_guided_docking/complexes/GAC_59_complex.pdb,results/GAC/05_plip_interaction_graphs/plip_outputs/GAC_59/report.xml,hydrogen_bonds,N2,GLU310A,2322,hydrogen_bonds,hydrogen_bond,GLC:B:1:N2,N2,GLC,B,1
GAC_59,/home/wms/AF2-test/AF2-CatGraph/results/GAC/02_template_guided_docking/complexes/GAC_59_complex.pdb,results/GAC/05_plip_interaction_graphs/plip_outputs/GAC_59/report.xml,hydrogen_bonds,O2,ASN317A,2324,hydrogen_bonds,hydrogen_bond,GLC:B:1:O2,O2,GLC,B,1
GAC_59,/home/wms/AF2-test/AF2-CatGraph/results/GAC/02_template_guided_docking/complexes/GAC_59_complex.pdb,results/GAC/05_plip_interaction_graphs/plip_outputs/GAC_59/report.xml,hydrogen_bonds,O2,TYR343A,2324,hydrogen_bonds,hydrogen_bond,GLC:B:1:O2,O2,GLC,B,1
GAC_59,/home/wms/AF2-test/AF2-CatGraph/results/GAC/02_template_guided_docking/complexes/GAC_59_complex.pdb,results/GAC/05_plip_interaction_graphs/plip_outputs/GAC_59/report.xml,hydrogen_bonds,N1,TYR395A,2316,hydrogen_bonds,hydrogen_bond,GLC:B:1:N1,N1,GLC,B,1
GAC_59,/home/wms/AF2-test/AF2-CatGraph/results/GAC/02_template_guided_docking/complexes/GAC_59_complex.pdb,results/GAC/05_plip_interaction_graphs/plip_outputs/GAC_59/report.xml,hydrogen_bonds,O1,VAL413A,2318,hydrogen_bonds,hydrogen_bond,GLC:B:1:O1,O1,GLC,B,1
GAC_60,/home/wms/AF2-test/AF2-CatGraph/results/GAC/02_template_guided_docking/complexes/GAC_60_complex.pdb,results/GAC/05_plip_interaction_graphs/plip_outputs/GAC_60/report.xml,hydrophobic_interactions,C2,PHE247A,2319,hydrophobic_interactions,hydrophobic_interaction,GLC:B:1:C2,C2,GLC,B,1
GAC_60,/home/wms/AF2-test/AF2-CatGraph/results/GAC/02_template_guided_docking/complexes/GAC_60_complex.pdb,results/GAC/05_plip_interaction_graphs/plip_outputs/GAC_60/report.xml,hydrophobic_interactions,C2,VAL413A,2319,hydrophobic_interactions,hydrophobic_interaction,GLC:B:1:C2,C2,GLC,B,1
GAC_60,/home/wms/AF2-test/AF2-CatGraph/results/GAC/02_template_guided_docking/complexes/GAC_60_complex.pdb,results/GAC/05_plip_interaction_graphs/plip_outputs/GAC_60/report.xml,hydrogen_bonds,O1,SER215A,2318,hydrogen_bonds,hydrogen_bond,GLC:B:1:O1,O1,GLC,B,1
GAC_60,/home/wms/AF2-test/AF2-CatGraph/results/GAC/02_template_guided_docking/complexes/GAC_60_complex.pdb,results/GAC/05_plip_interaction_graphs/plip_outputs/GAC_60/report.xml,hydrogen_bonds,O2,ASN264A,2324,hydrogen_bonds,hydrogen_bond,GLC:B:1:O2,O2,GLC,B,1
GAC_60,/home/wms/AF2-test/AF2-CatGraph/results/GAC/02_template_guided_docking/complexes/GAC_60_complex.pdb,results/GAC/05_plip_interaction_graphs/plip_outputs/GAC_60/report.xml,hydrogen_bonds,O3,GLU310A,2325,hydrogen_bonds,hydrogen_bond,GLC:B:1:O3,O3,GLC,B,1
GAC_60,/home/wms/AF2-test/AF2-CatGraph/results/GAC/02_template_guided_docking/complexes/GAC_60_complex.pdb,results/GAC/05_plip_interaction_graphs/plip_outputs/GAC_60/report.xml,hydrogen_bonds,N2,GLU310A,2322,hydrogen_bonds,hydrogen_bond,GLC:B:1:N2,N2,GLC,B,1
GAC_60,/home/wms/AF2-test/AF2-CatGraph/results/GAC/02_template_guided_docking/complexes/GAC_60_complex.pdb,results/GAC/05_plip_interaction_graphs/plip_outputs/GAC_60/report.xml,hydrogen_bonds,O2,ASN317A,2324,hydrogen_bonds,hydrogen_bond,GLC:B:1:O2,O2,GLC,B,1
GAC_60,/home/wms/AF2-test/AF2-CatGraph/results/GAC/02_template_guided_docking/complexes/GAC_60_complex.pdb,results/GAC/05_plip_interaction_graphs/plip_outputs/GAC_60/report.xml,hydrogen_bonds,O2,TYR343A,2324,hydrogen_bonds,hydrogen_bond,GLC:B:1:O2,O2,GLC,B,1
GAC_60,/home/wms/AF2-test/AF2-CatGraph/results/GAC/02_template_guided_docking/complexes/GAC_60_complex.pdb,results/GAC/05_plip_interaction_graphs/plip_outputs/GAC_60/report.xml,hydrogen_bonds,O1,TYR395A,2318,hydrogen_bonds,hydrogen_bond,GLC:B:1:O1,O1,GLC,B,1
GAC_60,/home/wms/AF2-test/AF2-CatGraph/results/GAC/02_template_guided_docking/complexes/GAC_60_complex.pdb,results/GAC/05_plip_interaction_graphs/plip_outputs/GAC_60/report.xml,hydrogen_bonds,N1,TYR395A,2316,hydrogen_bonds,hydrogen_bond,GLC:B:1:N1,N1,GLC,B,1
GAC_60,/home/wms/AF2-test/AF2-CatGraph/results/GAC/02_template_guided_docking/complexes/GAC_60_complex.pdb,results/GAC/05_plip_interaction_graphs/plip_outputs/GAC_60/report.xml,hydrogen_bonds,O1,VAL413A,2318,hydrogen_bonds,hydrogen_bond,GLC:B:1:O1,O1,GLC,B,1
GAC_61,/home/wms/AF2-test/AF2-CatGraph/results/GAC/02_template_guided_docking/complexes/GAC_61_complex.pdb,results/GAC/05_plip_interaction_graphs/plip_outputs/GAC_61/report.xml,hydrophobic_interactions,C2,VAL413A,2319,hydrophobic_interactions,hydrophobic_interaction,GLC:B:1:C2,C2,GLC,B,1
GAC_61,/home/wms/AF2-test/AF2-CatGraph/results/GAC/02_template_guided_docking/complexes/GAC_61_complex.pdb,results/GAC/05_plip_interaction_graphs/plip_outputs/GAC_61/report.xml,hydrogen_bonds,O1,SER215A,2318,hydrogen_bonds,hydrogen_bond,GLC:B:1:O1,O1,GLC,B,1
GAC_61,/home/wms/AF2-test/AF2-CatGraph/results/GAC/02_template_guided_docking/complexes/GAC_61_complex.pdb,results/GAC/05_plip_interaction_graphs/plip_outputs/GAC_61/report.xml,hydrogen_bonds,O2,ASN264A,2324,hydrogen_bonds,hydrogen_bond,GLC:B:1:O2,O2,GLC,B,1
GAC_61,/home/wms/AF2-test/AF2-CatGraph/results/GAC/02_template_guided_docking/complexes/GAC_61_complex.pdb,results/GAC/05_plip_interaction_graphs/plip_outputs/GAC_61/report.xml,hydrogen_bonds,O3,GLU310A,2325,hydrogen_bonds,hydrogen_bond,GLC:B:1:O3,O3,GLC,B,1
GAC_61,/home/wms/AF2-test/AF2-CatGraph/results/GAC/02_template_guided_docking/complexes/GAC_61_complex.pdb,results/GAC/05_plip_interaction_graphs/plip_outputs/GAC_61/report.xml,hydrogen_bonds,N2,GLU310A,2322,hydrogen_bonds,hydrogen_bond,GLC:B:1:N2,N2,GLC,B,1
GAC_61,/home/wms/AF2-test/AF2-CatGraph/results/GAC/02_template_guided_docking/complexes/GAC_61_complex.pdb,results/GAC/05_plip_interaction_graphs/plip_outputs/GAC_61/report.xml,hydrogen_bonds,O2,ASN317A,2324,hydrogen_bonds,hydrogen_bond,GLC:B:1:O2,O2,GLC,B,1
GAC_61,/home/wms/AF2-test/AF2-CatGraph/results/GAC/02_template_guided_docking/complexes/GAC_61_complex.pdb,results/GAC/05_plip_interaction_graphs/plip_outputs/GAC_61/report.xml,hydrogen_bonds,O2,TYR343A,2324,hydrogen_bonds,hydrogen_bond,GLC:B:1:O2,O2,GLC,B,1
GAC_61,/home/wms/AF2-test/AF2-CatGraph/results/GAC/02_template_guided_docking/complexes/GAC_61_complex.pdb,results/GAC/05_plip_interaction_graphs/plip_outputs/GAC_61/report.xml,hydrogen_bonds,O1,TYR395A,2318,hydrogen_bonds,hydrogen_bond,GLC:B:1:O1,O1,GLC,B,1
GAC_61,/home/wms/AF2-test/AF2-CatGraph/results/GAC/02_template_guided_docking/complexes/GAC_61_complex.pdb,results/GAC/05_plip_interaction_graphs/plip_outputs/GAC_61/report.xml,hydrogen_bonds,N1,TYR395A,2316,hydrogen_bonds,hydrogen_bond,GLC:B:1:N1,N1,GLC,B,1
GAC_61,/home/wms/AF2-test/AF2-CatGraph/results/GAC/02_template_guided_docking/complexes/GAC_61_complex.pdb,results/GAC/05_plip_interaction_graphs/plip_outputs/GAC_61/report.xml,hydrogen_bonds,O1,VAL413A,2318,hydrogen_bonds,hydrogen_bond,GLC:B:1:O1,O1,GLC,B,1
GAC_62,/home/wms/AF2-test/AF2-CatGraph/results/GAC/02_template_guided_docking/complexes/GAC_62_complex.pdb,results/GAC/05_plip_interaction_graphs/plip_outputs/GAC_62/report.xml,hydrophobic_interactions,C2,VAL413A,2319,hydrophobic_interactions,hydrophobic_interaction,GLC:B:1:C2,C2,GLC,B,1
GAC_62,/home/wms/AF2-test/AF2-CatGraph/results/GAC/02_template_guided_docking/complexes/GAC_62_complex.pdb,results/GAC/05_plip_interaction_graphs/plip_outputs/GAC_62/report.xml,hydrogen_bonds,O1,SER215A,2318,hydrogen_bonds,hydrogen_bond,GLC:B:1:O1,O1,GLC,B,1
GAC_62,/home/wms/AF2-test/AF2-CatGraph/results/GAC/02_template_guided_docking/complexes/GAC_62_complex.pdb,results/GAC/05_plip_interaction_graphs/plip_outputs/GAC_62/report.xml,hydrogen_bonds,O2,ASN264A,2324,hydrogen_bonds,hydrogen_bond,GLC:B:1:O2,O2,GLC,B,1
GAC_62,/home/wms/AF2-test/AF2-CatGraph/results/GAC/02_template_guided_docking/complexes/GAC_62_complex.pdb,results/GAC/05_plip_interaction_graphs/plip_outputs/GAC_62/report.xml,hydrogen_bonds,O3,GLU310A,2325,hydrogen_bonds,hydrogen_bond,GLC:B:1:O3,O3,GLC,B,1
GAC_62,/home/wms/AF2-test/AF2-CatGraph/results/GAC/02_template_guided_docking/complexes/GAC_62_complex.pdb,results/GAC/05_plip_interaction_graphs/plip_outputs/GAC_62/report.xml,hydrogen_bonds,N2,GLU310A,2322,hydrogen_bonds,hydrogen_bond,GLC:B:1:N2,N2,GLC,B,1
GAC_62,/home/wms/AF2-test/AF2-CatGraph/results/GAC/02_template_guided_docking/complexes/GAC_62_complex.pdb,results/GAC/05_plip_interaction_graphs/plip_outputs/GAC_62/report.xml,hydrogen_bonds,O2,ASN317A,2324,hydrogen_bonds,hydrogen_bond,GLC:B:1:O2,O2,GLC,B,1
GAC_62,/home/wms/AF2-test/AF2-CatGraph/results/GAC/02_template_guided_docking/complexes/GAC_62_complex.pdb,results/GAC/05_plip_interaction_graphs/plip_outputs/GAC_62/report.xml,hydrogen_bonds,O2,TYR343A,2324,hydrogen_bonds,hydrogen_bond,GLC:B:1:O2,O2,GLC,B,1
GAC_62,/home/wms/AF2-test/AF2-CatGraph/results/GAC/02_template_guided_docking/complexes/GAC_62_complex.pdb,results/GAC/05_plip_interaction_graphs/plip_outputs/GAC_62/report.xml,hydrogen_bonds,O1,TYR395A,2318,hydrogen_bonds,hydrogen_bond,GLC:B:1:O1,O1,GLC,B,1
GAC_62,/home/wms/AF2-test/AF2-CatGraph/results/GAC/02_template_guided_docking/complexes/GAC_62_complex.pdb,results/GAC/05_plip_interaction_graphs/plip_outputs/GAC_62/report.xml,hydrogen_bonds,N1,TYR395A,2316,hydrogen_bonds,hydrogen_bond,GLC:B:1:N1,N1,GLC,B,1
GAC_62,/home/wms/AF2-test/AF2-CatGraph/results/GAC/02_template_guided_docking/complexes/GAC_62_complex.pdb,results/GAC/05_plip_interaction_graphs/plip_outputs/GAC_62/report.xml,hydrogen_bonds,O1,VAL413A,2318,hydrogen_bonds,hydrogen_bond,GLC:B:1:O1,O1,GLC,B,1
GAC_63,/home/wms/AF2-test/AF2-CatGraph/results/GAC/02_template_guided_docking/complexes/GAC_63_complex.pdb,results/GAC/05_plip_interaction_graphs/plip_outputs/GAC_63/report.xml,hydrophobic_interactions,C2,VAL413A,2319,hydrophobic_interactions,hydrophobic_interaction,GLC:B:1:C2,C2,GLC,B,1
GAC_63,/home/wms/AF2-test/AF2-CatGraph/results/GAC/02_template_guided_docking/complexes/GAC_63_complex.pdb,results/GAC/05_plip_interaction_graphs/plip_outputs/GAC_63/report.xml,hydrogen_bonds,O1,SER215A,2318,hydrogen_bonds,hydrogen_bond,GLC:B:1:O1,O1,GLC,B,1
GAC_63,/home/wms/AF2-test/AF2-CatGraph/results/GAC/02_template_guided_docking/complexes/GAC_63_complex.pdb,results/GAC/05_plip_interaction_graphs/plip_outputs/GAC_63/report.xml,hydrogen_bonds,O2,ASN264A,2324,hydrogen_bonds,hydrogen_bond,GLC:B:1:O2,O2,GLC,B,1
GAC_63,/home/wms/AF2-test/AF2-CatGraph/results/GAC/02_template_guided_docking/complexes/GAC_63_complex.pdb,results/GAC/05_plip_interaction_graphs/plip_outputs/GAC_63/report.xml,hydrogen_bonds,O3,GLU310A,2325,hydrogen_bonds,hydrogen_bond,GLC:B:1:O3,O3,GLC,B,1
GAC_63,/home/wms/AF2-test/AF2-CatGraph/results/GAC/02_template_guided_docking/complexes/GAC_63_complex.pdb,results/GAC/05_plip_interaction_graphs/plip_outputs/GAC_63/report.xml,hydrogen_bonds,N2,GLU310A,2322,hydrogen_bonds,hydrogen_bond,GLC:B:1:N2,N2,GLC,B,1
GAC_63,/home/wms/AF2-test/AF2-CatGraph/results/GAC/02_template_guided_docking/complexes/GAC_63_complex.pdb,results/GAC/05_plip_interaction_graphs/plip_outputs/GAC_63/report.xml,hydrogen_bonds,O2,ASN317A,2324,hydrogen_bonds,hydrogen_bond,GLC:B:1:O2,O2,GLC,B,1
GAC_63,/home/wms/AF2-test/AF2-CatGraph/results/GAC/02_template_guided_docking/complexes/GAC_63_complex.pdb,results/GAC/05_plip_interaction_graphs/plip_outputs/GAC_63/report.xml,hydrogen_bonds,O2,TYR343A,2324,hydrogen_bonds,hydrogen_bond,GLC:B:1:O2,O2,GLC,B,1
GAC_63,/home/wms/AF2-test/AF2-CatGraph/results/GAC/02_template_guided_docking/complexes/GAC_63_complex.pdb,results/GAC/05_plip_interaction_graphs/plip_outputs/GAC_63/report.xml,hydrogen_bonds,O1,TYR395A,2318,hydrogen_bonds,hydrogen_bond,GLC:B:1:O1,O1,GLC,B,1
GAC_63,/home/wms/AF2-test/AF2-CatGraph/results/GAC/02_template_guided_docking/complexes/GAC_63_complex.pdb,results/GAC/05_plip_interaction_graphs/plip_outputs/GAC_63/report.xml,hydrogen_bonds,N1,TYR395A,2316,hydrogen_bonds,hydrogen_bond,GLC:B:1:N1,N1,GLC,B,1
GAC_63,/home/wms/AF2-test/AF2-CatGraph/results/GAC/02_template_guided_docking/complexes/GAC_63_complex.pdb,results/GAC/05_plip_interaction_graphs/plip_outputs/GAC_63/report.xml,hydrogen_bonds,O1,VAL413A,2318,hydrogen_bonds,hydrogen_bond,GLC:B:1:O1,O1,GLC,B,1
GAC_64,/home/wms/AF2-test/AF2-CatGraph/results/GAC/02_template_guided_docking/complexes/GAC_64_complex.pdb,results/GAC/05_plip_interaction_graphs/plip_outputs/GAC_64/report.xml,hydrophobic_interactions,C2,VAL413A,2319,hydrophobic_interactions,hydrophobic_interaction,GLC:B:1:C2,C2,GLC,B,1
GAC_64,/home/wms/AF2-test/AF2-CatGraph/results/GAC/02_template_guided_docking/complexes/GAC_64_complex.pdb,results/GAC/05_plip_interaction_graphs/plip_outputs/GAC_64/report.xml,hydrogen_bonds,O1,SER215A,2318,hydrogen_bonds,hydrogen_bond,GLC:B:1:O1,O1,GLC,B,1
GAC_64,/home/wms/AF2-test/AF2-CatGraph/results/GAC/02_template_guided_docking/complexes/GAC_64_complex.pdb,results/GAC/05_plip_interaction_graphs/plip_outputs/GAC_64/report.xml,hydrogen_bonds,O2,ASN264A,2324,hydrogen_bonds,hydrogen_bond,GLC:B:1:O2,O2,GLC,B,1
GAC_64,/home/wms/AF2-test/AF2-CatGraph/results/GAC/02_template_guided_docking/complexes/GAC_64_complex.pdb,results/GAC/05_plip_interaction_graphs/plip_outputs/GAC_64/report.xml,hydrogen_bonds,O3,GLU310A,2325,hydrogen_bonds,hydrogen_bond,GLC:B:1:O3,O3,GLC,B,1
GAC_64,/home/wms/AF2-test/AF2-CatGraph/results/GAC/02_template_guided_docking/complexes/GAC_64_complex.pdb,results/GAC/05_plip_interaction_graphs/plip_outputs/GAC_64/report.xml,hydrogen_bonds,N2,GLU310A,2322,hydrogen_bonds,hydrogen_bond,GLC:B:1:N2,N2,GLC,B,1
GAC_64,/home/wms/AF2-test/AF2-CatGraph/results/GAC/02_template_guided_docking/complexes/GAC_64_complex.pdb,results/GAC/05_plip_interaction_graphs/plip_outputs/GAC_64/report.xml,hydrogen_bonds,O2,ASN317A,2324,hydrogen_bonds,hydrogen_bond,GLC:B:1:O2,O2,GLC,B,1
GAC_64,/home/wms/AF2-test/AF2-CatGraph/results/GAC/02_template_guided_docking/complexes/GAC_64_complex.pdb,results/GAC/05_plip_interaction_graphs/plip_outputs/GAC_64/report.xml,hydrogen_bonds,O2,TYR343A,2324,hydrogen_bonds,hydrogen_bond,GLC:B:1:O2,O2,GLC,B,1
GAC_64,/home/wms/AF2-test/AF2-CatGraph/results/GAC/02_template_guided_docking/complexes/GAC_64_complex.pdb,results/GAC/05_plip_interaction_graphs/plip_outputs/GAC_64/report.xml,hydrogen_bonds,N1,TYR395A,2316,hydrogen_bonds,hydrogen_bond,GLC:B:1:N1,N1,GLC,B,1
GAC_64,/home/wms/AF2-test/AF2-CatGraph/results/GAC/02_template_guided_docking/complexes/GAC_64_complex.pdb,results/GAC/05_plip_interaction_graphs/plip_outputs/GAC_64/report.xml,hydrogen_bonds,O1,VAL413A,2318,hydrogen_bonds,hydrogen_bond,GLC:B:1:O1,O1,GLC,B,1
GAC_65,/home/wms/AF2-test/AF2-CatGraph/results/GAC/02_template_guided_docking/complexes/GAC_65_complex.pdb,results/GAC/05_plip_interaction_graphs/plip_outputs/GAC_65/report.xml,hydrophobic_interactions,C2,VAL413A,2319,hydrophobic_interactions,hydrophobic_interaction,GLC:B:1:C2,C2,GLC,B,1
GAC_65,/home/wms/AF2-test/AF2-CatGraph/results/GAC/02_template_guided_docking/complexes/GAC_65_complex.pdb,results/GAC/05_plip_interaction_graphs/plip_outputs/GAC_65/report.xml,hydrogen_bonds,O1,SER215A,2318,hydrogen_bonds,hydrogen_bond,GLC:B:1:O1,O1,GLC,B,1
GAC_65,/home/wms/AF2-test/AF2-CatGraph/results/GAC/02_template_guided_docking/complexes/GAC_65_complex.pdb,results/GAC/05_plip_interaction_graphs/plip_outputs/GAC_65/report.xml,hydrogen_bonds,O2,ASN264A,2324,hydrogen_bonds,hydrogen_bond,GLC:B:1:O2,O2,GLC,B,1
GAC_65,/home/wms/AF2-test/AF2-CatGraph/results/GAC/02_template_guided_docking/complexes/GAC_65_complex.pdb,results/GAC/05_plip_interaction_graphs/plip_outputs/GAC_65/report.xml,hydrogen_bonds,O3,GLU310A,2325,hydrogen_bonds,hydrogen_bond,GLC:B:1:O3,O3,GLC,B,1
GAC_65,/home/wms/AF2-test/AF2-CatGraph/results/GAC/02_template_guided_docking/complexes/GAC_65_complex.pdb,results/GAC/05_plip_interaction_graphs/plip_outputs/GAC_65/report.xml,hydrogen_bonds,N2,GLU310A,2322,hydrogen_bonds,hydrogen_bond,GLC:B:1:N2,N2,GLC,B,1
GAC_65,/home/wms/AF2-test/AF2-CatGraph/results/GAC/02_template_guided_docking/complexes/GAC_65_complex.pdb,results/GAC/05_plip_interaction_graphs/plip_outputs/GAC_65/report.xml,hydrogen_bonds,O2,ASN317A,2324,hydrogen_bonds,hydrogen_bond,GLC:B:1:O2,O2,GLC,B,1
GAC_65,/home/wms/AF2-test/AF2-CatGraph/results/GAC/02_template_guided_docking/complexes/GAC_65_complex.pdb,results/GAC/05_plip_interaction_graphs/plip_outputs/GAC_65/report.xml,hydrogen_bonds,O2,TYR343A,2324,hydrogen_bonds,hydrogen_bond,GLC:B:1:O2,O2,GLC,B,1
GAC_65,/home/wms/AF2-test/AF2-CatGraph/results/GAC/02_template_guided_docking/complexes/GAC_65_complex.pdb,results/GAC/05_plip_interaction_graphs/plip_outputs/GAC_65/report.xml,hydrogen_bonds,O1,TYR395A,2318,hydrogen_bonds,hydrogen_bond,GLC:B:1:O1,O1,GLC,B,1
GAC_65,/home/wms/AF2-test/AF2-CatGraph/results/GAC/02_template_guided_docking/complexes/GAC_65_complex.pdb,results/GAC/05_plip_interaction_graphs/plip_outputs/GAC_65/report.xml,hydrogen_bonds,N1,TYR395A,2316,hydrogen_bonds,hydrogen_bond,GLC:B:1:N1,N1,GLC,B,1
GAC_65,/home/wms/AF2-test/AF2-CatGraph/results/GAC/02_template_guided_docking/complexes/GAC_65_complex.pdb,results/GAC/05_plip_interaction_graphs/plip_outputs/GAC_65/report.xml,hydrogen_bonds,O1,VAL413A,2318,hydrogen_bonds,hydrogen_bond,GLC:B:1:O1,O1,GLC,B,1
GAC_66,/home/wms/AF2-test/AF2-CatGraph/results/GAC/02_template_guided_docking/complexes/GAC_66_complex.pdb,results/GAC/05_plip_interaction_graphs/plip_outputs/GAC_66/report.xml,hydrophobic_interactions,C2,VAL413A,2319,hydrophobic_interactions,hydrophobic_interaction,GLC:B:1:C2,C2,GLC,B,1
GAC_66,/home/wms/AF2-test/AF2-CatGraph/results/GAC/02_template_guided_docking/complexes/GAC_66_complex.pdb,results/GAC/05_plip_interaction_graphs/plip_outputs/GAC_66/report.xml,hydrogen_bonds,O1,SER215A,2318,hydrogen_bonds,hydrogen_bond,GLC:B:1:O1,O1,GLC,B,1
GAC_66,/home/wms/AF2-test/AF2-CatGraph/results/GAC/02_template_guided_docking/complexes/GAC_66_complex.pdb,results/GAC/05_plip_interaction_graphs/plip_outputs/GAC_66/report.xml,hydrogen_bonds,O2,ASN264A,2324,hydrogen_bonds,hydrogen_bond,GLC:B:1:O2,O2,GLC,B,1
GAC_66,/home/wms/AF2-test/AF2-CatGraph/results/GAC/02_template_guided_docking/complexes/GAC_66_complex.pdb,results/GAC/05_plip_interaction_graphs/plip_outputs/GAC_66/report.xml,hydrogen_bonds,O3,GLU310A,2325,hydrogen_bonds,hydrogen_bond,GLC:B:1:O3,O3,GLC,B,1
GAC_66,/home/wms/AF2-test/AF2-CatGraph/results/GAC/02_template_guided_docking/complexes/GAC_66_complex.pdb,results/GAC/05_plip_interaction_graphs/plip_outputs/GAC_66/report.xml,hydrogen_bonds,N2,GLU310A,2322,hydrogen_bonds,hydrogen_bond,GLC:B:1:N2,N2,GLC,B,1
GAC_66,/home/wms/AF2-test/AF2-CatGraph/results/GAC/02_template_guided_docking/complexes/GAC_66_complex.pdb,results/GAC/05_plip_interaction_graphs/plip_outputs/GAC_66/report.xml,hydrogen_bonds,O2,ASN317A,2324,hydrogen_bonds,hydrogen_bond,GLC:B:1:O2,O2,GLC,B,1
GAC_66,/home/wms/AF2-test/AF2-CatGraph/results/GAC/02_template_guided_docking/complexes/GAC_66_complex.pdb,results/GAC/05_plip_interaction_graphs/plip_outputs/GAC_66/report.xml,hydrogen_bonds,O2,TYR343A,2324,hydrogen_bonds,hydrogen_bond,GLC:B:1:O2,O2,GLC,B,1
GAC_66,/home/wms/AF2-test/AF2-CatGraph/results/GAC/02_template_guided_docking/complexes/GAC_66_complex.pdb,results/GAC/05_plip_interaction_graphs/plip_outputs/GAC_66/report.xml,hydrogen_bonds,O1,TYR395A,2318,hydrogen_bonds,hydrogen_bond,GLC:B:1:O1,O1,GLC,B,1
GAC_66,/home/wms/AF2-test/AF2-CatGraph/results/GAC/02_template_guided_docking/complexes/GAC_66_complex.pdb,results/GAC/05_plip_interaction_graphs/plip_outputs/GAC_66/report.xml,hydrogen_bonds,N1,TYR395A,2316,hydrogen_bonds,hydrogen_bond,GLC:B:1:N1,N1,GLC,B,1
GAC_66,/home/wms/AF2-test/AF2-CatGraph/results/GAC/02_template_guided_docking/complexes/GAC_66_complex.pdb,results/GAC/05_plip_interaction_graphs/plip_outputs/GAC_66/report.xml,hydrogen_bonds,O1,VAL413A,2318,hydrogen_bonds,hydrogen_bond,GLC:B:1:O1,O1,GLC,B,1
GAC_67,/home/wms/AF2-test/AF2-CatGraph/results/GAC/02_template_guided_docking/complexes/GAC_67_complex.pdb,results/GAC/05_plip_interaction_graphs/plip_outputs/GAC_67/report.xml,hydrophobic_interactions,C2,VAL413A,2319,hydrophobic_interactions,hydrophobic_interaction,GLC:B:1:C2,C2,GLC,B,1
GAC_67,/home/wms/AF2-test/AF2-CatGraph/results/GAC/02_template_guided_docking/complexes/GAC_67_complex.pdb,results/GAC/05_plip_interaction_graphs/plip_outputs/GAC_67/report.xml,hydrogen_bonds,O1,SER215A,2318,hydrogen_bonds,hydrogen_bond,GLC:B:1:O1,O1,GLC,B,1
GAC_67,/home/wms/AF2-test/AF2-CatGraph/results/GAC/02_template_guided_docking/complexes/GAC_67_complex.pdb,results/GAC/05_plip_interaction_graphs/plip_outputs/GAC_67/report.xml,hydrogen_bonds,O2,ASN264A,2324,hydrogen_bonds,hydrogen_bond,GLC:B:1:O2,O2,GLC,B,1
GAC_67,/home/wms/AF2-test/AF2-CatGraph/results/GAC/02_template_guided_docking/complexes/GAC_67_complex.pdb,results/GAC/05_plip_interaction_graphs/plip_outputs/GAC_67/report.xml,hydrogen_bonds,O3,GLU310A,2325,hydrogen_bonds,hydrogen_bond,GLC:B:1:O3,O3,GLC,B,1
GAC_67,/home/wms/AF2-test/AF2-CatGraph/results/GAC/02_template_guided_docking/complexes/GAC_67_complex.pdb,results/GAC/05_plip_interaction_graphs/plip_outputs/GAC_67/report.xml,hydrogen_bonds,N2,GLU310A,2322,hydrogen_bonds,hydrogen_bond,GLC:B:1:N2,N2,GLC,B,1
GAC_67,/home/wms/AF2-test/AF2-CatGraph/results/GAC/02_template_guided_docking/complexes/GAC_67_complex.pdb,results/GAC/05_plip_interaction_graphs/plip_outputs/GAC_67/report.xml,hydrogen_bonds,O2,ASN317A,2324,hydrogen_bonds,hydrogen_bond,GLC:B:1:O2,O2,GLC,B,1
GAC_67,/home/wms/AF2-test/AF2-CatGraph/results/GAC/02_template_guided_docking/complexes/GAC_67_complex.pdb,results/GAC/05_plip_interaction_graphs/plip_outputs/GAC_67/report.xml,hydrogen_bonds,O2,TYR343A,2324,hydrogen_bonds,hydrogen_bond,GLC:B:1:O2,O2,GLC,B,1
GAC_67,/home/wms/AF2-test/AF2-CatGraph/results/GAC/02_template_guided_docking/complexes/GAC_67_complex.pdb,results/GAC/05_plip_interaction_graphs/plip_outputs/GAC_67/report.xml,hydrogen_bonds,O1,TYR395A,2318,hydrogen_bonds,hydrogen_bond,GLC:B:1:O1,O1,GLC,B,1
GAC_67,/home/wms/AF2-test/AF2-CatGraph/results/GAC/02_template_guided_docking/complexes/GAC_67_complex.pdb,results/GAC/05_plip_interaction_graphs/plip_outputs/GAC_67/report.xml,hydrogen_bonds,N1,TYR395A,2316,hydrogen_bonds,hydrogen_bond,GLC:B:1:N1,N1,GLC,B,1
GAC_67,/home/wms/AF2-test/AF2-CatGraph/results/GAC/02_template_guided_docking/complexes/GAC_67_complex.pdb,results/GAC/05_plip_interaction_graphs/plip_outputs/GAC_67/report.xml,hydrogen_bonds,O1,VAL413A,2318,hydrogen_bonds,hydrogen_bond,GLC:B:1:O1,O1,GLC,B,1
GAC_68,/home/wms/AF2-test/AF2-CatGraph/results/GAC/02_template_guided_docking/complexes/GAC_68_complex.pdb,results/GAC/05_plip_interaction_graphs/plip_outputs/GAC_68/report.xml,hydrophobic_interactions,C2,VAL413A,2319,hydrophobic_interactions,hydrophobic_interaction,GLC:B:1:C2,C2,GLC,B,1
GAC_68,/home/wms/AF2-test/AF2-CatGraph/results/GAC/02_template_guided_docking/complexes/GAC_68_complex.pdb,results/GAC/05_plip_interaction_graphs/plip_outputs/GAC_68/report.xml,hydrogen_bonds,O1,SER215A,2318,hydrogen_bonds,hydrogen_bond,GLC:B:1:O1,O1,GLC,B,1
GAC_68,/home/wms/AF2-test/AF2-CatGraph/results/GAC/02_template_guided_docking/complexes/GAC_68_complex.pdb,results/GAC/05_plip_interaction_graphs/plip_outputs/GAC_68/report.xml,hydrogen_bonds,O2,ASN264A,2324,hydrogen_bonds,hydrogen_bond,GLC:B:1:O2,O2,GLC,B,1
GAC_68,/home/wms/AF2-test/AF2-CatGraph/results/GAC/02_template_guided_docking/complexes/GAC_68_complex.pdb,results/GAC/05_plip_interaction_graphs/plip_outputs/GAC_68/report.xml,hydrogen_bonds,O3,GLU310A,2325,hydrogen_bonds,hydrogen_bond,GLC:B:1:O3,O3,GLC,B,1
GAC_68,/home/wms/AF2-test/AF2-CatGraph/results/GAC/02_template_guided_docking/complexes/GAC_68_complex.pdb,results/GAC/05_plip_interaction_graphs/plip_outputs/GAC_68/report.xml,hydrogen_bonds,N2,GLU310A,2322,hydrogen_bonds,hydrogen_bond,GLC:B:1:N2,N2,GLC,B,1
GAC_68,/home/wms/AF2-test/AF2-CatGraph/results/GAC/02_template_guided_docking/complexes/GAC_68_complex.pdb,results/GAC/05_plip_interaction_graphs/plip_outputs/GAC_68/report.xml,hydrogen_bonds,O2,ASN317A,2324,hydrogen_bonds,hydrogen_bond,GLC:B:1:O2,O2,GLC,B,1
GAC_68,/home/wms/AF2-test/AF2-CatGraph/results/GAC/02_template_guided_docking/complexes/GAC_68_complex.pdb,results/GAC/05_plip_interaction_graphs/plip_outputs/GAC_68/report.xml,hydrogen_bonds,O2,TYR343A,2324,hydrogen_bonds,hydrogen_bond,GLC:B:1:O2,O2,GLC,B,1
GAC_68,/home/wms/AF2-test/AF2-CatGraph/results/GAC/02_template_guided_docking/complexes/GAC_68_complex.pdb,results/GAC/05_plip_interaction_graphs/plip_outputs/GAC_68/report.xml,hydrogen_bonds,N1,TYR395A,2316,hydrogen_bonds,hydrogen_bond,GLC:B:1:N1,N1,GLC,B,1
GAC_68,/home/wms/AF2-test/AF2-CatGraph/results/GAC/02_template_guided_docking/complexes/GAC_68_complex.pdb,results/GAC/05_plip_interaction_graphs/plip_outputs/GAC_68/report.xml,hydrogen_bonds,O1,VAL413A,2318,hydrogen_bonds,hydrogen_bond,GLC:B:1:O1,O1,GLC,B,1
GAC_69,/home/wms/AF2-test/AF2-CatGraph/results/GAC/02_template_guided_docking/complexes/GAC_69_complex.pdb,results/GAC/05_plip_interaction_graphs/plip_outputs/GAC_69/report.xml,hydrophobic_interactions,C2,VAL413A,2319,hydrophobic_interactions,hydrophobic_interaction,GLC:B:1:C2,C2,GLC,B,1
GAC_69,/home/wms/AF2-test/AF2-CatGraph/results/GAC/02_template_guided_docking/complexes/GAC_69_complex.pdb,results/GAC/05_plip_interaction_graphs/plip_outputs/GAC_69/report.xml,hydrogen_bonds,O1,SER215A,2318,hydrogen_bonds,hydrogen_bond,GLC:B:1:O1,O1,GLC,B,1
GAC_69,/home/wms/AF2-test/AF2-CatGraph/results/GAC/02_template_guided_docking/complexes/GAC_69_complex.pdb,results/GAC/05_plip_interaction_graphs/plip_outputs/GAC_69/report.xml,hydrogen_bonds,O2,ASN264A,2324,hydrogen_bonds,hydrogen_bond,GLC:B:1:O2,O2,GLC,B,1
GAC_69,/home/wms/AF2-test/AF2-CatGraph/results/GAC/02_template_guided_docking/complexes/GAC_69_complex.pdb,results/GAC/05_plip_interaction_graphs/plip_outputs/GAC_69/report.xml,hydrogen_bonds,O3,GLU310A,2325,hydrogen_bonds,hydrogen_bond,GLC:B:1:O3,O3,GLC,B,1
GAC_69,/home/wms/AF2-test/AF2-CatGraph/results/GAC/02_template_guided_docking/complexes/GAC_69_complex.pdb,results/GAC/05_plip_interaction_graphs/plip_outputs/GAC_69/report.xml,hydrogen_bonds,N2,GLU310A,2322,hydrogen_bonds,hydrogen_bond,GLC:B:1:N2,N2,GLC,B,1
GAC_69,/home/wms/AF2-test/AF2-CatGraph/results/GAC/02_template_guided_docking/complexes/GAC_69_complex.pdb,results/GAC/05_plip_interaction_graphs/plip_outputs/GAC_69/report.xml,hydrogen_bonds,O2,ASN317A,2324,hydrogen_bonds,hydrogen_bond,GLC:B:1:O2,O2,GLC,B,1
GAC_69,/home/wms/AF2-test/AF2-CatGraph/results/GAC/02_template_guided_docking/complexes/GAC_69_complex.pdb,results/GAC/05_plip_interaction_graphs/plip_outputs/GAC_69/report.xml,hydrogen_bonds,O2,TYR343A,2324,hydrogen_bonds,hydrogen_bond,GLC:B:1:O2,O2,GLC,B,1
GAC_69,/home/wms/AF2-test/AF2-CatGraph/results/GAC/02_template_guided_docking/complexes/GAC_69_complex.pdb,results/GAC/05_plip_interaction_graphs/plip_outputs/GAC_69/report.xml,hydrogen_bonds,O1,TYR395A,2318,hydrogen_bonds,hydrogen_bond,GLC:B:1:O1,O1,GLC,B,1
GAC_69,/home/wms/AF2-test/AF2-CatGraph/results/GAC/02_template_guided_docking/complexes/GAC_69_complex.pdb,results/GAC/05_plip_interaction_graphs/plip_outputs/GAC_69/report.xml,hydrogen_bonds,N1,TYR395A,2316,hydrogen_bonds,hydrogen_bond,GLC:B:1:N1,N1,GLC,B,1
GAC_69,/home/wms/AF2-test/AF2-CatGraph/results/GAC/02_template_guided_docking/complexes/GAC_69_complex.pdb,results/GAC/05_plip_interaction_graphs/plip_outputs/GAC_69/report.xml,hydrogen_bonds,O1,VAL413A,2318,hydrogen_bonds,hydrogen_bond,GLC:B:1:O1,O1,GLC,B,1
GAC_70,/home/wms/AF2-test/AF2-CatGraph/results/GAC/02_template_guided_docking/complexes/GAC_70_complex.pdb,results/GAC/05_plip_interaction_graphs/plip_outputs/GAC_70/report.xml,hydrophobic_interactions,C2,VAL413A,2319,hydrophobic_interactions,hydrophobic_interaction,GLC:B:1:C2,C2,GLC,B,1
GAC_70,/home/wms/AF2-test/AF2-CatGraph/results/GAC/02_template_guided_docking/complexes/GAC_70_complex.pdb,results/GAC/05_plip_interaction_graphs/plip_outputs/GAC_70/report.xml,hydrogen_bonds,O1,SER215A,2318,hydrogen_bonds,hydrogen_bond,GLC:B:1:O1,O1,GLC,B,1
GAC_70,/home/wms/AF2-test/AF2-CatGraph/results/GAC/02_template_guided_docking/complexes/GAC_70_complex.pdb,results/GAC/05_plip_interaction_graphs/plip_outputs/GAC_70/report.xml,hydrogen_bonds,O2,ASN264A,2324,hydrogen_bonds,hydrogen_bond,GLC:B:1:O2,O2,GLC,B,1
GAC_70,/home/wms/AF2-test/AF2-CatGraph/results/GAC/02_template_guided_docking/complexes/GAC_70_complex.pdb,results/GAC/05_plip_interaction_graphs/plip_outputs/GAC_70/report.xml,hydrogen_bonds,O3,GLU310A,2325,hydrogen_bonds,hydrogen_bond,GLC:B:1:O3,O3,GLC,B,1
GAC_70,/home/wms/AF2-test/AF2-CatGraph/results/GAC/02_template_guided_docking/complexes/GAC_70_complex.pdb,results/GAC/05_plip_interaction_graphs/plip_outputs/GAC_70/report.xml,hydrogen_bonds,N2,GLU310A,2322,hydrogen_bonds,hydrogen_bond,GLC:B:1:N2,N2,GLC,B,1
GAC_70,/home/wms/AF2-test/AF2-CatGraph/results/GAC/02_template_guided_docking/complexes/GAC_70_complex.pdb,results/GAC/05_plip_interaction_graphs/plip_outputs/GAC_70/report.xml,hydrogen_bonds,O2,ASN317A,2324,hydrogen_bonds,hydrogen_bond,GLC:B:1:O2,O2,GLC,B,1
GAC_70,/home/wms/AF2-test/AF2-CatGraph/results/GAC/02_template_guided_docking/complexes/GAC_70_complex.pdb,results/GAC/05_plip_interaction_graphs/plip_outputs/GAC_70/report.xml,hydrogen_bonds,O2,TYR343A,2324,hydrogen_bonds,hydrogen_bond,GLC:B:1:O2,O2,GLC,B,1
GAC_70,/home/wms/AF2-test/AF2-CatGraph/results/GAC/02_template_guided_docking/complexes/GAC_70_complex.pdb,results/GAC/05_plip_interaction_graphs/plip_outputs/GAC_70/report.xml,hydrogen_bonds,O1,TYR395A,2318,hydrogen_bonds,hydrogen_bond,GLC:B:1:O1,O1,GLC,B,1
GAC_70,/home/wms/AF2-test/AF2-CatGraph/results/GAC/02_template_guided_docking/complexes/GAC_70_complex.pdb,results/GAC/05_plip_interaction_graphs/plip_outputs/GAC_70/report.xml,hydrogen_bonds,N1,TYR395A,2316,hydrogen_bonds,hydrogen_bond,GLC:B:1:N1,N1,GLC,B,1
GAC_70,/home/wms/AF2-test/AF2-CatGraph/results/GAC/02_template_guided_docking/complexes/GAC_70_complex.pdb,results/GAC/05_plip_interaction_graphs/plip_outputs/GAC_70/report.xml,hydrogen_bonds,O1,VAL413A,2318,hydrogen_bonds,hydrogen_bond,GLC:B:1:O1,O1,GLC,B,1
GAC_71,/home/wms/AF2-test/AF2-CatGraph/results/GAC/02_template_guided_docking/complexes/GAC_71_complex.pdb,results/GAC/05_plip_interaction_graphs/plip_outputs/GAC_71/report.xml,hydrophobic_interactions,C2,VAL413A,2319,hydrophobic_interactions,hydrophobic_interaction,GLC:B:1:C2,C2,GLC,B,1
GAC_71,/home/wms/AF2-test/AF2-CatGraph/results/GAC/02_template_guided_docking/complexes/GAC_71_complex.pdb,results/GAC/05_plip_interaction_graphs/plip_outputs/GAC_71/report.xml,hydrogen_bonds,O1,SER215A,2318,hydrogen_bonds,hydrogen_bond,GLC:B:1:O1,O1,GLC,B,1
GAC_71,/home/wms/AF2-test/AF2-CatGraph/results/GAC/02_template_guided_docking/complexes/GAC_71_complex.pdb,results/GAC/05_plip_interaction_graphs/plip_outputs/GAC_71/report.xml,hydrogen_bonds,O2,ASN264A,2324,hydrogen_bonds,hydrogen_bond,GLC:B:1:O2,O2,GLC,B,1
GAC_71,/home/wms/AF2-test/AF2-CatGraph/results/GAC/02_template_guided_docking/complexes/GAC_71_complex.pdb,results/GAC/05_plip_interaction_graphs/plip_outputs/GAC_71/report.xml,hydrogen_bonds,O3,GLU310A,2325,hydrogen_bonds,hydrogen_bond,GLC:B:1:O3,O3,GLC,B,1
GAC_71,/home/wms/AF2-test/AF2-CatGraph/results/GAC/02_template_guided_docking/complexes/GAC_71_complex.pdb,results/GAC/05_plip_interaction_graphs/plip_outputs/GAC_71/report.xml,hydrogen_bonds,N2,GLU310A,2322,hydrogen_bonds,hydrogen_bond,GLC:B:1:N2,N2,GLC,B,1
GAC_71,/home/wms/AF2-test/AF2-CatGraph/results/GAC/02_template_guided_docking/complexes/GAC_71_complex.pdb,results/GAC/05_plip_interaction_graphs/plip_outputs/GAC_71/report.xml,hydrogen_bonds,O2,ASN317A,2324,hydrogen_bonds,hydrogen_bond,GLC:B:1:O2,O2,GLC,B,1
GAC_71,/home/wms/AF2-test/AF2-CatGraph/results/GAC/02_template_guided_docking/complexes/GAC_71_complex.pdb,results/GAC/05_plip_interaction_graphs/plip_outputs/GAC_71/report.xml,hydrogen_bonds,O2,TYR343A,2324,hydrogen_bonds,hydrogen_bond,GLC:B:1:O2,O2,GLC,B,1
GAC_71,/home/wms/AF2-test/AF2-CatGraph/results/GAC/02_template_guided_docking/complexes/GAC_71_complex.pdb,results/GAC/05_plip_interaction_graphs/plip_outputs/GAC_71/report.xml,hydrogen_bonds,O1,TYR395A,2318,hydrogen_bonds,hydrogen_bond,GLC:B:1:O1,O1,GLC,B,1
GAC_71,/home/wms/AF2-test/AF2-CatGraph/results/GAC/02_template_guided_docking/complexes/GAC_71_complex.pdb,results/GAC/05_plip_interaction_graphs/plip_outputs/GAC_71/report.xml,hydrogen_bonds,N1,TYR395A,2316,hydrogen_bonds,hydrogen_bond,GLC:B:1:N1,N1,GLC,B,1
GAC_71,/home/wms/AF2-test/AF2-CatGraph/results/GAC/02_template_guided_docking/complexes/GAC_71_complex.pdb,results/GAC/05_plip_interaction_graphs/plip_outputs/GAC_71/report.xml,hydrogen_bonds,O1,VAL413A,2318,hydrogen_bonds,hydrogen_bond,GLC:B:1:O1,O1,GLC,B,1
GAC_72,/home/wms/AF2-test/AF2-CatGraph/results/GAC/02_template_guided_docking/complexes/GAC_72_complex.pdb,results/GAC/05_plip_interaction_graphs/plip_outputs/GAC_72/report.xml,hydrophobic_interactions,C2,VAL413A,2319,hydrophobic_interactions,hydrophobic_interaction,GLC:B:1:C2,C2,GLC,B,1
GAC_72,/home/wms/AF2-test/AF2-CatGraph/results/GAC/02_template_guided_docking/complexes/GAC_72_complex.pdb,results/GAC/05_plip_interaction_graphs/plip_outputs/GAC_72/report.xml,hydrogen_bonds,O1,SER215A,2318,hydrogen_bonds,hydrogen_bond,GLC:B:1:O1,O1,GLC,B,1
GAC_72,/home/wms/AF2-test/AF2-CatGraph/results/GAC/02_template_guided_docking/complexes/GAC_72_complex.pdb,results/GAC/05_plip_interaction_graphs/plip_outputs/GAC_72/report.xml,hydrogen_bonds,O2,ASN264A,2324,hydrogen_bonds,hydrogen_bond,GLC:B:1:O2,O2,GLC,B,1
GAC_72,/home/wms/AF2-test/AF2-CatGraph/results/GAC/02_template_guided_docking/complexes/GAC_72_complex.pdb,results/GAC/05_plip_interaction_graphs/plip_outputs/GAC_72/report.xml,hydrogen_bonds,O3,GLU310A,2325,hydrogen_bonds,hydrogen_bond,GLC:B:1:O3,O3,GLC,B,1
GAC_72,/home/wms/AF2-test/AF2-CatGraph/results/GAC/02_template_guided_docking/complexes/GAC_72_complex.pdb,results/GAC/05_plip_interaction_graphs/plip_outputs/GAC_72/report.xml,hydrogen_bonds,N2,GLU310A,2322,hydrogen_bonds,hydrogen_bond,GLC:B:1:N2,N2,GLC,B,1
GAC_72,/home/wms/AF2-test/AF2-CatGraph/results/GAC/02_template_guided_docking/complexes/GAC_72_complex.pdb,results/GAC/05_plip_interaction_graphs/plip_outputs/GAC_72/report.xml,hydrogen_bonds,O2,ASN317A,2324,hydrogen_bonds,hydrogen_bond,GLC:B:1:O2,O2,GLC,B,1
GAC_72,/home/wms/AF2-test/AF2-CatGraph/results/GAC/02_template_guided_docking/complexes/GAC_72_complex.pdb,results/GAC/05_plip_interaction_graphs/plip_outputs/GAC_72/report.xml,hydrogen_bonds,O2,TYR343A,2324,hydrogen_bonds,hydrogen_bond,GLC:B:1:O2,O2,GLC,B,1
GAC_72,/home/wms/AF2-test/AF2-CatGraph/results/GAC/02_template_guided_docking/complexes/GAC_72_complex.pdb,results/GAC/05_plip_interaction_graphs/plip_outputs/GAC_72/report.xml,hydrogen_bonds,O1,TYR395A,2318,hydrogen_bonds,hydrogen_bond,GLC:B:1:O1,O1,GLC,B,1
GAC_72,/home/wms/AF2-test/AF2-CatGraph/results/GAC/02_template_guided_docking/complexes/GAC_72_complex.pdb,results/GAC/05_plip_interaction_graphs/plip_outputs/GAC_72/report.xml,hydrogen_bonds,N1,TYR395A,2316,hydrogen_bonds,hydrogen_bond,GLC:B:1:N1,N1,GLC,B,1
GAC_72,/home/wms/AF2-test/AF2-CatGraph/results/GAC/02_template_guided_docking/complexes/GAC_72_complex.pdb,results/GAC/05_plip_interaction_graphs/plip_outputs/GAC_72/report.xml,hydrogen_bonds,O1,VAL413A,2318,hydrogen_bonds,hydrogen_bond,GLC:B:1:O1,O1,GLC,B,1
GAC_73,/home/wms/AF2-test/AF2-CatGraph/results/GAC/02_template_guided_docking/complexes/GAC_73_complex.pdb,results/GAC/05_plip_interaction_graphs/plip_outputs/GAC_73/report.xml,hydrophobic_interactions,C2,VAL413A,2319,hydrophobic_interactions,hydrophobic_interaction,GLC:B:1:C2,C2,GLC,B,1
GAC_73,/home/wms/AF2-test/AF2-CatGraph/results/GAC/02_template_guided_docking/complexes/GAC_73_complex.pdb,results/GAC/05_plip_interaction_graphs/plip_outputs/GAC_73/report.xml,hydrogen_bonds,O1,SER215A,2318,hydrogen_bonds,hydrogen_bond,GLC:B:1:O1,O1,GLC,B,1
GAC_73,/home/wms/AF2-test/AF2-CatGraph/results/GAC/02_template_guided_docking/complexes/GAC_73_complex.pdb,results/GAC/05_plip_interaction_graphs/plip_outputs/GAC_73/report.xml,hydrogen_bonds,O2,ASN264A,2324,hydrogen_bonds,hydrogen_bond,GLC:B:1:O2,O2,GLC,B,1
GAC_73,/home/wms/AF2-test/AF2-CatGraph/results/GAC/02_template_guided_docking/complexes/GAC_73_complex.pdb,results/GAC/05_plip_interaction_graphs/plip_outputs/GAC_73/report.xml,hydrogen_bonds,O3,GLU310A,2325,hydrogen_bonds,hydrogen_bond,GLC:B:1:O3,O3,GLC,B,1
GAC_73,/home/wms/AF2-test/AF2-CatGraph/results/GAC/02_template_guided_docking/complexes/GAC_73_complex.pdb,results/GAC/05_plip_interaction_graphs/plip_outputs/GAC_73/report.xml,hydrogen_bonds,N2,GLU310A,2322,hydrogen_bonds,hydrogen_bond,GLC:B:1:N2,N2,GLC,B,1
GAC_73,/home/wms/AF2-test/AF2-CatGraph/results/GAC/02_template_guided_docking/complexes/GAC_73_complex.pdb,results/GAC/05_plip_interaction_graphs/plip_outputs/GAC_73/report.xml,hydrogen_bonds,O2,ASN317A,2324,hydrogen_bonds,hydrogen_bond,GLC:B:1:O2,O2,GLC,B,1
GAC_73,/home/wms/AF2-test/AF2-CatGraph/results/GAC/02_template_guided_docking/complexes/GAC_73_complex.pdb,results/GAC/05_plip_interaction_graphs/plip_outputs/GAC_73/report.xml,hydrogen_bonds,O2,TYR343A,2324,hydrogen_bonds,hydrogen_bond,GLC:B:1:O2,O2,GLC,B,1
GAC_73,/home/wms/AF2-test/AF2-CatGraph/results/GAC/02_template_guided_docking/complexes/GAC_73_complex.pdb,results/GAC/05_plip_interaction_graphs/plip_outputs/GAC_73/report.xml,hydrogen_bonds,O1,TYR395A,2318,hydrogen_bonds,hydrogen_bond,GLC:B:1:O1,O1,GLC,B,1
GAC_73,/home/wms/AF2-test/AF2-CatGraph/results/GAC/02_template_guided_docking/complexes/GAC_73_complex.pdb,results/GAC/05_plip_interaction_graphs/plip_outputs/GAC_73/report.xml,hydrogen_bonds,N1,TYR395A,2316,hydrogen_bonds,hydrogen_bond,GLC:B:1:N1,N1,GLC,B,1
GAC_73,/home/wms/AF2-test/AF2-CatGraph/results/GAC/02_template_guided_docking/complexes/GAC_73_complex.pdb,results/GAC/05_plip_interaction_graphs/plip_outputs/GAC_73/report.xml,hydrogen_bonds,O1,VAL413A,2318,hydrogen_bonds,hydrogen_bond,GLC:B:1:O1,O1,GLC,B,1
GAC_74,/home/wms/AF2-test/AF2-CatGraph/results/GAC/02_template_guided_docking/complexes/GAC_74_complex.pdb,results/GAC/05_plip_interaction_graphs/plip_outputs/GAC_74/report.xml,hydrophobic_interactions,C2,VAL413A,2319,hydrophobic_interactions,hydrophobic_interaction,GLC:B:1:C2,C2,GLC,B,1
GAC_74,/home/wms/AF2-test/AF2-CatGraph/results/GAC/02_template_guided_docking/complexes/GAC_74_complex.pdb,results/GAC/05_plip_interaction_graphs/plip_outputs/GAC_74/report.xml,hydrogen_bonds,O1,SER215A,2318,hydrogen_bonds,hydrogen_bond,GLC:B:1:O1,O1,GLC,B,1
GAC_74,/home/wms/AF2-test/AF2-CatGraph/results/GAC/02_template_guided_docking/complexes/GAC_74_complex.pdb,results/GAC/05_plip_interaction_graphs/plip_outputs/GAC_74/report.xml,hydrogen_bonds,O2,ASN264A,2324,hydrogen_bonds,hydrogen_bond,GLC:B:1:O2,O2,GLC,B,1
GAC_74,/home/wms/AF2-test/AF2-CatGraph/results/GAC/02_template_guided_docking/complexes/GAC_74_complex.pdb,results/GAC/05_plip_interaction_graphs/plip_outputs/GAC_74/report.xml,hydrogen_bonds,O3,GLU310A,2325,hydrogen_bonds,hydrogen_bond,GLC:B:1:O3,O3,GLC,B,1
GAC_74,/home/wms/AF2-test/AF2-CatGraph/results/GAC/02_template_guided_docking/complexes/GAC_74_complex.pdb,results/GAC/05_plip_interaction_graphs/plip_outputs/GAC_74/report.xml,hydrogen_bonds,N2,GLU310A,2322,hydrogen_bonds,hydrogen_bond,GLC:B:1:N2,N2,GLC,B,1
GAC_74,/home/wms/AF2-test/AF2-CatGraph/results/GAC/02_template_guided_docking/complexes/GAC_74_complex.pdb,results/GAC/05_plip_interaction_graphs/plip_outputs/GAC_74/report.xml,hydrogen_bonds,O2,ASN317A,2324,hydrogen_bonds,hydrogen_bond,GLC:B:1:O2,O2,GLC,B,1
GAC_74,/home/wms/AF2-test/AF2-CatGraph/results/GAC/02_template_guided_docking/complexes/GAC_74_complex.pdb,results/GAC/05_plip_interaction_graphs/plip_outputs/GAC_74/report.xml,hydrogen_bonds,O2,TYR343A,2324,hydrogen_bonds,hydrogen_bond,GLC:B:1:O2,O2,GLC,B,1
GAC_74,/home/wms/AF2-test/AF2-CatGraph/results/GAC/02_template_guided_docking/complexes/GAC_74_complex.pdb,results/GAC/05_plip_interaction_graphs/plip_outputs/GAC_74/report.xml,hydrogen_bonds,O1,TYR395A,2318,hydrogen_bonds,hydrogen_bond,GLC:B:1:O1,O1,GLC,B,1
GAC_74,/home/wms/AF2-test/AF2-CatGraph/results/GAC/02_template_guided_docking/complexes/GAC_74_complex.pdb,results/GAC/05_plip_interaction_graphs/plip_outputs/GAC_74/report.xml,hydrogen_bonds,N1,TYR395A,2316,hydrogen_bonds,hydrogen_bond,GLC:B:1:N1,N1,GLC,B,1
GAC_74,/home/wms/AF2-test/AF2-CatGraph/results/GAC/02_template_guided_docking/complexes/GAC_74_complex.pdb,results/GAC/05_plip_interaction_graphs/plip_outputs/GAC_74/report.xml,hydrogen_bonds,O1,VAL413A,2318,hydrogen_bonds,hydrogen_bond,GLC:B:1:O1,O1,GLC,B,1
GAC_75,/home/wms/AF2-test/AF2-CatGraph/results/GAC/02_template_guided_docking/complexes/GAC_75_complex.pdb,results/GAC/05_plip_interaction_graphs/plip_outputs/GAC_75/report.xml,hydrophobic_interactions,C2,VAL413A,2319,hydrophobic_interactions,hydrophobic_interaction,GLC:B:1:C2,C2,GLC,B,1
GAC_75,/home/wms/AF2-test/AF2-CatGraph/results/GAC/02_template_guided_docking/complexes/GAC_75_complex.pdb,results/GAC/05_plip_interaction_graphs/plip_outputs/GAC_75/report.xml,hydrogen_bonds,O1,SER215A,2318,hydrogen_bonds,hydrogen_bond,GLC:B:1:O1,O1,GLC,B,1
GAC_75,/home/wms/AF2-test/AF2-CatGraph/results/GAC/02_template_guided_docking/complexes/GAC_75_complex.pdb,results/GAC/05_plip_interaction_graphs/plip_outputs/GAC_75/report.xml,hydrogen_bonds,O2,ASN264A,2324,hydrogen_bonds,hydrogen_bond,GLC:B:1:O2,O2,GLC,B,1
GAC_75,/home/wms/AF2-test/AF2-CatGraph/results/GAC/02_template_guided_docking/complexes/GAC_75_complex.pdb,results/GAC/05_plip_interaction_graphs/plip_outputs/GAC_75/report.xml,hydrogen_bonds,O3,GLU310A,2325,hydrogen_bonds,hydrogen_bond,GLC:B:1:O3,O3,GLC,B,1
GAC_75,/home/wms/AF2-test/AF2-CatGraph/results/GAC/02_template_guided_docking/complexes/GAC_75_complex.pdb,results/GAC/05_plip_interaction_graphs/plip_outputs/GAC_75/report.xml,hydrogen_bonds,N2,GLU310A,2322,hydrogen_bonds,hydrogen_bond,GLC:B:1:N2,N2,GLC,B,1
GAC_75,/home/wms/AF2-test/AF2-CatGraph/results/GAC/02_template_guided_docking/complexes/GAC_75_complex.pdb,results/GAC/05_plip_interaction_graphs/plip_outputs/GAC_75/report.xml,hydrogen_bonds,O2,ASN317A,2324,hydrogen_bonds,hydrogen_bond,GLC:B:1:O2,O2,GLC,B,1
GAC_75,/home/wms/AF2-test/AF2-CatGraph/results/GAC/02_template_guided_docking/complexes/GAC_75_complex.pdb,results/GAC/05_plip_interaction_graphs/plip_outputs/GAC_75/report.xml,hydrogen_bonds,O2,TYR343A,2324,hydrogen_bonds,hydrogen_bond,GLC:B:1:O2,O2,GLC,B,1
GAC_75,/home/wms/AF2-test/AF2-CatGraph/results/GAC/02_template_guided_docking/complexes/GAC_75_complex.pdb,results/GAC/05_plip_interaction_graphs/plip_outputs/GAC_75/report.xml,hydrogen_bonds,O1,TYR395A,2318,hydrogen_bonds,hydrogen_bond,GLC:B:1:O1,O1,GLC,B,1
GAC_75,/home/wms/AF2-test/AF2-CatGraph/results/GAC/02_template_guided_docking/complexes/GAC_75_complex.pdb,results/GAC/05_plip_interaction_graphs/plip_outputs/GAC_75/report.xml,hydrogen_bonds,N1,TYR395A,2316,hydrogen_bonds,hydrogen_bond,GLC:B:1:N1,N1,GLC,B,1
GAC_75,/home/wms/AF2-test/AF2-CatGraph/results/GAC/02_template_guided_docking/complexes/GAC_75_complex.pdb,results/GAC/05_plip_interaction_graphs/plip_outputs/GAC_75/report.xml,hydrogen_bonds,O1,VAL413A,2318,hydrogen_bonds,hydrogen_bond,GLC:B:1:O1,O1,GLC,B,1
GAC_76,/home/wms/AF2-test/AF2-CatGraph/results/GAC/02_template_guided_docking/complexes/GAC_76_complex.pdb,results/GAC/05_plip_interaction_graphs/plip_outputs/GAC_76/report.xml,hydrophobic_interactions,C2,VAL413A,2319,hydrophobic_interactions,hydrophobic_interaction,GLC:B:1:C2,C2,GLC,B,1
GAC_76,/home/wms/AF2-test/AF2-CatGraph/results/GAC/02_template_guided_docking/complexes/GAC_76_complex.pdb,results/GAC/05_plip_interaction_graphs/plip_outputs/GAC_76/report.xml,hydrogen_bonds,O1,SER215A,2318,hydrogen_bonds,hydrogen_bond,GLC:B:1:O1,O1,GLC,B,1
GAC_76,/home/wms/AF2-test/AF2-CatGraph/results/GAC/02_template_guided_docking/complexes/GAC_76_complex.pdb,results/GAC/05_plip_interaction_graphs/plip_outputs/GAC_76/report.xml,hydrogen_bonds,O2,ASN264A,2324,hydrogen_bonds,hydrogen_bond,GLC:B:1:O2,O2,GLC,B,1
GAC_76,/home/wms/AF2-test/AF2-CatGraph/results/GAC/02_template_guided_docking/complexes/GAC_76_complex.pdb,results/GAC/05_plip_interaction_graphs/plip_outputs/GAC_76/report.xml,hydrogen_bonds,O3,GLU310A,2325,hydrogen_bonds,hydrogen_bond,GLC:B:1:O3,O3,GLC,B,1
GAC_76,/home/wms/AF2-test/AF2-CatGraph/results/GAC/02_template_guided_docking/complexes/GAC_76_complex.pdb,results/GAC/05_plip_interaction_graphs/plip_outputs/GAC_76/report.xml,hydrogen_bonds,N2,GLU310A,2322,hydrogen_bonds,hydrogen_bond,GLC:B:1:N2,N2,GLC,B,1
GAC_76,/home/wms/AF2-test/AF2-CatGraph/results/GAC/02_template_guided_docking/complexes/GAC_76_complex.pdb,results/GAC/05_plip_interaction_graphs/plip_outputs/GAC_76/report.xml,hydrogen_bonds,O2,ASN317A,2324,hydrogen_bonds,hydrogen_bond,GLC:B:1:O2,O2,GLC,B,1
GAC_76,/home/wms/AF2-test/AF2-CatGraph/results/GAC/02_template_guided_docking/complexes/GAC_76_complex.pdb,results/GAC/05_plip_interaction_graphs/plip_outputs/GAC_76/report.xml,hydrogen_bonds,O2,TYR343A,2324,hydrogen_bonds,hydrogen_bond,GLC:B:1:O2,O2,GLC,B,1
GAC_76,/home/wms/AF2-test/AF2-CatGraph/results/GAC/02_template_guided_docking/complexes/GAC_76_complex.pdb,results/GAC/05_plip_interaction_graphs/plip_outputs/GAC_76/report.xml,hydrogen_bonds,O1,TYR395A,2318,hydrogen_bonds,hydrogen_bond,GLC:B:1:O1,O1,GLC,B,1
GAC_76,/home/wms/AF2-test/AF2-CatGraph/results/GAC/02_template_guided_docking/complexes/GAC_76_complex.pdb,results/GAC/05_plip_interaction_graphs/plip_outputs/GAC_76/report.xml,hydrogen_bonds,N1,TYR395A,2316,hydrogen_bonds,hydrogen_bond,GLC:B:1:N1,N1,GLC,B,1
GAC_76,/home/wms/AF2-test/AF2-CatGraph/results/GAC/02_template_guided_docking/complexes/GAC_76_complex.pdb,results/GAC/05_plip_interaction_graphs/plip_outputs/GAC_76/report.xml,hydrogen_bonds,O1,VAL413A,2318,hydrogen_bonds,hydrogen_bond,GLC:B:1:O1,O1,GLC,B,1
GAC_77,/home/wms/AF2-test/AF2-CatGraph/results/GAC/02_template_guided_docking/complexes/GAC_77_complex.pdb,results/GAC/05_plip_interaction_graphs/plip_outputs/GAC_77/report.xml,hydrophobic_interactions,C2,VAL413A,2319,hydrophobic_interactions,hydrophobic_interaction,GLC:B:1:C2,C2,GLC,B,1
GAC_77,/home/wms/AF2-test/AF2-CatGraph/results/GAC/02_template_guided_docking/complexes/GAC_77_complex.pdb,results/GAC/05_plip_interaction_graphs/plip_outputs/GAC_77/report.xml,hydrogen_bonds,O1,SER215A,2318,hydrogen_bonds,hydrogen_bond,GLC:B:1:O1,O1,GLC,B,1
GAC_77,/home/wms/AF2-test/AF2-CatGraph/results/GAC/02_template_guided_docking/complexes/GAC_77_complex.pdb,results/GAC/05_plip_interaction_graphs/plip_outputs/GAC_77/report.xml,hydrogen_bonds,O2,ASN264A,2324,hydrogen_bonds,hydrogen_bond,GLC:B:1:O2,O2,GLC,B,1
GAC_77,/home/wms/AF2-test/AF2-CatGraph/results/GAC/02_template_guided_docking/complexes/GAC_77_complex.pdb,results/GAC/05_plip_interaction_graphs/plip_outputs/GAC_77/report.xml,hydrogen_bonds,O3,GLU310A,2325,hydrogen_bonds,hydrogen_bond,GLC:B:1:O3,O3,GLC,B,1
GAC_77,/home/wms/AF2-test/AF2-CatGraph/results/GAC/02_template_guided_docking/complexes/GAC_77_complex.pdb,results/GAC/05_plip_interaction_graphs/plip_outputs/GAC_77/report.xml,hydrogen_bonds,N2,GLU310A,2322,hydrogen_bonds,hydrogen_bond,GLC:B:1:N2,N2,GLC,B,1
GAC_77,/home/wms/AF2-test/AF2-CatGraph/results/GAC/02_template_guided_docking/complexes/GAC_77_complex.pdb,results/GAC/05_plip_interaction_graphs/plip_outputs/GAC_77/report.xml,hydrogen_bonds,O2,ASN317A,2324,hydrogen_bonds,hydrogen_bond,GLC:B:1:O2,O2,GLC,B,1
GAC_77,/home/wms/AF2-test/AF2-CatGraph/results/GAC/02_template_guided_docking/complexes/GAC_77_complex.pdb,results/GAC/05_plip_interaction_graphs/plip_outputs/GAC_77/report.xml,hydrogen_bonds,O2,TYR343A,2324,hydrogen_bonds,hydrogen_bond,GLC:B:1:O2,O2,GLC,B,1
GAC_77,/home/wms/AF2-test/AF2-CatGraph/results/GAC/02_template_guided_docking/complexes/GAC_77_complex.pdb,results/GAC/05_plip_interaction_graphs/plip_outputs/GAC_77/report.xml,hydrogen_bonds,O1,TYR395A,2318,hydrogen_bonds,hydrogen_bond,GLC:B:1:O1,O1,GLC,B,1
GAC_77,/home/wms/AF2-test/AF2-CatGraph/results/GAC/02_template_guided_docking/complexes/GAC_77_complex.pdb,results/GAC/05_plip_interaction_graphs/plip_outputs/GAC_77/report.xml,hydrogen_bonds,N1,TYR395A,2316,hydrogen_bonds,hydrogen_bond,GLC:B:1:N1,N1,GLC,B,1
GAC_77,/home/wms/AF2-test/AF2-CatGraph/results/GAC/02_template_guided_docking/complexes/GAC_77_complex.pdb,results/GAC/05_plip_interaction_graphs/plip_outputs/GAC_77/report.xml,hydrogen_bonds,O1,VAL413A,2318,hydrogen_bonds,hydrogen_bond,GLC:B:1:O1,O1,GLC,B,1
GAC_78,/home/wms/AF2-test/AF2-CatGraph/results/GAC/02_template_guided_docking/complexes/GAC_78_complex.pdb,results/GAC/05_plip_interaction_graphs/plip_outputs/GAC_78/report.xml,hydrophobic_interactions,C2,VAL413A,2319,hydrophobic_interactions,hydrophobic_interaction,GLC:B:1:C2,C2,GLC,B,1
GAC_78,/home/wms/AF2-test/AF2-CatGraph/results/GAC/02_template_guided_docking/complexes/GAC_78_complex.pdb,results/GAC/05_plip_interaction_graphs/plip_outputs/GAC_78/report.xml,hydrogen_bonds,O1,SER215A,2318,hydrogen_bonds,hydrogen_bond,GLC:B:1:O1,O1,GLC,B,1
GAC_78,/home/wms/AF2-test/AF2-CatGraph/results/GAC/02_template_guided_docking/complexes/GAC_78_complex.pdb,results/GAC/05_plip_interaction_graphs/plip_outputs/GAC_78/report.xml,hydrogen_bonds,O2,ASN264A,2324,hydrogen_bonds,hydrogen_bond,GLC:B:1:O2,O2,GLC,B,1
GAC_78,/home/wms/AF2-test/AF2-CatGraph/results/GAC/02_template_guided_docking/complexes/GAC_78_complex.pdb,results/GAC/05_plip_interaction_graphs/plip_outputs/GAC_78/report.xml,hydrogen_bonds,O3,GLU310A,2325,hydrogen_bonds,hydrogen_bond,GLC:B:1:O3,O3,GLC,B,1
GAC_78,/home/wms/AF2-test/AF2-CatGraph/results/GAC/02_template_guided_docking/complexes/GAC_78_complex.pdb,results/GAC/05_plip_interaction_graphs/plip_outputs/GAC_78/report.xml,hydrogen_bonds,N2,GLU310A,2322,hydrogen_bonds,hydrogen_bond,GLC:B:1:N2,N2,GLC,B,1
GAC_78,/home/wms/AF2-test/AF2-CatGraph/results/GAC/02_template_guided_docking/complexes/GAC_78_complex.pdb,results/GAC/05_plip_interaction_graphs/plip_outputs/GAC_78/report.xml,hydrogen_bonds,O2,ASN317A,2324,hydrogen_bonds,hydrogen_bond,GLC:B:1:O2,O2,GLC,B,1
GAC_78,/home/wms/AF2-test/AF2-CatGraph/results/GAC/02_template_guided_docking/complexes/GAC_78_complex.pdb,results/GAC/05_plip_interaction_graphs/plip_outputs/GAC_78/report.xml,hydrogen_bonds,O2,TYR343A,2324,hydrogen_bonds,hydrogen_bond,GLC:B:1:O2,O2,GLC,B,1
GAC_78,/home/wms/AF2-test/AF2-CatGraph/results/GAC/02_template_guided_docking/complexes/GAC_78_complex.pdb,results/GAC/05_plip_interaction_graphs/plip_outputs/GAC_78/report.xml,hydrogen_bonds,O1,TYR395A,2318,hydrogen_bonds,hydrogen_bond,GLC:B:1:O1,O1,GLC,B,1
GAC_78,/home/wms/AF2-test/AF2-CatGraph/results/GAC/02_template_guided_docking/complexes/GAC_78_complex.pdb,results/GAC/05_plip_interaction_graphs/plip_outputs/GAC_78/report.xml,hydrogen_bonds,N1,TYR395A,2316,hydrogen_bonds,hydrogen_bond,GLC:B:1:N1,N1,GLC,B,1
GAC_78,/home/wms/AF2-test/AF2-CatGraph/results/GAC/02_template_guided_docking/complexes/GAC_78_complex.pdb,results/GAC/05_plip_interaction_graphs/plip_outputs/GAC_78/report.xml,hydrogen_bonds,O1,VAL413A,2318,hydrogen_bonds,hydrogen_bond,GLC:B:1:O1,O1,GLC,B,1
GAC_79,/home/wms/AF2-test/AF2-CatGraph/results/GAC/02_template_guided_docking/complexes/GAC_79_complex.pdb,results/GAC/05_plip_interaction_graphs/plip_outputs/GAC_79/report.xml,hydrophobic_interactions,C2,VAL413A,2319,hydrophobic_interactions,hydrophobic_interaction,GLC:B:1:C2,C2,GLC,B,1
GAC_79,/home/wms/AF2-test/AF2-CatGraph/results/GAC/02_template_guided_docking/complexes/GAC_79_complex.pdb,results/GAC/05_plip_interaction_graphs/plip_outputs/GAC_79/report.xml,hydrogen_bonds,O1,SER215A,2318,hydrogen_bonds,hydrogen_bond,GLC:B:1:O1,O1,GLC,B,1
GAC_79,/home/wms/AF2-test/AF2-CatGraph/results/GAC/02_template_guided_docking/complexes/GAC_79_complex.pdb,results/GAC/05_plip_interaction_graphs/plip_outputs/GAC_79/report.xml,hydrogen_bonds,O2,ASN264A,2324,hydrogen_bonds,hydrogen_bond,GLC:B:1:O2,O2,GLC,B,1
GAC_79,/home/wms/AF2-test/AF2-CatGraph/results/GAC/02_template_guided_docking/complexes/GAC_79_complex.pdb,results/GAC/05_plip_interaction_graphs/plip_outputs/GAC_79/report.xml,hydrogen_bonds,O3,GLU310A,2325,hydrogen_bonds,hydrogen_bond,GLC:B:1:O3,O3,GLC,B,1
GAC_79,/home/wms/AF2-test/AF2-CatGraph/results/GAC/02_template_guided_docking/complexes/GAC_79_complex.pdb,results/GAC/05_plip_interaction_graphs/plip_outputs/GAC_79/report.xml,hydrogen_bonds,N2,GLU310A,2322,hydrogen_bonds,hydrogen_bond,GLC:B:1:N2,N2,GLC,B,1
GAC_79,/home/wms/AF2-test/AF2-CatGraph/results/GAC/02_template_guided_docking/complexes/GAC_79_complex.pdb,results/GAC/05_plip_interaction_graphs/plip_outputs/GAC_79/report.xml,hydrogen_bonds,O2,ASN317A,2324,hydrogen_bonds,hydrogen_bond,GLC:B:1:O2,O2,GLC,B,1
GAC_79,/home/wms/AF2-test/AF2-CatGraph/results/GAC/02_template_guided_docking/complexes/GAC_79_complex.pdb,results/GAC/05_plip_interaction_graphs/plip_outputs/GAC_79/report.xml,hydrogen_bonds,O2,TYR343A,2324,hydrogen_bonds,hydrogen_bond,GLC:B:1:O2,O2,GLC,B,1
GAC_79,/home/wms/AF2-test/AF2-CatGraph/results/GAC/02_template_guided_docking/complexes/GAC_79_complex.pdb,results/GAC/05_plip_interaction_graphs/plip_outputs/GAC_79/report.xml,hydrogen_bonds,O1,TYR395A,2318,hydrogen_bonds,hydrogen_bond,GLC:B:1:O1,O1,GLC,B,1
GAC_79,/home/wms/AF2-test/AF2-CatGraph/results/GAC/02_template_guided_docking/complexes/GAC_79_complex.pdb,results/GAC/05_plip_interaction_graphs/plip_outputs/GAC_79/report.xml,hydrogen_bonds,N1,TYR395A,2316,hydrogen_bonds,hydrogen_bond,GLC:B:1:N1,N1,GLC,B,1
GAC_79,/home/wms/AF2-test/AF2-CatGraph/results/GAC/02_template_guided_docking/complexes/GAC_79_complex.pdb,results/GAC/05_plip_interaction_graphs/plip_outputs/GAC_79/report.xml,hydrogen_bonds,O1,VAL413A,2318,hydrogen_bonds,hydrogen_bond,GLC:B:1:O1,O1,GLC,B,1
GAC_80,/home/wms/AF2-test/AF2-CatGraph/results/GAC/02_template_guided_docking/complexes/GAC_80_complex.pdb,results/GAC/05_plip_interaction_graphs/plip_outputs/GAC_80/report.xml,hydrophobic_interactions,C2,VAL413A,2319,hydrophobic_interactions,hydrophobic_interaction,GLC:B:1:C2,C2,GLC,B,1
GAC_80,/home/wms/AF2-test/AF2-CatGraph/results/GAC/02_template_guided_docking/complexes/GAC_80_complex.pdb,results/GAC/05_plip_interaction_graphs/plip_outputs/GAC_80/report.xml,hydrogen_bonds,O1,SER215A,2318,hydrogen_bonds,hydrogen_bond,GLC:B:1:O1,O1,GLC,B,1
GAC_80,/home/wms/AF2-test/AF2-CatGraph/results/GAC/02_template_guided_docking/complexes/GAC_80_complex.pdb,results/GAC/05_plip_interaction_graphs/plip_outputs/GAC_80/report.xml,hydrogen_bonds,O2,ASN264A,2324,hydrogen_bonds,hydrogen_bond,GLC:B:1:O2,O2,GLC,B,1
GAC_80,/home/wms/AF2-test/AF2-CatGraph/results/GAC/02_template_guided_docking/complexes/GAC_80_complex.pdb,results/GAC/05_plip_interaction_graphs/plip_outputs/GAC_80/report.xml,hydrogen_bonds,O3,GLU310A,2325,hydrogen_bonds,hydrogen_bond,GLC:B:1:O3,O3,GLC,B,1
GAC_80,/home/wms/AF2-test/AF2-CatGraph/results/GAC/02_template_guided_docking/complexes/GAC_80_complex.pdb,results/GAC/05_plip_interaction_graphs/plip_outputs/GAC_80/report.xml,hydrogen_bonds,N2,GLU310A,2322,hydrogen_bonds,hydrogen_bond,GLC:B:1:N2,N2,GLC,B,1
GAC_80,/home/wms/AF2-test/AF2-CatGraph/results/GAC/02_template_guided_docking/complexes/GAC_80_complex.pdb,results/GAC/05_plip_interaction_graphs/plip_outputs/GAC_80/report.xml,hydrogen_bonds,O2,ASN317A,2324,hydrogen_bonds,hydrogen_bond,GLC:B:1:O2,O2,GLC,B,1
GAC_80,/home/wms/AF2-test/AF2-CatGraph/results/GAC/02_template_guided_docking/complexes/GAC_80_complex.pdb,results/GAC/05_plip_interaction_graphs/plip_outputs/GAC_80/report.xml,hydrogen_bonds,O2,TYR343A,2324,hydrogen_bonds,hydrogen_bond,GLC:B:1:O2,O2,GLC,B,1
GAC_80,/home/wms/AF2-test/AF2-CatGraph/results/GAC/02_template_guided_docking/complexes/GAC_80_complex.pdb,results/GAC/05_plip_interaction_graphs/plip_outputs/GAC_80/report.xml,hydrogen_bonds,O1,TYR395A,2318,hydrogen_bonds,hydrogen_bond,GLC:B:1:O1,O1,GLC,B,1
GAC_80,/home/wms/AF2-test/AF2-CatGraph/results/GAC/02_template_guided_docking/complexes/GAC_80_complex.pdb,results/GAC/05_plip_interaction_graphs/plip_outputs/GAC_80/report.xml,hydrogen_bonds,N1,TYR395A,2316,hydrogen_bonds,hydrogen_bond,GLC:B:1:N1,N1,GLC,B,1
GAC_80,/home/wms/AF2-test/AF2-CatGraph/results/GAC/02_template_guided_docking/complexes/GAC_80_complex.pdb,results/GAC/05_plip_interaction_graphs/plip_outputs/GAC_80/report.xml,hydrogen_bonds,O1,VAL413A,2318,hydrogen_bonds,hydrogen_bond,GLC:B:1:O1,O1,GLC,B,1
GAC_81,/home/wms/AF2-test/AF2-CatGraph/results/GAC/02_template_guided_docking/complexes/GAC_81_complex.pdb,results/GAC/05_plip_interaction_graphs/plip_outputs/GAC_81/report.xml,hydrophobic_interactions,C2,VAL413A,2319,hydrophobic_interactions,hydrophobic_interaction,GLC:B:1:C2,C2,GLC,B,1
GAC_81,/home/wms/AF2-test/AF2-CatGraph/results/GAC/02_template_guided_docking/complexes/GAC_81_complex.pdb,results/GAC/05_plip_interaction_graphs/plip_outputs/GAC_81/report.xml,hydrogen_bonds,O1,SER215A,2318,hydrogen_bonds,hydrogen_bond,GLC:B:1:O1,O1,GLC,B,1
GAC_81,/home/wms/AF2-test/AF2-CatGraph/results/GAC/02_template_guided_docking/complexes/GAC_81_complex.pdb,results/GAC/05_plip_interaction_graphs/plip_outputs/GAC_81/report.xml,hydrogen_bonds,O2,ASN264A,2324,hydrogen_bonds,hydrogen_bond,GLC:B:1:O2,O2,GLC,B,1
GAC_81,/home/wms/AF2-test/AF2-CatGraph/results/GAC/02_template_guided_docking/complexes/GAC_81_complex.pdb,results/GAC/05_plip_interaction_graphs/plip_outputs/GAC_81/report.xml,hydrogen_bonds,O3,GLU310A,2325,hydrogen_bonds,hydrogen_bond,GLC:B:1:O3,O3,GLC,B,1
GAC_81,/home/wms/AF2-test/AF2-CatGraph/results/GAC/02_template_guided_docking/complexes/GAC_81_complex.pdb,results/GAC/05_plip_interaction_graphs/plip_outputs/GAC_81/report.xml,hydrogen_bonds,N2,GLU310A,2322,hydrogen_bonds,hydrogen_bond,GLC:B:1:N2,N2,GLC,B,1
GAC_81,/home/wms/AF2-test/AF2-CatGraph/results/GAC/02_template_guided_docking/complexes/GAC_81_complex.pdb,results/GAC/05_plip_interaction_graphs/plip_outputs/GAC_81/report.xml,hydrogen_bonds,O2,ASN317A,2324,hydrogen_bonds,hydrogen_bond,GLC:B:1:O2,O2,GLC,B,1
GAC_81,/home/wms/AF2-test/AF2-CatGraph/results/GAC/02_template_guided_docking/complexes/GAC_81_complex.pdb,results/GAC/05_plip_interaction_graphs/plip_outputs/GAC_81/report.xml,hydrogen_bonds,O2,TYR343A,2324,hydrogen_bonds,hydrogen_bond,GLC:B:1:O2,O2,GLC,B,1
GAC_81,/home/wms/AF2-test/AF2-CatGraph/results/GAC/02_template_guided_docking/complexes/GAC_81_complex.pdb,results/GAC/05_plip_interaction_graphs/plip_outputs/GAC_81/report.xml,hydrogen_bonds,O1,TYR395A,2318,hydrogen_bonds,hydrogen_bond,GLC:B:1:O1,O1,GLC,B,1
GAC_81,/home/wms/AF2-test/AF2-CatGraph/results/GAC/02_template_guided_docking/complexes/GAC_81_complex.pdb,results/GAC/05_plip_interaction_graphs/plip_outputs/GAC_81/report.xml,hydrogen_bonds,N1,TYR395A,2316,hydrogen_bonds,hydrogen_bond,GLC:B:1:N1,N1,GLC,B,1
GAC_81,/home/wms/AF2-test/AF2-CatGraph/results/GAC/02_template_guided_docking/complexes/GAC_81_complex.pdb,results/GAC/05_plip_interaction_graphs/plip_outputs/GAC_81/report.xml,hydrogen_bonds,O1,VAL413A,2318,hydrogen_bonds,hydrogen_bond,GLC:B:1:O1,O1,GLC,B,1
GAC_82,/home/wms/AF2-test/AF2-CatGraph/results/GAC/02_template_guided_docking/complexes/GAC_82_complex.pdb,results/GAC/05_plip_interaction_graphs/plip_outputs/GAC_82/report.xml,hydrophobic_interactions,C2,VAL413A,2319,hydrophobic_interactions,hydrophobic_interaction,GLC:B:1:C2,C2,GLC,B,1
GAC_82,/home/wms/AF2-test/AF2-CatGraph/results/GAC/02_template_guided_docking/complexes/GAC_82_complex.pdb,results/GAC/05_plip_interaction_graphs/plip_outputs/GAC_82/report.xml,hydrogen_bonds,O1,SER215A,2318,hydrogen_bonds,hydrogen_bond,GLC:B:1:O1,O1,GLC,B,1
GAC_82,/home/wms/AF2-test/AF2-CatGraph/results/GAC/02_template_guided_docking/complexes/GAC_82_complex.pdb,results/GAC/05_plip_interaction_graphs/plip_outputs/GAC_82/report.xml,hydrogen_bonds,O2,ASN264A,2324,hydrogen_bonds,hydrogen_bond,GLC:B:1:O2,O2,GLC,B,1
GAC_82,/home/wms/AF2-test/AF2-CatGraph/results/GAC/02_template_guided_docking/complexes/GAC_82_complex.pdb,results/GAC/05_plip_interaction_graphs/plip_outputs/GAC_82/report.xml,hydrogen_bonds,O3,GLU310A,2325,hydrogen_bonds,hydrogen_bond,GLC:B:1:O3,O3,GLC,B,1
GAC_82,/home/wms/AF2-test/AF2-CatGraph/results/GAC/02_template_guided_docking/complexes/GAC_82_complex.pdb,results/GAC/05_plip_interaction_graphs/plip_outputs/GAC_82/report.xml,hydrogen_bonds,N2,GLU310A,2322,hydrogen_bonds,hydrogen_bond,GLC:B:1:N2,N2,GLC,B,1
GAC_82,/home/wms/AF2-test/AF2-CatGraph/results/GAC/02_template_guided_docking/complexes/GAC_82_complex.pdb,results/GAC/05_plip_interaction_graphs/plip_outputs/GAC_82/report.xml,hydrogen_bonds,O2,ASN317A,2324,hydrogen_bonds,hydrogen_bond,GLC:B:1:O2,O2,GLC,B,1
GAC_82,/home/wms/AF2-test/AF2-CatGraph/results/GAC/02_template_guided_docking/complexes/GAC_82_complex.pdb,results/GAC/05_plip_interaction_graphs/plip_outputs/GAC_82/report.xml,hydrogen_bonds,O2,TYR343A,2324,hydrogen_bonds,hydrogen_bond,GLC:B:1:O2,O2,GLC,B,1
GAC_82,/home/wms/AF2-test/AF2-CatGraph/results/GAC/02_template_guided_docking/complexes/GAC_82_complex.pdb,results/GAC/05_plip_interaction_graphs/plip_outputs/GAC_82/report.xml,hydrogen_bonds,N1,TYR395A,2316,hydrogen_bonds,hydrogen_bond,GLC:B:1:N1,N1,GLC,B,1
GAC_82,/home/wms/AF2-test/AF2-CatGraph/results/GAC/02_template_guided_docking/complexes/GAC_82_complex.pdb,results/GAC/05_plip_interaction_graphs/plip_outputs/GAC_82/report.xml,hydrogen_bonds,O1,VAL413A,2318,hydrogen_bonds,hydrogen_bond,GLC:B:1:O1,O1,GLC,B,1
GAC_84,/home/wms/AF2-test/AF2-CatGraph/results/GAC/02_template_guided_docking/complexes/GAC_84_complex.pdb,results/GAC/05_plip_interaction_graphs/plip_outputs/GAC_84/report.xml,hydrophobic_interactions,C2,VAL413A,2319,hydrophobic_interactions,hydrophobic_interaction,GLC:B:1:C2,C2,GLC,B,1
GAC_84,/home/wms/AF2-test/AF2-CatGraph/results/GAC/02_template_guided_docking/complexes/GAC_84_complex.pdb,results/GAC/05_plip_interaction_graphs/plip_outputs/GAC_84/report.xml,hydrogen_bonds,O1,SER215A,2318,hydrogen_bonds,hydrogen_bond,GLC:B:1:O1,O1,GLC,B,1
GAC_84,/home/wms/AF2-test/AF2-CatGraph/results/GAC/02_template_guided_docking/complexes/GAC_84_complex.pdb,results/GAC/05_plip_interaction_graphs/plip_outputs/GAC_84/report.xml,hydrogen_bonds,O2,ASN264A,2324,hydrogen_bonds,hydrogen_bond,GLC:B:1:O2,O2,GLC,B,1
GAC_84,/home/wms/AF2-test/AF2-CatGraph/results/GAC/02_template_guided_docking/complexes/GAC_84_complex.pdb,results/GAC/05_plip_interaction_graphs/plip_outputs/GAC_84/report.xml,hydrogen_bonds,O3,GLU310A,2325,hydrogen_bonds,hydrogen_bond,GLC:B:1:O3,O3,GLC,B,1
GAC_84,/home/wms/AF2-test/AF2-CatGraph/results/GAC/02_template_guided_docking/complexes/GAC_84_complex.pdb,results/GAC/05_plip_interaction_graphs/plip_outputs/GAC_84/report.xml,hydrogen_bonds,N2,GLU310A,2322,hydrogen_bonds,hydrogen_bond,GLC:B:1:N2,N2,GLC,B,1
GAC_84,/home/wms/AF2-test/AF2-CatGraph/results/GAC/02_template_guided_docking/complexes/GAC_84_complex.pdb,results/GAC/05_plip_interaction_graphs/plip_outputs/GAC_84/report.xml,hydrogen_bonds,O2,ASN317A,2324,hydrogen_bonds,hydrogen_bond,GLC:B:1:O2,O2,GLC,B,1
GAC_84,/home/wms/AF2-test/AF2-CatGraph/results/GAC/02_template_guided_docking/complexes/GAC_84_complex.pdb,results/GAC/05_plip_interaction_graphs/plip_outputs/GAC_84/report.xml,hydrogen_bonds,O1,TYR395A,2318,hydrogen_bonds,hydrogen_bond,GLC:B:1:O1,O1,GLC,B,1
GAC_84,/home/wms/AF2-test/AF2-CatGraph/results/GAC/02_template_guided_docking/complexes/GAC_84_complex.pdb,results/GAC/05_plip_interaction_graphs/plip_outputs/GAC_84/report.xml,hydrogen_bonds,N1,TYR395A,2316,hydrogen_bonds,hydrogen_bond,GLC:B:1:N1,N1,GLC,B,1
GAC_84,/home/wms/AF2-test/AF2-CatGraph/results/GAC/02_template_guided_docking/complexes/GAC_84_complex.pdb,results/GAC/05_plip_interaction_graphs/plip_outputs/GAC_84/report.xml,hydrogen_bonds,O1,VAL413A,2318,hydrogen_bonds,hydrogen_bond,GLC:B:1:O1,O1,GLC,B,1
GAC_85,/home/wms/AF2-test/AF2-CatGraph/results/GAC/02_template_guided_docking/complexes/GAC_85_complex.pdb,results/GAC/05_plip_interaction_graphs/plip_outputs/GAC_85/report.xml,hydrophobic_interactions,C2,VAL413A,2319,hydrophobic_interactions,hydrophobic_interaction,GLC:B:1:C2,C2,GLC,B,1
GAC_85,/home/wms/AF2-test/AF2-CatGraph/results/GAC/02_template_guided_docking/complexes/GAC_85_complex.pdb,results/GAC/05_plip_interaction_graphs/plip_outputs/GAC_85/report.xml,hydrogen_bonds,O1,SER215A,2318,hydrogen_bonds,hydrogen_bond,GLC:B:1:O1,O1,GLC,B,1
GAC_85,/home/wms/AF2-test/AF2-CatGraph/results/GAC/02_template_guided_docking/complexes/GAC_85_complex.pdb,results/GAC/05_plip_interaction_graphs/plip_outputs/GAC_85/report.xml,hydrogen_bonds,O2,ASN264A,2324,hydrogen_bonds,hydrogen_bond,GLC:B:1:O2,O2,GLC,B,1
GAC_85,/home/wms/AF2-test/AF2-CatGraph/results/GAC/02_template_guided_docking/complexes/GAC_85_complex.pdb,results/GAC/05_plip_interaction_graphs/plip_outputs/GAC_85/report.xml,hydrogen_bonds,O3,GLU310A,2325,hydrogen_bonds,hydrogen_bond,GLC:B:1:O3,O3,GLC,B,1
GAC_85,/home/wms/AF2-test/AF2-CatGraph/results/GAC/02_template_guided_docking/complexes/GAC_85_complex.pdb,results/GAC/05_plip_interaction_graphs/plip_outputs/GAC_85/report.xml,hydrogen_bonds,N2,GLU310A,2322,hydrogen_bonds,hydrogen_bond,GLC:B:1:N2,N2,GLC,B,1
GAC_85,/home/wms/AF2-test/AF2-CatGraph/results/GAC/02_template_guided_docking/complexes/GAC_85_complex.pdb,results/GAC/05_plip_interaction_graphs/plip_outputs/GAC_85/report.xml,hydrogen_bonds,O2,ASN317A,2324,hydrogen_bonds,hydrogen_bond,GLC:B:1:O2,O2,GLC,B,1
GAC_85,/home/wms/AF2-test/AF2-CatGraph/results/GAC/02_template_guided_docking/complexes/GAC_85_complex.pdb,results/GAC/05_plip_interaction_graphs/plip_outputs/GAC_85/report.xml,hydrogen_bonds,O2,TYR343A,2324,hydrogen_bonds,hydrogen_bond,GLC:B:1:O2,O2,GLC,B,1
GAC_85,/home/wms/AF2-test/AF2-CatGraph/results/GAC/02_template_guided_docking/complexes/GAC_85_complex.pdb,results/GAC/05_plip_interaction_graphs/plip_outputs/GAC_85/report.xml,hydrogen_bonds,N1,TYR395A,2316,hydrogen_bonds,hydrogen_bond,GLC:B:1:N1,N1,GLC,B,1
GAC_85,/home/wms/AF2-test/AF2-CatGraph/results/GAC/02_template_guided_docking/complexes/GAC_85_complex.pdb,results/GAC/05_plip_interaction_graphs/plip_outputs/GAC_85/report.xml,hydrogen_bonds,O1,VAL413A,2318,hydrogen_bonds,hydrogen_bond,GLC:B:1:O1,O1,GLC,B,1
GAC_86,/home/wms/AF2-test/AF2-CatGraph/results/GAC/02_template_guided_docking/complexes/GAC_86_complex.pdb,results/GAC/05_plip_interaction_graphs/plip_outputs/GAC_86/report.xml,hydrophobic_interactions,C2,VAL413A,2319,hydrophobic_interactions,hydrophobic_interaction,GLC:B:1:C2,C2,GLC,B,1
GAC_86,/home/wms/AF2-test/AF2-CatGraph/results/GAC/02_template_guided_docking/complexes/GAC_86_complex.pdb,results/GAC/05_plip_interaction_graphs/plip_outputs/GAC_86/report.xml,hydrogen_bonds,O1,SER215A,2318,hydrogen_bonds,hydrogen_bond,GLC:B:1:O1,O1,GLC,B,1
GAC_86,/home/wms/AF2-test/AF2-CatGraph/results/GAC/02_template_guided_docking/complexes/GAC_86_complex.pdb,results/GAC/05_plip_interaction_graphs/plip_outputs/GAC_86/report.xml,hydrogen_bonds,O2,ASN264A,2324,hydrogen_bonds,hydrogen_bond,GLC:B:1:O2,O2,GLC,B,1
GAC_86,/home/wms/AF2-test/AF2-CatGraph/results/GAC/02_template_guided_docking/complexes/GAC_86_complex.pdb,results/GAC/05_plip_interaction_graphs/plip_outputs/GAC_86/report.xml,hydrogen_bonds,O3,GLU310A,2325,hydrogen_bonds,hydrogen_bond,GLC:B:1:O3,O3,GLC,B,1
GAC_86,/home/wms/AF2-test/AF2-CatGraph/results/GAC/02_template_guided_docking/complexes/GAC_86_complex.pdb,results/GAC/05_plip_interaction_graphs/plip_outputs/GAC_86/report.xml,hydrogen_bonds,N2,GLU310A,2322,hydrogen_bonds,hydrogen_bond,GLC:B:1:N2,N2,GLC,B,1
GAC_86,/home/wms/AF2-test/AF2-CatGraph/results/GAC/02_template_guided_docking/complexes/GAC_86_complex.pdb,results/GAC/05_plip_interaction_graphs/plip_outputs/GAC_86/report.xml,hydrogen_bonds,O2,ASN317A,2324,hydrogen_bonds,hydrogen_bond,GLC:B:1:O2,O2,GLC,B,1
GAC_86,/home/wms/AF2-test/AF2-CatGraph/results/GAC/02_template_guided_docking/complexes/GAC_86_complex.pdb,results/GAC/05_plip_interaction_graphs/plip_outputs/GAC_86/report.xml,hydrogen_bonds,O2,TYR343A,2324,hydrogen_bonds,hydrogen_bond,GLC:B:1:O2,O2,GLC,B,1
GAC_86,/home/wms/AF2-test/AF2-CatGraph/results/GAC/02_template_guided_docking/complexes/GAC_86_complex.pdb,results/GAC/05_plip_interaction_graphs/plip_outputs/GAC_86/report.xml,hydrogen_bonds,N1,TYR395A,2316,hydrogen_bonds,hydrogen_bond,GLC:B:1:N1,N1,GLC,B,1
GAC_86,/home/wms/AF2-test/AF2-CatGraph/results/GAC/02_template_guided_docking/complexes/GAC_86_complex.pdb,results/GAC/05_plip_interaction_graphs/plip_outputs/GAC_86/report.xml,hydrogen_bonds,O1,VAL413A,2318,hydrogen_bonds,hydrogen_bond,GLC:B:1:O1,O1,GLC,B,1
GAC_87,/home/wms/AF2-test/AF2-CatGraph/results/GAC/02_template_guided_docking/complexes/GAC_87_complex.pdb,results/GAC/05_plip_interaction_graphs/plip_outputs/GAC_87/report.xml,hydrophobic_interactions,C2,VAL413A,2319,hydrophobic_interactions,hydrophobic_interaction,GLC:B:1:C2,C2,GLC,B,1
GAC_87,/home/wms/AF2-test/AF2-CatGraph/results/GAC/02_template_guided_docking/complexes/GAC_87_complex.pdb,results/GAC/05_plip_interaction_graphs/plip_outputs/GAC_87/report.xml,hydrogen_bonds,N2,GLN214A,2322,hydrogen_bonds,hydrogen_bond,GLC:B:1:N2,N2,GLC,B,1
GAC_87,/home/wms/AF2-test/AF2-CatGraph/results/GAC/02_template_guided_docking/complexes/GAC_87_complex.pdb,results/GAC/05_plip_interaction_graphs/plip_outputs/GAC_87/report.xml,hydrogen_bonds,O1,SER215A,2318,hydrogen_bonds,hydrogen_bond,GLC:B:1:O1,O1,GLC,B,1
GAC_87,/home/wms/AF2-test/AF2-CatGraph/results/GAC/02_template_guided_docking/complexes/GAC_87_complex.pdb,results/GAC/05_plip_interaction_graphs/plip_outputs/GAC_87/report.xml,hydrogen_bonds,O2,ASN264A,2324,hydrogen_bonds,hydrogen_bond,GLC:B:1:O2,O2,GLC,B,1
GAC_87,/home/wms/AF2-test/AF2-CatGraph/results/GAC/02_template_guided_docking/complexes/GAC_87_complex.pdb,results/GAC/05_plip_interaction_graphs/plip_outputs/GAC_87/report.xml,hydrogen_bonds,O3,GLU310A,2325,hydrogen_bonds,hydrogen_bond,GLC:B:1:O3,O3,GLC,B,1
GAC_87,/home/wms/AF2-test/AF2-CatGraph/results/GAC/02_template_guided_docking/complexes/GAC_87_complex.pdb,results/GAC/05_plip_interaction_graphs/plip_outputs/GAC_87/report.xml,hydrogen_bonds,O2,ASN317A,2324,hydrogen_bonds,hydrogen_bond,GLC:B:1:O2,O2,GLC,B,1
GAC_87,/home/wms/AF2-test/AF2-CatGraph/results/GAC/02_template_guided_docking/complexes/GAC_87_complex.pdb,results/GAC/05_plip_interaction_graphs/plip_outputs/GAC_87/report.xml,hydrogen_bonds,O2,TYR343A,2324,hydrogen_bonds,hydrogen_bond,GLC:B:1:O2,O2,GLC,B,1
GAC_87,/home/wms/AF2-test/AF2-CatGraph/results/GAC/02_template_guided_docking/complexes/GAC_87_complex.pdb,results/GAC/05_plip_interaction_graphs/plip_outputs/GAC_87/report.xml,hydrogen_bonds,O1,TYR395A,2318,hydrogen_bonds,hydrogen_bond,GLC:B:1:O1,O1,GLC,B,1
GAC_87,/home/wms/AF2-test/AF2-CatGraph/results/GAC/02_template_guided_docking/complexes/GAC_87_complex.pdb,results/GAC/05_plip_interaction_graphs/plip_outputs/GAC_87/report.xml,hydrogen_bonds,N1,TYR395A,2316,hydrogen_bonds,hydrogen_bond,GLC:B:1:N1,N1,GLC,B,1
GAC_87,/home/wms/AF2-test/AF2-CatGraph/results/GAC/02_template_guided_docking/complexes/GAC_87_complex.pdb,results/GAC/05_plip_interaction_graphs/plip_outputs/GAC_87/report.xml,hydrogen_bonds,O1,VAL413A,2318,hydrogen_bonds,hydrogen_bond,GLC:B:1:O1,O1,GLC,B,1
GAC_88,/home/wms/AF2-test/AF2-CatGraph/results/GAC/02_template_guided_docking/complexes/GAC_88_complex.pdb,results/GAC/05_plip_interaction_graphs/plip_outputs/GAC_88/report.xml,hydrophobic_interactions,C2,VAL413A,2319,hydrophobic_interactions,hydrophobic_interaction,GLC:B:1:C2,C2,GLC,B,1
GAC_88,/home/wms/AF2-test/AF2-CatGraph/results/GAC/02_template_guided_docking/complexes/GAC_88_complex.pdb,results/GAC/05_plip_interaction_graphs/plip_outputs/GAC_88/report.xml,hydrogen_bonds,O1,SER215A,2318,hydrogen_bonds,hydrogen_bond,GLC:B:1:O1,O1,GLC,B,1
GAC_88,/home/wms/AF2-test/AF2-CatGraph/results/GAC/02_template_guided_docking/complexes/GAC_88_complex.pdb,results/GAC/05_plip_interaction_graphs/plip_outputs/GAC_88/report.xml,hydrogen_bonds,O2,ASN264A,2324,hydrogen_bonds,hydrogen_bond,GLC:B:1:O2,O2,GLC,B,1
GAC_88,/home/wms/AF2-test/AF2-CatGraph/results/GAC/02_template_guided_docking/complexes/GAC_88_complex.pdb,results/GAC/05_plip_interaction_graphs/plip_outputs/GAC_88/report.xml,hydrogen_bonds,O3,GLU310A,2325,hydrogen_bonds,hydrogen_bond,GLC:B:1:O3,O3,GLC,B,1
GAC_88,/home/wms/AF2-test/AF2-CatGraph/results/GAC/02_template_guided_docking/complexes/GAC_88_complex.pdb,results/GAC/05_plip_interaction_graphs/plip_outputs/GAC_88/report.xml,hydrogen_bonds,N2,GLU310A,2322,hydrogen_bonds,hydrogen_bond,GLC:B:1:N2,N2,GLC,B,1
GAC_88,/home/wms/AF2-test/AF2-CatGraph/results/GAC/02_template_guided_docking/complexes/GAC_88_complex.pdb,results/GAC/05_plip_interaction_graphs/plip_outputs/GAC_88/report.xml,hydrogen_bonds,O2,ASN317A,2324,hydrogen_bonds,hydrogen_bond,GLC:B:1:O2,O2,GLC,B,1
GAC_88,/home/wms/AF2-test/AF2-CatGraph/results/GAC/02_template_guided_docking/complexes/GAC_88_complex.pdb,results/GAC/05_plip_interaction_graphs/plip_outputs/GAC_88/report.xml,hydrogen_bonds,O2,TYR343A,2324,hydrogen_bonds,hydrogen_bond,GLC:B:1:O2,O2,GLC,B,1
GAC_88,/home/wms/AF2-test/AF2-CatGraph/results/GAC/02_template_guided_docking/complexes/GAC_88_complex.pdb,results/GAC/05_plip_interaction_graphs/plip_outputs/GAC_88/report.xml,hydrogen_bonds,O1,TYR395A,2318,hydrogen_bonds,hydrogen_bond,GLC:B:1:O1,O1,GLC,B,1
GAC_88,/home/wms/AF2-test/AF2-CatGraph/results/GAC/02_template_guided_docking/complexes/GAC_88_complex.pdb,results/GAC/05_plip_interaction_graphs/plip_outputs/GAC_88/report.xml,hydrogen_bonds,N1,TYR395A,2316,hydrogen_bonds,hydrogen_bond,GLC:B:1:N1,N1,GLC,B,1
GAC_88,/home/wms/AF2-test/AF2-CatGraph/results/GAC/02_template_guided_docking/complexes/GAC_88_complex.pdb,results/GAC/05_plip_interaction_graphs/plip_outputs/GAC_88/report.xml,hydrogen_bonds,O1,VAL413A,2318,hydrogen_bonds,hydrogen_bond,GLC:B:1:O1,O1,GLC,B,1
GAC_89,/home/wms/AF2-test/AF2-CatGraph/results/GAC/02_template_guided_docking/complexes/GAC_89_complex.pdb,results/GAC/05_plip_interaction_graphs/plip_outputs/GAC_89/report.xml,hydrophobic_interactions,C2,VAL413A,2319,hydrophobic_interactions,hydrophobic_interaction,GLC:B:1:C2,C2,GLC,B,1
GAC_89,/home/wms/AF2-test/AF2-CatGraph/results/GAC/02_template_guided_docking/complexes/GAC_89_complex.pdb,results/GAC/05_plip_interaction_graphs/plip_outputs/GAC_89/report.xml,hydrogen_bonds,O1,SER215A,2318,hydrogen_bonds,hydrogen_bond,GLC:B:1:O1,O1,GLC,B,1
GAC_89,/home/wms/AF2-test/AF2-CatGraph/results/GAC/02_template_guided_docking/complexes/GAC_89_complex.pdb,results/GAC/05_plip_interaction_graphs/plip_outputs/GAC_89/report.xml,hydrogen_bonds,O2,ASN264A,2324,hydrogen_bonds,hydrogen_bond,GLC:B:1:O2,O2,GLC,B,1
GAC_89,/home/wms/AF2-test/AF2-CatGraph/results/GAC/02_template_guided_docking/complexes/GAC_89_complex.pdb,results/GAC/05_plip_interaction_graphs/plip_outputs/GAC_89/report.xml,hydrogen_bonds,O3,GLU310A,2325,hydrogen_bonds,hydrogen_bond,GLC:B:1:O3,O3,GLC,B,1
GAC_89,/home/wms/AF2-test/AF2-CatGraph/results/GAC/02_template_guided_docking/complexes/GAC_89_complex.pdb,results/GAC/05_plip_interaction_graphs/plip_outputs/GAC_89/report.xml,hydrogen_bonds,N2,GLU310A,2322,hydrogen_bonds,hydrogen_bond,GLC:B:1:N2,N2,GLC,B,1
GAC_89,/home/wms/AF2-test/AF2-CatGraph/results/GAC/02_template_guided_docking/complexes/GAC_89_complex.pdb,results/GAC/05_plip_interaction_graphs/plip_outputs/GAC_89/report.xml,hydrogen_bonds,O2,ASN317A,2324,hydrogen_bonds,hydrogen_bond,GLC:B:1:O2,O2,GLC,B,1
GAC_89,/home/wms/AF2-test/AF2-CatGraph/results/GAC/02_template_guided_docking/complexes/GAC_89_complex.pdb,results/GAC/05_plip_interaction_graphs/plip_outputs/GAC_89/report.xml,hydrogen_bonds,O2,TYR343A,2324,hydrogen_bonds,hydrogen_bond,GLC:B:1:O2,O2,GLC,B,1
GAC_89,/home/wms/AF2-test/AF2-CatGraph/results/GAC/02_template_guided_docking/complexes/GAC_89_complex.pdb,results/GAC/05_plip_interaction_graphs/plip_outputs/GAC_89/report.xml,hydrogen_bonds,O1,TYR395A,2318,hydrogen_bonds,hydrogen_bond,GLC:B:1:O1,O1,GLC,B,1
GAC_89,/home/wms/AF2-test/AF2-CatGraph/results/GAC/02_template_guided_docking/complexes/GAC_89_complex.pdb,results/GAC/05_plip_interaction_graphs/plip_outputs/GAC_89/report.xml,hydrogen_bonds,N1,TYR395A,2316,hydrogen_bonds,hydrogen_bond,GLC:B:1:N1,N1,GLC,B,1
GAC_89,/home/wms/AF2-test/AF2-CatGraph/results/GAC/02_template_guided_docking/complexes/GAC_89_complex.pdb,results/GAC/05_plip_interaction_graphs/plip_outputs/GAC_89/report.xml,hydrogen_bonds,O1,VAL413A,2318,hydrogen_bonds,hydrogen_bond,GLC:B:1:O1,O1,GLC,B,1
GAC_91,/home/wms/AF2-test/AF2-CatGraph/results/GAC/02_template_guided_docking/complexes/GAC_91_complex.pdb,results/GAC/05_plip_interaction_graphs/plip_outputs/GAC_91/report.xml,hydrophobic_interactions,C2,VAL413A,2319,hydrophobic_interactions,hydrophobic_interaction,GLC:B:1:C2,C2,GLC,B,1
GAC_91,/home/wms/AF2-test/AF2-CatGraph/results/GAC/02_template_guided_docking/complexes/GAC_91_complex.pdb,results/GAC/05_plip_interaction_graphs/plip_outputs/GAC_91/report.xml,hydrogen_bonds,O1,SER215A,2318,hydrogen_bonds,hydrogen_bond,GLC:B:1:O1,O1,GLC,B,1
GAC_91,/home/wms/AF2-test/AF2-CatGraph/results/GAC/02_template_guided_docking/complexes/GAC_91_complex.pdb,results/GAC/05_plip_interaction_graphs/plip_outputs/GAC_91/report.xml,hydrogen_bonds,O2,ASN264A,2324,hydrogen_bonds,hydrogen_bond,GLC:B:1:O2,O2,GLC,B,1
GAC_91,/home/wms/AF2-test/AF2-CatGraph/results/GAC/02_template_guided_docking/complexes/GAC_91_complex.pdb,results/GAC/05_plip_interaction_graphs/plip_outputs/GAC_91/report.xml,hydrogen_bonds,O3,GLU310A,2325,hydrogen_bonds,hydrogen_bond,GLC:B:1:O3,O3,GLC,B,1
GAC_91,/home/wms/AF2-test/AF2-CatGraph/results/GAC/02_template_guided_docking/complexes/GAC_91_complex.pdb,results/GAC/05_plip_interaction_graphs/plip_outputs/GAC_91/report.xml,hydrogen_bonds,N2,GLU310A,2322,hydrogen_bonds,hydrogen_bond,GLC:B:1:N2,N2,GLC,B,1
GAC_91,/home/wms/AF2-test/AF2-CatGraph/results/GAC/02_template_guided_docking/complexes/GAC_91_complex.pdb,results/GAC/05_plip_interaction_graphs/plip_outputs/GAC_91/report.xml,hydrogen_bonds,O2,ASN317A,2324,hydrogen_bonds,hydrogen_bond,GLC:B:1:O2,O2,GLC,B,1
GAC_91,/home/wms/AF2-test/AF2-CatGraph/results/GAC/02_template_guided_docking/complexes/GAC_91_complex.pdb,results/GAC/05_plip_interaction_graphs/plip_outputs/GAC_91/report.xml,hydrogen_bonds,O2,TYR343A,2324,hydrogen_bonds,hydrogen_bond,GLC:B:1:O2,O2,GLC,B,1
GAC_91,/home/wms/AF2-test/AF2-CatGraph/results/GAC/02_template_guided_docking/complexes/GAC_91_complex.pdb,results/GAC/05_plip_interaction_graphs/plip_outputs/GAC_91/report.xml,hydrogen_bonds,O1,TYR395A,2318,hydrogen_bonds,hydrogen_bond,GLC:B:1:O1,O1,GLC,B,1
GAC_91,/home/wms/AF2-test/AF2-CatGraph/results/GAC/02_template_guided_docking/complexes/GAC_91_complex.pdb,results/GAC/05_plip_interaction_graphs/plip_outputs/GAC_91/report.xml,hydrogen_bonds,N1,TYR395A,2316,hydrogen_bonds,hydrogen_bond,GLC:B:1:N1,N1,GLC,B,1
GAC_91,/home/wms/AF2-test/AF2-CatGraph/results/GAC/02_template_guided_docking/complexes/GAC_91_complex.pdb,results/GAC/05_plip_interaction_graphs/plip_outputs/GAC_91/report.xml,hydrogen_bonds,O1,VAL413A,2318,hydrogen_bonds,hydrogen_bond,GLC:B:1:O1,O1,GLC,B,1
GAC_92,/home/wms/AF2-test/AF2-CatGraph/results/GAC/02_template_guided_docking/complexes/GAC_92_complex.pdb,results/GAC/05_plip_interaction_graphs/plip_outputs/GAC_92/report.xml,hydrophobic_interactions,C2,VAL413A,2319,hydrophobic_interactions,hydrophobic_interaction,GLC:B:1:C2,C2,GLC,B,1
GAC_92,/home/wms/AF2-test/AF2-CatGraph/results/GAC/02_template_guided_docking/complexes/GAC_92_complex.pdb,results/GAC/05_plip_interaction_graphs/plip_outputs/GAC_92/report.xml,hydrogen_bonds,O1,SER215A,2318,hydrogen_bonds,hydrogen_bond,GLC:B:1:O1,O1,GLC,B,1
GAC_92,/home/wms/AF2-test/AF2-CatGraph/results/GAC/02_template_guided_docking/complexes/GAC_92_complex.pdb,results/GAC/05_plip_interaction_graphs/plip_outputs/GAC_92/report.xml,hydrogen_bonds,O2,ASN264A,2324,hydrogen_bonds,hydrogen_bond,GLC:B:1:O2,O2,GLC,B,1
GAC_92,/home/wms/AF2-test/AF2-CatGraph/results/GAC/02_template_guided_docking/complexes/GAC_92_complex.pdb,results/GAC/05_plip_interaction_graphs/plip_outputs/GAC_92/report.xml,hydrogen_bonds,O3,GLU310A,2325,hydrogen_bonds,hydrogen_bond,GLC:B:1:O3,O3,GLC,B,1
GAC_92,/home/wms/AF2-test/AF2-CatGraph/results/GAC/02_template_guided_docking/complexes/GAC_92_complex.pdb,results/GAC/05_plip_interaction_graphs/plip_outputs/GAC_92/report.xml,hydrogen_bonds,N2,GLU310A,2322,hydrogen_bonds,hydrogen_bond,GLC:B:1:N2,N2,GLC,B,1
GAC_92,/home/wms/AF2-test/AF2-CatGraph/results/GAC/02_template_guided_docking/complexes/GAC_92_complex.pdb,results/GAC/05_plip_interaction_graphs/plip_outputs/GAC_92/report.xml,hydrogen_bonds,O2,ASN317A,2324,hydrogen_bonds,hydrogen_bond,GLC:B:1:O2,O2,GLC,B,1
GAC_92,/home/wms/AF2-test/AF2-CatGraph/results/GAC/02_template_guided_docking/complexes/GAC_92_complex.pdb,results/GAC/05_plip_interaction_graphs/plip_outputs/GAC_92/report.xml,hydrogen_bonds,O2,TYR343A,2324,hydrogen_bonds,hydrogen_bond,GLC:B:1:O2,O2,GLC,B,1
GAC_92,/home/wms/AF2-test/AF2-CatGraph/results/GAC/02_template_guided_docking/complexes/GAC_92_complex.pdb,results/GAC/05_plip_interaction_graphs/plip_outputs/GAC_92/report.xml,hydrogen_bonds,O1,TYR395A,2318,hydrogen_bonds,hydrogen_bond,GLC:B:1:O1,O1,GLC,B,1
GAC_92,/home/wms/AF2-test/AF2-CatGraph/results/GAC/02_template_guided_docking/complexes/GAC_92_complex.pdb,results/GAC/05_plip_interaction_graphs/plip_outputs/GAC_92/report.xml,hydrogen_bonds,N1,TYR395A,2316,hydrogen_bonds,hydrogen_bond,GLC:B:1:N1,N1,GLC,B,1
GAC_92,/home/wms/AF2-test/AF2-CatGraph/results/GAC/02_template_guided_docking/complexes/GAC_92_complex.pdb,results/GAC/05_plip_interaction_graphs/plip_outputs/GAC_92/report.xml,hydrogen_bonds,O1,VAL413A,2318,hydrogen_bonds,hydrogen_bond,GLC:B:1:O1,O1,GLC,B,1
GAC_93,/home/wms/AF2-test/AF2-CatGraph/results/GAC/02_template_guided_docking/complexes/GAC_93_complex.pdb,results/GAC/05_plip_interaction_graphs/plip_outputs/GAC_93/report.xml,hydrophobic_interactions,C2,VAL413A,2319,hydrophobic_interactions,hydrophobic_interaction,GLC:B:1:C2,C2,GLC,B,1
GAC_93,/home/wms/AF2-test/AF2-CatGraph/results/GAC/02_template_guided_docking/complexes/GAC_93_complex.pdb,results/GAC/05_plip_interaction_graphs/plip_outputs/GAC_93/report.xml,hydrogen_bonds,O1,SER215A,2318,hydrogen_bonds,hydrogen_bond,GLC:B:1:O1,O1,GLC,B,1
GAC_93,/home/wms/AF2-test/AF2-CatGraph/results/GAC/02_template_guided_docking/complexes/GAC_93_complex.pdb,results/GAC/05_plip_interaction_graphs/plip_outputs/GAC_93/report.xml,hydrogen_bonds,O2,ASN264A,2324,hydrogen_bonds,hydrogen_bond,GLC:B:1:O2,O2,GLC,B,1
GAC_93,/home/wms/AF2-test/AF2-CatGraph/results/GAC/02_template_guided_docking/complexes/GAC_93_complex.pdb,results/GAC/05_plip_interaction_graphs/plip_outputs/GAC_93/report.xml,hydrogen_bonds,O3,GLU310A,2325,hydrogen_bonds,hydrogen_bond,GLC:B:1:O3,O3,GLC,B,1
GAC_93,/home/wms/AF2-test/AF2-CatGraph/results/GAC/02_template_guided_docking/complexes/GAC_93_complex.pdb,results/GAC/05_plip_interaction_graphs/plip_outputs/GAC_93/report.xml,hydrogen_bonds,N2,GLU310A,2322,hydrogen_bonds,hydrogen_bond,GLC:B:1:N2,N2,GLC,B,1
GAC_93,/home/wms/AF2-test/AF2-CatGraph/results/GAC/02_template_guided_docking/complexes/GAC_93_complex.pdb,results/GAC/05_plip_interaction_graphs/plip_outputs/GAC_93/report.xml,hydrogen_bonds,O2,ASN317A,2324,hydrogen_bonds,hydrogen_bond,GLC:B:1:O2,O2,GLC,B,1
GAC_93,/home/wms/AF2-test/AF2-CatGraph/results/GAC/02_template_guided_docking/complexes/GAC_93_complex.pdb,results/GAC/05_plip_interaction_graphs/plip_outputs/GAC_93/report.xml,hydrogen_bonds,O2,TYR343A,2324,hydrogen_bonds,hydrogen_bond,GLC:B:1:O2,O2,GLC,B,1
GAC_93,/home/wms/AF2-test/AF2-CatGraph/results/GAC/02_template_guided_docking/complexes/GAC_93_complex.pdb,results/GAC/05_plip_interaction_graphs/plip_outputs/GAC_93/report.xml,hydrogen_bonds,O1,TYR395A,2318,hydrogen_bonds,hydrogen_bond,GLC:B:1:O1,O1,GLC,B,1
GAC_93,/home/wms/AF2-test/AF2-CatGraph/results/GAC/02_template_guided_docking/complexes/GAC_93_complex.pdb,results/GAC/05_plip_interaction_graphs/plip_outputs/GAC_93/report.xml,hydrogen_bonds,N1,TYR395A,2316,hydrogen_bonds,hydrogen_bond,GLC:B:1:N1,N1,GLC,B,1
GAC_93,/home/wms/AF2-test/AF2-CatGraph/results/GAC/02_template_guided_docking/complexes/GAC_93_complex.pdb,results/GAC/05_plip_interaction_graphs/plip_outputs/GAC_93/report.xml,hydrogen_bonds,O1,VAL413A,2318,hydrogen_bonds,hydrogen_bond,GLC:B:1:O1,O1,GLC,B,1
GAC_94,/home/wms/AF2-test/AF2-CatGraph/results/GAC/02_template_guided_docking/complexes/GAC_94_complex.pdb,results/GAC/05_plip_interaction_graphs/plip_outputs/GAC_94/report.xml,hydrophobic_interactions,C2,VAL413A,2319,hydrophobic_interactions,hydrophobic_interaction,GLC:B:1:C2,C2,GLC,B,1
GAC_94,/home/wms/AF2-test/AF2-CatGraph/results/GAC/02_template_guided_docking/complexes/GAC_94_complex.pdb,results/GAC/05_plip_interaction_graphs/plip_outputs/GAC_94/report.xml,hydrogen_bonds,O1,SER215A,2318,hydrogen_bonds,hydrogen_bond,GLC:B:1:O1,O1,GLC,B,1
GAC_94,/home/wms/AF2-test/AF2-CatGraph/results/GAC/02_template_guided_docking/complexes/GAC_94_complex.pdb,results/GAC/05_plip_interaction_graphs/plip_outputs/GAC_94/report.xml,hydrogen_bonds,O2,ASN264A,2324,hydrogen_bonds,hydrogen_bond,GLC:B:1:O2,O2,GLC,B,1
GAC_94,/home/wms/AF2-test/AF2-CatGraph/results/GAC/02_template_guided_docking/complexes/GAC_94_complex.pdb,results/GAC/05_plip_interaction_graphs/plip_outputs/GAC_94/report.xml,hydrogen_bonds,O3,GLU310A,2325,hydrogen_bonds,hydrogen_bond,GLC:B:1:O3,O3,GLC,B,1
GAC_94,/home/wms/AF2-test/AF2-CatGraph/results/GAC/02_template_guided_docking/complexes/GAC_94_complex.pdb,results/GAC/05_plip_interaction_graphs/plip_outputs/GAC_94/report.xml,hydrogen_bonds,N2,GLU310A,2322,hydrogen_bonds,hydrogen_bond,GLC:B:1:N2,N2,GLC,B,1
GAC_94,/home/wms/AF2-test/AF2-CatGraph/results/GAC/02_template_guided_docking/complexes/GAC_94_complex.pdb,results/GAC/05_plip_interaction_graphs/plip_outputs/GAC_94/report.xml,hydrogen_bonds,O2,ASN317A,2324,hydrogen_bonds,hydrogen_bond,GLC:B:1:O2,O2,GLC,B,1
GAC_94,/home/wms/AF2-test/AF2-CatGraph/results/GAC/02_template_guided_docking/complexes/GAC_94_complex.pdb,results/GAC/05_plip_interaction_graphs/plip_outputs/GAC_94/report.xml,hydrogen_bonds,O2,TYR343A,2324,hydrogen_bonds,hydrogen_bond,GLC:B:1:O2,O2,GLC,B,1
GAC_94,/home/wms/AF2-test/AF2-CatGraph/results/GAC/02_template_guided_docking/complexes/GAC_94_complex.pdb,results/GAC/05_plip_interaction_graphs/plip_outputs/GAC_94/report.xml,hydrogen_bonds,O1,TYR395A,2318,hydrogen_bonds,hydrogen_bond,GLC:B:1:O1,O1,GLC,B,1
GAC_94,/home/wms/AF2-test/AF2-CatGraph/results/GAC/02_template_guided_docking/complexes/GAC_94_complex.pdb,results/GAC/05_plip_interaction_graphs/plip_outputs/GAC_94/report.xml,hydrogen_bonds,N1,TYR395A,2316,hydrogen_bonds,hydrogen_bond,GLC:B:1:N1,N1,GLC,B,1
GAC_94,/home/wms/AF2-test/AF2-CatGraph/results/GAC/02_template_guided_docking/complexes/GAC_94_complex.pdb,results/GAC/05_plip_interaction_graphs/plip_outputs/GAC_94/report.xml,hydrogen_bonds,O1,VAL413A,2318,hydrogen_bonds,hydrogen_bond,GLC:B:1:O1,O1,GLC,B,1
GAC_95,/home/wms/AF2-test/AF2-CatGraph/results/GAC/02_template_guided_docking/complexes/GAC_95_complex.pdb,results/GAC/05_plip_interaction_graphs/plip_outputs/GAC_95/report.xml,hydrophobic_interactions,C2,VAL413A,2319,hydrophobic_interactions,hydrophobic_interaction,GLC:B:1:C2,C2,GLC,B,1
GAC_95,/home/wms/AF2-test/AF2-CatGraph/results/GAC/02_template_guided_docking/complexes/GAC_95_complex.pdb,results/GAC/05_plip_interaction_graphs/plip_outputs/GAC_95/report.xml,hydrogen_bonds,O1,SER215A,2318,hydrogen_bonds,hydrogen_bond,GLC:B:1:O1,O1,GLC,B,1
GAC_95,/home/wms/AF2-test/AF2-CatGraph/results/GAC/02_template_guided_docking/complexes/GAC_95_complex.pdb,results/GAC/05_plip_interaction_graphs/plip_outputs/GAC_95/report.xml,hydrogen_bonds,O2,ASN264A,2324,hydrogen_bonds,hydrogen_bond,GLC:B:1:O2,O2,GLC,B,1
GAC_95,/home/wms/AF2-test/AF2-CatGraph/results/GAC/02_template_guided_docking/complexes/GAC_95_complex.pdb,results/GAC/05_plip_interaction_graphs/plip_outputs/GAC_95/report.xml,hydrogen_bonds,O3,GLU310A,2325,hydrogen_bonds,hydrogen_bond,GLC:B:1:O3,O3,GLC,B,1
GAC_95,/home/wms/AF2-test/AF2-CatGraph/results/GAC/02_template_guided_docking/complexes/GAC_95_complex.pdb,results/GAC/05_plip_interaction_graphs/plip_outputs/GAC_95/report.xml,hydrogen_bonds,N2,GLU310A,2322,hydrogen_bonds,hydrogen_bond,GLC:B:1:N2,N2,GLC,B,1
GAC_95,/home/wms/AF2-test/AF2-CatGraph/results/GAC/02_template_guided_docking/complexes/GAC_95_complex.pdb,results/GAC/05_plip_interaction_graphs/plip_outputs/GAC_95/report.xml,hydrogen_bonds,O2,ASN317A,2324,hydrogen_bonds,hydrogen_bond,GLC:B:1:O2,O2,GLC,B,1
GAC_95,/home/wms/AF2-test/AF2-CatGraph/results/GAC/02_template_guided_docking/complexes/GAC_95_complex.pdb,results/GAC/05_plip_interaction_graphs/plip_outputs/GAC_95/report.xml,hydrogen_bonds,O2,TYR343A,2324,hydrogen_bonds,hydrogen_bond,GLC:B:1:O2,O2,GLC,B,1
GAC_95,/home/wms/AF2-test/AF2-CatGraph/results/GAC/02_template_guided_docking/complexes/GAC_95_complex.pdb,results/GAC/05_plip_interaction_graphs/plip_outputs/GAC_95/report.xml,hydrogen_bonds,N1,TYR395A,2316,hydrogen_bonds,hydrogen_bond,GLC:B:1:N1,N1,GLC,B,1
GAC_95,/home/wms/AF2-test/AF2-CatGraph/results/GAC/02_template_guided_docking/complexes/GAC_95_complex.pdb,results/GAC/05_plip_interaction_graphs/plip_outputs/GAC_95/report.xml,hydrogen_bonds,O1,VAL413A,2318,hydrogen_bonds,hydrogen_bond,GLC:B:1:O1,O1,GLC,B,1
GAC_97,/home/wms/AF2-test/AF2-CatGraph/results/GAC/02_template_guided_docking/complexes/GAC_97_complex.pdb,results/GAC/05_plip_interaction_graphs/plip_outputs/GAC_97/report.xml,hydrophobic_interactions,C2,VAL413A,2319,hydrophobic_interactions,hydrophobic_interaction,GLC:B:1:C2,C2,GLC,B,1
GAC_97,/home/wms/AF2-test/AF2-CatGraph/results/GAC/02_template_guided_docking/complexes/GAC_97_complex.pdb,results/GAC/05_plip_interaction_graphs/plip_outputs/GAC_97/report.xml,hydrogen_bonds,O1,SER215A,2318,hydrogen_bonds,hydrogen_bond,GLC:B:1:O1,O1,GLC,B,1
GAC_97,/home/wms/AF2-test/AF2-CatGraph/results/GAC/02_template_guided_docking/complexes/GAC_97_complex.pdb,results/GAC/05_plip_interaction_graphs/plip_outputs/GAC_97/report.xml,hydrogen_bonds,O2,ASN264A,2324,hydrogen_bonds,hydrogen_bond,GLC:B:1:O2,O2,GLC,B,1
GAC_97,/home/wms/AF2-test/AF2-CatGraph/results/GAC/02_template_guided_docking/complexes/GAC_97_complex.pdb,results/GAC/05_plip_interaction_graphs/plip_outputs/GAC_97/report.xml,hydrogen_bonds,O3,GLU310A,2325,hydrogen_bonds,hydrogen_bond,GLC:B:1:O3,O3,GLC,B,1
GAC_97,/home/wms/AF2-test/AF2-CatGraph/results/GAC/02_template_guided_docking/complexes/GAC_97_complex.pdb,results/GAC/05_plip_interaction_graphs/plip_outputs/GAC_97/report.xml,hydrogen_bonds,N2,GLU310A,2322,hydrogen_bonds,hydrogen_bond,GLC:B:1:N2,N2,GLC,B,1
GAC_97,/home/wms/AF2-test/AF2-CatGraph/results/GAC/02_template_guided_docking/complexes/GAC_97_complex.pdb,results/GAC/05_plip_interaction_graphs/plip_outputs/GAC_97/report.xml,hydrogen_bonds,O2,ASN317A,2324,hydrogen_bonds,hydrogen_bond,GLC:B:1:O2,O2,GLC,B,1
GAC_97,/home/wms/AF2-test/AF2-CatGraph/results/GAC/02_template_guided_docking/complexes/GAC_97_complex.pdb,results/GAC/05_plip_interaction_graphs/plip_outputs/GAC_97/report.xml,hydrogen_bonds,O2,TYR343A,2324,hydrogen_bonds,hydrogen_bond,GLC:B:1:O2,O2,GLC,B,1
GAC_97,/home/wms/AF2-test/AF2-CatGraph/results/GAC/02_template_guided_docking/complexes/GAC_97_complex.pdb,results/GAC/05_plip_interaction_graphs/plip_outputs/GAC_97/report.xml,hydrogen_bonds,O1,TYR395A,2318,hydrogen_bonds,hydrogen_bond,GLC:B:1:O1,O1,GLC,B,1
GAC_97,/home/wms/AF2-test/AF2-CatGraph/results/GAC/02_template_guided_docking/complexes/GAC_97_complex.pdb,results/GAC/05_plip_interaction_graphs/plip_outputs/GAC_97/report.xml,hydrogen_bonds,N1,TYR395A,2316,hydrogen_bonds,hydrogen_bond,GLC:B:1:N1,N1,GLC,B,1
GAC_97,/home/wms/AF2-test/AF2-CatGraph/results/GAC/02_template_guided_docking/complexes/GAC_97_complex.pdb,results/GAC/05_plip_interaction_graphs/plip_outputs/GAC_97/report.xml,hydrogen_bonds,O1,VAL413A,2318,hydrogen_bonds,hydrogen_bond,GLC:B:1:O1,O1,GLC,B,1
GAC_98,/home/wms/AF2-test/AF2-CatGraph/results/GAC/02_template_guided_docking/complexes/GAC_98_complex.pdb,results/GAC/05_plip_interaction_graphs/plip_outputs/GAC_98/report.xml,hydrophobic_interactions,C2,VAL413A,2319,hydrophobic_interactions,hydrophobic_interaction,GLC:B:1:C2,C2,GLC,B,1
GAC_98,/home/wms/AF2-test/AF2-CatGraph/results/GAC/02_template_guided_docking/complexes/GAC_98_complex.pdb,results/GAC/05_plip_interaction_graphs/plip_outputs/GAC_98/report.xml,hydrogen_bonds,O1,SER215A,2318,hydrogen_bonds,hydrogen_bond,GLC:B:1:O1,O1,GLC,B,1
GAC_98,/home/wms/AF2-test/AF2-CatGraph/results/GAC/02_template_guided_docking/complexes/GAC_98_complex.pdb,results/GAC/05_plip_interaction_graphs/plip_outputs/GAC_98/report.xml,hydrogen_bonds,O2,ASN264A,2324,hydrogen_bonds,hydrogen_bond,GLC:B:1:O2,O2,GLC,B,1
GAC_98,/home/wms/AF2-test/AF2-CatGraph/results/GAC/02_template_guided_docking/complexes/GAC_98_complex.pdb,results/GAC/05_plip_interaction_graphs/plip_outputs/GAC_98/report.xml,hydrogen_bonds,O3,GLU310A,2325,hydrogen_bonds,hydrogen_bond,GLC:B:1:O3,O3,GLC,B,1
GAC_98,/home/wms/AF2-test/AF2-CatGraph/results/GAC/02_template_guided_docking/complexes/GAC_98_complex.pdb,results/GAC/05_plip_interaction_graphs/plip_outputs/GAC_98/report.xml,hydrogen_bonds,N2,GLU310A,2322,hydrogen_bonds,hydrogen_bond,GLC:B:1:N2,N2,GLC,B,1
GAC_98,/home/wms/AF2-test/AF2-CatGraph/results/GAC/02_template_guided_docking/complexes/GAC_98_complex.pdb,results/GAC/05_plip_interaction_graphs/plip_outputs/GAC_98/report.xml,hydrogen_bonds,O2,ASN317A,2324,hydrogen_bonds,hydrogen_bond,GLC:B:1:O2,O2,GLC,B,1
GAC_98,/home/wms/AF2-test/AF2-CatGraph/results/GAC/02_template_guided_docking/complexes/GAC_98_complex.pdb,results/GAC/05_plip_interaction_graphs/plip_outputs/GAC_98/report.xml,hydrogen_bonds,O2,TYR343A,2324,hydrogen_bonds,hydrogen_bond,GLC:B:1:O2,O2,GLC,B,1
GAC_98,/home/wms/AF2-test/AF2-CatGraph/results/GAC/02_template_guided_docking/complexes/GAC_98_complex.pdb,results/GAC/05_plip_interaction_graphs/plip_outputs/GAC_98/report.xml,hydrogen_bonds,O1,TYR395A,2318,hydrogen_bonds,hydrogen_bond,GLC:B:1:O1,O1,GLC,B,1
GAC_98,/home/wms/AF2-test/AF2-CatGraph/results/GAC/02_template_guided_docking/complexes/GAC_98_complex.pdb,results/GAC/05_plip_interaction_graphs/plip_outputs/GAC_98/report.xml,hydrogen_bonds,N1,TYR395A,2316,hydrogen_bonds,hydrogen_bond,GLC:B:1:N1,N1,GLC,B,1
GAC_98,/home/wms/AF2-test/AF2-CatGraph/results/GAC/02_template_guided_docking/complexes/GAC_98_complex.pdb,results/GAC/05_plip_interaction_graphs/plip_outputs/GAC_98/report.xml,hydrogen_bonds,O1,VAL413A,2318,hydrogen_bonds,hydrogen_bond,GLC:B:1:O1,O1,GLC,B,1
GAC_99,/home/wms/AF2-test/AF2-CatGraph/results/GAC/02_template_guided_docking/complexes/GAC_99_complex.pdb,results/GAC/05_plip_interaction_graphs/plip_outputs/GAC_99/report.xml,hydrophobic_interactions,C2,VAL413A,2319,hydrophobic_interactions,hydrophobic_interaction,GLC:B:1:C2,C2,GLC,B,1
GAC_99,/home/wms/AF2-test/AF2-CatGraph/results/GAC/02_template_guided_docking/complexes/GAC_99_complex.pdb,results/GAC/05_plip_interaction_graphs/plip_outputs/GAC_99/report.xml,hydrogen_bonds,O1,SER215A,2318,hydrogen_bonds,hydrogen_bond,GLC:B:1:O1,O1,GLC,B,1
GAC_99,/home/wms/AF2-test/AF2-CatGraph/results/GAC/02_template_guided_docking/complexes/GAC_99_complex.pdb,results/GAC/05_plip_interaction_graphs/plip_outputs/GAC_99/report.xml,hydrogen_bonds,O2,ASN264A,2324,hydrogen_bonds,hydrogen_bond,GLC:B:1:O2,O2,GLC,B,1
GAC_99,/home/wms/AF2-test/AF2-CatGraph/results/GAC/02_template_guided_docking/complexes/GAC_99_complex.pdb,results/GAC/05_plip_interaction_graphs/plip_outputs/GAC_99/report.xml,hydrogen_bonds,O3,GLU310A,2325,hydrogen_bonds,hydrogen_bond,GLC:B:1:O3,O3,GLC,B,1
GAC_99,/home/wms/AF2-test/AF2-CatGraph/results/GAC/02_template_guided_docking/complexes/GAC_99_complex.pdb,results/GAC/05_plip_interaction_graphs/plip_outputs/GAC_99/report.xml,hydrogen_bonds,N2,GLU310A,2322,hydrogen_bonds,hydrogen_bond,GLC:B:1:N2,N2,GLC,B,1
GAC_99,/home/wms/AF2-test/AF2-CatGraph/results/GAC/02_template_guided_docking/complexes/GAC_99_complex.pdb,results/GAC/05_plip_interaction_graphs/plip_outputs/GAC_99/report.xml,hydrogen_bonds,O2,ASN317A,2324,hydrogen_bonds,hydrogen_bond,GLC:B:1:O2,O2,GLC,B,1
GAC_99,/home/wms/AF2-test/AF2-CatGraph/results/GAC/02_template_guided_docking/complexes/GAC_99_complex.pdb,results/GAC/05_plip_interaction_graphs/plip_outputs/GAC_99/report.xml,hydrogen_bonds,O2,TYR343A,2324,hydrogen_bonds,hydrogen_bond,GLC:B:1:O2,O2,GLC,B,1
GAC_99,/home/wms/AF2-test/AF2-CatGraph/results/GAC/02_template_guided_docking/complexes/GAC_99_complex.pdb,results/GAC/05_plip_interaction_graphs/plip_outputs/GAC_99/report.xml,hydrogen_bonds,O1,TYR395A,2318,hydrogen_bonds,hydrogen_bond,GLC:B:1:O1,O1,GLC,B,1
GAC_99,/home/wms/AF2-test/AF2-CatGraph/results/GAC/02_template_guided_docking/complexes/GAC_99_complex.pdb,results/GAC/05_plip_interaction_graphs/plip_outputs/GAC_99/report.xml,hydrogen_bonds,N1,TYR395A,2316,hydrogen_bonds,hydrogen_bond,GLC:B:1:N1,N1,GLC,B,1
GAC_99,/home/wms/AF2-test/AF2-CatGraph/results/GAC/02_template_guided_docking/complexes/GAC_99_complex.pdb,results/GAC/05_plip_interaction_graphs/plip_outputs/GAC_99/report.xml,hydrogen_bonds,O1,VAL413A,2318,hydrogen_bonds,hydrogen_bond,GLC:B:1:O1,O1,GLC,B,1
GAC_100,/home/wms/AF2-test/AF2-CatGraph/results/GAC/02_template_guided_docking/complexes/GAC_100_complex.pdb,results/GAC/05_plip_interaction_graphs/plip_outputs/GAC_100/report.xml,hydrophobic_interactions,C2,VAL413A,2319,hydrophobic_interactions,hydrophobic_interaction,GLC:B:1:C2,C2,GLC,B,1
GAC_100,/home/wms/AF2-test/AF2-CatGraph/results/GAC/02_template_guided_docking/complexes/GAC_100_complex.pdb,results/GAC/05_plip_interaction_graphs/plip_outputs/GAC_100/report.xml,hydrogen_bonds,O1,SER215A,2318,hydrogen_bonds,hydrogen_bond,GLC:B:1:O1,O1,GLC,B,1
GAC_100,/home/wms/AF2-test/AF2-CatGraph/results/GAC/02_template_guided_docking/complexes/GAC_100_complex.pdb,results/GAC/05_plip_interaction_graphs/plip_outputs/GAC_100/report.xml,hydrogen_bonds,O2,ASN264A,2324,hydrogen_bonds,hydrogen_bond,GLC:B:1:O2,O2,GLC,B,1
GAC_100,/home/wms/AF2-test/AF2-CatGraph/results/GAC/02_template_guided_docking/complexes/GAC_100_complex.pdb,results/GAC/05_plip_interaction_graphs/plip_outputs/GAC_100/report.xml,hydrogen_bonds,O3,GLU310A,2325,hydrogen_bonds,hydrogen_bond,GLC:B:1:O3,O3,GLC,B,1
GAC_100,/home/wms/AF2-test/AF2-CatGraph/results/GAC/02_template_guided_docking/complexes/GAC_100_complex.pdb,results/GAC/05_plip_interaction_graphs/plip_outputs/GAC_100/report.xml,hydrogen_bonds,N2,GLU310A,2322,hydrogen_bonds,hydrogen_bond,GLC:B:1:N2,N2,GLC,B,1
GAC_100,/home/wms/AF2-test/AF2-CatGraph/results/GAC/02_template_guided_docking/complexes/GAC_100_complex.pdb,results/GAC/05_plip_interaction_graphs/plip_outputs/GAC_100/report.xml,hydrogen_bonds,O2,ASN317A,2324,hydrogen_bonds,hydrogen_bond,GLC:B:1:O2,O2,GLC,B,1
GAC_100,/home/wms/AF2-test/AF2-CatGraph/results/GAC/02_template_guided_docking/complexes/GAC_100_complex.pdb,results/GAC/05_plip_interaction_graphs/plip_outputs/GAC_100/report.xml,hydrogen_bonds,O2,TYR343A,2324,hydrogen_bonds,hydrogen_bond,GLC:B:1:O2,O2,GLC,B,1
GAC_100,/home/wms/AF2-test/AF2-CatGraph/results/GAC/02_template_guided_docking/complexes/GAC_100_complex.pdb,results/GAC/05_plip_interaction_graphs/plip_outputs/GAC_100/report.xml,hydrogen_bonds,O1,TYR395A,2318,hydrogen_bonds,hydrogen_bond,GLC:B:1:O1,O1,GLC,B,1
GAC_100,/home/wms/AF2-test/AF2-CatGraph/results/GAC/02_template_guided_docking/complexes/GAC_100_complex.pdb,results/GAC/05_plip_interaction_graphs/plip_outputs/GAC_100/report.xml,hydrogen_bonds,N1,TYR395A,2316,hydrogen_bonds,hydrogen_bond,GLC:B:1:N1,N1,GLC,B,1
GAC_100,/home/wms/AF2-test/AF2-CatGraph/results/GAC/02_template_guided_docking/complexes/GAC_100_complex.pdb,results/GAC/05_plip_interaction_graphs/plip_outputs/GAC_100/report.xml,hydrogen_bonds,O1,VAL413A,2318,hydrogen_bonds,hydrogen_bond,GLC:B:1:O1,O1,GLC,B,1
GAC_101,/home/wms/AF2-test/AF2-CatGraph/results/GAC/02_template_guided_docking/complexes/GAC_101_complex.pdb,results/GAC/05_plip_interaction_graphs/plip_outputs/GAC_101/report.xml,hydrophobic_interactions,C2,VAL413A,2319,hydrophobic_interactions,hydrophobic_interaction,GLC:B:1:C2,C2,GLC,B,1
GAC_101,/home/wms/AF2-test/AF2-CatGraph/results/GAC/02_template_guided_docking/complexes/GAC_101_complex.pdb,results/GAC/05_plip_interaction_graphs/plip_outputs/GAC_101/report.xml,hydrogen_bonds,N2,GLN214A,2322,hydrogen_bonds,hydrogen_bond,GLC:B:1:N2,N2,GLC,B,1
GAC_101,/home/wms/AF2-test/AF2-CatGraph/results/GAC/02_template_guided_docking/complexes/GAC_101_complex.pdb,results/GAC/05_plip_interaction_graphs/plip_outputs/GAC_101/report.xml,hydrogen_bonds,O1,SER215A,2318,hydrogen_bonds,hydrogen_bond,GLC:B:1:O1,O1,GLC,B,1
GAC_101,/home/wms/AF2-test/AF2-CatGraph/results/GAC/02_template_guided_docking/complexes/GAC_101_complex.pdb,results/GAC/05_plip_interaction_graphs/plip_outputs/GAC_101/report.xml,hydrogen_bonds,O2,ASN264A,2324,hydrogen_bonds,hydrogen_bond,GLC:B:1:O2,O2,GLC,B,1
GAC_101,/home/wms/AF2-test/AF2-CatGraph/results/GAC/02_template_guided_docking/complexes/GAC_101_complex.pdb,results/GAC/05_plip_interaction_graphs/plip_outputs/GAC_101/report.xml,hydrogen_bonds,O3,GLU310A,2325,hydrogen_bonds,hydrogen_bond,GLC:B:1:O3,O3,GLC,B,1
GAC_101,/home/wms/AF2-test/AF2-CatGraph/results/GAC/02_template_guided_docking/complexes/GAC_101_complex.pdb,results/GAC/05_plip_interaction_graphs/plip_outputs/GAC_101/report.xml,hydrogen_bonds,O2,ASN317A,2324,hydrogen_bonds,hydrogen_bond,GLC:B:1:O2,O2,GLC,B,1
GAC_101,/home/wms/AF2-test/AF2-CatGraph/results/GAC/02_template_guided_docking/complexes/GAC_101_complex.pdb,results/GAC/05_plip_interaction_graphs/plip_outputs/GAC_101/report.xml,hydrogen_bonds,O2,TYR343A,2324,hydrogen_bonds,hydrogen_bond,GLC:B:1:O2,O2,GLC,B,1
GAC_101,/home/wms/AF2-test/AF2-CatGraph/results/GAC/02_template_guided_docking/complexes/GAC_101_complex.pdb,results/GAC/05_plip_interaction_graphs/plip_outputs/GAC_101/report.xml,hydrogen_bonds,O1,TYR395A,2318,hydrogen_bonds,hydrogen_bond,GLC:B:1:O1,O1,GLC,B,1
GAC_101,/home/wms/AF2-test/AF2-CatGraph/results/GAC/02_template_guided_docking/complexes/GAC_101_complex.pdb,results/GAC/05_plip_interaction_graphs/plip_outputs/GAC_101/report.xml,hydrogen_bonds,N1,TYR395A,2316,hydrogen_bonds,hydrogen_bond,GLC:B:1:N1,N1,GLC,B,1
GAC_101,/home/wms/AF2-test/AF2-CatGraph/results/GAC/02_template_guided_docking/complexes/GAC_101_complex.pdb,results/GAC/05_plip_interaction_graphs/plip_outputs/GAC_101/report.xml,hydrogen_bonds,O1,VAL413A,2318,hydrogen_bonds,hydrogen_bond,GLC:B:1:O1,O1,GLC,B,1
GAC_102,/home/wms/AF2-test/AF2-CatGraph/results/GAC/02_template_guided_docking/complexes/GAC_102_complex.pdb,results/GAC/05_plip_interaction_graphs/plip_outputs/GAC_102/report.xml,hydrophobic_interactions,C2,VAL413A,2319,hydrophobic_interactions,hydrophobic_interaction,GLC:B:1:C2,C2,GLC,B,1
GAC_102,/home/wms/AF2-test/AF2-CatGraph/results/GAC/02_template_guided_docking/complexes/GAC_102_complex.pdb,results/GAC/05_plip_interaction_graphs/plip_outputs/GAC_102/report.xml,hydrogen_bonds,O1,SER215A,2318,hydrogen_bonds,hydrogen_bond,GLC:B:1:O1,O1,GLC,B,1
GAC_102,/home/wms/AF2-test/AF2-CatGraph/results/GAC/02_template_guided_docking/complexes/GAC_102_complex.pdb,results/GAC/05_plip_interaction_graphs/plip_outputs/GAC_102/report.xml,hydrogen_bonds,O2,ASN264A,2324,hydrogen_bonds,hydrogen_bond,GLC:B:1:O2,O2,GLC,B,1
GAC_102,/home/wms/AF2-test/AF2-CatGraph/results/GAC/02_template_guided_docking/complexes/GAC_102_complex.pdb,results/GAC/05_plip_interaction_graphs/plip_outputs/GAC_102/report.xml,hydrogen_bonds,O3,GLU310A,2325,hydrogen_bonds,hydrogen_bond,GLC:B:1:O3,O3,GLC,B,1
GAC_102,/home/wms/AF2-test/AF2-CatGraph/results/GAC/02_template_guided_docking/complexes/GAC_102_complex.pdb,results/GAC/05_plip_interaction_graphs/plip_outputs/GAC_102/report.xml,hydrogen_bonds,N2,GLU310A,2322,hydrogen_bonds,hydrogen_bond,GLC:B:1:N2,N2,GLC,B,1
GAC_102,/home/wms/AF2-test/AF2-CatGraph/results/GAC/02_template_guided_docking/complexes/GAC_102_complex.pdb,results/GAC/05_plip_interaction_graphs/plip_outputs/GAC_102/report.xml,hydrogen_bonds,O2,ASN317A,2324,hydrogen_bonds,hydrogen_bond,GLC:B:1:O2,O2,GLC,B,1
GAC_102,/home/wms/AF2-test/AF2-CatGraph/results/GAC/02_template_guided_docking/complexes/GAC_102_complex.pdb,results/GAC/05_plip_interaction_graphs/plip_outputs/GAC_102/report.xml,hydrogen_bonds,O2,TYR343A,2324,hydrogen_bonds,hydrogen_bond,GLC:B:1:O2,O2,GLC,B,1
GAC_102,/home/wms/AF2-test/AF2-CatGraph/results/GAC/02_template_guided_docking/complexes/GAC_102_complex.pdb,results/GAC/05_plip_interaction_graphs/plip_outputs/GAC_102/report.xml,hydrogen_bonds,O1,TYR395A,2318,hydrogen_bonds,hydrogen_bond,GLC:B:1:O1,O1,GLC,B,1
GAC_102,/home/wms/AF2-test/AF2-CatGraph/results/GAC/02_template_guided_docking/complexes/GAC_102_complex.pdb,results/GAC/05_plip_interaction_graphs/plip_outputs/GAC_102/report.xml,hydrogen_bonds,N1,TYR395A,2316,hydrogen_bonds,hydrogen_bond,GLC:B:1:N1,N1,GLC,B,1
GAC_102,/home/wms/AF2-test/AF2-CatGraph/results/GAC/02_template_guided_docking/complexes/GAC_102_complex.pdb,results/GAC/05_plip_interaction_graphs/plip_outputs/GAC_102/report.xml,hydrogen_bonds,O1,VAL413A,2318,hydrogen_bonds,hydrogen_bond,GLC:B:1:O1,O1,GLC,B,1
GAC_103,/home/wms/AF2-test/AF2-CatGraph/results/GAC/02_template_guided_docking/complexes/GAC_103_complex.pdb,results/GAC/05_plip_interaction_graphs/plip_outputs/GAC_103/report.xml,hydrophobic_interactions,C2,VAL413A,2319,hydrophobic_interactions,hydrophobic_interaction,GLC:B:1:C2,C2,GLC,B,1
GAC_103,/home/wms/AF2-test/AF2-CatGraph/results/GAC/02_template_guided_docking/complexes/GAC_103_complex.pdb,results/GAC/05_plip_interaction_graphs/plip_outputs/GAC_103/report.xml,hydrogen_bonds,N2,TYR178A,2322,hydrogen_bonds,hydrogen_bond,GLC:B:1:N2,N2,GLC,B,1
GAC_103,/home/wms/AF2-test/AF2-CatGraph/results/GAC/02_template_guided_docking/complexes/GAC_103_complex.pdb,results/GAC/05_plip_interaction_graphs/plip_outputs/GAC_103/report.xml,hydrogen_bonds,O1,SER215A,2318,hydrogen_bonds,hydrogen_bond,GLC:B:1:O1,O1,GLC,B,1
GAC_103,/home/wms/AF2-test/AF2-CatGraph/results/GAC/02_template_guided_docking/complexes/GAC_103_complex.pdb,results/GAC/05_plip_interaction_graphs/plip_outputs/GAC_103/report.xml,hydrogen_bonds,O2,ASN264A,2324,hydrogen_bonds,hydrogen_bond,GLC:B:1:O2,O2,GLC,B,1
GAC_103,/home/wms/AF2-test/AF2-CatGraph/results/GAC/02_template_guided_docking/complexes/GAC_103_complex.pdb,results/GAC/05_plip_interaction_graphs/plip_outputs/GAC_103/report.xml,hydrogen_bonds,O3,GLU310A,2325,hydrogen_bonds,hydrogen_bond,GLC:B:1:O3,O3,GLC,B,1
GAC_103,/home/wms/AF2-test/AF2-CatGraph/results/GAC/02_template_guided_docking/complexes/GAC_103_complex.pdb,results/GAC/05_plip_interaction_graphs/plip_outputs/GAC_103/report.xml,hydrogen_bonds,N2,GLU310A,2322,hydrogen_bonds,hydrogen_bond,GLC:B:1:N2,N2,GLC,B,1
GAC_103,/home/wms/AF2-test/AF2-CatGraph/results/GAC/02_template_guided_docking/complexes/GAC_103_complex.pdb,results/GAC/05_plip_interaction_graphs/plip_outputs/GAC_103/report.xml,hydrogen_bonds,O2,ASN317A,2324,hydrogen_bonds,hydrogen_bond,GLC:B:1:O2,O2,GLC,B,1
GAC_103,/home/wms/AF2-test/AF2-CatGraph/results/GAC/02_template_guided_docking/complexes/GAC_103_complex.pdb,results/GAC/05_plip_interaction_graphs/plip_outputs/GAC_103/report.xml,hydrogen_bonds,O2,TYR343A,2324,hydrogen_bonds,hydrogen_bond,GLC:B:1:O2,O2,GLC,B,1
GAC_103,/home/wms/AF2-test/AF2-CatGraph/results/GAC/02_template_guided_docking/complexes/GAC_103_complex.pdb,results/GAC/05_plip_interaction_graphs/plip_outputs/GAC_103/report.xml,hydrogen_bonds,O1,TYR395A,2318,hydrogen_bonds,hydrogen_bond,GLC:B:1:O1,O1,GLC,B,1
GAC_103,/home/wms/AF2-test/AF2-CatGraph/results/GAC/02_template_guided_docking/complexes/GAC_103_complex.pdb,results/GAC/05_plip_interaction_graphs/plip_outputs/GAC_103/report.xml,hydrogen_bonds,N1,TYR395A,2316,hydrogen_bonds,hydrogen_bond,GLC:B:1:N1,N1,GLC,B,1
GAC_103,/home/wms/AF2-test/AF2-CatGraph/results/GAC/02_template_guided_docking/complexes/GAC_103_complex.pdb,results/GAC/05_plip_interaction_graphs/plip_outputs/GAC_103/report.xml,hydrogen_bonds,O1,VAL413A,2318,hydrogen_bonds,hydrogen_bond,GLC:B:1:O1,O1,GLC,B,1
GAC_104,/home/wms/AF2-test/AF2-CatGraph/results/GAC/02_template_guided_docking/complexes/GAC_104_complex.pdb,results/GAC/05_plip_interaction_graphs/plip_outputs/GAC_104/report.xml,hydrophobic_interactions,C2,VAL413A,2319,hydrophobic_interactions,hydrophobic_interaction,GLC:B:1:C2,C2,GLC,B,1
GAC_104,/home/wms/AF2-test/AF2-CatGraph/results/GAC/02_template_guided_docking/complexes/GAC_104_complex.pdb,results/GAC/05_plip_interaction_graphs/plip_outputs/GAC_104/report.xml,hydrogen_bonds,O1,SER215A,2318,hydrogen_bonds,hydrogen_bond,GLC:B:1:O1,O1,GLC,B,1
GAC_104,/home/wms/AF2-test/AF2-CatGraph/results/GAC/02_template_guided_docking/complexes/GAC_104_complex.pdb,results/GAC/05_plip_interaction_graphs/plip_outputs/GAC_104/report.xml,hydrogen_bonds,O2,ASN264A,2324,hydrogen_bonds,hydrogen_bond,GLC:B:1:O2,O2,GLC,B,1
GAC_104,/home/wms/AF2-test/AF2-CatGraph/results/GAC/02_template_guided_docking/complexes/GAC_104_complex.pdb,results/GAC/05_plip_interaction_graphs/plip_outputs/GAC_104/report.xml,hydrogen_bonds,O3,GLU310A,2325,hydrogen_bonds,hydrogen_bond,GLC:B:1:O3,O3,GLC,B,1
GAC_104,/home/wms/AF2-test/AF2-CatGraph/results/GAC/02_template_guided_docking/complexes/GAC_104_complex.pdb,results/GAC/05_plip_interaction_graphs/plip_outputs/GAC_104/report.xml,hydrogen_bonds,N2,GLU310A,2322,hydrogen_bonds,hydrogen_bond,GLC:B:1:N2,N2,GLC,B,1
GAC_104,/home/wms/AF2-test/AF2-CatGraph/results/GAC/02_template_guided_docking/complexes/GAC_104_complex.pdb,results/GAC/05_plip_interaction_graphs/plip_outputs/GAC_104/report.xml,hydrogen_bonds,O2,ASN317A,2324,hydrogen_bonds,hydrogen_bond,GLC:B:1:O2,O2,GLC,B,1
GAC_104,/home/wms/AF2-test/AF2-CatGraph/results/GAC/02_template_guided_docking/complexes/GAC_104_complex.pdb,results/GAC/05_plip_interaction_graphs/plip_outputs/GAC_104/report.xml,hydrogen_bonds,O2,TYR343A,2324,hydrogen_bonds,hydrogen_bond,GLC:B:1:O2,O2,GLC,B,1
GAC_104,/home/wms/AF2-test/AF2-CatGraph/results/GAC/02_template_guided_docking/complexes/GAC_104_complex.pdb,results/GAC/05_plip_interaction_graphs/plip_outputs/GAC_104/report.xml,hydrogen_bonds,O1,TYR395A,2318,hydrogen_bonds,hydrogen_bond,GLC:B:1:O1,O1,GLC,B,1
GAC_104,/home/wms/AF2-test/AF2-CatGraph/results/GAC/02_template_guided_docking/complexes/GAC_104_complex.pdb,results/GAC/05_plip_interaction_graphs/plip_outputs/GAC_104/report.xml,hydrogen_bonds,N1,TYR395A,2316,hydrogen_bonds,hydrogen_bond,GLC:B:1:N1,N1,GLC,B,1
GAC_104,/home/wms/AF2-test/AF2-CatGraph/results/GAC/02_template_guided_docking/complexes/GAC_104_complex.pdb,results/GAC/05_plip_interaction_graphs/plip_outputs/GAC_104/report.xml,hydrogen_bonds,O1,VAL413A,2318,hydrogen_bonds,hydrogen_bond,GLC:B:1:O1,O1,GLC,B,1
GAC_105,/home/wms/AF2-test/AF2-CatGraph/results/GAC/02_template_guided_docking/complexes/GAC_105_complex.pdb,results/GAC/05_plip_interaction_graphs/plip_outputs/GAC_105/report.xml,hydrophobic_interactions,C2,VAL413A,2319,hydrophobic_interactions,hydrophobic_interaction,GLC:B:1:C2,C2,GLC,B,1
GAC_105,/home/wms/AF2-test/AF2-CatGraph/results/GAC/02_template_guided_docking/complexes/GAC_105_complex.pdb,results/GAC/05_plip_interaction_graphs/plip_outputs/GAC_105/report.xml,hydrogen_bonds,O1,SER215A,2318,hydrogen_bonds,hydrogen_bond,GLC:B:1:O1,O1,GLC,B,1
GAC_105,/home/wms/AF2-test/AF2-CatGraph/results/GAC/02_template_guided_docking/complexes/GAC_105_complex.pdb,results/GAC/05_plip_interaction_graphs/plip_outputs/GAC_105/report.xml,hydrogen_bonds,O2,ASN264A,2324,hydrogen_bonds,hydrogen_bond,GLC:B:1:O2,O2,GLC,B,1
GAC_105,/home/wms/AF2-test/AF2-CatGraph/results/GAC/02_template_guided_docking/complexes/GAC_105_complex.pdb,results/GAC/05_plip_interaction_graphs/plip_outputs/GAC_105/report.xml,hydrogen_bonds,O3,GLU310A,2325,hydrogen_bonds,hydrogen_bond,GLC:B:1:O3,O3,GLC,B,1
GAC_105,/home/wms/AF2-test/AF2-CatGraph/results/GAC/02_template_guided_docking/complexes/GAC_105_complex.pdb,results/GAC/05_plip_interaction_graphs/plip_outputs/GAC_105/report.xml,hydrogen_bonds,N2,GLU310A,2322,hydrogen_bonds,hydrogen_bond,GLC:B:1:N2,N2,GLC,B,1
GAC_105,/home/wms/AF2-test/AF2-CatGraph/results/GAC/02_template_guided_docking/complexes/GAC_105_complex.pdb,results/GAC/05_plip_interaction_graphs/plip_outputs/GAC_105/report.xml,hydrogen_bonds,O2,ASN317A,2324,hydrogen_bonds,hydrogen_bond,GLC:B:1:O2,O2,GLC,B,1
GAC_105,/home/wms/AF2-test/AF2-CatGraph/results/GAC/02_template_guided_docking/complexes/GAC_105_complex.pdb,results/GAC/05_plip_interaction_graphs/plip_outputs/GAC_105/report.xml,hydrogen_bonds,O2,TYR343A,2324,hydrogen_bonds,hydrogen_bond,GLC:B:1:O2,O2,GLC,B,1
GAC_105,/home/wms/AF2-test/AF2-CatGraph/results/GAC/02_template_guided_docking/complexes/GAC_105_complex.pdb,results/GAC/05_plip_interaction_graphs/plip_outputs/GAC_105/report.xml,hydrogen_bonds,N2,CYS347A,2322,hydrogen_bonds,hydrogen_bond,GLC:B:1:N2,N2,GLC,B,1
GAC_105,/home/wms/AF2-test/AF2-CatGraph/results/GAC/02_template_guided_docking/complexes/GAC_105_complex.pdb,results/GAC/05_plip_interaction_graphs/plip_outputs/GAC_105/report.xml,hydrogen_bonds,O1,TYR395A,2318,hydrogen_bonds,hydrogen_bond,GLC:B:1:O1,O1,GLC,B,1
GAC_105,/home/wms/AF2-test/AF2-CatGraph/results/GAC/02_template_guided_docking/complexes/GAC_105_complex.pdb,results/GAC/05_plip_interaction_graphs/plip_outputs/GAC_105/report.xml,hydrogen_bonds,N1,TYR395A,2316,hydrogen_bonds,hydrogen_bond,GLC:B:1:N1,N1,GLC,B,1
GAC_105,/home/wms/AF2-test/AF2-CatGraph/results/GAC/02_template_guided_docking/complexes/GAC_105_complex.pdb,results/GAC/05_plip_interaction_graphs/plip_outputs/GAC_105/report.xml,hydrogen_bonds,O1,VAL413A,2318,hydrogen_bonds,hydrogen_bond,GLC:B:1:O1,O1,GLC,B,1
GAC_106,/home/wms/AF2-test/AF2-CatGraph/results/GAC/02_template_guided_docking/complexes/GAC_106_complex.pdb,results/GAC/05_plip_interaction_graphs/plip_outputs/GAC_106/report.xml,hydrophobic_interactions,C2,PHE247A,2319,hydrophobic_interactions,hydrophobic_interaction,GLC:B:1:C2,C2,GLC,B,1
GAC_106,/home/wms/AF2-test/AF2-CatGraph/results/GAC/02_template_guided_docking/complexes/GAC_106_complex.pdb,results/GAC/05_plip_interaction_graphs/plip_outputs/GAC_106/report.xml,hydrophobic_interactions,C2,VAL413A,2319,hydrophobic_interactions,hydrophobic_interaction,GLC:B:1:C2,C2,GLC,B,1
GAC_106,/home/wms/AF2-test/AF2-CatGraph/results/GAC/02_template_guided_docking/complexes/GAC_106_complex.pdb,results/GAC/05_plip_interaction_graphs/plip_outputs/GAC_106/report.xml,hydrogen_bonds,O1,SER215A,2318,hydrogen_bonds,hydrogen_bond,GLC:B:1:O1,O1,GLC,B,1
GAC_106,/home/wms/AF2-test/AF2-CatGraph/results/GAC/02_template_guided_docking/complexes/GAC_106_complex.pdb,results/GAC/05_plip_interaction_graphs/plip_outputs/GAC_106/report.xml,hydrogen_bonds,O2,ASN264A,2324,hydrogen_bonds,hydrogen_bond,GLC:B:1:O2,O2,GLC,B,1
GAC_106,/home/wms/AF2-test/AF2-CatGraph/results/GAC/02_template_guided_docking/complexes/GAC_106_complex.pdb,results/GAC/05_plip_interaction_graphs/plip_outputs/GAC_106/report.xml,hydrogen_bonds,O3,GLU310A,2325,hydrogen_bonds,hydrogen_bond,GLC:B:1:O3,O3,GLC,B,1
GAC_106,/home/wms/AF2-test/AF2-CatGraph/results/GAC/02_template_guided_docking/complexes/GAC_106_complex.pdb,results/GAC/05_plip_interaction_graphs/plip_outputs/GAC_106/report.xml,hydrogen_bonds,N2,GLU310A,2322,hydrogen_bonds,hydrogen_bond,GLC:B:1:N2,N2,GLC,B,1
GAC_106,/home/wms/AF2-test/AF2-CatGraph/results/GAC/02_template_guided_docking/complexes/GAC_106_complex.pdb,results/GAC/05_plip_interaction_graphs/plip_outputs/GAC_106/report.xml,hydrogen_bonds,O2,ASN317A,2324,hydrogen_bonds,hydrogen_bond,GLC:B:1:O2,O2,GLC,B,1
GAC_106,/home/wms/AF2-test/AF2-CatGraph/results/GAC/02_template_guided_docking/complexes/GAC_106_complex.pdb,results/GAC/05_plip_interaction_graphs/plip_outputs/GAC_106/report.xml,hydrogen_bonds,O2,TYR343A,2324,hydrogen_bonds,hydrogen_bond,GLC:B:1:O2,O2,GLC,B,1
GAC_106,/home/wms/AF2-test/AF2-CatGraph/results/GAC/02_template_guided_docking/complexes/GAC_106_complex.pdb,results/GAC/05_plip_interaction_graphs/plip_outputs/GAC_106/report.xml,hydrogen_bonds,N1,TYR395A,2316,hydrogen_bonds,hydrogen_bond,GLC:B:1:N1,N1,GLC,B,1
GAC_106,/home/wms/AF2-test/AF2-CatGraph/results/GAC/02_template_guided_docking/complexes/GAC_106_complex.pdb,results/GAC/05_plip_interaction_graphs/plip_outputs/GAC_106/report.xml,hydrogen_bonds,O1,VAL413A,2318,hydrogen_bonds,hydrogen_bond,GLC:B:1:O1,O1,GLC,B,1
GAC_107,/home/wms/AF2-test/AF2-CatGraph/results/GAC/02_template_guided_docking/complexes/GAC_107_complex.pdb,results/GAC/05_plip_interaction_graphs/plip_outputs/GAC_107/report.xml,hydrophobic_interactions,C2,PHE247A,2319,hydrophobic_interactions,hydrophobic_interaction,GLC:B:1:C2,C2,GLC,B,1
GAC_107,/home/wms/AF2-test/AF2-CatGraph/results/GAC/02_template_guided_docking/complexes/GAC_107_complex.pdb,results/GAC/05_plip_interaction_graphs/plip_outputs/GAC_107/report.xml,hydrophobic_interactions,C2,VAL413A,2319,hydrophobic_interactions,hydrophobic_interaction,GLC:B:1:C2,C2,GLC,B,1
GAC_107,/home/wms/AF2-test/AF2-CatGraph/results/GAC/02_template_guided_docking/complexes/GAC_107_complex.pdb,results/GAC/05_plip_interaction_graphs/plip_outputs/GAC_107/report.xml,hydrogen_bonds,N2,GLN214A,2322,hydrogen_bonds,hydrogen_bond,GLC:B:1:N2,N2,GLC,B,1
GAC_107,/home/wms/AF2-test/AF2-CatGraph/results/GAC/02_template_guided_docking/complexes/GAC_107_complex.pdb,results/GAC/05_plip_interaction_graphs/plip_outputs/GAC_107/report.xml,hydrogen_bonds,O1,SER215A,2318,hydrogen_bonds,hydrogen_bond,GLC:B:1:O1,O1,GLC,B,1
GAC_107,/home/wms/AF2-test/AF2-CatGraph/results/GAC/02_template_guided_docking/complexes/GAC_107_complex.pdb,results/GAC/05_plip_interaction_graphs/plip_outputs/GAC_107/report.xml,hydrogen_bonds,O2,ASN264A,2324,hydrogen_bonds,hydrogen_bond,GLC:B:1:O2,O2,GLC,B,1
GAC_107,/home/wms/AF2-test/AF2-CatGraph/results/GAC/02_template_guided_docking/complexes/GAC_107_complex.pdb,results/GAC/05_plip_interaction_graphs/plip_outputs/GAC_107/report.xml,hydrogen_bonds,O2,ASN317A,2324,hydrogen_bonds,hydrogen_bond,GLC:B:1:O2,O2,GLC,B,1
GAC_107,/home/wms/AF2-test/AF2-CatGraph/results/GAC/02_template_guided_docking/complexes/GAC_107_complex.pdb,results/GAC/05_plip_interaction_graphs/plip_outputs/GAC_107/report.xml,hydrogen_bonds,O2,TYR343A,2324,hydrogen_bonds,hydrogen_bond,GLC:B:1:O2,O2,GLC,B,1
GAC_107,/home/wms/AF2-test/AF2-CatGraph/results/GAC/02_template_guided_docking/complexes/GAC_107_complex.pdb,results/GAC/05_plip_interaction_graphs/plip_outputs/GAC_107/report.xml,hydrogen_bonds,O1,TYR395A,2318,hydrogen_bonds,hydrogen_bond,GLC:B:1:O1,O1,GLC,B,1
GAC_107,/home/wms/AF2-test/AF2-CatGraph/results/GAC/02_template_guided_docking/complexes/GAC_107_complex.pdb,results/GAC/05_plip_interaction_graphs/plip_outputs/GAC_107/report.xml,hydrogen_bonds,N1,TYR395A,2316,hydrogen_bonds,hydrogen_bond,GLC:B:1:N1,N1,GLC,B,1
GAC_107,/home/wms/AF2-test/AF2-CatGraph/results/GAC/02_template_guided_docking/complexes/GAC_107_complex.pdb,results/GAC/05_plip_interaction_graphs/plip_outputs/GAC_107/report.xml,hydrogen_bonds,O1,VAL413A,2318,hydrogen_bonds,hydrogen_bond,GLC:B:1:O1,O1,GLC,B,1
GAC_108,/home/wms/AF2-test/AF2-CatGraph/results/GAC/02_template_guided_docking/complexes/GAC_108_complex.pdb,results/GAC/05_plip_interaction_graphs/plip_outputs/GAC_108/report.xml,hydrophobic_interactions,C2,VAL413A,2319,hydrophobic_interactions,hydrophobic_interaction,GLC:B:1:C2,C2,GLC,B,1
GAC_108,/home/wms/AF2-test/AF2-CatGraph/results/GAC/02_template_guided_docking/complexes/GAC_108_complex.pdb,results/GAC/05_plip_interaction_graphs/plip_outputs/GAC_108/report.xml,hydrogen_bonds,N2,GLN214A,2322,hydrogen_bonds,hydrogen_bond,GLC:B:1:N2,N2,GLC,B,1
GAC_108,/home/wms/AF2-test/AF2-CatGraph/results/GAC/02_template_guided_docking/complexes/GAC_108_complex.pdb,results/GAC/05_plip_interaction_graphs/plip_outputs/GAC_108/report.xml,hydrogen_bonds,O1,SER215A,2318,hydrogen_bonds,hydrogen_bond,GLC:B:1:O1,O1,GLC,B,1
GAC_108,/home/wms/AF2-test/AF2-CatGraph/results/GAC/02_template_guided_docking/complexes/GAC_108_complex.pdb,results/GAC/05_plip_interaction_graphs/plip_outputs/GAC_108/report.xml,hydrogen_bonds,O2,ASN264A,2324,hydrogen_bonds,hydrogen_bond,GLC:B:1:O2,O2,GLC,B,1
GAC_108,/home/wms/AF2-test/AF2-CatGraph/results/GAC/02_template_guided_docking/complexes/GAC_108_complex.pdb,results/GAC/05_plip_interaction_graphs/plip_outputs/GAC_108/report.xml,hydrogen_bonds,O3,GLU310A,2325,hydrogen_bonds,hydrogen_bond,GLC:B:1:O3,O3,GLC,B,1
GAC_108,/home/wms/AF2-test/AF2-CatGraph/results/GAC/02_template_guided_docking/complexes/GAC_108_complex.pdb,results/GAC/05_plip_interaction_graphs/plip_outputs/GAC_108/report.xml,hydrogen_bonds,O2,ASN317A,2324,hydrogen_bonds,hydrogen_bond,GLC:B:1:O2,O2,GLC,B,1
GAC_108,/home/wms/AF2-test/AF2-CatGraph/results/GAC/02_template_guided_docking/complexes/GAC_108_complex.pdb,results/GAC/05_plip_interaction_graphs/plip_outputs/GAC_108/report.xml,hydrogen_bonds,O2,TYR343A,2324,hydrogen_bonds,hydrogen_bond,GLC:B:1:O2,O2,GLC,B,1
GAC_108,/home/wms/AF2-test/AF2-CatGraph/results/GAC/02_template_guided_docking/complexes/GAC_108_complex.pdb,results/GAC/05_plip_interaction_graphs/plip_outputs/GAC_108/report.xml,hydrogen_bonds,O1,TYR395A,2318,hydrogen_bonds,hydrogen_bond,GLC:B:1:O1,O1,GLC,B,1
GAC_108,/home/wms/AF2-test/AF2-CatGraph/results/GAC/02_template_guided_docking/complexes/GAC_108_complex.pdb,results/GAC/05_plip_interaction_graphs/plip_outputs/GAC_108/report.xml,hydrogen_bonds,N1,TYR395A,2316,hydrogen_bonds,hydrogen_bond,GLC:B:1:N1,N1,GLC,B,1
GAC_108,/home/wms/AF2-test/AF2-CatGraph/results/GAC/02_template_guided_docking/complexes/GAC_108_complex.pdb,results/GAC/05_plip_interaction_graphs/plip_outputs/GAC_108/report.xml,hydrogen_bonds,O1,VAL413A,2318,hydrogen_bonds,hydrogen_bond,GLC:B:1:O1,O1,GLC,B,1
GAC_109,/home/wms/AF2-test/AF2-CatGraph/results/GAC/02_template_guided_docking/complexes/GAC_109_complex.pdb,results/GAC/05_plip_interaction_graphs/plip_outputs/GAC_109/report.xml,hydrophobic_interactions,C2,VAL413A,2319,hydrophobic_interactions,hydrophobic_interaction,GLC:B:1:C2,C2,GLC,B,1
GAC_109,/home/wms/AF2-test/AF2-CatGraph/results/GAC/02_template_guided_docking/complexes/GAC_109_complex.pdb,results/GAC/05_plip_interaction_graphs/plip_outputs/GAC_109/report.xml,hydrogen_bonds,O1,SER215A,2318,hydrogen_bonds,hydrogen_bond,GLC:B:1:O1,O1,GLC,B,1
GAC_109,/home/wms/AF2-test/AF2-CatGraph/results/GAC/02_template_guided_docking/complexes/GAC_109_complex.pdb,results/GAC/05_plip_interaction_graphs/plip_outputs/GAC_109/report.xml,hydrogen_bonds,O2,ASN264A,2324,hydrogen_bonds,hydrogen_bond,GLC:B:1:O2,O2,GLC,B,1
GAC_109,/home/wms/AF2-test/AF2-CatGraph/results/GAC/02_template_guided_docking/complexes/GAC_109_complex.pdb,results/GAC/05_plip_interaction_graphs/plip_outputs/GAC_109/report.xml,hydrogen_bonds,O3,GLU310A,2325,hydrogen_bonds,hydrogen_bond,GLC:B:1:O3,O3,GLC,B,1
GAC_109,/home/wms/AF2-test/AF2-CatGraph/results/GAC/02_template_guided_docking/complexes/GAC_109_complex.pdb,results/GAC/05_plip_interaction_graphs/plip_outputs/GAC_109/report.xml,hydrogen_bonds,N2,GLU310A,2322,hydrogen_bonds,hydrogen_bond,GLC:B:1:N2,N2,GLC,B,1
GAC_109,/home/wms/AF2-test/AF2-CatGraph/results/GAC/02_template_guided_docking/complexes/GAC_109_complex.pdb,results/GAC/05_plip_interaction_graphs/plip_outputs/GAC_109/report.xml,hydrogen_bonds,O2,ASN317A,2324,hydrogen_bonds,hydrogen_bond,GLC:B:1:O2,O2,GLC,B,1
GAC_109,/home/wms/AF2-test/AF2-CatGraph/results/GAC/02_template_guided_docking/complexes/GAC_109_complex.pdb,results/GAC/05_plip_interaction_graphs/plip_outputs/GAC_109/report.xml,hydrogen_bonds,O2,TYR343A,2324,hydrogen_bonds,hydrogen_bond,GLC:B:1:O2,O2,GLC,B,1
GAC_109,/home/wms/AF2-test/AF2-CatGraph/results/GAC/02_template_guided_docking/complexes/GAC_109_complex.pdb,results/GAC/05_plip_interaction_graphs/plip_outputs/GAC_109/report.xml,hydrogen_bonds,O1,TYR395A,2318,hydrogen_bonds,hydrogen_bond,GLC:B:1:O1,O1,GLC,B,1
GAC_109,/home/wms/AF2-test/AF2-CatGraph/results/GAC/02_template_guided_docking/complexes/GAC_109_complex.pdb,results/GAC/05_plip_interaction_graphs/plip_outputs/GAC_109/report.xml,hydrogen_bonds,N1,TYR395A,2316,hydrogen_bonds,hydrogen_bond,GLC:B:1:N1,N1,GLC,B,1
GAC_109,/home/wms/AF2-test/AF2-CatGraph/results/GAC/02_template_guided_docking/complexes/GAC_109_complex.pdb,results/GAC/05_plip_interaction_graphs/plip_outputs/GAC_109/report.xml,hydrogen_bonds,O1,VAL413A,2318,hydrogen_bonds,hydrogen_bond,GLC:B:1:O1,O1,GLC,B,1
GAC_110,/home/wms/AF2-test/AF2-CatGraph/results/GAC/02_template_guided_docking/complexes/GAC_110_complex.pdb,results/GAC/05_plip_interaction_graphs/plip_outputs/GAC_110/report.xml,hydrophobic_interactions,C2,VAL413A,2319,hydrophobic_interactions,hydrophobic_interaction,GLC:B:1:C2,C2,GLC,B,1
GAC_110,/home/wms/AF2-test/AF2-CatGraph/results/GAC/02_template_guided_docking/complexes/GAC_110_complex.pdb,results/GAC/05_plip_interaction_graphs/plip_outputs/GAC_110/report.xml,hydrogen_bonds,O1,SER215A,2318,hydrogen_bonds,hydrogen_bond,GLC:B:1:O1,O1,GLC,B,1
GAC_110,/home/wms/AF2-test/AF2-CatGraph/results/GAC/02_template_guided_docking/complexes/GAC_110_complex.pdb,results/GAC/05_plip_interaction_graphs/plip_outputs/GAC_110/report.xml,hydrogen_bonds,O2,ASN264A,2324,hydrogen_bonds,hydrogen_bond,GLC:B:1:O2,O2,GLC,B,1
GAC_110,/home/wms/AF2-test/AF2-CatGraph/results/GAC/02_template_guided_docking/complexes/GAC_110_complex.pdb,results/GAC/05_plip_interaction_graphs/plip_outputs/GAC_110/report.xml,hydrogen_bonds,O3,GLU310A,2325,hydrogen_bonds,hydrogen_bond,GLC:B:1:O3,O3,GLC,B,1
GAC_110,/home/wms/AF2-test/AF2-CatGraph/results/GAC/02_template_guided_docking/complexes/GAC_110_complex.pdb,results/GAC/05_plip_interaction_graphs/plip_outputs/GAC_110/report.xml,hydrogen_bonds,N2,GLU310A,2322,hydrogen_bonds,hydrogen_bond,GLC:B:1:N2,N2,GLC,B,1
GAC_110,/home/wms/AF2-test/AF2-CatGraph/results/GAC/02_template_guided_docking/complexes/GAC_110_complex.pdb,results/GAC/05_plip_interaction_graphs/plip_outputs/GAC_110/report.xml,hydrogen_bonds,O2,ASN317A,2324,hydrogen_bonds,hydrogen_bond,GLC:B:1:O2,O2,GLC,B,1
GAC_110,/home/wms/AF2-test/AF2-CatGraph/results/GAC/02_template_guided_docking/complexes/GAC_110_complex.pdb,results/GAC/05_plip_interaction_graphs/plip_outputs/GAC_110/report.xml,hydrogen_bonds,O2,TYR343A,2324,hydrogen_bonds,hydrogen_bond,GLC:B:1:O2,O2,GLC,B,1
GAC_110,/home/wms/AF2-test/AF2-CatGraph/results/GAC/02_template_guided_docking/complexes/GAC_110_complex.pdb,results/GAC/05_plip_interaction_graphs/plip_outputs/GAC_110/report.xml,hydrogen_bonds,N1,TYR395A,2316,hydrogen_bonds,hydrogen_bond,GLC:B:1:N1,N1,GLC,B,1
GAC_110,/home/wms/AF2-test/AF2-CatGraph/results/GAC/02_template_guided_docking/complexes/GAC_110_complex.pdb,results/GAC/05_plip_interaction_graphs/plip_outputs/GAC_110/report.xml,hydrogen_bonds,O1,VAL413A,2318,hydrogen_bonds,hydrogen_bond,GLC:B:1:O1,O1,GLC,B,1
GAC_111,/home/wms/AF2-test/AF2-CatGraph/results/GAC/02_template_guided_docking/complexes/GAC_111_complex.pdb,results/GAC/05_plip_interaction_graphs/plip_outputs/GAC_111/report.xml,hydrophobic_interactions,C2,VAL413A,2319,hydrophobic_interactions,hydrophobic_interaction,GLC:B:1:C2,C2,GLC,B,1
GAC_111,/home/wms/AF2-test/AF2-CatGraph/results/GAC/02_template_guided_docking/complexes/GAC_111_complex.pdb,results/GAC/05_plip_interaction_graphs/plip_outputs/GAC_111/report.xml,hydrogen_bonds,O1,SER215A,2318,hydrogen_bonds,hydrogen_bond,GLC:B:1:O1,O1,GLC,B,1
GAC_111,/home/wms/AF2-test/AF2-CatGraph/results/GAC/02_template_guided_docking/complexes/GAC_111_complex.pdb,results/GAC/05_plip_interaction_graphs/plip_outputs/GAC_111/report.xml,hydrogen_bonds,O2,ASN264A,2324,hydrogen_bonds,hydrogen_bond,GLC:B:1:O2,O2,GLC,B,1
GAC_111,/home/wms/AF2-test/AF2-CatGraph/results/GAC/02_template_guided_docking/complexes/GAC_111_complex.pdb,results/GAC/05_plip_interaction_graphs/plip_outputs/GAC_111/report.xml,hydrogen_bonds,O3,GLU310A,2325,hydrogen_bonds,hydrogen_bond,GLC:B:1:O3,O3,GLC,B,1
GAC_111,/home/wms/AF2-test/AF2-CatGraph/results/GAC/02_template_guided_docking/complexes/GAC_111_complex.pdb,results/GAC/05_plip_interaction_graphs/plip_outputs/GAC_111/report.xml,hydrogen_bonds,N2,GLU310A,2322,hydrogen_bonds,hydrogen_bond,GLC:B:1:N2,N2,GLC,B,1
GAC_111,/home/wms/AF2-test/AF2-CatGraph/results/GAC/02_template_guided_docking/complexes/GAC_111_complex.pdb,results/GAC/05_plip_interaction_graphs/plip_outputs/GAC_111/report.xml,hydrogen_bonds,O2,ASN317A,2324,hydrogen_bonds,hydrogen_bond,GLC:B:1:O2,O2,GLC,B,1
GAC_111,/home/wms/AF2-test/AF2-CatGraph/results/GAC/02_template_guided_docking/complexes/GAC_111_complex.pdb,results/GAC/05_plip_interaction_graphs/plip_outputs/GAC_111/report.xml,hydrogen_bonds,O2,TYR343A,2324,hydrogen_bonds,hydrogen_bond,GLC:B:1:O2,O2,GLC,B,1
GAC_111,/home/wms/AF2-test/AF2-CatGraph/results/GAC/02_template_guided_docking/complexes/GAC_111_complex.pdb,results/GAC/05_plip_interaction_graphs/plip_outputs/GAC_111/report.xml,hydrogen_bonds,O1,TYR395A,2318,hydrogen_bonds,hydrogen_bond,GLC:B:1:O1,O1,GLC,B,1
GAC_111,/home/wms/AF2-test/AF2-CatGraph/results/GAC/02_template_guided_docking/complexes/GAC_111_complex.pdb,results/GAC/05_plip_interaction_graphs/plip_outputs/GAC_111/report.xml,hydrogen_bonds,N1,TYR395A,2316,hydrogen_bonds,hydrogen_bond,GLC:B:1:N1,N1,GLC,B,1
GAC_111,/home/wms/AF2-test/AF2-CatGraph/results/GAC/02_template_guided_docking/complexes/GAC_111_complex.pdb,results/GAC/05_plip_interaction_graphs/plip_outputs/GAC_111/report.xml,hydrogen_bonds,O1,VAL413A,2318,hydrogen_bonds,hydrogen_bond,GLC:B:1:O1,O1,GLC,B,1
GAC_112,/home/wms/AF2-test/AF2-CatGraph/results/GAC/02_template_guided_docking/complexes/GAC_112_complex.pdb,results/GAC/05_plip_interaction_graphs/plip_outputs/GAC_112/report.xml,hydrophobic_interactions,C2,VAL413A,2319,hydrophobic_interactions,hydrophobic_interaction,GLC:B:1:C2,C2,GLC,B,1
GAC_112,/home/wms/AF2-test/AF2-CatGraph/results/GAC/02_template_guided_docking/complexes/GAC_112_complex.pdb,results/GAC/05_plip_interaction_graphs/plip_outputs/GAC_112/report.xml,hydrogen_bonds,N2,TYR178A,2322,hydrogen_bonds,hydrogen_bond,GLC:B:1:N2,N2,GLC,B,1
GAC_112,/home/wms/AF2-test/AF2-CatGraph/results/GAC/02_template_guided_docking/complexes/GAC_112_complex.pdb,results/GAC/05_plip_interaction_graphs/plip_outputs/GAC_112/report.xml,hydrogen_bonds,O1,SER215A,2318,hydrogen_bonds,hydrogen_bond,GLC:B:1:O1,O1,GLC,B,1
GAC_112,/home/wms/AF2-test/AF2-CatGraph/results/GAC/02_template_guided_docking/complexes/GAC_112_complex.pdb,results/GAC/05_plip_interaction_graphs/plip_outputs/GAC_112/report.xml,hydrogen_bonds,O2,ASN264A,2324,hydrogen_bonds,hydrogen_bond,GLC:B:1:O2,O2,GLC,B,1
GAC_112,/home/wms/AF2-test/AF2-CatGraph/results/GAC/02_template_guided_docking/complexes/GAC_112_complex.pdb,results/GAC/05_plip_interaction_graphs/plip_outputs/GAC_112/report.xml,hydrogen_bonds,O3,GLU310A,2325,hydrogen_bonds,hydrogen_bond,GLC:B:1:O3,O3,GLC,B,1
GAC_112,/home/wms/AF2-test/AF2-CatGraph/results/GAC/02_template_guided_docking/complexes/GAC_112_complex.pdb,results/GAC/05_plip_interaction_graphs/plip_outputs/GAC_112/report.xml,hydrogen_bonds,N2,GLU310A,2322,hydrogen_bonds,hydrogen_bond,GLC:B:1:N2,N2,GLC,B,1
GAC_112,/home/wms/AF2-test/AF2-CatGraph/results/GAC/02_template_guided_docking/complexes/GAC_112_complex.pdb,results/GAC/05_plip_interaction_graphs/plip_outputs/GAC_112/report.xml,hydrogen_bonds,O2,ASN317A,2324,hydrogen_bonds,hydrogen_bond,GLC:B:1:O2,O2,GLC,B,1
GAC_112,/home/wms/AF2-test/AF2-CatGraph/results/GAC/02_template_guided_docking/complexes/GAC_112_complex.pdb,results/GAC/05_plip_interaction_graphs/plip_outputs/GAC_112/report.xml,hydrogen_bonds,O2,TYR343A,2324,hydrogen_bonds,hydrogen_bond,GLC:B:1:O2,O2,GLC,B,1
GAC_112,/home/wms/AF2-test/AF2-CatGraph/results/GAC/02_template_guided_docking/complexes/GAC_112_complex.pdb,results/GAC/05_plip_interaction_graphs/plip_outputs/GAC_112/report.xml,hydrogen_bonds,O1,TYR395A,2318,hydrogen_bonds,hydrogen_bond,GLC:B:1:O1,O1,GLC,B,1
GAC_112,/home/wms/AF2-test/AF2-CatGraph/results/GAC/02_template_guided_docking/complexes/GAC_112_complex.pdb,results/GAC/05_plip_interaction_graphs/plip_outputs/GAC_112/report.xml,hydrogen_bonds,N1,TYR395A,2316,hydrogen_bonds,hydrogen_bond,GLC:B:1:N1,N1,GLC,B,1
GAC_112,/home/wms/AF2-test/AF2-CatGraph/results/GAC/02_template_guided_docking/complexes/GAC_112_complex.pdb,results/GAC/05_plip_interaction_graphs/plip_outputs/GAC_112/report.xml,hydrogen_bonds,O1,VAL413A,2318,hydrogen_bonds,hydrogen_bond,GLC:B:1:O1,O1,GLC,B,1
GAC_113,/home/wms/AF2-test/AF2-CatGraph/results/GAC/02_template_guided_docking/complexes/GAC_113_complex.pdb,results/GAC/05_plip_interaction_graphs/plip_outputs/GAC_113/report.xml,hydrophobic_interactions,C2,VAL413A,2319,hydrophobic_interactions,hydrophobic_interaction,GLC:B:1:C2,C2,GLC,B,1
GAC_113,/home/wms/AF2-test/AF2-CatGraph/results/GAC/02_template_guided_docking/complexes/GAC_113_complex.pdb,results/GAC/05_plip_interaction_graphs/plip_outputs/GAC_113/report.xml,hydrogen_bonds,O1,SER215A,2318,hydrogen_bonds,hydrogen_bond,GLC:B:1:O1,O1,GLC,B,1
GAC_113,/home/wms/AF2-test/AF2-CatGraph/results/GAC/02_template_guided_docking/complexes/GAC_113_complex.pdb,results/GAC/05_plip_interaction_graphs/plip_outputs/GAC_113/report.xml,hydrogen_bonds,O2,ASN264A,2324,hydrogen_bonds,hydrogen_bond,GLC:B:1:O2,O2,GLC,B,1
GAC_113,/home/wms/AF2-test/AF2-CatGraph/results/GAC/02_template_guided_docking/complexes/GAC_113_complex.pdb,results/GAC/05_plip_interaction_graphs/plip_outputs/GAC_113/report.xml,hydrogen_bonds,O3,GLU310A,2325,hydrogen_bonds,hydrogen_bond,GLC:B:1:O3,O3,GLC,B,1
GAC_113,/home/wms/AF2-test/AF2-CatGraph/results/GAC/02_template_guided_docking/complexes/GAC_113_complex.pdb,results/GAC/05_plip_interaction_graphs/plip_outputs/GAC_113/report.xml,hydrogen_bonds,N2,GLU310A,2322,hydrogen_bonds,hydrogen_bond,GLC:B:1:N2,N2,GLC,B,1
GAC_113,/home/wms/AF2-test/AF2-CatGraph/results/GAC/02_template_guided_docking/complexes/GAC_113_complex.pdb,results/GAC/05_plip_interaction_graphs/plip_outputs/GAC_113/report.xml,hydrogen_bonds,O2,ASN317A,2324,hydrogen_bonds,hydrogen_bond,GLC:B:1:O2,O2,GLC,B,1
GAC_113,/home/wms/AF2-test/AF2-CatGraph/results/GAC/02_template_guided_docking/complexes/GAC_113_complex.pdb,results/GAC/05_plip_interaction_graphs/plip_outputs/GAC_113/report.xml,hydrogen_bonds,O2,TYR343A,2324,hydrogen_bonds,hydrogen_bond,GLC:B:1:O2,O2,GLC,B,1
GAC_113,/home/wms/AF2-test/AF2-CatGraph/results/GAC/02_template_guided_docking/complexes/GAC_113_complex.pdb,results/GAC/05_plip_interaction_graphs/plip_outputs/GAC_113/report.xml,hydrogen_bonds,O1,TYR395A,2318,hydrogen_bonds,hydrogen_bond,GLC:B:1:O1,O1,GLC,B,1
GAC_113,/home/wms/AF2-test/AF2-CatGraph/results/GAC/02_template_guided_docking/complexes/GAC_113_complex.pdb,results/GAC/05_plip_interaction_graphs/plip_outputs/GAC_113/report.xml,hydrogen_bonds,N1,TYR395A,2316,hydrogen_bonds,hydrogen_bond,GLC:B:1:N1,N1,GLC,B,1
GAC_113,/home/wms/AF2-test/AF2-CatGraph/results/GAC/02_template_guided_docking/complexes/GAC_113_complex.pdb,results/GAC/05_plip_interaction_graphs/plip_outputs/GAC_113/report.xml,hydrogen_bonds,O1,VAL413A,2318,hydrogen_bonds,hydrogen_bond,GLC:B:1:O1,O1,GLC,B,1
GAC_114,/home/wms/AF2-test/AF2-CatGraph/results/GAC/02_template_guided_docking/complexes/GAC_114_complex.pdb,results/GAC/05_plip_interaction_graphs/plip_outputs/GAC_114/report.xml,hydrophobic_interactions,C2,VAL413A,2319,hydrophobic_interactions,hydrophobic_interaction,GLC:B:1:C2,C2,GLC,B,1
GAC_114,/home/wms/AF2-test/AF2-CatGraph/results/GAC/02_template_guided_docking/complexes/GAC_114_complex.pdb,results/GAC/05_plip_interaction_graphs/plip_outputs/GAC_114/report.xml,hydrogen_bonds,O1,SER215A,2318,hydrogen_bonds,hydrogen_bond,GLC:B:1:O1,O1,GLC,B,1
GAC_114,/home/wms/AF2-test/AF2-CatGraph/results/GAC/02_template_guided_docking/complexes/GAC_114_complex.pdb,results/GAC/05_plip_interaction_graphs/plip_outputs/GAC_114/report.xml,hydrogen_bonds,O2,ASN264A,2324,hydrogen_bonds,hydrogen_bond,GLC:B:1:O2,O2,GLC,B,1
GAC_114,/home/wms/AF2-test/AF2-CatGraph/results/GAC/02_template_guided_docking/complexes/GAC_114_complex.pdb,results/GAC/05_plip_interaction_graphs/plip_outputs/GAC_114/report.xml,hydrogen_bonds,O3,GLU310A,2325,hydrogen_bonds,hydrogen_bond,GLC:B:1:O3,O3,GLC,B,1
GAC_114,/home/wms/AF2-test/AF2-CatGraph/results/GAC/02_template_guided_docking/complexes/GAC_114_complex.pdb,results/GAC/05_plip_interaction_graphs/plip_outputs/GAC_114/report.xml,hydrogen_bonds,N2,GLU310A,2322,hydrogen_bonds,hydrogen_bond,GLC:B:1:N2,N2,GLC,B,1
GAC_114,/home/wms/AF2-test/AF2-CatGraph/results/GAC/02_template_guided_docking/complexes/GAC_114_complex.pdb,results/GAC/05_plip_interaction_graphs/plip_outputs/GAC_114/report.xml,hydrogen_bonds,O2,ASN317A,2324,hydrogen_bonds,hydrogen_bond,GLC:B:1:O2,O2,GLC,B,1
GAC_114,/home/wms/AF2-test/AF2-CatGraph/results/GAC/02_template_guided_docking/complexes/GAC_114_complex.pdb,results/GAC/05_plip_interaction_graphs/plip_outputs/GAC_114/report.xml,hydrogen_bonds,O2,TYR343A,2324,hydrogen_bonds,hydrogen_bond,GLC:B:1:O2,O2,GLC,B,1
GAC_114,/home/wms/AF2-test/AF2-CatGraph/results/GAC/02_template_guided_docking/complexes/GAC_114_complex.pdb,results/GAC/05_plip_interaction_graphs/plip_outputs/GAC_114/report.xml,hydrogen_bonds,O1,TYR395A,2318,hydrogen_bonds,hydrogen_bond,GLC:B:1:O1,O1,GLC,B,1
GAC_114,/home/wms/AF2-test/AF2-CatGraph/results/GAC/02_template_guided_docking/complexes/GAC_114_complex.pdb,results/GAC/05_plip_interaction_graphs/plip_outputs/GAC_114/report.xml,hydrogen_bonds,N1,TYR395A,2316,hydrogen_bonds,hydrogen_bond,GLC:B:1:N1,N1,GLC,B,1
GAC_114,/home/wms/AF2-test/AF2-CatGraph/results/GAC/02_template_guided_docking/complexes/GAC_114_complex.pdb,results/GAC/05_plip_interaction_graphs/plip_outputs/GAC_114/report.xml,hydrogen_bonds,O1,VAL413A,2318,hydrogen_bonds,hydrogen_bond,GLC:B:1:O1,O1,GLC,B,1
GAC_116,/home/wms/AF2-test/AF2-CatGraph/results/GAC/02_template_guided_docking/complexes/GAC_116_complex.pdb,results/GAC/05_plip_interaction_graphs/plip_outputs/GAC_116/report.xml,hydrophobic_interactions,C2,VAL413A,2319,hydrophobic_interactions,hydrophobic_interaction,GLC:B:1:C2,C2,GLC,B,1
GAC_116,/home/wms/AF2-test/AF2-CatGraph/results/GAC/02_template_guided_docking/complexes/GAC_116_complex.pdb,results/GAC/05_plip_interaction_graphs/plip_outputs/GAC_116/report.xml,hydrogen_bonds,O1,SER215A,2318,hydrogen_bonds,hydrogen_bond,GLC:B:1:O1,O1,GLC,B,1
GAC_116,/home/wms/AF2-test/AF2-CatGraph/results/GAC/02_template_guided_docking/complexes/GAC_116_complex.pdb,results/GAC/05_plip_interaction_graphs/plip_outputs/GAC_116/report.xml,hydrogen_bonds,O2,ASN264A,2324,hydrogen_bonds,hydrogen_bond,GLC:B:1:O2,O2,GLC,B,1
GAC_116,/home/wms/AF2-test/AF2-CatGraph/results/GAC/02_template_guided_docking/complexes/GAC_116_complex.pdb,results/GAC/05_plip_interaction_graphs/plip_outputs/GAC_116/report.xml,hydrogen_bonds,O3,GLU310A,2325,hydrogen_bonds,hydrogen_bond,GLC:B:1:O3,O3,GLC,B,1
GAC_116,/home/wms/AF2-test/AF2-CatGraph/results/GAC/02_template_guided_docking/complexes/GAC_116_complex.pdb,results/GAC/05_plip_interaction_graphs/plip_outputs/GAC_116/report.xml,hydrogen_bonds,N2,GLU310A,2322,hydrogen_bonds,hydrogen_bond,GLC:B:1:N2,N2,GLC,B,1
GAC_116,/home/wms/AF2-test/AF2-CatGraph/results/GAC/02_template_guided_docking/complexes/GAC_116_complex.pdb,results/GAC/05_plip_interaction_graphs/plip_outputs/GAC_116/report.xml,hydrogen_bonds,O2,ASN317A,2324,hydrogen_bonds,hydrogen_bond,GLC:B:1:O2,O2,GLC,B,1
GAC_116,/home/wms/AF2-test/AF2-CatGraph/results/GAC/02_template_guided_docking/complexes/GAC_116_complex.pdb,results/GAC/05_plip_interaction_graphs/plip_outputs/GAC_116/report.xml,hydrogen_bonds,O2,TYR343A,2324,hydrogen_bonds,hydrogen_bond,GLC:B:1:O2,O2,GLC,B,1
GAC_116,/home/wms/AF2-test/AF2-CatGraph/results/GAC/02_template_guided_docking/complexes/GAC_116_complex.pdb,results/GAC/05_plip_interaction_graphs/plip_outputs/GAC_116/report.xml,hydrogen_bonds,O1,TYR395A,2318,hydrogen_bonds,hydrogen_bond,GLC:B:1:O1,O1,GLC,B,1
GAC_116,/home/wms/AF2-test/AF2-CatGraph/results/GAC/02_template_guided_docking/complexes/GAC_116_complex.pdb,results/GAC/05_plip_interaction_graphs/plip_outputs/GAC_116/report.xml,hydrogen_bonds,N1,TYR395A,2316,hydrogen_bonds,hydrogen_bond,GLC:B:1:N1,N1,GLC,B,1
GAC_116,/home/wms/AF2-test/AF2-CatGraph/results/GAC/02_template_guided_docking/complexes/GAC_116_complex.pdb,results/GAC/05_plip_interaction_graphs/plip_outputs/GAC_116/report.xml,hydrogen_bonds,O1,VAL413A,2318,hydrogen_bonds,hydrogen_bond,GLC:B:1:O1,O1,GLC,B,1
GAC_117,/home/wms/AF2-test/AF2-CatGraph/results/GAC/02_template_guided_docking/complexes/GAC_117_complex.pdb,results/GAC/05_plip_interaction_graphs/plip_outputs/GAC_117/report.xml,hydrophobic_interactions,C2,VAL413A,2319,hydrophobic_interactions,hydrophobic_interaction,GLC:B:1:C2,C2,GLC,B,1
GAC_117,/home/wms/AF2-test/AF2-CatGraph/results/GAC/02_template_guided_docking/complexes/GAC_117_complex.pdb,results/GAC/05_plip_interaction_graphs/plip_outputs/GAC_117/report.xml,hydrogen_bonds,N2,TYR178A,2322,hydrogen_bonds,hydrogen_bond,GLC:B:1:N2,N2,GLC,B,1
GAC_117,/home/wms/AF2-test/AF2-CatGraph/results/GAC/02_template_guided_docking/complexes/GAC_117_complex.pdb,results/GAC/05_plip_interaction_graphs/plip_outputs/GAC_117/report.xml,hydrogen_bonds,O1,SER215A,2318,hydrogen_bonds,hydrogen_bond,GLC:B:1:O1,O1,GLC,B,1
GAC_117,/home/wms/AF2-test/AF2-CatGraph/results/GAC/02_template_guided_docking/complexes/GAC_117_complex.pdb,results/GAC/05_plip_interaction_graphs/plip_outputs/GAC_117/report.xml,hydrogen_bonds,O2,ASN264A,2324,hydrogen_bonds,hydrogen_bond,GLC:B:1:O2,O2,GLC,B,1
GAC_117,/home/wms/AF2-test/AF2-CatGraph/results/GAC/02_template_guided_docking/complexes/GAC_117_complex.pdb,results/GAC/05_plip_interaction_graphs/plip_outputs/GAC_117/report.xml,hydrogen_bonds,O3,GLU310A,2325,hydrogen_bonds,hydrogen_bond,GLC:B:1:O3,O3,GLC,B,1
GAC_117,/home/wms/AF2-test/AF2-CatGraph/results/GAC/02_template_guided_docking/complexes/GAC_117_complex.pdb,results/GAC/05_plip_interaction_graphs/plip_outputs/GAC_117/report.xml,hydrogen_bonds,N2,GLU310A,2322,hydrogen_bonds,hydrogen_bond,GLC:B:1:N2,N2,GLC,B,1
GAC_117,/home/wms/AF2-test/AF2-CatGraph/results/GAC/02_template_guided_docking/complexes/GAC_117_complex.pdb,results/GAC/05_plip_interaction_graphs/plip_outputs/GAC_117/report.xml,hydrogen_bonds,O2,ASN317A,2324,hydrogen_bonds,hydrogen_bond,GLC:B:1:O2,O2,GLC,B,1
GAC_117,/home/wms/AF2-test/AF2-CatGraph/results/GAC/02_template_guided_docking/complexes/GAC_117_complex.pdb,results/GAC/05_plip_interaction_graphs/plip_outputs/GAC_117/report.xml,hydrogen_bonds,O2,TYR343A,2324,hydrogen_bonds,hydrogen_bond,GLC:B:1:O2,O2,GLC,B,1
GAC_117,/home/wms/AF2-test/AF2-CatGraph/results/GAC/02_template_guided_docking/complexes/GAC_117_complex.pdb,results/GAC/05_plip_interaction_graphs/plip_outputs/GAC_117/report.xml,hydrogen_bonds,O1,TYR395A,2318,hydrogen_bonds,hydrogen_bond,GLC:B:1:O1,O1,GLC,B,1
GAC_117,/home/wms/AF2-test/AF2-CatGraph/results/GAC/02_template_guided_docking/complexes/GAC_117_complex.pdb,results/GAC/05_plip_interaction_graphs/plip_outputs/GAC_117/report.xml,hydrogen_bonds,N1,TYR395A,2316,hydrogen_bonds,hydrogen_bond,GLC:B:1:N1,N1,GLC,B,1
GAC_117,/home/wms/AF2-test/AF2-CatGraph/results/GAC/02_template_guided_docking/complexes/GAC_117_complex.pdb,results/GAC/05_plip_interaction_graphs/plip_outputs/GAC_117/report.xml,hydrogen_bonds,O1,VAL413A,2318,hydrogen_bonds,hydrogen_bond,GLC:B:1:O1,O1,GLC,B,1
GAC_118,/home/wms/AF2-test/AF2-CatGraph/results/GAC/02_template_guided_docking/complexes/GAC_118_complex.pdb,results/GAC/05_plip_interaction_graphs/plip_outputs/GAC_118/report.xml,hydrophobic_interactions,C2,VAL413A,2319,hydrophobic_interactions,hydrophobic_interaction,GLC:B:1:C2,C2,GLC,B,1
GAC_118,/home/wms/AF2-test/AF2-CatGraph/results/GAC/02_template_guided_docking/complexes/GAC_118_complex.pdb,results/GAC/05_plip_interaction_graphs/plip_outputs/GAC_118/report.xml,hydrogen_bonds,O1,SER215A,2318,hydrogen_bonds,hydrogen_bond,GLC:B:1:O1,O1,GLC,B,1
GAC_118,/home/wms/AF2-test/AF2-CatGraph/results/GAC/02_template_guided_docking/complexes/GAC_118_complex.pdb,results/GAC/05_plip_interaction_graphs/plip_outputs/GAC_118/report.xml,hydrogen_bonds,O2,ASN264A,2324,hydrogen_bonds,hydrogen_bond,GLC:B:1:O2,O2,GLC,B,1
GAC_118,/home/wms/AF2-test/AF2-CatGraph/results/GAC/02_template_guided_docking/complexes/GAC_118_complex.pdb,results/GAC/05_plip_interaction_graphs/plip_outputs/GAC_118/report.xml,hydrogen_bonds,O3,GLU310A,2325,hydrogen_bonds,hydrogen_bond,GLC:B:1:O3,O3,GLC,B,1
GAC_118,/home/wms/AF2-test/AF2-CatGraph/results/GAC/02_template_guided_docking/complexes/GAC_118_complex.pdb,results/GAC/05_plip_interaction_graphs/plip_outputs/GAC_118/report.xml,hydrogen_bonds,N2,GLU310A,2322,hydrogen_bonds,hydrogen_bond,GLC:B:1:N2,N2,GLC,B,1
GAC_118,/home/wms/AF2-test/AF2-CatGraph/results/GAC/02_template_guided_docking/complexes/GAC_118_complex.pdb,results/GAC/05_plip_interaction_graphs/plip_outputs/GAC_118/report.xml,hydrogen_bonds,O2,ASN317A,2324,hydrogen_bonds,hydrogen_bond,GLC:B:1:O2,O2,GLC,B,1
GAC_118,/home/wms/AF2-test/AF2-CatGraph/results/GAC/02_template_guided_docking/complexes/GAC_118_complex.pdb,results/GAC/05_plip_interaction_graphs/plip_outputs/GAC_118/report.xml,hydrogen_bonds,O2,TYR343A,2324,hydrogen_bonds,hydrogen_bond,GLC:B:1:O2,O2,GLC,B,1
GAC_118,/home/wms/AF2-test/AF2-CatGraph/results/GAC/02_template_guided_docking/complexes/GAC_118_complex.pdb,results/GAC/05_plip_interaction_graphs/plip_outputs/GAC_118/report.xml,hydrogen_bonds,O1,TYR395A,2318,hydrogen_bonds,hydrogen_bond,GLC:B:1:O1,O1,GLC,B,1
GAC_118,/home/wms/AF2-test/AF2-CatGraph/results/GAC/02_template_guided_docking/complexes/GAC_118_complex.pdb,results/GAC/05_plip_interaction_graphs/plip_outputs/GAC_118/report.xml,hydrogen_bonds,N1,TYR395A,2316,hydrogen_bonds,hydrogen_bond,GLC:B:1:N1,N1,GLC,B,1
GAC_118,/home/wms/AF2-test/AF2-CatGraph/results/GAC/02_template_guided_docking/complexes/GAC_118_complex.pdb,results/GAC/05_plip_interaction_graphs/plip_outputs/GAC_118/report.xml,hydrogen_bonds,O1,VAL413A,2318,hydrogen_bonds,hydrogen_bond,GLC:B:1:O1,O1,GLC,B,1
GAC_119,/home/wms/AF2-test/AF2-CatGraph/results/GAC/02_template_guided_docking/complexes/GAC_119_complex.pdb,results/GAC/05_plip_interaction_graphs/plip_outputs/GAC_119/report.xml,hydrophobic_interactions,C2,VAL413A,2319,hydrophobic_interactions,hydrophobic_interaction,GLC:B:1:C2,C2,GLC,B,1
GAC_119,/home/wms/AF2-test/AF2-CatGraph/results/GAC/02_template_guided_docking/complexes/GAC_119_complex.pdb,results/GAC/05_plip_interaction_graphs/plip_outputs/GAC_119/report.xml,hydrogen_bonds,O1,SER215A,2318,hydrogen_bonds,hydrogen_bond,GLC:B:1:O1,O1,GLC,B,1
GAC_119,/home/wms/AF2-test/AF2-CatGraph/results/GAC/02_template_guided_docking/complexes/GAC_119_complex.pdb,results/GAC/05_plip_interaction_graphs/plip_outputs/GAC_119/report.xml,hydrogen_bonds,O2,ASN264A,2324,hydrogen_bonds,hydrogen_bond,GLC:B:1:O2,O2,GLC,B,1
GAC_119,/home/wms/AF2-test/AF2-CatGraph/results/GAC/02_template_guided_docking/complexes/GAC_119_complex.pdb,results/GAC/05_plip_interaction_graphs/plip_outputs/GAC_119/report.xml,hydrogen_bonds,O3,GLU310A,2325,hydrogen_bonds,hydrogen_bond,GLC:B:1:O3,O3,GLC,B,1
GAC_119,/home/wms/AF2-test/AF2-CatGraph/results/GAC/02_template_guided_docking/complexes/GAC_119_complex.pdb,results/GAC/05_plip_interaction_graphs/plip_outputs/GAC_119/report.xml,hydrogen_bonds,N2,GLU310A,2322,hydrogen_bonds,hydrogen_bond,GLC:B:1:N2,N2,GLC,B,1
GAC_119,/home/wms/AF2-test/AF2-CatGraph/results/GAC/02_template_guided_docking/complexes/GAC_119_complex.pdb,results/GAC/05_plip_interaction_graphs/plip_outputs/GAC_119/report.xml,hydrogen_bonds,O2,ASN317A,2324,hydrogen_bonds,hydrogen_bond,GLC:B:1:O2,O2,GLC,B,1
GAC_119,/home/wms/AF2-test/AF2-CatGraph/results/GAC/02_template_guided_docking/complexes/GAC_119_complex.pdb,results/GAC/05_plip_interaction_graphs/plip_outputs/GAC_119/report.xml,hydrogen_bonds,O2,TYR343A,2324,hydrogen_bonds,hydrogen_bond,GLC:B:1:O2,O2,GLC,B,1
GAC_119,/home/wms/AF2-test/AF2-CatGraph/results/GAC/02_template_guided_docking/complexes/GAC_119_complex.pdb,results/GAC/05_plip_interaction_graphs/plip_outputs/GAC_119/report.xml,hydrogen_bonds,O1,TYR395A,2318,hydrogen_bonds,hydrogen_bond,GLC:B:1:O1,O1,GLC,B,1
GAC_119,/home/wms/AF2-test/AF2-CatGraph/results/GAC/02_template_guided_docking/complexes/GAC_119_complex.pdb,results/GAC/05_plip_interaction_graphs/plip_outputs/GAC_119/report.xml,hydrogen_bonds,N1,TYR395A,2316,hydrogen_bonds,hydrogen_bond,GLC:B:1:N1,N1,GLC,B,1
GAC_119,/home/wms/AF2-test/AF2-CatGraph/results/GAC/02_template_guided_docking/complexes/GAC_119_complex.pdb,results/GAC/05_plip_interaction_graphs/plip_outputs/GAC_119/report.xml,hydrogen_bonds,O1,VAL413A,2318,hydrogen_bonds,hydrogen_bond,GLC:B:1:O1,O1,GLC,B,1
GAC_120,/home/wms/AF2-test/AF2-CatGraph/results/GAC/02_template_guided_docking/complexes/GAC_120_complex.pdb,results/GAC/05_plip_interaction_graphs/plip_outputs/GAC_120/report.xml,hydrophobic_interactions,C2,VAL413A,2319,hydrophobic_interactions,hydrophobic_interaction,GLC:B:1:C2,C2,GLC,B,1
GAC_120,/home/wms/AF2-test/AF2-CatGraph/results/GAC/02_template_guided_docking/complexes/GAC_120_complex.pdb,results/GAC/05_plip_interaction_graphs/plip_outputs/GAC_120/report.xml,hydrogen_bonds,O1,SER215A,2318,hydrogen_bonds,hydrogen_bond,GLC:B:1:O1,O1,GLC,B,1
GAC_120,/home/wms/AF2-test/AF2-CatGraph/results/GAC/02_template_guided_docking/complexes/GAC_120_complex.pdb,results/GAC/05_plip_interaction_graphs/plip_outputs/GAC_120/report.xml,hydrogen_bonds,O2,ASN264A,2324,hydrogen_bonds,hydrogen_bond,GLC:B:1:O2,O2,GLC,B,1
GAC_120,/home/wms/AF2-test/AF2-CatGraph/results/GAC/02_template_guided_docking/complexes/GAC_120_complex.pdb,results/GAC/05_plip_interaction_graphs/plip_outputs/GAC_120/report.xml,hydrogen_bonds,O3,GLU310A,2325,hydrogen_bonds,hydrogen_bond,GLC:B:1:O3,O3,GLC,B,1
GAC_120,/home/wms/AF2-test/AF2-CatGraph/results/GAC/02_template_guided_docking/complexes/GAC_120_complex.pdb,results/GAC/05_plip_interaction_graphs/plip_outputs/GAC_120/report.xml,hydrogen_bonds,N2,GLU310A,2322,hydrogen_bonds,hydrogen_bond,GLC:B:1:N2,N2,GLC,B,1
GAC_120,/home/wms/AF2-test/AF2-CatGraph/results/GAC/02_template_guided_docking/complexes/GAC_120_complex.pdb,results/GAC/05_plip_interaction_graphs/plip_outputs/GAC_120/report.xml,hydrogen_bonds,O2,ASN317A,2324,hydrogen_bonds,hydrogen_bond,GLC:B:1:O2,O2,GLC,B,1
GAC_120,/home/wms/AF2-test/AF2-CatGraph/results/GAC/02_template_guided_docking/complexes/GAC_120_complex.pdb,results/GAC/05_plip_interaction_graphs/plip_outputs/GAC_120/report.xml,hydrogen_bonds,O2,TYR343A,2324,hydrogen_bonds,hydrogen_bond,GLC:B:1:O2,O2,GLC,B,1
GAC_120,/home/wms/AF2-test/AF2-CatGraph/results/GAC/02_template_guided_docking/complexes/GAC_120_complex.pdb,results/GAC/05_plip_interaction_graphs/plip_outputs/GAC_120/report.xml,hydrogen_bonds,O1,TYR395A,2318,hydrogen_bonds,hydrogen_bond,GLC:B:1:O1,O1,GLC,B,1
GAC_120,/home/wms/AF2-test/AF2-CatGraph/results/GAC/02_template_guided_docking/complexes/GAC_120_complex.pdb,results/GAC/05_plip_interaction_graphs/plip_outputs/GAC_120/report.xml,hydrogen_bonds,N1,TYR395A,2316,hydrogen_bonds,hydrogen_bond,GLC:B:1:N1,N1,GLC,B,1
GAC_120,/home/wms/AF2-test/AF2-CatGraph/results/GAC/02_template_guided_docking/complexes/GAC_120_complex.pdb,results/GAC/05_plip_interaction_graphs/plip_outputs/GAC_120/report.xml,hydrogen_bonds,O1,VAL413A,2318,hydrogen_bonds,hydrogen_bond,GLC:B:1:O1,O1,GLC,B,1
GAC_121,/home/wms/AF2-test/AF2-CatGraph/results/GAC/02_template_guided_docking/complexes/GAC_121_complex.pdb,results/GAC/05_plip_interaction_graphs/plip_outputs/GAC_121/report.xml,hydrophobic_interactions,C2,VAL413A,2319,hydrophobic_interactions,hydrophobic_interaction,GLC:B:1:C2,C2,GLC,B,1
GAC_121,/home/wms/AF2-test/AF2-CatGraph/results/GAC/02_template_guided_docking/complexes/GAC_121_complex.pdb,results/GAC/05_plip_interaction_graphs/plip_outputs/GAC_121/report.xml,hydrogen_bonds,O1,SER215A,2318,hydrogen_bonds,hydrogen_bond,GLC:B:1:O1,O1,GLC,B,1
GAC_121,/home/wms/AF2-test/AF2-CatGraph/results/GAC/02_template_guided_docking/complexes/GAC_121_complex.pdb,results/GAC/05_plip_interaction_graphs/plip_outputs/GAC_121/report.xml,hydrogen_bonds,O2,ASN264A,2324,hydrogen_bonds,hydrogen_bond,GLC:B:1:O2,O2,GLC,B,1
GAC_121,/home/wms/AF2-test/AF2-CatGraph/results/GAC/02_template_guided_docking/complexes/GAC_121_complex.pdb,results/GAC/05_plip_interaction_graphs/plip_outputs/GAC_121/report.xml,hydrogen_bonds,O3,GLU310A,2325,hydrogen_bonds,hydrogen_bond,GLC:B:1:O3,O3,GLC,B,1
GAC_121,/home/wms/AF2-test/AF2-CatGraph/results/GAC/02_template_guided_docking/complexes/GAC_121_complex.pdb,results/GAC/05_plip_interaction_graphs/plip_outputs/GAC_121/report.xml,hydrogen_bonds,N2,GLU310A,2322,hydrogen_bonds,hydrogen_bond,GLC:B:1:N2,N2,GLC,B,1
GAC_121,/home/wms/AF2-test/AF2-CatGraph/results/GAC/02_template_guided_docking/complexes/GAC_121_complex.pdb,results/GAC/05_plip_interaction_graphs/plip_outputs/GAC_121/report.xml,hydrogen_bonds,O2,ASN317A,2324,hydrogen_bonds,hydrogen_bond,GLC:B:1:O2,O2,GLC,B,1
GAC_121,/home/wms/AF2-test/AF2-CatGraph/results/GAC/02_template_guided_docking/complexes/GAC_121_complex.pdb,results/GAC/05_plip_interaction_graphs/plip_outputs/GAC_121/report.xml,hydrogen_bonds,O2,TYR343A,2324,hydrogen_bonds,hydrogen_bond,GLC:B:1:O2,O2,GLC,B,1
GAC_121,/home/wms/AF2-test/AF2-CatGraph/results/GAC/02_template_guided_docking/complexes/GAC_121_complex.pdb,results/GAC/05_plip_interaction_graphs/plip_outputs/GAC_121/report.xml,hydrogen_bonds,N1,TYR395A,2316,hydrogen_bonds,hydrogen_bond,GLC:B:1:N1,N1,GLC,B,1
GAC_121,/home/wms/AF2-test/AF2-CatGraph/results/GAC/02_template_guided_docking/complexes/GAC_121_complex.pdb,results/GAC/05_plip_interaction_graphs/plip_outputs/GAC_121/report.xml,hydrogen_bonds,O1,VAL413A,2318,hydrogen_bonds,hydrogen_bond,GLC:B:1:O1,O1,GLC,B,1
GAC_123,/home/wms/AF2-test/AF2-CatGraph/results/GAC/02_template_guided_docking/complexes/GAC_123_complex.pdb,results/GAC/05_plip_interaction_graphs/plip_outputs/GAC_123/report.xml,hydrophobic_interactions,C2,VAL413A,2319,hydrophobic_interactions,hydrophobic_interaction,GLC:B:1:C2,C2,GLC,B,1
GAC_123,/home/wms/AF2-test/AF2-CatGraph/results/GAC/02_template_guided_docking/complexes/GAC_123_complex.pdb,results/GAC/05_plip_interaction_graphs/plip_outputs/GAC_123/report.xml,hydrogen_bonds,O1,SER215A,2318,hydrogen_bonds,hydrogen_bond,GLC:B:1:O1,O1,GLC,B,1
GAC_123,/home/wms/AF2-test/AF2-CatGraph/results/GAC/02_template_guided_docking/complexes/GAC_123_complex.pdb,results/GAC/05_plip_interaction_graphs/plip_outputs/GAC_123/report.xml,hydrogen_bonds,O2,ASN264A,2324,hydrogen_bonds,hydrogen_bond,GLC:B:1:O2,O2,GLC,B,1
GAC_123,/home/wms/AF2-test/AF2-CatGraph/results/GAC/02_template_guided_docking/complexes/GAC_123_complex.pdb,results/GAC/05_plip_interaction_graphs/plip_outputs/GAC_123/report.xml,hydrogen_bonds,O3,GLU310A,2325,hydrogen_bonds,hydrogen_bond,GLC:B:1:O3,O3,GLC,B,1
GAC_123,/home/wms/AF2-test/AF2-CatGraph/results/GAC/02_template_guided_docking/complexes/GAC_123_complex.pdb,results/GAC/05_plip_interaction_graphs/plip_outputs/GAC_123/report.xml,hydrogen_bonds,N2,GLU310A,2322,hydrogen_bonds,hydrogen_bond,GLC:B:1:N2,N2,GLC,B,1
GAC_123,/home/wms/AF2-test/AF2-CatGraph/results/GAC/02_template_guided_docking/complexes/GAC_123_complex.pdb,results/GAC/05_plip_interaction_graphs/plip_outputs/GAC_123/report.xml,hydrogen_bonds,O2,ASN317A,2324,hydrogen_bonds,hydrogen_bond,GLC:B:1:O2,O2,GLC,B,1
GAC_123,/home/wms/AF2-test/AF2-CatGraph/results/GAC/02_template_guided_docking/complexes/GAC_123_complex.pdb,results/GAC/05_plip_interaction_graphs/plip_outputs/GAC_123/report.xml,hydrogen_bonds,O2,TYR343A,2324,hydrogen_bonds,hydrogen_bond,GLC:B:1:O2,O2,GLC,B,1
GAC_123,/home/wms/AF2-test/AF2-CatGraph/results/GAC/02_template_guided_docking/complexes/GAC_123_complex.pdb,results/GAC/05_plip_interaction_graphs/plip_outputs/GAC_123/report.xml,hydrogen_bonds,O1,TYR395A,2318,hydrogen_bonds,hydrogen_bond,GLC:B:1:O1,O1,GLC,B,1
GAC_123,/home/wms/AF2-test/AF2-CatGraph/results/GAC/02_template_guided_docking/complexes/GAC_123_complex.pdb,results/GAC/05_plip_interaction_graphs/plip_outputs/GAC_123/report.xml,hydrogen_bonds,N1,TYR395A,2316,hydrogen_bonds,hydrogen_bond,GLC:B:1:N1,N1,GLC,B,1
GAC_123,/home/wms/AF2-test/AF2-CatGraph/results/GAC/02_template_guided_docking/complexes/GAC_123_complex.pdb,results/GAC/05_plip_interaction_graphs/plip_outputs/GAC_123/report.xml,hydrogen_bonds,O1,VAL413A,2318,hydrogen_bonds,hydrogen_bond,GLC:B:1:O1,O1,GLC,B,1
GAC_124,/home/wms/AF2-test/AF2-CatGraph/results/GAC/02_template_guided_docking/complexes/GAC_124_complex.pdb,results/GAC/05_plip_interaction_graphs/plip_outputs/GAC_124/report.xml,hydrophobic_interactions,C2,VAL413A,2319,hydrophobic_interactions,hydrophobic_interaction,GLC:B:1:C2,C2,GLC,B,1
GAC_124,/home/wms/AF2-test/AF2-CatGraph/results/GAC/02_template_guided_docking/complexes/GAC_124_complex.pdb,results/GAC/05_plip_interaction_graphs/plip_outputs/GAC_124/report.xml,hydrogen_bonds,O1,SER215A,2318,hydrogen_bonds,hydrogen_bond,GLC:B:1:O1,O1,GLC,B,1
GAC_124,/home/wms/AF2-test/AF2-CatGraph/results/GAC/02_template_guided_docking/complexes/GAC_124_complex.pdb,results/GAC/05_plip_interaction_graphs/plip_outputs/GAC_124/report.xml,hydrogen_bonds,O2,ASN264A,2324,hydrogen_bonds,hydrogen_bond,GLC:B:1:O2,O2,GLC,B,1
GAC_124,/home/wms/AF2-test/AF2-CatGraph/results/GAC/02_template_guided_docking/complexes/GAC_124_complex.pdb,results/GAC/05_plip_interaction_graphs/plip_outputs/GAC_124/report.xml,hydrogen_bonds,O3,GLU310A,2325,hydrogen_bonds,hydrogen_bond,GLC:B:1:O3,O3,GLC,B,1
GAC_124,/home/wms/AF2-test/AF2-CatGraph/results/GAC/02_template_guided_docking/complexes/GAC_124_complex.pdb,results/GAC/05_plip_interaction_graphs/plip_outputs/GAC_124/report.xml,hydrogen_bonds,N2,GLU310A,2322,hydrogen_bonds,hydrogen_bond,GLC:B:1:N2,N2,GLC,B,1
GAC_124,/home/wms/AF2-test/AF2-CatGraph/results/GAC/02_template_guided_docking/complexes/GAC_124_complex.pdb,results/GAC/05_plip_interaction_graphs/plip_outputs/GAC_124/report.xml,hydrogen_bonds,O2,ASN317A,2324,hydrogen_bonds,hydrogen_bond,GLC:B:1:O2,O2,GLC,B,1
GAC_124,/home/wms/AF2-test/AF2-CatGraph/results/GAC/02_template_guided_docking/complexes/GAC_124_complex.pdb,results/GAC/05_plip_interaction_graphs/plip_outputs/GAC_124/report.xml,hydrogen_bonds,O2,TYR343A,2324,hydrogen_bonds,hydrogen_bond,GLC:B:1:O2,O2,GLC,B,1
GAC_124,/home/wms/AF2-test/AF2-CatGraph/results/GAC/02_template_guided_docking/complexes/GAC_124_complex.pdb,results/GAC/05_plip_interaction_graphs/plip_outputs/GAC_124/report.xml,hydrogen_bonds,O1,TYR395A,2318,hydrogen_bonds,hydrogen_bond,GLC:B:1:O1,O1,GLC,B,1
GAC_124,/home/wms/AF2-test/AF2-CatGraph/results/GAC/02_template_guided_docking/complexes/GAC_124_complex.pdb,results/GAC/05_plip_interaction_graphs/plip_outputs/GAC_124/report.xml,hydrogen_bonds,N1,TYR395A,2316,hydrogen_bonds,hydrogen_bond,GLC:B:1:N1,N1,GLC,B,1
GAC_124,/home/wms/AF2-test/AF2-CatGraph/results/GAC/02_template_guided_docking/complexes/GAC_124_complex.pdb,results/GAC/05_plip_interaction_graphs/plip_outputs/GAC_124/report.xml,hydrogen_bonds,O1,VAL413A,2318,hydrogen_bonds,hydrogen_bond,GLC:B:1:O1,O1,GLC,B,1
GAC_128,/home/wms/AF2-test/AF2-CatGraph/results/GAC/02_template_guided_docking/complexes/GAC_128_complex.pdb,results/GAC/05_plip_interaction_graphs/plip_outputs/GAC_128/report.xml,hydrophobic_interactions,C2,VAL413A,2319,hydrophobic_interactions,hydrophobic_interaction,GLC:B:1:C2,C2,GLC,B,1
GAC_128,/home/wms/AF2-test/AF2-CatGraph/results/GAC/02_template_guided_docking/complexes/GAC_128_complex.pdb,results/GAC/05_plip_interaction_graphs/plip_outputs/GAC_128/report.xml,hydrogen_bonds,O1,SER215A,2318,hydrogen_bonds,hydrogen_bond,GLC:B:1:O1,O1,GLC,B,1
GAC_128,/home/wms/AF2-test/AF2-CatGraph/results/GAC/02_template_guided_docking/complexes/GAC_128_complex.pdb,results/GAC/05_plip_interaction_graphs/plip_outputs/GAC_128/report.xml,hydrogen_bonds,O2,ASN264A,2324,hydrogen_bonds,hydrogen_bond,GLC:B:1:O2,O2,GLC,B,1
GAC_128,/home/wms/AF2-test/AF2-CatGraph/results/GAC/02_template_guided_docking/complexes/GAC_128_complex.pdb,results/GAC/05_plip_interaction_graphs/plip_outputs/GAC_128/report.xml,hydrogen_bonds,O3,GLU310A,2325,hydrogen_bonds,hydrogen_bond,GLC:B:1:O3,O3,GLC,B,1
GAC_128,/home/wms/AF2-test/AF2-CatGraph/results/GAC/02_template_guided_docking/complexes/GAC_128_complex.pdb,results/GAC/05_plip_interaction_graphs/plip_outputs/GAC_128/report.xml,hydrogen_bonds,N2,GLU310A,2322,hydrogen_bonds,hydrogen_bond,GLC:B:1:N2,N2,GLC,B,1
GAC_128,/home/wms/AF2-test/AF2-CatGraph/results/GAC/02_template_guided_docking/complexes/GAC_128_complex.pdb,results/GAC/05_plip_interaction_graphs/plip_outputs/GAC_128/report.xml,hydrogen_bonds,O2,ASN317A,2324,hydrogen_bonds,hydrogen_bond,GLC:B:1:O2,O2,GLC,B,1
GAC_128,/home/wms/AF2-test/AF2-CatGraph/results/GAC/02_template_guided_docking/complexes/GAC_128_complex.pdb,results/GAC/05_plip_interaction_graphs/plip_outputs/GAC_128/report.xml,hydrogen_bonds,O2,TYR343A,2324,hydrogen_bonds,hydrogen_bond,GLC:B:1:O2,O2,GLC,B,1
GAC_128,/home/wms/AF2-test/AF2-CatGraph/results/GAC/02_template_guided_docking/complexes/GAC_128_complex.pdb,results/GAC/05_plip_interaction_graphs/plip_outputs/GAC_128/report.xml,hydrogen_bonds,N2,CYS347A,2322,hydrogen_bonds,hydrogen_bond,GLC:B:1:N2,N2,GLC,B,1
GAC_128,/home/wms/AF2-test/AF2-CatGraph/results/GAC/02_template_guided_docking/complexes/GAC_128_complex.pdb,results/GAC/05_plip_interaction_graphs/plip_outputs/GAC_128/report.xml,hydrogen_bonds,O1,TYR395A,2318,hydrogen_bonds,hydrogen_bond,GLC:B:1:O1,O1,GLC,B,1
GAC_128,/home/wms/AF2-test/AF2-CatGraph/results/GAC/02_template_guided_docking/complexes/GAC_128_complex.pdb,results/GAC/05_plip_interaction_graphs/plip_outputs/GAC_128/report.xml,hydrogen_bonds,N1,TYR395A,2316,hydrogen_bonds,hydrogen_bond,GLC:B:1:N1,N1,GLC,B,1
GAC_128,/home/wms/AF2-test/AF2-CatGraph/results/GAC/02_template_guided_docking/complexes/GAC_128_complex.pdb,results/GAC/05_plip_interaction_graphs/plip_outputs/GAC_128/report.xml,hydrogen_bonds,O1,VAL413A,2318,hydrogen_bonds,hydrogen_bond,GLC:B:1:O1,O1,GLC,B,1
GAC_129,/home/wms/AF2-test/AF2-CatGraph/results/GAC/02_template_guided_docking/complexes/GAC_129_complex.pdb,results/GAC/05_plip_interaction_graphs/plip_outputs/GAC_129/report.xml,hydrophobic_interactions,C2,VAL413A,2319,hydrophobic_interactions,hydrophobic_interaction,GLC:B:1:C2,C2,GLC,B,1
GAC_129,/home/wms/AF2-test/AF2-CatGraph/results/GAC/02_template_guided_docking/complexes/GAC_129_complex.pdb,results/GAC/05_plip_interaction_graphs/plip_outputs/GAC_129/report.xml,hydrogen_bonds,O1,SER215A,2318,hydrogen_bonds,hydrogen_bond,GLC:B:1:O1,O1,GLC,B,1
GAC_129,/home/wms/AF2-test/AF2-CatGraph/results/GAC/02_template_guided_docking/complexes/GAC_129_complex.pdb,results/GAC/05_plip_interaction_graphs/plip_outputs/GAC_129/report.xml,hydrogen_bonds,O2,ASN264A,2324,hydrogen_bonds,hydrogen_bond,GLC:B:1:O2,O2,GLC,B,1
GAC_129,/home/wms/AF2-test/AF2-CatGraph/results/GAC/02_template_guided_docking/complexes/GAC_129_complex.pdb,results/GAC/05_plip_interaction_graphs/plip_outputs/GAC_129/report.xml,hydrogen_bonds,O3,GLU310A,2325,hydrogen_bonds,hydrogen_bond,GLC:B:1:O3,O3,GLC,B,1
GAC_129,/home/wms/AF2-test/AF2-CatGraph/results/GAC/02_template_guided_docking/complexes/GAC_129_complex.pdb,results/GAC/05_plip_interaction_graphs/plip_outputs/GAC_129/report.xml,hydrogen_bonds,N2,GLU310A,2322,hydrogen_bonds,hydrogen_bond,GLC:B:1:N2,N2,GLC,B,1
GAC_129,/home/wms/AF2-test/AF2-CatGraph/results/GAC/02_template_guided_docking/complexes/GAC_129_complex.pdb,results/GAC/05_plip_interaction_graphs/plip_outputs/GAC_129/report.xml,hydrogen_bonds,O2,ASN317A,2324,hydrogen_bonds,hydrogen_bond,GLC:B:1:O2,O2,GLC,B,1
GAC_129,/home/wms/AF2-test/AF2-CatGraph/results/GAC/02_template_guided_docking/complexes/GAC_129_complex.pdb,results/GAC/05_plip_interaction_graphs/plip_outputs/GAC_129/report.xml,hydrogen_bonds,O2,TYR343A,2324,hydrogen_bonds,hydrogen_bond,GLC:B:1:O2,O2,GLC,B,1
GAC_129,/home/wms/AF2-test/AF2-CatGraph/results/GAC/02_template_guided_docking/complexes/GAC_129_complex.pdb,results/GAC/05_plip_interaction_graphs/plip_outputs/GAC_129/report.xml,hydrogen_bonds,N2,CYS347A,2322,hydrogen_bonds,hydrogen_bond,GLC:B:1:N2,N2,GLC,B,1
GAC_129,/home/wms/AF2-test/AF2-CatGraph/results/GAC/02_template_guided_docking/complexes/GAC_129_complex.pdb,results/GAC/05_plip_interaction_graphs/plip_outputs/GAC_129/report.xml,hydrogen_bonds,O1,TYR395A,2318,hydrogen_bonds,hydrogen_bond,GLC:B:1:O1,O1,GLC,B,1
GAC_129,/home/wms/AF2-test/AF2-CatGraph/results/GAC/02_template_guided_docking/complexes/GAC_129_complex.pdb,results/GAC/05_plip_interaction_graphs/plip_outputs/GAC_129/report.xml,hydrogen_bonds,N1,TYR395A,2316,hydrogen_bonds,hydrogen_bond,GLC:B:1:N1,N1,GLC,B,1
GAC_129,/home/wms/AF2-test/AF2-CatGraph/results/GAC/02_template_guided_docking/complexes/GAC_129_complex.pdb,results/GAC/05_plip_interaction_graphs/plip_outputs/GAC_129/report.xml,hydrogen_bonds,O1,VAL413A,2318,hydrogen_bonds,hydrogen_bond,GLC:B:1:O1,O1,GLC,B,1
GAC_130,/home/wms/AF2-test/AF2-CatGraph/results/GAC/02_template_guided_docking/complexes/GAC_130_complex.pdb,results/GAC/05_plip_interaction_graphs/plip_outputs/GAC_130/report.xml,hydrophobic_interactions,C2,VAL413A,2319,hydrophobic_interactions,hydrophobic_interaction,GLC:B:1:C2,C2,GLC,B,1
GAC_130,/home/wms/AF2-test/AF2-CatGraph/results/GAC/02_template_guided_docking/complexes/GAC_130_complex.pdb,results/GAC/05_plip_interaction_graphs/plip_outputs/GAC_130/report.xml,hydrogen_bonds,O1,SER215A,2318,hydrogen_bonds,hydrogen_bond,GLC:B:1:O1,O1,GLC,B,1
GAC_130,/home/wms/AF2-test/AF2-CatGraph/results/GAC/02_template_guided_docking/complexes/GAC_130_complex.pdb,results/GAC/05_plip_interaction_graphs/plip_outputs/GAC_130/report.xml,hydrogen_bonds,O2,ASN264A,2324,hydrogen_bonds,hydrogen_bond,GLC:B:1:O2,O2,GLC,B,1
GAC_130,/home/wms/AF2-test/AF2-CatGraph/results/GAC/02_template_guided_docking/complexes/GAC_130_complex.pdb,results/GAC/05_plip_interaction_graphs/plip_outputs/GAC_130/report.xml,hydrogen_bonds,O3,GLU310A,2325,hydrogen_bonds,hydrogen_bond,GLC:B:1:O3,O3,GLC,B,1
GAC_130,/home/wms/AF2-test/AF2-CatGraph/results/GAC/02_template_guided_docking/complexes/GAC_130_complex.pdb,results/GAC/05_plip_interaction_graphs/plip_outputs/GAC_130/report.xml,hydrogen_bonds,N2,GLU310A,2322,hydrogen_bonds,hydrogen_bond,GLC:B:1:N2,N2,GLC,B,1
GAC_130,/home/wms/AF2-test/AF2-CatGraph/results/GAC/02_template_guided_docking/complexes/GAC_130_complex.pdb,results/GAC/05_plip_interaction_graphs/plip_outputs/GAC_130/report.xml,hydrogen_bonds,O2,ASN317A,2324,hydrogen_bonds,hydrogen_bond,GLC:B:1:O2,O2,GLC,B,1
GAC_130,/home/wms/AF2-test/AF2-CatGraph/results/GAC/02_template_guided_docking/complexes/GAC_130_complex.pdb,results/GAC/05_plip_interaction_graphs/plip_outputs/GAC_130/report.xml,hydrogen_bonds,O2,TYR343A,2324,hydrogen_bonds,hydrogen_bond,GLC:B:1:O2,O2,GLC,B,1
GAC_130,/home/wms/AF2-test/AF2-CatGraph/results/GAC/02_template_guided_docking/complexes/GAC_130_complex.pdb,results/GAC/05_plip_interaction_graphs/plip_outputs/GAC_130/report.xml,hydrogen_bonds,O1,TYR395A,2318,hydrogen_bonds,hydrogen_bond,GLC:B:1:O1,O1,GLC,B,1
GAC_130,/home/wms/AF2-test/AF2-CatGraph/results/GAC/02_template_guided_docking/complexes/GAC_130_complex.pdb,results/GAC/05_plip_interaction_graphs/plip_outputs/GAC_130/report.xml,hydrogen_bonds,N1,TYR395A,2316,hydrogen_bonds,hydrogen_bond,GLC:B:1:N1,N1,GLC,B,1
GAC_130,/home/wms/AF2-test/AF2-CatGraph/results/GAC/02_template_guided_docking/complexes/GAC_130_complex.pdb,results/GAC/05_plip_interaction_graphs/plip_outputs/GAC_130/report.xml,hydrogen_bonds,O1,VAL413A,2318,hydrogen_bonds,hydrogen_bond,GLC:B:1:O1,O1,GLC,B,1
GAC_131,/home/wms/AF2-test/AF2-CatGraph/results/GAC/02_template_guided_docking/complexes/GAC_131_complex.pdb,results/GAC/05_plip_interaction_graphs/plip_outputs/GAC_131/report.xml,hydrophobic_interactions,C2,VAL413A,2319,hydrophobic_interactions,hydrophobic_interaction,GLC:B:1:C2,C2,GLC,B,1
GAC_131,/home/wms/AF2-test/AF2-CatGraph/results/GAC/02_template_guided_docking/complexes/GAC_131_complex.pdb,results/GAC/05_plip_interaction_graphs/plip_outputs/GAC_131/report.xml,hydrogen_bonds,O1,SER215A,2318,hydrogen_bonds,hydrogen_bond,GLC:B:1:O1,O1,GLC,B,1
GAC_131,/home/wms/AF2-test/AF2-CatGraph/results/GAC/02_template_guided_docking/complexes/GAC_131_complex.pdb,results/GAC/05_plip_interaction_graphs/plip_outputs/GAC_131/report.xml,hydrogen_bonds,O2,ASN264A,2324,hydrogen_bonds,hydrogen_bond,GLC:B:1:O2,O2,GLC,B,1
GAC_131,/home/wms/AF2-test/AF2-CatGraph/results/GAC/02_template_guided_docking/complexes/GAC_131_complex.pdb,results/GAC/05_plip_interaction_graphs/plip_outputs/GAC_131/report.xml,hydrogen_bonds,O3,GLU310A,2325,hydrogen_bonds,hydrogen_bond,GLC:B:1:O3,O3,GLC,B,1
GAC_131,/home/wms/AF2-test/AF2-CatGraph/results/GAC/02_template_guided_docking/complexes/GAC_131_complex.pdb,results/GAC/05_plip_interaction_graphs/plip_outputs/GAC_131/report.xml,hydrogen_bonds,N2,GLU310A,2322,hydrogen_bonds,hydrogen_bond,GLC:B:1:N2,N2,GLC,B,1
GAC_131,/home/wms/AF2-test/AF2-CatGraph/results/GAC/02_template_guided_docking/complexes/GAC_131_complex.pdb,results/GAC/05_plip_interaction_graphs/plip_outputs/GAC_131/report.xml,hydrogen_bonds,O2,ASN317A,2324,hydrogen_bonds,hydrogen_bond,GLC:B:1:O2,O2,GLC,B,1
GAC_131,/home/wms/AF2-test/AF2-CatGraph/results/GAC/02_template_guided_docking/complexes/GAC_131_complex.pdb,results/GAC/05_plip_interaction_graphs/plip_outputs/GAC_131/report.xml,hydrogen_bonds,O2,TYR343A,2324,hydrogen_bonds,hydrogen_bond,GLC:B:1:O2,O2,GLC,B,1
GAC_131,/home/wms/AF2-test/AF2-CatGraph/results/GAC/02_template_guided_docking/complexes/GAC_131_complex.pdb,results/GAC/05_plip_interaction_graphs/plip_outputs/GAC_131/report.xml,hydrogen_bonds,O1,TYR395A,2318,hydrogen_bonds,hydrogen_bond,GLC:B:1:O1,O1,GLC,B,1
GAC_131,/home/wms/AF2-test/AF2-CatGraph/results/GAC/02_template_guided_docking/complexes/GAC_131_complex.pdb,results/GAC/05_plip_interaction_graphs/plip_outputs/GAC_131/report.xml,hydrogen_bonds,N1,TYR395A,2316,hydrogen_bonds,hydrogen_bond,GLC:B:1:N1,N1,GLC,B,1
GAC_131,/home/wms/AF2-test/AF2-CatGraph/results/GAC/02_template_guided_docking/complexes/GAC_131_complex.pdb,results/GAC/05_plip_interaction_graphs/plip_outputs/GAC_131/report.xml,hydrogen_bonds,O1,VAL413A,2318,hydrogen_bonds,hydrogen_bond,GLC:B:1:O1,O1,GLC,B,1
GAC_132,/home/wms/AF2-test/AF2-CatGraph/results/GAC/02_template_guided_docking/complexes/GAC_132_complex.pdb,results/GAC/05_plip_interaction_graphs/plip_outputs/GAC_132/report.xml,hydrophobic_interactions,C2,VAL413A,2319,hydrophobic_interactions,hydrophobic_interaction,GLC:B:1:C2,C2,GLC,B,1
GAC_132,/home/wms/AF2-test/AF2-CatGraph/results/GAC/02_template_guided_docking/complexes/GAC_132_complex.pdb,results/GAC/05_plip_interaction_graphs/plip_outputs/GAC_132/report.xml,hydrogen_bonds,O1,SER215A,2318,hydrogen_bonds,hydrogen_bond,GLC:B:1:O1,O1,GLC,B,1
GAC_132,/home/wms/AF2-test/AF2-CatGraph/results/GAC/02_template_guided_docking/complexes/GAC_132_complex.pdb,results/GAC/05_plip_interaction_graphs/plip_outputs/GAC_132/report.xml,hydrogen_bonds,O2,ASN264A,2324,hydrogen_bonds,hydrogen_bond,GLC:B:1:O2,O2,GLC,B,1
GAC_132,/home/wms/AF2-test/AF2-CatGraph/results/GAC/02_template_guided_docking/complexes/GAC_132_complex.pdb,results/GAC/05_plip_interaction_graphs/plip_outputs/GAC_132/report.xml,hydrogen_bonds,O3,GLU310A,2325,hydrogen_bonds,hydrogen_bond,GLC:B:1:O3,O3,GLC,B,1
GAC_132,/home/wms/AF2-test/AF2-CatGraph/results/GAC/02_template_guided_docking/complexes/GAC_132_complex.pdb,results/GAC/05_plip_interaction_graphs/plip_outputs/GAC_132/report.xml,hydrogen_bonds,N2,GLU310A,2322,hydrogen_bonds,hydrogen_bond,GLC:B:1:N2,N2,GLC,B,1
GAC_132,/home/wms/AF2-test/AF2-CatGraph/results/GAC/02_template_guided_docking/complexes/GAC_132_complex.pdb,results/GAC/05_plip_interaction_graphs/plip_outputs/GAC_132/report.xml,hydrogen_bonds,O2,ASN317A,2324,hydrogen_bonds,hydrogen_bond,GLC:B:1:O2,O2,GLC,B,1
GAC_132,/home/wms/AF2-test/AF2-CatGraph/results/GAC/02_template_guided_docking/complexes/GAC_132_complex.pdb,results/GAC/05_plip_interaction_graphs/plip_outputs/GAC_132/report.xml,hydrogen_bonds,O2,TYR343A,2324,hydrogen_bonds,hydrogen_bond,GLC:B:1:O2,O2,GLC,B,1
GAC_132,/home/wms/AF2-test/AF2-CatGraph/results/GAC/02_template_guided_docking/complexes/GAC_132_complex.pdb,results/GAC/05_plip_interaction_graphs/plip_outputs/GAC_132/report.xml,hydrogen_bonds,O1,TYR395A,2318,hydrogen_bonds,hydrogen_bond,GLC:B:1:O1,O1,GLC,B,1
GAC_132,/home/wms/AF2-test/AF2-CatGraph/results/GAC/02_template_guided_docking/complexes/GAC_132_complex.pdb,results/GAC/05_plip_interaction_graphs/plip_outputs/GAC_132/report.xml,hydrogen_bonds,N1,TYR395A,2316,hydrogen_bonds,hydrogen_bond,GLC:B:1:N1,N1,GLC,B,1
GAC_132,/home/wms/AF2-test/AF2-CatGraph/results/GAC/02_template_guided_docking/complexes/GAC_132_complex.pdb,results/GAC/05_plip_interaction_graphs/plip_outputs/GAC_132/report.xml,hydrogen_bonds,O1,VAL413A,2318,hydrogen_bonds,hydrogen_bond,GLC:B:1:O1,O1,GLC,B,1
GAC_133,/home/wms/AF2-test/AF2-CatGraph/results/GAC/02_template_guided_docking/complexes/GAC_133_complex.pdb,results/GAC/05_plip_interaction_graphs/plip_outputs/GAC_133/report.xml,hydrophobic_interactions,C2,VAL413A,2319,hydrophobic_interactions,hydrophobic_interaction,GLC:B:1:C2,C2,GLC,B,1
GAC_133,/home/wms/AF2-test/AF2-CatGraph/results/GAC/02_template_guided_docking/complexes/GAC_133_complex.pdb,results/GAC/05_plip_interaction_graphs/plip_outputs/GAC_133/report.xml,hydrogen_bonds,O1,SER215A,2318,hydrogen_bonds,hydrogen_bond,GLC:B:1:O1,O1,GLC,B,1
GAC_133,/home/wms/AF2-test/AF2-CatGraph/results/GAC/02_template_guided_docking/complexes/GAC_133_complex.pdb,results/GAC/05_plip_interaction_graphs/plip_outputs/GAC_133/report.xml,hydrogen_bonds,O2,ASN264A,2324,hydrogen_bonds,hydrogen_bond,GLC:B:1:O2,O2,GLC,B,1
GAC_133,/home/wms/AF2-test/AF2-CatGraph/results/GAC/02_template_guided_docking/complexes/GAC_133_complex.pdb,results/GAC/05_plip_interaction_graphs/plip_outputs/GAC_133/report.xml,hydrogen_bonds,O3,GLU310A,2325,hydrogen_bonds,hydrogen_bond,GLC:B:1:O3,O3,GLC,B,1
GAC_133,/home/wms/AF2-test/AF2-CatGraph/results/GAC/02_template_guided_docking/complexes/GAC_133_complex.pdb,results/GAC/05_plip_interaction_graphs/plip_outputs/GAC_133/report.xml,hydrogen_bonds,N2,GLU310A,2322,hydrogen_bonds,hydrogen_bond,GLC:B:1:N2,N2,GLC,B,1
GAC_133,/home/wms/AF2-test/AF2-CatGraph/results/GAC/02_template_guided_docking/complexes/GAC_133_complex.pdb,results/GAC/05_plip_interaction_graphs/plip_outputs/GAC_133/report.xml,hydrogen_bonds,O2,ASN317A,2324,hydrogen_bonds,hydrogen_bond,GLC:B:1:O2,O2,GLC,B,1
GAC_133,/home/wms/AF2-test/AF2-CatGraph/results/GAC/02_template_guided_docking/complexes/GAC_133_complex.pdb,results/GAC/05_plip_interaction_graphs/plip_outputs/GAC_133/report.xml,hydrogen_bonds,O2,TYR343A,2324,hydrogen_bonds,hydrogen_bond,GLC:B:1:O2,O2,GLC,B,1
GAC_133,/home/wms/AF2-test/AF2-CatGraph/results/GAC/02_template_guided_docking/complexes/GAC_133_complex.pdb,results/GAC/05_plip_interaction_graphs/plip_outputs/GAC_133/report.xml,hydrogen_bonds,O1,TYR395A,2318,hydrogen_bonds,hydrogen_bond,GLC:B:1:O1,O1,GLC,B,1
GAC_133,/home/wms/AF2-test/AF2-CatGraph/results/GAC/02_template_guided_docking/complexes/GAC_133_complex.pdb,results/GAC/05_plip_interaction_graphs/plip_outputs/GAC_133/report.xml,hydrogen_bonds,N1,TYR395A,2316,hydrogen_bonds,hydrogen_bond,GLC:B:1:N1,N1,GLC,B,1
GAC_133,/home/wms/AF2-test/AF2-CatGraph/results/GAC/02_template_guided_docking/complexes/GAC_133_complex.pdb,results/GAC/05_plip_interaction_graphs/plip_outputs/GAC_133/report.xml,hydrogen_bonds,O1,VAL413A,2318,hydrogen_bonds,hydrogen_bond,GLC:B:1:O1,O1,GLC,B,1
GAC_134,/home/wms/AF2-test/AF2-CatGraph/results/GAC/02_template_guided_docking/complexes/GAC_134_complex.pdb,results/GAC/05_plip_interaction_graphs/plip_outputs/GAC_134/report.xml,hydrophobic_interactions,C2,VAL413A,2319,hydrophobic_interactions,hydrophobic_interaction,GLC:B:1:C2,C2,GLC,B,1
GAC_134,/home/wms/AF2-test/AF2-CatGraph/results/GAC/02_template_guided_docking/complexes/GAC_134_complex.pdb,results/GAC/05_plip_interaction_graphs/plip_outputs/GAC_134/report.xml,hydrogen_bonds,O1,SER215A,2318,hydrogen_bonds,hydrogen_bond,GLC:B:1:O1,O1,GLC,B,1
GAC_134,/home/wms/AF2-test/AF2-CatGraph/results/GAC/02_template_guided_docking/complexes/GAC_134_complex.pdb,results/GAC/05_plip_interaction_graphs/plip_outputs/GAC_134/report.xml,hydrogen_bonds,O2,ASN264A,2324,hydrogen_bonds,hydrogen_bond,GLC:B:1:O2,O2,GLC,B,1
GAC_134,/home/wms/AF2-test/AF2-CatGraph/results/GAC/02_template_guided_docking/complexes/GAC_134_complex.pdb,results/GAC/05_plip_interaction_graphs/plip_outputs/GAC_134/report.xml,hydrogen_bonds,O3,GLU310A,2325,hydrogen_bonds,hydrogen_bond,GLC:B:1:O3,O3,GLC,B,1
GAC_134,/home/wms/AF2-test/AF2-CatGraph/results/GAC/02_template_guided_docking/complexes/GAC_134_complex.pdb,results/GAC/05_plip_interaction_graphs/plip_outputs/GAC_134/report.xml,hydrogen_bonds,N2,GLU310A,2322,hydrogen_bonds,hydrogen_bond,GLC:B:1:N2,N2,GLC,B,1
GAC_134,/home/wms/AF2-test/AF2-CatGraph/results/GAC/02_template_guided_docking/complexes/GAC_134_complex.pdb,results/GAC/05_plip_interaction_graphs/plip_outputs/GAC_134/report.xml,hydrogen_bonds,O2,ASN317A,2324,hydrogen_bonds,hydrogen_bond,GLC:B:1:O2,O2,GLC,B,1
GAC_134,/home/wms/AF2-test/AF2-CatGraph/results/GAC/02_template_guided_docking/complexes/GAC_134_complex.pdb,results/GAC/05_plip_interaction_graphs/plip_outputs/GAC_134/report.xml,hydrogen_bonds,O2,TYR343A,2324,hydrogen_bonds,hydrogen_bond,GLC:B:1:O2,O2,GLC,B,1
GAC_134,/home/wms/AF2-test/AF2-CatGraph/results/GAC/02_template_guided_docking/complexes/GAC_134_complex.pdb,results/GAC/05_plip_interaction_graphs/plip_outputs/GAC_134/report.xml,hydrogen_bonds,O1,TYR395A,2318,hydrogen_bonds,hydrogen_bond,GLC:B:1:O1,O1,GLC,B,1
GAC_134,/home/wms/AF2-test/AF2-CatGraph/results/GAC/02_template_guided_docking/complexes/GAC_134_complex.pdb,results/GAC/05_plip_interaction_graphs/plip_outputs/GAC_134/report.xml,hydrogen_bonds,N1,TYR395A,2316,hydrogen_bonds,hydrogen_bond,GLC:B:1:N1,N1,GLC,B,1
GAC_134,/home/wms/AF2-test/AF2-CatGraph/results/GAC/02_template_guided_docking/complexes/GAC_134_complex.pdb,results/GAC/05_plip_interaction_graphs/plip_outputs/GAC_134/report.xml,hydrogen_bonds,O1,VAL413A,2318,hydrogen_bonds,hydrogen_bond,GLC:B:1:O1,O1,GLC,B,1
GAC_135,/home/wms/AF2-test/AF2-CatGraph/results/GAC/02_template_guided_docking/complexes/GAC_135_complex.pdb,results/GAC/05_plip_interaction_graphs/plip_outputs/GAC_135/report.xml,hydrophobic_interactions,C2,VAL413A,2319,hydrophobic_interactions,hydrophobic_interaction,GLC:B:1:C2,C2,GLC,B,1
GAC_135,/home/wms/AF2-test/AF2-CatGraph/results/GAC/02_template_guided_docking/complexes/GAC_135_complex.pdb,results/GAC/05_plip_interaction_graphs/plip_outputs/GAC_135/report.xml,hydrogen_bonds,O1,SER215A,2318,hydrogen_bonds,hydrogen_bond,GLC:B:1:O1,O1,GLC,B,1
GAC_135,/home/wms/AF2-test/AF2-CatGraph/results/GAC/02_template_guided_docking/complexes/GAC_135_complex.pdb,results/GAC/05_plip_interaction_graphs/plip_outputs/GAC_135/report.xml,hydrogen_bonds,O2,ASN264A,2324,hydrogen_bonds,hydrogen_bond,GLC:B:1:O2,O2,GLC,B,1
GAC_135,/home/wms/AF2-test/AF2-CatGraph/results/GAC/02_template_guided_docking/complexes/GAC_135_complex.pdb,results/GAC/05_plip_interaction_graphs/plip_outputs/GAC_135/report.xml,hydrogen_bonds,O3,GLU310A,2325,hydrogen_bonds,hydrogen_bond,GLC:B:1:O3,O3,GLC,B,1
GAC_135,/home/wms/AF2-test/AF2-CatGraph/results/GAC/02_template_guided_docking/complexes/GAC_135_complex.pdb,results/GAC/05_plip_interaction_graphs/plip_outputs/GAC_135/report.xml,hydrogen_bonds,N2,GLU310A,2322,hydrogen_bonds,hydrogen_bond,GLC:B:1:N2,N2,GLC,B,1
GAC_135,/home/wms/AF2-test/AF2-CatGraph/results/GAC/02_template_guided_docking/complexes/GAC_135_complex.pdb,results/GAC/05_plip_interaction_graphs/plip_outputs/GAC_135/report.xml,hydrogen_bonds,O2,ASN317A,2324,hydrogen_bonds,hydrogen_bond,GLC:B:1:O2,O2,GLC,B,1
GAC_135,/home/wms/AF2-test/AF2-CatGraph/results/GAC/02_template_guided_docking/complexes/GAC_135_complex.pdb,results/GAC/05_plip_interaction_graphs/plip_outputs/GAC_135/report.xml,hydrogen_bonds,O2,TYR343A,2324,hydrogen_bonds,hydrogen_bond,GLC:B:1:O2,O2,GLC,B,1
GAC_135,/home/wms/AF2-test/AF2-CatGraph/results/GAC/02_template_guided_docking/complexes/GAC_135_complex.pdb,results/GAC/05_plip_interaction_graphs/plip_outputs/GAC_135/report.xml,hydrogen_bonds,O1,TYR395A,2318,hydrogen_bonds,hydrogen_bond,GLC:B:1:O1,O1,GLC,B,1
GAC_135,/home/wms/AF2-test/AF2-CatGraph/results/GAC/02_template_guided_docking/complexes/GAC_135_complex.pdb,results/GAC/05_plip_interaction_graphs/plip_outputs/GAC_135/report.xml,hydrogen_bonds,N1,TYR395A,2316,hydrogen_bonds,hydrogen_bond,GLC:B:1:N1,N1,GLC,B,1
GAC_135,/home/wms/AF2-test/AF2-CatGraph/results/GAC/02_template_guided_docking/complexes/GAC_135_complex.pdb,results/GAC/05_plip_interaction_graphs/plip_outputs/GAC_135/report.xml,hydrogen_bonds,O1,VAL413A,2318,hydrogen_bonds,hydrogen_bond,GLC:B:1:O1,O1,GLC,B,1
GAC_136,/home/wms/AF2-test/AF2-CatGraph/results/GAC/02_template_guided_docking/complexes/GAC_136_complex.pdb,results/GAC/05_plip_interaction_graphs/plip_outputs/GAC_136/report.xml,hydrophobic_interactions,C2,VAL413A,2319,hydrophobic_interactions,hydrophobic_interaction,GLC:B:1:C2,C2,GLC,B,1
GAC_136,/home/wms/AF2-test/AF2-CatGraph/results/GAC/02_template_guided_docking/complexes/GAC_136_complex.pdb,results/GAC/05_plip_interaction_graphs/plip_outputs/GAC_136/report.xml,hydrogen_bonds,O1,SER215A,2318,hydrogen_bonds,hydrogen_bond,GLC:B:1:O1,O1,GLC,B,1
GAC_136,/home/wms/AF2-test/AF2-CatGraph/results/GAC/02_template_guided_docking/complexes/GAC_136_complex.pdb,results/GAC/05_plip_interaction_graphs/plip_outputs/GAC_136/report.xml,hydrogen_bonds,O2,ASN264A,2324,hydrogen_bonds,hydrogen_bond,GLC:B:1:O2,O2,GLC,B,1
GAC_136,/home/wms/AF2-test/AF2-CatGraph/results/GAC/02_template_guided_docking/complexes/GAC_136_complex.pdb,results/GAC/05_plip_interaction_graphs/plip_outputs/GAC_136/report.xml,hydrogen_bonds,O3,GLU310A,2325,hydrogen_bonds,hydrogen_bond,GLC:B:1:O3,O3,GLC,B,1
GAC_136,/home/wms/AF2-test/AF2-CatGraph/results/GAC/02_template_guided_docking/complexes/GAC_136_complex.pdb,results/GAC/05_plip_interaction_graphs/plip_outputs/GAC_136/report.xml,hydrogen_bonds,N2,GLU310A,2322,hydrogen_bonds,hydrogen_bond,GLC:B:1:N2,N2,GLC,B,1
GAC_136,/home/wms/AF2-test/AF2-CatGraph/results/GAC/02_template_guided_docking/complexes/GAC_136_complex.pdb,results/GAC/05_plip_interaction_graphs/plip_outputs/GAC_136/report.xml,hydrogen_bonds,O2,ASN317A,2324,hydrogen_bonds,hydrogen_bond,GLC:B:1:O2,O2,GLC,B,1
GAC_136,/home/wms/AF2-test/AF2-CatGraph/results/GAC/02_template_guided_docking/complexes/GAC_136_complex.pdb,results/GAC/05_plip_interaction_graphs/plip_outputs/GAC_136/report.xml,hydrogen_bonds,O2,TYR343A,2324,hydrogen_bonds,hydrogen_bond,GLC:B:1:O2,O2,GLC,B,1
GAC_136,/home/wms/AF2-test/AF2-CatGraph/results/GAC/02_template_guided_docking/complexes/GAC_136_complex.pdb,results/GAC/05_plip_interaction_graphs/plip_outputs/GAC_136/report.xml,hydrogen_bonds,N1,TYR395A,2316,hydrogen_bonds,hydrogen_bond,GLC:B:1:N1,N1,GLC,B,1
GAC_136,/home/wms/AF2-test/AF2-CatGraph/results/GAC/02_template_guided_docking/complexes/GAC_136_complex.pdb,results/GAC/05_plip_interaction_graphs/plip_outputs/GAC_136/report.xml,hydrogen_bonds,O1,VAL413A,2318,hydrogen_bonds,hydrogen_bond,GLC:B:1:O1,O1,GLC,B,1
GAC_137,/home/wms/AF2-test/AF2-CatGraph/results/GAC/02_template_guided_docking/complexes/GAC_137_complex.pdb,results/GAC/05_plip_interaction_graphs/plip_outputs/GAC_137/report.xml,hydrophobic_interactions,C2,VAL413A,2319,hydrophobic_interactions,hydrophobic_interaction,GLC:B:1:C2,C2,GLC,B,1
GAC_137,/home/wms/AF2-test/AF2-CatGraph/results/GAC/02_template_guided_docking/complexes/GAC_137_complex.pdb,results/GAC/05_plip_interaction_graphs/plip_outputs/GAC_137/report.xml,hydrogen_bonds,O1,SER215A,2318,hydrogen_bonds,hydrogen_bond,GLC:B:1:O1,O1,GLC,B,1
GAC_137,/home/wms/AF2-test/AF2-CatGraph/results/GAC/02_template_guided_docking/complexes/GAC_137_complex.pdb,results/GAC/05_plip_interaction_graphs/plip_outputs/GAC_137/report.xml,hydrogen_bonds,O2,ASN264A,2324,hydrogen_bonds,hydrogen_bond,GLC:B:1:O2,O2,GLC,B,1
GAC_137,/home/wms/AF2-test/AF2-CatGraph/results/GAC/02_template_guided_docking/complexes/GAC_137_complex.pdb,results/GAC/05_plip_interaction_graphs/plip_outputs/GAC_137/report.xml,hydrogen_bonds,O3,GLU310A,2325,hydrogen_bonds,hydrogen_bond,GLC:B:1:O3,O3,GLC,B,1
GAC_137,/home/wms/AF2-test/AF2-CatGraph/results/GAC/02_template_guided_docking/complexes/GAC_137_complex.pdb,results/GAC/05_plip_interaction_graphs/plip_outputs/GAC_137/report.xml,hydrogen_bonds,N2,GLU310A,2322,hydrogen_bonds,hydrogen_bond,GLC:B:1:N2,N2,GLC,B,1
GAC_137,/home/wms/AF2-test/AF2-CatGraph/results/GAC/02_template_guided_docking/complexes/GAC_137_complex.pdb,results/GAC/05_plip_interaction_graphs/plip_outputs/GAC_137/report.xml,hydrogen_bonds,O2,ASN317A,2324,hydrogen_bonds,hydrogen_bond,GLC:B:1:O2,O2,GLC,B,1
GAC_137,/home/wms/AF2-test/AF2-CatGraph/results/GAC/02_template_guided_docking/complexes/GAC_137_complex.pdb,results/GAC/05_plip_interaction_graphs/plip_outputs/GAC_137/report.xml,hydrogen_bonds,O2,TYR343A,2324,hydrogen_bonds,hydrogen_bond,GLC:B:1:O2,O2,GLC,B,1
GAC_137,/home/wms/AF2-test/AF2-CatGraph/results/GAC/02_template_guided_docking/complexes/GAC_137_complex.pdb,results/GAC/05_plip_interaction_graphs/plip_outputs/GAC_137/report.xml,hydrogen_bonds,O1,TYR395A,2318,hydrogen_bonds,hydrogen_bond,GLC:B:1:O1,O1,GLC,B,1
GAC_137,/home/wms/AF2-test/AF2-CatGraph/results/GAC/02_template_guided_docking/complexes/GAC_137_complex.pdb,results/GAC/05_plip_interaction_graphs/plip_outputs/GAC_137/report.xml,hydrogen_bonds,N1,TYR395A,2316,hydrogen_bonds,hydrogen_bond,GLC:B:1:N1,N1,GLC,B,1
GAC_137,/home/wms/AF2-test/AF2-CatGraph/results/GAC/02_template_guided_docking/complexes/GAC_137_complex.pdb,results/GAC/05_plip_interaction_graphs/plip_outputs/GAC_137/report.xml,hydrogen_bonds,O1,VAL413A,2318,hydrogen_bonds,hydrogen_bond,GLC:B:1:O1,O1,GLC,B,1
GAC_139,/home/wms/AF2-test/AF2-CatGraph/results/GAC/02_template_guided_docking/complexes/GAC_139_complex.pdb,results/GAC/05_plip_interaction_graphs/plip_outputs/GAC_139/report.xml,hydrophobic_interactions,C2,VAL413A,2319,hydrophobic_interactions,hydrophobic_interaction,GLC:B:1:C2,C2,GLC,B,1
GAC_139,/home/wms/AF2-test/AF2-CatGraph/results/GAC/02_template_guided_docking/complexes/GAC_139_complex.pdb,results/GAC/05_plip_interaction_graphs/plip_outputs/GAC_139/report.xml,hydrogen_bonds,N2,TYR178A,2322,hydrogen_bonds,hydrogen_bond,GLC:B:1:N2,N2,GLC,B,1
GAC_139,/home/wms/AF2-test/AF2-CatGraph/results/GAC/02_template_guided_docking/complexes/GAC_139_complex.pdb,results/GAC/05_plip_interaction_graphs/plip_outputs/GAC_139/report.xml,hydrogen_bonds,O1,SER215A,2318,hydrogen_bonds,hydrogen_bond,GLC:B:1:O1,O1,GLC,B,1
GAC_139,/home/wms/AF2-test/AF2-CatGraph/results/GAC/02_template_guided_docking/complexes/GAC_139_complex.pdb,results/GAC/05_plip_interaction_graphs/plip_outputs/GAC_139/report.xml,hydrogen_bonds,O2,ASN264A,2324,hydrogen_bonds,hydrogen_bond,GLC:B:1:O2,O2,GLC,B,1
GAC_139,/home/wms/AF2-test/AF2-CatGraph/results/GAC/02_template_guided_docking/complexes/GAC_139_complex.pdb,results/GAC/05_plip_interaction_graphs/plip_outputs/GAC_139/report.xml,hydrogen_bonds,O3,GLU310A,2325,hydrogen_bonds,hydrogen_bond,GLC:B:1:O3,O3,GLC,B,1
GAC_139,/home/wms/AF2-test/AF2-CatGraph/results/GAC/02_template_guided_docking/complexes/GAC_139_complex.pdb,results/GAC/05_plip_interaction_graphs/plip_outputs/GAC_139/report.xml,hydrogen_bonds,N2,GLU310A,2322,hydrogen_bonds,hydrogen_bond,GLC:B:1:N2,N2,GLC,B,1
GAC_139,/home/wms/AF2-test/AF2-CatGraph/results/GAC/02_template_guided_docking/complexes/GAC_139_complex.pdb,results/GAC/05_plip_interaction_graphs/plip_outputs/GAC_139/report.xml,hydrogen_bonds,O2,ASN317A,2324,hydrogen_bonds,hydrogen_bond,GLC:B:1:O2,O2,GLC,B,1
GAC_139,/home/wms/AF2-test/AF2-CatGraph/results/GAC/02_template_guided_docking/complexes/GAC_139_complex.pdb,results/GAC/05_plip_interaction_graphs/plip_outputs/GAC_139/report.xml,hydrogen_bonds,O2,TYR343A,2324,hydrogen_bonds,hydrogen_bond,GLC:B:1:O2,O2,GLC,B,1
GAC_139,/home/wms/AF2-test/AF2-CatGraph/results/GAC/02_template_guided_docking/complexes/GAC_139_complex.pdb,results/GAC/05_plip_interaction_graphs/plip_outputs/GAC_139/report.xml,hydrogen_bonds,O1,TYR395A,2318,hydrogen_bonds,hydrogen_bond,GLC:B:1:O1,O1,GLC,B,1
GAC_139,/home/wms/AF2-test/AF2-CatGraph/results/GAC/02_template_guided_docking/complexes/GAC_139_complex.pdb,results/GAC/05_plip_interaction_graphs/plip_outputs/GAC_139/report.xml,hydrogen_bonds,N1,TYR395A,2316,hydrogen_bonds,hydrogen_bond,GLC:B:1:N1,N1,GLC,B,1
GAC_139,/home/wms/AF2-test/AF2-CatGraph/results/GAC/02_template_guided_docking/complexes/GAC_139_complex.pdb,results/GAC/05_plip_interaction_graphs/plip_outputs/GAC_139/report.xml,hydrogen_bonds,O1,VAL413A,2318,hydrogen_bonds,hydrogen_bond,GLC:B:1:O1,O1,GLC,B,1
GAC_141,/home/wms/AF2-test/AF2-CatGraph/results/GAC/02_template_guided_docking/complexes/GAC_141_complex.pdb,results/GAC/05_plip_interaction_graphs/plip_outputs/GAC_141/report.xml,hydrophobic_interactions,C2,VAL413A,2319,hydrophobic_interactions,hydrophobic_interaction,GLC:B:1:C2,C2,GLC,B,1
GAC_141,/home/wms/AF2-test/AF2-CatGraph/results/GAC/02_template_guided_docking/complexes/GAC_141_complex.pdb,results/GAC/05_plip_interaction_graphs/plip_outputs/GAC_141/report.xml,hydrogen_bonds,O1,SER215A,2318,hydrogen_bonds,hydrogen_bond,GLC:B:1:O1,O1,GLC,B,1
GAC_141,/home/wms/AF2-test/AF2-CatGraph/results/GAC/02_template_guided_docking/complexes/GAC_141_complex.pdb,results/GAC/05_plip_interaction_graphs/plip_outputs/GAC_141/report.xml,hydrogen_bonds,O3,GLU310A,2325,hydrogen_bonds,hydrogen_bond,GLC:B:1:O3,O3,GLC,B,1
GAC_141,/home/wms/AF2-test/AF2-CatGraph/results/GAC/02_template_guided_docking/complexes/GAC_141_complex.pdb,results/GAC/05_plip_interaction_graphs/plip_outputs/GAC_141/report.xml,hydrogen_bonds,N2,GLU310A,2322,hydrogen_bonds,hydrogen_bond,GLC:B:1:N2,N2,GLC,B,1
GAC_141,/home/wms/AF2-test/AF2-CatGraph/results/GAC/02_template_guided_docking/complexes/GAC_141_complex.pdb,results/GAC/05_plip_interaction_graphs/plip_outputs/GAC_141/report.xml,hydrogen_bonds,O2,ASN317A,2324,hydrogen_bonds,hydrogen_bond,GLC:B:1:O2,O2,GLC,B,1
GAC_141,/home/wms/AF2-test/AF2-CatGraph/results/GAC/02_template_guided_docking/complexes/GAC_141_complex.pdb,results/GAC/05_plip_interaction_graphs/plip_outputs/GAC_141/report.xml,hydrogen_bonds,O2,TYR343A,2324,hydrogen_bonds,hydrogen_bond,GLC:B:1:O2,O2,GLC,B,1
GAC_141,/home/wms/AF2-test/AF2-CatGraph/results/GAC/02_template_guided_docking/complexes/GAC_141_complex.pdb,results/GAC/05_plip_interaction_graphs/plip_outputs/GAC_141/report.xml,hydrogen_bonds,O1,TYR395A,2318,hydrogen_bonds,hydrogen_bond,GLC:B:1:O1,O1,GLC,B,1
GAC_141,/home/wms/AF2-test/AF2-CatGraph/results/GAC/02_template_guided_docking/complexes/GAC_141_complex.pdb,results/GAC/05_plip_interaction_graphs/plip_outputs/GAC_141/report.xml,hydrogen_bonds,N1,TYR395A,2316,hydrogen_bonds,hydrogen_bond,GLC:B:1:N1,N1,GLC,B,1
GAC_141,/home/wms/AF2-test/AF2-CatGraph/results/GAC/02_template_guided_docking/complexes/GAC_141_complex.pdb,results/GAC/05_plip_interaction_graphs/plip_outputs/GAC_141/report.xml,hydrogen_bonds,O1,VAL413A,2318,hydrogen_bonds,hydrogen_bond,GLC:B:1:O1,O1,GLC,B,1
GAC_142,/home/wms/AF2-test/AF2-CatGraph/results/GAC/02_template_guided_docking/complexes/GAC_142_complex.pdb,results/GAC/05_plip_interaction_graphs/plip_outputs/GAC_142/report.xml,hydrophobic_interactions,C2,VAL413A,2319,hydrophobic_interactions,hydrophobic_interaction,GLC:B:1:C2,C2,GLC,B,1
GAC_142,/home/wms/AF2-test/AF2-CatGraph/results/GAC/02_template_guided_docking/complexes/GAC_142_complex.pdb,results/GAC/05_plip_interaction_graphs/plip_outputs/GAC_142/report.xml,hydrogen_bonds,O1,SER215A,2318,hydrogen_bonds,hydrogen_bond,GLC:B:1:O1,O1,GLC,B,1
GAC_142,/home/wms/AF2-test/AF2-CatGraph/results/GAC/02_template_guided_docking/complexes/GAC_142_complex.pdb,results/GAC/05_plip_interaction_graphs/plip_outputs/GAC_142/report.xml,hydrogen_bonds,O3,GLU310A,2325,hydrogen_bonds,hydrogen_bond,GLC:B:1:O3,O3,GLC,B,1
GAC_142,/home/wms/AF2-test/AF2-CatGraph/results/GAC/02_template_guided_docking/complexes/GAC_142_complex.pdb,results/GAC/05_plip_interaction_graphs/plip_outputs/GAC_142/report.xml,hydrogen_bonds,N2,GLU310A,2322,hydrogen_bonds,hydrogen_bond,GLC:B:1:N2,N2,GLC,B,1
GAC_142,/home/wms/AF2-test/AF2-CatGraph/results/GAC/02_template_guided_docking/complexes/GAC_142_complex.pdb,results/GAC/05_plip_interaction_graphs/plip_outputs/GAC_142/report.xml,hydrogen_bonds,O2,ASN317A,2324,hydrogen_bonds,hydrogen_bond,GLC:B:1:O2,O2,GLC,B,1
GAC_142,/home/wms/AF2-test/AF2-CatGraph/results/GAC/02_template_guided_docking/complexes/GAC_142_complex.pdb,results/GAC/05_plip_interaction_graphs/plip_outputs/GAC_142/report.xml,hydrogen_bonds,O2,TYR343A,2324,hydrogen_bonds,hydrogen_bond,GLC:B:1:O2,O2,GLC,B,1
GAC_142,/home/wms/AF2-test/AF2-CatGraph/results/GAC/02_template_guided_docking/complexes/GAC_142_complex.pdb,results/GAC/05_plip_interaction_graphs/plip_outputs/GAC_142/report.xml,hydrogen_bonds,O1,TYR395A,2318,hydrogen_bonds,hydrogen_bond,GLC:B:1:O1,O1,GLC,B,1
GAC_142,/home/wms/AF2-test/AF2-CatGraph/results/GAC/02_template_guided_docking/complexes/GAC_142_complex.pdb,results/GAC/05_plip_interaction_graphs/plip_outputs/GAC_142/report.xml,hydrogen_bonds,N1,TYR395A,2316,hydrogen_bonds,hydrogen_bond,GLC:B:1:N1,N1,GLC,B,1
GAC_142,/home/wms/AF2-test/AF2-CatGraph/results/GAC/02_template_guided_docking/complexes/GAC_142_complex.pdb,results/GAC/05_plip_interaction_graphs/plip_outputs/GAC_142/report.xml,hydrogen_bonds,O1,VAL413A,2318,hydrogen_bonds,hydrogen_bond,GLC:B:1:O1,O1,GLC,B,1
GAC_144,/home/wms/AF2-test/AF2-CatGraph/results/GAC/02_template_guided_docking/complexes/GAC_144_complex.pdb,results/GAC/05_plip_interaction_graphs/plip_outputs/GAC_144/report.xml,hydrophobic_interactions,C2,VAL413A,2319,hydrophobic_interactions,hydrophobic_interaction,GLC:B:1:C2,C2,GLC,B,1
GAC_144,/home/wms/AF2-test/AF2-CatGraph/results/GAC/02_template_guided_docking/complexes/GAC_144_complex.pdb,results/GAC/05_plip_interaction_graphs/plip_outputs/GAC_144/report.xml,hydrogen_bonds,O1,SER215A,2318,hydrogen_bonds,hydrogen_bond,GLC:B:1:O1,O1,GLC,B,1
GAC_144,/home/wms/AF2-test/AF2-CatGraph/results/GAC/02_template_guided_docking/complexes/GAC_144_complex.pdb,results/GAC/05_plip_interaction_graphs/plip_outputs/GAC_144/report.xml,hydrogen_bonds,O2,ASN264A,2324,hydrogen_bonds,hydrogen_bond,GLC:B:1:O2,O2,GLC,B,1
GAC_144,/home/wms/AF2-test/AF2-CatGraph/results/GAC/02_template_guided_docking/complexes/GAC_144_complex.pdb,results/GAC/05_plip_interaction_graphs/plip_outputs/GAC_144/report.xml,hydrogen_bonds,O3,GLU310A,2325,hydrogen_bonds,hydrogen_bond,GLC:B:1:O3,O3,GLC,B,1
GAC_144,/home/wms/AF2-test/AF2-CatGraph/results/GAC/02_template_guided_docking/complexes/GAC_144_complex.pdb,results/GAC/05_plip_interaction_graphs/plip_outputs/GAC_144/report.xml,hydrogen_bonds,N2,GLU310A,2322,hydrogen_bonds,hydrogen_bond,GLC:B:1:N2,N2,GLC,B,1
GAC_144,/home/wms/AF2-test/AF2-CatGraph/results/GAC/02_template_guided_docking/complexes/GAC_144_complex.pdb,results/GAC/05_plip_interaction_graphs/plip_outputs/GAC_144/report.xml,hydrogen_bonds,O2,ASN317A,2324,hydrogen_bonds,hydrogen_bond,GLC:B:1:O2,O2,GLC,B,1
GAC_144,/home/wms/AF2-test/AF2-CatGraph/results/GAC/02_template_guided_docking/complexes/GAC_144_complex.pdb,results/GAC/05_plip_interaction_graphs/plip_outputs/GAC_144/report.xml,hydrogen_bonds,O2,TYR343A,2324,hydrogen_bonds,hydrogen_bond,GLC:B:1:O2,O2,GLC,B,1
GAC_144,/home/wms/AF2-test/AF2-CatGraph/results/GAC/02_template_guided_docking/complexes/GAC_144_complex.pdb,results/GAC/05_plip_interaction_graphs/plip_outputs/GAC_144/report.xml,hydrogen_bonds,O1,TYR395A,2318,hydrogen_bonds,hydrogen_bond,GLC:B:1:O1,O1,GLC,B,1
GAC_144,/home/wms/AF2-test/AF2-CatGraph/results/GAC/02_template_guided_docking/complexes/GAC_144_complex.pdb,results/GAC/05_plip_interaction_graphs/plip_outputs/GAC_144/report.xml,hydrogen_bonds,N1,TYR395A,2316,hydrogen_bonds,hydrogen_bond,GLC:B:1:N1,N1,GLC,B,1
GAC_144,/home/wms/AF2-test/AF2-CatGraph/results/GAC/02_template_guided_docking/complexes/GAC_144_complex.pdb,results/GAC/05_plip_interaction_graphs/plip_outputs/GAC_144/report.xml,hydrogen_bonds,O1,VAL413A,2318,hydrogen_bonds,hydrogen_bond,GLC:B:1:O1,O1,GLC,B,1
GAC_145,/home/wms/AF2-test/AF2-CatGraph/results/GAC/02_template_guided_docking/complexes/GAC_145_complex.pdb,results/GAC/05_plip_interaction_graphs/plip_outputs/GAC_145/report.xml,hydrophobic_interactions,C2,VAL413A,2319,hydrophobic_interactions,hydrophobic_interaction,GLC:B:1:C2,C2,GLC,B,1
GAC_145,/home/wms/AF2-test/AF2-CatGraph/results/GAC/02_template_guided_docking/complexes/GAC_145_complex.pdb,results/GAC/05_plip_interaction_graphs/plip_outputs/GAC_145/report.xml,hydrogen_bonds,O1,SER215A,2318,hydrogen_bonds,hydrogen_bond,GLC:B:1:O1,O1,GLC,B,1
GAC_145,/home/wms/AF2-test/AF2-CatGraph/results/GAC/02_template_guided_docking/complexes/GAC_145_complex.pdb,results/GAC/05_plip_interaction_graphs/plip_outputs/GAC_145/report.xml,hydrogen_bonds,O2,ASN264A,2324,hydrogen_bonds,hydrogen_bond,GLC:B:1:O2,O2,GLC,B,1
GAC_145,/home/wms/AF2-test/AF2-CatGraph/results/GAC/02_template_guided_docking/complexes/GAC_145_complex.pdb,results/GAC/05_plip_interaction_graphs/plip_outputs/GAC_145/report.xml,hydrogen_bonds,O3,GLU310A,2325,hydrogen_bonds,hydrogen_bond,GLC:B:1:O3,O3,GLC,B,1
GAC_145,/home/wms/AF2-test/AF2-CatGraph/results/GAC/02_template_guided_docking/complexes/GAC_145_complex.pdb,results/GAC/05_plip_interaction_graphs/plip_outputs/GAC_145/report.xml,hydrogen_bonds,N2,GLU310A,2322,hydrogen_bonds,hydrogen_bond,GLC:B:1:N2,N2,GLC,B,1
GAC_145,/home/wms/AF2-test/AF2-CatGraph/results/GAC/02_template_guided_docking/complexes/GAC_145_complex.pdb,results/GAC/05_plip_interaction_graphs/plip_outputs/GAC_145/report.xml,hydrogen_bonds,O2,ASN317A,2324,hydrogen_bonds,hydrogen_bond,GLC:B:1:O2,O2,GLC,B,1
GAC_145,/home/wms/AF2-test/AF2-CatGraph/results/GAC/02_template_guided_docking/complexes/GAC_145_complex.pdb,results/GAC/05_plip_interaction_graphs/plip_outputs/GAC_145/report.xml,hydrogen_bonds,O2,TYR343A,2324,hydrogen_bonds,hydrogen_bond,GLC:B:1:O2,O2,GLC,B,1
GAC_145,/home/wms/AF2-test/AF2-CatGraph/results/GAC/02_template_guided_docking/complexes/GAC_145_complex.pdb,results/GAC/05_plip_interaction_graphs/plip_outputs/GAC_145/report.xml,hydrogen_bonds,O1,TYR395A,2318,hydrogen_bonds,hydrogen_bond,GLC:B:1:O1,O1,GLC,B,1
GAC_145,/home/wms/AF2-test/AF2-CatGraph/results/GAC/02_template_guided_docking/complexes/GAC_145_complex.pdb,results/GAC/05_plip_interaction_graphs/plip_outputs/GAC_145/report.xml,hydrogen_bonds,N1,TYR395A,2316,hydrogen_bonds,hydrogen_bond,GLC:B:1:N1,N1,GLC,B,1
GAC_145,/home/wms/AF2-test/AF2-CatGraph/results/GAC/02_template_guided_docking/complexes/GAC_145_complex.pdb,results/GAC/05_plip_interaction_graphs/plip_outputs/GAC_145/report.xml,hydrogen_bonds,O1,VAL413A,2318,hydrogen_bonds,hydrogen_bond,GLC:B:1:O1,O1,GLC,B,1
GAC_146,/home/wms/AF2-test/AF2-CatGraph/results/GAC/02_template_guided_docking/complexes/GAC_146_complex.pdb,results/GAC/05_plip_interaction_graphs/plip_outputs/GAC_146/report.xml,hydrophobic_interactions,C2,VAL413A,2319,hydrophobic_interactions,hydrophobic_interaction,GLC:B:1:C2,C2,GLC,B,1
GAC_146,/home/wms/AF2-test/AF2-CatGraph/results/GAC/02_template_guided_docking/complexes/GAC_146_complex.pdb,results/GAC/05_plip_interaction_graphs/plip_outputs/GAC_146/report.xml,hydrogen_bonds,O1,SER215A,2318,hydrogen_bonds,hydrogen_bond,GLC:B:1:O1,O1,GLC,B,1
GAC_146,/home/wms/AF2-test/AF2-CatGraph/results/GAC/02_template_guided_docking/complexes/GAC_146_complex.pdb,results/GAC/05_plip_interaction_graphs/plip_outputs/GAC_146/report.xml,hydrogen_bonds,O2,ASN264A,2324,hydrogen_bonds,hydrogen_bond,GLC:B:1:O2,O2,GLC,B,1
GAC_146,/home/wms/AF2-test/AF2-CatGraph/results/GAC/02_template_guided_docking/complexes/GAC_146_complex.pdb,results/GAC/05_plip_interaction_graphs/plip_outputs/GAC_146/report.xml,hydrogen_bonds,O3,GLU310A,2325,hydrogen_bonds,hydrogen_bond,GLC:B:1:O3,O3,GLC,B,1
GAC_146,/home/wms/AF2-test/AF2-CatGraph/results/GAC/02_template_guided_docking/complexes/GAC_146_complex.pdb,results/GAC/05_plip_interaction_graphs/plip_outputs/GAC_146/report.xml,hydrogen_bonds,N2,GLU310A,2322,hydrogen_bonds,hydrogen_bond,GLC:B:1:N2,N2,GLC,B,1
GAC_146,/home/wms/AF2-test/AF2-CatGraph/results/GAC/02_template_guided_docking/complexes/GAC_146_complex.pdb,results/GAC/05_plip_interaction_graphs/plip_outputs/GAC_146/report.xml,hydrogen_bonds,O2,ASN317A,2324,hydrogen_bonds,hydrogen_bond,GLC:B:1:O2,O2,GLC,B,1
GAC_146,/home/wms/AF2-test/AF2-CatGraph/results/GAC/02_template_guided_docking/complexes/GAC_146_complex.pdb,results/GAC/05_plip_interaction_graphs/plip_outputs/GAC_146/report.xml,hydrogen_bonds,O2,TYR343A,2324,hydrogen_bonds,hydrogen_bond,GLC:B:1:O2,O2,GLC,B,1
GAC_146,/home/wms/AF2-test/AF2-CatGraph/results/GAC/02_template_guided_docking/complexes/GAC_146_complex.pdb,results/GAC/05_plip_interaction_graphs/plip_outputs/GAC_146/report.xml,hydrogen_bonds,N1,TYR395A,2316,hydrogen_bonds,hydrogen_bond,GLC:B:1:N1,N1,GLC,B,1
GAC_146,/home/wms/AF2-test/AF2-CatGraph/results/GAC/02_template_guided_docking/complexes/GAC_146_complex.pdb,results/GAC/05_plip_interaction_graphs/plip_outputs/GAC_146/report.xml,hydrogen_bonds,O1,VAL413A,2318,hydrogen_bonds,hydrogen_bond,GLC:B:1:O1,O1,GLC,B,1
GAC_147,/home/wms/AF2-test/AF2-CatGraph/results/GAC/02_template_guided_docking/complexes/GAC_147_complex.pdb,results/GAC/05_plip_interaction_graphs/plip_outputs/GAC_147/report.xml,hydrophobic_interactions,C2,VAL413A,2319,hydrophobic_interactions,hydrophobic_interaction,GLC:B:1:C2,C2,GLC,B,1
GAC_147,/home/wms/AF2-test/AF2-CatGraph/results/GAC/02_template_guided_docking/complexes/GAC_147_complex.pdb,results/GAC/05_plip_interaction_graphs/plip_outputs/GAC_147/report.xml,hydrogen_bonds,O1,SER215A,2318,hydrogen_bonds,hydrogen_bond,GLC:B:1:O1,O1,GLC,B,1
GAC_147,/home/wms/AF2-test/AF2-CatGraph/results/GAC/02_template_guided_docking/complexes/GAC_147_complex.pdb,results/GAC/05_plip_interaction_graphs/plip_outputs/GAC_147/report.xml,hydrogen_bonds,O2,ASN264A,2324,hydrogen_bonds,hydrogen_bond,GLC:B:1:O2,O2,GLC,B,1
GAC_147,/home/wms/AF2-test/AF2-CatGraph/results/GAC/02_template_guided_docking/complexes/GAC_147_complex.pdb,results/GAC/05_plip_interaction_graphs/plip_outputs/GAC_147/report.xml,hydrogen_bonds,O3,GLU310A,2325,hydrogen_bonds,hydrogen_bond,GLC:B:1:O3,O3,GLC,B,1
GAC_147,/home/wms/AF2-test/AF2-CatGraph/results/GAC/02_template_guided_docking/complexes/GAC_147_complex.pdb,results/GAC/05_plip_interaction_graphs/plip_outputs/GAC_147/report.xml,hydrogen_bonds,N2,GLU310A,2322,hydrogen_bonds,hydrogen_bond,GLC:B:1:N2,N2,GLC,B,1
GAC_147,/home/wms/AF2-test/AF2-CatGraph/results/GAC/02_template_guided_docking/complexes/GAC_147_complex.pdb,results/GAC/05_plip_interaction_graphs/plip_outputs/GAC_147/report.xml,hydrogen_bonds,O2,ASN317A,2324,hydrogen_bonds,hydrogen_bond,GLC:B:1:O2,O2,GLC,B,1
GAC_147,/home/wms/AF2-test/AF2-CatGraph/results/GAC/02_template_guided_docking/complexes/GAC_147_complex.pdb,results/GAC/05_plip_interaction_graphs/plip_outputs/GAC_147/report.xml,hydrogen_bonds,O2,TYR343A,2324,hydrogen_bonds,hydrogen_bond,GLC:B:1:O2,O2,GLC,B,1
GAC_147,/home/wms/AF2-test/AF2-CatGraph/results/GAC/02_template_guided_docking/complexes/GAC_147_complex.pdb,results/GAC/05_plip_interaction_graphs/plip_outputs/GAC_147/report.xml,hydrogen_bonds,O1,TYR395A,2318,hydrogen_bonds,hydrogen_bond,GLC:B:1:O1,O1,GLC,B,1
GAC_147,/home/wms/AF2-test/AF2-CatGraph/results/GAC/02_template_guided_docking/complexes/GAC_147_complex.pdb,results/GAC/05_plip_interaction_graphs/plip_outputs/GAC_147/report.xml,hydrogen_bonds,N1,TYR395A,2316,hydrogen_bonds,hydrogen_bond,GLC:B:1:N1,N1,GLC,B,1
GAC_147,/home/wms/AF2-test/AF2-CatGraph/results/GAC/02_template_guided_docking/complexes/GAC_147_complex.pdb,results/GAC/05_plip_interaction_graphs/plip_outputs/GAC_147/report.xml,hydrogen_bonds,O1,VAL413A,2318,hydrogen_bonds,hydrogen_bond,GLC:B:1:O1,O1,GLC,B,1
GAC_148,/home/wms/AF2-test/AF2-CatGraph/results/GAC/02_template_guided_docking/complexes/GAC_148_complex.pdb,results/GAC/05_plip_interaction_graphs/plip_outputs/GAC_148/report.xml,hydrophobic_interactions,C2,VAL413A,2319,hydrophobic_interactions,hydrophobic_interaction,GLC:B:1:C2,C2,GLC,B,1
GAC_148,/home/wms/AF2-test/AF2-CatGraph/results/GAC/02_template_guided_docking/complexes/GAC_148_complex.pdb,results/GAC/05_plip_interaction_graphs/plip_outputs/GAC_148/report.xml,hydrogen_bonds,O1,SER215A,2318,hydrogen_bonds,hydrogen_bond,GLC:B:1:O1,O1,GLC,B,1
GAC_148,/home/wms/AF2-test/AF2-CatGraph/results/GAC/02_template_guided_docking/complexes/GAC_148_complex.pdb,results/GAC/05_plip_interaction_graphs/plip_outputs/GAC_148/report.xml,hydrogen_bonds,O2,ASN264A,2324,hydrogen_bonds,hydrogen_bond,GLC:B:1:O2,O2,GLC,B,1
GAC_148,/home/wms/AF2-test/AF2-CatGraph/results/GAC/02_template_guided_docking/complexes/GAC_148_complex.pdb,results/GAC/05_plip_interaction_graphs/plip_outputs/GAC_148/report.xml,hydrogen_bonds,O3,GLU310A,2325,hydrogen_bonds,hydrogen_bond,GLC:B:1:O3,O3,GLC,B,1
GAC_148,/home/wms/AF2-test/AF2-CatGraph/results/GAC/02_template_guided_docking/complexes/GAC_148_complex.pdb,results/GAC/05_plip_interaction_graphs/plip_outputs/GAC_148/report.xml,hydrogen_bonds,N2,GLU310A,2322,hydrogen_bonds,hydrogen_bond,GLC:B:1:N2,N2,GLC,B,1
GAC_148,/home/wms/AF2-test/AF2-CatGraph/results/GAC/02_template_guided_docking/complexes/GAC_148_complex.pdb,results/GAC/05_plip_interaction_graphs/plip_outputs/GAC_148/report.xml,hydrogen_bonds,O2,ASN317A,2324,hydrogen_bonds,hydrogen_bond,GLC:B:1:O2,O2,GLC,B,1
GAC_148,/home/wms/AF2-test/AF2-CatGraph/results/GAC/02_template_guided_docking/complexes/GAC_148_complex.pdb,results/GAC/05_plip_interaction_graphs/plip_outputs/GAC_148/report.xml,hydrogen_bonds,O2,TYR343A,2324,hydrogen_bonds,hydrogen_bond,GLC:B:1:O2,O2,GLC,B,1
GAC_148,/home/wms/AF2-test/AF2-CatGraph/results/GAC/02_template_guided_docking/complexes/GAC_148_complex.pdb,results/GAC/05_plip_interaction_graphs/plip_outputs/GAC_148/report.xml,hydrogen_bonds,N1,TYR395A,2316,hydrogen_bonds,hydrogen_bond,GLC:B:1:N1,N1,GLC,B,1
GAC_148,/home/wms/AF2-test/AF2-CatGraph/results/GAC/02_template_guided_docking/complexes/GAC_148_complex.pdb,results/GAC/05_plip_interaction_graphs/plip_outputs/GAC_148/report.xml,hydrogen_bonds,O1,VAL413A,2318,hydrogen_bonds,hydrogen_bond,GLC:B:1:O1,O1,GLC,B,1
GAC_149,/home/wms/AF2-test/AF2-CatGraph/results/GAC/02_template_guided_docking/complexes/GAC_149_complex.pdb,results/GAC/05_plip_interaction_graphs/plip_outputs/GAC_149/report.xml,hydrophobic_interactions,C2,VAL413A,2319,hydrophobic_interactions,hydrophobic_interaction,GLC:B:1:C2,C2,GLC,B,1
GAC_149,/home/wms/AF2-test/AF2-CatGraph/results/GAC/02_template_guided_docking/complexes/GAC_149_complex.pdb,results/GAC/05_plip_interaction_graphs/plip_outputs/GAC_149/report.xml,hydrogen_bonds,O1,SER215A,2318,hydrogen_bonds,hydrogen_bond,GLC:B:1:O1,O1,GLC,B,1
GAC_149,/home/wms/AF2-test/AF2-CatGraph/results/GAC/02_template_guided_docking/complexes/GAC_149_complex.pdb,results/GAC/05_plip_interaction_graphs/plip_outputs/GAC_149/report.xml,hydrogen_bonds,O2,ASN264A,2324,hydrogen_bonds,hydrogen_bond,GLC:B:1:O2,O2,GLC,B,1
GAC_149,/home/wms/AF2-test/AF2-CatGraph/results/GAC/02_template_guided_docking/complexes/GAC_149_complex.pdb,results/GAC/05_plip_interaction_graphs/plip_outputs/GAC_149/report.xml,hydrogen_bonds,O3,GLU310A,2325,hydrogen_bonds,hydrogen_bond,GLC:B:1:O3,O3,GLC,B,1
GAC_149,/home/wms/AF2-test/AF2-CatGraph/results/GAC/02_template_guided_docking/complexes/GAC_149_complex.pdb,results/GAC/05_plip_interaction_graphs/plip_outputs/GAC_149/report.xml,hydrogen_bonds,N2,GLU310A,2322,hydrogen_bonds,hydrogen_bond,GLC:B:1:N2,N2,GLC,B,1
GAC_149,/home/wms/AF2-test/AF2-CatGraph/results/GAC/02_template_guided_docking/complexes/GAC_149_complex.pdb,results/GAC/05_plip_interaction_graphs/plip_outputs/GAC_149/report.xml,hydrogen_bonds,O2,ASN317A,2324,hydrogen_bonds,hydrogen_bond,GLC:B:1:O2,O2,GLC,B,1
GAC_149,/home/wms/AF2-test/AF2-CatGraph/results/GAC/02_template_guided_docking/complexes/GAC_149_complex.pdb,results/GAC/05_plip_interaction_graphs/plip_outputs/GAC_149/report.xml,hydrogen_bonds,O2,TYR343A,2324,hydrogen_bonds,hydrogen_bond,GLC:B:1:O2,O2,GLC,B,1
GAC_149,/home/wms/AF2-test/AF2-CatGraph/results/GAC/02_template_guided_docking/complexes/GAC_149_complex.pdb,results/GAC/05_plip_interaction_graphs/plip_outputs/GAC_149/report.xml,hydrogen_bonds,O1,TYR395A,2318,hydrogen_bonds,hydrogen_bond,GLC:B:1:O1,O1,GLC,B,1
GAC_149,/home/wms/AF2-test/AF2-CatGraph/results/GAC/02_template_guided_docking/complexes/GAC_149_complex.pdb,results/GAC/05_plip_interaction_graphs/plip_outputs/GAC_149/report.xml,hydrogen_bonds,N1,TYR395A,2316,hydrogen_bonds,hydrogen_bond,GLC:B:1:N1,N1,GLC,B,1
GAC_149,/home/wms/AF2-test/AF2-CatGraph/results/GAC/02_template_guided_docking/complexes/GAC_149_complex.pdb,results/GAC/05_plip_interaction_graphs/plip_outputs/GAC_149/report.xml,hydrogen_bonds,O1,VAL413A,2318,hydrogen_bonds,hydrogen_bond,GLC:B:1:O1,O1,GLC,B,1
GAC_150,/home/wms/AF2-test/AF2-CatGraph/results/GAC/02_template_guided_docking/complexes/GAC_150_complex.pdb,results/GAC/05_plip_interaction_graphs/plip_outputs/GAC_150/report.xml,hydrophobic_interactions,C2,VAL413A,2319,hydrophobic_interactions,hydrophobic_interaction,GLC:B:1:C2,C2,GLC,B,1
GAC_150,/home/wms/AF2-test/AF2-CatGraph/results/GAC/02_template_guided_docking/complexes/GAC_150_complex.pdb,results/GAC/05_plip_interaction_graphs/plip_outputs/GAC_150/report.xml,hydrogen_bonds,O1,SER215A,2318,hydrogen_bonds,hydrogen_bond,GLC:B:1:O1,O1,GLC,B,1
GAC_150,/home/wms/AF2-test/AF2-CatGraph/results/GAC/02_template_guided_docking/complexes/GAC_150_complex.pdb,results/GAC/05_plip_interaction_graphs/plip_outputs/GAC_150/report.xml,hydrogen_bonds,O2,ASN264A,2324,hydrogen_bonds,hydrogen_bond,GLC:B:1:O2,O2,GLC,B,1
GAC_150,/home/wms/AF2-test/AF2-CatGraph/results/GAC/02_template_guided_docking/complexes/GAC_150_complex.pdb,results/GAC/05_plip_interaction_graphs/plip_outputs/GAC_150/report.xml,hydrogen_bonds,O3,GLU310A,2325,hydrogen_bonds,hydrogen_bond,GLC:B:1:O3,O3,GLC,B,1
GAC_150,/home/wms/AF2-test/AF2-CatGraph/results/GAC/02_template_guided_docking/complexes/GAC_150_complex.pdb,results/GAC/05_plip_interaction_graphs/plip_outputs/GAC_150/report.xml,hydrogen_bonds,N2,GLU310A,2322,hydrogen_bonds,hydrogen_bond,GLC:B:1:N2,N2,GLC,B,1
GAC_150,/home/wms/AF2-test/AF2-CatGraph/results/GAC/02_template_guided_docking/complexes/GAC_150_complex.pdb,results/GAC/05_plip_interaction_graphs/plip_outputs/GAC_150/report.xml,hydrogen_bonds,O2,ASN317A,2324,hydrogen_bonds,hydrogen_bond,GLC:B:1:O2,O2,GLC,B,1
GAC_150,/home/wms/AF2-test/AF2-CatGraph/results/GAC/02_template_guided_docking/complexes/GAC_150_complex.pdb,results/GAC/05_plip_interaction_graphs/plip_outputs/GAC_150/report.xml,hydrogen_bonds,O2,TYR343A,2324,hydrogen_bonds,hydrogen_bond,GLC:B:1:O2,O2,GLC,B,1
GAC_150,/home/wms/AF2-test/AF2-CatGraph/results/GAC/02_template_guided_docking/complexes/GAC_150_complex.pdb,results/GAC/05_plip_interaction_graphs/plip_outputs/GAC_150/report.xml,hydrogen_bonds,O1,TYR395A,2318,hydrogen_bonds,hydrogen_bond,GLC:B:1:O1,O1,GLC,B,1
GAC_150,/home/wms/AF2-test/AF2-CatGraph/results/GAC/02_template_guided_docking/complexes/GAC_150_complex.pdb,results/GAC/05_plip_interaction_graphs/plip_outputs/GAC_150/report.xml,hydrogen_bonds,N1,TYR395A,2316,hydrogen_bonds,hydrogen_bond,GLC:B:1:N1,N1,GLC,B,1
GAC_150,/home/wms/AF2-test/AF2-CatGraph/results/GAC/02_template_guided_docking/complexes/GAC_150_complex.pdb,results/GAC/05_plip_interaction_graphs/plip_outputs/GAC_150/report.xml,hydrogen_bonds,O1,VAL413A,2318,hydrogen_bonds,hydrogen_bond,GLC:B:1:O1,O1,GLC,B,1
GAC_151,/home/wms/AF2-test/AF2-CatGraph/results/GAC/02_template_guided_docking/complexes/GAC_151_complex.pdb,results/GAC/05_plip_interaction_graphs/plip_outputs/GAC_151/report.xml,hydrophobic_interactions,C2,VAL413A,2319,hydrophobic_interactions,hydrophobic_interaction,GLC:B:1:C2,C2,GLC,B,1
GAC_151,/home/wms/AF2-test/AF2-CatGraph/results/GAC/02_template_guided_docking/complexes/GAC_151_complex.pdb,results/GAC/05_plip_interaction_graphs/plip_outputs/GAC_151/report.xml,hydrogen_bonds,O1,SER215A,2318,hydrogen_bonds,hydrogen_bond,GLC:B:1:O1,O1,GLC,B,1
GAC_151,/home/wms/AF2-test/AF2-CatGraph/results/GAC/02_template_guided_docking/complexes/GAC_151_complex.pdb,results/GAC/05_plip_interaction_graphs/plip_outputs/GAC_151/report.xml,hydrogen_bonds,O2,ASN264A,2324,hydrogen_bonds,hydrogen_bond,GLC:B:1:O2,O2,GLC,B,1
GAC_151,/home/wms/AF2-test/AF2-CatGraph/results/GAC/02_template_guided_docking/complexes/GAC_151_complex.pdb,results/GAC/05_plip_interaction_graphs/plip_outputs/GAC_151/report.xml,hydrogen_bonds,O3,GLU310A,2325,hydrogen_bonds,hydrogen_bond,GLC:B:1:O3,O3,GLC,B,1
GAC_151,/home/wms/AF2-test/AF2-CatGraph/results/GAC/02_template_guided_docking/complexes/GAC_151_complex.pdb,results/GAC/05_plip_interaction_graphs/plip_outputs/GAC_151/report.xml,hydrogen_bonds,N2,GLU310A,2322,hydrogen_bonds,hydrogen_bond,GLC:B:1:N2,N2,GLC,B,1
GAC_151,/home/wms/AF2-test/AF2-CatGraph/results/GAC/02_template_guided_docking/complexes/GAC_151_complex.pdb,results/GAC/05_plip_interaction_graphs/plip_outputs/GAC_151/report.xml,hydrogen_bonds,O2,ASN317A,2324,hydrogen_bonds,hydrogen_bond,GLC:B:1:O2,O2,GLC,B,1
GAC_151,/home/wms/AF2-test/AF2-CatGraph/results/GAC/02_template_guided_docking/complexes/GAC_151_complex.pdb,results/GAC/05_plip_interaction_graphs/plip_outputs/GAC_151/report.xml,hydrogen_bonds,O2,TYR343A,2324,hydrogen_bonds,hydrogen_bond,GLC:B:1:O2,O2,GLC,B,1
GAC_151,/home/wms/AF2-test/AF2-CatGraph/results/GAC/02_template_guided_docking/complexes/GAC_151_complex.pdb,results/GAC/05_plip_interaction_graphs/plip_outputs/GAC_151/report.xml,hydrogen_bonds,O1,TYR395A,2318,hydrogen_bonds,hydrogen_bond,GLC:B:1:O1,O1,GLC,B,1
GAC_151,/home/wms/AF2-test/AF2-CatGraph/results/GAC/02_template_guided_docking/complexes/GAC_151_complex.pdb,results/GAC/05_plip_interaction_graphs/plip_outputs/GAC_151/report.xml,hydrogen_bonds,N1,TYR395A,2316,hydrogen_bonds,hydrogen_bond,GLC:B:1:N1,N1,GLC,B,1
GAC_151,/home/wms/AF2-test/AF2-CatGraph/results/GAC/02_template_guided_docking/complexes/GAC_151_complex.pdb,results/GAC/05_plip_interaction_graphs/plip_outputs/GAC_151/report.xml,hydrogen_bonds,O1,VAL413A,2318,hydrogen_bonds,hydrogen_bond,GLC:B:1:O1,O1,GLC,B,1
GAC_152,/home/wms/AF2-test/AF2-CatGraph/results/GAC/02_template_guided_docking/complexes/GAC_152_complex.pdb,results/GAC/05_plip_interaction_graphs/plip_outputs/GAC_152/report.xml,hydrophobic_interactions,C2,VAL413A,2319,hydrophobic_interactions,hydrophobic_interaction,GLC:B:1:C2,C2,GLC,B,1
GAC_152,/home/wms/AF2-test/AF2-CatGraph/results/GAC/02_template_guided_docking/complexes/GAC_152_complex.pdb,results/GAC/05_plip_interaction_graphs/plip_outputs/GAC_152/report.xml,hydrogen_bonds,O1,SER215A,2318,hydrogen_bonds,hydrogen_bond,GLC:B:1:O1,O1,GLC,B,1
GAC_152,/home/wms/AF2-test/AF2-CatGraph/results/GAC/02_template_guided_docking/complexes/GAC_152_complex.pdb,results/GAC/05_plip_interaction_graphs/plip_outputs/GAC_152/report.xml,hydrogen_bonds,O2,ASN264A,2324,hydrogen_bonds,hydrogen_bond,GLC:B:1:O2,O2,GLC,B,1
GAC_152,/home/wms/AF2-test/AF2-CatGraph/results/GAC/02_template_guided_docking/complexes/GAC_152_complex.pdb,results/GAC/05_plip_interaction_graphs/plip_outputs/GAC_152/report.xml,hydrogen_bonds,O3,GLU310A,2325,hydrogen_bonds,hydrogen_bond,GLC:B:1:O3,O3,GLC,B,1
GAC_152,/home/wms/AF2-test/AF2-CatGraph/results/GAC/02_template_guided_docking/complexes/GAC_152_complex.pdb,results/GAC/05_plip_interaction_graphs/plip_outputs/GAC_152/report.xml,hydrogen_bonds,N2,GLU310A,2322,hydrogen_bonds,hydrogen_bond,GLC:B:1:N2,N2,GLC,B,1
GAC_152,/home/wms/AF2-test/AF2-CatGraph/results/GAC/02_template_guided_docking/complexes/GAC_152_complex.pdb,results/GAC/05_plip_interaction_graphs/plip_outputs/GAC_152/report.xml,hydrogen_bonds,O2,ASN317A,2324,hydrogen_bonds,hydrogen_bond,GLC:B:1:O2,O2,GLC,B,1
GAC_152,/home/wms/AF2-test/AF2-CatGraph/results/GAC/02_template_guided_docking/complexes/GAC_152_complex.pdb,results/GAC/05_plip_interaction_graphs/plip_outputs/GAC_152/report.xml,hydrogen_bonds,O2,TYR343A,2324,hydrogen_bonds,hydrogen_bond,GLC:B:1:O2,O2,GLC,B,1
GAC_152,/home/wms/AF2-test/AF2-CatGraph/results/GAC/02_template_guided_docking/complexes/GAC_152_complex.pdb,results/GAC/05_plip_interaction_graphs/plip_outputs/GAC_152/report.xml,hydrogen_bonds,O1,TYR395A,2318,hydrogen_bonds,hydrogen_bond,GLC:B:1:O1,O1,GLC,B,1
GAC_152,/home/wms/AF2-test/AF2-CatGraph/results/GAC/02_template_guided_docking/complexes/GAC_152_complex.pdb,results/GAC/05_plip_interaction_graphs/plip_outputs/GAC_152/report.xml,hydrogen_bonds,N1,TYR395A,2316,hydrogen_bonds,hydrogen_bond,GLC:B:1:N1,N1,GLC,B,1
GAC_152,/home/wms/AF2-test/AF2-CatGraph/results/GAC/02_template_guided_docking/complexes/GAC_152_complex.pdb,results/GAC/05_plip_interaction_graphs/plip_outputs/GAC_152/report.xml,hydrogen_bonds,O1,VAL413A,2318,hydrogen_bonds,hydrogen_bond,GLC:B:1:O1,O1,GLC,B,1
GAC_153,/home/wms/AF2-test/AF2-CatGraph/results/GAC/02_template_guided_docking/complexes/GAC_153_complex.pdb,results/GAC/05_plip_interaction_graphs/plip_outputs/GAC_153/report.xml,hydrophobic_interactions,C2,VAL413A,2319,hydrophobic_interactions,hydrophobic_interaction,GLC:B:1:C2,C2,GLC,B,1
GAC_153,/home/wms/AF2-test/AF2-CatGraph/results/GAC/02_template_guided_docking/complexes/GAC_153_complex.pdb,results/GAC/05_plip_interaction_graphs/plip_outputs/GAC_153/report.xml,hydrogen_bonds,O1,SER215A,2318,hydrogen_bonds,hydrogen_bond,GLC:B:1:O1,O1,GLC,B,1
GAC_153,/home/wms/AF2-test/AF2-CatGraph/results/GAC/02_template_guided_docking/complexes/GAC_153_complex.pdb,results/GAC/05_plip_interaction_graphs/plip_outputs/GAC_153/report.xml,hydrogen_bonds,O2,ASN264A,2324,hydrogen_bonds,hydrogen_bond,GLC:B:1:O2,O2,GLC,B,1
GAC_153,/home/wms/AF2-test/AF2-CatGraph/results/GAC/02_template_guided_docking/complexes/GAC_153_complex.pdb,results/GAC/05_plip_interaction_graphs/plip_outputs/GAC_153/report.xml,hydrogen_bonds,O3,GLU310A,2325,hydrogen_bonds,hydrogen_bond,GLC:B:1:O3,O3,GLC,B,1
GAC_153,/home/wms/AF2-test/AF2-CatGraph/results/GAC/02_template_guided_docking/complexes/GAC_153_complex.pdb,results/GAC/05_plip_interaction_graphs/plip_outputs/GAC_153/report.xml,hydrogen_bonds,N2,GLU310A,2322,hydrogen_bonds,hydrogen_bond,GLC:B:1:N2,N2,GLC,B,1
GAC_153,/home/wms/AF2-test/AF2-CatGraph/results/GAC/02_template_guided_docking/complexes/GAC_153_complex.pdb,results/GAC/05_plip_interaction_graphs/plip_outputs/GAC_153/report.xml,hydrogen_bonds,O2,ASN317A,2324,hydrogen_bonds,hydrogen_bond,GLC:B:1:O2,O2,GLC,B,1
GAC_153,/home/wms/AF2-test/AF2-CatGraph/results/GAC/02_template_guided_docking/complexes/GAC_153_complex.pdb,results/GAC/05_plip_interaction_graphs/plip_outputs/GAC_153/report.xml,hydrogen_bonds,O2,TYR343A,2324,hydrogen_bonds,hydrogen_bond,GLC:B:1:O2,O2,GLC,B,1
GAC_153,/home/wms/AF2-test/AF2-CatGraph/results/GAC/02_template_guided_docking/complexes/GAC_153_complex.pdb,results/GAC/05_plip_interaction_graphs/plip_outputs/GAC_153/report.xml,hydrogen_bonds,O1,TYR395A,2318,hydrogen_bonds,hydrogen_bond,GLC:B:1:O1,O1,GLC,B,1
GAC_153,/home/wms/AF2-test/AF2-CatGraph/results/GAC/02_template_guided_docking/complexes/GAC_153_complex.pdb,results/GAC/05_plip_interaction_graphs/plip_outputs/GAC_153/report.xml,hydrogen_bonds,N1,TYR395A,2316,hydrogen_bonds,hydrogen_bond,GLC:B:1:N1,N1,GLC,B,1
GAC_153,/home/wms/AF2-test/AF2-CatGraph/results/GAC/02_template_guided_docking/complexes/GAC_153_complex.pdb,results/GAC/05_plip_interaction_graphs/plip_outputs/GAC_153/report.xml,hydrogen_bonds,O1,VAL413A,2318,hydrogen_bonds,hydrogen_bond,GLC:B:1:O1,O1,GLC,B,1
GAC_154,/home/wms/AF2-test/AF2-CatGraph/results/GAC/02_template_guided_docking/complexes/GAC_154_complex.pdb,results/GAC/05_plip_interaction_graphs/plip_outputs/GAC_154/report.xml,hydrophobic_interactions,C2,VAL413A,2319,hydrophobic_interactions,hydrophobic_interaction,GLC:B:1:C2,C2,GLC,B,1
GAC_154,/home/wms/AF2-test/AF2-CatGraph/results/GAC/02_template_guided_docking/complexes/GAC_154_complex.pdb,results/GAC/05_plip_interaction_graphs/plip_outputs/GAC_154/report.xml,hydrogen_bonds,O1,SER215A,2318,hydrogen_bonds,hydrogen_bond,GLC:B:1:O1,O1,GLC,B,1
GAC_154,/home/wms/AF2-test/AF2-CatGraph/results/GAC/02_template_guided_docking/complexes/GAC_154_complex.pdb,results/GAC/05_plip_interaction_graphs/plip_outputs/GAC_154/report.xml,hydrogen_bonds,O2,ASN264A,2324,hydrogen_bonds,hydrogen_bond,GLC:B:1:O2,O2,GLC,B,1
GAC_154,/home/wms/AF2-test/AF2-CatGraph/results/GAC/02_template_guided_docking/complexes/GAC_154_complex.pdb,results/GAC/05_plip_interaction_graphs/plip_outputs/GAC_154/report.xml,hydrogen_bonds,O3,GLU310A,2325,hydrogen_bonds,hydrogen_bond,GLC:B:1:O3,O3,GLC,B,1
GAC_154,/home/wms/AF2-test/AF2-CatGraph/results/GAC/02_template_guided_docking/complexes/GAC_154_complex.pdb,results/GAC/05_plip_interaction_graphs/plip_outputs/GAC_154/report.xml,hydrogen_bonds,N2,GLU310A,2322,hydrogen_bonds,hydrogen_bond,GLC:B:1:N2,N2,GLC,B,1
GAC_154,/home/wms/AF2-test/AF2-CatGraph/results/GAC/02_template_guided_docking/complexes/GAC_154_complex.pdb,results/GAC/05_plip_interaction_graphs/plip_outputs/GAC_154/report.xml,hydrogen_bonds,O2,ASN317A,2324,hydrogen_bonds,hydrogen_bond,GLC:B:1:O2,O2,GLC,B,1
GAC_154,/home/wms/AF2-test/AF2-CatGraph/results/GAC/02_template_guided_docking/complexes/GAC_154_complex.pdb,results/GAC/05_plip_interaction_graphs/plip_outputs/GAC_154/report.xml,hydrogen_bonds,O2,TYR343A,2324,hydrogen_bonds,hydrogen_bond,GLC:B:1:O2,O2,GLC,B,1
GAC_154,/home/wms/AF2-test/AF2-CatGraph/results/GAC/02_template_guided_docking/complexes/GAC_154_complex.pdb,results/GAC/05_plip_interaction_graphs/plip_outputs/GAC_154/report.xml,hydrogen_bonds,O1,TYR395A,2318,hydrogen_bonds,hydrogen_bond,GLC:B:1:O1,O1,GLC,B,1
GAC_154,/home/wms/AF2-test/AF2-CatGraph/results/GAC/02_template_guided_docking/complexes/GAC_154_complex.pdb,results/GAC/05_plip_interaction_graphs/plip_outputs/GAC_154/report.xml,hydrogen_bonds,N1,TYR395A,2316,hydrogen_bonds,hydrogen_bond,GLC:B:1:N1,N1,GLC,B,1
GAC_154,/home/wms/AF2-test/AF2-CatGraph/results/GAC/02_template_guided_docking/complexes/GAC_154_complex.pdb,results/GAC/05_plip_interaction_graphs/plip_outputs/GAC_154/report.xml,hydrogen_bonds,O1,VAL413A,2318,hydrogen_bonds,hydrogen_bond,GLC:B:1:O1,O1,GLC,B,1
GAC_155,/home/wms/AF2-test/AF2-CatGraph/results/GAC/02_template_guided_docking/complexes/GAC_155_complex.pdb,results/GAC/05_plip_interaction_graphs/plip_outputs/GAC_155/report.xml,hydrophobic_interactions,C2,VAL413A,2319,hydrophobic_interactions,hydrophobic_interaction,GLC:B:1:C2,C2,GLC,B,1
GAC_155,/home/wms/AF2-test/AF2-CatGraph/results/GAC/02_template_guided_docking/complexes/GAC_155_complex.pdb,results/GAC/05_plip_interaction_graphs/plip_outputs/GAC_155/report.xml,hydrogen_bonds,O1,SER215A,2318,hydrogen_bonds,hydrogen_bond,GLC:B:1:O1,O1,GLC,B,1
GAC_155,/home/wms/AF2-test/AF2-CatGraph/results/GAC/02_template_guided_docking/complexes/GAC_155_complex.pdb,results/GAC/05_plip_interaction_graphs/plip_outputs/GAC_155/report.xml,hydrogen_bonds,O2,ASN264A,2324,hydrogen_bonds,hydrogen_bond,GLC:B:1:O2,O2,GLC,B,1
GAC_155,/home/wms/AF2-test/AF2-CatGraph/results/GAC/02_template_guided_docking/complexes/GAC_155_complex.pdb,results/GAC/05_plip_interaction_graphs/plip_outputs/GAC_155/report.xml,hydrogen_bonds,O3,GLU310A,2325,hydrogen_bonds,hydrogen_bond,GLC:B:1:O3,O3,GLC,B,1
GAC_155,/home/wms/AF2-test/AF2-CatGraph/results/GAC/02_template_guided_docking/complexes/GAC_155_complex.pdb,results/GAC/05_plip_interaction_graphs/plip_outputs/GAC_155/report.xml,hydrogen_bonds,N2,GLU310A,2322,hydrogen_bonds,hydrogen_bond,GLC:B:1:N2,N2,GLC,B,1
GAC_155,/home/wms/AF2-test/AF2-CatGraph/results/GAC/02_template_guided_docking/complexes/GAC_155_complex.pdb,results/GAC/05_plip_interaction_graphs/plip_outputs/GAC_155/report.xml,hydrogen_bonds,O2,ASN317A,2324,hydrogen_bonds,hydrogen_bond,GLC:B:1:O2,O2,GLC,B,1
GAC_155,/home/wms/AF2-test/AF2-CatGraph/results/GAC/02_template_guided_docking/complexes/GAC_155_complex.pdb,results/GAC/05_plip_interaction_graphs/plip_outputs/GAC_155/report.xml,hydrogen_bonds,O2,TYR343A,2324,hydrogen_bonds,hydrogen_bond,GLC:B:1:O2,O2,GLC,B,1
GAC_155,/home/wms/AF2-test/AF2-CatGraph/results/GAC/02_template_guided_docking/complexes/GAC_155_complex.pdb,results/GAC/05_plip_interaction_graphs/plip_outputs/GAC_155/report.xml,hydrogen_bonds,O1,TYR395A,2318,hydrogen_bonds,hydrogen_bond,GLC:B:1:O1,O1,GLC,B,1
GAC_155,/home/wms/AF2-test/AF2-CatGraph/results/GAC/02_template_guided_docking/complexes/GAC_155_complex.pdb,results/GAC/05_plip_interaction_graphs/plip_outputs/GAC_155/report.xml,hydrogen_bonds,N1,TYR395A,2316,hydrogen_bonds,hydrogen_bond,GLC:B:1:N1,N1,GLC,B,1
GAC_155,/home/wms/AF2-test/AF2-CatGraph/results/GAC/02_template_guided_docking/complexes/GAC_155_complex.pdb,results/GAC/05_plip_interaction_graphs/plip_outputs/GAC_155/report.xml,hydrogen_bonds,O1,VAL413A,2318,hydrogen_bonds,hydrogen_bond,GLC:B:1:O1,O1,GLC,B,1
GAC_156,/home/wms/AF2-test/AF2-CatGraph/results/GAC/02_template_guided_docking/complexes/GAC_156_complex.pdb,results/GAC/05_plip_interaction_graphs/plip_outputs/GAC_156/report.xml,hydrophobic_interactions,C2,VAL413A,2319,hydrophobic_interactions,hydrophobic_interaction,GLC:B:1:C2,C2,GLC,B,1
GAC_156,/home/wms/AF2-test/AF2-CatGraph/results/GAC/02_template_guided_docking/complexes/GAC_156_complex.pdb,results/GAC/05_plip_interaction_graphs/plip_outputs/GAC_156/report.xml,hydrogen_bonds,O1,SER215A,2318,hydrogen_bonds,hydrogen_bond,GLC:B:1:O1,O1,GLC,B,1
GAC_156,/home/wms/AF2-test/AF2-CatGraph/results/GAC/02_template_guided_docking/complexes/GAC_156_complex.pdb,results/GAC/05_plip_interaction_graphs/plip_outputs/GAC_156/report.xml,hydrogen_bonds,O2,ASN264A,2324,hydrogen_bonds,hydrogen_bond,GLC:B:1:O2,O2,GLC,B,1
GAC_156,/home/wms/AF2-test/AF2-CatGraph/results/GAC/02_template_guided_docking/complexes/GAC_156_complex.pdb,results/GAC/05_plip_interaction_graphs/plip_outputs/GAC_156/report.xml,hydrogen_bonds,O3,GLU310A,2325,hydrogen_bonds,hydrogen_bond,GLC:B:1:O3,O3,GLC,B,1
GAC_156,/home/wms/AF2-test/AF2-CatGraph/results/GAC/02_template_guided_docking/complexes/GAC_156_complex.pdb,results/GAC/05_plip_interaction_graphs/plip_outputs/GAC_156/report.xml,hydrogen_bonds,N2,GLU310A,2322,hydrogen_bonds,hydrogen_bond,GLC:B:1:N2,N2,GLC,B,1
GAC_156,/home/wms/AF2-test/AF2-CatGraph/results/GAC/02_template_guided_docking/complexes/GAC_156_complex.pdb,results/GAC/05_plip_interaction_graphs/plip_outputs/GAC_156/report.xml,hydrogen_bonds,O2,ASN317A,2324,hydrogen_bonds,hydrogen_bond,GLC:B:1:O2,O2,GLC,B,1
GAC_156,/home/wms/AF2-test/AF2-CatGraph/results/GAC/02_template_guided_docking/complexes/GAC_156_complex.pdb,results/GAC/05_plip_interaction_graphs/plip_outputs/GAC_156/report.xml,hydrogen_bonds,O2,TYR343A,2324,hydrogen_bonds,hydrogen_bond,GLC:B:1:O2,O2,GLC,B,1
GAC_156,/home/wms/AF2-test/AF2-CatGraph/results/GAC/02_template_guided_docking/complexes/GAC_156_complex.pdb,results/GAC/05_plip_interaction_graphs/plip_outputs/GAC_156/report.xml,hydrogen_bonds,O1,TYR395A,2318,hydrogen_bonds,hydrogen_bond,GLC:B:1:O1,O1,GLC,B,1
GAC_156,/home/wms/AF2-test/AF2-CatGraph/results/GAC/02_template_guided_docking/complexes/GAC_156_complex.pdb,results/GAC/05_plip_interaction_graphs/plip_outputs/GAC_156/report.xml,hydrogen_bonds,N1,TYR395A,2316,hydrogen_bonds,hydrogen_bond,GLC:B:1:N1,N1,GLC,B,1
GAC_156,/home/wms/AF2-test/AF2-CatGraph/results/GAC/02_template_guided_docking/complexes/GAC_156_complex.pdb,results/GAC/05_plip_interaction_graphs/plip_outputs/GAC_156/report.xml,hydrogen_bonds,O1,VAL413A,2318,hydrogen_bonds,hydrogen_bond,GLC:B:1:O1,O1,GLC,B,1
GAC_159,/home/wms/AF2-test/AF2-CatGraph/results/GAC/02_template_guided_docking/complexes/GAC_159_complex.pdb,results/GAC/05_plip_interaction_graphs/plip_outputs/GAC_159/report.xml,hydrophobic_interactions,C2,VAL413A,2319,hydrophobic_interactions,hydrophobic_interaction,GLC:B:1:C2,C2,GLC,B,1
GAC_159,/home/wms/AF2-test/AF2-CatGraph/results/GAC/02_template_guided_docking/complexes/GAC_159_complex.pdb,results/GAC/05_plip_interaction_graphs/plip_outputs/GAC_159/report.xml,hydrogen_bonds,O1,SER215A,2318,hydrogen_bonds,hydrogen_bond,GLC:B:1:O1,O1,GLC,B,1
GAC_159,/home/wms/AF2-test/AF2-CatGraph/results/GAC/02_template_guided_docking/complexes/GAC_159_complex.pdb,results/GAC/05_plip_interaction_graphs/plip_outputs/GAC_159/report.xml,hydrogen_bonds,O2,ASN264A,2324,hydrogen_bonds,hydrogen_bond,GLC:B:1:O2,O2,GLC,B,1
GAC_159,/home/wms/AF2-test/AF2-CatGraph/results/GAC/02_template_guided_docking/complexes/GAC_159_complex.pdb,results/GAC/05_plip_interaction_graphs/plip_outputs/GAC_159/report.xml,hydrogen_bonds,O3,GLU310A,2325,hydrogen_bonds,hydrogen_bond,GLC:B:1:O3,O3,GLC,B,1
GAC_159,/home/wms/AF2-test/AF2-CatGraph/results/GAC/02_template_guided_docking/complexes/GAC_159_complex.pdb,results/GAC/05_plip_interaction_graphs/plip_outputs/GAC_159/report.xml,hydrogen_bonds,N2,GLU310A,2322,hydrogen_bonds,hydrogen_bond,GLC:B:1:N2,N2,GLC,B,1
GAC_159,/home/wms/AF2-test/AF2-CatGraph/results/GAC/02_template_guided_docking/complexes/GAC_159_complex.pdb,results/GAC/05_plip_interaction_graphs/plip_outputs/GAC_159/report.xml,hydrogen_bonds,O2,ASN317A,2324,hydrogen_bonds,hydrogen_bond,GLC:B:1:O2,O2,GLC,B,1
GAC_159,/home/wms/AF2-test/AF2-CatGraph/results/GAC/02_template_guided_docking/complexes/GAC_159_complex.pdb,results/GAC/05_plip_interaction_graphs/plip_outputs/GAC_159/report.xml,hydrogen_bonds,O2,TYR343A,2324,hydrogen_bonds,hydrogen_bond,GLC:B:1:O2,O2,GLC,B,1
GAC_159,/home/wms/AF2-test/AF2-CatGraph/results/GAC/02_template_guided_docking/complexes/GAC_159_complex.pdb,results/GAC/05_plip_interaction_graphs/plip_outputs/GAC_159/report.xml,hydrogen_bonds,O1,TYR395A,2318,hydrogen_bonds,hydrogen_bond,GLC:B:1:O1,O1,GLC,B,1
GAC_159,/home/wms/AF2-test/AF2-CatGraph/results/GAC/02_template_guided_docking/complexes/GAC_159_complex.pdb,results/GAC/05_plip_interaction_graphs/plip_outputs/GAC_159/report.xml,hydrogen_bonds,N1,TYR395A,2316,hydrogen_bonds,hydrogen_bond,GLC:B:1:N1,N1,GLC,B,1
GAC_159,/home/wms/AF2-test/AF2-CatGraph/results/GAC/02_template_guided_docking/complexes/GAC_159_complex.pdb,results/GAC/05_plip_interaction_graphs/plip_outputs/GAC_159/report.xml,hydrogen_bonds,O1,VAL413A,2318,hydrogen_bonds,hydrogen_bond,GLC:B:1:O1,O1,GLC,B,1
GAC_162,/home/wms/AF2-test/AF2-CatGraph/results/GAC/02_template_guided_docking/complexes/GAC_162_complex.pdb,results/GAC/05_plip_interaction_graphs/plip_outputs/GAC_162/report.xml,hydrophobic_interactions,C2,VAL413A,2319,hydrophobic_interactions,hydrophobic_interaction,GLC:B:1:C2,C2,GLC,B,1
GAC_162,/home/wms/AF2-test/AF2-CatGraph/results/GAC/02_template_guided_docking/complexes/GAC_162_complex.pdb,results/GAC/05_plip_interaction_graphs/plip_outputs/GAC_162/report.xml,hydrogen_bonds,O1,SER215A,2318,hydrogen_bonds,hydrogen_bond,GLC:B:1:O1,O1,GLC,B,1
GAC_162,/home/wms/AF2-test/AF2-CatGraph/results/GAC/02_template_guided_docking/complexes/GAC_162_complex.pdb,results/GAC/05_plip_interaction_graphs/plip_outputs/GAC_162/report.xml,hydrogen_bonds,O3,GLU310A,2325,hydrogen_bonds,hydrogen_bond,GLC:B:1:O3,O3,GLC,B,1
GAC_162,/home/wms/AF2-test/AF2-CatGraph/results/GAC/02_template_guided_docking/complexes/GAC_162_complex.pdb,results/GAC/05_plip_interaction_graphs/plip_outputs/GAC_162/report.xml,hydrogen_bonds,N2,GLU310A,2322,hydrogen_bonds,hydrogen_bond,GLC:B:1:N2,N2,GLC,B,1
GAC_162,/home/wms/AF2-test/AF2-CatGraph/results/GAC/02_template_guided_docking/complexes/GAC_162_complex.pdb,results/GAC/05_plip_interaction_graphs/plip_outputs/GAC_162/report.xml,hydrogen_bonds,O2,ASN317A,2324,hydrogen_bonds,hydrogen_bond,GLC:B:1:O2,O2,GLC,B,1
GAC_162,/home/wms/AF2-test/AF2-CatGraph/results/GAC/02_template_guided_docking/complexes/GAC_162_complex.pdb,results/GAC/05_plip_interaction_graphs/plip_outputs/GAC_162/report.xml,hydrogen_bonds,O2,TYR343A,2324,hydrogen_bonds,hydrogen_bond,GLC:B:1:O2,O2,GLC,B,1
GAC_162,/home/wms/AF2-test/AF2-CatGraph/results/GAC/02_template_guided_docking/complexes/GAC_162_complex.pdb,results/GAC/05_plip_interaction_graphs/plip_outputs/GAC_162/report.xml,hydrogen_bonds,O1,TYR395A,2318,hydrogen_bonds,hydrogen_bond,GLC:B:1:O1,O1,GLC,B,1
GAC_162,/home/wms/AF2-test/AF2-CatGraph/results/GAC/02_template_guided_docking/complexes/GAC_162_complex.pdb,results/GAC/05_plip_interaction_graphs/plip_outputs/GAC_162/report.xml,hydrogen_bonds,N1,TYR395A,2316,hydrogen_bonds,hydrogen_bond,GLC:B:1:N1,N1,GLC,B,1
GAC_162,/home/wms/AF2-test/AF2-CatGraph/results/GAC/02_template_guided_docking/complexes/GAC_162_complex.pdb,results/GAC/05_plip_interaction_graphs/plip_outputs/GAC_162/report.xml,hydrogen_bonds,O1,VAL413A,2318,hydrogen_bonds,hydrogen_bond,GLC:B:1:O1,O1,GLC,B,1
GAC_163,/home/wms/AF2-test/AF2-CatGraph/results/GAC/02_template_guided_docking/complexes/GAC_163_complex.pdb,results/GAC/05_plip_interaction_graphs/plip_outputs/GAC_163/report.xml,hydrophobic_interactions,C2,VAL413A,2319,hydrophobic_interactions,hydrophobic_interaction,GLC:B:1:C2,C2,GLC,B,1
GAC_163,/home/wms/AF2-test/AF2-CatGraph/results/GAC/02_template_guided_docking/complexes/GAC_163_complex.pdb,results/GAC/05_plip_interaction_graphs/plip_outputs/GAC_163/report.xml,hydrogen_bonds,N2,GLN214A,2322,hydrogen_bonds,hydrogen_bond,GLC:B:1:N2,N2,GLC,B,1
GAC_163,/home/wms/AF2-test/AF2-CatGraph/results/GAC/02_template_guided_docking/complexes/GAC_163_complex.pdb,results/GAC/05_plip_interaction_graphs/plip_outputs/GAC_163/report.xml,hydrogen_bonds,O1,SER215A,2318,hydrogen_bonds,hydrogen_bond,GLC:B:1:O1,O1,GLC,B,1
GAC_163,/home/wms/AF2-test/AF2-CatGraph/results/GAC/02_template_guided_docking/complexes/GAC_163_complex.pdb,results/GAC/05_plip_interaction_graphs/plip_outputs/GAC_163/report.xml,hydrogen_bonds,O2,ASN264A,2324,hydrogen_bonds,hydrogen_bond,GLC:B:1:O2,O2,GLC,B,1
GAC_163,/home/wms/AF2-test/AF2-CatGraph/results/GAC/02_template_guided_docking/complexes/GAC_163_complex.pdb,results/GAC/05_plip_interaction_graphs/plip_outputs/GAC_163/report.xml,hydrogen_bonds,O3,GLU310A,2325,hydrogen_bonds,hydrogen_bond,GLC:B:1:O3,O3,GLC,B,1
GAC_163,/home/wms/AF2-test/AF2-CatGraph/results/GAC/02_template_guided_docking/complexes/GAC_163_complex.pdb,results/GAC/05_plip_interaction_graphs/plip_outputs/GAC_163/report.xml,hydrogen_bonds,O2,ASN317A,2324,hydrogen_bonds,hydrogen_bond,GLC:B:1:O2,O2,GLC,B,1
GAC_163,/home/wms/AF2-test/AF2-CatGraph/results/GAC/02_template_guided_docking/complexes/GAC_163_complex.pdb,results/GAC/05_plip_interaction_graphs/plip_outputs/GAC_163/report.xml,hydrogen_bonds,O2,TYR343A,2324,hydrogen_bonds,hydrogen_bond,GLC:B:1:O2,O2,GLC,B,1
GAC_163,/home/wms/AF2-test/AF2-CatGraph/results/GAC/02_template_guided_docking/complexes/GAC_163_complex.pdb,results/GAC/05_plip_interaction_graphs/plip_outputs/GAC_163/report.xml,hydrogen_bonds,O1,TYR395A,2318,hydrogen_bonds,hydrogen_bond,GLC:B:1:O1,O1,GLC,B,1
GAC_163,/home/wms/AF2-test/AF2-CatGraph/results/GAC/02_template_guided_docking/complexes/GAC_163_complex.pdb,results/GAC/05_plip_interaction_graphs/plip_outputs/GAC_163/report.xml,hydrogen_bonds,N1,TYR395A,2316,hydrogen_bonds,hydrogen_bond,GLC:B:1:N1,N1,GLC,B,1
GAC_163,/home/wms/AF2-test/AF2-CatGraph/results/GAC/02_template_guided_docking/complexes/GAC_163_complex.pdb,results/GAC/05_plip_interaction_graphs/plip_outputs/GAC_163/report.xml,hydrogen_bonds,O1,VAL413A,2318,hydrogen_bonds,hydrogen_bond,GLC:B:1:O1,O1,GLC,B,1
GAC_164,/home/wms/AF2-test/AF2-CatGraph/results/GAC/02_template_guided_docking/complexes/GAC_164_complex.pdb,results/GAC/05_plip_interaction_graphs/plip_outputs/GAC_164/report.xml,hydrophobic_interactions,C2,VAL413A,2319,hydrophobic_interactions,hydrophobic_interaction,GLC:B:1:C2,C2,GLC,B,1
GAC_164,/home/wms/AF2-test/AF2-CatGraph/results/GAC/02_template_guided_docking/complexes/GAC_164_complex.pdb,results/GAC/05_plip_interaction_graphs/plip_outputs/GAC_164/report.xml,hydrogen_bonds,O1,SER215A,2318,hydrogen_bonds,hydrogen_bond,GLC:B:1:O1,O1,GLC,B,1
GAC_164,/home/wms/AF2-test/AF2-CatGraph/results/GAC/02_template_guided_docking/complexes/GAC_164_complex.pdb,results/GAC/05_plip_interaction_graphs/plip_outputs/GAC_164/report.xml,hydrogen_bonds,O2,ASN264A,2324,hydrogen_bonds,hydrogen_bond,GLC:B:1:O2,O2,GLC,B,1
GAC_164,/home/wms/AF2-test/AF2-CatGraph/results/GAC/02_template_guided_docking/complexes/GAC_164_complex.pdb,results/GAC/05_plip_interaction_graphs/plip_outputs/GAC_164/report.xml,hydrogen_bonds,O3,GLU310A,2325,hydrogen_bonds,hydrogen_bond,GLC:B:1:O3,O3,GLC,B,1
GAC_164,/home/wms/AF2-test/AF2-CatGraph/results/GAC/02_template_guided_docking/complexes/GAC_164_complex.pdb,results/GAC/05_plip_interaction_graphs/plip_outputs/GAC_164/report.xml,hydrogen_bonds,N2,GLU310A,2322,hydrogen_bonds,hydrogen_bond,GLC:B:1:N2,N2,GLC,B,1
GAC_164,/home/wms/AF2-test/AF2-CatGraph/results/GAC/02_template_guided_docking/complexes/GAC_164_complex.pdb,results/GAC/05_plip_interaction_graphs/plip_outputs/GAC_164/report.xml,hydrogen_bonds,O2,ASN317A,2324,hydrogen_bonds,hydrogen_bond,GLC:B:1:O2,O2,GLC,B,1
GAC_164,/home/wms/AF2-test/AF2-CatGraph/results/GAC/02_template_guided_docking/complexes/GAC_164_complex.pdb,results/GAC/05_plip_interaction_graphs/plip_outputs/GAC_164/report.xml,hydrogen_bonds,O2,TYR343A,2324,hydrogen_bonds,hydrogen_bond,GLC:B:1:O2,O2,GLC,B,1
GAC_164,/home/wms/AF2-test/AF2-CatGraph/results/GAC/02_template_guided_docking/complexes/GAC_164_complex.pdb,results/GAC/05_plip_interaction_graphs/plip_outputs/GAC_164/report.xml,hydrogen_bonds,O1,TYR395A,2318,hydrogen_bonds,hydrogen_bond,GLC:B:1:O1,O1,GLC,B,1
GAC_164,/home/wms/AF2-test/AF2-CatGraph/results/GAC/02_template_guided_docking/complexes/GAC_164_complex.pdb,results/GAC/05_plip_interaction_graphs/plip_outputs/GAC_164/report.xml,hydrogen_bonds,N1,TYR395A,2316,hydrogen_bonds,hydrogen_bond,GLC:B:1:N1,N1,GLC,B,1
GAC_164,/home/wms/AF2-test/AF2-CatGraph/results/GAC/02_template_guided_docking/complexes/GAC_164_complex.pdb,results/GAC/05_plip_interaction_graphs/plip_outputs/GAC_164/report.xml,hydrogen_bonds,O1,VAL413A,2318,hydrogen_bonds,hydrogen_bond,GLC:B:1:O1,O1,GLC,B,1
GAC_166,/home/wms/AF2-test/AF2-CatGraph/results/GAC/02_template_guided_docking/complexes/GAC_166_complex.pdb,results/GAC/05_plip_interaction_graphs/plip_outputs/GAC_166/report.xml,hydrophobic_interactions,C2,VAL413A,2319,hydrophobic_interactions,hydrophobic_interaction,GLC:B:1:C2,C2,GLC,B,1
GAC_166,/home/wms/AF2-test/AF2-CatGraph/results/GAC/02_template_guided_docking/complexes/GAC_166_complex.pdb,results/GAC/05_plip_interaction_graphs/plip_outputs/GAC_166/report.xml,hydrogen_bonds,O1,SER215A,2318,hydrogen_bonds,hydrogen_bond,GLC:B:1:O1,O1,GLC,B,1
GAC_166,/home/wms/AF2-test/AF2-CatGraph/results/GAC/02_template_guided_docking/complexes/GAC_166_complex.pdb,results/GAC/05_plip_interaction_graphs/plip_outputs/GAC_166/report.xml,hydrogen_bonds,O2,ASN264A,2324,hydrogen_bonds,hydrogen_bond,GLC:B:1:O2,O2,GLC,B,1
GAC_166,/home/wms/AF2-test/AF2-CatGraph/results/GAC/02_template_guided_docking/complexes/GAC_166_complex.pdb,results/GAC/05_plip_interaction_graphs/plip_outputs/GAC_166/report.xml,hydrogen_bonds,O3,GLU310A,2325,hydrogen_bonds,hydrogen_bond,GLC:B:1:O3,O3,GLC,B,1
GAC_166,/home/wms/AF2-test/AF2-CatGraph/results/GAC/02_template_guided_docking/complexes/GAC_166_complex.pdb,results/GAC/05_plip_interaction_graphs/plip_outputs/GAC_166/report.xml,hydrogen_bonds,N2,GLU310A,2322,hydrogen_bonds,hydrogen_bond,GLC:B:1:N2,N2,GLC,B,1
GAC_166,/home/wms/AF2-test/AF2-CatGraph/results/GAC/02_template_guided_docking/complexes/GAC_166_complex.pdb,results/GAC/05_plip_interaction_graphs/plip_outputs/GAC_166/report.xml,hydrogen_bonds,O2,ASN317A,2324,hydrogen_bonds,hydrogen_bond,GLC:B:1:O2,O2,GLC,B,1
GAC_166,/home/wms/AF2-test/AF2-CatGraph/results/GAC/02_template_guided_docking/complexes/GAC_166_complex.pdb,results/GAC/05_plip_interaction_graphs/plip_outputs/GAC_166/report.xml,hydrogen_bonds,O2,TYR343A,2324,hydrogen_bonds,hydrogen_bond,GLC:B:1:O2,O2,GLC,B,1
GAC_166,/home/wms/AF2-test/AF2-CatGraph/results/GAC/02_template_guided_docking/complexes/GAC_166_complex.pdb,results/GAC/05_plip_interaction_graphs/plip_outputs/GAC_166/report.xml,hydrogen_bonds,O1,TYR395A,2318,hydrogen_bonds,hydrogen_bond,GLC:B:1:O1,O1,GLC,B,1
GAC_166,/home/wms/AF2-test/AF2-CatGraph/results/GAC/02_template_guided_docking/complexes/GAC_166_complex.pdb,results/GAC/05_plip_interaction_graphs/plip_outputs/GAC_166/report.xml,hydrogen_bonds,N1,TYR395A,2316,hydrogen_bonds,hydrogen_bond,GLC:B:1:N1,N1,GLC,B,1
GAC_166,/home/wms/AF2-test/AF2-CatGraph/results/GAC/02_template_guided_docking/complexes/GAC_166_complex.pdb,results/GAC/05_plip_interaction_graphs/plip_outputs/GAC_166/report.xml,hydrogen_bonds,O1,VAL413A,2318,hydrogen_bonds,hydrogen_bond,GLC:B:1:O1,O1,GLC,B,1
GAC_167,/home/wms/AF2-test/AF2-CatGraph/results/GAC/02_template_guided_docking/complexes/GAC_167_complex.pdb,results/GAC/05_plip_interaction_graphs/plip_outputs/GAC_167/report.xml,hydrophobic_interactions,C2,VAL413A,2319,hydrophobic_interactions,hydrophobic_interaction,GLC:B:1:C2,C2,GLC,B,1
GAC_167,/home/wms/AF2-test/AF2-CatGraph/results/GAC/02_template_guided_docking/complexes/GAC_167_complex.pdb,results/GAC/05_plip_interaction_graphs/plip_outputs/GAC_167/report.xml,hydrogen_bonds,O1,SER215A,2318,hydrogen_bonds,hydrogen_bond,GLC:B:1:O1,O1,GLC,B,1
GAC_167,/home/wms/AF2-test/AF2-CatGraph/results/GAC/02_template_guided_docking/complexes/GAC_167_complex.pdb,results/GAC/05_plip_interaction_graphs/plip_outputs/GAC_167/report.xml,hydrogen_bonds,O2,ASN264A,2324,hydrogen_bonds,hydrogen_bond,GLC:B:1:O2,O2,GLC,B,1
GAC_167,/home/wms/AF2-test/AF2-CatGraph/results/GAC/02_template_guided_docking/complexes/GAC_167_complex.pdb,results/GAC/05_plip_interaction_graphs/plip_outputs/GAC_167/report.xml,hydrogen_bonds,O3,GLU310A,2325,hydrogen_bonds,hydrogen_bond,GLC:B:1:O3,O3,GLC,B,1
GAC_167,/home/wms/AF2-test/AF2-CatGraph/results/GAC/02_template_guided_docking/complexes/GAC_167_complex.pdb,results/GAC/05_plip_interaction_graphs/plip_outputs/GAC_167/report.xml,hydrogen_bonds,N2,GLU310A,2322,hydrogen_bonds,hydrogen_bond,GLC:B:1:N2,N2,GLC,B,1
GAC_167,/home/wms/AF2-test/AF2-CatGraph/results/GAC/02_template_guided_docking/complexes/GAC_167_complex.pdb,results/GAC/05_plip_interaction_graphs/plip_outputs/GAC_167/report.xml,hydrogen_bonds,O2,ASN317A,2324,hydrogen_bonds,hydrogen_bond,GLC:B:1:O2,O2,GLC,B,1
GAC_167,/home/wms/AF2-test/AF2-CatGraph/results/GAC/02_template_guided_docking/complexes/GAC_167_complex.pdb,results/GAC/05_plip_interaction_graphs/plip_outputs/GAC_167/report.xml,hydrogen_bonds,O2,TYR343A,2324,hydrogen_bonds,hydrogen_bond,GLC:B:1:O2,O2,GLC,B,1
GAC_167,/home/wms/AF2-test/AF2-CatGraph/results/GAC/02_template_guided_docking/complexes/GAC_167_complex.pdb,results/GAC/05_plip_interaction_graphs/plip_outputs/GAC_167/report.xml,hydrogen_bonds,O1,TYR395A,2318,hydrogen_bonds,hydrogen_bond,GLC:B:1:O1,O1,GLC,B,1
GAC_167,/home/wms/AF2-test/AF2-CatGraph/results/GAC/02_template_guided_docking/complexes/GAC_167_complex.pdb,results/GAC/05_plip_interaction_graphs/plip_outputs/GAC_167/report.xml,hydrogen_bonds,N1,TYR395A,2316,hydrogen_bonds,hydrogen_bond,GLC:B:1:N1,N1,GLC,B,1
GAC_167,/home/wms/AF2-test/AF2-CatGraph/results/GAC/02_template_guided_docking/complexes/GAC_167_complex.pdb,results/GAC/05_plip_interaction_graphs/plip_outputs/GAC_167/report.xml,hydrogen_bonds,O1,VAL413A,2318,hydrogen_bonds,hydrogen_bond,GLC:B:1:O1,O1,GLC,B,1
GAC_168,/home/wms/AF2-test/AF2-CatGraph/results/GAC/02_template_guided_docking/complexes/GAC_168_complex.pdb,results/GAC/05_plip_interaction_graphs/plip_outputs/GAC_168/report.xml,hydrophobic_interactions,C2,VAL413A,2319,hydrophobic_interactions,hydrophobic_interaction,GLC:B:1:C2,C2,GLC,B,1
GAC_168,/home/wms/AF2-test/AF2-CatGraph/results/GAC/02_template_guided_docking/complexes/GAC_168_complex.pdb,results/GAC/05_plip_interaction_graphs/plip_outputs/GAC_168/report.xml,hydrogen_bonds,O1,SER215A,2318,hydrogen_bonds,hydrogen_bond,GLC:B:1:O1,O1,GLC,B,1
GAC_168,/home/wms/AF2-test/AF2-CatGraph/results/GAC/02_template_guided_docking/complexes/GAC_168_complex.pdb,results/GAC/05_plip_interaction_graphs/plip_outputs/GAC_168/report.xml,hydrogen_bonds,O2,ASN264A,2324,hydrogen_bonds,hydrogen_bond,GLC:B:1:O2,O2,GLC,B,1
GAC_168,/home/wms/AF2-test/AF2-CatGraph/results/GAC/02_template_guided_docking/complexes/GAC_168_complex.pdb,results/GAC/05_plip_interaction_graphs/plip_outputs/GAC_168/report.xml,hydrogen_bonds,O3,GLU310A,2325,hydrogen_bonds,hydrogen_bond,GLC:B:1:O3,O3,GLC,B,1
GAC_168,/home/wms/AF2-test/AF2-CatGraph/results/GAC/02_template_guided_docking/complexes/GAC_168_complex.pdb,results/GAC/05_plip_interaction_graphs/plip_outputs/GAC_168/report.xml,hydrogen_bonds,N2,GLU310A,2322,hydrogen_bonds,hydrogen_bond,GLC:B:1:N2,N2,GLC,B,1
GAC_168,/home/wms/AF2-test/AF2-CatGraph/results/GAC/02_template_guided_docking/complexes/GAC_168_complex.pdb,results/GAC/05_plip_interaction_graphs/plip_outputs/GAC_168/report.xml,hydrogen_bonds,O2,ASN317A,2324,hydrogen_bonds,hydrogen_bond,GLC:B:1:O2,O2,GLC,B,1
GAC_168,/home/wms/AF2-test/AF2-CatGraph/results/GAC/02_template_guided_docking/complexes/GAC_168_complex.pdb,results/GAC/05_plip_interaction_graphs/plip_outputs/GAC_168/report.xml,hydrogen_bonds,O2,TYR343A,2324,hydrogen_bonds,hydrogen_bond,GLC:B:1:O2,O2,GLC,B,1
GAC_168,/home/wms/AF2-test/AF2-CatGraph/results/GAC/02_template_guided_docking/complexes/GAC_168_complex.pdb,results/GAC/05_plip_interaction_graphs/plip_outputs/GAC_168/report.xml,hydrogen_bonds,O1,TYR395A,2318,hydrogen_bonds,hydrogen_bond,GLC:B:1:O1,O1,GLC,B,1
GAC_168,/home/wms/AF2-test/AF2-CatGraph/results/GAC/02_template_guided_docking/complexes/GAC_168_complex.pdb,results/GAC/05_plip_interaction_graphs/plip_outputs/GAC_168/report.xml,hydrogen_bonds,N1,TYR395A,2316,hydrogen_bonds,hydrogen_bond,GLC:B:1:N1,N1,GLC,B,1
GAC_168,/home/wms/AF2-test/AF2-CatGraph/results/GAC/02_template_guided_docking/complexes/GAC_168_complex.pdb,results/GAC/05_plip_interaction_graphs/plip_outputs/GAC_168/report.xml,hydrogen_bonds,O1,VAL413A,2318,hydrogen_bonds,hydrogen_bond,GLC:B:1:O1,O1,GLC,B,1
GAC_169,/home/wms/AF2-test/AF2-CatGraph/results/GAC/02_template_guided_docking/complexes/GAC_169_complex.pdb,results/GAC/05_plip_interaction_graphs/plip_outputs/GAC_169/report.xml,hydrophobic_interactions,C2,VAL413A,2319,hydrophobic_interactions,hydrophobic_interaction,GLC:B:1:C2,C2,GLC,B,1
GAC_169,/home/wms/AF2-test/AF2-CatGraph/results/GAC/02_template_guided_docking/complexes/GAC_169_complex.pdb,results/GAC/05_plip_interaction_graphs/plip_outputs/GAC_169/report.xml,hydrogen_bonds,N2,GLN214A,2322,hydrogen_bonds,hydrogen_bond,GLC:B:1:N2,N2,GLC,B,1
GAC_169,/home/wms/AF2-test/AF2-CatGraph/results/GAC/02_template_guided_docking/complexes/GAC_169_complex.pdb,results/GAC/05_plip_interaction_graphs/plip_outputs/GAC_169/report.xml,hydrogen_bonds,O1,SER215A,2318,hydrogen_bonds,hydrogen_bond,GLC:B:1:O1,O1,GLC,B,1
GAC_169,/home/wms/AF2-test/AF2-CatGraph/results/GAC/02_template_guided_docking/complexes/GAC_169_complex.pdb,results/GAC/05_plip_interaction_graphs/plip_outputs/GAC_169/report.xml,hydrogen_bonds,O2,ASN264A,2324,hydrogen_bonds,hydrogen_bond,GLC:B:1:O2,O2,GLC,B,1
GAC_169,/home/wms/AF2-test/AF2-CatGraph/results/GAC/02_template_guided_docking/complexes/GAC_169_complex.pdb,results/GAC/05_plip_interaction_graphs/plip_outputs/GAC_169/report.xml,hydrogen_bonds,O2,ASN317A,2324,hydrogen_bonds,hydrogen_bond,GLC:B:1:O2,O2,GLC,B,1
GAC_169,/home/wms/AF2-test/AF2-CatGraph/results/GAC/02_template_guided_docking/complexes/GAC_169_complex.pdb,results/GAC/05_plip_interaction_graphs/plip_outputs/GAC_169/report.xml,hydrogen_bonds,O2,TYR343A,2324,hydrogen_bonds,hydrogen_bond,GLC:B:1:O2,O2,GLC,B,1
GAC_169,/home/wms/AF2-test/AF2-CatGraph/results/GAC/02_template_guided_docking/complexes/GAC_169_complex.pdb,results/GAC/05_plip_interaction_graphs/plip_outputs/GAC_169/report.xml,hydrogen_bonds,O1,TYR395A,2318,hydrogen_bonds,hydrogen_bond,GLC:B:1:O1,O1,GLC,B,1
GAC_169,/home/wms/AF2-test/AF2-CatGraph/results/GAC/02_template_guided_docking/complexes/GAC_169_complex.pdb,results/GAC/05_plip_interaction_graphs/plip_outputs/GAC_169/report.xml,hydrogen_bonds,N1,TYR395A,2316,hydrogen_bonds,hydrogen_bond,GLC:B:1:N1,N1,GLC,B,1
GAC_169,/home/wms/AF2-test/AF2-CatGraph/results/GAC/02_template_guided_docking/complexes/GAC_169_complex.pdb,results/GAC/05_plip_interaction_graphs/plip_outputs/GAC_169/report.xml,hydrogen_bonds,O1,VAL413A,2318,hydrogen_bonds,hydrogen_bond,GLC:B:1:O1,O1,GLC,B,1
GAC_170,/home/wms/AF2-test/AF2-CatGraph/results/GAC/02_template_guided_docking/complexes/GAC_170_complex.pdb,results/GAC/05_plip_interaction_graphs/plip_outputs/GAC_170/report.xml,hydrophobic_interactions,C2,VAL413A,2319,hydrophobic_interactions,hydrophobic_interaction,GLC:B:1:C2,C2,GLC,B,1
GAC_170,/home/wms/AF2-test/AF2-CatGraph/results/GAC/02_template_guided_docking/complexes/GAC_170_complex.pdb,results/GAC/05_plip_interaction_graphs/plip_outputs/GAC_170/report.xml,hydrogen_bonds,O1,SER215A,2318,hydrogen_bonds,hydrogen_bond,GLC:B:1:O1,O1,GLC,B,1
GAC_170,/home/wms/AF2-test/AF2-CatGraph/results/GAC/02_template_guided_docking/complexes/GAC_170_complex.pdb,results/GAC/05_plip_interaction_graphs/plip_outputs/GAC_170/report.xml,hydrogen_bonds,O2,ASN264A,2324,hydrogen_bonds,hydrogen_bond,GLC:B:1:O2,O2,GLC,B,1
GAC_170,/home/wms/AF2-test/AF2-CatGraph/results/GAC/02_template_guided_docking/complexes/GAC_170_complex.pdb,results/GAC/05_plip_interaction_graphs/plip_outputs/GAC_170/report.xml,hydrogen_bonds,O3,GLU310A,2325,hydrogen_bonds,hydrogen_bond,GLC:B:1:O3,O3,GLC,B,1
GAC_170,/home/wms/AF2-test/AF2-CatGraph/results/GAC/02_template_guided_docking/complexes/GAC_170_complex.pdb,results/GAC/05_plip_interaction_graphs/plip_outputs/GAC_170/report.xml,hydrogen_bonds,N2,GLU310A,2322,hydrogen_bonds,hydrogen_bond,GLC:B:1:N2,N2,GLC,B,1
GAC_170,/home/wms/AF2-test/AF2-CatGraph/results/GAC/02_template_guided_docking/complexes/GAC_170_complex.pdb,results/GAC/05_plip_interaction_graphs/plip_outputs/GAC_170/report.xml,hydrogen_bonds,O2,ASN317A,2324,hydrogen_bonds,hydrogen_bond,GLC:B:1:O2,O2,GLC,B,1
GAC_170,/home/wms/AF2-test/AF2-CatGraph/results/GAC/02_template_guided_docking/complexes/GAC_170_complex.pdb,results/GAC/05_plip_interaction_graphs/plip_outputs/GAC_170/report.xml,hydrogen_bonds,O2,TYR343A,2324,hydrogen_bonds,hydrogen_bond,GLC:B:1:O2,O2,GLC,B,1
GAC_170,/home/wms/AF2-test/AF2-CatGraph/results/GAC/02_template_guided_docking/complexes/GAC_170_complex.pdb,results/GAC/05_plip_interaction_graphs/plip_outputs/GAC_170/report.xml,hydrogen_bonds,O1,TYR395A,2318,hydrogen_bonds,hydrogen_bond,GLC:B:1:O1,O1,GLC,B,1
GAC_170,/home/wms/AF2-test/AF2-CatGraph/results/GAC/02_template_guided_docking/complexes/GAC_170_complex.pdb,results/GAC/05_plip_interaction_graphs/plip_outputs/GAC_170/report.xml,hydrogen_bonds,N1,TYR395A,2316,hydrogen_bonds,hydrogen_bond,GLC:B:1:N1,N1,GLC,B,1
GAC_170,/home/wms/AF2-test/AF2-CatGraph/results/GAC/02_template_guided_docking/complexes/GAC_170_complex.pdb,results/GAC/05_plip_interaction_graphs/plip_outputs/GAC_170/report.xml,hydrogen_bonds,O1,VAL413A,2318,hydrogen_bonds,hydrogen_bond,GLC:B:1:O1,O1,GLC,B,1
GAC_171,/home/wms/AF2-test/AF2-CatGraph/results/GAC/02_template_guided_docking/complexes/GAC_171_complex.pdb,results/GAC/05_plip_interaction_graphs/plip_outputs/GAC_171/report.xml,hydrophobic_interactions,C2,VAL413A,2319,hydrophobic_interactions,hydrophobic_interaction,GLC:B:1:C2,C2,GLC,B,1
GAC_171,/home/wms/AF2-test/AF2-CatGraph/results/GAC/02_template_guided_docking/complexes/GAC_171_complex.pdb,results/GAC/05_plip_interaction_graphs/plip_outputs/GAC_171/report.xml,hydrogen_bonds,O1,SER215A,2318,hydrogen_bonds,hydrogen_bond,GLC:B:1:O1,O1,GLC,B,1
GAC_171,/home/wms/AF2-test/AF2-CatGraph/results/GAC/02_template_guided_docking/complexes/GAC_171_complex.pdb,results/GAC/05_plip_interaction_graphs/plip_outputs/GAC_171/report.xml,hydrogen_bonds,O2,ASN264A,2324,hydrogen_bonds,hydrogen_bond,GLC:B:1:O2,O2,GLC,B,1
GAC_171,/home/wms/AF2-test/AF2-CatGraph/results/GAC/02_template_guided_docking/complexes/GAC_171_complex.pdb,results/GAC/05_plip_interaction_graphs/plip_outputs/GAC_171/report.xml,hydrogen_bonds,O3,GLU310A,2325,hydrogen_bonds,hydrogen_bond,GLC:B:1:O3,O3,GLC,B,1
GAC_171,/home/wms/AF2-test/AF2-CatGraph/results/GAC/02_template_guided_docking/complexes/GAC_171_complex.pdb,results/GAC/05_plip_interaction_graphs/plip_outputs/GAC_171/report.xml,hydrogen_bonds,N2,GLU310A,2322,hydrogen_bonds,hydrogen_bond,GLC:B:1:N2,N2,GLC,B,1
GAC_171,/home/wms/AF2-test/AF2-CatGraph/results/GAC/02_template_guided_docking/complexes/GAC_171_complex.pdb,results/GAC/05_plip_interaction_graphs/plip_outputs/GAC_171/report.xml,hydrogen_bonds,O2,ASN317A,2324,hydrogen_bonds,hydrogen_bond,GLC:B:1:O2,O2,GLC,B,1
GAC_171,/home/wms/AF2-test/AF2-CatGraph/results/GAC/02_template_guided_docking/complexes/GAC_171_complex.pdb,results/GAC/05_plip_interaction_graphs/plip_outputs/GAC_171/report.xml,hydrogen_bonds,O2,TYR343A,2324,hydrogen_bonds,hydrogen_bond,GLC:B:1:O2,O2,GLC,B,1
GAC_171,/home/wms/AF2-test/AF2-CatGraph/results/GAC/02_template_guided_docking/complexes/GAC_171_complex.pdb,results/GAC/05_plip_interaction_graphs/plip_outputs/GAC_171/report.xml,hydrogen_bonds,N2,CYS347A,2322,hydrogen_bonds,hydrogen_bond,GLC:B:1:N2,N2,GLC,B,1
GAC_171,/home/wms/AF2-test/AF2-CatGraph/results/GAC/02_template_guided_docking/complexes/GAC_171_complex.pdb,results/GAC/05_plip_interaction_graphs/plip_outputs/GAC_171/report.xml,hydrogen_bonds,O1,TYR395A,2318,hydrogen_bonds,hydrogen_bond,GLC:B:1:O1,O1,GLC,B,1
GAC_171,/home/wms/AF2-test/AF2-CatGraph/results/GAC/02_template_guided_docking/complexes/GAC_171_complex.pdb,results/GAC/05_plip_interaction_graphs/plip_outputs/GAC_171/report.xml,hydrogen_bonds,N1,TYR395A,2316,hydrogen_bonds,hydrogen_bond,GLC:B:1:N1,N1,GLC,B,1
GAC_171,/home/wms/AF2-test/AF2-CatGraph/results/GAC/02_template_guided_docking/complexes/GAC_171_complex.pdb,results/GAC/05_plip_interaction_graphs/plip_outputs/GAC_171/report.xml,hydrogen_bonds,O1,VAL413A,2318,hydrogen_bonds,hydrogen_bond,GLC:B:1:O1,O1,GLC,B,1
GAC_172,/home/wms/AF2-test/AF2-CatGraph/results/GAC/02_template_guided_docking/complexes/GAC_172_complex.pdb,results/GAC/05_plip_interaction_graphs/plip_outputs/GAC_172/report.xml,hydrophobic_interactions,C2,VAL413A,2319,hydrophobic_interactions,hydrophobic_interaction,GLC:B:1:C2,C2,GLC,B,1
GAC_172,/home/wms/AF2-test/AF2-CatGraph/results/GAC/02_template_guided_docking/complexes/GAC_172_complex.pdb,results/GAC/05_plip_interaction_graphs/plip_outputs/GAC_172/report.xml,hydrogen_bonds,O1,SER215A,2318,hydrogen_bonds,hydrogen_bond,GLC:B:1:O1,O1,GLC,B,1
GAC_172,/home/wms/AF2-test/AF2-CatGraph/results/GAC/02_template_guided_docking/complexes/GAC_172_complex.pdb,results/GAC/05_plip_interaction_graphs/plip_outputs/GAC_172/report.xml,hydrogen_bonds,O2,ASN264A,2324,hydrogen_bonds,hydrogen_bond,GLC:B:1:O2,O2,GLC,B,1
GAC_172,/home/wms/AF2-test/AF2-CatGraph/results/GAC/02_template_guided_docking/complexes/GAC_172_complex.pdb,results/GAC/05_plip_interaction_graphs/plip_outputs/GAC_172/report.xml,hydrogen_bonds,O3,GLU310A,2325,hydrogen_bonds,hydrogen_bond,GLC:B:1:O3,O3,GLC,B,1
GAC_172,/home/wms/AF2-test/AF2-CatGraph/results/GAC/02_template_guided_docking/complexes/GAC_172_complex.pdb,results/GAC/05_plip_interaction_graphs/plip_outputs/GAC_172/report.xml,hydrogen_bonds,N2,GLU310A,2322,hydrogen_bonds,hydrogen_bond,GLC:B:1:N2,N2,GLC,B,1
GAC_172,/home/wms/AF2-test/AF2-CatGraph/results/GAC/02_template_guided_docking/complexes/GAC_172_complex.pdb,results/GAC/05_plip_interaction_graphs/plip_outputs/GAC_172/report.xml,hydrogen_bonds,O2,ASN317A,2324,hydrogen_bonds,hydrogen_bond,GLC:B:1:O2,O2,GLC,B,1
GAC_172,/home/wms/AF2-test/AF2-CatGraph/results/GAC/02_template_guided_docking/complexes/GAC_172_complex.pdb,results/GAC/05_plip_interaction_graphs/plip_outputs/GAC_172/report.xml,hydrogen_bonds,O2,TYR343A,2324,hydrogen_bonds,hydrogen_bond,GLC:B:1:O2,O2,GLC,B,1
GAC_172,/home/wms/AF2-test/AF2-CatGraph/results/GAC/02_template_guided_docking/complexes/GAC_172_complex.pdb,results/GAC/05_plip_interaction_graphs/plip_outputs/GAC_172/report.xml,hydrogen_bonds,O1,TYR395A,2318,hydrogen_bonds,hydrogen_bond,GLC:B:1:O1,O1,GLC,B,1
GAC_172,/home/wms/AF2-test/AF2-CatGraph/results/GAC/02_template_guided_docking/complexes/GAC_172_complex.pdb,results/GAC/05_plip_interaction_graphs/plip_outputs/GAC_172/report.xml,hydrogen_bonds,N1,TYR395A,2316,hydrogen_bonds,hydrogen_bond,GLC:B:1:N1,N1,GLC,B,1
GAC_172,/home/wms/AF2-test/AF2-CatGraph/results/GAC/02_template_guided_docking/complexes/GAC_172_complex.pdb,results/GAC/05_plip_interaction_graphs/plip_outputs/GAC_172/report.xml,hydrogen_bonds,O1,VAL413A,2318,hydrogen_bonds,hydrogen_bond,GLC:B:1:O1,O1,GLC,B,1
GAC_174,/home/wms/AF2-test/AF2-CatGraph/results/GAC/02_template_guided_docking/complexes/GAC_174_complex.pdb,results/GAC/05_plip_interaction_graphs/plip_outputs/GAC_174/report.xml,hydrophobic_interactions,C2,VAL413A,2319,hydrophobic_interactions,hydrophobic_interaction,GLC:B:1:C2,C2,GLC,B,1
GAC_174,/home/wms/AF2-test/AF2-CatGraph/results/GAC/02_template_guided_docking/complexes/GAC_174_complex.pdb,results/GAC/05_plip_interaction_graphs/plip_outputs/GAC_174/report.xml,hydrogen_bonds,N2,GLN214A,2322,hydrogen_bonds,hydrogen_bond,GLC:B:1:N2,N2,GLC,B,1
GAC_174,/home/wms/AF2-test/AF2-CatGraph/results/GAC/02_template_guided_docking/complexes/GAC_174_complex.pdb,results/GAC/05_plip_interaction_graphs/plip_outputs/GAC_174/report.xml,hydrogen_bonds,O1,SER215A,2318,hydrogen_bonds,hydrogen_bond,GLC:B:1:O1,O1,GLC,B,1
GAC_174,/home/wms/AF2-test/AF2-CatGraph/results/GAC/02_template_guided_docking/complexes/GAC_174_complex.pdb,results/GAC/05_plip_interaction_graphs/plip_outputs/GAC_174/report.xml,hydrogen_bonds,O2,ASN264A,2324,hydrogen_bonds,hydrogen_bond,GLC:B:1:O2,O2,GLC,B,1
GAC_174,/home/wms/AF2-test/AF2-CatGraph/results/GAC/02_template_guided_docking/complexes/GAC_174_complex.pdb,results/GAC/05_plip_interaction_graphs/plip_outputs/GAC_174/report.xml,hydrogen_bonds,O3,GLU310A,2325,hydrogen_bonds,hydrogen_bond,GLC:B:1:O3,O3,GLC,B,1
GAC_174,/home/wms/AF2-test/AF2-CatGraph/results/GAC/02_template_guided_docking/complexes/GAC_174_complex.pdb,results/GAC/05_plip_interaction_graphs/plip_outputs/GAC_174/report.xml,hydrogen_bonds,O2,ASN317A,2324,hydrogen_bonds,hydrogen_bond,GLC:B:1:O2,O2,GLC,B,1
GAC_174,/home/wms/AF2-test/AF2-CatGraph/results/GAC/02_template_guided_docking/complexes/GAC_174_complex.pdb,results/GAC/05_plip_interaction_graphs/plip_outputs/GAC_174/report.xml,hydrogen_bonds,O2,TYR343A,2324,hydrogen_bonds,hydrogen_bond,GLC:B:1:O2,O2,GLC,B,1
GAC_174,/home/wms/AF2-test/AF2-CatGraph/results/GAC/02_template_guided_docking/complexes/GAC_174_complex.pdb,results/GAC/05_plip_interaction_graphs/plip_outputs/GAC_174/report.xml,hydrogen_bonds,O1,TYR395A,2318,hydrogen_bonds,hydrogen_bond,GLC:B:1:O1,O1,GLC,B,1
GAC_174,/home/wms/AF2-test/AF2-CatGraph/results/GAC/02_template_guided_docking/complexes/GAC_174_complex.pdb,results/GAC/05_plip_interaction_graphs/plip_outputs/GAC_174/report.xml,hydrogen_bonds,N1,TYR395A,2316,hydrogen_bonds,hydrogen_bond,GLC:B:1:N1,N1,GLC,B,1
GAC_174,/home/wms/AF2-test/AF2-CatGraph/results/GAC/02_template_guided_docking/complexes/GAC_174_complex.pdb,results/GAC/05_plip_interaction_graphs/plip_outputs/GAC_174/report.xml,hydrogen_bonds,O1,VAL413A,2318,hydrogen_bonds,hydrogen_bond,GLC:B:1:O1,O1,GLC,B,1
GAC_175,/home/wms/AF2-test/AF2-CatGraph/results/GAC/02_template_guided_docking/complexes/GAC_175_complex.pdb,results/GAC/05_plip_interaction_graphs/plip_outputs/GAC_175/report.xml,hydrophobic_interactions,C2,VAL413A,2319,hydrophobic_interactions,hydrophobic_interaction,GLC:B:1:C2,C2,GLC,B,1
GAC_175,/home/wms/AF2-test/AF2-CatGraph/results/GAC/02_template_guided_docking/complexes/GAC_175_complex.pdb,results/GAC/05_plip_interaction_graphs/plip_outputs/GAC_175/report.xml,hydrogen_bonds,O1,SER215A,2318,hydrogen_bonds,hydrogen_bond,GLC:B:1:O1,O1,GLC,B,1
GAC_175,/home/wms/AF2-test/AF2-CatGraph/results/GAC/02_template_guided_docking/complexes/GAC_175_complex.pdb,results/GAC/05_plip_interaction_graphs/plip_outputs/GAC_175/report.xml,hydrogen_bonds,O2,ASN264A,2324,hydrogen_bonds,hydrogen_bond,GLC:B:1:O2,O2,GLC,B,1
GAC_175,/home/wms/AF2-test/AF2-CatGraph/results/GAC/02_template_guided_docking/complexes/GAC_175_complex.pdb,results/GAC/05_plip_interaction_graphs/plip_outputs/GAC_175/report.xml,hydrogen_bonds,O3,GLU310A,2325,hydrogen_bonds,hydrogen_bond,GLC:B:1:O3,O3,GLC,B,1
GAC_175,/home/wms/AF2-test/AF2-CatGraph/results/GAC/02_template_guided_docking/complexes/GAC_175_complex.pdb,results/GAC/05_plip_interaction_graphs/plip_outputs/GAC_175/report.xml,hydrogen_bonds,N2,GLU310A,2322,hydrogen_bonds,hydrogen_bond,GLC:B:1:N2,N2,GLC,B,1
GAC_175,/home/wms/AF2-test/AF2-CatGraph/results/GAC/02_template_guided_docking/complexes/GAC_175_complex.pdb,results/GAC/05_plip_interaction_graphs/plip_outputs/GAC_175/report.xml,hydrogen_bonds,O2,ASN317A,2324,hydrogen_bonds,hydrogen_bond,GLC:B:1:O2,O2,GLC,B,1
GAC_175,/home/wms/AF2-test/AF2-CatGraph/results/GAC/02_template_guided_docking/complexes/GAC_175_complex.pdb,results/GAC/05_plip_interaction_graphs/plip_outputs/GAC_175/report.xml,hydrogen_bonds,O2,TYR343A,2324,hydrogen_bonds,hydrogen_bond,GLC:B:1:O2,O2,GLC,B,1
GAC_175,/home/wms/AF2-test/AF2-CatGraph/results/GAC/02_template_guided_docking/complexes/GAC_175_complex.pdb,results/GAC/05_plip_interaction_graphs/plip_outputs/GAC_175/report.xml,hydrogen_bonds,O1,TYR395A,2318,hydrogen_bonds,hydrogen_bond,GLC:B:1:O1,O1,GLC,B,1
GAC_175,/home/wms/AF2-test/AF2-CatGraph/results/GAC/02_template_guided_docking/complexes/GAC_175_complex.pdb,results/GAC/05_plip_interaction_graphs/plip_outputs/GAC_175/report.xml,hydrogen_bonds,N1,TYR395A,2316,hydrogen_bonds,hydrogen_bond,GLC:B:1:N1,N1,GLC,B,1
GAC_175,/home/wms/AF2-test/AF2-CatGraph/results/GAC/02_template_guided_docking/complexes/GAC_175_complex.pdb,results/GAC/05_plip_interaction_graphs/plip_outputs/GAC_175/report.xml,hydrogen_bonds,O1,VAL413A,2318,hydrogen_bonds,hydrogen_bond,GLC:B:1:O1,O1,GLC,B,1
GAC_178,/home/wms/AF2-test/AF2-CatGraph/results/GAC/02_template_guided_docking/complexes/GAC_178_complex.pdb,results/GAC/05_plip_interaction_graphs/plip_outputs/GAC_178/report.xml,hydrophobic_interactions,C2,VAL413A,2319,hydrophobic_interactions,hydrophobic_interaction,GLC:B:1:C2,C2,GLC,B,1
GAC_178,/home/wms/AF2-test/AF2-CatGraph/results/GAC/02_template_guided_docking/complexes/GAC_178_complex.pdb,results/GAC/05_plip_interaction_graphs/plip_outputs/GAC_178/report.xml,hydrogen_bonds,O1,SER215A,2318,hydrogen_bonds,hydrogen_bond,GLC:B:1:O1,O1,GLC,B,1
GAC_178,/home/wms/AF2-test/AF2-CatGraph/results/GAC/02_template_guided_docking/complexes/GAC_178_complex.pdb,results/GAC/05_plip_interaction_graphs/plip_outputs/GAC_178/report.xml,hydrogen_bonds,O2,ASN264A,2324,hydrogen_bonds,hydrogen_bond,GLC:B:1:O2,O2,GLC,B,1
GAC_178,/home/wms/AF2-test/AF2-CatGraph/results/GAC/02_template_guided_docking/complexes/GAC_178_complex.pdb,results/GAC/05_plip_interaction_graphs/plip_outputs/GAC_178/report.xml,hydrogen_bonds,O3,GLU310A,2325,hydrogen_bonds,hydrogen_bond,GLC:B:1:O3,O3,GLC,B,1
GAC_178,/home/wms/AF2-test/AF2-CatGraph/results/GAC/02_template_guided_docking/complexes/GAC_178_complex.pdb,results/GAC/05_plip_interaction_graphs/plip_outputs/GAC_178/report.xml,hydrogen_bonds,N2,GLU310A,2322,hydrogen_bonds,hydrogen_bond,GLC:B:1:N2,N2,GLC,B,1
GAC_178,/home/wms/AF2-test/AF2-CatGraph/results/GAC/02_template_guided_docking/complexes/GAC_178_complex.pdb,results/GAC/05_plip_interaction_graphs/plip_outputs/GAC_178/report.xml,hydrogen_bonds,O2,ASN317A,2324,hydrogen_bonds,hydrogen_bond,GLC:B:1:O2,O2,GLC,B,1
GAC_178,/home/wms/AF2-test/AF2-CatGraph/results/GAC/02_template_guided_docking/complexes/GAC_178_complex.pdb,results/GAC/05_plip_interaction_graphs/plip_outputs/GAC_178/report.xml,hydrogen_bonds,O2,TYR343A,2324,hydrogen_bonds,hydrogen_bond,GLC:B:1:O2,O2,GLC,B,1
GAC_178,/home/wms/AF2-test/AF2-CatGraph/results/GAC/02_template_guided_docking/complexes/GAC_178_complex.pdb,results/GAC/05_plip_interaction_graphs/plip_outputs/GAC_178/report.xml,hydrogen_bonds,N1,TYR395A,2316,hydrogen_bonds,hydrogen_bond,GLC:B:1:N1,N1,GLC,B,1
GAC_178,/home/wms/AF2-test/AF2-CatGraph/results/GAC/02_template_guided_docking/complexes/GAC_178_complex.pdb,results/GAC/05_plip_interaction_graphs/plip_outputs/GAC_178/report.xml,hydrogen_bonds,O1,VAL413A,2318,hydrogen_bonds,hydrogen_bond,GLC:B:1:O1,O1,GLC,B,1
GAC_179,/home/wms/AF2-test/AF2-CatGraph/results/GAC/02_template_guided_docking/complexes/GAC_179_complex.pdb,results/GAC/05_plip_interaction_graphs/plip_outputs/GAC_179/report.xml,hydrophobic_interactions,C2,VAL413A,2319,hydrophobic_interactions,hydrophobic_interaction,GLC:B:1:C2,C2,GLC,B,1
GAC_179,/home/wms/AF2-test/AF2-CatGraph/results/GAC/02_template_guided_docking/complexes/GAC_179_complex.pdb,results/GAC/05_plip_interaction_graphs/plip_outputs/GAC_179/report.xml,hydrogen_bonds,O1,SER215A,2318,hydrogen_bonds,hydrogen_bond,GLC:B:1:O1,O1,GLC,B,1
GAC_179,/home/wms/AF2-test/AF2-CatGraph/results/GAC/02_template_guided_docking/complexes/GAC_179_complex.pdb,results/GAC/05_plip_interaction_graphs/plip_outputs/GAC_179/report.xml,hydrogen_bonds,O2,ASN264A,2324,hydrogen_bonds,hydrogen_bond,GLC:B:1:O2,O2,GLC,B,1
GAC_179,/home/wms/AF2-test/AF2-CatGraph/results/GAC/02_template_guided_docking/complexes/GAC_179_complex.pdb,results/GAC/05_plip_interaction_graphs/plip_outputs/GAC_179/report.xml,hydrogen_bonds,O3,GLU310A,2325,hydrogen_bonds,hydrogen_bond,GLC:B:1:O3,O3,GLC,B,1
GAC_179,/home/wms/AF2-test/AF2-CatGraph/results/GAC/02_template_guided_docking/complexes/GAC_179_complex.pdb,results/GAC/05_plip_interaction_graphs/plip_outputs/GAC_179/report.xml,hydrogen_bonds,N2,GLU310A,2322,hydrogen_bonds,hydrogen_bond,GLC:B:1:N2,N2,GLC,B,1
GAC_179,/home/wms/AF2-test/AF2-CatGraph/results/GAC/02_template_guided_docking/complexes/GAC_179_complex.pdb,results/GAC/05_plip_interaction_graphs/plip_outputs/GAC_179/report.xml,hydrogen_bonds,O2,ASN317A,2324,hydrogen_bonds,hydrogen_bond,GLC:B:1:O2,O2,GLC,B,1
GAC_179,/home/wms/AF2-test/AF2-CatGraph/results/GAC/02_template_guided_docking/complexes/GAC_179_complex.pdb,results/GAC/05_plip_interaction_graphs/plip_outputs/GAC_179/report.xml,hydrogen_bonds,O2,TYR343A,2324,hydrogen_bonds,hydrogen_bond,GLC:B:1:O2,O2,GLC,B,1
GAC_179,/home/wms/AF2-test/AF2-CatGraph/results/GAC/02_template_guided_docking/complexes/GAC_179_complex.pdb,results/GAC/05_plip_interaction_graphs/plip_outputs/GAC_179/report.xml,hydrogen_bonds,N2,CYS347A,2322,hydrogen_bonds,hydrogen_bond,GLC:B:1:N2,N2,GLC,B,1
GAC_179,/home/wms/AF2-test/AF2-CatGraph/results/GAC/02_template_guided_docking/complexes/GAC_179_complex.pdb,results/GAC/05_plip_interaction_graphs/plip_outputs/GAC_179/report.xml,hydrogen_bonds,O1,TYR395A,2318,hydrogen_bonds,hydrogen_bond,GLC:B:1:O1,O1,GLC,B,1
GAC_179,/home/wms/AF2-test/AF2-CatGraph/results/GAC/02_template_guided_docking/complexes/GAC_179_complex.pdb,results/GAC/05_plip_interaction_graphs/plip_outputs/GAC_179/report.xml,hydrogen_bonds,N1,TYR395A,2316,hydrogen_bonds,hydrogen_bond,GLC:B:1:N1,N1,GLC,B,1
GAC_179,/home/wms/AF2-test/AF2-CatGraph/results/GAC/02_template_guided_docking/complexes/GAC_179_complex.pdb,results/GAC/05_plip_interaction_graphs/plip_outputs/GAC_179/report.xml,hydrogen_bonds,O1,VAL413A,2318,hydrogen_bonds,hydrogen_bond,GLC:B:1:O1,O1,GLC,B,1
GAC_181,/home/wms/AF2-test/AF2-CatGraph/results/GAC/02_template_guided_docking/complexes/GAC_181_complex.pdb,results/GAC/05_plip_interaction_graphs/plip_outputs/GAC_181/report.xml,hydrophobic_interactions,C2,PHE247A,2319,hydrophobic_interactions,hydrophobic_interaction,GLC:B:1:C2,C2,GLC,B,1
GAC_181,/home/wms/AF2-test/AF2-CatGraph/results/GAC/02_template_guided_docking/complexes/GAC_181_complex.pdb,results/GAC/05_plip_interaction_graphs/plip_outputs/GAC_181/report.xml,hydrophobic_interactions,C2,VAL413A,2319,hydrophobic_interactions,hydrophobic_interaction,GLC:B:1:C2,C2,GLC,B,1
GAC_181,/home/wms/AF2-test/AF2-CatGraph/results/GAC/02_template_guided_docking/complexes/GAC_181_complex.pdb,results/GAC/05_plip_interaction_graphs/plip_outputs/GAC_181/report.xml,hydrogen_bonds,O1,SER215A,2318,hydrogen_bonds,hydrogen_bond,GLC:B:1:O1,O1,GLC,B,1
GAC_181,/home/wms/AF2-test/AF2-CatGraph/results/GAC/02_template_guided_docking/complexes/GAC_181_complex.pdb,results/GAC/05_plip_interaction_graphs/plip_outputs/GAC_181/report.xml,hydrogen_bonds,O2,ASN264A,2324,hydrogen_bonds,hydrogen_bond,GLC:B:1:O2,O2,GLC,B,1
GAC_181,/home/wms/AF2-test/AF2-CatGraph/results/GAC/02_template_guided_docking/complexes/GAC_181_complex.pdb,results/GAC/05_plip_interaction_graphs/plip_outputs/GAC_181/report.xml,hydrogen_bonds,O3,GLU310A,2325,hydrogen_bonds,hydrogen_bond,GLC:B:1:O3,O3,GLC,B,1
GAC_181,/home/wms/AF2-test/AF2-CatGraph/results/GAC/02_template_guided_docking/complexes/GAC_181_complex.pdb,results/GAC/05_plip_interaction_graphs/plip_outputs/GAC_181/report.xml,hydrogen_bonds,N2,GLU310A,2322,hydrogen_bonds,hydrogen_bond,GLC:B:1:N2,N2,GLC,B,1
GAC_181,/home/wms/AF2-test/AF2-CatGraph/results/GAC/02_template_guided_docking/complexes/GAC_181_complex.pdb,results/GAC/05_plip_interaction_graphs/plip_outputs/GAC_181/report.xml,hydrogen_bonds,O2,ASN317A,2324,hydrogen_bonds,hydrogen_bond,GLC:B:1:O2,O2,GLC,B,1
GAC_181,/home/wms/AF2-test/AF2-CatGraph/results/GAC/02_template_guided_docking/complexes/GAC_181_complex.pdb,results/GAC/05_plip_interaction_graphs/plip_outputs/GAC_181/report.xml,hydrogen_bonds,O2,TYR343A,2324,hydrogen_bonds,hydrogen_bond,GLC:B:1:O2,O2,GLC,B,1
GAC_181,/home/wms/AF2-test/AF2-CatGraph/results/GAC/02_template_guided_docking/complexes/GAC_181_complex.pdb,results/GAC/05_plip_interaction_graphs/plip_outputs/GAC_181/report.xml,hydrogen_bonds,O3,CYS347A,2325,hydrogen_bonds,hydrogen_bond,GLC:B:1:O3,O3,GLC,B,1
GAC_181,/home/wms/AF2-test/AF2-CatGraph/results/GAC/02_template_guided_docking/complexes/GAC_181_complex.pdb,results/GAC/05_plip_interaction_graphs/plip_outputs/GAC_181/report.xml,hydrogen_bonds,N1,TYR395A,2316,hydrogen_bonds,hydrogen_bond,GLC:B:1:N1,N1,GLC,B,1
GAC_181,/home/wms/AF2-test/AF2-CatGraph/results/GAC/02_template_guided_docking/complexes/GAC_181_complex.pdb,results/GAC/05_plip_interaction_graphs/plip_outputs/GAC_181/report.xml,hydrogen_bonds,O1,VAL413A,2318,hydrogen_bonds,hydrogen_bond,GLC:B:1:O1,O1,GLC,B,1
GAC_182,/home/wms/AF2-test/AF2-CatGraph/results/GAC/02_template_guided_docking/complexes/GAC_182_complex.pdb,results/GAC/05_plip_interaction_graphs/plip_outputs/GAC_182/report.xml,hydrophobic_interactions,C2,VAL413A,2319,hydrophobic_interactions,hydrophobic_interaction,GLC:B:1:C2,C2,GLC,B,1
GAC_182,/home/wms/AF2-test/AF2-CatGraph/results/GAC/02_template_guided_docking/complexes/GAC_182_complex.pdb,results/GAC/05_plip_interaction_graphs/plip_outputs/GAC_182/report.xml,hydrogen_bonds,O1,SER215A,2318,hydrogen_bonds,hydrogen_bond,GLC:B:1:O1,O1,GLC,B,1
GAC_182,/home/wms/AF2-test/AF2-CatGraph/results/GAC/02_template_guided_docking/complexes/GAC_182_complex.pdb,results/GAC/05_plip_interaction_graphs/plip_outputs/GAC_182/report.xml,hydrogen_bonds,O2,ASN264A,2324,hydrogen_bonds,hydrogen_bond,GLC:B:1:O2,O2,GLC,B,1
GAC_182,/home/wms/AF2-test/AF2-CatGraph/results/GAC/02_template_guided_docking/complexes/GAC_182_complex.pdb,results/GAC/05_plip_interaction_graphs/plip_outputs/GAC_182/report.xml,hydrogen_bonds,O3,GLU310A,2325,hydrogen_bonds,hydrogen_bond,GLC:B:1:O3,O3,GLC,B,1
GAC_182,/home/wms/AF2-test/AF2-CatGraph/results/GAC/02_template_guided_docking/complexes/GAC_182_complex.pdb,results/GAC/05_plip_interaction_graphs/plip_outputs/GAC_182/report.xml,hydrogen_bonds,N2,GLU310A,2322,hydrogen_bonds,hydrogen_bond,GLC:B:1:N2,N2,GLC,B,1
GAC_182,/home/wms/AF2-test/AF2-CatGraph/results/GAC/02_template_guided_docking/complexes/GAC_182_complex.pdb,results/GAC/05_plip_interaction_graphs/plip_outputs/GAC_182/report.xml,hydrogen_bonds,O2,ASN317A,2324,hydrogen_bonds,hydrogen_bond,GLC:B:1:O2,O2,GLC,B,1
GAC_182,/home/wms/AF2-test/AF2-CatGraph/results/GAC/02_template_guided_docking/complexes/GAC_182_complex.pdb,results/GAC/05_plip_interaction_graphs/plip_outputs/GAC_182/report.xml,hydrogen_bonds,O2,TYR343A,2324,hydrogen_bonds,hydrogen_bond,GLC:B:1:O2,O2,GLC,B,1
GAC_182,/home/wms/AF2-test/AF2-CatGraph/results/GAC/02_template_guided_docking/complexes/GAC_182_complex.pdb,results/GAC/05_plip_interaction_graphs/plip_outputs/GAC_182/report.xml,hydrogen_bonds,O1,TYR395A,2318,hydrogen_bonds,hydrogen_bond,GLC:B:1:O1,O1,GLC,B,1
GAC_182,/home/wms/AF2-test/AF2-CatGraph/results/GAC/02_template_guided_docking/complexes/GAC_182_complex.pdb,results/GAC/05_plip_interaction_graphs/plip_outputs/GAC_182/report.xml,hydrogen_bonds,N1,TYR395A,2316,hydrogen_bonds,hydrogen_bond,GLC:B:1:N1,N1,GLC,B,1
GAC_182,/home/wms/AF2-test/AF2-CatGraph/results/GAC/02_template_guided_docking/complexes/GAC_182_complex.pdb,results/GAC/05_plip_interaction_graphs/plip_outputs/GAC_182/report.xml,hydrogen_bonds,O1,VAL413A,2318,hydrogen_bonds,hydrogen_bond,GLC:B:1:O1,O1,GLC,B,1
GAC_183,/home/wms/AF2-test/AF2-CatGraph/results/GAC/02_template_guided_docking/complexes/GAC_183_complex.pdb,results/GAC/05_plip_interaction_graphs/plip_outputs/GAC_183/report.xml,hydrophobic_interactions,C2,VAL413A,2319,hydrophobic_interactions,hydrophobic_interaction,GLC:B:1:C2,C2,GLC,B,1
GAC_183,/home/wms/AF2-test/AF2-CatGraph/results/GAC/02_template_guided_docking/complexes/GAC_183_complex.pdb,results/GAC/05_plip_interaction_graphs/plip_outputs/GAC_183/report.xml,hydrogen_bonds,O1,SER215A,2318,hydrogen_bonds,hydrogen_bond,GLC:B:1:O1,O1,GLC,B,1
GAC_183,/home/wms/AF2-test/AF2-CatGraph/results/GAC/02_template_guided_docking/complexes/GAC_183_complex.pdb,results/GAC/05_plip_interaction_graphs/plip_outputs/GAC_183/report.xml,hydrogen_bonds,O2,ASN264A,2324,hydrogen_bonds,hydrogen_bond,GLC:B:1:O2,O2,GLC,B,1
GAC_183,/home/wms/AF2-test/AF2-CatGraph/results/GAC/02_template_guided_docking/complexes/GAC_183_complex.pdb,results/GAC/05_plip_interaction_graphs/plip_outputs/GAC_183/report.xml,hydrogen_bonds,O3,GLU310A,2325,hydrogen_bonds,hydrogen_bond,GLC:B:1:O3,O3,GLC,B,1
GAC_183,/home/wms/AF2-test/AF2-CatGraph/results/GAC/02_template_guided_docking/complexes/GAC_183_complex.pdb,results/GAC/05_plip_interaction_graphs/plip_outputs/GAC_183/report.xml,hydrogen_bonds,N2,GLU310A,2322,hydrogen_bonds,hydrogen_bond,GLC:B:1:N2,N2,GLC,B,1
GAC_183,/home/wms/AF2-test/AF2-CatGraph/results/GAC/02_template_guided_docking/complexes/GAC_183_complex.pdb,results/GAC/05_plip_interaction_graphs/plip_outputs/GAC_183/report.xml,hydrogen_bonds,O2,ASN317A,2324,hydrogen_bonds,hydrogen_bond,GLC:B:1:O2,O2,GLC,B,1
GAC_183,/home/wms/AF2-test/AF2-CatGraph/results/GAC/02_template_guided_docking/complexes/GAC_183_complex.pdb,results/GAC/05_plip_interaction_graphs/plip_outputs/GAC_183/report.xml,hydrogen_bonds,O2,TYR343A,2324,hydrogen_bonds,hydrogen_bond,GLC:B:1:O2,O2,GLC,B,1
GAC_183,/home/wms/AF2-test/AF2-CatGraph/results/GAC/02_template_guided_docking/complexes/GAC_183_complex.pdb,results/GAC/05_plip_interaction_graphs/plip_outputs/GAC_183/report.xml,hydrogen_bonds,O1,TYR395A,2318,hydrogen_bonds,hydrogen_bond,GLC:B:1:O1,O1,GLC,B,1
GAC_183,/home/wms/AF2-test/AF2-CatGraph/results/GAC/02_template_guided_docking/complexes/GAC_183_complex.pdb,results/GAC/05_plip_interaction_graphs/plip_outputs/GAC_183/report.xml,hydrogen_bonds,N1,TYR395A,2316,hydrogen_bonds,hydrogen_bond,GLC:B:1:N1,N1,GLC,B,1
GAC_183,/home/wms/AF2-test/AF2-CatGraph/results/GAC/02_template_guided_docking/complexes/GAC_183_complex.pdb,results/GAC/05_plip_interaction_graphs/plip_outputs/GAC_183/report.xml,hydrogen_bonds,O1,VAL413A,2318,hydrogen_bonds,hydrogen_bond,GLC:B:1:O1,O1,GLC,B,1
GAC_184,/home/wms/AF2-test/AF2-CatGraph/results/GAC/02_template_guided_docking/complexes/GAC_184_complex.pdb,results/GAC/05_plip_interaction_graphs/plip_outputs/GAC_184/report.xml,hydrophobic_interactions,C2,VAL413A,2319,hydrophobic_interactions,hydrophobic_interaction,GLC:B:1:C2,C2,GLC,B,1
GAC_184,/home/wms/AF2-test/AF2-CatGraph/results/GAC/02_template_guided_docking/complexes/GAC_184_complex.pdb,results/GAC/05_plip_interaction_graphs/plip_outputs/GAC_184/report.xml,hydrogen_bonds,O1,SER215A,2318,hydrogen_bonds,hydrogen_bond,GLC:B:1:O1,O1,GLC,B,1
GAC_184,/home/wms/AF2-test/AF2-CatGraph/results/GAC/02_template_guided_docking/complexes/GAC_184_complex.pdb,results/GAC/05_plip_interaction_graphs/plip_outputs/GAC_184/report.xml,hydrogen_bonds,O2,ASN264A,2324,hydrogen_bonds,hydrogen_bond,GLC:B:1:O2,O2,GLC,B,1
GAC_184,/home/wms/AF2-test/AF2-CatGraph/results/GAC/02_template_guided_docking/complexes/GAC_184_complex.pdb,results/GAC/05_plip_interaction_graphs/plip_outputs/GAC_184/report.xml,hydrogen_bonds,O3,GLU310A,2325,hydrogen_bonds,hydrogen_bond,GLC:B:1:O3,O3,GLC,B,1
GAC_184,/home/wms/AF2-test/AF2-CatGraph/results/GAC/02_template_guided_docking/complexes/GAC_184_complex.pdb,results/GAC/05_plip_interaction_graphs/plip_outputs/GAC_184/report.xml,hydrogen_bonds,N2,GLU310A,2322,hydrogen_bonds,hydrogen_bond,GLC:B:1:N2,N2,GLC,B,1
GAC_184,/home/wms/AF2-test/AF2-CatGraph/results/GAC/02_template_guided_docking/complexes/GAC_184_complex.pdb,results/GAC/05_plip_interaction_graphs/plip_outputs/GAC_184/report.xml,hydrogen_bonds,O2,ASN317A,2324,hydrogen_bonds,hydrogen_bond,GLC:B:1:O2,O2,GLC,B,1
GAC_184,/home/wms/AF2-test/AF2-CatGraph/results/GAC/02_template_guided_docking/complexes/GAC_184_complex.pdb,results/GAC/05_plip_interaction_graphs/plip_outputs/GAC_184/report.xml,hydrogen_bonds,O2,TYR343A,2324,hydrogen_bonds,hydrogen_bond,GLC:B:1:O2,O2,GLC,B,1
GAC_184,/home/wms/AF2-test/AF2-CatGraph/results/GAC/02_template_guided_docking/complexes/GAC_184_complex.pdb,results/GAC/05_plip_interaction_graphs/plip_outputs/GAC_184/report.xml,hydrogen_bonds,N1,TYR395A,2316,hydrogen_bonds,hydrogen_bond,GLC:B:1:N1,N1,GLC,B,1
GAC_184,/home/wms/AF2-test/AF2-CatGraph/results/GAC/02_template_guided_docking/complexes/GAC_184_complex.pdb,results/GAC/05_plip_interaction_graphs/plip_outputs/GAC_184/report.xml,hydrogen_bonds,O1,VAL413A,2318,hydrogen_bonds,hydrogen_bond,GLC:B:1:O1,O1,GLC,B,1
GAC_186,/home/wms/AF2-test/AF2-CatGraph/results/GAC/02_template_guided_docking/complexes/GAC_186_complex.pdb,results/GAC/05_plip_interaction_graphs/plip_outputs/GAC_186/report.xml,hydrophobic_interactions,C2,VAL413A,2319,hydrophobic_interactions,hydrophobic_interaction,GLC:B:1:C2,C2,GLC,B,1
GAC_186,/home/wms/AF2-test/AF2-CatGraph/results/GAC/02_template_guided_docking/complexes/GAC_186_complex.pdb,results/GAC/05_plip_interaction_graphs/plip_outputs/GAC_186/report.xml,hydrogen_bonds,O1,SER215A,2318,hydrogen_bonds,hydrogen_bond,GLC:B:1:O1,O1,GLC,B,1
GAC_186,/home/wms/AF2-test/AF2-CatGraph/results/GAC/02_template_guided_docking/complexes/GAC_186_complex.pdb,results/GAC/05_plip_interaction_graphs/plip_outputs/GAC_186/report.xml,hydrogen_bonds,O2,ASN264A,2324,hydrogen_bonds,hydrogen_bond,GLC:B:1:O2,O2,GLC,B,1
GAC_186,/home/wms/AF2-test/AF2-CatGraph/results/GAC/02_template_guided_docking/complexes/GAC_186_complex.pdb,results/GAC/05_plip_interaction_graphs/plip_outputs/GAC_186/report.xml,hydrogen_bonds,O3,GLU310A,2325,hydrogen_bonds,hydrogen_bond,GLC:B:1:O3,O3,GLC,B,1
GAC_186,/home/wms/AF2-test/AF2-CatGraph/results/GAC/02_template_guided_docking/complexes/GAC_186_complex.pdb,results/GAC/05_plip_interaction_graphs/plip_outputs/GAC_186/report.xml,hydrogen_bonds,N2,GLU310A,2322,hydrogen_bonds,hydrogen_bond,GLC:B:1:N2,N2,GLC,B,1
GAC_186,/home/wms/AF2-test/AF2-CatGraph/results/GAC/02_template_guided_docking/complexes/GAC_186_complex.pdb,results/GAC/05_plip_interaction_graphs/plip_outputs/GAC_186/report.xml,hydrogen_bonds,O2,ASN317A,2324,hydrogen_bonds,hydrogen_bond,GLC:B:1:O2,O2,GLC,B,1
GAC_186,/home/wms/AF2-test/AF2-CatGraph/results/GAC/02_template_guided_docking/complexes/GAC_186_complex.pdb,results/GAC/05_plip_interaction_graphs/plip_outputs/GAC_186/report.xml,hydrogen_bonds,O2,TYR343A,2324,hydrogen_bonds,hydrogen_bond,GLC:B:1:O2,O2,GLC,B,1
GAC_186,/home/wms/AF2-test/AF2-CatGraph/results/GAC/02_template_guided_docking/complexes/GAC_186_complex.pdb,results/GAC/05_plip_interaction_graphs/plip_outputs/GAC_186/report.xml,hydrogen_bonds,N1,TYR395A,2316,hydrogen_bonds,hydrogen_bond,GLC:B:1:N1,N1,GLC,B,1
GAC_186,/home/wms/AF2-test/AF2-CatGraph/results/GAC/02_template_guided_docking/complexes/GAC_186_complex.pdb,results/GAC/05_plip_interaction_graphs/plip_outputs/GAC_186/report.xml,hydrogen_bonds,O1,VAL413A,2318,hydrogen_bonds,hydrogen_bond,GLC:B:1:O1,O1,GLC,B,1
GAC_187,/home/wms/AF2-test/AF2-CatGraph/results/GAC/02_template_guided_docking/complexes/GAC_187_complex.pdb,results/GAC/05_plip_interaction_graphs/plip_outputs/GAC_187/report.xml,hydrophobic_interactions,C2,VAL413A,2319,hydrophobic_interactions,hydrophobic_interaction,GLC:B:1:C2,C2,GLC,B,1
GAC_187,/home/wms/AF2-test/AF2-CatGraph/results/GAC/02_template_guided_docking/complexes/GAC_187_complex.pdb,results/GAC/05_plip_interaction_graphs/plip_outputs/GAC_187/report.xml,hydrogen_bonds,O1,SER215A,2318,hydrogen_bonds,hydrogen_bond,GLC:B:1:O1,O1,GLC,B,1
GAC_187,/home/wms/AF2-test/AF2-CatGraph/results/GAC/02_template_guided_docking/complexes/GAC_187_complex.pdb,results/GAC/05_plip_interaction_graphs/plip_outputs/GAC_187/report.xml,hydrogen_bonds,O2,ASN264A,2324,hydrogen_bonds,hydrogen_bond,GLC:B:1:O2,O2,GLC,B,1
GAC_187,/home/wms/AF2-test/AF2-CatGraph/results/GAC/02_template_guided_docking/complexes/GAC_187_complex.pdb,results/GAC/05_plip_interaction_graphs/plip_outputs/GAC_187/report.xml,hydrogen_bonds,O3,GLU310A,2325,hydrogen_bonds,hydrogen_bond,GLC:B:1:O3,O3,GLC,B,1
GAC_187,/home/wms/AF2-test/AF2-CatGraph/results/GAC/02_template_guided_docking/complexes/GAC_187_complex.pdb,results/GAC/05_plip_interaction_graphs/plip_outputs/GAC_187/report.xml,hydrogen_bonds,N2,GLU310A,2322,hydrogen_bonds,hydrogen_bond,GLC:B:1:N2,N2,GLC,B,1
GAC_187,/home/wms/AF2-test/AF2-CatGraph/results/GAC/02_template_guided_docking/complexes/GAC_187_complex.pdb,results/GAC/05_plip_interaction_graphs/plip_outputs/GAC_187/report.xml,hydrogen_bonds,O2,ASN317A,2324,hydrogen_bonds,hydrogen_bond,GLC:B:1:O2,O2,GLC,B,1
GAC_187,/home/wms/AF2-test/AF2-CatGraph/results/GAC/02_template_guided_docking/complexes/GAC_187_complex.pdb,results/GAC/05_plip_interaction_graphs/plip_outputs/GAC_187/report.xml,hydrogen_bonds,O2,TYR343A,2324,hydrogen_bonds,hydrogen_bond,GLC:B:1:O2,O2,GLC,B,1
GAC_187,/home/wms/AF2-test/AF2-CatGraph/results/GAC/02_template_guided_docking/complexes/GAC_187_complex.pdb,results/GAC/05_plip_interaction_graphs/plip_outputs/GAC_187/report.xml,hydrogen_bonds,O1,TYR395A,2318,hydrogen_bonds,hydrogen_bond,GLC:B:1:O1,O1,GLC,B,1
GAC_187,/home/wms/AF2-test/AF2-CatGraph/results/GAC/02_template_guided_docking/complexes/GAC_187_complex.pdb,results/GAC/05_plip_interaction_graphs/plip_outputs/GAC_187/report.xml,hydrogen_bonds,N1,TYR395A,2316,hydrogen_bonds,hydrogen_bond,GLC:B:1:N1,N1,GLC,B,1
GAC_187,/home/wms/AF2-test/AF2-CatGraph/results/GAC/02_template_guided_docking/complexes/GAC_187_complex.pdb,results/GAC/05_plip_interaction_graphs/plip_outputs/GAC_187/report.xml,hydrogen_bonds,O1,VAL413A,2318,hydrogen_bonds,hydrogen_bond,GLC:B:1:O1,O1,GLC,B,1
GAC_189,/home/wms/AF2-test/AF2-CatGraph/results/GAC/02_template_guided_docking/complexes/GAC_189_complex.pdb,results/GAC/05_plip_interaction_graphs/plip_outputs/GAC_189/report.xml,hydrophobic_interactions,C2,VAL413A,2319,hydrophobic_interactions,hydrophobic_interaction,GLC:B:1:C2,C2,GLC,B,1
GAC_189,/home/wms/AF2-test/AF2-CatGraph/results/GAC/02_template_guided_docking/complexes/GAC_189_complex.pdb,results/GAC/05_plip_interaction_graphs/plip_outputs/GAC_189/report.xml,hydrogen_bonds,O1,SER215A,2318,hydrogen_bonds,hydrogen_bond,GLC:B:1:O1,O1,GLC,B,1
GAC_189,/home/wms/AF2-test/AF2-CatGraph/results/GAC/02_template_guided_docking/complexes/GAC_189_complex.pdb,results/GAC/05_plip_interaction_graphs/plip_outputs/GAC_189/report.xml,hydrogen_bonds,O2,ASN264A,2324,hydrogen_bonds,hydrogen_bond,GLC:B:1:O2,O2,GLC,B,1
GAC_189,/home/wms/AF2-test/AF2-CatGraph/results/GAC/02_template_guided_docking/complexes/GAC_189_complex.pdb,results/GAC/05_plip_interaction_graphs/plip_outputs/GAC_189/report.xml,hydrogen_bonds,O3,GLU310A,2325,hydrogen_bonds,hydrogen_bond,GLC:B:1:O3,O3,GLC,B,1
GAC_189,/home/wms/AF2-test/AF2-CatGraph/results/GAC/02_template_guided_docking/complexes/GAC_189_complex.pdb,results/GAC/05_plip_interaction_graphs/plip_outputs/GAC_189/report.xml,hydrogen_bonds,N2,GLU310A,2322,hydrogen_bonds,hydrogen_bond,GLC:B:1:N2,N2,GLC,B,1
GAC_189,/home/wms/AF2-test/AF2-CatGraph/results/GAC/02_template_guided_docking/complexes/GAC_189_complex.pdb,results/GAC/05_plip_interaction_graphs/plip_outputs/GAC_189/report.xml,hydrogen_bonds,O2,ASN317A,2324,hydrogen_bonds,hydrogen_bond,GLC:B:1:O2,O2,GLC,B,1
GAC_189,/home/wms/AF2-test/AF2-CatGraph/results/GAC/02_template_guided_docking/complexes/GAC_189_complex.pdb,results/GAC/05_plip_interaction_graphs/plip_outputs/GAC_189/report.xml,hydrogen_bonds,O2,TYR343A,2324,hydrogen_bonds,hydrogen_bond,GLC:B:1:O2,O2,GLC,B,1
GAC_189,/home/wms/AF2-test/AF2-CatGraph/results/GAC/02_template_guided_docking/complexes/GAC_189_complex.pdb,results/GAC/05_plip_interaction_graphs/plip_outputs/GAC_189/report.xml,hydrogen_bonds,O1,TYR395A,2318,hydrogen_bonds,hydrogen_bond,GLC:B:1:O1,O1,GLC,B,1
GAC_189,/home/wms/AF2-test/AF2-CatGraph/results/GAC/02_template_guided_docking/complexes/GAC_189_complex.pdb,results/GAC/05_plip_interaction_graphs/plip_outputs/GAC_189/report.xml,hydrogen_bonds,N1,TYR395A,2316,hydrogen_bonds,hydrogen_bond,GLC:B:1:N1,N1,GLC,B,1
GAC_189,/home/wms/AF2-test/AF2-CatGraph/results/GAC/02_template_guided_docking/complexes/GAC_189_complex.pdb,results/GAC/05_plip_interaction_graphs/plip_outputs/GAC_189/report.xml,hydrogen_bonds,O1,VAL413A,2318,hydrogen_bonds,hydrogen_bond,GLC:B:1:O1,O1,GLC,B,1
GAC_190,/home/wms/AF2-test/AF2-CatGraph/results/GAC/02_template_guided_docking/complexes/GAC_190_complex.pdb,results/GAC/05_plip_interaction_graphs/plip_outputs/GAC_190/report.xml,hydrophobic_interactions,C2,VAL413A,2319,hydrophobic_interactions,hydrophobic_interaction,GLC:B:1:C2,C2,GLC,B,1
GAC_190,/home/wms/AF2-test/AF2-CatGraph/results/GAC/02_template_guided_docking/complexes/GAC_190_complex.pdb,results/GAC/05_plip_interaction_graphs/plip_outputs/GAC_190/report.xml,hydrogen_bonds,O1,SER215A,2318,hydrogen_bonds,hydrogen_bond,GLC:B:1:O1,O1,GLC,B,1
GAC_190,/home/wms/AF2-test/AF2-CatGraph/results/GAC/02_template_guided_docking/complexes/GAC_190_complex.pdb,results/GAC/05_plip_interaction_graphs/plip_outputs/GAC_190/report.xml,hydrogen_bonds,O2,ASN264A,2324,hydrogen_bonds,hydrogen_bond,GLC:B:1:O2,O2,GLC,B,1
GAC_190,/home/wms/AF2-test/AF2-CatGraph/results/GAC/02_template_guided_docking/complexes/GAC_190_complex.pdb,results/GAC/05_plip_interaction_graphs/plip_outputs/GAC_190/report.xml,hydrogen_bonds,O3,GLU310A,2325,hydrogen_bonds,hydrogen_bond,GLC:B:1:O3,O3,GLC,B,1
GAC_190,/home/wms/AF2-test/AF2-CatGraph/results/GAC/02_template_guided_docking/complexes/GAC_190_complex.pdb,results/GAC/05_plip_interaction_graphs/plip_outputs/GAC_190/report.xml,hydrogen_bonds,N2,GLU310A,2322,hydrogen_bonds,hydrogen_bond,GLC:B:1:N2,N2,GLC,B,1
GAC_190,/home/wms/AF2-test/AF2-CatGraph/results/GAC/02_template_guided_docking/complexes/GAC_190_complex.pdb,results/GAC/05_plip_interaction_graphs/plip_outputs/GAC_190/report.xml,hydrogen_bonds,O2,ASN317A,2324,hydrogen_bonds,hydrogen_bond,GLC:B:1:O2,O2,GLC,B,1
GAC_190,/home/wms/AF2-test/AF2-CatGraph/results/GAC/02_template_guided_docking/complexes/GAC_190_complex.pdb,results/GAC/05_plip_interaction_graphs/plip_outputs/GAC_190/report.xml,hydrogen_bonds,O2,TYR343A,2324,hydrogen_bonds,hydrogen_bond,GLC:B:1:O2,O2,GLC,B,1
GAC_190,/home/wms/AF2-test/AF2-CatGraph/results/GAC/02_template_guided_docking/complexes/GAC_190_complex.pdb,results/GAC/05_plip_interaction_graphs/plip_outputs/GAC_190/report.xml,hydrogen_bonds,O1,TYR395A,2318,hydrogen_bonds,hydrogen_bond,GLC:B:1:O1,O1,GLC,B,1
GAC_190,/home/wms/AF2-test/AF2-CatGraph/results/GAC/02_template_guided_docking/complexes/GAC_190_complex.pdb,results/GAC/05_plip_interaction_graphs/plip_outputs/GAC_190/report.xml,hydrogen_bonds,N1,TYR395A,2316,hydrogen_bonds,hydrogen_bond,GLC:B:1:N1,N1,GLC,B,1
GAC_190,/home/wms/AF2-test/AF2-CatGraph/results/GAC/02_template_guided_docking/complexes/GAC_190_complex.pdb,results/GAC/05_plip_interaction_graphs/plip_outputs/GAC_190/report.xml,hydrogen_bonds,O1,VAL413A,2318,hydrogen_bonds,hydrogen_bond,GLC:B:1:O1,O1,GLC,B,1
GAC_191,/home/wms/AF2-test/AF2-CatGraph/results/GAC/02_template_guided_docking/complexes/GAC_191_complex.pdb,results/GAC/05_plip_interaction_graphs/plip_outputs/GAC_191/report.xml,hydrophobic_interactions,C2,VAL413A,2319,hydrophobic_interactions,hydrophobic_interaction,GLC:B:1:C2,C2,GLC,B,1
GAC_191,/home/wms/AF2-test/AF2-CatGraph/results/GAC/02_template_guided_docking/complexes/GAC_191_complex.pdb,results/GAC/05_plip_interaction_graphs/plip_outputs/GAC_191/report.xml,hydrogen_bonds,O1,SER215A,2318,hydrogen_bonds,hydrogen_bond,GLC:B:1:O1,O1,GLC,B,1
GAC_191,/home/wms/AF2-test/AF2-CatGraph/results/GAC/02_template_guided_docking/complexes/GAC_191_complex.pdb,results/GAC/05_plip_interaction_graphs/plip_outputs/GAC_191/report.xml,hydrogen_bonds,O2,ASN264A,2324,hydrogen_bonds,hydrogen_bond,GLC:B:1:O2,O2,GLC,B,1
GAC_191,/home/wms/AF2-test/AF2-CatGraph/results/GAC/02_template_guided_docking/complexes/GAC_191_complex.pdb,results/GAC/05_plip_interaction_graphs/plip_outputs/GAC_191/report.xml,hydrogen_bonds,O3,GLU310A,2325,hydrogen_bonds,hydrogen_bond,GLC:B:1:O3,O3,GLC,B,1
GAC_191,/home/wms/AF2-test/AF2-CatGraph/results/GAC/02_template_guided_docking/complexes/GAC_191_complex.pdb,results/GAC/05_plip_interaction_graphs/plip_outputs/GAC_191/report.xml,hydrogen_bonds,N2,GLU310A,2322,hydrogen_bonds,hydrogen_bond,GLC:B:1:N2,N2,GLC,B,1
GAC_191,/home/wms/AF2-test/AF2-CatGraph/results/GAC/02_template_guided_docking/complexes/GAC_191_complex.pdb,results/GAC/05_plip_interaction_graphs/plip_outputs/GAC_191/report.xml,hydrogen_bonds,O2,ASN317A,2324,hydrogen_bonds,hydrogen_bond,GLC:B:1:O2,O2,GLC,B,1
GAC_191,/home/wms/AF2-test/AF2-CatGraph/results/GAC/02_template_guided_docking/complexes/GAC_191_complex.pdb,results/GAC/05_plip_interaction_graphs/plip_outputs/GAC_191/report.xml,hydrogen_bonds,O2,TYR343A,2324,hydrogen_bonds,hydrogen_bond,GLC:B:1:O2,O2,GLC,B,1
GAC_191,/home/wms/AF2-test/AF2-CatGraph/results/GAC/02_template_guided_docking/complexes/GAC_191_complex.pdb,results/GAC/05_plip_interaction_graphs/plip_outputs/GAC_191/report.xml,hydrogen_bonds,O1,TYR395A,2318,hydrogen_bonds,hydrogen_bond,GLC:B:1:O1,O1,GLC,B,1
GAC_191,/home/wms/AF2-test/AF2-CatGraph/results/GAC/02_template_guided_docking/complexes/GAC_191_complex.pdb,results/GAC/05_plip_interaction_graphs/plip_outputs/GAC_191/report.xml,hydrogen_bonds,N1,TYR395A,2316,hydrogen_bonds,hydrogen_bond,GLC:B:1:N1,N1,GLC,B,1
GAC_191,/home/wms/AF2-test/AF2-CatGraph/results/GAC/02_template_guided_docking/complexes/GAC_191_complex.pdb,results/GAC/05_plip_interaction_graphs/plip_outputs/GAC_191/report.xml,hydrogen_bonds,O1,VAL413A,2318,hydrogen_bonds,hydrogen_bond,GLC:B:1:O1,O1,GLC,B,1
GAC_192,/home/wms/AF2-test/AF2-CatGraph/results/GAC/02_template_guided_docking/complexes/GAC_192_complex.pdb,results/GAC/05_plip_interaction_graphs/plip_outputs/GAC_192/report.xml,hydrophobic_interactions,C2,VAL413A,2319,hydrophobic_interactions,hydrophobic_interaction,GLC:B:1:C2,C2,GLC,B,1
GAC_192,/home/wms/AF2-test/AF2-CatGraph/results/GAC/02_template_guided_docking/complexes/GAC_192_complex.pdb,results/GAC/05_plip_interaction_graphs/plip_outputs/GAC_192/report.xml,hydrogen_bonds,O1,SER215A,2318,hydrogen_bonds,hydrogen_bond,GLC:B:1:O1,O1,GLC,B,1
GAC_192,/home/wms/AF2-test/AF2-CatGraph/results/GAC/02_template_guided_docking/complexes/GAC_192_complex.pdb,results/GAC/05_plip_interaction_graphs/plip_outputs/GAC_192/report.xml,hydrogen_bonds,O2,ASN264A,2324,hydrogen_bonds,hydrogen_bond,GLC:B:1:O2,O2,GLC,B,1
GAC_192,/home/wms/AF2-test/AF2-CatGraph/results/GAC/02_template_guided_docking/complexes/GAC_192_complex.pdb,results/GAC/05_plip_interaction_graphs/plip_outputs/GAC_192/report.xml,hydrogen_bonds,O3,GLU310A,2325,hydrogen_bonds,hydrogen_bond,GLC:B:1:O3,O3,GLC,B,1
GAC_192,/home/wms/AF2-test/AF2-CatGraph/results/GAC/02_template_guided_docking/complexes/GAC_192_complex.pdb,results/GAC/05_plip_interaction_graphs/plip_outputs/GAC_192/report.xml,hydrogen_bonds,N2,GLU310A,2322,hydrogen_bonds,hydrogen_bond,GLC:B:1:N2,N2,GLC,B,1
GAC_192,/home/wms/AF2-test/AF2-CatGraph/results/GAC/02_template_guided_docking/complexes/GAC_192_complex.pdb,results/GAC/05_plip_interaction_graphs/plip_outputs/GAC_192/report.xml,hydrogen_bonds,O2,ASN317A,2324,hydrogen_bonds,hydrogen_bond,GLC:B:1:O2,O2,GLC,B,1
GAC_192,/home/wms/AF2-test/AF2-CatGraph/results/GAC/02_template_guided_docking/complexes/GAC_192_complex.pdb,results/GAC/05_plip_interaction_graphs/plip_outputs/GAC_192/report.xml,hydrogen_bonds,O2,TYR343A,2324,hydrogen_bonds,hydrogen_bond,GLC:B:1:O2,O2,GLC,B,1
GAC_192,/home/wms/AF2-test/AF2-CatGraph/results/GAC/02_template_guided_docking/complexes/GAC_192_complex.pdb,results/GAC/05_plip_interaction_graphs/plip_outputs/GAC_192/report.xml,hydrogen_bonds,O1,TYR395A,2318,hydrogen_bonds,hydrogen_bond,GLC:B:1:O1,O1,GLC,B,1
GAC_192,/home/wms/AF2-test/AF2-CatGraph/results/GAC/02_template_guided_docking/complexes/GAC_192_complex.pdb,results/GAC/05_plip_interaction_graphs/plip_outputs/GAC_192/report.xml,hydrogen_bonds,N1,TYR395A,2316,hydrogen_bonds,hydrogen_bond,GLC:B:1:N1,N1,GLC,B,1
GAC_192,/home/wms/AF2-test/AF2-CatGraph/results/GAC/02_template_guided_docking/complexes/GAC_192_complex.pdb,results/GAC/05_plip_interaction_graphs/plip_outputs/GAC_192/report.xml,hydrogen_bonds,O1,VAL413A,2318,hydrogen_bonds,hydrogen_bond,GLC:B:1:O1,O1,GLC,B,1
GAC_193,/home/wms/AF2-test/AF2-CatGraph/results/GAC/02_template_guided_docking/complexes/GAC_193_complex.pdb,results/GAC/05_plip_interaction_graphs/plip_outputs/GAC_193/report.xml,hydrophobic_interactions,C2,VAL413A,2319,hydrophobic_interactions,hydrophobic_interaction,GLC:B:1:C2,C2,GLC,B,1
GAC_193,/home/wms/AF2-test/AF2-CatGraph/results/GAC/02_template_guided_docking/complexes/GAC_193_complex.pdb,results/GAC/05_plip_interaction_graphs/plip_outputs/GAC_193/report.xml,hydrogen_bonds,O1,SER215A,2318,hydrogen_bonds,hydrogen_bond,GLC:B:1:O1,O1,GLC,B,1
GAC_193,/home/wms/AF2-test/AF2-CatGraph/results/GAC/02_template_guided_docking/complexes/GAC_193_complex.pdb,results/GAC/05_plip_interaction_graphs/plip_outputs/GAC_193/report.xml,hydrogen_bonds,O2,ASN264A,2324,hydrogen_bonds,hydrogen_bond,GLC:B:1:O2,O2,GLC,B,1
GAC_193,/home/wms/AF2-test/AF2-CatGraph/results/GAC/02_template_guided_docking/complexes/GAC_193_complex.pdb,results/GAC/05_plip_interaction_graphs/plip_outputs/GAC_193/report.xml,hydrogen_bonds,O3,GLU310A,2325,hydrogen_bonds,hydrogen_bond,GLC:B:1:O3,O3,GLC,B,1
GAC_193,/home/wms/AF2-test/AF2-CatGraph/results/GAC/02_template_guided_docking/complexes/GAC_193_complex.pdb,results/GAC/05_plip_interaction_graphs/plip_outputs/GAC_193/report.xml,hydrogen_bonds,N2,GLU310A,2322,hydrogen_bonds,hydrogen_bond,GLC:B:1:N2,N2,GLC,B,1
GAC_193,/home/wms/AF2-test/AF2-CatGraph/results/GAC/02_template_guided_docking/complexes/GAC_193_complex.pdb,results/GAC/05_plip_interaction_graphs/plip_outputs/GAC_193/report.xml,hydrogen_bonds,O2,ASN317A,2324,hydrogen_bonds,hydrogen_bond,GLC:B:1:O2,O2,GLC,B,1
GAC_193,/home/wms/AF2-test/AF2-CatGraph/results/GAC/02_template_guided_docking/complexes/GAC_193_complex.pdb,results/GAC/05_plip_interaction_graphs/plip_outputs/GAC_193/report.xml,hydrogen_bonds,O2,TYR343A,2324,hydrogen_bonds,hydrogen_bond,GLC:B:1:O2,O2,GLC,B,1
GAC_193,/home/wms/AF2-test/AF2-CatGraph/results/GAC/02_template_guided_docking/complexes/GAC_193_complex.pdb,results/GAC/05_plip_interaction_graphs/plip_outputs/GAC_193/report.xml,hydrogen_bonds,O1,TYR395A,2318,hydrogen_bonds,hydrogen_bond,GLC:B:1:O1,O1,GLC,B,1
GAC_193,/home/wms/AF2-test/AF2-CatGraph/results/GAC/02_template_guided_docking/complexes/GAC_193_complex.pdb,results/GAC/05_plip_interaction_graphs/plip_outputs/GAC_193/report.xml,hydrogen_bonds,N1,TYR395A,2316,hydrogen_bonds,hydrogen_bond,GLC:B:1:N1,N1,GLC,B,1
GAC_193,/home/wms/AF2-test/AF2-CatGraph/results/GAC/02_template_guided_docking/complexes/GAC_193_complex.pdb,results/GAC/05_plip_interaction_graphs/plip_outputs/GAC_193/report.xml,hydrogen_bonds,O1,VAL413A,2318,hydrogen_bonds,hydrogen_bond,GLC:B:1:O1,O1,GLC,B,1
GAC_194,/home/wms/AF2-test/AF2-CatGraph/results/GAC/02_template_guided_docking/complexes/GAC_194_complex.pdb,results/GAC/05_plip_interaction_graphs/plip_outputs/GAC_194/report.xml,hydrophobic_interactions,C2,VAL413A,2319,hydrophobic_interactions,hydrophobic_interaction,GLC:B:1:C2,C2,GLC,B,1
GAC_194,/home/wms/AF2-test/AF2-CatGraph/results/GAC/02_template_guided_docking/complexes/GAC_194_complex.pdb,results/GAC/05_plip_interaction_graphs/plip_outputs/GAC_194/report.xml,hydrogen_bonds,O1,SER215A,2318,hydrogen_bonds,hydrogen_bond,GLC:B:1:O1,O1,GLC,B,1
GAC_194,/home/wms/AF2-test/AF2-CatGraph/results/GAC/02_template_guided_docking/complexes/GAC_194_complex.pdb,results/GAC/05_plip_interaction_graphs/plip_outputs/GAC_194/report.xml,hydrogen_bonds,O3,GLU310A,2325,hydrogen_bonds,hydrogen_bond,GLC:B:1:O3,O3,GLC,B,1
GAC_194,/home/wms/AF2-test/AF2-CatGraph/results/GAC/02_template_guided_docking/complexes/GAC_194_complex.pdb,results/GAC/05_plip_interaction_graphs/plip_outputs/GAC_194/report.xml,hydrogen_bonds,N2,GLU310A,2322,hydrogen_bonds,hydrogen_bond,GLC:B:1:N2,N2,GLC,B,1
GAC_194,/home/wms/AF2-test/AF2-CatGraph/results/GAC/02_template_guided_docking/complexes/GAC_194_complex.pdb,results/GAC/05_plip_interaction_graphs/plip_outputs/GAC_194/report.xml,hydrogen_bonds,O2,ASN317A,2324,hydrogen_bonds,hydrogen_bond,GLC:B:1:O2,O2,GLC,B,1
GAC_194,/home/wms/AF2-test/AF2-CatGraph/results/GAC/02_template_guided_docking/complexes/GAC_194_complex.pdb,results/GAC/05_plip_interaction_graphs/plip_outputs/GAC_194/report.xml,hydrogen_bonds,O2,TYR343A,2324,hydrogen_bonds,hydrogen_bond,GLC:B:1:O2,O2,GLC,B,1
GAC_194,/home/wms/AF2-test/AF2-CatGraph/results/GAC/02_template_guided_docking/complexes/GAC_194_complex.pdb,results/GAC/05_plip_interaction_graphs/plip_outputs/GAC_194/report.xml,hydrogen_bonds,O1,TYR395A,2318,hydrogen_bonds,hydrogen_bond,GLC:B:1:O1,O1,GLC,B,1
GAC_194,/home/wms/AF2-test/AF2-CatGraph/results/GAC/02_template_guided_docking/complexes/GAC_194_complex.pdb,results/GAC/05_plip_interaction_graphs/plip_outputs/GAC_194/report.xml,hydrogen_bonds,N1,TYR395A,2316,hydrogen_bonds,hydrogen_bond,GLC:B:1:N1,N1,GLC,B,1
GAC_194,/home/wms/AF2-test/AF2-CatGraph/results/GAC/02_template_guided_docking/complexes/GAC_194_complex.pdb,results/GAC/05_plip_interaction_graphs/plip_outputs/GAC_194/report.xml,hydrogen_bonds,O1,VAL413A,2318,hydrogen_bonds,hydrogen_bond,GLC:B:1:O1,O1,GLC,B,1
GAC_195,/home/wms/AF2-test/AF2-CatGraph/results/GAC/02_template_guided_docking/complexes/GAC_195_complex.pdb,results/GAC/05_plip_interaction_graphs/plip_outputs/GAC_195/report.xml,hydrophobic_interactions,C2,VAL413A,2319,hydrophobic_interactions,hydrophobic_interaction,GLC:B:1:C2,C2,GLC,B,1
GAC_195,/home/wms/AF2-test/AF2-CatGraph/results/GAC/02_template_guided_docking/complexes/GAC_195_complex.pdb,results/GAC/05_plip_interaction_graphs/plip_outputs/GAC_195/report.xml,hydrogen_bonds,N2,TYR178A,2322,hydrogen_bonds,hydrogen_bond,GLC:B:1:N2,N2,GLC,B,1
GAC_195,/home/wms/AF2-test/AF2-CatGraph/results/GAC/02_template_guided_docking/complexes/GAC_195_complex.pdb,results/GAC/05_plip_interaction_graphs/plip_outputs/GAC_195/report.xml,hydrogen_bonds,O1,SER215A,2318,hydrogen_bonds,hydrogen_bond,GLC:B:1:O1,O1,GLC,B,1
GAC_195,/home/wms/AF2-test/AF2-CatGraph/results/GAC/02_template_guided_docking/complexes/GAC_195_complex.pdb,results/GAC/05_plip_interaction_graphs/plip_outputs/GAC_195/report.xml,hydrogen_bonds,O2,ASN264A,2324,hydrogen_bonds,hydrogen_bond,GLC:B:1:O2,O2,GLC,B,1
GAC_195,/home/wms/AF2-test/AF2-CatGraph/results/GAC/02_template_guided_docking/complexes/GAC_195_complex.pdb,results/GAC/05_plip_interaction_graphs/plip_outputs/GAC_195/report.xml,hydrogen_bonds,O3,GLU310A,2325,hydrogen_bonds,hydrogen_bond,GLC:B:1:O3,O3,GLC,B,1
GAC_195,/home/wms/AF2-test/AF2-CatGraph/results/GAC/02_template_guided_docking/complexes/GAC_195_complex.pdb,results/GAC/05_plip_interaction_graphs/plip_outputs/GAC_195/report.xml,hydrogen_bonds,N2,GLU310A,2322,hydrogen_bonds,hydrogen_bond,GLC:B:1:N2,N2,GLC,B,1
GAC_195,/home/wms/AF2-test/AF2-CatGraph/results/GAC/02_template_guided_docking/complexes/GAC_195_complex.pdb,results/GAC/05_plip_interaction_graphs/plip_outputs/GAC_195/report.xml,hydrogen_bonds,O2,ASN317A,2324,hydrogen_bonds,hydrogen_bond,GLC:B:1:O2,O2,GLC,B,1
GAC_195,/home/wms/AF2-test/AF2-CatGraph/results/GAC/02_template_guided_docking/complexes/GAC_195_complex.pdb,results/GAC/05_plip_interaction_graphs/plip_outputs/GAC_195/report.xml,hydrogen_bonds,O2,TYR343A,2324,hydrogen_bonds,hydrogen_bond,GLC:B:1:O2,O2,GLC,B,1
GAC_195,/home/wms/AF2-test/AF2-CatGraph/results/GAC/02_template_guided_docking/complexes/GAC_195_complex.pdb,results/GAC/05_plip_interaction_graphs/plip_outputs/GAC_195/report.xml,hydrogen_bonds,N1,TYR395A,2316,hydrogen_bonds,hydrogen_bond,GLC:B:1:N1,N1,GLC,B,1
GAC_195,/home/wms/AF2-test/AF2-CatGraph/results/GAC/02_template_guided_docking/complexes/GAC_195_complex.pdb,results/GAC/05_plip_interaction_graphs/plip_outputs/GAC_195/report.xml,hydrogen_bonds,O1,VAL413A,2318,hydrogen_bonds,hydrogen_bond,GLC:B:1:O1,O1,GLC,B,1
GAC_197,/home/wms/AF2-test/AF2-CatGraph/results/GAC/02_template_guided_docking/complexes/GAC_197_complex.pdb,results/GAC/05_plip_interaction_graphs/plip_outputs/GAC_197/report.xml,hydrophobic_interactions,C2,VAL413A,2319,hydrophobic_interactions,hydrophobic_interaction,GLC:B:1:C2,C2,GLC,B,1
GAC_197,/home/wms/AF2-test/AF2-CatGraph/results/GAC/02_template_guided_docking/complexes/GAC_197_complex.pdb,results/GAC/05_plip_interaction_graphs/plip_outputs/GAC_197/report.xml,hydrogen_bonds,O1,SER215A,2318,hydrogen_bonds,hydrogen_bond,GLC:B:1:O1,O1,GLC,B,1
GAC_197,/home/wms/AF2-test/AF2-CatGraph/results/GAC/02_template_guided_docking/complexes/GAC_197_complex.pdb,results/GAC/05_plip_interaction_graphs/plip_outputs/GAC_197/report.xml,hydrogen_bonds,O2,ASN264A,2324,hydrogen_bonds,hydrogen_bond,GLC:B:1:O2,O2,GLC,B,1
GAC_197,/home/wms/AF2-test/AF2-CatGraph/results/GAC/02_template_guided_docking/complexes/GAC_197_complex.pdb,results/GAC/05_plip_interaction_graphs/plip_outputs/GAC_197/report.xml,hydrogen_bonds,O3,GLU310A,2325,hydrogen_bonds,hydrogen_bond,GLC:B:1:O3,O3,GLC,B,1
GAC_197,/home/wms/AF2-test/AF2-CatGraph/results/GAC/02_template_guided_docking/complexes/GAC_197_complex.pdb,results/GAC/05_plip_interaction_graphs/plip_outputs/GAC_197/report.xml,hydrogen_bonds,N2,GLU310A,2322,hydrogen_bonds,hydrogen_bond,GLC:B:1:N2,N2,GLC,B,1
GAC_197,/home/wms/AF2-test/AF2-CatGraph/results/GAC/02_template_guided_docking/complexes/GAC_197_complex.pdb,results/GAC/05_plip_interaction_graphs/plip_outputs/GAC_197/report.xml,hydrogen_bonds,O2,ASN317A,2324,hydrogen_bonds,hydrogen_bond,GLC:B:1:O2,O2,GLC,B,1
GAC_197,/home/wms/AF2-test/AF2-CatGraph/results/GAC/02_template_guided_docking/complexes/GAC_197_complex.pdb,results/GAC/05_plip_interaction_graphs/plip_outputs/GAC_197/report.xml,hydrogen_bonds,O2,TYR343A,2324,hydrogen_bonds,hydrogen_bond,GLC:B:1:O2,O2,GLC,B,1
GAC_197,/home/wms/AF2-test/AF2-CatGraph/results/GAC/02_template_guided_docking/complexes/GAC_197_complex.pdb,results/GAC/05_plip_interaction_graphs/plip_outputs/GAC_197/report.xml,hydrogen_bonds,N1,TYR395A,2316,hydrogen_bonds,hydrogen_bond,GLC:B:1:N1,N1,GLC,B,1
GAC_197,/home/wms/AF2-test/AF2-CatGraph/results/GAC/02_template_guided_docking/complexes/GAC_197_complex.pdb,results/GAC/05_plip_interaction_graphs/plip_outputs/GAC_197/report.xml,hydrogen_bonds,O1,VAL413A,2318,hydrogen_bonds,hydrogen_bond,GLC:B:1:O1,O1,GLC,B,1
GAC_199,/home/wms/AF2-test/AF2-CatGraph/results/GAC/02_template_guided_docking/complexes/GAC_199_complex.pdb,results/GAC/05_plip_interaction_graphs/plip_outputs/GAC_199/report.xml,hydrophobic_interactions,C2,VAL413A,2319,hydrophobic_interactions,hydrophobic_interaction,GLC:B:1:C2,C2,GLC,B,1
GAC_199,/home/wms/AF2-test/AF2-CatGraph/results/GAC/02_template_guided_docking/complexes/GAC_199_complex.pdb,results/GAC/05_plip_interaction_graphs/plip_outputs/GAC_199/report.xml,hydrogen_bonds,O1,SER215A,2318,hydrogen_bonds,hydrogen_bond,GLC:B:1:O1,O1,GLC,B,1
GAC_199,/home/wms/AF2-test/AF2-CatGraph/results/GAC/02_template_guided_docking/complexes/GAC_199_complex.pdb,results/GAC/05_plip_interaction_graphs/plip_outputs/GAC_199/report.xml,hydrogen_bonds,O2,ASN264A,2324,hydrogen_bonds,hydrogen_bond,GLC:B:1:O2,O2,GLC,B,1
GAC_199,/home/wms/AF2-test/AF2-CatGraph/results/GAC/02_template_guided_docking/complexes/GAC_199_complex.pdb,results/GAC/05_plip_interaction_graphs/plip_outputs/GAC_199/report.xml,hydrogen_bonds,O3,GLU310A,2325,hydrogen_bonds,hydrogen_bond,GLC:B:1:O3,O3,GLC,B,1
GAC_199,/home/wms/AF2-test/AF2-CatGraph/results/GAC/02_template_guided_docking/complexes/GAC_199_complex.pdb,results/GAC/05_plip_interaction_graphs/plip_outputs/GAC_199/report.xml,hydrogen_bonds,N2,GLU310A,2322,hydrogen_bonds,hydrogen_bond,GLC:B:1:N2,N2,GLC,B,1
GAC_199,/home/wms/AF2-test/AF2-CatGraph/results/GAC/02_template_guided_docking/complexes/GAC_199_complex.pdb,results/GAC/05_plip_interaction_graphs/plip_outputs/GAC_199/report.xml,hydrogen_bonds,O2,ASN317A,2324,hydrogen_bonds,hydrogen_bond,GLC:B:1:O2,O2,GLC,B,1
GAC_199,/home/wms/AF2-test/AF2-CatGraph/results/GAC/02_template_guided_docking/complexes/GAC_199_complex.pdb,results/GAC/05_plip_interaction_graphs/plip_outputs/GAC_199/report.xml,hydrogen_bonds,O2,TYR343A,2324,hydrogen_bonds,hydrogen_bond,GLC:B:1:O2,O2,GLC,B,1
GAC_199,/home/wms/AF2-test/AF2-CatGraph/results/GAC/02_template_guided_docking/complexes/GAC_199_complex.pdb,results/GAC/05_plip_interaction_graphs/plip_outputs/GAC_199/report.xml,hydrogen_bonds,O1,TYR395A,2318,hydrogen_bonds,hydrogen_bond,GLC:B:1:O1,O1,GLC,B,1
GAC_199,/home/wms/AF2-test/AF2-CatGraph/results/GAC/02_template_guided_docking/complexes/GAC_199_complex.pdb,results/GAC/05_plip_interaction_graphs/plip_outputs/GAC_199/report.xml,hydrogen_bonds,N1,TYR395A,2316,hydrogen_bonds,hydrogen_bond,GLC:B:1:N1,N1,GLC,B,1
GAC_199,/home/wms/AF2-test/AF2-CatGraph/results/GAC/02_template_guided_docking/complexes/GAC_199_complex.pdb,results/GAC/05_plip_interaction_graphs/plip_outputs/GAC_199/report.xml,hydrogen_bonds,O1,VAL413A,2318,hydrogen_bonds,hydrogen_bond,GLC:B:1:O1,O1,GLC,B,1
GAC_200,/home/wms/AF2-test/AF2-CatGraph/results/GAC/02_template_guided_docking/complexes/GAC_200_complex.pdb,results/GAC/05_plip_interaction_graphs/plip_outputs/GAC_200/report.xml,hydrophobic_interactions,C2,VAL413A,2319,hydrophobic_interactions,hydrophobic_interaction,GLC:B:1:C2,C2,GLC,B,1
GAC_200,/home/wms/AF2-test/AF2-CatGraph/results/GAC/02_template_guided_docking/complexes/GAC_200_complex.pdb,results/GAC/05_plip_interaction_graphs/plip_outputs/GAC_200/report.xml,hydrogen_bonds,O1,SER215A,2318,hydrogen_bonds,hydrogen_bond,GLC:B:1:O1,O1,GLC,B,1
GAC_200,/home/wms/AF2-test/AF2-CatGraph/results/GAC/02_template_guided_docking/complexes/GAC_200_complex.pdb,results/GAC/05_plip_interaction_graphs/plip_outputs/GAC_200/report.xml,hydrogen_bonds,O2,ASN264A,2324,hydrogen_bonds,hydrogen_bond,GLC:B:1:O2,O2,GLC,B,1
GAC_200,/home/wms/AF2-test/AF2-CatGraph/results/GAC/02_template_guided_docking/complexes/GAC_200_complex.pdb,results/GAC/05_plip_interaction_graphs/plip_outputs/GAC_200/report.xml,hydrogen_bonds,O3,GLU310A,2325,hydrogen_bonds,hydrogen_bond,GLC:B:1:O3,O3,GLC,B,1
GAC_200,/home/wms/AF2-test/AF2-CatGraph/results/GAC/02_template_guided_docking/complexes/GAC_200_complex.pdb,results/GAC/05_plip_interaction_graphs/plip_outputs/GAC_200/report.xml,hydrogen_bonds,N2,GLU310A,2322,hydrogen_bonds,hydrogen_bond,GLC:B:1:N2,N2,GLC,B,1
GAC_200,/home/wms/AF2-test/AF2-CatGraph/results/GAC/02_template_guided_docking/complexes/GAC_200_complex.pdb,results/GAC/05_plip_interaction_graphs/plip_outputs/GAC_200/report.xml,hydrogen_bonds,O2,ASN317A,2324,hydrogen_bonds,hydrogen_bond,GLC:B:1:O2,O2,GLC,B,1
GAC_200,/home/wms/AF2-test/AF2-CatGraph/results/GAC/02_template_guided_docking/complexes/GAC_200_complex.pdb,results/GAC/05_plip_interaction_graphs/plip_outputs/GAC_200/report.xml,hydrogen_bonds,O2,TYR343A,2324,hydrogen_bonds,hydrogen_bond,GLC:B:1:O2,O2,GLC,B,1
GAC_200,/home/wms/AF2-test/AF2-CatGraph/results/GAC/02_template_guided_docking/complexes/GAC_200_complex.pdb,results/GAC/05_plip_interaction_graphs/plip_outputs/GAC_200/report.xml,hydrogen_bonds,O1,TYR395A,2318,hydrogen_bonds,hydrogen_bond,GLC:B:1:O1,O1,GLC,B,1
GAC_200,/home/wms/AF2-test/AF2-CatGraph/results/GAC/02_template_guided_docking/complexes/GAC_200_complex.pdb,results/GAC/05_plip_interaction_graphs/plip_outputs/GAC_200/report.xml,hydrogen_bonds,N1,TYR395A,2316,hydrogen_bonds,hydrogen_bond,GLC:B:1:N1,N1,GLC,B,1
GAC_200,/home/wms/AF2-test/AF2-CatGraph/results/GAC/02_template_guided_docking/complexes/GAC_200_complex.pdb,results/GAC/05_plip_interaction_graphs/plip_outputs/GAC_200/report.xml,hydrogen_bonds,O1,VAL413A,2318,hydrogen_bonds,hydrogen_bond,GLC:B:1:O1,O1,GLC,B,1
GAC_201,/home/wms/AF2-test/AF2-CatGraph/results/GAC/02_template_guided_docking/complexes/GAC_201_complex.pdb,results/GAC/05_plip_interaction_graphs/plip_outputs/GAC_201/report.xml,hydrophobic_interactions,C2,VAL413A,2319,hydrophobic_interactions,hydrophobic_interaction,GLC:B:1:C2,C2,GLC,B,1
GAC_201,/home/wms/AF2-test/AF2-CatGraph/results/GAC/02_template_guided_docking/complexes/GAC_201_complex.pdb,results/GAC/05_plip_interaction_graphs/plip_outputs/GAC_201/report.xml,hydrogen_bonds,O1,SER215A,2318,hydrogen_bonds,hydrogen_bond,GLC:B:1:O1,O1,GLC,B,1
GAC_201,/home/wms/AF2-test/AF2-CatGraph/results/GAC/02_template_guided_docking/complexes/GAC_201_complex.pdb,results/GAC/05_plip_interaction_graphs/plip_outputs/GAC_201/report.xml,hydrogen_bonds,O2,ASN264A,2324,hydrogen_bonds,hydrogen_bond,GLC:B:1:O2,O2,GLC,B,1
GAC_201,/home/wms/AF2-test/AF2-CatGraph/results/GAC/02_template_guided_docking/complexes/GAC_201_complex.pdb,results/GAC/05_plip_interaction_graphs/plip_outputs/GAC_201/report.xml,hydrogen_bonds,O3,GLU310A,2325,hydrogen_bonds,hydrogen_bond,GLC:B:1:O3,O3,GLC,B,1
GAC_201,/home/wms/AF2-test/AF2-CatGraph/results/GAC/02_template_guided_docking/complexes/GAC_201_complex.pdb,results/GAC/05_plip_interaction_graphs/plip_outputs/GAC_201/report.xml,hydrogen_bonds,N2,GLU310A,2322,hydrogen_bonds,hydrogen_bond,GLC:B:1:N2,N2,GLC,B,1
GAC_201,/home/wms/AF2-test/AF2-CatGraph/results/GAC/02_template_guided_docking/complexes/GAC_201_complex.pdb,results/GAC/05_plip_interaction_graphs/plip_outputs/GAC_201/report.xml,hydrogen_bonds,O2,ASN317A,2324,hydrogen_bonds,hydrogen_bond,GLC:B:1:O2,O2,GLC,B,1
GAC_201,/home/wms/AF2-test/AF2-CatGraph/results/GAC/02_template_guided_docking/complexes/GAC_201_complex.pdb,results/GAC/05_plip_interaction_graphs/plip_outputs/GAC_201/report.xml,hydrogen_bonds,O2,TYR343A,2324,hydrogen_bonds,hydrogen_bond,GLC:B:1:O2,O2,GLC,B,1
GAC_201,/home/wms/AF2-test/AF2-CatGraph/results/GAC/02_template_guided_docking/complexes/GAC_201_complex.pdb,results/GAC/05_plip_interaction_graphs/plip_outputs/GAC_201/report.xml,hydrogen_bonds,O1,TYR395A,2318,hydrogen_bonds,hydrogen_bond,GLC:B:1:O1,O1,GLC,B,1
GAC_201,/home/wms/AF2-test/AF2-CatGraph/results/GAC/02_template_guided_docking/complexes/GAC_201_complex.pdb,results/GAC/05_plip_interaction_graphs/plip_outputs/GAC_201/report.xml,hydrogen_bonds,N1,TYR395A,2316,hydrogen_bonds,hydrogen_bond,GLC:B:1:N1,N1,GLC,B,1
GAC_201,/home/wms/AF2-test/AF2-CatGraph/results/GAC/02_template_guided_docking/complexes/GAC_201_complex.pdb,results/GAC/05_plip_interaction_graphs/plip_outputs/GAC_201/report.xml,hydrogen_bonds,O1,VAL413A,2318,hydrogen_bonds,hydrogen_bond,GLC:B:1:O1,O1,GLC,B,1
GAC_202,/home/wms/AF2-test/AF2-CatGraph/results/GAC/02_template_guided_docking/complexes/GAC_202_complex.pdb,results/GAC/05_plip_interaction_graphs/plip_outputs/GAC_202/report.xml,hydrophobic_interactions,C2,VAL413A,2319,hydrophobic_interactions,hydrophobic_interaction,GLC:B:1:C2,C2,GLC,B,1
GAC_202,/home/wms/AF2-test/AF2-CatGraph/results/GAC/02_template_guided_docking/complexes/GAC_202_complex.pdb,results/GAC/05_plip_interaction_graphs/plip_outputs/GAC_202/report.xml,hydrogen_bonds,O1,SER215A,2318,hydrogen_bonds,hydrogen_bond,GLC:B:1:O1,O1,GLC,B,1
GAC_202,/home/wms/AF2-test/AF2-CatGraph/results/GAC/02_template_guided_docking/complexes/GAC_202_complex.pdb,results/GAC/05_plip_interaction_graphs/plip_outputs/GAC_202/report.xml,hydrogen_bonds,O3,GLU310A,2325,hydrogen_bonds,hydrogen_bond,GLC:B:1:O3,O3,GLC,B,1
GAC_202,/home/wms/AF2-test/AF2-CatGraph/results/GAC/02_template_guided_docking/complexes/GAC_202_complex.pdb,results/GAC/05_plip_interaction_graphs/plip_outputs/GAC_202/report.xml,hydrogen_bonds,N2,GLU310A,2322,hydrogen_bonds,hydrogen_bond,GLC:B:1:N2,N2,GLC,B,1
GAC_202,/home/wms/AF2-test/AF2-CatGraph/results/GAC/02_template_guided_docking/complexes/GAC_202_complex.pdb,results/GAC/05_plip_interaction_graphs/plip_outputs/GAC_202/report.xml,hydrogen_bonds,O2,ASN317A,2324,hydrogen_bonds,hydrogen_bond,GLC:B:1:O2,O2,GLC,B,1
GAC_202,/home/wms/AF2-test/AF2-CatGraph/results/GAC/02_template_guided_docking/complexes/GAC_202_complex.pdb,results/GAC/05_plip_interaction_graphs/plip_outputs/GAC_202/report.xml,hydrogen_bonds,O2,TYR343A,2324,hydrogen_bonds,hydrogen_bond,GLC:B:1:O2,O2,GLC,B,1
GAC_202,/home/wms/AF2-test/AF2-CatGraph/results/GAC/02_template_guided_docking/complexes/GAC_202_complex.pdb,results/GAC/05_plip_interaction_graphs/plip_outputs/GAC_202/report.xml,hydrogen_bonds,O1,TYR395A,2318,hydrogen_bonds,hydrogen_bond,GLC:B:1:O1,O1,GLC,B,1
GAC_202,/home/wms/AF2-test/AF2-CatGraph/results/GAC/02_template_guided_docking/complexes/GAC_202_complex.pdb,results/GAC/05_plip_interaction_graphs/plip_outputs/GAC_202/report.xml,hydrogen_bonds,N1,TYR395A,2316,hydrogen_bonds,hydrogen_bond,GLC:B:1:N1,N1,GLC,B,1
GAC_202,/home/wms/AF2-test/AF2-CatGraph/results/GAC/02_template_guided_docking/complexes/GAC_202_complex.pdb,results/GAC/05_plip_interaction_graphs/plip_outputs/GAC_202/report.xml,hydrogen_bonds,O1,VAL413A,2318,hydrogen_bonds,hydrogen_bond,GLC:B:1:O1,O1,GLC,B,1
GAC_204,/home/wms/AF2-test/AF2-CatGraph/results/GAC/02_template_guided_docking/complexes/GAC_204_complex.pdb,results/GAC/05_plip_interaction_graphs/plip_outputs/GAC_204/report.xml,hydrophobic_interactions,C2,VAL413A,2319,hydrophobic_interactions,hydrophobic_interaction,GLC:B:1:C2,C2,GLC,B,1
GAC_204,/home/wms/AF2-test/AF2-CatGraph/results/GAC/02_template_guided_docking/complexes/GAC_204_complex.pdb,results/GAC/05_plip_interaction_graphs/plip_outputs/GAC_204/report.xml,hydrogen_bonds,O1,SER215A,2318,hydrogen_bonds,hydrogen_bond,GLC:B:1:O1,O1,GLC,B,1
GAC_204,/home/wms/AF2-test/AF2-CatGraph/results/GAC/02_template_guided_docking/complexes/GAC_204_complex.pdb,results/GAC/05_plip_interaction_graphs/plip_outputs/GAC_204/report.xml,hydrogen_bonds,O3,GLU310A,2325,hydrogen_bonds,hydrogen_bond,GLC:B:1:O3,O3,GLC,B,1
GAC_204,/home/wms/AF2-test/AF2-CatGraph/results/GAC/02_template_guided_docking/complexes/GAC_204_complex.pdb,results/GAC/05_plip_interaction_graphs/plip_outputs/GAC_204/report.xml,hydrogen_bonds,N2,GLU310A,2322,hydrogen_bonds,hydrogen_bond,GLC:B:1:N2,N2,GLC,B,1
GAC_204,/home/wms/AF2-test/AF2-CatGraph/results/GAC/02_template_guided_docking/complexes/GAC_204_complex.pdb,results/GAC/05_plip_interaction_graphs/plip_outputs/GAC_204/report.xml,hydrogen_bonds,O2,ASN317A,2324,hydrogen_bonds,hydrogen_bond,GLC:B:1:O2,O2,GLC,B,1
GAC_204,/home/wms/AF2-test/AF2-CatGraph/results/GAC/02_template_guided_docking/complexes/GAC_204_complex.pdb,results/GAC/05_plip_interaction_graphs/plip_outputs/GAC_204/report.xml,hydrogen_bonds,O2,TYR343A,2324,hydrogen_bonds,hydrogen_bond,GLC:B:1:O2,O2,GLC,B,1
GAC_204,/home/wms/AF2-test/AF2-CatGraph/results/GAC/02_template_guided_docking/complexes/GAC_204_complex.pdb,results/GAC/05_plip_interaction_graphs/plip_outputs/GAC_204/report.xml,hydrogen_bonds,N2,CYS347A,2322,hydrogen_bonds,hydrogen_bond,GLC:B:1:N2,N2,GLC,B,1
GAC_204,/home/wms/AF2-test/AF2-CatGraph/results/GAC/02_template_guided_docking/complexes/GAC_204_complex.pdb,results/GAC/05_plip_interaction_graphs/plip_outputs/GAC_204/report.xml,hydrogen_bonds,O1,TYR395A,2318,hydrogen_bonds,hydrogen_bond,GLC:B:1:O1,O1,GLC,B,1
GAC_204,/home/wms/AF2-test/AF2-CatGraph/results/GAC/02_template_guided_docking/complexes/GAC_204_complex.pdb,results/GAC/05_plip_interaction_graphs/plip_outputs/GAC_204/report.xml,hydrogen_bonds,N1,TYR395A,2316,hydrogen_bonds,hydrogen_bond,GLC:B:1:N1,N1,GLC,B,1
GAC_204,/home/wms/AF2-test/AF2-CatGraph/results/GAC/02_template_guided_docking/complexes/GAC_204_complex.pdb,results/GAC/05_plip_interaction_graphs/plip_outputs/GAC_204/report.xml,hydrogen_bonds,O1,VAL413A,2318,hydrogen_bonds,hydrogen_bond,GLC:B:1:O1,O1,GLC,B,1
GAC_205,/home/wms/AF2-test/AF2-CatGraph/results/GAC/02_template_guided_docking/complexes/GAC_205_complex.pdb,results/GAC/05_plip_interaction_graphs/plip_outputs/GAC_205/report.xml,hydrophobic_interactions,C2,PHE247A,2319,hydrophobic_interactions,hydrophobic_interaction,GLC:B:1:C2,C2,GLC,B,1
GAC_205,/home/wms/AF2-test/AF2-CatGraph/results/GAC/02_template_guided_docking/complexes/GAC_205_complex.pdb,results/GAC/05_plip_interaction_graphs/plip_outputs/GAC_205/report.xml,hydrophobic_interactions,C2,VAL413A,2319,hydrophobic_interactions,hydrophobic_interaction,GLC:B:1:C2,C2,GLC,B,1
GAC_205,/home/wms/AF2-test/AF2-CatGraph/results/GAC/02_template_guided_docking/complexes/GAC_205_complex.pdb,results/GAC/05_plip_interaction_graphs/plip_outputs/GAC_205/report.xml,hydrogen_bonds,O1,SER215A,2318,hydrogen_bonds,hydrogen_bond,GLC:B:1:O1,O1,GLC,B,1
GAC_205,/home/wms/AF2-test/AF2-CatGraph/results/GAC/02_template_guided_docking/complexes/GAC_205_complex.pdb,results/GAC/05_plip_interaction_graphs/plip_outputs/GAC_205/report.xml,hydrogen_bonds,O2,ASN264A,2324,hydrogen_bonds,hydrogen_bond,GLC:B:1:O2,O2,GLC,B,1
GAC_205,/home/wms/AF2-test/AF2-CatGraph/results/GAC/02_template_guided_docking/complexes/GAC_205_complex.pdb,results/GAC/05_plip_interaction_graphs/plip_outputs/GAC_205/report.xml,hydrogen_bonds,O3,GLU310A,2325,hydrogen_bonds,hydrogen_bond,GLC:B:1:O3,O3,GLC,B,1
GAC_205,/home/wms/AF2-test/AF2-CatGraph/results/GAC/02_template_guided_docking/complexes/GAC_205_complex.pdb,results/GAC/05_plip_interaction_graphs/plip_outputs/GAC_205/report.xml,hydrogen_bonds,N2,GLU310A,2322,hydrogen_bonds,hydrogen_bond,GLC:B:1:N2,N2,GLC,B,1
GAC_205,/home/wms/AF2-test/AF2-CatGraph/results/GAC/02_template_guided_docking/complexes/GAC_205_complex.pdb,results/GAC/05_plip_interaction_graphs/plip_outputs/GAC_205/report.xml,hydrogen_bonds,O2,ASN317A,2324,hydrogen_bonds,hydrogen_bond,GLC:B:1:O2,O2,GLC,B,1
GAC_205,/home/wms/AF2-test/AF2-CatGraph/results/GAC/02_template_guided_docking/complexes/GAC_205_complex.pdb,results/GAC/05_plip_interaction_graphs/plip_outputs/GAC_205/report.xml,hydrogen_bonds,O2,TYR343A,2324,hydrogen_bonds,hydrogen_bond,GLC:B:1:O2,O2,GLC,B,1
GAC_205,/home/wms/AF2-test/AF2-CatGraph/results/GAC/02_template_guided_docking/complexes/GAC_205_complex.pdb,results/GAC/05_plip_interaction_graphs/plip_outputs/GAC_205/report.xml,hydrogen_bonds,O1,TYR395A,2318,hydrogen_bonds,hydrogen_bond,GLC:B:1:O1,O1,GLC,B,1
GAC_205,/home/wms/AF2-test/AF2-CatGraph/results/GAC/02_template_guided_docking/complexes/GAC_205_complex.pdb,results/GAC/05_plip_interaction_graphs/plip_outputs/GAC_205/report.xml,hydrogen_bonds,N1,TYR395A,2316,hydrogen_bonds,hydrogen_bond,GLC:B:1:N1,N1,GLC,B,1
GAC_205,/home/wms/AF2-test/AF2-CatGraph/results/GAC/02_template_guided_docking/complexes/GAC_205_complex.pdb,results/GAC/05_plip_interaction_graphs/plip_outputs/GAC_205/report.xml,hydrogen_bonds,O1,VAL413A,2318,hydrogen_bonds,hydrogen_bond,GLC:B:1:O1,O1,GLC,B,1
GAC_206,/home/wms/AF2-test/AF2-CatGraph/results/GAC/02_template_guided_docking/complexes/GAC_206_complex.pdb,results/GAC/05_plip_interaction_graphs/plip_outputs/GAC_206/report.xml,hydrophobic_interactions,C2,VAL413A,2319,hydrophobic_interactions,hydrophobic_interaction,GLC:B:1:C2,C2,GLC,B,1
GAC_206,/home/wms/AF2-test/AF2-CatGraph/results/GAC/02_template_guided_docking/complexes/GAC_206_complex.pdb,results/GAC/05_plip_interaction_graphs/plip_outputs/GAC_206/report.xml,hydrogen_bonds,O1,SER215A,2318,hydrogen_bonds,hydrogen_bond,GLC:B:1:O1,O1,GLC,B,1
GAC_206,/home/wms/AF2-test/AF2-CatGraph/results/GAC/02_template_guided_docking/complexes/GAC_206_complex.pdb,results/GAC/05_plip_interaction_graphs/plip_outputs/GAC_206/report.xml,hydrogen_bonds,O2,ASN264A,2324,hydrogen_bonds,hydrogen_bond,GLC:B:1:O2,O2,GLC,B,1
GAC_206,/home/wms/AF2-test/AF2-CatGraph/results/GAC/02_template_guided_docking/complexes/GAC_206_complex.pdb,results/GAC/05_plip_interaction_graphs/plip_outputs/GAC_206/report.xml,hydrogen_bonds,O3,GLU310A,2325,hydrogen_bonds,hydrogen_bond,GLC:B:1:O3,O3,GLC,B,1
GAC_206,/home/wms/AF2-test/AF2-CatGraph/results/GAC/02_template_guided_docking/complexes/GAC_206_complex.pdb,results/GAC/05_plip_interaction_graphs/plip_outputs/GAC_206/report.xml,hydrogen_bonds,N2,GLU310A,2322,hydrogen_bonds,hydrogen_bond,GLC:B:1:N2,N2,GLC,B,1
GAC_206,/home/wms/AF2-test/AF2-CatGraph/results/GAC/02_template_guided_docking/complexes/GAC_206_complex.pdb,results/GAC/05_plip_interaction_graphs/plip_outputs/GAC_206/report.xml,hydrogen_bonds,O2,ASN317A,2324,hydrogen_bonds,hydrogen_bond,GLC:B:1:O2,O2,GLC,B,1
GAC_206,/home/wms/AF2-test/AF2-CatGraph/results/GAC/02_template_guided_docking/complexes/GAC_206_complex.pdb,results/GAC/05_plip_interaction_graphs/plip_outputs/GAC_206/report.xml,hydrogen_bonds,O2,TYR343A,2324,hydrogen_bonds,hydrogen_bond,GLC:B:1:O2,O2,GLC,B,1
GAC_206,/home/wms/AF2-test/AF2-CatGraph/results/GAC/02_template_guided_docking/complexes/GAC_206_complex.pdb,results/GAC/05_plip_interaction_graphs/plip_outputs/GAC_206/report.xml,hydrogen_bonds,O1,TYR395A,2318,hydrogen_bonds,hydrogen_bond,GLC:B:1:O1,O1,GLC,B,1
GAC_206,/home/wms/AF2-test/AF2-CatGraph/results/GAC/02_template_guided_docking/complexes/GAC_206_complex.pdb,results/GAC/05_plip_interaction_graphs/plip_outputs/GAC_206/report.xml,hydrogen_bonds,N1,TYR395A,2316,hydrogen_bonds,hydrogen_bond,GLC:B:1:N1,N1,GLC,B,1
GAC_206,/home/wms/AF2-test/AF2-CatGraph/results/GAC/02_template_guided_docking/complexes/GAC_206_complex.pdb,results/GAC/05_plip_interaction_graphs/plip_outputs/GAC_206/report.xml,hydrogen_bonds,O1,VAL413A,2318,hydrogen_bonds,hydrogen_bond,GLC:B:1:O1,O1,GLC,B,1
GAC_207,/home/wms/AF2-test/AF2-CatGraph/results/GAC/02_template_guided_docking/complexes/GAC_207_complex.pdb,results/GAC/05_plip_interaction_graphs/plip_outputs/GAC_207/report.xml,hydrophobic_interactions,C2,VAL413A,2319,hydrophobic_interactions,hydrophobic_interaction,GLC:B:1:C2,C2,GLC,B,1
GAC_207,/home/wms/AF2-test/AF2-CatGraph/results/GAC/02_template_guided_docking/complexes/GAC_207_complex.pdb,results/GAC/05_plip_interaction_graphs/plip_outputs/GAC_207/report.xml,hydrogen_bonds,O1,SER215A,2318,hydrogen_bonds,hydrogen_bond,GLC:B:1:O1,O1,GLC,B,1
GAC_207,/home/wms/AF2-test/AF2-CatGraph/results/GAC/02_template_guided_docking/complexes/GAC_207_complex.pdb,results/GAC/05_plip_interaction_graphs/plip_outputs/GAC_207/report.xml,hydrogen_bonds,O2,ASN264A,2324,hydrogen_bonds,hydrogen_bond,GLC:B:1:O2,O2,GLC,B,1
GAC_207,/home/wms/AF2-test/AF2-CatGraph/results/GAC/02_template_guided_docking/complexes/GAC_207_complex.pdb,results/GAC/05_plip_interaction_graphs/plip_outputs/GAC_207/report.xml,hydrogen_bonds,O3,GLU310A,2325,hydrogen_bonds,hydrogen_bond,GLC:B:1:O3,O3,GLC,B,1
GAC_207,/home/wms/AF2-test/AF2-CatGraph/results/GAC/02_template_guided_docking/complexes/GAC_207_complex.pdb,results/GAC/05_plip_interaction_graphs/plip_outputs/GAC_207/report.xml,hydrogen_bonds,N2,GLU310A,2322,hydrogen_bonds,hydrogen_bond,GLC:B:1:N2,N2,GLC,B,1
GAC_207,/home/wms/AF2-test/AF2-CatGraph/results/GAC/02_template_guided_docking/complexes/GAC_207_complex.pdb,results/GAC/05_plip_interaction_graphs/plip_outputs/GAC_207/report.xml,hydrogen_bonds,O2,ASN317A,2324,hydrogen_bonds,hydrogen_bond,GLC:B:1:O2,O2,GLC,B,1
GAC_207,/home/wms/AF2-test/AF2-CatGraph/results/GAC/02_template_guided_docking/complexes/GAC_207_complex.pdb,results/GAC/05_plip_interaction_graphs/plip_outputs/GAC_207/report.xml,hydrogen_bonds,O2,TYR343A,2324,hydrogen_bonds,hydrogen_bond,GLC:B:1:O2,O2,GLC,B,1
GAC_207,/home/wms/AF2-test/AF2-CatGraph/results/GAC/02_template_guided_docking/complexes/GAC_207_complex.pdb,results/GAC/05_plip_interaction_graphs/plip_outputs/GAC_207/report.xml,hydrogen_bonds,O1,TYR395A,2318,hydrogen_bonds,hydrogen_bond,GLC:B:1:O1,O1,GLC,B,1
GAC_207,/home/wms/AF2-test/AF2-CatGraph/results/GAC/02_template_guided_docking/complexes/GAC_207_complex.pdb,results/GAC/05_plip_interaction_graphs/plip_outputs/GAC_207/report.xml,hydrogen_bonds,N1,TYR395A,2316,hydrogen_bonds,hydrogen_bond,GLC:B:1:N1,N1,GLC,B,1
GAC_207,/home/wms/AF2-test/AF2-CatGraph/results/GAC/02_template_guided_docking/complexes/GAC_207_complex.pdb,results/GAC/05_plip_interaction_graphs/plip_outputs/GAC_207/report.xml,hydrogen_bonds,O1,VAL413A,2318,hydrogen_bonds,hydrogen_bond,GLC:B:1:O1,O1,GLC,B,1
GAC_208,/home/wms/AF2-test/AF2-CatGraph/results/GAC/02_template_guided_docking/complexes/GAC_208_complex.pdb,results/GAC/05_plip_interaction_graphs/plip_outputs/GAC_208/report.xml,hydrophobic_interactions,C2,VAL413A,2319,hydrophobic_interactions,hydrophobic_interaction,GLC:B:1:C2,C2,GLC,B,1
GAC_208,/home/wms/AF2-test/AF2-CatGraph/results/GAC/02_template_guided_docking/complexes/GAC_208_complex.pdb,results/GAC/05_plip_interaction_graphs/plip_outputs/GAC_208/report.xml,hydrogen_bonds,N2,GLN214A,2322,hydrogen_bonds,hydrogen_bond,GLC:B:1:N2,N2,GLC,B,1
GAC_208,/home/wms/AF2-test/AF2-CatGraph/results/GAC/02_template_guided_docking/complexes/GAC_208_complex.pdb,results/GAC/05_plip_interaction_graphs/plip_outputs/GAC_208/report.xml,hydrogen_bonds,O1,SER215A,2318,hydrogen_bonds,hydrogen_bond,GLC:B:1:O1,O1,GLC,B,1
GAC_208,/home/wms/AF2-test/AF2-CatGraph/results/GAC/02_template_guided_docking/complexes/GAC_208_complex.pdb,results/GAC/05_plip_interaction_graphs/plip_outputs/GAC_208/report.xml,hydrogen_bonds,O2,ASN264A,2324,hydrogen_bonds,hydrogen_bond,GLC:B:1:O2,O2,GLC,B,1
GAC_208,/home/wms/AF2-test/AF2-CatGraph/results/GAC/02_template_guided_docking/complexes/GAC_208_complex.pdb,results/GAC/05_plip_interaction_graphs/plip_outputs/GAC_208/report.xml,hydrogen_bonds,O3,GLU310A,2325,hydrogen_bonds,hydrogen_bond,GLC:B:1:O3,O3,GLC,B,1
GAC_208,/home/wms/AF2-test/AF2-CatGraph/results/GAC/02_template_guided_docking/complexes/GAC_208_complex.pdb,results/GAC/05_plip_interaction_graphs/plip_outputs/GAC_208/report.xml,hydrogen_bonds,O2,ASN317A,2324,hydrogen_bonds,hydrogen_bond,GLC:B:1:O2,O2,GLC,B,1
GAC_208,/home/wms/AF2-test/AF2-CatGraph/results/GAC/02_template_guided_docking/complexes/GAC_208_complex.pdb,results/GAC/05_plip_interaction_graphs/plip_outputs/GAC_208/report.xml,hydrogen_bonds,O2,TYR343A,2324,hydrogen_bonds,hydrogen_bond,GLC:B:1:O2,O2,GLC,B,1
GAC_208,/home/wms/AF2-test/AF2-CatGraph/results/GAC/02_template_guided_docking/complexes/GAC_208_complex.pdb,results/GAC/05_plip_interaction_graphs/plip_outputs/GAC_208/report.xml,hydrogen_bonds,O1,TYR395A,2318,hydrogen_bonds,hydrogen_bond,GLC:B:1:O1,O1,GLC,B,1
GAC_208,/home/wms/AF2-test/AF2-CatGraph/results/GAC/02_template_guided_docking/complexes/GAC_208_complex.pdb,results/GAC/05_plip_interaction_graphs/plip_outputs/GAC_208/report.xml,hydrogen_bonds,N1,TYR395A,2316,hydrogen_bonds,hydrogen_bond,GLC:B:1:N1,N1,GLC,B,1
GAC_208,/home/wms/AF2-test/AF2-CatGraph/results/GAC/02_template_guided_docking/complexes/GAC_208_complex.pdb,results/GAC/05_plip_interaction_graphs/plip_outputs/GAC_208/report.xml,hydrogen_bonds,O1,VAL413A,2318,hydrogen_bonds,hydrogen_bond,GLC:B:1:O1,O1,GLC,B,1
GAC_209,/home/wms/AF2-test/AF2-CatGraph/results/GAC/02_template_guided_docking/complexes/GAC_209_complex.pdb,results/GAC/05_plip_interaction_graphs/plip_outputs/GAC_209/report.xml,hydrophobic_interactions,C2,VAL413A,2319,hydrophobic_interactions,hydrophobic_interaction,GLC:B:1:C2,C2,GLC,B,1
GAC_209,/home/wms/AF2-test/AF2-CatGraph/results/GAC/02_template_guided_docking/complexes/GAC_209_complex.pdb,results/GAC/05_plip_interaction_graphs/plip_outputs/GAC_209/report.xml,hydrogen_bonds,O1,SER215A,2318,hydrogen_bonds,hydrogen_bond,GLC:B:1:O1,O1,GLC,B,1
GAC_209,/home/wms/AF2-test/AF2-CatGraph/results/GAC/02_template_guided_docking/complexes/GAC_209_complex.pdb,results/GAC/05_plip_interaction_graphs/plip_outputs/GAC_209/report.xml,hydrogen_bonds,O2,ASN264A,2324,hydrogen_bonds,hydrogen_bond,GLC:B:1:O2,O2,GLC,B,1
GAC_209,/home/wms/AF2-test/AF2-CatGraph/results/GAC/02_template_guided_docking/complexes/GAC_209_complex.pdb,results/GAC/05_plip_interaction_graphs/plip_outputs/GAC_209/report.xml,hydrogen_bonds,O3,GLU310A,2325,hydrogen_bonds,hydrogen_bond,GLC:B:1:O3,O3,GLC,B,1
GAC_209,/home/wms/AF2-test/AF2-CatGraph/results/GAC/02_template_guided_docking/complexes/GAC_209_complex.pdb,results/GAC/05_plip_interaction_graphs/plip_outputs/GAC_209/report.xml,hydrogen_bonds,N2,GLU310A,2322,hydrogen_bonds,hydrogen_bond,GLC:B:1:N2,N2,GLC,B,1
GAC_209,/home/wms/AF2-test/AF2-CatGraph/results/GAC/02_template_guided_docking/complexes/GAC_209_complex.pdb,results/GAC/05_plip_interaction_graphs/plip_outputs/GAC_209/report.xml,hydrogen_bonds,O2,ASN317A,2324,hydrogen_bonds,hydrogen_bond,GLC:B:1:O2,O2,GLC,B,1
GAC_209,/home/wms/AF2-test/AF2-CatGraph/results/GAC/02_template_guided_docking/complexes/GAC_209_complex.pdb,results/GAC/05_plip_interaction_graphs/plip_outputs/GAC_209/report.xml,hydrogen_bonds,O2,TYR343A,2324,hydrogen_bonds,hydrogen_bond,GLC:B:1:O2,O2,GLC,B,1
GAC_209,/home/wms/AF2-test/AF2-CatGraph/results/GAC/02_template_guided_docking/complexes/GAC_209_complex.pdb,results/GAC/05_plip_interaction_graphs/plip_outputs/GAC_209/report.xml,hydrogen_bonds,O1,TYR395A,2318,hydrogen_bonds,hydrogen_bond,GLC:B:1:O1,O1,GLC,B,1
GAC_209,/home/wms/AF2-test/AF2-CatGraph/results/GAC/02_template_guided_docking/complexes/GAC_209_complex.pdb,results/GAC/05_plip_interaction_graphs/plip_outputs/GAC_209/report.xml,hydrogen_bonds,N1,TYR395A,2316,hydrogen_bonds,hydrogen_bond,GLC:B:1:N1,N1,GLC,B,1
GAC_209,/home/wms/AF2-test/AF2-CatGraph/results/GAC/02_template_guided_docking/complexes/GAC_209_complex.pdb,results/GAC/05_plip_interaction_graphs/plip_outputs/GAC_209/report.xml,hydrogen_bonds,O1,VAL413A,2318,hydrogen_bonds,hydrogen_bond,GLC:B:1:O1,O1,GLC,B,1
GAC_210,/home/wms/AF2-test/AF2-CatGraph/results/GAC/02_template_guided_docking/complexes/GAC_210_complex.pdb,results/GAC/05_plip_interaction_graphs/plip_outputs/GAC_210/report.xml,hydrophobic_interactions,C2,VAL413A,2319,hydrophobic_interactions,hydrophobic_interaction,GLC:B:1:C2,C2,GLC,B,1
GAC_210,/home/wms/AF2-test/AF2-CatGraph/results/GAC/02_template_guided_docking/complexes/GAC_210_complex.pdb,results/GAC/05_plip_interaction_graphs/plip_outputs/GAC_210/report.xml,hydrogen_bonds,O1,SER215A,2318,hydrogen_bonds,hydrogen_bond,GLC:B:1:O1,O1,GLC,B,1
GAC_210,/home/wms/AF2-test/AF2-CatGraph/results/GAC/02_template_guided_docking/complexes/GAC_210_complex.pdb,results/GAC/05_plip_interaction_graphs/plip_outputs/GAC_210/report.xml,hydrogen_bonds,O2,ASN264A,2324,hydrogen_bonds,hydrogen_bond,GLC:B:1:O2,O2,GLC,B,1
GAC_210,/home/wms/AF2-test/AF2-CatGraph/results/GAC/02_template_guided_docking/complexes/GAC_210_complex.pdb,results/GAC/05_plip_interaction_graphs/plip_outputs/GAC_210/report.xml,hydrogen_bonds,O3,GLU310A,2325,hydrogen_bonds,hydrogen_bond,GLC:B:1:O3,O3,GLC,B,1
GAC_210,/home/wms/AF2-test/AF2-CatGraph/results/GAC/02_template_guided_docking/complexes/GAC_210_complex.pdb,results/GAC/05_plip_interaction_graphs/plip_outputs/GAC_210/report.xml,hydrogen_bonds,N2,GLU310A,2322,hydrogen_bonds,hydrogen_bond,GLC:B:1:N2,N2,GLC,B,1
GAC_210,/home/wms/AF2-test/AF2-CatGraph/results/GAC/02_template_guided_docking/complexes/GAC_210_complex.pdb,results/GAC/05_plip_interaction_graphs/plip_outputs/GAC_210/report.xml,hydrogen_bonds,O2,ASN317A,2324,hydrogen_bonds,hydrogen_bond,GLC:B:1:O2,O2,GLC,B,1
GAC_210,/home/wms/AF2-test/AF2-CatGraph/results/GAC/02_template_guided_docking/complexes/GAC_210_complex.pdb,results/GAC/05_plip_interaction_graphs/plip_outputs/GAC_210/report.xml,hydrogen_bonds,O2,TYR343A,2324,hydrogen_bonds,hydrogen_bond,GLC:B:1:O2,O2,GLC,B,1
GAC_210,/home/wms/AF2-test/AF2-CatGraph/results/GAC/02_template_guided_docking/complexes/GAC_210_complex.pdb,results/GAC/05_plip_interaction_graphs/plip_outputs/GAC_210/report.xml,hydrogen_bonds,O1,TYR395A,2318,hydrogen_bonds,hydrogen_bond,GLC:B:1:O1,O1,GLC,B,1
GAC_210,/home/wms/AF2-test/AF2-CatGraph/results/GAC/02_template_guided_docking/complexes/GAC_210_complex.pdb,results/GAC/05_plip_interaction_graphs/plip_outputs/GAC_210/report.xml,hydrogen_bonds,N1,TYR395A,2316,hydrogen_bonds,hydrogen_bond,GLC:B:1:N1,N1,GLC,B,1
GAC_210,/home/wms/AF2-test/AF2-CatGraph/results/GAC/02_template_guided_docking/complexes/GAC_210_complex.pdb,results/GAC/05_plip_interaction_graphs/plip_outputs/GAC_210/report.xml,hydrogen_bonds,O1,VAL413A,2318,hydrogen_bonds,hydrogen_bond,GLC:B:1:O1,O1,GLC,B,1
GAC_211,/home/wms/AF2-test/AF2-CatGraph/results/GAC/02_template_guided_docking/complexes/GAC_211_complex.pdb,results/GAC/05_plip_interaction_graphs/plip_outputs/GAC_211/report.xml,hydrophobic_interactions,C2,VAL413A,2319,hydrophobic_interactions,hydrophobic_interaction,GLC:B:1:C2,C2,GLC,B,1
GAC_211,/home/wms/AF2-test/AF2-CatGraph/results/GAC/02_template_guided_docking/complexes/GAC_211_complex.pdb,results/GAC/05_plip_interaction_graphs/plip_outputs/GAC_211/report.xml,hydrogen_bonds,O1,SER215A,2318,hydrogen_bonds,hydrogen_bond,GLC:B:1:O1,O1,GLC,B,1
GAC_211,/home/wms/AF2-test/AF2-CatGraph/results/GAC/02_template_guided_docking/complexes/GAC_211_complex.pdb,results/GAC/05_plip_interaction_graphs/plip_outputs/GAC_211/report.xml,hydrogen_bonds,O2,ASN264A,2324,hydrogen_bonds,hydrogen_bond,GLC:B:1:O2,O2,GLC,B,1
GAC_211,/home/wms/AF2-test/AF2-CatGraph/results/GAC/02_template_guided_docking/complexes/GAC_211_complex.pdb,results/GAC/05_plip_interaction_graphs/plip_outputs/GAC_211/report.xml,hydrogen_bonds,O3,GLU310A,2325,hydrogen_bonds,hydrogen_bond,GLC:B:1:O3,O3,GLC,B,1
GAC_211,/home/wms/AF2-test/AF2-CatGraph/results/GAC/02_template_guided_docking/complexes/GAC_211_complex.pdb,results/GAC/05_plip_interaction_graphs/plip_outputs/GAC_211/report.xml,hydrogen_bonds,N2,GLU310A,2322,hydrogen_bonds,hydrogen_bond,GLC:B:1:N2,N2,GLC,B,1
GAC_211,/home/wms/AF2-test/AF2-CatGraph/results/GAC/02_template_guided_docking/complexes/GAC_211_complex.pdb,results/GAC/05_plip_interaction_graphs/plip_outputs/GAC_211/report.xml,hydrogen_bonds,O2,ASN317A,2324,hydrogen_bonds,hydrogen_bond,GLC:B:1:O2,O2,GLC,B,1
GAC_211,/home/wms/AF2-test/AF2-CatGraph/results/GAC/02_template_guided_docking/complexes/GAC_211_complex.pdb,results/GAC/05_plip_interaction_graphs/plip_outputs/GAC_211/report.xml,hydrogen_bonds,O2,TYR343A,2324,hydrogen_bonds,hydrogen_bond,GLC:B:1:O2,O2,GLC,B,1
GAC_211,/home/wms/AF2-test/AF2-CatGraph/results/GAC/02_template_guided_docking/complexes/GAC_211_complex.pdb,results/GAC/05_plip_interaction_graphs/plip_outputs/GAC_211/report.xml,hydrogen_bonds,O1,TYR395A,2318,hydrogen_bonds,hydrogen_bond,GLC:B:1:O1,O1,GLC,B,1
GAC_211,/home/wms/AF2-test/AF2-CatGraph/results/GAC/02_template_guided_docking/complexes/GAC_211_complex.pdb,results/GAC/05_plip_interaction_graphs/plip_outputs/GAC_211/report.xml,hydrogen_bonds,N1,TYR395A,2316,hydrogen_bonds,hydrogen_bond,GLC:B:1:N1,N1,GLC,B,1
GAC_211,/home/wms/AF2-test/AF2-CatGraph/results/GAC/02_template_guided_docking/complexes/GAC_211_complex.pdb,results/GAC/05_plip_interaction_graphs/plip_outputs/GAC_211/report.xml,hydrogen_bonds,O1,VAL413A,2318,hydrogen_bonds,hydrogen_bond,GLC:B:1:O1,O1,GLC,B,1
GAC_212,/home/wms/AF2-test/AF2-CatGraph/results/GAC/02_template_guided_docking/complexes/GAC_212_complex.pdb,results/GAC/05_plip_interaction_graphs/plip_outputs/GAC_212/report.xml,hydrophobic_interactions,C2,VAL413A,2319,hydrophobic_interactions,hydrophobic_interaction,GLC:B:1:C2,C2,GLC,B,1
GAC_212,/home/wms/AF2-test/AF2-CatGraph/results/GAC/02_template_guided_docking/complexes/GAC_212_complex.pdb,results/GAC/05_plip_interaction_graphs/plip_outputs/GAC_212/report.xml,hydrogen_bonds,N2,GLN214A,2322,hydrogen_bonds,hydrogen_bond,GLC:B:1:N2,N2,GLC,B,1
GAC_212,/home/wms/AF2-test/AF2-CatGraph/results/GAC/02_template_guided_docking/complexes/GAC_212_complex.pdb,results/GAC/05_plip_interaction_graphs/plip_outputs/GAC_212/report.xml,hydrogen_bonds,O1,SER215A,2318,hydrogen_bonds,hydrogen_bond,GLC:B:1:O1,O1,GLC,B,1
GAC_212,/home/wms/AF2-test/AF2-CatGraph/results/GAC/02_template_guided_docking/complexes/GAC_212_complex.pdb,results/GAC/05_plip_interaction_graphs/plip_outputs/GAC_212/report.xml,hydrogen_bonds,O2,ASN264A,2324,hydrogen_bonds,hydrogen_bond,GLC:B:1:O2,O2,GLC,B,1
GAC_212,/home/wms/AF2-test/AF2-CatGraph/results/GAC/02_template_guided_docking/complexes/GAC_212_complex.pdb,results/GAC/05_plip_interaction_graphs/plip_outputs/GAC_212/report.xml,hydrogen_bonds,O3,GLU310A,2325,hydrogen_bonds,hydrogen_bond,GLC:B:1:O3,O3,GLC,B,1
GAC_212,/home/wms/AF2-test/AF2-CatGraph/results/GAC/02_template_guided_docking/complexes/GAC_212_complex.pdb,results/GAC/05_plip_interaction_graphs/plip_outputs/GAC_212/report.xml,hydrogen_bonds,O2,ASN317A,2324,hydrogen_bonds,hydrogen_bond,GLC:B:1:O2,O2,GLC,B,1
GAC_212,/home/wms/AF2-test/AF2-CatGraph/results/GAC/02_template_guided_docking/complexes/GAC_212_complex.pdb,results/GAC/05_plip_interaction_graphs/plip_outputs/GAC_212/report.xml,hydrogen_bonds,O2,TYR343A,2324,hydrogen_bonds,hydrogen_bond,GLC:B:1:O2,O2,GLC,B,1
GAC_212,/home/wms/AF2-test/AF2-CatGraph/results/GAC/02_template_guided_docking/complexes/GAC_212_complex.pdb,results/GAC/05_plip_interaction_graphs/plip_outputs/GAC_212/report.xml,hydrogen_bonds,O1,TYR395A,2318,hydrogen_bonds,hydrogen_bond,GLC:B:1:O1,O1,GLC,B,1
GAC_212,/home/wms/AF2-test/AF2-CatGraph/results/GAC/02_template_guided_docking/complexes/GAC_212_complex.pdb,results/GAC/05_plip_interaction_graphs/plip_outputs/GAC_212/report.xml,hydrogen_bonds,N1,TYR395A,2316,hydrogen_bonds,hydrogen_bond,GLC:B:1:N1,N1,GLC,B,1
GAC_212,/home/wms/AF2-test/AF2-CatGraph/results/GAC/02_template_guided_docking/complexes/GAC_212_complex.pdb,results/GAC/05_plip_interaction_graphs/plip_outputs/GAC_212/report.xml,hydrogen_bonds,O1,VAL413A,2318,hydrogen_bonds,hydrogen_bond,GLC:B:1:O1,O1,GLC,B,1
GAC_213,/home/wms/AF2-test/AF2-CatGraph/results/GAC/02_template_guided_docking/complexes/GAC_213_complex.pdb,results/GAC/05_plip_interaction_graphs/plip_outputs/GAC_213/report.xml,hydrophobic_interactions,C2,VAL413A,2319,hydrophobic_interactions,hydrophobic_interaction,GLC:B:1:C2,C2,GLC,B,1
GAC_213,/home/wms/AF2-test/AF2-CatGraph/results/GAC/02_template_guided_docking/complexes/GAC_213_complex.pdb,results/GAC/05_plip_interaction_graphs/plip_outputs/GAC_213/report.xml,hydrogen_bonds,N2,GLN214A,2322,hydrogen_bonds,hydrogen_bond,GLC:B:1:N2,N2,GLC,B,1
GAC_213,/home/wms/AF2-test/AF2-CatGraph/results/GAC/02_template_guided_docking/complexes/GAC_213_complex.pdb,results/GAC/05_plip_interaction_graphs/plip_outputs/GAC_213/report.xml,hydrogen_bonds,O1,SER215A,2318,hydrogen_bonds,hydrogen_bond,GLC:B:1:O1,O1,GLC,B,1
GAC_213,/home/wms/AF2-test/AF2-CatGraph/results/GAC/02_template_guided_docking/complexes/GAC_213_complex.pdb,results/GAC/05_plip_interaction_graphs/plip_outputs/GAC_213/report.xml,hydrogen_bonds,O2,ASN264A,2324,hydrogen_bonds,hydrogen_bond,GLC:B:1:O2,O2,GLC,B,1
GAC_213,/home/wms/AF2-test/AF2-CatGraph/results/GAC/02_template_guided_docking/complexes/GAC_213_complex.pdb,results/GAC/05_plip_interaction_graphs/plip_outputs/GAC_213/report.xml,hydrogen_bonds,O2,ASN317A,2324,hydrogen_bonds,hydrogen_bond,GLC:B:1:O2,O2,GLC,B,1
GAC_213,/home/wms/AF2-test/AF2-CatGraph/results/GAC/02_template_guided_docking/complexes/GAC_213_complex.pdb,results/GAC/05_plip_interaction_graphs/plip_outputs/GAC_213/report.xml,hydrogen_bonds,O2,TYR343A,2324,hydrogen_bonds,hydrogen_bond,GLC:B:1:O2,O2,GLC,B,1
GAC_213,/home/wms/AF2-test/AF2-CatGraph/results/GAC/02_template_guided_docking/complexes/GAC_213_complex.pdb,results/GAC/05_plip_interaction_graphs/plip_outputs/GAC_213/report.xml,hydrogen_bonds,O1,TYR395A,2318,hydrogen_bonds,hydrogen_bond,GLC:B:1:O1,O1,GLC,B,1
GAC_213,/home/wms/AF2-test/AF2-CatGraph/results/GAC/02_template_guided_docking/complexes/GAC_213_complex.pdb,results/GAC/05_plip_interaction_graphs/plip_outputs/GAC_213/report.xml,hydrogen_bonds,N1,TYR395A,2316,hydrogen_bonds,hydrogen_bond,GLC:B:1:N1,N1,GLC,B,1
GAC_213,/home/wms/AF2-test/AF2-CatGraph/results/GAC/02_template_guided_docking/complexes/GAC_213_complex.pdb,results/GAC/05_plip_interaction_graphs/plip_outputs/GAC_213/report.xml,hydrogen_bonds,O1,VAL413A,2318,hydrogen_bonds,hydrogen_bond,GLC:B:1:O1,O1,GLC,B,1
GAC_214,/home/wms/AF2-test/AF2-CatGraph/results/GAC/02_template_guided_docking/complexes/GAC_214_complex.pdb,results/GAC/05_plip_interaction_graphs/plip_outputs/GAC_214/report.xml,hydrophobic_interactions,C2,VAL413A,2319,hydrophobic_interactions,hydrophobic_interaction,GLC:B:1:C2,C2,GLC,B,1
GAC_214,/home/wms/AF2-test/AF2-CatGraph/results/GAC/02_template_guided_docking/complexes/GAC_214_complex.pdb,results/GAC/05_plip_interaction_graphs/plip_outputs/GAC_214/report.xml,hydrogen_bonds,O1,SER215A,2318,hydrogen_bonds,hydrogen_bond,GLC:B:1:O1,O1,GLC,B,1
GAC_214,/home/wms/AF2-test/AF2-CatGraph/results/GAC/02_template_guided_docking/complexes/GAC_214_complex.pdb,results/GAC/05_plip_interaction_graphs/plip_outputs/GAC_214/report.xml,hydrogen_bonds,O2,ASN264A,2324,hydrogen_bonds,hydrogen_bond,GLC:B:1:O2,O2,GLC,B,1
GAC_214,/home/wms/AF2-test/AF2-CatGraph/results/GAC/02_template_guided_docking/complexes/GAC_214_complex.pdb,results/GAC/05_plip_interaction_graphs/plip_outputs/GAC_214/report.xml,hydrogen_bonds,O3,GLU310A,2325,hydrogen_bonds,hydrogen_bond,GLC:B:1:O3,O3,GLC,B,1
GAC_214,/home/wms/AF2-test/AF2-CatGraph/results/GAC/02_template_guided_docking/complexes/GAC_214_complex.pdb,results/GAC/05_plip_interaction_graphs/plip_outputs/GAC_214/report.xml,hydrogen_bonds,N2,GLU310A,2322,hydrogen_bonds,hydrogen_bond,GLC:B:1:N2,N2,GLC,B,1
GAC_214,/home/wms/AF2-test/AF2-CatGraph/results/GAC/02_template_guided_docking/complexes/GAC_214_complex.pdb,results/GAC/05_plip_interaction_graphs/plip_outputs/GAC_214/report.xml,hydrogen_bonds,O2,ASN317A,2324,hydrogen_bonds,hydrogen_bond,GLC:B:1:O2,O2,GLC,B,1
GAC_214,/home/wms/AF2-test/AF2-CatGraph/results/GAC/02_template_guided_docking/complexes/GAC_214_complex.pdb,results/GAC/05_plip_interaction_graphs/plip_outputs/GAC_214/report.xml,hydrogen_bonds,O2,TYR343A,2324,hydrogen_bonds,hydrogen_bond,GLC:B:1:O2,O2,GLC,B,1
GAC_214,/home/wms/AF2-test/AF2-CatGraph/results/GAC/02_template_guided_docking/complexes/GAC_214_complex.pdb,results/GAC/05_plip_interaction_graphs/plip_outputs/GAC_214/report.xml,hydrogen_bonds,O1,TYR395A,2318,hydrogen_bonds,hydrogen_bond,GLC:B:1:O1,O1,GLC,B,1
GAC_214,/home/wms/AF2-test/AF2-CatGraph/results/GAC/02_template_guided_docking/complexes/GAC_214_complex.pdb,results/GAC/05_plip_interaction_graphs/plip_outputs/GAC_214/report.xml,hydrogen_bonds,N1,TYR395A,2316,hydrogen_bonds,hydrogen_bond,GLC:B:1:N1,N1,GLC,B,1
GAC_214,/home/wms/AF2-test/AF2-CatGraph/results/GAC/02_template_guided_docking/complexes/GAC_214_complex.pdb,results/GAC/05_plip_interaction_graphs/plip_outputs/GAC_214/report.xml,hydrogen_bonds,O1,VAL413A,2318,hydrogen_bonds,hydrogen_bond,GLC:B:1:O1,O1,GLC,B,1
GAC_215,/home/wms/AF2-test/AF2-CatGraph/results/GAC/02_template_guided_docking/complexes/GAC_215_complex.pdb,results/GAC/05_plip_interaction_graphs/plip_outputs/GAC_215/report.xml,hydrophobic_interactions,C2,VAL413A,2319,hydrophobic_interactions,hydrophobic_interaction,GLC:B:1:C2,C2,GLC,B,1
GAC_215,/home/wms/AF2-test/AF2-CatGraph/results/GAC/02_template_guided_docking/complexes/GAC_215_complex.pdb,results/GAC/05_plip_interaction_graphs/plip_outputs/GAC_215/report.xml,hydrogen_bonds,O1,SER215A,2318,hydrogen_bonds,hydrogen_bond,GLC:B:1:O1,O1,GLC,B,1
GAC_215,/home/wms/AF2-test/AF2-CatGraph/results/GAC/02_template_guided_docking/complexes/GAC_215_complex.pdb,results/GAC/05_plip_interaction_graphs/plip_outputs/GAC_215/report.xml,hydrogen_bonds,O2,ASN264A,2324,hydrogen_bonds,hydrogen_bond,GLC:B:1:O2,O2,GLC,B,1
GAC_215,/home/wms/AF2-test/AF2-CatGraph/results/GAC/02_template_guided_docking/complexes/GAC_215_complex.pdb,results/GAC/05_plip_interaction_graphs/plip_outputs/GAC_215/report.xml,hydrogen_bonds,O3,GLU310A,2325,hydrogen_bonds,hydrogen_bond,GLC:B:1:O3,O3,GLC,B,1
GAC_215,/home/wms/AF2-test/AF2-CatGraph/results/GAC/02_template_guided_docking/complexes/GAC_215_complex.pdb,results/GAC/05_plip_interaction_graphs/plip_outputs/GAC_215/report.xml,hydrogen_bonds,N2,GLU310A,2322,hydrogen_bonds,hydrogen_bond,GLC:B:1:N2,N2,GLC,B,1
GAC_215,/home/wms/AF2-test/AF2-CatGraph/results/GAC/02_template_guided_docking/complexes/GAC_215_complex.pdb,results/GAC/05_plip_interaction_graphs/plip_outputs/GAC_215/report.xml,hydrogen_bonds,O2,ASN317A,2324,hydrogen_bonds,hydrogen_bond,GLC:B:1:O2,O2,GLC,B,1
GAC_215,/home/wms/AF2-test/AF2-CatGraph/results/GAC/02_template_guided_docking/complexes/GAC_215_complex.pdb,results/GAC/05_plip_interaction_graphs/plip_outputs/GAC_215/report.xml,hydrogen_bonds,O2,TYR343A,2324,hydrogen_bonds,hydrogen_bond,GLC:B:1:O2,O2,GLC,B,1
GAC_215,/home/wms/AF2-test/AF2-CatGraph/results/GAC/02_template_guided_docking/complexes/GAC_215_complex.pdb,results/GAC/05_plip_interaction_graphs/plip_outputs/GAC_215/report.xml,hydrogen_bonds,O1,TYR395A,2318,hydrogen_bonds,hydrogen_bond,GLC:B:1:O1,O1,GLC,B,1
GAC_215,/home/wms/AF2-test/AF2-CatGraph/results/GAC/02_template_guided_docking/complexes/GAC_215_complex.pdb,results/GAC/05_plip_interaction_graphs/plip_outputs/GAC_215/report.xml,hydrogen_bonds,N1,TYR395A,2316,hydrogen_bonds,hydrogen_bond,GLC:B:1:N1,N1,GLC,B,1
GAC_215,/home/wms/AF2-test/AF2-CatGraph/results/GAC/02_template_guided_docking/complexes/GAC_215_complex.pdb,results/GAC/05_plip_interaction_graphs/plip_outputs/GAC_215/report.xml,hydrogen_bonds,O1,VAL413A,2318,hydrogen_bonds,hydrogen_bond,GLC:B:1:O1,O1,GLC,B,1
GAC_217,/home/wms/AF2-test/AF2-CatGraph/results/GAC/02_template_guided_docking/complexes/GAC_217_complex.pdb,results/GAC/05_plip_interaction_graphs/plip_outputs/GAC_217/report.xml,hydrophobic_interactions,C2,VAL413A,2319,hydrophobic_interactions,hydrophobic_interaction,GLC:B:1:C2,C2,GLC,B,1
GAC_217,/home/wms/AF2-test/AF2-CatGraph/results/GAC/02_template_guided_docking/complexes/GAC_217_complex.pdb,results/GAC/05_plip_interaction_graphs/plip_outputs/GAC_217/report.xml,hydrogen_bonds,O1,SER215A,2318,hydrogen_bonds,hydrogen_bond,GLC:B:1:O1,O1,GLC,B,1
GAC_217,/home/wms/AF2-test/AF2-CatGraph/results/GAC/02_template_guided_docking/complexes/GAC_217_complex.pdb,results/GAC/05_plip_interaction_graphs/plip_outputs/GAC_217/report.xml,hydrogen_bonds,O2,ASN264A,2324,hydrogen_bonds,hydrogen_bond,GLC:B:1:O2,O2,GLC,B,1
GAC_217,/home/wms/AF2-test/AF2-CatGraph/results/GAC/02_template_guided_docking/complexes/GAC_217_complex.pdb,results/GAC/05_plip_interaction_graphs/plip_outputs/GAC_217/report.xml,hydrogen_bonds,O3,GLU310A,2325,hydrogen_bonds,hydrogen_bond,GLC:B:1:O3,O3,GLC,B,1
GAC_217,/home/wms/AF2-test/AF2-CatGraph/results/GAC/02_template_guided_docking/complexes/GAC_217_complex.pdb,results/GAC/05_plip_interaction_graphs/plip_outputs/GAC_217/report.xml,hydrogen_bonds,N2,GLU310A,2322,hydrogen_bonds,hydrogen_bond,GLC:B:1:N2,N2,GLC,B,1
GAC_217,/home/wms/AF2-test/AF2-CatGraph/results/GAC/02_template_guided_docking/complexes/GAC_217_complex.pdb,results/GAC/05_plip_interaction_graphs/plip_outputs/GAC_217/report.xml,hydrogen_bonds,O2,ASN317A,2324,hydrogen_bonds,hydrogen_bond,GLC:B:1:O2,O2,GLC,B,1
GAC_217,/home/wms/AF2-test/AF2-CatGraph/results/GAC/02_template_guided_docking/complexes/GAC_217_complex.pdb,results/GAC/05_plip_interaction_graphs/plip_outputs/GAC_217/report.xml,hydrogen_bonds,O2,TYR343A,2324,hydrogen_bonds,hydrogen_bond,GLC:B:1:O2,O2,GLC,B,1
GAC_217,/home/wms/AF2-test/AF2-CatGraph/results/GAC/02_template_guided_docking/complexes/GAC_217_complex.pdb,results/GAC/05_plip_interaction_graphs/plip_outputs/GAC_217/report.xml,hydrogen_bonds,O1,TYR395A,2318,hydrogen_bonds,hydrogen_bond,GLC:B:1:O1,O1,GLC,B,1
GAC_217,/home/wms/AF2-test/AF2-CatGraph/results/GAC/02_template_guided_docking/complexes/GAC_217_complex.pdb,results/GAC/05_plip_interaction_graphs/plip_outputs/GAC_217/report.xml,hydrogen_bonds,N1,TYR395A,2316,hydrogen_bonds,hydrogen_bond,GLC:B:1:N1,N1,GLC,B,1
GAC_217,/home/wms/AF2-test/AF2-CatGraph/results/GAC/02_template_guided_docking/complexes/GAC_217_complex.pdb,results/GAC/05_plip_interaction_graphs/plip_outputs/GAC_217/report.xml,hydrogen_bonds,O1,VAL413A,2318,hydrogen_bonds,hydrogen_bond,GLC:B:1:O1,O1,GLC,B,1
GAC_218,/home/wms/AF2-test/AF2-CatGraph/results/GAC/02_template_guided_docking/complexes/GAC_218_complex.pdb,results/GAC/05_plip_interaction_graphs/plip_outputs/GAC_218/report.xml,hydrophobic_interactions,C2,VAL413A,2319,hydrophobic_interactions,hydrophobic_interaction,GLC:B:1:C2,C2,GLC,B,1
GAC_218,/home/wms/AF2-test/AF2-CatGraph/results/GAC/02_template_guided_docking/complexes/GAC_218_complex.pdb,results/GAC/05_plip_interaction_graphs/plip_outputs/GAC_218/report.xml,hydrogen_bonds,O1,SER215A,2318,hydrogen_bonds,hydrogen_bond,GLC:B:1:O1,O1,GLC,B,1
GAC_218,/home/wms/AF2-test/AF2-CatGraph/results/GAC/02_template_guided_docking/complexes/GAC_218_complex.pdb,results/GAC/05_plip_interaction_graphs/plip_outputs/GAC_218/report.xml,hydrogen_bonds,O2,ASN264A,2324,hydrogen_bonds,hydrogen_bond,GLC:B:1:O2,O2,GLC,B,1
GAC_218,/home/wms/AF2-test/AF2-CatGraph/results/GAC/02_template_guided_docking/complexes/GAC_218_complex.pdb,results/GAC/05_plip_interaction_graphs/plip_outputs/GAC_218/report.xml,hydrogen_bonds,O3,GLU310A,2325,hydrogen_bonds,hydrogen_bond,GLC:B:1:O3,O3,GLC,B,1
GAC_218,/home/wms/AF2-test/AF2-CatGraph/results/GAC/02_template_guided_docking/complexes/GAC_218_complex.pdb,results/GAC/05_plip_interaction_graphs/plip_outputs/GAC_218/report.xml,hydrogen_bonds,N2,GLU310A,2322,hydrogen_bonds,hydrogen_bond,GLC:B:1:N2,N2,GLC,B,1
GAC_218,/home/wms/AF2-test/AF2-CatGraph/results/GAC/02_template_guided_docking/complexes/GAC_218_complex.pdb,results/GAC/05_plip_interaction_graphs/plip_outputs/GAC_218/report.xml,hydrogen_bonds,O2,ASN317A,2324,hydrogen_bonds,hydrogen_bond,GLC:B:1:O2,O2,GLC,B,1
GAC_218,/home/wms/AF2-test/AF2-CatGraph/results/GAC/02_template_guided_docking/complexes/GAC_218_complex.pdb,results/GAC/05_plip_interaction_graphs/plip_outputs/GAC_218/report.xml,hydrogen_bonds,O2,TYR343A,2324,hydrogen_bonds,hydrogen_bond,GLC:B:1:O2,O2,GLC,B,1
GAC_218,/home/wms/AF2-test/AF2-CatGraph/results/GAC/02_template_guided_docking/complexes/GAC_218_complex.pdb,results/GAC/05_plip_interaction_graphs/plip_outputs/GAC_218/report.xml,hydrogen_bonds,O1,TYR395A,2318,hydrogen_bonds,hydrogen_bond,GLC:B:1:O1,O1,GLC,B,1
GAC_218,/home/wms/AF2-test/AF2-CatGraph/results/GAC/02_template_guided_docking/complexes/GAC_218_complex.pdb,results/GAC/05_plip_interaction_graphs/plip_outputs/GAC_218/report.xml,hydrogen_bonds,N1,TYR395A,2316,hydrogen_bonds,hydrogen_bond,GLC:B:1:N1,N1,GLC,B,1
GAC_218,/home/wms/AF2-test/AF2-CatGraph/results/GAC/02_template_guided_docking/complexes/GAC_218_complex.pdb,results/GAC/05_plip_interaction_graphs/plip_outputs/GAC_218/report.xml,hydrogen_bonds,O1,VAL413A,2318,hydrogen_bonds,hydrogen_bond,GLC:B:1:O1,O1,GLC,B,1
GAC_219,/home/wms/AF2-test/AF2-CatGraph/results/GAC/02_template_guided_docking/complexes/GAC_219_complex.pdb,results/GAC/05_plip_interaction_graphs/plip_outputs/GAC_219/report.xml,hydrophobic_interactions,C2,VAL413A,2319,hydrophobic_interactions,hydrophobic_interaction,GLC:B:1:C2,C2,GLC,B,1
GAC_219,/home/wms/AF2-test/AF2-CatGraph/results/GAC/02_template_guided_docking/complexes/GAC_219_complex.pdb,results/GAC/05_plip_interaction_graphs/plip_outputs/GAC_219/report.xml,hydrogen_bonds,O1,SER215A,2318,hydrogen_bonds,hydrogen_bond,GLC:B:1:O1,O1,GLC,B,1
GAC_219,/home/wms/AF2-test/AF2-CatGraph/results/GAC/02_template_guided_docking/complexes/GAC_219_complex.pdb,results/GAC/05_plip_interaction_graphs/plip_outputs/GAC_219/report.xml,hydrogen_bonds,O2,ASN264A,2324,hydrogen_bonds,hydrogen_bond,GLC:B:1:O2,O2,GLC,B,1
GAC_219,/home/wms/AF2-test/AF2-CatGraph/results/GAC/02_template_guided_docking/complexes/GAC_219_complex.pdb,results/GAC/05_plip_interaction_graphs/plip_outputs/GAC_219/report.xml,hydrogen_bonds,O3,GLU310A,2325,hydrogen_bonds,hydrogen_bond,GLC:B:1:O3,O3,GLC,B,1
GAC_219,/home/wms/AF2-test/AF2-CatGraph/results/GAC/02_template_guided_docking/complexes/GAC_219_complex.pdb,results/GAC/05_plip_interaction_graphs/plip_outputs/GAC_219/report.xml,hydrogen_bonds,N2,GLU310A,2322,hydrogen_bonds,hydrogen_bond,GLC:B:1:N2,N2,GLC,B,1
GAC_219,/home/wms/AF2-test/AF2-CatGraph/results/GAC/02_template_guided_docking/complexes/GAC_219_complex.pdb,results/GAC/05_plip_interaction_graphs/plip_outputs/GAC_219/report.xml,hydrogen_bonds,O2,ASN317A,2324,hydrogen_bonds,hydrogen_bond,GLC:B:1:O2,O2,GLC,B,1
GAC_219,/home/wms/AF2-test/AF2-CatGraph/results/GAC/02_template_guided_docking/complexes/GAC_219_complex.pdb,results/GAC/05_plip_interaction_graphs/plip_outputs/GAC_219/report.xml,hydrogen_bonds,O2,TYR343A,2324,hydrogen_bonds,hydrogen_bond,GLC:B:1:O2,O2,GLC,B,1
GAC_219,/home/wms/AF2-test/AF2-CatGraph/results/GAC/02_template_guided_docking/complexes/GAC_219_complex.pdb,results/GAC/05_plip_interaction_graphs/plip_outputs/GAC_219/report.xml,hydrogen_bonds,O1,TYR395A,2318,hydrogen_bonds,hydrogen_bond,GLC:B:1:O1,O1,GLC,B,1
GAC_219,/home/wms/AF2-test/AF2-CatGraph/results/GAC/02_template_guided_docking/complexes/GAC_219_complex.pdb,results/GAC/05_plip_interaction_graphs/plip_outputs/GAC_219/report.xml,hydrogen_bonds,N1,TYR395A,2316,hydrogen_bonds,hydrogen_bond,GLC:B:1:N1,N1,GLC,B,1
GAC_219,/home/wms/AF2-test/AF2-CatGraph/results/GAC/02_template_guided_docking/complexes/GAC_219_complex.pdb,results/GAC/05_plip_interaction_graphs/plip_outputs/GAC_219/report.xml,hydrogen_bonds,O1,VAL413A,2318,hydrogen_bonds,hydrogen_bond,GLC:B:1:O1,O1,GLC,B,1
GAC_220,/home/wms/AF2-test/AF2-CatGraph/results/GAC/02_template_guided_docking/complexes/GAC_220_complex.pdb,results/GAC/05_plip_interaction_graphs/plip_outputs/GAC_220/report.xml,hydrophobic_interactions,C2,VAL413A,2319,hydrophobic_interactions,hydrophobic_interaction,GLC:B:1:C2,C2,GLC,B,1
GAC_220,/home/wms/AF2-test/AF2-CatGraph/results/GAC/02_template_guided_docking/complexes/GAC_220_complex.pdb,results/GAC/05_plip_interaction_graphs/plip_outputs/GAC_220/report.xml,hydrogen_bonds,O1,SER215A,2318,hydrogen_bonds,hydrogen_bond,GLC:B:1:O1,O1,GLC,B,1
GAC_220,/home/wms/AF2-test/AF2-CatGraph/results/GAC/02_template_guided_docking/complexes/GAC_220_complex.pdb,results/GAC/05_plip_interaction_graphs/plip_outputs/GAC_220/report.xml,hydrogen_bonds,O2,ASN264A,2324,hydrogen_bonds,hydrogen_bond,GLC:B:1:O2,O2,GLC,B,1
GAC_220,/home/wms/AF2-test/AF2-CatGraph/results/GAC/02_template_guided_docking/complexes/GAC_220_complex.pdb,results/GAC/05_plip_interaction_graphs/plip_outputs/GAC_220/report.xml,hydrogen_bonds,O3,GLU310A,2325,hydrogen_bonds,hydrogen_bond,GLC:B:1:O3,O3,GLC,B,1
GAC_220,/home/wms/AF2-test/AF2-CatGraph/results/GAC/02_template_guided_docking/complexes/GAC_220_complex.pdb,results/GAC/05_plip_interaction_graphs/plip_outputs/GAC_220/report.xml,hydrogen_bonds,N2,GLU310A,2322,hydrogen_bonds,hydrogen_bond,GLC:B:1:N2,N2,GLC,B,1
GAC_220,/home/wms/AF2-test/AF2-CatGraph/results/GAC/02_template_guided_docking/complexes/GAC_220_complex.pdb,results/GAC/05_plip_interaction_graphs/plip_outputs/GAC_220/report.xml,hydrogen_bonds,O2,ASN317A,2324,hydrogen_bonds,hydrogen_bond,GLC:B:1:O2,O2,GLC,B,1
GAC_220,/home/wms/AF2-test/AF2-CatGraph/results/GAC/02_template_guided_docking/complexes/GAC_220_complex.pdb,results/GAC/05_plip_interaction_graphs/plip_outputs/GAC_220/report.xml,hydrogen_bonds,O2,TYR343A,2324,hydrogen_bonds,hydrogen_bond,GLC:B:1:O2,O2,GLC,B,1
GAC_220,/home/wms/AF2-test/AF2-CatGraph/results/GAC/02_template_guided_docking/complexes/GAC_220_complex.pdb,results/GAC/05_plip_interaction_graphs/plip_outputs/GAC_220/report.xml,hydrogen_bonds,O1,TYR395A,2318,hydrogen_bonds,hydrogen_bond,GLC:B:1:O1,O1,GLC,B,1
GAC_220,/home/wms/AF2-test/AF2-CatGraph/results/GAC/02_template_guided_docking/complexes/GAC_220_complex.pdb,results/GAC/05_plip_interaction_graphs/plip_outputs/GAC_220/report.xml,hydrogen_bonds,N1,TYR395A,2316,hydrogen_bonds,hydrogen_bond,GLC:B:1:N1,N1,GLC,B,1
GAC_220,/home/wms/AF2-test/AF2-CatGraph/results/GAC/02_template_guided_docking/complexes/GAC_220_complex.pdb,results/GAC/05_plip_interaction_graphs/plip_outputs/GAC_220/report.xml,hydrogen_bonds,O1,VAL413A,2318,hydrogen_bonds,hydrogen_bond,GLC:B:1:O1,O1,GLC,B,1
GAC_221,/home/wms/AF2-test/AF2-CatGraph/results/GAC/02_template_guided_docking/complexes/GAC_221_complex.pdb,results/GAC/05_plip_interaction_graphs/plip_outputs/GAC_221/report.xml,hydrophobic_interactions,C2,VAL413A,2319,hydrophobic_interactions,hydrophobic_interaction,GLC:B:1:C2,C2,GLC,B,1
GAC_221,/home/wms/AF2-test/AF2-CatGraph/results/GAC/02_template_guided_docking/complexes/GAC_221_complex.pdb,results/GAC/05_plip_interaction_graphs/plip_outputs/GAC_221/report.xml,hydrogen_bonds,O1,SER215A,2318,hydrogen_bonds,hydrogen_bond,GLC:B:1:O1,O1,GLC,B,1
GAC_221,/home/wms/AF2-test/AF2-CatGraph/results/GAC/02_template_guided_docking/complexes/GAC_221_complex.pdb,results/GAC/05_plip_interaction_graphs/plip_outputs/GAC_221/report.xml,hydrogen_bonds,O2,ASN264A,2324,hydrogen_bonds,hydrogen_bond,GLC:B:1:O2,O2,GLC,B,1
GAC_221,/home/wms/AF2-test/AF2-CatGraph/results/GAC/02_template_guided_docking/complexes/GAC_221_complex.pdb,results/GAC/05_plip_interaction_graphs/plip_outputs/GAC_221/report.xml,hydrogen_bonds,O3,GLU310A,2325,hydrogen_bonds,hydrogen_bond,GLC:B:1:O3,O3,GLC,B,1
GAC_221,/home/wms/AF2-test/AF2-CatGraph/results/GAC/02_template_guided_docking/complexes/GAC_221_complex.pdb,results/GAC/05_plip_interaction_graphs/plip_outputs/GAC_221/report.xml,hydrogen_bonds,N2,GLU310A,2322,hydrogen_bonds,hydrogen_bond,GLC:B:1:N2,N2,GLC,B,1
GAC_221,/home/wms/AF2-test/AF2-CatGraph/results/GAC/02_template_guided_docking/complexes/GAC_221_complex.pdb,results/GAC/05_plip_interaction_graphs/plip_outputs/GAC_221/report.xml,hydrogen_bonds,O2,ASN317A,2324,hydrogen_bonds,hydrogen_bond,GLC:B:1:O2,O2,GLC,B,1
GAC_221,/home/wms/AF2-test/AF2-CatGraph/results/GAC/02_template_guided_docking/complexes/GAC_221_complex.pdb,results/GAC/05_plip_interaction_graphs/plip_outputs/GAC_221/report.xml,hydrogen_bonds,O2,TYR343A,2324,hydrogen_bonds,hydrogen_bond,GLC:B:1:O2,O2,GLC,B,1
GAC_221,/home/wms/AF2-test/AF2-CatGraph/results/GAC/02_template_guided_docking/complexes/GAC_221_complex.pdb,results/GAC/05_plip_interaction_graphs/plip_outputs/GAC_221/report.xml,hydrogen_bonds,O1,TYR395A,2318,hydrogen_bonds,hydrogen_bond,GLC:B:1:O1,O1,GLC,B,1
GAC_221,/home/wms/AF2-test/AF2-CatGraph/results/GAC/02_template_guided_docking/complexes/GAC_221_complex.pdb,results/GAC/05_plip_interaction_graphs/plip_outputs/GAC_221/report.xml,hydrogen_bonds,N1,TYR395A,2316,hydrogen_bonds,hydrogen_bond,GLC:B:1:N1,N1,GLC,B,1
GAC_221,/home/wms/AF2-test/AF2-CatGraph/results/GAC/02_template_guided_docking/complexes/GAC_221_complex.pdb,results/GAC/05_plip_interaction_graphs/plip_outputs/GAC_221/report.xml,hydrogen_bonds,O1,VAL413A,2318,hydrogen_bonds,hydrogen_bond,GLC:B:1:O1,O1,GLC,B,1
GAC_222,/home/wms/AF2-test/AF2-CatGraph/results/GAC/02_template_guided_docking/complexes/GAC_222_complex.pdb,results/GAC/05_plip_interaction_graphs/plip_outputs/GAC_222/report.xml,hydrophobic_interactions,C2,VAL413A,2319,hydrophobic_interactions,hydrophobic_interaction,GLC:B:1:C2,C2,GLC,B,1
GAC_222,/home/wms/AF2-test/AF2-CatGraph/results/GAC/02_template_guided_docking/complexes/GAC_222_complex.pdb,results/GAC/05_plip_interaction_graphs/plip_outputs/GAC_222/report.xml,hydrogen_bonds,O1,SER215A,2318,hydrogen_bonds,hydrogen_bond,GLC:B:1:O1,O1,GLC,B,1
GAC_222,/home/wms/AF2-test/AF2-CatGraph/results/GAC/02_template_guided_docking/complexes/GAC_222_complex.pdb,results/GAC/05_plip_interaction_graphs/plip_outputs/GAC_222/report.xml,hydrogen_bonds,O2,ASN264A,2324,hydrogen_bonds,hydrogen_bond,GLC:B:1:O2,O2,GLC,B,1
GAC_222,/home/wms/AF2-test/AF2-CatGraph/results/GAC/02_template_guided_docking/complexes/GAC_222_complex.pdb,results/GAC/05_plip_interaction_graphs/plip_outputs/GAC_222/report.xml,hydrogen_bonds,O3,GLU310A,2325,hydrogen_bonds,hydrogen_bond,GLC:B:1:O3,O3,GLC,B,1
GAC_222,/home/wms/AF2-test/AF2-CatGraph/results/GAC/02_template_guided_docking/complexes/GAC_222_complex.pdb,results/GAC/05_plip_interaction_graphs/plip_outputs/GAC_222/report.xml,hydrogen_bonds,N2,GLU310A,2322,hydrogen_bonds,hydrogen_bond,GLC:B:1:N2,N2,GLC,B,1
GAC_222,/home/wms/AF2-test/AF2-CatGraph/results/GAC/02_template_guided_docking/complexes/GAC_222_complex.pdb,results/GAC/05_plip_interaction_graphs/plip_outputs/GAC_222/report.xml,hydrogen_bonds,O2,ASN317A,2324,hydrogen_bonds,hydrogen_bond,GLC:B:1:O2,O2,GLC,B,1
GAC_222,/home/wms/AF2-test/AF2-CatGraph/results/GAC/02_template_guided_docking/complexes/GAC_222_complex.pdb,results/GAC/05_plip_interaction_graphs/plip_outputs/GAC_222/report.xml,hydrogen_bonds,O2,TYR343A,2324,hydrogen_bonds,hydrogen_bond,GLC:B:1:O2,O2,GLC,B,1
GAC_222,/home/wms/AF2-test/AF2-CatGraph/results/GAC/02_template_guided_docking/complexes/GAC_222_complex.pdb,results/GAC/05_plip_interaction_graphs/plip_outputs/GAC_222/report.xml,hydrogen_bonds,O1,TYR395A,2318,hydrogen_bonds,hydrogen_bond,GLC:B:1:O1,O1,GLC,B,1
GAC_222,/home/wms/AF2-test/AF2-CatGraph/results/GAC/02_template_guided_docking/complexes/GAC_222_complex.pdb,results/GAC/05_plip_interaction_graphs/plip_outputs/GAC_222/report.xml,hydrogen_bonds,N1,TYR395A,2316,hydrogen_bonds,hydrogen_bond,GLC:B:1:N1,N1,GLC,B,1
GAC_222,/home/wms/AF2-test/AF2-CatGraph/results/GAC/02_template_guided_docking/complexes/GAC_222_complex.pdb,results/GAC/05_plip_interaction_graphs/plip_outputs/GAC_222/report.xml,hydrogen_bonds,O1,VAL413A,2318,hydrogen_bonds,hydrogen_bond,GLC:B:1:O1,O1,GLC,B,1
GAC_223,/home/wms/AF2-test/AF2-CatGraph/results/GAC/02_template_guided_docking/complexes/GAC_223_complex.pdb,results/GAC/05_plip_interaction_graphs/plip_outputs/GAC_223/report.xml,hydrophobic_interactions,C2,VAL413A,2319,hydrophobic_interactions,hydrophobic_interaction,GLC:B:1:C2,C2,GLC,B,1
GAC_223,/home/wms/AF2-test/AF2-CatGraph/results/GAC/02_template_guided_docking/complexes/GAC_223_complex.pdb,results/GAC/05_plip_interaction_graphs/plip_outputs/GAC_223/report.xml,hydrogen_bonds,O1,SER215A,2318,hydrogen_bonds,hydrogen_bond,GLC:B:1:O1,O1,GLC,B,1
GAC_223,/home/wms/AF2-test/AF2-CatGraph/results/GAC/02_template_guided_docking/complexes/GAC_223_complex.pdb,results/GAC/05_plip_interaction_graphs/plip_outputs/GAC_223/report.xml,hydrogen_bonds,O2,ASN264A,2324,hydrogen_bonds,hydrogen_bond,GLC:B:1:O2,O2,GLC,B,1
GAC_223,/home/wms/AF2-test/AF2-CatGraph/results/GAC/02_template_guided_docking/complexes/GAC_223_complex.pdb,results/GAC/05_plip_interaction_graphs/plip_outputs/GAC_223/report.xml,hydrogen_bonds,O3,GLU310A,2325,hydrogen_bonds,hydrogen_bond,GLC:B:1:O3,O3,GLC,B,1
GAC_223,/home/wms/AF2-test/AF2-CatGraph/results/GAC/02_template_guided_docking/complexes/GAC_223_complex.pdb,results/GAC/05_plip_interaction_graphs/plip_outputs/GAC_223/report.xml,hydrogen_bonds,N2,GLU310A,2322,hydrogen_bonds,hydrogen_bond,GLC:B:1:N2,N2,GLC,B,1
GAC_223,/home/wms/AF2-test/AF2-CatGraph/results/GAC/02_template_guided_docking/complexes/GAC_223_complex.pdb,results/GAC/05_plip_interaction_graphs/plip_outputs/GAC_223/report.xml,hydrogen_bonds,O2,ASN317A,2324,hydrogen_bonds,hydrogen_bond,GLC:B:1:O2,O2,GLC,B,1
GAC_223,/home/wms/AF2-test/AF2-CatGraph/results/GAC/02_template_guided_docking/complexes/GAC_223_complex.pdb,results/GAC/05_plip_interaction_graphs/plip_outputs/GAC_223/report.xml,hydrogen_bonds,O2,TYR343A,2324,hydrogen_bonds,hydrogen_bond,GLC:B:1:O2,O2,GLC,B,1
GAC_223,/home/wms/AF2-test/AF2-CatGraph/results/GAC/02_template_guided_docking/complexes/GAC_223_complex.pdb,results/GAC/05_plip_interaction_graphs/plip_outputs/GAC_223/report.xml,hydrogen_bonds,O1,TYR395A,2318,hydrogen_bonds,hydrogen_bond,GLC:B:1:O1,O1,GLC,B,1
GAC_223,/home/wms/AF2-test/AF2-CatGraph/results/GAC/02_template_guided_docking/complexes/GAC_223_complex.pdb,results/GAC/05_plip_interaction_graphs/plip_outputs/GAC_223/report.xml,hydrogen_bonds,N1,TYR395A,2316,hydrogen_bonds,hydrogen_bond,GLC:B:1:N1,N1,GLC,B,1
GAC_223,/home/wms/AF2-test/AF2-CatGraph/results/GAC/02_template_guided_docking/complexes/GAC_223_complex.pdb,results/GAC/05_plip_interaction_graphs/plip_outputs/GAC_223/report.xml,hydrogen_bonds,O1,VAL413A,2318,hydrogen_bonds,hydrogen_bond,GLC:B:1:O1,O1,GLC,B,1
GAC_224,/home/wms/AF2-test/AF2-CatGraph/results/GAC/02_template_guided_docking/complexes/GAC_224_complex.pdb,results/GAC/05_plip_interaction_graphs/plip_outputs/GAC_224/report.xml,hydrophobic_interactions,C2,VAL413A,2319,hydrophobic_interactions,hydrophobic_interaction,GLC:B:1:C2,C2,GLC,B,1
GAC_224,/home/wms/AF2-test/AF2-CatGraph/results/GAC/02_template_guided_docking/complexes/GAC_224_complex.pdb,results/GAC/05_plip_interaction_graphs/plip_outputs/GAC_224/report.xml,hydrogen_bonds,O1,SER215A,2318,hydrogen_bonds,hydrogen_bond,GLC:B:1:O1,O1,GLC,B,1
GAC_224,/home/wms/AF2-test/AF2-CatGraph/results/GAC/02_template_guided_docking/complexes/GAC_224_complex.pdb,results/GAC/05_plip_interaction_graphs/plip_outputs/GAC_224/report.xml,hydrogen_bonds,O2,ASN264A,2324,hydrogen_bonds,hydrogen_bond,GLC:B:1:O2,O2,GLC,B,1
GAC_224,/home/wms/AF2-test/AF2-CatGraph/results/GAC/02_template_guided_docking/complexes/GAC_224_complex.pdb,results/GAC/05_plip_interaction_graphs/plip_outputs/GAC_224/report.xml,hydrogen_bonds,O3,GLU310A,2325,hydrogen_bonds,hydrogen_bond,GLC:B:1:O3,O3,GLC,B,1
GAC_224,/home/wms/AF2-test/AF2-CatGraph/results/GAC/02_template_guided_docking/complexes/GAC_224_complex.pdb,results/GAC/05_plip_interaction_graphs/plip_outputs/GAC_224/report.xml,hydrogen_bonds,N2,GLU310A,2322,hydrogen_bonds,hydrogen_bond,GLC:B:1:N2,N2,GLC,B,1
GAC_224,/home/wms/AF2-test/AF2-CatGraph/results/GAC/02_template_guided_docking/complexes/GAC_224_complex.pdb,results/GAC/05_plip_interaction_graphs/plip_outputs/GAC_224/report.xml,hydrogen_bonds,O2,ASN317A,2324,hydrogen_bonds,hydrogen_bond,GLC:B:1:O2,O2,GLC,B,1
GAC_224,/home/wms/AF2-test/AF2-CatGraph/results/GAC/02_template_guided_docking/complexes/GAC_224_complex.pdb,results/GAC/05_plip_interaction_graphs/plip_outputs/GAC_224/report.xml,hydrogen_bonds,O2,TYR343A,2324,hydrogen_bonds,hydrogen_bond,GLC:B:1:O2,O2,GLC,B,1
GAC_224,/home/wms/AF2-test/AF2-CatGraph/results/GAC/02_template_guided_docking/complexes/GAC_224_complex.pdb,results/GAC/05_plip_interaction_graphs/plip_outputs/GAC_224/report.xml,hydrogen_bonds,N1,TYR395A,2316,hydrogen_bonds,hydrogen_bond,GLC:B:1:N1,N1,GLC,B,1
GAC_224,/home/wms/AF2-test/AF2-CatGraph/results/GAC/02_template_guided_docking/complexes/GAC_224_complex.pdb,results/GAC/05_plip_interaction_graphs/plip_outputs/GAC_224/report.xml,hydrogen_bonds,O1,VAL413A,2318,hydrogen_bonds,hydrogen_bond,GLC:B:1:O1,O1,GLC,B,1
GAC_225,/home/wms/AF2-test/AF2-CatGraph/results/GAC/02_template_guided_docking/complexes/GAC_225_complex.pdb,results/GAC/05_plip_interaction_graphs/plip_outputs/GAC_225/report.xml,hydrophobic_interactions,C2,VAL413A,2319,hydrophobic_interactions,hydrophobic_interaction,GLC:B:1:C2,C2,GLC,B,1
GAC_225,/home/wms/AF2-test/AF2-CatGraph/results/GAC/02_template_guided_docking/complexes/GAC_225_complex.pdb,results/GAC/05_plip_interaction_graphs/plip_outputs/GAC_225/report.xml,hydrogen_bonds,O1,SER215A,2318,hydrogen_bonds,hydrogen_bond,GLC:B:1:O1,O1,GLC,B,1
GAC_225,/home/wms/AF2-test/AF2-CatGraph/results/GAC/02_template_guided_docking/complexes/GAC_225_complex.pdb,results/GAC/05_plip_interaction_graphs/plip_outputs/GAC_225/report.xml,hydrogen_bonds,O2,ASN264A,2324,hydrogen_bonds,hydrogen_bond,GLC:B:1:O2,O2,GLC,B,1
GAC_225,/home/wms/AF2-test/AF2-CatGraph/results/GAC/02_template_guided_docking/complexes/GAC_225_complex.pdb,results/GAC/05_plip_interaction_graphs/plip_outputs/GAC_225/report.xml,hydrogen_bonds,O3,GLU310A,2325,hydrogen_bonds,hydrogen_bond,GLC:B:1:O3,O3,GLC,B,1
GAC_225,/home/wms/AF2-test/AF2-CatGraph/results/GAC/02_template_guided_docking/complexes/GAC_225_complex.pdb,results/GAC/05_plip_interaction_graphs/plip_outputs/GAC_225/report.xml,hydrogen_bonds,N2,GLU310A,2322,hydrogen_bonds,hydrogen_bond,GLC:B:1:N2,N2,GLC,B,1
GAC_225,/home/wms/AF2-test/AF2-CatGraph/results/GAC/02_template_guided_docking/complexes/GAC_225_complex.pdb,results/GAC/05_plip_interaction_graphs/plip_outputs/GAC_225/report.xml,hydrogen_bonds,O2,ASN317A,2324,hydrogen_bonds,hydrogen_bond,GLC:B:1:O2,O2,GLC,B,1
GAC_225,/home/wms/AF2-test/AF2-CatGraph/results/GAC/02_template_guided_docking/complexes/GAC_225_complex.pdb,results/GAC/05_plip_interaction_graphs/plip_outputs/GAC_225/report.xml,hydrogen_bonds,O2,TYR343A,2324,hydrogen_bonds,hydrogen_bond,GLC:B:1:O2,O2,GLC,B,1
GAC_225,/home/wms/AF2-test/AF2-CatGraph/results/GAC/02_template_guided_docking/complexes/GAC_225_complex.pdb,results/GAC/05_plip_interaction_graphs/plip_outputs/GAC_225/report.xml,hydrogen_bonds,N1,TYR395A,2316,hydrogen_bonds,hydrogen_bond,GLC:B:1:N1,N1,GLC,B,1
GAC_225,/home/wms/AF2-test/AF2-CatGraph/results/GAC/02_template_guided_docking/complexes/GAC_225_complex.pdb,results/GAC/05_plip_interaction_graphs/plip_outputs/GAC_225/report.xml,hydrogen_bonds,O1,VAL413A,2318,hydrogen_bonds,hydrogen_bond,GLC:B:1:O1,O1,GLC,B,1
GAC_226,/home/wms/AF2-test/AF2-CatGraph/results/GAC/02_template_guided_docking/complexes/GAC_226_complex.pdb,results/GAC/05_plip_interaction_graphs/plip_outputs/GAC_226/report.xml,hydrophobic_interactions,C2,VAL413A,2319,hydrophobic_interactions,hydrophobic_interaction,GLC:B:1:C2,C2,GLC,B,1
GAC_226,/home/wms/AF2-test/AF2-CatGraph/results/GAC/02_template_guided_docking/complexes/GAC_226_complex.pdb,results/GAC/05_plip_interaction_graphs/plip_outputs/GAC_226/report.xml,hydrogen_bonds,O1,SER215A,2318,hydrogen_bonds,hydrogen_bond,GLC:B:1:O1,O1,GLC,B,1
GAC_226,/home/wms/AF2-test/AF2-CatGraph/results/GAC/02_template_guided_docking/complexes/GAC_226_complex.pdb,results/GAC/05_plip_interaction_graphs/plip_outputs/GAC_226/report.xml,hydrogen_bonds,O3,GLU310A,2325,hydrogen_bonds,hydrogen_bond,GLC:B:1:O3,O3,GLC,B,1
GAC_226,/home/wms/AF2-test/AF2-CatGraph/results/GAC/02_template_guided_docking/complexes/GAC_226_complex.pdb,results/GAC/05_plip_interaction_graphs/plip_outputs/GAC_226/report.xml,hydrogen_bonds,N2,GLU310A,2322,hydrogen_bonds,hydrogen_bond,GLC:B:1:N2,N2,GLC,B,1
GAC_226,/home/wms/AF2-test/AF2-CatGraph/results/GAC/02_template_guided_docking/complexes/GAC_226_complex.pdb,results/GAC/05_plip_interaction_graphs/plip_outputs/GAC_226/report.xml,hydrogen_bonds,O2,ASN317A,2324,hydrogen_bonds,hydrogen_bond,GLC:B:1:O2,O2,GLC,B,1
GAC_226,/home/wms/AF2-test/AF2-CatGraph/results/GAC/02_template_guided_docking/complexes/GAC_226_complex.pdb,results/GAC/05_plip_interaction_graphs/plip_outputs/GAC_226/report.xml,hydrogen_bonds,O2,TYR343A,2324,hydrogen_bonds,hydrogen_bond,GLC:B:1:O2,O2,GLC,B,1
GAC_226,/home/wms/AF2-test/AF2-CatGraph/results/GAC/02_template_guided_docking/complexes/GAC_226_complex.pdb,results/GAC/05_plip_interaction_graphs/plip_outputs/GAC_226/report.xml,hydrogen_bonds,O1,TYR395A,2318,hydrogen_bonds,hydrogen_bond,GLC:B:1:O1,O1,GLC,B,1
GAC_226,/home/wms/AF2-test/AF2-CatGraph/results/GAC/02_template_guided_docking/complexes/GAC_226_complex.pdb,results/GAC/05_plip_interaction_graphs/plip_outputs/GAC_226/report.xml,hydrogen_bonds,N1,TYR395A,2316,hydrogen_bonds,hydrogen_bond,GLC:B:1:N1,N1,GLC,B,1
GAC_226,/home/wms/AF2-test/AF2-CatGraph/results/GAC/02_template_guided_docking/complexes/GAC_226_complex.pdb,results/GAC/05_plip_interaction_graphs/plip_outputs/GAC_226/report.xml,hydrogen_bonds,O1,VAL413A,2318,hydrogen_bonds,hydrogen_bond,GLC:B:1:O1,O1,GLC,B,1
GAC_227,/home/wms/AF2-test/AF2-CatGraph/results/GAC/02_template_guided_docking/complexes/GAC_227_complex.pdb,results/GAC/05_plip_interaction_graphs/plip_outputs/GAC_227/report.xml,hydrophobic_interactions,C2,VAL413A,2319,hydrophobic_interactions,hydrophobic_interaction,GLC:B:1:C2,C2,GLC,B,1
GAC_227,/home/wms/AF2-test/AF2-CatGraph/results/GAC/02_template_guided_docking/complexes/GAC_227_complex.pdb,results/GAC/05_plip_interaction_graphs/plip_outputs/GAC_227/report.xml,hydrogen_bonds,O1,SER215A,2318,hydrogen_bonds,hydrogen_bond,GLC:B:1:O1,O1,GLC,B,1
GAC_227,/home/wms/AF2-test/AF2-CatGraph/results/GAC/02_template_guided_docking/complexes/GAC_227_complex.pdb,results/GAC/05_plip_interaction_graphs/plip_outputs/GAC_227/report.xml,hydrogen_bonds,O2,ASN264A,2324,hydrogen_bonds,hydrogen_bond,GLC:B:1:O2,O2,GLC,B,1
GAC_227,/home/wms/AF2-test/AF2-CatGraph/results/GAC/02_template_guided_docking/complexes/GAC_227_complex.pdb,results/GAC/05_plip_interaction_graphs/plip_outputs/GAC_227/report.xml,hydrogen_bonds,O3,GLU310A,2325,hydrogen_bonds,hydrogen_bond,GLC:B:1:O3,O3,GLC,B,1
GAC_227,/home/wms/AF2-test/AF2-CatGraph/results/GAC/02_template_guided_docking/complexes/GAC_227_complex.pdb,results/GAC/05_plip_interaction_graphs/plip_outputs/GAC_227/report.xml,hydrogen_bonds,N2,GLU310A,2322,hydrogen_bonds,hydrogen_bond,GLC:B:1:N2,N2,GLC,B,1
GAC_227,/home/wms/AF2-test/AF2-CatGraph/results/GAC/02_template_guided_docking/complexes/GAC_227_complex.pdb,results/GAC/05_plip_interaction_graphs/plip_outputs/GAC_227/report.xml,hydrogen_bonds,O2,ASN317A,2324,hydrogen_bonds,hydrogen_bond,GLC:B:1:O2,O2,GLC,B,1
GAC_227,/home/wms/AF2-test/AF2-CatGraph/results/GAC/02_template_guided_docking/complexes/GAC_227_complex.pdb,results/GAC/05_plip_interaction_graphs/plip_outputs/GAC_227/report.xml,hydrogen_bonds,O2,TYR343A,2324,hydrogen_bonds,hydrogen_bond,GLC:B:1:O2,O2,GLC,B,1
GAC_227,/home/wms/AF2-test/AF2-CatGraph/results/GAC/02_template_guided_docking/complexes/GAC_227_complex.pdb,results/GAC/05_plip_interaction_graphs/plip_outputs/GAC_227/report.xml,hydrogen_bonds,O1,TYR395A,2318,hydrogen_bonds,hydrogen_bond,GLC:B:1:O1,O1,GLC,B,1
GAC_227,/home/wms/AF2-test/AF2-CatGraph/results/GAC/02_template_guided_docking/complexes/GAC_227_complex.pdb,results/GAC/05_plip_interaction_graphs/plip_outputs/GAC_227/report.xml,hydrogen_bonds,N1,TYR395A,2316,hydrogen_bonds,hydrogen_bond,GLC:B:1:N1,N1,GLC,B,1
GAC_227,/home/wms/AF2-test/AF2-CatGraph/results/GAC/02_template_guided_docking/complexes/GAC_227_complex.pdb,results/GAC/05_plip_interaction_graphs/plip_outputs/GAC_227/report.xml,hydrogen_bonds,O1,VAL413A,2318,hydrogen_bonds,hydrogen_bond,GLC:B:1:O1,O1,GLC,B,1
GAC_228,/home/wms/AF2-test/AF2-CatGraph/results/GAC/02_template_guided_docking/complexes/GAC_228_complex.pdb,results/GAC/05_plip_interaction_graphs/plip_outputs/GAC_228/report.xml,hydrophobic_interactions,C2,VAL413A,2319,hydrophobic_interactions,hydrophobic_interaction,GLC:B:1:C2,C2,GLC,B,1
GAC_228,/home/wms/AF2-test/AF2-CatGraph/results/GAC/02_template_guided_docking/complexes/GAC_228_complex.pdb,results/GAC/05_plip_interaction_graphs/plip_outputs/GAC_228/report.xml,hydrogen_bonds,O1,SER215A,2318,hydrogen_bonds,hydrogen_bond,GLC:B:1:O1,O1,GLC,B,1
GAC_228,/home/wms/AF2-test/AF2-CatGraph/results/GAC/02_template_guided_docking/complexes/GAC_228_complex.pdb,results/GAC/05_plip_interaction_graphs/plip_outputs/GAC_228/report.xml,hydrogen_bonds,O2,ASN264A,2324,hydrogen_bonds,hydrogen_bond,GLC:B:1:O2,O2,GLC,B,1
GAC_228,/home/wms/AF2-test/AF2-CatGraph/results/GAC/02_template_guided_docking/complexes/GAC_228_complex.pdb,results/GAC/05_plip_interaction_graphs/plip_outputs/GAC_228/report.xml,hydrogen_bonds,O3,GLU310A,2325,hydrogen_bonds,hydrogen_bond,GLC:B:1:O3,O3,GLC,B,1
GAC_228,/home/wms/AF2-test/AF2-CatGraph/results/GAC/02_template_guided_docking/complexes/GAC_228_complex.pdb,results/GAC/05_plip_interaction_graphs/plip_outputs/GAC_228/report.xml,hydrogen_bonds,N2,GLU310A,2322,hydrogen_bonds,hydrogen_bond,GLC:B:1:N2,N2,GLC,B,1
GAC_228,/home/wms/AF2-test/AF2-CatGraph/results/GAC/02_template_guided_docking/complexes/GAC_228_complex.pdb,results/GAC/05_plip_interaction_graphs/plip_outputs/GAC_228/report.xml,hydrogen_bonds,O2,ASN317A,2324,hydrogen_bonds,hydrogen_bond,GLC:B:1:O2,O2,GLC,B,1
GAC_228,/home/wms/AF2-test/AF2-CatGraph/results/GAC/02_template_guided_docking/complexes/GAC_228_complex.pdb,results/GAC/05_plip_interaction_graphs/plip_outputs/GAC_228/report.xml,hydrogen_bonds,O2,TYR343A,2324,hydrogen_bonds,hydrogen_bond,GLC:B:1:O2,O2,GLC,B,1
GAC_228,/home/wms/AF2-test/AF2-CatGraph/results/GAC/02_template_guided_docking/complexes/GAC_228_complex.pdb,results/GAC/05_plip_interaction_graphs/plip_outputs/GAC_228/report.xml,hydrogen_bonds,O1,TYR395A,2318,hydrogen_bonds,hydrogen_bond,GLC:B:1:O1,O1,GLC,B,1
GAC_228,/home/wms/AF2-test/AF2-CatGraph/results/GAC/02_template_guided_docking/complexes/GAC_228_complex.pdb,results/GAC/05_plip_interaction_graphs/plip_outputs/GAC_228/report.xml,hydrogen_bonds,N1,TYR395A,2316,hydrogen_bonds,hydrogen_bond,GLC:B:1:N1,N1,GLC,B,1
GAC_228,/home/wms/AF2-test/AF2-CatGraph/results/GAC/02_template_guided_docking/complexes/GAC_228_complex.pdb,results/GAC/05_plip_interaction_graphs/plip_outputs/GAC_228/report.xml,hydrogen_bonds,O1,VAL413A,2318,hydrogen_bonds,hydrogen_bond,GLC:B:1:O1,O1,GLC,B,1
GAC_229,/home/wms/AF2-test/AF2-CatGraph/results/GAC/02_template_guided_docking/complexes/GAC_229_complex.pdb,results/GAC/05_plip_interaction_graphs/plip_outputs/GAC_229/report.xml,hydrophobic_interactions,C2,VAL413A,2319,hydrophobic_interactions,hydrophobic_interaction,GLC:B:1:C2,C2,GLC,B,1
GAC_229,/home/wms/AF2-test/AF2-CatGraph/results/GAC/02_template_guided_docking/complexes/GAC_229_complex.pdb,results/GAC/05_plip_interaction_graphs/plip_outputs/GAC_229/report.xml,hydrogen_bonds,O1,SER215A,2318,hydrogen_bonds,hydrogen_bond,GLC:B:1:O1,O1,GLC,B,1
GAC_229,/home/wms/AF2-test/AF2-CatGraph/results/GAC/02_template_guided_docking/complexes/GAC_229_complex.pdb,results/GAC/05_plip_interaction_graphs/plip_outputs/GAC_229/report.xml,hydrogen_bonds,O3,GLU310A,2325,hydrogen_bonds,hydrogen_bond,GLC:B:1:O3,O3,GLC,B,1
GAC_229,/home/wms/AF2-test/AF2-CatGraph/results/GAC/02_template_guided_docking/complexes/GAC_229_complex.pdb,results/GAC/05_plip_interaction_graphs/plip_outputs/GAC_229/report.xml,hydrogen_bonds,N2,GLU310A,2322,hydrogen_bonds,hydrogen_bond,GLC:B:1:N2,N2,GLC,B,1
GAC_229,/home/wms/AF2-test/AF2-CatGraph/results/GAC/02_template_guided_docking/complexes/GAC_229_complex.pdb,results/GAC/05_plip_interaction_graphs/plip_outputs/GAC_229/report.xml,hydrogen_bonds,O2,ASN317A,2324,hydrogen_bonds,hydrogen_bond,GLC:B:1:O2,O2,GLC,B,1
GAC_229,/home/wms/AF2-test/AF2-CatGraph/results/GAC/02_template_guided_docking/complexes/GAC_229_complex.pdb,results/GAC/05_plip_interaction_graphs/plip_outputs/GAC_229/report.xml,hydrogen_bonds,O2,TYR343A,2324,hydrogen_bonds,hydrogen_bond,GLC:B:1:O2,O2,GLC,B,1
GAC_229,/home/wms/AF2-test/AF2-CatGraph/results/GAC/02_template_guided_docking/complexes/GAC_229_complex.pdb,results/GAC/05_plip_interaction_graphs/plip_outputs/GAC_229/report.xml,hydrogen_bonds,N2,CYS347A,2322,hydrogen_bonds,hydrogen_bond,GLC:B:1:N2,N2,GLC,B,1
GAC_229,/home/wms/AF2-test/AF2-CatGraph/results/GAC/02_template_guided_docking/complexes/GAC_229_complex.pdb,results/GAC/05_plip_interaction_graphs/plip_outputs/GAC_229/report.xml,hydrogen_bonds,N1,TYR395A,2316,hydrogen_bonds,hydrogen_bond,GLC:B:1:N1,N1,GLC,B,1
GAC_229,/home/wms/AF2-test/AF2-CatGraph/results/GAC/02_template_guided_docking/complexes/GAC_229_complex.pdb,results/GAC/05_plip_interaction_graphs/plip_outputs/GAC_229/report.xml,hydrogen_bonds,O1,VAL413A,2318,hydrogen_bonds,hydrogen_bond,GLC:B:1:O1,O1,GLC,B,1
GAC_233,/home/wms/AF2-test/AF2-CatGraph/results/GAC/02_template_guided_docking/complexes/GAC_233_complex.pdb,results/GAC/05_plip_interaction_graphs/plip_outputs/GAC_233/report.xml,hydrophobic_interactions,C2,VAL413A,2319,hydrophobic_interactions,hydrophobic_interaction,GLC:B:1:C2,C2,GLC,B,1
GAC_233,/home/wms/AF2-test/AF2-CatGraph/results/GAC/02_template_guided_docking/complexes/GAC_233_complex.pdb,results/GAC/05_plip_interaction_graphs/plip_outputs/GAC_233/report.xml,hydrogen_bonds,O1,SER215A,2318,hydrogen_bonds,hydrogen_bond,GLC:B:1:O1,O1,GLC,B,1
GAC_233,/home/wms/AF2-test/AF2-CatGraph/results/GAC/02_template_guided_docking/complexes/GAC_233_complex.pdb,results/GAC/05_plip_interaction_graphs/plip_outputs/GAC_233/report.xml,hydrogen_bonds,O2,ASN264A,2324,hydrogen_bonds,hydrogen_bond,GLC:B:1:O2,O2,GLC,B,1
GAC_233,/home/wms/AF2-test/AF2-CatGraph/results/GAC/02_template_guided_docking/complexes/GAC_233_complex.pdb,results/GAC/05_plip_interaction_graphs/plip_outputs/GAC_233/report.xml,hydrogen_bonds,O3,GLU310A,2325,hydrogen_bonds,hydrogen_bond,GLC:B:1:O3,O3,GLC,B,1
GAC_233,/home/wms/AF2-test/AF2-CatGraph/results/GAC/02_template_guided_docking/complexes/GAC_233_complex.pdb,results/GAC/05_plip_interaction_graphs/plip_outputs/GAC_233/report.xml,hydrogen_bonds,N2,GLU310A,2322,hydrogen_bonds,hydrogen_bond,GLC:B:1:N2,N2,GLC,B,1
GAC_233,/home/wms/AF2-test/AF2-CatGraph/results/GAC/02_template_guided_docking/complexes/GAC_233_complex.pdb,results/GAC/05_plip_interaction_graphs/plip_outputs/GAC_233/report.xml,hydrogen_bonds,O2,ASN317A,2324,hydrogen_bonds,hydrogen_bond,GLC:B:1:O2,O2,GLC,B,1
GAC_233,/home/wms/AF2-test/AF2-CatGraph/results/GAC/02_template_guided_docking/complexes/GAC_233_complex.pdb,results/GAC/05_plip_interaction_graphs/plip_outputs/GAC_233/report.xml,hydrogen_bonds,O2,TYR343A,2324,hydrogen_bonds,hydrogen_bond,GLC:B:1:O2,O2,GLC,B,1
GAC_233,/home/wms/AF2-test/AF2-CatGraph/results/GAC/02_template_guided_docking/complexes/GAC_233_complex.pdb,results/GAC/05_plip_interaction_graphs/plip_outputs/GAC_233/report.xml,hydrogen_bonds,O1,TYR395A,2318,hydrogen_bonds,hydrogen_bond,GLC:B:1:O1,O1,GLC,B,1
GAC_233,/home/wms/AF2-test/AF2-CatGraph/results/GAC/02_template_guided_docking/complexes/GAC_233_complex.pdb,results/GAC/05_plip_interaction_graphs/plip_outputs/GAC_233/report.xml,hydrogen_bonds,N1,TYR395A,2316,hydrogen_bonds,hydrogen_bond,GLC:B:1:N1,N1,GLC,B,1
GAC_233,/home/wms/AF2-test/AF2-CatGraph/results/GAC/02_template_guided_docking/complexes/GAC_233_complex.pdb,results/GAC/05_plip_interaction_graphs/plip_outputs/GAC_233/report.xml,hydrogen_bonds,O1,VAL413A,2318,hydrogen_bonds,hydrogen_bond,GLC:B:1:O1,O1,GLC,B,1
GAC_234,/home/wms/AF2-test/AF2-CatGraph/results/GAC/02_template_guided_docking/complexes/GAC_234_complex.pdb,results/GAC/05_plip_interaction_graphs/plip_outputs/GAC_234/report.xml,hydrophobic_interactions,C2,VAL413A,2319,hydrophobic_interactions,hydrophobic_interaction,GLC:B:1:C2,C2,GLC,B,1
GAC_234,/home/wms/AF2-test/AF2-CatGraph/results/GAC/02_template_guided_docking/complexes/GAC_234_complex.pdb,results/GAC/05_plip_interaction_graphs/plip_outputs/GAC_234/report.xml,hydrogen_bonds,O1,SER215A,2318,hydrogen_bonds,hydrogen_bond,GLC:B:1:O1,O1,GLC,B,1
GAC_234,/home/wms/AF2-test/AF2-CatGraph/results/GAC/02_template_guided_docking/complexes/GAC_234_complex.pdb,results/GAC/05_plip_interaction_graphs/plip_outputs/GAC_234/report.xml,hydrogen_bonds,O2,ASN264A,2324,hydrogen_bonds,hydrogen_bond,GLC:B:1:O2,O2,GLC,B,1
GAC_234,/home/wms/AF2-test/AF2-CatGraph/results/GAC/02_template_guided_docking/complexes/GAC_234_complex.pdb,results/GAC/05_plip_interaction_graphs/plip_outputs/GAC_234/report.xml,hydrogen_bonds,O3,GLU310A,2325,hydrogen_bonds,hydrogen_bond,GLC:B:1:O3,O3,GLC,B,1
GAC_234,/home/wms/AF2-test/AF2-CatGraph/results/GAC/02_template_guided_docking/complexes/GAC_234_complex.pdb,results/GAC/05_plip_interaction_graphs/plip_outputs/GAC_234/report.xml,hydrogen_bonds,N2,GLU310A,2322,hydrogen_bonds,hydrogen_bond,GLC:B:1:N2,N2,GLC,B,1
GAC_234,/home/wms/AF2-test/AF2-CatGraph/results/GAC/02_template_guided_docking/complexes/GAC_234_complex.pdb,results/GAC/05_plip_interaction_graphs/plip_outputs/GAC_234/report.xml,hydrogen_bonds,O2,ASN317A,2324,hydrogen_bonds,hydrogen_bond,GLC:B:1:O2,O2,GLC,B,1
GAC_234,/home/wms/AF2-test/AF2-CatGraph/results/GAC/02_template_guided_docking/complexes/GAC_234_complex.pdb,results/GAC/05_plip_interaction_graphs/plip_outputs/GAC_234/report.xml,hydrogen_bonds,O2,TYR343A,2324,hydrogen_bonds,hydrogen_bond,GLC:B:1:O2,O2,GLC,B,1
GAC_234,/home/wms/AF2-test/AF2-CatGraph/results/GAC/02_template_guided_docking/complexes/GAC_234_complex.pdb,results/GAC/05_plip_interaction_graphs/plip_outputs/GAC_234/report.xml,hydrogen_bonds,O1,TYR395A,2318,hydrogen_bonds,hydrogen_bond,GLC:B:1:O1,O1,GLC,B,1
GAC_234,/home/wms/AF2-test/AF2-CatGraph/results/GAC/02_template_guided_docking/complexes/GAC_234_complex.pdb,results/GAC/05_plip_interaction_graphs/plip_outputs/GAC_234/report.xml,hydrogen_bonds,N1,TYR395A,2316,hydrogen_bonds,hydrogen_bond,GLC:B:1:N1,N1,GLC,B,1
GAC_234,/home/wms/AF2-test/AF2-CatGraph/results/GAC/02_template_guided_docking/complexes/GAC_234_complex.pdb,results/GAC/05_plip_interaction_graphs/plip_outputs/GAC_234/report.xml,hydrogen_bonds,O1,VAL413A,2318,hydrogen_bonds,hydrogen_bond,GLC:B:1:O1,O1,GLC,B,1
GAC_236,/home/wms/AF2-test/AF2-CatGraph/results/GAC/02_template_guided_docking/complexes/GAC_236_complex.pdb,results/GAC/05_plip_interaction_graphs/plip_outputs/GAC_236/report.xml,hydrophobic_interactions,C2,VAL413A,2319,hydrophobic_interactions,hydrophobic_interaction,GLC:B:1:C2,C2,GLC,B,1
GAC_236,/home/wms/AF2-test/AF2-CatGraph/results/GAC/02_template_guided_docking/complexes/GAC_236_complex.pdb,results/GAC/05_plip_interaction_graphs/plip_outputs/GAC_236/report.xml,hydrogen_bonds,O1,SER215A,2318,hydrogen_bonds,hydrogen_bond,GLC:B:1:O1,O1,GLC,B,1
GAC_236,/home/wms/AF2-test/AF2-CatGraph/results/GAC/02_template_guided_docking/complexes/GAC_236_complex.pdb,results/GAC/05_plip_interaction_graphs/plip_outputs/GAC_236/report.xml,hydrogen_bonds,O2,ASN264A,2324,hydrogen_bonds,hydrogen_bond,GLC:B:1:O2,O2,GLC,B,1
GAC_236,/home/wms/AF2-test/AF2-CatGraph/results/GAC/02_template_guided_docking/complexes/GAC_236_complex.pdb,results/GAC/05_plip_interaction_graphs/plip_outputs/GAC_236/report.xml,hydrogen_bonds,O3,GLU310A,2325,hydrogen_bonds,hydrogen_bond,GLC:B:1:O3,O3,GLC,B,1
GAC_236,/home/wms/AF2-test/AF2-CatGraph/results/GAC/02_template_guided_docking/complexes/GAC_236_complex.pdb,results/GAC/05_plip_interaction_graphs/plip_outputs/GAC_236/report.xml,hydrogen_bonds,N2,GLU310A,2322,hydrogen_bonds,hydrogen_bond,GLC:B:1:N2,N2,GLC,B,1
GAC_236,/home/wms/AF2-test/AF2-CatGraph/results/GAC/02_template_guided_docking/complexes/GAC_236_complex.pdb,results/GAC/05_plip_interaction_graphs/plip_outputs/GAC_236/report.xml,hydrogen_bonds,O2,ASN317A,2324,hydrogen_bonds,hydrogen_bond,GLC:B:1:O2,O2,GLC,B,1
GAC_236,/home/wms/AF2-test/AF2-CatGraph/results/GAC/02_template_guided_docking/complexes/GAC_236_complex.pdb,results/GAC/05_plip_interaction_graphs/plip_outputs/GAC_236/report.xml,hydrogen_bonds,O2,TYR343A,2324,hydrogen_bonds,hydrogen_bond,GLC:B:1:O2,O2,GLC,B,1
GAC_236,/home/wms/AF2-test/AF2-CatGraph/results/GAC/02_template_guided_docking/complexes/GAC_236_complex.pdb,results/GAC/05_plip_interaction_graphs/plip_outputs/GAC_236/report.xml,hydrogen_bonds,O1,TYR395A,2318,hydrogen_bonds,hydrogen_bond,GLC:B:1:O1,O1,GLC,B,1
GAC_236,/home/wms/AF2-test/AF2-CatGraph/results/GAC/02_template_guided_docking/complexes/GAC_236_complex.pdb,results/GAC/05_plip_interaction_graphs/plip_outputs/GAC_236/report.xml,hydrogen_bonds,N1,TYR395A,2316,hydrogen_bonds,hydrogen_bond,GLC:B:1:N1,N1,GLC,B,1
GAC_236,/home/wms/AF2-test/AF2-CatGraph/results/GAC/02_template_guided_docking/complexes/GAC_236_complex.pdb,results/GAC/05_plip_interaction_graphs/plip_outputs/GAC_236/report.xml,hydrogen_bonds,O1,VAL413A,2318,hydrogen_bonds,hydrogen_bond,GLC:B:1:O1,O1,GLC,B,1
GAC_237,/home/wms/AF2-test/AF2-CatGraph/results/GAC/02_template_guided_docking/complexes/GAC_237_complex.pdb,results/GAC/05_plip_interaction_graphs/plip_outputs/GAC_237/report.xml,hydrophobic_interactions,C2,VAL413A,2319,hydrophobic_interactions,hydrophobic_interaction,GLC:B:1:C2,C2,GLC,B,1
GAC_237,/home/wms/AF2-test/AF2-CatGraph/results/GAC/02_template_guided_docking/complexes/GAC_237_complex.pdb,results/GAC/05_plip_interaction_graphs/plip_outputs/GAC_237/report.xml,hydrogen_bonds,N2,TYR178A,2322,hydrogen_bonds,hydrogen_bond,GLC:B:1:N2,N2,GLC,B,1
GAC_237,/home/wms/AF2-test/AF2-CatGraph/results/GAC/02_template_guided_docking/complexes/GAC_237_complex.pdb,results/GAC/05_plip_interaction_graphs/plip_outputs/GAC_237/report.xml,hydrogen_bonds,O1,SER215A,2318,hydrogen_bonds,hydrogen_bond,GLC:B:1:O1,O1,GLC,B,1
GAC_237,/home/wms/AF2-test/AF2-CatGraph/results/GAC/02_template_guided_docking/complexes/GAC_237_complex.pdb,results/GAC/05_plip_interaction_graphs/plip_outputs/GAC_237/report.xml,hydrogen_bonds,O2,ASN264A,2324,hydrogen_bonds,hydrogen_bond,GLC:B:1:O2,O2,GLC,B,1
GAC_237,/home/wms/AF2-test/AF2-CatGraph/results/GAC/02_template_guided_docking/complexes/GAC_237_complex.pdb,results/GAC/05_plip_interaction_graphs/plip_outputs/GAC_237/report.xml,hydrogen_bonds,O3,GLU310A,2325,hydrogen_bonds,hydrogen_bond,GLC:B:1:O3,O3,GLC,B,1
GAC_237,/home/wms/AF2-test/AF2-CatGraph/results/GAC/02_template_guided_docking/complexes/GAC_237_complex.pdb,results/GAC/05_plip_interaction_graphs/plip_outputs/GAC_237/report.xml,hydrogen_bonds,N2,GLU310A,2322,hydrogen_bonds,hydrogen_bond,GLC:B:1:N2,N2,GLC,B,1
GAC_237,/home/wms/AF2-test/AF2-CatGraph/results/GAC/02_template_guided_docking/complexes/GAC_237_complex.pdb,results/GAC/05_plip_interaction_graphs/plip_outputs/GAC_237/report.xml,hydrogen_bonds,O2,ASN317A,2324,hydrogen_bonds,hydrogen_bond,GLC:B:1:O2,O2,GLC,B,1
GAC_237,/home/wms/AF2-test/AF2-CatGraph/results/GAC/02_template_guided_docking/complexes/GAC_237_complex.pdb,results/GAC/05_plip_interaction_graphs/plip_outputs/GAC_237/report.xml,hydrogen_bonds,O2,TYR343A,2324,hydrogen_bonds,hydrogen_bond,GLC:B:1:O2,O2,GLC,B,1
GAC_237,/home/wms/AF2-test/AF2-CatGraph/results/GAC/02_template_guided_docking/complexes/GAC_237_complex.pdb,results/GAC/05_plip_interaction_graphs/plip_outputs/GAC_237/report.xml,hydrogen_bonds,O1,TYR395A,2318,hydrogen_bonds,hydrogen_bond,GLC:B:1:O1,O1,GLC,B,1
GAC_237,/home/wms/AF2-test/AF2-CatGraph/results/GAC/02_template_guided_docking/complexes/GAC_237_complex.pdb,results/GAC/05_plip_interaction_graphs/plip_outputs/GAC_237/report.xml,hydrogen_bonds,N1,TYR395A,2316,hydrogen_bonds,hydrogen_bond,GLC:B:1:N1,N1,GLC,B,1
GAC_237,/home/wms/AF2-test/AF2-CatGraph/results/GAC/02_template_guided_docking/complexes/GAC_237_complex.pdb,results/GAC/05_plip_interaction_graphs/plip_outputs/GAC_237/report.xml,hydrogen_bonds,O1,VAL413A,2318,hydrogen_bonds,hydrogen_bond,GLC:B:1:O1,O1,GLC,B,1
GAC_238,/home/wms/AF2-test/AF2-CatGraph/results/GAC/02_template_guided_docking/complexes/GAC_238_complex.pdb,results/GAC/05_plip_interaction_graphs/plip_outputs/GAC_238/report.xml,hydrophobic_interactions,C2,VAL413A,2319,hydrophobic_interactions,hydrophobic_interaction,GLC:B:1:C2,C2,GLC,B,1
GAC_238,/home/wms/AF2-test/AF2-CatGraph/results/GAC/02_template_guided_docking/complexes/GAC_238_complex.pdb,results/GAC/05_plip_interaction_graphs/plip_outputs/GAC_238/report.xml,hydrogen_bonds,O1,SER215A,2318,hydrogen_bonds,hydrogen_bond,GLC:B:1:O1,O1,GLC,B,1
GAC_238,/home/wms/AF2-test/AF2-CatGraph/results/GAC/02_template_guided_docking/complexes/GAC_238_complex.pdb,results/GAC/05_plip_interaction_graphs/plip_outputs/GAC_238/report.xml,hydrogen_bonds,O2,ASN264A,2324,hydrogen_bonds,hydrogen_bond,GLC:B:1:O2,O2,GLC,B,1
GAC_238,/home/wms/AF2-test/AF2-CatGraph/results/GAC/02_template_guided_docking/complexes/GAC_238_complex.pdb,results/GAC/05_plip_interaction_graphs/plip_outputs/GAC_238/report.xml,hydrogen_bonds,O3,GLU310A,2325,hydrogen_bonds,hydrogen_bond,GLC:B:1:O3,O3,GLC,B,1
GAC_238,/home/wms/AF2-test/AF2-CatGraph/results/GAC/02_template_guided_docking/complexes/GAC_238_complex.pdb,results/GAC/05_plip_interaction_graphs/plip_outputs/GAC_238/report.xml,hydrogen_bonds,N2,GLU310A,2322,hydrogen_bonds,hydrogen_bond,GLC:B:1:N2,N2,GLC,B,1
GAC_238,/home/wms/AF2-test/AF2-CatGraph/results/GAC/02_template_guided_docking/complexes/GAC_238_complex.pdb,results/GAC/05_plip_interaction_graphs/plip_outputs/GAC_238/report.xml,hydrogen_bonds,O2,ASN317A,2324,hydrogen_bonds,hydrogen_bond,GLC:B:1:O2,O2,GLC,B,1
GAC_238,/home/wms/AF2-test/AF2-CatGraph/results/GAC/02_template_guided_docking/complexes/GAC_238_complex.pdb,results/GAC/05_plip_interaction_graphs/plip_outputs/GAC_238/report.xml,hydrogen_bonds,O2,TYR343A,2324,hydrogen_bonds,hydrogen_bond,GLC:B:1:O2,O2,GLC,B,1
GAC_238,/home/wms/AF2-test/AF2-CatGraph/results/GAC/02_template_guided_docking/complexes/GAC_238_complex.pdb,results/GAC/05_plip_interaction_graphs/plip_outputs/GAC_238/report.xml,hydrogen_bonds,N1,TYR395A,2316,hydrogen_bonds,hydrogen_bond,GLC:B:1:N1,N1,GLC,B,1
GAC_238,/home/wms/AF2-test/AF2-CatGraph/results/GAC/02_template_guided_docking/complexes/GAC_238_complex.pdb,results/GAC/05_plip_interaction_graphs/plip_outputs/GAC_238/report.xml,hydrogen_bonds,O1,VAL413A,2318,hydrogen_bonds,hydrogen_bond,GLC:B:1:O1,O1,GLC,B,1
GAC_239,/home/wms/AF2-test/AF2-CatGraph/results/GAC/02_template_guided_docking/complexes/GAC_239_complex.pdb,results/GAC/05_plip_interaction_graphs/plip_outputs/GAC_239/report.xml,hydrophobic_interactions,C2,VAL413A,2319,hydrophobic_interactions,hydrophobic_interaction,GLC:B:1:C2,C2,GLC,B,1
GAC_239,/home/wms/AF2-test/AF2-CatGraph/results/GAC/02_template_guided_docking/complexes/GAC_239_complex.pdb,results/GAC/05_plip_interaction_graphs/plip_outputs/GAC_239/report.xml,hydrogen_bonds,N2,GLN214A,2322,hydrogen_bonds,hydrogen_bond,GLC:B:1:N2,N2,GLC,B,1
GAC_239,/home/wms/AF2-test/AF2-CatGraph/results/GAC/02_template_guided_docking/complexes/GAC_239_complex.pdb,results/GAC/05_plip_interaction_graphs/plip_outputs/GAC_239/report.xml,hydrogen_bonds,O1,SER215A,2318,hydrogen_bonds,hydrogen_bond,GLC:B:1:O1,O1,GLC,B,1
GAC_239,/home/wms/AF2-test/AF2-CatGraph/results/GAC/02_template_guided_docking/complexes/GAC_239_complex.pdb,results/GAC/05_plip_interaction_graphs/plip_outputs/GAC_239/report.xml,hydrogen_bonds,O2,ASN264A,2324,hydrogen_bonds,hydrogen_bond,GLC:B:1:O2,O2,GLC,B,1
GAC_239,/home/wms/AF2-test/AF2-CatGraph/results/GAC/02_template_guided_docking/complexes/GAC_239_complex.pdb,results/GAC/05_plip_interaction_graphs/plip_outputs/GAC_239/report.xml,hydrogen_bonds,O3,GLU310A,2325,hydrogen_bonds,hydrogen_bond,GLC:B:1:O3,O3,GLC,B,1
GAC_239,/home/wms/AF2-test/AF2-CatGraph/results/GAC/02_template_guided_docking/complexes/GAC_239_complex.pdb,results/GAC/05_plip_interaction_graphs/plip_outputs/GAC_239/report.xml,hydrogen_bonds,O2,ASN317A,2324,hydrogen_bonds,hydrogen_bond,GLC:B:1:O2,O2,GLC,B,1
GAC_239,/home/wms/AF2-test/AF2-CatGraph/results/GAC/02_template_guided_docking/complexes/GAC_239_complex.pdb,results/GAC/05_plip_interaction_graphs/plip_outputs/GAC_239/report.xml,hydrogen_bonds,O2,TYR343A,2324,hydrogen_bonds,hydrogen_bond,GLC:B:1:O2,O2,GLC,B,1
GAC_239,/home/wms/AF2-test/AF2-CatGraph/results/GAC/02_template_guided_docking/complexes/GAC_239_complex.pdb,results/GAC/05_plip_interaction_graphs/plip_outputs/GAC_239/report.xml,hydrogen_bonds,O1,TYR395A,2318,hydrogen_bonds,hydrogen_bond,GLC:B:1:O1,O1,GLC,B,1
GAC_239,/home/wms/AF2-test/AF2-CatGraph/results/GAC/02_template_guided_docking/complexes/GAC_239_complex.pdb,results/GAC/05_plip_interaction_graphs/plip_outputs/GAC_239/report.xml,hydrogen_bonds,N1,TYR395A,2316,hydrogen_bonds,hydrogen_bond,GLC:B:1:N1,N1,GLC,B,1
GAC_239,/home/wms/AF2-test/AF2-CatGraph/results/GAC/02_template_guided_docking/complexes/GAC_239_complex.pdb,results/GAC/05_plip_interaction_graphs/plip_outputs/GAC_239/report.xml,hydrogen_bonds,O1,VAL413A,2318,hydrogen_bonds,hydrogen_bond,GLC:B:1:O1,O1,GLC,B,1
GAC_240,/home/wms/AF2-test/AF2-CatGraph/results/GAC/02_template_guided_docking/complexes/GAC_240_complex.pdb,results/GAC/05_plip_interaction_graphs/plip_outputs/GAC_240/report.xml,hydrophobic_interactions,C2,PHE247A,2319,hydrophobic_interactions,hydrophobic_interaction,GLC:B:1:C2,C2,GLC,B,1
GAC_240,/home/wms/AF2-test/AF2-CatGraph/results/GAC/02_template_guided_docking/complexes/GAC_240_complex.pdb,results/GAC/05_plip_interaction_graphs/plip_outputs/GAC_240/report.xml,hydrophobic_interactions,C2,VAL413A,2319,hydrophobic_interactions,hydrophobic_interaction,GLC:B:1:C2,C2,GLC,B,1
GAC_240,/home/wms/AF2-test/AF2-CatGraph/results/GAC/02_template_guided_docking/complexes/GAC_240_complex.pdb,results/GAC/05_plip_interaction_graphs/plip_outputs/GAC_240/report.xml,hydrogen_bonds,N2,GLN214A,2322,hydrogen_bonds,hydrogen_bond,GLC:B:1:N2,N2,GLC,B,1
GAC_240,/home/wms/AF2-test/AF2-CatGraph/results/GAC/02_template_guided_docking/complexes/GAC_240_complex.pdb,results/GAC/05_plip_interaction_graphs/plip_outputs/GAC_240/report.xml,hydrogen_bonds,O1,SER215A,2318,hydrogen_bonds,hydrogen_bond,GLC:B:1:O1,O1,GLC,B,1
GAC_240,/home/wms/AF2-test/AF2-CatGraph/results/GAC/02_template_guided_docking/complexes/GAC_240_complex.pdb,results/GAC/05_plip_interaction_graphs/plip_outputs/GAC_240/report.xml,hydrogen_bonds,O2,ASN264A,2324,hydrogen_bonds,hydrogen_bond,GLC:B:1:O2,O2,GLC,B,1
GAC_240,/home/wms/AF2-test/AF2-CatGraph/results/GAC/02_template_guided_docking/complexes/GAC_240_complex.pdb,results/GAC/05_plip_interaction_graphs/plip_outputs/GAC_240/report.xml,hydrogen_bonds,O2,ASN317A,2324,hydrogen_bonds,hydrogen_bond,GLC:B:1:O2,O2,GLC,B,1
GAC_240,/home/wms/AF2-test/AF2-CatGraph/results/GAC/02_template_guided_docking/complexes/GAC_240_complex.pdb,results/GAC/05_plip_interaction_graphs/plip_outputs/GAC_240/report.xml,hydrogen_bonds,O2,TYR343A,2324,hydrogen_bonds,hydrogen_bond,GLC:B:1:O2,O2,GLC,B,1
GAC_240,/home/wms/AF2-test/AF2-CatGraph/results/GAC/02_template_guided_docking/complexes/GAC_240_complex.pdb,results/GAC/05_plip_interaction_graphs/plip_outputs/GAC_240/report.xml,hydrogen_bonds,N1,TYR395A,2316,hydrogen_bonds,hydrogen_bond,GLC:B:1:N1,N1,GLC,B,1
GAC_240,/home/wms/AF2-test/AF2-CatGraph/results/GAC/02_template_guided_docking/complexes/GAC_240_complex.pdb,results/GAC/05_plip_interaction_graphs/plip_outputs/GAC_240/report.xml,hydrogen_bonds,O1,VAL413A,2318,hydrogen_bonds,hydrogen_bond,GLC:B:1:O1,O1,GLC,B,1
GAC_242,/home/wms/AF2-test/AF2-CatGraph/results/GAC/02_template_guided_docking/complexes/GAC_242_complex.pdb,results/GAC/05_plip_interaction_graphs/plip_outputs/GAC_242/report.xml,hydrophobic_interactions,C2,VAL413A,2319,hydrophobic_interactions,hydrophobic_interaction,GLC:B:1:C2,C2,GLC,B,1
GAC_242,/home/wms/AF2-test/AF2-CatGraph/results/GAC/02_template_guided_docking/complexes/GAC_242_complex.pdb,results/GAC/05_plip_interaction_graphs/plip_outputs/GAC_242/report.xml,hydrogen_bonds,O1,SER215A,2318,hydrogen_bonds,hydrogen_bond,GLC:B:1:O1,O1,GLC,B,1
GAC_242,/home/wms/AF2-test/AF2-CatGraph/results/GAC/02_template_guided_docking/complexes/GAC_242_complex.pdb,results/GAC/05_plip_interaction_graphs/plip_outputs/GAC_242/report.xml,hydrogen_bonds,O2,ASN264A,2324,hydrogen_bonds,hydrogen_bond,GLC:B:1:O2,O2,GLC,B,1
GAC_242,/home/wms/AF2-test/AF2-CatGraph/results/GAC/02_template_guided_docking/complexes/GAC_242_complex.pdb,results/GAC/05_plip_interaction_graphs/plip_outputs/GAC_242/report.xml,hydrogen_bonds,O3,GLU310A,2325,hydrogen_bonds,hydrogen_bond,GLC:B:1:O3,O3,GLC,B,1
GAC_242,/home/wms/AF2-test/AF2-CatGraph/results/GAC/02_template_guided_docking/complexes/GAC_242_complex.pdb,results/GAC/05_plip_interaction_graphs/plip_outputs/GAC_242/report.xml,hydrogen_bonds,N2,GLU310A,2322,hydrogen_bonds,hydrogen_bond,GLC:B:1:N2,N2,GLC,B,1
GAC_242,/home/wms/AF2-test/AF2-CatGraph/results/GAC/02_template_guided_docking/complexes/GAC_242_complex.pdb,results/GAC/05_plip_interaction_graphs/plip_outputs/GAC_242/report.xml,hydrogen_bonds,O2,ASN317A,2324,hydrogen_bonds,hydrogen_bond,GLC:B:1:O2,O2,GLC,B,1
GAC_242,/home/wms/AF2-test/AF2-CatGraph/results/GAC/02_template_guided_docking/complexes/GAC_242_complex.pdb,results/GAC/05_plip_interaction_graphs/plip_outputs/GAC_242/report.xml,hydrogen_bonds,O2,TYR343A,2324,hydrogen_bonds,hydrogen_bond,GLC:B:1:O2,O2,GLC,B,1
GAC_242,/home/wms/AF2-test/AF2-CatGraph/results/GAC/02_template_guided_docking/complexes/GAC_242_complex.pdb,results/GAC/05_plip_interaction_graphs/plip_outputs/GAC_242/report.xml,hydrogen_bonds,O1,TYR395A,2318,hydrogen_bonds,hydrogen_bond,GLC:B:1:O1,O1,GLC,B,1
GAC_242,/home/wms/AF2-test/AF2-CatGraph/results/GAC/02_template_guided_docking/complexes/GAC_242_complex.pdb,results/GAC/05_plip_interaction_graphs/plip_outputs/GAC_242/report.xml,hydrogen_bonds,N1,TYR395A,2316,hydrogen_bonds,hydrogen_bond,GLC:B:1:N1,N1,GLC,B,1
GAC_242,/home/wms/AF2-test/AF2-CatGraph/results/GAC/02_template_guided_docking/complexes/GAC_242_complex.pdb,results/GAC/05_plip_interaction_graphs/plip_outputs/GAC_242/report.xml,hydrogen_bonds,O1,VAL413A,2318,hydrogen_bonds,hydrogen_bond,GLC:B:1:O1,O1,GLC,B,1
GAC_244,/home/wms/AF2-test/AF2-CatGraph/results/GAC/02_template_guided_docking/complexes/GAC_244_complex.pdb,results/GAC/05_plip_interaction_graphs/plip_outputs/GAC_244/report.xml,hydrophobic_interactions,C2,VAL413A,2319,hydrophobic_interactions,hydrophobic_interaction,GLC:B:1:C2,C2,GLC,B,1
GAC_244,/home/wms/AF2-test/AF2-CatGraph/results/GAC/02_template_guided_docking/complexes/GAC_244_complex.pdb,results/GAC/05_plip_interaction_graphs/plip_outputs/GAC_244/report.xml,hydrogen_bonds,O1,SER215A,2318,hydrogen_bonds,hydrogen_bond,GLC:B:1:O1,O1,GLC,B,1
GAC_244,/home/wms/AF2-test/AF2-CatGraph/results/GAC/02_template_guided_docking/complexes/GAC_244_complex.pdb,results/GAC/05_plip_interaction_graphs/plip_outputs/GAC_244/report.xml,hydrogen_bonds,O2,ASN264A,2324,hydrogen_bonds,hydrogen_bond,GLC:B:1:O2,O2,GLC,B,1
GAC_244,/home/wms/AF2-test/AF2-CatGraph/results/GAC/02_template_guided_docking/complexes/GAC_244_complex.pdb,results/GAC/05_plip_interaction_graphs/plip_outputs/GAC_244/report.xml,hydrogen_bonds,O3,GLU310A,2325,hydrogen_bonds,hydrogen_bond,GLC:B:1:O3,O3,GLC,B,1
GAC_244,/home/wms/AF2-test/AF2-CatGraph/results/GAC/02_template_guided_docking/complexes/GAC_244_complex.pdb,results/GAC/05_plip_interaction_graphs/plip_outputs/GAC_244/report.xml,hydrogen_bonds,N2,GLU310A,2322,hydrogen_bonds,hydrogen_bond,GLC:B:1:N2,N2,GLC,B,1
GAC_244,/home/wms/AF2-test/AF2-CatGraph/results/GAC/02_template_guided_docking/complexes/GAC_244_complex.pdb,results/GAC/05_plip_interaction_graphs/plip_outputs/GAC_244/report.xml,hydrogen_bonds,O2,ASN317A,2324,hydrogen_bonds,hydrogen_bond,GLC:B:1:O2,O2,GLC,B,1
GAC_244,/home/wms/AF2-test/AF2-CatGraph/results/GAC/02_template_guided_docking/complexes/GAC_244_complex.pdb,results/GAC/05_plip_interaction_graphs/plip_outputs/GAC_244/report.xml,hydrogen_bonds,O2,TYR343A,2324,hydrogen_bonds,hydrogen_bond,GLC:B:1:O2,O2,GLC,B,1
GAC_244,/home/wms/AF2-test/AF2-CatGraph/results/GAC/02_template_guided_docking/complexes/GAC_244_complex.pdb,results/GAC/05_plip_interaction_graphs/plip_outputs/GAC_244/report.xml,hydrogen_bonds,N1,TYR395A,2316,hydrogen_bonds,hydrogen_bond,GLC:B:1:N1,N1,GLC,B,1
GAC_244,/home/wms/AF2-test/AF2-CatGraph/results/GAC/02_template_guided_docking/complexes/GAC_244_complex.pdb,results/GAC/05_plip_interaction_graphs/plip_outputs/GAC_244/report.xml,hydrogen_bonds,O1,VAL413A,2318,hydrogen_bonds,hydrogen_bond,GLC:B:1:O1,O1,GLC,B,1
GAC_246,/home/wms/AF2-test/AF2-CatGraph/results/GAC/02_template_guided_docking/complexes/GAC_246_complex.pdb,results/GAC/05_plip_interaction_graphs/plip_outputs/GAC_246/report.xml,hydrophobic_interactions,C2,VAL413A,2319,hydrophobic_interactions,hydrophobic_interaction,GLC:B:1:C2,C2,GLC,B,1
GAC_246,/home/wms/AF2-test/AF2-CatGraph/results/GAC/02_template_guided_docking/complexes/GAC_246_complex.pdb,results/GAC/05_plip_interaction_graphs/plip_outputs/GAC_246/report.xml,hydrogen_bonds,N2,GLN214A,2322,hydrogen_bonds,hydrogen_bond,GLC:B:1:N2,N2,GLC,B,1
GAC_246,/home/wms/AF2-test/AF2-CatGraph/results/GAC/02_template_guided_docking/complexes/GAC_246_complex.pdb,results/GAC/05_plip_interaction_graphs/plip_outputs/GAC_246/report.xml,hydrogen_bonds,O1,SER215A,2318,hydrogen_bonds,hydrogen_bond,GLC:B:1:O1,O1,GLC,B,1
GAC_246,/home/wms/AF2-test/AF2-CatGraph/results/GAC/02_template_guided_docking/complexes/GAC_246_complex.pdb,results/GAC/05_plip_interaction_graphs/plip_outputs/GAC_246/report.xml,hydrogen_bonds,O2,ASN264A,2324,hydrogen_bonds,hydrogen_bond,GLC:B:1:O2,O2,GLC,B,1
GAC_246,/home/wms/AF2-test/AF2-CatGraph/results/GAC/02_template_guided_docking/complexes/GAC_246_complex.pdb,results/GAC/05_plip_interaction_graphs/plip_outputs/GAC_246/report.xml,hydrogen_bonds,O3,GLU310A,2325,hydrogen_bonds,hydrogen_bond,GLC:B:1:O3,O3,GLC,B,1
GAC_246,/home/wms/AF2-test/AF2-CatGraph/results/GAC/02_template_guided_docking/complexes/GAC_246_complex.pdb,results/GAC/05_plip_interaction_graphs/plip_outputs/GAC_246/report.xml,hydrogen_bonds,O2,ASN317A,2324,hydrogen_bonds,hydrogen_bond,GLC:B:1:O2,O2,GLC,B,1
GAC_246,/home/wms/AF2-test/AF2-CatGraph/results/GAC/02_template_guided_docking/complexes/GAC_246_complex.pdb,results/GAC/05_plip_interaction_graphs/plip_outputs/GAC_246/report.xml,hydrogen_bonds,O2,TYR343A,2324,hydrogen_bonds,hydrogen_bond,GLC:B:1:O2,O2,GLC,B,1
GAC_246,/home/wms/AF2-test/AF2-CatGraph/results/GAC/02_template_guided_docking/complexes/GAC_246_complex.pdb,results/GAC/05_plip_interaction_graphs/plip_outputs/GAC_246/report.xml,hydrogen_bonds,O1,TYR395A,2318,hydrogen_bonds,hydrogen_bond,GLC:B:1:O1,O1,GLC,B,1
GAC_246,/home/wms/AF2-test/AF2-CatGraph/results/GAC/02_template_guided_docking/complexes/GAC_246_complex.pdb,results/GAC/05_plip_interaction_graphs/plip_outputs/GAC_246/report.xml,hydrogen_bonds,N1,TYR395A,2316,hydrogen_bonds,hydrogen_bond,GLC:B:1:N1,N1,GLC,B,1
GAC_246,/home/wms/AF2-test/AF2-CatGraph/results/GAC/02_template_guided_docking/complexes/GAC_246_complex.pdb,results/GAC/05_plip_interaction_graphs/plip_outputs/GAC_246/report.xml,hydrogen_bonds,O1,VAL413A,2318,hydrogen_bonds,hydrogen_bond,GLC:B:1:O1,O1,GLC,B,1
GAC_247,/home/wms/AF2-test/AF2-CatGraph/results/GAC/02_template_guided_docking/complexes/GAC_247_complex.pdb,results/GAC/05_plip_interaction_graphs/plip_outputs/GAC_247/report.xml,hydrophobic_interactions,C2,VAL413A,2319,hydrophobic_interactions,hydrophobic_interaction,GLC:B:1:C2,C2,GLC,B,1
GAC_247,/home/wms/AF2-test/AF2-CatGraph/results/GAC/02_template_guided_docking/complexes/GAC_247_complex.pdb,results/GAC/05_plip_interaction_graphs/plip_outputs/GAC_247/report.xml,hydrogen_bonds,O1,SER215A,2318,hydrogen_bonds,hydrogen_bond,GLC:B:1:O1,O1,GLC,B,1
GAC_247,/home/wms/AF2-test/AF2-CatGraph/results/GAC/02_template_guided_docking/complexes/GAC_247_complex.pdb,results/GAC/05_plip_interaction_graphs/plip_outputs/GAC_247/report.xml,hydrogen_bonds,O2,ASN264A,2324,hydrogen_bonds,hydrogen_bond,GLC:B:1:O2,O2,GLC,B,1
GAC_247,/home/wms/AF2-test/AF2-CatGraph/results/GAC/02_template_guided_docking/complexes/GAC_247_complex.pdb,results/GAC/05_plip_interaction_graphs/plip_outputs/GAC_247/report.xml,hydrogen_bonds,O3,GLU310A,2325,hydrogen_bonds,hydrogen_bond,GLC:B:1:O3,O3,GLC,B,1
GAC_247,/home/wms/AF2-test/AF2-CatGraph/results/GAC/02_template_guided_docking/complexes/GAC_247_complex.pdb,results/GAC/05_plip_interaction_graphs/plip_outputs/GAC_247/report.xml,hydrogen_bonds,N2,GLU310A,2322,hydrogen_bonds,hydrogen_bond,GLC:B:1:N2,N2,GLC,B,1
GAC_247,/home/wms/AF2-test/AF2-CatGraph/results/GAC/02_template_guided_docking/complexes/GAC_247_complex.pdb,results/GAC/05_plip_interaction_graphs/plip_outputs/GAC_247/report.xml,hydrogen_bonds,O2,ASN317A,2324,hydrogen_bonds,hydrogen_bond,GLC:B:1:O2,O2,GLC,B,1
GAC_247,/home/wms/AF2-test/AF2-CatGraph/results/GAC/02_template_guided_docking/complexes/GAC_247_complex.pdb,results/GAC/05_plip_interaction_graphs/plip_outputs/GAC_247/report.xml,hydrogen_bonds,O2,TYR343A,2324,hydrogen_bonds,hydrogen_bond,GLC:B:1:O2,O2,GLC,B,1
GAC_247,/home/wms/AF2-test/AF2-CatGraph/results/GAC/02_template_guided_docking/complexes/GAC_247_complex.pdb,results/GAC/05_plip_interaction_graphs/plip_outputs/GAC_247/report.xml,hydrogen_bonds,N1,TYR395A,2316,hydrogen_bonds,hydrogen_bond,GLC:B:1:N1,N1,GLC,B,1
GAC_247,/home/wms/AF2-test/AF2-CatGraph/results/GAC/02_template_guided_docking/complexes/GAC_247_complex.pdb,results/GAC/05_plip_interaction_graphs/plip_outputs/GAC_247/report.xml,hydrogen_bonds,O1,VAL413A,2318,hydrogen_bonds,hydrogen_bond,GLC:B:1:O1,O1,GLC,B,1
GAC_252,/home/wms/AF2-test/AF2-CatGraph/results/GAC/02_template_guided_docking/complexes/GAC_252_complex.pdb,results/GAC/05_plip_interaction_graphs/plip_outputs/GAC_252/report.xml,hydrophobic_interactions,C2,VAL413A,2319,hydrophobic_interactions,hydrophobic_interaction,GLC:B:1:C2,C2,GLC,B,1
GAC_252,/home/wms/AF2-test/AF2-CatGraph/results/GAC/02_template_guided_docking/complexes/GAC_252_complex.pdb,results/GAC/05_plip_interaction_graphs/plip_outputs/GAC_252/report.xml,hydrogen_bonds,N2,GLN214A,2322,hydrogen_bonds,hydrogen_bond,GLC:B:1:N2,N2,GLC,B,1
GAC_252,/home/wms/AF2-test/AF2-CatGraph/results/GAC/02_template_guided_docking/complexes/GAC_252_complex.pdb,results/GAC/05_plip_interaction_graphs/plip_outputs/GAC_252/report.xml,hydrogen_bonds,O1,SER215A,2318,hydrogen_bonds,hydrogen_bond,GLC:B:1:O1,O1,GLC,B,1
GAC_252,/home/wms/AF2-test/AF2-CatGraph/results/GAC/02_template_guided_docking/complexes/GAC_252_complex.pdb,results/GAC/05_plip_interaction_graphs/plip_outputs/GAC_252/report.xml,hydrogen_bonds,O2,ASN264A,2324,hydrogen_bonds,hydrogen_bond,GLC:B:1:O2,O2,GLC,B,1
GAC_252,/home/wms/AF2-test/AF2-CatGraph/results/GAC/02_template_guided_docking/complexes/GAC_252_complex.pdb,results/GAC/05_plip_interaction_graphs/plip_outputs/GAC_252/report.xml,hydrogen_bonds,O2,ASN317A,2324,hydrogen_bonds,hydrogen_bond,GLC:B:1:O2,O2,GLC,B,1
GAC_252,/home/wms/AF2-test/AF2-CatGraph/results/GAC/02_template_guided_docking/complexes/GAC_252_complex.pdb,results/GAC/05_plip_interaction_graphs/plip_outputs/GAC_252/report.xml,hydrogen_bonds,O2,TYR343A,2324,hydrogen_bonds,hydrogen_bond,GLC:B:1:O2,O2,GLC,B,1
GAC_252,/home/wms/AF2-test/AF2-CatGraph/results/GAC/02_template_guided_docking/complexes/GAC_252_complex.pdb,results/GAC/05_plip_interaction_graphs/plip_outputs/GAC_252/report.xml,hydrogen_bonds,O1,TYR395A,2318,hydrogen_bonds,hydrogen_bond,GLC:B:1:O1,O1,GLC,B,1
GAC_252,/home/wms/AF2-test/AF2-CatGraph/results/GAC/02_template_guided_docking/complexes/GAC_252_complex.pdb,results/GAC/05_plip_interaction_graphs/plip_outputs/GAC_252/report.xml,hydrogen_bonds,N1,TYR395A,2316,hydrogen_bonds,hydrogen_bond,GLC:B:1:N1,N1,GLC,B,1
GAC_252,/home/wms/AF2-test/AF2-CatGraph/results/GAC/02_template_guided_docking/complexes/GAC_252_complex.pdb,results/GAC/05_plip_interaction_graphs/plip_outputs/GAC_252/report.xml,hydrogen_bonds,O1,VAL413A,2318,hydrogen_bonds,hydrogen_bond,GLC:B:1:O1,O1,GLC,B,1
GAC_253,/home/wms/AF2-test/AF2-CatGraph/results/GAC/02_template_guided_docking/complexes/GAC_253_complex.pdb,results/GAC/05_plip_interaction_graphs/plip_outputs/GAC_253/report.xml,hydrophobic_interactions,C2,PHE247A,2319,hydrophobic_interactions,hydrophobic_interaction,GLC:B:1:C2,C2,GLC,B,1
GAC_253,/home/wms/AF2-test/AF2-CatGraph/results/GAC/02_template_guided_docking/complexes/GAC_253_complex.pdb,results/GAC/05_plip_interaction_graphs/plip_outputs/GAC_253/report.xml,hydrophobic_interactions,C2,VAL413A,2319,hydrophobic_interactions,hydrophobic_interaction,GLC:B:1:C2,C2,GLC,B,1
GAC_253,/home/wms/AF2-test/AF2-CatGraph/results/GAC/02_template_guided_docking/complexes/GAC_253_complex.pdb,results/GAC/05_plip_interaction_graphs/plip_outputs/GAC_253/report.xml,hydrogen_bonds,O1,SER215A,2318,hydrogen_bonds,hydrogen_bond,GLC:B:1:O1,O1,GLC,B,1
GAC_253,/home/wms/AF2-test/AF2-CatGraph/results/GAC/02_template_guided_docking/complexes/GAC_253_complex.pdb,results/GAC/05_plip_interaction_graphs/plip_outputs/GAC_253/report.xml,hydrogen_bonds,O2,ASN264A,2324,hydrogen_bonds,hydrogen_bond,GLC:B:1:O2,O2,GLC,B,1
GAC_253,/home/wms/AF2-test/AF2-CatGraph/results/GAC/02_template_guided_docking/complexes/GAC_253_complex.pdb,results/GAC/05_plip_interaction_graphs/plip_outputs/GAC_253/report.xml,hydrogen_bonds,O3,GLU310A,2325,hydrogen_bonds,hydrogen_bond,GLC:B:1:O3,O3,GLC,B,1
GAC_253,/home/wms/AF2-test/AF2-CatGraph/results/GAC/02_template_guided_docking/complexes/GAC_253_complex.pdb,results/GAC/05_plip_interaction_graphs/plip_outputs/GAC_253/report.xml,hydrogen_bonds,N2,GLU310A,2322,hydrogen_bonds,hydrogen_bond,GLC:B:1:N2,N2,GLC,B,1
GAC_253,/home/wms/AF2-test/AF2-CatGraph/results/GAC/02_template_guided_docking/complexes/GAC_253_complex.pdb,results/GAC/05_plip_interaction_graphs/plip_outputs/GAC_253/report.xml,hydrogen_bonds,O2,ASN317A,2324,hydrogen_bonds,hydrogen_bond,GLC:B:1:O2,O2,GLC,B,1
GAC_253,/home/wms/AF2-test/AF2-CatGraph/results/GAC/02_template_guided_docking/complexes/GAC_253_complex.pdb,results/GAC/05_plip_interaction_graphs/plip_outputs/GAC_253/report.xml,hydrogen_bonds,O2,TYR343A,2324,hydrogen_bonds,hydrogen_bond,GLC:B:1:O2,O2,GLC,B,1
GAC_253,/home/wms/AF2-test/AF2-CatGraph/results/GAC/02_template_guided_docking/complexes/GAC_253_complex.pdb,results/GAC/05_plip_interaction_graphs/plip_outputs/GAC_253/report.xml,hydrogen_bonds,O1,TYR395A,2318,hydrogen_bonds,hydrogen_bond,GLC:B:1:O1,O1,GLC,B,1
GAC_253,/home/wms/AF2-test/AF2-CatGraph/results/GAC/02_template_guided_docking/complexes/GAC_253_complex.pdb,results/GAC/05_plip_interaction_graphs/plip_outputs/GAC_253/report.xml,hydrogen_bonds,N1,TYR395A,2316,hydrogen_bonds,hydrogen_bond,GLC:B:1:N1,N1,GLC,B,1
GAC_253,/home/wms/AF2-test/AF2-CatGraph/results/GAC/02_template_guided_docking/complexes/GAC_253_complex.pdb,results/GAC/05_plip_interaction_graphs/plip_outputs/GAC_253/report.xml,hydrogen_bonds,O1,VAL413A,2318,hydrogen_bonds,hydrogen_bond,GLC:B:1:O1,O1,GLC,B,1
GAC_254,/home/wms/AF2-test/AF2-CatGraph/results/GAC/02_template_guided_docking/complexes/GAC_254_complex.pdb,results/GAC/05_plip_interaction_graphs/plip_outputs/GAC_254/report.xml,hydrophobic_interactions,C2,VAL413A,2319,hydrophobic_interactions,hydrophobic_interaction,GLC:B:1:C2,C2,GLC,B,1
GAC_254,/home/wms/AF2-test/AF2-CatGraph/results/GAC/02_template_guided_docking/complexes/GAC_254_complex.pdb,results/GAC/05_plip_interaction_graphs/plip_outputs/GAC_254/report.xml,hydrogen_bonds,O1,SER215A,2318,hydrogen_bonds,hydrogen_bond,GLC:B:1:O1,O1,GLC,B,1
GAC_254,/home/wms/AF2-test/AF2-CatGraph/results/GAC/02_template_guided_docking/complexes/GAC_254_complex.pdb,results/GAC/05_plip_interaction_graphs/plip_outputs/GAC_254/report.xml,hydrogen_bonds,O2,ASN264A,2324,hydrogen_bonds,hydrogen_bond,GLC:B:1:O2,O2,GLC,B,1
GAC_254,/home/wms/AF2-test/AF2-CatGraph/results/GAC/02_template_guided_docking/complexes/GAC_254_complex.pdb,results/GAC/05_plip_interaction_graphs/plip_outputs/GAC_254/report.xml,hydrogen_bonds,O3,GLU310A,2325,hydrogen_bonds,hydrogen_bond,GLC:B:1:O3,O3,GLC,B,1
GAC_254,/home/wms/AF2-test/AF2-CatGraph/results/GAC/02_template_guided_docking/complexes/GAC_254_complex.pdb,results/GAC/05_plip_interaction_graphs/plip_outputs/GAC_254/report.xml,hydrogen_bonds,N2,GLU310A,2322,hydrogen_bonds,hydrogen_bond,GLC:B:1:N2,N2,GLC,B,1
GAC_254,/home/wms/AF2-test/AF2-CatGraph/results/GAC/02_template_guided_docking/complexes/GAC_254_complex.pdb,results/GAC/05_plip_interaction_graphs/plip_outputs/GAC_254/report.xml,hydrogen_bonds,O2,ASN317A,2324,hydrogen_bonds,hydrogen_bond,GLC:B:1:O2,O2,GLC,B,1
GAC_254,/home/wms/AF2-test/AF2-CatGraph/results/GAC/02_template_guided_docking/complexes/GAC_254_complex.pdb,results/GAC/05_plip_interaction_graphs/plip_outputs/GAC_254/report.xml,hydrogen_bonds,O2,TYR343A,2324,hydrogen_bonds,hydrogen_bond,GLC:B:1:O2,O2,GLC,B,1
GAC_254,/home/wms/AF2-test/AF2-CatGraph/results/GAC/02_template_guided_docking/complexes/GAC_254_complex.pdb,results/GAC/05_plip_interaction_graphs/plip_outputs/GAC_254/report.xml,hydrogen_bonds,N2,CYS347A,2322,hydrogen_bonds,hydrogen_bond,GLC:B:1:N2,N2,GLC,B,1
GAC_254,/home/wms/AF2-test/AF2-CatGraph/results/GAC/02_template_guided_docking/complexes/GAC_254_complex.pdb,results/GAC/05_plip_interaction_graphs/plip_outputs/GAC_254/report.xml,hydrogen_bonds,O1,TYR395A,2318,hydrogen_bonds,hydrogen_bond,GLC:B:1:O1,O1,GLC,B,1
GAC_254,/home/wms/AF2-test/AF2-CatGraph/results/GAC/02_template_guided_docking/complexes/GAC_254_complex.pdb,results/GAC/05_plip_interaction_graphs/plip_outputs/GAC_254/report.xml,hydrogen_bonds,N1,TYR395A,2316,hydrogen_bonds,hydrogen_bond,GLC:B:1:N1,N1,GLC,B,1
GAC_254,/home/wms/AF2-test/AF2-CatGraph/results/GAC/02_template_guided_docking/complexes/GAC_254_complex.pdb,results/GAC/05_plip_interaction_graphs/plip_outputs/GAC_254/report.xml,hydrogen_bonds,O1,VAL413A,2318,hydrogen_bonds,hydrogen_bond,GLC:B:1:O1,O1,GLC,B,1
GAC_255,/home/wms/AF2-test/AF2-CatGraph/results/GAC/02_template_guided_docking/complexes/GAC_255_complex.pdb,results/GAC/05_plip_interaction_graphs/plip_outputs/GAC_255/report.xml,hydrogen_bonds,N2,GLN214A,2322,hydrogen_bonds,hydrogen_bond,GLC:B:1:N2,N2,GLC,B,1
GAC_255,/home/wms/AF2-test/AF2-CatGraph/results/GAC/02_template_guided_docking/complexes/GAC_255_complex.pdb,results/GAC/05_plip_interaction_graphs/plip_outputs/GAC_255/report.xml,hydrogen_bonds,O2,ASN317A,2324,hydrogen_bonds,hydrogen_bond,GLC:B:1:O2,O2,GLC,B,1
GAC_255,/home/wms/AF2-test/AF2-CatGraph/results/GAC/02_template_guided_docking/complexes/GAC_255_complex.pdb,results/GAC/05_plip_interaction_graphs/plip_outputs/GAC_255/report.xml,hydrogen_bonds,O2,TYR343A,2324,hydrogen_bonds,hydrogen_bond,GLC:B:1:O2,O2,GLC,B,1
GAC_255,/home/wms/AF2-test/AF2-CatGraph/results/GAC/02_template_guided_docking/complexes/GAC_255_complex.pdb,results/GAC/05_plip_interaction_graphs/plip_outputs/GAC_255/report.xml,hydrogen_bonds,N2,CYS347A,2322,hydrogen_bonds,hydrogen_bond,GLC:B:1:N2,N2,GLC,B,1
GAC_255,/home/wms/AF2-test/AF2-CatGraph/results/GAC/02_template_guided_docking/complexes/GAC_255_complex.pdb,results/GAC/05_plip_interaction_graphs/plip_outputs/GAC_255/report.xml,hydrogen_bonds,O1,TYR395A,2318,hydrogen_bonds,hydrogen_bond,GLC:B:1:O1,O1,GLC,B,1
GAC_255,/home/wms/AF2-test/AF2-CatGraph/results/GAC/02_template_guided_docking/complexes/GAC_255_complex.pdb,results/GAC/05_plip_interaction_graphs/plip_outputs/GAC_255/report.xml,hydrogen_bonds,N1,TYR395A,2316,hydrogen_bonds,hydrogen_bond,GLC:B:1:N1,N1,GLC,B,1
GAC_258,/home/wms/AF2-test/AF2-CatGraph/results/GAC/02_template_guided_docking/complexes/GAC_258_complex.pdb,results/GAC/05_plip_interaction_graphs/plip_outputs/GAC_258/report.xml,hydrophobic_interactions,C2,VAL413A,2319,hydrophobic_interactions,hydrophobic_interaction,GLC:B:1:C2,C2,GLC,B,1
GAC_258,/home/wms/AF2-test/AF2-CatGraph/results/GAC/02_template_guided_docking/complexes/GAC_258_complex.pdb,results/GAC/05_plip_interaction_graphs/plip_outputs/GAC_258/report.xml,hydrogen_bonds,O1,SER215A,2318,hydrogen_bonds,hydrogen_bond,GLC:B:1:O1,O1,GLC,B,1
GAC_258,/home/wms/AF2-test/AF2-CatGraph/results/GAC/02_template_guided_docking/complexes/GAC_258_complex.pdb,results/GAC/05_plip_interaction_graphs/plip_outputs/GAC_258/report.xml,hydrogen_bonds,O2,ASN264A,2324,hydrogen_bonds,hydrogen_bond,GLC:B:1:O2,O2,GLC,B,1
GAC_258,/home/wms/AF2-test/AF2-CatGraph/results/GAC/02_template_guided_docking/complexes/GAC_258_complex.pdb,results/GAC/05_plip_interaction_graphs/plip_outputs/GAC_258/report.xml,hydrogen_bonds,O3,GLU310A,2325,hydrogen_bonds,hydrogen_bond,GLC:B:1:O3,O3,GLC,B,1
GAC_258,/home/wms/AF2-test/AF2-CatGraph/results/GAC/02_template_guided_docking/complexes/GAC_258_complex.pdb,results/GAC/05_plip_interaction_graphs/plip_outputs/GAC_258/report.xml,hydrogen_bonds,N2,GLU310A,2322,hydrogen_bonds,hydrogen_bond,GLC:B:1:N2,N2,GLC,B,1
GAC_258,/home/wms/AF2-test/AF2-CatGraph/results/GAC/02_template_guided_docking/complexes/GAC_258_complex.pdb,results/GAC/05_plip_interaction_graphs/plip_outputs/GAC_258/report.xml,hydrogen_bonds,O2,ASN317A,2324,hydrogen_bonds,hydrogen_bond,GLC:B:1:O2,O2,GLC,B,1
GAC_258,/home/wms/AF2-test/AF2-CatGraph/results/GAC/02_template_guided_docking/complexes/GAC_258_complex.pdb,results/GAC/05_plip_interaction_graphs/plip_outputs/GAC_258/report.xml,hydrogen_bonds,O2,TYR343A,2324,hydrogen_bonds,hydrogen_bond,GLC:B:1:O2,O2,GLC,B,1
GAC_258,/home/wms/AF2-test/AF2-CatGraph/results/GAC/02_template_guided_docking/complexes/GAC_258_complex.pdb,results/GAC/05_plip_interaction_graphs/plip_outputs/GAC_258/report.xml,hydrogen_bonds,O1,TYR395A,2318,hydrogen_bonds,hydrogen_bond,GLC:B:1:O1,O1,GLC,B,1
GAC_258,/home/wms/AF2-test/AF2-CatGraph/results/GAC/02_template_guided_docking/complexes/GAC_258_complex.pdb,results/GAC/05_plip_interaction_graphs/plip_outputs/GAC_258/report.xml,hydrogen_bonds,N1,TYR395A,2316,hydrogen_bonds,hydrogen_bond,GLC:B:1:N1,N1,GLC,B,1
GAC_258,/home/wms/AF2-test/AF2-CatGraph/results/GAC/02_template_guided_docking/complexes/GAC_258_complex.pdb,results/GAC/05_plip_interaction_graphs/plip_outputs/GAC_258/report.xml,hydrogen_bonds,O1,VAL413A,2318,hydrogen_bonds,hydrogen_bond,GLC:B:1:O1,O1,GLC,B,1
GAC_260,/home/wms/AF2-test/AF2-CatGraph/results/GAC/02_template_guided_docking/complexes/GAC_260_complex.pdb,results/GAC/05_plip_interaction_graphs/plip_outputs/GAC_260/report.xml,hydrophobic_interactions,C2,VAL413A,2319,hydrophobic_interactions,hydrophobic_interaction,GLC:B:1:C2,C2,GLC,B,1
GAC_260,/home/wms/AF2-test/AF2-CatGraph/results/GAC/02_template_guided_docking/complexes/GAC_260_complex.pdb,results/GAC/05_plip_interaction_graphs/plip_outputs/GAC_260/report.xml,hydrogen_bonds,O1,SER215A,2318,hydrogen_bonds,hydrogen_bond,GLC:B:1:O1,O1,GLC,B,1
GAC_260,/home/wms/AF2-test/AF2-CatGraph/results/GAC/02_template_guided_docking/complexes/GAC_260_complex.pdb,results/GAC/05_plip_interaction_graphs/plip_outputs/GAC_260/report.xml,hydrogen_bonds,O2,ASN264A,2324,hydrogen_bonds,hydrogen_bond,GLC:B:1:O2,O2,GLC,B,1
GAC_260,/home/wms/AF2-test/AF2-CatGraph/results/GAC/02_template_guided_docking/complexes/GAC_260_complex.pdb,results/GAC/05_plip_interaction_graphs/plip_outputs/GAC_260/report.xml,hydrogen_bonds,O3,GLU310A,2325,hydrogen_bonds,hydrogen_bond,GLC:B:1:O3,O3,GLC,B,1
GAC_260,/home/wms/AF2-test/AF2-CatGraph/results/GAC/02_template_guided_docking/complexes/GAC_260_complex.pdb,results/GAC/05_plip_interaction_graphs/plip_outputs/GAC_260/report.xml,hydrogen_bonds,N2,GLU310A,2322,hydrogen_bonds,hydrogen_bond,GLC:B:1:N2,N2,GLC,B,1
GAC_260,/home/wms/AF2-test/AF2-CatGraph/results/GAC/02_template_guided_docking/complexes/GAC_260_complex.pdb,results/GAC/05_plip_interaction_graphs/plip_outputs/GAC_260/report.xml,hydrogen_bonds,O2,ASN317A,2324,hydrogen_bonds,hydrogen_bond,GLC:B:1:O2,O2,GLC,B,1
GAC_260,/home/wms/AF2-test/AF2-CatGraph/results/GAC/02_template_guided_docking/complexes/GAC_260_complex.pdb,results/GAC/05_plip_interaction_graphs/plip_outputs/GAC_260/report.xml,hydrogen_bonds,O2,TYR343A,2324,hydrogen_bonds,hydrogen_bond,GLC:B:1:O2,O2,GLC,B,1
GAC_260,/home/wms/AF2-test/AF2-CatGraph/results/GAC/02_template_guided_docking/complexes/GAC_260_complex.pdb,results/GAC/05_plip_interaction_graphs/plip_outputs/GAC_260/report.xml,hydrogen_bonds,O1,TYR395A,2318,hydrogen_bonds,hydrogen_bond,GLC:B:1:O1,O1,GLC,B,1
GAC_260,/home/wms/AF2-test/AF2-CatGraph/results/GAC/02_template_guided_docking/complexes/GAC_260_complex.pdb,results/GAC/05_plip_interaction_graphs/plip_outputs/GAC_260/report.xml,hydrogen_bonds,N1,TYR395A,2316,hydrogen_bonds,hydrogen_bond,GLC:B:1:N1,N1,GLC,B,1
GAC_260,/home/wms/AF2-test/AF2-CatGraph/results/GAC/02_template_guided_docking/complexes/GAC_260_complex.pdb,results/GAC/05_plip_interaction_graphs/plip_outputs/GAC_260/report.xml,hydrogen_bonds,O1,VAL413A,2318,hydrogen_bonds,hydrogen_bond,GLC:B:1:O1,O1,GLC,B,1
