standard_structure_id,complex_pdb_path,plip_report_path,interaction_type,ligand_node,protein_node,ligand_atom_serial,source_xml_group,source_xml_tag,ligand_node_key,ligand_node_label,ligand_residue_name,ligand_chain_id,ligand_residue_number
AqTMK_1,/home/wms/AF2-test/AF2-CatGraph/results/AqTMK/02_template_guided_docking/complexes/AqTMK_1_complex.pdb,results/AqTMK/05_plip_interaction_graphs/plip_outputs/AqTMK_1/report.xml,hydrogen_bonds,O10,ASP9A,1591,hydrogen_bonds,hydrogen_bond,ATP:B:1:O10,O10,ATP,B,1
AqTMK_1,/home/wms/AF2-test/AF2-CatGraph/results/AqTMK/02_template_guided_docking/complexes/AqTMK_1_complex.pdb,results/AqTMK/05_plip_interaction_graphs/plip_outputs/AqTMK_1/report.xml,hydrogen_bonds,O8,GLY10A,1588,hydrogen_bonds,hydrogen_bond,ATP:B:1:O8,O8,ATP,B,1
AqTMK_1,/home/wms/AF2-test/AF2-CatGraph/results/AqTMK/02_template_guided_docking/complexes/AqTMK_1_complex.pdb,results/AqTMK/05_plip_interaction_graphs/plip_outputs/AqTMK_1/report.xml,hydrogen_bonds,O7,SER11A,1587,hydrogen_bonds,hydrogen_bond,ATP:B:1:O7,O7,ATP,B,1
AqTMK_1,/home/wms/AF2-test/AF2-CatGraph/results/AqTMK/02_template_guided_docking/complexes/AqTMK_1_complex.pdb,results/AqTMK/05_plip_interaction_graphs/plip_outputs/AqTMK_1/report.xml,hydrogen_bonds,O7,GLY12A,1587,hydrogen_bonds,hydrogen_bond,ATP:B:1:O7,O7,ATP,B,1
AqTMK_1,/home/wms/AF2-test/AF2-CatGraph/results/AqTMK/02_template_guided_docking/complexes/AqTMK_1_complex.pdb,results/AqTMK/05_plip_interaction_graphs/plip_outputs/AqTMK_1/report.xml,hydrogen_bonds,O7,LYS13A,1587,hydrogen_bonds,hydrogen_bond,ATP:B:1:O7,O7,ATP,B,1
AqTMK_1,/home/wms/AF2-test/AF2-CatGraph/results/AqTMK/02_template_guided_docking/complexes/AqTMK_1_complex.pdb,results/AqTMK/05_plip_interaction_graphs/plip_outputs/AqTMK_1/report.xml,hydrogen_bonds,O6,THR14A,1586,hydrogen_bonds,hydrogen_bond,ATP:B:1:O6,O6,ATP,B,1
AqTMK_1,/home/wms/AF2-test/AF2-CatGraph/results/AqTMK/02_template_guided_docking/complexes/AqTMK_1_complex.pdb,results/AqTMK/05_plip_interaction_graphs/plip_outputs/AqTMK_1/report.xml,hydrogen_bonds,O11,THR14A,1592,hydrogen_bonds,hydrogen_bond,ATP:B:1:O11,O11,ATP,B,1
AqTMK_1,/home/wms/AF2-test/AF2-CatGraph/results/AqTMK/02_template_guided_docking/complexes/AqTMK_1_complex.pdb,results/AqTMK/05_plip_interaction_graphs/plip_outputs/AqTMK_1/report.xml,hydrogen_bonds,O2,THR15A,1580,hydrogen_bonds,hydrogen_bond,ATP:B:1:O2,O2,ATP,B,1
AqTMK_1,/home/wms/AF2-test/AF2-CatGraph/results/AqTMK/02_template_guided_docking/complexes/AqTMK_1_complex.pdb,results/AqTMK/05_plip_interaction_graphs/plip_outputs/AqTMK_1/report.xml,hydrogen_bonds,O4,THR15A,1583,hydrogen_bonds,hydrogen_bond,ATP:B:1:O4,O4,ATP,B,1
AqTMK_1,/home/wms/AF2-test/AF2-CatGraph/results/AqTMK/02_template_guided_docking/complexes/AqTMK_1_complex.pdb,results/AqTMK/05_plip_interaction_graphs/plip_outputs/AqTMK_1/report.xml,hydrogen_bonds,O4,THR15A,1583,hydrogen_bonds,hydrogen_bond,ATP:B:1:O4,O4,ATP,B,1
AqTMK_1,/home/wms/AF2-test/AF2-CatGraph/results/AqTMK/02_template_guided_docking/complexes/AqTMK_1_complex.pdb,results/AqTMK/05_plip_interaction_graphs/plip_outputs/AqTMK_1/report.xml,salt_bridges,P2,LYS13A,1585,salt_bridges,salt_bridge,ATP:B:1:P2,P2,ATP,B,1
AqTMK_1,/home/wms/AF2-test/AF2-CatGraph/results/AqTMK/02_template_guided_docking/complexes/AqTMK_1_complex.pdb,results/AqTMK/05_plip_interaction_graphs/plip_outputs/AqTMK_1/report.xml,salt_bridges,P3,LYS13A,1589,salt_bridges,salt_bridge,ATP:B:1:P3,P3,ATP,B,1
AqTMK_1,/home/wms/AF2-test/AF2-CatGraph/results/AqTMK/02_template_guided_docking/complexes/AqTMK_1_complex.pdb,results/AqTMK/05_plip_interaction_graphs/plip_outputs/AqTMK_1/report.xml,salt_bridges,P3,ARG90A,1589,salt_bridges,salt_bridge,ATP:B:1:P3,P3,ATP,B,1
AqTMK_1,/home/wms/AF2-test/AF2-CatGraph/results/AqTMK/02_template_guided_docking/complexes/AqTMK_1_complex.pdb,results/AqTMK/05_plip_interaction_graphs/plip_outputs/AqTMK_1/report.xml,salt_bridges,P2,LYS143A,1585,salt_bridges,salt_bridge,ATP:B:1:P2,P2,ATP,B,1
AqTMK_1,/home/wms/AF2-test/AF2-CatGraph/results/AqTMK/02_template_guided_docking/complexes/AqTMK_1_complex.pdb,results/AqTMK/05_plip_interaction_graphs/plip_outputs/AqTMK_1/report.xml,salt_bridges,P1,LYS143A,1581,salt_bridges,salt_bridge,ATP:B:1:P1,P1,ATP,B,1
AqTMK_1,/home/wms/AF2-test/AF2-CatGraph/results/AqTMK/02_template_guided_docking/complexes/AqTMK_1_complex.pdb,results/AqTMK/05_plip_interaction_graphs/plip_outputs/AqTMK_1/report.xml,salt_bridges,P3,LYS143A,1589,salt_bridges,salt_bridge,ATP:B:1:P3,P3,ATP,B,1
AqTMK_1,/home/wms/AF2-test/AF2-CatGraph/results/AqTMK/02_template_guided_docking/complexes/AqTMK_1_complex.pdb,results/AqTMK/05_plip_interaction_graphs/plip_outputs/AqTMK_1/report.xml,salt_bridges,P3,ARG145A,1589,salt_bridges,salt_bridge,ATP:B:1:P3,P3,ATP,B,1
AqTMK_1,/home/wms/AF2-test/AF2-CatGraph/results/AqTMK/02_template_guided_docking/complexes/AqTMK_1_complex.pdb,results/AqTMK/05_plip_interaction_graphs/plip_outputs/AqTMK_1/report.xml,metal_complexes,MG,THR14A,1599,metal_complexes,metal_complex,MG:B:203:MG,MG,MG,B,203
AqTMK_1,/home/wms/AF2-test/AF2-CatGraph/results/AqTMK/02_template_guided_docking/complexes/AqTMK_1_complex.pdb,results/AqTMK/05_plip_interaction_graphs/plip_outputs/AqTMK_1/report.xml,salt_bridges,P4,ARG47A,1595,salt_bridges,salt_bridge,TMP:C:1:P4,P4,TMP,C,1
AqTMK_1,/home/wms/AF2-test/AF2-CatGraph/results/AqTMK/02_template_guided_docking/complexes/AqTMK_1_complex.pdb,results/AqTMK/05_plip_interaction_graphs/plip_outputs/AqTMK_1/report.xml,salt_bridges,P4,ARG90A,1595,salt_bridges,salt_bridge,TMP:C:1:P4,P4,TMP,C,1
AqTMK_1,/home/wms/AF2-test/AF2-CatGraph/results/AqTMK/02_template_guided_docking/complexes/AqTMK_1_complex.pdb,results/AqTMK/05_plip_interaction_graphs/plip_outputs/AqTMK_1/report.xml,salt_bridges,P4,ARG145A,1595,salt_bridges,salt_bridge,TMP:C:1:P4,P4,TMP,C,1
AqTMK_2,/home/wms/AF2-test/AF2-CatGraph/results/AqTMK/02_template_guided_docking/complexes/AqTMK_2_complex.pdb,results/AqTMK/05_plip_interaction_graphs/plip_outputs/AqTMK_2/report.xml,hydrogen_bonds,O10,ASP9A,1591,hydrogen_bonds,hydrogen_bond,ATP:B:1:O10,O10,ATP,B,1
AqTMK_2,/home/wms/AF2-test/AF2-CatGraph/results/AqTMK/02_template_guided_docking/complexes/AqTMK_2_complex.pdb,results/AqTMK/05_plip_interaction_graphs/plip_outputs/AqTMK_2/report.xml,hydrogen_bonds,O8,GLY10A,1588,hydrogen_bonds,hydrogen_bond,ATP:B:1:O8,O8,ATP,B,1
AqTMK_2,/home/wms/AF2-test/AF2-CatGraph/results/AqTMK/02_template_guided_docking/complexes/AqTMK_2_complex.pdb,results/AqTMK/05_plip_interaction_graphs/plip_outputs/AqTMK_2/report.xml,hydrogen_bonds,O7,SER11A,1587,hydrogen_bonds,hydrogen_bond,ATP:B:1:O7,O7,ATP,B,1
AqTMK_2,/home/wms/AF2-test/AF2-CatGraph/results/AqTMK/02_template_guided_docking/complexes/AqTMK_2_complex.pdb,results/AqTMK/05_plip_interaction_graphs/plip_outputs/AqTMK_2/report.xml,hydrogen_bonds,O7,GLY12A,1587,hydrogen_bonds,hydrogen_bond,ATP:B:1:O7,O7,ATP,B,1
AqTMK_2,/home/wms/AF2-test/AF2-CatGraph/results/AqTMK/02_template_guided_docking/complexes/AqTMK_2_complex.pdb,results/AqTMK/05_plip_interaction_graphs/plip_outputs/AqTMK_2/report.xml,hydrogen_bonds,O7,LYS13A,1587,hydrogen_bonds,hydrogen_bond,ATP:B:1:O7,O7,ATP,B,1
AqTMK_2,/home/wms/AF2-test/AF2-CatGraph/results/AqTMK/02_template_guided_docking/complexes/AqTMK_2_complex.pdb,results/AqTMK/05_plip_interaction_graphs/plip_outputs/AqTMK_2/report.xml,hydrogen_bonds,O6,THR14A,1586,hydrogen_bonds,hydrogen_bond,ATP:B:1:O6,O6,ATP,B,1
AqTMK_2,/home/wms/AF2-test/AF2-CatGraph/results/AqTMK/02_template_guided_docking/complexes/AqTMK_2_complex.pdb,results/AqTMK/05_plip_interaction_graphs/plip_outputs/AqTMK_2/report.xml,hydrogen_bonds,O2,THR15A,1580,hydrogen_bonds,hydrogen_bond,ATP:B:1:O2,O2,ATP,B,1
AqTMK_2,/home/wms/AF2-test/AF2-CatGraph/results/AqTMK/02_template_guided_docking/complexes/AqTMK_2_complex.pdb,results/AqTMK/05_plip_interaction_graphs/plip_outputs/AqTMK_2/report.xml,hydrogen_bonds,O4,THR15A,1583,hydrogen_bonds,hydrogen_bond,ATP:B:1:O4,O4,ATP,B,1
AqTMK_2,/home/wms/AF2-test/AF2-CatGraph/results/AqTMK/02_template_guided_docking/complexes/AqTMK_2_complex.pdb,results/AqTMK/05_plip_interaction_graphs/plip_outputs/AqTMK_2/report.xml,hydrogen_bonds,O4,THR15A,1583,hydrogen_bonds,hydrogen_bond,ATP:B:1:O4,O4,ATP,B,1
AqTMK_2,/home/wms/AF2-test/AF2-CatGraph/results/AqTMK/02_template_guided_docking/complexes/AqTMK_2_complex.pdb,results/AqTMK/05_plip_interaction_graphs/plip_outputs/AqTMK_2/report.xml,salt_bridges,P2,LYS13A,1585,salt_bridges,salt_bridge,ATP:B:1:P2,P2,ATP,B,1
AqTMK_2,/home/wms/AF2-test/AF2-CatGraph/results/AqTMK/02_template_guided_docking/complexes/AqTMK_2_complex.pdb,results/AqTMK/05_plip_interaction_graphs/plip_outputs/AqTMK_2/report.xml,salt_bridges,P3,LYS13A,1589,salt_bridges,salt_bridge,ATP:B:1:P3,P3,ATP,B,1
AqTMK_2,/home/wms/AF2-test/AF2-CatGraph/results/AqTMK/02_template_guided_docking/complexes/AqTMK_2_complex.pdb,results/AqTMK/05_plip_interaction_graphs/plip_outputs/AqTMK_2/report.xml,salt_bridges,P3,ARG90A,1589,salt_bridges,salt_bridge,ATP:B:1:P3,P3,ATP,B,1
AqTMK_2,/home/wms/AF2-test/AF2-CatGraph/results/AqTMK/02_template_guided_docking/complexes/AqTMK_2_complex.pdb,results/AqTMK/05_plip_interaction_graphs/plip_outputs/AqTMK_2/report.xml,salt_bridges,P2,LYS143A,1585,salt_bridges,salt_bridge,ATP:B:1:P2,P2,ATP,B,1
AqTMK_2,/home/wms/AF2-test/AF2-CatGraph/results/AqTMK/02_template_guided_docking/complexes/AqTMK_2_complex.pdb,results/AqTMK/05_plip_interaction_graphs/plip_outputs/AqTMK_2/report.xml,salt_bridges,P1,LYS143A,1581,salt_bridges,salt_bridge,ATP:B:1:P1,P1,ATP,B,1
AqTMK_2,/home/wms/AF2-test/AF2-CatGraph/results/AqTMK/02_template_guided_docking/complexes/AqTMK_2_complex.pdb,results/AqTMK/05_plip_interaction_graphs/plip_outputs/AqTMK_2/report.xml,salt_bridges,P3,ARG145A,1589,salt_bridges,salt_bridge,ATP:B:1:P3,P3,ATP,B,1
AqTMK_2,/home/wms/AF2-test/AF2-CatGraph/results/AqTMK/02_template_guided_docking/complexes/AqTMK_2_complex.pdb,results/AqTMK/05_plip_interaction_graphs/plip_outputs/AqTMK_2/report.xml,metal_complexes,MG,THR14A,1599,metal_complexes,metal_complex,MG:B:203:MG,MG,MG,B,203
AqTMK_2,/home/wms/AF2-test/AF2-CatGraph/results/AqTMK/02_template_guided_docking/complexes/AqTMK_2_complex.pdb,results/AqTMK/05_plip_interaction_graphs/plip_outputs/AqTMK_2/report.xml,salt_bridges,P4,ARG47A,1595,salt_bridges,salt_bridge,TMP:C:1:P4,P4,TMP,C,1
AqTMK_2,/home/wms/AF2-test/AF2-CatGraph/results/AqTMK/02_template_guided_docking/complexes/AqTMK_2_complex.pdb,results/AqTMK/05_plip_interaction_graphs/plip_outputs/AqTMK_2/report.xml,salt_bridges,P4,ARG90A,1595,salt_bridges,salt_bridge,TMP:C:1:P4,P4,TMP,C,1
AqTMK_2,/home/wms/AF2-test/AF2-CatGraph/results/AqTMK/02_template_guided_docking/complexes/AqTMK_2_complex.pdb,results/AqTMK/05_plip_interaction_graphs/plip_outputs/AqTMK_2/report.xml,salt_bridges,P4,ARG145A,1595,salt_bridges,salt_bridge,TMP:C:1:P4,P4,TMP,C,1
AqTMK_5,/home/wms/AF2-test/AF2-CatGraph/results/AqTMK/02_template_guided_docking/complexes/AqTMK_5_complex.pdb,results/AqTMK/05_plip_interaction_graphs/plip_outputs/AqTMK_5/report.xml,hydrogen_bonds,O10,ASP9A,1591,hydrogen_bonds,hydrogen_bond,ATP:B:1:O10,O10,ATP,B,1
AqTMK_5,/home/wms/AF2-test/AF2-CatGraph/results/AqTMK/02_template_guided_docking/complexes/AqTMK_5_complex.pdb,results/AqTMK/05_plip_interaction_graphs/plip_outputs/AqTMK_5/report.xml,hydrogen_bonds,O8,GLY10A,1588,hydrogen_bonds,hydrogen_bond,ATP:B:1:O8,O8,ATP,B,1
AqTMK_5,/home/wms/AF2-test/AF2-CatGraph/results/AqTMK/02_template_guided_docking/complexes/AqTMK_5_complex.pdb,results/AqTMK/05_plip_interaction_graphs/plip_outputs/AqTMK_5/report.xml,hydrogen_bonds,O7,SER11A,1587,hydrogen_bonds,hydrogen_bond,ATP:B:1:O7,O7,ATP,B,1
AqTMK_5,/home/wms/AF2-test/AF2-CatGraph/results/AqTMK/02_template_guided_docking/complexes/AqTMK_5_complex.pdb,results/AqTMK/05_plip_interaction_graphs/plip_outputs/AqTMK_5/report.xml,hydrogen_bonds,O7,GLY12A,1587,hydrogen_bonds,hydrogen_bond,ATP:B:1:O7,O7,ATP,B,1
AqTMK_5,/home/wms/AF2-test/AF2-CatGraph/results/AqTMK/02_template_guided_docking/complexes/AqTMK_5_complex.pdb,results/AqTMK/05_plip_interaction_graphs/plip_outputs/AqTMK_5/report.xml,hydrogen_bonds,O7,LYS13A,1587,hydrogen_bonds,hydrogen_bond,ATP:B:1:O7,O7,ATP,B,1
AqTMK_5,/home/wms/AF2-test/AF2-CatGraph/results/AqTMK/02_template_guided_docking/complexes/AqTMK_5_complex.pdb,results/AqTMK/05_plip_interaction_graphs/plip_outputs/AqTMK_5/report.xml,hydrogen_bonds,O6,THR14A,1586,hydrogen_bonds,hydrogen_bond,ATP:B:1:O6,O6,ATP,B,1
AqTMK_5,/home/wms/AF2-test/AF2-CatGraph/results/AqTMK/02_template_guided_docking/complexes/AqTMK_5_complex.pdb,results/AqTMK/05_plip_interaction_graphs/plip_outputs/AqTMK_5/report.xml,hydrogen_bonds,O2,THR15A,1580,hydrogen_bonds,hydrogen_bond,ATP:B:1:O2,O2,ATP,B,1
AqTMK_5,/home/wms/AF2-test/AF2-CatGraph/results/AqTMK/02_template_guided_docking/complexes/AqTMK_5_complex.pdb,results/AqTMK/05_plip_interaction_graphs/plip_outputs/AqTMK_5/report.xml,hydrogen_bonds,O4,THR15A,1583,hydrogen_bonds,hydrogen_bond,ATP:B:1:O4,O4,ATP,B,1
AqTMK_5,/home/wms/AF2-test/AF2-CatGraph/results/AqTMK/02_template_guided_docking/complexes/AqTMK_5_complex.pdb,results/AqTMK/05_plip_interaction_graphs/plip_outputs/AqTMK_5/report.xml,hydrogen_bonds,O4,THR15A,1583,hydrogen_bonds,hydrogen_bond,ATP:B:1:O4,O4,ATP,B,1
AqTMK_5,/home/wms/AF2-test/AF2-CatGraph/results/AqTMK/02_template_guided_docking/complexes/AqTMK_5_complex.pdb,results/AqTMK/05_plip_interaction_graphs/plip_outputs/AqTMK_5/report.xml,salt_bridges,P2,LYS13A,1585,salt_bridges,salt_bridge,ATP:B:1:P2,P2,ATP,B,1
AqTMK_5,/home/wms/AF2-test/AF2-CatGraph/results/AqTMK/02_template_guided_docking/complexes/AqTMK_5_complex.pdb,results/AqTMK/05_plip_interaction_graphs/plip_outputs/AqTMK_5/report.xml,salt_bridges,P3,LYS13A,1589,salt_bridges,salt_bridge,ATP:B:1:P3,P3,ATP,B,1
AqTMK_5,/home/wms/AF2-test/AF2-CatGraph/results/AqTMK/02_template_guided_docking/complexes/AqTMK_5_complex.pdb,results/AqTMK/05_plip_interaction_graphs/plip_outputs/AqTMK_5/report.xml,salt_bridges,P3,ARG90A,1589,salt_bridges,salt_bridge,ATP:B:1:P3,P3,ATP,B,1
AqTMK_5,/home/wms/AF2-test/AF2-CatGraph/results/AqTMK/02_template_guided_docking/complexes/AqTMK_5_complex.pdb,results/AqTMK/05_plip_interaction_graphs/plip_outputs/AqTMK_5/report.xml,salt_bridges,P2,LYS143A,1585,salt_bridges,salt_bridge,ATP:B:1:P2,P2,ATP,B,1
AqTMK_5,/home/wms/AF2-test/AF2-CatGraph/results/AqTMK/02_template_guided_docking/complexes/AqTMK_5_complex.pdb,results/AqTMK/05_plip_interaction_graphs/plip_outputs/AqTMK_5/report.xml,salt_bridges,P1,LYS143A,1581,salt_bridges,salt_bridge,ATP:B:1:P1,P1,ATP,B,1
AqTMK_5,/home/wms/AF2-test/AF2-CatGraph/results/AqTMK/02_template_guided_docking/complexes/AqTMK_5_complex.pdb,results/AqTMK/05_plip_interaction_graphs/plip_outputs/AqTMK_5/report.xml,salt_bridges,P3,ARG145A,1589,salt_bridges,salt_bridge,ATP:B:1:P3,P3,ATP,B,1
AqTMK_5,/home/wms/AF2-test/AF2-CatGraph/results/AqTMK/02_template_guided_docking/complexes/AqTMK_5_complex.pdb,results/AqTMK/05_plip_interaction_graphs/plip_outputs/AqTMK_5/report.xml,metal_complexes,MG,THR14A,1599,metal_complexes,metal_complex,MG:B:203:MG,MG,MG,B,203
AqTMK_5,/home/wms/AF2-test/AF2-CatGraph/results/AqTMK/02_template_guided_docking/complexes/AqTMK_5_complex.pdb,results/AqTMK/05_plip_interaction_graphs/plip_outputs/AqTMK_5/report.xml,salt_bridges,P4,ARG47A,1595,salt_bridges,salt_bridge,TMP:C:1:P4,P4,TMP,C,1
AqTMK_5,/home/wms/AF2-test/AF2-CatGraph/results/AqTMK/02_template_guided_docking/complexes/AqTMK_5_complex.pdb,results/AqTMK/05_plip_interaction_graphs/plip_outputs/AqTMK_5/report.xml,salt_bridges,P4,ARG90A,1595,salt_bridges,salt_bridge,TMP:C:1:P4,P4,TMP,C,1
AqTMK_6,/home/wms/AF2-test/AF2-CatGraph/results/AqTMK/02_template_guided_docking/complexes/AqTMK_6_complex.pdb,results/AqTMK/05_plip_interaction_graphs/plip_outputs/AqTMK_6/report.xml,hydrogen_bonds,O10,ASP9A,1591,hydrogen_bonds,hydrogen_bond,ATP:B:1:O10,O10,ATP,B,1
AqTMK_6,/home/wms/AF2-test/AF2-CatGraph/results/AqTMK/02_template_guided_docking/complexes/AqTMK_6_complex.pdb,results/AqTMK/05_plip_interaction_graphs/plip_outputs/AqTMK_6/report.xml,hydrogen_bonds,O8,GLY10A,1588,hydrogen_bonds,hydrogen_bond,ATP:B:1:O8,O8,ATP,B,1
AqTMK_6,/home/wms/AF2-test/AF2-CatGraph/results/AqTMK/02_template_guided_docking/complexes/AqTMK_6_complex.pdb,results/AqTMK/05_plip_interaction_graphs/plip_outputs/AqTMK_6/report.xml,hydrogen_bonds,O7,SER11A,1587,hydrogen_bonds,hydrogen_bond,ATP:B:1:O7,O7,ATP,B,1
AqTMK_6,/home/wms/AF2-test/AF2-CatGraph/results/AqTMK/02_template_guided_docking/complexes/AqTMK_6_complex.pdb,results/AqTMK/05_plip_interaction_graphs/plip_outputs/AqTMK_6/report.xml,hydrogen_bonds,O7,GLY12A,1587,hydrogen_bonds,hydrogen_bond,ATP:B:1:O7,O7,ATP,B,1
AqTMK_6,/home/wms/AF2-test/AF2-CatGraph/results/AqTMK/02_template_guided_docking/complexes/AqTMK_6_complex.pdb,results/AqTMK/05_plip_interaction_graphs/plip_outputs/AqTMK_6/report.xml,hydrogen_bonds,O7,LYS13A,1587,hydrogen_bonds,hydrogen_bond,ATP:B:1:O7,O7,ATP,B,1
AqTMK_6,/home/wms/AF2-test/AF2-CatGraph/results/AqTMK/02_template_guided_docking/complexes/AqTMK_6_complex.pdb,results/AqTMK/05_plip_interaction_graphs/plip_outputs/AqTMK_6/report.xml,hydrogen_bonds,O6,THR14A,1586,hydrogen_bonds,hydrogen_bond,ATP:B:1:O6,O6,ATP,B,1
AqTMK_6,/home/wms/AF2-test/AF2-CatGraph/results/AqTMK/02_template_guided_docking/complexes/AqTMK_6_complex.pdb,results/AqTMK/05_plip_interaction_graphs/plip_outputs/AqTMK_6/report.xml,hydrogen_bonds,O2,THR15A,1580,hydrogen_bonds,hydrogen_bond,ATP:B:1:O2,O2,ATP,B,1
AqTMK_6,/home/wms/AF2-test/AF2-CatGraph/results/AqTMK/02_template_guided_docking/complexes/AqTMK_6_complex.pdb,results/AqTMK/05_plip_interaction_graphs/plip_outputs/AqTMK_6/report.xml,hydrogen_bonds,O4,THR15A,1583,hydrogen_bonds,hydrogen_bond,ATP:B:1:O4,O4,ATP,B,1
AqTMK_6,/home/wms/AF2-test/AF2-CatGraph/results/AqTMK/02_template_guided_docking/complexes/AqTMK_6_complex.pdb,results/AqTMK/05_plip_interaction_graphs/plip_outputs/AqTMK_6/report.xml,hydrogen_bonds,O4,THR15A,1583,hydrogen_bonds,hydrogen_bond,ATP:B:1:O4,O4,ATP,B,1
AqTMK_6,/home/wms/AF2-test/AF2-CatGraph/results/AqTMK/02_template_guided_docking/complexes/AqTMK_6_complex.pdb,results/AqTMK/05_plip_interaction_graphs/plip_outputs/AqTMK_6/report.xml,salt_bridges,P2,LYS13A,1585,salt_bridges,salt_bridge,ATP:B:1:P2,P2,ATP,B,1
AqTMK_6,/home/wms/AF2-test/AF2-CatGraph/results/AqTMK/02_template_guided_docking/complexes/AqTMK_6_complex.pdb,results/AqTMK/05_plip_interaction_graphs/plip_outputs/AqTMK_6/report.xml,salt_bridges,P3,LYS13A,1589,salt_bridges,salt_bridge,ATP:B:1:P3,P3,ATP,B,1
AqTMK_6,/home/wms/AF2-test/AF2-CatGraph/results/AqTMK/02_template_guided_docking/complexes/AqTMK_6_complex.pdb,results/AqTMK/05_plip_interaction_graphs/plip_outputs/AqTMK_6/report.xml,salt_bridges,P3,ARG90A,1589,salt_bridges,salt_bridge,ATP:B:1:P3,P3,ATP,B,1
AqTMK_6,/home/wms/AF2-test/AF2-CatGraph/results/AqTMK/02_template_guided_docking/complexes/AqTMK_6_complex.pdb,results/AqTMK/05_plip_interaction_graphs/plip_outputs/AqTMK_6/report.xml,salt_bridges,P2,LYS143A,1585,salt_bridges,salt_bridge,ATP:B:1:P2,P2,ATP,B,1
AqTMK_6,/home/wms/AF2-test/AF2-CatGraph/results/AqTMK/02_template_guided_docking/complexes/AqTMK_6_complex.pdb,results/AqTMK/05_plip_interaction_graphs/plip_outputs/AqTMK_6/report.xml,salt_bridges,P1,LYS143A,1581,salt_bridges,salt_bridge,ATP:B:1:P1,P1,ATP,B,1
AqTMK_6,/home/wms/AF2-test/AF2-CatGraph/results/AqTMK/02_template_guided_docking/complexes/AqTMK_6_complex.pdb,results/AqTMK/05_plip_interaction_graphs/plip_outputs/AqTMK_6/report.xml,salt_bridges,P3,ARG145A,1589,salt_bridges,salt_bridge,ATP:B:1:P3,P3,ATP,B,1
AqTMK_6,/home/wms/AF2-test/AF2-CatGraph/results/AqTMK/02_template_guided_docking/complexes/AqTMK_6_complex.pdb,results/AqTMK/05_plip_interaction_graphs/plip_outputs/AqTMK_6/report.xml,metal_complexes,MG,THR14A,1599,metal_complexes,metal_complex,MG:B:203:MG,MG,MG,B,203
AqTMK_6,/home/wms/AF2-test/AF2-CatGraph/results/AqTMK/02_template_guided_docking/complexes/AqTMK_6_complex.pdb,results/AqTMK/05_plip_interaction_graphs/plip_outputs/AqTMK_6/report.xml,salt_bridges,P4,ARG47A,1595,salt_bridges,salt_bridge,TMP:C:1:P4,P4,TMP,C,1
AqTMK_6,/home/wms/AF2-test/AF2-CatGraph/results/AqTMK/02_template_guided_docking/complexes/AqTMK_6_complex.pdb,results/AqTMK/05_plip_interaction_graphs/plip_outputs/AqTMK_6/report.xml,salt_bridges,P4,ARG90A,1595,salt_bridges,salt_bridge,TMP:C:1:P4,P4,TMP,C,1
AqTMK_6,/home/wms/AF2-test/AF2-CatGraph/results/AqTMK/02_template_guided_docking/complexes/AqTMK_6_complex.pdb,results/AqTMK/05_plip_interaction_graphs/plip_outputs/AqTMK_6/report.xml,salt_bridges,P4,ARG145A,1595,salt_bridges,salt_bridge,TMP:C:1:P4,P4,TMP,C,1
AqTMK_8,/home/wms/AF2-test/AF2-CatGraph/results/AqTMK/02_template_guided_docking/complexes/AqTMK_8_complex.pdb,results/AqTMK/05_plip_interaction_graphs/plip_outputs/AqTMK_8/report.xml,hydrogen_bonds,O10,ASP9A,1591,hydrogen_bonds,hydrogen_bond,ATP:B:1:O10,O10,ATP,B,1
AqTMK_8,/home/wms/AF2-test/AF2-CatGraph/results/AqTMK/02_template_guided_docking/complexes/AqTMK_8_complex.pdb,results/AqTMK/05_plip_interaction_graphs/plip_outputs/AqTMK_8/report.xml,hydrogen_bonds,O8,GLY10A,1588,hydrogen_bonds,hydrogen_bond,ATP:B:1:O8,O8,ATP,B,1
AqTMK_8,/home/wms/AF2-test/AF2-CatGraph/results/AqTMK/02_template_guided_docking/complexes/AqTMK_8_complex.pdb,results/AqTMK/05_plip_interaction_graphs/plip_outputs/AqTMK_8/report.xml,hydrogen_bonds,O7,SER11A,1587,hydrogen_bonds,hydrogen_bond,ATP:B:1:O7,O7,ATP,B,1
AqTMK_8,/home/wms/AF2-test/AF2-CatGraph/results/AqTMK/02_template_guided_docking/complexes/AqTMK_8_complex.pdb,results/AqTMK/05_plip_interaction_graphs/plip_outputs/AqTMK_8/report.xml,hydrogen_bonds,O7,GLY12A,1587,hydrogen_bonds,hydrogen_bond,ATP:B:1:O7,O7,ATP,B,1
AqTMK_8,/home/wms/AF2-test/AF2-CatGraph/results/AqTMK/02_template_guided_docking/complexes/AqTMK_8_complex.pdb,results/AqTMK/05_plip_interaction_graphs/plip_outputs/AqTMK_8/report.xml,hydrogen_bonds,O7,LYS13A,1587,hydrogen_bonds,hydrogen_bond,ATP:B:1:O7,O7,ATP,B,1
AqTMK_8,/home/wms/AF2-test/AF2-CatGraph/results/AqTMK/02_template_guided_docking/complexes/AqTMK_8_complex.pdb,results/AqTMK/05_plip_interaction_graphs/plip_outputs/AqTMK_8/report.xml,hydrogen_bonds,O6,THR14A,1586,hydrogen_bonds,hydrogen_bond,ATP:B:1:O6,O6,ATP,B,1
AqTMK_8,/home/wms/AF2-test/AF2-CatGraph/results/AqTMK/02_template_guided_docking/complexes/AqTMK_8_complex.pdb,results/AqTMK/05_plip_interaction_graphs/plip_outputs/AqTMK_8/report.xml,hydrogen_bonds,O11,THR14A,1592,hydrogen_bonds,hydrogen_bond,ATP:B:1:O11,O11,ATP,B,1
AqTMK_8,/home/wms/AF2-test/AF2-CatGraph/results/AqTMK/02_template_guided_docking/complexes/AqTMK_8_complex.pdb,results/AqTMK/05_plip_interaction_graphs/plip_outputs/AqTMK_8/report.xml,hydrogen_bonds,O2,THR15A,1580,hydrogen_bonds,hydrogen_bond,ATP:B:1:O2,O2,ATP,B,1
AqTMK_8,/home/wms/AF2-test/AF2-CatGraph/results/AqTMK/02_template_guided_docking/complexes/AqTMK_8_complex.pdb,results/AqTMK/05_plip_interaction_graphs/plip_outputs/AqTMK_8/report.xml,hydrogen_bonds,O4,THR15A,1583,hydrogen_bonds,hydrogen_bond,ATP:B:1:O4,O4,ATP,B,1
AqTMK_8,/home/wms/AF2-test/AF2-CatGraph/results/AqTMK/02_template_guided_docking/complexes/AqTMK_8_complex.pdb,results/AqTMK/05_plip_interaction_graphs/plip_outputs/AqTMK_8/report.xml,hydrogen_bonds,O4,THR15A,1583,hydrogen_bonds,hydrogen_bond,ATP:B:1:O4,O4,ATP,B,1
AqTMK_8,/home/wms/AF2-test/AF2-CatGraph/results/AqTMK/02_template_guided_docking/complexes/AqTMK_8_complex.pdb,results/AqTMK/05_plip_interaction_graphs/plip_outputs/AqTMK_8/report.xml,salt_bridges,P2,LYS13A,1585,salt_bridges,salt_bridge,ATP:B:1:P2,P2,ATP,B,1
AqTMK_8,/home/wms/AF2-test/AF2-CatGraph/results/AqTMK/02_template_guided_docking/complexes/AqTMK_8_complex.pdb,results/AqTMK/05_plip_interaction_graphs/plip_outputs/AqTMK_8/report.xml,salt_bridges,P3,LYS13A,1589,salt_bridges,salt_bridge,ATP:B:1:P3,P3,ATP,B,1
AqTMK_8,/home/wms/AF2-test/AF2-CatGraph/results/AqTMK/02_template_guided_docking/complexes/AqTMK_8_complex.pdb,results/AqTMK/05_plip_interaction_graphs/plip_outputs/AqTMK_8/report.xml,salt_bridges,P3,ARG90A,1589,salt_bridges,salt_bridge,ATP:B:1:P3,P3,ATP,B,1
AqTMK_8,/home/wms/AF2-test/AF2-CatGraph/results/AqTMK/02_template_guided_docking/complexes/AqTMK_8_complex.pdb,results/AqTMK/05_plip_interaction_graphs/plip_outputs/AqTMK_8/report.xml,salt_bridges,P2,LYS143A,1585,salt_bridges,salt_bridge,ATP:B:1:P2,P2,ATP,B,1
AqTMK_8,/home/wms/AF2-test/AF2-CatGraph/results/AqTMK/02_template_guided_docking/complexes/AqTMK_8_complex.pdb,results/AqTMK/05_plip_interaction_graphs/plip_outputs/AqTMK_8/report.xml,salt_bridges,P1,LYS143A,1581,salt_bridges,salt_bridge,ATP:B:1:P1,P1,ATP,B,1
AqTMK_8,/home/wms/AF2-test/AF2-CatGraph/results/AqTMK/02_template_guided_docking/complexes/AqTMK_8_complex.pdb,results/AqTMK/05_plip_interaction_graphs/plip_outputs/AqTMK_8/report.xml,salt_bridges,P3,ARG145A,1589,salt_bridges,salt_bridge,ATP:B:1:P3,P3,ATP,B,1
AqTMK_8,/home/wms/AF2-test/AF2-CatGraph/results/AqTMK/02_template_guided_docking/complexes/AqTMK_8_complex.pdb,results/AqTMK/05_plip_interaction_graphs/plip_outputs/AqTMK_8/report.xml,metal_complexes,MG,THR14A,1599,metal_complexes,metal_complex,MG:B:203:MG,MG,MG,B,203
AqTMK_8,/home/wms/AF2-test/AF2-CatGraph/results/AqTMK/02_template_guided_docking/complexes/AqTMK_8_complex.pdb,results/AqTMK/05_plip_interaction_graphs/plip_outputs/AqTMK_8/report.xml,salt_bridges,P4,ARG47A,1595,salt_bridges,salt_bridge,TMP:C:1:P4,P4,TMP,C,1
AqTMK_8,/home/wms/AF2-test/AF2-CatGraph/results/AqTMK/02_template_guided_docking/complexes/AqTMK_8_complex.pdb,results/AqTMK/05_plip_interaction_graphs/plip_outputs/AqTMK_8/report.xml,salt_bridges,P4,ARG90A,1595,salt_bridges,salt_bridge,TMP:C:1:P4,P4,TMP,C,1
AqTMK_8,/home/wms/AF2-test/AF2-CatGraph/results/AqTMK/02_template_guided_docking/complexes/AqTMK_8_complex.pdb,results/AqTMK/05_plip_interaction_graphs/plip_outputs/AqTMK_8/report.xml,salt_bridges,P4,ARG145A,1595,salt_bridges,salt_bridge,TMP:C:1:P4,P4,TMP,C,1
AqTMK_9,/home/wms/AF2-test/AF2-CatGraph/results/AqTMK/02_template_guided_docking/complexes/AqTMK_9_complex.pdb,results/AqTMK/05_plip_interaction_graphs/plip_outputs/AqTMK_9/report.xml,hydrogen_bonds,O10,ASP9A,1591,hydrogen_bonds,hydrogen_bond,ATP:B:1:O10,O10,ATP,B,1
AqTMK_9,/home/wms/AF2-test/AF2-CatGraph/results/AqTMK/02_template_guided_docking/complexes/AqTMK_9_complex.pdb,results/AqTMK/05_plip_interaction_graphs/plip_outputs/AqTMK_9/report.xml,hydrogen_bonds,O8,GLY10A,1588,hydrogen_bonds,hydrogen_bond,ATP:B:1:O8,O8,ATP,B,1
AqTMK_9,/home/wms/AF2-test/AF2-CatGraph/results/AqTMK/02_template_guided_docking/complexes/AqTMK_9_complex.pdb,results/AqTMK/05_plip_interaction_graphs/plip_outputs/AqTMK_9/report.xml,hydrogen_bonds,O7,SER11A,1587,hydrogen_bonds,hydrogen_bond,ATP:B:1:O7,O7,ATP,B,1
AqTMK_9,/home/wms/AF2-test/AF2-CatGraph/results/AqTMK/02_template_guided_docking/complexes/AqTMK_9_complex.pdb,results/AqTMK/05_plip_interaction_graphs/plip_outputs/AqTMK_9/report.xml,hydrogen_bonds,O7,GLY12A,1587,hydrogen_bonds,hydrogen_bond,ATP:B:1:O7,O7,ATP,B,1
AqTMK_9,/home/wms/AF2-test/AF2-CatGraph/results/AqTMK/02_template_guided_docking/complexes/AqTMK_9_complex.pdb,results/AqTMK/05_plip_interaction_graphs/plip_outputs/AqTMK_9/report.xml,hydrogen_bonds,O7,LYS13A,1587,hydrogen_bonds,hydrogen_bond,ATP:B:1:O7,O7,ATP,B,1
AqTMK_9,/home/wms/AF2-test/AF2-CatGraph/results/AqTMK/02_template_guided_docking/complexes/AqTMK_9_complex.pdb,results/AqTMK/05_plip_interaction_graphs/plip_outputs/AqTMK_9/report.xml,hydrogen_bonds,O6,THR14A,1586,hydrogen_bonds,hydrogen_bond,ATP:B:1:O6,O6,ATP,B,1
AqTMK_9,/home/wms/AF2-test/AF2-CatGraph/results/AqTMK/02_template_guided_docking/complexes/AqTMK_9_complex.pdb,results/AqTMK/05_plip_interaction_graphs/plip_outputs/AqTMK_9/report.xml,hydrogen_bonds,O11,THR14A,1592,hydrogen_bonds,hydrogen_bond,ATP:B:1:O11,O11,ATP,B,1
AqTMK_9,/home/wms/AF2-test/AF2-CatGraph/results/AqTMK/02_template_guided_docking/complexes/AqTMK_9_complex.pdb,results/AqTMK/05_plip_interaction_graphs/plip_outputs/AqTMK_9/report.xml,hydrogen_bonds,O2,THR15A,1580,hydrogen_bonds,hydrogen_bond,ATP:B:1:O2,O2,ATP,B,1
AqTMK_9,/home/wms/AF2-test/AF2-CatGraph/results/AqTMK/02_template_guided_docking/complexes/AqTMK_9_complex.pdb,results/AqTMK/05_plip_interaction_graphs/plip_outputs/AqTMK_9/report.xml,hydrogen_bonds,O4,THR15A,1583,hydrogen_bonds,hydrogen_bond,ATP:B:1:O4,O4,ATP,B,1
AqTMK_9,/home/wms/AF2-test/AF2-CatGraph/results/AqTMK/02_template_guided_docking/complexes/AqTMK_9_complex.pdb,results/AqTMK/05_plip_interaction_graphs/plip_outputs/AqTMK_9/report.xml,hydrogen_bonds,O4,THR15A,1583,hydrogen_bonds,hydrogen_bond,ATP:B:1:O4,O4,ATP,B,1
AqTMK_9,/home/wms/AF2-test/AF2-CatGraph/results/AqTMK/02_template_guided_docking/complexes/AqTMK_9_complex.pdb,results/AqTMK/05_plip_interaction_graphs/plip_outputs/AqTMK_9/report.xml,salt_bridges,P2,LYS13A,1585,salt_bridges,salt_bridge,ATP:B:1:P2,P2,ATP,B,1
AqTMK_9,/home/wms/AF2-test/AF2-CatGraph/results/AqTMK/02_template_guided_docking/complexes/AqTMK_9_complex.pdb,results/AqTMK/05_plip_interaction_graphs/plip_outputs/AqTMK_9/report.xml,salt_bridges,P3,LYS13A,1589,salt_bridges,salt_bridge,ATP:B:1:P3,P3,ATP,B,1
AqTMK_9,/home/wms/AF2-test/AF2-CatGraph/results/AqTMK/02_template_guided_docking/complexes/AqTMK_9_complex.pdb,results/AqTMK/05_plip_interaction_graphs/plip_outputs/AqTMK_9/report.xml,salt_bridges,P3,ARG90A,1589,salt_bridges,salt_bridge,ATP:B:1:P3,P3,ATP,B,1
AqTMK_9,/home/wms/AF2-test/AF2-CatGraph/results/AqTMK/02_template_guided_docking/complexes/AqTMK_9_complex.pdb,results/AqTMK/05_plip_interaction_graphs/plip_outputs/AqTMK_9/report.xml,salt_bridges,P2,LYS143A,1585,salt_bridges,salt_bridge,ATP:B:1:P2,P2,ATP,B,1
AqTMK_9,/home/wms/AF2-test/AF2-CatGraph/results/AqTMK/02_template_guided_docking/complexes/AqTMK_9_complex.pdb,results/AqTMK/05_plip_interaction_graphs/plip_outputs/AqTMK_9/report.xml,salt_bridges,P1,LYS143A,1581,salt_bridges,salt_bridge,ATP:B:1:P1,P1,ATP,B,1
AqTMK_9,/home/wms/AF2-test/AF2-CatGraph/results/AqTMK/02_template_guided_docking/complexes/AqTMK_9_complex.pdb,results/AqTMK/05_plip_interaction_graphs/plip_outputs/AqTMK_9/report.xml,salt_bridges,P3,ARG145A,1589,salt_bridges,salt_bridge,ATP:B:1:P3,P3,ATP,B,1
AqTMK_9,/home/wms/AF2-test/AF2-CatGraph/results/AqTMK/02_template_guided_docking/complexes/AqTMK_9_complex.pdb,results/AqTMK/05_plip_interaction_graphs/plip_outputs/AqTMK_9/report.xml,metal_complexes,MG,THR14A,1599,metal_complexes,metal_complex,MG:B:203:MG,MG,MG,B,203
AqTMK_9,/home/wms/AF2-test/AF2-CatGraph/results/AqTMK/02_template_guided_docking/complexes/AqTMK_9_complex.pdb,results/AqTMK/05_plip_interaction_graphs/plip_outputs/AqTMK_9/report.xml,salt_bridges,P4,ARG90A,1595,salt_bridges,salt_bridge,TMP:C:1:P4,P4,TMP,C,1
AqTMK_9,/home/wms/AF2-test/AF2-CatGraph/results/AqTMK/02_template_guided_docking/complexes/AqTMK_9_complex.pdb,results/AqTMK/05_plip_interaction_graphs/plip_outputs/AqTMK_9/report.xml,salt_bridges,P4,ARG145A,1595,salt_bridges,salt_bridge,TMP:C:1:P4,P4,TMP,C,1
AqTMK_10,/home/wms/AF2-test/AF2-CatGraph/results/AqTMK/02_template_guided_docking/complexes/AqTMK_10_complex.pdb,results/AqTMK/05_plip_interaction_graphs/plip_outputs/AqTMK_10/report.xml,hydrogen_bonds,O10,ASP9A,1591,hydrogen_bonds,hydrogen_bond,ATP:B:1:O10,O10,ATP,B,1
AqTMK_10,/home/wms/AF2-test/AF2-CatGraph/results/AqTMK/02_template_guided_docking/complexes/AqTMK_10_complex.pdb,results/AqTMK/05_plip_interaction_graphs/plip_outputs/AqTMK_10/report.xml,hydrogen_bonds,O8,GLY10A,1588,hydrogen_bonds,hydrogen_bond,ATP:B:1:O8,O8,ATP,B,1
AqTMK_10,/home/wms/AF2-test/AF2-CatGraph/results/AqTMK/02_template_guided_docking/complexes/AqTMK_10_complex.pdb,results/AqTMK/05_plip_interaction_graphs/plip_outputs/AqTMK_10/report.xml,hydrogen_bonds,O7,SER11A,1587,hydrogen_bonds,hydrogen_bond,ATP:B:1:O7,O7,ATP,B,1
AqTMK_10,/home/wms/AF2-test/AF2-CatGraph/results/AqTMK/02_template_guided_docking/complexes/AqTMK_10_complex.pdb,results/AqTMK/05_plip_interaction_graphs/plip_outputs/AqTMK_10/report.xml,hydrogen_bonds,O7,GLY12A,1587,hydrogen_bonds,hydrogen_bond,ATP:B:1:O7,O7,ATP,B,1
AqTMK_10,/home/wms/AF2-test/AF2-CatGraph/results/AqTMK/02_template_guided_docking/complexes/AqTMK_10_complex.pdb,results/AqTMK/05_plip_interaction_graphs/plip_outputs/AqTMK_10/report.xml,hydrogen_bonds,O7,LYS13A,1587,hydrogen_bonds,hydrogen_bond,ATP:B:1:O7,O7,ATP,B,1
AqTMK_10,/home/wms/AF2-test/AF2-CatGraph/results/AqTMK/02_template_guided_docking/complexes/AqTMK_10_complex.pdb,results/AqTMK/05_plip_interaction_graphs/plip_outputs/AqTMK_10/report.xml,hydrogen_bonds,O6,THR14A,1586,hydrogen_bonds,hydrogen_bond,ATP:B:1:O6,O6,ATP,B,1
AqTMK_10,/home/wms/AF2-test/AF2-CatGraph/results/AqTMK/02_template_guided_docking/complexes/AqTMK_10_complex.pdb,results/AqTMK/05_plip_interaction_graphs/plip_outputs/AqTMK_10/report.xml,hydrogen_bonds,O11,THR14A,1592,hydrogen_bonds,hydrogen_bond,ATP:B:1:O11,O11,ATP,B,1
AqTMK_10,/home/wms/AF2-test/AF2-CatGraph/results/AqTMK/02_template_guided_docking/complexes/AqTMK_10_complex.pdb,results/AqTMK/05_plip_interaction_graphs/plip_outputs/AqTMK_10/report.xml,hydrogen_bonds,O2,THR15A,1580,hydrogen_bonds,hydrogen_bond,ATP:B:1:O2,O2,ATP,B,1
AqTMK_10,/home/wms/AF2-test/AF2-CatGraph/results/AqTMK/02_template_guided_docking/complexes/AqTMK_10_complex.pdb,results/AqTMK/05_plip_interaction_graphs/plip_outputs/AqTMK_10/report.xml,hydrogen_bonds,O4,THR15A,1583,hydrogen_bonds,hydrogen_bond,ATP:B:1:O4,O4,ATP,B,1
AqTMK_10,/home/wms/AF2-test/AF2-CatGraph/results/AqTMK/02_template_guided_docking/complexes/AqTMK_10_complex.pdb,results/AqTMK/05_plip_interaction_graphs/plip_outputs/AqTMK_10/report.xml,hydrogen_bonds,O4,THR15A,1583,hydrogen_bonds,hydrogen_bond,ATP:B:1:O4,O4,ATP,B,1
AqTMK_10,/home/wms/AF2-test/AF2-CatGraph/results/AqTMK/02_template_guided_docking/complexes/AqTMK_10_complex.pdb,results/AqTMK/05_plip_interaction_graphs/plip_outputs/AqTMK_10/report.xml,salt_bridges,P2,LYS13A,1585,salt_bridges,salt_bridge,ATP:B:1:P2,P2,ATP,B,1
AqTMK_10,/home/wms/AF2-test/AF2-CatGraph/results/AqTMK/02_template_guided_docking/complexes/AqTMK_10_complex.pdb,results/AqTMK/05_plip_interaction_graphs/plip_outputs/AqTMK_10/report.xml,salt_bridges,P3,LYS13A,1589,salt_bridges,salt_bridge,ATP:B:1:P3,P3,ATP,B,1
AqTMK_10,/home/wms/AF2-test/AF2-CatGraph/results/AqTMK/02_template_guided_docking/complexes/AqTMK_10_complex.pdb,results/AqTMK/05_plip_interaction_graphs/plip_outputs/AqTMK_10/report.xml,salt_bridges,P3,ARG90A,1589,salt_bridges,salt_bridge,ATP:B:1:P3,P3,ATP,B,1
AqTMK_10,/home/wms/AF2-test/AF2-CatGraph/results/AqTMK/02_template_guided_docking/complexes/AqTMK_10_complex.pdb,results/AqTMK/05_plip_interaction_graphs/plip_outputs/AqTMK_10/report.xml,salt_bridges,P2,LYS143A,1585,salt_bridges,salt_bridge,ATP:B:1:P2,P2,ATP,B,1
AqTMK_10,/home/wms/AF2-test/AF2-CatGraph/results/AqTMK/02_template_guided_docking/complexes/AqTMK_10_complex.pdb,results/AqTMK/05_plip_interaction_graphs/plip_outputs/AqTMK_10/report.xml,salt_bridges,P1,LYS143A,1581,salt_bridges,salt_bridge,ATP:B:1:P1,P1,ATP,B,1
AqTMK_10,/home/wms/AF2-test/AF2-CatGraph/results/AqTMK/02_template_guided_docking/complexes/AqTMK_10_complex.pdb,results/AqTMK/05_plip_interaction_graphs/plip_outputs/AqTMK_10/report.xml,salt_bridges,P3,LYS143A,1589,salt_bridges,salt_bridge,ATP:B:1:P3,P3,ATP,B,1
AqTMK_10,/home/wms/AF2-test/AF2-CatGraph/results/AqTMK/02_template_guided_docking/complexes/AqTMK_10_complex.pdb,results/AqTMK/05_plip_interaction_graphs/plip_outputs/AqTMK_10/report.xml,salt_bridges,P3,ARG145A,1589,salt_bridges,salt_bridge,ATP:B:1:P3,P3,ATP,B,1
AqTMK_10,/home/wms/AF2-test/AF2-CatGraph/results/AqTMK/02_template_guided_docking/complexes/AqTMK_10_complex.pdb,results/AqTMK/05_plip_interaction_graphs/plip_outputs/AqTMK_10/report.xml,metal_complexes,MG,THR14A,1599,metal_complexes,metal_complex,MG:B:203:MG,MG,MG,B,203
AqTMK_10,/home/wms/AF2-test/AF2-CatGraph/results/AqTMK/02_template_guided_docking/complexes/AqTMK_10_complex.pdb,results/AqTMK/05_plip_interaction_graphs/plip_outputs/AqTMK_10/report.xml,salt_bridges,P4,ARG47A,1595,salt_bridges,salt_bridge,TMP:C:1:P4,P4,TMP,C,1
AqTMK_10,/home/wms/AF2-test/AF2-CatGraph/results/AqTMK/02_template_guided_docking/complexes/AqTMK_10_complex.pdb,results/AqTMK/05_plip_interaction_graphs/plip_outputs/AqTMK_10/report.xml,salt_bridges,P4,ARG90A,1595,salt_bridges,salt_bridge,TMP:C:1:P4,P4,TMP,C,1
AqTMK_12,/home/wms/AF2-test/AF2-CatGraph/results/AqTMK/02_template_guided_docking/complexes/AqTMK_12_complex.pdb,results/AqTMK/05_plip_interaction_graphs/plip_outputs/AqTMK_12/report.xml,hydrogen_bonds,O10,ASP9A,1591,hydrogen_bonds,hydrogen_bond,ATP:B:1:O10,O10,ATP,B,1
AqTMK_12,/home/wms/AF2-test/AF2-CatGraph/results/AqTMK/02_template_guided_docking/complexes/AqTMK_12_complex.pdb,results/AqTMK/05_plip_interaction_graphs/plip_outputs/AqTMK_12/report.xml,hydrogen_bonds,O8,GLY10A,1588,hydrogen_bonds,hydrogen_bond,ATP:B:1:O8,O8,ATP,B,1
AqTMK_12,/home/wms/AF2-test/AF2-CatGraph/results/AqTMK/02_template_guided_docking/complexes/AqTMK_12_complex.pdb,results/AqTMK/05_plip_interaction_graphs/plip_outputs/AqTMK_12/report.xml,hydrogen_bonds,O7,SER11A,1587,hydrogen_bonds,hydrogen_bond,ATP:B:1:O7,O7,ATP,B,1
AqTMK_12,/home/wms/AF2-test/AF2-CatGraph/results/AqTMK/02_template_guided_docking/complexes/AqTMK_12_complex.pdb,results/AqTMK/05_plip_interaction_graphs/plip_outputs/AqTMK_12/report.xml,hydrogen_bonds,O7,GLY12A,1587,hydrogen_bonds,hydrogen_bond,ATP:B:1:O7,O7,ATP,B,1
AqTMK_12,/home/wms/AF2-test/AF2-CatGraph/results/AqTMK/02_template_guided_docking/complexes/AqTMK_12_complex.pdb,results/AqTMK/05_plip_interaction_graphs/plip_outputs/AqTMK_12/report.xml,hydrogen_bonds,O7,LYS13A,1587,hydrogen_bonds,hydrogen_bond,ATP:B:1:O7,O7,ATP,B,1
AqTMK_12,/home/wms/AF2-test/AF2-CatGraph/results/AqTMK/02_template_guided_docking/complexes/AqTMK_12_complex.pdb,results/AqTMK/05_plip_interaction_graphs/plip_outputs/AqTMK_12/report.xml,hydrogen_bonds,O6,THR14A,1586,hydrogen_bonds,hydrogen_bond,ATP:B:1:O6,O6,ATP,B,1
AqTMK_12,/home/wms/AF2-test/AF2-CatGraph/results/AqTMK/02_template_guided_docking/complexes/AqTMK_12_complex.pdb,results/AqTMK/05_plip_interaction_graphs/plip_outputs/AqTMK_12/report.xml,hydrogen_bonds,O11,THR14A,1592,hydrogen_bonds,hydrogen_bond,ATP:B:1:O11,O11,ATP,B,1
AqTMK_12,/home/wms/AF2-test/AF2-CatGraph/results/AqTMK/02_template_guided_docking/complexes/AqTMK_12_complex.pdb,results/AqTMK/05_plip_interaction_graphs/plip_outputs/AqTMK_12/report.xml,hydrogen_bonds,O2,THR15A,1580,hydrogen_bonds,hydrogen_bond,ATP:B:1:O2,O2,ATP,B,1
AqTMK_12,/home/wms/AF2-test/AF2-CatGraph/results/AqTMK/02_template_guided_docking/complexes/AqTMK_12_complex.pdb,results/AqTMK/05_plip_interaction_graphs/plip_outputs/AqTMK_12/report.xml,hydrogen_bonds,O4,THR15A,1583,hydrogen_bonds,hydrogen_bond,ATP:B:1:O4,O4,ATP,B,1
AqTMK_12,/home/wms/AF2-test/AF2-CatGraph/results/AqTMK/02_template_guided_docking/complexes/AqTMK_12_complex.pdb,results/AqTMK/05_plip_interaction_graphs/plip_outputs/AqTMK_12/report.xml,hydrogen_bonds,O4,THR15A,1583,hydrogen_bonds,hydrogen_bond,ATP:B:1:O4,O4,ATP,B,1
AqTMK_12,/home/wms/AF2-test/AF2-CatGraph/results/AqTMK/02_template_guided_docking/complexes/AqTMK_12_complex.pdb,results/AqTMK/05_plip_interaction_graphs/plip_outputs/AqTMK_12/report.xml,salt_bridges,P2,LYS13A,1585,salt_bridges,salt_bridge,ATP:B:1:P2,P2,ATP,B,1
AqTMK_12,/home/wms/AF2-test/AF2-CatGraph/results/AqTMK/02_template_guided_docking/complexes/AqTMK_12_complex.pdb,results/AqTMK/05_plip_interaction_graphs/plip_outputs/AqTMK_12/report.xml,salt_bridges,P3,LYS13A,1589,salt_bridges,salt_bridge,ATP:B:1:P3,P3,ATP,B,1
AqTMK_12,/home/wms/AF2-test/AF2-CatGraph/results/AqTMK/02_template_guided_docking/complexes/AqTMK_12_complex.pdb,results/AqTMK/05_plip_interaction_graphs/plip_outputs/AqTMK_12/report.xml,salt_bridges,P3,ARG90A,1589,salt_bridges,salt_bridge,ATP:B:1:P3,P3,ATP,B,1
AqTMK_12,/home/wms/AF2-test/AF2-CatGraph/results/AqTMK/02_template_guided_docking/complexes/AqTMK_12_complex.pdb,results/AqTMK/05_plip_interaction_graphs/plip_outputs/AqTMK_12/report.xml,salt_bridges,P2,LYS143A,1585,salt_bridges,salt_bridge,ATP:B:1:P2,P2,ATP,B,1
AqTMK_12,/home/wms/AF2-test/AF2-CatGraph/results/AqTMK/02_template_guided_docking/complexes/AqTMK_12_complex.pdb,results/AqTMK/05_plip_interaction_graphs/plip_outputs/AqTMK_12/report.xml,salt_bridges,P1,LYS143A,1581,salt_bridges,salt_bridge,ATP:B:1:P1,P1,ATP,B,1
AqTMK_12,/home/wms/AF2-test/AF2-CatGraph/results/AqTMK/02_template_guided_docking/complexes/AqTMK_12_complex.pdb,results/AqTMK/05_plip_interaction_graphs/plip_outputs/AqTMK_12/report.xml,salt_bridges,P3,LYS143A,1589,salt_bridges,salt_bridge,ATP:B:1:P3,P3,ATP,B,1
AqTMK_12,/home/wms/AF2-test/AF2-CatGraph/results/AqTMK/02_template_guided_docking/complexes/AqTMK_12_complex.pdb,results/AqTMK/05_plip_interaction_graphs/plip_outputs/AqTMK_12/report.xml,salt_bridges,P3,ARG145A,1589,salt_bridges,salt_bridge,ATP:B:1:P3,P3,ATP,B,1
AqTMK_12,/home/wms/AF2-test/AF2-CatGraph/results/AqTMK/02_template_guided_docking/complexes/AqTMK_12_complex.pdb,results/AqTMK/05_plip_interaction_graphs/plip_outputs/AqTMK_12/report.xml,metal_complexes,MG,THR14A,1599,metal_complexes,metal_complex,MG:B:203:MG,MG,MG,B,203
AqTMK_12,/home/wms/AF2-test/AF2-CatGraph/results/AqTMK/02_template_guided_docking/complexes/AqTMK_12_complex.pdb,results/AqTMK/05_plip_interaction_graphs/plip_outputs/AqTMK_12/report.xml,salt_bridges,P4,ARG47A,1595,salt_bridges,salt_bridge,TMP:C:1:P4,P4,TMP,C,1
AqTMK_12,/home/wms/AF2-test/AF2-CatGraph/results/AqTMK/02_template_guided_docking/complexes/AqTMK_12_complex.pdb,results/AqTMK/05_plip_interaction_graphs/plip_outputs/AqTMK_12/report.xml,salt_bridges,P4,ARG90A,1595,salt_bridges,salt_bridge,TMP:C:1:P4,P4,TMP,C,1
AqTMK_12,/home/wms/AF2-test/AF2-CatGraph/results/AqTMK/02_template_guided_docking/complexes/AqTMK_12_complex.pdb,results/AqTMK/05_plip_interaction_graphs/plip_outputs/AqTMK_12/report.xml,salt_bridges,P4,ARG145A,1595,salt_bridges,salt_bridge,TMP:C:1:P4,P4,TMP,C,1
AqTMK_13,/home/wms/AF2-test/AF2-CatGraph/results/AqTMK/02_template_guided_docking/complexes/AqTMK_13_complex.pdb,results/AqTMK/05_plip_interaction_graphs/plip_outputs/AqTMK_13/report.xml,hydrogen_bonds,O10,ASP9A,1591,hydrogen_bonds,hydrogen_bond,ATP:B:1:O10,O10,ATP,B,1
AqTMK_13,/home/wms/AF2-test/AF2-CatGraph/results/AqTMK/02_template_guided_docking/complexes/AqTMK_13_complex.pdb,results/AqTMK/05_plip_interaction_graphs/plip_outputs/AqTMK_13/report.xml,hydrogen_bonds,O8,GLY10A,1588,hydrogen_bonds,hydrogen_bond,ATP:B:1:O8,O8,ATP,B,1
AqTMK_13,/home/wms/AF2-test/AF2-CatGraph/results/AqTMK/02_template_guided_docking/complexes/AqTMK_13_complex.pdb,results/AqTMK/05_plip_interaction_graphs/plip_outputs/AqTMK_13/report.xml,hydrogen_bonds,O7,SER11A,1587,hydrogen_bonds,hydrogen_bond,ATP:B:1:O7,O7,ATP,B,1
AqTMK_13,/home/wms/AF2-test/AF2-CatGraph/results/AqTMK/02_template_guided_docking/complexes/AqTMK_13_complex.pdb,results/AqTMK/05_plip_interaction_graphs/plip_outputs/AqTMK_13/report.xml,hydrogen_bonds,O7,GLY12A,1587,hydrogen_bonds,hydrogen_bond,ATP:B:1:O7,O7,ATP,B,1
AqTMK_13,/home/wms/AF2-test/AF2-CatGraph/results/AqTMK/02_template_guided_docking/complexes/AqTMK_13_complex.pdb,results/AqTMK/05_plip_interaction_graphs/plip_outputs/AqTMK_13/report.xml,hydrogen_bonds,O7,LYS13A,1587,hydrogen_bonds,hydrogen_bond,ATP:B:1:O7,O7,ATP,B,1
AqTMK_13,/home/wms/AF2-test/AF2-CatGraph/results/AqTMK/02_template_guided_docking/complexes/AqTMK_13_complex.pdb,results/AqTMK/05_plip_interaction_graphs/plip_outputs/AqTMK_13/report.xml,hydrogen_bonds,O6,THR14A,1586,hydrogen_bonds,hydrogen_bond,ATP:B:1:O6,O6,ATP,B,1
AqTMK_13,/home/wms/AF2-test/AF2-CatGraph/results/AqTMK/02_template_guided_docking/complexes/AqTMK_13_complex.pdb,results/AqTMK/05_plip_interaction_graphs/plip_outputs/AqTMK_13/report.xml,hydrogen_bonds,O2,THR15A,1580,hydrogen_bonds,hydrogen_bond,ATP:B:1:O2,O2,ATP,B,1
AqTMK_13,/home/wms/AF2-test/AF2-CatGraph/results/AqTMK/02_template_guided_docking/complexes/AqTMK_13_complex.pdb,results/AqTMK/05_plip_interaction_graphs/plip_outputs/AqTMK_13/report.xml,hydrogen_bonds,O4,THR15A,1583,hydrogen_bonds,hydrogen_bond,ATP:B:1:O4,O4,ATP,B,1
AqTMK_13,/home/wms/AF2-test/AF2-CatGraph/results/AqTMK/02_template_guided_docking/complexes/AqTMK_13_complex.pdb,results/AqTMK/05_plip_interaction_graphs/plip_outputs/AqTMK_13/report.xml,hydrogen_bonds,O4,THR15A,1583,hydrogen_bonds,hydrogen_bond,ATP:B:1:O4,O4,ATP,B,1
AqTMK_13,/home/wms/AF2-test/AF2-CatGraph/results/AqTMK/02_template_guided_docking/complexes/AqTMK_13_complex.pdb,results/AqTMK/05_plip_interaction_graphs/plip_outputs/AqTMK_13/report.xml,salt_bridges,P2,LYS13A,1585,salt_bridges,salt_bridge,ATP:B:1:P2,P2,ATP,B,1
AqTMK_13,/home/wms/AF2-test/AF2-CatGraph/results/AqTMK/02_template_guided_docking/complexes/AqTMK_13_complex.pdb,results/AqTMK/05_plip_interaction_graphs/plip_outputs/AqTMK_13/report.xml,salt_bridges,P3,LYS13A,1589,salt_bridges,salt_bridge,ATP:B:1:P3,P3,ATP,B,1
AqTMK_13,/home/wms/AF2-test/AF2-CatGraph/results/AqTMK/02_template_guided_docking/complexes/AqTMK_13_complex.pdb,results/AqTMK/05_plip_interaction_graphs/plip_outputs/AqTMK_13/report.xml,salt_bridges,P3,ARG90A,1589,salt_bridges,salt_bridge,ATP:B:1:P3,P3,ATP,B,1
AqTMK_13,/home/wms/AF2-test/AF2-CatGraph/results/AqTMK/02_template_guided_docking/complexes/AqTMK_13_complex.pdb,results/AqTMK/05_plip_interaction_graphs/plip_outputs/AqTMK_13/report.xml,salt_bridges,P2,LYS143A,1585,salt_bridges,salt_bridge,ATP:B:1:P2,P2,ATP,B,1
AqTMK_13,/home/wms/AF2-test/AF2-CatGraph/results/AqTMK/02_template_guided_docking/complexes/AqTMK_13_complex.pdb,results/AqTMK/05_plip_interaction_graphs/plip_outputs/AqTMK_13/report.xml,salt_bridges,P1,LYS143A,1581,salt_bridges,salt_bridge,ATP:B:1:P1,P1,ATP,B,1
AqTMK_13,/home/wms/AF2-test/AF2-CatGraph/results/AqTMK/02_template_guided_docking/complexes/AqTMK_13_complex.pdb,results/AqTMK/05_plip_interaction_graphs/plip_outputs/AqTMK_13/report.xml,salt_bridges,P3,ARG145A,1589,salt_bridges,salt_bridge,ATP:B:1:P3,P3,ATP,B,1
AqTMK_13,/home/wms/AF2-test/AF2-CatGraph/results/AqTMK/02_template_guided_docking/complexes/AqTMK_13_complex.pdb,results/AqTMK/05_plip_interaction_graphs/plip_outputs/AqTMK_13/report.xml,metal_complexes,MG,THR14A,1599,metal_complexes,metal_complex,MG:B:203:MG,MG,MG,B,203
AqTMK_13,/home/wms/AF2-test/AF2-CatGraph/results/AqTMK/02_template_guided_docking/complexes/AqTMK_13_complex.pdb,results/AqTMK/05_plip_interaction_graphs/plip_outputs/AqTMK_13/report.xml,salt_bridges,P4,ARG47A,1595,salt_bridges,salt_bridge,TMP:C:1:P4,P4,TMP,C,1
AqTMK_13,/home/wms/AF2-test/AF2-CatGraph/results/AqTMK/02_template_guided_docking/complexes/AqTMK_13_complex.pdb,results/AqTMK/05_plip_interaction_graphs/plip_outputs/AqTMK_13/report.xml,salt_bridges,P4,ARG90A,1595,salt_bridges,salt_bridge,TMP:C:1:P4,P4,TMP,C,1
AqTMK_13,/home/wms/AF2-test/AF2-CatGraph/results/AqTMK/02_template_guided_docking/complexes/AqTMK_13_complex.pdb,results/AqTMK/05_plip_interaction_graphs/plip_outputs/AqTMK_13/report.xml,salt_bridges,P4,ARG145A,1595,salt_bridges,salt_bridge,TMP:C:1:P4,P4,TMP,C,1
AqTMK_14,/home/wms/AF2-test/AF2-CatGraph/results/AqTMK/02_template_guided_docking/complexes/AqTMK_14_complex.pdb,results/AqTMK/05_plip_interaction_graphs/plip_outputs/AqTMK_14/report.xml,hydrogen_bonds,O10,ASP9A,1591,hydrogen_bonds,hydrogen_bond,ATP:B:1:O10,O10,ATP,B,1
AqTMK_14,/home/wms/AF2-test/AF2-CatGraph/results/AqTMK/02_template_guided_docking/complexes/AqTMK_14_complex.pdb,results/AqTMK/05_plip_interaction_graphs/plip_outputs/AqTMK_14/report.xml,hydrogen_bonds,O8,GLY10A,1588,hydrogen_bonds,hydrogen_bond,ATP:B:1:O8,O8,ATP,B,1
AqTMK_14,/home/wms/AF2-test/AF2-CatGraph/results/AqTMK/02_template_guided_docking/complexes/AqTMK_14_complex.pdb,results/AqTMK/05_plip_interaction_graphs/plip_outputs/AqTMK_14/report.xml,hydrogen_bonds,O7,SER11A,1587,hydrogen_bonds,hydrogen_bond,ATP:B:1:O7,O7,ATP,B,1
AqTMK_14,/home/wms/AF2-test/AF2-CatGraph/results/AqTMK/02_template_guided_docking/complexes/AqTMK_14_complex.pdb,results/AqTMK/05_plip_interaction_graphs/plip_outputs/AqTMK_14/report.xml,hydrogen_bonds,O7,GLY12A,1587,hydrogen_bonds,hydrogen_bond,ATP:B:1:O7,O7,ATP,B,1
AqTMK_14,/home/wms/AF2-test/AF2-CatGraph/results/AqTMK/02_template_guided_docking/complexes/AqTMK_14_complex.pdb,results/AqTMK/05_plip_interaction_graphs/plip_outputs/AqTMK_14/report.xml,hydrogen_bonds,O7,LYS13A,1587,hydrogen_bonds,hydrogen_bond,ATP:B:1:O7,O7,ATP,B,1
AqTMK_14,/home/wms/AF2-test/AF2-CatGraph/results/AqTMK/02_template_guided_docking/complexes/AqTMK_14_complex.pdb,results/AqTMK/05_plip_interaction_graphs/plip_outputs/AqTMK_14/report.xml,hydrogen_bonds,O6,THR14A,1586,hydrogen_bonds,hydrogen_bond,ATP:B:1:O6,O6,ATP,B,1
AqTMK_14,/home/wms/AF2-test/AF2-CatGraph/results/AqTMK/02_template_guided_docking/complexes/AqTMK_14_complex.pdb,results/AqTMK/05_plip_interaction_graphs/plip_outputs/AqTMK_14/report.xml,hydrogen_bonds,O2,THR15A,1580,hydrogen_bonds,hydrogen_bond,ATP:B:1:O2,O2,ATP,B,1
AqTMK_14,/home/wms/AF2-test/AF2-CatGraph/results/AqTMK/02_template_guided_docking/complexes/AqTMK_14_complex.pdb,results/AqTMK/05_plip_interaction_graphs/plip_outputs/AqTMK_14/report.xml,hydrogen_bonds,O4,THR15A,1583,hydrogen_bonds,hydrogen_bond,ATP:B:1:O4,O4,ATP,B,1
AqTMK_14,/home/wms/AF2-test/AF2-CatGraph/results/AqTMK/02_template_guided_docking/complexes/AqTMK_14_complex.pdb,results/AqTMK/05_plip_interaction_graphs/plip_outputs/AqTMK_14/report.xml,hydrogen_bonds,O4,THR15A,1583,hydrogen_bonds,hydrogen_bond,ATP:B:1:O4,O4,ATP,B,1
AqTMK_14,/home/wms/AF2-test/AF2-CatGraph/results/AqTMK/02_template_guided_docking/complexes/AqTMK_14_complex.pdb,results/AqTMK/05_plip_interaction_graphs/plip_outputs/AqTMK_14/report.xml,hydrogen_bonds,O9,ARG145A,1590,hydrogen_bonds,hydrogen_bond,ATP:B:1:O9,O9,ATP,B,1
AqTMK_14,/home/wms/AF2-test/AF2-CatGraph/results/AqTMK/02_template_guided_docking/complexes/AqTMK_14_complex.pdb,results/AqTMK/05_plip_interaction_graphs/plip_outputs/AqTMK_14/report.xml,salt_bridges,P2,LYS13A,1585,salt_bridges,salt_bridge,ATP:B:1:P2,P2,ATP,B,1
AqTMK_14,/home/wms/AF2-test/AF2-CatGraph/results/AqTMK/02_template_guided_docking/complexes/AqTMK_14_complex.pdb,results/AqTMK/05_plip_interaction_graphs/plip_outputs/AqTMK_14/report.xml,salt_bridges,P3,LYS13A,1589,salt_bridges,salt_bridge,ATP:B:1:P3,P3,ATP,B,1
AqTMK_14,/home/wms/AF2-test/AF2-CatGraph/results/AqTMK/02_template_guided_docking/complexes/AqTMK_14_complex.pdb,results/AqTMK/05_plip_interaction_graphs/plip_outputs/AqTMK_14/report.xml,salt_bridges,P3,ARG90A,1589,salt_bridges,salt_bridge,ATP:B:1:P3,P3,ATP,B,1
AqTMK_14,/home/wms/AF2-test/AF2-CatGraph/results/AqTMK/02_template_guided_docking/complexes/AqTMK_14_complex.pdb,results/AqTMK/05_plip_interaction_graphs/plip_outputs/AqTMK_14/report.xml,salt_bridges,P2,LYS143A,1585,salt_bridges,salt_bridge,ATP:B:1:P2,P2,ATP,B,1
AqTMK_14,/home/wms/AF2-test/AF2-CatGraph/results/AqTMK/02_template_guided_docking/complexes/AqTMK_14_complex.pdb,results/AqTMK/05_plip_interaction_graphs/plip_outputs/AqTMK_14/report.xml,salt_bridges,P1,LYS143A,1581,salt_bridges,salt_bridge,ATP:B:1:P1,P1,ATP,B,1
AqTMK_14,/home/wms/AF2-test/AF2-CatGraph/results/AqTMK/02_template_guided_docking/complexes/AqTMK_14_complex.pdb,results/AqTMK/05_plip_interaction_graphs/plip_outputs/AqTMK_14/report.xml,metal_complexes,MG,THR14A,1599,metal_complexes,metal_complex,MG:B:203:MG,MG,MG,B,203
AqTMK_14,/home/wms/AF2-test/AF2-CatGraph/results/AqTMK/02_template_guided_docking/complexes/AqTMK_14_complex.pdb,results/AqTMK/05_plip_interaction_graphs/plip_outputs/AqTMK_14/report.xml,salt_bridges,P4,ARG47A,1595,salt_bridges,salt_bridge,TMP:C:1:P4,P4,TMP,C,1
AqTMK_14,/home/wms/AF2-test/AF2-CatGraph/results/AqTMK/02_template_guided_docking/complexes/AqTMK_14_complex.pdb,results/AqTMK/05_plip_interaction_graphs/plip_outputs/AqTMK_14/report.xml,salt_bridges,P4,ARG90A,1595,salt_bridges,salt_bridge,TMP:C:1:P4,P4,TMP,C,1
AqTMK_15,/home/wms/AF2-test/AF2-CatGraph/results/AqTMK/02_template_guided_docking/complexes/AqTMK_15_complex.pdb,results/AqTMK/05_plip_interaction_graphs/plip_outputs/AqTMK_15/report.xml,hydrogen_bonds,O10,ASP9A,1591,hydrogen_bonds,hydrogen_bond,ATP:B:1:O10,O10,ATP,B,1
AqTMK_15,/home/wms/AF2-test/AF2-CatGraph/results/AqTMK/02_template_guided_docking/complexes/AqTMK_15_complex.pdb,results/AqTMK/05_plip_interaction_graphs/plip_outputs/AqTMK_15/report.xml,hydrogen_bonds,O8,GLY10A,1588,hydrogen_bonds,hydrogen_bond,ATP:B:1:O8,O8,ATP,B,1
AqTMK_15,/home/wms/AF2-test/AF2-CatGraph/results/AqTMK/02_template_guided_docking/complexes/AqTMK_15_complex.pdb,results/AqTMK/05_plip_interaction_graphs/plip_outputs/AqTMK_15/report.xml,hydrogen_bonds,O7,SER11A,1587,hydrogen_bonds,hydrogen_bond,ATP:B:1:O7,O7,ATP,B,1
AqTMK_15,/home/wms/AF2-test/AF2-CatGraph/results/AqTMK/02_template_guided_docking/complexes/AqTMK_15_complex.pdb,results/AqTMK/05_plip_interaction_graphs/plip_outputs/AqTMK_15/report.xml,hydrogen_bonds,O7,GLY12A,1587,hydrogen_bonds,hydrogen_bond,ATP:B:1:O7,O7,ATP,B,1
AqTMK_15,/home/wms/AF2-test/AF2-CatGraph/results/AqTMK/02_template_guided_docking/complexes/AqTMK_15_complex.pdb,results/AqTMK/05_plip_interaction_graphs/plip_outputs/AqTMK_15/report.xml,hydrogen_bonds,O7,LYS13A,1587,hydrogen_bonds,hydrogen_bond,ATP:B:1:O7,O7,ATP,B,1
AqTMK_15,/home/wms/AF2-test/AF2-CatGraph/results/AqTMK/02_template_guided_docking/complexes/AqTMK_15_complex.pdb,results/AqTMK/05_plip_interaction_graphs/plip_outputs/AqTMK_15/report.xml,hydrogen_bonds,O6,THR14A,1586,hydrogen_bonds,hydrogen_bond,ATP:B:1:O6,O6,ATP,B,1
AqTMK_15,/home/wms/AF2-test/AF2-CatGraph/results/AqTMK/02_template_guided_docking/complexes/AqTMK_15_complex.pdb,results/AqTMK/05_plip_interaction_graphs/plip_outputs/AqTMK_15/report.xml,hydrogen_bonds,O11,THR14A,1592,hydrogen_bonds,hydrogen_bond,ATP:B:1:O11,O11,ATP,B,1
AqTMK_15,/home/wms/AF2-test/AF2-CatGraph/results/AqTMK/02_template_guided_docking/complexes/AqTMK_15_complex.pdb,results/AqTMK/05_plip_interaction_graphs/plip_outputs/AqTMK_15/report.xml,hydrogen_bonds,O2,THR15A,1580,hydrogen_bonds,hydrogen_bond,ATP:B:1:O2,O2,ATP,B,1
AqTMK_15,/home/wms/AF2-test/AF2-CatGraph/results/AqTMK/02_template_guided_docking/complexes/AqTMK_15_complex.pdb,results/AqTMK/05_plip_interaction_graphs/plip_outputs/AqTMK_15/report.xml,hydrogen_bonds,O4,THR15A,1583,hydrogen_bonds,hydrogen_bond,ATP:B:1:O4,O4,ATP,B,1
AqTMK_15,/home/wms/AF2-test/AF2-CatGraph/results/AqTMK/02_template_guided_docking/complexes/AqTMK_15_complex.pdb,results/AqTMK/05_plip_interaction_graphs/plip_outputs/AqTMK_15/report.xml,hydrogen_bonds,O4,THR15A,1583,hydrogen_bonds,hydrogen_bond,ATP:B:1:O4,O4,ATP,B,1
AqTMK_15,/home/wms/AF2-test/AF2-CatGraph/results/AqTMK/02_template_guided_docking/complexes/AqTMK_15_complex.pdb,results/AqTMK/05_plip_interaction_graphs/plip_outputs/AqTMK_15/report.xml,salt_bridges,P2,LYS13A,1585,salt_bridges,salt_bridge,ATP:B:1:P2,P2,ATP,B,1
AqTMK_15,/home/wms/AF2-test/AF2-CatGraph/results/AqTMK/02_template_guided_docking/complexes/AqTMK_15_complex.pdb,results/AqTMK/05_plip_interaction_graphs/plip_outputs/AqTMK_15/report.xml,salt_bridges,P3,LYS13A,1589,salt_bridges,salt_bridge,ATP:B:1:P3,P3,ATP,B,1
AqTMK_15,/home/wms/AF2-test/AF2-CatGraph/results/AqTMK/02_template_guided_docking/complexes/AqTMK_15_complex.pdb,results/AqTMK/05_plip_interaction_graphs/plip_outputs/AqTMK_15/report.xml,salt_bridges,P3,ARG90A,1589,salt_bridges,salt_bridge,ATP:B:1:P3,P3,ATP,B,1
AqTMK_15,/home/wms/AF2-test/AF2-CatGraph/results/AqTMK/02_template_guided_docking/complexes/AqTMK_15_complex.pdb,results/AqTMK/05_plip_interaction_graphs/plip_outputs/AqTMK_15/report.xml,salt_bridges,P2,LYS143A,1585,salt_bridges,salt_bridge,ATP:B:1:P2,P2,ATP,B,1
AqTMK_15,/home/wms/AF2-test/AF2-CatGraph/results/AqTMK/02_template_guided_docking/complexes/AqTMK_15_complex.pdb,results/AqTMK/05_plip_interaction_graphs/plip_outputs/AqTMK_15/report.xml,salt_bridges,P1,LYS143A,1581,salt_bridges,salt_bridge,ATP:B:1:P1,P1,ATP,B,1
AqTMK_15,/home/wms/AF2-test/AF2-CatGraph/results/AqTMK/02_template_guided_docking/complexes/AqTMK_15_complex.pdb,results/AqTMK/05_plip_interaction_graphs/plip_outputs/AqTMK_15/report.xml,salt_bridges,P3,ARG145A,1589,salt_bridges,salt_bridge,ATP:B:1:P3,P3,ATP,B,1
AqTMK_15,/home/wms/AF2-test/AF2-CatGraph/results/AqTMK/02_template_guided_docking/complexes/AqTMK_15_complex.pdb,results/AqTMK/05_plip_interaction_graphs/plip_outputs/AqTMK_15/report.xml,metal_complexes,MG,THR14A,1599,metal_complexes,metal_complex,MG:B:203:MG,MG,MG,B,203
AqTMK_15,/home/wms/AF2-test/AF2-CatGraph/results/AqTMK/02_template_guided_docking/complexes/AqTMK_15_complex.pdb,results/AqTMK/05_plip_interaction_graphs/plip_outputs/AqTMK_15/report.xml,hydrogen_bonds,O14,ARG47A,1597,hydrogen_bonds,hydrogen_bond,TMP:C:1:O14,O14,TMP,C,1
AqTMK_15,/home/wms/AF2-test/AF2-CatGraph/results/AqTMK/02_template_guided_docking/complexes/AqTMK_15_complex.pdb,results/AqTMK/05_plip_interaction_graphs/plip_outputs/AqTMK_15/report.xml,salt_bridges,P4,ARG90A,1595,salt_bridges,salt_bridge,TMP:C:1:P4,P4,TMP,C,1
AqTMK_16,/home/wms/AF2-test/AF2-CatGraph/results/AqTMK/02_template_guided_docking/complexes/AqTMK_16_complex.pdb,results/AqTMK/05_plip_interaction_graphs/plip_outputs/AqTMK_16/report.xml,hydrogen_bonds,O10,ASP9A,1591,hydrogen_bonds,hydrogen_bond,ATP:B:1:O10,O10,ATP,B,1
AqTMK_16,/home/wms/AF2-test/AF2-CatGraph/results/AqTMK/02_template_guided_docking/complexes/AqTMK_16_complex.pdb,results/AqTMK/05_plip_interaction_graphs/plip_outputs/AqTMK_16/report.xml,hydrogen_bonds,O8,GLY10A,1588,hydrogen_bonds,hydrogen_bond,ATP:B:1:O8,O8,ATP,B,1
AqTMK_16,/home/wms/AF2-test/AF2-CatGraph/results/AqTMK/02_template_guided_docking/complexes/AqTMK_16_complex.pdb,results/AqTMK/05_plip_interaction_graphs/plip_outputs/AqTMK_16/report.xml,hydrogen_bonds,O8,SER11A,1588,hydrogen_bonds,hydrogen_bond,ATP:B:1:O8,O8,ATP,B,1
AqTMK_16,/home/wms/AF2-test/AF2-CatGraph/results/AqTMK/02_template_guided_docking/complexes/AqTMK_16_complex.pdb,results/AqTMK/05_plip_interaction_graphs/plip_outputs/AqTMK_16/report.xml,hydrogen_bonds,O7,GLY12A,1587,hydrogen_bonds,hydrogen_bond,ATP:B:1:O7,O7,ATP,B,1
AqTMK_16,/home/wms/AF2-test/AF2-CatGraph/results/AqTMK/02_template_guided_docking/complexes/AqTMK_16_complex.pdb,results/AqTMK/05_plip_interaction_graphs/plip_outputs/AqTMK_16/report.xml,hydrogen_bonds,O7,LYS13A,1587,hydrogen_bonds,hydrogen_bond,ATP:B:1:O7,O7,ATP,B,1
AqTMK_16,/home/wms/AF2-test/AF2-CatGraph/results/AqTMK/02_template_guided_docking/complexes/AqTMK_16_complex.pdb,results/AqTMK/05_plip_interaction_graphs/plip_outputs/AqTMK_16/report.xml,hydrogen_bonds,O6,THR14A,1586,hydrogen_bonds,hydrogen_bond,ATP:B:1:O6,O6,ATP,B,1
AqTMK_16,/home/wms/AF2-test/AF2-CatGraph/results/AqTMK/02_template_guided_docking/complexes/AqTMK_16_complex.pdb,results/AqTMK/05_plip_interaction_graphs/plip_outputs/AqTMK_16/report.xml,hydrogen_bonds,O2,THR15A,1580,hydrogen_bonds,hydrogen_bond,ATP:B:1:O2,O2,ATP,B,1
AqTMK_16,/home/wms/AF2-test/AF2-CatGraph/results/AqTMK/02_template_guided_docking/complexes/AqTMK_16_complex.pdb,results/AqTMK/05_plip_interaction_graphs/plip_outputs/AqTMK_16/report.xml,hydrogen_bonds,O4,THR15A,1583,hydrogen_bonds,hydrogen_bond,ATP:B:1:O4,O4,ATP,B,1
AqTMK_16,/home/wms/AF2-test/AF2-CatGraph/results/AqTMK/02_template_guided_docking/complexes/AqTMK_16_complex.pdb,results/AqTMK/05_plip_interaction_graphs/plip_outputs/AqTMK_16/report.xml,hydrogen_bonds,O4,THR15A,1583,hydrogen_bonds,hydrogen_bond,ATP:B:1:O4,O4,ATP,B,1
AqTMK_16,/home/wms/AF2-test/AF2-CatGraph/results/AqTMK/02_template_guided_docking/complexes/AqTMK_16_complex.pdb,results/AqTMK/05_plip_interaction_graphs/plip_outputs/AqTMK_16/report.xml,salt_bridges,P2,LYS13A,1585,salt_bridges,salt_bridge,ATP:B:1:P2,P2,ATP,B,1
AqTMK_16,/home/wms/AF2-test/AF2-CatGraph/results/AqTMK/02_template_guided_docking/complexes/AqTMK_16_complex.pdb,results/AqTMK/05_plip_interaction_graphs/plip_outputs/AqTMK_16/report.xml,salt_bridges,P3,LYS13A,1589,salt_bridges,salt_bridge,ATP:B:1:P3,P3,ATP,B,1
AqTMK_16,/home/wms/AF2-test/AF2-CatGraph/results/AqTMK/02_template_guided_docking/complexes/AqTMK_16_complex.pdb,results/AqTMK/05_plip_interaction_graphs/plip_outputs/AqTMK_16/report.xml,salt_bridges,P3,ARG90A,1589,salt_bridges,salt_bridge,ATP:B:1:P3,P3,ATP,B,1
AqTMK_16,/home/wms/AF2-test/AF2-CatGraph/results/AqTMK/02_template_guided_docking/complexes/AqTMK_16_complex.pdb,results/AqTMK/05_plip_interaction_graphs/plip_outputs/AqTMK_16/report.xml,salt_bridges,P2,LYS143A,1585,salt_bridges,salt_bridge,ATP:B:1:P2,P2,ATP,B,1
AqTMK_16,/home/wms/AF2-test/AF2-CatGraph/results/AqTMK/02_template_guided_docking/complexes/AqTMK_16_complex.pdb,results/AqTMK/05_plip_interaction_graphs/plip_outputs/AqTMK_16/report.xml,salt_bridges,P1,LYS143A,1581,salt_bridges,salt_bridge,ATP:B:1:P1,P1,ATP,B,1
AqTMK_16,/home/wms/AF2-test/AF2-CatGraph/results/AqTMK/02_template_guided_docking/complexes/AqTMK_16_complex.pdb,results/AqTMK/05_plip_interaction_graphs/plip_outputs/AqTMK_16/report.xml,salt_bridges,P3,LYS143A,1589,salt_bridges,salt_bridge,ATP:B:1:P3,P3,ATP,B,1
AqTMK_16,/home/wms/AF2-test/AF2-CatGraph/results/AqTMK/02_template_guided_docking/complexes/AqTMK_16_complex.pdb,results/AqTMK/05_plip_interaction_graphs/plip_outputs/AqTMK_16/report.xml,salt_bridges,P3,ARG145A,1589,salt_bridges,salt_bridge,ATP:B:1:P3,P3,ATP,B,1
AqTMK_16,/home/wms/AF2-test/AF2-CatGraph/results/AqTMK/02_template_guided_docking/complexes/AqTMK_16_complex.pdb,results/AqTMK/05_plip_interaction_graphs/plip_outputs/AqTMK_16/report.xml,metal_complexes,MG,THR14A,1599,metal_complexes,metal_complex,MG:B:203:MG,MG,MG,B,203
AqTMK_16,/home/wms/AF2-test/AF2-CatGraph/results/AqTMK/02_template_guided_docking/complexes/AqTMK_16_complex.pdb,results/AqTMK/05_plip_interaction_graphs/plip_outputs/AqTMK_16/report.xml,salt_bridges,P4,ARG47A,1595,salt_bridges,salt_bridge,TMP:C:1:P4,P4,TMP,C,1
AqTMK_16,/home/wms/AF2-test/AF2-CatGraph/results/AqTMK/02_template_guided_docking/complexes/AqTMK_16_complex.pdb,results/AqTMK/05_plip_interaction_graphs/plip_outputs/AqTMK_16/report.xml,salt_bridges,P4,ARG90A,1595,salt_bridges,salt_bridge,TMP:C:1:P4,P4,TMP,C,1
AqTMK_16,/home/wms/AF2-test/AF2-CatGraph/results/AqTMK/02_template_guided_docking/complexes/AqTMK_16_complex.pdb,results/AqTMK/05_plip_interaction_graphs/plip_outputs/AqTMK_16/report.xml,salt_bridges,P4,ARG145A,1595,salt_bridges,salt_bridge,TMP:C:1:P4,P4,TMP,C,1
AqTMK_17,/home/wms/AF2-test/AF2-CatGraph/results/AqTMK/02_template_guided_docking/complexes/AqTMK_17_complex.pdb,results/AqTMK/05_plip_interaction_graphs/plip_outputs/AqTMK_17/report.xml,hydrogen_bonds,O10,ASP9A,1591,hydrogen_bonds,hydrogen_bond,ATP:B:1:O10,O10,ATP,B,1
AqTMK_17,/home/wms/AF2-test/AF2-CatGraph/results/AqTMK/02_template_guided_docking/complexes/AqTMK_17_complex.pdb,results/AqTMK/05_plip_interaction_graphs/plip_outputs/AqTMK_17/report.xml,hydrogen_bonds,O8,GLY10A,1588,hydrogen_bonds,hydrogen_bond,ATP:B:1:O8,O8,ATP,B,1
AqTMK_17,/home/wms/AF2-test/AF2-CatGraph/results/AqTMK/02_template_guided_docking/complexes/AqTMK_17_complex.pdb,results/AqTMK/05_plip_interaction_graphs/plip_outputs/AqTMK_17/report.xml,hydrogen_bonds,O8,SER11A,1588,hydrogen_bonds,hydrogen_bond,ATP:B:1:O8,O8,ATP,B,1
AqTMK_17,/home/wms/AF2-test/AF2-CatGraph/results/AqTMK/02_template_guided_docking/complexes/AqTMK_17_complex.pdb,results/AqTMK/05_plip_interaction_graphs/plip_outputs/AqTMK_17/report.xml,hydrogen_bonds,O5,GLY12A,1584,hydrogen_bonds,hydrogen_bond,ATP:B:1:O5,O5,ATP,B,1
AqTMK_17,/home/wms/AF2-test/AF2-CatGraph/results/AqTMK/02_template_guided_docking/complexes/AqTMK_17_complex.pdb,results/AqTMK/05_plip_interaction_graphs/plip_outputs/AqTMK_17/report.xml,hydrogen_bonds,O7,LYS13A,1587,hydrogen_bonds,hydrogen_bond,ATP:B:1:O7,O7,ATP,B,1
AqTMK_17,/home/wms/AF2-test/AF2-CatGraph/results/AqTMK/02_template_guided_docking/complexes/AqTMK_17_complex.pdb,results/AqTMK/05_plip_interaction_graphs/plip_outputs/AqTMK_17/report.xml,hydrogen_bonds,O6,THR14A,1586,hydrogen_bonds,hydrogen_bond,ATP:B:1:O6,O6,ATP,B,1
AqTMK_17,/home/wms/AF2-test/AF2-CatGraph/results/AqTMK/02_template_guided_docking/complexes/AqTMK_17_complex.pdb,results/AqTMK/05_plip_interaction_graphs/plip_outputs/AqTMK_17/report.xml,hydrogen_bonds,O2,THR15A,1580,hydrogen_bonds,hydrogen_bond,ATP:B:1:O2,O2,ATP,B,1
AqTMK_17,/home/wms/AF2-test/AF2-CatGraph/results/AqTMK/02_template_guided_docking/complexes/AqTMK_17_complex.pdb,results/AqTMK/05_plip_interaction_graphs/plip_outputs/AqTMK_17/report.xml,hydrogen_bonds,O4,THR15A,1583,hydrogen_bonds,hydrogen_bond,ATP:B:1:O4,O4,ATP,B,1
AqTMK_17,/home/wms/AF2-test/AF2-CatGraph/results/AqTMK/02_template_guided_docking/complexes/AqTMK_17_complex.pdb,results/AqTMK/05_plip_interaction_graphs/plip_outputs/AqTMK_17/report.xml,hydrogen_bonds,O4,THR15A,1583,hydrogen_bonds,hydrogen_bond,ATP:B:1:O4,O4,ATP,B,1
AqTMK_17,/home/wms/AF2-test/AF2-CatGraph/results/AqTMK/02_template_guided_docking/complexes/AqTMK_17_complex.pdb,results/AqTMK/05_plip_interaction_graphs/plip_outputs/AqTMK_17/report.xml,salt_bridges,P2,LYS13A,1585,salt_bridges,salt_bridge,ATP:B:1:P2,P2,ATP,B,1
AqTMK_17,/home/wms/AF2-test/AF2-CatGraph/results/AqTMK/02_template_guided_docking/complexes/AqTMK_17_complex.pdb,results/AqTMK/05_plip_interaction_graphs/plip_outputs/AqTMK_17/report.xml,salt_bridges,P3,LYS13A,1589,salt_bridges,salt_bridge,ATP:B:1:P3,P3,ATP,B,1
AqTMK_17,/home/wms/AF2-test/AF2-CatGraph/results/AqTMK/02_template_guided_docking/complexes/AqTMK_17_complex.pdb,results/AqTMK/05_plip_interaction_graphs/plip_outputs/AqTMK_17/report.xml,salt_bridges,P3,ARG90A,1589,salt_bridges,salt_bridge,ATP:B:1:P3,P3,ATP,B,1
AqTMK_17,/home/wms/AF2-test/AF2-CatGraph/results/AqTMK/02_template_guided_docking/complexes/AqTMK_17_complex.pdb,results/AqTMK/05_plip_interaction_graphs/plip_outputs/AqTMK_17/report.xml,salt_bridges,P2,LYS143A,1585,salt_bridges,salt_bridge,ATP:B:1:P2,P2,ATP,B,1
AqTMK_17,/home/wms/AF2-test/AF2-CatGraph/results/AqTMK/02_template_guided_docking/complexes/AqTMK_17_complex.pdb,results/AqTMK/05_plip_interaction_graphs/plip_outputs/AqTMK_17/report.xml,salt_bridges,P1,LYS143A,1581,salt_bridges,salt_bridge,ATP:B:1:P1,P1,ATP,B,1
AqTMK_17,/home/wms/AF2-test/AF2-CatGraph/results/AqTMK/02_template_guided_docking/complexes/AqTMK_17_complex.pdb,results/AqTMK/05_plip_interaction_graphs/plip_outputs/AqTMK_17/report.xml,salt_bridges,P3,ARG145A,1589,salt_bridges,salt_bridge,ATP:B:1:P3,P3,ATP,B,1
AqTMK_17,/home/wms/AF2-test/AF2-CatGraph/results/AqTMK/02_template_guided_docking/complexes/AqTMK_17_complex.pdb,results/AqTMK/05_plip_interaction_graphs/plip_outputs/AqTMK_17/report.xml,metal_complexes,MG,THR14A,1599,metal_complexes,metal_complex,MG:B:203:MG,MG,MG,B,203
AqTMK_17,/home/wms/AF2-test/AF2-CatGraph/results/AqTMK/02_template_guided_docking/complexes/AqTMK_17_complex.pdb,results/AqTMK/05_plip_interaction_graphs/plip_outputs/AqTMK_17/report.xml,salt_bridges,P4,ARG47A,1595,salt_bridges,salt_bridge,TMP:C:1:P4,P4,TMP,C,1
AqTMK_17,/home/wms/AF2-test/AF2-CatGraph/results/AqTMK/02_template_guided_docking/complexes/AqTMK_17_complex.pdb,results/AqTMK/05_plip_interaction_graphs/plip_outputs/AqTMK_17/report.xml,salt_bridges,P4,ARG90A,1595,salt_bridges,salt_bridge,TMP:C:1:P4,P4,TMP,C,1
AqTMK_17,/home/wms/AF2-test/AF2-CatGraph/results/AqTMK/02_template_guided_docking/complexes/AqTMK_17_complex.pdb,results/AqTMK/05_plip_interaction_graphs/plip_outputs/AqTMK_17/report.xml,salt_bridges,P4,ARG145A,1595,salt_bridges,salt_bridge,TMP:C:1:P4,P4,TMP,C,1
AqTMK_21,/home/wms/AF2-test/AF2-CatGraph/results/AqTMK/02_template_guided_docking/complexes/AqTMK_21_complex.pdb,results/AqTMK/05_plip_interaction_graphs/plip_outputs/AqTMK_21/report.xml,hydrogen_bonds,O10,ASP9A,1591,hydrogen_bonds,hydrogen_bond,ATP:B:1:O10,O10,ATP,B,1
AqTMK_21,/home/wms/AF2-test/AF2-CatGraph/results/AqTMK/02_template_guided_docking/complexes/AqTMK_21_complex.pdb,results/AqTMK/05_plip_interaction_graphs/plip_outputs/AqTMK_21/report.xml,hydrogen_bonds,O8,GLY10A,1588,hydrogen_bonds,hydrogen_bond,ATP:B:1:O8,O8,ATP,B,1
AqTMK_21,/home/wms/AF2-test/AF2-CatGraph/results/AqTMK/02_template_guided_docking/complexes/AqTMK_21_complex.pdb,results/AqTMK/05_plip_interaction_graphs/plip_outputs/AqTMK_21/report.xml,hydrogen_bonds,O7,SER11A,1587,hydrogen_bonds,hydrogen_bond,ATP:B:1:O7,O7,ATP,B,1
AqTMK_21,/home/wms/AF2-test/AF2-CatGraph/results/AqTMK/02_template_guided_docking/complexes/AqTMK_21_complex.pdb,results/AqTMK/05_plip_interaction_graphs/plip_outputs/AqTMK_21/report.xml,hydrogen_bonds,O7,GLY12A,1587,hydrogen_bonds,hydrogen_bond,ATP:B:1:O7,O7,ATP,B,1
AqTMK_21,/home/wms/AF2-test/AF2-CatGraph/results/AqTMK/02_template_guided_docking/complexes/AqTMK_21_complex.pdb,results/AqTMK/05_plip_interaction_graphs/plip_outputs/AqTMK_21/report.xml,hydrogen_bonds,O7,LYS13A,1587,hydrogen_bonds,hydrogen_bond,ATP:B:1:O7,O7,ATP,B,1
AqTMK_21,/home/wms/AF2-test/AF2-CatGraph/results/AqTMK/02_template_guided_docking/complexes/AqTMK_21_complex.pdb,results/AqTMK/05_plip_interaction_graphs/plip_outputs/AqTMK_21/report.xml,hydrogen_bonds,O6,THR14A,1586,hydrogen_bonds,hydrogen_bond,ATP:B:1:O6,O6,ATP,B,1
AqTMK_21,/home/wms/AF2-test/AF2-CatGraph/results/AqTMK/02_template_guided_docking/complexes/AqTMK_21_complex.pdb,results/AqTMK/05_plip_interaction_graphs/plip_outputs/AqTMK_21/report.xml,hydrogen_bonds,O11,THR14A,1592,hydrogen_bonds,hydrogen_bond,ATP:B:1:O11,O11,ATP,B,1
AqTMK_21,/home/wms/AF2-test/AF2-CatGraph/results/AqTMK/02_template_guided_docking/complexes/AqTMK_21_complex.pdb,results/AqTMK/05_plip_interaction_graphs/plip_outputs/AqTMK_21/report.xml,hydrogen_bonds,O2,THR15A,1580,hydrogen_bonds,hydrogen_bond,ATP:B:1:O2,O2,ATP,B,1
AqTMK_21,/home/wms/AF2-test/AF2-CatGraph/results/AqTMK/02_template_guided_docking/complexes/AqTMK_21_complex.pdb,results/AqTMK/05_plip_interaction_graphs/plip_outputs/AqTMK_21/report.xml,hydrogen_bonds,O4,THR15A,1583,hydrogen_bonds,hydrogen_bond,ATP:B:1:O4,O4,ATP,B,1
AqTMK_21,/home/wms/AF2-test/AF2-CatGraph/results/AqTMK/02_template_guided_docking/complexes/AqTMK_21_complex.pdb,results/AqTMK/05_plip_interaction_graphs/plip_outputs/AqTMK_21/report.xml,hydrogen_bonds,O4,THR15A,1583,hydrogen_bonds,hydrogen_bond,ATP:B:1:O4,O4,ATP,B,1
AqTMK_21,/home/wms/AF2-test/AF2-CatGraph/results/AqTMK/02_template_guided_docking/complexes/AqTMK_21_complex.pdb,results/AqTMK/05_plip_interaction_graphs/plip_outputs/AqTMK_21/report.xml,salt_bridges,P2,LYS13A,1585,salt_bridges,salt_bridge,ATP:B:1:P2,P2,ATP,B,1
AqTMK_21,/home/wms/AF2-test/AF2-CatGraph/results/AqTMK/02_template_guided_docking/complexes/AqTMK_21_complex.pdb,results/AqTMK/05_plip_interaction_graphs/plip_outputs/AqTMK_21/report.xml,salt_bridges,P3,LYS13A,1589,salt_bridges,salt_bridge,ATP:B:1:P3,P3,ATP,B,1
AqTMK_21,/home/wms/AF2-test/AF2-CatGraph/results/AqTMK/02_template_guided_docking/complexes/AqTMK_21_complex.pdb,results/AqTMK/05_plip_interaction_graphs/plip_outputs/AqTMK_21/report.xml,salt_bridges,P3,ARG90A,1589,salt_bridges,salt_bridge,ATP:B:1:P3,P3,ATP,B,1
AqTMK_21,/home/wms/AF2-test/AF2-CatGraph/results/AqTMK/02_template_guided_docking/complexes/AqTMK_21_complex.pdb,results/AqTMK/05_plip_interaction_graphs/plip_outputs/AqTMK_21/report.xml,salt_bridges,P2,LYS143A,1585,salt_bridges,salt_bridge,ATP:B:1:P2,P2,ATP,B,1
AqTMK_21,/home/wms/AF2-test/AF2-CatGraph/results/AqTMK/02_template_guided_docking/complexes/AqTMK_21_complex.pdb,results/AqTMK/05_plip_interaction_graphs/plip_outputs/AqTMK_21/report.xml,salt_bridges,P1,LYS143A,1581,salt_bridges,salt_bridge,ATP:B:1:P1,P1,ATP,B,1
AqTMK_21,/home/wms/AF2-test/AF2-CatGraph/results/AqTMK/02_template_guided_docking/complexes/AqTMK_21_complex.pdb,results/AqTMK/05_plip_interaction_graphs/plip_outputs/AqTMK_21/report.xml,salt_bridges,P3,ARG145A,1589,salt_bridges,salt_bridge,ATP:B:1:P3,P3,ATP,B,1
AqTMK_21,/home/wms/AF2-test/AF2-CatGraph/results/AqTMK/02_template_guided_docking/complexes/AqTMK_21_complex.pdb,results/AqTMK/05_plip_interaction_graphs/plip_outputs/AqTMK_21/report.xml,metal_complexes,MG,THR14A,1599,metal_complexes,metal_complex,MG:B:203:MG,MG,MG,B,203
AqTMK_21,/home/wms/AF2-test/AF2-CatGraph/results/AqTMK/02_template_guided_docking/complexes/AqTMK_21_complex.pdb,results/AqTMK/05_plip_interaction_graphs/plip_outputs/AqTMK_21/report.xml,salt_bridges,P4,ARG47A,1595,salt_bridges,salt_bridge,TMP:C:1:P4,P4,TMP,C,1
AqTMK_21,/home/wms/AF2-test/AF2-CatGraph/results/AqTMK/02_template_guided_docking/complexes/AqTMK_21_complex.pdb,results/AqTMK/05_plip_interaction_graphs/plip_outputs/AqTMK_21/report.xml,salt_bridges,P4,ARG90A,1595,salt_bridges,salt_bridge,TMP:C:1:P4,P4,TMP,C,1
AqTMK_21,/home/wms/AF2-test/AF2-CatGraph/results/AqTMK/02_template_guided_docking/complexes/AqTMK_21_complex.pdb,results/AqTMK/05_plip_interaction_graphs/plip_outputs/AqTMK_21/report.xml,salt_bridges,P4,ARG145A,1595,salt_bridges,salt_bridge,TMP:C:1:P4,P4,TMP,C,1
AqTMK_22,/home/wms/AF2-test/AF2-CatGraph/results/AqTMK/02_template_guided_docking/complexes/AqTMK_22_complex.pdb,results/AqTMK/05_plip_interaction_graphs/plip_outputs/AqTMK_22/report.xml,hydrogen_bonds,O10,ASP9A,1591,hydrogen_bonds,hydrogen_bond,ATP:B:1:O10,O10,ATP,B,1
AqTMK_22,/home/wms/AF2-test/AF2-CatGraph/results/AqTMK/02_template_guided_docking/complexes/AqTMK_22_complex.pdb,results/AqTMK/05_plip_interaction_graphs/plip_outputs/AqTMK_22/report.xml,hydrogen_bonds,O8,GLY10A,1588,hydrogen_bonds,hydrogen_bond,ATP:B:1:O8,O8,ATP,B,1
AqTMK_22,/home/wms/AF2-test/AF2-CatGraph/results/AqTMK/02_template_guided_docking/complexes/AqTMK_22_complex.pdb,results/AqTMK/05_plip_interaction_graphs/plip_outputs/AqTMK_22/report.xml,hydrogen_bonds,O7,SER11A,1587,hydrogen_bonds,hydrogen_bond,ATP:B:1:O7,O7,ATP,B,1
AqTMK_22,/home/wms/AF2-test/AF2-CatGraph/results/AqTMK/02_template_guided_docking/complexes/AqTMK_22_complex.pdb,results/AqTMK/05_plip_interaction_graphs/plip_outputs/AqTMK_22/report.xml,hydrogen_bonds,O7,GLY12A,1587,hydrogen_bonds,hydrogen_bond,ATP:B:1:O7,O7,ATP,B,1
AqTMK_22,/home/wms/AF2-test/AF2-CatGraph/results/AqTMK/02_template_guided_docking/complexes/AqTMK_22_complex.pdb,results/AqTMK/05_plip_interaction_graphs/plip_outputs/AqTMK_22/report.xml,hydrogen_bonds,O7,LYS13A,1587,hydrogen_bonds,hydrogen_bond,ATP:B:1:O7,O7,ATP,B,1
AqTMK_22,/home/wms/AF2-test/AF2-CatGraph/results/AqTMK/02_template_guided_docking/complexes/AqTMK_22_complex.pdb,results/AqTMK/05_plip_interaction_graphs/plip_outputs/AqTMK_22/report.xml,hydrogen_bonds,O6,THR14A,1586,hydrogen_bonds,hydrogen_bond,ATP:B:1:O6,O6,ATP,B,1
AqTMK_22,/home/wms/AF2-test/AF2-CatGraph/results/AqTMK/02_template_guided_docking/complexes/AqTMK_22_complex.pdb,results/AqTMK/05_plip_interaction_graphs/plip_outputs/AqTMK_22/report.xml,hydrogen_bonds,O2,THR15A,1580,hydrogen_bonds,hydrogen_bond,ATP:B:1:O2,O2,ATP,B,1
AqTMK_22,/home/wms/AF2-test/AF2-CatGraph/results/AqTMK/02_template_guided_docking/complexes/AqTMK_22_complex.pdb,results/AqTMK/05_plip_interaction_graphs/plip_outputs/AqTMK_22/report.xml,hydrogen_bonds,O4,THR15A,1583,hydrogen_bonds,hydrogen_bond,ATP:B:1:O4,O4,ATP,B,1
AqTMK_22,/home/wms/AF2-test/AF2-CatGraph/results/AqTMK/02_template_guided_docking/complexes/AqTMK_22_complex.pdb,results/AqTMK/05_plip_interaction_graphs/plip_outputs/AqTMK_22/report.xml,hydrogen_bonds,O4,THR15A,1583,hydrogen_bonds,hydrogen_bond,ATP:B:1:O4,O4,ATP,B,1
AqTMK_22,/home/wms/AF2-test/AF2-CatGraph/results/AqTMK/02_template_guided_docking/complexes/AqTMK_22_complex.pdb,results/AqTMK/05_plip_interaction_graphs/plip_outputs/AqTMK_22/report.xml,salt_bridges,P2,LYS13A,1585,salt_bridges,salt_bridge,ATP:B:1:P2,P2,ATP,B,1
AqTMK_22,/home/wms/AF2-test/AF2-CatGraph/results/AqTMK/02_template_guided_docking/complexes/AqTMK_22_complex.pdb,results/AqTMK/05_plip_interaction_graphs/plip_outputs/AqTMK_22/report.xml,salt_bridges,P3,LYS13A,1589,salt_bridges,salt_bridge,ATP:B:1:P3,P3,ATP,B,1
AqTMK_22,/home/wms/AF2-test/AF2-CatGraph/results/AqTMK/02_template_guided_docking/complexes/AqTMK_22_complex.pdb,results/AqTMK/05_plip_interaction_graphs/plip_outputs/AqTMK_22/report.xml,salt_bridges,P3,ARG90A,1589,salt_bridges,salt_bridge,ATP:B:1:P3,P3,ATP,B,1
AqTMK_22,/home/wms/AF2-test/AF2-CatGraph/results/AqTMK/02_template_guided_docking/complexes/AqTMK_22_complex.pdb,results/AqTMK/05_plip_interaction_graphs/plip_outputs/AqTMK_22/report.xml,salt_bridges,P2,LYS143A,1585,salt_bridges,salt_bridge,ATP:B:1:P2,P2,ATP,B,1
AqTMK_22,/home/wms/AF2-test/AF2-CatGraph/results/AqTMK/02_template_guided_docking/complexes/AqTMK_22_complex.pdb,results/AqTMK/05_plip_interaction_graphs/plip_outputs/AqTMK_22/report.xml,salt_bridges,P1,LYS143A,1581,salt_bridges,salt_bridge,ATP:B:1:P1,P1,ATP,B,1
AqTMK_22,/home/wms/AF2-test/AF2-CatGraph/results/AqTMK/02_template_guided_docking/complexes/AqTMK_22_complex.pdb,results/AqTMK/05_plip_interaction_graphs/plip_outputs/AqTMK_22/report.xml,salt_bridges,P3,ARG145A,1589,salt_bridges,salt_bridge,ATP:B:1:P3,P3,ATP,B,1
AqTMK_22,/home/wms/AF2-test/AF2-CatGraph/results/AqTMK/02_template_guided_docking/complexes/AqTMK_22_complex.pdb,results/AqTMK/05_plip_interaction_graphs/plip_outputs/AqTMK_22/report.xml,metal_complexes,MG,THR14A,1599,metal_complexes,metal_complex,MG:B:203:MG,MG,MG,B,203
AqTMK_22,/home/wms/AF2-test/AF2-CatGraph/results/AqTMK/02_template_guided_docking/complexes/AqTMK_22_complex.pdb,results/AqTMK/05_plip_interaction_graphs/plip_outputs/AqTMK_22/report.xml,salt_bridges,P4,ARG47A,1595,salt_bridges,salt_bridge,TMP:C:1:P4,P4,TMP,C,1
AqTMK_22,/home/wms/AF2-test/AF2-CatGraph/results/AqTMK/02_template_guided_docking/complexes/AqTMK_22_complex.pdb,results/AqTMK/05_plip_interaction_graphs/plip_outputs/AqTMK_22/report.xml,salt_bridges,P4,ARG90A,1595,salt_bridges,salt_bridge,TMP:C:1:P4,P4,TMP,C,1
AqTMK_22,/home/wms/AF2-test/AF2-CatGraph/results/AqTMK/02_template_guided_docking/complexes/AqTMK_22_complex.pdb,results/AqTMK/05_plip_interaction_graphs/plip_outputs/AqTMK_22/report.xml,salt_bridges,P4,ARG145A,1595,salt_bridges,salt_bridge,TMP:C:1:P4,P4,TMP,C,1
AqTMK_23,/home/wms/AF2-test/AF2-CatGraph/results/AqTMK/02_template_guided_docking/complexes/AqTMK_23_complex.pdb,results/AqTMK/05_plip_interaction_graphs/plip_outputs/AqTMK_23/report.xml,hydrogen_bonds,O10,ASP9A,1591,hydrogen_bonds,hydrogen_bond,ATP:B:1:O10,O10,ATP,B,1
AqTMK_23,/home/wms/AF2-test/AF2-CatGraph/results/AqTMK/02_template_guided_docking/complexes/AqTMK_23_complex.pdb,results/AqTMK/05_plip_interaction_graphs/plip_outputs/AqTMK_23/report.xml,hydrogen_bonds,O8,GLY10A,1588,hydrogen_bonds,hydrogen_bond,ATP:B:1:O8,O8,ATP,B,1
AqTMK_23,/home/wms/AF2-test/AF2-CatGraph/results/AqTMK/02_template_guided_docking/complexes/AqTMK_23_complex.pdb,results/AqTMK/05_plip_interaction_graphs/plip_outputs/AqTMK_23/report.xml,hydrogen_bonds,O7,SER11A,1587,hydrogen_bonds,hydrogen_bond,ATP:B:1:O7,O7,ATP,B,1
AqTMK_23,/home/wms/AF2-test/AF2-CatGraph/results/AqTMK/02_template_guided_docking/complexes/AqTMK_23_complex.pdb,results/AqTMK/05_plip_interaction_graphs/plip_outputs/AqTMK_23/report.xml,hydrogen_bonds,O7,GLY12A,1587,hydrogen_bonds,hydrogen_bond,ATP:B:1:O7,O7,ATP,B,1
AqTMK_23,/home/wms/AF2-test/AF2-CatGraph/results/AqTMK/02_template_guided_docking/complexes/AqTMK_23_complex.pdb,results/AqTMK/05_plip_interaction_graphs/plip_outputs/AqTMK_23/report.xml,hydrogen_bonds,O7,LYS13A,1587,hydrogen_bonds,hydrogen_bond,ATP:B:1:O7,O7,ATP,B,1
AqTMK_23,/home/wms/AF2-test/AF2-CatGraph/results/AqTMK/02_template_guided_docking/complexes/AqTMK_23_complex.pdb,results/AqTMK/05_plip_interaction_graphs/plip_outputs/AqTMK_23/report.xml,hydrogen_bonds,O6,THR14A,1586,hydrogen_bonds,hydrogen_bond,ATP:B:1:O6,O6,ATP,B,1
AqTMK_23,/home/wms/AF2-test/AF2-CatGraph/results/AqTMK/02_template_guided_docking/complexes/AqTMK_23_complex.pdb,results/AqTMK/05_plip_interaction_graphs/plip_outputs/AqTMK_23/report.xml,hydrogen_bonds,O4,THR15A,1583,hydrogen_bonds,hydrogen_bond,ATP:B:1:O4,O4,ATP,B,1
AqTMK_23,/home/wms/AF2-test/AF2-CatGraph/results/AqTMK/02_template_guided_docking/complexes/AqTMK_23_complex.pdb,results/AqTMK/05_plip_interaction_graphs/plip_outputs/AqTMK_23/report.xml,hydrogen_bonds,O4,THR15A,1583,hydrogen_bonds,hydrogen_bond,ATP:B:1:O4,O4,ATP,B,1
AqTMK_23,/home/wms/AF2-test/AF2-CatGraph/results/AqTMK/02_template_guided_docking/complexes/AqTMK_23_complex.pdb,results/AqTMK/05_plip_interaction_graphs/plip_outputs/AqTMK_23/report.xml,salt_bridges,P2,LYS13A,1585,salt_bridges,salt_bridge,ATP:B:1:P2,P2,ATP,B,1
AqTMK_23,/home/wms/AF2-test/AF2-CatGraph/results/AqTMK/02_template_guided_docking/complexes/AqTMK_23_complex.pdb,results/AqTMK/05_plip_interaction_graphs/plip_outputs/AqTMK_23/report.xml,salt_bridges,P3,LYS13A,1589,salt_bridges,salt_bridge,ATP:B:1:P3,P3,ATP,B,1
AqTMK_23,/home/wms/AF2-test/AF2-CatGraph/results/AqTMK/02_template_guided_docking/complexes/AqTMK_23_complex.pdb,results/AqTMK/05_plip_interaction_graphs/plip_outputs/AqTMK_23/report.xml,salt_bridges,P2,LYS143A,1585,salt_bridges,salt_bridge,ATP:B:1:P2,P2,ATP,B,1
AqTMK_23,/home/wms/AF2-test/AF2-CatGraph/results/AqTMK/02_template_guided_docking/complexes/AqTMK_23_complex.pdb,results/AqTMK/05_plip_interaction_graphs/plip_outputs/AqTMK_23/report.xml,salt_bridges,P1,LYS143A,1581,salt_bridges,salt_bridge,ATP:B:1:P1,P1,ATP,B,1
AqTMK_23,/home/wms/AF2-test/AF2-CatGraph/results/AqTMK/02_template_guided_docking/complexes/AqTMK_23_complex.pdb,results/AqTMK/05_plip_interaction_graphs/plip_outputs/AqTMK_23/report.xml,salt_bridges,P3,ARG145A,1589,salt_bridges,salt_bridge,ATP:B:1:P3,P3,ATP,B,1
AqTMK_23,/home/wms/AF2-test/AF2-CatGraph/results/AqTMK/02_template_guided_docking/complexes/AqTMK_23_complex.pdb,results/AqTMK/05_plip_interaction_graphs/plip_outputs/AqTMK_23/report.xml,metal_complexes,MG,THR14A,1599,metal_complexes,metal_complex,MG:B:203:MG,MG,MG,B,203
AqTMK_23,/home/wms/AF2-test/AF2-CatGraph/results/AqTMK/02_template_guided_docking/complexes/AqTMK_23_complex.pdb,results/AqTMK/05_plip_interaction_graphs/plip_outputs/AqTMK_23/report.xml,salt_bridges,P4,LYS13A,1595,salt_bridges,salt_bridge,TMP:C:1:P4,P4,TMP,C,1
AqTMK_23,/home/wms/AF2-test/AF2-CatGraph/results/AqTMK/02_template_guided_docking/complexes/AqTMK_23_complex.pdb,results/AqTMK/05_plip_interaction_graphs/plip_outputs/AqTMK_23/report.xml,salt_bridges,P4,ARG47A,1595,salt_bridges,salt_bridge,TMP:C:1:P4,P4,TMP,C,1
AqTMK_23,/home/wms/AF2-test/AF2-CatGraph/results/AqTMK/02_template_guided_docking/complexes/AqTMK_23_complex.pdb,results/AqTMK/05_plip_interaction_graphs/plip_outputs/AqTMK_23/report.xml,salt_bridges,P4,ARG90A,1595,salt_bridges,salt_bridge,TMP:C:1:P4,P4,TMP,C,1
AqTMK_23,/home/wms/AF2-test/AF2-CatGraph/results/AqTMK/02_template_guided_docking/complexes/AqTMK_23_complex.pdb,results/AqTMK/05_plip_interaction_graphs/plip_outputs/AqTMK_23/report.xml,salt_bridges,P4,ARG145A,1595,salt_bridges,salt_bridge,TMP:C:1:P4,P4,TMP,C,1
AqTMK_26,/home/wms/AF2-test/AF2-CatGraph/results/AqTMK/02_template_guided_docking/complexes/AqTMK_26_complex.pdb,results/AqTMK/05_plip_interaction_graphs/plip_outputs/AqTMK_26/report.xml,hydrogen_bonds,O10,ASP9A,1591,hydrogen_bonds,hydrogen_bond,ATP:B:1:O10,O10,ATP,B,1
AqTMK_26,/home/wms/AF2-test/AF2-CatGraph/results/AqTMK/02_template_guided_docking/complexes/AqTMK_26_complex.pdb,results/AqTMK/05_plip_interaction_graphs/plip_outputs/AqTMK_26/report.xml,hydrogen_bonds,O8,GLY10A,1588,hydrogen_bonds,hydrogen_bond,ATP:B:1:O8,O8,ATP,B,1
AqTMK_26,/home/wms/AF2-test/AF2-CatGraph/results/AqTMK/02_template_guided_docking/complexes/AqTMK_26_complex.pdb,results/AqTMK/05_plip_interaction_graphs/plip_outputs/AqTMK_26/report.xml,hydrogen_bonds,O7,SER11A,1587,hydrogen_bonds,hydrogen_bond,ATP:B:1:O7,O7,ATP,B,1
AqTMK_26,/home/wms/AF2-test/AF2-CatGraph/results/AqTMK/02_template_guided_docking/complexes/AqTMK_26_complex.pdb,results/AqTMK/05_plip_interaction_graphs/plip_outputs/AqTMK_26/report.xml,hydrogen_bonds,O7,GLY12A,1587,hydrogen_bonds,hydrogen_bond,ATP:B:1:O7,O7,ATP,B,1
AqTMK_26,/home/wms/AF2-test/AF2-CatGraph/results/AqTMK/02_template_guided_docking/complexes/AqTMK_26_complex.pdb,results/AqTMK/05_plip_interaction_graphs/plip_outputs/AqTMK_26/report.xml,hydrogen_bonds,O7,LYS13A,1587,hydrogen_bonds,hydrogen_bond,ATP:B:1:O7,O7,ATP,B,1
AqTMK_26,/home/wms/AF2-test/AF2-CatGraph/results/AqTMK/02_template_guided_docking/complexes/AqTMK_26_complex.pdb,results/AqTMK/05_plip_interaction_graphs/plip_outputs/AqTMK_26/report.xml,hydrogen_bonds,O6,THR14A,1586,hydrogen_bonds,hydrogen_bond,ATP:B:1:O6,O6,ATP,B,1
AqTMK_26,/home/wms/AF2-test/AF2-CatGraph/results/AqTMK/02_template_guided_docking/complexes/AqTMK_26_complex.pdb,results/AqTMK/05_plip_interaction_graphs/plip_outputs/AqTMK_26/report.xml,hydrogen_bonds,O11,THR14A,1592,hydrogen_bonds,hydrogen_bond,ATP:B:1:O11,O11,ATP,B,1
AqTMK_26,/home/wms/AF2-test/AF2-CatGraph/results/AqTMK/02_template_guided_docking/complexes/AqTMK_26_complex.pdb,results/AqTMK/05_plip_interaction_graphs/plip_outputs/AqTMK_26/report.xml,hydrogen_bonds,O2,THR15A,1580,hydrogen_bonds,hydrogen_bond,ATP:B:1:O2,O2,ATP,B,1
AqTMK_26,/home/wms/AF2-test/AF2-CatGraph/results/AqTMK/02_template_guided_docking/complexes/AqTMK_26_complex.pdb,results/AqTMK/05_plip_interaction_graphs/plip_outputs/AqTMK_26/report.xml,hydrogen_bonds,O4,THR15A,1583,hydrogen_bonds,hydrogen_bond,ATP:B:1:O4,O4,ATP,B,1
AqTMK_26,/home/wms/AF2-test/AF2-CatGraph/results/AqTMK/02_template_guided_docking/complexes/AqTMK_26_complex.pdb,results/AqTMK/05_plip_interaction_graphs/plip_outputs/AqTMK_26/report.xml,hydrogen_bonds,O4,THR15A,1583,hydrogen_bonds,hydrogen_bond,ATP:B:1:O4,O4,ATP,B,1
AqTMK_26,/home/wms/AF2-test/AF2-CatGraph/results/AqTMK/02_template_guided_docking/complexes/AqTMK_26_complex.pdb,results/AqTMK/05_plip_interaction_graphs/plip_outputs/AqTMK_26/report.xml,salt_bridges,P2,LYS13A,1585,salt_bridges,salt_bridge,ATP:B:1:P2,P2,ATP,B,1
AqTMK_26,/home/wms/AF2-test/AF2-CatGraph/results/AqTMK/02_template_guided_docking/complexes/AqTMK_26_complex.pdb,results/AqTMK/05_plip_interaction_graphs/plip_outputs/AqTMK_26/report.xml,salt_bridges,P3,LYS13A,1589,salt_bridges,salt_bridge,ATP:B:1:P3,P3,ATP,B,1
AqTMK_26,/home/wms/AF2-test/AF2-CatGraph/results/AqTMK/02_template_guided_docking/complexes/AqTMK_26_complex.pdb,results/AqTMK/05_plip_interaction_graphs/plip_outputs/AqTMK_26/report.xml,salt_bridges,P3,ARG90A,1589,salt_bridges,salt_bridge,ATP:B:1:P3,P3,ATP,B,1
AqTMK_26,/home/wms/AF2-test/AF2-CatGraph/results/AqTMK/02_template_guided_docking/complexes/AqTMK_26_complex.pdb,results/AqTMK/05_plip_interaction_graphs/plip_outputs/AqTMK_26/report.xml,salt_bridges,P2,LYS143A,1585,salt_bridges,salt_bridge,ATP:B:1:P2,P2,ATP,B,1
AqTMK_26,/home/wms/AF2-test/AF2-CatGraph/results/AqTMK/02_template_guided_docking/complexes/AqTMK_26_complex.pdb,results/AqTMK/05_plip_interaction_graphs/plip_outputs/AqTMK_26/report.xml,salt_bridges,P1,LYS143A,1581,salt_bridges,salt_bridge,ATP:B:1:P1,P1,ATP,B,1
AqTMK_26,/home/wms/AF2-test/AF2-CatGraph/results/AqTMK/02_template_guided_docking/complexes/AqTMK_26_complex.pdb,results/AqTMK/05_plip_interaction_graphs/plip_outputs/AqTMK_26/report.xml,salt_bridges,P3,ARG145A,1589,salt_bridges,salt_bridge,ATP:B:1:P3,P3,ATP,B,1
AqTMK_26,/home/wms/AF2-test/AF2-CatGraph/results/AqTMK/02_template_guided_docking/complexes/AqTMK_26_complex.pdb,results/AqTMK/05_plip_interaction_graphs/plip_outputs/AqTMK_26/report.xml,metal_complexes,MG,THR14A,1599,metal_complexes,metal_complex,MG:B:203:MG,MG,MG,B,203
AqTMK_26,/home/wms/AF2-test/AF2-CatGraph/results/AqTMK/02_template_guided_docking/complexes/AqTMK_26_complex.pdb,results/AqTMK/05_plip_interaction_graphs/plip_outputs/AqTMK_26/report.xml,hydrogen_bonds,O14,ARG47A,1597,hydrogen_bonds,hydrogen_bond,TMP:C:1:O14,O14,TMP,C,1
AqTMK_26,/home/wms/AF2-test/AF2-CatGraph/results/AqTMK/02_template_guided_docking/complexes/AqTMK_26_complex.pdb,results/AqTMK/05_plip_interaction_graphs/plip_outputs/AqTMK_26/report.xml,salt_bridges,P4,ARG90A,1595,salt_bridges,salt_bridge,TMP:C:1:P4,P4,TMP,C,1
AqTMK_26,/home/wms/AF2-test/AF2-CatGraph/results/AqTMK/02_template_guided_docking/complexes/AqTMK_26_complex.pdb,results/AqTMK/05_plip_interaction_graphs/plip_outputs/AqTMK_26/report.xml,salt_bridges,P4,ARG145A,1595,salt_bridges,salt_bridge,TMP:C:1:P4,P4,TMP,C,1
AqTMK_28,/home/wms/AF2-test/AF2-CatGraph/results/AqTMK/02_template_guided_docking/complexes/AqTMK_28_complex.pdb,results/AqTMK/05_plip_interaction_graphs/plip_outputs/AqTMK_28/report.xml,hydrogen_bonds,O10,ASP9A,1591,hydrogen_bonds,hydrogen_bond,ATP:B:1:O10,O10,ATP,B,1
AqTMK_28,/home/wms/AF2-test/AF2-CatGraph/results/AqTMK/02_template_guided_docking/complexes/AqTMK_28_complex.pdb,results/AqTMK/05_plip_interaction_graphs/plip_outputs/AqTMK_28/report.xml,hydrogen_bonds,O8,GLY10A,1588,hydrogen_bonds,hydrogen_bond,ATP:B:1:O8,O8,ATP,B,1
AqTMK_28,/home/wms/AF2-test/AF2-CatGraph/results/AqTMK/02_template_guided_docking/complexes/AqTMK_28_complex.pdb,results/AqTMK/05_plip_interaction_graphs/plip_outputs/AqTMK_28/report.xml,hydrogen_bonds,O7,SER11A,1587,hydrogen_bonds,hydrogen_bond,ATP:B:1:O7,O7,ATP,B,1
AqTMK_28,/home/wms/AF2-test/AF2-CatGraph/results/AqTMK/02_template_guided_docking/complexes/AqTMK_28_complex.pdb,results/AqTMK/05_plip_interaction_graphs/plip_outputs/AqTMK_28/report.xml,hydrogen_bonds,O7,GLY12A,1587,hydrogen_bonds,hydrogen_bond,ATP:B:1:O7,O7,ATP,B,1
AqTMK_28,/home/wms/AF2-test/AF2-CatGraph/results/AqTMK/02_template_guided_docking/complexes/AqTMK_28_complex.pdb,results/AqTMK/05_plip_interaction_graphs/plip_outputs/AqTMK_28/report.xml,hydrogen_bonds,O7,LYS13A,1587,hydrogen_bonds,hydrogen_bond,ATP:B:1:O7,O7,ATP,B,1
AqTMK_28,/home/wms/AF2-test/AF2-CatGraph/results/AqTMK/02_template_guided_docking/complexes/AqTMK_28_complex.pdb,results/AqTMK/05_plip_interaction_graphs/plip_outputs/AqTMK_28/report.xml,hydrogen_bonds,O6,THR14A,1586,hydrogen_bonds,hydrogen_bond,ATP:B:1:O6,O6,ATP,B,1
AqTMK_28,/home/wms/AF2-test/AF2-CatGraph/results/AqTMK/02_template_guided_docking/complexes/AqTMK_28_complex.pdb,results/AqTMK/05_plip_interaction_graphs/plip_outputs/AqTMK_28/report.xml,hydrogen_bonds,O2,THR15A,1580,hydrogen_bonds,hydrogen_bond,ATP:B:1:O2,O2,ATP,B,1
AqTMK_28,/home/wms/AF2-test/AF2-CatGraph/results/AqTMK/02_template_guided_docking/complexes/AqTMK_28_complex.pdb,results/AqTMK/05_plip_interaction_graphs/plip_outputs/AqTMK_28/report.xml,hydrogen_bonds,O4,THR15A,1583,hydrogen_bonds,hydrogen_bond,ATP:B:1:O4,O4,ATP,B,1
AqTMK_28,/home/wms/AF2-test/AF2-CatGraph/results/AqTMK/02_template_guided_docking/complexes/AqTMK_28_complex.pdb,results/AqTMK/05_plip_interaction_graphs/plip_outputs/AqTMK_28/report.xml,hydrogen_bonds,O4,THR15A,1583,hydrogen_bonds,hydrogen_bond,ATP:B:1:O4,O4,ATP,B,1
AqTMK_28,/home/wms/AF2-test/AF2-CatGraph/results/AqTMK/02_template_guided_docking/complexes/AqTMK_28_complex.pdb,results/AqTMK/05_plip_interaction_graphs/plip_outputs/AqTMK_28/report.xml,salt_bridges,P2,LYS13A,1585,salt_bridges,salt_bridge,ATP:B:1:P2,P2,ATP,B,1
AqTMK_28,/home/wms/AF2-test/AF2-CatGraph/results/AqTMK/02_template_guided_docking/complexes/AqTMK_28_complex.pdb,results/AqTMK/05_plip_interaction_graphs/plip_outputs/AqTMK_28/report.xml,salt_bridges,P3,LYS13A,1589,salt_bridges,salt_bridge,ATP:B:1:P3,P3,ATP,B,1
AqTMK_28,/home/wms/AF2-test/AF2-CatGraph/results/AqTMK/02_template_guided_docking/complexes/AqTMK_28_complex.pdb,results/AqTMK/05_plip_interaction_graphs/plip_outputs/AqTMK_28/report.xml,salt_bridges,P3,ARG90A,1589,salt_bridges,salt_bridge,ATP:B:1:P3,P3,ATP,B,1
AqTMK_28,/home/wms/AF2-test/AF2-CatGraph/results/AqTMK/02_template_guided_docking/complexes/AqTMK_28_complex.pdb,results/AqTMK/05_plip_interaction_graphs/plip_outputs/AqTMK_28/report.xml,salt_bridges,P2,LYS143A,1585,salt_bridges,salt_bridge,ATP:B:1:P2,P2,ATP,B,1
AqTMK_28,/home/wms/AF2-test/AF2-CatGraph/results/AqTMK/02_template_guided_docking/complexes/AqTMK_28_complex.pdb,results/AqTMK/05_plip_interaction_graphs/plip_outputs/AqTMK_28/report.xml,salt_bridges,P1,LYS143A,1581,salt_bridges,salt_bridge,ATP:B:1:P1,P1,ATP,B,1
AqTMK_28,/home/wms/AF2-test/AF2-CatGraph/results/AqTMK/02_template_guided_docking/complexes/AqTMK_28_complex.pdb,results/AqTMK/05_plip_interaction_graphs/plip_outputs/AqTMK_28/report.xml,salt_bridges,P3,ARG145A,1589,salt_bridges,salt_bridge,ATP:B:1:P3,P3,ATP,B,1
AqTMK_28,/home/wms/AF2-test/AF2-CatGraph/results/AqTMK/02_template_guided_docking/complexes/AqTMK_28_complex.pdb,results/AqTMK/05_plip_interaction_graphs/plip_outputs/AqTMK_28/report.xml,metal_complexes,MG,THR14A,1599,metal_complexes,metal_complex,MG:B:203:MG,MG,MG,B,203
AqTMK_28,/home/wms/AF2-test/AF2-CatGraph/results/AqTMK/02_template_guided_docking/complexes/AqTMK_28_complex.pdb,results/AqTMK/05_plip_interaction_graphs/plip_outputs/AqTMK_28/report.xml,salt_bridges,P4,ARG35A,1595,salt_bridges,salt_bridge,TMP:C:1:P4,P4,TMP,C,1
AqTMK_28,/home/wms/AF2-test/AF2-CatGraph/results/AqTMK/02_template_guided_docking/complexes/AqTMK_28_complex.pdb,results/AqTMK/05_plip_interaction_graphs/plip_outputs/AqTMK_28/report.xml,salt_bridges,P4,ARG90A,1595,salt_bridges,salt_bridge,TMP:C:1:P4,P4,TMP,C,1
AqTMK_28,/home/wms/AF2-test/AF2-CatGraph/results/AqTMK/02_template_guided_docking/complexes/AqTMK_28_complex.pdb,results/AqTMK/05_plip_interaction_graphs/plip_outputs/AqTMK_28/report.xml,salt_bridges,P4,ARG145A,1595,salt_bridges,salt_bridge,TMP:C:1:P4,P4,TMP,C,1
AqTMK_30,/home/wms/AF2-test/AF2-CatGraph/results/AqTMK/02_template_guided_docking/complexes/AqTMK_30_complex.pdb,results/AqTMK/05_plip_interaction_graphs/plip_outputs/AqTMK_30/report.xml,hydrogen_bonds,O10,ASP9A,1591,hydrogen_bonds,hydrogen_bond,ATP:B:1:O10,O10,ATP,B,1
AqTMK_30,/home/wms/AF2-test/AF2-CatGraph/results/AqTMK/02_template_guided_docking/complexes/AqTMK_30_complex.pdb,results/AqTMK/05_plip_interaction_graphs/plip_outputs/AqTMK_30/report.xml,hydrogen_bonds,O8,GLY10A,1588,hydrogen_bonds,hydrogen_bond,ATP:B:1:O8,O8,ATP,B,1
AqTMK_30,/home/wms/AF2-test/AF2-CatGraph/results/AqTMK/02_template_guided_docking/complexes/AqTMK_30_complex.pdb,results/AqTMK/05_plip_interaction_graphs/plip_outputs/AqTMK_30/report.xml,hydrogen_bonds,O7,SER11A,1587,hydrogen_bonds,hydrogen_bond,ATP:B:1:O7,O7,ATP,B,1
AqTMK_30,/home/wms/AF2-test/AF2-CatGraph/results/AqTMK/02_template_guided_docking/complexes/AqTMK_30_complex.pdb,results/AqTMK/05_plip_interaction_graphs/plip_outputs/AqTMK_30/report.xml,hydrogen_bonds,O7,GLY12A,1587,hydrogen_bonds,hydrogen_bond,ATP:B:1:O7,O7,ATP,B,1
AqTMK_30,/home/wms/AF2-test/AF2-CatGraph/results/AqTMK/02_template_guided_docking/complexes/AqTMK_30_complex.pdb,results/AqTMK/05_plip_interaction_graphs/plip_outputs/AqTMK_30/report.xml,hydrogen_bonds,O7,LYS13A,1587,hydrogen_bonds,hydrogen_bond,ATP:B:1:O7,O7,ATP,B,1
AqTMK_30,/home/wms/AF2-test/AF2-CatGraph/results/AqTMK/02_template_guided_docking/complexes/AqTMK_30_complex.pdb,results/AqTMK/05_plip_interaction_graphs/plip_outputs/AqTMK_30/report.xml,hydrogen_bonds,O6,THR14A,1586,hydrogen_bonds,hydrogen_bond,ATP:B:1:O6,O6,ATP,B,1
AqTMK_30,/home/wms/AF2-test/AF2-CatGraph/results/AqTMK/02_template_guided_docking/complexes/AqTMK_30_complex.pdb,results/AqTMK/05_plip_interaction_graphs/plip_outputs/AqTMK_30/report.xml,hydrogen_bonds,O11,THR14A,1592,hydrogen_bonds,hydrogen_bond,ATP:B:1:O11,O11,ATP,B,1
AqTMK_30,/home/wms/AF2-test/AF2-CatGraph/results/AqTMK/02_template_guided_docking/complexes/AqTMK_30_complex.pdb,results/AqTMK/05_plip_interaction_graphs/plip_outputs/AqTMK_30/report.xml,hydrogen_bonds,O2,THR15A,1580,hydrogen_bonds,hydrogen_bond,ATP:B:1:O2,O2,ATP,B,1
AqTMK_30,/home/wms/AF2-test/AF2-CatGraph/results/AqTMK/02_template_guided_docking/complexes/AqTMK_30_complex.pdb,results/AqTMK/05_plip_interaction_graphs/plip_outputs/AqTMK_30/report.xml,hydrogen_bonds,O4,THR15A,1583,hydrogen_bonds,hydrogen_bond,ATP:B:1:O4,O4,ATP,B,1
AqTMK_30,/home/wms/AF2-test/AF2-CatGraph/results/AqTMK/02_template_guided_docking/complexes/AqTMK_30_complex.pdb,results/AqTMK/05_plip_interaction_graphs/plip_outputs/AqTMK_30/report.xml,hydrogen_bonds,O4,THR15A,1583,hydrogen_bonds,hydrogen_bond,ATP:B:1:O4,O4,ATP,B,1
AqTMK_30,/home/wms/AF2-test/AF2-CatGraph/results/AqTMK/02_template_guided_docking/complexes/AqTMK_30_complex.pdb,results/AqTMK/05_plip_interaction_graphs/plip_outputs/AqTMK_30/report.xml,salt_bridges,P2,LYS13A,1585,salt_bridges,salt_bridge,ATP:B:1:P2,P2,ATP,B,1
AqTMK_30,/home/wms/AF2-test/AF2-CatGraph/results/AqTMK/02_template_guided_docking/complexes/AqTMK_30_complex.pdb,results/AqTMK/05_plip_interaction_graphs/plip_outputs/AqTMK_30/report.xml,salt_bridges,P3,LYS13A,1589,salt_bridges,salt_bridge,ATP:B:1:P3,P3,ATP,B,1
AqTMK_30,/home/wms/AF2-test/AF2-CatGraph/results/AqTMK/02_template_guided_docking/complexes/AqTMK_30_complex.pdb,results/AqTMK/05_plip_interaction_graphs/plip_outputs/AqTMK_30/report.xml,salt_bridges,P3,ARG90A,1589,salt_bridges,salt_bridge,ATP:B:1:P3,P3,ATP,B,1
AqTMK_30,/home/wms/AF2-test/AF2-CatGraph/results/AqTMK/02_template_guided_docking/complexes/AqTMK_30_complex.pdb,results/AqTMK/05_plip_interaction_graphs/plip_outputs/AqTMK_30/report.xml,salt_bridges,P2,LYS143A,1585,salt_bridges,salt_bridge,ATP:B:1:P2,P2,ATP,B,1
AqTMK_30,/home/wms/AF2-test/AF2-CatGraph/results/AqTMK/02_template_guided_docking/complexes/AqTMK_30_complex.pdb,results/AqTMK/05_plip_interaction_graphs/plip_outputs/AqTMK_30/report.xml,salt_bridges,P1,LYS143A,1581,salt_bridges,salt_bridge,ATP:B:1:P1,P1,ATP,B,1
AqTMK_30,/home/wms/AF2-test/AF2-CatGraph/results/AqTMK/02_template_guided_docking/complexes/AqTMK_30_complex.pdb,results/AqTMK/05_plip_interaction_graphs/plip_outputs/AqTMK_30/report.xml,salt_bridges,P3,LYS143A,1589,salt_bridges,salt_bridge,ATP:B:1:P3,P3,ATP,B,1
AqTMK_30,/home/wms/AF2-test/AF2-CatGraph/results/AqTMK/02_template_guided_docking/complexes/AqTMK_30_complex.pdb,results/AqTMK/05_plip_interaction_graphs/plip_outputs/AqTMK_30/report.xml,salt_bridges,P3,ARG145A,1589,salt_bridges,salt_bridge,ATP:B:1:P3,P3,ATP,B,1
AqTMK_30,/home/wms/AF2-test/AF2-CatGraph/results/AqTMK/02_template_guided_docking/complexes/AqTMK_30_complex.pdb,results/AqTMK/05_plip_interaction_graphs/plip_outputs/AqTMK_30/report.xml,metal_complexes,MG,THR14A,1599,metal_complexes,metal_complex,MG:B:203:MG,MG,MG,B,203
AqTMK_30,/home/wms/AF2-test/AF2-CatGraph/results/AqTMK/02_template_guided_docking/complexes/AqTMK_30_complex.pdb,results/AqTMK/05_plip_interaction_graphs/plip_outputs/AqTMK_30/report.xml,hydrogen_bonds,O13,ARG145A,1596,hydrogen_bonds,hydrogen_bond,TMP:C:1:O13,O13,TMP,C,1
AqTMK_30,/home/wms/AF2-test/AF2-CatGraph/results/AqTMK/02_template_guided_docking/complexes/AqTMK_30_complex.pdb,results/AqTMK/05_plip_interaction_graphs/plip_outputs/AqTMK_30/report.xml,salt_bridges,P4,ARG47A,1595,salt_bridges,salt_bridge,TMP:C:1:P4,P4,TMP,C,1
AqTMK_30,/home/wms/AF2-test/AF2-CatGraph/results/AqTMK/02_template_guided_docking/complexes/AqTMK_30_complex.pdb,results/AqTMK/05_plip_interaction_graphs/plip_outputs/AqTMK_30/report.xml,salt_bridges,P4,ARG90A,1595,salt_bridges,salt_bridge,TMP:C:1:P4,P4,TMP,C,1
AqTMK_33,/home/wms/AF2-test/AF2-CatGraph/results/AqTMK/02_template_guided_docking/complexes/AqTMK_33_complex.pdb,results/AqTMK/05_plip_interaction_graphs/plip_outputs/AqTMK_33/report.xml,hydrogen_bonds,O10,ASP9A,1591,hydrogen_bonds,hydrogen_bond,ATP:B:1:O10,O10,ATP,B,1
AqTMK_33,/home/wms/AF2-test/AF2-CatGraph/results/AqTMK/02_template_guided_docking/complexes/AqTMK_33_complex.pdb,results/AqTMK/05_plip_interaction_graphs/plip_outputs/AqTMK_33/report.xml,hydrogen_bonds,O8,GLY10A,1588,hydrogen_bonds,hydrogen_bond,ATP:B:1:O8,O8,ATP,B,1
AqTMK_33,/home/wms/AF2-test/AF2-CatGraph/results/AqTMK/02_template_guided_docking/complexes/AqTMK_33_complex.pdb,results/AqTMK/05_plip_interaction_graphs/plip_outputs/AqTMK_33/report.xml,hydrogen_bonds,O7,SER11A,1587,hydrogen_bonds,hydrogen_bond,ATP:B:1:O7,O7,ATP,B,1
AqTMK_33,/home/wms/AF2-test/AF2-CatGraph/results/AqTMK/02_template_guided_docking/complexes/AqTMK_33_complex.pdb,results/AqTMK/05_plip_interaction_graphs/plip_outputs/AqTMK_33/report.xml,hydrogen_bonds,O7,GLY12A,1587,hydrogen_bonds,hydrogen_bond,ATP:B:1:O7,O7,ATP,B,1
AqTMK_33,/home/wms/AF2-test/AF2-CatGraph/results/AqTMK/02_template_guided_docking/complexes/AqTMK_33_complex.pdb,results/AqTMK/05_plip_interaction_graphs/plip_outputs/AqTMK_33/report.xml,hydrogen_bonds,O7,LYS13A,1587,hydrogen_bonds,hydrogen_bond,ATP:B:1:O7,O7,ATP,B,1
AqTMK_33,/home/wms/AF2-test/AF2-CatGraph/results/AqTMK/02_template_guided_docking/complexes/AqTMK_33_complex.pdb,results/AqTMK/05_plip_interaction_graphs/plip_outputs/AqTMK_33/report.xml,hydrogen_bonds,O6,THR14A,1586,hydrogen_bonds,hydrogen_bond,ATP:B:1:O6,O6,ATP,B,1
AqTMK_33,/home/wms/AF2-test/AF2-CatGraph/results/AqTMK/02_template_guided_docking/complexes/AqTMK_33_complex.pdb,results/AqTMK/05_plip_interaction_graphs/plip_outputs/AqTMK_33/report.xml,hydrogen_bonds,O4,THR15A,1583,hydrogen_bonds,hydrogen_bond,ATP:B:1:O4,O4,ATP,B,1
AqTMK_33,/home/wms/AF2-test/AF2-CatGraph/results/AqTMK/02_template_guided_docking/complexes/AqTMK_33_complex.pdb,results/AqTMK/05_plip_interaction_graphs/plip_outputs/AqTMK_33/report.xml,hydrogen_bonds,O4,THR15A,1583,hydrogen_bonds,hydrogen_bond,ATP:B:1:O4,O4,ATP,B,1
AqTMK_33,/home/wms/AF2-test/AF2-CatGraph/results/AqTMK/02_template_guided_docking/complexes/AqTMK_33_complex.pdb,results/AqTMK/05_plip_interaction_graphs/plip_outputs/AqTMK_33/report.xml,salt_bridges,P2,LYS13A,1585,salt_bridges,salt_bridge,ATP:B:1:P2,P2,ATP,B,1
AqTMK_33,/home/wms/AF2-test/AF2-CatGraph/results/AqTMK/02_template_guided_docking/complexes/AqTMK_33_complex.pdb,results/AqTMK/05_plip_interaction_graphs/plip_outputs/AqTMK_33/report.xml,salt_bridges,P3,LYS13A,1589,salt_bridges,salt_bridge,ATP:B:1:P3,P3,ATP,B,1
AqTMK_33,/home/wms/AF2-test/AF2-CatGraph/results/AqTMK/02_template_guided_docking/complexes/AqTMK_33_complex.pdb,results/AqTMK/05_plip_interaction_graphs/plip_outputs/AqTMK_33/report.xml,salt_bridges,P3,ARG90A,1589,salt_bridges,salt_bridge,ATP:B:1:P3,P3,ATP,B,1
AqTMK_33,/home/wms/AF2-test/AF2-CatGraph/results/AqTMK/02_template_guided_docking/complexes/AqTMK_33_complex.pdb,results/AqTMK/05_plip_interaction_graphs/plip_outputs/AqTMK_33/report.xml,hydrogen_bonds,O14,ARG47A,1597,hydrogen_bonds,hydrogen_bond,TMP:C:1:O14,O14,TMP,C,1
AqTMK_33,/home/wms/AF2-test/AF2-CatGraph/results/AqTMK/02_template_guided_docking/complexes/AqTMK_33_complex.pdb,results/AqTMK/05_plip_interaction_graphs/plip_outputs/AqTMK_33/report.xml,salt_bridges,P4,ARG90A,1595,salt_bridges,salt_bridge,TMP:C:1:P4,P4,TMP,C,1
AqTMK_35,/home/wms/AF2-test/AF2-CatGraph/results/AqTMK/02_template_guided_docking/complexes/AqTMK_35_complex.pdb,results/AqTMK/05_plip_interaction_graphs/plip_outputs/AqTMK_35/report.xml,hydrogen_bonds,O10,ASP9A,1591,hydrogen_bonds,hydrogen_bond,ATP:B:1:O10,O10,ATP,B,1
AqTMK_35,/home/wms/AF2-test/AF2-CatGraph/results/AqTMK/02_template_guided_docking/complexes/AqTMK_35_complex.pdb,results/AqTMK/05_plip_interaction_graphs/plip_outputs/AqTMK_35/report.xml,hydrogen_bonds,O8,GLY10A,1588,hydrogen_bonds,hydrogen_bond,ATP:B:1:O8,O8,ATP,B,1
AqTMK_35,/home/wms/AF2-test/AF2-CatGraph/results/AqTMK/02_template_guided_docking/complexes/AqTMK_35_complex.pdb,results/AqTMK/05_plip_interaction_graphs/plip_outputs/AqTMK_35/report.xml,hydrogen_bonds,O7,SER11A,1587,hydrogen_bonds,hydrogen_bond,ATP:B:1:O7,O7,ATP,B,1
AqTMK_35,/home/wms/AF2-test/AF2-CatGraph/results/AqTMK/02_template_guided_docking/complexes/AqTMK_35_complex.pdb,results/AqTMK/05_plip_interaction_graphs/plip_outputs/AqTMK_35/report.xml,hydrogen_bonds,O5,GLY12A,1584,hydrogen_bonds,hydrogen_bond,ATP:B:1:O5,O5,ATP,B,1
AqTMK_35,/home/wms/AF2-test/AF2-CatGraph/results/AqTMK/02_template_guided_docking/complexes/AqTMK_35_complex.pdb,results/AqTMK/05_plip_interaction_graphs/plip_outputs/AqTMK_35/report.xml,hydrogen_bonds,O7,LYS13A,1587,hydrogen_bonds,hydrogen_bond,ATP:B:1:O7,O7,ATP,B,1
AqTMK_35,/home/wms/AF2-test/AF2-CatGraph/results/AqTMK/02_template_guided_docking/complexes/AqTMK_35_complex.pdb,results/AqTMK/05_plip_interaction_graphs/plip_outputs/AqTMK_35/report.xml,hydrogen_bonds,O6,THR14A,1586,hydrogen_bonds,hydrogen_bond,ATP:B:1:O6,O6,ATP,B,1
AqTMK_35,/home/wms/AF2-test/AF2-CatGraph/results/AqTMK/02_template_guided_docking/complexes/AqTMK_35_complex.pdb,results/AqTMK/05_plip_interaction_graphs/plip_outputs/AqTMK_35/report.xml,hydrogen_bonds,O11,THR14A,1592,hydrogen_bonds,hydrogen_bond,ATP:B:1:O11,O11,ATP,B,1
AqTMK_35,/home/wms/AF2-test/AF2-CatGraph/results/AqTMK/02_template_guided_docking/complexes/AqTMK_35_complex.pdb,results/AqTMK/05_plip_interaction_graphs/plip_outputs/AqTMK_35/report.xml,hydrogen_bonds,O2,THR15A,1580,hydrogen_bonds,hydrogen_bond,ATP:B:1:O2,O2,ATP,B,1
AqTMK_35,/home/wms/AF2-test/AF2-CatGraph/results/AqTMK/02_template_guided_docking/complexes/AqTMK_35_complex.pdb,results/AqTMK/05_plip_interaction_graphs/plip_outputs/AqTMK_35/report.xml,hydrogen_bonds,O4,THR15A,1583,hydrogen_bonds,hydrogen_bond,ATP:B:1:O4,O4,ATP,B,1
AqTMK_35,/home/wms/AF2-test/AF2-CatGraph/results/AqTMK/02_template_guided_docking/complexes/AqTMK_35_complex.pdb,results/AqTMK/05_plip_interaction_graphs/plip_outputs/AqTMK_35/report.xml,hydrogen_bonds,O4,THR15A,1583,hydrogen_bonds,hydrogen_bond,ATP:B:1:O4,O4,ATP,B,1
AqTMK_35,/home/wms/AF2-test/AF2-CatGraph/results/AqTMK/02_template_guided_docking/complexes/AqTMK_35_complex.pdb,results/AqTMK/05_plip_interaction_graphs/plip_outputs/AqTMK_35/report.xml,salt_bridges,P2,LYS13A,1585,salt_bridges,salt_bridge,ATP:B:1:P2,P2,ATP,B,1
AqTMK_35,/home/wms/AF2-test/AF2-CatGraph/results/AqTMK/02_template_guided_docking/complexes/AqTMK_35_complex.pdb,results/AqTMK/05_plip_interaction_graphs/plip_outputs/AqTMK_35/report.xml,salt_bridges,P3,LYS13A,1589,salt_bridges,salt_bridge,ATP:B:1:P3,P3,ATP,B,1
AqTMK_35,/home/wms/AF2-test/AF2-CatGraph/results/AqTMK/02_template_guided_docking/complexes/AqTMK_35_complex.pdb,results/AqTMK/05_plip_interaction_graphs/plip_outputs/AqTMK_35/report.xml,salt_bridges,P3,ARG90A,1589,salt_bridges,salt_bridge,ATP:B:1:P3,P3,ATP,B,1
AqTMK_35,/home/wms/AF2-test/AF2-CatGraph/results/AqTMK/02_template_guided_docking/complexes/AqTMK_35_complex.pdb,results/AqTMK/05_plip_interaction_graphs/plip_outputs/AqTMK_35/report.xml,salt_bridges,P2,LYS143A,1585,salt_bridges,salt_bridge,ATP:B:1:P2,P2,ATP,B,1
AqTMK_35,/home/wms/AF2-test/AF2-CatGraph/results/AqTMK/02_template_guided_docking/complexes/AqTMK_35_complex.pdb,results/AqTMK/05_plip_interaction_graphs/plip_outputs/AqTMK_35/report.xml,salt_bridges,P1,LYS143A,1581,salt_bridges,salt_bridge,ATP:B:1:P1,P1,ATP,B,1
AqTMK_35,/home/wms/AF2-test/AF2-CatGraph/results/AqTMK/02_template_guided_docking/complexes/AqTMK_35_complex.pdb,results/AqTMK/05_plip_interaction_graphs/plip_outputs/AqTMK_35/report.xml,salt_bridges,P3,ARG145A,1589,salt_bridges,salt_bridge,ATP:B:1:P3,P3,ATP,B,1
AqTMK_35,/home/wms/AF2-test/AF2-CatGraph/results/AqTMK/02_template_guided_docking/complexes/AqTMK_35_complex.pdb,results/AqTMK/05_plip_interaction_graphs/plip_outputs/AqTMK_35/report.xml,metal_complexes,MG,THR14A,1599,metal_complexes,metal_complex,MG:B:203:MG,MG,MG,B,203
AqTMK_35,/home/wms/AF2-test/AF2-CatGraph/results/AqTMK/02_template_guided_docking/complexes/AqTMK_35_complex.pdb,results/AqTMK/05_plip_interaction_graphs/plip_outputs/AqTMK_35/report.xml,hydrogen_bonds,O14,ARG47A,1597,hydrogen_bonds,hydrogen_bond,TMP:C:1:O14,O14,TMP,C,1
AqTMK_35,/home/wms/AF2-test/AF2-CatGraph/results/AqTMK/02_template_guided_docking/complexes/AqTMK_35_complex.pdb,results/AqTMK/05_plip_interaction_graphs/plip_outputs/AqTMK_35/report.xml,salt_bridges,P4,ARG35A,1595,salt_bridges,salt_bridge,TMP:C:1:P4,P4,TMP,C,1
AqTMK_35,/home/wms/AF2-test/AF2-CatGraph/results/AqTMK/02_template_guided_docking/complexes/AqTMK_35_complex.pdb,results/AqTMK/05_plip_interaction_graphs/plip_outputs/AqTMK_35/report.xml,salt_bridges,P4,ARG90A,1595,salt_bridges,salt_bridge,TMP:C:1:P4,P4,TMP,C,1
AqTMK_35,/home/wms/AF2-test/AF2-CatGraph/results/AqTMK/02_template_guided_docking/complexes/AqTMK_35_complex.pdb,results/AqTMK/05_plip_interaction_graphs/plip_outputs/AqTMK_35/report.xml,salt_bridges,P4,ARG145A,1595,salt_bridges,salt_bridge,TMP:C:1:P4,P4,TMP,C,1
AqTMK_37,/home/wms/AF2-test/AF2-CatGraph/results/AqTMK/02_template_guided_docking/complexes/AqTMK_37_complex.pdb,results/AqTMK/05_plip_interaction_graphs/plip_outputs/AqTMK_37/report.xml,hydrogen_bonds,O10,ASP9A,1591,hydrogen_bonds,hydrogen_bond,ATP:B:1:O10,O10,ATP,B,1
AqTMK_37,/home/wms/AF2-test/AF2-CatGraph/results/AqTMK/02_template_guided_docking/complexes/AqTMK_37_complex.pdb,results/AqTMK/05_plip_interaction_graphs/plip_outputs/AqTMK_37/report.xml,hydrogen_bonds,O8,GLY10A,1588,hydrogen_bonds,hydrogen_bond,ATP:B:1:O8,O8,ATP,B,1
AqTMK_37,/home/wms/AF2-test/AF2-CatGraph/results/AqTMK/02_template_guided_docking/complexes/AqTMK_37_complex.pdb,results/AqTMK/05_plip_interaction_graphs/plip_outputs/AqTMK_37/report.xml,hydrogen_bonds,O7,SER11A,1587,hydrogen_bonds,hydrogen_bond,ATP:B:1:O7,O7,ATP,B,1
AqTMK_37,/home/wms/AF2-test/AF2-CatGraph/results/AqTMK/02_template_guided_docking/complexes/AqTMK_37_complex.pdb,results/AqTMK/05_plip_interaction_graphs/plip_outputs/AqTMK_37/report.xml,hydrogen_bonds,O7,GLY12A,1587,hydrogen_bonds,hydrogen_bond,ATP:B:1:O7,O7,ATP,B,1
AqTMK_37,/home/wms/AF2-test/AF2-CatGraph/results/AqTMK/02_template_guided_docking/complexes/AqTMK_37_complex.pdb,results/AqTMK/05_plip_interaction_graphs/plip_outputs/AqTMK_37/report.xml,hydrogen_bonds,O7,LYS13A,1587,hydrogen_bonds,hydrogen_bond,ATP:B:1:O7,O7,ATP,B,1
AqTMK_37,/home/wms/AF2-test/AF2-CatGraph/results/AqTMK/02_template_guided_docking/complexes/AqTMK_37_complex.pdb,results/AqTMK/05_plip_interaction_graphs/plip_outputs/AqTMK_37/report.xml,hydrogen_bonds,O6,THR14A,1586,hydrogen_bonds,hydrogen_bond,ATP:B:1:O6,O6,ATP,B,1
AqTMK_37,/home/wms/AF2-test/AF2-CatGraph/results/AqTMK/02_template_guided_docking/complexes/AqTMK_37_complex.pdb,results/AqTMK/05_plip_interaction_graphs/plip_outputs/AqTMK_37/report.xml,hydrogen_bonds,O4,THR15A,1583,hydrogen_bonds,hydrogen_bond,ATP:B:1:O4,O4,ATP,B,1
AqTMK_37,/home/wms/AF2-test/AF2-CatGraph/results/AqTMK/02_template_guided_docking/complexes/AqTMK_37_complex.pdb,results/AqTMK/05_plip_interaction_graphs/plip_outputs/AqTMK_37/report.xml,hydrogen_bonds,O4,THR15A,1583,hydrogen_bonds,hydrogen_bond,ATP:B:1:O4,O4,ATP,B,1
AqTMK_37,/home/wms/AF2-test/AF2-CatGraph/results/AqTMK/02_template_guided_docking/complexes/AqTMK_37_complex.pdb,results/AqTMK/05_plip_interaction_graphs/plip_outputs/AqTMK_37/report.xml,salt_bridges,P2,LYS13A,1585,salt_bridges,salt_bridge,ATP:B:1:P2,P2,ATP,B,1
AqTMK_37,/home/wms/AF2-test/AF2-CatGraph/results/AqTMK/02_template_guided_docking/complexes/AqTMK_37_complex.pdb,results/AqTMK/05_plip_interaction_graphs/plip_outputs/AqTMK_37/report.xml,salt_bridges,P3,LYS13A,1589,salt_bridges,salt_bridge,ATP:B:1:P3,P3,ATP,B,1
AqTMK_37,/home/wms/AF2-test/AF2-CatGraph/results/AqTMK/02_template_guided_docking/complexes/AqTMK_37_complex.pdb,results/AqTMK/05_plip_interaction_graphs/plip_outputs/AqTMK_37/report.xml,salt_bridges,P3,ARG90A,1589,salt_bridges,salt_bridge,ATP:B:1:P3,P3,ATP,B,1
AqTMK_37,/home/wms/AF2-test/AF2-CatGraph/results/AqTMK/02_template_guided_docking/complexes/AqTMK_37_complex.pdb,results/AqTMK/05_plip_interaction_graphs/plip_outputs/AqTMK_37/report.xml,salt_bridges,P2,LYS143A,1585,salt_bridges,salt_bridge,ATP:B:1:P2,P2,ATP,B,1
AqTMK_37,/home/wms/AF2-test/AF2-CatGraph/results/AqTMK/02_template_guided_docking/complexes/AqTMK_37_complex.pdb,results/AqTMK/05_plip_interaction_graphs/plip_outputs/AqTMK_37/report.xml,salt_bridges,P1,LYS143A,1581,salt_bridges,salt_bridge,ATP:B:1:P1,P1,ATP,B,1
AqTMK_37,/home/wms/AF2-test/AF2-CatGraph/results/AqTMK/02_template_guided_docking/complexes/AqTMK_37_complex.pdb,results/AqTMK/05_plip_interaction_graphs/plip_outputs/AqTMK_37/report.xml,salt_bridges,P3,ARG145A,1589,salt_bridges,salt_bridge,ATP:B:1:P3,P3,ATP,B,1
AqTMK_37,/home/wms/AF2-test/AF2-CatGraph/results/AqTMK/02_template_guided_docking/complexes/AqTMK_37_complex.pdb,results/AqTMK/05_plip_interaction_graphs/plip_outputs/AqTMK_37/report.xml,metal_complexes,MG,THR14A,1599,metal_complexes,metal_complex,MG:B:203:MG,MG,MG,B,203
AqTMK_37,/home/wms/AF2-test/AF2-CatGraph/results/AqTMK/02_template_guided_docking/complexes/AqTMK_37_complex.pdb,results/AqTMK/05_plip_interaction_graphs/plip_outputs/AqTMK_37/report.xml,salt_bridges,P4,LYS13A,1595,salt_bridges,salt_bridge,TMP:C:1:P4,P4,TMP,C,1
AqTMK_37,/home/wms/AF2-test/AF2-CatGraph/results/AqTMK/02_template_guided_docking/complexes/AqTMK_37_complex.pdb,results/AqTMK/05_plip_interaction_graphs/plip_outputs/AqTMK_37/report.xml,salt_bridges,P4,ARG47A,1595,salt_bridges,salt_bridge,TMP:C:1:P4,P4,TMP,C,1
AqTMK_37,/home/wms/AF2-test/AF2-CatGraph/results/AqTMK/02_template_guided_docking/complexes/AqTMK_37_complex.pdb,results/AqTMK/05_plip_interaction_graphs/plip_outputs/AqTMK_37/report.xml,salt_bridges,P4,ARG90A,1595,salt_bridges,salt_bridge,TMP:C:1:P4,P4,TMP,C,1
AqTMK_37,/home/wms/AF2-test/AF2-CatGraph/results/AqTMK/02_template_guided_docking/complexes/AqTMK_37_complex.pdb,results/AqTMK/05_plip_interaction_graphs/plip_outputs/AqTMK_37/report.xml,salt_bridges,P4,ARG145A,1595,salt_bridges,salt_bridge,TMP:C:1:P4,P4,TMP,C,1
AqTMK_38,/home/wms/AF2-test/AF2-CatGraph/results/AqTMK/02_template_guided_docking/complexes/AqTMK_38_complex.pdb,results/AqTMK/05_plip_interaction_graphs/plip_outputs/AqTMK_38/report.xml,hydrogen_bonds,O10,ASP9A,1591,hydrogen_bonds,hydrogen_bond,ATP:B:1:O10,O10,ATP,B,1
AqTMK_38,/home/wms/AF2-test/AF2-CatGraph/results/AqTMK/02_template_guided_docking/complexes/AqTMK_38_complex.pdb,results/AqTMK/05_plip_interaction_graphs/plip_outputs/AqTMK_38/report.xml,hydrogen_bonds,O8,GLY10A,1588,hydrogen_bonds,hydrogen_bond,ATP:B:1:O8,O8,ATP,B,1
AqTMK_38,/home/wms/AF2-test/AF2-CatGraph/results/AqTMK/02_template_guided_docking/complexes/AqTMK_38_complex.pdb,results/AqTMK/05_plip_interaction_graphs/plip_outputs/AqTMK_38/report.xml,hydrogen_bonds,O7,SER11A,1587,hydrogen_bonds,hydrogen_bond,ATP:B:1:O7,O7,ATP,B,1
AqTMK_38,/home/wms/AF2-test/AF2-CatGraph/results/AqTMK/02_template_guided_docking/complexes/AqTMK_38_complex.pdb,results/AqTMK/05_plip_interaction_graphs/plip_outputs/AqTMK_38/report.xml,hydrogen_bonds,O7,GLY12A,1587,hydrogen_bonds,hydrogen_bond,ATP:B:1:O7,O7,ATP,B,1
AqTMK_38,/home/wms/AF2-test/AF2-CatGraph/results/AqTMK/02_template_guided_docking/complexes/AqTMK_38_complex.pdb,results/AqTMK/05_plip_interaction_graphs/plip_outputs/AqTMK_38/report.xml,hydrogen_bonds,O7,LYS13A,1587,hydrogen_bonds,hydrogen_bond,ATP:B:1:O7,O7,ATP,B,1
AqTMK_38,/home/wms/AF2-test/AF2-CatGraph/results/AqTMK/02_template_guided_docking/complexes/AqTMK_38_complex.pdb,results/AqTMK/05_plip_interaction_graphs/plip_outputs/AqTMK_38/report.xml,hydrogen_bonds,O6,THR14A,1586,hydrogen_bonds,hydrogen_bond,ATP:B:1:O6,O6,ATP,B,1
AqTMK_38,/home/wms/AF2-test/AF2-CatGraph/results/AqTMK/02_template_guided_docking/complexes/AqTMK_38_complex.pdb,results/AqTMK/05_plip_interaction_graphs/plip_outputs/AqTMK_38/report.xml,hydrogen_bonds,O2,THR15A,1580,hydrogen_bonds,hydrogen_bond,ATP:B:1:O2,O2,ATP,B,1
AqTMK_38,/home/wms/AF2-test/AF2-CatGraph/results/AqTMK/02_template_guided_docking/complexes/AqTMK_38_complex.pdb,results/AqTMK/05_plip_interaction_graphs/plip_outputs/AqTMK_38/report.xml,hydrogen_bonds,O4,THR15A,1583,hydrogen_bonds,hydrogen_bond,ATP:B:1:O4,O4,ATP,B,1
AqTMK_38,/home/wms/AF2-test/AF2-CatGraph/results/AqTMK/02_template_guided_docking/complexes/AqTMK_38_complex.pdb,results/AqTMK/05_plip_interaction_graphs/plip_outputs/AqTMK_38/report.xml,hydrogen_bonds,O4,THR15A,1583,hydrogen_bonds,hydrogen_bond,ATP:B:1:O4,O4,ATP,B,1
AqTMK_38,/home/wms/AF2-test/AF2-CatGraph/results/AqTMK/02_template_guided_docking/complexes/AqTMK_38_complex.pdb,results/AqTMK/05_plip_interaction_graphs/plip_outputs/AqTMK_38/report.xml,salt_bridges,P2,LYS13A,1585,salt_bridges,salt_bridge,ATP:B:1:P2,P2,ATP,B,1
AqTMK_38,/home/wms/AF2-test/AF2-CatGraph/results/AqTMK/02_template_guided_docking/complexes/AqTMK_38_complex.pdb,results/AqTMK/05_plip_interaction_graphs/plip_outputs/AqTMK_38/report.xml,salt_bridges,P3,LYS13A,1589,salt_bridges,salt_bridge,ATP:B:1:P3,P3,ATP,B,1
AqTMK_38,/home/wms/AF2-test/AF2-CatGraph/results/AqTMK/02_template_guided_docking/complexes/AqTMK_38_complex.pdb,results/AqTMK/05_plip_interaction_graphs/plip_outputs/AqTMK_38/report.xml,salt_bridges,P2,LYS143A,1585,salt_bridges,salt_bridge,ATP:B:1:P2,P2,ATP,B,1
AqTMK_38,/home/wms/AF2-test/AF2-CatGraph/results/AqTMK/02_template_guided_docking/complexes/AqTMK_38_complex.pdb,results/AqTMK/05_plip_interaction_graphs/plip_outputs/AqTMK_38/report.xml,salt_bridges,P1,LYS143A,1581,salt_bridges,salt_bridge,ATP:B:1:P1,P1,ATP,B,1
AqTMK_38,/home/wms/AF2-test/AF2-CatGraph/results/AqTMK/02_template_guided_docking/complexes/AqTMK_38_complex.pdb,results/AqTMK/05_plip_interaction_graphs/plip_outputs/AqTMK_38/report.xml,salt_bridges,P3,ARG145A,1589,salt_bridges,salt_bridge,ATP:B:1:P3,P3,ATP,B,1
AqTMK_38,/home/wms/AF2-test/AF2-CatGraph/results/AqTMK/02_template_guided_docking/complexes/AqTMK_38_complex.pdb,results/AqTMK/05_plip_interaction_graphs/plip_outputs/AqTMK_38/report.xml,metal_complexes,MG,THR14A,1599,metal_complexes,metal_complex,MG:B:203:MG,MG,MG,B,203
AqTMK_38,/home/wms/AF2-test/AF2-CatGraph/results/AqTMK/02_template_guided_docking/complexes/AqTMK_38_complex.pdb,results/AqTMK/05_plip_interaction_graphs/plip_outputs/AqTMK_38/report.xml,salt_bridges,P4,ARG35A,1595,salt_bridges,salt_bridge,TMP:C:1:P4,P4,TMP,C,1
AqTMK_38,/home/wms/AF2-test/AF2-CatGraph/results/AqTMK/02_template_guided_docking/complexes/AqTMK_38_complex.pdb,results/AqTMK/05_plip_interaction_graphs/plip_outputs/AqTMK_38/report.xml,salt_bridges,P4,ARG47A,1595,salt_bridges,salt_bridge,TMP:C:1:P4,P4,TMP,C,1
AqTMK_38,/home/wms/AF2-test/AF2-CatGraph/results/AqTMK/02_template_guided_docking/complexes/AqTMK_38_complex.pdb,results/AqTMK/05_plip_interaction_graphs/plip_outputs/AqTMK_38/report.xml,salt_bridges,P4,ARG90A,1595,salt_bridges,salt_bridge,TMP:C:1:P4,P4,TMP,C,1
AqTMK_38,/home/wms/AF2-test/AF2-CatGraph/results/AqTMK/02_template_guided_docking/complexes/AqTMK_38_complex.pdb,results/AqTMK/05_plip_interaction_graphs/plip_outputs/AqTMK_38/report.xml,salt_bridges,P4,ARG145A,1595,salt_bridges,salt_bridge,TMP:C:1:P4,P4,TMP,C,1
AqTMK_39,/home/wms/AF2-test/AF2-CatGraph/results/AqTMK/02_template_guided_docking/complexes/AqTMK_39_complex.pdb,results/AqTMK/05_plip_interaction_graphs/plip_outputs/AqTMK_39/report.xml,hydrogen_bonds,O10,ASP9A,1591,hydrogen_bonds,hydrogen_bond,ATP:B:1:O10,O10,ATP,B,1
AqTMK_39,/home/wms/AF2-test/AF2-CatGraph/results/AqTMK/02_template_guided_docking/complexes/AqTMK_39_complex.pdb,results/AqTMK/05_plip_interaction_graphs/plip_outputs/AqTMK_39/report.xml,hydrogen_bonds,O8,GLY10A,1588,hydrogen_bonds,hydrogen_bond,ATP:B:1:O8,O8,ATP,B,1
AqTMK_39,/home/wms/AF2-test/AF2-CatGraph/results/AqTMK/02_template_guided_docking/complexes/AqTMK_39_complex.pdb,results/AqTMK/05_plip_interaction_graphs/plip_outputs/AqTMK_39/report.xml,hydrogen_bonds,O7,SER11A,1587,hydrogen_bonds,hydrogen_bond,ATP:B:1:O7,O7,ATP,B,1
AqTMK_39,/home/wms/AF2-test/AF2-CatGraph/results/AqTMK/02_template_guided_docking/complexes/AqTMK_39_complex.pdb,results/AqTMK/05_plip_interaction_graphs/plip_outputs/AqTMK_39/report.xml,hydrogen_bonds,O7,GLY12A,1587,hydrogen_bonds,hydrogen_bond,ATP:B:1:O7,O7,ATP,B,1
AqTMK_39,/home/wms/AF2-test/AF2-CatGraph/results/AqTMK/02_template_guided_docking/complexes/AqTMK_39_complex.pdb,results/AqTMK/05_plip_interaction_graphs/plip_outputs/AqTMK_39/report.xml,hydrogen_bonds,O7,LYS13A,1587,hydrogen_bonds,hydrogen_bond,ATP:B:1:O7,O7,ATP,B,1
AqTMK_39,/home/wms/AF2-test/AF2-CatGraph/results/AqTMK/02_template_guided_docking/complexes/AqTMK_39_complex.pdb,results/AqTMK/05_plip_interaction_graphs/plip_outputs/AqTMK_39/report.xml,hydrogen_bonds,O6,THR14A,1586,hydrogen_bonds,hydrogen_bond,ATP:B:1:O6,O6,ATP,B,1
AqTMK_39,/home/wms/AF2-test/AF2-CatGraph/results/AqTMK/02_template_guided_docking/complexes/AqTMK_39_complex.pdb,results/AqTMK/05_plip_interaction_graphs/plip_outputs/AqTMK_39/report.xml,hydrogen_bonds,O2,THR15A,1580,hydrogen_bonds,hydrogen_bond,ATP:B:1:O2,O2,ATP,B,1
AqTMK_39,/home/wms/AF2-test/AF2-CatGraph/results/AqTMK/02_template_guided_docking/complexes/AqTMK_39_complex.pdb,results/AqTMK/05_plip_interaction_graphs/plip_outputs/AqTMK_39/report.xml,hydrogen_bonds,O4,THR15A,1583,hydrogen_bonds,hydrogen_bond,ATP:B:1:O4,O4,ATP,B,1
AqTMK_39,/home/wms/AF2-test/AF2-CatGraph/results/AqTMK/02_template_guided_docking/complexes/AqTMK_39_complex.pdb,results/AqTMK/05_plip_interaction_graphs/plip_outputs/AqTMK_39/report.xml,hydrogen_bonds,O4,THR15A,1583,hydrogen_bonds,hydrogen_bond,ATP:B:1:O4,O4,ATP,B,1
AqTMK_39,/home/wms/AF2-test/AF2-CatGraph/results/AqTMK/02_template_guided_docking/complexes/AqTMK_39_complex.pdb,results/AqTMK/05_plip_interaction_graphs/plip_outputs/AqTMK_39/report.xml,hydrogen_bonds,O10,ARG90A,1591,hydrogen_bonds,hydrogen_bond,ATP:B:1:O10,O10,ATP,B,1
AqTMK_39,/home/wms/AF2-test/AF2-CatGraph/results/AqTMK/02_template_guided_docking/complexes/AqTMK_39_complex.pdb,results/AqTMK/05_plip_interaction_graphs/plip_outputs/AqTMK_39/report.xml,salt_bridges,P2,LYS13A,1585,salt_bridges,salt_bridge,ATP:B:1:P2,P2,ATP,B,1
AqTMK_39,/home/wms/AF2-test/AF2-CatGraph/results/AqTMK/02_template_guided_docking/complexes/AqTMK_39_complex.pdb,results/AqTMK/05_plip_interaction_graphs/plip_outputs/AqTMK_39/report.xml,salt_bridges,P3,LYS13A,1589,salt_bridges,salt_bridge,ATP:B:1:P3,P3,ATP,B,1
AqTMK_39,/home/wms/AF2-test/AF2-CatGraph/results/AqTMK/02_template_guided_docking/complexes/AqTMK_39_complex.pdb,results/AqTMK/05_plip_interaction_graphs/plip_outputs/AqTMK_39/report.xml,salt_bridges,P2,LYS143A,1585,salt_bridges,salt_bridge,ATP:B:1:P2,P2,ATP,B,1
AqTMK_39,/home/wms/AF2-test/AF2-CatGraph/results/AqTMK/02_template_guided_docking/complexes/AqTMK_39_complex.pdb,results/AqTMK/05_plip_interaction_graphs/plip_outputs/AqTMK_39/report.xml,salt_bridges,P1,LYS143A,1581,salt_bridges,salt_bridge,ATP:B:1:P1,P1,ATP,B,1
AqTMK_39,/home/wms/AF2-test/AF2-CatGraph/results/AqTMK/02_template_guided_docking/complexes/AqTMK_39_complex.pdb,results/AqTMK/05_plip_interaction_graphs/plip_outputs/AqTMK_39/report.xml,salt_bridges,P3,ARG145A,1589,salt_bridges,salt_bridge,ATP:B:1:P3,P3,ATP,B,1
AqTMK_39,/home/wms/AF2-test/AF2-CatGraph/results/AqTMK/02_template_guided_docking/complexes/AqTMK_39_complex.pdb,results/AqTMK/05_plip_interaction_graphs/plip_outputs/AqTMK_39/report.xml,metal_complexes,MG,THR14A,1599,metal_complexes,metal_complex,MG:B:203:MG,MG,MG,B,203
AqTMK_39,/home/wms/AF2-test/AF2-CatGraph/results/AqTMK/02_template_guided_docking/complexes/AqTMK_39_complex.pdb,results/AqTMK/05_plip_interaction_graphs/plip_outputs/AqTMK_39/report.xml,salt_bridges,P4,ARG35A,1595,salt_bridges,salt_bridge,TMP:C:1:P4,P4,TMP,C,1
AqTMK_39,/home/wms/AF2-test/AF2-CatGraph/results/AqTMK/02_template_guided_docking/complexes/AqTMK_39_complex.pdb,results/AqTMK/05_plip_interaction_graphs/plip_outputs/AqTMK_39/report.xml,salt_bridges,P4,ARG47A,1595,salt_bridges,salt_bridge,TMP:C:1:P4,P4,TMP,C,1
AqTMK_39,/home/wms/AF2-test/AF2-CatGraph/results/AqTMK/02_template_guided_docking/complexes/AqTMK_39_complex.pdb,results/AqTMK/05_plip_interaction_graphs/plip_outputs/AqTMK_39/report.xml,salt_bridges,P4,ARG90A,1595,salt_bridges,salt_bridge,TMP:C:1:P4,P4,TMP,C,1
AqTMK_39,/home/wms/AF2-test/AF2-CatGraph/results/AqTMK/02_template_guided_docking/complexes/AqTMK_39_complex.pdb,results/AqTMK/05_plip_interaction_graphs/plip_outputs/AqTMK_39/report.xml,salt_bridges,P4,ARG145A,1595,salt_bridges,salt_bridge,TMP:C:1:P4,P4,TMP,C,1
AqTMK_41,/home/wms/AF2-test/AF2-CatGraph/results/AqTMK/02_template_guided_docking/complexes/AqTMK_41_complex.pdb,results/AqTMK/05_plip_interaction_graphs/plip_outputs/AqTMK_41/report.xml,hydrogen_bonds,O10,ASP9A,1591,hydrogen_bonds,hydrogen_bond,ATP:B:1:O10,O10,ATP,B,1
AqTMK_41,/home/wms/AF2-test/AF2-CatGraph/results/AqTMK/02_template_guided_docking/complexes/AqTMK_41_complex.pdb,results/AqTMK/05_plip_interaction_graphs/plip_outputs/AqTMK_41/report.xml,hydrogen_bonds,O8,GLY10A,1588,hydrogen_bonds,hydrogen_bond,ATP:B:1:O8,O8,ATP,B,1
AqTMK_41,/home/wms/AF2-test/AF2-CatGraph/results/AqTMK/02_template_guided_docking/complexes/AqTMK_41_complex.pdb,results/AqTMK/05_plip_interaction_graphs/plip_outputs/AqTMK_41/report.xml,hydrogen_bonds,O7,SER11A,1587,hydrogen_bonds,hydrogen_bond,ATP:B:1:O7,O7,ATP,B,1
AqTMK_41,/home/wms/AF2-test/AF2-CatGraph/results/AqTMK/02_template_guided_docking/complexes/AqTMK_41_complex.pdb,results/AqTMK/05_plip_interaction_graphs/plip_outputs/AqTMK_41/report.xml,hydrogen_bonds,O7,GLY12A,1587,hydrogen_bonds,hydrogen_bond,ATP:B:1:O7,O7,ATP,B,1
AqTMK_41,/home/wms/AF2-test/AF2-CatGraph/results/AqTMK/02_template_guided_docking/complexes/AqTMK_41_complex.pdb,results/AqTMK/05_plip_interaction_graphs/plip_outputs/AqTMK_41/report.xml,hydrogen_bonds,O7,LYS13A,1587,hydrogen_bonds,hydrogen_bond,ATP:B:1:O7,O7,ATP,B,1
AqTMK_41,/home/wms/AF2-test/AF2-CatGraph/results/AqTMK/02_template_guided_docking/complexes/AqTMK_41_complex.pdb,results/AqTMK/05_plip_interaction_graphs/plip_outputs/AqTMK_41/report.xml,hydrogen_bonds,O6,THR14A,1586,hydrogen_bonds,hydrogen_bond,ATP:B:1:O6,O6,ATP,B,1
AqTMK_41,/home/wms/AF2-test/AF2-CatGraph/results/AqTMK/02_template_guided_docking/complexes/AqTMK_41_complex.pdb,results/AqTMK/05_plip_interaction_graphs/plip_outputs/AqTMK_41/report.xml,hydrogen_bonds,O11,THR14A,1592,hydrogen_bonds,hydrogen_bond,ATP:B:1:O11,O11,ATP,B,1
AqTMK_41,/home/wms/AF2-test/AF2-CatGraph/results/AqTMK/02_template_guided_docking/complexes/AqTMK_41_complex.pdb,results/AqTMK/05_plip_interaction_graphs/plip_outputs/AqTMK_41/report.xml,hydrogen_bonds,O2,THR15A,1580,hydrogen_bonds,hydrogen_bond,ATP:B:1:O2,O2,ATP,B,1
AqTMK_41,/home/wms/AF2-test/AF2-CatGraph/results/AqTMK/02_template_guided_docking/complexes/AqTMK_41_complex.pdb,results/AqTMK/05_plip_interaction_graphs/plip_outputs/AqTMK_41/report.xml,hydrogen_bonds,O4,THR15A,1583,hydrogen_bonds,hydrogen_bond,ATP:B:1:O4,O4,ATP,B,1
AqTMK_41,/home/wms/AF2-test/AF2-CatGraph/results/AqTMK/02_template_guided_docking/complexes/AqTMK_41_complex.pdb,results/AqTMK/05_plip_interaction_graphs/plip_outputs/AqTMK_41/report.xml,hydrogen_bonds,O4,THR15A,1583,hydrogen_bonds,hydrogen_bond,ATP:B:1:O4,O4,ATP,B,1
AqTMK_41,/home/wms/AF2-test/AF2-CatGraph/results/AqTMK/02_template_guided_docking/complexes/AqTMK_41_complex.pdb,results/AqTMK/05_plip_interaction_graphs/plip_outputs/AqTMK_41/report.xml,salt_bridges,P2,LYS13A,1585,salt_bridges,salt_bridge,ATP:B:1:P2,P2,ATP,B,1
AqTMK_41,/home/wms/AF2-test/AF2-CatGraph/results/AqTMK/02_template_guided_docking/complexes/AqTMK_41_complex.pdb,results/AqTMK/05_plip_interaction_graphs/plip_outputs/AqTMK_41/report.xml,salt_bridges,P3,LYS13A,1589,salt_bridges,salt_bridge,ATP:B:1:P3,P3,ATP,B,1
AqTMK_41,/home/wms/AF2-test/AF2-CatGraph/results/AqTMK/02_template_guided_docking/complexes/AqTMK_41_complex.pdb,results/AqTMK/05_plip_interaction_graphs/plip_outputs/AqTMK_41/report.xml,salt_bridges,P3,ARG90A,1589,salt_bridges,salt_bridge,ATP:B:1:P3,P3,ATP,B,1
AqTMK_41,/home/wms/AF2-test/AF2-CatGraph/results/AqTMK/02_template_guided_docking/complexes/AqTMK_41_complex.pdb,results/AqTMK/05_plip_interaction_graphs/plip_outputs/AqTMK_41/report.xml,salt_bridges,P2,LYS143A,1585,salt_bridges,salt_bridge,ATP:B:1:P2,P2,ATP,B,1
AqTMK_41,/home/wms/AF2-test/AF2-CatGraph/results/AqTMK/02_template_guided_docking/complexes/AqTMK_41_complex.pdb,results/AqTMK/05_plip_interaction_graphs/plip_outputs/AqTMK_41/report.xml,salt_bridges,P1,LYS143A,1581,salt_bridges,salt_bridge,ATP:B:1:P1,P1,ATP,B,1
AqTMK_41,/home/wms/AF2-test/AF2-CatGraph/results/AqTMK/02_template_guided_docking/complexes/AqTMK_41_complex.pdb,results/AqTMK/05_plip_interaction_graphs/plip_outputs/AqTMK_41/report.xml,salt_bridges,P3,LYS143A,1589,salt_bridges,salt_bridge,ATP:B:1:P3,P3,ATP,B,1
AqTMK_41,/home/wms/AF2-test/AF2-CatGraph/results/AqTMK/02_template_guided_docking/complexes/AqTMK_41_complex.pdb,results/AqTMK/05_plip_interaction_graphs/plip_outputs/AqTMK_41/report.xml,salt_bridges,P3,ARG145A,1589,salt_bridges,salt_bridge,ATP:B:1:P3,P3,ATP,B,1
AqTMK_41,/home/wms/AF2-test/AF2-CatGraph/results/AqTMK/02_template_guided_docking/complexes/AqTMK_41_complex.pdb,results/AqTMK/05_plip_interaction_graphs/plip_outputs/AqTMK_41/report.xml,metal_complexes,MG,THR14A,1599,metal_complexes,metal_complex,MG:B:203:MG,MG,MG,B,203
AqTMK_41,/home/wms/AF2-test/AF2-CatGraph/results/AqTMK/02_template_guided_docking/complexes/AqTMK_41_complex.pdb,results/AqTMK/05_plip_interaction_graphs/plip_outputs/AqTMK_41/report.xml,salt_bridges,P4,ARG90A,1595,salt_bridges,salt_bridge,TMP:C:1:P4,P4,TMP,C,1
AqTMK_41,/home/wms/AF2-test/AF2-CatGraph/results/AqTMK/02_template_guided_docking/complexes/AqTMK_41_complex.pdb,results/AqTMK/05_plip_interaction_graphs/plip_outputs/AqTMK_41/report.xml,salt_bridges,P4,ARG145A,1595,salt_bridges,salt_bridge,TMP:C:1:P4,P4,TMP,C,1
AqTMK_43,/home/wms/AF2-test/AF2-CatGraph/results/AqTMK/02_template_guided_docking/complexes/AqTMK_43_complex.pdb,results/AqTMK/05_plip_interaction_graphs/plip_outputs/AqTMK_43/report.xml,hydrogen_bonds,O10,ASP9A,1591,hydrogen_bonds,hydrogen_bond,ATP:B:1:O10,O10,ATP,B,1
AqTMK_43,/home/wms/AF2-test/AF2-CatGraph/results/AqTMK/02_template_guided_docking/complexes/AqTMK_43_complex.pdb,results/AqTMK/05_plip_interaction_graphs/plip_outputs/AqTMK_43/report.xml,hydrogen_bonds,O8,GLY10A,1588,hydrogen_bonds,hydrogen_bond,ATP:B:1:O8,O8,ATP,B,1
AqTMK_43,/home/wms/AF2-test/AF2-CatGraph/results/AqTMK/02_template_guided_docking/complexes/AqTMK_43_complex.pdb,results/AqTMK/05_plip_interaction_graphs/plip_outputs/AqTMK_43/report.xml,hydrogen_bonds,O8,SER11A,1588,hydrogen_bonds,hydrogen_bond,ATP:B:1:O8,O8,ATP,B,1
AqTMK_43,/home/wms/AF2-test/AF2-CatGraph/results/AqTMK/02_template_guided_docking/complexes/AqTMK_43_complex.pdb,results/AqTMK/05_plip_interaction_graphs/plip_outputs/AqTMK_43/report.xml,hydrogen_bonds,O7,GLY12A,1587,hydrogen_bonds,hydrogen_bond,ATP:B:1:O7,O7,ATP,B,1
AqTMK_43,/home/wms/AF2-test/AF2-CatGraph/results/AqTMK/02_template_guided_docking/complexes/AqTMK_43_complex.pdb,results/AqTMK/05_plip_interaction_graphs/plip_outputs/AqTMK_43/report.xml,hydrogen_bonds,O7,LYS13A,1587,hydrogen_bonds,hydrogen_bond,ATP:B:1:O7,O7,ATP,B,1
AqTMK_43,/home/wms/AF2-test/AF2-CatGraph/results/AqTMK/02_template_guided_docking/complexes/AqTMK_43_complex.pdb,results/AqTMK/05_plip_interaction_graphs/plip_outputs/AqTMK_43/report.xml,hydrogen_bonds,O6,THR14A,1586,hydrogen_bonds,hydrogen_bond,ATP:B:1:O6,O6,ATP,B,1
AqTMK_43,/home/wms/AF2-test/AF2-CatGraph/results/AqTMK/02_template_guided_docking/complexes/AqTMK_43_complex.pdb,results/AqTMK/05_plip_interaction_graphs/plip_outputs/AqTMK_43/report.xml,hydrogen_bonds,O4,THR15A,1583,hydrogen_bonds,hydrogen_bond,ATP:B:1:O4,O4,ATP,B,1
AqTMK_43,/home/wms/AF2-test/AF2-CatGraph/results/AqTMK/02_template_guided_docking/complexes/AqTMK_43_complex.pdb,results/AqTMK/05_plip_interaction_graphs/plip_outputs/AqTMK_43/report.xml,hydrogen_bonds,O4,THR15A,1583,hydrogen_bonds,hydrogen_bond,ATP:B:1:O4,O4,ATP,B,1
AqTMK_43,/home/wms/AF2-test/AF2-CatGraph/results/AqTMK/02_template_guided_docking/complexes/AqTMK_43_complex.pdb,results/AqTMK/05_plip_interaction_graphs/plip_outputs/AqTMK_43/report.xml,salt_bridges,P2,LYS13A,1585,salt_bridges,salt_bridge,ATP:B:1:P2,P2,ATP,B,1
AqTMK_43,/home/wms/AF2-test/AF2-CatGraph/results/AqTMK/02_template_guided_docking/complexes/AqTMK_43_complex.pdb,results/AqTMK/05_plip_interaction_graphs/plip_outputs/AqTMK_43/report.xml,salt_bridges,P3,LYS13A,1589,salt_bridges,salt_bridge,ATP:B:1:P3,P3,ATP,B,1
AqTMK_43,/home/wms/AF2-test/AF2-CatGraph/results/AqTMK/02_template_guided_docking/complexes/AqTMK_43_complex.pdb,results/AqTMK/05_plip_interaction_graphs/plip_outputs/AqTMK_43/report.xml,salt_bridges,P3,ARG90A,1589,salt_bridges,salt_bridge,ATP:B:1:P3,P3,ATP,B,1
AqTMK_43,/home/wms/AF2-test/AF2-CatGraph/results/AqTMK/02_template_guided_docking/complexes/AqTMK_43_complex.pdb,results/AqTMK/05_plip_interaction_graphs/plip_outputs/AqTMK_43/report.xml,hydrogen_bonds,O14,ARG47A,1597,hydrogen_bonds,hydrogen_bond,TMP:C:1:O14,O14,TMP,C,1
AqTMK_43,/home/wms/AF2-test/AF2-CatGraph/results/AqTMK/02_template_guided_docking/complexes/AqTMK_43_complex.pdb,results/AqTMK/05_plip_interaction_graphs/plip_outputs/AqTMK_43/report.xml,salt_bridges,P4,ARG90A,1595,salt_bridges,salt_bridge,TMP:C:1:P4,P4,TMP,C,1
AqTMK_44,/home/wms/AF2-test/AF2-CatGraph/results/AqTMK/02_template_guided_docking/complexes/AqTMK_44_complex.pdb,results/AqTMK/05_plip_interaction_graphs/plip_outputs/AqTMK_44/report.xml,hydrogen_bonds,O10,ASP9A,1591,hydrogen_bonds,hydrogen_bond,ATP:B:1:O10,O10,ATP,B,1
AqTMK_44,/home/wms/AF2-test/AF2-CatGraph/results/AqTMK/02_template_guided_docking/complexes/AqTMK_44_complex.pdb,results/AqTMK/05_plip_interaction_graphs/plip_outputs/AqTMK_44/report.xml,hydrogen_bonds,O8,GLY10A,1588,hydrogen_bonds,hydrogen_bond,ATP:B:1:O8,O8,ATP,B,1
AqTMK_44,/home/wms/AF2-test/AF2-CatGraph/results/AqTMK/02_template_guided_docking/complexes/AqTMK_44_complex.pdb,results/AqTMK/05_plip_interaction_graphs/plip_outputs/AqTMK_44/report.xml,hydrogen_bonds,O7,SER11A,1587,hydrogen_bonds,hydrogen_bond,ATP:B:1:O7,O7,ATP,B,1
AqTMK_44,/home/wms/AF2-test/AF2-CatGraph/results/AqTMK/02_template_guided_docking/complexes/AqTMK_44_complex.pdb,results/AqTMK/05_plip_interaction_graphs/plip_outputs/AqTMK_44/report.xml,hydrogen_bonds,O7,GLY12A,1587,hydrogen_bonds,hydrogen_bond,ATP:B:1:O7,O7,ATP,B,1
AqTMK_44,/home/wms/AF2-test/AF2-CatGraph/results/AqTMK/02_template_guided_docking/complexes/AqTMK_44_complex.pdb,results/AqTMK/05_plip_interaction_graphs/plip_outputs/AqTMK_44/report.xml,hydrogen_bonds,O7,LYS13A,1587,hydrogen_bonds,hydrogen_bond,ATP:B:1:O7,O7,ATP,B,1
AqTMK_44,/home/wms/AF2-test/AF2-CatGraph/results/AqTMK/02_template_guided_docking/complexes/AqTMK_44_complex.pdb,results/AqTMK/05_plip_interaction_graphs/plip_outputs/AqTMK_44/report.xml,hydrogen_bonds,O6,THR14A,1586,hydrogen_bonds,hydrogen_bond,ATP:B:1:O6,O6,ATP,B,1
AqTMK_44,/home/wms/AF2-test/AF2-CatGraph/results/AqTMK/02_template_guided_docking/complexes/AqTMK_44_complex.pdb,results/AqTMK/05_plip_interaction_graphs/plip_outputs/AqTMK_44/report.xml,hydrogen_bonds,O2,THR15A,1580,hydrogen_bonds,hydrogen_bond,ATP:B:1:O2,O2,ATP,B,1
AqTMK_44,/home/wms/AF2-test/AF2-CatGraph/results/AqTMK/02_template_guided_docking/complexes/AqTMK_44_complex.pdb,results/AqTMK/05_plip_interaction_graphs/plip_outputs/AqTMK_44/report.xml,hydrogen_bonds,O4,THR15A,1583,hydrogen_bonds,hydrogen_bond,ATP:B:1:O4,O4,ATP,B,1
AqTMK_44,/home/wms/AF2-test/AF2-CatGraph/results/AqTMK/02_template_guided_docking/complexes/AqTMK_44_complex.pdb,results/AqTMK/05_plip_interaction_graphs/plip_outputs/AqTMK_44/report.xml,hydrogen_bonds,O4,THR15A,1583,hydrogen_bonds,hydrogen_bond,ATP:B:1:O4,O4,ATP,B,1
AqTMK_44,/home/wms/AF2-test/AF2-CatGraph/results/AqTMK/02_template_guided_docking/complexes/AqTMK_44_complex.pdb,results/AqTMK/05_plip_interaction_graphs/plip_outputs/AqTMK_44/report.xml,salt_bridges,P2,LYS13A,1585,salt_bridges,salt_bridge,ATP:B:1:P2,P2,ATP,B,1
AqTMK_44,/home/wms/AF2-test/AF2-CatGraph/results/AqTMK/02_template_guided_docking/complexes/AqTMK_44_complex.pdb,results/AqTMK/05_plip_interaction_graphs/plip_outputs/AqTMK_44/report.xml,salt_bridges,P3,LYS13A,1589,salt_bridges,salt_bridge,ATP:B:1:P3,P3,ATP,B,1
AqTMK_44,/home/wms/AF2-test/AF2-CatGraph/results/AqTMK/02_template_guided_docking/complexes/AqTMK_44_complex.pdb,results/AqTMK/05_plip_interaction_graphs/plip_outputs/AqTMK_44/report.xml,salt_bridges,P3,ARG90A,1589,salt_bridges,salt_bridge,ATP:B:1:P3,P3,ATP,B,1
AqTMK_44,/home/wms/AF2-test/AF2-CatGraph/results/AqTMK/02_template_guided_docking/complexes/AqTMK_44_complex.pdb,results/AqTMK/05_plip_interaction_graphs/plip_outputs/AqTMK_44/report.xml,salt_bridges,P2,LYS143A,1585,salt_bridges,salt_bridge,ATP:B:1:P2,P2,ATP,B,1
AqTMK_44,/home/wms/AF2-test/AF2-CatGraph/results/AqTMK/02_template_guided_docking/complexes/AqTMK_44_complex.pdb,results/AqTMK/05_plip_interaction_graphs/plip_outputs/AqTMK_44/report.xml,salt_bridges,P1,LYS143A,1581,salt_bridges,salt_bridge,ATP:B:1:P1,P1,ATP,B,1
AqTMK_44,/home/wms/AF2-test/AF2-CatGraph/results/AqTMK/02_template_guided_docking/complexes/AqTMK_44_complex.pdb,results/AqTMK/05_plip_interaction_graphs/plip_outputs/AqTMK_44/report.xml,salt_bridges,P3,LYS143A,1589,salt_bridges,salt_bridge,ATP:B:1:P3,P3,ATP,B,1
AqTMK_44,/home/wms/AF2-test/AF2-CatGraph/results/AqTMK/02_template_guided_docking/complexes/AqTMK_44_complex.pdb,results/AqTMK/05_plip_interaction_graphs/plip_outputs/AqTMK_44/report.xml,salt_bridges,P3,ARG145A,1589,salt_bridges,salt_bridge,ATP:B:1:P3,P3,ATP,B,1
AqTMK_44,/home/wms/AF2-test/AF2-CatGraph/results/AqTMK/02_template_guided_docking/complexes/AqTMK_44_complex.pdb,results/AqTMK/05_plip_interaction_graphs/plip_outputs/AqTMK_44/report.xml,metal_complexes,MG,THR14A,1599,metal_complexes,metal_complex,MG:B:203:MG,MG,MG,B,203
AqTMK_44,/home/wms/AF2-test/AF2-CatGraph/results/AqTMK/02_template_guided_docking/complexes/AqTMK_44_complex.pdb,results/AqTMK/05_plip_interaction_graphs/plip_outputs/AqTMK_44/report.xml,salt_bridges,P4,ARG47A,1595,salt_bridges,salt_bridge,TMP:C:1:P4,P4,TMP,C,1
AqTMK_44,/home/wms/AF2-test/AF2-CatGraph/results/AqTMK/02_template_guided_docking/complexes/AqTMK_44_complex.pdb,results/AqTMK/05_plip_interaction_graphs/plip_outputs/AqTMK_44/report.xml,salt_bridges,P4,ARG90A,1595,salt_bridges,salt_bridge,TMP:C:1:P4,P4,TMP,C,1
AqTMK_44,/home/wms/AF2-test/AF2-CatGraph/results/AqTMK/02_template_guided_docking/complexes/AqTMK_44_complex.pdb,results/AqTMK/05_plip_interaction_graphs/plip_outputs/AqTMK_44/report.xml,salt_bridges,P4,ARG145A,1595,salt_bridges,salt_bridge,TMP:C:1:P4,P4,TMP,C,1
AqTMK_45,/home/wms/AF2-test/AF2-CatGraph/results/AqTMK/02_template_guided_docking/complexes/AqTMK_45_complex.pdb,results/AqTMK/05_plip_interaction_graphs/plip_outputs/AqTMK_45/report.xml,hydrogen_bonds,O10,ASP9A,1591,hydrogen_bonds,hydrogen_bond,ATP:B:1:O10,O10,ATP,B,1
AqTMK_45,/home/wms/AF2-test/AF2-CatGraph/results/AqTMK/02_template_guided_docking/complexes/AqTMK_45_complex.pdb,results/AqTMK/05_plip_interaction_graphs/plip_outputs/AqTMK_45/report.xml,hydrogen_bonds,O8,GLY10A,1588,hydrogen_bonds,hydrogen_bond,ATP:B:1:O8,O8,ATP,B,1
AqTMK_45,/home/wms/AF2-test/AF2-CatGraph/results/AqTMK/02_template_guided_docking/complexes/AqTMK_45_complex.pdb,results/AqTMK/05_plip_interaction_graphs/plip_outputs/AqTMK_45/report.xml,hydrogen_bonds,O7,SER11A,1587,hydrogen_bonds,hydrogen_bond,ATP:B:1:O7,O7,ATP,B,1
AqTMK_45,/home/wms/AF2-test/AF2-CatGraph/results/AqTMK/02_template_guided_docking/complexes/AqTMK_45_complex.pdb,results/AqTMK/05_plip_interaction_graphs/plip_outputs/AqTMK_45/report.xml,hydrogen_bonds,O5,GLY12A,1584,hydrogen_bonds,hydrogen_bond,ATP:B:1:O5,O5,ATP,B,1
AqTMK_45,/home/wms/AF2-test/AF2-CatGraph/results/AqTMK/02_template_guided_docking/complexes/AqTMK_45_complex.pdb,results/AqTMK/05_plip_interaction_graphs/plip_outputs/AqTMK_45/report.xml,hydrogen_bonds,O7,LYS13A,1587,hydrogen_bonds,hydrogen_bond,ATP:B:1:O7,O7,ATP,B,1
AqTMK_45,/home/wms/AF2-test/AF2-CatGraph/results/AqTMK/02_template_guided_docking/complexes/AqTMK_45_complex.pdb,results/AqTMK/05_plip_interaction_graphs/plip_outputs/AqTMK_45/report.xml,hydrogen_bonds,O6,THR14A,1586,hydrogen_bonds,hydrogen_bond,ATP:B:1:O6,O6,ATP,B,1
AqTMK_45,/home/wms/AF2-test/AF2-CatGraph/results/AqTMK/02_template_guided_docking/complexes/AqTMK_45_complex.pdb,results/AqTMK/05_plip_interaction_graphs/plip_outputs/AqTMK_45/report.xml,hydrogen_bonds,O4,THR15A,1583,hydrogen_bonds,hydrogen_bond,ATP:B:1:O4,O4,ATP,B,1
AqTMK_45,/home/wms/AF2-test/AF2-CatGraph/results/AqTMK/02_template_guided_docking/complexes/AqTMK_45_complex.pdb,results/AqTMK/05_plip_interaction_graphs/plip_outputs/AqTMK_45/report.xml,hydrogen_bonds,O4,THR15A,1583,hydrogen_bonds,hydrogen_bond,ATP:B:1:O4,O4,ATP,B,1
AqTMK_45,/home/wms/AF2-test/AF2-CatGraph/results/AqTMK/02_template_guided_docking/complexes/AqTMK_45_complex.pdb,results/AqTMK/05_plip_interaction_graphs/plip_outputs/AqTMK_45/report.xml,salt_bridges,P2,LYS13A,1585,salt_bridges,salt_bridge,ATP:B:1:P2,P2,ATP,B,1
AqTMK_45,/home/wms/AF2-test/AF2-CatGraph/results/AqTMK/02_template_guided_docking/complexes/AqTMK_45_complex.pdb,results/AqTMK/05_plip_interaction_graphs/plip_outputs/AqTMK_45/report.xml,salt_bridges,P3,LYS13A,1589,salt_bridges,salt_bridge,ATP:B:1:P3,P3,ATP,B,1
AqTMK_45,/home/wms/AF2-test/AF2-CatGraph/results/AqTMK/02_template_guided_docking/complexes/AqTMK_45_complex.pdb,results/AqTMK/05_plip_interaction_graphs/plip_outputs/AqTMK_45/report.xml,salt_bridges,P3,ARG90A,1589,salt_bridges,salt_bridge,ATP:B:1:P3,P3,ATP,B,1
AqTMK_45,/home/wms/AF2-test/AF2-CatGraph/results/AqTMK/02_template_guided_docking/complexes/AqTMK_45_complex.pdb,results/AqTMK/05_plip_interaction_graphs/plip_outputs/AqTMK_45/report.xml,metal_complexes,MG,THR14A,1599,metal_complexes,metal_complex,MG:B:203:MG,MG,MG,B,203
AqTMK_45,/home/wms/AF2-test/AF2-CatGraph/results/AqTMK/02_template_guided_docking/complexes/AqTMK_45_complex.pdb,results/AqTMK/05_plip_interaction_graphs/plip_outputs/AqTMK_45/report.xml,salt_bridges,P4,ARG47A,1595,salt_bridges,salt_bridge,TMP:C:1:P4,P4,TMP,C,1
AqTMK_45,/home/wms/AF2-test/AF2-CatGraph/results/AqTMK/02_template_guided_docking/complexes/AqTMK_45_complex.pdb,results/AqTMK/05_plip_interaction_graphs/plip_outputs/AqTMK_45/report.xml,salt_bridges,P4,ARG90A,1595,salt_bridges,salt_bridge,TMP:C:1:P4,P4,TMP,C,1
AqTMK_46,/home/wms/AF2-test/AF2-CatGraph/results/AqTMK/02_template_guided_docking/complexes/AqTMK_46_complex.pdb,results/AqTMK/05_plip_interaction_graphs/plip_outputs/AqTMK_46/report.xml,hydrogen_bonds,O10,ASP9A,1591,hydrogen_bonds,hydrogen_bond,ATP:B:1:O10,O10,ATP,B,1
AqTMK_46,/home/wms/AF2-test/AF2-CatGraph/results/AqTMK/02_template_guided_docking/complexes/AqTMK_46_complex.pdb,results/AqTMK/05_plip_interaction_graphs/plip_outputs/AqTMK_46/report.xml,hydrogen_bonds,O8,GLY10A,1588,hydrogen_bonds,hydrogen_bond,ATP:B:1:O8,O8,ATP,B,1
AqTMK_46,/home/wms/AF2-test/AF2-CatGraph/results/AqTMK/02_template_guided_docking/complexes/AqTMK_46_complex.pdb,results/AqTMK/05_plip_interaction_graphs/plip_outputs/AqTMK_46/report.xml,hydrogen_bonds,O7,SER11A,1587,hydrogen_bonds,hydrogen_bond,ATP:B:1:O7,O7,ATP,B,1
AqTMK_46,/home/wms/AF2-test/AF2-CatGraph/results/AqTMK/02_template_guided_docking/complexes/AqTMK_46_complex.pdb,results/AqTMK/05_plip_interaction_graphs/plip_outputs/AqTMK_46/report.xml,hydrogen_bonds,O7,GLY12A,1587,hydrogen_bonds,hydrogen_bond,ATP:B:1:O7,O7,ATP,B,1
AqTMK_46,/home/wms/AF2-test/AF2-CatGraph/results/AqTMK/02_template_guided_docking/complexes/AqTMK_46_complex.pdb,results/AqTMK/05_plip_interaction_graphs/plip_outputs/AqTMK_46/report.xml,hydrogen_bonds,O7,LYS13A,1587,hydrogen_bonds,hydrogen_bond,ATP:B:1:O7,O7,ATP,B,1
AqTMK_46,/home/wms/AF2-test/AF2-CatGraph/results/AqTMK/02_template_guided_docking/complexes/AqTMK_46_complex.pdb,results/AqTMK/05_plip_interaction_graphs/plip_outputs/AqTMK_46/report.xml,hydrogen_bonds,O6,THR14A,1586,hydrogen_bonds,hydrogen_bond,ATP:B:1:O6,O6,ATP,B,1
AqTMK_46,/home/wms/AF2-test/AF2-CatGraph/results/AqTMK/02_template_guided_docking/complexes/AqTMK_46_complex.pdb,results/AqTMK/05_plip_interaction_graphs/plip_outputs/AqTMK_46/report.xml,hydrogen_bonds,O11,THR14A,1592,hydrogen_bonds,hydrogen_bond,ATP:B:1:O11,O11,ATP,B,1
AqTMK_46,/home/wms/AF2-test/AF2-CatGraph/results/AqTMK/02_template_guided_docking/complexes/AqTMK_46_complex.pdb,results/AqTMK/05_plip_interaction_graphs/plip_outputs/AqTMK_46/report.xml,hydrogen_bonds,O2,THR15A,1580,hydrogen_bonds,hydrogen_bond,ATP:B:1:O2,O2,ATP,B,1
AqTMK_46,/home/wms/AF2-test/AF2-CatGraph/results/AqTMK/02_template_guided_docking/complexes/AqTMK_46_complex.pdb,results/AqTMK/05_plip_interaction_graphs/plip_outputs/AqTMK_46/report.xml,hydrogen_bonds,O4,THR15A,1583,hydrogen_bonds,hydrogen_bond,ATP:B:1:O4,O4,ATP,B,1
AqTMK_46,/home/wms/AF2-test/AF2-CatGraph/results/AqTMK/02_template_guided_docking/complexes/AqTMK_46_complex.pdb,results/AqTMK/05_plip_interaction_graphs/plip_outputs/AqTMK_46/report.xml,hydrogen_bonds,O4,THR15A,1583,hydrogen_bonds,hydrogen_bond,ATP:B:1:O4,O4,ATP,B,1
AqTMK_46,/home/wms/AF2-test/AF2-CatGraph/results/AqTMK/02_template_guided_docking/complexes/AqTMK_46_complex.pdb,results/AqTMK/05_plip_interaction_graphs/plip_outputs/AqTMK_46/report.xml,hydrogen_bonds,O10,ARG90A,1591,hydrogen_bonds,hydrogen_bond,ATP:B:1:O10,O10,ATP,B,1
AqTMK_46,/home/wms/AF2-test/AF2-CatGraph/results/AqTMK/02_template_guided_docking/complexes/AqTMK_46_complex.pdb,results/AqTMK/05_plip_interaction_graphs/plip_outputs/AqTMK_46/report.xml,salt_bridges,P2,LYS13A,1585,salt_bridges,salt_bridge,ATP:B:1:P2,P2,ATP,B,1
AqTMK_46,/home/wms/AF2-test/AF2-CatGraph/results/AqTMK/02_template_guided_docking/complexes/AqTMK_46_complex.pdb,results/AqTMK/05_plip_interaction_graphs/plip_outputs/AqTMK_46/report.xml,salt_bridges,P3,LYS13A,1589,salt_bridges,salt_bridge,ATP:B:1:P3,P3,ATP,B,1
AqTMK_46,/home/wms/AF2-test/AF2-CatGraph/results/AqTMK/02_template_guided_docking/complexes/AqTMK_46_complex.pdb,results/AqTMK/05_plip_interaction_graphs/plip_outputs/AqTMK_46/report.xml,salt_bridges,P2,LYS143A,1585,salt_bridges,salt_bridge,ATP:B:1:P2,P2,ATP,B,1
AqTMK_46,/home/wms/AF2-test/AF2-CatGraph/results/AqTMK/02_template_guided_docking/complexes/AqTMK_46_complex.pdb,results/AqTMK/05_plip_interaction_graphs/plip_outputs/AqTMK_46/report.xml,salt_bridges,P1,LYS143A,1581,salt_bridges,salt_bridge,ATP:B:1:P1,P1,ATP,B,1
AqTMK_46,/home/wms/AF2-test/AF2-CatGraph/results/AqTMK/02_template_guided_docking/complexes/AqTMK_46_complex.pdb,results/AqTMK/05_plip_interaction_graphs/plip_outputs/AqTMK_46/report.xml,salt_bridges,P3,ARG145A,1589,salt_bridges,salt_bridge,ATP:B:1:P3,P3,ATP,B,1
AqTMK_46,/home/wms/AF2-test/AF2-CatGraph/results/AqTMK/02_template_guided_docking/complexes/AqTMK_46_complex.pdb,results/AqTMK/05_plip_interaction_graphs/plip_outputs/AqTMK_46/report.xml,metal_complexes,MG,THR14A,1599,metal_complexes,metal_complex,MG:B:203:MG,MG,MG,B,203
AqTMK_46,/home/wms/AF2-test/AF2-CatGraph/results/AqTMK/02_template_guided_docking/complexes/AqTMK_46_complex.pdb,results/AqTMK/05_plip_interaction_graphs/plip_outputs/AqTMK_46/report.xml,salt_bridges,P4,ARG47A,1595,salt_bridges,salt_bridge,TMP:C:1:P4,P4,TMP,C,1
AqTMK_46,/home/wms/AF2-test/AF2-CatGraph/results/AqTMK/02_template_guided_docking/complexes/AqTMK_46_complex.pdb,results/AqTMK/05_plip_interaction_graphs/plip_outputs/AqTMK_46/report.xml,salt_bridges,P4,ARG90A,1595,salt_bridges,salt_bridge,TMP:C:1:P4,P4,TMP,C,1
AqTMK_46,/home/wms/AF2-test/AF2-CatGraph/results/AqTMK/02_template_guided_docking/complexes/AqTMK_46_complex.pdb,results/AqTMK/05_plip_interaction_graphs/plip_outputs/AqTMK_46/report.xml,salt_bridges,P4,ARG145A,1595,salt_bridges,salt_bridge,TMP:C:1:P4,P4,TMP,C,1
AqTMK_47,/home/wms/AF2-test/AF2-CatGraph/results/AqTMK/02_template_guided_docking/complexes/AqTMK_47_complex.pdb,results/AqTMK/05_plip_interaction_graphs/plip_outputs/AqTMK_47/report.xml,hydrogen_bonds,O10,ASP9A,1591,hydrogen_bonds,hydrogen_bond,ATP:B:1:O10,O10,ATP,B,1
AqTMK_47,/home/wms/AF2-test/AF2-CatGraph/results/AqTMK/02_template_guided_docking/complexes/AqTMK_47_complex.pdb,results/AqTMK/05_plip_interaction_graphs/plip_outputs/AqTMK_47/report.xml,hydrogen_bonds,O8,GLY10A,1588,hydrogen_bonds,hydrogen_bond,ATP:B:1:O8,O8,ATP,B,1
AqTMK_47,/home/wms/AF2-test/AF2-CatGraph/results/AqTMK/02_template_guided_docking/complexes/AqTMK_47_complex.pdb,results/AqTMK/05_plip_interaction_graphs/plip_outputs/AqTMK_47/report.xml,hydrogen_bonds,O7,SER11A,1587,hydrogen_bonds,hydrogen_bond,ATP:B:1:O7,O7,ATP,B,1
AqTMK_47,/home/wms/AF2-test/AF2-CatGraph/results/AqTMK/02_template_guided_docking/complexes/AqTMK_47_complex.pdb,results/AqTMK/05_plip_interaction_graphs/plip_outputs/AqTMK_47/report.xml,hydrogen_bonds,O7,GLY12A,1587,hydrogen_bonds,hydrogen_bond,ATP:B:1:O7,O7,ATP,B,1
AqTMK_47,/home/wms/AF2-test/AF2-CatGraph/results/AqTMK/02_template_guided_docking/complexes/AqTMK_47_complex.pdb,results/AqTMK/05_plip_interaction_graphs/plip_outputs/AqTMK_47/report.xml,hydrogen_bonds,O7,LYS13A,1587,hydrogen_bonds,hydrogen_bond,ATP:B:1:O7,O7,ATP,B,1
AqTMK_47,/home/wms/AF2-test/AF2-CatGraph/results/AqTMK/02_template_guided_docking/complexes/AqTMK_47_complex.pdb,results/AqTMK/05_plip_interaction_graphs/plip_outputs/AqTMK_47/report.xml,hydrogen_bonds,O6,THR14A,1586,hydrogen_bonds,hydrogen_bond,ATP:B:1:O6,O6,ATP,B,1
AqTMK_47,/home/wms/AF2-test/AF2-CatGraph/results/AqTMK/02_template_guided_docking/complexes/AqTMK_47_complex.pdb,results/AqTMK/05_plip_interaction_graphs/plip_outputs/AqTMK_47/report.xml,hydrogen_bonds,O4,THR15A,1583,hydrogen_bonds,hydrogen_bond,ATP:B:1:O4,O4,ATP,B,1
AqTMK_47,/home/wms/AF2-test/AF2-CatGraph/results/AqTMK/02_template_guided_docking/complexes/AqTMK_47_complex.pdb,results/AqTMK/05_plip_interaction_graphs/plip_outputs/AqTMK_47/report.xml,hydrogen_bonds,O4,THR15A,1583,hydrogen_bonds,hydrogen_bond,ATP:B:1:O4,O4,ATP,B,1
AqTMK_47,/home/wms/AF2-test/AF2-CatGraph/results/AqTMK/02_template_guided_docking/complexes/AqTMK_47_complex.pdb,results/AqTMK/05_plip_interaction_graphs/plip_outputs/AqTMK_47/report.xml,salt_bridges,P2,LYS13A,1585,salt_bridges,salt_bridge,ATP:B:1:P2,P2,ATP,B,1
AqTMK_47,/home/wms/AF2-test/AF2-CatGraph/results/AqTMK/02_template_guided_docking/complexes/AqTMK_47_complex.pdb,results/AqTMK/05_plip_interaction_graphs/plip_outputs/AqTMK_47/report.xml,salt_bridges,P3,LYS13A,1589,salt_bridges,salt_bridge,ATP:B:1:P3,P3,ATP,B,1
AqTMK_47,/home/wms/AF2-test/AF2-CatGraph/results/AqTMK/02_template_guided_docking/complexes/AqTMK_47_complex.pdb,results/AqTMK/05_plip_interaction_graphs/plip_outputs/AqTMK_47/report.xml,salt_bridges,P3,ARG90A,1589,salt_bridges,salt_bridge,ATP:B:1:P3,P3,ATP,B,1
AqTMK_47,/home/wms/AF2-test/AF2-CatGraph/results/AqTMK/02_template_guided_docking/complexes/AqTMK_47_complex.pdb,results/AqTMK/05_plip_interaction_graphs/plip_outputs/AqTMK_47/report.xml,metal_complexes,MG,THR14A,1599,metal_complexes,metal_complex,MG:B:203:MG,MG,MG,B,203
AqTMK_47,/home/wms/AF2-test/AF2-CatGraph/results/AqTMK/02_template_guided_docking/complexes/AqTMK_47_complex.pdb,results/AqTMK/05_plip_interaction_graphs/plip_outputs/AqTMK_47/report.xml,salt_bridges,P4,ARG47A,1595,salt_bridges,salt_bridge,TMP:C:1:P4,P4,TMP,C,1
AqTMK_47,/home/wms/AF2-test/AF2-CatGraph/results/AqTMK/02_template_guided_docking/complexes/AqTMK_47_complex.pdb,results/AqTMK/05_plip_interaction_graphs/plip_outputs/AqTMK_47/report.xml,salt_bridges,P4,ARG90A,1595,salt_bridges,salt_bridge,TMP:C:1:P4,P4,TMP,C,1
AqTMK_48,/home/wms/AF2-test/AF2-CatGraph/results/AqTMK/02_template_guided_docking/complexes/AqTMK_48_complex.pdb,results/AqTMK/05_plip_interaction_graphs/plip_outputs/AqTMK_48/report.xml,hydrogen_bonds,O10,ASP9A,1591,hydrogen_bonds,hydrogen_bond,ATP:B:1:O10,O10,ATP,B,1
AqTMK_48,/home/wms/AF2-test/AF2-CatGraph/results/AqTMK/02_template_guided_docking/complexes/AqTMK_48_complex.pdb,results/AqTMK/05_plip_interaction_graphs/plip_outputs/AqTMK_48/report.xml,hydrogen_bonds,O8,GLY10A,1588,hydrogen_bonds,hydrogen_bond,ATP:B:1:O8,O8,ATP,B,1
AqTMK_48,/home/wms/AF2-test/AF2-CatGraph/results/AqTMK/02_template_guided_docking/complexes/AqTMK_48_complex.pdb,results/AqTMK/05_plip_interaction_graphs/plip_outputs/AqTMK_48/report.xml,hydrogen_bonds,O7,SER11A,1587,hydrogen_bonds,hydrogen_bond,ATP:B:1:O7,O7,ATP,B,1
AqTMK_48,/home/wms/AF2-test/AF2-CatGraph/results/AqTMK/02_template_guided_docking/complexes/AqTMK_48_complex.pdb,results/AqTMK/05_plip_interaction_graphs/plip_outputs/AqTMK_48/report.xml,hydrogen_bonds,O7,GLY12A,1587,hydrogen_bonds,hydrogen_bond,ATP:B:1:O7,O7,ATP,B,1
AqTMK_48,/home/wms/AF2-test/AF2-CatGraph/results/AqTMK/02_template_guided_docking/complexes/AqTMK_48_complex.pdb,results/AqTMK/05_plip_interaction_graphs/plip_outputs/AqTMK_48/report.xml,hydrogen_bonds,O7,LYS13A,1587,hydrogen_bonds,hydrogen_bond,ATP:B:1:O7,O7,ATP,B,1
AqTMK_48,/home/wms/AF2-test/AF2-CatGraph/results/AqTMK/02_template_guided_docking/complexes/AqTMK_48_complex.pdb,results/AqTMK/05_plip_interaction_graphs/plip_outputs/AqTMK_48/report.xml,hydrogen_bonds,O6,THR14A,1586,hydrogen_bonds,hydrogen_bond,ATP:B:1:O6,O6,ATP,B,1
AqTMK_48,/home/wms/AF2-test/AF2-CatGraph/results/AqTMK/02_template_guided_docking/complexes/AqTMK_48_complex.pdb,results/AqTMK/05_plip_interaction_graphs/plip_outputs/AqTMK_48/report.xml,hydrogen_bonds,O4,THR15A,1583,hydrogen_bonds,hydrogen_bond,ATP:B:1:O4,O4,ATP,B,1
AqTMK_48,/home/wms/AF2-test/AF2-CatGraph/results/AqTMK/02_template_guided_docking/complexes/AqTMK_48_complex.pdb,results/AqTMK/05_plip_interaction_graphs/plip_outputs/AqTMK_48/report.xml,hydrogen_bonds,O4,THR15A,1583,hydrogen_bonds,hydrogen_bond,ATP:B:1:O4,O4,ATP,B,1
AqTMK_48,/home/wms/AF2-test/AF2-CatGraph/results/AqTMK/02_template_guided_docking/complexes/AqTMK_48_complex.pdb,results/AqTMK/05_plip_interaction_graphs/plip_outputs/AqTMK_48/report.xml,salt_bridges,P2,LYS13A,1585,salt_bridges,salt_bridge,ATP:B:1:P2,P2,ATP,B,1
AqTMK_48,/home/wms/AF2-test/AF2-CatGraph/results/AqTMK/02_template_guided_docking/complexes/AqTMK_48_complex.pdb,results/AqTMK/05_plip_interaction_graphs/plip_outputs/AqTMK_48/report.xml,salt_bridges,P3,LYS13A,1589,salt_bridges,salt_bridge,ATP:B:1:P3,P3,ATP,B,1
AqTMK_48,/home/wms/AF2-test/AF2-CatGraph/results/AqTMK/02_template_guided_docking/complexes/AqTMK_48_complex.pdb,results/AqTMK/05_plip_interaction_graphs/plip_outputs/AqTMK_48/report.xml,salt_bridges,P3,ARG90A,1589,salt_bridges,salt_bridge,ATP:B:1:P3,P3,ATP,B,1
AqTMK_48,/home/wms/AF2-test/AF2-CatGraph/results/AqTMK/02_template_guided_docking/complexes/AqTMK_48_complex.pdb,results/AqTMK/05_plip_interaction_graphs/plip_outputs/AqTMK_48/report.xml,metal_complexes,MG,THR14A,1599,metal_complexes,metal_complex,MG:B:203:MG,MG,MG,B,203
AqTMK_48,/home/wms/AF2-test/AF2-CatGraph/results/AqTMK/02_template_guided_docking/complexes/AqTMK_48_complex.pdb,results/AqTMK/05_plip_interaction_graphs/plip_outputs/AqTMK_48/report.xml,salt_bridges,P4,ARG47A,1595,salt_bridges,salt_bridge,TMP:C:1:P4,P4,TMP,C,1
AqTMK_48,/home/wms/AF2-test/AF2-CatGraph/results/AqTMK/02_template_guided_docking/complexes/AqTMK_48_complex.pdb,results/AqTMK/05_plip_interaction_graphs/plip_outputs/AqTMK_48/report.xml,salt_bridges,P4,ARG90A,1595,salt_bridges,salt_bridge,TMP:C:1:P4,P4,TMP,C,1
AqTMK_49,/home/wms/AF2-test/AF2-CatGraph/results/AqTMK/02_template_guided_docking/complexes/AqTMK_49_complex.pdb,results/AqTMK/05_plip_interaction_graphs/plip_outputs/AqTMK_49/report.xml,hydrogen_bonds,O10,ASP9A,1591,hydrogen_bonds,hydrogen_bond,ATP:B:1:O10,O10,ATP,B,1
AqTMK_49,/home/wms/AF2-test/AF2-CatGraph/results/AqTMK/02_template_guided_docking/complexes/AqTMK_49_complex.pdb,results/AqTMK/05_plip_interaction_graphs/plip_outputs/AqTMK_49/report.xml,hydrogen_bonds,O8,GLY10A,1588,hydrogen_bonds,hydrogen_bond,ATP:B:1:O8,O8,ATP,B,1
AqTMK_49,/home/wms/AF2-test/AF2-CatGraph/results/AqTMK/02_template_guided_docking/complexes/AqTMK_49_complex.pdb,results/AqTMK/05_plip_interaction_graphs/plip_outputs/AqTMK_49/report.xml,hydrogen_bonds,O7,SER11A,1587,hydrogen_bonds,hydrogen_bond,ATP:B:1:O7,O7,ATP,B,1
AqTMK_49,/home/wms/AF2-test/AF2-CatGraph/results/AqTMK/02_template_guided_docking/complexes/AqTMK_49_complex.pdb,results/AqTMK/05_plip_interaction_graphs/plip_outputs/AqTMK_49/report.xml,hydrogen_bonds,O7,GLY12A,1587,hydrogen_bonds,hydrogen_bond,ATP:B:1:O7,O7,ATP,B,1
AqTMK_49,/home/wms/AF2-test/AF2-CatGraph/results/AqTMK/02_template_guided_docking/complexes/AqTMK_49_complex.pdb,results/AqTMK/05_plip_interaction_graphs/plip_outputs/AqTMK_49/report.xml,hydrogen_bonds,O7,LYS13A,1587,hydrogen_bonds,hydrogen_bond,ATP:B:1:O7,O7,ATP,B,1
AqTMK_49,/home/wms/AF2-test/AF2-CatGraph/results/AqTMK/02_template_guided_docking/complexes/AqTMK_49_complex.pdb,results/AqTMK/05_plip_interaction_graphs/plip_outputs/AqTMK_49/report.xml,hydrogen_bonds,O6,THR14A,1586,hydrogen_bonds,hydrogen_bond,ATP:B:1:O6,O6,ATP,B,1
AqTMK_49,/home/wms/AF2-test/AF2-CatGraph/results/AqTMK/02_template_guided_docking/complexes/AqTMK_49_complex.pdb,results/AqTMK/05_plip_interaction_graphs/plip_outputs/AqTMK_49/report.xml,hydrogen_bonds,O4,THR15A,1583,hydrogen_bonds,hydrogen_bond,ATP:B:1:O4,O4,ATP,B,1
AqTMK_49,/home/wms/AF2-test/AF2-CatGraph/results/AqTMK/02_template_guided_docking/complexes/AqTMK_49_complex.pdb,results/AqTMK/05_plip_interaction_graphs/plip_outputs/AqTMK_49/report.xml,hydrogen_bonds,O4,THR15A,1583,hydrogen_bonds,hydrogen_bond,ATP:B:1:O4,O4,ATP,B,1
AqTMK_49,/home/wms/AF2-test/AF2-CatGraph/results/AqTMK/02_template_guided_docking/complexes/AqTMK_49_complex.pdb,results/AqTMK/05_plip_interaction_graphs/plip_outputs/AqTMK_49/report.xml,salt_bridges,P2,LYS13A,1585,salt_bridges,salt_bridge,ATP:B:1:P2,P2,ATP,B,1
AqTMK_49,/home/wms/AF2-test/AF2-CatGraph/results/AqTMK/02_template_guided_docking/complexes/AqTMK_49_complex.pdb,results/AqTMK/05_plip_interaction_graphs/plip_outputs/AqTMK_49/report.xml,salt_bridges,P3,LYS13A,1589,salt_bridges,salt_bridge,ATP:B:1:P3,P3,ATP,B,1
AqTMK_49,/home/wms/AF2-test/AF2-CatGraph/results/AqTMK/02_template_guided_docking/complexes/AqTMK_49_complex.pdb,results/AqTMK/05_plip_interaction_graphs/plip_outputs/AqTMK_49/report.xml,salt_bridges,P3,ARG90A,1589,salt_bridges,salt_bridge,ATP:B:1:P3,P3,ATP,B,1
AqTMK_49,/home/wms/AF2-test/AF2-CatGraph/results/AqTMK/02_template_guided_docking/complexes/AqTMK_49_complex.pdb,results/AqTMK/05_plip_interaction_graphs/plip_outputs/AqTMK_49/report.xml,salt_bridges,P4,ARG47A,1595,salt_bridges,salt_bridge,TMP:C:1:P4,P4,TMP,C,1
AqTMK_49,/home/wms/AF2-test/AF2-CatGraph/results/AqTMK/02_template_guided_docking/complexes/AqTMK_49_complex.pdb,results/AqTMK/05_plip_interaction_graphs/plip_outputs/AqTMK_49/report.xml,salt_bridges,P4,ARG90A,1595,salt_bridges,salt_bridge,TMP:C:1:P4,P4,TMP,C,1
AqTMK_50,/home/wms/AF2-test/AF2-CatGraph/results/AqTMK/02_template_guided_docking/complexes/AqTMK_50_complex.pdb,results/AqTMK/05_plip_interaction_graphs/plip_outputs/AqTMK_50/report.xml,hydrogen_bonds,O10,ASP9A,1591,hydrogen_bonds,hydrogen_bond,ATP:B:1:O10,O10,ATP,B,1
AqTMK_50,/home/wms/AF2-test/AF2-CatGraph/results/AqTMK/02_template_guided_docking/complexes/AqTMK_50_complex.pdb,results/AqTMK/05_plip_interaction_graphs/plip_outputs/AqTMK_50/report.xml,hydrogen_bonds,O8,GLY10A,1588,hydrogen_bonds,hydrogen_bond,ATP:B:1:O8,O8,ATP,B,1
AqTMK_50,/home/wms/AF2-test/AF2-CatGraph/results/AqTMK/02_template_guided_docking/complexes/AqTMK_50_complex.pdb,results/AqTMK/05_plip_interaction_graphs/plip_outputs/AqTMK_50/report.xml,hydrogen_bonds,O7,SER11A,1587,hydrogen_bonds,hydrogen_bond,ATP:B:1:O7,O7,ATP,B,1
AqTMK_50,/home/wms/AF2-test/AF2-CatGraph/results/AqTMK/02_template_guided_docking/complexes/AqTMK_50_complex.pdb,results/AqTMK/05_plip_interaction_graphs/plip_outputs/AqTMK_50/report.xml,hydrogen_bonds,O7,GLY12A,1587,hydrogen_bonds,hydrogen_bond,ATP:B:1:O7,O7,ATP,B,1
AqTMK_50,/home/wms/AF2-test/AF2-CatGraph/results/AqTMK/02_template_guided_docking/complexes/AqTMK_50_complex.pdb,results/AqTMK/05_plip_interaction_graphs/plip_outputs/AqTMK_50/report.xml,hydrogen_bonds,O7,LYS13A,1587,hydrogen_bonds,hydrogen_bond,ATP:B:1:O7,O7,ATP,B,1
AqTMK_50,/home/wms/AF2-test/AF2-CatGraph/results/AqTMK/02_template_guided_docking/complexes/AqTMK_50_complex.pdb,results/AqTMK/05_plip_interaction_graphs/plip_outputs/AqTMK_50/report.xml,hydrogen_bonds,O6,THR14A,1586,hydrogen_bonds,hydrogen_bond,ATP:B:1:O6,O6,ATP,B,1
AqTMK_50,/home/wms/AF2-test/AF2-CatGraph/results/AqTMK/02_template_guided_docking/complexes/AqTMK_50_complex.pdb,results/AqTMK/05_plip_interaction_graphs/plip_outputs/AqTMK_50/report.xml,hydrogen_bonds,O4,THR15A,1583,hydrogen_bonds,hydrogen_bond,ATP:B:1:O4,O4,ATP,B,1
AqTMK_50,/home/wms/AF2-test/AF2-CatGraph/results/AqTMK/02_template_guided_docking/complexes/AqTMK_50_complex.pdb,results/AqTMK/05_plip_interaction_graphs/plip_outputs/AqTMK_50/report.xml,hydrogen_bonds,O4,THR15A,1583,hydrogen_bonds,hydrogen_bond,ATP:B:1:O4,O4,ATP,B,1
AqTMK_50,/home/wms/AF2-test/AF2-CatGraph/results/AqTMK/02_template_guided_docking/complexes/AqTMK_50_complex.pdb,results/AqTMK/05_plip_interaction_graphs/plip_outputs/AqTMK_50/report.xml,salt_bridges,P2,LYS13A,1585,salt_bridges,salt_bridge,ATP:B:1:P2,P2,ATP,B,1
AqTMK_50,/home/wms/AF2-test/AF2-CatGraph/results/AqTMK/02_template_guided_docking/complexes/AqTMK_50_complex.pdb,results/AqTMK/05_plip_interaction_graphs/plip_outputs/AqTMK_50/report.xml,salt_bridges,P3,LYS13A,1589,salt_bridges,salt_bridge,ATP:B:1:P3,P3,ATP,B,1
AqTMK_50,/home/wms/AF2-test/AF2-CatGraph/results/AqTMK/02_template_guided_docking/complexes/AqTMK_50_complex.pdb,results/AqTMK/05_plip_interaction_graphs/plip_outputs/AqTMK_50/report.xml,salt_bridges,P3,ARG90A,1589,salt_bridges,salt_bridge,ATP:B:1:P3,P3,ATP,B,1
AqTMK_50,/home/wms/AF2-test/AF2-CatGraph/results/AqTMK/02_template_guided_docking/complexes/AqTMK_50_complex.pdb,results/AqTMK/05_plip_interaction_graphs/plip_outputs/AqTMK_50/report.xml,salt_bridges,P4,ARG47A,1595,salt_bridges,salt_bridge,TMP:C:1:P4,P4,TMP,C,1
AqTMK_50,/home/wms/AF2-test/AF2-CatGraph/results/AqTMK/02_template_guided_docking/complexes/AqTMK_50_complex.pdb,results/AqTMK/05_plip_interaction_graphs/plip_outputs/AqTMK_50/report.xml,salt_bridges,P4,ARG90A,1595,salt_bridges,salt_bridge,TMP:C:1:P4,P4,TMP,C,1
AqTMK_53,/home/wms/AF2-test/AF2-CatGraph/results/AqTMK/02_template_guided_docking/complexes/AqTMK_53_complex.pdb,results/AqTMK/05_plip_interaction_graphs/plip_outputs/AqTMK_53/report.xml,hydrogen_bonds,O10,ASP9A,1591,hydrogen_bonds,hydrogen_bond,ATP:B:1:O10,O10,ATP,B,1
AqTMK_53,/home/wms/AF2-test/AF2-CatGraph/results/AqTMK/02_template_guided_docking/complexes/AqTMK_53_complex.pdb,results/AqTMK/05_plip_interaction_graphs/plip_outputs/AqTMK_53/report.xml,hydrogen_bonds,O8,GLY10A,1588,hydrogen_bonds,hydrogen_bond,ATP:B:1:O8,O8,ATP,B,1
AqTMK_53,/home/wms/AF2-test/AF2-CatGraph/results/AqTMK/02_template_guided_docking/complexes/AqTMK_53_complex.pdb,results/AqTMK/05_plip_interaction_graphs/plip_outputs/AqTMK_53/report.xml,hydrogen_bonds,O7,SER11A,1587,hydrogen_bonds,hydrogen_bond,ATP:B:1:O7,O7,ATP,B,1
AqTMK_53,/home/wms/AF2-test/AF2-CatGraph/results/AqTMK/02_template_guided_docking/complexes/AqTMK_53_complex.pdb,results/AqTMK/05_plip_interaction_graphs/plip_outputs/AqTMK_53/report.xml,hydrogen_bonds,O7,GLY12A,1587,hydrogen_bonds,hydrogen_bond,ATP:B:1:O7,O7,ATP,B,1
AqTMK_53,/home/wms/AF2-test/AF2-CatGraph/results/AqTMK/02_template_guided_docking/complexes/AqTMK_53_complex.pdb,results/AqTMK/05_plip_interaction_graphs/plip_outputs/AqTMK_53/report.xml,hydrogen_bonds,O7,LYS13A,1587,hydrogen_bonds,hydrogen_bond,ATP:B:1:O7,O7,ATP,B,1
AqTMK_53,/home/wms/AF2-test/AF2-CatGraph/results/AqTMK/02_template_guided_docking/complexes/AqTMK_53_complex.pdb,results/AqTMK/05_plip_interaction_graphs/plip_outputs/AqTMK_53/report.xml,hydrogen_bonds,O6,THR14A,1586,hydrogen_bonds,hydrogen_bond,ATP:B:1:O6,O6,ATP,B,1
AqTMK_53,/home/wms/AF2-test/AF2-CatGraph/results/AqTMK/02_template_guided_docking/complexes/AqTMK_53_complex.pdb,results/AqTMK/05_plip_interaction_graphs/plip_outputs/AqTMK_53/report.xml,hydrogen_bonds,O2,THR15A,1580,hydrogen_bonds,hydrogen_bond,ATP:B:1:O2,O2,ATP,B,1
AqTMK_53,/home/wms/AF2-test/AF2-CatGraph/results/AqTMK/02_template_guided_docking/complexes/AqTMK_53_complex.pdb,results/AqTMK/05_plip_interaction_graphs/plip_outputs/AqTMK_53/report.xml,hydrogen_bonds,O4,THR15A,1583,hydrogen_bonds,hydrogen_bond,ATP:B:1:O4,O4,ATP,B,1
AqTMK_53,/home/wms/AF2-test/AF2-CatGraph/results/AqTMK/02_template_guided_docking/complexes/AqTMK_53_complex.pdb,results/AqTMK/05_plip_interaction_graphs/plip_outputs/AqTMK_53/report.xml,hydrogen_bonds,O4,THR15A,1583,hydrogen_bonds,hydrogen_bond,ATP:B:1:O4,O4,ATP,B,1
AqTMK_53,/home/wms/AF2-test/AF2-CatGraph/results/AqTMK/02_template_guided_docking/complexes/AqTMK_53_complex.pdb,results/AqTMK/05_plip_interaction_graphs/plip_outputs/AqTMK_53/report.xml,salt_bridges,P2,LYS13A,1585,salt_bridges,salt_bridge,ATP:B:1:P2,P2,ATP,B,1
AqTMK_53,/home/wms/AF2-test/AF2-CatGraph/results/AqTMK/02_template_guided_docking/complexes/AqTMK_53_complex.pdb,results/AqTMK/05_plip_interaction_graphs/plip_outputs/AqTMK_53/report.xml,salt_bridges,P3,LYS13A,1589,salt_bridges,salt_bridge,ATP:B:1:P3,P3,ATP,B,1
AqTMK_53,/home/wms/AF2-test/AF2-CatGraph/results/AqTMK/02_template_guided_docking/complexes/AqTMK_53_complex.pdb,results/AqTMK/05_plip_interaction_graphs/plip_outputs/AqTMK_53/report.xml,salt_bridges,P3,ARG90A,1589,salt_bridges,salt_bridge,ATP:B:1:P3,P3,ATP,B,1
AqTMK_53,/home/wms/AF2-test/AF2-CatGraph/results/AqTMK/02_template_guided_docking/complexes/AqTMK_53_complex.pdb,results/AqTMK/05_plip_interaction_graphs/plip_outputs/AqTMK_53/report.xml,salt_bridges,P4,ARG47A,1595,salt_bridges,salt_bridge,TMP:C:1:P4,P4,TMP,C,1
AqTMK_53,/home/wms/AF2-test/AF2-CatGraph/results/AqTMK/02_template_guided_docking/complexes/AqTMK_53_complex.pdb,results/AqTMK/05_plip_interaction_graphs/plip_outputs/AqTMK_53/report.xml,salt_bridges,P4,ARG90A,1595,salt_bridges,salt_bridge,TMP:C:1:P4,P4,TMP,C,1
AqTMK_54,/home/wms/AF2-test/AF2-CatGraph/results/AqTMK/02_template_guided_docking/complexes/AqTMK_54_complex.pdb,results/AqTMK/05_plip_interaction_graphs/plip_outputs/AqTMK_54/report.xml,hydrogen_bonds,O10,ASP9A,1591,hydrogen_bonds,hydrogen_bond,ATP:B:1:O10,O10,ATP,B,1
AqTMK_54,/home/wms/AF2-test/AF2-CatGraph/results/AqTMK/02_template_guided_docking/complexes/AqTMK_54_complex.pdb,results/AqTMK/05_plip_interaction_graphs/plip_outputs/AqTMK_54/report.xml,hydrogen_bonds,O8,GLY10A,1588,hydrogen_bonds,hydrogen_bond,ATP:B:1:O8,O8,ATP,B,1
AqTMK_54,/home/wms/AF2-test/AF2-CatGraph/results/AqTMK/02_template_guided_docking/complexes/AqTMK_54_complex.pdb,results/AqTMK/05_plip_interaction_graphs/plip_outputs/AqTMK_54/report.xml,hydrogen_bonds,O7,SER11A,1587,hydrogen_bonds,hydrogen_bond,ATP:B:1:O7,O7,ATP,B,1
AqTMK_54,/home/wms/AF2-test/AF2-CatGraph/results/AqTMK/02_template_guided_docking/complexes/AqTMK_54_complex.pdb,results/AqTMK/05_plip_interaction_graphs/plip_outputs/AqTMK_54/report.xml,hydrogen_bonds,O7,GLY12A,1587,hydrogen_bonds,hydrogen_bond,ATP:B:1:O7,O7,ATP,B,1
AqTMK_54,/home/wms/AF2-test/AF2-CatGraph/results/AqTMK/02_template_guided_docking/complexes/AqTMK_54_complex.pdb,results/AqTMK/05_plip_interaction_graphs/plip_outputs/AqTMK_54/report.xml,hydrogen_bonds,O7,LYS13A,1587,hydrogen_bonds,hydrogen_bond,ATP:B:1:O7,O7,ATP,B,1
AqTMK_54,/home/wms/AF2-test/AF2-CatGraph/results/AqTMK/02_template_guided_docking/complexes/AqTMK_54_complex.pdb,results/AqTMK/05_plip_interaction_graphs/plip_outputs/AqTMK_54/report.xml,hydrogen_bonds,O6,THR14A,1586,hydrogen_bonds,hydrogen_bond,ATP:B:1:O6,O6,ATP,B,1
AqTMK_54,/home/wms/AF2-test/AF2-CatGraph/results/AqTMK/02_template_guided_docking/complexes/AqTMK_54_complex.pdb,results/AqTMK/05_plip_interaction_graphs/plip_outputs/AqTMK_54/report.xml,hydrogen_bonds,O2,THR15A,1580,hydrogen_bonds,hydrogen_bond,ATP:B:1:O2,O2,ATP,B,1
AqTMK_54,/home/wms/AF2-test/AF2-CatGraph/results/AqTMK/02_template_guided_docking/complexes/AqTMK_54_complex.pdb,results/AqTMK/05_plip_interaction_graphs/plip_outputs/AqTMK_54/report.xml,hydrogen_bonds,O4,THR15A,1583,hydrogen_bonds,hydrogen_bond,ATP:B:1:O4,O4,ATP,B,1
AqTMK_54,/home/wms/AF2-test/AF2-CatGraph/results/AqTMK/02_template_guided_docking/complexes/AqTMK_54_complex.pdb,results/AqTMK/05_plip_interaction_graphs/plip_outputs/AqTMK_54/report.xml,hydrogen_bonds,O4,THR15A,1583,hydrogen_bonds,hydrogen_bond,ATP:B:1:O4,O4,ATP,B,1
AqTMK_54,/home/wms/AF2-test/AF2-CatGraph/results/AqTMK/02_template_guided_docking/complexes/AqTMK_54_complex.pdb,results/AqTMK/05_plip_interaction_graphs/plip_outputs/AqTMK_54/report.xml,salt_bridges,P2,LYS13A,1585,salt_bridges,salt_bridge,ATP:B:1:P2,P2,ATP,B,1
AqTMK_54,/home/wms/AF2-test/AF2-CatGraph/results/AqTMK/02_template_guided_docking/complexes/AqTMK_54_complex.pdb,results/AqTMK/05_plip_interaction_graphs/plip_outputs/AqTMK_54/report.xml,salt_bridges,P3,LYS13A,1589,salt_bridges,salt_bridge,ATP:B:1:P3,P3,ATP,B,1
AqTMK_54,/home/wms/AF2-test/AF2-CatGraph/results/AqTMK/02_template_guided_docking/complexes/AqTMK_54_complex.pdb,results/AqTMK/05_plip_interaction_graphs/plip_outputs/AqTMK_54/report.xml,salt_bridges,P3,ARG90A,1589,salt_bridges,salt_bridge,ATP:B:1:P3,P3,ATP,B,1
AqTMK_54,/home/wms/AF2-test/AF2-CatGraph/results/AqTMK/02_template_guided_docking/complexes/AqTMK_54_complex.pdb,results/AqTMK/05_plip_interaction_graphs/plip_outputs/AqTMK_54/report.xml,metal_complexes,MG,THR14A,1599,metal_complexes,metal_complex,MG:B:203:MG,MG,MG,B,203
AqTMK_54,/home/wms/AF2-test/AF2-CatGraph/results/AqTMK/02_template_guided_docking/complexes/AqTMK_54_complex.pdb,results/AqTMK/05_plip_interaction_graphs/plip_outputs/AqTMK_54/report.xml,salt_bridges,P4,ARG47A,1595,salt_bridges,salt_bridge,TMP:C:1:P4,P4,TMP,C,1
AqTMK_54,/home/wms/AF2-test/AF2-CatGraph/results/AqTMK/02_template_guided_docking/complexes/AqTMK_54_complex.pdb,results/AqTMK/05_plip_interaction_graphs/plip_outputs/AqTMK_54/report.xml,salt_bridges,P4,ARG90A,1595,salt_bridges,salt_bridge,TMP:C:1:P4,P4,TMP,C,1
AqTMK_56,/home/wms/AF2-test/AF2-CatGraph/results/AqTMK/02_template_guided_docking/complexes/AqTMK_56_complex.pdb,results/AqTMK/05_plip_interaction_graphs/plip_outputs/AqTMK_56/report.xml,hydrogen_bonds,O10,ASP9A,1591,hydrogen_bonds,hydrogen_bond,ATP:B:1:O10,O10,ATP,B,1
AqTMK_56,/home/wms/AF2-test/AF2-CatGraph/results/AqTMK/02_template_guided_docking/complexes/AqTMK_56_complex.pdb,results/AqTMK/05_plip_interaction_graphs/plip_outputs/AqTMK_56/report.xml,hydrogen_bonds,O8,GLY10A,1588,hydrogen_bonds,hydrogen_bond,ATP:B:1:O8,O8,ATP,B,1
AqTMK_56,/home/wms/AF2-test/AF2-CatGraph/results/AqTMK/02_template_guided_docking/complexes/AqTMK_56_complex.pdb,results/AqTMK/05_plip_interaction_graphs/plip_outputs/AqTMK_56/report.xml,hydrogen_bonds,O7,SER11A,1587,hydrogen_bonds,hydrogen_bond,ATP:B:1:O7,O7,ATP,B,1
AqTMK_56,/home/wms/AF2-test/AF2-CatGraph/results/AqTMK/02_template_guided_docking/complexes/AqTMK_56_complex.pdb,results/AqTMK/05_plip_interaction_graphs/plip_outputs/AqTMK_56/report.xml,hydrogen_bonds,O7,GLY12A,1587,hydrogen_bonds,hydrogen_bond,ATP:B:1:O7,O7,ATP,B,1
AqTMK_56,/home/wms/AF2-test/AF2-CatGraph/results/AqTMK/02_template_guided_docking/complexes/AqTMK_56_complex.pdb,results/AqTMK/05_plip_interaction_graphs/plip_outputs/AqTMK_56/report.xml,hydrogen_bonds,O7,LYS13A,1587,hydrogen_bonds,hydrogen_bond,ATP:B:1:O7,O7,ATP,B,1
AqTMK_56,/home/wms/AF2-test/AF2-CatGraph/results/AqTMK/02_template_guided_docking/complexes/AqTMK_56_complex.pdb,results/AqTMK/05_plip_interaction_graphs/plip_outputs/AqTMK_56/report.xml,hydrogen_bonds,O6,THR14A,1586,hydrogen_bonds,hydrogen_bond,ATP:B:1:O6,O6,ATP,B,1
AqTMK_56,/home/wms/AF2-test/AF2-CatGraph/results/AqTMK/02_template_guided_docking/complexes/AqTMK_56_complex.pdb,results/AqTMK/05_plip_interaction_graphs/plip_outputs/AqTMK_56/report.xml,hydrogen_bonds,O2,THR15A,1580,hydrogen_bonds,hydrogen_bond,ATP:B:1:O2,O2,ATP,B,1
AqTMK_56,/home/wms/AF2-test/AF2-CatGraph/results/AqTMK/02_template_guided_docking/complexes/AqTMK_56_complex.pdb,results/AqTMK/05_plip_interaction_graphs/plip_outputs/AqTMK_56/report.xml,hydrogen_bonds,O4,THR15A,1583,hydrogen_bonds,hydrogen_bond,ATP:B:1:O4,O4,ATP,B,1
AqTMK_56,/home/wms/AF2-test/AF2-CatGraph/results/AqTMK/02_template_guided_docking/complexes/AqTMK_56_complex.pdb,results/AqTMK/05_plip_interaction_graphs/plip_outputs/AqTMK_56/report.xml,hydrogen_bonds,O4,THR15A,1583,hydrogen_bonds,hydrogen_bond,ATP:B:1:O4,O4,ATP,B,1
AqTMK_56,/home/wms/AF2-test/AF2-CatGraph/results/AqTMK/02_template_guided_docking/complexes/AqTMK_56_complex.pdb,results/AqTMK/05_plip_interaction_graphs/plip_outputs/AqTMK_56/report.xml,salt_bridges,P2,LYS13A,1585,salt_bridges,salt_bridge,ATP:B:1:P2,P2,ATP,B,1
AqTMK_56,/home/wms/AF2-test/AF2-CatGraph/results/AqTMK/02_template_guided_docking/complexes/AqTMK_56_complex.pdb,results/AqTMK/05_plip_interaction_graphs/plip_outputs/AqTMK_56/report.xml,salt_bridges,P3,LYS13A,1589,salt_bridges,salt_bridge,ATP:B:1:P3,P3,ATP,B,1
AqTMK_56,/home/wms/AF2-test/AF2-CatGraph/results/AqTMK/02_template_guided_docking/complexes/AqTMK_56_complex.pdb,results/AqTMK/05_plip_interaction_graphs/plip_outputs/AqTMK_56/report.xml,salt_bridges,P3,ARG90A,1589,salt_bridges,salt_bridge,ATP:B:1:P3,P3,ATP,B,1
AqTMK_56,/home/wms/AF2-test/AF2-CatGraph/results/AqTMK/02_template_guided_docking/complexes/AqTMK_56_complex.pdb,results/AqTMK/05_plip_interaction_graphs/plip_outputs/AqTMK_56/report.xml,metal_complexes,MG,THR14A,1599,metal_complexes,metal_complex,MG:B:203:MG,MG,MG,B,203
AqTMK_56,/home/wms/AF2-test/AF2-CatGraph/results/AqTMK/02_template_guided_docking/complexes/AqTMK_56_complex.pdb,results/AqTMK/05_plip_interaction_graphs/plip_outputs/AqTMK_56/report.xml,salt_bridges,P4,ARG47A,1595,salt_bridges,salt_bridge,TMP:C:1:P4,P4,TMP,C,1
AqTMK_56,/home/wms/AF2-test/AF2-CatGraph/results/AqTMK/02_template_guided_docking/complexes/AqTMK_56_complex.pdb,results/AqTMK/05_plip_interaction_graphs/plip_outputs/AqTMK_56/report.xml,salt_bridges,P4,ARG90A,1595,salt_bridges,salt_bridge,TMP:C:1:P4,P4,TMP,C,1
AqTMK_57,/home/wms/AF2-test/AF2-CatGraph/results/AqTMK/02_template_guided_docking/complexes/AqTMK_57_complex.pdb,results/AqTMK/05_plip_interaction_graphs/plip_outputs/AqTMK_57/report.xml,hydrogen_bonds,O8,GLY10A,1588,hydrogen_bonds,hydrogen_bond,ATP:B:1:O8,O8,ATP,B,1
AqTMK_57,/home/wms/AF2-test/AF2-CatGraph/results/AqTMK/02_template_guided_docking/complexes/AqTMK_57_complex.pdb,results/AqTMK/05_plip_interaction_graphs/plip_outputs/AqTMK_57/report.xml,hydrogen_bonds,O7,SER11A,1587,hydrogen_bonds,hydrogen_bond,ATP:B:1:O7,O7,ATP,B,1
AqTMK_57,/home/wms/AF2-test/AF2-CatGraph/results/AqTMK/02_template_guided_docking/complexes/AqTMK_57_complex.pdb,results/AqTMK/05_plip_interaction_graphs/plip_outputs/AqTMK_57/report.xml,hydrogen_bonds,O7,GLY12A,1587,hydrogen_bonds,hydrogen_bond,ATP:B:1:O7,O7,ATP,B,1
AqTMK_57,/home/wms/AF2-test/AF2-CatGraph/results/AqTMK/02_template_guided_docking/complexes/AqTMK_57_complex.pdb,results/AqTMK/05_plip_interaction_graphs/plip_outputs/AqTMK_57/report.xml,hydrogen_bonds,O7,LYS13A,1587,hydrogen_bonds,hydrogen_bond,ATP:B:1:O7,O7,ATP,B,1
AqTMK_57,/home/wms/AF2-test/AF2-CatGraph/results/AqTMK/02_template_guided_docking/complexes/AqTMK_57_complex.pdb,results/AqTMK/05_plip_interaction_graphs/plip_outputs/AqTMK_57/report.xml,hydrogen_bonds,O6,THR14A,1586,hydrogen_bonds,hydrogen_bond,ATP:B:1:O6,O6,ATP,B,1
AqTMK_57,/home/wms/AF2-test/AF2-CatGraph/results/AqTMK/02_template_guided_docking/complexes/AqTMK_57_complex.pdb,results/AqTMK/05_plip_interaction_graphs/plip_outputs/AqTMK_57/report.xml,hydrogen_bonds,O2,THR15A,1580,hydrogen_bonds,hydrogen_bond,ATP:B:1:O2,O2,ATP,B,1
AqTMK_57,/home/wms/AF2-test/AF2-CatGraph/results/AqTMK/02_template_guided_docking/complexes/AqTMK_57_complex.pdb,results/AqTMK/05_plip_interaction_graphs/plip_outputs/AqTMK_57/report.xml,hydrogen_bonds,O4,THR15A,1583,hydrogen_bonds,hydrogen_bond,ATP:B:1:O4,O4,ATP,B,1
AqTMK_57,/home/wms/AF2-test/AF2-CatGraph/results/AqTMK/02_template_guided_docking/complexes/AqTMK_57_complex.pdb,results/AqTMK/05_plip_interaction_graphs/plip_outputs/AqTMK_57/report.xml,hydrogen_bonds,O4,THR15A,1583,hydrogen_bonds,hydrogen_bond,ATP:B:1:O4,O4,ATP,B,1
AqTMK_57,/home/wms/AF2-test/AF2-CatGraph/results/AqTMK/02_template_guided_docking/complexes/AqTMK_57_complex.pdb,results/AqTMK/05_plip_interaction_graphs/plip_outputs/AqTMK_57/report.xml,salt_bridges,P2,LYS13A,1585,salt_bridges,salt_bridge,ATP:B:1:P2,P2,ATP,B,1
AqTMK_57,/home/wms/AF2-test/AF2-CatGraph/results/AqTMK/02_template_guided_docking/complexes/AqTMK_57_complex.pdb,results/AqTMK/05_plip_interaction_graphs/plip_outputs/AqTMK_57/report.xml,salt_bridges,P3,LYS13A,1589,salt_bridges,salt_bridge,ATP:B:1:P3,P3,ATP,B,1
AqTMK_57,/home/wms/AF2-test/AF2-CatGraph/results/AqTMK/02_template_guided_docking/complexes/AqTMK_57_complex.pdb,results/AqTMK/05_plip_interaction_graphs/plip_outputs/AqTMK_57/report.xml,salt_bridges,P3,ARG90A,1589,salt_bridges,salt_bridge,ATP:B:1:P3,P3,ATP,B,1
AqTMK_57,/home/wms/AF2-test/AF2-CatGraph/results/AqTMK/02_template_guided_docking/complexes/AqTMK_57_complex.pdb,results/AqTMK/05_plip_interaction_graphs/plip_outputs/AqTMK_57/report.xml,metal_complexes,MG,THR14A,1599,metal_complexes,metal_complex,MG:B:203:MG,MG,MG,B,203
AqTMK_57,/home/wms/AF2-test/AF2-CatGraph/results/AqTMK/02_template_guided_docking/complexes/AqTMK_57_complex.pdb,results/AqTMK/05_plip_interaction_graphs/plip_outputs/AqTMK_57/report.xml,salt_bridges,P4,ARG47A,1595,salt_bridges,salt_bridge,TMP:C:1:P4,P4,TMP,C,1
AqTMK_57,/home/wms/AF2-test/AF2-CatGraph/results/AqTMK/02_template_guided_docking/complexes/AqTMK_57_complex.pdb,results/AqTMK/05_plip_interaction_graphs/plip_outputs/AqTMK_57/report.xml,salt_bridges,P4,ARG90A,1595,salt_bridges,salt_bridge,TMP:C:1:P4,P4,TMP,C,1
AqTMK_58,/home/wms/AF2-test/AF2-CatGraph/results/AqTMK/02_template_guided_docking/complexes/AqTMK_58_complex.pdb,results/AqTMK/05_plip_interaction_graphs/plip_outputs/AqTMK_58/report.xml,hydrogen_bonds,O10,ASP9A,1591,hydrogen_bonds,hydrogen_bond,ATP:B:1:O10,O10,ATP,B,1
AqTMK_58,/home/wms/AF2-test/AF2-CatGraph/results/AqTMK/02_template_guided_docking/complexes/AqTMK_58_complex.pdb,results/AqTMK/05_plip_interaction_graphs/plip_outputs/AqTMK_58/report.xml,hydrogen_bonds,O8,GLY10A,1588,hydrogen_bonds,hydrogen_bond,ATP:B:1:O8,O8,ATP,B,1
AqTMK_58,/home/wms/AF2-test/AF2-CatGraph/results/AqTMK/02_template_guided_docking/complexes/AqTMK_58_complex.pdb,results/AqTMK/05_plip_interaction_graphs/plip_outputs/AqTMK_58/report.xml,hydrogen_bonds,O8,SER11A,1588,hydrogen_bonds,hydrogen_bond,ATP:B:1:O8,O8,ATP,B,1
AqTMK_58,/home/wms/AF2-test/AF2-CatGraph/results/AqTMK/02_template_guided_docking/complexes/AqTMK_58_complex.pdb,results/AqTMK/05_plip_interaction_graphs/plip_outputs/AqTMK_58/report.xml,hydrogen_bonds,O8,GLY12A,1588,hydrogen_bonds,hydrogen_bond,ATP:B:1:O8,O8,ATP,B,1
AqTMK_58,/home/wms/AF2-test/AF2-CatGraph/results/AqTMK/02_template_guided_docking/complexes/AqTMK_58_complex.pdb,results/AqTMK/05_plip_interaction_graphs/plip_outputs/AqTMK_58/report.xml,hydrogen_bonds,O7,LYS13A,1587,hydrogen_bonds,hydrogen_bond,ATP:B:1:O7,O7,ATP,B,1
AqTMK_58,/home/wms/AF2-test/AF2-CatGraph/results/AqTMK/02_template_guided_docking/complexes/AqTMK_58_complex.pdb,results/AqTMK/05_plip_interaction_graphs/plip_outputs/AqTMK_58/report.xml,hydrogen_bonds,O6,THR14A,1586,hydrogen_bonds,hydrogen_bond,ATP:B:1:O6,O6,ATP,B,1
AqTMK_58,/home/wms/AF2-test/AF2-CatGraph/results/AqTMK/02_template_guided_docking/complexes/AqTMK_58_complex.pdb,results/AqTMK/05_plip_interaction_graphs/plip_outputs/AqTMK_58/report.xml,hydrogen_bonds,O2,THR15A,1580,hydrogen_bonds,hydrogen_bond,ATP:B:1:O2,O2,ATP,B,1
AqTMK_58,/home/wms/AF2-test/AF2-CatGraph/results/AqTMK/02_template_guided_docking/complexes/AqTMK_58_complex.pdb,results/AqTMK/05_plip_interaction_graphs/plip_outputs/AqTMK_58/report.xml,hydrogen_bonds,O4,THR15A,1583,hydrogen_bonds,hydrogen_bond,ATP:B:1:O4,O4,ATP,B,1
AqTMK_58,/home/wms/AF2-test/AF2-CatGraph/results/AqTMK/02_template_guided_docking/complexes/AqTMK_58_complex.pdb,results/AqTMK/05_plip_interaction_graphs/plip_outputs/AqTMK_58/report.xml,hydrogen_bonds,O4,THR15A,1583,hydrogen_bonds,hydrogen_bond,ATP:B:1:O4,O4,ATP,B,1
AqTMK_58,/home/wms/AF2-test/AF2-CatGraph/results/AqTMK/02_template_guided_docking/complexes/AqTMK_58_complex.pdb,results/AqTMK/05_plip_interaction_graphs/plip_outputs/AqTMK_58/report.xml,hydrogen_bonds,O9,ARG145A,1590,hydrogen_bonds,hydrogen_bond,ATP:B:1:O9,O9,ATP,B,1
AqTMK_58,/home/wms/AF2-test/AF2-CatGraph/results/AqTMK/02_template_guided_docking/complexes/AqTMK_58_complex.pdb,results/AqTMK/05_plip_interaction_graphs/plip_outputs/AqTMK_58/report.xml,salt_bridges,P2,LYS13A,1585,salt_bridges,salt_bridge,ATP:B:1:P2,P2,ATP,B,1
AqTMK_58,/home/wms/AF2-test/AF2-CatGraph/results/AqTMK/02_template_guided_docking/complexes/AqTMK_58_complex.pdb,results/AqTMK/05_plip_interaction_graphs/plip_outputs/AqTMK_58/report.xml,salt_bridges,P3,LYS13A,1589,salt_bridges,salt_bridge,ATP:B:1:P3,P3,ATP,B,1
AqTMK_58,/home/wms/AF2-test/AF2-CatGraph/results/AqTMK/02_template_guided_docking/complexes/AqTMK_58_complex.pdb,results/AqTMK/05_plip_interaction_graphs/plip_outputs/AqTMK_58/report.xml,salt_bridges,P3,ARG90A,1589,salt_bridges,salt_bridge,ATP:B:1:P3,P3,ATP,B,1
AqTMK_58,/home/wms/AF2-test/AF2-CatGraph/results/AqTMK/02_template_guided_docking/complexes/AqTMK_58_complex.pdb,results/AqTMK/05_plip_interaction_graphs/plip_outputs/AqTMK_58/report.xml,salt_bridges,P2,LYS143A,1585,salt_bridges,salt_bridge,ATP:B:1:P2,P2,ATP,B,1
AqTMK_58,/home/wms/AF2-test/AF2-CatGraph/results/AqTMK/02_template_guided_docking/complexes/AqTMK_58_complex.pdb,results/AqTMK/05_plip_interaction_graphs/plip_outputs/AqTMK_58/report.xml,salt_bridges,P1,LYS143A,1581,salt_bridges,salt_bridge,ATP:B:1:P1,P1,ATP,B,1
AqTMK_58,/home/wms/AF2-test/AF2-CatGraph/results/AqTMK/02_template_guided_docking/complexes/AqTMK_58_complex.pdb,results/AqTMK/05_plip_interaction_graphs/plip_outputs/AqTMK_58/report.xml,salt_bridges,P3,LYS143A,1589,salt_bridges,salt_bridge,ATP:B:1:P3,P3,ATP,B,1
AqTMK_58,/home/wms/AF2-test/AF2-CatGraph/results/AqTMK/02_template_guided_docking/complexes/AqTMK_58_complex.pdb,results/AqTMK/05_plip_interaction_graphs/plip_outputs/AqTMK_58/report.xml,metal_complexes,MG,THR14A,1599,metal_complexes,metal_complex,MG:B:203:MG,MG,MG,B,203
AqTMK_58,/home/wms/AF2-test/AF2-CatGraph/results/AqTMK/02_template_guided_docking/complexes/AqTMK_58_complex.pdb,results/AqTMK/05_plip_interaction_graphs/plip_outputs/AqTMK_58/report.xml,salt_bridges,P4,ARG47A,1595,salt_bridges,salt_bridge,TMP:C:1:P4,P4,TMP,C,1
AqTMK_58,/home/wms/AF2-test/AF2-CatGraph/results/AqTMK/02_template_guided_docking/complexes/AqTMK_58_complex.pdb,results/AqTMK/05_plip_interaction_graphs/plip_outputs/AqTMK_58/report.xml,salt_bridges,P4,ARG90A,1595,salt_bridges,salt_bridge,TMP:C:1:P4,P4,TMP,C,1
AqTMK_58,/home/wms/AF2-test/AF2-CatGraph/results/AqTMK/02_template_guided_docking/complexes/AqTMK_58_complex.pdb,results/AqTMK/05_plip_interaction_graphs/plip_outputs/AqTMK_58/report.xml,salt_bridges,P4,ARG145A,1595,salt_bridges,salt_bridge,TMP:C:1:P4,P4,TMP,C,1
AqTMK_59,/home/wms/AF2-test/AF2-CatGraph/results/AqTMK/02_template_guided_docking/complexes/AqTMK_59_complex.pdb,results/AqTMK/05_plip_interaction_graphs/plip_outputs/AqTMK_59/report.xml,hydrogen_bonds,O10,ASP9A,1591,hydrogen_bonds,hydrogen_bond,ATP:B:1:O10,O10,ATP,B,1
AqTMK_59,/home/wms/AF2-test/AF2-CatGraph/results/AqTMK/02_template_guided_docking/complexes/AqTMK_59_complex.pdb,results/AqTMK/05_plip_interaction_graphs/plip_outputs/AqTMK_59/report.xml,hydrogen_bonds,O8,GLY10A,1588,hydrogen_bonds,hydrogen_bond,ATP:B:1:O8,O8,ATP,B,1
AqTMK_59,/home/wms/AF2-test/AF2-CatGraph/results/AqTMK/02_template_guided_docking/complexes/AqTMK_59_complex.pdb,results/AqTMK/05_plip_interaction_graphs/plip_outputs/AqTMK_59/report.xml,hydrogen_bonds,O7,SER11A,1587,hydrogen_bonds,hydrogen_bond,ATP:B:1:O7,O7,ATP,B,1
AqTMK_59,/home/wms/AF2-test/AF2-CatGraph/results/AqTMK/02_template_guided_docking/complexes/AqTMK_59_complex.pdb,results/AqTMK/05_plip_interaction_graphs/plip_outputs/AqTMK_59/report.xml,hydrogen_bonds,O7,GLY12A,1587,hydrogen_bonds,hydrogen_bond,ATP:B:1:O7,O7,ATP,B,1
AqTMK_59,/home/wms/AF2-test/AF2-CatGraph/results/AqTMK/02_template_guided_docking/complexes/AqTMK_59_complex.pdb,results/AqTMK/05_plip_interaction_graphs/plip_outputs/AqTMK_59/report.xml,hydrogen_bonds,O7,LYS13A,1587,hydrogen_bonds,hydrogen_bond,ATP:B:1:O7,O7,ATP,B,1
AqTMK_59,/home/wms/AF2-test/AF2-CatGraph/results/AqTMK/02_template_guided_docking/complexes/AqTMK_59_complex.pdb,results/AqTMK/05_plip_interaction_graphs/plip_outputs/AqTMK_59/report.xml,hydrogen_bonds,O6,THR14A,1586,hydrogen_bonds,hydrogen_bond,ATP:B:1:O6,O6,ATP,B,1
AqTMK_59,/home/wms/AF2-test/AF2-CatGraph/results/AqTMK/02_template_guided_docking/complexes/AqTMK_59_complex.pdb,results/AqTMK/05_plip_interaction_graphs/plip_outputs/AqTMK_59/report.xml,hydrogen_bonds,O2,THR15A,1580,hydrogen_bonds,hydrogen_bond,ATP:B:1:O2,O2,ATP,B,1
AqTMK_59,/home/wms/AF2-test/AF2-CatGraph/results/AqTMK/02_template_guided_docking/complexes/AqTMK_59_complex.pdb,results/AqTMK/05_plip_interaction_graphs/plip_outputs/AqTMK_59/report.xml,hydrogen_bonds,O4,THR15A,1583,hydrogen_bonds,hydrogen_bond,ATP:B:1:O4,O4,ATP,B,1
AqTMK_59,/home/wms/AF2-test/AF2-CatGraph/results/AqTMK/02_template_guided_docking/complexes/AqTMK_59_complex.pdb,results/AqTMK/05_plip_interaction_graphs/plip_outputs/AqTMK_59/report.xml,hydrogen_bonds,O4,THR15A,1583,hydrogen_bonds,hydrogen_bond,ATP:B:1:O4,O4,ATP,B,1
AqTMK_59,/home/wms/AF2-test/AF2-CatGraph/results/AqTMK/02_template_guided_docking/complexes/AqTMK_59_complex.pdb,results/AqTMK/05_plip_interaction_graphs/plip_outputs/AqTMK_59/report.xml,salt_bridges,P2,LYS13A,1585,salt_bridges,salt_bridge,ATP:B:1:P2,P2,ATP,B,1
AqTMK_59,/home/wms/AF2-test/AF2-CatGraph/results/AqTMK/02_template_guided_docking/complexes/AqTMK_59_complex.pdb,results/AqTMK/05_plip_interaction_graphs/plip_outputs/AqTMK_59/report.xml,salt_bridges,P3,LYS13A,1589,salt_bridges,salt_bridge,ATP:B:1:P3,P3,ATP,B,1
AqTMK_59,/home/wms/AF2-test/AF2-CatGraph/results/AqTMK/02_template_guided_docking/complexes/AqTMK_59_complex.pdb,results/AqTMK/05_plip_interaction_graphs/plip_outputs/AqTMK_59/report.xml,salt_bridges,P3,ARG90A,1589,salt_bridges,salt_bridge,ATP:B:1:P3,P3,ATP,B,1
AqTMK_59,/home/wms/AF2-test/AF2-CatGraph/results/AqTMK/02_template_guided_docking/complexes/AqTMK_59_complex.pdb,results/AqTMK/05_plip_interaction_graphs/plip_outputs/AqTMK_59/report.xml,metal_complexes,MG,THR14A,1599,metal_complexes,metal_complex,MG:B:203:MG,MG,MG,B,203
AqTMK_59,/home/wms/AF2-test/AF2-CatGraph/results/AqTMK/02_template_guided_docking/complexes/AqTMK_59_complex.pdb,results/AqTMK/05_plip_interaction_graphs/plip_outputs/AqTMK_59/report.xml,salt_bridges,P4,ARG47A,1595,salt_bridges,salt_bridge,TMP:C:1:P4,P4,TMP,C,1
AqTMK_59,/home/wms/AF2-test/AF2-CatGraph/results/AqTMK/02_template_guided_docking/complexes/AqTMK_59_complex.pdb,results/AqTMK/05_plip_interaction_graphs/plip_outputs/AqTMK_59/report.xml,salt_bridges,P4,ARG90A,1595,salt_bridges,salt_bridge,TMP:C:1:P4,P4,TMP,C,1
AqTMK_60,/home/wms/AF2-test/AF2-CatGraph/results/AqTMK/02_template_guided_docking/complexes/AqTMK_60_complex.pdb,results/AqTMK/05_plip_interaction_graphs/plip_outputs/AqTMK_60/report.xml,hydrogen_bonds,O10,ASP9A,1591,hydrogen_bonds,hydrogen_bond,ATP:B:1:O10,O10,ATP,B,1
AqTMK_60,/home/wms/AF2-test/AF2-CatGraph/results/AqTMK/02_template_guided_docking/complexes/AqTMK_60_complex.pdb,results/AqTMK/05_plip_interaction_graphs/plip_outputs/AqTMK_60/report.xml,hydrogen_bonds,O8,GLY10A,1588,hydrogen_bonds,hydrogen_bond,ATP:B:1:O8,O8,ATP,B,1
AqTMK_60,/home/wms/AF2-test/AF2-CatGraph/results/AqTMK/02_template_guided_docking/complexes/AqTMK_60_complex.pdb,results/AqTMK/05_plip_interaction_graphs/plip_outputs/AqTMK_60/report.xml,hydrogen_bonds,O8,SER11A,1588,hydrogen_bonds,hydrogen_bond,ATP:B:1:O8,O8,ATP,B,1
AqTMK_60,/home/wms/AF2-test/AF2-CatGraph/results/AqTMK/02_template_guided_docking/complexes/AqTMK_60_complex.pdb,results/AqTMK/05_plip_interaction_graphs/plip_outputs/AqTMK_60/report.xml,hydrogen_bonds,O8,GLY12A,1588,hydrogen_bonds,hydrogen_bond,ATP:B:1:O8,O8,ATP,B,1
AqTMK_60,/home/wms/AF2-test/AF2-CatGraph/results/AqTMK/02_template_guided_docking/complexes/AqTMK_60_complex.pdb,results/AqTMK/05_plip_interaction_graphs/plip_outputs/AqTMK_60/report.xml,hydrogen_bonds,O7,LYS13A,1587,hydrogen_bonds,hydrogen_bond,ATP:B:1:O7,O7,ATP,B,1
AqTMK_60,/home/wms/AF2-test/AF2-CatGraph/results/AqTMK/02_template_guided_docking/complexes/AqTMK_60_complex.pdb,results/AqTMK/05_plip_interaction_graphs/plip_outputs/AqTMK_60/report.xml,hydrogen_bonds,O6,THR14A,1586,hydrogen_bonds,hydrogen_bond,ATP:B:1:O6,O6,ATP,B,1
AqTMK_60,/home/wms/AF2-test/AF2-CatGraph/results/AqTMK/02_template_guided_docking/complexes/AqTMK_60_complex.pdb,results/AqTMK/05_plip_interaction_graphs/plip_outputs/AqTMK_60/report.xml,hydrogen_bonds,O2,THR15A,1580,hydrogen_bonds,hydrogen_bond,ATP:B:1:O2,O2,ATP,B,1
AqTMK_60,/home/wms/AF2-test/AF2-CatGraph/results/AqTMK/02_template_guided_docking/complexes/AqTMK_60_complex.pdb,results/AqTMK/05_plip_interaction_graphs/plip_outputs/AqTMK_60/report.xml,hydrogen_bonds,O4,THR15A,1583,hydrogen_bonds,hydrogen_bond,ATP:B:1:O4,O4,ATP,B,1
AqTMK_60,/home/wms/AF2-test/AF2-CatGraph/results/AqTMK/02_template_guided_docking/complexes/AqTMK_60_complex.pdb,results/AqTMK/05_plip_interaction_graphs/plip_outputs/AqTMK_60/report.xml,hydrogen_bonds,O4,THR15A,1583,hydrogen_bonds,hydrogen_bond,ATP:B:1:O4,O4,ATP,B,1
AqTMK_60,/home/wms/AF2-test/AF2-CatGraph/results/AqTMK/02_template_guided_docking/complexes/AqTMK_60_complex.pdb,results/AqTMK/05_plip_interaction_graphs/plip_outputs/AqTMK_60/report.xml,hydrogen_bonds,O9,ARG145A,1590,hydrogen_bonds,hydrogen_bond,ATP:B:1:O9,O9,ATP,B,1
AqTMK_60,/home/wms/AF2-test/AF2-CatGraph/results/AqTMK/02_template_guided_docking/complexes/AqTMK_60_complex.pdb,results/AqTMK/05_plip_interaction_graphs/plip_outputs/AqTMK_60/report.xml,salt_bridges,P2,LYS13A,1585,salt_bridges,salt_bridge,ATP:B:1:P2,P2,ATP,B,1
AqTMK_60,/home/wms/AF2-test/AF2-CatGraph/results/AqTMK/02_template_guided_docking/complexes/AqTMK_60_complex.pdb,results/AqTMK/05_plip_interaction_graphs/plip_outputs/AqTMK_60/report.xml,salt_bridges,P3,LYS13A,1589,salt_bridges,salt_bridge,ATP:B:1:P3,P3,ATP,B,1
AqTMK_60,/home/wms/AF2-test/AF2-CatGraph/results/AqTMK/02_template_guided_docking/complexes/AqTMK_60_complex.pdb,results/AqTMK/05_plip_interaction_graphs/plip_outputs/AqTMK_60/report.xml,salt_bridges,P3,ARG90A,1589,salt_bridges,salt_bridge,ATP:B:1:P3,P3,ATP,B,1
AqTMK_60,/home/wms/AF2-test/AF2-CatGraph/results/AqTMK/02_template_guided_docking/complexes/AqTMK_60_complex.pdb,results/AqTMK/05_plip_interaction_graphs/plip_outputs/AqTMK_60/report.xml,salt_bridges,P2,LYS143A,1585,salt_bridges,salt_bridge,ATP:B:1:P2,P2,ATP,B,1
AqTMK_60,/home/wms/AF2-test/AF2-CatGraph/results/AqTMK/02_template_guided_docking/complexes/AqTMK_60_complex.pdb,results/AqTMK/05_plip_interaction_graphs/plip_outputs/AqTMK_60/report.xml,salt_bridges,P1,LYS143A,1581,salt_bridges,salt_bridge,ATP:B:1:P1,P1,ATP,B,1
AqTMK_60,/home/wms/AF2-test/AF2-CatGraph/results/AqTMK/02_template_guided_docking/complexes/AqTMK_60_complex.pdb,results/AqTMK/05_plip_interaction_graphs/plip_outputs/AqTMK_60/report.xml,salt_bridges,P3,LYS143A,1589,salt_bridges,salt_bridge,ATP:B:1:P3,P3,ATP,B,1
AqTMK_60,/home/wms/AF2-test/AF2-CatGraph/results/AqTMK/02_template_guided_docking/complexes/AqTMK_60_complex.pdb,results/AqTMK/05_plip_interaction_graphs/plip_outputs/AqTMK_60/report.xml,metal_complexes,MG,THR14A,1599,metal_complexes,metal_complex,MG:B:203:MG,MG,MG,B,203
AqTMK_60,/home/wms/AF2-test/AF2-CatGraph/results/AqTMK/02_template_guided_docking/complexes/AqTMK_60_complex.pdb,results/AqTMK/05_plip_interaction_graphs/plip_outputs/AqTMK_60/report.xml,salt_bridges,P4,ARG47A,1595,salt_bridges,salt_bridge,TMP:C:1:P4,P4,TMP,C,1
AqTMK_60,/home/wms/AF2-test/AF2-CatGraph/results/AqTMK/02_template_guided_docking/complexes/AqTMK_60_complex.pdb,results/AqTMK/05_plip_interaction_graphs/plip_outputs/AqTMK_60/report.xml,salt_bridges,P4,ARG90A,1595,salt_bridges,salt_bridge,TMP:C:1:P4,P4,TMP,C,1
AqTMK_60,/home/wms/AF2-test/AF2-CatGraph/results/AqTMK/02_template_guided_docking/complexes/AqTMK_60_complex.pdb,results/AqTMK/05_plip_interaction_graphs/plip_outputs/AqTMK_60/report.xml,salt_bridges,P4,ARG145A,1595,salt_bridges,salt_bridge,TMP:C:1:P4,P4,TMP,C,1
AqTMK_62,/home/wms/AF2-test/AF2-CatGraph/results/AqTMK/02_template_guided_docking/complexes/AqTMK_62_complex.pdb,results/AqTMK/05_plip_interaction_graphs/plip_outputs/AqTMK_62/report.xml,hydrogen_bonds,O10,ASP9A,1591,hydrogen_bonds,hydrogen_bond,ATP:B:1:O10,O10,ATP,B,1
AqTMK_62,/home/wms/AF2-test/AF2-CatGraph/results/AqTMK/02_template_guided_docking/complexes/AqTMK_62_complex.pdb,results/AqTMK/05_plip_interaction_graphs/plip_outputs/AqTMK_62/report.xml,hydrogen_bonds,O8,GLY10A,1588,hydrogen_bonds,hydrogen_bond,ATP:B:1:O8,O8,ATP,B,1
AqTMK_62,/home/wms/AF2-test/AF2-CatGraph/results/AqTMK/02_template_guided_docking/complexes/AqTMK_62_complex.pdb,results/AqTMK/05_plip_interaction_graphs/plip_outputs/AqTMK_62/report.xml,hydrogen_bonds,O7,SER11A,1587,hydrogen_bonds,hydrogen_bond,ATP:B:1:O7,O7,ATP,B,1
AqTMK_62,/home/wms/AF2-test/AF2-CatGraph/results/AqTMK/02_template_guided_docking/complexes/AqTMK_62_complex.pdb,results/AqTMK/05_plip_interaction_graphs/plip_outputs/AqTMK_62/report.xml,hydrogen_bonds,O7,GLY12A,1587,hydrogen_bonds,hydrogen_bond,ATP:B:1:O7,O7,ATP,B,1
AqTMK_62,/home/wms/AF2-test/AF2-CatGraph/results/AqTMK/02_template_guided_docking/complexes/AqTMK_62_complex.pdb,results/AqTMK/05_plip_interaction_graphs/plip_outputs/AqTMK_62/report.xml,hydrogen_bonds,O7,LYS13A,1587,hydrogen_bonds,hydrogen_bond,ATP:B:1:O7,O7,ATP,B,1
AqTMK_62,/home/wms/AF2-test/AF2-CatGraph/results/AqTMK/02_template_guided_docking/complexes/AqTMK_62_complex.pdb,results/AqTMK/05_plip_interaction_graphs/plip_outputs/AqTMK_62/report.xml,hydrogen_bonds,O6,THR14A,1586,hydrogen_bonds,hydrogen_bond,ATP:B:1:O6,O6,ATP,B,1
AqTMK_62,/home/wms/AF2-test/AF2-CatGraph/results/AqTMK/02_template_guided_docking/complexes/AqTMK_62_complex.pdb,results/AqTMK/05_plip_interaction_graphs/plip_outputs/AqTMK_62/report.xml,hydrogen_bonds,O2,THR15A,1580,hydrogen_bonds,hydrogen_bond,ATP:B:1:O2,O2,ATP,B,1
AqTMK_62,/home/wms/AF2-test/AF2-CatGraph/results/AqTMK/02_template_guided_docking/complexes/AqTMK_62_complex.pdb,results/AqTMK/05_plip_interaction_graphs/plip_outputs/AqTMK_62/report.xml,hydrogen_bonds,O4,THR15A,1583,hydrogen_bonds,hydrogen_bond,ATP:B:1:O4,O4,ATP,B,1
AqTMK_62,/home/wms/AF2-test/AF2-CatGraph/results/AqTMK/02_template_guided_docking/complexes/AqTMK_62_complex.pdb,results/AqTMK/05_plip_interaction_graphs/plip_outputs/AqTMK_62/report.xml,hydrogen_bonds,O4,THR15A,1583,hydrogen_bonds,hydrogen_bond,ATP:B:1:O4,O4,ATP,B,1
AqTMK_62,/home/wms/AF2-test/AF2-CatGraph/results/AqTMK/02_template_guided_docking/complexes/AqTMK_62_complex.pdb,results/AqTMK/05_plip_interaction_graphs/plip_outputs/AqTMK_62/report.xml,salt_bridges,P2,LYS13A,1585,salt_bridges,salt_bridge,ATP:B:1:P2,P2,ATP,B,1
AqTMK_62,/home/wms/AF2-test/AF2-CatGraph/results/AqTMK/02_template_guided_docking/complexes/AqTMK_62_complex.pdb,results/AqTMK/05_plip_interaction_graphs/plip_outputs/AqTMK_62/report.xml,salt_bridges,P3,LYS13A,1589,salt_bridges,salt_bridge,ATP:B:1:P3,P3,ATP,B,1
AqTMK_62,/home/wms/AF2-test/AF2-CatGraph/results/AqTMK/02_template_guided_docking/complexes/AqTMK_62_complex.pdb,results/AqTMK/05_plip_interaction_graphs/plip_outputs/AqTMK_62/report.xml,salt_bridges,P3,ARG90A,1589,salt_bridges,salt_bridge,ATP:B:1:P3,P3,ATP,B,1
AqTMK_62,/home/wms/AF2-test/AF2-CatGraph/results/AqTMK/02_template_guided_docking/complexes/AqTMK_62_complex.pdb,results/AqTMK/05_plip_interaction_graphs/plip_outputs/AqTMK_62/report.xml,metal_complexes,MG,THR14A,1599,metal_complexes,metal_complex,MG:B:203:MG,MG,MG,B,203
AqTMK_62,/home/wms/AF2-test/AF2-CatGraph/results/AqTMK/02_template_guided_docking/complexes/AqTMK_62_complex.pdb,results/AqTMK/05_plip_interaction_graphs/plip_outputs/AqTMK_62/report.xml,salt_bridges,P4,ARG47A,1595,salt_bridges,salt_bridge,TMP:C:1:P4,P4,TMP,C,1
AqTMK_62,/home/wms/AF2-test/AF2-CatGraph/results/AqTMK/02_template_guided_docking/complexes/AqTMK_62_complex.pdb,results/AqTMK/05_plip_interaction_graphs/plip_outputs/AqTMK_62/report.xml,salt_bridges,P4,ARG90A,1595,salt_bridges,salt_bridge,TMP:C:1:P4,P4,TMP,C,1
AqTMK_63,/home/wms/AF2-test/AF2-CatGraph/results/AqTMK/02_template_guided_docking/complexes/AqTMK_63_complex.pdb,results/AqTMK/05_plip_interaction_graphs/plip_outputs/AqTMK_63/report.xml,hydrogen_bonds,O10,ASP9A,1591,hydrogen_bonds,hydrogen_bond,ATP:B:1:O10,O10,ATP,B,1
AqTMK_63,/home/wms/AF2-test/AF2-CatGraph/results/AqTMK/02_template_guided_docking/complexes/AqTMK_63_complex.pdb,results/AqTMK/05_plip_interaction_graphs/plip_outputs/AqTMK_63/report.xml,hydrogen_bonds,O8,GLY10A,1588,hydrogen_bonds,hydrogen_bond,ATP:B:1:O8,O8,ATP,B,1
AqTMK_63,/home/wms/AF2-test/AF2-CatGraph/results/AqTMK/02_template_guided_docking/complexes/AqTMK_63_complex.pdb,results/AqTMK/05_plip_interaction_graphs/plip_outputs/AqTMK_63/report.xml,hydrogen_bonds,O7,SER11A,1587,hydrogen_bonds,hydrogen_bond,ATP:B:1:O7,O7,ATP,B,1
AqTMK_63,/home/wms/AF2-test/AF2-CatGraph/results/AqTMK/02_template_guided_docking/complexes/AqTMK_63_complex.pdb,results/AqTMK/05_plip_interaction_graphs/plip_outputs/AqTMK_63/report.xml,hydrogen_bonds,O7,GLY12A,1587,hydrogen_bonds,hydrogen_bond,ATP:B:1:O7,O7,ATP,B,1
AqTMK_63,/home/wms/AF2-test/AF2-CatGraph/results/AqTMK/02_template_guided_docking/complexes/AqTMK_63_complex.pdb,results/AqTMK/05_plip_interaction_graphs/plip_outputs/AqTMK_63/report.xml,hydrogen_bonds,O7,LYS13A,1587,hydrogen_bonds,hydrogen_bond,ATP:B:1:O7,O7,ATP,B,1
AqTMK_63,/home/wms/AF2-test/AF2-CatGraph/results/AqTMK/02_template_guided_docking/complexes/AqTMK_63_complex.pdb,results/AqTMK/05_plip_interaction_graphs/plip_outputs/AqTMK_63/report.xml,hydrogen_bonds,O6,THR14A,1586,hydrogen_bonds,hydrogen_bond,ATP:B:1:O6,O6,ATP,B,1
AqTMK_63,/home/wms/AF2-test/AF2-CatGraph/results/AqTMK/02_template_guided_docking/complexes/AqTMK_63_complex.pdb,results/AqTMK/05_plip_interaction_graphs/plip_outputs/AqTMK_63/report.xml,hydrogen_bonds,O2,THR15A,1580,hydrogen_bonds,hydrogen_bond,ATP:B:1:O2,O2,ATP,B,1
AqTMK_63,/home/wms/AF2-test/AF2-CatGraph/results/AqTMK/02_template_guided_docking/complexes/AqTMK_63_complex.pdb,results/AqTMK/05_plip_interaction_graphs/plip_outputs/AqTMK_63/report.xml,hydrogen_bonds,O4,THR15A,1583,hydrogen_bonds,hydrogen_bond,ATP:B:1:O4,O4,ATP,B,1
AqTMK_63,/home/wms/AF2-test/AF2-CatGraph/results/AqTMK/02_template_guided_docking/complexes/AqTMK_63_complex.pdb,results/AqTMK/05_plip_interaction_graphs/plip_outputs/AqTMK_63/report.xml,hydrogen_bonds,O4,THR15A,1583,hydrogen_bonds,hydrogen_bond,ATP:B:1:O4,O4,ATP,B,1
AqTMK_63,/home/wms/AF2-test/AF2-CatGraph/results/AqTMK/02_template_guided_docking/complexes/AqTMK_63_complex.pdb,results/AqTMK/05_plip_interaction_graphs/plip_outputs/AqTMK_63/report.xml,salt_bridges,P2,LYS13A,1585,salt_bridges,salt_bridge,ATP:B:1:P2,P2,ATP,B,1
AqTMK_63,/home/wms/AF2-test/AF2-CatGraph/results/AqTMK/02_template_guided_docking/complexes/AqTMK_63_complex.pdb,results/AqTMK/05_plip_interaction_graphs/plip_outputs/AqTMK_63/report.xml,salt_bridges,P3,LYS13A,1589,salt_bridges,salt_bridge,ATP:B:1:P3,P3,ATP,B,1
AqTMK_63,/home/wms/AF2-test/AF2-CatGraph/results/AqTMK/02_template_guided_docking/complexes/AqTMK_63_complex.pdb,results/AqTMK/05_plip_interaction_graphs/plip_outputs/AqTMK_63/report.xml,salt_bridges,P3,ARG90A,1589,salt_bridges,salt_bridge,ATP:B:1:P3,P3,ATP,B,1
AqTMK_63,/home/wms/AF2-test/AF2-CatGraph/results/AqTMK/02_template_guided_docking/complexes/AqTMK_63_complex.pdb,results/AqTMK/05_plip_interaction_graphs/plip_outputs/AqTMK_63/report.xml,metal_complexes,MG,THR14A,1599,metal_complexes,metal_complex,MG:B:203:MG,MG,MG,B,203
AqTMK_63,/home/wms/AF2-test/AF2-CatGraph/results/AqTMK/02_template_guided_docking/complexes/AqTMK_63_complex.pdb,results/AqTMK/05_plip_interaction_graphs/plip_outputs/AqTMK_63/report.xml,salt_bridges,P4,ARG47A,1595,salt_bridges,salt_bridge,TMP:C:1:P4,P4,TMP,C,1
AqTMK_63,/home/wms/AF2-test/AF2-CatGraph/results/AqTMK/02_template_guided_docking/complexes/AqTMK_63_complex.pdb,results/AqTMK/05_plip_interaction_graphs/plip_outputs/AqTMK_63/report.xml,salt_bridges,P4,ARG90A,1595,salt_bridges,salt_bridge,TMP:C:1:P4,P4,TMP,C,1
AqTMK_65,/home/wms/AF2-test/AF2-CatGraph/results/AqTMK/02_template_guided_docking/complexes/AqTMK_65_complex.pdb,results/AqTMK/05_plip_interaction_graphs/plip_outputs/AqTMK_65/report.xml,hydrogen_bonds,O10,ASP9A,1591,hydrogen_bonds,hydrogen_bond,ATP:B:1:O10,O10,ATP,B,1
AqTMK_65,/home/wms/AF2-test/AF2-CatGraph/results/AqTMK/02_template_guided_docking/complexes/AqTMK_65_complex.pdb,results/AqTMK/05_plip_interaction_graphs/plip_outputs/AqTMK_65/report.xml,hydrogen_bonds,O8,GLY10A,1588,hydrogen_bonds,hydrogen_bond,ATP:B:1:O8,O8,ATP,B,1
AqTMK_65,/home/wms/AF2-test/AF2-CatGraph/results/AqTMK/02_template_guided_docking/complexes/AqTMK_65_complex.pdb,results/AqTMK/05_plip_interaction_graphs/plip_outputs/AqTMK_65/report.xml,hydrogen_bonds,O7,SER11A,1587,hydrogen_bonds,hydrogen_bond,ATP:B:1:O7,O7,ATP,B,1
AqTMK_65,/home/wms/AF2-test/AF2-CatGraph/results/AqTMK/02_template_guided_docking/complexes/AqTMK_65_complex.pdb,results/AqTMK/05_plip_interaction_graphs/plip_outputs/AqTMK_65/report.xml,hydrogen_bonds,O7,GLY12A,1587,hydrogen_bonds,hydrogen_bond,ATP:B:1:O7,O7,ATP,B,1
AqTMK_65,/home/wms/AF2-test/AF2-CatGraph/results/AqTMK/02_template_guided_docking/complexes/AqTMK_65_complex.pdb,results/AqTMK/05_plip_interaction_graphs/plip_outputs/AqTMK_65/report.xml,hydrogen_bonds,O7,LYS13A,1587,hydrogen_bonds,hydrogen_bond,ATP:B:1:O7,O7,ATP,B,1
AqTMK_65,/home/wms/AF2-test/AF2-CatGraph/results/AqTMK/02_template_guided_docking/complexes/AqTMK_65_complex.pdb,results/AqTMK/05_plip_interaction_graphs/plip_outputs/AqTMK_65/report.xml,hydrogen_bonds,O6,THR14A,1586,hydrogen_bonds,hydrogen_bond,ATP:B:1:O6,O6,ATP,B,1
AqTMK_65,/home/wms/AF2-test/AF2-CatGraph/results/AqTMK/02_template_guided_docking/complexes/AqTMK_65_complex.pdb,results/AqTMK/05_plip_interaction_graphs/plip_outputs/AqTMK_65/report.xml,hydrogen_bonds,O2,THR15A,1580,hydrogen_bonds,hydrogen_bond,ATP:B:1:O2,O2,ATP,B,1
AqTMK_65,/home/wms/AF2-test/AF2-CatGraph/results/AqTMK/02_template_guided_docking/complexes/AqTMK_65_complex.pdb,results/AqTMK/05_plip_interaction_graphs/plip_outputs/AqTMK_65/report.xml,hydrogen_bonds,O4,THR15A,1583,hydrogen_bonds,hydrogen_bond,ATP:B:1:O4,O4,ATP,B,1
AqTMK_65,/home/wms/AF2-test/AF2-CatGraph/results/AqTMK/02_template_guided_docking/complexes/AqTMK_65_complex.pdb,results/AqTMK/05_plip_interaction_graphs/plip_outputs/AqTMK_65/report.xml,hydrogen_bonds,O4,THR15A,1583,hydrogen_bonds,hydrogen_bond,ATP:B:1:O4,O4,ATP,B,1
AqTMK_65,/home/wms/AF2-test/AF2-CatGraph/results/AqTMK/02_template_guided_docking/complexes/AqTMK_65_complex.pdb,results/AqTMK/05_plip_interaction_graphs/plip_outputs/AqTMK_65/report.xml,hydrogen_bonds,O10,ARG90A,1591,hydrogen_bonds,hydrogen_bond,ATP:B:1:O10,O10,ATP,B,1
AqTMK_65,/home/wms/AF2-test/AF2-CatGraph/results/AqTMK/02_template_guided_docking/complexes/AqTMK_65_complex.pdb,results/AqTMK/05_plip_interaction_graphs/plip_outputs/AqTMK_65/report.xml,salt_bridges,P2,LYS13A,1585,salt_bridges,salt_bridge,ATP:B:1:P2,P2,ATP,B,1
AqTMK_65,/home/wms/AF2-test/AF2-CatGraph/results/AqTMK/02_template_guided_docking/complexes/AqTMK_65_complex.pdb,results/AqTMK/05_plip_interaction_graphs/plip_outputs/AqTMK_65/report.xml,salt_bridges,P3,LYS13A,1589,salt_bridges,salt_bridge,ATP:B:1:P3,P3,ATP,B,1
AqTMK_65,/home/wms/AF2-test/AF2-CatGraph/results/AqTMK/02_template_guided_docking/complexes/AqTMK_65_complex.pdb,results/AqTMK/05_plip_interaction_graphs/plip_outputs/AqTMK_65/report.xml,salt_bridges,P2,LYS143A,1585,salt_bridges,salt_bridge,ATP:B:1:P2,P2,ATP,B,1
AqTMK_65,/home/wms/AF2-test/AF2-CatGraph/results/AqTMK/02_template_guided_docking/complexes/AqTMK_65_complex.pdb,results/AqTMK/05_plip_interaction_graphs/plip_outputs/AqTMK_65/report.xml,salt_bridges,P1,LYS143A,1581,salt_bridges,salt_bridge,ATP:B:1:P1,P1,ATP,B,1
AqTMK_65,/home/wms/AF2-test/AF2-CatGraph/results/AqTMK/02_template_guided_docking/complexes/AqTMK_65_complex.pdb,results/AqTMK/05_plip_interaction_graphs/plip_outputs/AqTMK_65/report.xml,salt_bridges,P3,LYS143A,1589,salt_bridges,salt_bridge,ATP:B:1:P3,P3,ATP,B,1
AqTMK_65,/home/wms/AF2-test/AF2-CatGraph/results/AqTMK/02_template_guided_docking/complexes/AqTMK_65_complex.pdb,results/AqTMK/05_plip_interaction_graphs/plip_outputs/AqTMK_65/report.xml,salt_bridges,P3,ARG145A,1589,salt_bridges,salt_bridge,ATP:B:1:P3,P3,ATP,B,1
AqTMK_65,/home/wms/AF2-test/AF2-CatGraph/results/AqTMK/02_template_guided_docking/complexes/AqTMK_65_complex.pdb,results/AqTMK/05_plip_interaction_graphs/plip_outputs/AqTMK_65/report.xml,metal_complexes,MG,THR14A,1599,metal_complexes,metal_complex,MG:B:203:MG,MG,MG,B,203
AqTMK_65,/home/wms/AF2-test/AF2-CatGraph/results/AqTMK/02_template_guided_docking/complexes/AqTMK_65_complex.pdb,results/AqTMK/05_plip_interaction_graphs/plip_outputs/AqTMK_65/report.xml,salt_bridges,P4,ARG35A,1595,salt_bridges,salt_bridge,TMP:C:1:P4,P4,TMP,C,1
AqTMK_65,/home/wms/AF2-test/AF2-CatGraph/results/AqTMK/02_template_guided_docking/complexes/AqTMK_65_complex.pdb,results/AqTMK/05_plip_interaction_graphs/plip_outputs/AqTMK_65/report.xml,salt_bridges,P4,ARG47A,1595,salt_bridges,salt_bridge,TMP:C:1:P4,P4,TMP,C,1
AqTMK_65,/home/wms/AF2-test/AF2-CatGraph/results/AqTMK/02_template_guided_docking/complexes/AqTMK_65_complex.pdb,results/AqTMK/05_plip_interaction_graphs/plip_outputs/AqTMK_65/report.xml,salt_bridges,P4,ARG90A,1595,salt_bridges,salt_bridge,TMP:C:1:P4,P4,TMP,C,1
AqTMK_65,/home/wms/AF2-test/AF2-CatGraph/results/AqTMK/02_template_guided_docking/complexes/AqTMK_65_complex.pdb,results/AqTMK/05_plip_interaction_graphs/plip_outputs/AqTMK_65/report.xml,salt_bridges,P4,ARG145A,1595,salt_bridges,salt_bridge,TMP:C:1:P4,P4,TMP,C,1
AqTMK_66,/home/wms/AF2-test/AF2-CatGraph/results/AqTMK/02_template_guided_docking/complexes/AqTMK_66_complex.pdb,results/AqTMK/05_plip_interaction_graphs/plip_outputs/AqTMK_66/report.xml,hydrogen_bonds,O10,ASP9A,1591,hydrogen_bonds,hydrogen_bond,ATP:B:1:O10,O10,ATP,B,1
AqTMK_66,/home/wms/AF2-test/AF2-CatGraph/results/AqTMK/02_template_guided_docking/complexes/AqTMK_66_complex.pdb,results/AqTMK/05_plip_interaction_graphs/plip_outputs/AqTMK_66/report.xml,hydrogen_bonds,O8,GLY10A,1588,hydrogen_bonds,hydrogen_bond,ATP:B:1:O8,O8,ATP,B,1
AqTMK_66,/home/wms/AF2-test/AF2-CatGraph/results/AqTMK/02_template_guided_docking/complexes/AqTMK_66_complex.pdb,results/AqTMK/05_plip_interaction_graphs/plip_outputs/AqTMK_66/report.xml,hydrogen_bonds,O7,SER11A,1587,hydrogen_bonds,hydrogen_bond,ATP:B:1:O7,O7,ATP,B,1
AqTMK_66,/home/wms/AF2-test/AF2-CatGraph/results/AqTMK/02_template_guided_docking/complexes/AqTMK_66_complex.pdb,results/AqTMK/05_plip_interaction_graphs/plip_outputs/AqTMK_66/report.xml,hydrogen_bonds,O7,GLY12A,1587,hydrogen_bonds,hydrogen_bond,ATP:B:1:O7,O7,ATP,B,1
AqTMK_66,/home/wms/AF2-test/AF2-CatGraph/results/AqTMK/02_template_guided_docking/complexes/AqTMK_66_complex.pdb,results/AqTMK/05_plip_interaction_graphs/plip_outputs/AqTMK_66/report.xml,hydrogen_bonds,O7,LYS13A,1587,hydrogen_bonds,hydrogen_bond,ATP:B:1:O7,O7,ATP,B,1
AqTMK_66,/home/wms/AF2-test/AF2-CatGraph/results/AqTMK/02_template_guided_docking/complexes/AqTMK_66_complex.pdb,results/AqTMK/05_plip_interaction_graphs/plip_outputs/AqTMK_66/report.xml,hydrogen_bonds,O6,THR14A,1586,hydrogen_bonds,hydrogen_bond,ATP:B:1:O6,O6,ATP,B,1
AqTMK_66,/home/wms/AF2-test/AF2-CatGraph/results/AqTMK/02_template_guided_docking/complexes/AqTMK_66_complex.pdb,results/AqTMK/05_plip_interaction_graphs/plip_outputs/AqTMK_66/report.xml,hydrogen_bonds,O4,THR15A,1583,hydrogen_bonds,hydrogen_bond,ATP:B:1:O4,O4,ATP,B,1
AqTMK_66,/home/wms/AF2-test/AF2-CatGraph/results/AqTMK/02_template_guided_docking/complexes/AqTMK_66_complex.pdb,results/AqTMK/05_plip_interaction_graphs/plip_outputs/AqTMK_66/report.xml,hydrogen_bonds,O4,THR15A,1583,hydrogen_bonds,hydrogen_bond,ATP:B:1:O4,O4,ATP,B,1
AqTMK_66,/home/wms/AF2-test/AF2-CatGraph/results/AqTMK/02_template_guided_docking/complexes/AqTMK_66_complex.pdb,results/AqTMK/05_plip_interaction_graphs/plip_outputs/AqTMK_66/report.xml,salt_bridges,P2,LYS13A,1585,salt_bridges,salt_bridge,ATP:B:1:P2,P2,ATP,B,1
AqTMK_66,/home/wms/AF2-test/AF2-CatGraph/results/AqTMK/02_template_guided_docking/complexes/AqTMK_66_complex.pdb,results/AqTMK/05_plip_interaction_graphs/plip_outputs/AqTMK_66/report.xml,salt_bridges,P3,LYS13A,1589,salt_bridges,salt_bridge,ATP:B:1:P3,P3,ATP,B,1
AqTMK_66,/home/wms/AF2-test/AF2-CatGraph/results/AqTMK/02_template_guided_docking/complexes/AqTMK_66_complex.pdb,results/AqTMK/05_plip_interaction_graphs/plip_outputs/AqTMK_66/report.xml,salt_bridges,P3,ARG90A,1589,salt_bridges,salt_bridge,ATP:B:1:P3,P3,ATP,B,1
AqTMK_66,/home/wms/AF2-test/AF2-CatGraph/results/AqTMK/02_template_guided_docking/complexes/AqTMK_66_complex.pdb,results/AqTMK/05_plip_interaction_graphs/plip_outputs/AqTMK_66/report.xml,salt_bridges,P4,ARG47A,1595,salt_bridges,salt_bridge,TMP:C:1:P4,P4,TMP,C,1
AqTMK_66,/home/wms/AF2-test/AF2-CatGraph/results/AqTMK/02_template_guided_docking/complexes/AqTMK_66_complex.pdb,results/AqTMK/05_plip_interaction_graphs/plip_outputs/AqTMK_66/report.xml,salt_bridges,P4,ARG90A,1595,salt_bridges,salt_bridge,TMP:C:1:P4,P4,TMP,C,1
AqTMK_68,/home/wms/AF2-test/AF2-CatGraph/results/AqTMK/02_template_guided_docking/complexes/AqTMK_68_complex.pdb,results/AqTMK/05_plip_interaction_graphs/plip_outputs/AqTMK_68/report.xml,hydrogen_bonds,O10,ASP9A,1591,hydrogen_bonds,hydrogen_bond,ATP:B:1:O10,O10,ATP,B,1
AqTMK_68,/home/wms/AF2-test/AF2-CatGraph/results/AqTMK/02_template_guided_docking/complexes/AqTMK_68_complex.pdb,results/AqTMK/05_plip_interaction_graphs/plip_outputs/AqTMK_68/report.xml,hydrogen_bonds,O8,GLY10A,1588,hydrogen_bonds,hydrogen_bond,ATP:B:1:O8,O8,ATP,B,1
AqTMK_68,/home/wms/AF2-test/AF2-CatGraph/results/AqTMK/02_template_guided_docking/complexes/AqTMK_68_complex.pdb,results/AqTMK/05_plip_interaction_graphs/plip_outputs/AqTMK_68/report.xml,hydrogen_bonds,O7,SER11A,1587,hydrogen_bonds,hydrogen_bond,ATP:B:1:O7,O7,ATP,B,1
AqTMK_68,/home/wms/AF2-test/AF2-CatGraph/results/AqTMK/02_template_guided_docking/complexes/AqTMK_68_complex.pdb,results/AqTMK/05_plip_interaction_graphs/plip_outputs/AqTMK_68/report.xml,hydrogen_bonds,O7,GLY12A,1587,hydrogen_bonds,hydrogen_bond,ATP:B:1:O7,O7,ATP,B,1
AqTMK_68,/home/wms/AF2-test/AF2-CatGraph/results/AqTMK/02_template_guided_docking/complexes/AqTMK_68_complex.pdb,results/AqTMK/05_plip_interaction_graphs/plip_outputs/AqTMK_68/report.xml,hydrogen_bonds,O7,LYS13A,1587,hydrogen_bonds,hydrogen_bond,ATP:B:1:O7,O7,ATP,B,1
AqTMK_68,/home/wms/AF2-test/AF2-CatGraph/results/AqTMK/02_template_guided_docking/complexes/AqTMK_68_complex.pdb,results/AqTMK/05_plip_interaction_graphs/plip_outputs/AqTMK_68/report.xml,hydrogen_bonds,O6,THR14A,1586,hydrogen_bonds,hydrogen_bond,ATP:B:1:O6,O6,ATP,B,1
AqTMK_68,/home/wms/AF2-test/AF2-CatGraph/results/AqTMK/02_template_guided_docking/complexes/AqTMK_68_complex.pdb,results/AqTMK/05_plip_interaction_graphs/plip_outputs/AqTMK_68/report.xml,hydrogen_bonds,O2,THR15A,1580,hydrogen_bonds,hydrogen_bond,ATP:B:1:O2,O2,ATP,B,1
AqTMK_68,/home/wms/AF2-test/AF2-CatGraph/results/AqTMK/02_template_guided_docking/complexes/AqTMK_68_complex.pdb,results/AqTMK/05_plip_interaction_graphs/plip_outputs/AqTMK_68/report.xml,hydrogen_bonds,O4,THR15A,1583,hydrogen_bonds,hydrogen_bond,ATP:B:1:O4,O4,ATP,B,1
AqTMK_68,/home/wms/AF2-test/AF2-CatGraph/results/AqTMK/02_template_guided_docking/complexes/AqTMK_68_complex.pdb,results/AqTMK/05_plip_interaction_graphs/plip_outputs/AqTMK_68/report.xml,hydrogen_bonds,O4,THR15A,1583,hydrogen_bonds,hydrogen_bond,ATP:B:1:O4,O4,ATP,B,1
AqTMK_68,/home/wms/AF2-test/AF2-CatGraph/results/AqTMK/02_template_guided_docking/complexes/AqTMK_68_complex.pdb,results/AqTMK/05_plip_interaction_graphs/plip_outputs/AqTMK_68/report.xml,salt_bridges,P2,LYS13A,1585,salt_bridges,salt_bridge,ATP:B:1:P2,P2,ATP,B,1
AqTMK_68,/home/wms/AF2-test/AF2-CatGraph/results/AqTMK/02_template_guided_docking/complexes/AqTMK_68_complex.pdb,results/AqTMK/05_plip_interaction_graphs/plip_outputs/AqTMK_68/report.xml,salt_bridges,P3,LYS13A,1589,salt_bridges,salt_bridge,ATP:B:1:P3,P3,ATP,B,1
AqTMK_68,/home/wms/AF2-test/AF2-CatGraph/results/AqTMK/02_template_guided_docking/complexes/AqTMK_68_complex.pdb,results/AqTMK/05_plip_interaction_graphs/plip_outputs/AqTMK_68/report.xml,salt_bridges,P3,ARG90A,1589,salt_bridges,salt_bridge,ATP:B:1:P3,P3,ATP,B,1
AqTMK_68,/home/wms/AF2-test/AF2-CatGraph/results/AqTMK/02_template_guided_docking/complexes/AqTMK_68_complex.pdb,results/AqTMK/05_plip_interaction_graphs/plip_outputs/AqTMK_68/report.xml,metal_complexes,MG,THR14A,1599,metal_complexes,metal_complex,MG:B:203:MG,MG,MG,B,203
AqTMK_68,/home/wms/AF2-test/AF2-CatGraph/results/AqTMK/02_template_guided_docking/complexes/AqTMK_68_complex.pdb,results/AqTMK/05_plip_interaction_graphs/plip_outputs/AqTMK_68/report.xml,salt_bridges,P4,ARG47A,1595,salt_bridges,salt_bridge,TMP:C:1:P4,P4,TMP,C,1
AqTMK_68,/home/wms/AF2-test/AF2-CatGraph/results/AqTMK/02_template_guided_docking/complexes/AqTMK_68_complex.pdb,results/AqTMK/05_plip_interaction_graphs/plip_outputs/AqTMK_68/report.xml,salt_bridges,P4,ARG90A,1595,salt_bridges,salt_bridge,TMP:C:1:P4,P4,TMP,C,1
AqTMK_69,/home/wms/AF2-test/AF2-CatGraph/results/AqTMK/02_template_guided_docking/complexes/AqTMK_69_complex.pdb,results/AqTMK/05_plip_interaction_graphs/plip_outputs/AqTMK_69/report.xml,hydrogen_bonds,O10,ASP9A,1591,hydrogen_bonds,hydrogen_bond,ATP:B:1:O10,O10,ATP,B,1
AqTMK_69,/home/wms/AF2-test/AF2-CatGraph/results/AqTMK/02_template_guided_docking/complexes/AqTMK_69_complex.pdb,results/AqTMK/05_plip_interaction_graphs/plip_outputs/AqTMK_69/report.xml,hydrogen_bonds,O8,GLY10A,1588,hydrogen_bonds,hydrogen_bond,ATP:B:1:O8,O8,ATP,B,1
AqTMK_69,/home/wms/AF2-test/AF2-CatGraph/results/AqTMK/02_template_guided_docking/complexes/AqTMK_69_complex.pdb,results/AqTMK/05_plip_interaction_graphs/plip_outputs/AqTMK_69/report.xml,hydrogen_bonds,O7,SER11A,1587,hydrogen_bonds,hydrogen_bond,ATP:B:1:O7,O7,ATP,B,1
AqTMK_69,/home/wms/AF2-test/AF2-CatGraph/results/AqTMK/02_template_guided_docking/complexes/AqTMK_69_complex.pdb,results/AqTMK/05_plip_interaction_graphs/plip_outputs/AqTMK_69/report.xml,hydrogen_bonds,O7,GLY12A,1587,hydrogen_bonds,hydrogen_bond,ATP:B:1:O7,O7,ATP,B,1
AqTMK_69,/home/wms/AF2-test/AF2-CatGraph/results/AqTMK/02_template_guided_docking/complexes/AqTMK_69_complex.pdb,results/AqTMK/05_plip_interaction_graphs/plip_outputs/AqTMK_69/report.xml,hydrogen_bonds,O7,LYS13A,1587,hydrogen_bonds,hydrogen_bond,ATP:B:1:O7,O7,ATP,B,1
AqTMK_69,/home/wms/AF2-test/AF2-CatGraph/results/AqTMK/02_template_guided_docking/complexes/AqTMK_69_complex.pdb,results/AqTMK/05_plip_interaction_graphs/plip_outputs/AqTMK_69/report.xml,hydrogen_bonds,O6,THR14A,1586,hydrogen_bonds,hydrogen_bond,ATP:B:1:O6,O6,ATP,B,1
AqTMK_69,/home/wms/AF2-test/AF2-CatGraph/results/AqTMK/02_template_guided_docking/complexes/AqTMK_69_complex.pdb,results/AqTMK/05_plip_interaction_graphs/plip_outputs/AqTMK_69/report.xml,hydrogen_bonds,O2,THR15A,1580,hydrogen_bonds,hydrogen_bond,ATP:B:1:O2,O2,ATP,B,1
AqTMK_69,/home/wms/AF2-test/AF2-CatGraph/results/AqTMK/02_template_guided_docking/complexes/AqTMK_69_complex.pdb,results/AqTMK/05_plip_interaction_graphs/plip_outputs/AqTMK_69/report.xml,hydrogen_bonds,O4,THR15A,1583,hydrogen_bonds,hydrogen_bond,ATP:B:1:O4,O4,ATP,B,1
AqTMK_69,/home/wms/AF2-test/AF2-CatGraph/results/AqTMK/02_template_guided_docking/complexes/AqTMK_69_complex.pdb,results/AqTMK/05_plip_interaction_graphs/plip_outputs/AqTMK_69/report.xml,hydrogen_bonds,O4,THR15A,1583,hydrogen_bonds,hydrogen_bond,ATP:B:1:O4,O4,ATP,B,1
AqTMK_69,/home/wms/AF2-test/AF2-CatGraph/results/AqTMK/02_template_guided_docking/complexes/AqTMK_69_complex.pdb,results/AqTMK/05_plip_interaction_graphs/plip_outputs/AqTMK_69/report.xml,salt_bridges,P2,LYS13A,1585,salt_bridges,salt_bridge,ATP:B:1:P2,P2,ATP,B,1
AqTMK_69,/home/wms/AF2-test/AF2-CatGraph/results/AqTMK/02_template_guided_docking/complexes/AqTMK_69_complex.pdb,results/AqTMK/05_plip_interaction_graphs/plip_outputs/AqTMK_69/report.xml,salt_bridges,P3,LYS13A,1589,salt_bridges,salt_bridge,ATP:B:1:P3,P3,ATP,B,1
AqTMK_69,/home/wms/AF2-test/AF2-CatGraph/results/AqTMK/02_template_guided_docking/complexes/AqTMK_69_complex.pdb,results/AqTMK/05_plip_interaction_graphs/plip_outputs/AqTMK_69/report.xml,salt_bridges,P3,ARG90A,1589,salt_bridges,salt_bridge,ATP:B:1:P3,P3,ATP,B,1
AqTMK_69,/home/wms/AF2-test/AF2-CatGraph/results/AqTMK/02_template_guided_docking/complexes/AqTMK_69_complex.pdb,results/AqTMK/05_plip_interaction_graphs/plip_outputs/AqTMK_69/report.xml,metal_complexes,MG,THR14A,1599,metal_complexes,metal_complex,MG:B:203:MG,MG,MG,B,203
AqTMK_69,/home/wms/AF2-test/AF2-CatGraph/results/AqTMK/02_template_guided_docking/complexes/AqTMK_69_complex.pdb,results/AqTMK/05_plip_interaction_graphs/plip_outputs/AqTMK_69/report.xml,hydrogen_bonds,O12,ARG145A,1594,hydrogen_bonds,hydrogen_bond,TMP:C:1:O12,O12,TMP,C,1
AqTMK_69,/home/wms/AF2-test/AF2-CatGraph/results/AqTMK/02_template_guided_docking/complexes/AqTMK_69_complex.pdb,results/AqTMK/05_plip_interaction_graphs/plip_outputs/AqTMK_69/report.xml,salt_bridges,P4,ARG47A,1595,salt_bridges,salt_bridge,TMP:C:1:P4,P4,TMP,C,1
AqTMK_69,/home/wms/AF2-test/AF2-CatGraph/results/AqTMK/02_template_guided_docking/complexes/AqTMK_69_complex.pdb,results/AqTMK/05_plip_interaction_graphs/plip_outputs/AqTMK_69/report.xml,salt_bridges,P4,ARG90A,1595,salt_bridges,salt_bridge,TMP:C:1:P4,P4,TMP,C,1
AqTMK_70,/home/wms/AF2-test/AF2-CatGraph/results/AqTMK/02_template_guided_docking/complexes/AqTMK_70_complex.pdb,results/AqTMK/05_plip_interaction_graphs/plip_outputs/AqTMK_70/report.xml,hydrogen_bonds,O10,ASP9A,1591,hydrogen_bonds,hydrogen_bond,ATP:B:1:O10,O10,ATP,B,1
AqTMK_70,/home/wms/AF2-test/AF2-CatGraph/results/AqTMK/02_template_guided_docking/complexes/AqTMK_70_complex.pdb,results/AqTMK/05_plip_interaction_graphs/plip_outputs/AqTMK_70/report.xml,hydrogen_bonds,O8,GLY10A,1588,hydrogen_bonds,hydrogen_bond,ATP:B:1:O8,O8,ATP,B,1
AqTMK_70,/home/wms/AF2-test/AF2-CatGraph/results/AqTMK/02_template_guided_docking/complexes/AqTMK_70_complex.pdb,results/AqTMK/05_plip_interaction_graphs/plip_outputs/AqTMK_70/report.xml,hydrogen_bonds,O7,SER11A,1587,hydrogen_bonds,hydrogen_bond,ATP:B:1:O7,O7,ATP,B,1
AqTMK_70,/home/wms/AF2-test/AF2-CatGraph/results/AqTMK/02_template_guided_docking/complexes/AqTMK_70_complex.pdb,results/AqTMK/05_plip_interaction_graphs/plip_outputs/AqTMK_70/report.xml,hydrogen_bonds,O7,GLY12A,1587,hydrogen_bonds,hydrogen_bond,ATP:B:1:O7,O7,ATP,B,1
AqTMK_70,/home/wms/AF2-test/AF2-CatGraph/results/AqTMK/02_template_guided_docking/complexes/AqTMK_70_complex.pdb,results/AqTMK/05_plip_interaction_graphs/plip_outputs/AqTMK_70/report.xml,hydrogen_bonds,O7,LYS13A,1587,hydrogen_bonds,hydrogen_bond,ATP:B:1:O7,O7,ATP,B,1
AqTMK_70,/home/wms/AF2-test/AF2-CatGraph/results/AqTMK/02_template_guided_docking/complexes/AqTMK_70_complex.pdb,results/AqTMK/05_plip_interaction_graphs/plip_outputs/AqTMK_70/report.xml,hydrogen_bonds,O6,THR14A,1586,hydrogen_bonds,hydrogen_bond,ATP:B:1:O6,O6,ATP,B,1
AqTMK_70,/home/wms/AF2-test/AF2-CatGraph/results/AqTMK/02_template_guided_docking/complexes/AqTMK_70_complex.pdb,results/AqTMK/05_plip_interaction_graphs/plip_outputs/AqTMK_70/report.xml,hydrogen_bonds,O2,THR15A,1580,hydrogen_bonds,hydrogen_bond,ATP:B:1:O2,O2,ATP,B,1
AqTMK_70,/home/wms/AF2-test/AF2-CatGraph/results/AqTMK/02_template_guided_docking/complexes/AqTMK_70_complex.pdb,results/AqTMK/05_plip_interaction_graphs/plip_outputs/AqTMK_70/report.xml,hydrogen_bonds,O4,THR15A,1583,hydrogen_bonds,hydrogen_bond,ATP:B:1:O4,O4,ATP,B,1
AqTMK_70,/home/wms/AF2-test/AF2-CatGraph/results/AqTMK/02_template_guided_docking/complexes/AqTMK_70_complex.pdb,results/AqTMK/05_plip_interaction_graphs/plip_outputs/AqTMK_70/report.xml,hydrogen_bonds,O4,THR15A,1583,hydrogen_bonds,hydrogen_bond,ATP:B:1:O4,O4,ATP,B,1
AqTMK_70,/home/wms/AF2-test/AF2-CatGraph/results/AqTMK/02_template_guided_docking/complexes/AqTMK_70_complex.pdb,results/AqTMK/05_plip_interaction_graphs/plip_outputs/AqTMK_70/report.xml,salt_bridges,P2,LYS13A,1585,salt_bridges,salt_bridge,ATP:B:1:P2,P2,ATP,B,1
AqTMK_70,/home/wms/AF2-test/AF2-CatGraph/results/AqTMK/02_template_guided_docking/complexes/AqTMK_70_complex.pdb,results/AqTMK/05_plip_interaction_graphs/plip_outputs/AqTMK_70/report.xml,salt_bridges,P3,LYS13A,1589,salt_bridges,salt_bridge,ATP:B:1:P3,P3,ATP,B,1
AqTMK_70,/home/wms/AF2-test/AF2-CatGraph/results/AqTMK/02_template_guided_docking/complexes/AqTMK_70_complex.pdb,results/AqTMK/05_plip_interaction_graphs/plip_outputs/AqTMK_70/report.xml,salt_bridges,P3,ARG90A,1589,salt_bridges,salt_bridge,ATP:B:1:P3,P3,ATP,B,1
AqTMK_70,/home/wms/AF2-test/AF2-CatGraph/results/AqTMK/02_template_guided_docking/complexes/AqTMK_70_complex.pdb,results/AqTMK/05_plip_interaction_graphs/plip_outputs/AqTMK_70/report.xml,metal_complexes,MG,THR14A,1599,metal_complexes,metal_complex,MG:B:203:MG,MG,MG,B,203
AqTMK_70,/home/wms/AF2-test/AF2-CatGraph/results/AqTMK/02_template_guided_docking/complexes/AqTMK_70_complex.pdb,results/AqTMK/05_plip_interaction_graphs/plip_outputs/AqTMK_70/report.xml,salt_bridges,P4,ARG47A,1595,salt_bridges,salt_bridge,TMP:C:1:P4,P4,TMP,C,1
AqTMK_70,/home/wms/AF2-test/AF2-CatGraph/results/AqTMK/02_template_guided_docking/complexes/AqTMK_70_complex.pdb,results/AqTMK/05_plip_interaction_graphs/plip_outputs/AqTMK_70/report.xml,salt_bridges,P4,ARG90A,1595,salt_bridges,salt_bridge,TMP:C:1:P4,P4,TMP,C,1
AqTMK_72,/home/wms/AF2-test/AF2-CatGraph/results/AqTMK/02_template_guided_docking/complexes/AqTMK_72_complex.pdb,results/AqTMK/05_plip_interaction_graphs/plip_outputs/AqTMK_72/report.xml,hydrogen_bonds,O10,ASP9A,1591,hydrogen_bonds,hydrogen_bond,ATP:B:1:O10,O10,ATP,B,1
AqTMK_72,/home/wms/AF2-test/AF2-CatGraph/results/AqTMK/02_template_guided_docking/complexes/AqTMK_72_complex.pdb,results/AqTMK/05_plip_interaction_graphs/plip_outputs/AqTMK_72/report.xml,hydrogen_bonds,O8,GLY10A,1588,hydrogen_bonds,hydrogen_bond,ATP:B:1:O8,O8,ATP,B,1
AqTMK_72,/home/wms/AF2-test/AF2-CatGraph/results/AqTMK/02_template_guided_docking/complexes/AqTMK_72_complex.pdb,results/AqTMK/05_plip_interaction_graphs/plip_outputs/AqTMK_72/report.xml,hydrogen_bonds,O7,SER11A,1587,hydrogen_bonds,hydrogen_bond,ATP:B:1:O7,O7,ATP,B,1
AqTMK_72,/home/wms/AF2-test/AF2-CatGraph/results/AqTMK/02_template_guided_docking/complexes/AqTMK_72_complex.pdb,results/AqTMK/05_plip_interaction_graphs/plip_outputs/AqTMK_72/report.xml,hydrogen_bonds,O7,GLY12A,1587,hydrogen_bonds,hydrogen_bond,ATP:B:1:O7,O7,ATP,B,1
AqTMK_72,/home/wms/AF2-test/AF2-CatGraph/results/AqTMK/02_template_guided_docking/complexes/AqTMK_72_complex.pdb,results/AqTMK/05_plip_interaction_graphs/plip_outputs/AqTMK_72/report.xml,hydrogen_bonds,O7,LYS13A,1587,hydrogen_bonds,hydrogen_bond,ATP:B:1:O7,O7,ATP,B,1
AqTMK_72,/home/wms/AF2-test/AF2-CatGraph/results/AqTMK/02_template_guided_docking/complexes/AqTMK_72_complex.pdb,results/AqTMK/05_plip_interaction_graphs/plip_outputs/AqTMK_72/report.xml,hydrogen_bonds,O6,THR14A,1586,hydrogen_bonds,hydrogen_bond,ATP:B:1:O6,O6,ATP,B,1
AqTMK_72,/home/wms/AF2-test/AF2-CatGraph/results/AqTMK/02_template_guided_docking/complexes/AqTMK_72_complex.pdb,results/AqTMK/05_plip_interaction_graphs/plip_outputs/AqTMK_72/report.xml,hydrogen_bonds,O4,THR15A,1583,hydrogen_bonds,hydrogen_bond,ATP:B:1:O4,O4,ATP,B,1
AqTMK_72,/home/wms/AF2-test/AF2-CatGraph/results/AqTMK/02_template_guided_docking/complexes/AqTMK_72_complex.pdb,results/AqTMK/05_plip_interaction_graphs/plip_outputs/AqTMK_72/report.xml,hydrogen_bonds,O4,THR15A,1583,hydrogen_bonds,hydrogen_bond,ATP:B:1:O4,O4,ATP,B,1
AqTMK_72,/home/wms/AF2-test/AF2-CatGraph/results/AqTMK/02_template_guided_docking/complexes/AqTMK_72_complex.pdb,results/AqTMK/05_plip_interaction_graphs/plip_outputs/AqTMK_72/report.xml,salt_bridges,P2,LYS13A,1585,salt_bridges,salt_bridge,ATP:B:1:P2,P2,ATP,B,1
AqTMK_72,/home/wms/AF2-test/AF2-CatGraph/results/AqTMK/02_template_guided_docking/complexes/AqTMK_72_complex.pdb,results/AqTMK/05_plip_interaction_graphs/plip_outputs/AqTMK_72/report.xml,salt_bridges,P3,LYS13A,1589,salt_bridges,salt_bridge,ATP:B:1:P3,P3,ATP,B,1
AqTMK_72,/home/wms/AF2-test/AF2-CatGraph/results/AqTMK/02_template_guided_docking/complexes/AqTMK_72_complex.pdb,results/AqTMK/05_plip_interaction_graphs/plip_outputs/AqTMK_72/report.xml,salt_bridges,P3,ARG90A,1589,salt_bridges,salt_bridge,ATP:B:1:P3,P3,ATP,B,1
AqTMK_72,/home/wms/AF2-test/AF2-CatGraph/results/AqTMK/02_template_guided_docking/complexes/AqTMK_72_complex.pdb,results/AqTMK/05_plip_interaction_graphs/plip_outputs/AqTMK_72/report.xml,metal_complexes,MG,THR14A,1599,metal_complexes,metal_complex,MG:B:203:MG,MG,MG,B,203
AqTMK_72,/home/wms/AF2-test/AF2-CatGraph/results/AqTMK/02_template_guided_docking/complexes/AqTMK_72_complex.pdb,results/AqTMK/05_plip_interaction_graphs/plip_outputs/AqTMK_72/report.xml,salt_bridges,P4,ARG47A,1595,salt_bridges,salt_bridge,TMP:C:1:P4,P4,TMP,C,1
AqTMK_72,/home/wms/AF2-test/AF2-CatGraph/results/AqTMK/02_template_guided_docking/complexes/AqTMK_72_complex.pdb,results/AqTMK/05_plip_interaction_graphs/plip_outputs/AqTMK_72/report.xml,salt_bridges,P4,ARG90A,1595,salt_bridges,salt_bridge,TMP:C:1:P4,P4,TMP,C,1
AqTMK_73,/home/wms/AF2-test/AF2-CatGraph/results/AqTMK/02_template_guided_docking/complexes/AqTMK_73_complex.pdb,results/AqTMK/05_plip_interaction_graphs/plip_outputs/AqTMK_73/report.xml,hydrogen_bonds,O10,ASP9A,1591,hydrogen_bonds,hydrogen_bond,ATP:B:1:O10,O10,ATP,B,1
AqTMK_73,/home/wms/AF2-test/AF2-CatGraph/results/AqTMK/02_template_guided_docking/complexes/AqTMK_73_complex.pdb,results/AqTMK/05_plip_interaction_graphs/plip_outputs/AqTMK_73/report.xml,hydrogen_bonds,O8,GLY10A,1588,hydrogen_bonds,hydrogen_bond,ATP:B:1:O8,O8,ATP,B,1
AqTMK_73,/home/wms/AF2-test/AF2-CatGraph/results/AqTMK/02_template_guided_docking/complexes/AqTMK_73_complex.pdb,results/AqTMK/05_plip_interaction_graphs/plip_outputs/AqTMK_73/report.xml,hydrogen_bonds,O7,SER11A,1587,hydrogen_bonds,hydrogen_bond,ATP:B:1:O7,O7,ATP,B,1
AqTMK_73,/home/wms/AF2-test/AF2-CatGraph/results/AqTMK/02_template_guided_docking/complexes/AqTMK_73_complex.pdb,results/AqTMK/05_plip_interaction_graphs/plip_outputs/AqTMK_73/report.xml,hydrogen_bonds,O7,GLY12A,1587,hydrogen_bonds,hydrogen_bond,ATP:B:1:O7,O7,ATP,B,1
AqTMK_73,/home/wms/AF2-test/AF2-CatGraph/results/AqTMK/02_template_guided_docking/complexes/AqTMK_73_complex.pdb,results/AqTMK/05_plip_interaction_graphs/plip_outputs/AqTMK_73/report.xml,hydrogen_bonds,O7,LYS13A,1587,hydrogen_bonds,hydrogen_bond,ATP:B:1:O7,O7,ATP,B,1
AqTMK_73,/home/wms/AF2-test/AF2-CatGraph/results/AqTMK/02_template_guided_docking/complexes/AqTMK_73_complex.pdb,results/AqTMK/05_plip_interaction_graphs/plip_outputs/AqTMK_73/report.xml,hydrogen_bonds,O6,THR14A,1586,hydrogen_bonds,hydrogen_bond,ATP:B:1:O6,O6,ATP,B,1
AqTMK_73,/home/wms/AF2-test/AF2-CatGraph/results/AqTMK/02_template_guided_docking/complexes/AqTMK_73_complex.pdb,results/AqTMK/05_plip_interaction_graphs/plip_outputs/AqTMK_73/report.xml,hydrogen_bonds,O4,THR15A,1583,hydrogen_bonds,hydrogen_bond,ATP:B:1:O4,O4,ATP,B,1
AqTMK_73,/home/wms/AF2-test/AF2-CatGraph/results/AqTMK/02_template_guided_docking/complexes/AqTMK_73_complex.pdb,results/AqTMK/05_plip_interaction_graphs/plip_outputs/AqTMK_73/report.xml,hydrogen_bonds,O4,THR15A,1583,hydrogen_bonds,hydrogen_bond,ATP:B:1:O4,O4,ATP,B,1
AqTMK_73,/home/wms/AF2-test/AF2-CatGraph/results/AqTMK/02_template_guided_docking/complexes/AqTMK_73_complex.pdb,results/AqTMK/05_plip_interaction_graphs/plip_outputs/AqTMK_73/report.xml,salt_bridges,P2,LYS13A,1585,salt_bridges,salt_bridge,ATP:B:1:P2,P2,ATP,B,1
AqTMK_73,/home/wms/AF2-test/AF2-CatGraph/results/AqTMK/02_template_guided_docking/complexes/AqTMK_73_complex.pdb,results/AqTMK/05_plip_interaction_graphs/plip_outputs/AqTMK_73/report.xml,salt_bridges,P3,LYS13A,1589,salt_bridges,salt_bridge,ATP:B:1:P3,P3,ATP,B,1
AqTMK_73,/home/wms/AF2-test/AF2-CatGraph/results/AqTMK/02_template_guided_docking/complexes/AqTMK_73_complex.pdb,results/AqTMK/05_plip_interaction_graphs/plip_outputs/AqTMK_73/report.xml,salt_bridges,P3,ARG90A,1589,salt_bridges,salt_bridge,ATP:B:1:P3,P3,ATP,B,1
AqTMK_73,/home/wms/AF2-test/AF2-CatGraph/results/AqTMK/02_template_guided_docking/complexes/AqTMK_73_complex.pdb,results/AqTMK/05_plip_interaction_graphs/plip_outputs/AqTMK_73/report.xml,metal_complexes,MG,THR14A,1599,metal_complexes,metal_complex,MG:B:203:MG,MG,MG,B,203
AqTMK_73,/home/wms/AF2-test/AF2-CatGraph/results/AqTMK/02_template_guided_docking/complexes/AqTMK_73_complex.pdb,results/AqTMK/05_plip_interaction_graphs/plip_outputs/AqTMK_73/report.xml,hydrogen_bonds,O14,ARG47A,1597,hydrogen_bonds,hydrogen_bond,TMP:C:1:O14,O14,TMP,C,1
AqTMK_73,/home/wms/AF2-test/AF2-CatGraph/results/AqTMK/02_template_guided_docking/complexes/AqTMK_73_complex.pdb,results/AqTMK/05_plip_interaction_graphs/plip_outputs/AqTMK_73/report.xml,salt_bridges,P4,ARG90A,1595,salt_bridges,salt_bridge,TMP:C:1:P4,P4,TMP,C,1
AqTMK_76,/home/wms/AF2-test/AF2-CatGraph/results/AqTMK/02_template_guided_docking/complexes/AqTMK_76_complex.pdb,results/AqTMK/05_plip_interaction_graphs/plip_outputs/AqTMK_76/report.xml,hydrogen_bonds,O10,ASP9A,1591,hydrogen_bonds,hydrogen_bond,ATP:B:1:O10,O10,ATP,B,1
AqTMK_76,/home/wms/AF2-test/AF2-CatGraph/results/AqTMK/02_template_guided_docking/complexes/AqTMK_76_complex.pdb,results/AqTMK/05_plip_interaction_graphs/plip_outputs/AqTMK_76/report.xml,hydrogen_bonds,O8,GLY10A,1588,hydrogen_bonds,hydrogen_bond,ATP:B:1:O8,O8,ATP,B,1
AqTMK_76,/home/wms/AF2-test/AF2-CatGraph/results/AqTMK/02_template_guided_docking/complexes/AqTMK_76_complex.pdb,results/AqTMK/05_plip_interaction_graphs/plip_outputs/AqTMK_76/report.xml,hydrogen_bonds,O7,SER11A,1587,hydrogen_bonds,hydrogen_bond,ATP:B:1:O7,O7,ATP,B,1
AqTMK_76,/home/wms/AF2-test/AF2-CatGraph/results/AqTMK/02_template_guided_docking/complexes/AqTMK_76_complex.pdb,results/AqTMK/05_plip_interaction_graphs/plip_outputs/AqTMK_76/report.xml,hydrogen_bonds,O7,GLY12A,1587,hydrogen_bonds,hydrogen_bond,ATP:B:1:O7,O7,ATP,B,1
AqTMK_76,/home/wms/AF2-test/AF2-CatGraph/results/AqTMK/02_template_guided_docking/complexes/AqTMK_76_complex.pdb,results/AqTMK/05_plip_interaction_graphs/plip_outputs/AqTMK_76/report.xml,hydrogen_bonds,O7,LYS13A,1587,hydrogen_bonds,hydrogen_bond,ATP:B:1:O7,O7,ATP,B,1
AqTMK_76,/home/wms/AF2-test/AF2-CatGraph/results/AqTMK/02_template_guided_docking/complexes/AqTMK_76_complex.pdb,results/AqTMK/05_plip_interaction_graphs/plip_outputs/AqTMK_76/report.xml,hydrogen_bonds,O6,THR14A,1586,hydrogen_bonds,hydrogen_bond,ATP:B:1:O6,O6,ATP,B,1
AqTMK_76,/home/wms/AF2-test/AF2-CatGraph/results/AqTMK/02_template_guided_docking/complexes/AqTMK_76_complex.pdb,results/AqTMK/05_plip_interaction_graphs/plip_outputs/AqTMK_76/report.xml,hydrogen_bonds,O4,THR15A,1583,hydrogen_bonds,hydrogen_bond,ATP:B:1:O4,O4,ATP,B,1
AqTMK_76,/home/wms/AF2-test/AF2-CatGraph/results/AqTMK/02_template_guided_docking/complexes/AqTMK_76_complex.pdb,results/AqTMK/05_plip_interaction_graphs/plip_outputs/AqTMK_76/report.xml,hydrogen_bonds,O4,THR15A,1583,hydrogen_bonds,hydrogen_bond,ATP:B:1:O4,O4,ATP,B,1
AqTMK_76,/home/wms/AF2-test/AF2-CatGraph/results/AqTMK/02_template_guided_docking/complexes/AqTMK_76_complex.pdb,results/AqTMK/05_plip_interaction_graphs/plip_outputs/AqTMK_76/report.xml,salt_bridges,P2,LYS13A,1585,salt_bridges,salt_bridge,ATP:B:1:P2,P2,ATP,B,1
AqTMK_76,/home/wms/AF2-test/AF2-CatGraph/results/AqTMK/02_template_guided_docking/complexes/AqTMK_76_complex.pdb,results/AqTMK/05_plip_interaction_graphs/plip_outputs/AqTMK_76/report.xml,salt_bridges,P3,LYS13A,1589,salt_bridges,salt_bridge,ATP:B:1:P3,P3,ATP,B,1
AqTMK_76,/home/wms/AF2-test/AF2-CatGraph/results/AqTMK/02_template_guided_docking/complexes/AqTMK_76_complex.pdb,results/AqTMK/05_plip_interaction_graphs/plip_outputs/AqTMK_76/report.xml,salt_bridges,P3,ARG90A,1589,salt_bridges,salt_bridge,ATP:B:1:P3,P3,ATP,B,1
AqTMK_76,/home/wms/AF2-test/AF2-CatGraph/results/AqTMK/02_template_guided_docking/complexes/AqTMK_76_complex.pdb,results/AqTMK/05_plip_interaction_graphs/plip_outputs/AqTMK_76/report.xml,metal_complexes,MG,THR14A,1599,metal_complexes,metal_complex,MG:B:203:MG,MG,MG,B,203
AqTMK_76,/home/wms/AF2-test/AF2-CatGraph/results/AqTMK/02_template_guided_docking/complexes/AqTMK_76_complex.pdb,results/AqTMK/05_plip_interaction_graphs/plip_outputs/AqTMK_76/report.xml,hydrogen_bonds,O14,ARG47A,1597,hydrogen_bonds,hydrogen_bond,TMP:C:1:O14,O14,TMP,C,1
AqTMK_76,/home/wms/AF2-test/AF2-CatGraph/results/AqTMK/02_template_guided_docking/complexes/AqTMK_76_complex.pdb,results/AqTMK/05_plip_interaction_graphs/plip_outputs/AqTMK_76/report.xml,salt_bridges,P4,ARG90A,1595,salt_bridges,salt_bridge,TMP:C:1:P4,P4,TMP,C,1
AqTMK_77,/home/wms/AF2-test/AF2-CatGraph/results/AqTMK/02_template_guided_docking/complexes/AqTMK_77_complex.pdb,results/AqTMK/05_plip_interaction_graphs/plip_outputs/AqTMK_77/report.xml,hydrogen_bonds,O10,ASP9A,1591,hydrogen_bonds,hydrogen_bond,ATP:B:1:O10,O10,ATP,B,1
AqTMK_77,/home/wms/AF2-test/AF2-CatGraph/results/AqTMK/02_template_guided_docking/complexes/AqTMK_77_complex.pdb,results/AqTMK/05_plip_interaction_graphs/plip_outputs/AqTMK_77/report.xml,hydrogen_bonds,O8,GLY10A,1588,hydrogen_bonds,hydrogen_bond,ATP:B:1:O8,O8,ATP,B,1
AqTMK_77,/home/wms/AF2-test/AF2-CatGraph/results/AqTMK/02_template_guided_docking/complexes/AqTMK_77_complex.pdb,results/AqTMK/05_plip_interaction_graphs/plip_outputs/AqTMK_77/report.xml,hydrogen_bonds,O7,SER11A,1587,hydrogen_bonds,hydrogen_bond,ATP:B:1:O7,O7,ATP,B,1
AqTMK_77,/home/wms/AF2-test/AF2-CatGraph/results/AqTMK/02_template_guided_docking/complexes/AqTMK_77_complex.pdb,results/AqTMK/05_plip_interaction_graphs/plip_outputs/AqTMK_77/report.xml,hydrogen_bonds,O5,GLY12A,1584,hydrogen_bonds,hydrogen_bond,ATP:B:1:O5,O5,ATP,B,1
AqTMK_77,/home/wms/AF2-test/AF2-CatGraph/results/AqTMK/02_template_guided_docking/complexes/AqTMK_77_complex.pdb,results/AqTMK/05_plip_interaction_graphs/plip_outputs/AqTMK_77/report.xml,hydrogen_bonds,O7,LYS13A,1587,hydrogen_bonds,hydrogen_bond,ATP:B:1:O7,O7,ATP,B,1
AqTMK_77,/home/wms/AF2-test/AF2-CatGraph/results/AqTMK/02_template_guided_docking/complexes/AqTMK_77_complex.pdb,results/AqTMK/05_plip_interaction_graphs/plip_outputs/AqTMK_77/report.xml,hydrogen_bonds,O6,THR14A,1586,hydrogen_bonds,hydrogen_bond,ATP:B:1:O6,O6,ATP,B,1
AqTMK_77,/home/wms/AF2-test/AF2-CatGraph/results/AqTMK/02_template_guided_docking/complexes/AqTMK_77_complex.pdb,results/AqTMK/05_plip_interaction_graphs/plip_outputs/AqTMK_77/report.xml,hydrogen_bonds,O2,THR15A,1580,hydrogen_bonds,hydrogen_bond,ATP:B:1:O2,O2,ATP,B,1
AqTMK_77,/home/wms/AF2-test/AF2-CatGraph/results/AqTMK/02_template_guided_docking/complexes/AqTMK_77_complex.pdb,results/AqTMK/05_plip_interaction_graphs/plip_outputs/AqTMK_77/report.xml,hydrogen_bonds,O4,THR15A,1583,hydrogen_bonds,hydrogen_bond,ATP:B:1:O4,O4,ATP,B,1
AqTMK_77,/home/wms/AF2-test/AF2-CatGraph/results/AqTMK/02_template_guided_docking/complexes/AqTMK_77_complex.pdb,results/AqTMK/05_plip_interaction_graphs/plip_outputs/AqTMK_77/report.xml,hydrogen_bonds,O4,THR15A,1583,hydrogen_bonds,hydrogen_bond,ATP:B:1:O4,O4,ATP,B,1
AqTMK_77,/home/wms/AF2-test/AF2-CatGraph/results/AqTMK/02_template_guided_docking/complexes/AqTMK_77_complex.pdb,results/AqTMK/05_plip_interaction_graphs/plip_outputs/AqTMK_77/report.xml,salt_bridges,P2,LYS13A,1585,salt_bridges,salt_bridge,ATP:B:1:P2,P2,ATP,B,1
AqTMK_77,/home/wms/AF2-test/AF2-CatGraph/results/AqTMK/02_template_guided_docking/complexes/AqTMK_77_complex.pdb,results/AqTMK/05_plip_interaction_graphs/plip_outputs/AqTMK_77/report.xml,salt_bridges,P3,LYS13A,1589,salt_bridges,salt_bridge,ATP:B:1:P3,P3,ATP,B,1
AqTMK_77,/home/wms/AF2-test/AF2-CatGraph/results/AqTMK/02_template_guided_docking/complexes/AqTMK_77_complex.pdb,results/AqTMK/05_plip_interaction_graphs/plip_outputs/AqTMK_77/report.xml,salt_bridges,P2,LYS143A,1585,salt_bridges,salt_bridge,ATP:B:1:P2,P2,ATP,B,1
AqTMK_77,/home/wms/AF2-test/AF2-CatGraph/results/AqTMK/02_template_guided_docking/complexes/AqTMK_77_complex.pdb,results/AqTMK/05_plip_interaction_graphs/plip_outputs/AqTMK_77/report.xml,salt_bridges,P1,LYS143A,1581,salt_bridges,salt_bridge,ATP:B:1:P1,P1,ATP,B,1
AqTMK_77,/home/wms/AF2-test/AF2-CatGraph/results/AqTMK/02_template_guided_docking/complexes/AqTMK_77_complex.pdb,results/AqTMK/05_plip_interaction_graphs/plip_outputs/AqTMK_77/report.xml,salt_bridges,P3,LYS143A,1589,salt_bridges,salt_bridge,ATP:B:1:P3,P3,ATP,B,1
AqTMK_77,/home/wms/AF2-test/AF2-CatGraph/results/AqTMK/02_template_guided_docking/complexes/AqTMK_77_complex.pdb,results/AqTMK/05_plip_interaction_graphs/plip_outputs/AqTMK_77/report.xml,salt_bridges,P3,ARG145A,1589,salt_bridges,salt_bridge,ATP:B:1:P3,P3,ATP,B,1
AqTMK_77,/home/wms/AF2-test/AF2-CatGraph/results/AqTMK/02_template_guided_docking/complexes/AqTMK_77_complex.pdb,results/AqTMK/05_plip_interaction_graphs/plip_outputs/AqTMK_77/report.xml,metal_complexes,MG,THR14A,1599,metal_complexes,metal_complex,MG:B:203:MG,MG,MG,B,203
AqTMK_77,/home/wms/AF2-test/AF2-CatGraph/results/AqTMK/02_template_guided_docking/complexes/AqTMK_77_complex.pdb,results/AqTMK/05_plip_interaction_graphs/plip_outputs/AqTMK_77/report.xml,salt_bridges,P4,ARG35A,1595,salt_bridges,salt_bridge,TMP:C:1:P4,P4,TMP,C,1
AqTMK_77,/home/wms/AF2-test/AF2-CatGraph/results/AqTMK/02_template_guided_docking/complexes/AqTMK_77_complex.pdb,results/AqTMK/05_plip_interaction_graphs/plip_outputs/AqTMK_77/report.xml,salt_bridges,P4,ARG90A,1595,salt_bridges,salt_bridge,TMP:C:1:P4,P4,TMP,C,1
AqTMK_77,/home/wms/AF2-test/AF2-CatGraph/results/AqTMK/02_template_guided_docking/complexes/AqTMK_77_complex.pdb,results/AqTMK/05_plip_interaction_graphs/plip_outputs/AqTMK_77/report.xml,salt_bridges,P4,ARG145A,1595,salt_bridges,salt_bridge,TMP:C:1:P4,P4,TMP,C,1
AqTMK_79,/home/wms/AF2-test/AF2-CatGraph/results/AqTMK/02_template_guided_docking/complexes/AqTMK_79_complex.pdb,results/AqTMK/05_plip_interaction_graphs/plip_outputs/AqTMK_79/report.xml,hydrogen_bonds,O10,ASP9A,1591,hydrogen_bonds,hydrogen_bond,ATP:B:1:O10,O10,ATP,B,1
AqTMK_79,/home/wms/AF2-test/AF2-CatGraph/results/AqTMK/02_template_guided_docking/complexes/AqTMK_79_complex.pdb,results/AqTMK/05_plip_interaction_graphs/plip_outputs/AqTMK_79/report.xml,hydrogen_bonds,O8,GLY10A,1588,hydrogen_bonds,hydrogen_bond,ATP:B:1:O8,O8,ATP,B,1
AqTMK_79,/home/wms/AF2-test/AF2-CatGraph/results/AqTMK/02_template_guided_docking/complexes/AqTMK_79_complex.pdb,results/AqTMK/05_plip_interaction_graphs/plip_outputs/AqTMK_79/report.xml,hydrogen_bonds,O7,SER11A,1587,hydrogen_bonds,hydrogen_bond,ATP:B:1:O7,O7,ATP,B,1
AqTMK_79,/home/wms/AF2-test/AF2-CatGraph/results/AqTMK/02_template_guided_docking/complexes/AqTMK_79_complex.pdb,results/AqTMK/05_plip_interaction_graphs/plip_outputs/AqTMK_79/report.xml,hydrogen_bonds,O7,GLY12A,1587,hydrogen_bonds,hydrogen_bond,ATP:B:1:O7,O7,ATP,B,1
AqTMK_79,/home/wms/AF2-test/AF2-CatGraph/results/AqTMK/02_template_guided_docking/complexes/AqTMK_79_complex.pdb,results/AqTMK/05_plip_interaction_graphs/plip_outputs/AqTMK_79/report.xml,hydrogen_bonds,O7,LYS13A,1587,hydrogen_bonds,hydrogen_bond,ATP:B:1:O7,O7,ATP,B,1
AqTMK_79,/home/wms/AF2-test/AF2-CatGraph/results/AqTMK/02_template_guided_docking/complexes/AqTMK_79_complex.pdb,results/AqTMK/05_plip_interaction_graphs/plip_outputs/AqTMK_79/report.xml,hydrogen_bonds,O6,THR14A,1586,hydrogen_bonds,hydrogen_bond,ATP:B:1:O6,O6,ATP,B,1
AqTMK_79,/home/wms/AF2-test/AF2-CatGraph/results/AqTMK/02_template_guided_docking/complexes/AqTMK_79_complex.pdb,results/AqTMK/05_plip_interaction_graphs/plip_outputs/AqTMK_79/report.xml,hydrogen_bonds,O2,THR15A,1580,hydrogen_bonds,hydrogen_bond,ATP:B:1:O2,O2,ATP,B,1
AqTMK_79,/home/wms/AF2-test/AF2-CatGraph/results/AqTMK/02_template_guided_docking/complexes/AqTMK_79_complex.pdb,results/AqTMK/05_plip_interaction_graphs/plip_outputs/AqTMK_79/report.xml,hydrogen_bonds,O4,THR15A,1583,hydrogen_bonds,hydrogen_bond,ATP:B:1:O4,O4,ATP,B,1
AqTMK_79,/home/wms/AF2-test/AF2-CatGraph/results/AqTMK/02_template_guided_docking/complexes/AqTMK_79_complex.pdb,results/AqTMK/05_plip_interaction_graphs/plip_outputs/AqTMK_79/report.xml,hydrogen_bonds,O4,THR15A,1583,hydrogen_bonds,hydrogen_bond,ATP:B:1:O4,O4,ATP,B,1
AqTMK_79,/home/wms/AF2-test/AF2-CatGraph/results/AqTMK/02_template_guided_docking/complexes/AqTMK_79_complex.pdb,results/AqTMK/05_plip_interaction_graphs/plip_outputs/AqTMK_79/report.xml,salt_bridges,P2,LYS13A,1585,salt_bridges,salt_bridge,ATP:B:1:P2,P2,ATP,B,1
AqTMK_79,/home/wms/AF2-test/AF2-CatGraph/results/AqTMK/02_template_guided_docking/complexes/AqTMK_79_complex.pdb,results/AqTMK/05_plip_interaction_graphs/plip_outputs/AqTMK_79/report.xml,salt_bridges,P3,LYS13A,1589,salt_bridges,salt_bridge,ATP:B:1:P3,P3,ATP,B,1
AqTMK_79,/home/wms/AF2-test/AF2-CatGraph/results/AqTMK/02_template_guided_docking/complexes/AqTMK_79_complex.pdb,results/AqTMK/05_plip_interaction_graphs/plip_outputs/AqTMK_79/report.xml,salt_bridges,P3,ARG90A,1589,salt_bridges,salt_bridge,ATP:B:1:P3,P3,ATP,B,1
AqTMK_79,/home/wms/AF2-test/AF2-CatGraph/results/AqTMK/02_template_guided_docking/complexes/AqTMK_79_complex.pdb,results/AqTMK/05_plip_interaction_graphs/plip_outputs/AqTMK_79/report.xml,metal_complexes,MG,THR14A,1599,metal_complexes,metal_complex,MG:B:203:MG,MG,MG,B,203
AqTMK_79,/home/wms/AF2-test/AF2-CatGraph/results/AqTMK/02_template_guided_docking/complexes/AqTMK_79_complex.pdb,results/AqTMK/05_plip_interaction_graphs/plip_outputs/AqTMK_79/report.xml,salt_bridges,P4,ARG47A,1595,salt_bridges,salt_bridge,TMP:C:1:P4,P4,TMP,C,1
AqTMK_79,/home/wms/AF2-test/AF2-CatGraph/results/AqTMK/02_template_guided_docking/complexes/AqTMK_79_complex.pdb,results/AqTMK/05_plip_interaction_graphs/plip_outputs/AqTMK_79/report.xml,salt_bridges,P4,ARG90A,1595,salt_bridges,salt_bridge,TMP:C:1:P4,P4,TMP,C,1
AqTMK_81,/home/wms/AF2-test/AF2-CatGraph/results/AqTMK/02_template_guided_docking/complexes/AqTMK_81_complex.pdb,results/AqTMK/05_plip_interaction_graphs/plip_outputs/AqTMK_81/report.xml,hydrogen_bonds,O10,ASP9A,1591,hydrogen_bonds,hydrogen_bond,ATP:B:1:O10,O10,ATP,B,1
AqTMK_81,/home/wms/AF2-test/AF2-CatGraph/results/AqTMK/02_template_guided_docking/complexes/AqTMK_81_complex.pdb,results/AqTMK/05_plip_interaction_graphs/plip_outputs/AqTMK_81/report.xml,hydrogen_bonds,O8,GLY10A,1588,hydrogen_bonds,hydrogen_bond,ATP:B:1:O8,O8,ATP,B,1
AqTMK_81,/home/wms/AF2-test/AF2-CatGraph/results/AqTMK/02_template_guided_docking/complexes/AqTMK_81_complex.pdb,results/AqTMK/05_plip_interaction_graphs/plip_outputs/AqTMK_81/report.xml,hydrogen_bonds,O7,SER11A,1587,hydrogen_bonds,hydrogen_bond,ATP:B:1:O7,O7,ATP,B,1
AqTMK_81,/home/wms/AF2-test/AF2-CatGraph/results/AqTMK/02_template_guided_docking/complexes/AqTMK_81_complex.pdb,results/AqTMK/05_plip_interaction_graphs/plip_outputs/AqTMK_81/report.xml,hydrogen_bonds,O7,GLY12A,1587,hydrogen_bonds,hydrogen_bond,ATP:B:1:O7,O7,ATP,B,1
AqTMK_81,/home/wms/AF2-test/AF2-CatGraph/results/AqTMK/02_template_guided_docking/complexes/AqTMK_81_complex.pdb,results/AqTMK/05_plip_interaction_graphs/plip_outputs/AqTMK_81/report.xml,hydrogen_bonds,O7,LYS13A,1587,hydrogen_bonds,hydrogen_bond,ATP:B:1:O7,O7,ATP,B,1
AqTMK_81,/home/wms/AF2-test/AF2-CatGraph/results/AqTMK/02_template_guided_docking/complexes/AqTMK_81_complex.pdb,results/AqTMK/05_plip_interaction_graphs/plip_outputs/AqTMK_81/report.xml,hydrogen_bonds,O6,THR14A,1586,hydrogen_bonds,hydrogen_bond,ATP:B:1:O6,O6,ATP,B,1
AqTMK_81,/home/wms/AF2-test/AF2-CatGraph/results/AqTMK/02_template_guided_docking/complexes/AqTMK_81_complex.pdb,results/AqTMK/05_plip_interaction_graphs/plip_outputs/AqTMK_81/report.xml,hydrogen_bonds,O2,THR15A,1580,hydrogen_bonds,hydrogen_bond,ATP:B:1:O2,O2,ATP,B,1
AqTMK_81,/home/wms/AF2-test/AF2-CatGraph/results/AqTMK/02_template_guided_docking/complexes/AqTMK_81_complex.pdb,results/AqTMK/05_plip_interaction_graphs/plip_outputs/AqTMK_81/report.xml,hydrogen_bonds,O4,THR15A,1583,hydrogen_bonds,hydrogen_bond,ATP:B:1:O4,O4,ATP,B,1
AqTMK_81,/home/wms/AF2-test/AF2-CatGraph/results/AqTMK/02_template_guided_docking/complexes/AqTMK_81_complex.pdb,results/AqTMK/05_plip_interaction_graphs/plip_outputs/AqTMK_81/report.xml,hydrogen_bonds,O4,THR15A,1583,hydrogen_bonds,hydrogen_bond,ATP:B:1:O4,O4,ATP,B,1
AqTMK_81,/home/wms/AF2-test/AF2-CatGraph/results/AqTMK/02_template_guided_docking/complexes/AqTMK_81_complex.pdb,results/AqTMK/05_plip_interaction_graphs/plip_outputs/AqTMK_81/report.xml,salt_bridges,P2,LYS13A,1585,salt_bridges,salt_bridge,ATP:B:1:P2,P2,ATP,B,1
AqTMK_81,/home/wms/AF2-test/AF2-CatGraph/results/AqTMK/02_template_guided_docking/complexes/AqTMK_81_complex.pdb,results/AqTMK/05_plip_interaction_graphs/plip_outputs/AqTMK_81/report.xml,salt_bridges,P3,LYS13A,1589,salt_bridges,salt_bridge,ATP:B:1:P3,P3,ATP,B,1
AqTMK_81,/home/wms/AF2-test/AF2-CatGraph/results/AqTMK/02_template_guided_docking/complexes/AqTMK_81_complex.pdb,results/AqTMK/05_plip_interaction_graphs/plip_outputs/AqTMK_81/report.xml,salt_bridges,P3,ARG90A,1589,salt_bridges,salt_bridge,ATP:B:1:P3,P3,ATP,B,1
AqTMK_81,/home/wms/AF2-test/AF2-CatGraph/results/AqTMK/02_template_guided_docking/complexes/AqTMK_81_complex.pdb,results/AqTMK/05_plip_interaction_graphs/plip_outputs/AqTMK_81/report.xml,metal_complexes,MG,THR14A,1599,metal_complexes,metal_complex,MG:B:203:MG,MG,MG,B,203
AqTMK_81,/home/wms/AF2-test/AF2-CatGraph/results/AqTMK/02_template_guided_docking/complexes/AqTMK_81_complex.pdb,results/AqTMK/05_plip_interaction_graphs/plip_outputs/AqTMK_81/report.xml,salt_bridges,P4,ARG47A,1595,salt_bridges,salt_bridge,TMP:C:1:P4,P4,TMP,C,1
AqTMK_81,/home/wms/AF2-test/AF2-CatGraph/results/AqTMK/02_template_guided_docking/complexes/AqTMK_81_complex.pdb,results/AqTMK/05_plip_interaction_graphs/plip_outputs/AqTMK_81/report.xml,salt_bridges,P4,ARG90A,1595,salt_bridges,salt_bridge,TMP:C:1:P4,P4,TMP,C,1
AqTMK_82,/home/wms/AF2-test/AF2-CatGraph/results/AqTMK/02_template_guided_docking/complexes/AqTMK_82_complex.pdb,results/AqTMK/05_plip_interaction_graphs/plip_outputs/AqTMK_82/report.xml,hydrogen_bonds,O10,ASP9A,1591,hydrogen_bonds,hydrogen_bond,ATP:B:1:O10,O10,ATP,B,1
AqTMK_82,/home/wms/AF2-test/AF2-CatGraph/results/AqTMK/02_template_guided_docking/complexes/AqTMK_82_complex.pdb,results/AqTMK/05_plip_interaction_graphs/plip_outputs/AqTMK_82/report.xml,hydrogen_bonds,O8,GLY10A,1588,hydrogen_bonds,hydrogen_bond,ATP:B:1:O8,O8,ATP,B,1
AqTMK_82,/home/wms/AF2-test/AF2-CatGraph/results/AqTMK/02_template_guided_docking/complexes/AqTMK_82_complex.pdb,results/AqTMK/05_plip_interaction_graphs/plip_outputs/AqTMK_82/report.xml,hydrogen_bonds,O7,SER11A,1587,hydrogen_bonds,hydrogen_bond,ATP:B:1:O7,O7,ATP,B,1
AqTMK_82,/home/wms/AF2-test/AF2-CatGraph/results/AqTMK/02_template_guided_docking/complexes/AqTMK_82_complex.pdb,results/AqTMK/05_plip_interaction_graphs/plip_outputs/AqTMK_82/report.xml,hydrogen_bonds,O7,GLY12A,1587,hydrogen_bonds,hydrogen_bond,ATP:B:1:O7,O7,ATP,B,1
AqTMK_82,/home/wms/AF2-test/AF2-CatGraph/results/AqTMK/02_template_guided_docking/complexes/AqTMK_82_complex.pdb,results/AqTMK/05_plip_interaction_graphs/plip_outputs/AqTMK_82/report.xml,hydrogen_bonds,O7,LYS13A,1587,hydrogen_bonds,hydrogen_bond,ATP:B:1:O7,O7,ATP,B,1
AqTMK_82,/home/wms/AF2-test/AF2-CatGraph/results/AqTMK/02_template_guided_docking/complexes/AqTMK_82_complex.pdb,results/AqTMK/05_plip_interaction_graphs/plip_outputs/AqTMK_82/report.xml,hydrogen_bonds,O6,THR14A,1586,hydrogen_bonds,hydrogen_bond,ATP:B:1:O6,O6,ATP,B,1
AqTMK_82,/home/wms/AF2-test/AF2-CatGraph/results/AqTMK/02_template_guided_docking/complexes/AqTMK_82_complex.pdb,results/AqTMK/05_plip_interaction_graphs/plip_outputs/AqTMK_82/report.xml,hydrogen_bonds,O2,THR15A,1580,hydrogen_bonds,hydrogen_bond,ATP:B:1:O2,O2,ATP,B,1
AqTMK_82,/home/wms/AF2-test/AF2-CatGraph/results/AqTMK/02_template_guided_docking/complexes/AqTMK_82_complex.pdb,results/AqTMK/05_plip_interaction_graphs/plip_outputs/AqTMK_82/report.xml,hydrogen_bonds,O4,THR15A,1583,hydrogen_bonds,hydrogen_bond,ATP:B:1:O4,O4,ATP,B,1
AqTMK_82,/home/wms/AF2-test/AF2-CatGraph/results/AqTMK/02_template_guided_docking/complexes/AqTMK_82_complex.pdb,results/AqTMK/05_plip_interaction_graphs/plip_outputs/AqTMK_82/report.xml,hydrogen_bonds,O4,THR15A,1583,hydrogen_bonds,hydrogen_bond,ATP:B:1:O4,O4,ATP,B,1
AqTMK_82,/home/wms/AF2-test/AF2-CatGraph/results/AqTMK/02_template_guided_docking/complexes/AqTMK_82_complex.pdb,results/AqTMK/05_plip_interaction_graphs/plip_outputs/AqTMK_82/report.xml,salt_bridges,P2,LYS13A,1585,salt_bridges,salt_bridge,ATP:B:1:P2,P2,ATP,B,1
AqTMK_82,/home/wms/AF2-test/AF2-CatGraph/results/AqTMK/02_template_guided_docking/complexes/AqTMK_82_complex.pdb,results/AqTMK/05_plip_interaction_graphs/plip_outputs/AqTMK_82/report.xml,salt_bridges,P3,LYS13A,1589,salt_bridges,salt_bridge,ATP:B:1:P3,P3,ATP,B,1
AqTMK_82,/home/wms/AF2-test/AF2-CatGraph/results/AqTMK/02_template_guided_docking/complexes/AqTMK_82_complex.pdb,results/AqTMK/05_plip_interaction_graphs/plip_outputs/AqTMK_82/report.xml,salt_bridges,P3,ARG90A,1589,salt_bridges,salt_bridge,ATP:B:1:P3,P3,ATP,B,1
AqTMK_82,/home/wms/AF2-test/AF2-CatGraph/results/AqTMK/02_template_guided_docking/complexes/AqTMK_82_complex.pdb,results/AqTMK/05_plip_interaction_graphs/plip_outputs/AqTMK_82/report.xml,metal_complexes,MG,THR14A,1599,metal_complexes,metal_complex,MG:B:203:MG,MG,MG,B,203
AqTMK_82,/home/wms/AF2-test/AF2-CatGraph/results/AqTMK/02_template_guided_docking/complexes/AqTMK_82_complex.pdb,results/AqTMK/05_plip_interaction_graphs/plip_outputs/AqTMK_82/report.xml,salt_bridges,P4,ARG47A,1595,salt_bridges,salt_bridge,TMP:C:1:P4,P4,TMP,C,1
AqTMK_82,/home/wms/AF2-test/AF2-CatGraph/results/AqTMK/02_template_guided_docking/complexes/AqTMK_82_complex.pdb,results/AqTMK/05_plip_interaction_graphs/plip_outputs/AqTMK_82/report.xml,salt_bridges,P4,ARG90A,1595,salt_bridges,salt_bridge,TMP:C:1:P4,P4,TMP,C,1
AqTMK_84,/home/wms/AF2-test/AF2-CatGraph/results/AqTMK/02_template_guided_docking/complexes/AqTMK_84_complex.pdb,results/AqTMK/05_plip_interaction_graphs/plip_outputs/AqTMK_84/report.xml,hydrogen_bonds,O10,ASP9A,1591,hydrogen_bonds,hydrogen_bond,ATP:B:1:O10,O10,ATP,B,1
AqTMK_84,/home/wms/AF2-test/AF2-CatGraph/results/AqTMK/02_template_guided_docking/complexes/AqTMK_84_complex.pdb,results/AqTMK/05_plip_interaction_graphs/plip_outputs/AqTMK_84/report.xml,hydrogen_bonds,O8,GLY10A,1588,hydrogen_bonds,hydrogen_bond,ATP:B:1:O8,O8,ATP,B,1
AqTMK_84,/home/wms/AF2-test/AF2-CatGraph/results/AqTMK/02_template_guided_docking/complexes/AqTMK_84_complex.pdb,results/AqTMK/05_plip_interaction_graphs/plip_outputs/AqTMK_84/report.xml,hydrogen_bonds,O7,SER11A,1587,hydrogen_bonds,hydrogen_bond,ATP:B:1:O7,O7,ATP,B,1
AqTMK_84,/home/wms/AF2-test/AF2-CatGraph/results/AqTMK/02_template_guided_docking/complexes/AqTMK_84_complex.pdb,results/AqTMK/05_plip_interaction_graphs/plip_outputs/AqTMK_84/report.xml,hydrogen_bonds,O7,GLY12A,1587,hydrogen_bonds,hydrogen_bond,ATP:B:1:O7,O7,ATP,B,1
AqTMK_84,/home/wms/AF2-test/AF2-CatGraph/results/AqTMK/02_template_guided_docking/complexes/AqTMK_84_complex.pdb,results/AqTMK/05_plip_interaction_graphs/plip_outputs/AqTMK_84/report.xml,hydrogen_bonds,O7,LYS13A,1587,hydrogen_bonds,hydrogen_bond,ATP:B:1:O7,O7,ATP,B,1
AqTMK_84,/home/wms/AF2-test/AF2-CatGraph/results/AqTMK/02_template_guided_docking/complexes/AqTMK_84_complex.pdb,results/AqTMK/05_plip_interaction_graphs/plip_outputs/AqTMK_84/report.xml,hydrogen_bonds,O6,THR14A,1586,hydrogen_bonds,hydrogen_bond,ATP:B:1:O6,O6,ATP,B,1
AqTMK_84,/home/wms/AF2-test/AF2-CatGraph/results/AqTMK/02_template_guided_docking/complexes/AqTMK_84_complex.pdb,results/AqTMK/05_plip_interaction_graphs/plip_outputs/AqTMK_84/report.xml,hydrogen_bonds,O2,THR15A,1580,hydrogen_bonds,hydrogen_bond,ATP:B:1:O2,O2,ATP,B,1
AqTMK_84,/home/wms/AF2-test/AF2-CatGraph/results/AqTMK/02_template_guided_docking/complexes/AqTMK_84_complex.pdb,results/AqTMK/05_plip_interaction_graphs/plip_outputs/AqTMK_84/report.xml,hydrogen_bonds,O4,THR15A,1583,hydrogen_bonds,hydrogen_bond,ATP:B:1:O4,O4,ATP,B,1
AqTMK_84,/home/wms/AF2-test/AF2-CatGraph/results/AqTMK/02_template_guided_docking/complexes/AqTMK_84_complex.pdb,results/AqTMK/05_plip_interaction_graphs/plip_outputs/AqTMK_84/report.xml,hydrogen_bonds,O4,THR15A,1583,hydrogen_bonds,hydrogen_bond,ATP:B:1:O4,O4,ATP,B,1
AqTMK_84,/home/wms/AF2-test/AF2-CatGraph/results/AqTMK/02_template_guided_docking/complexes/AqTMK_84_complex.pdb,results/AqTMK/05_plip_interaction_graphs/plip_outputs/AqTMK_84/report.xml,salt_bridges,P2,LYS13A,1585,salt_bridges,salt_bridge,ATP:B:1:P2,P2,ATP,B,1
AqTMK_84,/home/wms/AF2-test/AF2-CatGraph/results/AqTMK/02_template_guided_docking/complexes/AqTMK_84_complex.pdb,results/AqTMK/05_plip_interaction_graphs/plip_outputs/AqTMK_84/report.xml,salt_bridges,P3,LYS13A,1589,salt_bridges,salt_bridge,ATP:B:1:P3,P3,ATP,B,1
AqTMK_84,/home/wms/AF2-test/AF2-CatGraph/results/AqTMK/02_template_guided_docking/complexes/AqTMK_84_complex.pdb,results/AqTMK/05_plip_interaction_graphs/plip_outputs/AqTMK_84/report.xml,salt_bridges,P3,ARG90A,1589,salt_bridges,salt_bridge,ATP:B:1:P3,P3,ATP,B,1
AqTMK_84,/home/wms/AF2-test/AF2-CatGraph/results/AqTMK/02_template_guided_docking/complexes/AqTMK_84_complex.pdb,results/AqTMK/05_plip_interaction_graphs/plip_outputs/AqTMK_84/report.xml,metal_complexes,MG,THR14A,1599,metal_complexes,metal_complex,MG:B:203:MG,MG,MG,B,203
AqTMK_84,/home/wms/AF2-test/AF2-CatGraph/results/AqTMK/02_template_guided_docking/complexes/AqTMK_84_complex.pdb,results/AqTMK/05_plip_interaction_graphs/plip_outputs/AqTMK_84/report.xml,salt_bridges,P4,ARG47A,1595,salt_bridges,salt_bridge,TMP:C:1:P4,P4,TMP,C,1
AqTMK_84,/home/wms/AF2-test/AF2-CatGraph/results/AqTMK/02_template_guided_docking/complexes/AqTMK_84_complex.pdb,results/AqTMK/05_plip_interaction_graphs/plip_outputs/AqTMK_84/report.xml,salt_bridges,P4,ARG90A,1595,salt_bridges,salt_bridge,TMP:C:1:P4,P4,TMP,C,1
AqTMK_85,/home/wms/AF2-test/AF2-CatGraph/results/AqTMK/02_template_guided_docking/complexes/AqTMK_85_complex.pdb,results/AqTMK/05_plip_interaction_graphs/plip_outputs/AqTMK_85/report.xml,hydrogen_bonds,O10,ASP9A,1591,hydrogen_bonds,hydrogen_bond,ATP:B:1:O10,O10,ATP,B,1
AqTMK_85,/home/wms/AF2-test/AF2-CatGraph/results/AqTMK/02_template_guided_docking/complexes/AqTMK_85_complex.pdb,results/AqTMK/05_plip_interaction_graphs/plip_outputs/AqTMK_85/report.xml,hydrogen_bonds,O8,GLY10A,1588,hydrogen_bonds,hydrogen_bond,ATP:B:1:O8,O8,ATP,B,1
AqTMK_85,/home/wms/AF2-test/AF2-CatGraph/results/AqTMK/02_template_guided_docking/complexes/AqTMK_85_complex.pdb,results/AqTMK/05_plip_interaction_graphs/plip_outputs/AqTMK_85/report.xml,hydrogen_bonds,O7,SER11A,1587,hydrogen_bonds,hydrogen_bond,ATP:B:1:O7,O7,ATP,B,1
AqTMK_85,/home/wms/AF2-test/AF2-CatGraph/results/AqTMK/02_template_guided_docking/complexes/AqTMK_85_complex.pdb,results/AqTMK/05_plip_interaction_graphs/plip_outputs/AqTMK_85/report.xml,hydrogen_bonds,O7,GLY12A,1587,hydrogen_bonds,hydrogen_bond,ATP:B:1:O7,O7,ATP,B,1
AqTMK_85,/home/wms/AF2-test/AF2-CatGraph/results/AqTMK/02_template_guided_docking/complexes/AqTMK_85_complex.pdb,results/AqTMK/05_plip_interaction_graphs/plip_outputs/AqTMK_85/report.xml,hydrogen_bonds,O7,LYS13A,1587,hydrogen_bonds,hydrogen_bond,ATP:B:1:O7,O7,ATP,B,1
AqTMK_85,/home/wms/AF2-test/AF2-CatGraph/results/AqTMK/02_template_guided_docking/complexes/AqTMK_85_complex.pdb,results/AqTMK/05_plip_interaction_graphs/plip_outputs/AqTMK_85/report.xml,hydrogen_bonds,O6,THR14A,1586,hydrogen_bonds,hydrogen_bond,ATP:B:1:O6,O6,ATP,B,1
AqTMK_85,/home/wms/AF2-test/AF2-CatGraph/results/AqTMK/02_template_guided_docking/complexes/AqTMK_85_complex.pdb,results/AqTMK/05_plip_interaction_graphs/plip_outputs/AqTMK_85/report.xml,hydrogen_bonds,O2,THR15A,1580,hydrogen_bonds,hydrogen_bond,ATP:B:1:O2,O2,ATP,B,1
AqTMK_85,/home/wms/AF2-test/AF2-CatGraph/results/AqTMK/02_template_guided_docking/complexes/AqTMK_85_complex.pdb,results/AqTMK/05_plip_interaction_graphs/plip_outputs/AqTMK_85/report.xml,hydrogen_bonds,O4,THR15A,1583,hydrogen_bonds,hydrogen_bond,ATP:B:1:O4,O4,ATP,B,1
AqTMK_85,/home/wms/AF2-test/AF2-CatGraph/results/AqTMK/02_template_guided_docking/complexes/AqTMK_85_complex.pdb,results/AqTMK/05_plip_interaction_graphs/plip_outputs/AqTMK_85/report.xml,hydrogen_bonds,O4,THR15A,1583,hydrogen_bonds,hydrogen_bond,ATP:B:1:O4,O4,ATP,B,1
AqTMK_85,/home/wms/AF2-test/AF2-CatGraph/results/AqTMK/02_template_guided_docking/complexes/AqTMK_85_complex.pdb,results/AqTMK/05_plip_interaction_graphs/plip_outputs/AqTMK_85/report.xml,salt_bridges,P2,LYS13A,1585,salt_bridges,salt_bridge,ATP:B:1:P2,P2,ATP,B,1
AqTMK_85,/home/wms/AF2-test/AF2-CatGraph/results/AqTMK/02_template_guided_docking/complexes/AqTMK_85_complex.pdb,results/AqTMK/05_plip_interaction_graphs/plip_outputs/AqTMK_85/report.xml,salt_bridges,P3,LYS13A,1589,salt_bridges,salt_bridge,ATP:B:1:P3,P3,ATP,B,1
AqTMK_85,/home/wms/AF2-test/AF2-CatGraph/results/AqTMK/02_template_guided_docking/complexes/AqTMK_85_complex.pdb,results/AqTMK/05_plip_interaction_graphs/plip_outputs/AqTMK_85/report.xml,salt_bridges,P3,ARG90A,1589,salt_bridges,salt_bridge,ATP:B:1:P3,P3,ATP,B,1
AqTMK_85,/home/wms/AF2-test/AF2-CatGraph/results/AqTMK/02_template_guided_docking/complexes/AqTMK_85_complex.pdb,results/AqTMK/05_plip_interaction_graphs/plip_outputs/AqTMK_85/report.xml,metal_complexes,MG,THR14A,1599,metal_complexes,metal_complex,MG:B:203:MG,MG,MG,B,203
AqTMK_85,/home/wms/AF2-test/AF2-CatGraph/results/AqTMK/02_template_guided_docking/complexes/AqTMK_85_complex.pdb,results/AqTMK/05_plip_interaction_graphs/plip_outputs/AqTMK_85/report.xml,hydrogen_bonds,O14,ARG47A,1597,hydrogen_bonds,hydrogen_bond,TMP:C:1:O14,O14,TMP,C,1
AqTMK_85,/home/wms/AF2-test/AF2-CatGraph/results/AqTMK/02_template_guided_docking/complexes/AqTMK_85_complex.pdb,results/AqTMK/05_plip_interaction_graphs/plip_outputs/AqTMK_85/report.xml,salt_bridges,P4,ARG90A,1595,salt_bridges,salt_bridge,TMP:C:1:P4,P4,TMP,C,1
AqTMK_87,/home/wms/AF2-test/AF2-CatGraph/results/AqTMK/02_template_guided_docking/complexes/AqTMK_87_complex.pdb,results/AqTMK/05_plip_interaction_graphs/plip_outputs/AqTMK_87/report.xml,hydrogen_bonds,O10,ASP9A,1591,hydrogen_bonds,hydrogen_bond,ATP:B:1:O10,O10,ATP,B,1
AqTMK_87,/home/wms/AF2-test/AF2-CatGraph/results/AqTMK/02_template_guided_docking/complexes/AqTMK_87_complex.pdb,results/AqTMK/05_plip_interaction_graphs/plip_outputs/AqTMK_87/report.xml,hydrogen_bonds,O8,GLY10A,1588,hydrogen_bonds,hydrogen_bond,ATP:B:1:O8,O8,ATP,B,1
AqTMK_87,/home/wms/AF2-test/AF2-CatGraph/results/AqTMK/02_template_guided_docking/complexes/AqTMK_87_complex.pdb,results/AqTMK/05_plip_interaction_graphs/plip_outputs/AqTMK_87/report.xml,hydrogen_bonds,O7,SER11A,1587,hydrogen_bonds,hydrogen_bond,ATP:B:1:O7,O7,ATP,B,1
AqTMK_87,/home/wms/AF2-test/AF2-CatGraph/results/AqTMK/02_template_guided_docking/complexes/AqTMK_87_complex.pdb,results/AqTMK/05_plip_interaction_graphs/plip_outputs/AqTMK_87/report.xml,hydrogen_bonds,O7,GLY12A,1587,hydrogen_bonds,hydrogen_bond,ATP:B:1:O7,O7,ATP,B,1
AqTMK_87,/home/wms/AF2-test/AF2-CatGraph/results/AqTMK/02_template_guided_docking/complexes/AqTMK_87_complex.pdb,results/AqTMK/05_plip_interaction_graphs/plip_outputs/AqTMK_87/report.xml,hydrogen_bonds,O7,LYS13A,1587,hydrogen_bonds,hydrogen_bond,ATP:B:1:O7,O7,ATP,B,1
AqTMK_87,/home/wms/AF2-test/AF2-CatGraph/results/AqTMK/02_template_guided_docking/complexes/AqTMK_87_complex.pdb,results/AqTMK/05_plip_interaction_graphs/plip_outputs/AqTMK_87/report.xml,hydrogen_bonds,O6,THR14A,1586,hydrogen_bonds,hydrogen_bond,ATP:B:1:O6,O6,ATP,B,1
AqTMK_87,/home/wms/AF2-test/AF2-CatGraph/results/AqTMK/02_template_guided_docking/complexes/AqTMK_87_complex.pdb,results/AqTMK/05_plip_interaction_graphs/plip_outputs/AqTMK_87/report.xml,hydrogen_bonds,O2,THR15A,1580,hydrogen_bonds,hydrogen_bond,ATP:B:1:O2,O2,ATP,B,1
AqTMK_87,/home/wms/AF2-test/AF2-CatGraph/results/AqTMK/02_template_guided_docking/complexes/AqTMK_87_complex.pdb,results/AqTMK/05_plip_interaction_graphs/plip_outputs/AqTMK_87/report.xml,hydrogen_bonds,O4,THR15A,1583,hydrogen_bonds,hydrogen_bond,ATP:B:1:O4,O4,ATP,B,1
AqTMK_87,/home/wms/AF2-test/AF2-CatGraph/results/AqTMK/02_template_guided_docking/complexes/AqTMK_87_complex.pdb,results/AqTMK/05_plip_interaction_graphs/plip_outputs/AqTMK_87/report.xml,hydrogen_bonds,O4,THR15A,1583,hydrogen_bonds,hydrogen_bond,ATP:B:1:O4,O4,ATP,B,1
AqTMK_87,/home/wms/AF2-test/AF2-CatGraph/results/AqTMK/02_template_guided_docking/complexes/AqTMK_87_complex.pdb,results/AqTMK/05_plip_interaction_graphs/plip_outputs/AqTMK_87/report.xml,salt_bridges,P2,LYS13A,1585,salt_bridges,salt_bridge,ATP:B:1:P2,P2,ATP,B,1
AqTMK_87,/home/wms/AF2-test/AF2-CatGraph/results/AqTMK/02_template_guided_docking/complexes/AqTMK_87_complex.pdb,results/AqTMK/05_plip_interaction_graphs/plip_outputs/AqTMK_87/report.xml,salt_bridges,P3,LYS13A,1589,salt_bridges,salt_bridge,ATP:B:1:P3,P3,ATP,B,1
AqTMK_87,/home/wms/AF2-test/AF2-CatGraph/results/AqTMK/02_template_guided_docking/complexes/AqTMK_87_complex.pdb,results/AqTMK/05_plip_interaction_graphs/plip_outputs/AqTMK_87/report.xml,salt_bridges,P3,ARG90A,1589,salt_bridges,salt_bridge,ATP:B:1:P3,P3,ATP,B,1
AqTMK_87,/home/wms/AF2-test/AF2-CatGraph/results/AqTMK/02_template_guided_docking/complexes/AqTMK_87_complex.pdb,results/AqTMK/05_plip_interaction_graphs/plip_outputs/AqTMK_87/report.xml,metal_complexes,MG,THR14A,1599,metal_complexes,metal_complex,MG:B:203:MG,MG,MG,B,203
AqTMK_87,/home/wms/AF2-test/AF2-CatGraph/results/AqTMK/02_template_guided_docking/complexes/AqTMK_87_complex.pdb,results/AqTMK/05_plip_interaction_graphs/plip_outputs/AqTMK_87/report.xml,salt_bridges,P4,LYS13A,1595,salt_bridges,salt_bridge,TMP:C:1:P4,P4,TMP,C,1
AqTMK_87,/home/wms/AF2-test/AF2-CatGraph/results/AqTMK/02_template_guided_docking/complexes/AqTMK_87_complex.pdb,results/AqTMK/05_plip_interaction_graphs/plip_outputs/AqTMK_87/report.xml,salt_bridges,P4,ARG47A,1595,salt_bridges,salt_bridge,TMP:C:1:P4,P4,TMP,C,1
AqTMK_87,/home/wms/AF2-test/AF2-CatGraph/results/AqTMK/02_template_guided_docking/complexes/AqTMK_87_complex.pdb,results/AqTMK/05_plip_interaction_graphs/plip_outputs/AqTMK_87/report.xml,salt_bridges,P4,ARG90A,1595,salt_bridges,salt_bridge,TMP:C:1:P4,P4,TMP,C,1
AqTMK_88,/home/wms/AF2-test/AF2-CatGraph/results/AqTMK/02_template_guided_docking/complexes/AqTMK_88_complex.pdb,results/AqTMK/05_plip_interaction_graphs/plip_outputs/AqTMK_88/report.xml,hydrogen_bonds,O10,ASP9A,1591,hydrogen_bonds,hydrogen_bond,ATP:B:1:O10,O10,ATP,B,1
AqTMK_88,/home/wms/AF2-test/AF2-CatGraph/results/AqTMK/02_template_guided_docking/complexes/AqTMK_88_complex.pdb,results/AqTMK/05_plip_interaction_graphs/plip_outputs/AqTMK_88/report.xml,hydrogen_bonds,O8,GLY10A,1588,hydrogen_bonds,hydrogen_bond,ATP:B:1:O8,O8,ATP,B,1
AqTMK_88,/home/wms/AF2-test/AF2-CatGraph/results/AqTMK/02_template_guided_docking/complexes/AqTMK_88_complex.pdb,results/AqTMK/05_plip_interaction_graphs/plip_outputs/AqTMK_88/report.xml,hydrogen_bonds,O7,SER11A,1587,hydrogen_bonds,hydrogen_bond,ATP:B:1:O7,O7,ATP,B,1
AqTMK_88,/home/wms/AF2-test/AF2-CatGraph/results/AqTMK/02_template_guided_docking/complexes/AqTMK_88_complex.pdb,results/AqTMK/05_plip_interaction_graphs/plip_outputs/AqTMK_88/report.xml,hydrogen_bonds,O7,GLY12A,1587,hydrogen_bonds,hydrogen_bond,ATP:B:1:O7,O7,ATP,B,1
AqTMK_88,/home/wms/AF2-test/AF2-CatGraph/results/AqTMK/02_template_guided_docking/complexes/AqTMK_88_complex.pdb,results/AqTMK/05_plip_interaction_graphs/plip_outputs/AqTMK_88/report.xml,hydrogen_bonds,O7,LYS13A,1587,hydrogen_bonds,hydrogen_bond,ATP:B:1:O7,O7,ATP,B,1
AqTMK_88,/home/wms/AF2-test/AF2-CatGraph/results/AqTMK/02_template_guided_docking/complexes/AqTMK_88_complex.pdb,results/AqTMK/05_plip_interaction_graphs/plip_outputs/AqTMK_88/report.xml,hydrogen_bonds,O6,THR14A,1586,hydrogen_bonds,hydrogen_bond,ATP:B:1:O6,O6,ATP,B,1
AqTMK_88,/home/wms/AF2-test/AF2-CatGraph/results/AqTMK/02_template_guided_docking/complexes/AqTMK_88_complex.pdb,results/AqTMK/05_plip_interaction_graphs/plip_outputs/AqTMK_88/report.xml,hydrogen_bonds,O2,THR15A,1580,hydrogen_bonds,hydrogen_bond,ATP:B:1:O2,O2,ATP,B,1
AqTMK_88,/home/wms/AF2-test/AF2-CatGraph/results/AqTMK/02_template_guided_docking/complexes/AqTMK_88_complex.pdb,results/AqTMK/05_plip_interaction_graphs/plip_outputs/AqTMK_88/report.xml,hydrogen_bonds,O4,THR15A,1583,hydrogen_bonds,hydrogen_bond,ATP:B:1:O4,O4,ATP,B,1
AqTMK_88,/home/wms/AF2-test/AF2-CatGraph/results/AqTMK/02_template_guided_docking/complexes/AqTMK_88_complex.pdb,results/AqTMK/05_plip_interaction_graphs/plip_outputs/AqTMK_88/report.xml,hydrogen_bonds,O4,THR15A,1583,hydrogen_bonds,hydrogen_bond,ATP:B:1:O4,O4,ATP,B,1
AqTMK_88,/home/wms/AF2-test/AF2-CatGraph/results/AqTMK/02_template_guided_docking/complexes/AqTMK_88_complex.pdb,results/AqTMK/05_plip_interaction_graphs/plip_outputs/AqTMK_88/report.xml,salt_bridges,P2,LYS13A,1585,salt_bridges,salt_bridge,ATP:B:1:P2,P2,ATP,B,1
AqTMK_88,/home/wms/AF2-test/AF2-CatGraph/results/AqTMK/02_template_guided_docking/complexes/AqTMK_88_complex.pdb,results/AqTMK/05_plip_interaction_graphs/plip_outputs/AqTMK_88/report.xml,salt_bridges,P3,LYS13A,1589,salt_bridges,salt_bridge,ATP:B:1:P3,P3,ATP,B,1
AqTMK_88,/home/wms/AF2-test/AF2-CatGraph/results/AqTMK/02_template_guided_docking/complexes/AqTMK_88_complex.pdb,results/AqTMK/05_plip_interaction_graphs/plip_outputs/AqTMK_88/report.xml,salt_bridges,P2,LYS143A,1585,salt_bridges,salt_bridge,ATP:B:1:P2,P2,ATP,B,1
AqTMK_88,/home/wms/AF2-test/AF2-CatGraph/results/AqTMK/02_template_guided_docking/complexes/AqTMK_88_complex.pdb,results/AqTMK/05_plip_interaction_graphs/plip_outputs/AqTMK_88/report.xml,salt_bridges,P1,LYS143A,1581,salt_bridges,salt_bridge,ATP:B:1:P1,P1,ATP,B,1
AqTMK_88,/home/wms/AF2-test/AF2-CatGraph/results/AqTMK/02_template_guided_docking/complexes/AqTMK_88_complex.pdb,results/AqTMK/05_plip_interaction_graphs/plip_outputs/AqTMK_88/report.xml,salt_bridges,P3,LYS143A,1589,salt_bridges,salt_bridge,ATP:B:1:P3,P3,ATP,B,1
AqTMK_88,/home/wms/AF2-test/AF2-CatGraph/results/AqTMK/02_template_guided_docking/complexes/AqTMK_88_complex.pdb,results/AqTMK/05_plip_interaction_graphs/plip_outputs/AqTMK_88/report.xml,salt_bridges,P3,ARG145A,1589,salt_bridges,salt_bridge,ATP:B:1:P3,P3,ATP,B,1
AqTMK_88,/home/wms/AF2-test/AF2-CatGraph/results/AqTMK/02_template_guided_docking/complexes/AqTMK_88_complex.pdb,results/AqTMK/05_plip_interaction_graphs/plip_outputs/AqTMK_88/report.xml,metal_complexes,MG,THR14A,1599,metal_complexes,metal_complex,MG:B:203:MG,MG,MG,B,203
AqTMK_88,/home/wms/AF2-test/AF2-CatGraph/results/AqTMK/02_template_guided_docking/complexes/AqTMK_88_complex.pdb,results/AqTMK/05_plip_interaction_graphs/plip_outputs/AqTMK_88/report.xml,salt_bridges,P4,ARG35A,1595,salt_bridges,salt_bridge,TMP:C:1:P4,P4,TMP,C,1
AqTMK_88,/home/wms/AF2-test/AF2-CatGraph/results/AqTMK/02_template_guided_docking/complexes/AqTMK_88_complex.pdb,results/AqTMK/05_plip_interaction_graphs/plip_outputs/AqTMK_88/report.xml,salt_bridges,P4,ARG47A,1595,salt_bridges,salt_bridge,TMP:C:1:P4,P4,TMP,C,1
AqTMK_88,/home/wms/AF2-test/AF2-CatGraph/results/AqTMK/02_template_guided_docking/complexes/AqTMK_88_complex.pdb,results/AqTMK/05_plip_interaction_graphs/plip_outputs/AqTMK_88/report.xml,salt_bridges,P4,ARG90A,1595,salt_bridges,salt_bridge,TMP:C:1:P4,P4,TMP,C,1
AqTMK_88,/home/wms/AF2-test/AF2-CatGraph/results/AqTMK/02_template_guided_docking/complexes/AqTMK_88_complex.pdb,results/AqTMK/05_plip_interaction_graphs/plip_outputs/AqTMK_88/report.xml,salt_bridges,P4,ARG145A,1595,salt_bridges,salt_bridge,TMP:C:1:P4,P4,TMP,C,1
AqTMK_89,/home/wms/AF2-test/AF2-CatGraph/results/AqTMK/02_template_guided_docking/complexes/AqTMK_89_complex.pdb,results/AqTMK/05_plip_interaction_graphs/plip_outputs/AqTMK_89/report.xml,hydrogen_bonds,O10,ASP9A,1591,hydrogen_bonds,hydrogen_bond,ATP:B:1:O10,O10,ATP,B,1
AqTMK_89,/home/wms/AF2-test/AF2-CatGraph/results/AqTMK/02_template_guided_docking/complexes/AqTMK_89_complex.pdb,results/AqTMK/05_plip_interaction_graphs/plip_outputs/AqTMK_89/report.xml,hydrogen_bonds,O8,GLY10A,1588,hydrogen_bonds,hydrogen_bond,ATP:B:1:O8,O8,ATP,B,1
AqTMK_89,/home/wms/AF2-test/AF2-CatGraph/results/AqTMK/02_template_guided_docking/complexes/AqTMK_89_complex.pdb,results/AqTMK/05_plip_interaction_graphs/plip_outputs/AqTMK_89/report.xml,hydrogen_bonds,O7,SER11A,1587,hydrogen_bonds,hydrogen_bond,ATP:B:1:O7,O7,ATP,B,1
AqTMK_89,/home/wms/AF2-test/AF2-CatGraph/results/AqTMK/02_template_guided_docking/complexes/AqTMK_89_complex.pdb,results/AqTMK/05_plip_interaction_graphs/plip_outputs/AqTMK_89/report.xml,hydrogen_bonds,O7,GLY12A,1587,hydrogen_bonds,hydrogen_bond,ATP:B:1:O7,O7,ATP,B,1
AqTMK_89,/home/wms/AF2-test/AF2-CatGraph/results/AqTMK/02_template_guided_docking/complexes/AqTMK_89_complex.pdb,results/AqTMK/05_plip_interaction_graphs/plip_outputs/AqTMK_89/report.xml,hydrogen_bonds,O7,LYS13A,1587,hydrogen_bonds,hydrogen_bond,ATP:B:1:O7,O7,ATP,B,1
AqTMK_89,/home/wms/AF2-test/AF2-CatGraph/results/AqTMK/02_template_guided_docking/complexes/AqTMK_89_complex.pdb,results/AqTMK/05_plip_interaction_graphs/plip_outputs/AqTMK_89/report.xml,hydrogen_bonds,O6,THR14A,1586,hydrogen_bonds,hydrogen_bond,ATP:B:1:O6,O6,ATP,B,1
AqTMK_89,/home/wms/AF2-test/AF2-CatGraph/results/AqTMK/02_template_guided_docking/complexes/AqTMK_89_complex.pdb,results/AqTMK/05_plip_interaction_graphs/plip_outputs/AqTMK_89/report.xml,hydrogen_bonds,O2,THR15A,1580,hydrogen_bonds,hydrogen_bond,ATP:B:1:O2,O2,ATP,B,1
AqTMK_89,/home/wms/AF2-test/AF2-CatGraph/results/AqTMK/02_template_guided_docking/complexes/AqTMK_89_complex.pdb,results/AqTMK/05_plip_interaction_graphs/plip_outputs/AqTMK_89/report.xml,hydrogen_bonds,O4,THR15A,1583,hydrogen_bonds,hydrogen_bond,ATP:B:1:O4,O4,ATP,B,1
AqTMK_89,/home/wms/AF2-test/AF2-CatGraph/results/AqTMK/02_template_guided_docking/complexes/AqTMK_89_complex.pdb,results/AqTMK/05_plip_interaction_graphs/plip_outputs/AqTMK_89/report.xml,hydrogen_bonds,O4,THR15A,1583,hydrogen_bonds,hydrogen_bond,ATP:B:1:O4,O4,ATP,B,1
AqTMK_89,/home/wms/AF2-test/AF2-CatGraph/results/AqTMK/02_template_guided_docking/complexes/AqTMK_89_complex.pdb,results/AqTMK/05_plip_interaction_graphs/plip_outputs/AqTMK_89/report.xml,salt_bridges,P2,LYS13A,1585,salt_bridges,salt_bridge,ATP:B:1:P2,P2,ATP,B,1
AqTMK_89,/home/wms/AF2-test/AF2-CatGraph/results/AqTMK/02_template_guided_docking/complexes/AqTMK_89_complex.pdb,results/AqTMK/05_plip_interaction_graphs/plip_outputs/AqTMK_89/report.xml,salt_bridges,P3,LYS13A,1589,salt_bridges,salt_bridge,ATP:B:1:P3,P3,ATP,B,1
AqTMK_89,/home/wms/AF2-test/AF2-CatGraph/results/AqTMK/02_template_guided_docking/complexes/AqTMK_89_complex.pdb,results/AqTMK/05_plip_interaction_graphs/plip_outputs/AqTMK_89/report.xml,salt_bridges,P3,ARG90A,1589,salt_bridges,salt_bridge,ATP:B:1:P3,P3,ATP,B,1
AqTMK_89,/home/wms/AF2-test/AF2-CatGraph/results/AqTMK/02_template_guided_docking/complexes/AqTMK_89_complex.pdb,results/AqTMK/05_plip_interaction_graphs/plip_outputs/AqTMK_89/report.xml,metal_complexes,MG,THR14A,1599,metal_complexes,metal_complex,MG:B:203:MG,MG,MG,B,203
AqTMK_89,/home/wms/AF2-test/AF2-CatGraph/results/AqTMK/02_template_guided_docking/complexes/AqTMK_89_complex.pdb,results/AqTMK/05_plip_interaction_graphs/plip_outputs/AqTMK_89/report.xml,salt_bridges,P4,ARG47A,1595,salt_bridges,salt_bridge,TMP:C:1:P4,P4,TMP,C,1
AqTMK_89,/home/wms/AF2-test/AF2-CatGraph/results/AqTMK/02_template_guided_docking/complexes/AqTMK_89_complex.pdb,results/AqTMK/05_plip_interaction_graphs/plip_outputs/AqTMK_89/report.xml,salt_bridges,P4,ARG90A,1595,salt_bridges,salt_bridge,TMP:C:1:P4,P4,TMP,C,1
AqTMK_91,/home/wms/AF2-test/AF2-CatGraph/results/AqTMK/02_template_guided_docking/complexes/AqTMK_91_complex.pdb,results/AqTMK/05_plip_interaction_graphs/plip_outputs/AqTMK_91/report.xml,hydrogen_bonds,O10,ASP9A,1591,hydrogen_bonds,hydrogen_bond,ATP:B:1:O10,O10,ATP,B,1
AqTMK_91,/home/wms/AF2-test/AF2-CatGraph/results/AqTMK/02_template_guided_docking/complexes/AqTMK_91_complex.pdb,results/AqTMK/05_plip_interaction_graphs/plip_outputs/AqTMK_91/report.xml,hydrogen_bonds,O8,GLY10A,1588,hydrogen_bonds,hydrogen_bond,ATP:B:1:O8,O8,ATP,B,1
AqTMK_91,/home/wms/AF2-test/AF2-CatGraph/results/AqTMK/02_template_guided_docking/complexes/AqTMK_91_complex.pdb,results/AqTMK/05_plip_interaction_graphs/plip_outputs/AqTMK_91/report.xml,hydrogen_bonds,O7,SER11A,1587,hydrogen_bonds,hydrogen_bond,ATP:B:1:O7,O7,ATP,B,1
AqTMK_91,/home/wms/AF2-test/AF2-CatGraph/results/AqTMK/02_template_guided_docking/complexes/AqTMK_91_complex.pdb,results/AqTMK/05_plip_interaction_graphs/plip_outputs/AqTMK_91/report.xml,hydrogen_bonds,O7,GLY12A,1587,hydrogen_bonds,hydrogen_bond,ATP:B:1:O7,O7,ATP,B,1
AqTMK_91,/home/wms/AF2-test/AF2-CatGraph/results/AqTMK/02_template_guided_docking/complexes/AqTMK_91_complex.pdb,results/AqTMK/05_plip_interaction_graphs/plip_outputs/AqTMK_91/report.xml,hydrogen_bonds,O7,LYS13A,1587,hydrogen_bonds,hydrogen_bond,ATP:B:1:O7,O7,ATP,B,1
AqTMK_91,/home/wms/AF2-test/AF2-CatGraph/results/AqTMK/02_template_guided_docking/complexes/AqTMK_91_complex.pdb,results/AqTMK/05_plip_interaction_graphs/plip_outputs/AqTMK_91/report.xml,hydrogen_bonds,O6,THR14A,1586,hydrogen_bonds,hydrogen_bond,ATP:B:1:O6,O6,ATP,B,1
AqTMK_91,/home/wms/AF2-test/AF2-CatGraph/results/AqTMK/02_template_guided_docking/complexes/AqTMK_91_complex.pdb,results/AqTMK/05_plip_interaction_graphs/plip_outputs/AqTMK_91/report.xml,hydrogen_bonds,O2,THR15A,1580,hydrogen_bonds,hydrogen_bond,ATP:B:1:O2,O2,ATP,B,1
AqTMK_91,/home/wms/AF2-test/AF2-CatGraph/results/AqTMK/02_template_guided_docking/complexes/AqTMK_91_complex.pdb,results/AqTMK/05_plip_interaction_graphs/plip_outputs/AqTMK_91/report.xml,hydrogen_bonds,O4,THR15A,1583,hydrogen_bonds,hydrogen_bond,ATP:B:1:O4,O4,ATP,B,1
AqTMK_91,/home/wms/AF2-test/AF2-CatGraph/results/AqTMK/02_template_guided_docking/complexes/AqTMK_91_complex.pdb,results/AqTMK/05_plip_interaction_graphs/plip_outputs/AqTMK_91/report.xml,hydrogen_bonds,O4,THR15A,1583,hydrogen_bonds,hydrogen_bond,ATP:B:1:O4,O4,ATP,B,1
AqTMK_91,/home/wms/AF2-test/AF2-CatGraph/results/AqTMK/02_template_guided_docking/complexes/AqTMK_91_complex.pdb,results/AqTMK/05_plip_interaction_graphs/plip_outputs/AqTMK_91/report.xml,salt_bridges,P2,LYS13A,1585,salt_bridges,salt_bridge,ATP:B:1:P2,P2,ATP,B,1
AqTMK_91,/home/wms/AF2-test/AF2-CatGraph/results/AqTMK/02_template_guided_docking/complexes/AqTMK_91_complex.pdb,results/AqTMK/05_plip_interaction_graphs/plip_outputs/AqTMK_91/report.xml,salt_bridges,P3,LYS13A,1589,salt_bridges,salt_bridge,ATP:B:1:P3,P3,ATP,B,1
AqTMK_91,/home/wms/AF2-test/AF2-CatGraph/results/AqTMK/02_template_guided_docking/complexes/AqTMK_91_complex.pdb,results/AqTMK/05_plip_interaction_graphs/plip_outputs/AqTMK_91/report.xml,salt_bridges,P3,ARG90A,1589,salt_bridges,salt_bridge,ATP:B:1:P3,P3,ATP,B,1
AqTMK_91,/home/wms/AF2-test/AF2-CatGraph/results/AqTMK/02_template_guided_docking/complexes/AqTMK_91_complex.pdb,results/AqTMK/05_plip_interaction_graphs/plip_outputs/AqTMK_91/report.xml,metal_complexes,MG,THR14A,1599,metal_complexes,metal_complex,MG:B:203:MG,MG,MG,B,203
AqTMK_91,/home/wms/AF2-test/AF2-CatGraph/results/AqTMK/02_template_guided_docking/complexes/AqTMK_91_complex.pdb,results/AqTMK/05_plip_interaction_graphs/plip_outputs/AqTMK_91/report.xml,salt_bridges,P4,ARG47A,1595,salt_bridges,salt_bridge,TMP:C:1:P4,P4,TMP,C,1
AqTMK_91,/home/wms/AF2-test/AF2-CatGraph/results/AqTMK/02_template_guided_docking/complexes/AqTMK_91_complex.pdb,results/AqTMK/05_plip_interaction_graphs/plip_outputs/AqTMK_91/report.xml,salt_bridges,P4,ARG90A,1595,salt_bridges,salt_bridge,TMP:C:1:P4,P4,TMP,C,1
AqTMK_92,/home/wms/AF2-test/AF2-CatGraph/results/AqTMK/02_template_guided_docking/complexes/AqTMK_92_complex.pdb,results/AqTMK/05_plip_interaction_graphs/plip_outputs/AqTMK_92/report.xml,hydrogen_bonds,O10,ASP9A,1591,hydrogen_bonds,hydrogen_bond,ATP:B:1:O10,O10,ATP,B,1
AqTMK_92,/home/wms/AF2-test/AF2-CatGraph/results/AqTMK/02_template_guided_docking/complexes/AqTMK_92_complex.pdb,results/AqTMK/05_plip_interaction_graphs/plip_outputs/AqTMK_92/report.xml,hydrogen_bonds,O8,GLY10A,1588,hydrogen_bonds,hydrogen_bond,ATP:B:1:O8,O8,ATP,B,1
AqTMK_92,/home/wms/AF2-test/AF2-CatGraph/results/AqTMK/02_template_guided_docking/complexes/AqTMK_92_complex.pdb,results/AqTMK/05_plip_interaction_graphs/plip_outputs/AqTMK_92/report.xml,hydrogen_bonds,O7,SER11A,1587,hydrogen_bonds,hydrogen_bond,ATP:B:1:O7,O7,ATP,B,1
AqTMK_92,/home/wms/AF2-test/AF2-CatGraph/results/AqTMK/02_template_guided_docking/complexes/AqTMK_92_complex.pdb,results/AqTMK/05_plip_interaction_graphs/plip_outputs/AqTMK_92/report.xml,hydrogen_bonds,O7,GLY12A,1587,hydrogen_bonds,hydrogen_bond,ATP:B:1:O7,O7,ATP,B,1
AqTMK_92,/home/wms/AF2-test/AF2-CatGraph/results/AqTMK/02_template_guided_docking/complexes/AqTMK_92_complex.pdb,results/AqTMK/05_plip_interaction_graphs/plip_outputs/AqTMK_92/report.xml,hydrogen_bonds,O7,LYS13A,1587,hydrogen_bonds,hydrogen_bond,ATP:B:1:O7,O7,ATP,B,1
AqTMK_92,/home/wms/AF2-test/AF2-CatGraph/results/AqTMK/02_template_guided_docking/complexes/AqTMK_92_complex.pdb,results/AqTMK/05_plip_interaction_graphs/plip_outputs/AqTMK_92/report.xml,hydrogen_bonds,O6,THR14A,1586,hydrogen_bonds,hydrogen_bond,ATP:B:1:O6,O6,ATP,B,1
AqTMK_92,/home/wms/AF2-test/AF2-CatGraph/results/AqTMK/02_template_guided_docking/complexes/AqTMK_92_complex.pdb,results/AqTMK/05_plip_interaction_graphs/plip_outputs/AqTMK_92/report.xml,hydrogen_bonds,O2,THR15A,1580,hydrogen_bonds,hydrogen_bond,ATP:B:1:O2,O2,ATP,B,1
AqTMK_92,/home/wms/AF2-test/AF2-CatGraph/results/AqTMK/02_template_guided_docking/complexes/AqTMK_92_complex.pdb,results/AqTMK/05_plip_interaction_graphs/plip_outputs/AqTMK_92/report.xml,hydrogen_bonds,O4,THR15A,1583,hydrogen_bonds,hydrogen_bond,ATP:B:1:O4,O4,ATP,B,1
AqTMK_92,/home/wms/AF2-test/AF2-CatGraph/results/AqTMK/02_template_guided_docking/complexes/AqTMK_92_complex.pdb,results/AqTMK/05_plip_interaction_graphs/plip_outputs/AqTMK_92/report.xml,hydrogen_bonds,O4,THR15A,1583,hydrogen_bonds,hydrogen_bond,ATP:B:1:O4,O4,ATP,B,1
AqTMK_92,/home/wms/AF2-test/AF2-CatGraph/results/AqTMK/02_template_guided_docking/complexes/AqTMK_92_complex.pdb,results/AqTMK/05_plip_interaction_graphs/plip_outputs/AqTMK_92/report.xml,salt_bridges,P2,LYS13A,1585,salt_bridges,salt_bridge,ATP:B:1:P2,P2,ATP,B,1
AqTMK_92,/home/wms/AF2-test/AF2-CatGraph/results/AqTMK/02_template_guided_docking/complexes/AqTMK_92_complex.pdb,results/AqTMK/05_plip_interaction_graphs/plip_outputs/AqTMK_92/report.xml,salt_bridges,P3,LYS13A,1589,salt_bridges,salt_bridge,ATP:B:1:P3,P3,ATP,B,1
AqTMK_92,/home/wms/AF2-test/AF2-CatGraph/results/AqTMK/02_template_guided_docking/complexes/AqTMK_92_complex.pdb,results/AqTMK/05_plip_interaction_graphs/plip_outputs/AqTMK_92/report.xml,salt_bridges,P3,ARG90A,1589,salt_bridges,salt_bridge,ATP:B:1:P3,P3,ATP,B,1
AqTMK_92,/home/wms/AF2-test/AF2-CatGraph/results/AqTMK/02_template_guided_docking/complexes/AqTMK_92_complex.pdb,results/AqTMK/05_plip_interaction_graphs/plip_outputs/AqTMK_92/report.xml,salt_bridges,P4,ARG47A,1595,salt_bridges,salt_bridge,TMP:C:1:P4,P4,TMP,C,1
AqTMK_92,/home/wms/AF2-test/AF2-CatGraph/results/AqTMK/02_template_guided_docking/complexes/AqTMK_92_complex.pdb,results/AqTMK/05_plip_interaction_graphs/plip_outputs/AqTMK_92/report.xml,salt_bridges,P4,ARG90A,1595,salt_bridges,salt_bridge,TMP:C:1:P4,P4,TMP,C,1
AqTMK_93,/home/wms/AF2-test/AF2-CatGraph/results/AqTMK/02_template_guided_docking/complexes/AqTMK_93_complex.pdb,results/AqTMK/05_plip_interaction_graphs/plip_outputs/AqTMK_93/report.xml,hydrogen_bonds,O10,ASP9A,1591,hydrogen_bonds,hydrogen_bond,ATP:B:1:O10,O10,ATP,B,1
AqTMK_93,/home/wms/AF2-test/AF2-CatGraph/results/AqTMK/02_template_guided_docking/complexes/AqTMK_93_complex.pdb,results/AqTMK/05_plip_interaction_graphs/plip_outputs/AqTMK_93/report.xml,hydrogen_bonds,O8,GLY10A,1588,hydrogen_bonds,hydrogen_bond,ATP:B:1:O8,O8,ATP,B,1
AqTMK_93,/home/wms/AF2-test/AF2-CatGraph/results/AqTMK/02_template_guided_docking/complexes/AqTMK_93_complex.pdb,results/AqTMK/05_plip_interaction_graphs/plip_outputs/AqTMK_93/report.xml,hydrogen_bonds,O7,SER11A,1587,hydrogen_bonds,hydrogen_bond,ATP:B:1:O7,O7,ATP,B,1
AqTMK_93,/home/wms/AF2-test/AF2-CatGraph/results/AqTMK/02_template_guided_docking/complexes/AqTMK_93_complex.pdb,results/AqTMK/05_plip_interaction_graphs/plip_outputs/AqTMK_93/report.xml,hydrogen_bonds,O7,GLY12A,1587,hydrogen_bonds,hydrogen_bond,ATP:B:1:O7,O7,ATP,B,1
AqTMK_93,/home/wms/AF2-test/AF2-CatGraph/results/AqTMK/02_template_guided_docking/complexes/AqTMK_93_complex.pdb,results/AqTMK/05_plip_interaction_graphs/plip_outputs/AqTMK_93/report.xml,hydrogen_bonds,O7,LYS13A,1587,hydrogen_bonds,hydrogen_bond,ATP:B:1:O7,O7,ATP,B,1
AqTMK_93,/home/wms/AF2-test/AF2-CatGraph/results/AqTMK/02_template_guided_docking/complexes/AqTMK_93_complex.pdb,results/AqTMK/05_plip_interaction_graphs/plip_outputs/AqTMK_93/report.xml,hydrogen_bonds,O6,THR14A,1586,hydrogen_bonds,hydrogen_bond,ATP:B:1:O6,O6,ATP,B,1
AqTMK_93,/home/wms/AF2-test/AF2-CatGraph/results/AqTMK/02_template_guided_docking/complexes/AqTMK_93_complex.pdb,results/AqTMK/05_plip_interaction_graphs/plip_outputs/AqTMK_93/report.xml,hydrogen_bonds,O2,THR15A,1580,hydrogen_bonds,hydrogen_bond,ATP:B:1:O2,O2,ATP,B,1
AqTMK_93,/home/wms/AF2-test/AF2-CatGraph/results/AqTMK/02_template_guided_docking/complexes/AqTMK_93_complex.pdb,results/AqTMK/05_plip_interaction_graphs/plip_outputs/AqTMK_93/report.xml,hydrogen_bonds,O4,THR15A,1583,hydrogen_bonds,hydrogen_bond,ATP:B:1:O4,O4,ATP,B,1
AqTMK_93,/home/wms/AF2-test/AF2-CatGraph/results/AqTMK/02_template_guided_docking/complexes/AqTMK_93_complex.pdb,results/AqTMK/05_plip_interaction_graphs/plip_outputs/AqTMK_93/report.xml,hydrogen_bonds,O4,THR15A,1583,hydrogen_bonds,hydrogen_bond,ATP:B:1:O4,O4,ATP,B,1
AqTMK_93,/home/wms/AF2-test/AF2-CatGraph/results/AqTMK/02_template_guided_docking/complexes/AqTMK_93_complex.pdb,results/AqTMK/05_plip_interaction_graphs/plip_outputs/AqTMK_93/report.xml,salt_bridges,P2,LYS13A,1585,salt_bridges,salt_bridge,ATP:B:1:P2,P2,ATP,B,1
AqTMK_93,/home/wms/AF2-test/AF2-CatGraph/results/AqTMK/02_template_guided_docking/complexes/AqTMK_93_complex.pdb,results/AqTMK/05_plip_interaction_graphs/plip_outputs/AqTMK_93/report.xml,salt_bridges,P3,LYS13A,1589,salt_bridges,salt_bridge,ATP:B:1:P3,P3,ATP,B,1
AqTMK_93,/home/wms/AF2-test/AF2-CatGraph/results/AqTMK/02_template_guided_docking/complexes/AqTMK_93_complex.pdb,results/AqTMK/05_plip_interaction_graphs/plip_outputs/AqTMK_93/report.xml,salt_bridges,P3,ARG90A,1589,salt_bridges,salt_bridge,ATP:B:1:P3,P3,ATP,B,1
AqTMK_93,/home/wms/AF2-test/AF2-CatGraph/results/AqTMK/02_template_guided_docking/complexes/AqTMK_93_complex.pdb,results/AqTMK/05_plip_interaction_graphs/plip_outputs/AqTMK_93/report.xml,metal_complexes,MG,THR14A,1599,metal_complexes,metal_complex,MG:B:203:MG,MG,MG,B,203
AqTMK_93,/home/wms/AF2-test/AF2-CatGraph/results/AqTMK/02_template_guided_docking/complexes/AqTMK_93_complex.pdb,results/AqTMK/05_plip_interaction_graphs/plip_outputs/AqTMK_93/report.xml,salt_bridges,P4,ARG47A,1595,salt_bridges,salt_bridge,TMP:C:1:P4,P4,TMP,C,1
AqTMK_93,/home/wms/AF2-test/AF2-CatGraph/results/AqTMK/02_template_guided_docking/complexes/AqTMK_93_complex.pdb,results/AqTMK/05_plip_interaction_graphs/plip_outputs/AqTMK_93/report.xml,salt_bridges,P4,ARG90A,1595,salt_bridges,salt_bridge,TMP:C:1:P4,P4,TMP,C,1
AqTMK_94,/home/wms/AF2-test/AF2-CatGraph/results/AqTMK/02_template_guided_docking/complexes/AqTMK_94_complex.pdb,results/AqTMK/05_plip_interaction_graphs/plip_outputs/AqTMK_94/report.xml,hydrogen_bonds,O8,GLY10A,1588,hydrogen_bonds,hydrogen_bond,ATP:B:1:O8,O8,ATP,B,1
AqTMK_94,/home/wms/AF2-test/AF2-CatGraph/results/AqTMK/02_template_guided_docking/complexes/AqTMK_94_complex.pdb,results/AqTMK/05_plip_interaction_graphs/plip_outputs/AqTMK_94/report.xml,hydrogen_bonds,O7,SER11A,1587,hydrogen_bonds,hydrogen_bond,ATP:B:1:O7,O7,ATP,B,1
AqTMK_94,/home/wms/AF2-test/AF2-CatGraph/results/AqTMK/02_template_guided_docking/complexes/AqTMK_94_complex.pdb,results/AqTMK/05_plip_interaction_graphs/plip_outputs/AqTMK_94/report.xml,hydrogen_bonds,O7,GLY12A,1587,hydrogen_bonds,hydrogen_bond,ATP:B:1:O7,O7,ATP,B,1
AqTMK_94,/home/wms/AF2-test/AF2-CatGraph/results/AqTMK/02_template_guided_docking/complexes/AqTMK_94_complex.pdb,results/AqTMK/05_plip_interaction_graphs/plip_outputs/AqTMK_94/report.xml,hydrogen_bonds,O7,LYS13A,1587,hydrogen_bonds,hydrogen_bond,ATP:B:1:O7,O7,ATP,B,1
AqTMK_94,/home/wms/AF2-test/AF2-CatGraph/results/AqTMK/02_template_guided_docking/complexes/AqTMK_94_complex.pdb,results/AqTMK/05_plip_interaction_graphs/plip_outputs/AqTMK_94/report.xml,hydrogen_bonds,O6,THR14A,1586,hydrogen_bonds,hydrogen_bond,ATP:B:1:O6,O6,ATP,B,1
AqTMK_94,/home/wms/AF2-test/AF2-CatGraph/results/AqTMK/02_template_guided_docking/complexes/AqTMK_94_complex.pdb,results/AqTMK/05_plip_interaction_graphs/plip_outputs/AqTMK_94/report.xml,hydrogen_bonds,O2,THR15A,1580,hydrogen_bonds,hydrogen_bond,ATP:B:1:O2,O2,ATP,B,1
AqTMK_94,/home/wms/AF2-test/AF2-CatGraph/results/AqTMK/02_template_guided_docking/complexes/AqTMK_94_complex.pdb,results/AqTMK/05_plip_interaction_graphs/plip_outputs/AqTMK_94/report.xml,hydrogen_bonds,O4,THR15A,1583,hydrogen_bonds,hydrogen_bond,ATP:B:1:O4,O4,ATP,B,1
AqTMK_94,/home/wms/AF2-test/AF2-CatGraph/results/AqTMK/02_template_guided_docking/complexes/AqTMK_94_complex.pdb,results/AqTMK/05_plip_interaction_graphs/plip_outputs/AqTMK_94/report.xml,hydrogen_bonds,O4,THR15A,1583,hydrogen_bonds,hydrogen_bond,ATP:B:1:O4,O4,ATP,B,1
AqTMK_94,/home/wms/AF2-test/AF2-CatGraph/results/AqTMK/02_template_guided_docking/complexes/AqTMK_94_complex.pdb,results/AqTMK/05_plip_interaction_graphs/plip_outputs/AqTMK_94/report.xml,salt_bridges,P2,LYS13A,1585,salt_bridges,salt_bridge,ATP:B:1:P2,P2,ATP,B,1
AqTMK_94,/home/wms/AF2-test/AF2-CatGraph/results/AqTMK/02_template_guided_docking/complexes/AqTMK_94_complex.pdb,results/AqTMK/05_plip_interaction_graphs/plip_outputs/AqTMK_94/report.xml,salt_bridges,P3,LYS13A,1589,salt_bridges,salt_bridge,ATP:B:1:P3,P3,ATP,B,1
AqTMK_94,/home/wms/AF2-test/AF2-CatGraph/results/AqTMK/02_template_guided_docking/complexes/AqTMK_94_complex.pdb,results/AqTMK/05_plip_interaction_graphs/plip_outputs/AqTMK_94/report.xml,salt_bridges,P3,ARG90A,1589,salt_bridges,salt_bridge,ATP:B:1:P3,P3,ATP,B,1
AqTMK_94,/home/wms/AF2-test/AF2-CatGraph/results/AqTMK/02_template_guided_docking/complexes/AqTMK_94_complex.pdb,results/AqTMK/05_plip_interaction_graphs/plip_outputs/AqTMK_94/report.xml,metal_complexes,MG,THR14A,1599,metal_complexes,metal_complex,MG:B:203:MG,MG,MG,B,203
AqTMK_94,/home/wms/AF2-test/AF2-CatGraph/results/AqTMK/02_template_guided_docking/complexes/AqTMK_94_complex.pdb,results/AqTMK/05_plip_interaction_graphs/plip_outputs/AqTMK_94/report.xml,salt_bridges,P4,ARG47A,1595,salt_bridges,salt_bridge,TMP:C:1:P4,P4,TMP,C,1
AqTMK_94,/home/wms/AF2-test/AF2-CatGraph/results/AqTMK/02_template_guided_docking/complexes/AqTMK_94_complex.pdb,results/AqTMK/05_plip_interaction_graphs/plip_outputs/AqTMK_94/report.xml,salt_bridges,P4,ARG90A,1595,salt_bridges,salt_bridge,TMP:C:1:P4,P4,TMP,C,1
AqTMK_95,/home/wms/AF2-test/AF2-CatGraph/results/AqTMK/02_template_guided_docking/complexes/AqTMK_95_complex.pdb,results/AqTMK/05_plip_interaction_graphs/plip_outputs/AqTMK_95/report.xml,hydrogen_bonds,O10,ASP9A,1591,hydrogen_bonds,hydrogen_bond,ATP:B:1:O10,O10,ATP,B,1
AqTMK_95,/home/wms/AF2-test/AF2-CatGraph/results/AqTMK/02_template_guided_docking/complexes/AqTMK_95_complex.pdb,results/AqTMK/05_plip_interaction_graphs/plip_outputs/AqTMK_95/report.xml,hydrogen_bonds,O8,GLY10A,1588,hydrogen_bonds,hydrogen_bond,ATP:B:1:O8,O8,ATP,B,1
AqTMK_95,/home/wms/AF2-test/AF2-CatGraph/results/AqTMK/02_template_guided_docking/complexes/AqTMK_95_complex.pdb,results/AqTMK/05_plip_interaction_graphs/plip_outputs/AqTMK_95/report.xml,hydrogen_bonds,O7,SER11A,1587,hydrogen_bonds,hydrogen_bond,ATP:B:1:O7,O7,ATP,B,1
AqTMK_95,/home/wms/AF2-test/AF2-CatGraph/results/AqTMK/02_template_guided_docking/complexes/AqTMK_95_complex.pdb,results/AqTMK/05_plip_interaction_graphs/plip_outputs/AqTMK_95/report.xml,hydrogen_bonds,O7,GLY12A,1587,hydrogen_bonds,hydrogen_bond,ATP:B:1:O7,O7,ATP,B,1
AqTMK_95,/home/wms/AF2-test/AF2-CatGraph/results/AqTMK/02_template_guided_docking/complexes/AqTMK_95_complex.pdb,results/AqTMK/05_plip_interaction_graphs/plip_outputs/AqTMK_95/report.xml,hydrogen_bonds,O7,LYS13A,1587,hydrogen_bonds,hydrogen_bond,ATP:B:1:O7,O7,ATP,B,1
AqTMK_95,/home/wms/AF2-test/AF2-CatGraph/results/AqTMK/02_template_guided_docking/complexes/AqTMK_95_complex.pdb,results/AqTMK/05_plip_interaction_graphs/plip_outputs/AqTMK_95/report.xml,hydrogen_bonds,O7,THR14A,1587,hydrogen_bonds,hydrogen_bond,ATP:B:1:O7,O7,ATP,B,1
AqTMK_95,/home/wms/AF2-test/AF2-CatGraph/results/AqTMK/02_template_guided_docking/complexes/AqTMK_95_complex.pdb,results/AqTMK/05_plip_interaction_graphs/plip_outputs/AqTMK_95/report.xml,hydrogen_bonds,O11,THR14A,1592,hydrogen_bonds,hydrogen_bond,ATP:B:1:O11,O11,ATP,B,1
AqTMK_95,/home/wms/AF2-test/AF2-CatGraph/results/AqTMK/02_template_guided_docking/complexes/AqTMK_95_complex.pdb,results/AqTMK/05_plip_interaction_graphs/plip_outputs/AqTMK_95/report.xml,hydrogen_bonds,O2,THR15A,1580,hydrogen_bonds,hydrogen_bond,ATP:B:1:O2,O2,ATP,B,1
AqTMK_95,/home/wms/AF2-test/AF2-CatGraph/results/AqTMK/02_template_guided_docking/complexes/AqTMK_95_complex.pdb,results/AqTMK/05_plip_interaction_graphs/plip_outputs/AqTMK_95/report.xml,hydrogen_bonds,O4,THR15A,1583,hydrogen_bonds,hydrogen_bond,ATP:B:1:O4,O4,ATP,B,1
AqTMK_95,/home/wms/AF2-test/AF2-CatGraph/results/AqTMK/02_template_guided_docking/complexes/AqTMK_95_complex.pdb,results/AqTMK/05_plip_interaction_graphs/plip_outputs/AqTMK_95/report.xml,hydrogen_bonds,O4,THR15A,1583,hydrogen_bonds,hydrogen_bond,ATP:B:1:O4,O4,ATP,B,1
AqTMK_95,/home/wms/AF2-test/AF2-CatGraph/results/AqTMK/02_template_guided_docking/complexes/AqTMK_95_complex.pdb,results/AqTMK/05_plip_interaction_graphs/plip_outputs/AqTMK_95/report.xml,salt_bridges,P2,LYS13A,1585,salt_bridges,salt_bridge,ATP:B:1:P2,P2,ATP,B,1
AqTMK_95,/home/wms/AF2-test/AF2-CatGraph/results/AqTMK/02_template_guided_docking/complexes/AqTMK_95_complex.pdb,results/AqTMK/05_plip_interaction_graphs/plip_outputs/AqTMK_95/report.xml,salt_bridges,P3,LYS13A,1589,salt_bridges,salt_bridge,ATP:B:1:P3,P3,ATP,B,1
AqTMK_95,/home/wms/AF2-test/AF2-CatGraph/results/AqTMK/02_template_guided_docking/complexes/AqTMK_95_complex.pdb,results/AqTMK/05_plip_interaction_graphs/plip_outputs/AqTMK_95/report.xml,salt_bridges,P3,ARG90A,1589,salt_bridges,salt_bridge,ATP:B:1:P3,P3,ATP,B,1
AqTMK_95,/home/wms/AF2-test/AF2-CatGraph/results/AqTMK/02_template_guided_docking/complexes/AqTMK_95_complex.pdb,results/AqTMK/05_plip_interaction_graphs/plip_outputs/AqTMK_95/report.xml,metal_complexes,MG,THR14A,1599,metal_complexes,metal_complex,MG:B:203:MG,MG,MG,B,203
AqTMK_95,/home/wms/AF2-test/AF2-CatGraph/results/AqTMK/02_template_guided_docking/complexes/AqTMK_95_complex.pdb,results/AqTMK/05_plip_interaction_graphs/plip_outputs/AqTMK_95/report.xml,salt_bridges,P4,ARG47A,1595,salt_bridges,salt_bridge,TMP:C:1:P4,P4,TMP,C,1
AqTMK_95,/home/wms/AF2-test/AF2-CatGraph/results/AqTMK/02_template_guided_docking/complexes/AqTMK_95_complex.pdb,results/AqTMK/05_plip_interaction_graphs/plip_outputs/AqTMK_95/report.xml,salt_bridges,P4,ARG90A,1595,salt_bridges,salt_bridge,TMP:C:1:P4,P4,TMP,C,1
AqTMK_97,/home/wms/AF2-test/AF2-CatGraph/results/AqTMK/02_template_guided_docking/complexes/AqTMK_97_complex.pdb,results/AqTMK/05_plip_interaction_graphs/plip_outputs/AqTMK_97/report.xml,hydrogen_bonds,O10,ASP9A,1591,hydrogen_bonds,hydrogen_bond,ATP:B:1:O10,O10,ATP,B,1
AqTMK_97,/home/wms/AF2-test/AF2-CatGraph/results/AqTMK/02_template_guided_docking/complexes/AqTMK_97_complex.pdb,results/AqTMK/05_plip_interaction_graphs/plip_outputs/AqTMK_97/report.xml,hydrogen_bonds,O8,GLY10A,1588,hydrogen_bonds,hydrogen_bond,ATP:B:1:O8,O8,ATP,B,1
AqTMK_97,/home/wms/AF2-test/AF2-CatGraph/results/AqTMK/02_template_guided_docking/complexes/AqTMK_97_complex.pdb,results/AqTMK/05_plip_interaction_graphs/plip_outputs/AqTMK_97/report.xml,hydrogen_bonds,O7,SER11A,1587,hydrogen_bonds,hydrogen_bond,ATP:B:1:O7,O7,ATP,B,1
AqTMK_97,/home/wms/AF2-test/AF2-CatGraph/results/AqTMK/02_template_guided_docking/complexes/AqTMK_97_complex.pdb,results/AqTMK/05_plip_interaction_graphs/plip_outputs/AqTMK_97/report.xml,hydrogen_bonds,O7,GLY12A,1587,hydrogen_bonds,hydrogen_bond,ATP:B:1:O7,O7,ATP,B,1
AqTMK_97,/home/wms/AF2-test/AF2-CatGraph/results/AqTMK/02_template_guided_docking/complexes/AqTMK_97_complex.pdb,results/AqTMK/05_plip_interaction_graphs/plip_outputs/AqTMK_97/report.xml,hydrogen_bonds,O7,LYS13A,1587,hydrogen_bonds,hydrogen_bond,ATP:B:1:O7,O7,ATP,B,1
AqTMK_97,/home/wms/AF2-test/AF2-CatGraph/results/AqTMK/02_template_guided_docking/complexes/AqTMK_97_complex.pdb,results/AqTMK/05_plip_interaction_graphs/plip_outputs/AqTMK_97/report.xml,hydrogen_bonds,O6,THR14A,1586,hydrogen_bonds,hydrogen_bond,ATP:B:1:O6,O6,ATP,B,1
AqTMK_97,/home/wms/AF2-test/AF2-CatGraph/results/AqTMK/02_template_guided_docking/complexes/AqTMK_97_complex.pdb,results/AqTMK/05_plip_interaction_graphs/plip_outputs/AqTMK_97/report.xml,hydrogen_bonds,O11,THR14A,1592,hydrogen_bonds,hydrogen_bond,ATP:B:1:O11,O11,ATP,B,1
AqTMK_97,/home/wms/AF2-test/AF2-CatGraph/results/AqTMK/02_template_guided_docking/complexes/AqTMK_97_complex.pdb,results/AqTMK/05_plip_interaction_graphs/plip_outputs/AqTMK_97/report.xml,hydrogen_bonds,O2,THR15A,1580,hydrogen_bonds,hydrogen_bond,ATP:B:1:O2,O2,ATP,B,1
AqTMK_97,/home/wms/AF2-test/AF2-CatGraph/results/AqTMK/02_template_guided_docking/complexes/AqTMK_97_complex.pdb,results/AqTMK/05_plip_interaction_graphs/plip_outputs/AqTMK_97/report.xml,hydrogen_bonds,O4,THR15A,1583,hydrogen_bonds,hydrogen_bond,ATP:B:1:O4,O4,ATP,B,1
AqTMK_97,/home/wms/AF2-test/AF2-CatGraph/results/AqTMK/02_template_guided_docking/complexes/AqTMK_97_complex.pdb,results/AqTMK/05_plip_interaction_graphs/plip_outputs/AqTMK_97/report.xml,hydrogen_bonds,O4,THR15A,1583,hydrogen_bonds,hydrogen_bond,ATP:B:1:O4,O4,ATP,B,1
AqTMK_97,/home/wms/AF2-test/AF2-CatGraph/results/AqTMK/02_template_guided_docking/complexes/AqTMK_97_complex.pdb,results/AqTMK/05_plip_interaction_graphs/plip_outputs/AqTMK_97/report.xml,hydrogen_bonds,O10,ARG90A,1591,hydrogen_bonds,hydrogen_bond,ATP:B:1:O10,O10,ATP,B,1
AqTMK_97,/home/wms/AF2-test/AF2-CatGraph/results/AqTMK/02_template_guided_docking/complexes/AqTMK_97_complex.pdb,results/AqTMK/05_plip_interaction_graphs/plip_outputs/AqTMK_97/report.xml,salt_bridges,P2,LYS13A,1585,salt_bridges,salt_bridge,ATP:B:1:P2,P2,ATP,B,1
AqTMK_97,/home/wms/AF2-test/AF2-CatGraph/results/AqTMK/02_template_guided_docking/complexes/AqTMK_97_complex.pdb,results/AqTMK/05_plip_interaction_graphs/plip_outputs/AqTMK_97/report.xml,salt_bridges,P3,LYS13A,1589,salt_bridges,salt_bridge,ATP:B:1:P3,P3,ATP,B,1
AqTMK_97,/home/wms/AF2-test/AF2-CatGraph/results/AqTMK/02_template_guided_docking/complexes/AqTMK_97_complex.pdb,results/AqTMK/05_plip_interaction_graphs/plip_outputs/AqTMK_97/report.xml,salt_bridges,P2,LYS143A,1585,salt_bridges,salt_bridge,ATP:B:1:P2,P2,ATP,B,1
AqTMK_97,/home/wms/AF2-test/AF2-CatGraph/results/AqTMK/02_template_guided_docking/complexes/AqTMK_97_complex.pdb,results/AqTMK/05_plip_interaction_graphs/plip_outputs/AqTMK_97/report.xml,salt_bridges,P1,LYS143A,1581,salt_bridges,salt_bridge,ATP:B:1:P1,P1,ATP,B,1
AqTMK_97,/home/wms/AF2-test/AF2-CatGraph/results/AqTMK/02_template_guided_docking/complexes/AqTMK_97_complex.pdb,results/AqTMK/05_plip_interaction_graphs/plip_outputs/AqTMK_97/report.xml,salt_bridges,P3,ARG145A,1589,salt_bridges,salt_bridge,ATP:B:1:P3,P3,ATP,B,1
AqTMK_97,/home/wms/AF2-test/AF2-CatGraph/results/AqTMK/02_template_guided_docking/complexes/AqTMK_97_complex.pdb,results/AqTMK/05_plip_interaction_graphs/plip_outputs/AqTMK_97/report.xml,metal_complexes,MG,THR14A,1599,metal_complexes,metal_complex,MG:B:203:MG,MG,MG,B,203
AqTMK_97,/home/wms/AF2-test/AF2-CatGraph/results/AqTMK/02_template_guided_docking/complexes/AqTMK_97_complex.pdb,results/AqTMK/05_plip_interaction_graphs/plip_outputs/AqTMK_97/report.xml,salt_bridges,P4,ARG47A,1595,salt_bridges,salt_bridge,TMP:C:1:P4,P4,TMP,C,1
AqTMK_97,/home/wms/AF2-test/AF2-CatGraph/results/AqTMK/02_template_guided_docking/complexes/AqTMK_97_complex.pdb,results/AqTMK/05_plip_interaction_graphs/plip_outputs/AqTMK_97/report.xml,salt_bridges,P4,ARG90A,1595,salt_bridges,salt_bridge,TMP:C:1:P4,P4,TMP,C,1
AqTMK_97,/home/wms/AF2-test/AF2-CatGraph/results/AqTMK/02_template_guided_docking/complexes/AqTMK_97_complex.pdb,results/AqTMK/05_plip_interaction_graphs/plip_outputs/AqTMK_97/report.xml,salt_bridges,P4,ARG145A,1595,salt_bridges,salt_bridge,TMP:C:1:P4,P4,TMP,C,1
AqTMK_98,/home/wms/AF2-test/AF2-CatGraph/results/AqTMK/02_template_guided_docking/complexes/AqTMK_98_complex.pdb,results/AqTMK/05_plip_interaction_graphs/plip_outputs/AqTMK_98/report.xml,hydrogen_bonds,O10,ASP9A,1591,hydrogen_bonds,hydrogen_bond,ATP:B:1:O10,O10,ATP,B,1
AqTMK_98,/home/wms/AF2-test/AF2-CatGraph/results/AqTMK/02_template_guided_docking/complexes/AqTMK_98_complex.pdb,results/AqTMK/05_plip_interaction_graphs/plip_outputs/AqTMK_98/report.xml,hydrogen_bonds,O8,GLY10A,1588,hydrogen_bonds,hydrogen_bond,ATP:B:1:O8,O8,ATP,B,1
AqTMK_98,/home/wms/AF2-test/AF2-CatGraph/results/AqTMK/02_template_guided_docking/complexes/AqTMK_98_complex.pdb,results/AqTMK/05_plip_interaction_graphs/plip_outputs/AqTMK_98/report.xml,hydrogen_bonds,O7,SER11A,1587,hydrogen_bonds,hydrogen_bond,ATP:B:1:O7,O7,ATP,B,1
AqTMK_98,/home/wms/AF2-test/AF2-CatGraph/results/AqTMK/02_template_guided_docking/complexes/AqTMK_98_complex.pdb,results/AqTMK/05_plip_interaction_graphs/plip_outputs/AqTMK_98/report.xml,hydrogen_bonds,O7,GLY12A,1587,hydrogen_bonds,hydrogen_bond,ATP:B:1:O7,O7,ATP,B,1
AqTMK_98,/home/wms/AF2-test/AF2-CatGraph/results/AqTMK/02_template_guided_docking/complexes/AqTMK_98_complex.pdb,results/AqTMK/05_plip_interaction_graphs/plip_outputs/AqTMK_98/report.xml,hydrogen_bonds,O7,LYS13A,1587,hydrogen_bonds,hydrogen_bond,ATP:B:1:O7,O7,ATP,B,1
AqTMK_98,/home/wms/AF2-test/AF2-CatGraph/results/AqTMK/02_template_guided_docking/complexes/AqTMK_98_complex.pdb,results/AqTMK/05_plip_interaction_graphs/plip_outputs/AqTMK_98/report.xml,hydrogen_bonds,O6,THR14A,1586,hydrogen_bonds,hydrogen_bond,ATP:B:1:O6,O6,ATP,B,1
AqTMK_98,/home/wms/AF2-test/AF2-CatGraph/results/AqTMK/02_template_guided_docking/complexes/AqTMK_98_complex.pdb,results/AqTMK/05_plip_interaction_graphs/plip_outputs/AqTMK_98/report.xml,hydrogen_bonds,O2,THR15A,1580,hydrogen_bonds,hydrogen_bond,ATP:B:1:O2,O2,ATP,B,1
AqTMK_98,/home/wms/AF2-test/AF2-CatGraph/results/AqTMK/02_template_guided_docking/complexes/AqTMK_98_complex.pdb,results/AqTMK/05_plip_interaction_graphs/plip_outputs/AqTMK_98/report.xml,hydrogen_bonds,O4,THR15A,1583,hydrogen_bonds,hydrogen_bond,ATP:B:1:O4,O4,ATP,B,1
AqTMK_98,/home/wms/AF2-test/AF2-CatGraph/results/AqTMK/02_template_guided_docking/complexes/AqTMK_98_complex.pdb,results/AqTMK/05_plip_interaction_graphs/plip_outputs/AqTMK_98/report.xml,hydrogen_bonds,O4,THR15A,1583,hydrogen_bonds,hydrogen_bond,ATP:B:1:O4,O4,ATP,B,1
AqTMK_98,/home/wms/AF2-test/AF2-CatGraph/results/AqTMK/02_template_guided_docking/complexes/AqTMK_98_complex.pdb,results/AqTMK/05_plip_interaction_graphs/plip_outputs/AqTMK_98/report.xml,salt_bridges,P2,LYS13A,1585,salt_bridges,salt_bridge,ATP:B:1:P2,P2,ATP,B,1
AqTMK_98,/home/wms/AF2-test/AF2-CatGraph/results/AqTMK/02_template_guided_docking/complexes/AqTMK_98_complex.pdb,results/AqTMK/05_plip_interaction_graphs/plip_outputs/AqTMK_98/report.xml,salt_bridges,P3,LYS13A,1589,salt_bridges,salt_bridge,ATP:B:1:P3,P3,ATP,B,1
AqTMK_98,/home/wms/AF2-test/AF2-CatGraph/results/AqTMK/02_template_guided_docking/complexes/AqTMK_98_complex.pdb,results/AqTMK/05_plip_interaction_graphs/plip_outputs/AqTMK_98/report.xml,salt_bridges,P3,ARG90A,1589,salt_bridges,salt_bridge,ATP:B:1:P3,P3,ATP,B,1
AqTMK_98,/home/wms/AF2-test/AF2-CatGraph/results/AqTMK/02_template_guided_docking/complexes/AqTMK_98_complex.pdb,results/AqTMK/05_plip_interaction_graphs/plip_outputs/AqTMK_98/report.xml,salt_bridges,P4,ARG35A,1595,salt_bridges,salt_bridge,TMP:C:1:P4,P4,TMP,C,1
AqTMK_98,/home/wms/AF2-test/AF2-CatGraph/results/AqTMK/02_template_guided_docking/complexes/AqTMK_98_complex.pdb,results/AqTMK/05_plip_interaction_graphs/plip_outputs/AqTMK_98/report.xml,salt_bridges,P4,ARG47A,1595,salt_bridges,salt_bridge,TMP:C:1:P4,P4,TMP,C,1
AqTMK_98,/home/wms/AF2-test/AF2-CatGraph/results/AqTMK/02_template_guided_docking/complexes/AqTMK_98_complex.pdb,results/AqTMK/05_plip_interaction_graphs/plip_outputs/AqTMK_98/report.xml,salt_bridges,P4,ARG90A,1595,salt_bridges,salt_bridge,TMP:C:1:P4,P4,TMP,C,1
AqTMK_99,/home/wms/AF2-test/AF2-CatGraph/results/AqTMK/02_template_guided_docking/complexes/AqTMK_99_complex.pdb,results/AqTMK/05_plip_interaction_graphs/plip_outputs/AqTMK_99/report.xml,hydrogen_bonds,O10,ASP9A,1591,hydrogen_bonds,hydrogen_bond,ATP:B:1:O10,O10,ATP,B,1
AqTMK_99,/home/wms/AF2-test/AF2-CatGraph/results/AqTMK/02_template_guided_docking/complexes/AqTMK_99_complex.pdb,results/AqTMK/05_plip_interaction_graphs/plip_outputs/AqTMK_99/report.xml,hydrogen_bonds,O8,GLY10A,1588,hydrogen_bonds,hydrogen_bond,ATP:B:1:O8,O8,ATP,B,1
AqTMK_99,/home/wms/AF2-test/AF2-CatGraph/results/AqTMK/02_template_guided_docking/complexes/AqTMK_99_complex.pdb,results/AqTMK/05_plip_interaction_graphs/plip_outputs/AqTMK_99/report.xml,hydrogen_bonds,O7,SER11A,1587,hydrogen_bonds,hydrogen_bond,ATP:B:1:O7,O7,ATP,B,1
AqTMK_99,/home/wms/AF2-test/AF2-CatGraph/results/AqTMK/02_template_guided_docking/complexes/AqTMK_99_complex.pdb,results/AqTMK/05_plip_interaction_graphs/plip_outputs/AqTMK_99/report.xml,hydrogen_bonds,O7,GLY12A,1587,hydrogen_bonds,hydrogen_bond,ATP:B:1:O7,O7,ATP,B,1
AqTMK_99,/home/wms/AF2-test/AF2-CatGraph/results/AqTMK/02_template_guided_docking/complexes/AqTMK_99_complex.pdb,results/AqTMK/05_plip_interaction_graphs/plip_outputs/AqTMK_99/report.xml,hydrogen_bonds,O7,LYS13A,1587,hydrogen_bonds,hydrogen_bond,ATP:B:1:O7,O7,ATP,B,1
AqTMK_99,/home/wms/AF2-test/AF2-CatGraph/results/AqTMK/02_template_guided_docking/complexes/AqTMK_99_complex.pdb,results/AqTMK/05_plip_interaction_graphs/plip_outputs/AqTMK_99/report.xml,hydrogen_bonds,O6,THR14A,1586,hydrogen_bonds,hydrogen_bond,ATP:B:1:O6,O6,ATP,B,1
AqTMK_99,/home/wms/AF2-test/AF2-CatGraph/results/AqTMK/02_template_guided_docking/complexes/AqTMK_99_complex.pdb,results/AqTMK/05_plip_interaction_graphs/plip_outputs/AqTMK_99/report.xml,hydrogen_bonds,O2,THR15A,1580,hydrogen_bonds,hydrogen_bond,ATP:B:1:O2,O2,ATP,B,1
AqTMK_99,/home/wms/AF2-test/AF2-CatGraph/results/AqTMK/02_template_guided_docking/complexes/AqTMK_99_complex.pdb,results/AqTMK/05_plip_interaction_graphs/plip_outputs/AqTMK_99/report.xml,hydrogen_bonds,O4,THR15A,1583,hydrogen_bonds,hydrogen_bond,ATP:B:1:O4,O4,ATP,B,1
AqTMK_99,/home/wms/AF2-test/AF2-CatGraph/results/AqTMK/02_template_guided_docking/complexes/AqTMK_99_complex.pdb,results/AqTMK/05_plip_interaction_graphs/plip_outputs/AqTMK_99/report.xml,hydrogen_bonds,O4,THR15A,1583,hydrogen_bonds,hydrogen_bond,ATP:B:1:O4,O4,ATP,B,1
AqTMK_99,/home/wms/AF2-test/AF2-CatGraph/results/AqTMK/02_template_guided_docking/complexes/AqTMK_99_complex.pdb,results/AqTMK/05_plip_interaction_graphs/plip_outputs/AqTMK_99/report.xml,salt_bridges,P2,LYS13A,1585,salt_bridges,salt_bridge,ATP:B:1:P2,P2,ATP,B,1
AqTMK_99,/home/wms/AF2-test/AF2-CatGraph/results/AqTMK/02_template_guided_docking/complexes/AqTMK_99_complex.pdb,results/AqTMK/05_plip_interaction_graphs/plip_outputs/AqTMK_99/report.xml,salt_bridges,P3,LYS13A,1589,salt_bridges,salt_bridge,ATP:B:1:P3,P3,ATP,B,1
AqTMK_99,/home/wms/AF2-test/AF2-CatGraph/results/AqTMK/02_template_guided_docking/complexes/AqTMK_99_complex.pdb,results/AqTMK/05_plip_interaction_graphs/plip_outputs/AqTMK_99/report.xml,salt_bridges,P3,ARG90A,1589,salt_bridges,salt_bridge,ATP:B:1:P3,P3,ATP,B,1
AqTMK_99,/home/wms/AF2-test/AF2-CatGraph/results/AqTMK/02_template_guided_docking/complexes/AqTMK_99_complex.pdb,results/AqTMK/05_plip_interaction_graphs/plip_outputs/AqTMK_99/report.xml,metal_complexes,MG,THR14A,1599,metal_complexes,metal_complex,MG:B:203:MG,MG,MG,B,203
AqTMK_99,/home/wms/AF2-test/AF2-CatGraph/results/AqTMK/02_template_guided_docking/complexes/AqTMK_99_complex.pdb,results/AqTMK/05_plip_interaction_graphs/plip_outputs/AqTMK_99/report.xml,salt_bridges,P4,ARG47A,1595,salt_bridges,salt_bridge,TMP:C:1:P4,P4,TMP,C,1
AqTMK_99,/home/wms/AF2-test/AF2-CatGraph/results/AqTMK/02_template_guided_docking/complexes/AqTMK_99_complex.pdb,results/AqTMK/05_plip_interaction_graphs/plip_outputs/AqTMK_99/report.xml,salt_bridges,P4,ARG90A,1595,salt_bridges,salt_bridge,TMP:C:1:P4,P4,TMP,C,1
AqTMK_101,/home/wms/AF2-test/AF2-CatGraph/results/AqTMK/02_template_guided_docking/complexes/AqTMK_101_complex.pdb,results/AqTMK/05_plip_interaction_graphs/plip_outputs/AqTMK_101/report.xml,hydrogen_bonds,O10,ASP9A,1591,hydrogen_bonds,hydrogen_bond,ATP:B:1:O10,O10,ATP,B,1
AqTMK_101,/home/wms/AF2-test/AF2-CatGraph/results/AqTMK/02_template_guided_docking/complexes/AqTMK_101_complex.pdb,results/AqTMK/05_plip_interaction_graphs/plip_outputs/AqTMK_101/report.xml,hydrogen_bonds,O8,GLY10A,1588,hydrogen_bonds,hydrogen_bond,ATP:B:1:O8,O8,ATP,B,1
AqTMK_101,/home/wms/AF2-test/AF2-CatGraph/results/AqTMK/02_template_guided_docking/complexes/AqTMK_101_complex.pdb,results/AqTMK/05_plip_interaction_graphs/plip_outputs/AqTMK_101/report.xml,hydrogen_bonds,O7,SER11A,1587,hydrogen_bonds,hydrogen_bond,ATP:B:1:O7,O7,ATP,B,1
AqTMK_101,/home/wms/AF2-test/AF2-CatGraph/results/AqTMK/02_template_guided_docking/complexes/AqTMK_101_complex.pdb,results/AqTMK/05_plip_interaction_graphs/plip_outputs/AqTMK_101/report.xml,hydrogen_bonds,O7,GLY12A,1587,hydrogen_bonds,hydrogen_bond,ATP:B:1:O7,O7,ATP,B,1
AqTMK_101,/home/wms/AF2-test/AF2-CatGraph/results/AqTMK/02_template_guided_docking/complexes/AqTMK_101_complex.pdb,results/AqTMK/05_plip_interaction_graphs/plip_outputs/AqTMK_101/report.xml,hydrogen_bonds,O7,LYS13A,1587,hydrogen_bonds,hydrogen_bond,ATP:B:1:O7,O7,ATP,B,1
AqTMK_101,/home/wms/AF2-test/AF2-CatGraph/results/AqTMK/02_template_guided_docking/complexes/AqTMK_101_complex.pdb,results/AqTMK/05_plip_interaction_graphs/plip_outputs/AqTMK_101/report.xml,hydrogen_bonds,O6,THR14A,1586,hydrogen_bonds,hydrogen_bond,ATP:B:1:O6,O6,ATP,B,1
AqTMK_101,/home/wms/AF2-test/AF2-CatGraph/results/AqTMK/02_template_guided_docking/complexes/AqTMK_101_complex.pdb,results/AqTMK/05_plip_interaction_graphs/plip_outputs/AqTMK_101/report.xml,hydrogen_bonds,O2,THR15A,1580,hydrogen_bonds,hydrogen_bond,ATP:B:1:O2,O2,ATP,B,1
AqTMK_101,/home/wms/AF2-test/AF2-CatGraph/results/AqTMK/02_template_guided_docking/complexes/AqTMK_101_complex.pdb,results/AqTMK/05_plip_interaction_graphs/plip_outputs/AqTMK_101/report.xml,hydrogen_bonds,O4,THR15A,1583,hydrogen_bonds,hydrogen_bond,ATP:B:1:O4,O4,ATP,B,1
AqTMK_101,/home/wms/AF2-test/AF2-CatGraph/results/AqTMK/02_template_guided_docking/complexes/AqTMK_101_complex.pdb,results/AqTMK/05_plip_interaction_graphs/plip_outputs/AqTMK_101/report.xml,hydrogen_bonds,O4,THR15A,1583,hydrogen_bonds,hydrogen_bond,ATP:B:1:O4,O4,ATP,B,1
AqTMK_101,/home/wms/AF2-test/AF2-CatGraph/results/AqTMK/02_template_guided_docking/complexes/AqTMK_101_complex.pdb,results/AqTMK/05_plip_interaction_graphs/plip_outputs/AqTMK_101/report.xml,salt_bridges,P2,LYS13A,1585,salt_bridges,salt_bridge,ATP:B:1:P2,P2,ATP,B,1
AqTMK_101,/home/wms/AF2-test/AF2-CatGraph/results/AqTMK/02_template_guided_docking/complexes/AqTMK_101_complex.pdb,results/AqTMK/05_plip_interaction_graphs/plip_outputs/AqTMK_101/report.xml,salt_bridges,P3,LYS13A,1589,salt_bridges,salt_bridge,ATP:B:1:P3,P3,ATP,B,1
AqTMK_101,/home/wms/AF2-test/AF2-CatGraph/results/AqTMK/02_template_guided_docking/complexes/AqTMK_101_complex.pdb,results/AqTMK/05_plip_interaction_graphs/plip_outputs/AqTMK_101/report.xml,salt_bridges,P3,ARG90A,1589,salt_bridges,salt_bridge,ATP:B:1:P3,P3,ATP,B,1
AqTMK_101,/home/wms/AF2-test/AF2-CatGraph/results/AqTMK/02_template_guided_docking/complexes/AqTMK_101_complex.pdb,results/AqTMK/05_plip_interaction_graphs/plip_outputs/AqTMK_101/report.xml,metal_complexes,MG,THR14A,1599,metal_complexes,metal_complex,MG:B:203:MG,MG,MG,B,203
AqTMK_101,/home/wms/AF2-test/AF2-CatGraph/results/AqTMK/02_template_guided_docking/complexes/AqTMK_101_complex.pdb,results/AqTMK/05_plip_interaction_graphs/plip_outputs/AqTMK_101/report.xml,salt_bridges,P4,ARG47A,1595,salt_bridges,salt_bridge,TMP:C:1:P4,P4,TMP,C,1
AqTMK_101,/home/wms/AF2-test/AF2-CatGraph/results/AqTMK/02_template_guided_docking/complexes/AqTMK_101_complex.pdb,results/AqTMK/05_plip_interaction_graphs/plip_outputs/AqTMK_101/report.xml,salt_bridges,P4,ARG90A,1595,salt_bridges,salt_bridge,TMP:C:1:P4,P4,TMP,C,1
AqTMK_102,/home/wms/AF2-test/AF2-CatGraph/results/AqTMK/02_template_guided_docking/complexes/AqTMK_102_complex.pdb,results/AqTMK/05_plip_interaction_graphs/plip_outputs/AqTMK_102/report.xml,hydrogen_bonds,O10,ASP9A,1591,hydrogen_bonds,hydrogen_bond,ATP:B:1:O10,O10,ATP,B,1
AqTMK_102,/home/wms/AF2-test/AF2-CatGraph/results/AqTMK/02_template_guided_docking/complexes/AqTMK_102_complex.pdb,results/AqTMK/05_plip_interaction_graphs/plip_outputs/AqTMK_102/report.xml,hydrogen_bonds,O8,GLY10A,1588,hydrogen_bonds,hydrogen_bond,ATP:B:1:O8,O8,ATP,B,1
AqTMK_102,/home/wms/AF2-test/AF2-CatGraph/results/AqTMK/02_template_guided_docking/complexes/AqTMK_102_complex.pdb,results/AqTMK/05_plip_interaction_graphs/plip_outputs/AqTMK_102/report.xml,hydrogen_bonds,O7,SER11A,1587,hydrogen_bonds,hydrogen_bond,ATP:B:1:O7,O7,ATP,B,1
AqTMK_102,/home/wms/AF2-test/AF2-CatGraph/results/AqTMK/02_template_guided_docking/complexes/AqTMK_102_complex.pdb,results/AqTMK/05_plip_interaction_graphs/plip_outputs/AqTMK_102/report.xml,hydrogen_bonds,O7,GLY12A,1587,hydrogen_bonds,hydrogen_bond,ATP:B:1:O7,O7,ATP,B,1
AqTMK_102,/home/wms/AF2-test/AF2-CatGraph/results/AqTMK/02_template_guided_docking/complexes/AqTMK_102_complex.pdb,results/AqTMK/05_plip_interaction_graphs/plip_outputs/AqTMK_102/report.xml,hydrogen_bonds,O7,LYS13A,1587,hydrogen_bonds,hydrogen_bond,ATP:B:1:O7,O7,ATP,B,1
AqTMK_102,/home/wms/AF2-test/AF2-CatGraph/results/AqTMK/02_template_guided_docking/complexes/AqTMK_102_complex.pdb,results/AqTMK/05_plip_interaction_graphs/plip_outputs/AqTMK_102/report.xml,hydrogen_bonds,O6,THR14A,1586,hydrogen_bonds,hydrogen_bond,ATP:B:1:O6,O6,ATP,B,1
AqTMK_102,/home/wms/AF2-test/AF2-CatGraph/results/AqTMK/02_template_guided_docking/complexes/AqTMK_102_complex.pdb,results/AqTMK/05_plip_interaction_graphs/plip_outputs/AqTMK_102/report.xml,hydrogen_bonds,O4,THR15A,1583,hydrogen_bonds,hydrogen_bond,ATP:B:1:O4,O4,ATP,B,1
AqTMK_102,/home/wms/AF2-test/AF2-CatGraph/results/AqTMK/02_template_guided_docking/complexes/AqTMK_102_complex.pdb,results/AqTMK/05_plip_interaction_graphs/plip_outputs/AqTMK_102/report.xml,hydrogen_bonds,O4,THR15A,1583,hydrogen_bonds,hydrogen_bond,ATP:B:1:O4,O4,ATP,B,1
AqTMK_102,/home/wms/AF2-test/AF2-CatGraph/results/AqTMK/02_template_guided_docking/complexes/AqTMK_102_complex.pdb,results/AqTMK/05_plip_interaction_graphs/plip_outputs/AqTMK_102/report.xml,salt_bridges,P2,LYS13A,1585,salt_bridges,salt_bridge,ATP:B:1:P2,P2,ATP,B,1
AqTMK_102,/home/wms/AF2-test/AF2-CatGraph/results/AqTMK/02_template_guided_docking/complexes/AqTMK_102_complex.pdb,results/AqTMK/05_plip_interaction_graphs/plip_outputs/AqTMK_102/report.xml,salt_bridges,P3,LYS13A,1589,salt_bridges,salt_bridge,ATP:B:1:P3,P3,ATP,B,1
AqTMK_102,/home/wms/AF2-test/AF2-CatGraph/results/AqTMK/02_template_guided_docking/complexes/AqTMK_102_complex.pdb,results/AqTMK/05_plip_interaction_graphs/plip_outputs/AqTMK_102/report.xml,salt_bridges,P3,ARG90A,1589,salt_bridges,salt_bridge,ATP:B:1:P3,P3,ATP,B,1
AqTMK_102,/home/wms/AF2-test/AF2-CatGraph/results/AqTMK/02_template_guided_docking/complexes/AqTMK_102_complex.pdb,results/AqTMK/05_plip_interaction_graphs/plip_outputs/AqTMK_102/report.xml,hydrogen_bonds,O14,ARG47A,1597,hydrogen_bonds,hydrogen_bond,TMP:C:1:O14,O14,TMP,C,1
AqTMK_102,/home/wms/AF2-test/AF2-CatGraph/results/AqTMK/02_template_guided_docking/complexes/AqTMK_102_complex.pdb,results/AqTMK/05_plip_interaction_graphs/plip_outputs/AqTMK_102/report.xml,salt_bridges,P4,ARG90A,1595,salt_bridges,salt_bridge,TMP:C:1:P4,P4,TMP,C,1
AqTMK_103,/home/wms/AF2-test/AF2-CatGraph/results/AqTMK/02_template_guided_docking/complexes/AqTMK_103_complex.pdb,results/AqTMK/05_plip_interaction_graphs/plip_outputs/AqTMK_103/report.xml,hydrogen_bonds,O10,ASP9A,1591,hydrogen_bonds,hydrogen_bond,ATP:B:1:O10,O10,ATP,B,1
AqTMK_103,/home/wms/AF2-test/AF2-CatGraph/results/AqTMK/02_template_guided_docking/complexes/AqTMK_103_complex.pdb,results/AqTMK/05_plip_interaction_graphs/plip_outputs/AqTMK_103/report.xml,hydrogen_bonds,O8,GLY10A,1588,hydrogen_bonds,hydrogen_bond,ATP:B:1:O8,O8,ATP,B,1
AqTMK_103,/home/wms/AF2-test/AF2-CatGraph/results/AqTMK/02_template_guided_docking/complexes/AqTMK_103_complex.pdb,results/AqTMK/05_plip_interaction_graphs/plip_outputs/AqTMK_103/report.xml,hydrogen_bonds,O7,SER11A,1587,hydrogen_bonds,hydrogen_bond,ATP:B:1:O7,O7,ATP,B,1
AqTMK_103,/home/wms/AF2-test/AF2-CatGraph/results/AqTMK/02_template_guided_docking/complexes/AqTMK_103_complex.pdb,results/AqTMK/05_plip_interaction_graphs/plip_outputs/AqTMK_103/report.xml,hydrogen_bonds,O7,GLY12A,1587,hydrogen_bonds,hydrogen_bond,ATP:B:1:O7,O7,ATP,B,1
AqTMK_103,/home/wms/AF2-test/AF2-CatGraph/results/AqTMK/02_template_guided_docking/complexes/AqTMK_103_complex.pdb,results/AqTMK/05_plip_interaction_graphs/plip_outputs/AqTMK_103/report.xml,hydrogen_bonds,O7,LYS13A,1587,hydrogen_bonds,hydrogen_bond,ATP:B:1:O7,O7,ATP,B,1
AqTMK_103,/home/wms/AF2-test/AF2-CatGraph/results/AqTMK/02_template_guided_docking/complexes/AqTMK_103_complex.pdb,results/AqTMK/05_plip_interaction_graphs/plip_outputs/AqTMK_103/report.xml,hydrogen_bonds,O6,THR14A,1586,hydrogen_bonds,hydrogen_bond,ATP:B:1:O6,O6,ATP,B,1
AqTMK_103,/home/wms/AF2-test/AF2-CatGraph/results/AqTMK/02_template_guided_docking/complexes/AqTMK_103_complex.pdb,results/AqTMK/05_plip_interaction_graphs/plip_outputs/AqTMK_103/report.xml,hydrogen_bonds,O2,THR15A,1580,hydrogen_bonds,hydrogen_bond,ATP:B:1:O2,O2,ATP,B,1
AqTMK_103,/home/wms/AF2-test/AF2-CatGraph/results/AqTMK/02_template_guided_docking/complexes/AqTMK_103_complex.pdb,results/AqTMK/05_plip_interaction_graphs/plip_outputs/AqTMK_103/report.xml,hydrogen_bonds,O4,THR15A,1583,hydrogen_bonds,hydrogen_bond,ATP:B:1:O4,O4,ATP,B,1
AqTMK_103,/home/wms/AF2-test/AF2-CatGraph/results/AqTMK/02_template_guided_docking/complexes/AqTMK_103_complex.pdb,results/AqTMK/05_plip_interaction_graphs/plip_outputs/AqTMK_103/report.xml,hydrogen_bonds,O4,THR15A,1583,hydrogen_bonds,hydrogen_bond,ATP:B:1:O4,O4,ATP,B,1
AqTMK_103,/home/wms/AF2-test/AF2-CatGraph/results/AqTMK/02_template_guided_docking/complexes/AqTMK_103_complex.pdb,results/AqTMK/05_plip_interaction_graphs/plip_outputs/AqTMK_103/report.xml,salt_bridges,P2,LYS13A,1585,salt_bridges,salt_bridge,ATP:B:1:P2,P2,ATP,B,1
AqTMK_103,/home/wms/AF2-test/AF2-CatGraph/results/AqTMK/02_template_guided_docking/complexes/AqTMK_103_complex.pdb,results/AqTMK/05_plip_interaction_graphs/plip_outputs/AqTMK_103/report.xml,salt_bridges,P3,LYS13A,1589,salt_bridges,salt_bridge,ATP:B:1:P3,P3,ATP,B,1
AqTMK_103,/home/wms/AF2-test/AF2-CatGraph/results/AqTMK/02_template_guided_docking/complexes/AqTMK_103_complex.pdb,results/AqTMK/05_plip_interaction_graphs/plip_outputs/AqTMK_103/report.xml,salt_bridges,P3,ARG90A,1589,salt_bridges,salt_bridge,ATP:B:1:P3,P3,ATP,B,1
AqTMK_103,/home/wms/AF2-test/AF2-CatGraph/results/AqTMK/02_template_guided_docking/complexes/AqTMK_103_complex.pdb,results/AqTMK/05_plip_interaction_graphs/plip_outputs/AqTMK_103/report.xml,metal_complexes,MG,THR14A,1599,metal_complexes,metal_complex,MG:B:203:MG,MG,MG,B,203
AqTMK_103,/home/wms/AF2-test/AF2-CatGraph/results/AqTMK/02_template_guided_docking/complexes/AqTMK_103_complex.pdb,results/AqTMK/05_plip_interaction_graphs/plip_outputs/AqTMK_103/report.xml,salt_bridges,P4,ARG47A,1595,salt_bridges,salt_bridge,TMP:C:1:P4,P4,TMP,C,1
AqTMK_103,/home/wms/AF2-test/AF2-CatGraph/results/AqTMK/02_template_guided_docking/complexes/AqTMK_103_complex.pdb,results/AqTMK/05_plip_interaction_graphs/plip_outputs/AqTMK_103/report.xml,salt_bridges,P4,ARG90A,1595,salt_bridges,salt_bridge,TMP:C:1:P4,P4,TMP,C,1
AqTMK_104,/home/wms/AF2-test/AF2-CatGraph/results/AqTMK/02_template_guided_docking/complexes/AqTMK_104_complex.pdb,results/AqTMK/05_plip_interaction_graphs/plip_outputs/AqTMK_104/report.xml,hydrogen_bonds,O10,ASP9A,1591,hydrogen_bonds,hydrogen_bond,ATP:B:1:O10,O10,ATP,B,1
AqTMK_104,/home/wms/AF2-test/AF2-CatGraph/results/AqTMK/02_template_guided_docking/complexes/AqTMK_104_complex.pdb,results/AqTMK/05_plip_interaction_graphs/plip_outputs/AqTMK_104/report.xml,hydrogen_bonds,O8,GLY10A,1588,hydrogen_bonds,hydrogen_bond,ATP:B:1:O8,O8,ATP,B,1
AqTMK_104,/home/wms/AF2-test/AF2-CatGraph/results/AqTMK/02_template_guided_docking/complexes/AqTMK_104_complex.pdb,results/AqTMK/05_plip_interaction_graphs/plip_outputs/AqTMK_104/report.xml,hydrogen_bonds,O7,SER11A,1587,hydrogen_bonds,hydrogen_bond,ATP:B:1:O7,O7,ATP,B,1
AqTMK_104,/home/wms/AF2-test/AF2-CatGraph/results/AqTMK/02_template_guided_docking/complexes/AqTMK_104_complex.pdb,results/AqTMK/05_plip_interaction_graphs/plip_outputs/AqTMK_104/report.xml,hydrogen_bonds,O7,GLY12A,1587,hydrogen_bonds,hydrogen_bond,ATP:B:1:O7,O7,ATP,B,1
AqTMK_104,/home/wms/AF2-test/AF2-CatGraph/results/AqTMK/02_template_guided_docking/complexes/AqTMK_104_complex.pdb,results/AqTMK/05_plip_interaction_graphs/plip_outputs/AqTMK_104/report.xml,hydrogen_bonds,O7,LYS13A,1587,hydrogen_bonds,hydrogen_bond,ATP:B:1:O7,O7,ATP,B,1
AqTMK_104,/home/wms/AF2-test/AF2-CatGraph/results/AqTMK/02_template_guided_docking/complexes/AqTMK_104_complex.pdb,results/AqTMK/05_plip_interaction_graphs/plip_outputs/AqTMK_104/report.xml,hydrogen_bonds,O6,THR14A,1586,hydrogen_bonds,hydrogen_bond,ATP:B:1:O6,O6,ATP,B,1
AqTMK_104,/home/wms/AF2-test/AF2-CatGraph/results/AqTMK/02_template_guided_docking/complexes/AqTMK_104_complex.pdb,results/AqTMK/05_plip_interaction_graphs/plip_outputs/AqTMK_104/report.xml,hydrogen_bonds,O2,THR15A,1580,hydrogen_bonds,hydrogen_bond,ATP:B:1:O2,O2,ATP,B,1
AqTMK_104,/home/wms/AF2-test/AF2-CatGraph/results/AqTMK/02_template_guided_docking/complexes/AqTMK_104_complex.pdb,results/AqTMK/05_plip_interaction_graphs/plip_outputs/AqTMK_104/report.xml,hydrogen_bonds,O4,THR15A,1583,hydrogen_bonds,hydrogen_bond,ATP:B:1:O4,O4,ATP,B,1
AqTMK_104,/home/wms/AF2-test/AF2-CatGraph/results/AqTMK/02_template_guided_docking/complexes/AqTMK_104_complex.pdb,results/AqTMK/05_plip_interaction_graphs/plip_outputs/AqTMK_104/report.xml,hydrogen_bonds,O4,THR15A,1583,hydrogen_bonds,hydrogen_bond,ATP:B:1:O4,O4,ATP,B,1
AqTMK_104,/home/wms/AF2-test/AF2-CatGraph/results/AqTMK/02_template_guided_docking/complexes/AqTMK_104_complex.pdb,results/AqTMK/05_plip_interaction_graphs/plip_outputs/AqTMK_104/report.xml,salt_bridges,P2,LYS13A,1585,salt_bridges,salt_bridge,ATP:B:1:P2,P2,ATP,B,1
AqTMK_104,/home/wms/AF2-test/AF2-CatGraph/results/AqTMK/02_template_guided_docking/complexes/AqTMK_104_complex.pdb,results/AqTMK/05_plip_interaction_graphs/plip_outputs/AqTMK_104/report.xml,salt_bridges,P3,LYS13A,1589,salt_bridges,salt_bridge,ATP:B:1:P3,P3,ATP,B,1
AqTMK_104,/home/wms/AF2-test/AF2-CatGraph/results/AqTMK/02_template_guided_docking/complexes/AqTMK_104_complex.pdb,results/AqTMK/05_plip_interaction_graphs/plip_outputs/AqTMK_104/report.xml,salt_bridges,P3,ARG90A,1589,salt_bridges,salt_bridge,ATP:B:1:P3,P3,ATP,B,1
AqTMK_104,/home/wms/AF2-test/AF2-CatGraph/results/AqTMK/02_template_guided_docking/complexes/AqTMK_104_complex.pdb,results/AqTMK/05_plip_interaction_graphs/plip_outputs/AqTMK_104/report.xml,metal_complexes,MG,THR14A,1599,metal_complexes,metal_complex,MG:B:203:MG,MG,MG,B,203
AqTMK_104,/home/wms/AF2-test/AF2-CatGraph/results/AqTMK/02_template_guided_docking/complexes/AqTMK_104_complex.pdb,results/AqTMK/05_plip_interaction_graphs/plip_outputs/AqTMK_104/report.xml,salt_bridges,P4,ARG47A,1595,salt_bridges,salt_bridge,TMP:C:1:P4,P4,TMP,C,1
AqTMK_104,/home/wms/AF2-test/AF2-CatGraph/results/AqTMK/02_template_guided_docking/complexes/AqTMK_104_complex.pdb,results/AqTMK/05_plip_interaction_graphs/plip_outputs/AqTMK_104/report.xml,salt_bridges,P4,ARG90A,1595,salt_bridges,salt_bridge,TMP:C:1:P4,P4,TMP,C,1
AqTMK_106,/home/wms/AF2-test/AF2-CatGraph/results/AqTMK/02_template_guided_docking/complexes/AqTMK_106_complex.pdb,results/AqTMK/05_plip_interaction_graphs/plip_outputs/AqTMK_106/report.xml,hydrogen_bonds,O10,ASP9A,1591,hydrogen_bonds,hydrogen_bond,ATP:B:1:O10,O10,ATP,B,1
AqTMK_106,/home/wms/AF2-test/AF2-CatGraph/results/AqTMK/02_template_guided_docking/complexes/AqTMK_106_complex.pdb,results/AqTMK/05_plip_interaction_graphs/plip_outputs/AqTMK_106/report.xml,hydrogen_bonds,O8,GLY10A,1588,hydrogen_bonds,hydrogen_bond,ATP:B:1:O8,O8,ATP,B,1
AqTMK_106,/home/wms/AF2-test/AF2-CatGraph/results/AqTMK/02_template_guided_docking/complexes/AqTMK_106_complex.pdb,results/AqTMK/05_plip_interaction_graphs/plip_outputs/AqTMK_106/report.xml,hydrogen_bonds,O7,SER11A,1587,hydrogen_bonds,hydrogen_bond,ATP:B:1:O7,O7,ATP,B,1
AqTMK_106,/home/wms/AF2-test/AF2-CatGraph/results/AqTMK/02_template_guided_docking/complexes/AqTMK_106_complex.pdb,results/AqTMK/05_plip_interaction_graphs/plip_outputs/AqTMK_106/report.xml,hydrogen_bonds,O7,GLY12A,1587,hydrogen_bonds,hydrogen_bond,ATP:B:1:O7,O7,ATP,B,1
AqTMK_106,/home/wms/AF2-test/AF2-CatGraph/results/AqTMK/02_template_guided_docking/complexes/AqTMK_106_complex.pdb,results/AqTMK/05_plip_interaction_graphs/plip_outputs/AqTMK_106/report.xml,hydrogen_bonds,O7,LYS13A,1587,hydrogen_bonds,hydrogen_bond,ATP:B:1:O7,O7,ATP,B,1
AqTMK_106,/home/wms/AF2-test/AF2-CatGraph/results/AqTMK/02_template_guided_docking/complexes/AqTMK_106_complex.pdb,results/AqTMK/05_plip_interaction_graphs/plip_outputs/AqTMK_106/report.xml,hydrogen_bonds,O6,THR14A,1586,hydrogen_bonds,hydrogen_bond,ATP:B:1:O6,O6,ATP,B,1
AqTMK_106,/home/wms/AF2-test/AF2-CatGraph/results/AqTMK/02_template_guided_docking/complexes/AqTMK_106_complex.pdb,results/AqTMK/05_plip_interaction_graphs/plip_outputs/AqTMK_106/report.xml,hydrogen_bonds,O2,THR15A,1580,hydrogen_bonds,hydrogen_bond,ATP:B:1:O2,O2,ATP,B,1
AqTMK_106,/home/wms/AF2-test/AF2-CatGraph/results/AqTMK/02_template_guided_docking/complexes/AqTMK_106_complex.pdb,results/AqTMK/05_plip_interaction_graphs/plip_outputs/AqTMK_106/report.xml,hydrogen_bonds,O4,THR15A,1583,hydrogen_bonds,hydrogen_bond,ATP:B:1:O4,O4,ATP,B,1
AqTMK_106,/home/wms/AF2-test/AF2-CatGraph/results/AqTMK/02_template_guided_docking/complexes/AqTMK_106_complex.pdb,results/AqTMK/05_plip_interaction_graphs/plip_outputs/AqTMK_106/report.xml,hydrogen_bonds,O4,THR15A,1583,hydrogen_bonds,hydrogen_bond,ATP:B:1:O4,O4,ATP,B,1
AqTMK_106,/home/wms/AF2-test/AF2-CatGraph/results/AqTMK/02_template_guided_docking/complexes/AqTMK_106_complex.pdb,results/AqTMK/05_plip_interaction_graphs/plip_outputs/AqTMK_106/report.xml,salt_bridges,P2,LYS13A,1585,salt_bridges,salt_bridge,ATP:B:1:P2,P2,ATP,B,1
AqTMK_106,/home/wms/AF2-test/AF2-CatGraph/results/AqTMK/02_template_guided_docking/complexes/AqTMK_106_complex.pdb,results/AqTMK/05_plip_interaction_graphs/plip_outputs/AqTMK_106/report.xml,salt_bridges,P3,LYS13A,1589,salt_bridges,salt_bridge,ATP:B:1:P3,P3,ATP,B,1
AqTMK_106,/home/wms/AF2-test/AF2-CatGraph/results/AqTMK/02_template_guided_docking/complexes/AqTMK_106_complex.pdb,results/AqTMK/05_plip_interaction_graphs/plip_outputs/AqTMK_106/report.xml,salt_bridges,P3,ARG90A,1589,salt_bridges,salt_bridge,ATP:B:1:P3,P3,ATP,B,1
AqTMK_106,/home/wms/AF2-test/AF2-CatGraph/results/AqTMK/02_template_guided_docking/complexes/AqTMK_106_complex.pdb,results/AqTMK/05_plip_interaction_graphs/plip_outputs/AqTMK_106/report.xml,metal_complexes,MG,THR14A,1599,metal_complexes,metal_complex,MG:B:203:MG,MG,MG,B,203
AqTMK_106,/home/wms/AF2-test/AF2-CatGraph/results/AqTMK/02_template_guided_docking/complexes/AqTMK_106_complex.pdb,results/AqTMK/05_plip_interaction_graphs/plip_outputs/AqTMK_106/report.xml,salt_bridges,P4,ARG47A,1595,salt_bridges,salt_bridge,TMP:C:1:P4,P4,TMP,C,1
AqTMK_106,/home/wms/AF2-test/AF2-CatGraph/results/AqTMK/02_template_guided_docking/complexes/AqTMK_106_complex.pdb,results/AqTMK/05_plip_interaction_graphs/plip_outputs/AqTMK_106/report.xml,salt_bridges,P4,ARG90A,1595,salt_bridges,salt_bridge,TMP:C:1:P4,P4,TMP,C,1
AqTMK_108,/home/wms/AF2-test/AF2-CatGraph/results/AqTMK/02_template_guided_docking/complexes/AqTMK_108_complex.pdb,results/AqTMK/05_plip_interaction_graphs/plip_outputs/AqTMK_108/report.xml,hydrogen_bonds,O10,ASP9A,1591,hydrogen_bonds,hydrogen_bond,ATP:B:1:O10,O10,ATP,B,1
AqTMK_108,/home/wms/AF2-test/AF2-CatGraph/results/AqTMK/02_template_guided_docking/complexes/AqTMK_108_complex.pdb,results/AqTMK/05_plip_interaction_graphs/plip_outputs/AqTMK_108/report.xml,hydrogen_bonds,O8,GLY10A,1588,hydrogen_bonds,hydrogen_bond,ATP:B:1:O8,O8,ATP,B,1
AqTMK_108,/home/wms/AF2-test/AF2-CatGraph/results/AqTMK/02_template_guided_docking/complexes/AqTMK_108_complex.pdb,results/AqTMK/05_plip_interaction_graphs/plip_outputs/AqTMK_108/report.xml,hydrogen_bonds,O7,SER11A,1587,hydrogen_bonds,hydrogen_bond,ATP:B:1:O7,O7,ATP,B,1
AqTMK_108,/home/wms/AF2-test/AF2-CatGraph/results/AqTMK/02_template_guided_docking/complexes/AqTMK_108_complex.pdb,results/AqTMK/05_plip_interaction_graphs/plip_outputs/AqTMK_108/report.xml,hydrogen_bonds,O7,GLY12A,1587,hydrogen_bonds,hydrogen_bond,ATP:B:1:O7,O7,ATP,B,1
AqTMK_108,/home/wms/AF2-test/AF2-CatGraph/results/AqTMK/02_template_guided_docking/complexes/AqTMK_108_complex.pdb,results/AqTMK/05_plip_interaction_graphs/plip_outputs/AqTMK_108/report.xml,hydrogen_bonds,O7,LYS13A,1587,hydrogen_bonds,hydrogen_bond,ATP:B:1:O7,O7,ATP,B,1
AqTMK_108,/home/wms/AF2-test/AF2-CatGraph/results/AqTMK/02_template_guided_docking/complexes/AqTMK_108_complex.pdb,results/AqTMK/05_plip_interaction_graphs/plip_outputs/AqTMK_108/report.xml,hydrogen_bonds,O6,THR14A,1586,hydrogen_bonds,hydrogen_bond,ATP:B:1:O6,O6,ATP,B,1
AqTMK_108,/home/wms/AF2-test/AF2-CatGraph/results/AqTMK/02_template_guided_docking/complexes/AqTMK_108_complex.pdb,results/AqTMK/05_plip_interaction_graphs/plip_outputs/AqTMK_108/report.xml,hydrogen_bonds,O4,THR15A,1583,hydrogen_bonds,hydrogen_bond,ATP:B:1:O4,O4,ATP,B,1
AqTMK_108,/home/wms/AF2-test/AF2-CatGraph/results/AqTMK/02_template_guided_docking/complexes/AqTMK_108_complex.pdb,results/AqTMK/05_plip_interaction_graphs/plip_outputs/AqTMK_108/report.xml,hydrogen_bonds,O4,THR15A,1583,hydrogen_bonds,hydrogen_bond,ATP:B:1:O4,O4,ATP,B,1
AqTMK_108,/home/wms/AF2-test/AF2-CatGraph/results/AqTMK/02_template_guided_docking/complexes/AqTMK_108_complex.pdb,results/AqTMK/05_plip_interaction_graphs/plip_outputs/AqTMK_108/report.xml,salt_bridges,P2,LYS13A,1585,salt_bridges,salt_bridge,ATP:B:1:P2,P2,ATP,B,1
AqTMK_108,/home/wms/AF2-test/AF2-CatGraph/results/AqTMK/02_template_guided_docking/complexes/AqTMK_108_complex.pdb,results/AqTMK/05_plip_interaction_graphs/plip_outputs/AqTMK_108/report.xml,salt_bridges,P3,LYS13A,1589,salt_bridges,salt_bridge,ATP:B:1:P3,P3,ATP,B,1
AqTMK_108,/home/wms/AF2-test/AF2-CatGraph/results/AqTMK/02_template_guided_docking/complexes/AqTMK_108_complex.pdb,results/AqTMK/05_plip_interaction_graphs/plip_outputs/AqTMK_108/report.xml,salt_bridges,P3,ARG90A,1589,salt_bridges,salt_bridge,ATP:B:1:P3,P3,ATP,B,1
AqTMK_108,/home/wms/AF2-test/AF2-CatGraph/results/AqTMK/02_template_guided_docking/complexes/AqTMK_108_complex.pdb,results/AqTMK/05_plip_interaction_graphs/plip_outputs/AqTMK_108/report.xml,metal_complexes,MG,THR14A,1599,metal_complexes,metal_complex,MG:B:203:MG,MG,MG,B,203
AqTMK_108,/home/wms/AF2-test/AF2-CatGraph/results/AqTMK/02_template_guided_docking/complexes/AqTMK_108_complex.pdb,results/AqTMK/05_plip_interaction_graphs/plip_outputs/AqTMK_108/report.xml,salt_bridges,P4,ARG47A,1595,salt_bridges,salt_bridge,TMP:C:1:P4,P4,TMP,C,1
AqTMK_108,/home/wms/AF2-test/AF2-CatGraph/results/AqTMK/02_template_guided_docking/complexes/AqTMK_108_complex.pdb,results/AqTMK/05_plip_interaction_graphs/plip_outputs/AqTMK_108/report.xml,salt_bridges,P4,ARG90A,1595,salt_bridges,salt_bridge,TMP:C:1:P4,P4,TMP,C,1
AqTMK_109,/home/wms/AF2-test/AF2-CatGraph/results/AqTMK/02_template_guided_docking/complexes/AqTMK_109_complex.pdb,results/AqTMK/05_plip_interaction_graphs/plip_outputs/AqTMK_109/report.xml,hydrogen_bonds,O10,ASP9A,1591,hydrogen_bonds,hydrogen_bond,ATP:B:1:O10,O10,ATP,B,1
AqTMK_109,/home/wms/AF2-test/AF2-CatGraph/results/AqTMK/02_template_guided_docking/complexes/AqTMK_109_complex.pdb,results/AqTMK/05_plip_interaction_graphs/plip_outputs/AqTMK_109/report.xml,hydrogen_bonds,O8,GLY10A,1588,hydrogen_bonds,hydrogen_bond,ATP:B:1:O8,O8,ATP,B,1
AqTMK_109,/home/wms/AF2-test/AF2-CatGraph/results/AqTMK/02_template_guided_docking/complexes/AqTMK_109_complex.pdb,results/AqTMK/05_plip_interaction_graphs/plip_outputs/AqTMK_109/report.xml,hydrogen_bonds,O7,SER11A,1587,hydrogen_bonds,hydrogen_bond,ATP:B:1:O7,O7,ATP,B,1
AqTMK_109,/home/wms/AF2-test/AF2-CatGraph/results/AqTMK/02_template_guided_docking/complexes/AqTMK_109_complex.pdb,results/AqTMK/05_plip_interaction_graphs/plip_outputs/AqTMK_109/report.xml,hydrogen_bonds,O7,GLY12A,1587,hydrogen_bonds,hydrogen_bond,ATP:B:1:O7,O7,ATP,B,1
AqTMK_109,/home/wms/AF2-test/AF2-CatGraph/results/AqTMK/02_template_guided_docking/complexes/AqTMK_109_complex.pdb,results/AqTMK/05_plip_interaction_graphs/plip_outputs/AqTMK_109/report.xml,hydrogen_bonds,O7,LYS13A,1587,hydrogen_bonds,hydrogen_bond,ATP:B:1:O7,O7,ATP,B,1
AqTMK_109,/home/wms/AF2-test/AF2-CatGraph/results/AqTMK/02_template_guided_docking/complexes/AqTMK_109_complex.pdb,results/AqTMK/05_plip_interaction_graphs/plip_outputs/AqTMK_109/report.xml,hydrogen_bonds,O7,THR14A,1587,hydrogen_bonds,hydrogen_bond,ATP:B:1:O7,O7,ATP,B,1
AqTMK_109,/home/wms/AF2-test/AF2-CatGraph/results/AqTMK/02_template_guided_docking/complexes/AqTMK_109_complex.pdb,results/AqTMK/05_plip_interaction_graphs/plip_outputs/AqTMK_109/report.xml,hydrogen_bonds,O2,THR15A,1580,hydrogen_bonds,hydrogen_bond,ATP:B:1:O2,O2,ATP,B,1
AqTMK_109,/home/wms/AF2-test/AF2-CatGraph/results/AqTMK/02_template_guided_docking/complexes/AqTMK_109_complex.pdb,results/AqTMK/05_plip_interaction_graphs/plip_outputs/AqTMK_109/report.xml,hydrogen_bonds,O4,THR15A,1583,hydrogen_bonds,hydrogen_bond,ATP:B:1:O4,O4,ATP,B,1
AqTMK_109,/home/wms/AF2-test/AF2-CatGraph/results/AqTMK/02_template_guided_docking/complexes/AqTMK_109_complex.pdb,results/AqTMK/05_plip_interaction_graphs/plip_outputs/AqTMK_109/report.xml,hydrogen_bonds,O4,THR15A,1583,hydrogen_bonds,hydrogen_bond,ATP:B:1:O4,O4,ATP,B,1
AqTMK_109,/home/wms/AF2-test/AF2-CatGraph/results/AqTMK/02_template_guided_docking/complexes/AqTMK_109_complex.pdb,results/AqTMK/05_plip_interaction_graphs/plip_outputs/AqTMK_109/report.xml,salt_bridges,P2,LYS13A,1585,salt_bridges,salt_bridge,ATP:B:1:P2,P2,ATP,B,1
AqTMK_109,/home/wms/AF2-test/AF2-CatGraph/results/AqTMK/02_template_guided_docking/complexes/AqTMK_109_complex.pdb,results/AqTMK/05_plip_interaction_graphs/plip_outputs/AqTMK_109/report.xml,salt_bridges,P3,LYS13A,1589,salt_bridges,salt_bridge,ATP:B:1:P3,P3,ATP,B,1
AqTMK_109,/home/wms/AF2-test/AF2-CatGraph/results/AqTMK/02_template_guided_docking/complexes/AqTMK_109_complex.pdb,results/AqTMK/05_plip_interaction_graphs/plip_outputs/AqTMK_109/report.xml,salt_bridges,P3,ARG90A,1589,salt_bridges,salt_bridge,ATP:B:1:P3,P3,ATP,B,1
AqTMK_109,/home/wms/AF2-test/AF2-CatGraph/results/AqTMK/02_template_guided_docking/complexes/AqTMK_109_complex.pdb,results/AqTMK/05_plip_interaction_graphs/plip_outputs/AqTMK_109/report.xml,metal_complexes,MG,THR14A,1599,metal_complexes,metal_complex,MG:B:203:MG,MG,MG,B,203
AqTMK_109,/home/wms/AF2-test/AF2-CatGraph/results/AqTMK/02_template_guided_docking/complexes/AqTMK_109_complex.pdb,results/AqTMK/05_plip_interaction_graphs/plip_outputs/AqTMK_109/report.xml,hydrogen_bonds,O14,ARG47A,1597,hydrogen_bonds,hydrogen_bond,TMP:C:1:O14,O14,TMP,C,1
AqTMK_109,/home/wms/AF2-test/AF2-CatGraph/results/AqTMK/02_template_guided_docking/complexes/AqTMK_109_complex.pdb,results/AqTMK/05_plip_interaction_graphs/plip_outputs/AqTMK_109/report.xml,salt_bridges,P4,LYS13A,1595,salt_bridges,salt_bridge,TMP:C:1:P4,P4,TMP,C,1
AqTMK_109,/home/wms/AF2-test/AF2-CatGraph/results/AqTMK/02_template_guided_docking/complexes/AqTMK_109_complex.pdb,results/AqTMK/05_plip_interaction_graphs/plip_outputs/AqTMK_109/report.xml,salt_bridges,P4,ARG90A,1595,salt_bridges,salt_bridge,TMP:C:1:P4,P4,TMP,C,1
AqTMK_110,/home/wms/AF2-test/AF2-CatGraph/results/AqTMK/02_template_guided_docking/complexes/AqTMK_110_complex.pdb,results/AqTMK/05_plip_interaction_graphs/plip_outputs/AqTMK_110/report.xml,hydrogen_bonds,O10,ASP9A,1591,hydrogen_bonds,hydrogen_bond,ATP:B:1:O10,O10,ATP,B,1
AqTMK_110,/home/wms/AF2-test/AF2-CatGraph/results/AqTMK/02_template_guided_docking/complexes/AqTMK_110_complex.pdb,results/AqTMK/05_plip_interaction_graphs/plip_outputs/AqTMK_110/report.xml,hydrogen_bonds,O10,GLY10A,1591,hydrogen_bonds,hydrogen_bond,ATP:B:1:O10,O10,ATP,B,1
AqTMK_110,/home/wms/AF2-test/AF2-CatGraph/results/AqTMK/02_template_guided_docking/complexes/AqTMK_110_complex.pdb,results/AqTMK/05_plip_interaction_graphs/plip_outputs/AqTMK_110/report.xml,hydrogen_bonds,O7,SER11A,1587,hydrogen_bonds,hydrogen_bond,ATP:B:1:O7,O7,ATP,B,1
AqTMK_110,/home/wms/AF2-test/AF2-CatGraph/results/AqTMK/02_template_guided_docking/complexes/AqTMK_110_complex.pdb,results/AqTMK/05_plip_interaction_graphs/plip_outputs/AqTMK_110/report.xml,hydrogen_bonds,O7,GLY12A,1587,hydrogen_bonds,hydrogen_bond,ATP:B:1:O7,O7,ATP,B,1
AqTMK_110,/home/wms/AF2-test/AF2-CatGraph/results/AqTMK/02_template_guided_docking/complexes/AqTMK_110_complex.pdb,results/AqTMK/05_plip_interaction_graphs/plip_outputs/AqTMK_110/report.xml,hydrogen_bonds,O7,LYS13A,1587,hydrogen_bonds,hydrogen_bond,ATP:B:1:O7,O7,ATP,B,1
AqTMK_110,/home/wms/AF2-test/AF2-CatGraph/results/AqTMK/02_template_guided_docking/complexes/AqTMK_110_complex.pdb,results/AqTMK/05_plip_interaction_graphs/plip_outputs/AqTMK_110/report.xml,hydrogen_bonds,O6,THR14A,1586,hydrogen_bonds,hydrogen_bond,ATP:B:1:O6,O6,ATP,B,1
AqTMK_110,/home/wms/AF2-test/AF2-CatGraph/results/AqTMK/02_template_guided_docking/complexes/AqTMK_110_complex.pdb,results/AqTMK/05_plip_interaction_graphs/plip_outputs/AqTMK_110/report.xml,hydrogen_bonds,O4,THR15A,1583,hydrogen_bonds,hydrogen_bond,ATP:B:1:O4,O4,ATP,B,1
AqTMK_110,/home/wms/AF2-test/AF2-CatGraph/results/AqTMK/02_template_guided_docking/complexes/AqTMK_110_complex.pdb,results/AqTMK/05_plip_interaction_graphs/plip_outputs/AqTMK_110/report.xml,hydrogen_bonds,O4,THR15A,1583,hydrogen_bonds,hydrogen_bond,ATP:B:1:O4,O4,ATP,B,1
AqTMK_110,/home/wms/AF2-test/AF2-CatGraph/results/AqTMK/02_template_guided_docking/complexes/AqTMK_110_complex.pdb,results/AqTMK/05_plip_interaction_graphs/plip_outputs/AqTMK_110/report.xml,salt_bridges,P2,LYS13A,1585,salt_bridges,salt_bridge,ATP:B:1:P2,P2,ATP,B,1
AqTMK_110,/home/wms/AF2-test/AF2-CatGraph/results/AqTMK/02_template_guided_docking/complexes/AqTMK_110_complex.pdb,results/AqTMK/05_plip_interaction_graphs/plip_outputs/AqTMK_110/report.xml,salt_bridges,P3,LYS13A,1589,salt_bridges,salt_bridge,ATP:B:1:P3,P3,ATP,B,1
AqTMK_110,/home/wms/AF2-test/AF2-CatGraph/results/AqTMK/02_template_guided_docking/complexes/AqTMK_110_complex.pdb,results/AqTMK/05_plip_interaction_graphs/plip_outputs/AqTMK_110/report.xml,salt_bridges,P3,ARG90A,1589,salt_bridges,salt_bridge,ATP:B:1:P3,P3,ATP,B,1
AqTMK_110,/home/wms/AF2-test/AF2-CatGraph/results/AqTMK/02_template_guided_docking/complexes/AqTMK_110_complex.pdb,results/AqTMK/05_plip_interaction_graphs/plip_outputs/AqTMK_110/report.xml,metal_complexes,MG,THR14A,1599,metal_complexes,metal_complex,MG:B:203:MG,MG,MG,B,203
AqTMK_110,/home/wms/AF2-test/AF2-CatGraph/results/AqTMK/02_template_guided_docking/complexes/AqTMK_110_complex.pdb,results/AqTMK/05_plip_interaction_graphs/plip_outputs/AqTMK_110/report.xml,salt_bridges,P4,ARG47A,1595,salt_bridges,salt_bridge,TMP:C:1:P4,P4,TMP,C,1
AqTMK_110,/home/wms/AF2-test/AF2-CatGraph/results/AqTMK/02_template_guided_docking/complexes/AqTMK_110_complex.pdb,results/AqTMK/05_plip_interaction_graphs/plip_outputs/AqTMK_110/report.xml,salt_bridges,P4,ARG90A,1595,salt_bridges,salt_bridge,TMP:C:1:P4,P4,TMP,C,1
AqTMK_111,/home/wms/AF2-test/AF2-CatGraph/results/AqTMK/02_template_guided_docking/complexes/AqTMK_111_complex.pdb,results/AqTMK/05_plip_interaction_graphs/plip_outputs/AqTMK_111/report.xml,hydrogen_bonds,O10,ASP9A,1591,hydrogen_bonds,hydrogen_bond,ATP:B:1:O10,O10,ATP,B,1
AqTMK_111,/home/wms/AF2-test/AF2-CatGraph/results/AqTMK/02_template_guided_docking/complexes/AqTMK_111_complex.pdb,results/AqTMK/05_plip_interaction_graphs/plip_outputs/AqTMK_111/report.xml,hydrogen_bonds,O8,GLY10A,1588,hydrogen_bonds,hydrogen_bond,ATP:B:1:O8,O8,ATP,B,1
AqTMK_111,/home/wms/AF2-test/AF2-CatGraph/results/AqTMK/02_template_guided_docking/complexes/AqTMK_111_complex.pdb,results/AqTMK/05_plip_interaction_graphs/plip_outputs/AqTMK_111/report.xml,hydrogen_bonds,O7,SER11A,1587,hydrogen_bonds,hydrogen_bond,ATP:B:1:O7,O7,ATP,B,1
AqTMK_111,/home/wms/AF2-test/AF2-CatGraph/results/AqTMK/02_template_guided_docking/complexes/AqTMK_111_complex.pdb,results/AqTMK/05_plip_interaction_graphs/plip_outputs/AqTMK_111/report.xml,hydrogen_bonds,O7,GLY12A,1587,hydrogen_bonds,hydrogen_bond,ATP:B:1:O7,O7,ATP,B,1
AqTMK_111,/home/wms/AF2-test/AF2-CatGraph/results/AqTMK/02_template_guided_docking/complexes/AqTMK_111_complex.pdb,results/AqTMK/05_plip_interaction_graphs/plip_outputs/AqTMK_111/report.xml,hydrogen_bonds,O7,LYS13A,1587,hydrogen_bonds,hydrogen_bond,ATP:B:1:O7,O7,ATP,B,1
AqTMK_111,/home/wms/AF2-test/AF2-CatGraph/results/AqTMK/02_template_guided_docking/complexes/AqTMK_111_complex.pdb,results/AqTMK/05_plip_interaction_graphs/plip_outputs/AqTMK_111/report.xml,hydrogen_bonds,O6,THR14A,1586,hydrogen_bonds,hydrogen_bond,ATP:B:1:O6,O6,ATP,B,1
AqTMK_111,/home/wms/AF2-test/AF2-CatGraph/results/AqTMK/02_template_guided_docking/complexes/AqTMK_111_complex.pdb,results/AqTMK/05_plip_interaction_graphs/plip_outputs/AqTMK_111/report.xml,hydrogen_bonds,O4,THR15A,1583,hydrogen_bonds,hydrogen_bond,ATP:B:1:O4,O4,ATP,B,1
AqTMK_111,/home/wms/AF2-test/AF2-CatGraph/results/AqTMK/02_template_guided_docking/complexes/AqTMK_111_complex.pdb,results/AqTMK/05_plip_interaction_graphs/plip_outputs/AqTMK_111/report.xml,hydrogen_bonds,O4,THR15A,1583,hydrogen_bonds,hydrogen_bond,ATP:B:1:O4,O4,ATP,B,1
AqTMK_111,/home/wms/AF2-test/AF2-CatGraph/results/AqTMK/02_template_guided_docking/complexes/AqTMK_111_complex.pdb,results/AqTMK/05_plip_interaction_graphs/plip_outputs/AqTMK_111/report.xml,hydrogen_bonds,O6,ARG90A,1586,hydrogen_bonds,hydrogen_bond,ATP:B:1:O6,O6,ATP,B,1
AqTMK_111,/home/wms/AF2-test/AF2-CatGraph/results/AqTMK/02_template_guided_docking/complexes/AqTMK_111_complex.pdb,results/AqTMK/05_plip_interaction_graphs/plip_outputs/AqTMK_111/report.xml,hydrogen_bonds,O9,ASN144A,1590,hydrogen_bonds,hydrogen_bond,ATP:B:1:O9,O9,ATP,B,1
AqTMK_111,/home/wms/AF2-test/AF2-CatGraph/results/AqTMK/02_template_guided_docking/complexes/AqTMK_111_complex.pdb,results/AqTMK/05_plip_interaction_graphs/plip_outputs/AqTMK_111/report.xml,salt_bridges,P2,LYS13A,1585,salt_bridges,salt_bridge,ATP:B:1:P2,P2,ATP,B,1
AqTMK_111,/home/wms/AF2-test/AF2-CatGraph/results/AqTMK/02_template_guided_docking/complexes/AqTMK_111_complex.pdb,results/AqTMK/05_plip_interaction_graphs/plip_outputs/AqTMK_111/report.xml,salt_bridges,P3,LYS13A,1589,salt_bridges,salt_bridge,ATP:B:1:P3,P3,ATP,B,1
AqTMK_111,/home/wms/AF2-test/AF2-CatGraph/results/AqTMK/02_template_guided_docking/complexes/AqTMK_111_complex.pdb,results/AqTMK/05_plip_interaction_graphs/plip_outputs/AqTMK_111/report.xml,salt_bridges,P3,ARG90A,1589,salt_bridges,salt_bridge,ATP:B:1:P3,P3,ATP,B,1
AqTMK_111,/home/wms/AF2-test/AF2-CatGraph/results/AqTMK/02_template_guided_docking/complexes/AqTMK_111_complex.pdb,results/AqTMK/05_plip_interaction_graphs/plip_outputs/AqTMK_111/report.xml,metal_complexes,MG,THR14A,1599,metal_complexes,metal_complex,MG:B:203:MG,MG,MG,B,203
AqTMK_111,/home/wms/AF2-test/AF2-CatGraph/results/AqTMK/02_template_guided_docking/complexes/AqTMK_111_complex.pdb,results/AqTMK/05_plip_interaction_graphs/plip_outputs/AqTMK_111/report.xml,salt_bridges,P4,ARG47A,1595,salt_bridges,salt_bridge,TMP:C:1:P4,P4,TMP,C,1
AqTMK_111,/home/wms/AF2-test/AF2-CatGraph/results/AqTMK/02_template_guided_docking/complexes/AqTMK_111_complex.pdb,results/AqTMK/05_plip_interaction_graphs/plip_outputs/AqTMK_111/report.xml,salt_bridges,P4,ARG90A,1595,salt_bridges,salt_bridge,TMP:C:1:P4,P4,TMP,C,1
AqTMK_112,/home/wms/AF2-test/AF2-CatGraph/results/AqTMK/02_template_guided_docking/complexes/AqTMK_112_complex.pdb,results/AqTMK/05_plip_interaction_graphs/plip_outputs/AqTMK_112/report.xml,hydrogen_bonds,O10,ASP9A,1591,hydrogen_bonds,hydrogen_bond,ATP:B:1:O10,O10,ATP,B,1
AqTMK_112,/home/wms/AF2-test/AF2-CatGraph/results/AqTMK/02_template_guided_docking/complexes/AqTMK_112_complex.pdb,results/AqTMK/05_plip_interaction_graphs/plip_outputs/AqTMK_112/report.xml,hydrogen_bonds,O8,GLY10A,1588,hydrogen_bonds,hydrogen_bond,ATP:B:1:O8,O8,ATP,B,1
AqTMK_112,/home/wms/AF2-test/AF2-CatGraph/results/AqTMK/02_template_guided_docking/complexes/AqTMK_112_complex.pdb,results/AqTMK/05_plip_interaction_graphs/plip_outputs/AqTMK_112/report.xml,hydrogen_bonds,O7,SER11A,1587,hydrogen_bonds,hydrogen_bond,ATP:B:1:O7,O7,ATP,B,1
AqTMK_112,/home/wms/AF2-test/AF2-CatGraph/results/AqTMK/02_template_guided_docking/complexes/AqTMK_112_complex.pdb,results/AqTMK/05_plip_interaction_graphs/plip_outputs/AqTMK_112/report.xml,hydrogen_bonds,O7,GLY12A,1587,hydrogen_bonds,hydrogen_bond,ATP:B:1:O7,O7,ATP,B,1
AqTMK_112,/home/wms/AF2-test/AF2-CatGraph/results/AqTMK/02_template_guided_docking/complexes/AqTMK_112_complex.pdb,results/AqTMK/05_plip_interaction_graphs/plip_outputs/AqTMK_112/report.xml,hydrogen_bonds,O7,LYS13A,1587,hydrogen_bonds,hydrogen_bond,ATP:B:1:O7,O7,ATP,B,1
AqTMK_112,/home/wms/AF2-test/AF2-CatGraph/results/AqTMK/02_template_guided_docking/complexes/AqTMK_112_complex.pdb,results/AqTMK/05_plip_interaction_graphs/plip_outputs/AqTMK_112/report.xml,hydrogen_bonds,O6,THR14A,1586,hydrogen_bonds,hydrogen_bond,ATP:B:1:O6,O6,ATP,B,1
AqTMK_112,/home/wms/AF2-test/AF2-CatGraph/results/AqTMK/02_template_guided_docking/complexes/AqTMK_112_complex.pdb,results/AqTMK/05_plip_interaction_graphs/plip_outputs/AqTMK_112/report.xml,hydrogen_bonds,O4,THR15A,1583,hydrogen_bonds,hydrogen_bond,ATP:B:1:O4,O4,ATP,B,1
AqTMK_112,/home/wms/AF2-test/AF2-CatGraph/results/AqTMK/02_template_guided_docking/complexes/AqTMK_112_complex.pdb,results/AqTMK/05_plip_interaction_graphs/plip_outputs/AqTMK_112/report.xml,hydrogen_bonds,O4,THR15A,1583,hydrogen_bonds,hydrogen_bond,ATP:B:1:O4,O4,ATP,B,1
AqTMK_112,/home/wms/AF2-test/AF2-CatGraph/results/AqTMK/02_template_guided_docking/complexes/AqTMK_112_complex.pdb,results/AqTMK/05_plip_interaction_graphs/plip_outputs/AqTMK_112/report.xml,salt_bridges,P2,LYS13A,1585,salt_bridges,salt_bridge,ATP:B:1:P2,P2,ATP,B,1
AqTMK_112,/home/wms/AF2-test/AF2-CatGraph/results/AqTMK/02_template_guided_docking/complexes/AqTMK_112_complex.pdb,results/AqTMK/05_plip_interaction_graphs/plip_outputs/AqTMK_112/report.xml,salt_bridges,P3,LYS13A,1589,salt_bridges,salt_bridge,ATP:B:1:P3,P3,ATP,B,1
AqTMK_112,/home/wms/AF2-test/AF2-CatGraph/results/AqTMK/02_template_guided_docking/complexes/AqTMK_112_complex.pdb,results/AqTMK/05_plip_interaction_graphs/plip_outputs/AqTMK_112/report.xml,salt_bridges,P3,ARG90A,1589,salt_bridges,salt_bridge,ATP:B:1:P3,P3,ATP,B,1
AqTMK_112,/home/wms/AF2-test/AF2-CatGraph/results/AqTMK/02_template_guided_docking/complexes/AqTMK_112_complex.pdb,results/AqTMK/05_plip_interaction_graphs/plip_outputs/AqTMK_112/report.xml,metal_complexes,MG,THR14A,1599,metal_complexes,metal_complex,MG:B:203:MG,MG,MG,B,203
AqTMK_112,/home/wms/AF2-test/AF2-CatGraph/results/AqTMK/02_template_guided_docking/complexes/AqTMK_112_complex.pdb,results/AqTMK/05_plip_interaction_graphs/plip_outputs/AqTMK_112/report.xml,salt_bridges,P4,ARG47A,1595,salt_bridges,salt_bridge,TMP:C:1:P4,P4,TMP,C,1
AqTMK_112,/home/wms/AF2-test/AF2-CatGraph/results/AqTMK/02_template_guided_docking/complexes/AqTMK_112_complex.pdb,results/AqTMK/05_plip_interaction_graphs/plip_outputs/AqTMK_112/report.xml,salt_bridges,P4,ARG90A,1595,salt_bridges,salt_bridge,TMP:C:1:P4,P4,TMP,C,1
AqTMK_114,/home/wms/AF2-test/AF2-CatGraph/results/AqTMK/02_template_guided_docking/complexes/AqTMK_114_complex.pdb,results/AqTMK/05_plip_interaction_graphs/plip_outputs/AqTMK_114/report.xml,hydrogen_bonds,O10,ASP9A,1591,hydrogen_bonds,hydrogen_bond,ATP:B:1:O10,O10,ATP,B,1
AqTMK_114,/home/wms/AF2-test/AF2-CatGraph/results/AqTMK/02_template_guided_docking/complexes/AqTMK_114_complex.pdb,results/AqTMK/05_plip_interaction_graphs/plip_outputs/AqTMK_114/report.xml,hydrogen_bonds,O8,GLY10A,1588,hydrogen_bonds,hydrogen_bond,ATP:B:1:O8,O8,ATP,B,1
AqTMK_114,/home/wms/AF2-test/AF2-CatGraph/results/AqTMK/02_template_guided_docking/complexes/AqTMK_114_complex.pdb,results/AqTMK/05_plip_interaction_graphs/plip_outputs/AqTMK_114/report.xml,hydrogen_bonds,O7,SER11A,1587,hydrogen_bonds,hydrogen_bond,ATP:B:1:O7,O7,ATP,B,1
AqTMK_114,/home/wms/AF2-test/AF2-CatGraph/results/AqTMK/02_template_guided_docking/complexes/AqTMK_114_complex.pdb,results/AqTMK/05_plip_interaction_graphs/plip_outputs/AqTMK_114/report.xml,hydrogen_bonds,O7,GLY12A,1587,hydrogen_bonds,hydrogen_bond,ATP:B:1:O7,O7,ATP,B,1
AqTMK_114,/home/wms/AF2-test/AF2-CatGraph/results/AqTMK/02_template_guided_docking/complexes/AqTMK_114_complex.pdb,results/AqTMK/05_plip_interaction_graphs/plip_outputs/AqTMK_114/report.xml,hydrogen_bonds,O7,LYS13A,1587,hydrogen_bonds,hydrogen_bond,ATP:B:1:O7,O7,ATP,B,1
AqTMK_114,/home/wms/AF2-test/AF2-CatGraph/results/AqTMK/02_template_guided_docking/complexes/AqTMK_114_complex.pdb,results/AqTMK/05_plip_interaction_graphs/plip_outputs/AqTMK_114/report.xml,hydrogen_bonds,O6,THR14A,1586,hydrogen_bonds,hydrogen_bond,ATP:B:1:O6,O6,ATP,B,1
AqTMK_114,/home/wms/AF2-test/AF2-CatGraph/results/AqTMK/02_template_guided_docking/complexes/AqTMK_114_complex.pdb,results/AqTMK/05_plip_interaction_graphs/plip_outputs/AqTMK_114/report.xml,hydrogen_bonds,O2,THR15A,1580,hydrogen_bonds,hydrogen_bond,ATP:B:1:O2,O2,ATP,B,1
AqTMK_114,/home/wms/AF2-test/AF2-CatGraph/results/AqTMK/02_template_guided_docking/complexes/AqTMK_114_complex.pdb,results/AqTMK/05_plip_interaction_graphs/plip_outputs/AqTMK_114/report.xml,hydrogen_bonds,O4,THR15A,1583,hydrogen_bonds,hydrogen_bond,ATP:B:1:O4,O4,ATP,B,1
AqTMK_114,/home/wms/AF2-test/AF2-CatGraph/results/AqTMK/02_template_guided_docking/complexes/AqTMK_114_complex.pdb,results/AqTMK/05_plip_interaction_graphs/plip_outputs/AqTMK_114/report.xml,hydrogen_bonds,O4,THR15A,1583,hydrogen_bonds,hydrogen_bond,ATP:B:1:O4,O4,ATP,B,1
AqTMK_114,/home/wms/AF2-test/AF2-CatGraph/results/AqTMK/02_template_guided_docking/complexes/AqTMK_114_complex.pdb,results/AqTMK/05_plip_interaction_graphs/plip_outputs/AqTMK_114/report.xml,salt_bridges,P2,LYS13A,1585,salt_bridges,salt_bridge,ATP:B:1:P2,P2,ATP,B,1
AqTMK_114,/home/wms/AF2-test/AF2-CatGraph/results/AqTMK/02_template_guided_docking/complexes/AqTMK_114_complex.pdb,results/AqTMK/05_plip_interaction_graphs/plip_outputs/AqTMK_114/report.xml,salt_bridges,P3,LYS13A,1589,salt_bridges,salt_bridge,ATP:B:1:P3,P3,ATP,B,1
AqTMK_114,/home/wms/AF2-test/AF2-CatGraph/results/AqTMK/02_template_guided_docking/complexes/AqTMK_114_complex.pdb,results/AqTMK/05_plip_interaction_graphs/plip_outputs/AqTMK_114/report.xml,salt_bridges,P3,ARG90A,1589,salt_bridges,salt_bridge,ATP:B:1:P3,P3,ATP,B,1
AqTMK_114,/home/wms/AF2-test/AF2-CatGraph/results/AqTMK/02_template_guided_docking/complexes/AqTMK_114_complex.pdb,results/AqTMK/05_plip_interaction_graphs/plip_outputs/AqTMK_114/report.xml,metal_complexes,MG,THR14A,1599,metal_complexes,metal_complex,MG:B:203:MG,MG,MG,B,203
AqTMK_114,/home/wms/AF2-test/AF2-CatGraph/results/AqTMK/02_template_guided_docking/complexes/AqTMK_114_complex.pdb,results/AqTMK/05_plip_interaction_graphs/plip_outputs/AqTMK_114/report.xml,salt_bridges,P4,ARG47A,1595,salt_bridges,salt_bridge,TMP:C:1:P4,P4,TMP,C,1
AqTMK_114,/home/wms/AF2-test/AF2-CatGraph/results/AqTMK/02_template_guided_docking/complexes/AqTMK_114_complex.pdb,results/AqTMK/05_plip_interaction_graphs/plip_outputs/AqTMK_114/report.xml,salt_bridges,P4,ARG90A,1595,salt_bridges,salt_bridge,TMP:C:1:P4,P4,TMP,C,1
AqTMK_116,/home/wms/AF2-test/AF2-CatGraph/results/AqTMK/02_template_guided_docking/complexes/AqTMK_116_complex.pdb,results/AqTMK/05_plip_interaction_graphs/plip_outputs/AqTMK_116/report.xml,hydrogen_bonds,O10,ASP9A,1591,hydrogen_bonds,hydrogen_bond,ATP:B:1:O10,O10,ATP,B,1
AqTMK_116,/home/wms/AF2-test/AF2-CatGraph/results/AqTMK/02_template_guided_docking/complexes/AqTMK_116_complex.pdb,results/AqTMK/05_plip_interaction_graphs/plip_outputs/AqTMK_116/report.xml,hydrogen_bonds,O8,GLY10A,1588,hydrogen_bonds,hydrogen_bond,ATP:B:1:O8,O8,ATP,B,1
AqTMK_116,/home/wms/AF2-test/AF2-CatGraph/results/AqTMK/02_template_guided_docking/complexes/AqTMK_116_complex.pdb,results/AqTMK/05_plip_interaction_graphs/plip_outputs/AqTMK_116/report.xml,hydrogen_bonds,O7,SER11A,1587,hydrogen_bonds,hydrogen_bond,ATP:B:1:O7,O7,ATP,B,1
AqTMK_116,/home/wms/AF2-test/AF2-CatGraph/results/AqTMK/02_template_guided_docking/complexes/AqTMK_116_complex.pdb,results/AqTMK/05_plip_interaction_graphs/plip_outputs/AqTMK_116/report.xml,hydrogen_bonds,O7,GLY12A,1587,hydrogen_bonds,hydrogen_bond,ATP:B:1:O7,O7,ATP,B,1
AqTMK_116,/home/wms/AF2-test/AF2-CatGraph/results/AqTMK/02_template_guided_docking/complexes/AqTMK_116_complex.pdb,results/AqTMK/05_plip_interaction_graphs/plip_outputs/AqTMK_116/report.xml,hydrogen_bonds,O7,LYS13A,1587,hydrogen_bonds,hydrogen_bond,ATP:B:1:O7,O7,ATP,B,1
AqTMK_116,/home/wms/AF2-test/AF2-CatGraph/results/AqTMK/02_template_guided_docking/complexes/AqTMK_116_complex.pdb,results/AqTMK/05_plip_interaction_graphs/plip_outputs/AqTMK_116/report.xml,hydrogen_bonds,O6,THR14A,1586,hydrogen_bonds,hydrogen_bond,ATP:B:1:O6,O6,ATP,B,1
AqTMK_116,/home/wms/AF2-test/AF2-CatGraph/results/AqTMK/02_template_guided_docking/complexes/AqTMK_116_complex.pdb,results/AqTMK/05_plip_interaction_graphs/plip_outputs/AqTMK_116/report.xml,hydrogen_bonds,O11,THR14A,1592,hydrogen_bonds,hydrogen_bond,ATP:B:1:O11,O11,ATP,B,1
AqTMK_116,/home/wms/AF2-test/AF2-CatGraph/results/AqTMK/02_template_guided_docking/complexes/AqTMK_116_complex.pdb,results/AqTMK/05_plip_interaction_graphs/plip_outputs/AqTMK_116/report.xml,hydrogen_bonds,O2,THR15A,1580,hydrogen_bonds,hydrogen_bond,ATP:B:1:O2,O2,ATP,B,1
AqTMK_116,/home/wms/AF2-test/AF2-CatGraph/results/AqTMK/02_template_guided_docking/complexes/AqTMK_116_complex.pdb,results/AqTMK/05_plip_interaction_graphs/plip_outputs/AqTMK_116/report.xml,hydrogen_bonds,O4,THR15A,1583,hydrogen_bonds,hydrogen_bond,ATP:B:1:O4,O4,ATP,B,1
AqTMK_116,/home/wms/AF2-test/AF2-CatGraph/results/AqTMK/02_template_guided_docking/complexes/AqTMK_116_complex.pdb,results/AqTMK/05_plip_interaction_graphs/plip_outputs/AqTMK_116/report.xml,hydrogen_bonds,O4,THR15A,1583,hydrogen_bonds,hydrogen_bond,ATP:B:1:O4,O4,ATP,B,1
AqTMK_116,/home/wms/AF2-test/AF2-CatGraph/results/AqTMK/02_template_guided_docking/complexes/AqTMK_116_complex.pdb,results/AqTMK/05_plip_interaction_graphs/plip_outputs/AqTMK_116/report.xml,salt_bridges,P2,LYS13A,1585,salt_bridges,salt_bridge,ATP:B:1:P2,P2,ATP,B,1
AqTMK_116,/home/wms/AF2-test/AF2-CatGraph/results/AqTMK/02_template_guided_docking/complexes/AqTMK_116_complex.pdb,results/AqTMK/05_plip_interaction_graphs/plip_outputs/AqTMK_116/report.xml,salt_bridges,P3,LYS13A,1589,salt_bridges,salt_bridge,ATP:B:1:P3,P3,ATP,B,1
AqTMK_116,/home/wms/AF2-test/AF2-CatGraph/results/AqTMK/02_template_guided_docking/complexes/AqTMK_116_complex.pdb,results/AqTMK/05_plip_interaction_graphs/plip_outputs/AqTMK_116/report.xml,salt_bridges,P3,ARG90A,1589,salt_bridges,salt_bridge,ATP:B:1:P3,P3,ATP,B,1
AqTMK_116,/home/wms/AF2-test/AF2-CatGraph/results/AqTMK/02_template_guided_docking/complexes/AqTMK_116_complex.pdb,results/AqTMK/05_plip_interaction_graphs/plip_outputs/AqTMK_116/report.xml,metal_complexes,MG,THR14A,1599,metal_complexes,metal_complex,MG:B:203:MG,MG,MG,B,203
AqTMK_116,/home/wms/AF2-test/AF2-CatGraph/results/AqTMK/02_template_guided_docking/complexes/AqTMK_116_complex.pdb,results/AqTMK/05_plip_interaction_graphs/plip_outputs/AqTMK_116/report.xml,salt_bridges,P4,ARG47A,1595,salt_bridges,salt_bridge,TMP:C:1:P4,P4,TMP,C,1
AqTMK_116,/home/wms/AF2-test/AF2-CatGraph/results/AqTMK/02_template_guided_docking/complexes/AqTMK_116_complex.pdb,results/AqTMK/05_plip_interaction_graphs/plip_outputs/AqTMK_116/report.xml,salt_bridges,P4,ARG90A,1595,salt_bridges,salt_bridge,TMP:C:1:P4,P4,TMP,C,1
AqTMK_117,/home/wms/AF2-test/AF2-CatGraph/results/AqTMK/02_template_guided_docking/complexes/AqTMK_117_complex.pdb,results/AqTMK/05_plip_interaction_graphs/plip_outputs/AqTMK_117/report.xml,hydrogen_bonds,O10,ASP9A,1591,hydrogen_bonds,hydrogen_bond,ATP:B:1:O10,O10,ATP,B,1
AqTMK_117,/home/wms/AF2-test/AF2-CatGraph/results/AqTMK/02_template_guided_docking/complexes/AqTMK_117_complex.pdb,results/AqTMK/05_plip_interaction_graphs/plip_outputs/AqTMK_117/report.xml,hydrogen_bonds,O8,GLY10A,1588,hydrogen_bonds,hydrogen_bond,ATP:B:1:O8,O8,ATP,B,1
AqTMK_117,/home/wms/AF2-test/AF2-CatGraph/results/AqTMK/02_template_guided_docking/complexes/AqTMK_117_complex.pdb,results/AqTMK/05_plip_interaction_graphs/plip_outputs/AqTMK_117/report.xml,hydrogen_bonds,O7,SER11A,1587,hydrogen_bonds,hydrogen_bond,ATP:B:1:O7,O7,ATP,B,1
AqTMK_117,/home/wms/AF2-test/AF2-CatGraph/results/AqTMK/02_template_guided_docking/complexes/AqTMK_117_complex.pdb,results/AqTMK/05_plip_interaction_graphs/plip_outputs/AqTMK_117/report.xml,hydrogen_bonds,O7,GLY12A,1587,hydrogen_bonds,hydrogen_bond,ATP:B:1:O7,O7,ATP,B,1
AqTMK_117,/home/wms/AF2-test/AF2-CatGraph/results/AqTMK/02_template_guided_docking/complexes/AqTMK_117_complex.pdb,results/AqTMK/05_plip_interaction_graphs/plip_outputs/AqTMK_117/report.xml,hydrogen_bonds,O7,LYS13A,1587,hydrogen_bonds,hydrogen_bond,ATP:B:1:O7,O7,ATP,B,1
AqTMK_117,/home/wms/AF2-test/AF2-CatGraph/results/AqTMK/02_template_guided_docking/complexes/AqTMK_117_complex.pdb,results/AqTMK/05_plip_interaction_graphs/plip_outputs/AqTMK_117/report.xml,hydrogen_bonds,O6,THR14A,1586,hydrogen_bonds,hydrogen_bond,ATP:B:1:O6,O6,ATP,B,1
AqTMK_117,/home/wms/AF2-test/AF2-CatGraph/results/AqTMK/02_template_guided_docking/complexes/AqTMK_117_complex.pdb,results/AqTMK/05_plip_interaction_graphs/plip_outputs/AqTMK_117/report.xml,hydrogen_bonds,O2,THR15A,1580,hydrogen_bonds,hydrogen_bond,ATP:B:1:O2,O2,ATP,B,1
AqTMK_117,/home/wms/AF2-test/AF2-CatGraph/results/AqTMK/02_template_guided_docking/complexes/AqTMK_117_complex.pdb,results/AqTMK/05_plip_interaction_graphs/plip_outputs/AqTMK_117/report.xml,hydrogen_bonds,O4,THR15A,1583,hydrogen_bonds,hydrogen_bond,ATP:B:1:O4,O4,ATP,B,1
AqTMK_117,/home/wms/AF2-test/AF2-CatGraph/results/AqTMK/02_template_guided_docking/complexes/AqTMK_117_complex.pdb,results/AqTMK/05_plip_interaction_graphs/plip_outputs/AqTMK_117/report.xml,hydrogen_bonds,O4,THR15A,1583,hydrogen_bonds,hydrogen_bond,ATP:B:1:O4,O4,ATP,B,1
AqTMK_117,/home/wms/AF2-test/AF2-CatGraph/results/AqTMK/02_template_guided_docking/complexes/AqTMK_117_complex.pdb,results/AqTMK/05_plip_interaction_graphs/plip_outputs/AqTMK_117/report.xml,salt_bridges,P2,LYS13A,1585,salt_bridges,salt_bridge,ATP:B:1:P2,P2,ATP,B,1
AqTMK_117,/home/wms/AF2-test/AF2-CatGraph/results/AqTMK/02_template_guided_docking/complexes/AqTMK_117_complex.pdb,results/AqTMK/05_plip_interaction_graphs/plip_outputs/AqTMK_117/report.xml,salt_bridges,P3,LYS13A,1589,salt_bridges,salt_bridge,ATP:B:1:P3,P3,ATP,B,1
AqTMK_117,/home/wms/AF2-test/AF2-CatGraph/results/AqTMK/02_template_guided_docking/complexes/AqTMK_117_complex.pdb,results/AqTMK/05_plip_interaction_graphs/plip_outputs/AqTMK_117/report.xml,salt_bridges,P3,ARG90A,1589,salt_bridges,salt_bridge,ATP:B:1:P3,P3,ATP,B,1
AqTMK_117,/home/wms/AF2-test/AF2-CatGraph/results/AqTMK/02_template_guided_docking/complexes/AqTMK_117_complex.pdb,results/AqTMK/05_plip_interaction_graphs/plip_outputs/AqTMK_117/report.xml,metal_complexes,MG,THR14A,1599,metal_complexes,metal_complex,MG:B:203:MG,MG,MG,B,203
AqTMK_117,/home/wms/AF2-test/AF2-CatGraph/results/AqTMK/02_template_guided_docking/complexes/AqTMK_117_complex.pdb,results/AqTMK/05_plip_interaction_graphs/plip_outputs/AqTMK_117/report.xml,salt_bridges,P4,ARG47A,1595,salt_bridges,salt_bridge,TMP:C:1:P4,P4,TMP,C,1
AqTMK_117,/home/wms/AF2-test/AF2-CatGraph/results/AqTMK/02_template_guided_docking/complexes/AqTMK_117_complex.pdb,results/AqTMK/05_plip_interaction_graphs/plip_outputs/AqTMK_117/report.xml,salt_bridges,P4,ARG90A,1595,salt_bridges,salt_bridge,TMP:C:1:P4,P4,TMP,C,1
AqTMK_118,/home/wms/AF2-test/AF2-CatGraph/results/AqTMK/02_template_guided_docking/complexes/AqTMK_118_complex.pdb,results/AqTMK/05_plip_interaction_graphs/plip_outputs/AqTMK_118/report.xml,hydrogen_bonds,O10,ASP9A,1591,hydrogen_bonds,hydrogen_bond,ATP:B:1:O10,O10,ATP,B,1
AqTMK_118,/home/wms/AF2-test/AF2-CatGraph/results/AqTMK/02_template_guided_docking/complexes/AqTMK_118_complex.pdb,results/AqTMK/05_plip_interaction_graphs/plip_outputs/AqTMK_118/report.xml,hydrogen_bonds,O8,GLY10A,1588,hydrogen_bonds,hydrogen_bond,ATP:B:1:O8,O8,ATP,B,1
AqTMK_118,/home/wms/AF2-test/AF2-CatGraph/results/AqTMK/02_template_guided_docking/complexes/AqTMK_118_complex.pdb,results/AqTMK/05_plip_interaction_graphs/plip_outputs/AqTMK_118/report.xml,hydrogen_bonds,O7,SER11A,1587,hydrogen_bonds,hydrogen_bond,ATP:B:1:O7,O7,ATP,B,1
AqTMK_118,/home/wms/AF2-test/AF2-CatGraph/results/AqTMK/02_template_guided_docking/complexes/AqTMK_118_complex.pdb,results/AqTMK/05_plip_interaction_graphs/plip_outputs/AqTMK_118/report.xml,hydrogen_bonds,O7,GLY12A,1587,hydrogen_bonds,hydrogen_bond,ATP:B:1:O7,O7,ATP,B,1
AqTMK_118,/home/wms/AF2-test/AF2-CatGraph/results/AqTMK/02_template_guided_docking/complexes/AqTMK_118_complex.pdb,results/AqTMK/05_plip_interaction_graphs/plip_outputs/AqTMK_118/report.xml,hydrogen_bonds,O7,LYS13A,1587,hydrogen_bonds,hydrogen_bond,ATP:B:1:O7,O7,ATP,B,1
AqTMK_118,/home/wms/AF2-test/AF2-CatGraph/results/AqTMK/02_template_guided_docking/complexes/AqTMK_118_complex.pdb,results/AqTMK/05_plip_interaction_graphs/plip_outputs/AqTMK_118/report.xml,hydrogen_bonds,O6,THR14A,1586,hydrogen_bonds,hydrogen_bond,ATP:B:1:O6,O6,ATP,B,1
AqTMK_118,/home/wms/AF2-test/AF2-CatGraph/results/AqTMK/02_template_guided_docking/complexes/AqTMK_118_complex.pdb,results/AqTMK/05_plip_interaction_graphs/plip_outputs/AqTMK_118/report.xml,hydrogen_bonds,O2,THR15A,1580,hydrogen_bonds,hydrogen_bond,ATP:B:1:O2,O2,ATP,B,1
AqTMK_118,/home/wms/AF2-test/AF2-CatGraph/results/AqTMK/02_template_guided_docking/complexes/AqTMK_118_complex.pdb,results/AqTMK/05_plip_interaction_graphs/plip_outputs/AqTMK_118/report.xml,hydrogen_bonds,O4,THR15A,1583,hydrogen_bonds,hydrogen_bond,ATP:B:1:O4,O4,ATP,B,1
AqTMK_118,/home/wms/AF2-test/AF2-CatGraph/results/AqTMK/02_template_guided_docking/complexes/AqTMK_118_complex.pdb,results/AqTMK/05_plip_interaction_graphs/plip_outputs/AqTMK_118/report.xml,hydrogen_bonds,O4,THR15A,1583,hydrogen_bonds,hydrogen_bond,ATP:B:1:O4,O4,ATP,B,1
AqTMK_118,/home/wms/AF2-test/AF2-CatGraph/results/AqTMK/02_template_guided_docking/complexes/AqTMK_118_complex.pdb,results/AqTMK/05_plip_interaction_graphs/plip_outputs/AqTMK_118/report.xml,salt_bridges,P2,LYS13A,1585,salt_bridges,salt_bridge,ATP:B:1:P2,P2,ATP,B,1
AqTMK_118,/home/wms/AF2-test/AF2-CatGraph/results/AqTMK/02_template_guided_docking/complexes/AqTMK_118_complex.pdb,results/AqTMK/05_plip_interaction_graphs/plip_outputs/AqTMK_118/report.xml,salt_bridges,P3,LYS13A,1589,salt_bridges,salt_bridge,ATP:B:1:P3,P3,ATP,B,1
AqTMK_118,/home/wms/AF2-test/AF2-CatGraph/results/AqTMK/02_template_guided_docking/complexes/AqTMK_118_complex.pdb,results/AqTMK/05_plip_interaction_graphs/plip_outputs/AqTMK_118/report.xml,salt_bridges,P3,ARG90A,1589,salt_bridges,salt_bridge,ATP:B:1:P3,P3,ATP,B,1
AqTMK_118,/home/wms/AF2-test/AF2-CatGraph/results/AqTMK/02_template_guided_docking/complexes/AqTMK_118_complex.pdb,results/AqTMK/05_plip_interaction_graphs/plip_outputs/AqTMK_118/report.xml,metal_complexes,MG,THR14A,1599,metal_complexes,metal_complex,MG:B:203:MG,MG,MG,B,203
AqTMK_118,/home/wms/AF2-test/AF2-CatGraph/results/AqTMK/02_template_guided_docking/complexes/AqTMK_118_complex.pdb,results/AqTMK/05_plip_interaction_graphs/plip_outputs/AqTMK_118/report.xml,hydrogen_bonds,O14,ARG47A,1597,hydrogen_bonds,hydrogen_bond,TMP:C:1:O14,O14,TMP,C,1
AqTMK_118,/home/wms/AF2-test/AF2-CatGraph/results/AqTMK/02_template_guided_docking/complexes/AqTMK_118_complex.pdb,results/AqTMK/05_plip_interaction_graphs/plip_outputs/AqTMK_118/report.xml,salt_bridges,P4,ARG90A,1595,salt_bridges,salt_bridge,TMP:C:1:P4,P4,TMP,C,1
AqTMK_119,/home/wms/AF2-test/AF2-CatGraph/results/AqTMK/02_template_guided_docking/complexes/AqTMK_119_complex.pdb,results/AqTMK/05_plip_interaction_graphs/plip_outputs/AqTMK_119/report.xml,hydrogen_bonds,O10,ASP9A,1591,hydrogen_bonds,hydrogen_bond,ATP:B:1:O10,O10,ATP,B,1
AqTMK_119,/home/wms/AF2-test/AF2-CatGraph/results/AqTMK/02_template_guided_docking/complexes/AqTMK_119_complex.pdb,results/AqTMK/05_plip_interaction_graphs/plip_outputs/AqTMK_119/report.xml,hydrogen_bonds,O8,GLY10A,1588,hydrogen_bonds,hydrogen_bond,ATP:B:1:O8,O8,ATP,B,1
AqTMK_119,/home/wms/AF2-test/AF2-CatGraph/results/AqTMK/02_template_guided_docking/complexes/AqTMK_119_complex.pdb,results/AqTMK/05_plip_interaction_graphs/plip_outputs/AqTMK_119/report.xml,hydrogen_bonds,O7,SER11A,1587,hydrogen_bonds,hydrogen_bond,ATP:B:1:O7,O7,ATP,B,1
AqTMK_119,/home/wms/AF2-test/AF2-CatGraph/results/AqTMK/02_template_guided_docking/complexes/AqTMK_119_complex.pdb,results/AqTMK/05_plip_interaction_graphs/plip_outputs/AqTMK_119/report.xml,hydrogen_bonds,O7,GLY12A,1587,hydrogen_bonds,hydrogen_bond,ATP:B:1:O7,O7,ATP,B,1
AqTMK_119,/home/wms/AF2-test/AF2-CatGraph/results/AqTMK/02_template_guided_docking/complexes/AqTMK_119_complex.pdb,results/AqTMK/05_plip_interaction_graphs/plip_outputs/AqTMK_119/report.xml,hydrogen_bonds,O7,LYS13A,1587,hydrogen_bonds,hydrogen_bond,ATP:B:1:O7,O7,ATP,B,1
AqTMK_119,/home/wms/AF2-test/AF2-CatGraph/results/AqTMK/02_template_guided_docking/complexes/AqTMK_119_complex.pdb,results/AqTMK/05_plip_interaction_graphs/plip_outputs/AqTMK_119/report.xml,hydrogen_bonds,O6,THR14A,1586,hydrogen_bonds,hydrogen_bond,ATP:B:1:O6,O6,ATP,B,1
AqTMK_119,/home/wms/AF2-test/AF2-CatGraph/results/AqTMK/02_template_guided_docking/complexes/AqTMK_119_complex.pdb,results/AqTMK/05_plip_interaction_graphs/plip_outputs/AqTMK_119/report.xml,hydrogen_bonds,O4,THR15A,1583,hydrogen_bonds,hydrogen_bond,ATP:B:1:O4,O4,ATP,B,1
AqTMK_119,/home/wms/AF2-test/AF2-CatGraph/results/AqTMK/02_template_guided_docking/complexes/AqTMK_119_complex.pdb,results/AqTMK/05_plip_interaction_graphs/plip_outputs/AqTMK_119/report.xml,hydrogen_bonds,O4,THR15A,1583,hydrogen_bonds,hydrogen_bond,ATP:B:1:O4,O4,ATP,B,1
AqTMK_119,/home/wms/AF2-test/AF2-CatGraph/results/AqTMK/02_template_guided_docking/complexes/AqTMK_119_complex.pdb,results/AqTMK/05_plip_interaction_graphs/plip_outputs/AqTMK_119/report.xml,salt_bridges,P2,LYS13A,1585,salt_bridges,salt_bridge,ATP:B:1:P2,P2,ATP,B,1
AqTMK_119,/home/wms/AF2-test/AF2-CatGraph/results/AqTMK/02_template_guided_docking/complexes/AqTMK_119_complex.pdb,results/AqTMK/05_plip_interaction_graphs/plip_outputs/AqTMK_119/report.xml,salt_bridges,P3,LYS13A,1589,salt_bridges,salt_bridge,ATP:B:1:P3,P3,ATP,B,1
AqTMK_119,/home/wms/AF2-test/AF2-CatGraph/results/AqTMK/02_template_guided_docking/complexes/AqTMK_119_complex.pdb,results/AqTMK/05_plip_interaction_graphs/plip_outputs/AqTMK_119/report.xml,salt_bridges,P3,ARG90A,1589,salt_bridges,salt_bridge,ATP:B:1:P3,P3,ATP,B,1
AqTMK_119,/home/wms/AF2-test/AF2-CatGraph/results/AqTMK/02_template_guided_docking/complexes/AqTMK_119_complex.pdb,results/AqTMK/05_plip_interaction_graphs/plip_outputs/AqTMK_119/report.xml,metal_complexes,MG,THR14A,1599,metal_complexes,metal_complex,MG:B:203:MG,MG,MG,B,203
AqTMK_119,/home/wms/AF2-test/AF2-CatGraph/results/AqTMK/02_template_guided_docking/complexes/AqTMK_119_complex.pdb,results/AqTMK/05_plip_interaction_graphs/plip_outputs/AqTMK_119/report.xml,salt_bridges,P4,ARG47A,1595,salt_bridges,salt_bridge,TMP:C:1:P4,P4,TMP,C,1
AqTMK_119,/home/wms/AF2-test/AF2-CatGraph/results/AqTMK/02_template_guided_docking/complexes/AqTMK_119_complex.pdb,results/AqTMK/05_plip_interaction_graphs/plip_outputs/AqTMK_119/report.xml,salt_bridges,P4,ARG90A,1595,salt_bridges,salt_bridge,TMP:C:1:P4,P4,TMP,C,1
AqTMK_120,/home/wms/AF2-test/AF2-CatGraph/results/AqTMK/02_template_guided_docking/complexes/AqTMK_120_complex.pdb,results/AqTMK/05_plip_interaction_graphs/plip_outputs/AqTMK_120/report.xml,hydrogen_bonds,O10,ASP9A,1591,hydrogen_bonds,hydrogen_bond,ATP:B:1:O10,O10,ATP,B,1
AqTMK_120,/home/wms/AF2-test/AF2-CatGraph/results/AqTMK/02_template_guided_docking/complexes/AqTMK_120_complex.pdb,results/AqTMK/05_plip_interaction_graphs/plip_outputs/AqTMK_120/report.xml,hydrogen_bonds,O8,GLY10A,1588,hydrogen_bonds,hydrogen_bond,ATP:B:1:O8,O8,ATP,B,1
AqTMK_120,/home/wms/AF2-test/AF2-CatGraph/results/AqTMK/02_template_guided_docking/complexes/AqTMK_120_complex.pdb,results/AqTMK/05_plip_interaction_graphs/plip_outputs/AqTMK_120/report.xml,hydrogen_bonds,O7,SER11A,1587,hydrogen_bonds,hydrogen_bond,ATP:B:1:O7,O7,ATP,B,1
AqTMK_120,/home/wms/AF2-test/AF2-CatGraph/results/AqTMK/02_template_guided_docking/complexes/AqTMK_120_complex.pdb,results/AqTMK/05_plip_interaction_graphs/plip_outputs/AqTMK_120/report.xml,hydrogen_bonds,O7,GLY12A,1587,hydrogen_bonds,hydrogen_bond,ATP:B:1:O7,O7,ATP,B,1
AqTMK_120,/home/wms/AF2-test/AF2-CatGraph/results/AqTMK/02_template_guided_docking/complexes/AqTMK_120_complex.pdb,results/AqTMK/05_plip_interaction_graphs/plip_outputs/AqTMK_120/report.xml,hydrogen_bonds,O7,LYS13A,1587,hydrogen_bonds,hydrogen_bond,ATP:B:1:O7,O7,ATP,B,1
AqTMK_120,/home/wms/AF2-test/AF2-CatGraph/results/AqTMK/02_template_guided_docking/complexes/AqTMK_120_complex.pdb,results/AqTMK/05_plip_interaction_graphs/plip_outputs/AqTMK_120/report.xml,hydrogen_bonds,O7,THR14A,1587,hydrogen_bonds,hydrogen_bond,ATP:B:1:O7,O7,ATP,B,1
AqTMK_120,/home/wms/AF2-test/AF2-CatGraph/results/AqTMK/02_template_guided_docking/complexes/AqTMK_120_complex.pdb,results/AqTMK/05_plip_interaction_graphs/plip_outputs/AqTMK_120/report.xml,hydrogen_bonds,O11,THR14A,1592,hydrogen_bonds,hydrogen_bond,ATP:B:1:O11,O11,ATP,B,1
AqTMK_120,/home/wms/AF2-test/AF2-CatGraph/results/AqTMK/02_template_guided_docking/complexes/AqTMK_120_complex.pdb,results/AqTMK/05_plip_interaction_graphs/plip_outputs/AqTMK_120/report.xml,hydrogen_bonds,O2,THR15A,1580,hydrogen_bonds,hydrogen_bond,ATP:B:1:O2,O2,ATP,B,1
AqTMK_120,/home/wms/AF2-test/AF2-CatGraph/results/AqTMK/02_template_guided_docking/complexes/AqTMK_120_complex.pdb,results/AqTMK/05_plip_interaction_graphs/plip_outputs/AqTMK_120/report.xml,hydrogen_bonds,O4,THR15A,1583,hydrogen_bonds,hydrogen_bond,ATP:B:1:O4,O4,ATP,B,1
AqTMK_120,/home/wms/AF2-test/AF2-CatGraph/results/AqTMK/02_template_guided_docking/complexes/AqTMK_120_complex.pdb,results/AqTMK/05_plip_interaction_graphs/plip_outputs/AqTMK_120/report.xml,hydrogen_bonds,O4,THR15A,1583,hydrogen_bonds,hydrogen_bond,ATP:B:1:O4,O4,ATP,B,1
AqTMK_120,/home/wms/AF2-test/AF2-CatGraph/results/AqTMK/02_template_guided_docking/complexes/AqTMK_120_complex.pdb,results/AqTMK/05_plip_interaction_graphs/plip_outputs/AqTMK_120/report.xml,salt_bridges,P2,LYS13A,1585,salt_bridges,salt_bridge,ATP:B:1:P2,P2,ATP,B,1
AqTMK_120,/home/wms/AF2-test/AF2-CatGraph/results/AqTMK/02_template_guided_docking/complexes/AqTMK_120_complex.pdb,results/AqTMK/05_plip_interaction_graphs/plip_outputs/AqTMK_120/report.xml,salt_bridges,P3,LYS13A,1589,salt_bridges,salt_bridge,ATP:B:1:P3,P3,ATP,B,1
AqTMK_120,/home/wms/AF2-test/AF2-CatGraph/results/AqTMK/02_template_guided_docking/complexes/AqTMK_120_complex.pdb,results/AqTMK/05_plip_interaction_graphs/plip_outputs/AqTMK_120/report.xml,salt_bridges,P3,ARG90A,1589,salt_bridges,salt_bridge,ATP:B:1:P3,P3,ATP,B,1
AqTMK_120,/home/wms/AF2-test/AF2-CatGraph/results/AqTMK/02_template_guided_docking/complexes/AqTMK_120_complex.pdb,results/AqTMK/05_plip_interaction_graphs/plip_outputs/AqTMK_120/report.xml,metal_complexes,MG,THR14A,1599,metal_complexes,metal_complex,MG:B:203:MG,MG,MG,B,203
AqTMK_120,/home/wms/AF2-test/AF2-CatGraph/results/AqTMK/02_template_guided_docking/complexes/AqTMK_120_complex.pdb,results/AqTMK/05_plip_interaction_graphs/plip_outputs/AqTMK_120/report.xml,salt_bridges,P4,ARG47A,1595,salt_bridges,salt_bridge,TMP:C:1:P4,P4,TMP,C,1
AqTMK_120,/home/wms/AF2-test/AF2-CatGraph/results/AqTMK/02_template_guided_docking/complexes/AqTMK_120_complex.pdb,results/AqTMK/05_plip_interaction_graphs/plip_outputs/AqTMK_120/report.xml,salt_bridges,P4,ARG90A,1595,salt_bridges,salt_bridge,TMP:C:1:P4,P4,TMP,C,1
AqTMK_121,/home/wms/AF2-test/AF2-CatGraph/results/AqTMK/02_template_guided_docking/complexes/AqTMK_121_complex.pdb,results/AqTMK/05_plip_interaction_graphs/plip_outputs/AqTMK_121/report.xml,hydrogen_bonds,O10,ASP9A,1591,hydrogen_bonds,hydrogen_bond,ATP:B:1:O10,O10,ATP,B,1
AqTMK_121,/home/wms/AF2-test/AF2-CatGraph/results/AqTMK/02_template_guided_docking/complexes/AqTMK_121_complex.pdb,results/AqTMK/05_plip_interaction_graphs/plip_outputs/AqTMK_121/report.xml,hydrogen_bonds,O8,GLY10A,1588,hydrogen_bonds,hydrogen_bond,ATP:B:1:O8,O8,ATP,B,1
AqTMK_121,/home/wms/AF2-test/AF2-CatGraph/results/AqTMK/02_template_guided_docking/complexes/AqTMK_121_complex.pdb,results/AqTMK/05_plip_interaction_graphs/plip_outputs/AqTMK_121/report.xml,hydrogen_bonds,O7,SER11A,1587,hydrogen_bonds,hydrogen_bond,ATP:B:1:O7,O7,ATP,B,1
AqTMK_121,/home/wms/AF2-test/AF2-CatGraph/results/AqTMK/02_template_guided_docking/complexes/AqTMK_121_complex.pdb,results/AqTMK/05_plip_interaction_graphs/plip_outputs/AqTMK_121/report.xml,hydrogen_bonds,O7,GLY12A,1587,hydrogen_bonds,hydrogen_bond,ATP:B:1:O7,O7,ATP,B,1
AqTMK_121,/home/wms/AF2-test/AF2-CatGraph/results/AqTMK/02_template_guided_docking/complexes/AqTMK_121_complex.pdb,results/AqTMK/05_plip_interaction_graphs/plip_outputs/AqTMK_121/report.xml,hydrogen_bonds,O7,LYS13A,1587,hydrogen_bonds,hydrogen_bond,ATP:B:1:O7,O7,ATP,B,1
AqTMK_121,/home/wms/AF2-test/AF2-CatGraph/results/AqTMK/02_template_guided_docking/complexes/AqTMK_121_complex.pdb,results/AqTMK/05_plip_interaction_graphs/plip_outputs/AqTMK_121/report.xml,hydrogen_bonds,O6,THR14A,1586,hydrogen_bonds,hydrogen_bond,ATP:B:1:O6,O6,ATP,B,1
AqTMK_121,/home/wms/AF2-test/AF2-CatGraph/results/AqTMK/02_template_guided_docking/complexes/AqTMK_121_complex.pdb,results/AqTMK/05_plip_interaction_graphs/plip_outputs/AqTMK_121/report.xml,hydrogen_bonds,O4,THR15A,1583,hydrogen_bonds,hydrogen_bond,ATP:B:1:O4,O4,ATP,B,1
AqTMK_121,/home/wms/AF2-test/AF2-CatGraph/results/AqTMK/02_template_guided_docking/complexes/AqTMK_121_complex.pdb,results/AqTMK/05_plip_interaction_graphs/plip_outputs/AqTMK_121/report.xml,hydrogen_bonds,O4,THR15A,1583,hydrogen_bonds,hydrogen_bond,ATP:B:1:O4,O4,ATP,B,1
AqTMK_121,/home/wms/AF2-test/AF2-CatGraph/results/AqTMK/02_template_guided_docking/complexes/AqTMK_121_complex.pdb,results/AqTMK/05_plip_interaction_graphs/plip_outputs/AqTMK_121/report.xml,salt_bridges,P2,LYS13A,1585,salt_bridges,salt_bridge,ATP:B:1:P2,P2,ATP,B,1
AqTMK_121,/home/wms/AF2-test/AF2-CatGraph/results/AqTMK/02_template_guided_docking/complexes/AqTMK_121_complex.pdb,results/AqTMK/05_plip_interaction_graphs/plip_outputs/AqTMK_121/report.xml,salt_bridges,P3,LYS13A,1589,salt_bridges,salt_bridge,ATP:B:1:P3,P3,ATP,B,1
AqTMK_121,/home/wms/AF2-test/AF2-CatGraph/results/AqTMK/02_template_guided_docking/complexes/AqTMK_121_complex.pdb,results/AqTMK/05_plip_interaction_graphs/plip_outputs/AqTMK_121/report.xml,salt_bridges,P3,ARG90A,1589,salt_bridges,salt_bridge,ATP:B:1:P3,P3,ATP,B,1
AqTMK_121,/home/wms/AF2-test/AF2-CatGraph/results/AqTMK/02_template_guided_docking/complexes/AqTMK_121_complex.pdb,results/AqTMK/05_plip_interaction_graphs/plip_outputs/AqTMK_121/report.xml,salt_bridges,P4,ARG90A,1595,salt_bridges,salt_bridge,TMP:C:1:P4,P4,TMP,C,1
AqTMK_122,/home/wms/AF2-test/AF2-CatGraph/results/AqTMK/02_template_guided_docking/complexes/AqTMK_122_complex.pdb,results/AqTMK/05_plip_interaction_graphs/plip_outputs/AqTMK_122/report.xml,hydrogen_bonds,O8,GLY10A,1588,hydrogen_bonds,hydrogen_bond,ATP:B:1:O8,O8,ATP,B,1
AqTMK_122,/home/wms/AF2-test/AF2-CatGraph/results/AqTMK/02_template_guided_docking/complexes/AqTMK_122_complex.pdb,results/AqTMK/05_plip_interaction_graphs/plip_outputs/AqTMK_122/report.xml,hydrogen_bonds,O7,SER11A,1587,hydrogen_bonds,hydrogen_bond,ATP:B:1:O7,O7,ATP,B,1
AqTMK_122,/home/wms/AF2-test/AF2-CatGraph/results/AqTMK/02_template_guided_docking/complexes/AqTMK_122_complex.pdb,results/AqTMK/05_plip_interaction_graphs/plip_outputs/AqTMK_122/report.xml,hydrogen_bonds,O7,GLY12A,1587,hydrogen_bonds,hydrogen_bond,ATP:B:1:O7,O7,ATP,B,1
AqTMK_122,/home/wms/AF2-test/AF2-CatGraph/results/AqTMK/02_template_guided_docking/complexes/AqTMK_122_complex.pdb,results/AqTMK/05_plip_interaction_graphs/plip_outputs/AqTMK_122/report.xml,hydrogen_bonds,O7,LYS13A,1587,hydrogen_bonds,hydrogen_bond,ATP:B:1:O7,O7,ATP,B,1
AqTMK_122,/home/wms/AF2-test/AF2-CatGraph/results/AqTMK/02_template_guided_docking/complexes/AqTMK_122_complex.pdb,results/AqTMK/05_plip_interaction_graphs/plip_outputs/AqTMK_122/report.xml,hydrogen_bonds,O6,THR14A,1586,hydrogen_bonds,hydrogen_bond,ATP:B:1:O6,O6,ATP,B,1
AqTMK_122,/home/wms/AF2-test/AF2-CatGraph/results/AqTMK/02_template_guided_docking/complexes/AqTMK_122_complex.pdb,results/AqTMK/05_plip_interaction_graphs/plip_outputs/AqTMK_122/report.xml,hydrogen_bonds,O2,THR15A,1580,hydrogen_bonds,hydrogen_bond,ATP:B:1:O2,O2,ATP,B,1
AqTMK_122,/home/wms/AF2-test/AF2-CatGraph/results/AqTMK/02_template_guided_docking/complexes/AqTMK_122_complex.pdb,results/AqTMK/05_plip_interaction_graphs/plip_outputs/AqTMK_122/report.xml,hydrogen_bonds,O4,THR15A,1583,hydrogen_bonds,hydrogen_bond,ATP:B:1:O4,O4,ATP,B,1
AqTMK_122,/home/wms/AF2-test/AF2-CatGraph/results/AqTMK/02_template_guided_docking/complexes/AqTMK_122_complex.pdb,results/AqTMK/05_plip_interaction_graphs/plip_outputs/AqTMK_122/report.xml,hydrogen_bonds,O4,THR15A,1583,hydrogen_bonds,hydrogen_bond,ATP:B:1:O4,O4,ATP,B,1
AqTMK_122,/home/wms/AF2-test/AF2-CatGraph/results/AqTMK/02_template_guided_docking/complexes/AqTMK_122_complex.pdb,results/AqTMK/05_plip_interaction_graphs/plip_outputs/AqTMK_122/report.xml,salt_bridges,P2,LYS13A,1585,salt_bridges,salt_bridge,ATP:B:1:P2,P2,ATP,B,1
AqTMK_122,/home/wms/AF2-test/AF2-CatGraph/results/AqTMK/02_template_guided_docking/complexes/AqTMK_122_complex.pdb,results/AqTMK/05_plip_interaction_graphs/plip_outputs/AqTMK_122/report.xml,salt_bridges,P3,LYS13A,1589,salt_bridges,salt_bridge,ATP:B:1:P3,P3,ATP,B,1
AqTMK_122,/home/wms/AF2-test/AF2-CatGraph/results/AqTMK/02_template_guided_docking/complexes/AqTMK_122_complex.pdb,results/AqTMK/05_plip_interaction_graphs/plip_outputs/AqTMK_122/report.xml,salt_bridges,P3,ARG90A,1589,salt_bridges,salt_bridge,ATP:B:1:P3,P3,ATP,B,1
AqTMK_122,/home/wms/AF2-test/AF2-CatGraph/results/AqTMK/02_template_guided_docking/complexes/AqTMK_122_complex.pdb,results/AqTMK/05_plip_interaction_graphs/plip_outputs/AqTMK_122/report.xml,metal_complexes,MG,THR14A,1599,metal_complexes,metal_complex,MG:B:203:MG,MG,MG,B,203
AqTMK_122,/home/wms/AF2-test/AF2-CatGraph/results/AqTMK/02_template_guided_docking/complexes/AqTMK_122_complex.pdb,results/AqTMK/05_plip_interaction_graphs/plip_outputs/AqTMK_122/report.xml,salt_bridges,P4,ARG47A,1595,salt_bridges,salt_bridge,TMP:C:1:P4,P4,TMP,C,1
AqTMK_122,/home/wms/AF2-test/AF2-CatGraph/results/AqTMK/02_template_guided_docking/complexes/AqTMK_122_complex.pdb,results/AqTMK/05_plip_interaction_graphs/plip_outputs/AqTMK_122/report.xml,salt_bridges,P4,ARG90A,1595,salt_bridges,salt_bridge,TMP:C:1:P4,P4,TMP,C,1
AqTMK_123,/home/wms/AF2-test/AF2-CatGraph/results/AqTMK/02_template_guided_docking/complexes/AqTMK_123_complex.pdb,results/AqTMK/05_plip_interaction_graphs/plip_outputs/AqTMK_123/report.xml,hydrogen_bonds,O10,ASP9A,1591,hydrogen_bonds,hydrogen_bond,ATP:B:1:O10,O10,ATP,B,1
AqTMK_123,/home/wms/AF2-test/AF2-CatGraph/results/AqTMK/02_template_guided_docking/complexes/AqTMK_123_complex.pdb,results/AqTMK/05_plip_interaction_graphs/plip_outputs/AqTMK_123/report.xml,hydrogen_bonds,O8,GLY10A,1588,hydrogen_bonds,hydrogen_bond,ATP:B:1:O8,O8,ATP,B,1
AqTMK_123,/home/wms/AF2-test/AF2-CatGraph/results/AqTMK/02_template_guided_docking/complexes/AqTMK_123_complex.pdb,results/AqTMK/05_plip_interaction_graphs/plip_outputs/AqTMK_123/report.xml,hydrogen_bonds,O7,SER11A,1587,hydrogen_bonds,hydrogen_bond,ATP:B:1:O7,O7,ATP,B,1
AqTMK_123,/home/wms/AF2-test/AF2-CatGraph/results/AqTMK/02_template_guided_docking/complexes/AqTMK_123_complex.pdb,results/AqTMK/05_plip_interaction_graphs/plip_outputs/AqTMK_123/report.xml,hydrogen_bonds,O7,GLY12A,1587,hydrogen_bonds,hydrogen_bond,ATP:B:1:O7,O7,ATP,B,1
AqTMK_123,/home/wms/AF2-test/AF2-CatGraph/results/AqTMK/02_template_guided_docking/complexes/AqTMK_123_complex.pdb,results/AqTMK/05_plip_interaction_graphs/plip_outputs/AqTMK_123/report.xml,hydrogen_bonds,O7,LYS13A,1587,hydrogen_bonds,hydrogen_bond,ATP:B:1:O7,O7,ATP,B,1
AqTMK_123,/home/wms/AF2-test/AF2-CatGraph/results/AqTMK/02_template_guided_docking/complexes/AqTMK_123_complex.pdb,results/AqTMK/05_plip_interaction_graphs/plip_outputs/AqTMK_123/report.xml,hydrogen_bonds,O6,THR14A,1586,hydrogen_bonds,hydrogen_bond,ATP:B:1:O6,O6,ATP,B,1
AqTMK_123,/home/wms/AF2-test/AF2-CatGraph/results/AqTMK/02_template_guided_docking/complexes/AqTMK_123_complex.pdb,results/AqTMK/05_plip_interaction_graphs/plip_outputs/AqTMK_123/report.xml,hydrogen_bonds,O4,THR15A,1583,hydrogen_bonds,hydrogen_bond,ATP:B:1:O4,O4,ATP,B,1
AqTMK_123,/home/wms/AF2-test/AF2-CatGraph/results/AqTMK/02_template_guided_docking/complexes/AqTMK_123_complex.pdb,results/AqTMK/05_plip_interaction_graphs/plip_outputs/AqTMK_123/report.xml,hydrogen_bonds,O4,THR15A,1583,hydrogen_bonds,hydrogen_bond,ATP:B:1:O4,O4,ATP,B,1
AqTMK_123,/home/wms/AF2-test/AF2-CatGraph/results/AqTMK/02_template_guided_docking/complexes/AqTMK_123_complex.pdb,results/AqTMK/05_plip_interaction_graphs/plip_outputs/AqTMK_123/report.xml,hydrogen_bonds,O10,ARG90A,1591,hydrogen_bonds,hydrogen_bond,ATP:B:1:O10,O10,ATP,B,1
AqTMK_123,/home/wms/AF2-test/AF2-CatGraph/results/AqTMK/02_template_guided_docking/complexes/AqTMK_123_complex.pdb,results/AqTMK/05_plip_interaction_graphs/plip_outputs/AqTMK_123/report.xml,salt_bridges,P2,LYS13A,1585,salt_bridges,salt_bridge,ATP:B:1:P2,P2,ATP,B,1
AqTMK_123,/home/wms/AF2-test/AF2-CatGraph/results/AqTMK/02_template_guided_docking/complexes/AqTMK_123_complex.pdb,results/AqTMK/05_plip_interaction_graphs/plip_outputs/AqTMK_123/report.xml,salt_bridges,P3,LYS13A,1589,salt_bridges,salt_bridge,ATP:B:1:P3,P3,ATP,B,1
AqTMK_123,/home/wms/AF2-test/AF2-CatGraph/results/AqTMK/02_template_guided_docking/complexes/AqTMK_123_complex.pdb,results/AqTMK/05_plip_interaction_graphs/plip_outputs/AqTMK_123/report.xml,metal_complexes,MG,THR14A,1599,metal_complexes,metal_complex,MG:B:203:MG,MG,MG,B,203
AqTMK_123,/home/wms/AF2-test/AF2-CatGraph/results/AqTMK/02_template_guided_docking/complexes/AqTMK_123_complex.pdb,results/AqTMK/05_plip_interaction_graphs/plip_outputs/AqTMK_123/report.xml,hydrogen_bonds,O14,ARG47A,1597,hydrogen_bonds,hydrogen_bond,TMP:C:1:O14,O14,TMP,C,1
AqTMK_123,/home/wms/AF2-test/AF2-CatGraph/results/AqTMK/02_template_guided_docking/complexes/AqTMK_123_complex.pdb,results/AqTMK/05_plip_interaction_graphs/plip_outputs/AqTMK_123/report.xml,salt_bridges,P4,ARG90A,1595,salt_bridges,salt_bridge,TMP:C:1:P4,P4,TMP,C,1
AqTMK_124,/home/wms/AF2-test/AF2-CatGraph/results/AqTMK/02_template_guided_docking/complexes/AqTMK_124_complex.pdb,results/AqTMK/05_plip_interaction_graphs/plip_outputs/AqTMK_124/report.xml,hydrogen_bonds,O10,ASP9A,1591,hydrogen_bonds,hydrogen_bond,ATP:B:1:O10,O10,ATP,B,1
AqTMK_124,/home/wms/AF2-test/AF2-CatGraph/results/AqTMK/02_template_guided_docking/complexes/AqTMK_124_complex.pdb,results/AqTMK/05_plip_interaction_graphs/plip_outputs/AqTMK_124/report.xml,hydrogen_bonds,O8,GLY10A,1588,hydrogen_bonds,hydrogen_bond,ATP:B:1:O8,O8,ATP,B,1
AqTMK_124,/home/wms/AF2-test/AF2-CatGraph/results/AqTMK/02_template_guided_docking/complexes/AqTMK_124_complex.pdb,results/AqTMK/05_plip_interaction_graphs/plip_outputs/AqTMK_124/report.xml,hydrogen_bonds,O7,SER11A,1587,hydrogen_bonds,hydrogen_bond,ATP:B:1:O7,O7,ATP,B,1
AqTMK_124,/home/wms/AF2-test/AF2-CatGraph/results/AqTMK/02_template_guided_docking/complexes/AqTMK_124_complex.pdb,results/AqTMK/05_plip_interaction_graphs/plip_outputs/AqTMK_124/report.xml,hydrogen_bonds,O7,GLY12A,1587,hydrogen_bonds,hydrogen_bond,ATP:B:1:O7,O7,ATP,B,1
AqTMK_124,/home/wms/AF2-test/AF2-CatGraph/results/AqTMK/02_template_guided_docking/complexes/AqTMK_124_complex.pdb,results/AqTMK/05_plip_interaction_graphs/plip_outputs/AqTMK_124/report.xml,hydrogen_bonds,O7,LYS13A,1587,hydrogen_bonds,hydrogen_bond,ATP:B:1:O7,O7,ATP,B,1
AqTMK_124,/home/wms/AF2-test/AF2-CatGraph/results/AqTMK/02_template_guided_docking/complexes/AqTMK_124_complex.pdb,results/AqTMK/05_plip_interaction_graphs/plip_outputs/AqTMK_124/report.xml,hydrogen_bonds,O6,THR14A,1586,hydrogen_bonds,hydrogen_bond,ATP:B:1:O6,O6,ATP,B,1
AqTMK_124,/home/wms/AF2-test/AF2-CatGraph/results/AqTMK/02_template_guided_docking/complexes/AqTMK_124_complex.pdb,results/AqTMK/05_plip_interaction_graphs/plip_outputs/AqTMK_124/report.xml,hydrogen_bonds,O4,THR15A,1583,hydrogen_bonds,hydrogen_bond,ATP:B:1:O4,O4,ATP,B,1
AqTMK_124,/home/wms/AF2-test/AF2-CatGraph/results/AqTMK/02_template_guided_docking/complexes/AqTMK_124_complex.pdb,results/AqTMK/05_plip_interaction_graphs/plip_outputs/AqTMK_124/report.xml,hydrogen_bonds,O4,THR15A,1583,hydrogen_bonds,hydrogen_bond,ATP:B:1:O4,O4,ATP,B,1
AqTMK_124,/home/wms/AF2-test/AF2-CatGraph/results/AqTMK/02_template_guided_docking/complexes/AqTMK_124_complex.pdb,results/AqTMK/05_plip_interaction_graphs/plip_outputs/AqTMK_124/report.xml,salt_bridges,P2,LYS13A,1585,salt_bridges,salt_bridge,ATP:B:1:P2,P2,ATP,B,1
AqTMK_124,/home/wms/AF2-test/AF2-CatGraph/results/AqTMK/02_template_guided_docking/complexes/AqTMK_124_complex.pdb,results/AqTMK/05_plip_interaction_graphs/plip_outputs/AqTMK_124/report.xml,salt_bridges,P3,LYS13A,1589,salt_bridges,salt_bridge,ATP:B:1:P3,P3,ATP,B,1
AqTMK_124,/home/wms/AF2-test/AF2-CatGraph/results/AqTMK/02_template_guided_docking/complexes/AqTMK_124_complex.pdb,results/AqTMK/05_plip_interaction_graphs/plip_outputs/AqTMK_124/report.xml,salt_bridges,P3,ARG90A,1589,salt_bridges,salt_bridge,ATP:B:1:P3,P3,ATP,B,1
AqTMK_124,/home/wms/AF2-test/AF2-CatGraph/results/AqTMK/02_template_guided_docking/complexes/AqTMK_124_complex.pdb,results/AqTMK/05_plip_interaction_graphs/plip_outputs/AqTMK_124/report.xml,salt_bridges,P4,ARG47A,1595,salt_bridges,salt_bridge,TMP:C:1:P4,P4,TMP,C,1
AqTMK_124,/home/wms/AF2-test/AF2-CatGraph/results/AqTMK/02_template_guided_docking/complexes/AqTMK_124_complex.pdb,results/AqTMK/05_plip_interaction_graphs/plip_outputs/AqTMK_124/report.xml,salt_bridges,P4,ARG90A,1595,salt_bridges,salt_bridge,TMP:C:1:P4,P4,TMP,C,1
AqTMK_128,/home/wms/AF2-test/AF2-CatGraph/results/AqTMK/02_template_guided_docking/complexes/AqTMK_128_complex.pdb,results/AqTMK/05_plip_interaction_graphs/plip_outputs/AqTMK_128/report.xml,hydrogen_bonds,O10,ASP9A,1591,hydrogen_bonds,hydrogen_bond,ATP:B:1:O10,O10,ATP,B,1
AqTMK_128,/home/wms/AF2-test/AF2-CatGraph/results/AqTMK/02_template_guided_docking/complexes/AqTMK_128_complex.pdb,results/AqTMK/05_plip_interaction_graphs/plip_outputs/AqTMK_128/report.xml,hydrogen_bonds,O8,GLY10A,1588,hydrogen_bonds,hydrogen_bond,ATP:B:1:O8,O8,ATP,B,1
AqTMK_128,/home/wms/AF2-test/AF2-CatGraph/results/AqTMK/02_template_guided_docking/complexes/AqTMK_128_complex.pdb,results/AqTMK/05_plip_interaction_graphs/plip_outputs/AqTMK_128/report.xml,hydrogen_bonds,O7,SER11A,1587,hydrogen_bonds,hydrogen_bond,ATP:B:1:O7,O7,ATP,B,1
AqTMK_128,/home/wms/AF2-test/AF2-CatGraph/results/AqTMK/02_template_guided_docking/complexes/AqTMK_128_complex.pdb,results/AqTMK/05_plip_interaction_graphs/plip_outputs/AqTMK_128/report.xml,hydrogen_bonds,O7,GLY12A,1587,hydrogen_bonds,hydrogen_bond,ATP:B:1:O7,O7,ATP,B,1
AqTMK_128,/home/wms/AF2-test/AF2-CatGraph/results/AqTMK/02_template_guided_docking/complexes/AqTMK_128_complex.pdb,results/AqTMK/05_plip_interaction_graphs/plip_outputs/AqTMK_128/report.xml,hydrogen_bonds,O7,LYS13A,1587,hydrogen_bonds,hydrogen_bond,ATP:B:1:O7,O7,ATP,B,1
AqTMK_128,/home/wms/AF2-test/AF2-CatGraph/results/AqTMK/02_template_guided_docking/complexes/AqTMK_128_complex.pdb,results/AqTMK/05_plip_interaction_graphs/plip_outputs/AqTMK_128/report.xml,hydrogen_bonds,O7,THR14A,1587,hydrogen_bonds,hydrogen_bond,ATP:B:1:O7,O7,ATP,B,1
AqTMK_128,/home/wms/AF2-test/AF2-CatGraph/results/AqTMK/02_template_guided_docking/complexes/AqTMK_128_complex.pdb,results/AqTMK/05_plip_interaction_graphs/plip_outputs/AqTMK_128/report.xml,hydrogen_bonds,O2,THR15A,1580,hydrogen_bonds,hydrogen_bond,ATP:B:1:O2,O2,ATP,B,1
AqTMK_128,/home/wms/AF2-test/AF2-CatGraph/results/AqTMK/02_template_guided_docking/complexes/AqTMK_128_complex.pdb,results/AqTMK/05_plip_interaction_graphs/plip_outputs/AqTMK_128/report.xml,hydrogen_bonds,O4,THR15A,1583,hydrogen_bonds,hydrogen_bond,ATP:B:1:O4,O4,ATP,B,1
AqTMK_128,/home/wms/AF2-test/AF2-CatGraph/results/AqTMK/02_template_guided_docking/complexes/AqTMK_128_complex.pdb,results/AqTMK/05_plip_interaction_graphs/plip_outputs/AqTMK_128/report.xml,hydrogen_bonds,O4,THR15A,1583,hydrogen_bonds,hydrogen_bond,ATP:B:1:O4,O4,ATP,B,1
AqTMK_128,/home/wms/AF2-test/AF2-CatGraph/results/AqTMK/02_template_guided_docking/complexes/AqTMK_128_complex.pdb,results/AqTMK/05_plip_interaction_graphs/plip_outputs/AqTMK_128/report.xml,salt_bridges,P2,LYS13A,1585,salt_bridges,salt_bridge,ATP:B:1:P2,P2,ATP,B,1
AqTMK_128,/home/wms/AF2-test/AF2-CatGraph/results/AqTMK/02_template_guided_docking/complexes/AqTMK_128_complex.pdb,results/AqTMK/05_plip_interaction_graphs/plip_outputs/AqTMK_128/report.xml,salt_bridges,P3,LYS13A,1589,salt_bridges,salt_bridge,ATP:B:1:P3,P3,ATP,B,1
AqTMK_128,/home/wms/AF2-test/AF2-CatGraph/results/AqTMK/02_template_guided_docking/complexes/AqTMK_128_complex.pdb,results/AqTMK/05_plip_interaction_graphs/plip_outputs/AqTMK_128/report.xml,salt_bridges,P3,ARG90A,1589,salt_bridges,salt_bridge,ATP:B:1:P3,P3,ATP,B,1
AqTMK_128,/home/wms/AF2-test/AF2-CatGraph/results/AqTMK/02_template_guided_docking/complexes/AqTMK_128_complex.pdb,results/AqTMK/05_plip_interaction_graphs/plip_outputs/AqTMK_128/report.xml,metal_complexes,MG,THR14A,1599,metal_complexes,metal_complex,MG:B:203:MG,MG,MG,B,203
AqTMK_128,/home/wms/AF2-test/AF2-CatGraph/results/AqTMK/02_template_guided_docking/complexes/AqTMK_128_complex.pdb,results/AqTMK/05_plip_interaction_graphs/plip_outputs/AqTMK_128/report.xml,salt_bridges,P4,LYS13A,1595,salt_bridges,salt_bridge,TMP:C:1:P4,P4,TMP,C,1
AqTMK_128,/home/wms/AF2-test/AF2-CatGraph/results/AqTMK/02_template_guided_docking/complexes/AqTMK_128_complex.pdb,results/AqTMK/05_plip_interaction_graphs/plip_outputs/AqTMK_128/report.xml,salt_bridges,P4,ARG35A,1595,salt_bridges,salt_bridge,TMP:C:1:P4,P4,TMP,C,1
AqTMK_128,/home/wms/AF2-test/AF2-CatGraph/results/AqTMK/02_template_guided_docking/complexes/AqTMK_128_complex.pdb,results/AqTMK/05_plip_interaction_graphs/plip_outputs/AqTMK_128/report.xml,salt_bridges,P4,ARG47A,1595,salt_bridges,salt_bridge,TMP:C:1:P4,P4,TMP,C,1
AqTMK_128,/home/wms/AF2-test/AF2-CatGraph/results/AqTMK/02_template_guided_docking/complexes/AqTMK_128_complex.pdb,results/AqTMK/05_plip_interaction_graphs/plip_outputs/AqTMK_128/report.xml,salt_bridges,P4,ARG90A,1595,salt_bridges,salt_bridge,TMP:C:1:P4,P4,TMP,C,1
AqTMK_131,/home/wms/AF2-test/AF2-CatGraph/results/AqTMK/02_template_guided_docking/complexes/AqTMK_131_complex.pdb,results/AqTMK/05_plip_interaction_graphs/plip_outputs/AqTMK_131/report.xml,hydrogen_bonds,O10,ASP9A,1591,hydrogen_bonds,hydrogen_bond,ATP:B:1:O10,O10,ATP,B,1
AqTMK_131,/home/wms/AF2-test/AF2-CatGraph/results/AqTMK/02_template_guided_docking/complexes/AqTMK_131_complex.pdb,results/AqTMK/05_plip_interaction_graphs/plip_outputs/AqTMK_131/report.xml,hydrogen_bonds,O8,GLY10A,1588,hydrogen_bonds,hydrogen_bond,ATP:B:1:O8,O8,ATP,B,1
AqTMK_131,/home/wms/AF2-test/AF2-CatGraph/results/AqTMK/02_template_guided_docking/complexes/AqTMK_131_complex.pdb,results/AqTMK/05_plip_interaction_graphs/plip_outputs/AqTMK_131/report.xml,hydrogen_bonds,O7,SER11A,1587,hydrogen_bonds,hydrogen_bond,ATP:B:1:O7,O7,ATP,B,1
AqTMK_131,/home/wms/AF2-test/AF2-CatGraph/results/AqTMK/02_template_guided_docking/complexes/AqTMK_131_complex.pdb,results/AqTMK/05_plip_interaction_graphs/plip_outputs/AqTMK_131/report.xml,hydrogen_bonds,O7,GLY12A,1587,hydrogen_bonds,hydrogen_bond,ATP:B:1:O7,O7,ATP,B,1
AqTMK_131,/home/wms/AF2-test/AF2-CatGraph/results/AqTMK/02_template_guided_docking/complexes/AqTMK_131_complex.pdb,results/AqTMK/05_plip_interaction_graphs/plip_outputs/AqTMK_131/report.xml,hydrogen_bonds,O7,LYS13A,1587,hydrogen_bonds,hydrogen_bond,ATP:B:1:O7,O7,ATP,B,1
AqTMK_131,/home/wms/AF2-test/AF2-CatGraph/results/AqTMK/02_template_guided_docking/complexes/AqTMK_131_complex.pdb,results/AqTMK/05_plip_interaction_graphs/plip_outputs/AqTMK_131/report.xml,hydrogen_bonds,O6,THR14A,1586,hydrogen_bonds,hydrogen_bond,ATP:B:1:O6,O6,ATP,B,1
AqTMK_131,/home/wms/AF2-test/AF2-CatGraph/results/AqTMK/02_template_guided_docking/complexes/AqTMK_131_complex.pdb,results/AqTMK/05_plip_interaction_graphs/plip_outputs/AqTMK_131/report.xml,hydrogen_bonds,O2,THR15A,1580,hydrogen_bonds,hydrogen_bond,ATP:B:1:O2,O2,ATP,B,1
AqTMK_131,/home/wms/AF2-test/AF2-CatGraph/results/AqTMK/02_template_guided_docking/complexes/AqTMK_131_complex.pdb,results/AqTMK/05_plip_interaction_graphs/plip_outputs/AqTMK_131/report.xml,hydrogen_bonds,O4,THR15A,1583,hydrogen_bonds,hydrogen_bond,ATP:B:1:O4,O4,ATP,B,1
AqTMK_131,/home/wms/AF2-test/AF2-CatGraph/results/AqTMK/02_template_guided_docking/complexes/AqTMK_131_complex.pdb,results/AqTMK/05_plip_interaction_graphs/plip_outputs/AqTMK_131/report.xml,hydrogen_bonds,O4,THR15A,1583,hydrogen_bonds,hydrogen_bond,ATP:B:1:O4,O4,ATP,B,1
AqTMK_131,/home/wms/AF2-test/AF2-CatGraph/results/AqTMK/02_template_guided_docking/complexes/AqTMK_131_complex.pdb,results/AqTMK/05_plip_interaction_graphs/plip_outputs/AqTMK_131/report.xml,salt_bridges,P2,LYS13A,1585,salt_bridges,salt_bridge,ATP:B:1:P2,P2,ATP,B,1
AqTMK_131,/home/wms/AF2-test/AF2-CatGraph/results/AqTMK/02_template_guided_docking/complexes/AqTMK_131_complex.pdb,results/AqTMK/05_plip_interaction_graphs/plip_outputs/AqTMK_131/report.xml,salt_bridges,P3,LYS13A,1589,salt_bridges,salt_bridge,ATP:B:1:P3,P3,ATP,B,1
AqTMK_131,/home/wms/AF2-test/AF2-CatGraph/results/AqTMK/02_template_guided_docking/complexes/AqTMK_131_complex.pdb,results/AqTMK/05_plip_interaction_graphs/plip_outputs/AqTMK_131/report.xml,salt_bridges,P3,ARG90A,1589,salt_bridges,salt_bridge,ATP:B:1:P3,P3,ATP,B,1
AqTMK_131,/home/wms/AF2-test/AF2-CatGraph/results/AqTMK/02_template_guided_docking/complexes/AqTMK_131_complex.pdb,results/AqTMK/05_plip_interaction_graphs/plip_outputs/AqTMK_131/report.xml,metal_complexes,MG,THR14A,1599,metal_complexes,metal_complex,MG:B:203:MG,MG,MG,B,203
AqTMK_131,/home/wms/AF2-test/AF2-CatGraph/results/AqTMK/02_template_guided_docking/complexes/AqTMK_131_complex.pdb,results/AqTMK/05_plip_interaction_graphs/plip_outputs/AqTMK_131/report.xml,salt_bridges,P4,ARG47A,1595,salt_bridges,salt_bridge,TMP:C:1:P4,P4,TMP,C,1
AqTMK_131,/home/wms/AF2-test/AF2-CatGraph/results/AqTMK/02_template_guided_docking/complexes/AqTMK_131_complex.pdb,results/AqTMK/05_plip_interaction_graphs/plip_outputs/AqTMK_131/report.xml,salt_bridges,P4,ARG90A,1595,salt_bridges,salt_bridge,TMP:C:1:P4,P4,TMP,C,1
AqTMK_132,/home/wms/AF2-test/AF2-CatGraph/results/AqTMK/02_template_guided_docking/complexes/AqTMK_132_complex.pdb,results/AqTMK/05_plip_interaction_graphs/plip_outputs/AqTMK_132/report.xml,hydrogen_bonds,O8,GLY10A,1588,hydrogen_bonds,hydrogen_bond,ATP:B:1:O8,O8,ATP,B,1
AqTMK_132,/home/wms/AF2-test/AF2-CatGraph/results/AqTMK/02_template_guided_docking/complexes/AqTMK_132_complex.pdb,results/AqTMK/05_plip_interaction_graphs/plip_outputs/AqTMK_132/report.xml,hydrogen_bonds,O7,SER11A,1587,hydrogen_bonds,hydrogen_bond,ATP:B:1:O7,O7,ATP,B,1
AqTMK_132,/home/wms/AF2-test/AF2-CatGraph/results/AqTMK/02_template_guided_docking/complexes/AqTMK_132_complex.pdb,results/AqTMK/05_plip_interaction_graphs/plip_outputs/AqTMK_132/report.xml,hydrogen_bonds,O7,GLY12A,1587,hydrogen_bonds,hydrogen_bond,ATP:B:1:O7,O7,ATP,B,1
AqTMK_132,/home/wms/AF2-test/AF2-CatGraph/results/AqTMK/02_template_guided_docking/complexes/AqTMK_132_complex.pdb,results/AqTMK/05_plip_interaction_graphs/plip_outputs/AqTMK_132/report.xml,hydrogen_bonds,O7,LYS13A,1587,hydrogen_bonds,hydrogen_bond,ATP:B:1:O7,O7,ATP,B,1
AqTMK_132,/home/wms/AF2-test/AF2-CatGraph/results/AqTMK/02_template_guided_docking/complexes/AqTMK_132_complex.pdb,results/AqTMK/05_plip_interaction_graphs/plip_outputs/AqTMK_132/report.xml,hydrogen_bonds,O6,THR14A,1586,hydrogen_bonds,hydrogen_bond,ATP:B:1:O6,O6,ATP,B,1
AqTMK_132,/home/wms/AF2-test/AF2-CatGraph/results/AqTMK/02_template_guided_docking/complexes/AqTMK_132_complex.pdb,results/AqTMK/05_plip_interaction_graphs/plip_outputs/AqTMK_132/report.xml,hydrogen_bonds,O2,THR15A,1580,hydrogen_bonds,hydrogen_bond,ATP:B:1:O2,O2,ATP,B,1
AqTMK_132,/home/wms/AF2-test/AF2-CatGraph/results/AqTMK/02_template_guided_docking/complexes/AqTMK_132_complex.pdb,results/AqTMK/05_plip_interaction_graphs/plip_outputs/AqTMK_132/report.xml,hydrogen_bonds,O4,THR15A,1583,hydrogen_bonds,hydrogen_bond,ATP:B:1:O4,O4,ATP,B,1
AqTMK_132,/home/wms/AF2-test/AF2-CatGraph/results/AqTMK/02_template_guided_docking/complexes/AqTMK_132_complex.pdb,results/AqTMK/05_plip_interaction_graphs/plip_outputs/AqTMK_132/report.xml,hydrogen_bonds,O4,THR15A,1583,hydrogen_bonds,hydrogen_bond,ATP:B:1:O4,O4,ATP,B,1
AqTMK_132,/home/wms/AF2-test/AF2-CatGraph/results/AqTMK/02_template_guided_docking/complexes/AqTMK_132_complex.pdb,results/AqTMK/05_plip_interaction_graphs/plip_outputs/AqTMK_132/report.xml,salt_bridges,P2,LYS13A,1585,salt_bridges,salt_bridge,ATP:B:1:P2,P2,ATP,B,1
AqTMK_132,/home/wms/AF2-test/AF2-CatGraph/results/AqTMK/02_template_guided_docking/complexes/AqTMK_132_complex.pdb,results/AqTMK/05_plip_interaction_graphs/plip_outputs/AqTMK_132/report.xml,salt_bridges,P3,LYS13A,1589,salt_bridges,salt_bridge,ATP:B:1:P3,P3,ATP,B,1
AqTMK_132,/home/wms/AF2-test/AF2-CatGraph/results/AqTMK/02_template_guided_docking/complexes/AqTMK_132_complex.pdb,results/AqTMK/05_plip_interaction_graphs/plip_outputs/AqTMK_132/report.xml,salt_bridges,P3,ARG90A,1589,salt_bridges,salt_bridge,ATP:B:1:P3,P3,ATP,B,1
AqTMK_132,/home/wms/AF2-test/AF2-CatGraph/results/AqTMK/02_template_guided_docking/complexes/AqTMK_132_complex.pdb,results/AqTMK/05_plip_interaction_graphs/plip_outputs/AqTMK_132/report.xml,metal_complexes,MG,THR14A,1599,metal_complexes,metal_complex,MG:B:203:MG,MG,MG,B,203
AqTMK_132,/home/wms/AF2-test/AF2-CatGraph/results/AqTMK/02_template_guided_docking/complexes/AqTMK_132_complex.pdb,results/AqTMK/05_plip_interaction_graphs/plip_outputs/AqTMK_132/report.xml,salt_bridges,P4,ARG47A,1595,salt_bridges,salt_bridge,TMP:C:1:P4,P4,TMP,C,1
AqTMK_132,/home/wms/AF2-test/AF2-CatGraph/results/AqTMK/02_template_guided_docking/complexes/AqTMK_132_complex.pdb,results/AqTMK/05_plip_interaction_graphs/plip_outputs/AqTMK_132/report.xml,salt_bridges,P4,ARG90A,1595,salt_bridges,salt_bridge,TMP:C:1:P4,P4,TMP,C,1
AqTMK_133,/home/wms/AF2-test/AF2-CatGraph/results/AqTMK/02_template_guided_docking/complexes/AqTMK_133_complex.pdb,results/AqTMK/05_plip_interaction_graphs/plip_outputs/AqTMK_133/report.xml,hydrogen_bonds,O10,ASP9A,1591,hydrogen_bonds,hydrogen_bond,ATP:B:1:O10,O10,ATP,B,1
AqTMK_133,/home/wms/AF2-test/AF2-CatGraph/results/AqTMK/02_template_guided_docking/complexes/AqTMK_133_complex.pdb,results/AqTMK/05_plip_interaction_graphs/plip_outputs/AqTMK_133/report.xml,hydrogen_bonds,O8,GLY10A,1588,hydrogen_bonds,hydrogen_bond,ATP:B:1:O8,O8,ATP,B,1
AqTMK_133,/home/wms/AF2-test/AF2-CatGraph/results/AqTMK/02_template_guided_docking/complexes/AqTMK_133_complex.pdb,results/AqTMK/05_plip_interaction_graphs/plip_outputs/AqTMK_133/report.xml,hydrogen_bonds,O7,SER11A,1587,hydrogen_bonds,hydrogen_bond,ATP:B:1:O7,O7,ATP,B,1
AqTMK_133,/home/wms/AF2-test/AF2-CatGraph/results/AqTMK/02_template_guided_docking/complexes/AqTMK_133_complex.pdb,results/AqTMK/05_plip_interaction_graphs/plip_outputs/AqTMK_133/report.xml,hydrogen_bonds,O7,GLY12A,1587,hydrogen_bonds,hydrogen_bond,ATP:B:1:O7,O7,ATP,B,1
AqTMK_133,/home/wms/AF2-test/AF2-CatGraph/results/AqTMK/02_template_guided_docking/complexes/AqTMK_133_complex.pdb,results/AqTMK/05_plip_interaction_graphs/plip_outputs/AqTMK_133/report.xml,hydrogen_bonds,O7,LYS13A,1587,hydrogen_bonds,hydrogen_bond,ATP:B:1:O7,O7,ATP,B,1
AqTMK_133,/home/wms/AF2-test/AF2-CatGraph/results/AqTMK/02_template_guided_docking/complexes/AqTMK_133_complex.pdb,results/AqTMK/05_plip_interaction_graphs/plip_outputs/AqTMK_133/report.xml,hydrogen_bonds,O6,THR14A,1586,hydrogen_bonds,hydrogen_bond,ATP:B:1:O6,O6,ATP,B,1
AqTMK_133,/home/wms/AF2-test/AF2-CatGraph/results/AqTMK/02_template_guided_docking/complexes/AqTMK_133_complex.pdb,results/AqTMK/05_plip_interaction_graphs/plip_outputs/AqTMK_133/report.xml,hydrogen_bonds,O4,THR15A,1583,hydrogen_bonds,hydrogen_bond,ATP:B:1:O4,O4,ATP,B,1
AqTMK_133,/home/wms/AF2-test/AF2-CatGraph/results/AqTMK/02_template_guided_docking/complexes/AqTMK_133_complex.pdb,results/AqTMK/05_plip_interaction_graphs/plip_outputs/AqTMK_133/report.xml,hydrogen_bonds,O4,THR15A,1583,hydrogen_bonds,hydrogen_bond,ATP:B:1:O4,O4,ATP,B,1
AqTMK_133,/home/wms/AF2-test/AF2-CatGraph/results/AqTMK/02_template_guided_docking/complexes/AqTMK_133_complex.pdb,results/AqTMK/05_plip_interaction_graphs/plip_outputs/AqTMK_133/report.xml,salt_bridges,P2,LYS13A,1585,salt_bridges,salt_bridge,ATP:B:1:P2,P2,ATP,B,1
AqTMK_133,/home/wms/AF2-test/AF2-CatGraph/results/AqTMK/02_template_guided_docking/complexes/AqTMK_133_complex.pdb,results/AqTMK/05_plip_interaction_graphs/plip_outputs/AqTMK_133/report.xml,salt_bridges,P3,LYS13A,1589,salt_bridges,salt_bridge,ATP:B:1:P3,P3,ATP,B,1
AqTMK_133,/home/wms/AF2-test/AF2-CatGraph/results/AqTMK/02_template_guided_docking/complexes/AqTMK_133_complex.pdb,results/AqTMK/05_plip_interaction_graphs/plip_outputs/AqTMK_133/report.xml,salt_bridges,P3,ARG90A,1589,salt_bridges,salt_bridge,ATP:B:1:P3,P3,ATP,B,1
AqTMK_133,/home/wms/AF2-test/AF2-CatGraph/results/AqTMK/02_template_guided_docking/complexes/AqTMK_133_complex.pdb,results/AqTMK/05_plip_interaction_graphs/plip_outputs/AqTMK_133/report.xml,metal_complexes,MG,THR14A,1599,metal_complexes,metal_complex,MG:B:203:MG,MG,MG,B,203
AqTMK_133,/home/wms/AF2-test/AF2-CatGraph/results/AqTMK/02_template_guided_docking/complexes/AqTMK_133_complex.pdb,results/AqTMK/05_plip_interaction_graphs/plip_outputs/AqTMK_133/report.xml,salt_bridges,P4,ARG47A,1595,salt_bridges,salt_bridge,TMP:C:1:P4,P4,TMP,C,1
AqTMK_133,/home/wms/AF2-test/AF2-CatGraph/results/AqTMK/02_template_guided_docking/complexes/AqTMK_133_complex.pdb,results/AqTMK/05_plip_interaction_graphs/plip_outputs/AqTMK_133/report.xml,salt_bridges,P4,ARG90A,1595,salt_bridges,salt_bridge,TMP:C:1:P4,P4,TMP,C,1
AqTMK_134,/home/wms/AF2-test/AF2-CatGraph/results/AqTMK/02_template_guided_docking/complexes/AqTMK_134_complex.pdb,results/AqTMK/05_plip_interaction_graphs/plip_outputs/AqTMK_134/report.xml,hydrogen_bonds,O10,ASP9A,1591,hydrogen_bonds,hydrogen_bond,ATP:B:1:O10,O10,ATP,B,1
AqTMK_134,/home/wms/AF2-test/AF2-CatGraph/results/AqTMK/02_template_guided_docking/complexes/AqTMK_134_complex.pdb,results/AqTMK/05_plip_interaction_graphs/plip_outputs/AqTMK_134/report.xml,hydrogen_bonds,O8,GLY10A,1588,hydrogen_bonds,hydrogen_bond,ATP:B:1:O8,O8,ATP,B,1
AqTMK_134,/home/wms/AF2-test/AF2-CatGraph/results/AqTMK/02_template_guided_docking/complexes/AqTMK_134_complex.pdb,results/AqTMK/05_plip_interaction_graphs/plip_outputs/AqTMK_134/report.xml,hydrogen_bonds,O7,SER11A,1587,hydrogen_bonds,hydrogen_bond,ATP:B:1:O7,O7,ATP,B,1
AqTMK_134,/home/wms/AF2-test/AF2-CatGraph/results/AqTMK/02_template_guided_docking/complexes/AqTMK_134_complex.pdb,results/AqTMK/05_plip_interaction_graphs/plip_outputs/AqTMK_134/report.xml,hydrogen_bonds,O7,GLY12A,1587,hydrogen_bonds,hydrogen_bond,ATP:B:1:O7,O7,ATP,B,1
AqTMK_134,/home/wms/AF2-test/AF2-CatGraph/results/AqTMK/02_template_guided_docking/complexes/AqTMK_134_complex.pdb,results/AqTMK/05_plip_interaction_graphs/plip_outputs/AqTMK_134/report.xml,hydrogen_bonds,O7,LYS13A,1587,hydrogen_bonds,hydrogen_bond,ATP:B:1:O7,O7,ATP,B,1
AqTMK_134,/home/wms/AF2-test/AF2-CatGraph/results/AqTMK/02_template_guided_docking/complexes/AqTMK_134_complex.pdb,results/AqTMK/05_plip_interaction_graphs/plip_outputs/AqTMK_134/report.xml,hydrogen_bonds,O6,THR14A,1586,hydrogen_bonds,hydrogen_bond,ATP:B:1:O6,O6,ATP,B,1
AqTMK_134,/home/wms/AF2-test/AF2-CatGraph/results/AqTMK/02_template_guided_docking/complexes/AqTMK_134_complex.pdb,results/AqTMK/05_plip_interaction_graphs/plip_outputs/AqTMK_134/report.xml,hydrogen_bonds,O2,THR15A,1580,hydrogen_bonds,hydrogen_bond,ATP:B:1:O2,O2,ATP,B,1
AqTMK_134,/home/wms/AF2-test/AF2-CatGraph/results/AqTMK/02_template_guided_docking/complexes/AqTMK_134_complex.pdb,results/AqTMK/05_plip_interaction_graphs/plip_outputs/AqTMK_134/report.xml,hydrogen_bonds,O4,THR15A,1583,hydrogen_bonds,hydrogen_bond,ATP:B:1:O4,O4,ATP,B,1
AqTMK_134,/home/wms/AF2-test/AF2-CatGraph/results/AqTMK/02_template_guided_docking/complexes/AqTMK_134_complex.pdb,results/AqTMK/05_plip_interaction_graphs/plip_outputs/AqTMK_134/report.xml,hydrogen_bonds,O4,THR15A,1583,hydrogen_bonds,hydrogen_bond,ATP:B:1:O4,O4,ATP,B,1
AqTMK_134,/home/wms/AF2-test/AF2-CatGraph/results/AqTMK/02_template_guided_docking/complexes/AqTMK_134_complex.pdb,results/AqTMK/05_plip_interaction_graphs/plip_outputs/AqTMK_134/report.xml,salt_bridges,P2,LYS13A,1585,salt_bridges,salt_bridge,ATP:B:1:P2,P2,ATP,B,1
AqTMK_134,/home/wms/AF2-test/AF2-CatGraph/results/AqTMK/02_template_guided_docking/complexes/AqTMK_134_complex.pdb,results/AqTMK/05_plip_interaction_graphs/plip_outputs/AqTMK_134/report.xml,salt_bridges,P3,LYS13A,1589,salt_bridges,salt_bridge,ATP:B:1:P3,P3,ATP,B,1
AqTMK_134,/home/wms/AF2-test/AF2-CatGraph/results/AqTMK/02_template_guided_docking/complexes/AqTMK_134_complex.pdb,results/AqTMK/05_plip_interaction_graphs/plip_outputs/AqTMK_134/report.xml,salt_bridges,P3,ARG90A,1589,salt_bridges,salt_bridge,ATP:B:1:P3,P3,ATP,B,1
AqTMK_134,/home/wms/AF2-test/AF2-CatGraph/results/AqTMK/02_template_guided_docking/complexes/AqTMK_134_complex.pdb,results/AqTMK/05_plip_interaction_graphs/plip_outputs/AqTMK_134/report.xml,salt_bridges,P2,LYS143A,1585,salt_bridges,salt_bridge,ATP:B:1:P2,P2,ATP,B,1
AqTMK_134,/home/wms/AF2-test/AF2-CatGraph/results/AqTMK/02_template_guided_docking/complexes/AqTMK_134_complex.pdb,results/AqTMK/05_plip_interaction_graphs/plip_outputs/AqTMK_134/report.xml,salt_bridges,P1,LYS143A,1581,salt_bridges,salt_bridge,ATP:B:1:P1,P1,ATP,B,1
AqTMK_134,/home/wms/AF2-test/AF2-CatGraph/results/AqTMK/02_template_guided_docking/complexes/AqTMK_134_complex.pdb,results/AqTMK/05_plip_interaction_graphs/plip_outputs/AqTMK_134/report.xml,salt_bridges,P3,ARG145A,1589,salt_bridges,salt_bridge,ATP:B:1:P3,P3,ATP,B,1
AqTMK_134,/home/wms/AF2-test/AF2-CatGraph/results/AqTMK/02_template_guided_docking/complexes/AqTMK_134_complex.pdb,results/AqTMK/05_plip_interaction_graphs/plip_outputs/AqTMK_134/report.xml,metal_complexes,MG,THR14A,1599,metal_complexes,metal_complex,MG:B:203:MG,MG,MG,B,203
AqTMK_134,/home/wms/AF2-test/AF2-CatGraph/results/AqTMK/02_template_guided_docking/complexes/AqTMK_134_complex.pdb,results/AqTMK/05_plip_interaction_graphs/plip_outputs/AqTMK_134/report.xml,hydrogen_bonds,O14,ARG47A,1597,hydrogen_bonds,hydrogen_bond,TMP:C:1:O14,O14,TMP,C,1
AqTMK_134,/home/wms/AF2-test/AF2-CatGraph/results/AqTMK/02_template_guided_docking/complexes/AqTMK_134_complex.pdb,results/AqTMK/05_plip_interaction_graphs/plip_outputs/AqTMK_134/report.xml,salt_bridges,P4,LYS13A,1595,salt_bridges,salt_bridge,TMP:C:1:P4,P4,TMP,C,1
AqTMK_134,/home/wms/AF2-test/AF2-CatGraph/results/AqTMK/02_template_guided_docking/complexes/AqTMK_134_complex.pdb,results/AqTMK/05_plip_interaction_graphs/plip_outputs/AqTMK_134/report.xml,salt_bridges,P4,ARG90A,1595,salt_bridges,salt_bridge,TMP:C:1:P4,P4,TMP,C,1
AqTMK_134,/home/wms/AF2-test/AF2-CatGraph/results/AqTMK/02_template_guided_docking/complexes/AqTMK_134_complex.pdb,results/AqTMK/05_plip_interaction_graphs/plip_outputs/AqTMK_134/report.xml,salt_bridges,P4,ARG145A,1595,salt_bridges,salt_bridge,TMP:C:1:P4,P4,TMP,C,1
AqTMK_139,/home/wms/AF2-test/AF2-CatGraph/results/AqTMK/02_template_guided_docking/complexes/AqTMK_139_complex.pdb,results/AqTMK/05_plip_interaction_graphs/plip_outputs/AqTMK_139/report.xml,hydrogen_bonds,O10,ASP9A,1591,hydrogen_bonds,hydrogen_bond,ATP:B:1:O10,O10,ATP,B,1
AqTMK_139,/home/wms/AF2-test/AF2-CatGraph/results/AqTMK/02_template_guided_docking/complexes/AqTMK_139_complex.pdb,results/AqTMK/05_plip_interaction_graphs/plip_outputs/AqTMK_139/report.xml,hydrogen_bonds,O8,GLY10A,1588,hydrogen_bonds,hydrogen_bond,ATP:B:1:O8,O8,ATP,B,1
AqTMK_139,/home/wms/AF2-test/AF2-CatGraph/results/AqTMK/02_template_guided_docking/complexes/AqTMK_139_complex.pdb,results/AqTMK/05_plip_interaction_graphs/plip_outputs/AqTMK_139/report.xml,hydrogen_bonds,O7,SER11A,1587,hydrogen_bonds,hydrogen_bond,ATP:B:1:O7,O7,ATP,B,1
AqTMK_139,/home/wms/AF2-test/AF2-CatGraph/results/AqTMK/02_template_guided_docking/complexes/AqTMK_139_complex.pdb,results/AqTMK/05_plip_interaction_graphs/plip_outputs/AqTMK_139/report.xml,hydrogen_bonds,O7,GLY12A,1587,hydrogen_bonds,hydrogen_bond,ATP:B:1:O7,O7,ATP,B,1
AqTMK_139,/home/wms/AF2-test/AF2-CatGraph/results/AqTMK/02_template_guided_docking/complexes/AqTMK_139_complex.pdb,results/AqTMK/05_plip_interaction_graphs/plip_outputs/AqTMK_139/report.xml,hydrogen_bonds,O7,LYS13A,1587,hydrogen_bonds,hydrogen_bond,ATP:B:1:O7,O7,ATP,B,1
AqTMK_139,/home/wms/AF2-test/AF2-CatGraph/results/AqTMK/02_template_guided_docking/complexes/AqTMK_139_complex.pdb,results/AqTMK/05_plip_interaction_graphs/plip_outputs/AqTMK_139/report.xml,hydrogen_bonds,O7,THR14A,1587,hydrogen_bonds,hydrogen_bond,ATP:B:1:O7,O7,ATP,B,1
AqTMK_139,/home/wms/AF2-test/AF2-CatGraph/results/AqTMK/02_template_guided_docking/complexes/AqTMK_139_complex.pdb,results/AqTMK/05_plip_interaction_graphs/plip_outputs/AqTMK_139/report.xml,hydrogen_bonds,O2,THR15A,1580,hydrogen_bonds,hydrogen_bond,ATP:B:1:O2,O2,ATP,B,1
AqTMK_139,/home/wms/AF2-test/AF2-CatGraph/results/AqTMK/02_template_guided_docking/complexes/AqTMK_139_complex.pdb,results/AqTMK/05_plip_interaction_graphs/plip_outputs/AqTMK_139/report.xml,hydrogen_bonds,O4,THR15A,1583,hydrogen_bonds,hydrogen_bond,ATP:B:1:O4,O4,ATP,B,1
AqTMK_139,/home/wms/AF2-test/AF2-CatGraph/results/AqTMK/02_template_guided_docking/complexes/AqTMK_139_complex.pdb,results/AqTMK/05_plip_interaction_graphs/plip_outputs/AqTMK_139/report.xml,hydrogen_bonds,O4,THR15A,1583,hydrogen_bonds,hydrogen_bond,ATP:B:1:O4,O4,ATP,B,1
AqTMK_139,/home/wms/AF2-test/AF2-CatGraph/results/AqTMK/02_template_guided_docking/complexes/AqTMK_139_complex.pdb,results/AqTMK/05_plip_interaction_graphs/plip_outputs/AqTMK_139/report.xml,salt_bridges,P2,LYS13A,1585,salt_bridges,salt_bridge,ATP:B:1:P2,P2,ATP,B,1
AqTMK_139,/home/wms/AF2-test/AF2-CatGraph/results/AqTMK/02_template_guided_docking/complexes/AqTMK_139_complex.pdb,results/AqTMK/05_plip_interaction_graphs/plip_outputs/AqTMK_139/report.xml,salt_bridges,P3,LYS13A,1589,salt_bridges,salt_bridge,ATP:B:1:P3,P3,ATP,B,1
AqTMK_139,/home/wms/AF2-test/AF2-CatGraph/results/AqTMK/02_template_guided_docking/complexes/AqTMK_139_complex.pdb,results/AqTMK/05_plip_interaction_graphs/plip_outputs/AqTMK_139/report.xml,salt_bridges,P3,ARG90A,1589,salt_bridges,salt_bridge,ATP:B:1:P3,P3,ATP,B,1
AqTMK_139,/home/wms/AF2-test/AF2-CatGraph/results/AqTMK/02_template_guided_docking/complexes/AqTMK_139_complex.pdb,results/AqTMK/05_plip_interaction_graphs/plip_outputs/AqTMK_139/report.xml,metal_complexes,MG,THR14A,1599,metal_complexes,metal_complex,MG:B:203:MG,MG,MG,B,203
AqTMK_139,/home/wms/AF2-test/AF2-CatGraph/results/AqTMK/02_template_guided_docking/complexes/AqTMK_139_complex.pdb,results/AqTMK/05_plip_interaction_graphs/plip_outputs/AqTMK_139/report.xml,salt_bridges,P4,LYS13A,1595,salt_bridges,salt_bridge,TMP:C:1:P4,P4,TMP,C,1
AqTMK_139,/home/wms/AF2-test/AF2-CatGraph/results/AqTMK/02_template_guided_docking/complexes/AqTMK_139_complex.pdb,results/AqTMK/05_plip_interaction_graphs/plip_outputs/AqTMK_139/report.xml,salt_bridges,P4,ARG35A,1595,salt_bridges,salt_bridge,TMP:C:1:P4,P4,TMP,C,1
AqTMK_139,/home/wms/AF2-test/AF2-CatGraph/results/AqTMK/02_template_guided_docking/complexes/AqTMK_139_complex.pdb,results/AqTMK/05_plip_interaction_graphs/plip_outputs/AqTMK_139/report.xml,salt_bridges,P4,ARG90A,1595,salt_bridges,salt_bridge,TMP:C:1:P4,P4,TMP,C,1
AqTMK_140,/home/wms/AF2-test/AF2-CatGraph/results/AqTMK/02_template_guided_docking/complexes/AqTMK_140_complex.pdb,results/AqTMK/05_plip_interaction_graphs/plip_outputs/AqTMK_140/report.xml,hydrogen_bonds,O10,ASP9A,1591,hydrogen_bonds,hydrogen_bond,ATP:B:1:O10,O10,ATP,B,1
AqTMK_140,/home/wms/AF2-test/AF2-CatGraph/results/AqTMK/02_template_guided_docking/complexes/AqTMK_140_complex.pdb,results/AqTMK/05_plip_interaction_graphs/plip_outputs/AqTMK_140/report.xml,hydrogen_bonds,O8,GLY10A,1588,hydrogen_bonds,hydrogen_bond,ATP:B:1:O8,O8,ATP,B,1
AqTMK_140,/home/wms/AF2-test/AF2-CatGraph/results/AqTMK/02_template_guided_docking/complexes/AqTMK_140_complex.pdb,results/AqTMK/05_plip_interaction_graphs/plip_outputs/AqTMK_140/report.xml,hydrogen_bonds,O7,SER11A,1587,hydrogen_bonds,hydrogen_bond,ATP:B:1:O7,O7,ATP,B,1
AqTMK_140,/home/wms/AF2-test/AF2-CatGraph/results/AqTMK/02_template_guided_docking/complexes/AqTMK_140_complex.pdb,results/AqTMK/05_plip_interaction_graphs/plip_outputs/AqTMK_140/report.xml,hydrogen_bonds,O7,GLY12A,1587,hydrogen_bonds,hydrogen_bond,ATP:B:1:O7,O7,ATP,B,1
AqTMK_140,/home/wms/AF2-test/AF2-CatGraph/results/AqTMK/02_template_guided_docking/complexes/AqTMK_140_complex.pdb,results/AqTMK/05_plip_interaction_graphs/plip_outputs/AqTMK_140/report.xml,hydrogen_bonds,O7,LYS13A,1587,hydrogen_bonds,hydrogen_bond,ATP:B:1:O7,O7,ATP,B,1
AqTMK_140,/home/wms/AF2-test/AF2-CatGraph/results/AqTMK/02_template_guided_docking/complexes/AqTMK_140_complex.pdb,results/AqTMK/05_plip_interaction_graphs/plip_outputs/AqTMK_140/report.xml,hydrogen_bonds,O6,THR14A,1586,hydrogen_bonds,hydrogen_bond,ATP:B:1:O6,O6,ATP,B,1
AqTMK_140,/home/wms/AF2-test/AF2-CatGraph/results/AqTMK/02_template_guided_docking/complexes/AqTMK_140_complex.pdb,results/AqTMK/05_plip_interaction_graphs/plip_outputs/AqTMK_140/report.xml,hydrogen_bonds,O2,THR15A,1580,hydrogen_bonds,hydrogen_bond,ATP:B:1:O2,O2,ATP,B,1
AqTMK_140,/home/wms/AF2-test/AF2-CatGraph/results/AqTMK/02_template_guided_docking/complexes/AqTMK_140_complex.pdb,results/AqTMK/05_plip_interaction_graphs/plip_outputs/AqTMK_140/report.xml,hydrogen_bonds,O4,THR15A,1583,hydrogen_bonds,hydrogen_bond,ATP:B:1:O4,O4,ATP,B,1
AqTMK_140,/home/wms/AF2-test/AF2-CatGraph/results/AqTMK/02_template_guided_docking/complexes/AqTMK_140_complex.pdb,results/AqTMK/05_plip_interaction_graphs/plip_outputs/AqTMK_140/report.xml,hydrogen_bonds,O4,THR15A,1583,hydrogen_bonds,hydrogen_bond,ATP:B:1:O4,O4,ATP,B,1
AqTMK_140,/home/wms/AF2-test/AF2-CatGraph/results/AqTMK/02_template_guided_docking/complexes/AqTMK_140_complex.pdb,results/AqTMK/05_plip_interaction_graphs/plip_outputs/AqTMK_140/report.xml,hydrogen_bonds,O10,ARG90A,1591,hydrogen_bonds,hydrogen_bond,ATP:B:1:O10,O10,ATP,B,1
AqTMK_140,/home/wms/AF2-test/AF2-CatGraph/results/AqTMK/02_template_guided_docking/complexes/AqTMK_140_complex.pdb,results/AqTMK/05_plip_interaction_graphs/plip_outputs/AqTMK_140/report.xml,salt_bridges,P2,LYS13A,1585,salt_bridges,salt_bridge,ATP:B:1:P2,P2,ATP,B,1
AqTMK_140,/home/wms/AF2-test/AF2-CatGraph/results/AqTMK/02_template_guided_docking/complexes/AqTMK_140_complex.pdb,results/AqTMK/05_plip_interaction_graphs/plip_outputs/AqTMK_140/report.xml,salt_bridges,P3,LYS13A,1589,salt_bridges,salt_bridge,ATP:B:1:P3,P3,ATP,B,1
AqTMK_140,/home/wms/AF2-test/AF2-CatGraph/results/AqTMK/02_template_guided_docking/complexes/AqTMK_140_complex.pdb,results/AqTMK/05_plip_interaction_graphs/plip_outputs/AqTMK_140/report.xml,salt_bridges,P2,LYS143A,1585,salt_bridges,salt_bridge,ATP:B:1:P2,P2,ATP,B,1
AqTMK_140,/home/wms/AF2-test/AF2-CatGraph/results/AqTMK/02_template_guided_docking/complexes/AqTMK_140_complex.pdb,results/AqTMK/05_plip_interaction_graphs/plip_outputs/AqTMK_140/report.xml,salt_bridges,P1,LYS143A,1581,salt_bridges,salt_bridge,ATP:B:1:P1,P1,ATP,B,1
AqTMK_140,/home/wms/AF2-test/AF2-CatGraph/results/AqTMK/02_template_guided_docking/complexes/AqTMK_140_complex.pdb,results/AqTMK/05_plip_interaction_graphs/plip_outputs/AqTMK_140/report.xml,salt_bridges,P3,LYS143A,1589,salt_bridges,salt_bridge,ATP:B:1:P3,P3,ATP,B,1
AqTMK_140,/home/wms/AF2-test/AF2-CatGraph/results/AqTMK/02_template_guided_docking/complexes/AqTMK_140_complex.pdb,results/AqTMK/05_plip_interaction_graphs/plip_outputs/AqTMK_140/report.xml,salt_bridges,P3,ARG145A,1589,salt_bridges,salt_bridge,ATP:B:1:P3,P3,ATP,B,1
AqTMK_140,/home/wms/AF2-test/AF2-CatGraph/results/AqTMK/02_template_guided_docking/complexes/AqTMK_140_complex.pdb,results/AqTMK/05_plip_interaction_graphs/plip_outputs/AqTMK_140/report.xml,metal_complexes,MG,THR14A,1599,metal_complexes,metal_complex,MG:B:203:MG,MG,MG,B,203
AqTMK_140,/home/wms/AF2-test/AF2-CatGraph/results/AqTMK/02_template_guided_docking/complexes/AqTMK_140_complex.pdb,results/AqTMK/05_plip_interaction_graphs/plip_outputs/AqTMK_140/report.xml,salt_bridges,P4,ARG47A,1595,salt_bridges,salt_bridge,TMP:C:1:P4,P4,TMP,C,1
AqTMK_140,/home/wms/AF2-test/AF2-CatGraph/results/AqTMK/02_template_guided_docking/complexes/AqTMK_140_complex.pdb,results/AqTMK/05_plip_interaction_graphs/plip_outputs/AqTMK_140/report.xml,salt_bridges,P4,ARG90A,1595,salt_bridges,salt_bridge,TMP:C:1:P4,P4,TMP,C,1
AqTMK_140,/home/wms/AF2-test/AF2-CatGraph/results/AqTMK/02_template_guided_docking/complexes/AqTMK_140_complex.pdb,results/AqTMK/05_plip_interaction_graphs/plip_outputs/AqTMK_140/report.xml,salt_bridges,P4,ARG145A,1595,salt_bridges,salt_bridge,TMP:C:1:P4,P4,TMP,C,1
AqTMK_149,/home/wms/AF2-test/AF2-CatGraph/results/AqTMK/02_template_guided_docking/complexes/AqTMK_149_complex.pdb,results/AqTMK/05_plip_interaction_graphs/plip_outputs/AqTMK_149/report.xml,hydrogen_bonds,O8,ASP9A,1588,hydrogen_bonds,hydrogen_bond,ATP:B:1:O8,O8,ATP,B,1
AqTMK_149,/home/wms/AF2-test/AF2-CatGraph/results/AqTMK/02_template_guided_docking/complexes/AqTMK_149_complex.pdb,results/AqTMK/05_plip_interaction_graphs/plip_outputs/AqTMK_149/report.xml,hydrogen_bonds,O8,GLY10A,1588,hydrogen_bonds,hydrogen_bond,ATP:B:1:O8,O8,ATP,B,1
AqTMK_149,/home/wms/AF2-test/AF2-CatGraph/results/AqTMK/02_template_guided_docking/complexes/AqTMK_149_complex.pdb,results/AqTMK/05_plip_interaction_graphs/plip_outputs/AqTMK_149/report.xml,hydrogen_bonds,O7,SER11A,1587,hydrogen_bonds,hydrogen_bond,ATP:B:1:O7,O7,ATP,B,1
AqTMK_149,/home/wms/AF2-test/AF2-CatGraph/results/AqTMK/02_template_guided_docking/complexes/AqTMK_149_complex.pdb,results/AqTMK/05_plip_interaction_graphs/plip_outputs/AqTMK_149/report.xml,hydrogen_bonds,O7,GLY12A,1587,hydrogen_bonds,hydrogen_bond,ATP:B:1:O7,O7,ATP,B,1
AqTMK_149,/home/wms/AF2-test/AF2-CatGraph/results/AqTMK/02_template_guided_docking/complexes/AqTMK_149_complex.pdb,results/AqTMK/05_plip_interaction_graphs/plip_outputs/AqTMK_149/report.xml,hydrogen_bonds,O7,LYS13A,1587,hydrogen_bonds,hydrogen_bond,ATP:B:1:O7,O7,ATP,B,1
AqTMK_149,/home/wms/AF2-test/AF2-CatGraph/results/AqTMK/02_template_guided_docking/complexes/AqTMK_149_complex.pdb,results/AqTMK/05_plip_interaction_graphs/plip_outputs/AqTMK_149/report.xml,hydrogen_bonds,O6,THR14A,1586,hydrogen_bonds,hydrogen_bond,ATP:B:1:O6,O6,ATP,B,1
AqTMK_149,/home/wms/AF2-test/AF2-CatGraph/results/AqTMK/02_template_guided_docking/complexes/AqTMK_149_complex.pdb,results/AqTMK/05_plip_interaction_graphs/plip_outputs/AqTMK_149/report.xml,hydrogen_bonds,O4,THR15A,1583,hydrogen_bonds,hydrogen_bond,ATP:B:1:O4,O4,ATP,B,1
AqTMK_149,/home/wms/AF2-test/AF2-CatGraph/results/AqTMK/02_template_guided_docking/complexes/AqTMK_149_complex.pdb,results/AqTMK/05_plip_interaction_graphs/plip_outputs/AqTMK_149/report.xml,hydrogen_bonds,O4,THR15A,1583,hydrogen_bonds,hydrogen_bond,ATP:B:1:O4,O4,ATP,B,1
AqTMK_149,/home/wms/AF2-test/AF2-CatGraph/results/AqTMK/02_template_guided_docking/complexes/AqTMK_149_complex.pdb,results/AqTMK/05_plip_interaction_graphs/plip_outputs/AqTMK_149/report.xml,hydrogen_bonds,O10,ARG90A,1591,hydrogen_bonds,hydrogen_bond,ATP:B:1:O10,O10,ATP,B,1
AqTMK_149,/home/wms/AF2-test/AF2-CatGraph/results/AqTMK/02_template_guided_docking/complexes/AqTMK_149_complex.pdb,results/AqTMK/05_plip_interaction_graphs/plip_outputs/AqTMK_149/report.xml,salt_bridges,P2,LYS13A,1585,salt_bridges,salt_bridge,ATP:B:1:P2,P2,ATP,B,1
AqTMK_149,/home/wms/AF2-test/AF2-CatGraph/results/AqTMK/02_template_guided_docking/complexes/AqTMK_149_complex.pdb,results/AqTMK/05_plip_interaction_graphs/plip_outputs/AqTMK_149/report.xml,salt_bridges,P3,LYS13A,1589,salt_bridges,salt_bridge,ATP:B:1:P3,P3,ATP,B,1
AqTMK_149,/home/wms/AF2-test/AF2-CatGraph/results/AqTMK/02_template_guided_docking/complexes/AqTMK_149_complex.pdb,results/AqTMK/05_plip_interaction_graphs/plip_outputs/AqTMK_149/report.xml,metal_complexes,MG,THR14A,1599,metal_complexes,metal_complex,MG:B:203:MG,MG,MG,B,203
AqTMK_149,/home/wms/AF2-test/AF2-CatGraph/results/AqTMK/02_template_guided_docking/complexes/AqTMK_149_complex.pdb,results/AqTMK/05_plip_interaction_graphs/plip_outputs/AqTMK_149/report.xml,salt_bridges,P4,LYS13A,1595,salt_bridges,salt_bridge,TMP:C:1:P4,P4,TMP,C,1
AqTMK_149,/home/wms/AF2-test/AF2-CatGraph/results/AqTMK/02_template_guided_docking/complexes/AqTMK_149_complex.pdb,results/AqTMK/05_plip_interaction_graphs/plip_outputs/AqTMK_149/report.xml,salt_bridges,P4,ARG47A,1595,salt_bridges,salt_bridge,TMP:C:1:P4,P4,TMP,C,1
AqTMK_149,/home/wms/AF2-test/AF2-CatGraph/results/AqTMK/02_template_guided_docking/complexes/AqTMK_149_complex.pdb,results/AqTMK/05_plip_interaction_graphs/plip_outputs/AqTMK_149/report.xml,salt_bridges,P4,ARG90A,1595,salt_bridges,salt_bridge,TMP:C:1:P4,P4,TMP,C,1
AqTMK_153,/home/wms/AF2-test/AF2-CatGraph/results/AqTMK/02_template_guided_docking/complexes/AqTMK_153_complex.pdb,results/AqTMK/05_plip_interaction_graphs/plip_outputs/AqTMK_153/report.xml,hydrogen_bonds,O8,ASP9A,1588,hydrogen_bonds,hydrogen_bond,ATP:B:1:O8,O8,ATP,B,1
AqTMK_153,/home/wms/AF2-test/AF2-CatGraph/results/AqTMK/02_template_guided_docking/complexes/AqTMK_153_complex.pdb,results/AqTMK/05_plip_interaction_graphs/plip_outputs/AqTMK_153/report.xml,hydrogen_bonds,O8,GLY10A,1588,hydrogen_bonds,hydrogen_bond,ATP:B:1:O8,O8,ATP,B,1
AqTMK_153,/home/wms/AF2-test/AF2-CatGraph/results/AqTMK/02_template_guided_docking/complexes/AqTMK_153_complex.pdb,results/AqTMK/05_plip_interaction_graphs/plip_outputs/AqTMK_153/report.xml,hydrogen_bonds,O7,SER11A,1587,hydrogen_bonds,hydrogen_bond,ATP:B:1:O7,O7,ATP,B,1
AqTMK_153,/home/wms/AF2-test/AF2-CatGraph/results/AqTMK/02_template_guided_docking/complexes/AqTMK_153_complex.pdb,results/AqTMK/05_plip_interaction_graphs/plip_outputs/AqTMK_153/report.xml,hydrogen_bonds,O5,GLY12A,1584,hydrogen_bonds,hydrogen_bond,ATP:B:1:O5,O5,ATP,B,1
AqTMK_153,/home/wms/AF2-test/AF2-CatGraph/results/AqTMK/02_template_guided_docking/complexes/AqTMK_153_complex.pdb,results/AqTMK/05_plip_interaction_graphs/plip_outputs/AqTMK_153/report.xml,hydrogen_bonds,O7,LYS13A,1587,hydrogen_bonds,hydrogen_bond,ATP:B:1:O7,O7,ATP,B,1
AqTMK_153,/home/wms/AF2-test/AF2-CatGraph/results/AqTMK/02_template_guided_docking/complexes/AqTMK_153_complex.pdb,results/AqTMK/05_plip_interaction_graphs/plip_outputs/AqTMK_153/report.xml,hydrogen_bonds,O6,THR14A,1586,hydrogen_bonds,hydrogen_bond,ATP:B:1:O6,O6,ATP,B,1
AqTMK_153,/home/wms/AF2-test/AF2-CatGraph/results/AqTMK/02_template_guided_docking/complexes/AqTMK_153_complex.pdb,results/AqTMK/05_plip_interaction_graphs/plip_outputs/AqTMK_153/report.xml,hydrogen_bonds,O4,THR15A,1583,hydrogen_bonds,hydrogen_bond,ATP:B:1:O4,O4,ATP,B,1
AqTMK_153,/home/wms/AF2-test/AF2-CatGraph/results/AqTMK/02_template_guided_docking/complexes/AqTMK_153_complex.pdb,results/AqTMK/05_plip_interaction_graphs/plip_outputs/AqTMK_153/report.xml,hydrogen_bonds,O4,THR15A,1583,hydrogen_bonds,hydrogen_bond,ATP:B:1:O4,O4,ATP,B,1
AqTMK_153,/home/wms/AF2-test/AF2-CatGraph/results/AqTMK/02_template_guided_docking/complexes/AqTMK_153_complex.pdb,results/AqTMK/05_plip_interaction_graphs/plip_outputs/AqTMK_153/report.xml,hydrogen_bonds,O10,ARG90A,1591,hydrogen_bonds,hydrogen_bond,ATP:B:1:O10,O10,ATP,B,1
AqTMK_153,/home/wms/AF2-test/AF2-CatGraph/results/AqTMK/02_template_guided_docking/complexes/AqTMK_153_complex.pdb,results/AqTMK/05_plip_interaction_graphs/plip_outputs/AqTMK_153/report.xml,salt_bridges,P2,LYS13A,1585,salt_bridges,salt_bridge,ATP:B:1:P2,P2,ATP,B,1
AqTMK_153,/home/wms/AF2-test/AF2-CatGraph/results/AqTMK/02_template_guided_docking/complexes/AqTMK_153_complex.pdb,results/AqTMK/05_plip_interaction_graphs/plip_outputs/AqTMK_153/report.xml,salt_bridges,P3,LYS13A,1589,salt_bridges,salt_bridge,ATP:B:1:P3,P3,ATP,B,1
AqTMK_153,/home/wms/AF2-test/AF2-CatGraph/results/AqTMK/02_template_guided_docking/complexes/AqTMK_153_complex.pdb,results/AqTMK/05_plip_interaction_graphs/plip_outputs/AqTMK_153/report.xml,salt_bridges,P4,ARG47A,1595,salt_bridges,salt_bridge,TMP:C:1:P4,P4,TMP,C,1
AqTMK_153,/home/wms/AF2-test/AF2-CatGraph/results/AqTMK/02_template_guided_docking/complexes/AqTMK_153_complex.pdb,results/AqTMK/05_plip_interaction_graphs/plip_outputs/AqTMK_153/report.xml,salt_bridges,P4,ARG90A,1595,salt_bridges,salt_bridge,TMP:C:1:P4,P4,TMP,C,1
AqTMK_155,/home/wms/AF2-test/AF2-CatGraph/results/AqTMK/02_template_guided_docking/complexes/AqTMK_155_complex.pdb,results/AqTMK/05_plip_interaction_graphs/plip_outputs/AqTMK_155/report.xml,hydrogen_bonds,O8,ASP9A,1588,hydrogen_bonds,hydrogen_bond,ATP:B:1:O8,O8,ATP,B,1
AqTMK_155,/home/wms/AF2-test/AF2-CatGraph/results/AqTMK/02_template_guided_docking/complexes/AqTMK_155_complex.pdb,results/AqTMK/05_plip_interaction_graphs/plip_outputs/AqTMK_155/report.xml,hydrogen_bonds,O8,GLY10A,1588,hydrogen_bonds,hydrogen_bond,ATP:B:1:O8,O8,ATP,B,1
AqTMK_155,/home/wms/AF2-test/AF2-CatGraph/results/AqTMK/02_template_guided_docking/complexes/AqTMK_155_complex.pdb,results/AqTMK/05_plip_interaction_graphs/plip_outputs/AqTMK_155/report.xml,hydrogen_bonds,O7,SER11A,1587,hydrogen_bonds,hydrogen_bond,ATP:B:1:O7,O7,ATP,B,1
AqTMK_155,/home/wms/AF2-test/AF2-CatGraph/results/AqTMK/02_template_guided_docking/complexes/AqTMK_155_complex.pdb,results/AqTMK/05_plip_interaction_graphs/plip_outputs/AqTMK_155/report.xml,hydrogen_bonds,O5,GLY12A,1584,hydrogen_bonds,hydrogen_bond,ATP:B:1:O5,O5,ATP,B,1
AqTMK_155,/home/wms/AF2-test/AF2-CatGraph/results/AqTMK/02_template_guided_docking/complexes/AqTMK_155_complex.pdb,results/AqTMK/05_plip_interaction_graphs/plip_outputs/AqTMK_155/report.xml,hydrogen_bonds,O7,LYS13A,1587,hydrogen_bonds,hydrogen_bond,ATP:B:1:O7,O7,ATP,B,1
AqTMK_155,/home/wms/AF2-test/AF2-CatGraph/results/AqTMK/02_template_guided_docking/complexes/AqTMK_155_complex.pdb,results/AqTMK/05_plip_interaction_graphs/plip_outputs/AqTMK_155/report.xml,hydrogen_bonds,O6,THR14A,1586,hydrogen_bonds,hydrogen_bond,ATP:B:1:O6,O6,ATP,B,1
AqTMK_155,/home/wms/AF2-test/AF2-CatGraph/results/AqTMK/02_template_guided_docking/complexes/AqTMK_155_complex.pdb,results/AqTMK/05_plip_interaction_graphs/plip_outputs/AqTMK_155/report.xml,hydrogen_bonds,O4,THR15A,1583,hydrogen_bonds,hydrogen_bond,ATP:B:1:O4,O4,ATP,B,1
AqTMK_155,/home/wms/AF2-test/AF2-CatGraph/results/AqTMK/02_template_guided_docking/complexes/AqTMK_155_complex.pdb,results/AqTMK/05_plip_interaction_graphs/plip_outputs/AqTMK_155/report.xml,hydrogen_bonds,O4,THR15A,1583,hydrogen_bonds,hydrogen_bond,ATP:B:1:O4,O4,ATP,B,1
AqTMK_155,/home/wms/AF2-test/AF2-CatGraph/results/AqTMK/02_template_guided_docking/complexes/AqTMK_155_complex.pdb,results/AqTMK/05_plip_interaction_graphs/plip_outputs/AqTMK_155/report.xml,salt_bridges,P2,LYS13A,1585,salt_bridges,salt_bridge,ATP:B:1:P2,P2,ATP,B,1
AqTMK_155,/home/wms/AF2-test/AF2-CatGraph/results/AqTMK/02_template_guided_docking/complexes/AqTMK_155_complex.pdb,results/AqTMK/05_plip_interaction_graphs/plip_outputs/AqTMK_155/report.xml,salt_bridges,P3,LYS13A,1589,salt_bridges,salt_bridge,ATP:B:1:P3,P3,ATP,B,1
AqTMK_155,/home/wms/AF2-test/AF2-CatGraph/results/AqTMK/02_template_guided_docking/complexes/AqTMK_155_complex.pdb,results/AqTMK/05_plip_interaction_graphs/plip_outputs/AqTMK_155/report.xml,salt_bridges,P3,ARG90A,1589,salt_bridges,salt_bridge,ATP:B:1:P3,P3,ATP,B,1
AqTMK_155,/home/wms/AF2-test/AF2-CatGraph/results/AqTMK/02_template_guided_docking/complexes/AqTMK_155_complex.pdb,results/AqTMK/05_plip_interaction_graphs/plip_outputs/AqTMK_155/report.xml,metal_complexes,MG,THR14A,1599,metal_complexes,metal_complex,MG:B:203:MG,MG,MG,B,203
AqTMK_155,/home/wms/AF2-test/AF2-CatGraph/results/AqTMK/02_template_guided_docking/complexes/AqTMK_155_complex.pdb,results/AqTMK/05_plip_interaction_graphs/plip_outputs/AqTMK_155/report.xml,salt_bridges,P4,LYS13A,1595,salt_bridges,salt_bridge,TMP:C:1:P4,P4,TMP,C,1
AqTMK_155,/home/wms/AF2-test/AF2-CatGraph/results/AqTMK/02_template_guided_docking/complexes/AqTMK_155_complex.pdb,results/AqTMK/05_plip_interaction_graphs/plip_outputs/AqTMK_155/report.xml,salt_bridges,P4,ARG47A,1595,salt_bridges,salt_bridge,TMP:C:1:P4,P4,TMP,C,1
AqTMK_155,/home/wms/AF2-test/AF2-CatGraph/results/AqTMK/02_template_guided_docking/complexes/AqTMK_155_complex.pdb,results/AqTMK/05_plip_interaction_graphs/plip_outputs/AqTMK_155/report.xml,salt_bridges,P4,ARG90A,1595,salt_bridges,salt_bridge,TMP:C:1:P4,P4,TMP,C,1
AqTMK_156,/home/wms/AF2-test/AF2-CatGraph/results/AqTMK/02_template_guided_docking/complexes/AqTMK_156_complex.pdb,results/AqTMK/05_plip_interaction_graphs/plip_outputs/AqTMK_156/report.xml,hydrogen_bonds,O8,ASP9A,1588,hydrogen_bonds,hydrogen_bond,ATP:B:1:O8,O8,ATP,B,1
AqTMK_156,/home/wms/AF2-test/AF2-CatGraph/results/AqTMK/02_template_guided_docking/complexes/AqTMK_156_complex.pdb,results/AqTMK/05_plip_interaction_graphs/plip_outputs/AqTMK_156/report.xml,hydrogen_bonds,O8,GLY10A,1588,hydrogen_bonds,hydrogen_bond,ATP:B:1:O8,O8,ATP,B,1
AqTMK_156,/home/wms/AF2-test/AF2-CatGraph/results/AqTMK/02_template_guided_docking/complexes/AqTMK_156_complex.pdb,results/AqTMK/05_plip_interaction_graphs/plip_outputs/AqTMK_156/report.xml,hydrogen_bonds,O7,SER11A,1587,hydrogen_bonds,hydrogen_bond,ATP:B:1:O7,O7,ATP,B,1
AqTMK_156,/home/wms/AF2-test/AF2-CatGraph/results/AqTMK/02_template_guided_docking/complexes/AqTMK_156_complex.pdb,results/AqTMK/05_plip_interaction_graphs/plip_outputs/AqTMK_156/report.xml,hydrogen_bonds,O5,GLY12A,1584,hydrogen_bonds,hydrogen_bond,ATP:B:1:O5,O5,ATP,B,1
AqTMK_156,/home/wms/AF2-test/AF2-CatGraph/results/AqTMK/02_template_guided_docking/complexes/AqTMK_156_complex.pdb,results/AqTMK/05_plip_interaction_graphs/plip_outputs/AqTMK_156/report.xml,hydrogen_bonds,O7,LYS13A,1587,hydrogen_bonds,hydrogen_bond,ATP:B:1:O7,O7,ATP,B,1
AqTMK_156,/home/wms/AF2-test/AF2-CatGraph/results/AqTMK/02_template_guided_docking/complexes/AqTMK_156_complex.pdb,results/AqTMK/05_plip_interaction_graphs/plip_outputs/AqTMK_156/report.xml,hydrogen_bonds,O7,THR14A,1587,hydrogen_bonds,hydrogen_bond,ATP:B:1:O7,O7,ATP,B,1
AqTMK_156,/home/wms/AF2-test/AF2-CatGraph/results/AqTMK/02_template_guided_docking/complexes/AqTMK_156_complex.pdb,results/AqTMK/05_plip_interaction_graphs/plip_outputs/AqTMK_156/report.xml,hydrogen_bonds,O11,THR14A,1592,hydrogen_bonds,hydrogen_bond,ATP:B:1:O11,O11,ATP,B,1
AqTMK_156,/home/wms/AF2-test/AF2-CatGraph/results/AqTMK/02_template_guided_docking/complexes/AqTMK_156_complex.pdb,results/AqTMK/05_plip_interaction_graphs/plip_outputs/AqTMK_156/report.xml,hydrogen_bonds,O4,THR15A,1583,hydrogen_bonds,hydrogen_bond,ATP:B:1:O4,O4,ATP,B,1
AqTMK_156,/home/wms/AF2-test/AF2-CatGraph/results/AqTMK/02_template_guided_docking/complexes/AqTMK_156_complex.pdb,results/AqTMK/05_plip_interaction_graphs/plip_outputs/AqTMK_156/report.xml,hydrogen_bonds,O4,THR15A,1583,hydrogen_bonds,hydrogen_bond,ATP:B:1:O4,O4,ATP,B,1
AqTMK_156,/home/wms/AF2-test/AF2-CatGraph/results/AqTMK/02_template_guided_docking/complexes/AqTMK_156_complex.pdb,results/AqTMK/05_plip_interaction_graphs/plip_outputs/AqTMK_156/report.xml,salt_bridges,P2,LYS13A,1585,salt_bridges,salt_bridge,ATP:B:1:P2,P2,ATP,B,1
AqTMK_156,/home/wms/AF2-test/AF2-CatGraph/results/AqTMK/02_template_guided_docking/complexes/AqTMK_156_complex.pdb,results/AqTMK/05_plip_interaction_graphs/plip_outputs/AqTMK_156/report.xml,salt_bridges,P3,LYS13A,1589,salt_bridges,salt_bridge,ATP:B:1:P3,P3,ATP,B,1
AqTMK_156,/home/wms/AF2-test/AF2-CatGraph/results/AqTMK/02_template_guided_docking/complexes/AqTMK_156_complex.pdb,results/AqTMK/05_plip_interaction_graphs/plip_outputs/AqTMK_156/report.xml,salt_bridges,P3,ARG90A,1589,salt_bridges,salt_bridge,ATP:B:1:P3,P3,ATP,B,1
AqTMK_156,/home/wms/AF2-test/AF2-CatGraph/results/AqTMK/02_template_guided_docking/complexes/AqTMK_156_complex.pdb,results/AqTMK/05_plip_interaction_graphs/plip_outputs/AqTMK_156/report.xml,metal_complexes,MG,THR14A,1599,metal_complexes,metal_complex,MG:B:203:MG,MG,MG,B,203
AqTMK_156,/home/wms/AF2-test/AF2-CatGraph/results/AqTMK/02_template_guided_docking/complexes/AqTMK_156_complex.pdb,results/AqTMK/05_plip_interaction_graphs/plip_outputs/AqTMK_156/report.xml,salt_bridges,P4,LYS13A,1595,salt_bridges,salt_bridge,TMP:C:1:P4,P4,TMP,C,1
AqTMK_156,/home/wms/AF2-test/AF2-CatGraph/results/AqTMK/02_template_guided_docking/complexes/AqTMK_156_complex.pdb,results/AqTMK/05_plip_interaction_graphs/plip_outputs/AqTMK_156/report.xml,salt_bridges,P4,ARG47A,1595,salt_bridges,salt_bridge,TMP:C:1:P4,P4,TMP,C,1
AqTMK_156,/home/wms/AF2-test/AF2-CatGraph/results/AqTMK/02_template_guided_docking/complexes/AqTMK_156_complex.pdb,results/AqTMK/05_plip_interaction_graphs/plip_outputs/AqTMK_156/report.xml,salt_bridges,P4,ARG90A,1595,salt_bridges,salt_bridge,TMP:C:1:P4,P4,TMP,C,1
AqTMK_159,/home/wms/AF2-test/AF2-CatGraph/results/AqTMK/02_template_guided_docking/complexes/AqTMK_159_complex.pdb,results/AqTMK/05_plip_interaction_graphs/plip_outputs/AqTMK_159/report.xml,hydrogen_bonds,O10,ASP9A,1591,hydrogen_bonds,hydrogen_bond,ATP:B:1:O10,O10,ATP,B,1
AqTMK_159,/home/wms/AF2-test/AF2-CatGraph/results/AqTMK/02_template_guided_docking/complexes/AqTMK_159_complex.pdb,results/AqTMK/05_plip_interaction_graphs/plip_outputs/AqTMK_159/report.xml,hydrogen_bonds,O8,GLY10A,1588,hydrogen_bonds,hydrogen_bond,ATP:B:1:O8,O8,ATP,B,1
AqTMK_159,/home/wms/AF2-test/AF2-CatGraph/results/AqTMK/02_template_guided_docking/complexes/AqTMK_159_complex.pdb,results/AqTMK/05_plip_interaction_graphs/plip_outputs/AqTMK_159/report.xml,hydrogen_bonds,O7,SER11A,1587,hydrogen_bonds,hydrogen_bond,ATP:B:1:O7,O7,ATP,B,1
AqTMK_159,/home/wms/AF2-test/AF2-CatGraph/results/AqTMK/02_template_guided_docking/complexes/AqTMK_159_complex.pdb,results/AqTMK/05_plip_interaction_graphs/plip_outputs/AqTMK_159/report.xml,hydrogen_bonds,O5,GLY12A,1584,hydrogen_bonds,hydrogen_bond,ATP:B:1:O5,O5,ATP,B,1
AqTMK_159,/home/wms/AF2-test/AF2-CatGraph/results/AqTMK/02_template_guided_docking/complexes/AqTMK_159_complex.pdb,results/AqTMK/05_plip_interaction_graphs/plip_outputs/AqTMK_159/report.xml,hydrogen_bonds,O7,LYS13A,1587,hydrogen_bonds,hydrogen_bond,ATP:B:1:O7,O7,ATP,B,1
AqTMK_159,/home/wms/AF2-test/AF2-CatGraph/results/AqTMK/02_template_guided_docking/complexes/AqTMK_159_complex.pdb,results/AqTMK/05_plip_interaction_graphs/plip_outputs/AqTMK_159/report.xml,hydrogen_bonds,O6,THR14A,1586,hydrogen_bonds,hydrogen_bond,ATP:B:1:O6,O6,ATP,B,1
AqTMK_159,/home/wms/AF2-test/AF2-CatGraph/results/AqTMK/02_template_guided_docking/complexes/AqTMK_159_complex.pdb,results/AqTMK/05_plip_interaction_graphs/plip_outputs/AqTMK_159/report.xml,hydrogen_bonds,O2,THR15A,1580,hydrogen_bonds,hydrogen_bond,ATP:B:1:O2,O2,ATP,B,1
AqTMK_159,/home/wms/AF2-test/AF2-CatGraph/results/AqTMK/02_template_guided_docking/complexes/AqTMK_159_complex.pdb,results/AqTMK/05_plip_interaction_graphs/plip_outputs/AqTMK_159/report.xml,hydrogen_bonds,O4,THR15A,1583,hydrogen_bonds,hydrogen_bond,ATP:B:1:O4,O4,ATP,B,1
AqTMK_159,/home/wms/AF2-test/AF2-CatGraph/results/AqTMK/02_template_guided_docking/complexes/AqTMK_159_complex.pdb,results/AqTMK/05_plip_interaction_graphs/plip_outputs/AqTMK_159/report.xml,hydrogen_bonds,O4,THR15A,1583,hydrogen_bonds,hydrogen_bond,ATP:B:1:O4,O4,ATP,B,1
AqTMK_159,/home/wms/AF2-test/AF2-CatGraph/results/AqTMK/02_template_guided_docking/complexes/AqTMK_159_complex.pdb,results/AqTMK/05_plip_interaction_graphs/plip_outputs/AqTMK_159/report.xml,salt_bridges,P2,LYS13A,1585,salt_bridges,salt_bridge,ATP:B:1:P2,P2,ATP,B,1
AqTMK_159,/home/wms/AF2-test/AF2-CatGraph/results/AqTMK/02_template_guided_docking/complexes/AqTMK_159_complex.pdb,results/AqTMK/05_plip_interaction_graphs/plip_outputs/AqTMK_159/report.xml,salt_bridges,P3,LYS13A,1589,salt_bridges,salt_bridge,ATP:B:1:P3,P3,ATP,B,1
AqTMK_159,/home/wms/AF2-test/AF2-CatGraph/results/AqTMK/02_template_guided_docking/complexes/AqTMK_159_complex.pdb,results/AqTMK/05_plip_interaction_graphs/plip_outputs/AqTMK_159/report.xml,salt_bridges,P3,ARG90A,1589,salt_bridges,salt_bridge,ATP:B:1:P3,P3,ATP,B,1
AqTMK_159,/home/wms/AF2-test/AF2-CatGraph/results/AqTMK/02_template_guided_docking/complexes/AqTMK_159_complex.pdb,results/AqTMK/05_plip_interaction_graphs/plip_outputs/AqTMK_159/report.xml,metal_complexes,MG,THR14A,1599,metal_complexes,metal_complex,MG:B:203:MG,MG,MG,B,203
AqTMK_159,/home/wms/AF2-test/AF2-CatGraph/results/AqTMK/02_template_guided_docking/complexes/AqTMK_159_complex.pdb,results/AqTMK/05_plip_interaction_graphs/plip_outputs/AqTMK_159/report.xml,salt_bridges,P4,ARG47A,1595,salt_bridges,salt_bridge,TMP:C:1:P4,P4,TMP,C,1
AqTMK_159,/home/wms/AF2-test/AF2-CatGraph/results/AqTMK/02_template_guided_docking/complexes/AqTMK_159_complex.pdb,results/AqTMK/05_plip_interaction_graphs/plip_outputs/AqTMK_159/report.xml,salt_bridges,P4,ARG90A,1595,salt_bridges,salt_bridge,TMP:C:1:P4,P4,TMP,C,1
AqTMK_163,/home/wms/AF2-test/AF2-CatGraph/results/AqTMK/02_template_guided_docking/complexes/AqTMK_163_complex.pdb,results/AqTMK/05_plip_interaction_graphs/plip_outputs/AqTMK_163/report.xml,hydrogen_bonds,O10,ASP9A,1591,hydrogen_bonds,hydrogen_bond,ATP:B:1:O10,O10,ATP,B,1
AqTMK_163,/home/wms/AF2-test/AF2-CatGraph/results/AqTMK/02_template_guided_docking/complexes/AqTMK_163_complex.pdb,results/AqTMK/05_plip_interaction_graphs/plip_outputs/AqTMK_163/report.xml,hydrogen_bonds,O8,GLY10A,1588,hydrogen_bonds,hydrogen_bond,ATP:B:1:O8,O8,ATP,B,1
AqTMK_163,/home/wms/AF2-test/AF2-CatGraph/results/AqTMK/02_template_guided_docking/complexes/AqTMK_163_complex.pdb,results/AqTMK/05_plip_interaction_graphs/plip_outputs/AqTMK_163/report.xml,hydrogen_bonds,O7,SER11A,1587,hydrogen_bonds,hydrogen_bond,ATP:B:1:O7,O7,ATP,B,1
AqTMK_163,/home/wms/AF2-test/AF2-CatGraph/results/AqTMK/02_template_guided_docking/complexes/AqTMK_163_complex.pdb,results/AqTMK/05_plip_interaction_graphs/plip_outputs/AqTMK_163/report.xml,hydrogen_bonds,O7,GLY12A,1587,hydrogen_bonds,hydrogen_bond,ATP:B:1:O7,O7,ATP,B,1
AqTMK_163,/home/wms/AF2-test/AF2-CatGraph/results/AqTMK/02_template_guided_docking/complexes/AqTMK_163_complex.pdb,results/AqTMK/05_plip_interaction_graphs/plip_outputs/AqTMK_163/report.xml,hydrogen_bonds,O7,LYS13A,1587,hydrogen_bonds,hydrogen_bond,ATP:B:1:O7,O7,ATP,B,1
AqTMK_163,/home/wms/AF2-test/AF2-CatGraph/results/AqTMK/02_template_guided_docking/complexes/AqTMK_163_complex.pdb,results/AqTMK/05_plip_interaction_graphs/plip_outputs/AqTMK_163/report.xml,hydrogen_bonds,O6,THR14A,1586,hydrogen_bonds,hydrogen_bond,ATP:B:1:O6,O6,ATP,B,1
AqTMK_163,/home/wms/AF2-test/AF2-CatGraph/results/AqTMK/02_template_guided_docking/complexes/AqTMK_163_complex.pdb,results/AqTMK/05_plip_interaction_graphs/plip_outputs/AqTMK_163/report.xml,hydrogen_bonds,O11,THR14A,1592,hydrogen_bonds,hydrogen_bond,ATP:B:1:O11,O11,ATP,B,1
AqTMK_163,/home/wms/AF2-test/AF2-CatGraph/results/AqTMK/02_template_guided_docking/complexes/AqTMK_163_complex.pdb,results/AqTMK/05_plip_interaction_graphs/plip_outputs/AqTMK_163/report.xml,hydrogen_bonds,O2,THR15A,1580,hydrogen_bonds,hydrogen_bond,ATP:B:1:O2,O2,ATP,B,1
AqTMK_163,/home/wms/AF2-test/AF2-CatGraph/results/AqTMK/02_template_guided_docking/complexes/AqTMK_163_complex.pdb,results/AqTMK/05_plip_interaction_graphs/plip_outputs/AqTMK_163/report.xml,hydrogen_bonds,O4,THR15A,1583,hydrogen_bonds,hydrogen_bond,ATP:B:1:O4,O4,ATP,B,1
AqTMK_163,/home/wms/AF2-test/AF2-CatGraph/results/AqTMK/02_template_guided_docking/complexes/AqTMK_163_complex.pdb,results/AqTMK/05_plip_interaction_graphs/plip_outputs/AqTMK_163/report.xml,hydrogen_bonds,O4,THR15A,1583,hydrogen_bonds,hydrogen_bond,ATP:B:1:O4,O4,ATP,B,1
AqTMK_163,/home/wms/AF2-test/AF2-CatGraph/results/AqTMK/02_template_guided_docking/complexes/AqTMK_163_complex.pdb,results/AqTMK/05_plip_interaction_graphs/plip_outputs/AqTMK_163/report.xml,salt_bridges,P2,LYS13A,1585,salt_bridges,salt_bridge,ATP:B:1:P2,P2,ATP,B,1
AqTMK_163,/home/wms/AF2-test/AF2-CatGraph/results/AqTMK/02_template_guided_docking/complexes/AqTMK_163_complex.pdb,results/AqTMK/05_plip_interaction_graphs/plip_outputs/AqTMK_163/report.xml,salt_bridges,P3,LYS13A,1589,salt_bridges,salt_bridge,ATP:B:1:P3,P3,ATP,B,1
AqTMK_163,/home/wms/AF2-test/AF2-CatGraph/results/AqTMK/02_template_guided_docking/complexes/AqTMK_163_complex.pdb,results/AqTMK/05_plip_interaction_graphs/plip_outputs/AqTMK_163/report.xml,salt_bridges,P3,ARG90A,1589,salt_bridges,salt_bridge,ATP:B:1:P3,P3,ATP,B,1
AqTMK_163,/home/wms/AF2-test/AF2-CatGraph/results/AqTMK/02_template_guided_docking/complexes/AqTMK_163_complex.pdb,results/AqTMK/05_plip_interaction_graphs/plip_outputs/AqTMK_163/report.xml,metal_complexes,MG,THR14A,1599,metal_complexes,metal_complex,MG:B:203:MG,MG,MG,B,203
AqTMK_163,/home/wms/AF2-test/AF2-CatGraph/results/AqTMK/02_template_guided_docking/complexes/AqTMK_163_complex.pdb,results/AqTMK/05_plip_interaction_graphs/plip_outputs/AqTMK_163/report.xml,salt_bridges,P4,ARG47A,1595,salt_bridges,salt_bridge,TMP:C:1:P4,P4,TMP,C,1
AqTMK_163,/home/wms/AF2-test/AF2-CatGraph/results/AqTMK/02_template_guided_docking/complexes/AqTMK_163_complex.pdb,results/AqTMK/05_plip_interaction_graphs/plip_outputs/AqTMK_163/report.xml,salt_bridges,P4,ARG90A,1595,salt_bridges,salt_bridge,TMP:C:1:P4,P4,TMP,C,1
AqTMK_165,/home/wms/AF2-test/AF2-CatGraph/results/AqTMK/02_template_guided_docking/complexes/AqTMK_165_complex.pdb,results/AqTMK/05_plip_interaction_graphs/plip_outputs/AqTMK_165/report.xml,hydrogen_bonds,O10,ASP9A,1591,hydrogen_bonds,hydrogen_bond,ATP:B:1:O10,O10,ATP,B,1
AqTMK_165,/home/wms/AF2-test/AF2-CatGraph/results/AqTMK/02_template_guided_docking/complexes/AqTMK_165_complex.pdb,results/AqTMK/05_plip_interaction_graphs/plip_outputs/AqTMK_165/report.xml,hydrogen_bonds,O8,GLY10A,1588,hydrogen_bonds,hydrogen_bond,ATP:B:1:O8,O8,ATP,B,1
AqTMK_165,/home/wms/AF2-test/AF2-CatGraph/results/AqTMK/02_template_guided_docking/complexes/AqTMK_165_complex.pdb,results/AqTMK/05_plip_interaction_graphs/plip_outputs/AqTMK_165/report.xml,hydrogen_bonds,O7,SER11A,1587,hydrogen_bonds,hydrogen_bond,ATP:B:1:O7,O7,ATP,B,1
AqTMK_165,/home/wms/AF2-test/AF2-CatGraph/results/AqTMK/02_template_guided_docking/complexes/AqTMK_165_complex.pdb,results/AqTMK/05_plip_interaction_graphs/plip_outputs/AqTMK_165/report.xml,hydrogen_bonds,O7,GLY12A,1587,hydrogen_bonds,hydrogen_bond,ATP:B:1:O7,O7,ATP,B,1
AqTMK_165,/home/wms/AF2-test/AF2-CatGraph/results/AqTMK/02_template_guided_docking/complexes/AqTMK_165_complex.pdb,results/AqTMK/05_plip_interaction_graphs/plip_outputs/AqTMK_165/report.xml,hydrogen_bonds,O7,LYS13A,1587,hydrogen_bonds,hydrogen_bond,ATP:B:1:O7,O7,ATP,B,1
AqTMK_165,/home/wms/AF2-test/AF2-CatGraph/results/AqTMK/02_template_guided_docking/complexes/AqTMK_165_complex.pdb,results/AqTMK/05_plip_interaction_graphs/plip_outputs/AqTMK_165/report.xml,hydrogen_bonds,O6,THR14A,1586,hydrogen_bonds,hydrogen_bond,ATP:B:1:O6,O6,ATP,B,1
AqTMK_165,/home/wms/AF2-test/AF2-CatGraph/results/AqTMK/02_template_guided_docking/complexes/AqTMK_165_complex.pdb,results/AqTMK/05_plip_interaction_graphs/plip_outputs/AqTMK_165/report.xml,hydrogen_bonds,O2,THR15A,1580,hydrogen_bonds,hydrogen_bond,ATP:B:1:O2,O2,ATP,B,1
AqTMK_165,/home/wms/AF2-test/AF2-CatGraph/results/AqTMK/02_template_guided_docking/complexes/AqTMK_165_complex.pdb,results/AqTMK/05_plip_interaction_graphs/plip_outputs/AqTMK_165/report.xml,hydrogen_bonds,O4,THR15A,1583,hydrogen_bonds,hydrogen_bond,ATP:B:1:O4,O4,ATP,B,1
AqTMK_165,/home/wms/AF2-test/AF2-CatGraph/results/AqTMK/02_template_guided_docking/complexes/AqTMK_165_complex.pdb,results/AqTMK/05_plip_interaction_graphs/plip_outputs/AqTMK_165/report.xml,hydrogen_bonds,O4,THR15A,1583,hydrogen_bonds,hydrogen_bond,ATP:B:1:O4,O4,ATP,B,1
AqTMK_165,/home/wms/AF2-test/AF2-CatGraph/results/AqTMK/02_template_guided_docking/complexes/AqTMK_165_complex.pdb,results/AqTMK/05_plip_interaction_graphs/plip_outputs/AqTMK_165/report.xml,salt_bridges,P2,LYS13A,1585,salt_bridges,salt_bridge,ATP:B:1:P2,P2,ATP,B,1
AqTMK_165,/home/wms/AF2-test/AF2-CatGraph/results/AqTMK/02_template_guided_docking/complexes/AqTMK_165_complex.pdb,results/AqTMK/05_plip_interaction_graphs/plip_outputs/AqTMK_165/report.xml,salt_bridges,P3,LYS13A,1589,salt_bridges,salt_bridge,ATP:B:1:P3,P3,ATP,B,1
AqTMK_165,/home/wms/AF2-test/AF2-CatGraph/results/AqTMK/02_template_guided_docking/complexes/AqTMK_165_complex.pdb,results/AqTMK/05_plip_interaction_graphs/plip_outputs/AqTMK_165/report.xml,salt_bridges,P3,ARG90A,1589,salt_bridges,salt_bridge,ATP:B:1:P3,P3,ATP,B,1
AqTMK_165,/home/wms/AF2-test/AF2-CatGraph/results/AqTMK/02_template_guided_docking/complexes/AqTMK_165_complex.pdb,results/AqTMK/05_plip_interaction_graphs/plip_outputs/AqTMK_165/report.xml,metal_complexes,MG,THR14A,1599,metal_complexes,metal_complex,MG:B:203:MG,MG,MG,B,203
AqTMK_165,/home/wms/AF2-test/AF2-CatGraph/results/AqTMK/02_template_guided_docking/complexes/AqTMK_165_complex.pdb,results/AqTMK/05_plip_interaction_graphs/plip_outputs/AqTMK_165/report.xml,salt_bridges,P4,ARG47A,1595,salt_bridges,salt_bridge,TMP:C:1:P4,P4,TMP,C,1
AqTMK_165,/home/wms/AF2-test/AF2-CatGraph/results/AqTMK/02_template_guided_docking/complexes/AqTMK_165_complex.pdb,results/AqTMK/05_plip_interaction_graphs/plip_outputs/AqTMK_165/report.xml,salt_bridges,P4,ARG90A,1595,salt_bridges,salt_bridge,TMP:C:1:P4,P4,TMP,C,1
AqTMK_167,/home/wms/AF2-test/AF2-CatGraph/results/AqTMK/02_template_guided_docking/complexes/AqTMK_167_complex.pdb,results/AqTMK/05_plip_interaction_graphs/plip_outputs/AqTMK_167/report.xml,hydrogen_bonds,O10,ASP9A,1591,hydrogen_bonds,hydrogen_bond,ATP:B:1:O10,O10,ATP,B,1
AqTMK_167,/home/wms/AF2-test/AF2-CatGraph/results/AqTMK/02_template_guided_docking/complexes/AqTMK_167_complex.pdb,results/AqTMK/05_plip_interaction_graphs/plip_outputs/AqTMK_167/report.xml,hydrogen_bonds,O8,GLY10A,1588,hydrogen_bonds,hydrogen_bond,ATP:B:1:O8,O8,ATP,B,1
AqTMK_167,/home/wms/AF2-test/AF2-CatGraph/results/AqTMK/02_template_guided_docking/complexes/AqTMK_167_complex.pdb,results/AqTMK/05_plip_interaction_graphs/plip_outputs/AqTMK_167/report.xml,hydrogen_bonds,O7,SER11A,1587,hydrogen_bonds,hydrogen_bond,ATP:B:1:O7,O7,ATP,B,1
AqTMK_167,/home/wms/AF2-test/AF2-CatGraph/results/AqTMK/02_template_guided_docking/complexes/AqTMK_167_complex.pdb,results/AqTMK/05_plip_interaction_graphs/plip_outputs/AqTMK_167/report.xml,hydrogen_bonds,O7,GLY12A,1587,hydrogen_bonds,hydrogen_bond,ATP:B:1:O7,O7,ATP,B,1
AqTMK_167,/home/wms/AF2-test/AF2-CatGraph/results/AqTMK/02_template_guided_docking/complexes/AqTMK_167_complex.pdb,results/AqTMK/05_plip_interaction_graphs/plip_outputs/AqTMK_167/report.xml,hydrogen_bonds,O7,LYS13A,1587,hydrogen_bonds,hydrogen_bond,ATP:B:1:O7,O7,ATP,B,1
AqTMK_167,/home/wms/AF2-test/AF2-CatGraph/results/AqTMK/02_template_guided_docking/complexes/AqTMK_167_complex.pdb,results/AqTMK/05_plip_interaction_graphs/plip_outputs/AqTMK_167/report.xml,hydrogen_bonds,O6,THR14A,1586,hydrogen_bonds,hydrogen_bond,ATP:B:1:O6,O6,ATP,B,1
AqTMK_167,/home/wms/AF2-test/AF2-CatGraph/results/AqTMK/02_template_guided_docking/complexes/AqTMK_167_complex.pdb,results/AqTMK/05_plip_interaction_graphs/plip_outputs/AqTMK_167/report.xml,hydrogen_bonds,O4,THR15A,1583,hydrogen_bonds,hydrogen_bond,ATP:B:1:O4,O4,ATP,B,1
AqTMK_167,/home/wms/AF2-test/AF2-CatGraph/results/AqTMK/02_template_guided_docking/complexes/AqTMK_167_complex.pdb,results/AqTMK/05_plip_interaction_graphs/plip_outputs/AqTMK_167/report.xml,hydrogen_bonds,O4,THR15A,1583,hydrogen_bonds,hydrogen_bond,ATP:B:1:O4,O4,ATP,B,1
AqTMK_167,/home/wms/AF2-test/AF2-CatGraph/results/AqTMK/02_template_guided_docking/complexes/AqTMK_167_complex.pdb,results/AqTMK/05_plip_interaction_graphs/plip_outputs/AqTMK_167/report.xml,hydrogen_bonds,O10,ARG90A,1591,hydrogen_bonds,hydrogen_bond,ATP:B:1:O10,O10,ATP,B,1
AqTMK_167,/home/wms/AF2-test/AF2-CatGraph/results/AqTMK/02_template_guided_docking/complexes/AqTMK_167_complex.pdb,results/AqTMK/05_plip_interaction_graphs/plip_outputs/AqTMK_167/report.xml,salt_bridges,P2,LYS13A,1585,salt_bridges,salt_bridge,ATP:B:1:P2,P2,ATP,B,1
AqTMK_167,/home/wms/AF2-test/AF2-CatGraph/results/AqTMK/02_template_guided_docking/complexes/AqTMK_167_complex.pdb,results/AqTMK/05_plip_interaction_graphs/plip_outputs/AqTMK_167/report.xml,salt_bridges,P3,LYS13A,1589,salt_bridges,salt_bridge,ATP:B:1:P3,P3,ATP,B,1
AqTMK_167,/home/wms/AF2-test/AF2-CatGraph/results/AqTMK/02_template_guided_docking/complexes/AqTMK_167_complex.pdb,results/AqTMK/05_plip_interaction_graphs/plip_outputs/AqTMK_167/report.xml,metal_complexes,MG,THR14A,1599,metal_complexes,metal_complex,MG:B:203:MG,MG,MG,B,203
AqTMK_167,/home/wms/AF2-test/AF2-CatGraph/results/AqTMK/02_template_guided_docking/complexes/AqTMK_167_complex.pdb,results/AqTMK/05_plip_interaction_graphs/plip_outputs/AqTMK_167/report.xml,salt_bridges,P4,ARG47A,1595,salt_bridges,salt_bridge,TMP:C:1:P4,P4,TMP,C,1
AqTMK_167,/home/wms/AF2-test/AF2-CatGraph/results/AqTMK/02_template_guided_docking/complexes/AqTMK_167_complex.pdb,results/AqTMK/05_plip_interaction_graphs/plip_outputs/AqTMK_167/report.xml,salt_bridges,P4,ARG90A,1595,salt_bridges,salt_bridge,TMP:C:1:P4,P4,TMP,C,1
AqTMK_171,/home/wms/AF2-test/AF2-CatGraph/results/AqTMK/02_template_guided_docking/complexes/AqTMK_171_complex.pdb,results/AqTMK/05_plip_interaction_graphs/plip_outputs/AqTMK_171/report.xml,hydrogen_bonds,O10,ASP9A,1591,hydrogen_bonds,hydrogen_bond,ATP:B:1:O10,O10,ATP,B,1
AqTMK_171,/home/wms/AF2-test/AF2-CatGraph/results/AqTMK/02_template_guided_docking/complexes/AqTMK_171_complex.pdb,results/AqTMK/05_plip_interaction_graphs/plip_outputs/AqTMK_171/report.xml,hydrogen_bonds,O8,GLY10A,1588,hydrogen_bonds,hydrogen_bond,ATP:B:1:O8,O8,ATP,B,1
AqTMK_171,/home/wms/AF2-test/AF2-CatGraph/results/AqTMK/02_template_guided_docking/complexes/AqTMK_171_complex.pdb,results/AqTMK/05_plip_interaction_graphs/plip_outputs/AqTMK_171/report.xml,hydrogen_bonds,O7,SER11A,1587,hydrogen_bonds,hydrogen_bond,ATP:B:1:O7,O7,ATP,B,1
AqTMK_171,/home/wms/AF2-test/AF2-CatGraph/results/AqTMK/02_template_guided_docking/complexes/AqTMK_171_complex.pdb,results/AqTMK/05_plip_interaction_graphs/plip_outputs/AqTMK_171/report.xml,hydrogen_bonds,O7,GLY12A,1587,hydrogen_bonds,hydrogen_bond,ATP:B:1:O7,O7,ATP,B,1
AqTMK_171,/home/wms/AF2-test/AF2-CatGraph/results/AqTMK/02_template_guided_docking/complexes/AqTMK_171_complex.pdb,results/AqTMK/05_plip_interaction_graphs/plip_outputs/AqTMK_171/report.xml,hydrogen_bonds,O7,LYS13A,1587,hydrogen_bonds,hydrogen_bond,ATP:B:1:O7,O7,ATP,B,1
AqTMK_171,/home/wms/AF2-test/AF2-CatGraph/results/AqTMK/02_template_guided_docking/complexes/AqTMK_171_complex.pdb,results/AqTMK/05_plip_interaction_graphs/plip_outputs/AqTMK_171/report.xml,hydrogen_bonds,O7,THR14A,1587,hydrogen_bonds,hydrogen_bond,ATP:B:1:O7,O7,ATP,B,1
AqTMK_171,/home/wms/AF2-test/AF2-CatGraph/results/AqTMK/02_template_guided_docking/complexes/AqTMK_171_complex.pdb,results/AqTMK/05_plip_interaction_graphs/plip_outputs/AqTMK_171/report.xml,hydrogen_bonds,O2,THR15A,1580,hydrogen_bonds,hydrogen_bond,ATP:B:1:O2,O2,ATP,B,1
AqTMK_171,/home/wms/AF2-test/AF2-CatGraph/results/AqTMK/02_template_guided_docking/complexes/AqTMK_171_complex.pdb,results/AqTMK/05_plip_interaction_graphs/plip_outputs/AqTMK_171/report.xml,hydrogen_bonds,O4,THR15A,1583,hydrogen_bonds,hydrogen_bond,ATP:B:1:O4,O4,ATP,B,1
AqTMK_171,/home/wms/AF2-test/AF2-CatGraph/results/AqTMK/02_template_guided_docking/complexes/AqTMK_171_complex.pdb,results/AqTMK/05_plip_interaction_graphs/plip_outputs/AqTMK_171/report.xml,hydrogen_bonds,O4,THR15A,1583,hydrogen_bonds,hydrogen_bond,ATP:B:1:O4,O4,ATP,B,1
AqTMK_171,/home/wms/AF2-test/AF2-CatGraph/results/AqTMK/02_template_guided_docking/complexes/AqTMK_171_complex.pdb,results/AqTMK/05_plip_interaction_graphs/plip_outputs/AqTMK_171/report.xml,salt_bridges,P2,LYS13A,1585,salt_bridges,salt_bridge,ATP:B:1:P2,P2,ATP,B,1
AqTMK_171,/home/wms/AF2-test/AF2-CatGraph/results/AqTMK/02_template_guided_docking/complexes/AqTMK_171_complex.pdb,results/AqTMK/05_plip_interaction_graphs/plip_outputs/AqTMK_171/report.xml,salt_bridges,P3,LYS13A,1589,salt_bridges,salt_bridge,ATP:B:1:P3,P3,ATP,B,1
AqTMK_171,/home/wms/AF2-test/AF2-CatGraph/results/AqTMK/02_template_guided_docking/complexes/AqTMK_171_complex.pdb,results/AqTMK/05_plip_interaction_graphs/plip_outputs/AqTMK_171/report.xml,salt_bridges,P3,ARG90A,1589,salt_bridges,salt_bridge,ATP:B:1:P3,P3,ATP,B,1
AqTMK_171,/home/wms/AF2-test/AF2-CatGraph/results/AqTMK/02_template_guided_docking/complexes/AqTMK_171_complex.pdb,results/AqTMK/05_plip_interaction_graphs/plip_outputs/AqTMK_171/report.xml,metal_complexes,MG,THR14A,1599,metal_complexes,metal_complex,MG:B:203:MG,MG,MG,B,203
AqTMK_171,/home/wms/AF2-test/AF2-CatGraph/results/AqTMK/02_template_guided_docking/complexes/AqTMK_171_complex.pdb,results/AqTMK/05_plip_interaction_graphs/plip_outputs/AqTMK_171/report.xml,hydrogen_bonds,O14,ARG47A,1597,hydrogen_bonds,hydrogen_bond,TMP:C:1:O14,O14,TMP,C,1
AqTMK_171,/home/wms/AF2-test/AF2-CatGraph/results/AqTMK/02_template_guided_docking/complexes/AqTMK_171_complex.pdb,results/AqTMK/05_plip_interaction_graphs/plip_outputs/AqTMK_171/report.xml,salt_bridges,P4,LYS13A,1595,salt_bridges,salt_bridge,TMP:C:1:P4,P4,TMP,C,1
AqTMK_171,/home/wms/AF2-test/AF2-CatGraph/results/AqTMK/02_template_guided_docking/complexes/AqTMK_171_complex.pdb,results/AqTMK/05_plip_interaction_graphs/plip_outputs/AqTMK_171/report.xml,salt_bridges,P4,ARG90A,1595,salt_bridges,salt_bridge,TMP:C:1:P4,P4,TMP,C,1
AqTMK_172,/home/wms/AF2-test/AF2-CatGraph/results/AqTMK/02_template_guided_docking/complexes/AqTMK_172_complex.pdb,results/AqTMK/05_plip_interaction_graphs/plip_outputs/AqTMK_172/report.xml,hydrogen_bonds,O10,ASP9A,1591,hydrogen_bonds,hydrogen_bond,ATP:B:1:O10,O10,ATP,B,1
AqTMK_172,/home/wms/AF2-test/AF2-CatGraph/results/AqTMK/02_template_guided_docking/complexes/AqTMK_172_complex.pdb,results/AqTMK/05_plip_interaction_graphs/plip_outputs/AqTMK_172/report.xml,hydrogen_bonds,O8,GLY10A,1588,hydrogen_bonds,hydrogen_bond,ATP:B:1:O8,O8,ATP,B,1
AqTMK_172,/home/wms/AF2-test/AF2-CatGraph/results/AqTMK/02_template_guided_docking/complexes/AqTMK_172_complex.pdb,results/AqTMK/05_plip_interaction_graphs/plip_outputs/AqTMK_172/report.xml,hydrogen_bonds,O7,SER11A,1587,hydrogen_bonds,hydrogen_bond,ATP:B:1:O7,O7,ATP,B,1
AqTMK_172,/home/wms/AF2-test/AF2-CatGraph/results/AqTMK/02_template_guided_docking/complexes/AqTMK_172_complex.pdb,results/AqTMK/05_plip_interaction_graphs/plip_outputs/AqTMK_172/report.xml,hydrogen_bonds,O7,GLY12A,1587,hydrogen_bonds,hydrogen_bond,ATP:B:1:O7,O7,ATP,B,1
AqTMK_172,/home/wms/AF2-test/AF2-CatGraph/results/AqTMK/02_template_guided_docking/complexes/AqTMK_172_complex.pdb,results/AqTMK/05_plip_interaction_graphs/plip_outputs/AqTMK_172/report.xml,hydrogen_bonds,O7,LYS13A,1587,hydrogen_bonds,hydrogen_bond,ATP:B:1:O7,O7,ATP,B,1
AqTMK_172,/home/wms/AF2-test/AF2-CatGraph/results/AqTMK/02_template_guided_docking/complexes/AqTMK_172_complex.pdb,results/AqTMK/05_plip_interaction_graphs/plip_outputs/AqTMK_172/report.xml,hydrogen_bonds,O6,THR14A,1586,hydrogen_bonds,hydrogen_bond,ATP:B:1:O6,O6,ATP,B,1
AqTMK_172,/home/wms/AF2-test/AF2-CatGraph/results/AqTMK/02_template_guided_docking/complexes/AqTMK_172_complex.pdb,results/AqTMK/05_plip_interaction_graphs/plip_outputs/AqTMK_172/report.xml,hydrogen_bonds,O2,THR15A,1580,hydrogen_bonds,hydrogen_bond,ATP:B:1:O2,O2,ATP,B,1
AqTMK_172,/home/wms/AF2-test/AF2-CatGraph/results/AqTMK/02_template_guided_docking/complexes/AqTMK_172_complex.pdb,results/AqTMK/05_plip_interaction_graphs/plip_outputs/AqTMK_172/report.xml,hydrogen_bonds,O4,THR15A,1583,hydrogen_bonds,hydrogen_bond,ATP:B:1:O4,O4,ATP,B,1
AqTMK_172,/home/wms/AF2-test/AF2-CatGraph/results/AqTMK/02_template_guided_docking/complexes/AqTMK_172_complex.pdb,results/AqTMK/05_plip_interaction_graphs/plip_outputs/AqTMK_172/report.xml,hydrogen_bonds,O4,THR15A,1583,hydrogen_bonds,hydrogen_bond,ATP:B:1:O4,O4,ATP,B,1
AqTMK_172,/home/wms/AF2-test/AF2-CatGraph/results/AqTMK/02_template_guided_docking/complexes/AqTMK_172_complex.pdb,results/AqTMK/05_plip_interaction_graphs/plip_outputs/AqTMK_172/report.xml,salt_bridges,P2,LYS13A,1585,salt_bridges,salt_bridge,ATP:B:1:P2,P2,ATP,B,1
AqTMK_172,/home/wms/AF2-test/AF2-CatGraph/results/AqTMK/02_template_guided_docking/complexes/AqTMK_172_complex.pdb,results/AqTMK/05_plip_interaction_graphs/plip_outputs/AqTMK_172/report.xml,salt_bridges,P3,LYS13A,1589,salt_bridges,salt_bridge,ATP:B:1:P3,P3,ATP,B,1
AqTMK_172,/home/wms/AF2-test/AF2-CatGraph/results/AqTMK/02_template_guided_docking/complexes/AqTMK_172_complex.pdb,results/AqTMK/05_plip_interaction_graphs/plip_outputs/AqTMK_172/report.xml,salt_bridges,P3,ARG90A,1589,salt_bridges,salt_bridge,ATP:B:1:P3,P3,ATP,B,1
AqTMK_172,/home/wms/AF2-test/AF2-CatGraph/results/AqTMK/02_template_guided_docking/complexes/AqTMK_172_complex.pdb,results/AqTMK/05_plip_interaction_graphs/plip_outputs/AqTMK_172/report.xml,salt_bridges,P4,ARG47A,1595,salt_bridges,salt_bridge,TMP:C:1:P4,P4,TMP,C,1
AqTMK_172,/home/wms/AF2-test/AF2-CatGraph/results/AqTMK/02_template_guided_docking/complexes/AqTMK_172_complex.pdb,results/AqTMK/05_plip_interaction_graphs/plip_outputs/AqTMK_172/report.xml,salt_bridges,P4,ARG90A,1595,salt_bridges,salt_bridge,TMP:C:1:P4,P4,TMP,C,1
AqTMK_173,/home/wms/AF2-test/AF2-CatGraph/results/AqTMK/02_template_guided_docking/complexes/AqTMK_173_complex.pdb,results/AqTMK/05_plip_interaction_graphs/plip_outputs/AqTMK_173/report.xml,hydrogen_bonds,O10,ASP9A,1591,hydrogen_bonds,hydrogen_bond,ATP:B:1:O10,O10,ATP,B,1
AqTMK_173,/home/wms/AF2-test/AF2-CatGraph/results/AqTMK/02_template_guided_docking/complexes/AqTMK_173_complex.pdb,results/AqTMK/05_plip_interaction_graphs/plip_outputs/AqTMK_173/report.xml,hydrogen_bonds,O8,GLY10A,1588,hydrogen_bonds,hydrogen_bond,ATP:B:1:O8,O8,ATP,B,1
AqTMK_173,/home/wms/AF2-test/AF2-CatGraph/results/AqTMK/02_template_guided_docking/complexes/AqTMK_173_complex.pdb,results/AqTMK/05_plip_interaction_graphs/plip_outputs/AqTMK_173/report.xml,hydrogen_bonds,O7,SER11A,1587,hydrogen_bonds,hydrogen_bond,ATP:B:1:O7,O7,ATP,B,1
AqTMK_173,/home/wms/AF2-test/AF2-CatGraph/results/AqTMK/02_template_guided_docking/complexes/AqTMK_173_complex.pdb,results/AqTMK/05_plip_interaction_graphs/plip_outputs/AqTMK_173/report.xml,hydrogen_bonds,O7,GLY12A,1587,hydrogen_bonds,hydrogen_bond,ATP:B:1:O7,O7,ATP,B,1
AqTMK_173,/home/wms/AF2-test/AF2-CatGraph/results/AqTMK/02_template_guided_docking/complexes/AqTMK_173_complex.pdb,results/AqTMK/05_plip_interaction_graphs/plip_outputs/AqTMK_173/report.xml,hydrogen_bonds,O7,LYS13A,1587,hydrogen_bonds,hydrogen_bond,ATP:B:1:O7,O7,ATP,B,1
AqTMK_173,/home/wms/AF2-test/AF2-CatGraph/results/AqTMK/02_template_guided_docking/complexes/AqTMK_173_complex.pdb,results/AqTMK/05_plip_interaction_graphs/plip_outputs/AqTMK_173/report.xml,hydrogen_bonds,O6,THR14A,1586,hydrogen_bonds,hydrogen_bond,ATP:B:1:O6,O6,ATP,B,1
AqTMK_173,/home/wms/AF2-test/AF2-CatGraph/results/AqTMK/02_template_guided_docking/complexes/AqTMK_173_complex.pdb,results/AqTMK/05_plip_interaction_graphs/plip_outputs/AqTMK_173/report.xml,hydrogen_bonds,O4,THR15A,1583,hydrogen_bonds,hydrogen_bond,ATP:B:1:O4,O4,ATP,B,1
AqTMK_173,/home/wms/AF2-test/AF2-CatGraph/results/AqTMK/02_template_guided_docking/complexes/AqTMK_173_complex.pdb,results/AqTMK/05_plip_interaction_graphs/plip_outputs/AqTMK_173/report.xml,hydrogen_bonds,O4,THR15A,1583,hydrogen_bonds,hydrogen_bond,ATP:B:1:O4,O4,ATP,B,1
AqTMK_173,/home/wms/AF2-test/AF2-CatGraph/results/AqTMK/02_template_guided_docking/complexes/AqTMK_173_complex.pdb,results/AqTMK/05_plip_interaction_graphs/plip_outputs/AqTMK_173/report.xml,salt_bridges,P2,LYS13A,1585,salt_bridges,salt_bridge,ATP:B:1:P2,P2,ATP,B,1
AqTMK_173,/home/wms/AF2-test/AF2-CatGraph/results/AqTMK/02_template_guided_docking/complexes/AqTMK_173_complex.pdb,results/AqTMK/05_plip_interaction_graphs/plip_outputs/AqTMK_173/report.xml,salt_bridges,P3,LYS13A,1589,salt_bridges,salt_bridge,ATP:B:1:P3,P3,ATP,B,1
AqTMK_173,/home/wms/AF2-test/AF2-CatGraph/results/AqTMK/02_template_guided_docking/complexes/AqTMK_173_complex.pdb,results/AqTMK/05_plip_interaction_graphs/plip_outputs/AqTMK_173/report.xml,salt_bridges,P3,ARG90A,1589,salt_bridges,salt_bridge,ATP:B:1:P3,P3,ATP,B,1
AqTMK_173,/home/wms/AF2-test/AF2-CatGraph/results/AqTMK/02_template_guided_docking/complexes/AqTMK_173_complex.pdb,results/AqTMK/05_plip_interaction_graphs/plip_outputs/AqTMK_173/report.xml,metal_complexes,MG,THR14A,1599,metal_complexes,metal_complex,MG:B:203:MG,MG,MG,B,203
AqTMK_173,/home/wms/AF2-test/AF2-CatGraph/results/AqTMK/02_template_guided_docking/complexes/AqTMK_173_complex.pdb,results/AqTMK/05_plip_interaction_graphs/plip_outputs/AqTMK_173/report.xml,salt_bridges,P4,ARG35A,1595,salt_bridges,salt_bridge,TMP:C:1:P4,P4,TMP,C,1
AqTMK_173,/home/wms/AF2-test/AF2-CatGraph/results/AqTMK/02_template_guided_docking/complexes/AqTMK_173_complex.pdb,results/AqTMK/05_plip_interaction_graphs/plip_outputs/AqTMK_173/report.xml,salt_bridges,P4,ARG47A,1595,salt_bridges,salt_bridge,TMP:C:1:P4,P4,TMP,C,1
AqTMK_173,/home/wms/AF2-test/AF2-CatGraph/results/AqTMK/02_template_guided_docking/complexes/AqTMK_173_complex.pdb,results/AqTMK/05_plip_interaction_graphs/plip_outputs/AqTMK_173/report.xml,salt_bridges,P4,ARG90A,1595,salt_bridges,salt_bridge,TMP:C:1:P4,P4,TMP,C,1
AqTMK_175,/home/wms/AF2-test/AF2-CatGraph/results/AqTMK/02_template_guided_docking/complexes/AqTMK_175_complex.pdb,results/AqTMK/05_plip_interaction_graphs/plip_outputs/AqTMK_175/report.xml,hydrogen_bonds,O10,ASP9A,1591,hydrogen_bonds,hydrogen_bond,ATP:B:1:O10,O10,ATP,B,1
AqTMK_175,/home/wms/AF2-test/AF2-CatGraph/results/AqTMK/02_template_guided_docking/complexes/AqTMK_175_complex.pdb,results/AqTMK/05_plip_interaction_graphs/plip_outputs/AqTMK_175/report.xml,hydrogen_bonds,O8,GLY10A,1588,hydrogen_bonds,hydrogen_bond,ATP:B:1:O8,O8,ATP,B,1
AqTMK_175,/home/wms/AF2-test/AF2-CatGraph/results/AqTMK/02_template_guided_docking/complexes/AqTMK_175_complex.pdb,results/AqTMK/05_plip_interaction_graphs/plip_outputs/AqTMK_175/report.xml,hydrogen_bonds,O7,SER11A,1587,hydrogen_bonds,hydrogen_bond,ATP:B:1:O7,O7,ATP,B,1
AqTMK_175,/home/wms/AF2-test/AF2-CatGraph/results/AqTMK/02_template_guided_docking/complexes/AqTMK_175_complex.pdb,results/AqTMK/05_plip_interaction_graphs/plip_outputs/AqTMK_175/report.xml,hydrogen_bonds,O7,GLY12A,1587,hydrogen_bonds,hydrogen_bond,ATP:B:1:O7,O7,ATP,B,1
AqTMK_175,/home/wms/AF2-test/AF2-CatGraph/results/AqTMK/02_template_guided_docking/complexes/AqTMK_175_complex.pdb,results/AqTMK/05_plip_interaction_graphs/plip_outputs/AqTMK_175/report.xml,hydrogen_bonds,O7,LYS13A,1587,hydrogen_bonds,hydrogen_bond,ATP:B:1:O7,O7,ATP,B,1
AqTMK_175,/home/wms/AF2-test/AF2-CatGraph/results/AqTMK/02_template_guided_docking/complexes/AqTMK_175_complex.pdb,results/AqTMK/05_plip_interaction_graphs/plip_outputs/AqTMK_175/report.xml,hydrogen_bonds,O7,THR14A,1587,hydrogen_bonds,hydrogen_bond,ATP:B:1:O7,O7,ATP,B,1
AqTMK_175,/home/wms/AF2-test/AF2-CatGraph/results/AqTMK/02_template_guided_docking/complexes/AqTMK_175_complex.pdb,results/AqTMK/05_plip_interaction_graphs/plip_outputs/AqTMK_175/report.xml,hydrogen_bonds,O2,THR15A,1580,hydrogen_bonds,hydrogen_bond,ATP:B:1:O2,O2,ATP,B,1
AqTMK_175,/home/wms/AF2-test/AF2-CatGraph/results/AqTMK/02_template_guided_docking/complexes/AqTMK_175_complex.pdb,results/AqTMK/05_plip_interaction_graphs/plip_outputs/AqTMK_175/report.xml,hydrogen_bonds,O4,THR15A,1583,hydrogen_bonds,hydrogen_bond,ATP:B:1:O4,O4,ATP,B,1
AqTMK_175,/home/wms/AF2-test/AF2-CatGraph/results/AqTMK/02_template_guided_docking/complexes/AqTMK_175_complex.pdb,results/AqTMK/05_plip_interaction_graphs/plip_outputs/AqTMK_175/report.xml,hydrogen_bonds,O4,THR15A,1583,hydrogen_bonds,hydrogen_bond,ATP:B:1:O4,O4,ATP,B,1
AqTMK_175,/home/wms/AF2-test/AF2-CatGraph/results/AqTMK/02_template_guided_docking/complexes/AqTMK_175_complex.pdb,results/AqTMK/05_plip_interaction_graphs/plip_outputs/AqTMK_175/report.xml,salt_bridges,P2,LYS13A,1585,salt_bridges,salt_bridge,ATP:B:1:P2,P2,ATP,B,1
AqTMK_175,/home/wms/AF2-test/AF2-CatGraph/results/AqTMK/02_template_guided_docking/complexes/AqTMK_175_complex.pdb,results/AqTMK/05_plip_interaction_graphs/plip_outputs/AqTMK_175/report.xml,salt_bridges,P3,LYS13A,1589,salt_bridges,salt_bridge,ATP:B:1:P3,P3,ATP,B,1
AqTMK_175,/home/wms/AF2-test/AF2-CatGraph/results/AqTMK/02_template_guided_docking/complexes/AqTMK_175_complex.pdb,results/AqTMK/05_plip_interaction_graphs/plip_outputs/AqTMK_175/report.xml,salt_bridges,P3,ARG90A,1589,salt_bridges,salt_bridge,ATP:B:1:P3,P3,ATP,B,1
AqTMK_175,/home/wms/AF2-test/AF2-CatGraph/results/AqTMK/02_template_guided_docking/complexes/AqTMK_175_complex.pdb,results/AqTMK/05_plip_interaction_graphs/plip_outputs/AqTMK_175/report.xml,metal_complexes,MG,THR14A,1599,metal_complexes,metal_complex,MG:B:203:MG,MG,MG,B,203
AqTMK_175,/home/wms/AF2-test/AF2-CatGraph/results/AqTMK/02_template_guided_docking/complexes/AqTMK_175_complex.pdb,results/AqTMK/05_plip_interaction_graphs/plip_outputs/AqTMK_175/report.xml,salt_bridges,P4,LYS13A,1595,salt_bridges,salt_bridge,TMP:C:1:P4,P4,TMP,C,1
AqTMK_175,/home/wms/AF2-test/AF2-CatGraph/results/AqTMK/02_template_guided_docking/complexes/AqTMK_175_complex.pdb,results/AqTMK/05_plip_interaction_graphs/plip_outputs/AqTMK_175/report.xml,salt_bridges,P4,ARG35A,1595,salt_bridges,salt_bridge,TMP:C:1:P4,P4,TMP,C,1
AqTMK_175,/home/wms/AF2-test/AF2-CatGraph/results/AqTMK/02_template_guided_docking/complexes/AqTMK_175_complex.pdb,results/AqTMK/05_plip_interaction_graphs/plip_outputs/AqTMK_175/report.xml,salt_bridges,P4,ARG47A,1595,salt_bridges,salt_bridge,TMP:C:1:P4,P4,TMP,C,1
AqTMK_175,/home/wms/AF2-test/AF2-CatGraph/results/AqTMK/02_template_guided_docking/complexes/AqTMK_175_complex.pdb,results/AqTMK/05_plip_interaction_graphs/plip_outputs/AqTMK_175/report.xml,salt_bridges,P4,ARG90A,1595,salt_bridges,salt_bridge,TMP:C:1:P4,P4,TMP,C,1
AqTMK_178,/home/wms/AF2-test/AF2-CatGraph/results/AqTMK/02_template_guided_docking/complexes/AqTMK_178_complex.pdb,results/AqTMK/05_plip_interaction_graphs/plip_outputs/AqTMK_178/report.xml,hydrogen_bonds,O8,ASP9A,1588,hydrogen_bonds,hydrogen_bond,ATP:B:1:O8,O8,ATP,B,1
AqTMK_178,/home/wms/AF2-test/AF2-CatGraph/results/AqTMK/02_template_guided_docking/complexes/AqTMK_178_complex.pdb,results/AqTMK/05_plip_interaction_graphs/plip_outputs/AqTMK_178/report.xml,hydrogen_bonds,O8,GLY10A,1588,hydrogen_bonds,hydrogen_bond,ATP:B:1:O8,O8,ATP,B,1
AqTMK_178,/home/wms/AF2-test/AF2-CatGraph/results/AqTMK/02_template_guided_docking/complexes/AqTMK_178_complex.pdb,results/AqTMK/05_plip_interaction_graphs/plip_outputs/AqTMK_178/report.xml,hydrogen_bonds,O7,SER11A,1587,hydrogen_bonds,hydrogen_bond,ATP:B:1:O7,O7,ATP,B,1
AqTMK_178,/home/wms/AF2-test/AF2-CatGraph/results/AqTMK/02_template_guided_docking/complexes/AqTMK_178_complex.pdb,results/AqTMK/05_plip_interaction_graphs/plip_outputs/AqTMK_178/report.xml,hydrogen_bonds,O7,GLY12A,1587,hydrogen_bonds,hydrogen_bond,ATP:B:1:O7,O7,ATP,B,1
AqTMK_178,/home/wms/AF2-test/AF2-CatGraph/results/AqTMK/02_template_guided_docking/complexes/AqTMK_178_complex.pdb,results/AqTMK/05_plip_interaction_graphs/plip_outputs/AqTMK_178/report.xml,hydrogen_bonds,O7,LYS13A,1587,hydrogen_bonds,hydrogen_bond,ATP:B:1:O7,O7,ATP,B,1
AqTMK_178,/home/wms/AF2-test/AF2-CatGraph/results/AqTMK/02_template_guided_docking/complexes/AqTMK_178_complex.pdb,results/AqTMK/05_plip_interaction_graphs/plip_outputs/AqTMK_178/report.xml,hydrogen_bonds,O6,THR14A,1586,hydrogen_bonds,hydrogen_bond,ATP:B:1:O6,O6,ATP,B,1
AqTMK_178,/home/wms/AF2-test/AF2-CatGraph/results/AqTMK/02_template_guided_docking/complexes/AqTMK_178_complex.pdb,results/AqTMK/05_plip_interaction_graphs/plip_outputs/AqTMK_178/report.xml,hydrogen_bonds,O4,THR15A,1583,hydrogen_bonds,hydrogen_bond,ATP:B:1:O4,O4,ATP,B,1
AqTMK_178,/home/wms/AF2-test/AF2-CatGraph/results/AqTMK/02_template_guided_docking/complexes/AqTMK_178_complex.pdb,results/AqTMK/05_plip_interaction_graphs/plip_outputs/AqTMK_178/report.xml,hydrogen_bonds,O4,THR15A,1583,hydrogen_bonds,hydrogen_bond,ATP:B:1:O4,O4,ATP,B,1
AqTMK_178,/home/wms/AF2-test/AF2-CatGraph/results/AqTMK/02_template_guided_docking/complexes/AqTMK_178_complex.pdb,results/AqTMK/05_plip_interaction_graphs/plip_outputs/AqTMK_178/report.xml,salt_bridges,P2,LYS13A,1585,salt_bridges,salt_bridge,ATP:B:1:P2,P2,ATP,B,1
AqTMK_178,/home/wms/AF2-test/AF2-CatGraph/results/AqTMK/02_template_guided_docking/complexes/AqTMK_178_complex.pdb,results/AqTMK/05_plip_interaction_graphs/plip_outputs/AqTMK_178/report.xml,salt_bridges,P3,LYS13A,1589,salt_bridges,salt_bridge,ATP:B:1:P3,P3,ATP,B,1
AqTMK_178,/home/wms/AF2-test/AF2-CatGraph/results/AqTMK/02_template_guided_docking/complexes/AqTMK_178_complex.pdb,results/AqTMK/05_plip_interaction_graphs/plip_outputs/AqTMK_178/report.xml,salt_bridges,P2,ARG90A,1585,salt_bridges,salt_bridge,ATP:B:1:P2,P2,ATP,B,1
AqTMK_178,/home/wms/AF2-test/AF2-CatGraph/results/AqTMK/02_template_guided_docking/complexes/AqTMK_178_complex.pdb,results/AqTMK/05_plip_interaction_graphs/plip_outputs/AqTMK_178/report.xml,salt_bridges,P3,ARG90A,1589,salt_bridges,salt_bridge,ATP:B:1:P3,P3,ATP,B,1
AqTMK_178,/home/wms/AF2-test/AF2-CatGraph/results/AqTMK/02_template_guided_docking/complexes/AqTMK_178_complex.pdb,results/AqTMK/05_plip_interaction_graphs/plip_outputs/AqTMK_178/report.xml,salt_bridges,P4,ARG47A,1595,salt_bridges,salt_bridge,TMP:C:1:P4,P4,TMP,C,1
AqTMK_178,/home/wms/AF2-test/AF2-CatGraph/results/AqTMK/02_template_guided_docking/complexes/AqTMK_178_complex.pdb,results/AqTMK/05_plip_interaction_graphs/plip_outputs/AqTMK_178/report.xml,salt_bridges,P4,ARG90A,1595,salt_bridges,salt_bridge,TMP:C:1:P4,P4,TMP,C,1
AqTMK_179,/home/wms/AF2-test/AF2-CatGraph/results/AqTMK/02_template_guided_docking/complexes/AqTMK_179_complex.pdb,results/AqTMK/05_plip_interaction_graphs/plip_outputs/AqTMK_179/report.xml,hydrogen_bonds,O10,ASP9A,1591,hydrogen_bonds,hydrogen_bond,ATP:B:1:O10,O10,ATP,B,1
AqTMK_179,/home/wms/AF2-test/AF2-CatGraph/results/AqTMK/02_template_guided_docking/complexes/AqTMK_179_complex.pdb,results/AqTMK/05_plip_interaction_graphs/plip_outputs/AqTMK_179/report.xml,hydrogen_bonds,O8,GLY10A,1588,hydrogen_bonds,hydrogen_bond,ATP:B:1:O8,O8,ATP,B,1
AqTMK_179,/home/wms/AF2-test/AF2-CatGraph/results/AqTMK/02_template_guided_docking/complexes/AqTMK_179_complex.pdb,results/AqTMK/05_plip_interaction_graphs/plip_outputs/AqTMK_179/report.xml,hydrogen_bonds,O7,SER11A,1587,hydrogen_bonds,hydrogen_bond,ATP:B:1:O7,O7,ATP,B,1
AqTMK_179,/home/wms/AF2-test/AF2-CatGraph/results/AqTMK/02_template_guided_docking/complexes/AqTMK_179_complex.pdb,results/AqTMK/05_plip_interaction_graphs/plip_outputs/AqTMK_179/report.xml,hydrogen_bonds,O7,GLY12A,1587,hydrogen_bonds,hydrogen_bond,ATP:B:1:O7,O7,ATP,B,1
AqTMK_179,/home/wms/AF2-test/AF2-CatGraph/results/AqTMK/02_template_guided_docking/complexes/AqTMK_179_complex.pdb,results/AqTMK/05_plip_interaction_graphs/plip_outputs/AqTMK_179/report.xml,hydrogen_bonds,O7,LYS13A,1587,hydrogen_bonds,hydrogen_bond,ATP:B:1:O7,O7,ATP,B,1
AqTMK_179,/home/wms/AF2-test/AF2-CatGraph/results/AqTMK/02_template_guided_docking/complexes/AqTMK_179_complex.pdb,results/AqTMK/05_plip_interaction_graphs/plip_outputs/AqTMK_179/report.xml,hydrogen_bonds,O6,THR14A,1586,hydrogen_bonds,hydrogen_bond,ATP:B:1:O6,O6,ATP,B,1
AqTMK_179,/home/wms/AF2-test/AF2-CatGraph/results/AqTMK/02_template_guided_docking/complexes/AqTMK_179_complex.pdb,results/AqTMK/05_plip_interaction_graphs/plip_outputs/AqTMK_179/report.xml,hydrogen_bonds,O2,THR15A,1580,hydrogen_bonds,hydrogen_bond,ATP:B:1:O2,O2,ATP,B,1
AqTMK_179,/home/wms/AF2-test/AF2-CatGraph/results/AqTMK/02_template_guided_docking/complexes/AqTMK_179_complex.pdb,results/AqTMK/05_plip_interaction_graphs/plip_outputs/AqTMK_179/report.xml,hydrogen_bonds,O4,THR15A,1583,hydrogen_bonds,hydrogen_bond,ATP:B:1:O4,O4,ATP,B,1
AqTMK_179,/home/wms/AF2-test/AF2-CatGraph/results/AqTMK/02_template_guided_docking/complexes/AqTMK_179_complex.pdb,results/AqTMK/05_plip_interaction_graphs/plip_outputs/AqTMK_179/report.xml,hydrogen_bonds,O4,THR15A,1583,hydrogen_bonds,hydrogen_bond,ATP:B:1:O4,O4,ATP,B,1
AqTMK_179,/home/wms/AF2-test/AF2-CatGraph/results/AqTMK/02_template_guided_docking/complexes/AqTMK_179_complex.pdb,results/AqTMK/05_plip_interaction_graphs/plip_outputs/AqTMK_179/report.xml,hydrogen_bonds,O10,ARG90A,1591,hydrogen_bonds,hydrogen_bond,ATP:B:1:O10,O10,ATP,B,1
AqTMK_179,/home/wms/AF2-test/AF2-CatGraph/results/AqTMK/02_template_guided_docking/complexes/AqTMK_179_complex.pdb,results/AqTMK/05_plip_interaction_graphs/plip_outputs/AqTMK_179/report.xml,salt_bridges,P2,LYS13A,1585,salt_bridges,salt_bridge,ATP:B:1:P2,P2,ATP,B,1
AqTMK_179,/home/wms/AF2-test/AF2-CatGraph/results/AqTMK/02_template_guided_docking/complexes/AqTMK_179_complex.pdb,results/AqTMK/05_plip_interaction_graphs/plip_outputs/AqTMK_179/report.xml,salt_bridges,P3,LYS13A,1589,salt_bridges,salt_bridge,ATP:B:1:P3,P3,ATP,B,1
AqTMK_179,/home/wms/AF2-test/AF2-CatGraph/results/AqTMK/02_template_guided_docking/complexes/AqTMK_179_complex.pdb,results/AqTMK/05_plip_interaction_graphs/plip_outputs/AqTMK_179/report.xml,metal_complexes,MG,THR14A,1599,metal_complexes,metal_complex,MG:B:203:MG,MG,MG,B,203
AqTMK_179,/home/wms/AF2-test/AF2-CatGraph/results/AqTMK/02_template_guided_docking/complexes/AqTMK_179_complex.pdb,results/AqTMK/05_plip_interaction_graphs/plip_outputs/AqTMK_179/report.xml,salt_bridges,P4,ARG47A,1595,salt_bridges,salt_bridge,TMP:C:1:P4,P4,TMP,C,1
AqTMK_179,/home/wms/AF2-test/AF2-CatGraph/results/AqTMK/02_template_guided_docking/complexes/AqTMK_179_complex.pdb,results/AqTMK/05_plip_interaction_graphs/plip_outputs/AqTMK_179/report.xml,salt_bridges,P4,ARG90A,1595,salt_bridges,salt_bridge,TMP:C:1:P4,P4,TMP,C,1
AqTMK_181,/home/wms/AF2-test/AF2-CatGraph/results/AqTMK/02_template_guided_docking/complexes/AqTMK_181_complex.pdb,results/AqTMK/05_plip_interaction_graphs/plip_outputs/AqTMK_181/report.xml,hydrogen_bonds,O8,ASP9A,1588,hydrogen_bonds,hydrogen_bond,ATP:B:1:O8,O8,ATP,B,1
AqTMK_181,/home/wms/AF2-test/AF2-CatGraph/results/AqTMK/02_template_guided_docking/complexes/AqTMK_181_complex.pdb,results/AqTMK/05_plip_interaction_graphs/plip_outputs/AqTMK_181/report.xml,hydrogen_bonds,O8,GLY10A,1588,hydrogen_bonds,hydrogen_bond,ATP:B:1:O8,O8,ATP,B,1
AqTMK_181,/home/wms/AF2-test/AF2-CatGraph/results/AqTMK/02_template_guided_docking/complexes/AqTMK_181_complex.pdb,results/AqTMK/05_plip_interaction_graphs/plip_outputs/AqTMK_181/report.xml,hydrogen_bonds,O7,SER11A,1587,hydrogen_bonds,hydrogen_bond,ATP:B:1:O7,O7,ATP,B,1
AqTMK_181,/home/wms/AF2-test/AF2-CatGraph/results/AqTMK/02_template_guided_docking/complexes/AqTMK_181_complex.pdb,results/AqTMK/05_plip_interaction_graphs/plip_outputs/AqTMK_181/report.xml,hydrogen_bonds,O7,GLY12A,1587,hydrogen_bonds,hydrogen_bond,ATP:B:1:O7,O7,ATP,B,1
AqTMK_181,/home/wms/AF2-test/AF2-CatGraph/results/AqTMK/02_template_guided_docking/complexes/AqTMK_181_complex.pdb,results/AqTMK/05_plip_interaction_graphs/plip_outputs/AqTMK_181/report.xml,hydrogen_bonds,O7,LYS13A,1587,hydrogen_bonds,hydrogen_bond,ATP:B:1:O7,O7,ATP,B,1
AqTMK_181,/home/wms/AF2-test/AF2-CatGraph/results/AqTMK/02_template_guided_docking/complexes/AqTMK_181_complex.pdb,results/AqTMK/05_plip_interaction_graphs/plip_outputs/AqTMK_181/report.xml,hydrogen_bonds,O6,THR14A,1586,hydrogen_bonds,hydrogen_bond,ATP:B:1:O6,O6,ATP,B,1
AqTMK_181,/home/wms/AF2-test/AF2-CatGraph/results/AqTMK/02_template_guided_docking/complexes/AqTMK_181_complex.pdb,results/AqTMK/05_plip_interaction_graphs/plip_outputs/AqTMK_181/report.xml,hydrogen_bonds,O4,THR15A,1583,hydrogen_bonds,hydrogen_bond,ATP:B:1:O4,O4,ATP,B,1
AqTMK_181,/home/wms/AF2-test/AF2-CatGraph/results/AqTMK/02_template_guided_docking/complexes/AqTMK_181_complex.pdb,results/AqTMK/05_plip_interaction_graphs/plip_outputs/AqTMK_181/report.xml,hydrogen_bonds,O4,THR15A,1583,hydrogen_bonds,hydrogen_bond,ATP:B:1:O4,O4,ATP,B,1
AqTMK_181,/home/wms/AF2-test/AF2-CatGraph/results/AqTMK/02_template_guided_docking/complexes/AqTMK_181_complex.pdb,results/AqTMK/05_plip_interaction_graphs/plip_outputs/AqTMK_181/report.xml,hydrogen_bonds,O10,ARG90A,1591,hydrogen_bonds,hydrogen_bond,ATP:B:1:O10,O10,ATP,B,1
AqTMK_181,/home/wms/AF2-test/AF2-CatGraph/results/AqTMK/02_template_guided_docking/complexes/AqTMK_181_complex.pdb,results/AqTMK/05_plip_interaction_graphs/plip_outputs/AqTMK_181/report.xml,salt_bridges,P2,LYS13A,1585,salt_bridges,salt_bridge,ATP:B:1:P2,P2,ATP,B,1
AqTMK_181,/home/wms/AF2-test/AF2-CatGraph/results/AqTMK/02_template_guided_docking/complexes/AqTMK_181_complex.pdb,results/AqTMK/05_plip_interaction_graphs/plip_outputs/AqTMK_181/report.xml,salt_bridges,P3,LYS13A,1589,salt_bridges,salt_bridge,ATP:B:1:P3,P3,ATP,B,1
AqTMK_181,/home/wms/AF2-test/AF2-CatGraph/results/AqTMK/02_template_guided_docking/complexes/AqTMK_181_complex.pdb,results/AqTMK/05_plip_interaction_graphs/plip_outputs/AqTMK_181/report.xml,metal_complexes,MG,THR14A,1599,metal_complexes,metal_complex,MG:B:203:MG,MG,MG,B,203
AqTMK_181,/home/wms/AF2-test/AF2-CatGraph/results/AqTMK/02_template_guided_docking/complexes/AqTMK_181_complex.pdb,results/AqTMK/05_plip_interaction_graphs/plip_outputs/AqTMK_181/report.xml,salt_bridges,P4,LYS13A,1595,salt_bridges,salt_bridge,TMP:C:1:P4,P4,TMP,C,1
AqTMK_181,/home/wms/AF2-test/AF2-CatGraph/results/AqTMK/02_template_guided_docking/complexes/AqTMK_181_complex.pdb,results/AqTMK/05_plip_interaction_graphs/plip_outputs/AqTMK_181/report.xml,salt_bridges,P4,ARG47A,1595,salt_bridges,salt_bridge,TMP:C:1:P4,P4,TMP,C,1
AqTMK_181,/home/wms/AF2-test/AF2-CatGraph/results/AqTMK/02_template_guided_docking/complexes/AqTMK_181_complex.pdb,results/AqTMK/05_plip_interaction_graphs/plip_outputs/AqTMK_181/report.xml,salt_bridges,P4,ARG90A,1595,salt_bridges,salt_bridge,TMP:C:1:P4,P4,TMP,C,1
AqTMK_184,/home/wms/AF2-test/AF2-CatGraph/results/AqTMK/02_template_guided_docking/complexes/AqTMK_184_complex.pdb,results/AqTMK/05_plip_interaction_graphs/plip_outputs/AqTMK_184/report.xml,hydrogen_bonds,O10,ASP9A,1591,hydrogen_bonds,hydrogen_bond,ATP:B:1:O10,O10,ATP,B,1
AqTMK_184,/home/wms/AF2-test/AF2-CatGraph/results/AqTMK/02_template_guided_docking/complexes/AqTMK_184_complex.pdb,results/AqTMK/05_plip_interaction_graphs/plip_outputs/AqTMK_184/report.xml,hydrogen_bonds,O8,GLY10A,1588,hydrogen_bonds,hydrogen_bond,ATP:B:1:O8,O8,ATP,B,1
AqTMK_184,/home/wms/AF2-test/AF2-CatGraph/results/AqTMK/02_template_guided_docking/complexes/AqTMK_184_complex.pdb,results/AqTMK/05_plip_interaction_graphs/plip_outputs/AqTMK_184/report.xml,hydrogen_bonds,O7,SER11A,1587,hydrogen_bonds,hydrogen_bond,ATP:B:1:O7,O7,ATP,B,1
AqTMK_184,/home/wms/AF2-test/AF2-CatGraph/results/AqTMK/02_template_guided_docking/complexes/AqTMK_184_complex.pdb,results/AqTMK/05_plip_interaction_graphs/plip_outputs/AqTMK_184/report.xml,hydrogen_bonds,O7,GLY12A,1587,hydrogen_bonds,hydrogen_bond,ATP:B:1:O7,O7,ATP,B,1
AqTMK_184,/home/wms/AF2-test/AF2-CatGraph/results/AqTMK/02_template_guided_docking/complexes/AqTMK_184_complex.pdb,results/AqTMK/05_plip_interaction_graphs/plip_outputs/AqTMK_184/report.xml,hydrogen_bonds,O7,LYS13A,1587,hydrogen_bonds,hydrogen_bond,ATP:B:1:O7,O7,ATP,B,1
AqTMK_184,/home/wms/AF2-test/AF2-CatGraph/results/AqTMK/02_template_guided_docking/complexes/AqTMK_184_complex.pdb,results/AqTMK/05_plip_interaction_graphs/plip_outputs/AqTMK_184/report.xml,hydrogen_bonds,O6,THR14A,1586,hydrogen_bonds,hydrogen_bond,ATP:B:1:O6,O6,ATP,B,1
AqTMK_184,/home/wms/AF2-test/AF2-CatGraph/results/AqTMK/02_template_guided_docking/complexes/AqTMK_184_complex.pdb,results/AqTMK/05_plip_interaction_graphs/plip_outputs/AqTMK_184/report.xml,hydrogen_bonds,O4,THR15A,1583,hydrogen_bonds,hydrogen_bond,ATP:B:1:O4,O4,ATP,B,1
AqTMK_184,/home/wms/AF2-test/AF2-CatGraph/results/AqTMK/02_template_guided_docking/complexes/AqTMK_184_complex.pdb,results/AqTMK/05_plip_interaction_graphs/plip_outputs/AqTMK_184/report.xml,hydrogen_bonds,O4,THR15A,1583,hydrogen_bonds,hydrogen_bond,ATP:B:1:O4,O4,ATP,B,1
AqTMK_184,/home/wms/AF2-test/AF2-CatGraph/results/AqTMK/02_template_guided_docking/complexes/AqTMK_184_complex.pdb,results/AqTMK/05_plip_interaction_graphs/plip_outputs/AqTMK_184/report.xml,salt_bridges,P2,LYS13A,1585,salt_bridges,salt_bridge,ATP:B:1:P2,P2,ATP,B,1
AqTMK_184,/home/wms/AF2-test/AF2-CatGraph/results/AqTMK/02_template_guided_docking/complexes/AqTMK_184_complex.pdb,results/AqTMK/05_plip_interaction_graphs/plip_outputs/AqTMK_184/report.xml,salt_bridges,P3,LYS13A,1589,salt_bridges,salt_bridge,ATP:B:1:P3,P3,ATP,B,1
AqTMK_184,/home/wms/AF2-test/AF2-CatGraph/results/AqTMK/02_template_guided_docking/complexes/AqTMK_184_complex.pdb,results/AqTMK/05_plip_interaction_graphs/plip_outputs/AqTMK_184/report.xml,salt_bridges,P3,ARG90A,1589,salt_bridges,salt_bridge,ATP:B:1:P3,P3,ATP,B,1
AqTMK_184,/home/wms/AF2-test/AF2-CatGraph/results/AqTMK/02_template_guided_docking/complexes/AqTMK_184_complex.pdb,results/AqTMK/05_plip_interaction_graphs/plip_outputs/AqTMK_184/report.xml,salt_bridges,P4,ARG47A,1595,salt_bridges,salt_bridge,TMP:C:1:P4,P4,TMP,C,1
AqTMK_184,/home/wms/AF2-test/AF2-CatGraph/results/AqTMK/02_template_guided_docking/complexes/AqTMK_184_complex.pdb,results/AqTMK/05_plip_interaction_graphs/plip_outputs/AqTMK_184/report.xml,salt_bridges,P4,ARG90A,1595,salt_bridges,salt_bridge,TMP:C:1:P4,P4,TMP,C,1
AqTMK_184,/home/wms/AF2-test/AF2-CatGraph/results/AqTMK/02_template_guided_docking/complexes/AqTMK_184_complex.pdb,results/AqTMK/05_plip_interaction_graphs/plip_outputs/AqTMK_184/report.xml,salt_bridges,P4,ARG145A,1595,salt_bridges,salt_bridge,TMP:C:1:P4,P4,TMP,C,1
AqTMK_185,/home/wms/AF2-test/AF2-CatGraph/results/AqTMK/02_template_guided_docking/complexes/AqTMK_185_complex.pdb,results/AqTMK/05_plip_interaction_graphs/plip_outputs/AqTMK_185/report.xml,hydrogen_bonds,O10,ASP9A,1591,hydrogen_bonds,hydrogen_bond,ATP:B:1:O10,O10,ATP,B,1
AqTMK_185,/home/wms/AF2-test/AF2-CatGraph/results/AqTMK/02_template_guided_docking/complexes/AqTMK_185_complex.pdb,results/AqTMK/05_plip_interaction_graphs/plip_outputs/AqTMK_185/report.xml,hydrogen_bonds,O8,GLY10A,1588,hydrogen_bonds,hydrogen_bond,ATP:B:1:O8,O8,ATP,B,1
AqTMK_185,/home/wms/AF2-test/AF2-CatGraph/results/AqTMK/02_template_guided_docking/complexes/AqTMK_185_complex.pdb,results/AqTMK/05_plip_interaction_graphs/plip_outputs/AqTMK_185/report.xml,hydrogen_bonds,O7,SER11A,1587,hydrogen_bonds,hydrogen_bond,ATP:B:1:O7,O7,ATP,B,1
AqTMK_185,/home/wms/AF2-test/AF2-CatGraph/results/AqTMK/02_template_guided_docking/complexes/AqTMK_185_complex.pdb,results/AqTMK/05_plip_interaction_graphs/plip_outputs/AqTMK_185/report.xml,hydrogen_bonds,O7,GLY12A,1587,hydrogen_bonds,hydrogen_bond,ATP:B:1:O7,O7,ATP,B,1
AqTMK_185,/home/wms/AF2-test/AF2-CatGraph/results/AqTMK/02_template_guided_docking/complexes/AqTMK_185_complex.pdb,results/AqTMK/05_plip_interaction_graphs/plip_outputs/AqTMK_185/report.xml,hydrogen_bonds,O7,LYS13A,1587,hydrogen_bonds,hydrogen_bond,ATP:B:1:O7,O7,ATP,B,1
AqTMK_185,/home/wms/AF2-test/AF2-CatGraph/results/AqTMK/02_template_guided_docking/complexes/AqTMK_185_complex.pdb,results/AqTMK/05_plip_interaction_graphs/plip_outputs/AqTMK_185/report.xml,hydrogen_bonds,O7,THR14A,1587,hydrogen_bonds,hydrogen_bond,ATP:B:1:O7,O7,ATP,B,1
AqTMK_185,/home/wms/AF2-test/AF2-CatGraph/results/AqTMK/02_template_guided_docking/complexes/AqTMK_185_complex.pdb,results/AqTMK/05_plip_interaction_graphs/plip_outputs/AqTMK_185/report.xml,hydrogen_bonds,O2,THR15A,1580,hydrogen_bonds,hydrogen_bond,ATP:B:1:O2,O2,ATP,B,1
AqTMK_185,/home/wms/AF2-test/AF2-CatGraph/results/AqTMK/02_template_guided_docking/complexes/AqTMK_185_complex.pdb,results/AqTMK/05_plip_interaction_graphs/plip_outputs/AqTMK_185/report.xml,hydrogen_bonds,O4,THR15A,1583,hydrogen_bonds,hydrogen_bond,ATP:B:1:O4,O4,ATP,B,1
AqTMK_185,/home/wms/AF2-test/AF2-CatGraph/results/AqTMK/02_template_guided_docking/complexes/AqTMK_185_complex.pdb,results/AqTMK/05_plip_interaction_graphs/plip_outputs/AqTMK_185/report.xml,hydrogen_bonds,O4,THR15A,1583,hydrogen_bonds,hydrogen_bond,ATP:B:1:O4,O4,ATP,B,1
AqTMK_185,/home/wms/AF2-test/AF2-CatGraph/results/AqTMK/02_template_guided_docking/complexes/AqTMK_185_complex.pdb,results/AqTMK/05_plip_interaction_graphs/plip_outputs/AqTMK_185/report.xml,salt_bridges,P2,LYS13A,1585,salt_bridges,salt_bridge,ATP:B:1:P2,P2,ATP,B,1
AqTMK_185,/home/wms/AF2-test/AF2-CatGraph/results/AqTMK/02_template_guided_docking/complexes/AqTMK_185_complex.pdb,results/AqTMK/05_plip_interaction_graphs/plip_outputs/AqTMK_185/report.xml,salt_bridges,P3,LYS13A,1589,salt_bridges,salt_bridge,ATP:B:1:P3,P3,ATP,B,1
AqTMK_185,/home/wms/AF2-test/AF2-CatGraph/results/AqTMK/02_template_guided_docking/complexes/AqTMK_185_complex.pdb,results/AqTMK/05_plip_interaction_graphs/plip_outputs/AqTMK_185/report.xml,salt_bridges,P3,ARG90A,1589,salt_bridges,salt_bridge,ATP:B:1:P3,P3,ATP,B,1
AqTMK_185,/home/wms/AF2-test/AF2-CatGraph/results/AqTMK/02_template_guided_docking/complexes/AqTMK_185_complex.pdb,results/AqTMK/05_plip_interaction_graphs/plip_outputs/AqTMK_185/report.xml,metal_complexes,MG,THR14A,1599,metal_complexes,metal_complex,MG:B:203:MG,MG,MG,B,203
AqTMK_185,/home/wms/AF2-test/AF2-CatGraph/results/AqTMK/02_template_guided_docking/complexes/AqTMK_185_complex.pdb,results/AqTMK/05_plip_interaction_graphs/plip_outputs/AqTMK_185/report.xml,hydrogen_bonds,O14,ARG47A,1597,hydrogen_bonds,hydrogen_bond,TMP:C:1:O14,O14,TMP,C,1
AqTMK_185,/home/wms/AF2-test/AF2-CatGraph/results/AqTMK/02_template_guided_docking/complexes/AqTMK_185_complex.pdb,results/AqTMK/05_plip_interaction_graphs/plip_outputs/AqTMK_185/report.xml,salt_bridges,P4,LYS13A,1595,salt_bridges,salt_bridge,TMP:C:1:P4,P4,TMP,C,1
AqTMK_185,/home/wms/AF2-test/AF2-CatGraph/results/AqTMK/02_template_guided_docking/complexes/AqTMK_185_complex.pdb,results/AqTMK/05_plip_interaction_graphs/plip_outputs/AqTMK_185/report.xml,salt_bridges,P4,ARG35A,1595,salt_bridges,salt_bridge,TMP:C:1:P4,P4,TMP,C,1
AqTMK_185,/home/wms/AF2-test/AF2-CatGraph/results/AqTMK/02_template_guided_docking/complexes/AqTMK_185_complex.pdb,results/AqTMK/05_plip_interaction_graphs/plip_outputs/AqTMK_185/report.xml,salt_bridges,P4,ARG90A,1595,salt_bridges,salt_bridge,TMP:C:1:P4,P4,TMP,C,1
AqTMK_186,/home/wms/AF2-test/AF2-CatGraph/results/AqTMK/02_template_guided_docking/complexes/AqTMK_186_complex.pdb,results/AqTMK/05_plip_interaction_graphs/plip_outputs/AqTMK_186/report.xml,hydrogen_bonds,O10,ASP9A,1591,hydrogen_bonds,hydrogen_bond,ATP:B:1:O10,O10,ATP,B,1
AqTMK_186,/home/wms/AF2-test/AF2-CatGraph/results/AqTMK/02_template_guided_docking/complexes/AqTMK_186_complex.pdb,results/AqTMK/05_plip_interaction_graphs/plip_outputs/AqTMK_186/report.xml,hydrogen_bonds,O8,GLY10A,1588,hydrogen_bonds,hydrogen_bond,ATP:B:1:O8,O8,ATP,B,1
AqTMK_186,/home/wms/AF2-test/AF2-CatGraph/results/AqTMK/02_template_guided_docking/complexes/AqTMK_186_complex.pdb,results/AqTMK/05_plip_interaction_graphs/plip_outputs/AqTMK_186/report.xml,hydrogen_bonds,O7,SER11A,1587,hydrogen_bonds,hydrogen_bond,ATP:B:1:O7,O7,ATP,B,1
AqTMK_186,/home/wms/AF2-test/AF2-CatGraph/results/AqTMK/02_template_guided_docking/complexes/AqTMK_186_complex.pdb,results/AqTMK/05_plip_interaction_graphs/plip_outputs/AqTMK_186/report.xml,hydrogen_bonds,O7,GLY12A,1587,hydrogen_bonds,hydrogen_bond,ATP:B:1:O7,O7,ATP,B,1
AqTMK_186,/home/wms/AF2-test/AF2-CatGraph/results/AqTMK/02_template_guided_docking/complexes/AqTMK_186_complex.pdb,results/AqTMK/05_plip_interaction_graphs/plip_outputs/AqTMK_186/report.xml,hydrogen_bonds,O7,LYS13A,1587,hydrogen_bonds,hydrogen_bond,ATP:B:1:O7,O7,ATP,B,1
AqTMK_186,/home/wms/AF2-test/AF2-CatGraph/results/AqTMK/02_template_guided_docking/complexes/AqTMK_186_complex.pdb,results/AqTMK/05_plip_interaction_graphs/plip_outputs/AqTMK_186/report.xml,hydrogen_bonds,O7,THR14A,1587,hydrogen_bonds,hydrogen_bond,ATP:B:1:O7,O7,ATP,B,1
AqTMK_186,/home/wms/AF2-test/AF2-CatGraph/results/AqTMK/02_template_guided_docking/complexes/AqTMK_186_complex.pdb,results/AqTMK/05_plip_interaction_graphs/plip_outputs/AqTMK_186/report.xml,hydrogen_bonds,O2,THR15A,1580,hydrogen_bonds,hydrogen_bond,ATP:B:1:O2,O2,ATP,B,1
AqTMK_186,/home/wms/AF2-test/AF2-CatGraph/results/AqTMK/02_template_guided_docking/complexes/AqTMK_186_complex.pdb,results/AqTMK/05_plip_interaction_graphs/plip_outputs/AqTMK_186/report.xml,hydrogen_bonds,O4,THR15A,1583,hydrogen_bonds,hydrogen_bond,ATP:B:1:O4,O4,ATP,B,1
AqTMK_186,/home/wms/AF2-test/AF2-CatGraph/results/AqTMK/02_template_guided_docking/complexes/AqTMK_186_complex.pdb,results/AqTMK/05_plip_interaction_graphs/plip_outputs/AqTMK_186/report.xml,hydrogen_bonds,O4,THR15A,1583,hydrogen_bonds,hydrogen_bond,ATP:B:1:O4,O4,ATP,B,1
AqTMK_186,/home/wms/AF2-test/AF2-CatGraph/results/AqTMK/02_template_guided_docking/complexes/AqTMK_186_complex.pdb,results/AqTMK/05_plip_interaction_graphs/plip_outputs/AqTMK_186/report.xml,salt_bridges,P2,LYS13A,1585,salt_bridges,salt_bridge,ATP:B:1:P2,P2,ATP,B,1
AqTMK_186,/home/wms/AF2-test/AF2-CatGraph/results/AqTMK/02_template_guided_docking/complexes/AqTMK_186_complex.pdb,results/AqTMK/05_plip_interaction_graphs/plip_outputs/AqTMK_186/report.xml,salt_bridges,P3,LYS13A,1589,salt_bridges,salt_bridge,ATP:B:1:P3,P3,ATP,B,1
AqTMK_186,/home/wms/AF2-test/AF2-CatGraph/results/AqTMK/02_template_guided_docking/complexes/AqTMK_186_complex.pdb,results/AqTMK/05_plip_interaction_graphs/plip_outputs/AqTMK_186/report.xml,salt_bridges,P3,ARG90A,1589,salt_bridges,salt_bridge,ATP:B:1:P3,P3,ATP,B,1
AqTMK_186,/home/wms/AF2-test/AF2-CatGraph/results/AqTMK/02_template_guided_docking/complexes/AqTMK_186_complex.pdb,results/AqTMK/05_plip_interaction_graphs/plip_outputs/AqTMK_186/report.xml,metal_complexes,MG,THR14A,1599,metal_complexes,metal_complex,MG:B:203:MG,MG,MG,B,203
AqTMK_186,/home/wms/AF2-test/AF2-CatGraph/results/AqTMK/02_template_guided_docking/complexes/AqTMK_186_complex.pdb,results/AqTMK/05_plip_interaction_graphs/plip_outputs/AqTMK_186/report.xml,hydrogen_bonds,O14,ARG47A,1597,hydrogen_bonds,hydrogen_bond,TMP:C:1:O14,O14,TMP,C,1
AqTMK_186,/home/wms/AF2-test/AF2-CatGraph/results/AqTMK/02_template_guided_docking/complexes/AqTMK_186_complex.pdb,results/AqTMK/05_plip_interaction_graphs/plip_outputs/AqTMK_186/report.xml,salt_bridges,P4,LYS13A,1595,salt_bridges,salt_bridge,TMP:C:1:P4,P4,TMP,C,1
AqTMK_186,/home/wms/AF2-test/AF2-CatGraph/results/AqTMK/02_template_guided_docking/complexes/AqTMK_186_complex.pdb,results/AqTMK/05_plip_interaction_graphs/plip_outputs/AqTMK_186/report.xml,salt_bridges,P4,ARG90A,1595,salt_bridges,salt_bridge,TMP:C:1:P4,P4,TMP,C,1
AqTMK_187,/home/wms/AF2-test/AF2-CatGraph/results/AqTMK/02_template_guided_docking/complexes/AqTMK_187_complex.pdb,results/AqTMK/05_plip_interaction_graphs/plip_outputs/AqTMK_187/report.xml,hydrogen_bonds,O10,ASP9A,1591,hydrogen_bonds,hydrogen_bond,ATP:B:1:O10,O10,ATP,B,1
AqTMK_187,/home/wms/AF2-test/AF2-CatGraph/results/AqTMK/02_template_guided_docking/complexes/AqTMK_187_complex.pdb,results/AqTMK/05_plip_interaction_graphs/plip_outputs/AqTMK_187/report.xml,hydrogen_bonds,O8,GLY10A,1588,hydrogen_bonds,hydrogen_bond,ATP:B:1:O8,O8,ATP,B,1
AqTMK_187,/home/wms/AF2-test/AF2-CatGraph/results/AqTMK/02_template_guided_docking/complexes/AqTMK_187_complex.pdb,results/AqTMK/05_plip_interaction_graphs/plip_outputs/AqTMK_187/report.xml,hydrogen_bonds,O7,SER11A,1587,hydrogen_bonds,hydrogen_bond,ATP:B:1:O7,O7,ATP,B,1
AqTMK_187,/home/wms/AF2-test/AF2-CatGraph/results/AqTMK/02_template_guided_docking/complexes/AqTMK_187_complex.pdb,results/AqTMK/05_plip_interaction_graphs/plip_outputs/AqTMK_187/report.xml,hydrogen_bonds,O7,GLY12A,1587,hydrogen_bonds,hydrogen_bond,ATP:B:1:O7,O7,ATP,B,1
AqTMK_187,/home/wms/AF2-test/AF2-CatGraph/results/AqTMK/02_template_guided_docking/complexes/AqTMK_187_complex.pdb,results/AqTMK/05_plip_interaction_graphs/plip_outputs/AqTMK_187/report.xml,hydrogen_bonds,O7,LYS13A,1587,hydrogen_bonds,hydrogen_bond,ATP:B:1:O7,O7,ATP,B,1
AqTMK_187,/home/wms/AF2-test/AF2-CatGraph/results/AqTMK/02_template_guided_docking/complexes/AqTMK_187_complex.pdb,results/AqTMK/05_plip_interaction_graphs/plip_outputs/AqTMK_187/report.xml,hydrogen_bonds,O6,THR14A,1586,hydrogen_bonds,hydrogen_bond,ATP:B:1:O6,O6,ATP,B,1
AqTMK_187,/home/wms/AF2-test/AF2-CatGraph/results/AqTMK/02_template_guided_docking/complexes/AqTMK_187_complex.pdb,results/AqTMK/05_plip_interaction_graphs/plip_outputs/AqTMK_187/report.xml,hydrogen_bonds,O2,THR15A,1580,hydrogen_bonds,hydrogen_bond,ATP:B:1:O2,O2,ATP,B,1
AqTMK_187,/home/wms/AF2-test/AF2-CatGraph/results/AqTMK/02_template_guided_docking/complexes/AqTMK_187_complex.pdb,results/AqTMK/05_plip_interaction_graphs/plip_outputs/AqTMK_187/report.xml,hydrogen_bonds,O4,THR15A,1583,hydrogen_bonds,hydrogen_bond,ATP:B:1:O4,O4,ATP,B,1
AqTMK_187,/home/wms/AF2-test/AF2-CatGraph/results/AqTMK/02_template_guided_docking/complexes/AqTMK_187_complex.pdb,results/AqTMK/05_plip_interaction_graphs/plip_outputs/AqTMK_187/report.xml,hydrogen_bonds,O4,THR15A,1583,hydrogen_bonds,hydrogen_bond,ATP:B:1:O4,O4,ATP,B,1
AqTMK_187,/home/wms/AF2-test/AF2-CatGraph/results/AqTMK/02_template_guided_docking/complexes/AqTMK_187_complex.pdb,results/AqTMK/05_plip_interaction_graphs/plip_outputs/AqTMK_187/report.xml,hydrogen_bonds,O10,ARG90A,1591,hydrogen_bonds,hydrogen_bond,ATP:B:1:O10,O10,ATP,B,1
AqTMK_187,/home/wms/AF2-test/AF2-CatGraph/results/AqTMK/02_template_guided_docking/complexes/AqTMK_187_complex.pdb,results/AqTMK/05_plip_interaction_graphs/plip_outputs/AqTMK_187/report.xml,salt_bridges,P2,LYS13A,1585,salt_bridges,salt_bridge,ATP:B:1:P2,P2,ATP,B,1
AqTMK_187,/home/wms/AF2-test/AF2-CatGraph/results/AqTMK/02_template_guided_docking/complexes/AqTMK_187_complex.pdb,results/AqTMK/05_plip_interaction_graphs/plip_outputs/AqTMK_187/report.xml,salt_bridges,P3,LYS13A,1589,salt_bridges,salt_bridge,ATP:B:1:P3,P3,ATP,B,1
AqTMK_187,/home/wms/AF2-test/AF2-CatGraph/results/AqTMK/02_template_guided_docking/complexes/AqTMK_187_complex.pdb,results/AqTMK/05_plip_interaction_graphs/plip_outputs/AqTMK_187/report.xml,metal_complexes,MG,THR14A,1599,metal_complexes,metal_complex,MG:B:203:MG,MG,MG,B,203
AqTMK_187,/home/wms/AF2-test/AF2-CatGraph/results/AqTMK/02_template_guided_docking/complexes/AqTMK_187_complex.pdb,results/AqTMK/05_plip_interaction_graphs/plip_outputs/AqTMK_187/report.xml,salt_bridges,P4,ARG47A,1595,salt_bridges,salt_bridge,TMP:C:1:P4,P4,TMP,C,1
AqTMK_187,/home/wms/AF2-test/AF2-CatGraph/results/AqTMK/02_template_guided_docking/complexes/AqTMK_187_complex.pdb,results/AqTMK/05_plip_interaction_graphs/plip_outputs/AqTMK_187/report.xml,salt_bridges,P4,ARG90A,1595,salt_bridges,salt_bridge,TMP:C:1:P4,P4,TMP,C,1
AqTMK_188,/home/wms/AF2-test/AF2-CatGraph/results/AqTMK/02_template_guided_docking/complexes/AqTMK_188_complex.pdb,results/AqTMK/05_plip_interaction_graphs/plip_outputs/AqTMK_188/report.xml,hydrogen_bonds,O10,ASP9A,1591,hydrogen_bonds,hydrogen_bond,ATP:B:1:O10,O10,ATP,B,1
AqTMK_188,/home/wms/AF2-test/AF2-CatGraph/results/AqTMK/02_template_guided_docking/complexes/AqTMK_188_complex.pdb,results/AqTMK/05_plip_interaction_graphs/plip_outputs/AqTMK_188/report.xml,hydrogen_bonds,O8,GLY10A,1588,hydrogen_bonds,hydrogen_bond,ATP:B:1:O8,O8,ATP,B,1
AqTMK_188,/home/wms/AF2-test/AF2-CatGraph/results/AqTMK/02_template_guided_docking/complexes/AqTMK_188_complex.pdb,results/AqTMK/05_plip_interaction_graphs/plip_outputs/AqTMK_188/report.xml,hydrogen_bonds,O7,SER11A,1587,hydrogen_bonds,hydrogen_bond,ATP:B:1:O7,O7,ATP,B,1
AqTMK_188,/home/wms/AF2-test/AF2-CatGraph/results/AqTMK/02_template_guided_docking/complexes/AqTMK_188_complex.pdb,results/AqTMK/05_plip_interaction_graphs/plip_outputs/AqTMK_188/report.xml,hydrogen_bonds,O7,GLY12A,1587,hydrogen_bonds,hydrogen_bond,ATP:B:1:O7,O7,ATP,B,1
AqTMK_188,/home/wms/AF2-test/AF2-CatGraph/results/AqTMK/02_template_guided_docking/complexes/AqTMK_188_complex.pdb,results/AqTMK/05_plip_interaction_graphs/plip_outputs/AqTMK_188/report.xml,hydrogen_bonds,O7,LYS13A,1587,hydrogen_bonds,hydrogen_bond,ATP:B:1:O7,O7,ATP,B,1
AqTMK_188,/home/wms/AF2-test/AF2-CatGraph/results/AqTMK/02_template_guided_docking/complexes/AqTMK_188_complex.pdb,results/AqTMK/05_plip_interaction_graphs/plip_outputs/AqTMK_188/report.xml,hydrogen_bonds,O6,THR14A,1586,hydrogen_bonds,hydrogen_bond,ATP:B:1:O6,O6,ATP,B,1
AqTMK_188,/home/wms/AF2-test/AF2-CatGraph/results/AqTMK/02_template_guided_docking/complexes/AqTMK_188_complex.pdb,results/AqTMK/05_plip_interaction_graphs/plip_outputs/AqTMK_188/report.xml,hydrogen_bonds,O2,THR15A,1580,hydrogen_bonds,hydrogen_bond,ATP:B:1:O2,O2,ATP,B,1
AqTMK_188,/home/wms/AF2-test/AF2-CatGraph/results/AqTMK/02_template_guided_docking/complexes/AqTMK_188_complex.pdb,results/AqTMK/05_plip_interaction_graphs/plip_outputs/AqTMK_188/report.xml,hydrogen_bonds,O4,THR15A,1583,hydrogen_bonds,hydrogen_bond,ATP:B:1:O4,O4,ATP,B,1
AqTMK_188,/home/wms/AF2-test/AF2-CatGraph/results/AqTMK/02_template_guided_docking/complexes/AqTMK_188_complex.pdb,results/AqTMK/05_plip_interaction_graphs/plip_outputs/AqTMK_188/report.xml,hydrogen_bonds,O4,THR15A,1583,hydrogen_bonds,hydrogen_bond,ATP:B:1:O4,O4,ATP,B,1
AqTMK_188,/home/wms/AF2-test/AF2-CatGraph/results/AqTMK/02_template_guided_docking/complexes/AqTMK_188_complex.pdb,results/AqTMK/05_plip_interaction_graphs/plip_outputs/AqTMK_188/report.xml,salt_bridges,P2,LYS13A,1585,salt_bridges,salt_bridge,ATP:B:1:P2,P2,ATP,B,1
AqTMK_188,/home/wms/AF2-test/AF2-CatGraph/results/AqTMK/02_template_guided_docking/complexes/AqTMK_188_complex.pdb,results/AqTMK/05_plip_interaction_graphs/plip_outputs/AqTMK_188/report.xml,salt_bridges,P3,LYS13A,1589,salt_bridges,salt_bridge,ATP:B:1:P3,P3,ATP,B,1
AqTMK_188,/home/wms/AF2-test/AF2-CatGraph/results/AqTMK/02_template_guided_docking/complexes/AqTMK_188_complex.pdb,results/AqTMK/05_plip_interaction_graphs/plip_outputs/AqTMK_188/report.xml,salt_bridges,P3,ARG90A,1589,salt_bridges,salt_bridge,ATP:B:1:P3,P3,ATP,B,1
AqTMK_188,/home/wms/AF2-test/AF2-CatGraph/results/AqTMK/02_template_guided_docking/complexes/AqTMK_188_complex.pdb,results/AqTMK/05_plip_interaction_graphs/plip_outputs/AqTMK_188/report.xml,metal_complexes,MG,THR14A,1599,metal_complexes,metal_complex,MG:B:203:MG,MG,MG,B,203
AqTMK_188,/home/wms/AF2-test/AF2-CatGraph/results/AqTMK/02_template_guided_docking/complexes/AqTMK_188_complex.pdb,results/AqTMK/05_plip_interaction_graphs/plip_outputs/AqTMK_188/report.xml,hydrogen_bonds,O14,ARG47A,1597,hydrogen_bonds,hydrogen_bond,TMP:C:1:O14,O14,TMP,C,1
AqTMK_188,/home/wms/AF2-test/AF2-CatGraph/results/AqTMK/02_template_guided_docking/complexes/AqTMK_188_complex.pdb,results/AqTMK/05_plip_interaction_graphs/plip_outputs/AqTMK_188/report.xml,salt_bridges,P4,ARG90A,1595,salt_bridges,salt_bridge,TMP:C:1:P4,P4,TMP,C,1
AqTMK_191,/home/wms/AF2-test/AF2-CatGraph/results/AqTMK/02_template_guided_docking/complexes/AqTMK_191_complex.pdb,results/AqTMK/05_plip_interaction_graphs/plip_outputs/AqTMK_191/report.xml,hydrogen_bonds,O10,ASP9A,1591,hydrogen_bonds,hydrogen_bond,ATP:B:1:O10,O10,ATP,B,1
AqTMK_191,/home/wms/AF2-test/AF2-CatGraph/results/AqTMK/02_template_guided_docking/complexes/AqTMK_191_complex.pdb,results/AqTMK/05_plip_interaction_graphs/plip_outputs/AqTMK_191/report.xml,hydrogen_bonds,O8,GLY10A,1588,hydrogen_bonds,hydrogen_bond,ATP:B:1:O8,O8,ATP,B,1
AqTMK_191,/home/wms/AF2-test/AF2-CatGraph/results/AqTMK/02_template_guided_docking/complexes/AqTMK_191_complex.pdb,results/AqTMK/05_plip_interaction_graphs/plip_outputs/AqTMK_191/report.xml,hydrogen_bonds,O7,SER11A,1587,hydrogen_bonds,hydrogen_bond,ATP:B:1:O7,O7,ATP,B,1
AqTMK_191,/home/wms/AF2-test/AF2-CatGraph/results/AqTMK/02_template_guided_docking/complexes/AqTMK_191_complex.pdb,results/AqTMK/05_plip_interaction_graphs/plip_outputs/AqTMK_191/report.xml,hydrogen_bonds,O7,GLY12A,1587,hydrogen_bonds,hydrogen_bond,ATP:B:1:O7,O7,ATP,B,1
AqTMK_191,/home/wms/AF2-test/AF2-CatGraph/results/AqTMK/02_template_guided_docking/complexes/AqTMK_191_complex.pdb,results/AqTMK/05_plip_interaction_graphs/plip_outputs/AqTMK_191/report.xml,hydrogen_bonds,O7,LYS13A,1587,hydrogen_bonds,hydrogen_bond,ATP:B:1:O7,O7,ATP,B,1
AqTMK_191,/home/wms/AF2-test/AF2-CatGraph/results/AqTMK/02_template_guided_docking/complexes/AqTMK_191_complex.pdb,results/AqTMK/05_plip_interaction_graphs/plip_outputs/AqTMK_191/report.xml,hydrogen_bonds,O7,THR14A,1587,hydrogen_bonds,hydrogen_bond,ATP:B:1:O7,O7,ATP,B,1
AqTMK_191,/home/wms/AF2-test/AF2-CatGraph/results/AqTMK/02_template_guided_docking/complexes/AqTMK_191_complex.pdb,results/AqTMK/05_plip_interaction_graphs/plip_outputs/AqTMK_191/report.xml,hydrogen_bonds,O11,THR14A,1592,hydrogen_bonds,hydrogen_bond,ATP:B:1:O11,O11,ATP,B,1
AqTMK_191,/home/wms/AF2-test/AF2-CatGraph/results/AqTMK/02_template_guided_docking/complexes/AqTMK_191_complex.pdb,results/AqTMK/05_plip_interaction_graphs/plip_outputs/AqTMK_191/report.xml,hydrogen_bonds,O2,THR15A,1580,hydrogen_bonds,hydrogen_bond,ATP:B:1:O2,O2,ATP,B,1
AqTMK_191,/home/wms/AF2-test/AF2-CatGraph/results/AqTMK/02_template_guided_docking/complexes/AqTMK_191_complex.pdb,results/AqTMK/05_plip_interaction_graphs/plip_outputs/AqTMK_191/report.xml,hydrogen_bonds,O4,THR15A,1583,hydrogen_bonds,hydrogen_bond,ATP:B:1:O4,O4,ATP,B,1
AqTMK_191,/home/wms/AF2-test/AF2-CatGraph/results/AqTMK/02_template_guided_docking/complexes/AqTMK_191_complex.pdb,results/AqTMK/05_plip_interaction_graphs/plip_outputs/AqTMK_191/report.xml,hydrogen_bonds,O4,THR15A,1583,hydrogen_bonds,hydrogen_bond,ATP:B:1:O4,O4,ATP,B,1
AqTMK_191,/home/wms/AF2-test/AF2-CatGraph/results/AqTMK/02_template_guided_docking/complexes/AqTMK_191_complex.pdb,results/AqTMK/05_plip_interaction_graphs/plip_outputs/AqTMK_191/report.xml,salt_bridges,P2,LYS13A,1585,salt_bridges,salt_bridge,ATP:B:1:P2,P2,ATP,B,1
AqTMK_191,/home/wms/AF2-test/AF2-CatGraph/results/AqTMK/02_template_guided_docking/complexes/AqTMK_191_complex.pdb,results/AqTMK/05_plip_interaction_graphs/plip_outputs/AqTMK_191/report.xml,salt_bridges,P3,LYS13A,1589,salt_bridges,salt_bridge,ATP:B:1:P3,P3,ATP,B,1
AqTMK_191,/home/wms/AF2-test/AF2-CatGraph/results/AqTMK/02_template_guided_docking/complexes/AqTMK_191_complex.pdb,results/AqTMK/05_plip_interaction_graphs/plip_outputs/AqTMK_191/report.xml,salt_bridges,P3,ARG90A,1589,salt_bridges,salt_bridge,ATP:B:1:P3,P3,ATP,B,1
AqTMK_191,/home/wms/AF2-test/AF2-CatGraph/results/AqTMK/02_template_guided_docking/complexes/AqTMK_191_complex.pdb,results/AqTMK/05_plip_interaction_graphs/plip_outputs/AqTMK_191/report.xml,metal_complexes,MG,THR14A,1599,metal_complexes,metal_complex,MG:B:203:MG,MG,MG,B,203
AqTMK_191,/home/wms/AF2-test/AF2-CatGraph/results/AqTMK/02_template_guided_docking/complexes/AqTMK_191_complex.pdb,results/AqTMK/05_plip_interaction_graphs/plip_outputs/AqTMK_191/report.xml,salt_bridges,P4,ARG90A,1595,salt_bridges,salt_bridge,TMP:C:1:P4,P4,TMP,C,1
AqTMK_193,/home/wms/AF2-test/AF2-CatGraph/results/AqTMK/02_template_guided_docking/complexes/AqTMK_193_complex.pdb,results/AqTMK/05_plip_interaction_graphs/plip_outputs/AqTMK_193/report.xml,hydrogen_bonds,O8,GLY10A,1588,hydrogen_bonds,hydrogen_bond,ATP:B:1:O8,O8,ATP,B,1
AqTMK_193,/home/wms/AF2-test/AF2-CatGraph/results/AqTMK/02_template_guided_docking/complexes/AqTMK_193_complex.pdb,results/AqTMK/05_plip_interaction_graphs/plip_outputs/AqTMK_193/report.xml,hydrogen_bonds,O7,SER11A,1587,hydrogen_bonds,hydrogen_bond,ATP:B:1:O7,O7,ATP,B,1
AqTMK_193,/home/wms/AF2-test/AF2-CatGraph/results/AqTMK/02_template_guided_docking/complexes/AqTMK_193_complex.pdb,results/AqTMK/05_plip_interaction_graphs/plip_outputs/AqTMK_193/report.xml,hydrogen_bonds,O7,GLY12A,1587,hydrogen_bonds,hydrogen_bond,ATP:B:1:O7,O7,ATP,B,1
AqTMK_193,/home/wms/AF2-test/AF2-CatGraph/results/AqTMK/02_template_guided_docking/complexes/AqTMK_193_complex.pdb,results/AqTMK/05_plip_interaction_graphs/plip_outputs/AqTMK_193/report.xml,hydrogen_bonds,O7,LYS13A,1587,hydrogen_bonds,hydrogen_bond,ATP:B:1:O7,O7,ATP,B,1
AqTMK_193,/home/wms/AF2-test/AF2-CatGraph/results/AqTMK/02_template_guided_docking/complexes/AqTMK_193_complex.pdb,results/AqTMK/05_plip_interaction_graphs/plip_outputs/AqTMK_193/report.xml,hydrogen_bonds,O6,THR14A,1586,hydrogen_bonds,hydrogen_bond,ATP:B:1:O6,O6,ATP,B,1
AqTMK_193,/home/wms/AF2-test/AF2-CatGraph/results/AqTMK/02_template_guided_docking/complexes/AqTMK_193_complex.pdb,results/AqTMK/05_plip_interaction_graphs/plip_outputs/AqTMK_193/report.xml,hydrogen_bonds,O2,THR15A,1580,hydrogen_bonds,hydrogen_bond,ATP:B:1:O2,O2,ATP,B,1
AqTMK_193,/home/wms/AF2-test/AF2-CatGraph/results/AqTMK/02_template_guided_docking/complexes/AqTMK_193_complex.pdb,results/AqTMK/05_plip_interaction_graphs/plip_outputs/AqTMK_193/report.xml,hydrogen_bonds,O4,THR15A,1583,hydrogen_bonds,hydrogen_bond,ATP:B:1:O4,O4,ATP,B,1
AqTMK_193,/home/wms/AF2-test/AF2-CatGraph/results/AqTMK/02_template_guided_docking/complexes/AqTMK_193_complex.pdb,results/AqTMK/05_plip_interaction_graphs/plip_outputs/AqTMK_193/report.xml,hydrogen_bonds,O4,THR15A,1583,hydrogen_bonds,hydrogen_bond,ATP:B:1:O4,O4,ATP,B,1
AqTMK_193,/home/wms/AF2-test/AF2-CatGraph/results/AqTMK/02_template_guided_docking/complexes/AqTMK_193_complex.pdb,results/AqTMK/05_plip_interaction_graphs/plip_outputs/AqTMK_193/report.xml,salt_bridges,P2,LYS13A,1585,salt_bridges,salt_bridge,ATP:B:1:P2,P2,ATP,B,1
AqTMK_193,/home/wms/AF2-test/AF2-CatGraph/results/AqTMK/02_template_guided_docking/complexes/AqTMK_193_complex.pdb,results/AqTMK/05_plip_interaction_graphs/plip_outputs/AqTMK_193/report.xml,salt_bridges,P3,LYS13A,1589,salt_bridges,salt_bridge,ATP:B:1:P3,P3,ATP,B,1
AqTMK_193,/home/wms/AF2-test/AF2-CatGraph/results/AqTMK/02_template_guided_docking/complexes/AqTMK_193_complex.pdb,results/AqTMK/05_plip_interaction_graphs/plip_outputs/AqTMK_193/report.xml,salt_bridges,P3,ARG90A,1589,salt_bridges,salt_bridge,ATP:B:1:P3,P3,ATP,B,1
AqTMK_193,/home/wms/AF2-test/AF2-CatGraph/results/AqTMK/02_template_guided_docking/complexes/AqTMK_193_complex.pdb,results/AqTMK/05_plip_interaction_graphs/plip_outputs/AqTMK_193/report.xml,metal_complexes,MG,THR14A,1599,metal_complexes,metal_complex,MG:B:203:MG,MG,MG,B,203
AqTMK_193,/home/wms/AF2-test/AF2-CatGraph/results/AqTMK/02_template_guided_docking/complexes/AqTMK_193_complex.pdb,results/AqTMK/05_plip_interaction_graphs/plip_outputs/AqTMK_193/report.xml,salt_bridges,P4,ARG90A,1595,salt_bridges,salt_bridge,TMP:C:1:P4,P4,TMP,C,1
AqTMK_195,/home/wms/AF2-test/AF2-CatGraph/results/AqTMK/02_template_guided_docking/complexes/AqTMK_195_complex.pdb,results/AqTMK/05_plip_interaction_graphs/plip_outputs/AqTMK_195/report.xml,hydrogen_bonds,O10,ASP9A,1591,hydrogen_bonds,hydrogen_bond,ATP:B:1:O10,O10,ATP,B,1
AqTMK_195,/home/wms/AF2-test/AF2-CatGraph/results/AqTMK/02_template_guided_docking/complexes/AqTMK_195_complex.pdb,results/AqTMK/05_plip_interaction_graphs/plip_outputs/AqTMK_195/report.xml,hydrogen_bonds,O8,GLY10A,1588,hydrogen_bonds,hydrogen_bond,ATP:B:1:O8,O8,ATP,B,1
AqTMK_195,/home/wms/AF2-test/AF2-CatGraph/results/AqTMK/02_template_guided_docking/complexes/AqTMK_195_complex.pdb,results/AqTMK/05_plip_interaction_graphs/plip_outputs/AqTMK_195/report.xml,hydrogen_bonds,O7,SER11A,1587,hydrogen_bonds,hydrogen_bond,ATP:B:1:O7,O7,ATP,B,1
AqTMK_195,/home/wms/AF2-test/AF2-CatGraph/results/AqTMK/02_template_guided_docking/complexes/AqTMK_195_complex.pdb,results/AqTMK/05_plip_interaction_graphs/plip_outputs/AqTMK_195/report.xml,hydrogen_bonds,O7,GLY12A,1587,hydrogen_bonds,hydrogen_bond,ATP:B:1:O7,O7,ATP,B,1
AqTMK_195,/home/wms/AF2-test/AF2-CatGraph/results/AqTMK/02_template_guided_docking/complexes/AqTMK_195_complex.pdb,results/AqTMK/05_plip_interaction_graphs/plip_outputs/AqTMK_195/report.xml,hydrogen_bonds,O7,LYS13A,1587,hydrogen_bonds,hydrogen_bond,ATP:B:1:O7,O7,ATP,B,1
AqTMK_195,/home/wms/AF2-test/AF2-CatGraph/results/AqTMK/02_template_guided_docking/complexes/AqTMK_195_complex.pdb,results/AqTMK/05_plip_interaction_graphs/plip_outputs/AqTMK_195/report.xml,hydrogen_bonds,O6,THR14A,1586,hydrogen_bonds,hydrogen_bond,ATP:B:1:O6,O6,ATP,B,1
AqTMK_195,/home/wms/AF2-test/AF2-CatGraph/results/AqTMK/02_template_guided_docking/complexes/AqTMK_195_complex.pdb,results/AqTMK/05_plip_interaction_graphs/plip_outputs/AqTMK_195/report.xml,hydrogen_bonds,O4,THR15A,1583,hydrogen_bonds,hydrogen_bond,ATP:B:1:O4,O4,ATP,B,1
AqTMK_195,/home/wms/AF2-test/AF2-CatGraph/results/AqTMK/02_template_guided_docking/complexes/AqTMK_195_complex.pdb,results/AqTMK/05_plip_interaction_graphs/plip_outputs/AqTMK_195/report.xml,hydrogen_bonds,O4,THR15A,1583,hydrogen_bonds,hydrogen_bond,ATP:B:1:O4,O4,ATP,B,1
AqTMK_195,/home/wms/AF2-test/AF2-CatGraph/results/AqTMK/02_template_guided_docking/complexes/AqTMK_195_complex.pdb,results/AqTMK/05_plip_interaction_graphs/plip_outputs/AqTMK_195/report.xml,salt_bridges,P2,LYS13A,1585,salt_bridges,salt_bridge,ATP:B:1:P2,P2,ATP,B,1
AqTMK_195,/home/wms/AF2-test/AF2-CatGraph/results/AqTMK/02_template_guided_docking/complexes/AqTMK_195_complex.pdb,results/AqTMK/05_plip_interaction_graphs/plip_outputs/AqTMK_195/report.xml,salt_bridges,P3,LYS13A,1589,salt_bridges,salt_bridge,ATP:B:1:P3,P3,ATP,B,1
AqTMK_195,/home/wms/AF2-test/AF2-CatGraph/results/AqTMK/02_template_guided_docking/complexes/AqTMK_195_complex.pdb,results/AqTMK/05_plip_interaction_graphs/plip_outputs/AqTMK_195/report.xml,salt_bridges,P3,ARG90A,1589,salt_bridges,salt_bridge,ATP:B:1:P3,P3,ATP,B,1
AqTMK_195,/home/wms/AF2-test/AF2-CatGraph/results/AqTMK/02_template_guided_docking/complexes/AqTMK_195_complex.pdb,results/AqTMK/05_plip_interaction_graphs/plip_outputs/AqTMK_195/report.xml,metal_complexes,MG,THR14A,1599,metal_complexes,metal_complex,MG:B:203:MG,MG,MG,B,203
AqTMK_195,/home/wms/AF2-test/AF2-CatGraph/results/AqTMK/02_template_guided_docking/complexes/AqTMK_195_complex.pdb,results/AqTMK/05_plip_interaction_graphs/plip_outputs/AqTMK_195/report.xml,salt_bridges,P4,ARG35A,1595,salt_bridges,salt_bridge,TMP:C:1:P4,P4,TMP,C,1
AqTMK_195,/home/wms/AF2-test/AF2-CatGraph/results/AqTMK/02_template_guided_docking/complexes/AqTMK_195_complex.pdb,results/AqTMK/05_plip_interaction_graphs/plip_outputs/AqTMK_195/report.xml,salt_bridges,P4,ARG90A,1595,salt_bridges,salt_bridge,TMP:C:1:P4,P4,TMP,C,1
AqTMK_196,/home/wms/AF2-test/AF2-CatGraph/results/AqTMK/02_template_guided_docking/complexes/AqTMK_196_complex.pdb,results/AqTMK/05_plip_interaction_graphs/plip_outputs/AqTMK_196/report.xml,hydrogen_bonds,O10,ASP9A,1591,hydrogen_bonds,hydrogen_bond,ATP:B:1:O10,O10,ATP,B,1
AqTMK_196,/home/wms/AF2-test/AF2-CatGraph/results/AqTMK/02_template_guided_docking/complexes/AqTMK_196_complex.pdb,results/AqTMK/05_plip_interaction_graphs/plip_outputs/AqTMK_196/report.xml,hydrogen_bonds,O8,GLY10A,1588,hydrogen_bonds,hydrogen_bond,ATP:B:1:O8,O8,ATP,B,1
AqTMK_196,/home/wms/AF2-test/AF2-CatGraph/results/AqTMK/02_template_guided_docking/complexes/AqTMK_196_complex.pdb,results/AqTMK/05_plip_interaction_graphs/plip_outputs/AqTMK_196/report.xml,hydrogen_bonds,O7,SER11A,1587,hydrogen_bonds,hydrogen_bond,ATP:B:1:O7,O7,ATP,B,1
AqTMK_196,/home/wms/AF2-test/AF2-CatGraph/results/AqTMK/02_template_guided_docking/complexes/AqTMK_196_complex.pdb,results/AqTMK/05_plip_interaction_graphs/plip_outputs/AqTMK_196/report.xml,hydrogen_bonds,O7,GLY12A,1587,hydrogen_bonds,hydrogen_bond,ATP:B:1:O7,O7,ATP,B,1
AqTMK_196,/home/wms/AF2-test/AF2-CatGraph/results/AqTMK/02_template_guided_docking/complexes/AqTMK_196_complex.pdb,results/AqTMK/05_plip_interaction_graphs/plip_outputs/AqTMK_196/report.xml,hydrogen_bonds,O7,LYS13A,1587,hydrogen_bonds,hydrogen_bond,ATP:B:1:O7,O7,ATP,B,1
AqTMK_196,/home/wms/AF2-test/AF2-CatGraph/results/AqTMK/02_template_guided_docking/complexes/AqTMK_196_complex.pdb,results/AqTMK/05_plip_interaction_graphs/plip_outputs/AqTMK_196/report.xml,hydrogen_bonds,O6,THR14A,1586,hydrogen_bonds,hydrogen_bond,ATP:B:1:O6,O6,ATP,B,1
AqTMK_196,/home/wms/AF2-test/AF2-CatGraph/results/AqTMK/02_template_guided_docking/complexes/AqTMK_196_complex.pdb,results/AqTMK/05_plip_interaction_graphs/plip_outputs/AqTMK_196/report.xml,hydrogen_bonds,O2,THR15A,1580,hydrogen_bonds,hydrogen_bond,ATP:B:1:O2,O2,ATP,B,1
AqTMK_196,/home/wms/AF2-test/AF2-CatGraph/results/AqTMK/02_template_guided_docking/complexes/AqTMK_196_complex.pdb,results/AqTMK/05_plip_interaction_graphs/plip_outputs/AqTMK_196/report.xml,hydrogen_bonds,O4,THR15A,1583,hydrogen_bonds,hydrogen_bond,ATP:B:1:O4,O4,ATP,B,1
AqTMK_196,/home/wms/AF2-test/AF2-CatGraph/results/AqTMK/02_template_guided_docking/complexes/AqTMK_196_complex.pdb,results/AqTMK/05_plip_interaction_graphs/plip_outputs/AqTMK_196/report.xml,hydrogen_bonds,O4,THR15A,1583,hydrogen_bonds,hydrogen_bond,ATP:B:1:O4,O4,ATP,B,1
AqTMK_196,/home/wms/AF2-test/AF2-CatGraph/results/AqTMK/02_template_guided_docking/complexes/AqTMK_196_complex.pdb,results/AqTMK/05_plip_interaction_graphs/plip_outputs/AqTMK_196/report.xml,hydrogen_bonds,O10,ARG90A,1591,hydrogen_bonds,hydrogen_bond,ATP:B:1:O10,O10,ATP,B,1
AqTMK_196,/home/wms/AF2-test/AF2-CatGraph/results/AqTMK/02_template_guided_docking/complexes/AqTMK_196_complex.pdb,results/AqTMK/05_plip_interaction_graphs/plip_outputs/AqTMK_196/report.xml,salt_bridges,P2,LYS13A,1585,salt_bridges,salt_bridge,ATP:B:1:P2,P2,ATP,B,1
AqTMK_196,/home/wms/AF2-test/AF2-CatGraph/results/AqTMK/02_template_guided_docking/complexes/AqTMK_196_complex.pdb,results/AqTMK/05_plip_interaction_graphs/plip_outputs/AqTMK_196/report.xml,salt_bridges,P3,LYS13A,1589,salt_bridges,salt_bridge,ATP:B:1:P3,P3,ATP,B,1
AqTMK_196,/home/wms/AF2-test/AF2-CatGraph/results/AqTMK/02_template_guided_docking/complexes/AqTMK_196_complex.pdb,results/AqTMK/05_plip_interaction_graphs/plip_outputs/AqTMK_196/report.xml,metal_complexes,MG,THR14A,1599,metal_complexes,metal_complex,MG:B:203:MG,MG,MG,B,203
AqTMK_196,/home/wms/AF2-test/AF2-CatGraph/results/AqTMK/02_template_guided_docking/complexes/AqTMK_196_complex.pdb,results/AqTMK/05_plip_interaction_graphs/plip_outputs/AqTMK_196/report.xml,salt_bridges,P4,LYS13A,1595,salt_bridges,salt_bridge,TMP:C:1:P4,P4,TMP,C,1
AqTMK_196,/home/wms/AF2-test/AF2-CatGraph/results/AqTMK/02_template_guided_docking/complexes/AqTMK_196_complex.pdb,results/AqTMK/05_plip_interaction_graphs/plip_outputs/AqTMK_196/report.xml,salt_bridges,P4,ARG35A,1595,salt_bridges,salt_bridge,TMP:C:1:P4,P4,TMP,C,1
AqTMK_196,/home/wms/AF2-test/AF2-CatGraph/results/AqTMK/02_template_guided_docking/complexes/AqTMK_196_complex.pdb,results/AqTMK/05_plip_interaction_graphs/plip_outputs/AqTMK_196/report.xml,salt_bridges,P4,ARG47A,1595,salt_bridges,salt_bridge,TMP:C:1:P4,P4,TMP,C,1
AqTMK_196,/home/wms/AF2-test/AF2-CatGraph/results/AqTMK/02_template_guided_docking/complexes/AqTMK_196_complex.pdb,results/AqTMK/05_plip_interaction_graphs/plip_outputs/AqTMK_196/report.xml,salt_bridges,P4,ARG90A,1595,salt_bridges,salt_bridge,TMP:C:1:P4,P4,TMP,C,1
AqTMK_197,/home/wms/AF2-test/AF2-CatGraph/results/AqTMK/02_template_guided_docking/complexes/AqTMK_197_complex.pdb,results/AqTMK/05_plip_interaction_graphs/plip_outputs/AqTMK_197/report.xml,hydrogen_bonds,O10,ASP9A,1591,hydrogen_bonds,hydrogen_bond,ATP:B:1:O10,O10,ATP,B,1
AqTMK_197,/home/wms/AF2-test/AF2-CatGraph/results/AqTMK/02_template_guided_docking/complexes/AqTMK_197_complex.pdb,results/AqTMK/05_plip_interaction_graphs/plip_outputs/AqTMK_197/report.xml,hydrogen_bonds,O8,GLY10A,1588,hydrogen_bonds,hydrogen_bond,ATP:B:1:O8,O8,ATP,B,1
AqTMK_197,/home/wms/AF2-test/AF2-CatGraph/results/AqTMK/02_template_guided_docking/complexes/AqTMK_197_complex.pdb,results/AqTMK/05_plip_interaction_graphs/plip_outputs/AqTMK_197/report.xml,hydrogen_bonds,O7,SER11A,1587,hydrogen_bonds,hydrogen_bond,ATP:B:1:O7,O7,ATP,B,1
AqTMK_197,/home/wms/AF2-test/AF2-CatGraph/results/AqTMK/02_template_guided_docking/complexes/AqTMK_197_complex.pdb,results/AqTMK/05_plip_interaction_graphs/plip_outputs/AqTMK_197/report.xml,hydrogen_bonds,O5,GLY12A,1584,hydrogen_bonds,hydrogen_bond,ATP:B:1:O5,O5,ATP,B,1
AqTMK_197,/home/wms/AF2-test/AF2-CatGraph/results/AqTMK/02_template_guided_docking/complexes/AqTMK_197_complex.pdb,results/AqTMK/05_plip_interaction_graphs/plip_outputs/AqTMK_197/report.xml,hydrogen_bonds,O7,LYS13A,1587,hydrogen_bonds,hydrogen_bond,ATP:B:1:O7,O7,ATP,B,1
AqTMK_197,/home/wms/AF2-test/AF2-CatGraph/results/AqTMK/02_template_guided_docking/complexes/AqTMK_197_complex.pdb,results/AqTMK/05_plip_interaction_graphs/plip_outputs/AqTMK_197/report.xml,hydrogen_bonds,O6,THR14A,1586,hydrogen_bonds,hydrogen_bond,ATP:B:1:O6,O6,ATP,B,1
AqTMK_197,/home/wms/AF2-test/AF2-CatGraph/results/AqTMK/02_template_guided_docking/complexes/AqTMK_197_complex.pdb,results/AqTMK/05_plip_interaction_graphs/plip_outputs/AqTMK_197/report.xml,hydrogen_bonds,O2,THR15A,1580,hydrogen_bonds,hydrogen_bond,ATP:B:1:O2,O2,ATP,B,1
AqTMK_197,/home/wms/AF2-test/AF2-CatGraph/results/AqTMK/02_template_guided_docking/complexes/AqTMK_197_complex.pdb,results/AqTMK/05_plip_interaction_graphs/plip_outputs/AqTMK_197/report.xml,hydrogen_bonds,O4,THR15A,1583,hydrogen_bonds,hydrogen_bond,ATP:B:1:O4,O4,ATP,B,1
AqTMK_197,/home/wms/AF2-test/AF2-CatGraph/results/AqTMK/02_template_guided_docking/complexes/AqTMK_197_complex.pdb,results/AqTMK/05_plip_interaction_graphs/plip_outputs/AqTMK_197/report.xml,hydrogen_bonds,O4,THR15A,1583,hydrogen_bonds,hydrogen_bond,ATP:B:1:O4,O4,ATP,B,1
AqTMK_197,/home/wms/AF2-test/AF2-CatGraph/results/AqTMK/02_template_guided_docking/complexes/AqTMK_197_complex.pdb,results/AqTMK/05_plip_interaction_graphs/plip_outputs/AqTMK_197/report.xml,hydrogen_bonds,O10,ARG90A,1591,hydrogen_bonds,hydrogen_bond,ATP:B:1:O10,O10,ATP,B,1
AqTMK_197,/home/wms/AF2-test/AF2-CatGraph/results/AqTMK/02_template_guided_docking/complexes/AqTMK_197_complex.pdb,results/AqTMK/05_plip_interaction_graphs/plip_outputs/AqTMK_197/report.xml,salt_bridges,P2,LYS13A,1585,salt_bridges,salt_bridge,ATP:B:1:P2,P2,ATP,B,1
AqTMK_197,/home/wms/AF2-test/AF2-CatGraph/results/AqTMK/02_template_guided_docking/complexes/AqTMK_197_complex.pdb,results/AqTMK/05_plip_interaction_graphs/plip_outputs/AqTMK_197/report.xml,salt_bridges,P3,LYS13A,1589,salt_bridges,salt_bridge,ATP:B:1:P3,P3,ATP,B,1
AqTMK_197,/home/wms/AF2-test/AF2-CatGraph/results/AqTMK/02_template_guided_docking/complexes/AqTMK_197_complex.pdb,results/AqTMK/05_plip_interaction_graphs/plip_outputs/AqTMK_197/report.xml,metal_complexes,MG,THR14A,1599,metal_complexes,metal_complex,MG:B:203:MG,MG,MG,B,203
AqTMK_197,/home/wms/AF2-test/AF2-CatGraph/results/AqTMK/02_template_guided_docking/complexes/AqTMK_197_complex.pdb,results/AqTMK/05_plip_interaction_graphs/plip_outputs/AqTMK_197/report.xml,salt_bridges,P4,ARG35A,1595,salt_bridges,salt_bridge,TMP:C:1:P4,P4,TMP,C,1
AqTMK_197,/home/wms/AF2-test/AF2-CatGraph/results/AqTMK/02_template_guided_docking/complexes/AqTMK_197_complex.pdb,results/AqTMK/05_plip_interaction_graphs/plip_outputs/AqTMK_197/report.xml,salt_bridges,P4,ARG47A,1595,salt_bridges,salt_bridge,TMP:C:1:P4,P4,TMP,C,1
AqTMK_197,/home/wms/AF2-test/AF2-CatGraph/results/AqTMK/02_template_guided_docking/complexes/AqTMK_197_complex.pdb,results/AqTMK/05_plip_interaction_graphs/plip_outputs/AqTMK_197/report.xml,salt_bridges,P4,ARG90A,1595,salt_bridges,salt_bridge,TMP:C:1:P4,P4,TMP,C,1
AqTMK_198,/home/wms/AF2-test/AF2-CatGraph/results/AqTMK/02_template_guided_docking/complexes/AqTMK_198_complex.pdb,results/AqTMK/05_plip_interaction_graphs/plip_outputs/AqTMK_198/report.xml,hydrogen_bonds,O8,ASP9A,1588,hydrogen_bonds,hydrogen_bond,ATP:B:1:O8,O8,ATP,B,1
AqTMK_198,/home/wms/AF2-test/AF2-CatGraph/results/AqTMK/02_template_guided_docking/complexes/AqTMK_198_complex.pdb,results/AqTMK/05_plip_interaction_graphs/plip_outputs/AqTMK_198/report.xml,hydrogen_bonds,O8,GLY10A,1588,hydrogen_bonds,hydrogen_bond,ATP:B:1:O8,O8,ATP,B,1
AqTMK_198,/home/wms/AF2-test/AF2-CatGraph/results/AqTMK/02_template_guided_docking/complexes/AqTMK_198_complex.pdb,results/AqTMK/05_plip_interaction_graphs/plip_outputs/AqTMK_198/report.xml,hydrogen_bonds,O7,SER11A,1587,hydrogen_bonds,hydrogen_bond,ATP:B:1:O7,O7,ATP,B,1
AqTMK_198,/home/wms/AF2-test/AF2-CatGraph/results/AqTMK/02_template_guided_docking/complexes/AqTMK_198_complex.pdb,results/AqTMK/05_plip_interaction_graphs/plip_outputs/AqTMK_198/report.xml,hydrogen_bonds,O7,GLY12A,1587,hydrogen_bonds,hydrogen_bond,ATP:B:1:O7,O7,ATP,B,1
AqTMK_198,/home/wms/AF2-test/AF2-CatGraph/results/AqTMK/02_template_guided_docking/complexes/AqTMK_198_complex.pdb,results/AqTMK/05_plip_interaction_graphs/plip_outputs/AqTMK_198/report.xml,hydrogen_bonds,O7,LYS13A,1587,hydrogen_bonds,hydrogen_bond,ATP:B:1:O7,O7,ATP,B,1
AqTMK_198,/home/wms/AF2-test/AF2-CatGraph/results/AqTMK/02_template_guided_docking/complexes/AqTMK_198_complex.pdb,results/AqTMK/05_plip_interaction_graphs/plip_outputs/AqTMK_198/report.xml,hydrogen_bonds,O6,THR14A,1586,hydrogen_bonds,hydrogen_bond,ATP:B:1:O6,O6,ATP,B,1
AqTMK_198,/home/wms/AF2-test/AF2-CatGraph/results/AqTMK/02_template_guided_docking/complexes/AqTMK_198_complex.pdb,results/AqTMK/05_plip_interaction_graphs/plip_outputs/AqTMK_198/report.xml,hydrogen_bonds,O4,THR15A,1583,hydrogen_bonds,hydrogen_bond,ATP:B:1:O4,O4,ATP,B,1
AqTMK_198,/home/wms/AF2-test/AF2-CatGraph/results/AqTMK/02_template_guided_docking/complexes/AqTMK_198_complex.pdb,results/AqTMK/05_plip_interaction_graphs/plip_outputs/AqTMK_198/report.xml,hydrogen_bonds,O4,THR15A,1583,hydrogen_bonds,hydrogen_bond,ATP:B:1:O4,O4,ATP,B,1
AqTMK_198,/home/wms/AF2-test/AF2-CatGraph/results/AqTMK/02_template_guided_docking/complexes/AqTMK_198_complex.pdb,results/AqTMK/05_plip_interaction_graphs/plip_outputs/AqTMK_198/report.xml,hydrogen_bonds,O10,ARG90A,1591,hydrogen_bonds,hydrogen_bond,ATP:B:1:O10,O10,ATP,B,1
AqTMK_198,/home/wms/AF2-test/AF2-CatGraph/results/AqTMK/02_template_guided_docking/complexes/AqTMK_198_complex.pdb,results/AqTMK/05_plip_interaction_graphs/plip_outputs/AqTMK_198/report.xml,salt_bridges,P2,LYS13A,1585,salt_bridges,salt_bridge,ATP:B:1:P2,P2,ATP,B,1
AqTMK_198,/home/wms/AF2-test/AF2-CatGraph/results/AqTMK/02_template_guided_docking/complexes/AqTMK_198_complex.pdb,results/AqTMK/05_plip_interaction_graphs/plip_outputs/AqTMK_198/report.xml,salt_bridges,P3,LYS13A,1589,salt_bridges,salt_bridge,ATP:B:1:P3,P3,ATP,B,1
AqTMK_198,/home/wms/AF2-test/AF2-CatGraph/results/AqTMK/02_template_guided_docking/complexes/AqTMK_198_complex.pdb,results/AqTMK/05_plip_interaction_graphs/plip_outputs/AqTMK_198/report.xml,metal_complexes,MG,THR14A,1599,metal_complexes,metal_complex,MG:B:203:MG,MG,MG,B,203
AqTMK_198,/home/wms/AF2-test/AF2-CatGraph/results/AqTMK/02_template_guided_docking/complexes/AqTMK_198_complex.pdb,results/AqTMK/05_plip_interaction_graphs/plip_outputs/AqTMK_198/report.xml,salt_bridges,P4,LYS13A,1595,salt_bridges,salt_bridge,TMP:C:1:P4,P4,TMP,C,1
AqTMK_198,/home/wms/AF2-test/AF2-CatGraph/results/AqTMK/02_template_guided_docking/complexes/AqTMK_198_complex.pdb,results/AqTMK/05_plip_interaction_graphs/plip_outputs/AqTMK_198/report.xml,salt_bridges,P4,ARG47A,1595,salt_bridges,salt_bridge,TMP:C:1:P4,P4,TMP,C,1
AqTMK_198,/home/wms/AF2-test/AF2-CatGraph/results/AqTMK/02_template_guided_docking/complexes/AqTMK_198_complex.pdb,results/AqTMK/05_plip_interaction_graphs/plip_outputs/AqTMK_198/report.xml,salt_bridges,P4,ARG90A,1595,salt_bridges,salt_bridge,TMP:C:1:P4,P4,TMP,C,1
AqTMK_200,/home/wms/AF2-test/AF2-CatGraph/results/AqTMK/02_template_guided_docking/complexes/AqTMK_200_complex.pdb,results/AqTMK/05_plip_interaction_graphs/plip_outputs/AqTMK_200/report.xml,hydrogen_bonds,O10,ASP9A,1591,hydrogen_bonds,hydrogen_bond,ATP:B:1:O10,O10,ATP,B,1
AqTMK_200,/home/wms/AF2-test/AF2-CatGraph/results/AqTMK/02_template_guided_docking/complexes/AqTMK_200_complex.pdb,results/AqTMK/05_plip_interaction_graphs/plip_outputs/AqTMK_200/report.xml,hydrogen_bonds,O8,GLY10A,1588,hydrogen_bonds,hydrogen_bond,ATP:B:1:O8,O8,ATP,B,1
AqTMK_200,/home/wms/AF2-test/AF2-CatGraph/results/AqTMK/02_template_guided_docking/complexes/AqTMK_200_complex.pdb,results/AqTMK/05_plip_interaction_graphs/plip_outputs/AqTMK_200/report.xml,hydrogen_bonds,O7,SER11A,1587,hydrogen_bonds,hydrogen_bond,ATP:B:1:O7,O7,ATP,B,1
AqTMK_200,/home/wms/AF2-test/AF2-CatGraph/results/AqTMK/02_template_guided_docking/complexes/AqTMK_200_complex.pdb,results/AqTMK/05_plip_interaction_graphs/plip_outputs/AqTMK_200/report.xml,hydrogen_bonds,O7,GLY12A,1587,hydrogen_bonds,hydrogen_bond,ATP:B:1:O7,O7,ATP,B,1
AqTMK_200,/home/wms/AF2-test/AF2-CatGraph/results/AqTMK/02_template_guided_docking/complexes/AqTMK_200_complex.pdb,results/AqTMK/05_plip_interaction_graphs/plip_outputs/AqTMK_200/report.xml,hydrogen_bonds,O7,LYS13A,1587,hydrogen_bonds,hydrogen_bond,ATP:B:1:O7,O7,ATP,B,1
AqTMK_200,/home/wms/AF2-test/AF2-CatGraph/results/AqTMK/02_template_guided_docking/complexes/AqTMK_200_complex.pdb,results/AqTMK/05_plip_interaction_graphs/plip_outputs/AqTMK_200/report.xml,hydrogen_bonds,O6,THR14A,1586,hydrogen_bonds,hydrogen_bond,ATP:B:1:O6,O6,ATP,B,1
AqTMK_200,/home/wms/AF2-test/AF2-CatGraph/results/AqTMK/02_template_guided_docking/complexes/AqTMK_200_complex.pdb,results/AqTMK/05_plip_interaction_graphs/plip_outputs/AqTMK_200/report.xml,hydrogen_bonds,O2,THR15A,1580,hydrogen_bonds,hydrogen_bond,ATP:B:1:O2,O2,ATP,B,1
AqTMK_200,/home/wms/AF2-test/AF2-CatGraph/results/AqTMK/02_template_guided_docking/complexes/AqTMK_200_complex.pdb,results/AqTMK/05_plip_interaction_graphs/plip_outputs/AqTMK_200/report.xml,hydrogen_bonds,O4,THR15A,1583,hydrogen_bonds,hydrogen_bond,ATP:B:1:O4,O4,ATP,B,1
AqTMK_200,/home/wms/AF2-test/AF2-CatGraph/results/AqTMK/02_template_guided_docking/complexes/AqTMK_200_complex.pdb,results/AqTMK/05_plip_interaction_graphs/plip_outputs/AqTMK_200/report.xml,hydrogen_bonds,O4,THR15A,1583,hydrogen_bonds,hydrogen_bond,ATP:B:1:O4,O4,ATP,B,1
AqTMK_200,/home/wms/AF2-test/AF2-CatGraph/results/AqTMK/02_template_guided_docking/complexes/AqTMK_200_complex.pdb,results/AqTMK/05_plip_interaction_graphs/plip_outputs/AqTMK_200/report.xml,salt_bridges,P2,LYS13A,1585,salt_bridges,salt_bridge,ATP:B:1:P2,P2,ATP,B,1
AqTMK_200,/home/wms/AF2-test/AF2-CatGraph/results/AqTMK/02_template_guided_docking/complexes/AqTMK_200_complex.pdb,results/AqTMK/05_plip_interaction_graphs/plip_outputs/AqTMK_200/report.xml,salt_bridges,P3,LYS13A,1589,salt_bridges,salt_bridge,ATP:B:1:P3,P3,ATP,B,1
AqTMK_200,/home/wms/AF2-test/AF2-CatGraph/results/AqTMK/02_template_guided_docking/complexes/AqTMK_200_complex.pdb,results/AqTMK/05_plip_interaction_graphs/plip_outputs/AqTMK_200/report.xml,salt_bridges,P3,ARG90A,1589,salt_bridges,salt_bridge,ATP:B:1:P3,P3,ATP,B,1
AqTMK_200,/home/wms/AF2-test/AF2-CatGraph/results/AqTMK/02_template_guided_docking/complexes/AqTMK_200_complex.pdb,results/AqTMK/05_plip_interaction_graphs/plip_outputs/AqTMK_200/report.xml,metal_complexes,MG,THR14A,1599,metal_complexes,metal_complex,MG:B:203:MG,MG,MG,B,203
AqTMK_200,/home/wms/AF2-test/AF2-CatGraph/results/AqTMK/02_template_guided_docking/complexes/AqTMK_200_complex.pdb,results/AqTMK/05_plip_interaction_graphs/plip_outputs/AqTMK_200/report.xml,salt_bridges,P4,ARG35A,1595,salt_bridges,salt_bridge,TMP:C:1:P4,P4,TMP,C,1
AqTMK_200,/home/wms/AF2-test/AF2-CatGraph/results/AqTMK/02_template_guided_docking/complexes/AqTMK_200_complex.pdb,results/AqTMK/05_plip_interaction_graphs/plip_outputs/AqTMK_200/report.xml,salt_bridges,P4,ARG47A,1595,salt_bridges,salt_bridge,TMP:C:1:P4,P4,TMP,C,1
AqTMK_200,/home/wms/AF2-test/AF2-CatGraph/results/AqTMK/02_template_guided_docking/complexes/AqTMK_200_complex.pdb,results/AqTMK/05_plip_interaction_graphs/plip_outputs/AqTMK_200/report.xml,salt_bridges,P4,ARG90A,1595,salt_bridges,salt_bridge,TMP:C:1:P4,P4,TMP,C,1
AqTMK_201,/home/wms/AF2-test/AF2-CatGraph/results/AqTMK/02_template_guided_docking/complexes/AqTMK_201_complex.pdb,results/AqTMK/05_plip_interaction_graphs/plip_outputs/AqTMK_201/report.xml,hydrogen_bonds,O8,GLY10A,1588,hydrogen_bonds,hydrogen_bond,ATP:B:1:O8,O8,ATP,B,1
AqTMK_201,/home/wms/AF2-test/AF2-CatGraph/results/AqTMK/02_template_guided_docking/complexes/AqTMK_201_complex.pdb,results/AqTMK/05_plip_interaction_graphs/plip_outputs/AqTMK_201/report.xml,hydrogen_bonds,O7,SER11A,1587,hydrogen_bonds,hydrogen_bond,ATP:B:1:O7,O7,ATP,B,1
AqTMK_201,/home/wms/AF2-test/AF2-CatGraph/results/AqTMK/02_template_guided_docking/complexes/AqTMK_201_complex.pdb,results/AqTMK/05_plip_interaction_graphs/plip_outputs/AqTMK_201/report.xml,hydrogen_bonds,O7,GLY12A,1587,hydrogen_bonds,hydrogen_bond,ATP:B:1:O7,O7,ATP,B,1
AqTMK_201,/home/wms/AF2-test/AF2-CatGraph/results/AqTMK/02_template_guided_docking/complexes/AqTMK_201_complex.pdb,results/AqTMK/05_plip_interaction_graphs/plip_outputs/AqTMK_201/report.xml,hydrogen_bonds,O7,LYS13A,1587,hydrogen_bonds,hydrogen_bond,ATP:B:1:O7,O7,ATP,B,1
AqTMK_201,/home/wms/AF2-test/AF2-CatGraph/results/AqTMK/02_template_guided_docking/complexes/AqTMK_201_complex.pdb,results/AqTMK/05_plip_interaction_graphs/plip_outputs/AqTMK_201/report.xml,hydrogen_bonds,O6,THR14A,1586,hydrogen_bonds,hydrogen_bond,ATP:B:1:O6,O6,ATP,B,1
AqTMK_201,/home/wms/AF2-test/AF2-CatGraph/results/AqTMK/02_template_guided_docking/complexes/AqTMK_201_complex.pdb,results/AqTMK/05_plip_interaction_graphs/plip_outputs/AqTMK_201/report.xml,hydrogen_bonds,O2,THR15A,1580,hydrogen_bonds,hydrogen_bond,ATP:B:1:O2,O2,ATP,B,1
AqTMK_201,/home/wms/AF2-test/AF2-CatGraph/results/AqTMK/02_template_guided_docking/complexes/AqTMK_201_complex.pdb,results/AqTMK/05_plip_interaction_graphs/plip_outputs/AqTMK_201/report.xml,hydrogen_bonds,O4,THR15A,1583,hydrogen_bonds,hydrogen_bond,ATP:B:1:O4,O4,ATP,B,1
AqTMK_201,/home/wms/AF2-test/AF2-CatGraph/results/AqTMK/02_template_guided_docking/complexes/AqTMK_201_complex.pdb,results/AqTMK/05_plip_interaction_graphs/plip_outputs/AqTMK_201/report.xml,hydrogen_bonds,O4,THR15A,1583,hydrogen_bonds,hydrogen_bond,ATP:B:1:O4,O4,ATP,B,1
AqTMK_201,/home/wms/AF2-test/AF2-CatGraph/results/AqTMK/02_template_guided_docking/complexes/AqTMK_201_complex.pdb,results/AqTMK/05_plip_interaction_graphs/plip_outputs/AqTMK_201/report.xml,salt_bridges,P2,LYS13A,1585,salt_bridges,salt_bridge,ATP:B:1:P2,P2,ATP,B,1
AqTMK_201,/home/wms/AF2-test/AF2-CatGraph/results/AqTMK/02_template_guided_docking/complexes/AqTMK_201_complex.pdb,results/AqTMK/05_plip_interaction_graphs/plip_outputs/AqTMK_201/report.xml,salt_bridges,P3,LYS13A,1589,salt_bridges,salt_bridge,ATP:B:1:P3,P3,ATP,B,1
AqTMK_201,/home/wms/AF2-test/AF2-CatGraph/results/AqTMK/02_template_guided_docking/complexes/AqTMK_201_complex.pdb,results/AqTMK/05_plip_interaction_graphs/plip_outputs/AqTMK_201/report.xml,salt_bridges,P3,ARG90A,1589,salt_bridges,salt_bridge,ATP:B:1:P3,P3,ATP,B,1
AqTMK_201,/home/wms/AF2-test/AF2-CatGraph/results/AqTMK/02_template_guided_docking/complexes/AqTMK_201_complex.pdb,results/AqTMK/05_plip_interaction_graphs/plip_outputs/AqTMK_201/report.xml,metal_complexes,MG,THR14A,1599,metal_complexes,metal_complex,MG:B:203:MG,MG,MG,B,203
AqTMK_201,/home/wms/AF2-test/AF2-CatGraph/results/AqTMK/02_template_guided_docking/complexes/AqTMK_201_complex.pdb,results/AqTMK/05_plip_interaction_graphs/plip_outputs/AqTMK_201/report.xml,salt_bridges,P4,ARG47A,1595,salt_bridges,salt_bridge,TMP:C:1:P4,P4,TMP,C,1
AqTMK_201,/home/wms/AF2-test/AF2-CatGraph/results/AqTMK/02_template_guided_docking/complexes/AqTMK_201_complex.pdb,results/AqTMK/05_plip_interaction_graphs/plip_outputs/AqTMK_201/report.xml,salt_bridges,P4,ARG90A,1595,salt_bridges,salt_bridge,TMP:C:1:P4,P4,TMP,C,1
AqTMK_207,/home/wms/AF2-test/AF2-CatGraph/results/AqTMK/02_template_guided_docking/complexes/AqTMK_207_complex.pdb,results/AqTMK/05_plip_interaction_graphs/plip_outputs/AqTMK_207/report.xml,hydrogen_bonds,O10,ASP9A,1591,hydrogen_bonds,hydrogen_bond,ATP:B:1:O10,O10,ATP,B,1
AqTMK_207,/home/wms/AF2-test/AF2-CatGraph/results/AqTMK/02_template_guided_docking/complexes/AqTMK_207_complex.pdb,results/AqTMK/05_plip_interaction_graphs/plip_outputs/AqTMK_207/report.xml,hydrogen_bonds,O8,GLY10A,1588,hydrogen_bonds,hydrogen_bond,ATP:B:1:O8,O8,ATP,B,1
AqTMK_207,/home/wms/AF2-test/AF2-CatGraph/results/AqTMK/02_template_guided_docking/complexes/AqTMK_207_complex.pdb,results/AqTMK/05_plip_interaction_graphs/plip_outputs/AqTMK_207/report.xml,hydrogen_bonds,O7,SER11A,1587,hydrogen_bonds,hydrogen_bond,ATP:B:1:O7,O7,ATP,B,1
AqTMK_207,/home/wms/AF2-test/AF2-CatGraph/results/AqTMK/02_template_guided_docking/complexes/AqTMK_207_complex.pdb,results/AqTMK/05_plip_interaction_graphs/plip_outputs/AqTMK_207/report.xml,hydrogen_bonds,O7,GLY12A,1587,hydrogen_bonds,hydrogen_bond,ATP:B:1:O7,O7,ATP,B,1
AqTMK_207,/home/wms/AF2-test/AF2-CatGraph/results/AqTMK/02_template_guided_docking/complexes/AqTMK_207_complex.pdb,results/AqTMK/05_plip_interaction_graphs/plip_outputs/AqTMK_207/report.xml,hydrogen_bonds,O7,LYS13A,1587,hydrogen_bonds,hydrogen_bond,ATP:B:1:O7,O7,ATP,B,1
AqTMK_207,/home/wms/AF2-test/AF2-CatGraph/results/AqTMK/02_template_guided_docking/complexes/AqTMK_207_complex.pdb,results/AqTMK/05_plip_interaction_graphs/plip_outputs/AqTMK_207/report.xml,hydrogen_bonds,O6,THR14A,1586,hydrogen_bonds,hydrogen_bond,ATP:B:1:O6,O6,ATP,B,1
AqTMK_207,/home/wms/AF2-test/AF2-CatGraph/results/AqTMK/02_template_guided_docking/complexes/AqTMK_207_complex.pdb,results/AqTMK/05_plip_interaction_graphs/plip_outputs/AqTMK_207/report.xml,hydrogen_bonds,O2,THR15A,1580,hydrogen_bonds,hydrogen_bond,ATP:B:1:O2,O2,ATP,B,1
AqTMK_207,/home/wms/AF2-test/AF2-CatGraph/results/AqTMK/02_template_guided_docking/complexes/AqTMK_207_complex.pdb,results/AqTMK/05_plip_interaction_graphs/plip_outputs/AqTMK_207/report.xml,hydrogen_bonds,O4,THR15A,1583,hydrogen_bonds,hydrogen_bond,ATP:B:1:O4,O4,ATP,B,1
AqTMK_207,/home/wms/AF2-test/AF2-CatGraph/results/AqTMK/02_template_guided_docking/complexes/AqTMK_207_complex.pdb,results/AqTMK/05_plip_interaction_graphs/plip_outputs/AqTMK_207/report.xml,hydrogen_bonds,O4,THR15A,1583,hydrogen_bonds,hydrogen_bond,ATP:B:1:O4,O4,ATP,B,1
AqTMK_207,/home/wms/AF2-test/AF2-CatGraph/results/AqTMK/02_template_guided_docking/complexes/AqTMK_207_complex.pdb,results/AqTMK/05_plip_interaction_graphs/plip_outputs/AqTMK_207/report.xml,salt_bridges,P2,LYS13A,1585,salt_bridges,salt_bridge,ATP:B:1:P2,P2,ATP,B,1
AqTMK_207,/home/wms/AF2-test/AF2-CatGraph/results/AqTMK/02_template_guided_docking/complexes/AqTMK_207_complex.pdb,results/AqTMK/05_plip_interaction_graphs/plip_outputs/AqTMK_207/report.xml,salt_bridges,P3,LYS13A,1589,salt_bridges,salt_bridge,ATP:B:1:P3,P3,ATP,B,1
AqTMK_207,/home/wms/AF2-test/AF2-CatGraph/results/AqTMK/02_template_guided_docking/complexes/AqTMK_207_complex.pdb,results/AqTMK/05_plip_interaction_graphs/plip_outputs/AqTMK_207/report.xml,salt_bridges,P3,ARG145A,1589,salt_bridges,salt_bridge,ATP:B:1:P3,P3,ATP,B,1
AqTMK_207,/home/wms/AF2-test/AF2-CatGraph/results/AqTMK/02_template_guided_docking/complexes/AqTMK_207_complex.pdb,results/AqTMK/05_plip_interaction_graphs/plip_outputs/AqTMK_207/report.xml,metal_complexes,MG,THR14A,1599,metal_complexes,metal_complex,MG:B:203:MG,MG,MG,B,203
AqTMK_207,/home/wms/AF2-test/AF2-CatGraph/results/AqTMK/02_template_guided_docking/complexes/AqTMK_207_complex.pdb,results/AqTMK/05_plip_interaction_graphs/plip_outputs/AqTMK_207/report.xml,salt_bridges,P4,LYS13A,1595,salt_bridges,salt_bridge,TMP:C:1:P4,P4,TMP,C,1
AqTMK_207,/home/wms/AF2-test/AF2-CatGraph/results/AqTMK/02_template_guided_docking/complexes/AqTMK_207_complex.pdb,results/AqTMK/05_plip_interaction_graphs/plip_outputs/AqTMK_207/report.xml,salt_bridges,P4,ARG47A,1595,salt_bridges,salt_bridge,TMP:C:1:P4,P4,TMP,C,1
AqTMK_207,/home/wms/AF2-test/AF2-CatGraph/results/AqTMK/02_template_guided_docking/complexes/AqTMK_207_complex.pdb,results/AqTMK/05_plip_interaction_graphs/plip_outputs/AqTMK_207/report.xml,salt_bridges,P4,ARG90A,1595,salt_bridges,salt_bridge,TMP:C:1:P4,P4,TMP,C,1
AqTMK_207,/home/wms/AF2-test/AF2-CatGraph/results/AqTMK/02_template_guided_docking/complexes/AqTMK_207_complex.pdb,results/AqTMK/05_plip_interaction_graphs/plip_outputs/AqTMK_207/report.xml,salt_bridges,P4,ARG145A,1595,salt_bridges,salt_bridge,TMP:C:1:P4,P4,TMP,C,1
AqTMK_208,/home/wms/AF2-test/AF2-CatGraph/results/AqTMK/02_template_guided_docking/complexes/AqTMK_208_complex.pdb,results/AqTMK/05_plip_interaction_graphs/plip_outputs/AqTMK_208/report.xml,hydrogen_bonds,O8,ASP9A,1588,hydrogen_bonds,hydrogen_bond,ATP:B:1:O8,O8,ATP,B,1
AqTMK_208,/home/wms/AF2-test/AF2-CatGraph/results/AqTMK/02_template_guided_docking/complexes/AqTMK_208_complex.pdb,results/AqTMK/05_plip_interaction_graphs/plip_outputs/AqTMK_208/report.xml,hydrogen_bonds,O8,GLY10A,1588,hydrogen_bonds,hydrogen_bond,ATP:B:1:O8,O8,ATP,B,1
AqTMK_208,/home/wms/AF2-test/AF2-CatGraph/results/AqTMK/02_template_guided_docking/complexes/AqTMK_208_complex.pdb,results/AqTMK/05_plip_interaction_graphs/plip_outputs/AqTMK_208/report.xml,hydrogen_bonds,O7,SER11A,1587,hydrogen_bonds,hydrogen_bond,ATP:B:1:O7,O7,ATP,B,1
AqTMK_208,/home/wms/AF2-test/AF2-CatGraph/results/AqTMK/02_template_guided_docking/complexes/AqTMK_208_complex.pdb,results/AqTMK/05_plip_interaction_graphs/plip_outputs/AqTMK_208/report.xml,hydrogen_bonds,O5,GLY12A,1584,hydrogen_bonds,hydrogen_bond,ATP:B:1:O5,O5,ATP,B,1
AqTMK_208,/home/wms/AF2-test/AF2-CatGraph/results/AqTMK/02_template_guided_docking/complexes/AqTMK_208_complex.pdb,results/AqTMK/05_plip_interaction_graphs/plip_outputs/AqTMK_208/report.xml,hydrogen_bonds,O7,LYS13A,1587,hydrogen_bonds,hydrogen_bond,ATP:B:1:O7,O7,ATP,B,1
AqTMK_208,/home/wms/AF2-test/AF2-CatGraph/results/AqTMK/02_template_guided_docking/complexes/AqTMK_208_complex.pdb,results/AqTMK/05_plip_interaction_graphs/plip_outputs/AqTMK_208/report.xml,hydrogen_bonds,O6,THR14A,1586,hydrogen_bonds,hydrogen_bond,ATP:B:1:O6,O6,ATP,B,1
AqTMK_208,/home/wms/AF2-test/AF2-CatGraph/results/AqTMK/02_template_guided_docking/complexes/AqTMK_208_complex.pdb,results/AqTMK/05_plip_interaction_graphs/plip_outputs/AqTMK_208/report.xml,hydrogen_bonds,O4,THR15A,1583,hydrogen_bonds,hydrogen_bond,ATP:B:1:O4,O4,ATP,B,1
AqTMK_208,/home/wms/AF2-test/AF2-CatGraph/results/AqTMK/02_template_guided_docking/complexes/AqTMK_208_complex.pdb,results/AqTMK/05_plip_interaction_graphs/plip_outputs/AqTMK_208/report.xml,hydrogen_bonds,O4,THR15A,1583,hydrogen_bonds,hydrogen_bond,ATP:B:1:O4,O4,ATP,B,1
AqTMK_208,/home/wms/AF2-test/AF2-CatGraph/results/AqTMK/02_template_guided_docking/complexes/AqTMK_208_complex.pdb,results/AqTMK/05_plip_interaction_graphs/plip_outputs/AqTMK_208/report.xml,salt_bridges,P2,LYS13A,1585,salt_bridges,salt_bridge,ATP:B:1:P2,P2,ATP,B,1
AqTMK_208,/home/wms/AF2-test/AF2-CatGraph/results/AqTMK/02_template_guided_docking/complexes/AqTMK_208_complex.pdb,results/AqTMK/05_plip_interaction_graphs/plip_outputs/AqTMK_208/report.xml,salt_bridges,P3,LYS13A,1589,salt_bridges,salt_bridge,ATP:B:1:P3,P3,ATP,B,1
AqTMK_208,/home/wms/AF2-test/AF2-CatGraph/results/AqTMK/02_template_guided_docking/complexes/AqTMK_208_complex.pdb,results/AqTMK/05_plip_interaction_graphs/plip_outputs/AqTMK_208/report.xml,salt_bridges,P2,ARG90A,1585,salt_bridges,salt_bridge,ATP:B:1:P2,P2,ATP,B,1
AqTMK_208,/home/wms/AF2-test/AF2-CatGraph/results/AqTMK/02_template_guided_docking/complexes/AqTMK_208_complex.pdb,results/AqTMK/05_plip_interaction_graphs/plip_outputs/AqTMK_208/report.xml,salt_bridges,P3,ARG90A,1589,salt_bridges,salt_bridge,ATP:B:1:P3,P3,ATP,B,1
AqTMK_208,/home/wms/AF2-test/AF2-CatGraph/results/AqTMK/02_template_guided_docking/complexes/AqTMK_208_complex.pdb,results/AqTMK/05_plip_interaction_graphs/plip_outputs/AqTMK_208/report.xml,metal_complexes,MG,THR14A,1599,metal_complexes,metal_complex,MG:B:203:MG,MG,MG,B,203
AqTMK_208,/home/wms/AF2-test/AF2-CatGraph/results/AqTMK/02_template_guided_docking/complexes/AqTMK_208_complex.pdb,results/AqTMK/05_plip_interaction_graphs/plip_outputs/AqTMK_208/report.xml,salt_bridges,P4,ARG35A,1595,salt_bridges,salt_bridge,TMP:C:1:P4,P4,TMP,C,1
AqTMK_208,/home/wms/AF2-test/AF2-CatGraph/results/AqTMK/02_template_guided_docking/complexes/AqTMK_208_complex.pdb,results/AqTMK/05_plip_interaction_graphs/plip_outputs/AqTMK_208/report.xml,salt_bridges,P4,ARG47A,1595,salt_bridges,salt_bridge,TMP:C:1:P4,P4,TMP,C,1
AqTMK_208,/home/wms/AF2-test/AF2-CatGraph/results/AqTMK/02_template_guided_docking/complexes/AqTMK_208_complex.pdb,results/AqTMK/05_plip_interaction_graphs/plip_outputs/AqTMK_208/report.xml,salt_bridges,P4,ARG90A,1595,salt_bridges,salt_bridge,TMP:C:1:P4,P4,TMP,C,1
AqTMK_211,/home/wms/AF2-test/AF2-CatGraph/results/AqTMK/02_template_guided_docking/complexes/AqTMK_211_complex.pdb,results/AqTMK/05_plip_interaction_graphs/plip_outputs/AqTMK_211/report.xml,hydrogen_bonds,O8,ASP9A,1588,hydrogen_bonds,hydrogen_bond,ATP:B:1:O8,O8,ATP,B,1
AqTMK_211,/home/wms/AF2-test/AF2-CatGraph/results/AqTMK/02_template_guided_docking/complexes/AqTMK_211_complex.pdb,results/AqTMK/05_plip_interaction_graphs/plip_outputs/AqTMK_211/report.xml,hydrogen_bonds,O8,GLY10A,1588,hydrogen_bonds,hydrogen_bond,ATP:B:1:O8,O8,ATP,B,1
AqTMK_211,/home/wms/AF2-test/AF2-CatGraph/results/AqTMK/02_template_guided_docking/complexes/AqTMK_211_complex.pdb,results/AqTMK/05_plip_interaction_graphs/plip_outputs/AqTMK_211/report.xml,hydrogen_bonds,O7,SER11A,1587,hydrogen_bonds,hydrogen_bond,ATP:B:1:O7,O7,ATP,B,1
AqTMK_211,/home/wms/AF2-test/AF2-CatGraph/results/AqTMK/02_template_guided_docking/complexes/AqTMK_211_complex.pdb,results/AqTMK/05_plip_interaction_graphs/plip_outputs/AqTMK_211/report.xml,hydrogen_bonds,O5,GLY12A,1584,hydrogen_bonds,hydrogen_bond,ATP:B:1:O5,O5,ATP,B,1
AqTMK_211,/home/wms/AF2-test/AF2-CatGraph/results/AqTMK/02_template_guided_docking/complexes/AqTMK_211_complex.pdb,results/AqTMK/05_plip_interaction_graphs/plip_outputs/AqTMK_211/report.xml,hydrogen_bonds,O7,LYS13A,1587,hydrogen_bonds,hydrogen_bond,ATP:B:1:O7,O7,ATP,B,1
AqTMK_211,/home/wms/AF2-test/AF2-CatGraph/results/AqTMK/02_template_guided_docking/complexes/AqTMK_211_complex.pdb,results/AqTMK/05_plip_interaction_graphs/plip_outputs/AqTMK_211/report.xml,hydrogen_bonds,O6,THR14A,1586,hydrogen_bonds,hydrogen_bond,ATP:B:1:O6,O6,ATP,B,1
AqTMK_211,/home/wms/AF2-test/AF2-CatGraph/results/AqTMK/02_template_guided_docking/complexes/AqTMK_211_complex.pdb,results/AqTMK/05_plip_interaction_graphs/plip_outputs/AqTMK_211/report.xml,hydrogen_bonds,O4,THR15A,1583,hydrogen_bonds,hydrogen_bond,ATP:B:1:O4,O4,ATP,B,1
AqTMK_211,/home/wms/AF2-test/AF2-CatGraph/results/AqTMK/02_template_guided_docking/complexes/AqTMK_211_complex.pdb,results/AqTMK/05_plip_interaction_graphs/plip_outputs/AqTMK_211/report.xml,hydrogen_bonds,O4,THR15A,1583,hydrogen_bonds,hydrogen_bond,ATP:B:1:O4,O4,ATP,B,1
AqTMK_211,/home/wms/AF2-test/AF2-CatGraph/results/AqTMK/02_template_guided_docking/complexes/AqTMK_211_complex.pdb,results/AqTMK/05_plip_interaction_graphs/plip_outputs/AqTMK_211/report.xml,salt_bridges,P2,LYS13A,1585,salt_bridges,salt_bridge,ATP:B:1:P2,P2,ATP,B,1
AqTMK_211,/home/wms/AF2-test/AF2-CatGraph/results/AqTMK/02_template_guided_docking/complexes/AqTMK_211_complex.pdb,results/AqTMK/05_plip_interaction_graphs/plip_outputs/AqTMK_211/report.xml,salt_bridges,P3,LYS13A,1589,salt_bridges,salt_bridge,ATP:B:1:P3,P3,ATP,B,1
AqTMK_211,/home/wms/AF2-test/AF2-CatGraph/results/AqTMK/02_template_guided_docking/complexes/AqTMK_211_complex.pdb,results/AqTMK/05_plip_interaction_graphs/plip_outputs/AqTMK_211/report.xml,metal_complexes,MG,THR14A,1599,metal_complexes,metal_complex,MG:B:203:MG,MG,MG,B,203
AqTMK_211,/home/wms/AF2-test/AF2-CatGraph/results/AqTMK/02_template_guided_docking/complexes/AqTMK_211_complex.pdb,results/AqTMK/05_plip_interaction_graphs/plip_outputs/AqTMK_211/report.xml,hydrogen_bonds,O14,ARG47A,1597,hydrogen_bonds,hydrogen_bond,TMP:C:1:O14,O14,TMP,C,1
AqTMK_211,/home/wms/AF2-test/AF2-CatGraph/results/AqTMK/02_template_guided_docking/complexes/AqTMK_211_complex.pdb,results/AqTMK/05_plip_interaction_graphs/plip_outputs/AqTMK_211/report.xml,salt_bridges,P4,ARG35A,1595,salt_bridges,salt_bridge,TMP:C:1:P4,P4,TMP,C,1
AqTMK_211,/home/wms/AF2-test/AF2-CatGraph/results/AqTMK/02_template_guided_docking/complexes/AqTMK_211_complex.pdb,results/AqTMK/05_plip_interaction_graphs/plip_outputs/AqTMK_211/report.xml,salt_bridges,P4,ARG90A,1595,salt_bridges,salt_bridge,TMP:C:1:P4,P4,TMP,C,1
AqTMK_214,/home/wms/AF2-test/AF2-CatGraph/results/AqTMK/02_template_guided_docking/complexes/AqTMK_214_complex.pdb,results/AqTMK/05_plip_interaction_graphs/plip_outputs/AqTMK_214/report.xml,hydrogen_bonds,O10,ASP9A,1591,hydrogen_bonds,hydrogen_bond,ATP:B:1:O10,O10,ATP,B,1
AqTMK_214,/home/wms/AF2-test/AF2-CatGraph/results/AqTMK/02_template_guided_docking/complexes/AqTMK_214_complex.pdb,results/AqTMK/05_plip_interaction_graphs/plip_outputs/AqTMK_214/report.xml,hydrogen_bonds,O8,GLY10A,1588,hydrogen_bonds,hydrogen_bond,ATP:B:1:O8,O8,ATP,B,1
AqTMK_214,/home/wms/AF2-test/AF2-CatGraph/results/AqTMK/02_template_guided_docking/complexes/AqTMK_214_complex.pdb,results/AqTMK/05_plip_interaction_graphs/plip_outputs/AqTMK_214/report.xml,hydrogen_bonds,O7,SER11A,1587,hydrogen_bonds,hydrogen_bond,ATP:B:1:O7,O7,ATP,B,1
AqTMK_214,/home/wms/AF2-test/AF2-CatGraph/results/AqTMK/02_template_guided_docking/complexes/AqTMK_214_complex.pdb,results/AqTMK/05_plip_interaction_graphs/plip_outputs/AqTMK_214/report.xml,hydrogen_bonds,O7,GLY12A,1587,hydrogen_bonds,hydrogen_bond,ATP:B:1:O7,O7,ATP,B,1
AqTMK_214,/home/wms/AF2-test/AF2-CatGraph/results/AqTMK/02_template_guided_docking/complexes/AqTMK_214_complex.pdb,results/AqTMK/05_plip_interaction_graphs/plip_outputs/AqTMK_214/report.xml,hydrogen_bonds,O7,LYS13A,1587,hydrogen_bonds,hydrogen_bond,ATP:B:1:O7,O7,ATP,B,1
AqTMK_214,/home/wms/AF2-test/AF2-CatGraph/results/AqTMK/02_template_guided_docking/complexes/AqTMK_214_complex.pdb,results/AqTMK/05_plip_interaction_graphs/plip_outputs/AqTMK_214/report.xml,hydrogen_bonds,O7,THR14A,1587,hydrogen_bonds,hydrogen_bond,ATP:B:1:O7,O7,ATP,B,1
AqTMK_214,/home/wms/AF2-test/AF2-CatGraph/results/AqTMK/02_template_guided_docking/complexes/AqTMK_214_complex.pdb,results/AqTMK/05_plip_interaction_graphs/plip_outputs/AqTMK_214/report.xml,hydrogen_bonds,O11,THR14A,1592,hydrogen_bonds,hydrogen_bond,ATP:B:1:O11,O11,ATP,B,1
AqTMK_214,/home/wms/AF2-test/AF2-CatGraph/results/AqTMK/02_template_guided_docking/complexes/AqTMK_214_complex.pdb,results/AqTMK/05_plip_interaction_graphs/plip_outputs/AqTMK_214/report.xml,hydrogen_bonds,O2,THR15A,1580,hydrogen_bonds,hydrogen_bond,ATP:B:1:O2,O2,ATP,B,1
AqTMK_214,/home/wms/AF2-test/AF2-CatGraph/results/AqTMK/02_template_guided_docking/complexes/AqTMK_214_complex.pdb,results/AqTMK/05_plip_interaction_graphs/plip_outputs/AqTMK_214/report.xml,hydrogen_bonds,O4,THR15A,1583,hydrogen_bonds,hydrogen_bond,ATP:B:1:O4,O4,ATP,B,1
AqTMK_214,/home/wms/AF2-test/AF2-CatGraph/results/AqTMK/02_template_guided_docking/complexes/AqTMK_214_complex.pdb,results/AqTMK/05_plip_interaction_graphs/plip_outputs/AqTMK_214/report.xml,hydrogen_bonds,O4,THR15A,1583,hydrogen_bonds,hydrogen_bond,ATP:B:1:O4,O4,ATP,B,1
AqTMK_214,/home/wms/AF2-test/AF2-CatGraph/results/AqTMK/02_template_guided_docking/complexes/AqTMK_214_complex.pdb,results/AqTMK/05_plip_interaction_graphs/plip_outputs/AqTMK_214/report.xml,salt_bridges,P2,LYS13A,1585,salt_bridges,salt_bridge,ATP:B:1:P2,P2,ATP,B,1
AqTMK_214,/home/wms/AF2-test/AF2-CatGraph/results/AqTMK/02_template_guided_docking/complexes/AqTMK_214_complex.pdb,results/AqTMK/05_plip_interaction_graphs/plip_outputs/AqTMK_214/report.xml,salt_bridges,P3,LYS13A,1589,salt_bridges,salt_bridge,ATP:B:1:P3,P3,ATP,B,1
AqTMK_214,/home/wms/AF2-test/AF2-CatGraph/results/AqTMK/02_template_guided_docking/complexes/AqTMK_214_complex.pdb,results/AqTMK/05_plip_interaction_graphs/plip_outputs/AqTMK_214/report.xml,salt_bridges,P3,ARG90A,1589,salt_bridges,salt_bridge,ATP:B:1:P3,P3,ATP,B,1
AqTMK_214,/home/wms/AF2-test/AF2-CatGraph/results/AqTMK/02_template_guided_docking/complexes/AqTMK_214_complex.pdb,results/AqTMK/05_plip_interaction_graphs/plip_outputs/AqTMK_214/report.xml,metal_complexes,MG,THR14A,1599,metal_complexes,metal_complex,MG:B:203:MG,MG,MG,B,203
AqTMK_214,/home/wms/AF2-test/AF2-CatGraph/results/AqTMK/02_template_guided_docking/complexes/AqTMK_214_complex.pdb,results/AqTMK/05_plip_interaction_graphs/plip_outputs/AqTMK_214/report.xml,salt_bridges,P4,LYS13A,1595,salt_bridges,salt_bridge,TMP:C:1:P4,P4,TMP,C,1
AqTMK_214,/home/wms/AF2-test/AF2-CatGraph/results/AqTMK/02_template_guided_docking/complexes/AqTMK_214_complex.pdb,results/AqTMK/05_plip_interaction_graphs/plip_outputs/AqTMK_214/report.xml,salt_bridges,P4,ARG35A,1595,salt_bridges,salt_bridge,TMP:C:1:P4,P4,TMP,C,1
AqTMK_214,/home/wms/AF2-test/AF2-CatGraph/results/AqTMK/02_template_guided_docking/complexes/AqTMK_214_complex.pdb,results/AqTMK/05_plip_interaction_graphs/plip_outputs/AqTMK_214/report.xml,salt_bridges,P4,ARG47A,1595,salt_bridges,salt_bridge,TMP:C:1:P4,P4,TMP,C,1
AqTMK_214,/home/wms/AF2-test/AF2-CatGraph/results/AqTMK/02_template_guided_docking/complexes/AqTMK_214_complex.pdb,results/AqTMK/05_plip_interaction_graphs/plip_outputs/AqTMK_214/report.xml,salt_bridges,P4,ARG90A,1595,salt_bridges,salt_bridge,TMP:C:1:P4,P4,TMP,C,1
AqTMK_217,/home/wms/AF2-test/AF2-CatGraph/results/AqTMK/02_template_guided_docking/complexes/AqTMK_217_complex.pdb,results/AqTMK/05_plip_interaction_graphs/plip_outputs/AqTMK_217/report.xml,hydrogen_bonds,O10,ASP9A,1591,hydrogen_bonds,hydrogen_bond,ATP:B:1:O10,O10,ATP,B,1
AqTMK_217,/home/wms/AF2-test/AF2-CatGraph/results/AqTMK/02_template_guided_docking/complexes/AqTMK_217_complex.pdb,results/AqTMK/05_plip_interaction_graphs/plip_outputs/AqTMK_217/report.xml,hydrogen_bonds,O8,GLY10A,1588,hydrogen_bonds,hydrogen_bond,ATP:B:1:O8,O8,ATP,B,1
AqTMK_217,/home/wms/AF2-test/AF2-CatGraph/results/AqTMK/02_template_guided_docking/complexes/AqTMK_217_complex.pdb,results/AqTMK/05_plip_interaction_graphs/plip_outputs/AqTMK_217/report.xml,hydrogen_bonds,O7,SER11A,1587,hydrogen_bonds,hydrogen_bond,ATP:B:1:O7,O7,ATP,B,1
AqTMK_217,/home/wms/AF2-test/AF2-CatGraph/results/AqTMK/02_template_guided_docking/complexes/AqTMK_217_complex.pdb,results/AqTMK/05_plip_interaction_graphs/plip_outputs/AqTMK_217/report.xml,hydrogen_bonds,O5,GLY12A,1584,hydrogen_bonds,hydrogen_bond,ATP:B:1:O5,O5,ATP,B,1
AqTMK_217,/home/wms/AF2-test/AF2-CatGraph/results/AqTMK/02_template_guided_docking/complexes/AqTMK_217_complex.pdb,results/AqTMK/05_plip_interaction_graphs/plip_outputs/AqTMK_217/report.xml,hydrogen_bonds,O7,LYS13A,1587,hydrogen_bonds,hydrogen_bond,ATP:B:1:O7,O7,ATP,B,1
AqTMK_217,/home/wms/AF2-test/AF2-CatGraph/results/AqTMK/02_template_guided_docking/complexes/AqTMK_217_complex.pdb,results/AqTMK/05_plip_interaction_graphs/plip_outputs/AqTMK_217/report.xml,hydrogen_bonds,O6,THR14A,1586,hydrogen_bonds,hydrogen_bond,ATP:B:1:O6,O6,ATP,B,1
AqTMK_217,/home/wms/AF2-test/AF2-CatGraph/results/AqTMK/02_template_guided_docking/complexes/AqTMK_217_complex.pdb,results/AqTMK/05_plip_interaction_graphs/plip_outputs/AqTMK_217/report.xml,hydrogen_bonds,O2,THR15A,1580,hydrogen_bonds,hydrogen_bond,ATP:B:1:O2,O2,ATP,B,1
AqTMK_217,/home/wms/AF2-test/AF2-CatGraph/results/AqTMK/02_template_guided_docking/complexes/AqTMK_217_complex.pdb,results/AqTMK/05_plip_interaction_graphs/plip_outputs/AqTMK_217/report.xml,hydrogen_bonds,O4,THR15A,1583,hydrogen_bonds,hydrogen_bond,ATP:B:1:O4,O4,ATP,B,1
AqTMK_217,/home/wms/AF2-test/AF2-CatGraph/results/AqTMK/02_template_guided_docking/complexes/AqTMK_217_complex.pdb,results/AqTMK/05_plip_interaction_graphs/plip_outputs/AqTMK_217/report.xml,hydrogen_bonds,O4,THR15A,1583,hydrogen_bonds,hydrogen_bond,ATP:B:1:O4,O4,ATP,B,1
AqTMK_217,/home/wms/AF2-test/AF2-CatGraph/results/AqTMK/02_template_guided_docking/complexes/AqTMK_217_complex.pdb,results/AqTMK/05_plip_interaction_graphs/plip_outputs/AqTMK_217/report.xml,hydrogen_bonds,O10,ARG90A,1591,hydrogen_bonds,hydrogen_bond,ATP:B:1:O10,O10,ATP,B,1
AqTMK_217,/home/wms/AF2-test/AF2-CatGraph/results/AqTMK/02_template_guided_docking/complexes/AqTMK_217_complex.pdb,results/AqTMK/05_plip_interaction_graphs/plip_outputs/AqTMK_217/report.xml,salt_bridges,P2,LYS13A,1585,salt_bridges,salt_bridge,ATP:B:1:P2,P2,ATP,B,1
AqTMK_217,/home/wms/AF2-test/AF2-CatGraph/results/AqTMK/02_template_guided_docking/complexes/AqTMK_217_complex.pdb,results/AqTMK/05_plip_interaction_graphs/plip_outputs/AqTMK_217/report.xml,salt_bridges,P3,LYS13A,1589,salt_bridges,salt_bridge,ATP:B:1:P3,P3,ATP,B,1
AqTMK_217,/home/wms/AF2-test/AF2-CatGraph/results/AqTMK/02_template_guided_docking/complexes/AqTMK_217_complex.pdb,results/AqTMK/05_plip_interaction_graphs/plip_outputs/AqTMK_217/report.xml,metal_complexes,MG,THR14A,1599,metal_complexes,metal_complex,MG:B:203:MG,MG,MG,B,203
AqTMK_217,/home/wms/AF2-test/AF2-CatGraph/results/AqTMK/02_template_guided_docking/complexes/AqTMK_217_complex.pdb,results/AqTMK/05_plip_interaction_graphs/plip_outputs/AqTMK_217/report.xml,hydrogen_bonds,O12,ARG145A,1594,hydrogen_bonds,hydrogen_bond,TMP:C:1:O12,O12,TMP,C,1
AqTMK_217,/home/wms/AF2-test/AF2-CatGraph/results/AqTMK/02_template_guided_docking/complexes/AqTMK_217_complex.pdb,results/AqTMK/05_plip_interaction_graphs/plip_outputs/AqTMK_217/report.xml,salt_bridges,P4,ARG35A,1595,salt_bridges,salt_bridge,TMP:C:1:P4,P4,TMP,C,1
AqTMK_217,/home/wms/AF2-test/AF2-CatGraph/results/AqTMK/02_template_guided_docking/complexes/AqTMK_217_complex.pdb,results/AqTMK/05_plip_interaction_graphs/plip_outputs/AqTMK_217/report.xml,salt_bridges,P4,ARG47A,1595,salt_bridges,salt_bridge,TMP:C:1:P4,P4,TMP,C,1
AqTMK_217,/home/wms/AF2-test/AF2-CatGraph/results/AqTMK/02_template_guided_docking/complexes/AqTMK_217_complex.pdb,results/AqTMK/05_plip_interaction_graphs/plip_outputs/AqTMK_217/report.xml,salt_bridges,P4,ARG90A,1595,salt_bridges,salt_bridge,TMP:C:1:P4,P4,TMP,C,1
AqTMK_218,/home/wms/AF2-test/AF2-CatGraph/results/AqTMK/02_template_guided_docking/complexes/AqTMK_218_complex.pdb,results/AqTMK/05_plip_interaction_graphs/plip_outputs/AqTMK_218/report.xml,hydrogen_bonds,O10,ASP9A,1591,hydrogen_bonds,hydrogen_bond,ATP:B:1:O10,O10,ATP,B,1
AqTMK_218,/home/wms/AF2-test/AF2-CatGraph/results/AqTMK/02_template_guided_docking/complexes/AqTMK_218_complex.pdb,results/AqTMK/05_plip_interaction_graphs/plip_outputs/AqTMK_218/report.xml,hydrogen_bonds,O8,GLY10A,1588,hydrogen_bonds,hydrogen_bond,ATP:B:1:O8,O8,ATP,B,1
AqTMK_218,/home/wms/AF2-test/AF2-CatGraph/results/AqTMK/02_template_guided_docking/complexes/AqTMK_218_complex.pdb,results/AqTMK/05_plip_interaction_graphs/plip_outputs/AqTMK_218/report.xml,hydrogen_bonds,O7,SER11A,1587,hydrogen_bonds,hydrogen_bond,ATP:B:1:O7,O7,ATP,B,1
AqTMK_218,/home/wms/AF2-test/AF2-CatGraph/results/AqTMK/02_template_guided_docking/complexes/AqTMK_218_complex.pdb,results/AqTMK/05_plip_interaction_graphs/plip_outputs/AqTMK_218/report.xml,hydrogen_bonds,O7,GLY12A,1587,hydrogen_bonds,hydrogen_bond,ATP:B:1:O7,O7,ATP,B,1
AqTMK_218,/home/wms/AF2-test/AF2-CatGraph/results/AqTMK/02_template_guided_docking/complexes/AqTMK_218_complex.pdb,results/AqTMK/05_plip_interaction_graphs/plip_outputs/AqTMK_218/report.xml,hydrogen_bonds,O7,LYS13A,1587,hydrogen_bonds,hydrogen_bond,ATP:B:1:O7,O7,ATP,B,1
AqTMK_218,/home/wms/AF2-test/AF2-CatGraph/results/AqTMK/02_template_guided_docking/complexes/AqTMK_218_complex.pdb,results/AqTMK/05_plip_interaction_graphs/plip_outputs/AqTMK_218/report.xml,hydrogen_bonds,O6,THR14A,1586,hydrogen_bonds,hydrogen_bond,ATP:B:1:O6,O6,ATP,B,1
AqTMK_218,/home/wms/AF2-test/AF2-CatGraph/results/AqTMK/02_template_guided_docking/complexes/AqTMK_218_complex.pdb,results/AqTMK/05_plip_interaction_graphs/plip_outputs/AqTMK_218/report.xml,hydrogen_bonds,O2,THR15A,1580,hydrogen_bonds,hydrogen_bond,ATP:B:1:O2,O2,ATP,B,1
AqTMK_218,/home/wms/AF2-test/AF2-CatGraph/results/AqTMK/02_template_guided_docking/complexes/AqTMK_218_complex.pdb,results/AqTMK/05_plip_interaction_graphs/plip_outputs/AqTMK_218/report.xml,hydrogen_bonds,O4,THR15A,1583,hydrogen_bonds,hydrogen_bond,ATP:B:1:O4,O4,ATP,B,1
AqTMK_218,/home/wms/AF2-test/AF2-CatGraph/results/AqTMK/02_template_guided_docking/complexes/AqTMK_218_complex.pdb,results/AqTMK/05_plip_interaction_graphs/plip_outputs/AqTMK_218/report.xml,hydrogen_bonds,O4,THR15A,1583,hydrogen_bonds,hydrogen_bond,ATP:B:1:O4,O4,ATP,B,1
AqTMK_218,/home/wms/AF2-test/AF2-CatGraph/results/AqTMK/02_template_guided_docking/complexes/AqTMK_218_complex.pdb,results/AqTMK/05_plip_interaction_graphs/plip_outputs/AqTMK_218/report.xml,salt_bridges,P2,LYS13A,1585,salt_bridges,salt_bridge,ATP:B:1:P2,P2,ATP,B,1
AqTMK_218,/home/wms/AF2-test/AF2-CatGraph/results/AqTMK/02_template_guided_docking/complexes/AqTMK_218_complex.pdb,results/AqTMK/05_plip_interaction_graphs/plip_outputs/AqTMK_218/report.xml,salt_bridges,P3,LYS13A,1589,salt_bridges,salt_bridge,ATP:B:1:P3,P3,ATP,B,1
AqTMK_218,/home/wms/AF2-test/AF2-CatGraph/results/AqTMK/02_template_guided_docking/complexes/AqTMK_218_complex.pdb,results/AqTMK/05_plip_interaction_graphs/plip_outputs/AqTMK_218/report.xml,salt_bridges,P3,ARG90A,1589,salt_bridges,salt_bridge,ATP:B:1:P3,P3,ATP,B,1
AqTMK_218,/home/wms/AF2-test/AF2-CatGraph/results/AqTMK/02_template_guided_docking/complexes/AqTMK_218_complex.pdb,results/AqTMK/05_plip_interaction_graphs/plip_outputs/AqTMK_218/report.xml,metal_complexes,MG,THR14A,1599,metal_complexes,metal_complex,MG:B:203:MG,MG,MG,B,203
AqTMK_218,/home/wms/AF2-test/AF2-CatGraph/results/AqTMK/02_template_guided_docking/complexes/AqTMK_218_complex.pdb,results/AqTMK/05_plip_interaction_graphs/plip_outputs/AqTMK_218/report.xml,salt_bridges,P4,ARG47A,1595,salt_bridges,salt_bridge,TMP:C:1:P4,P4,TMP,C,1
AqTMK_218,/home/wms/AF2-test/AF2-CatGraph/results/AqTMK/02_template_guided_docking/complexes/AqTMK_218_complex.pdb,results/AqTMK/05_plip_interaction_graphs/plip_outputs/AqTMK_218/report.xml,salt_bridges,P4,ARG90A,1595,salt_bridges,salt_bridge,TMP:C:1:P4,P4,TMP,C,1
AqTMK_219,/home/wms/AF2-test/AF2-CatGraph/results/AqTMK/02_template_guided_docking/complexes/AqTMK_219_complex.pdb,results/AqTMK/05_plip_interaction_graphs/plip_outputs/AqTMK_219/report.xml,hydrogen_bonds,O8,ASP9A,1588,hydrogen_bonds,hydrogen_bond,ATP:B:1:O8,O8,ATP,B,1
AqTMK_219,/home/wms/AF2-test/AF2-CatGraph/results/AqTMK/02_template_guided_docking/complexes/AqTMK_219_complex.pdb,results/AqTMK/05_plip_interaction_graphs/plip_outputs/AqTMK_219/report.xml,hydrogen_bonds,O8,GLY10A,1588,hydrogen_bonds,hydrogen_bond,ATP:B:1:O8,O8,ATP,B,1
AqTMK_219,/home/wms/AF2-test/AF2-CatGraph/results/AqTMK/02_template_guided_docking/complexes/AqTMK_219_complex.pdb,results/AqTMK/05_plip_interaction_graphs/plip_outputs/AqTMK_219/report.xml,hydrogen_bonds,O7,SER11A,1587,hydrogen_bonds,hydrogen_bond,ATP:B:1:O7,O7,ATP,B,1
AqTMK_219,/home/wms/AF2-test/AF2-CatGraph/results/AqTMK/02_template_guided_docking/complexes/AqTMK_219_complex.pdb,results/AqTMK/05_plip_interaction_graphs/plip_outputs/AqTMK_219/report.xml,hydrogen_bonds,O5,GLY12A,1584,hydrogen_bonds,hydrogen_bond,ATP:B:1:O5,O5,ATP,B,1
AqTMK_219,/home/wms/AF2-test/AF2-CatGraph/results/AqTMK/02_template_guided_docking/complexes/AqTMK_219_complex.pdb,results/AqTMK/05_plip_interaction_graphs/plip_outputs/AqTMK_219/report.xml,hydrogen_bonds,O7,LYS13A,1587,hydrogen_bonds,hydrogen_bond,ATP:B:1:O7,O7,ATP,B,1
AqTMK_219,/home/wms/AF2-test/AF2-CatGraph/results/AqTMK/02_template_guided_docking/complexes/AqTMK_219_complex.pdb,results/AqTMK/05_plip_interaction_graphs/plip_outputs/AqTMK_219/report.xml,hydrogen_bonds,O6,THR14A,1586,hydrogen_bonds,hydrogen_bond,ATP:B:1:O6,O6,ATP,B,1
AqTMK_219,/home/wms/AF2-test/AF2-CatGraph/results/AqTMK/02_template_guided_docking/complexes/AqTMK_219_complex.pdb,results/AqTMK/05_plip_interaction_graphs/plip_outputs/AqTMK_219/report.xml,hydrogen_bonds,O2,THR15A,1580,hydrogen_bonds,hydrogen_bond,ATP:B:1:O2,O2,ATP,B,1
AqTMK_219,/home/wms/AF2-test/AF2-CatGraph/results/AqTMK/02_template_guided_docking/complexes/AqTMK_219_complex.pdb,results/AqTMK/05_plip_interaction_graphs/plip_outputs/AqTMK_219/report.xml,hydrogen_bonds,O4,THR15A,1583,hydrogen_bonds,hydrogen_bond,ATP:B:1:O4,O4,ATP,B,1
AqTMK_219,/home/wms/AF2-test/AF2-CatGraph/results/AqTMK/02_template_guided_docking/complexes/AqTMK_219_complex.pdb,results/AqTMK/05_plip_interaction_graphs/plip_outputs/AqTMK_219/report.xml,hydrogen_bonds,O4,THR15A,1583,hydrogen_bonds,hydrogen_bond,ATP:B:1:O4,O4,ATP,B,1
AqTMK_219,/home/wms/AF2-test/AF2-CatGraph/results/AqTMK/02_template_guided_docking/complexes/AqTMK_219_complex.pdb,results/AqTMK/05_plip_interaction_graphs/plip_outputs/AqTMK_219/report.xml,hydrogen_bonds,O10,ARG90A,1591,hydrogen_bonds,hydrogen_bond,ATP:B:1:O10,O10,ATP,B,1
AqTMK_219,/home/wms/AF2-test/AF2-CatGraph/results/AqTMK/02_template_guided_docking/complexes/AqTMK_219_complex.pdb,results/AqTMK/05_plip_interaction_graphs/plip_outputs/AqTMK_219/report.xml,salt_bridges,P2,LYS13A,1585,salt_bridges,salt_bridge,ATP:B:1:P2,P2,ATP,B,1
AqTMK_219,/home/wms/AF2-test/AF2-CatGraph/results/AqTMK/02_template_guided_docking/complexes/AqTMK_219_complex.pdb,results/AqTMK/05_plip_interaction_graphs/plip_outputs/AqTMK_219/report.xml,salt_bridges,P3,LYS13A,1589,salt_bridges,salt_bridge,ATP:B:1:P3,P3,ATP,B,1
AqTMK_219,/home/wms/AF2-test/AF2-CatGraph/results/AqTMK/02_template_guided_docking/complexes/AqTMK_219_complex.pdb,results/AqTMK/05_plip_interaction_graphs/plip_outputs/AqTMK_219/report.xml,metal_complexes,MG,THR14A,1599,metal_complexes,metal_complex,MG:B:203:MG,MG,MG,B,203
AqTMK_219,/home/wms/AF2-test/AF2-CatGraph/results/AqTMK/02_template_guided_docking/complexes/AqTMK_219_complex.pdb,results/AqTMK/05_plip_interaction_graphs/plip_outputs/AqTMK_219/report.xml,salt_bridges,P4,ARG47A,1595,salt_bridges,salt_bridge,TMP:C:1:P4,P4,TMP,C,1
AqTMK_219,/home/wms/AF2-test/AF2-CatGraph/results/AqTMK/02_template_guided_docking/complexes/AqTMK_219_complex.pdb,results/AqTMK/05_plip_interaction_graphs/plip_outputs/AqTMK_219/report.xml,salt_bridges,P4,ARG90A,1595,salt_bridges,salt_bridge,TMP:C:1:P4,P4,TMP,C,1
AqTMK_220,/home/wms/AF2-test/AF2-CatGraph/results/AqTMK/02_template_guided_docking/complexes/AqTMK_220_complex.pdb,results/AqTMK/05_plip_interaction_graphs/plip_outputs/AqTMK_220/report.xml,hydrogen_bonds,O10,ASP9A,1591,hydrogen_bonds,hydrogen_bond,ATP:B:1:O10,O10,ATP,B,1
AqTMK_220,/home/wms/AF2-test/AF2-CatGraph/results/AqTMK/02_template_guided_docking/complexes/AqTMK_220_complex.pdb,results/AqTMK/05_plip_interaction_graphs/plip_outputs/AqTMK_220/report.xml,hydrogen_bonds,O8,GLY10A,1588,hydrogen_bonds,hydrogen_bond,ATP:B:1:O8,O8,ATP,B,1
AqTMK_220,/home/wms/AF2-test/AF2-CatGraph/results/AqTMK/02_template_guided_docking/complexes/AqTMK_220_complex.pdb,results/AqTMK/05_plip_interaction_graphs/plip_outputs/AqTMK_220/report.xml,hydrogen_bonds,O7,SER11A,1587,hydrogen_bonds,hydrogen_bond,ATP:B:1:O7,O7,ATP,B,1
AqTMK_220,/home/wms/AF2-test/AF2-CatGraph/results/AqTMK/02_template_guided_docking/complexes/AqTMK_220_complex.pdb,results/AqTMK/05_plip_interaction_graphs/plip_outputs/AqTMK_220/report.xml,hydrogen_bonds,O7,GLY12A,1587,hydrogen_bonds,hydrogen_bond,ATP:B:1:O7,O7,ATP,B,1
AqTMK_220,/home/wms/AF2-test/AF2-CatGraph/results/AqTMK/02_template_guided_docking/complexes/AqTMK_220_complex.pdb,results/AqTMK/05_plip_interaction_graphs/plip_outputs/AqTMK_220/report.xml,hydrogen_bonds,O7,LYS13A,1587,hydrogen_bonds,hydrogen_bond,ATP:B:1:O7,O7,ATP,B,1
AqTMK_220,/home/wms/AF2-test/AF2-CatGraph/results/AqTMK/02_template_guided_docking/complexes/AqTMK_220_complex.pdb,results/AqTMK/05_plip_interaction_graphs/plip_outputs/AqTMK_220/report.xml,hydrogen_bonds,O7,THR14A,1587,hydrogen_bonds,hydrogen_bond,ATP:B:1:O7,O7,ATP,B,1
AqTMK_220,/home/wms/AF2-test/AF2-CatGraph/results/AqTMK/02_template_guided_docking/complexes/AqTMK_220_complex.pdb,results/AqTMK/05_plip_interaction_graphs/plip_outputs/AqTMK_220/report.xml,hydrogen_bonds,O2,THR15A,1580,hydrogen_bonds,hydrogen_bond,ATP:B:1:O2,O2,ATP,B,1
AqTMK_220,/home/wms/AF2-test/AF2-CatGraph/results/AqTMK/02_template_guided_docking/complexes/AqTMK_220_complex.pdb,results/AqTMK/05_plip_interaction_graphs/plip_outputs/AqTMK_220/report.xml,hydrogen_bonds,O4,THR15A,1583,hydrogen_bonds,hydrogen_bond,ATP:B:1:O4,O4,ATP,B,1
AqTMK_220,/home/wms/AF2-test/AF2-CatGraph/results/AqTMK/02_template_guided_docking/complexes/AqTMK_220_complex.pdb,results/AqTMK/05_plip_interaction_graphs/plip_outputs/AqTMK_220/report.xml,hydrogen_bonds,O4,THR15A,1583,hydrogen_bonds,hydrogen_bond,ATP:B:1:O4,O4,ATP,B,1
AqTMK_220,/home/wms/AF2-test/AF2-CatGraph/results/AqTMK/02_template_guided_docking/complexes/AqTMK_220_complex.pdb,results/AqTMK/05_plip_interaction_graphs/plip_outputs/AqTMK_220/report.xml,salt_bridges,P2,LYS13A,1585,salt_bridges,salt_bridge,ATP:B:1:P2,P2,ATP,B,1
AqTMK_220,/home/wms/AF2-test/AF2-CatGraph/results/AqTMK/02_template_guided_docking/complexes/AqTMK_220_complex.pdb,results/AqTMK/05_plip_interaction_graphs/plip_outputs/AqTMK_220/report.xml,salt_bridges,P3,LYS13A,1589,salt_bridges,salt_bridge,ATP:B:1:P3,P3,ATP,B,1
AqTMK_220,/home/wms/AF2-test/AF2-CatGraph/results/AqTMK/02_template_guided_docking/complexes/AqTMK_220_complex.pdb,results/AqTMK/05_plip_interaction_graphs/plip_outputs/AqTMK_220/report.xml,salt_bridges,P3,ARG90A,1589,salt_bridges,salt_bridge,ATP:B:1:P3,P3,ATP,B,1
AqTMK_220,/home/wms/AF2-test/AF2-CatGraph/results/AqTMK/02_template_guided_docking/complexes/AqTMK_220_complex.pdb,results/AqTMK/05_plip_interaction_graphs/plip_outputs/AqTMK_220/report.xml,metal_complexes,MG,THR14A,1599,metal_complexes,metal_complex,MG:B:203:MG,MG,MG,B,203
AqTMK_220,/home/wms/AF2-test/AF2-CatGraph/results/AqTMK/02_template_guided_docking/complexes/AqTMK_220_complex.pdb,results/AqTMK/05_plip_interaction_graphs/plip_outputs/AqTMK_220/report.xml,hydrogen_bonds,O14,ARG47A,1597,hydrogen_bonds,hydrogen_bond,TMP:C:1:O14,O14,TMP,C,1
AqTMK_220,/home/wms/AF2-test/AF2-CatGraph/results/AqTMK/02_template_guided_docking/complexes/AqTMK_220_complex.pdb,results/AqTMK/05_plip_interaction_graphs/plip_outputs/AqTMK_220/report.xml,salt_bridges,P4,LYS13A,1595,salt_bridges,salt_bridge,TMP:C:1:P4,P4,TMP,C,1
AqTMK_220,/home/wms/AF2-test/AF2-CatGraph/results/AqTMK/02_template_guided_docking/complexes/AqTMK_220_complex.pdb,results/AqTMK/05_plip_interaction_graphs/plip_outputs/AqTMK_220/report.xml,salt_bridges,P4,ARG35A,1595,salt_bridges,salt_bridge,TMP:C:1:P4,P4,TMP,C,1
AqTMK_220,/home/wms/AF2-test/AF2-CatGraph/results/AqTMK/02_template_guided_docking/complexes/AqTMK_220_complex.pdb,results/AqTMK/05_plip_interaction_graphs/plip_outputs/AqTMK_220/report.xml,salt_bridges,P4,ARG90A,1595,salt_bridges,salt_bridge,TMP:C:1:P4,P4,TMP,C,1
AqTMK_223,/home/wms/AF2-test/AF2-CatGraph/results/AqTMK/02_template_guided_docking/complexes/AqTMK_223_complex.pdb,results/AqTMK/05_plip_interaction_graphs/plip_outputs/AqTMK_223/report.xml,hydrogen_bonds,O10,ASP9A,1591,hydrogen_bonds,hydrogen_bond,ATP:B:1:O10,O10,ATP,B,1
AqTMK_223,/home/wms/AF2-test/AF2-CatGraph/results/AqTMK/02_template_guided_docking/complexes/AqTMK_223_complex.pdb,results/AqTMK/05_plip_interaction_graphs/plip_outputs/AqTMK_223/report.xml,hydrogen_bonds,O8,GLY10A,1588,hydrogen_bonds,hydrogen_bond,ATP:B:1:O8,O8,ATP,B,1
AqTMK_223,/home/wms/AF2-test/AF2-CatGraph/results/AqTMK/02_template_guided_docking/complexes/AqTMK_223_complex.pdb,results/AqTMK/05_plip_interaction_graphs/plip_outputs/AqTMK_223/report.xml,hydrogen_bonds,O7,SER11A,1587,hydrogen_bonds,hydrogen_bond,ATP:B:1:O7,O7,ATP,B,1
AqTMK_223,/home/wms/AF2-test/AF2-CatGraph/results/AqTMK/02_template_guided_docking/complexes/AqTMK_223_complex.pdb,results/AqTMK/05_plip_interaction_graphs/plip_outputs/AqTMK_223/report.xml,hydrogen_bonds,O7,GLY12A,1587,hydrogen_bonds,hydrogen_bond,ATP:B:1:O7,O7,ATP,B,1
AqTMK_223,/home/wms/AF2-test/AF2-CatGraph/results/AqTMK/02_template_guided_docking/complexes/AqTMK_223_complex.pdb,results/AqTMK/05_plip_interaction_graphs/plip_outputs/AqTMK_223/report.xml,hydrogen_bonds,O7,LYS13A,1587,hydrogen_bonds,hydrogen_bond,ATP:B:1:O7,O7,ATP,B,1
AqTMK_223,/home/wms/AF2-test/AF2-CatGraph/results/AqTMK/02_template_guided_docking/complexes/AqTMK_223_complex.pdb,results/AqTMK/05_plip_interaction_graphs/plip_outputs/AqTMK_223/report.xml,hydrogen_bonds,O6,THR14A,1586,hydrogen_bonds,hydrogen_bond,ATP:B:1:O6,O6,ATP,B,1
AqTMK_223,/home/wms/AF2-test/AF2-CatGraph/results/AqTMK/02_template_guided_docking/complexes/AqTMK_223_complex.pdb,results/AqTMK/05_plip_interaction_graphs/plip_outputs/AqTMK_223/report.xml,hydrogen_bonds,O4,THR15A,1583,hydrogen_bonds,hydrogen_bond,ATP:B:1:O4,O4,ATP,B,1
AqTMK_223,/home/wms/AF2-test/AF2-CatGraph/results/AqTMK/02_template_guided_docking/complexes/AqTMK_223_complex.pdb,results/AqTMK/05_plip_interaction_graphs/plip_outputs/AqTMK_223/report.xml,hydrogen_bonds,O4,THR15A,1583,hydrogen_bonds,hydrogen_bond,ATP:B:1:O4,O4,ATP,B,1
AqTMK_223,/home/wms/AF2-test/AF2-CatGraph/results/AqTMK/02_template_guided_docking/complexes/AqTMK_223_complex.pdb,results/AqTMK/05_plip_interaction_graphs/plip_outputs/AqTMK_223/report.xml,salt_bridges,P2,LYS13A,1585,salt_bridges,salt_bridge,ATP:B:1:P2,P2,ATP,B,1
AqTMK_223,/home/wms/AF2-test/AF2-CatGraph/results/AqTMK/02_template_guided_docking/complexes/AqTMK_223_complex.pdb,results/AqTMK/05_plip_interaction_graphs/plip_outputs/AqTMK_223/report.xml,salt_bridges,P3,LYS13A,1589,salt_bridges,salt_bridge,ATP:B:1:P3,P3,ATP,B,1
AqTMK_223,/home/wms/AF2-test/AF2-CatGraph/results/AqTMK/02_template_guided_docking/complexes/AqTMK_223_complex.pdb,results/AqTMK/05_plip_interaction_graphs/plip_outputs/AqTMK_223/report.xml,salt_bridges,P3,ARG90A,1589,salt_bridges,salt_bridge,ATP:B:1:P3,P3,ATP,B,1
AqTMK_223,/home/wms/AF2-test/AF2-CatGraph/results/AqTMK/02_template_guided_docking/complexes/AqTMK_223_complex.pdb,results/AqTMK/05_plip_interaction_graphs/plip_outputs/AqTMK_223/report.xml,metal_complexes,MG,THR14A,1599,metal_complexes,metal_complex,MG:B:203:MG,MG,MG,B,203
AqTMK_223,/home/wms/AF2-test/AF2-CatGraph/results/AqTMK/02_template_guided_docking/complexes/AqTMK_223_complex.pdb,results/AqTMK/05_plip_interaction_graphs/plip_outputs/AqTMK_223/report.xml,hydrogen_bonds,O13,ASP9A,1596,hydrogen_bonds,hydrogen_bond,TMP:C:1:O13,O13,TMP,C,1
AqTMK_223,/home/wms/AF2-test/AF2-CatGraph/results/AqTMK/02_template_guided_docking/complexes/AqTMK_223_complex.pdb,results/AqTMK/05_plip_interaction_graphs/plip_outputs/AqTMK_223/report.xml,hydrogen_bonds,O14,ARG47A,1597,hydrogen_bonds,hydrogen_bond,TMP:C:1:O14,O14,TMP,C,1
AqTMK_223,/home/wms/AF2-test/AF2-CatGraph/results/AqTMK/02_template_guided_docking/complexes/AqTMK_223_complex.pdb,results/AqTMK/05_plip_interaction_graphs/plip_outputs/AqTMK_223/report.xml,salt_bridges,P4,ARG35A,1595,salt_bridges,salt_bridge,TMP:C:1:P4,P4,TMP,C,1
AqTMK_223,/home/wms/AF2-test/AF2-CatGraph/results/AqTMK/02_template_guided_docking/complexes/AqTMK_223_complex.pdb,results/AqTMK/05_plip_interaction_graphs/plip_outputs/AqTMK_223/report.xml,salt_bridges,P4,ARG90A,1595,salt_bridges,salt_bridge,TMP:C:1:P4,P4,TMP,C,1
AqTMK_224,/home/wms/AF2-test/AF2-CatGraph/results/AqTMK/02_template_guided_docking/complexes/AqTMK_224_complex.pdb,results/AqTMK/05_plip_interaction_graphs/plip_outputs/AqTMK_224/report.xml,hydrogen_bonds,O8,ASP9A,1588,hydrogen_bonds,hydrogen_bond,ATP:B:1:O8,O8,ATP,B,1
AqTMK_224,/home/wms/AF2-test/AF2-CatGraph/results/AqTMK/02_template_guided_docking/complexes/AqTMK_224_complex.pdb,results/AqTMK/05_plip_interaction_graphs/plip_outputs/AqTMK_224/report.xml,hydrogen_bonds,O8,GLY10A,1588,hydrogen_bonds,hydrogen_bond,ATP:B:1:O8,O8,ATP,B,1
AqTMK_224,/home/wms/AF2-test/AF2-CatGraph/results/AqTMK/02_template_guided_docking/complexes/AqTMK_224_complex.pdb,results/AqTMK/05_plip_interaction_graphs/plip_outputs/AqTMK_224/report.xml,hydrogen_bonds,O7,SER11A,1587,hydrogen_bonds,hydrogen_bond,ATP:B:1:O7,O7,ATP,B,1
AqTMK_224,/home/wms/AF2-test/AF2-CatGraph/results/AqTMK/02_template_guided_docking/complexes/AqTMK_224_complex.pdb,results/AqTMK/05_plip_interaction_graphs/plip_outputs/AqTMK_224/report.xml,hydrogen_bonds,O7,GLY12A,1587,hydrogen_bonds,hydrogen_bond,ATP:B:1:O7,O7,ATP,B,1
AqTMK_224,/home/wms/AF2-test/AF2-CatGraph/results/AqTMK/02_template_guided_docking/complexes/AqTMK_224_complex.pdb,results/AqTMK/05_plip_interaction_graphs/plip_outputs/AqTMK_224/report.xml,hydrogen_bonds,O7,LYS13A,1587,hydrogen_bonds,hydrogen_bond,ATP:B:1:O7,O7,ATP,B,1
AqTMK_224,/home/wms/AF2-test/AF2-CatGraph/results/AqTMK/02_template_guided_docking/complexes/AqTMK_224_complex.pdb,results/AqTMK/05_plip_interaction_graphs/plip_outputs/AqTMK_224/report.xml,hydrogen_bonds,O6,THR14A,1586,hydrogen_bonds,hydrogen_bond,ATP:B:1:O6,O6,ATP,B,1
AqTMK_224,/home/wms/AF2-test/AF2-CatGraph/results/AqTMK/02_template_guided_docking/complexes/AqTMK_224_complex.pdb,results/AqTMK/05_plip_interaction_graphs/plip_outputs/AqTMK_224/report.xml,hydrogen_bonds,O4,THR15A,1583,hydrogen_bonds,hydrogen_bond,ATP:B:1:O4,O4,ATP,B,1
AqTMK_224,/home/wms/AF2-test/AF2-CatGraph/results/AqTMK/02_template_guided_docking/complexes/AqTMK_224_complex.pdb,results/AqTMK/05_plip_interaction_graphs/plip_outputs/AqTMK_224/report.xml,hydrogen_bonds,O4,THR15A,1583,hydrogen_bonds,hydrogen_bond,ATP:B:1:O4,O4,ATP,B,1
AqTMK_224,/home/wms/AF2-test/AF2-CatGraph/results/AqTMK/02_template_guided_docking/complexes/AqTMK_224_complex.pdb,results/AqTMK/05_plip_interaction_graphs/plip_outputs/AqTMK_224/report.xml,hydrogen_bonds,O10,ARG90A,1591,hydrogen_bonds,hydrogen_bond,ATP:B:1:O10,O10,ATP,B,1
AqTMK_224,/home/wms/AF2-test/AF2-CatGraph/results/AqTMK/02_template_guided_docking/complexes/AqTMK_224_complex.pdb,results/AqTMK/05_plip_interaction_graphs/plip_outputs/AqTMK_224/report.xml,salt_bridges,P2,LYS13A,1585,salt_bridges,salt_bridge,ATP:B:1:P2,P2,ATP,B,1
AqTMK_224,/home/wms/AF2-test/AF2-CatGraph/results/AqTMK/02_template_guided_docking/complexes/AqTMK_224_complex.pdb,results/AqTMK/05_plip_interaction_graphs/plip_outputs/AqTMK_224/report.xml,salt_bridges,P3,LYS13A,1589,salt_bridges,salt_bridge,ATP:B:1:P3,P3,ATP,B,1
AqTMK_224,/home/wms/AF2-test/AF2-CatGraph/results/AqTMK/02_template_guided_docking/complexes/AqTMK_224_complex.pdb,results/AqTMK/05_plip_interaction_graphs/plip_outputs/AqTMK_224/report.xml,metal_complexes,MG,THR14A,1599,metal_complexes,metal_complex,MG:B:203:MG,MG,MG,B,203
AqTMK_224,/home/wms/AF2-test/AF2-CatGraph/results/AqTMK/02_template_guided_docking/complexes/AqTMK_224_complex.pdb,results/AqTMK/05_plip_interaction_graphs/plip_outputs/AqTMK_224/report.xml,salt_bridges,P4,LYS13A,1595,salt_bridges,salt_bridge,TMP:C:1:P4,P4,TMP,C,1
AqTMK_224,/home/wms/AF2-test/AF2-CatGraph/results/AqTMK/02_template_guided_docking/complexes/AqTMK_224_complex.pdb,results/AqTMK/05_plip_interaction_graphs/plip_outputs/AqTMK_224/report.xml,salt_bridges,P4,ARG47A,1595,salt_bridges,salt_bridge,TMP:C:1:P4,P4,TMP,C,1
AqTMK_224,/home/wms/AF2-test/AF2-CatGraph/results/AqTMK/02_template_guided_docking/complexes/AqTMK_224_complex.pdb,results/AqTMK/05_plip_interaction_graphs/plip_outputs/AqTMK_224/report.xml,salt_bridges,P4,ARG90A,1595,salt_bridges,salt_bridge,TMP:C:1:P4,P4,TMP,C,1
AqTMK_228,/home/wms/AF2-test/AF2-CatGraph/results/AqTMK/02_template_guided_docking/complexes/AqTMK_228_complex.pdb,results/AqTMK/05_plip_interaction_graphs/plip_outputs/AqTMK_228/report.xml,hydrogen_bonds,O10,ASP9A,1591,hydrogen_bonds,hydrogen_bond,ATP:B:1:O10,O10,ATP,B,1
AqTMK_228,/home/wms/AF2-test/AF2-CatGraph/results/AqTMK/02_template_guided_docking/complexes/AqTMK_228_complex.pdb,results/AqTMK/05_plip_interaction_graphs/plip_outputs/AqTMK_228/report.xml,hydrogen_bonds,O8,GLY10A,1588,hydrogen_bonds,hydrogen_bond,ATP:B:1:O8,O8,ATP,B,1
AqTMK_228,/home/wms/AF2-test/AF2-CatGraph/results/AqTMK/02_template_guided_docking/complexes/AqTMK_228_complex.pdb,results/AqTMK/05_plip_interaction_graphs/plip_outputs/AqTMK_228/report.xml,hydrogen_bonds,O7,SER11A,1587,hydrogen_bonds,hydrogen_bond,ATP:B:1:O7,O7,ATP,B,1
AqTMK_228,/home/wms/AF2-test/AF2-CatGraph/results/AqTMK/02_template_guided_docking/complexes/AqTMK_228_complex.pdb,results/AqTMK/05_plip_interaction_graphs/plip_outputs/AqTMK_228/report.xml,hydrogen_bonds,O7,GLY12A,1587,hydrogen_bonds,hydrogen_bond,ATP:B:1:O7,O7,ATP,B,1
AqTMK_228,/home/wms/AF2-test/AF2-CatGraph/results/AqTMK/02_template_guided_docking/complexes/AqTMK_228_complex.pdb,results/AqTMK/05_plip_interaction_graphs/plip_outputs/AqTMK_228/report.xml,hydrogen_bonds,O7,LYS13A,1587,hydrogen_bonds,hydrogen_bond,ATP:B:1:O7,O7,ATP,B,1
AqTMK_228,/home/wms/AF2-test/AF2-CatGraph/results/AqTMK/02_template_guided_docking/complexes/AqTMK_228_complex.pdb,results/AqTMK/05_plip_interaction_graphs/plip_outputs/AqTMK_228/report.xml,hydrogen_bonds,O7,THR14A,1587,hydrogen_bonds,hydrogen_bond,ATP:B:1:O7,O7,ATP,B,1
AqTMK_228,/home/wms/AF2-test/AF2-CatGraph/results/AqTMK/02_template_guided_docking/complexes/AqTMK_228_complex.pdb,results/AqTMK/05_plip_interaction_graphs/plip_outputs/AqTMK_228/report.xml,hydrogen_bonds,O2,THR15A,1580,hydrogen_bonds,hydrogen_bond,ATP:B:1:O2,O2,ATP,B,1
AqTMK_228,/home/wms/AF2-test/AF2-CatGraph/results/AqTMK/02_template_guided_docking/complexes/AqTMK_228_complex.pdb,results/AqTMK/05_plip_interaction_graphs/plip_outputs/AqTMK_228/report.xml,hydrogen_bonds,O4,THR15A,1583,hydrogen_bonds,hydrogen_bond,ATP:B:1:O4,O4,ATP,B,1
AqTMK_228,/home/wms/AF2-test/AF2-CatGraph/results/AqTMK/02_template_guided_docking/complexes/AqTMK_228_complex.pdb,results/AqTMK/05_plip_interaction_graphs/plip_outputs/AqTMK_228/report.xml,hydrogen_bonds,O4,THR15A,1583,hydrogen_bonds,hydrogen_bond,ATP:B:1:O4,O4,ATP,B,1
AqTMK_228,/home/wms/AF2-test/AF2-CatGraph/results/AqTMK/02_template_guided_docking/complexes/AqTMK_228_complex.pdb,results/AqTMK/05_plip_interaction_graphs/plip_outputs/AqTMK_228/report.xml,hydrogen_bonds,O9,ARG145A,1590,hydrogen_bonds,hydrogen_bond,ATP:B:1:O9,O9,ATP,B,1
AqTMK_228,/home/wms/AF2-test/AF2-CatGraph/results/AqTMK/02_template_guided_docking/complexes/AqTMK_228_complex.pdb,results/AqTMK/05_plip_interaction_graphs/plip_outputs/AqTMK_228/report.xml,salt_bridges,P2,LYS13A,1585,salt_bridges,salt_bridge,ATP:B:1:P2,P2,ATP,B,1
AqTMK_228,/home/wms/AF2-test/AF2-CatGraph/results/AqTMK/02_template_guided_docking/complexes/AqTMK_228_complex.pdb,results/AqTMK/05_plip_interaction_graphs/plip_outputs/AqTMK_228/report.xml,salt_bridges,P3,LYS13A,1589,salt_bridges,salt_bridge,ATP:B:1:P3,P3,ATP,B,1
AqTMK_228,/home/wms/AF2-test/AF2-CatGraph/results/AqTMK/02_template_guided_docking/complexes/AqTMK_228_complex.pdb,results/AqTMK/05_plip_interaction_graphs/plip_outputs/AqTMK_228/report.xml,salt_bridges,P3,ARG90A,1589,salt_bridges,salt_bridge,ATP:B:1:P3,P3,ATP,B,1
AqTMK_228,/home/wms/AF2-test/AF2-CatGraph/results/AqTMK/02_template_guided_docking/complexes/AqTMK_228_complex.pdb,results/AqTMK/05_plip_interaction_graphs/plip_outputs/AqTMK_228/report.xml,metal_complexes,MG,THR14A,1599,metal_complexes,metal_complex,MG:B:203:MG,MG,MG,B,203
AqTMK_228,/home/wms/AF2-test/AF2-CatGraph/results/AqTMK/02_template_guided_docking/complexes/AqTMK_228_complex.pdb,results/AqTMK/05_plip_interaction_graphs/plip_outputs/AqTMK_228/report.xml,hydrogen_bonds,O13,ASP9A,1596,hydrogen_bonds,hydrogen_bond,TMP:C:1:O13,O13,TMP,C,1
AqTMK_228,/home/wms/AF2-test/AF2-CatGraph/results/AqTMK/02_template_guided_docking/complexes/AqTMK_228_complex.pdb,results/AqTMK/05_plip_interaction_graphs/plip_outputs/AqTMK_228/report.xml,hydrogen_bonds,O14,ARG47A,1597,hydrogen_bonds,hydrogen_bond,TMP:C:1:O14,O14,TMP,C,1
AqTMK_228,/home/wms/AF2-test/AF2-CatGraph/results/AqTMK/02_template_guided_docking/complexes/AqTMK_228_complex.pdb,results/AqTMK/05_plip_interaction_graphs/plip_outputs/AqTMK_228/report.xml,salt_bridges,P4,LYS13A,1595,salt_bridges,salt_bridge,TMP:C:1:P4,P4,TMP,C,1
AqTMK_228,/home/wms/AF2-test/AF2-CatGraph/results/AqTMK/02_template_guided_docking/complexes/AqTMK_228_complex.pdb,results/AqTMK/05_plip_interaction_graphs/plip_outputs/AqTMK_228/report.xml,salt_bridges,P4,ARG35A,1595,salt_bridges,salt_bridge,TMP:C:1:P4,P4,TMP,C,1
AqTMK_228,/home/wms/AF2-test/AF2-CatGraph/results/AqTMK/02_template_guided_docking/complexes/AqTMK_228_complex.pdb,results/AqTMK/05_plip_interaction_graphs/plip_outputs/AqTMK_228/report.xml,salt_bridges,P4,ARG90A,1595,salt_bridges,salt_bridge,TMP:C:1:P4,P4,TMP,C,1
AqTMK_228,/home/wms/AF2-test/AF2-CatGraph/results/AqTMK/02_template_guided_docking/complexes/AqTMK_228_complex.pdb,results/AqTMK/05_plip_interaction_graphs/plip_outputs/AqTMK_228/report.xml,salt_bridges,P4,ARG145A,1595,salt_bridges,salt_bridge,TMP:C:1:P4,P4,TMP,C,1
AqTMK_229,/home/wms/AF2-test/AF2-CatGraph/results/AqTMK/02_template_guided_docking/complexes/AqTMK_229_complex.pdb,results/AqTMK/05_plip_interaction_graphs/plip_outputs/AqTMK_229/report.xml,hydrogen_bonds,O10,ASP9A,1591,hydrogen_bonds,hydrogen_bond,ATP:B:1:O10,O10,ATP,B,1
AqTMK_229,/home/wms/AF2-test/AF2-CatGraph/results/AqTMK/02_template_guided_docking/complexes/AqTMK_229_complex.pdb,results/AqTMK/05_plip_interaction_graphs/plip_outputs/AqTMK_229/report.xml,hydrogen_bonds,O8,GLY10A,1588,hydrogen_bonds,hydrogen_bond,ATP:B:1:O8,O8,ATP,B,1
AqTMK_229,/home/wms/AF2-test/AF2-CatGraph/results/AqTMK/02_template_guided_docking/complexes/AqTMK_229_complex.pdb,results/AqTMK/05_plip_interaction_graphs/plip_outputs/AqTMK_229/report.xml,hydrogen_bonds,O7,SER11A,1587,hydrogen_bonds,hydrogen_bond,ATP:B:1:O7,O7,ATP,B,1
AqTMK_229,/home/wms/AF2-test/AF2-CatGraph/results/AqTMK/02_template_guided_docking/complexes/AqTMK_229_complex.pdb,results/AqTMK/05_plip_interaction_graphs/plip_outputs/AqTMK_229/report.xml,hydrogen_bonds,O5,GLY12A,1584,hydrogen_bonds,hydrogen_bond,ATP:B:1:O5,O5,ATP,B,1
AqTMK_229,/home/wms/AF2-test/AF2-CatGraph/results/AqTMK/02_template_guided_docking/complexes/AqTMK_229_complex.pdb,results/AqTMK/05_plip_interaction_graphs/plip_outputs/AqTMK_229/report.xml,hydrogen_bonds,O7,LYS13A,1587,hydrogen_bonds,hydrogen_bond,ATP:B:1:O7,O7,ATP,B,1
AqTMK_229,/home/wms/AF2-test/AF2-CatGraph/results/AqTMK/02_template_guided_docking/complexes/AqTMK_229_complex.pdb,results/AqTMK/05_plip_interaction_graphs/plip_outputs/AqTMK_229/report.xml,hydrogen_bonds,O6,THR14A,1586,hydrogen_bonds,hydrogen_bond,ATP:B:1:O6,O6,ATP,B,1
AqTMK_229,/home/wms/AF2-test/AF2-CatGraph/results/AqTMK/02_template_guided_docking/complexes/AqTMK_229_complex.pdb,results/AqTMK/05_plip_interaction_graphs/plip_outputs/AqTMK_229/report.xml,hydrogen_bonds,O2,THR15A,1580,hydrogen_bonds,hydrogen_bond,ATP:B:1:O2,O2,ATP,B,1
AqTMK_229,/home/wms/AF2-test/AF2-CatGraph/results/AqTMK/02_template_guided_docking/complexes/AqTMK_229_complex.pdb,results/AqTMK/05_plip_interaction_graphs/plip_outputs/AqTMK_229/report.xml,hydrogen_bonds,O4,THR15A,1583,hydrogen_bonds,hydrogen_bond,ATP:B:1:O4,O4,ATP,B,1
AqTMK_229,/home/wms/AF2-test/AF2-CatGraph/results/AqTMK/02_template_guided_docking/complexes/AqTMK_229_complex.pdb,results/AqTMK/05_plip_interaction_graphs/plip_outputs/AqTMK_229/report.xml,hydrogen_bonds,O4,THR15A,1583,hydrogen_bonds,hydrogen_bond,ATP:B:1:O4,O4,ATP,B,1
AqTMK_229,/home/wms/AF2-test/AF2-CatGraph/results/AqTMK/02_template_guided_docking/complexes/AqTMK_229_complex.pdb,results/AqTMK/05_plip_interaction_graphs/plip_outputs/AqTMK_229/report.xml,salt_bridges,P2,LYS13A,1585,salt_bridges,salt_bridge,ATP:B:1:P2,P2,ATP,B,1
AqTMK_229,/home/wms/AF2-test/AF2-CatGraph/results/AqTMK/02_template_guided_docking/complexes/AqTMK_229_complex.pdb,results/AqTMK/05_plip_interaction_graphs/plip_outputs/AqTMK_229/report.xml,salt_bridges,P3,LYS13A,1589,salt_bridges,salt_bridge,ATP:B:1:P3,P3,ATP,B,1
AqTMK_229,/home/wms/AF2-test/AF2-CatGraph/results/AqTMK/02_template_guided_docking/complexes/AqTMK_229_complex.pdb,results/AqTMK/05_plip_interaction_graphs/plip_outputs/AqTMK_229/report.xml,salt_bridges,P3,ARG90A,1589,salt_bridges,salt_bridge,ATP:B:1:P3,P3,ATP,B,1
AqTMK_229,/home/wms/AF2-test/AF2-CatGraph/results/AqTMK/02_template_guided_docking/complexes/AqTMK_229_complex.pdb,results/AqTMK/05_plip_interaction_graphs/plip_outputs/AqTMK_229/report.xml,metal_complexes,MG,THR14A,1599,metal_complexes,metal_complex,MG:B:203:MG,MG,MG,B,203
AqTMK_229,/home/wms/AF2-test/AF2-CatGraph/results/AqTMK/02_template_guided_docking/complexes/AqTMK_229_complex.pdb,results/AqTMK/05_plip_interaction_graphs/plip_outputs/AqTMK_229/report.xml,salt_bridges,P4,ARG35A,1595,salt_bridges,salt_bridge,TMP:C:1:P4,P4,TMP,C,1
AqTMK_229,/home/wms/AF2-test/AF2-CatGraph/results/AqTMK/02_template_guided_docking/complexes/AqTMK_229_complex.pdb,results/AqTMK/05_plip_interaction_graphs/plip_outputs/AqTMK_229/report.xml,salt_bridges,P4,ARG47A,1595,salt_bridges,salt_bridge,TMP:C:1:P4,P4,TMP,C,1
AqTMK_229,/home/wms/AF2-test/AF2-CatGraph/results/AqTMK/02_template_guided_docking/complexes/AqTMK_229_complex.pdb,results/AqTMK/05_plip_interaction_graphs/plip_outputs/AqTMK_229/report.xml,salt_bridges,P4,ARG90A,1595,salt_bridges,salt_bridge,TMP:C:1:P4,P4,TMP,C,1
AqTMK_230,/home/wms/AF2-test/AF2-CatGraph/results/AqTMK/02_template_guided_docking/complexes/AqTMK_230_complex.pdb,results/AqTMK/05_plip_interaction_graphs/plip_outputs/AqTMK_230/report.xml,hydrogen_bonds,O10,ASP9A,1591,hydrogen_bonds,hydrogen_bond,ATP:B:1:O10,O10,ATP,B,1
AqTMK_230,/home/wms/AF2-test/AF2-CatGraph/results/AqTMK/02_template_guided_docking/complexes/AqTMK_230_complex.pdb,results/AqTMK/05_plip_interaction_graphs/plip_outputs/AqTMK_230/report.xml,hydrogen_bonds,O8,GLY10A,1588,hydrogen_bonds,hydrogen_bond,ATP:B:1:O8,O8,ATP,B,1
AqTMK_230,/home/wms/AF2-test/AF2-CatGraph/results/AqTMK/02_template_guided_docking/complexes/AqTMK_230_complex.pdb,results/AqTMK/05_plip_interaction_graphs/plip_outputs/AqTMK_230/report.xml,hydrogen_bonds,O7,SER11A,1587,hydrogen_bonds,hydrogen_bond,ATP:B:1:O7,O7,ATP,B,1
AqTMK_230,/home/wms/AF2-test/AF2-CatGraph/results/AqTMK/02_template_guided_docking/complexes/AqTMK_230_complex.pdb,results/AqTMK/05_plip_interaction_graphs/plip_outputs/AqTMK_230/report.xml,hydrogen_bonds,O5,GLY12A,1584,hydrogen_bonds,hydrogen_bond,ATP:B:1:O5,O5,ATP,B,1
AqTMK_230,/home/wms/AF2-test/AF2-CatGraph/results/AqTMK/02_template_guided_docking/complexes/AqTMK_230_complex.pdb,results/AqTMK/05_plip_interaction_graphs/plip_outputs/AqTMK_230/report.xml,hydrogen_bonds,O7,LYS13A,1587,hydrogen_bonds,hydrogen_bond,ATP:B:1:O7,O7,ATP,B,1
AqTMK_230,/home/wms/AF2-test/AF2-CatGraph/results/AqTMK/02_template_guided_docking/complexes/AqTMK_230_complex.pdb,results/AqTMK/05_plip_interaction_graphs/plip_outputs/AqTMK_230/report.xml,hydrogen_bonds,O7,THR14A,1587,hydrogen_bonds,hydrogen_bond,ATP:B:1:O7,O7,ATP,B,1
AqTMK_230,/home/wms/AF2-test/AF2-CatGraph/results/AqTMK/02_template_guided_docking/complexes/AqTMK_230_complex.pdb,results/AqTMK/05_plip_interaction_graphs/plip_outputs/AqTMK_230/report.xml,hydrogen_bonds,O2,THR15A,1580,hydrogen_bonds,hydrogen_bond,ATP:B:1:O2,O2,ATP,B,1
AqTMK_230,/home/wms/AF2-test/AF2-CatGraph/results/AqTMK/02_template_guided_docking/complexes/AqTMK_230_complex.pdb,results/AqTMK/05_plip_interaction_graphs/plip_outputs/AqTMK_230/report.xml,hydrogen_bonds,O4,THR15A,1583,hydrogen_bonds,hydrogen_bond,ATP:B:1:O4,O4,ATP,B,1
AqTMK_230,/home/wms/AF2-test/AF2-CatGraph/results/AqTMK/02_template_guided_docking/complexes/AqTMK_230_complex.pdb,results/AqTMK/05_plip_interaction_graphs/plip_outputs/AqTMK_230/report.xml,hydrogen_bonds,O4,THR15A,1583,hydrogen_bonds,hydrogen_bond,ATP:B:1:O4,O4,ATP,B,1
AqTMK_230,/home/wms/AF2-test/AF2-CatGraph/results/AqTMK/02_template_guided_docking/complexes/AqTMK_230_complex.pdb,results/AqTMK/05_plip_interaction_graphs/plip_outputs/AqTMK_230/report.xml,salt_bridges,P2,LYS13A,1585,salt_bridges,salt_bridge,ATP:B:1:P2,P2,ATP,B,1
AqTMK_230,/home/wms/AF2-test/AF2-CatGraph/results/AqTMK/02_template_guided_docking/complexes/AqTMK_230_complex.pdb,results/AqTMK/05_plip_interaction_graphs/plip_outputs/AqTMK_230/report.xml,salt_bridges,P3,LYS13A,1589,salt_bridges,salt_bridge,ATP:B:1:P3,P3,ATP,B,1
AqTMK_230,/home/wms/AF2-test/AF2-CatGraph/results/AqTMK/02_template_guided_docking/complexes/AqTMK_230_complex.pdb,results/AqTMK/05_plip_interaction_graphs/plip_outputs/AqTMK_230/report.xml,metal_complexes,MG,THR14A,1599,metal_complexes,metal_complex,MG:B:203:MG,MG,MG,B,203
AqTMK_230,/home/wms/AF2-test/AF2-CatGraph/results/AqTMK/02_template_guided_docking/complexes/AqTMK_230_complex.pdb,results/AqTMK/05_plip_interaction_graphs/plip_outputs/AqTMK_230/report.xml,salt_bridges,P4,LYS13A,1595,salt_bridges,salt_bridge,TMP:C:1:P4,P4,TMP,C,1
AqTMK_230,/home/wms/AF2-test/AF2-CatGraph/results/AqTMK/02_template_guided_docking/complexes/AqTMK_230_complex.pdb,results/AqTMK/05_plip_interaction_graphs/plip_outputs/AqTMK_230/report.xml,salt_bridges,P4,ARG35A,1595,salt_bridges,salt_bridge,TMP:C:1:P4,P4,TMP,C,1
AqTMK_230,/home/wms/AF2-test/AF2-CatGraph/results/AqTMK/02_template_guided_docking/complexes/AqTMK_230_complex.pdb,results/AqTMK/05_plip_interaction_graphs/plip_outputs/AqTMK_230/report.xml,salt_bridges,P4,ARG47A,1595,salt_bridges,salt_bridge,TMP:C:1:P4,P4,TMP,C,1
AqTMK_230,/home/wms/AF2-test/AF2-CatGraph/results/AqTMK/02_template_guided_docking/complexes/AqTMK_230_complex.pdb,results/AqTMK/05_plip_interaction_graphs/plip_outputs/AqTMK_230/report.xml,salt_bridges,P4,ARG90A,1595,salt_bridges,salt_bridge,TMP:C:1:P4,P4,TMP,C,1
AqTMK_231,/home/wms/AF2-test/AF2-CatGraph/results/AqTMK/02_template_guided_docking/complexes/AqTMK_231_complex.pdb,results/AqTMK/05_plip_interaction_graphs/plip_outputs/AqTMK_231/report.xml,hydrogen_bonds,O10,ASP9A,1591,hydrogen_bonds,hydrogen_bond,ATP:B:1:O10,O10,ATP,B,1
AqTMK_231,/home/wms/AF2-test/AF2-CatGraph/results/AqTMK/02_template_guided_docking/complexes/AqTMK_231_complex.pdb,results/AqTMK/05_plip_interaction_graphs/plip_outputs/AqTMK_231/report.xml,hydrogen_bonds,O8,GLY10A,1588,hydrogen_bonds,hydrogen_bond,ATP:B:1:O8,O8,ATP,B,1
AqTMK_231,/home/wms/AF2-test/AF2-CatGraph/results/AqTMK/02_template_guided_docking/complexes/AqTMK_231_complex.pdb,results/AqTMK/05_plip_interaction_graphs/plip_outputs/AqTMK_231/report.xml,hydrogen_bonds,O7,SER11A,1587,hydrogen_bonds,hydrogen_bond,ATP:B:1:O7,O7,ATP,B,1
AqTMK_231,/home/wms/AF2-test/AF2-CatGraph/results/AqTMK/02_template_guided_docking/complexes/AqTMK_231_complex.pdb,results/AqTMK/05_plip_interaction_graphs/plip_outputs/AqTMK_231/report.xml,hydrogen_bonds,O5,GLY12A,1584,hydrogen_bonds,hydrogen_bond,ATP:B:1:O5,O5,ATP,B,1
AqTMK_231,/home/wms/AF2-test/AF2-CatGraph/results/AqTMK/02_template_guided_docking/complexes/AqTMK_231_complex.pdb,results/AqTMK/05_plip_interaction_graphs/plip_outputs/AqTMK_231/report.xml,hydrogen_bonds,O7,LYS13A,1587,hydrogen_bonds,hydrogen_bond,ATP:B:1:O7,O7,ATP,B,1
AqTMK_231,/home/wms/AF2-test/AF2-CatGraph/results/AqTMK/02_template_guided_docking/complexes/AqTMK_231_complex.pdb,results/AqTMK/05_plip_interaction_graphs/plip_outputs/AqTMK_231/report.xml,hydrogen_bonds,O6,THR14A,1586,hydrogen_bonds,hydrogen_bond,ATP:B:1:O6,O6,ATP,B,1
AqTMK_231,/home/wms/AF2-test/AF2-CatGraph/results/AqTMK/02_template_guided_docking/complexes/AqTMK_231_complex.pdb,results/AqTMK/05_plip_interaction_graphs/plip_outputs/AqTMK_231/report.xml,hydrogen_bonds,O2,THR15A,1580,hydrogen_bonds,hydrogen_bond,ATP:B:1:O2,O2,ATP,B,1
AqTMK_231,/home/wms/AF2-test/AF2-CatGraph/results/AqTMK/02_template_guided_docking/complexes/AqTMK_231_complex.pdb,results/AqTMK/05_plip_interaction_graphs/plip_outputs/AqTMK_231/report.xml,hydrogen_bonds,O4,THR15A,1583,hydrogen_bonds,hydrogen_bond,ATP:B:1:O4,O4,ATP,B,1
AqTMK_231,/home/wms/AF2-test/AF2-CatGraph/results/AqTMK/02_template_guided_docking/complexes/AqTMK_231_complex.pdb,results/AqTMK/05_plip_interaction_graphs/plip_outputs/AqTMK_231/report.xml,hydrogen_bonds,O4,THR15A,1583,hydrogen_bonds,hydrogen_bond,ATP:B:1:O4,O4,ATP,B,1
AqTMK_231,/home/wms/AF2-test/AF2-CatGraph/results/AqTMK/02_template_guided_docking/complexes/AqTMK_231_complex.pdb,results/AqTMK/05_plip_interaction_graphs/plip_outputs/AqTMK_231/report.xml,hydrogen_bonds,O10,ARG90A,1591,hydrogen_bonds,hydrogen_bond,ATP:B:1:O10,O10,ATP,B,1
AqTMK_231,/home/wms/AF2-test/AF2-CatGraph/results/AqTMK/02_template_guided_docking/complexes/AqTMK_231_complex.pdb,results/AqTMK/05_plip_interaction_graphs/plip_outputs/AqTMK_231/report.xml,hydrogen_bonds,O9,ASN144A,1590,hydrogen_bonds,hydrogen_bond,ATP:B:1:O9,O9,ATP,B,1
AqTMK_231,/home/wms/AF2-test/AF2-CatGraph/results/AqTMK/02_template_guided_docking/complexes/AqTMK_231_complex.pdb,results/AqTMK/05_plip_interaction_graphs/plip_outputs/AqTMK_231/report.xml,salt_bridges,P2,LYS13A,1585,salt_bridges,salt_bridge,ATP:B:1:P2,P2,ATP,B,1
AqTMK_231,/home/wms/AF2-test/AF2-CatGraph/results/AqTMK/02_template_guided_docking/complexes/AqTMK_231_complex.pdb,results/AqTMK/05_plip_interaction_graphs/plip_outputs/AqTMK_231/report.xml,salt_bridges,P3,LYS13A,1589,salt_bridges,salt_bridge,ATP:B:1:P3,P3,ATP,B,1
AqTMK_231,/home/wms/AF2-test/AF2-CatGraph/results/AqTMK/02_template_guided_docking/complexes/AqTMK_231_complex.pdb,results/AqTMK/05_plip_interaction_graphs/plip_outputs/AqTMK_231/report.xml,metal_complexes,MG,THR14A,1599,metal_complexes,metal_complex,MG:B:203:MG,MG,MG,B,203
AqTMK_231,/home/wms/AF2-test/AF2-CatGraph/results/AqTMK/02_template_guided_docking/complexes/AqTMK_231_complex.pdb,results/AqTMK/05_plip_interaction_graphs/plip_outputs/AqTMK_231/report.xml,salt_bridges,P4,ARG47A,1595,salt_bridges,salt_bridge,TMP:C:1:P4,P4,TMP,C,1
AqTMK_231,/home/wms/AF2-test/AF2-CatGraph/results/AqTMK/02_template_guided_docking/complexes/AqTMK_231_complex.pdb,results/AqTMK/05_plip_interaction_graphs/plip_outputs/AqTMK_231/report.xml,salt_bridges,P4,ARG90A,1595,salt_bridges,salt_bridge,TMP:C:1:P4,P4,TMP,C,1
AqTMK_233,/home/wms/AF2-test/AF2-CatGraph/results/AqTMK/02_template_guided_docking/complexes/AqTMK_233_complex.pdb,results/AqTMK/05_plip_interaction_graphs/plip_outputs/AqTMK_233/report.xml,hydrogen_bonds,O10,ASP9A,1591,hydrogen_bonds,hydrogen_bond,ATP:B:1:O10,O10,ATP,B,1
AqTMK_233,/home/wms/AF2-test/AF2-CatGraph/results/AqTMK/02_template_guided_docking/complexes/AqTMK_233_complex.pdb,results/AqTMK/05_plip_interaction_graphs/plip_outputs/AqTMK_233/report.xml,hydrogen_bonds,O8,GLY10A,1588,hydrogen_bonds,hydrogen_bond,ATP:B:1:O8,O8,ATP,B,1
AqTMK_233,/home/wms/AF2-test/AF2-CatGraph/results/AqTMK/02_template_guided_docking/complexes/AqTMK_233_complex.pdb,results/AqTMK/05_plip_interaction_graphs/plip_outputs/AqTMK_233/report.xml,hydrogen_bonds,O7,SER11A,1587,hydrogen_bonds,hydrogen_bond,ATP:B:1:O7,O7,ATP,B,1
AqTMK_233,/home/wms/AF2-test/AF2-CatGraph/results/AqTMK/02_template_guided_docking/complexes/AqTMK_233_complex.pdb,results/AqTMK/05_plip_interaction_graphs/plip_outputs/AqTMK_233/report.xml,hydrogen_bonds,O7,GLY12A,1587,hydrogen_bonds,hydrogen_bond,ATP:B:1:O7,O7,ATP,B,1
AqTMK_233,/home/wms/AF2-test/AF2-CatGraph/results/AqTMK/02_template_guided_docking/complexes/AqTMK_233_complex.pdb,results/AqTMK/05_plip_interaction_graphs/plip_outputs/AqTMK_233/report.xml,hydrogen_bonds,O7,LYS13A,1587,hydrogen_bonds,hydrogen_bond,ATP:B:1:O7,O7,ATP,B,1
AqTMK_233,/home/wms/AF2-test/AF2-CatGraph/results/AqTMK/02_template_guided_docking/complexes/AqTMK_233_complex.pdb,results/AqTMK/05_plip_interaction_graphs/plip_outputs/AqTMK_233/report.xml,hydrogen_bonds,O6,THR14A,1586,hydrogen_bonds,hydrogen_bond,ATP:B:1:O6,O6,ATP,B,1
AqTMK_233,/home/wms/AF2-test/AF2-CatGraph/results/AqTMK/02_template_guided_docking/complexes/AqTMK_233_complex.pdb,results/AqTMK/05_plip_interaction_graphs/plip_outputs/AqTMK_233/report.xml,hydrogen_bonds,O2,THR15A,1580,hydrogen_bonds,hydrogen_bond,ATP:B:1:O2,O2,ATP,B,1
AqTMK_233,/home/wms/AF2-test/AF2-CatGraph/results/AqTMK/02_template_guided_docking/complexes/AqTMK_233_complex.pdb,results/AqTMK/05_plip_interaction_graphs/plip_outputs/AqTMK_233/report.xml,hydrogen_bonds,O4,THR15A,1583,hydrogen_bonds,hydrogen_bond,ATP:B:1:O4,O4,ATP,B,1
AqTMK_233,/home/wms/AF2-test/AF2-CatGraph/results/AqTMK/02_template_guided_docking/complexes/AqTMK_233_complex.pdb,results/AqTMK/05_plip_interaction_graphs/plip_outputs/AqTMK_233/report.xml,hydrogen_bonds,O4,THR15A,1583,hydrogen_bonds,hydrogen_bond,ATP:B:1:O4,O4,ATP,B,1
AqTMK_233,/home/wms/AF2-test/AF2-CatGraph/results/AqTMK/02_template_guided_docking/complexes/AqTMK_233_complex.pdb,results/AqTMK/05_plip_interaction_graphs/plip_outputs/AqTMK_233/report.xml,hydrogen_bonds,O10,ARG90A,1591,hydrogen_bonds,hydrogen_bond,ATP:B:1:O10,O10,ATP,B,1
AqTMK_233,/home/wms/AF2-test/AF2-CatGraph/results/AqTMK/02_template_guided_docking/complexes/AqTMK_233_complex.pdb,results/AqTMK/05_plip_interaction_graphs/plip_outputs/AqTMK_233/report.xml,salt_bridges,P2,LYS13A,1585,salt_bridges,salt_bridge,ATP:B:1:P2,P2,ATP,B,1
AqTMK_233,/home/wms/AF2-test/AF2-CatGraph/results/AqTMK/02_template_guided_docking/complexes/AqTMK_233_complex.pdb,results/AqTMK/05_plip_interaction_graphs/plip_outputs/AqTMK_233/report.xml,salt_bridges,P3,LYS13A,1589,salt_bridges,salt_bridge,ATP:B:1:P3,P3,ATP,B,1
AqTMK_233,/home/wms/AF2-test/AF2-CatGraph/results/AqTMK/02_template_guided_docking/complexes/AqTMK_233_complex.pdb,results/AqTMK/05_plip_interaction_graphs/plip_outputs/AqTMK_233/report.xml,metal_complexes,MG,THR14A,1599,metal_complexes,metal_complex,MG:B:203:MG,MG,MG,B,203
AqTMK_233,/home/wms/AF2-test/AF2-CatGraph/results/AqTMK/02_template_guided_docking/complexes/AqTMK_233_complex.pdb,results/AqTMK/05_plip_interaction_graphs/plip_outputs/AqTMK_233/report.xml,salt_bridges,P4,LYS13A,1595,salt_bridges,salt_bridge,TMP:C:1:P4,P4,TMP,C,1
AqTMK_233,/home/wms/AF2-test/AF2-CatGraph/results/AqTMK/02_template_guided_docking/complexes/AqTMK_233_complex.pdb,results/AqTMK/05_plip_interaction_graphs/plip_outputs/AqTMK_233/report.xml,salt_bridges,P4,ARG47A,1595,salt_bridges,salt_bridge,TMP:C:1:P4,P4,TMP,C,1
AqTMK_233,/home/wms/AF2-test/AF2-CatGraph/results/AqTMK/02_template_guided_docking/complexes/AqTMK_233_complex.pdb,results/AqTMK/05_plip_interaction_graphs/plip_outputs/AqTMK_233/report.xml,salt_bridges,P4,ARG90A,1595,salt_bridges,salt_bridge,TMP:C:1:P4,P4,TMP,C,1
AqTMK_234,/home/wms/AF2-test/AF2-CatGraph/results/AqTMK/02_template_guided_docking/complexes/AqTMK_234_complex.pdb,results/AqTMK/05_plip_interaction_graphs/plip_outputs/AqTMK_234/report.xml,hydrogen_bonds,O10,ASP9A,1591,hydrogen_bonds,hydrogen_bond,ATP:B:1:O10,O10,ATP,B,1
AqTMK_234,/home/wms/AF2-test/AF2-CatGraph/results/AqTMK/02_template_guided_docking/complexes/AqTMK_234_complex.pdb,results/AqTMK/05_plip_interaction_graphs/plip_outputs/AqTMK_234/report.xml,hydrogen_bonds,O8,GLY10A,1588,hydrogen_bonds,hydrogen_bond,ATP:B:1:O8,O8,ATP,B,1
AqTMK_234,/home/wms/AF2-test/AF2-CatGraph/results/AqTMK/02_template_guided_docking/complexes/AqTMK_234_complex.pdb,results/AqTMK/05_plip_interaction_graphs/plip_outputs/AqTMK_234/report.xml,hydrogen_bonds,O7,SER11A,1587,hydrogen_bonds,hydrogen_bond,ATP:B:1:O7,O7,ATP,B,1
AqTMK_234,/home/wms/AF2-test/AF2-CatGraph/results/AqTMK/02_template_guided_docking/complexes/AqTMK_234_complex.pdb,results/AqTMK/05_plip_interaction_graphs/plip_outputs/AqTMK_234/report.xml,hydrogen_bonds,O5,GLY12A,1584,hydrogen_bonds,hydrogen_bond,ATP:B:1:O5,O5,ATP,B,1
AqTMK_234,/home/wms/AF2-test/AF2-CatGraph/results/AqTMK/02_template_guided_docking/complexes/AqTMK_234_complex.pdb,results/AqTMK/05_plip_interaction_graphs/plip_outputs/AqTMK_234/report.xml,hydrogen_bonds,O7,LYS13A,1587,hydrogen_bonds,hydrogen_bond,ATP:B:1:O7,O7,ATP,B,1
AqTMK_234,/home/wms/AF2-test/AF2-CatGraph/results/AqTMK/02_template_guided_docking/complexes/AqTMK_234_complex.pdb,results/AqTMK/05_plip_interaction_graphs/plip_outputs/AqTMK_234/report.xml,hydrogen_bonds,O6,THR14A,1586,hydrogen_bonds,hydrogen_bond,ATP:B:1:O6,O6,ATP,B,1
AqTMK_234,/home/wms/AF2-test/AF2-CatGraph/results/AqTMK/02_template_guided_docking/complexes/AqTMK_234_complex.pdb,results/AqTMK/05_plip_interaction_graphs/plip_outputs/AqTMK_234/report.xml,hydrogen_bonds,O2,THR15A,1580,hydrogen_bonds,hydrogen_bond,ATP:B:1:O2,O2,ATP,B,1
AqTMK_234,/home/wms/AF2-test/AF2-CatGraph/results/AqTMK/02_template_guided_docking/complexes/AqTMK_234_complex.pdb,results/AqTMK/05_plip_interaction_graphs/plip_outputs/AqTMK_234/report.xml,hydrogen_bonds,O4,THR15A,1583,hydrogen_bonds,hydrogen_bond,ATP:B:1:O4,O4,ATP,B,1
AqTMK_234,/home/wms/AF2-test/AF2-CatGraph/results/AqTMK/02_template_guided_docking/complexes/AqTMK_234_complex.pdb,results/AqTMK/05_plip_interaction_graphs/plip_outputs/AqTMK_234/report.xml,hydrogen_bonds,O4,THR15A,1583,hydrogen_bonds,hydrogen_bond,ATP:B:1:O4,O4,ATP,B,1
AqTMK_234,/home/wms/AF2-test/AF2-CatGraph/results/AqTMK/02_template_guided_docking/complexes/AqTMK_234_complex.pdb,results/AqTMK/05_plip_interaction_graphs/plip_outputs/AqTMK_234/report.xml,hydrogen_bonds,O10,ARG90A,1591,hydrogen_bonds,hydrogen_bond,ATP:B:1:O10,O10,ATP,B,1
AqTMK_234,/home/wms/AF2-test/AF2-CatGraph/results/AqTMK/02_template_guided_docking/complexes/AqTMK_234_complex.pdb,results/AqTMK/05_plip_interaction_graphs/plip_outputs/AqTMK_234/report.xml,salt_bridges,P2,LYS13A,1585,salt_bridges,salt_bridge,ATP:B:1:P2,P2,ATP,B,1
AqTMK_234,/home/wms/AF2-test/AF2-CatGraph/results/AqTMK/02_template_guided_docking/complexes/AqTMK_234_complex.pdb,results/AqTMK/05_plip_interaction_graphs/plip_outputs/AqTMK_234/report.xml,salt_bridges,P3,LYS13A,1589,salt_bridges,salt_bridge,ATP:B:1:P3,P3,ATP,B,1
AqTMK_234,/home/wms/AF2-test/AF2-CatGraph/results/AqTMK/02_template_guided_docking/complexes/AqTMK_234_complex.pdb,results/AqTMK/05_plip_interaction_graphs/plip_outputs/AqTMK_234/report.xml,metal_complexes,MG,THR14A,1599,metal_complexes,metal_complex,MG:B:203:MG,MG,MG,B,203
AqTMK_234,/home/wms/AF2-test/AF2-CatGraph/results/AqTMK/02_template_guided_docking/complexes/AqTMK_234_complex.pdb,results/AqTMK/05_plip_interaction_graphs/plip_outputs/AqTMK_234/report.xml,salt_bridges,P4,ARG47A,1595,salt_bridges,salt_bridge,TMP:C:1:P4,P4,TMP,C,1
AqTMK_234,/home/wms/AF2-test/AF2-CatGraph/results/AqTMK/02_template_guided_docking/complexes/AqTMK_234_complex.pdb,results/AqTMK/05_plip_interaction_graphs/plip_outputs/AqTMK_234/report.xml,salt_bridges,P4,ARG90A,1595,salt_bridges,salt_bridge,TMP:C:1:P4,P4,TMP,C,1
AqTMK_236,/home/wms/AF2-test/AF2-CatGraph/results/AqTMK/02_template_guided_docking/complexes/AqTMK_236_complex.pdb,results/AqTMK/05_plip_interaction_graphs/plip_outputs/AqTMK_236/report.xml,hydrogen_bonds,O10,ASP9A,1591,hydrogen_bonds,hydrogen_bond,ATP:B:1:O10,O10,ATP,B,1
AqTMK_236,/home/wms/AF2-test/AF2-CatGraph/results/AqTMK/02_template_guided_docking/complexes/AqTMK_236_complex.pdb,results/AqTMK/05_plip_interaction_graphs/plip_outputs/AqTMK_236/report.xml,hydrogen_bonds,O8,GLY10A,1588,hydrogen_bonds,hydrogen_bond,ATP:B:1:O8,O8,ATP,B,1
AqTMK_236,/home/wms/AF2-test/AF2-CatGraph/results/AqTMK/02_template_guided_docking/complexes/AqTMK_236_complex.pdb,results/AqTMK/05_plip_interaction_graphs/plip_outputs/AqTMK_236/report.xml,hydrogen_bonds,O7,SER11A,1587,hydrogen_bonds,hydrogen_bond,ATP:B:1:O7,O7,ATP,B,1
AqTMK_236,/home/wms/AF2-test/AF2-CatGraph/results/AqTMK/02_template_guided_docking/complexes/AqTMK_236_complex.pdb,results/AqTMK/05_plip_interaction_graphs/plip_outputs/AqTMK_236/report.xml,hydrogen_bonds,O7,GLY12A,1587,hydrogen_bonds,hydrogen_bond,ATP:B:1:O7,O7,ATP,B,1
AqTMK_236,/home/wms/AF2-test/AF2-CatGraph/results/AqTMK/02_template_guided_docking/complexes/AqTMK_236_complex.pdb,results/AqTMK/05_plip_interaction_graphs/plip_outputs/AqTMK_236/report.xml,hydrogen_bonds,O7,LYS13A,1587,hydrogen_bonds,hydrogen_bond,ATP:B:1:O7,O7,ATP,B,1
AqTMK_236,/home/wms/AF2-test/AF2-CatGraph/results/AqTMK/02_template_guided_docking/complexes/AqTMK_236_complex.pdb,results/AqTMK/05_plip_interaction_graphs/plip_outputs/AqTMK_236/report.xml,hydrogen_bonds,O6,THR14A,1586,hydrogen_bonds,hydrogen_bond,ATP:B:1:O6,O6,ATP,B,1
AqTMK_236,/home/wms/AF2-test/AF2-CatGraph/results/AqTMK/02_template_guided_docking/complexes/AqTMK_236_complex.pdb,results/AqTMK/05_plip_interaction_graphs/plip_outputs/AqTMK_236/report.xml,hydrogen_bonds,O2,THR15A,1580,hydrogen_bonds,hydrogen_bond,ATP:B:1:O2,O2,ATP,B,1
AqTMK_236,/home/wms/AF2-test/AF2-CatGraph/results/AqTMK/02_template_guided_docking/complexes/AqTMK_236_complex.pdb,results/AqTMK/05_plip_interaction_graphs/plip_outputs/AqTMK_236/report.xml,hydrogen_bonds,O4,THR15A,1583,hydrogen_bonds,hydrogen_bond,ATP:B:1:O4,O4,ATP,B,1
AqTMK_236,/home/wms/AF2-test/AF2-CatGraph/results/AqTMK/02_template_guided_docking/complexes/AqTMK_236_complex.pdb,results/AqTMK/05_plip_interaction_graphs/plip_outputs/AqTMK_236/report.xml,hydrogen_bonds,O4,THR15A,1583,hydrogen_bonds,hydrogen_bond,ATP:B:1:O4,O4,ATP,B,1
AqTMK_236,/home/wms/AF2-test/AF2-CatGraph/results/AqTMK/02_template_guided_docking/complexes/AqTMK_236_complex.pdb,results/AqTMK/05_plip_interaction_graphs/plip_outputs/AqTMK_236/report.xml,salt_bridges,P2,LYS13A,1585,salt_bridges,salt_bridge,ATP:B:1:P2,P2,ATP,B,1
AqTMK_236,/home/wms/AF2-test/AF2-CatGraph/results/AqTMK/02_template_guided_docking/complexes/AqTMK_236_complex.pdb,results/AqTMK/05_plip_interaction_graphs/plip_outputs/AqTMK_236/report.xml,salt_bridges,P3,LYS13A,1589,salt_bridges,salt_bridge,ATP:B:1:P3,P3,ATP,B,1
AqTMK_236,/home/wms/AF2-test/AF2-CatGraph/results/AqTMK/02_template_guided_docking/complexes/AqTMK_236_complex.pdb,results/AqTMK/05_plip_interaction_graphs/plip_outputs/AqTMK_236/report.xml,salt_bridges,P3,ARG90A,1589,salt_bridges,salt_bridge,ATP:B:1:P3,P3,ATP,B,1
AqTMK_236,/home/wms/AF2-test/AF2-CatGraph/results/AqTMK/02_template_guided_docking/complexes/AqTMK_236_complex.pdb,results/AqTMK/05_plip_interaction_graphs/plip_outputs/AqTMK_236/report.xml,metal_complexes,MG,THR14A,1599,metal_complexes,metal_complex,MG:B:203:MG,MG,MG,B,203
AqTMK_236,/home/wms/AF2-test/AF2-CatGraph/results/AqTMK/02_template_guided_docking/complexes/AqTMK_236_complex.pdb,results/AqTMK/05_plip_interaction_graphs/plip_outputs/AqTMK_236/report.xml,salt_bridges,P4,ARG47A,1595,salt_bridges,salt_bridge,TMP:C:1:P4,P4,TMP,C,1
AqTMK_236,/home/wms/AF2-test/AF2-CatGraph/results/AqTMK/02_template_guided_docking/complexes/AqTMK_236_complex.pdb,results/AqTMK/05_plip_interaction_graphs/plip_outputs/AqTMK_236/report.xml,salt_bridges,P4,ARG90A,1595,salt_bridges,salt_bridge,TMP:C:1:P4,P4,TMP,C,1
AqTMK_237,/home/wms/AF2-test/AF2-CatGraph/results/AqTMK/02_template_guided_docking/complexes/AqTMK_237_complex.pdb,results/AqTMK/05_plip_interaction_graphs/plip_outputs/AqTMK_237/report.xml,hydrogen_bonds,O10,ASP9A,1591,hydrogen_bonds,hydrogen_bond,ATP:B:1:O10,O10,ATP,B,1
AqTMK_237,/home/wms/AF2-test/AF2-CatGraph/results/AqTMK/02_template_guided_docking/complexes/AqTMK_237_complex.pdb,results/AqTMK/05_plip_interaction_graphs/plip_outputs/AqTMK_237/report.xml,hydrogen_bonds,O8,GLY10A,1588,hydrogen_bonds,hydrogen_bond,ATP:B:1:O8,O8,ATP,B,1
AqTMK_237,/home/wms/AF2-test/AF2-CatGraph/results/AqTMK/02_template_guided_docking/complexes/AqTMK_237_complex.pdb,results/AqTMK/05_plip_interaction_graphs/plip_outputs/AqTMK_237/report.xml,hydrogen_bonds,O7,SER11A,1587,hydrogen_bonds,hydrogen_bond,ATP:B:1:O7,O7,ATP,B,1
AqTMK_237,/home/wms/AF2-test/AF2-CatGraph/results/AqTMK/02_template_guided_docking/complexes/AqTMK_237_complex.pdb,results/AqTMK/05_plip_interaction_graphs/plip_outputs/AqTMK_237/report.xml,hydrogen_bonds,O7,GLY12A,1587,hydrogen_bonds,hydrogen_bond,ATP:B:1:O7,O7,ATP,B,1
AqTMK_237,/home/wms/AF2-test/AF2-CatGraph/results/AqTMK/02_template_guided_docking/complexes/AqTMK_237_complex.pdb,results/AqTMK/05_plip_interaction_graphs/plip_outputs/AqTMK_237/report.xml,hydrogen_bonds,O7,LYS13A,1587,hydrogen_bonds,hydrogen_bond,ATP:B:1:O7,O7,ATP,B,1
AqTMK_237,/home/wms/AF2-test/AF2-CatGraph/results/AqTMK/02_template_guided_docking/complexes/AqTMK_237_complex.pdb,results/AqTMK/05_plip_interaction_graphs/plip_outputs/AqTMK_237/report.xml,hydrogen_bonds,O6,THR14A,1586,hydrogen_bonds,hydrogen_bond,ATP:B:1:O6,O6,ATP,B,1
AqTMK_237,/home/wms/AF2-test/AF2-CatGraph/results/AqTMK/02_template_guided_docking/complexes/AqTMK_237_complex.pdb,results/AqTMK/05_plip_interaction_graphs/plip_outputs/AqTMK_237/report.xml,hydrogen_bonds,O4,THR15A,1583,hydrogen_bonds,hydrogen_bond,ATP:B:1:O4,O4,ATP,B,1
AqTMK_237,/home/wms/AF2-test/AF2-CatGraph/results/AqTMK/02_template_guided_docking/complexes/AqTMK_237_complex.pdb,results/AqTMK/05_plip_interaction_graphs/plip_outputs/AqTMK_237/report.xml,hydrogen_bonds,O4,THR15A,1583,hydrogen_bonds,hydrogen_bond,ATP:B:1:O4,O4,ATP,B,1
AqTMK_237,/home/wms/AF2-test/AF2-CatGraph/results/AqTMK/02_template_guided_docking/complexes/AqTMK_237_complex.pdb,results/AqTMK/05_plip_interaction_graphs/plip_outputs/AqTMK_237/report.xml,hydrogen_bonds,O10,ARG90A,1591,hydrogen_bonds,hydrogen_bond,ATP:B:1:O10,O10,ATP,B,1
AqTMK_237,/home/wms/AF2-test/AF2-CatGraph/results/AqTMK/02_template_guided_docking/complexes/AqTMK_237_complex.pdb,results/AqTMK/05_plip_interaction_graphs/plip_outputs/AqTMK_237/report.xml,salt_bridges,P2,LYS13A,1585,salt_bridges,salt_bridge,ATP:B:1:P2,P2,ATP,B,1
AqTMK_237,/home/wms/AF2-test/AF2-CatGraph/results/AqTMK/02_template_guided_docking/complexes/AqTMK_237_complex.pdb,results/AqTMK/05_plip_interaction_graphs/plip_outputs/AqTMK_237/report.xml,salt_bridges,P3,LYS13A,1589,salt_bridges,salt_bridge,ATP:B:1:P3,P3,ATP,B,1
AqTMK_237,/home/wms/AF2-test/AF2-CatGraph/results/AqTMK/02_template_guided_docking/complexes/AqTMK_237_complex.pdb,results/AqTMK/05_plip_interaction_graphs/plip_outputs/AqTMK_237/report.xml,metal_complexes,MG,THR14A,1599,metal_complexes,metal_complex,MG:B:203:MG,MG,MG,B,203
AqTMK_237,/home/wms/AF2-test/AF2-CatGraph/results/AqTMK/02_template_guided_docking/complexes/AqTMK_237_complex.pdb,results/AqTMK/05_plip_interaction_graphs/plip_outputs/AqTMK_237/report.xml,salt_bridges,P4,ARG47A,1595,salt_bridges,salt_bridge,TMP:C:1:P4,P4,TMP,C,1
AqTMK_237,/home/wms/AF2-test/AF2-CatGraph/results/AqTMK/02_template_guided_docking/complexes/AqTMK_237_complex.pdb,results/AqTMK/05_plip_interaction_graphs/plip_outputs/AqTMK_237/report.xml,salt_bridges,P4,ARG90A,1595,salt_bridges,salt_bridge,TMP:C:1:P4,P4,TMP,C,1
AqTMK_238,/home/wms/AF2-test/AF2-CatGraph/results/AqTMK/02_template_guided_docking/complexes/AqTMK_238_complex.pdb,results/AqTMK/05_plip_interaction_graphs/plip_outputs/AqTMK_238/report.xml,hydrogen_bonds,O10,ASP9A,1591,hydrogen_bonds,hydrogen_bond,ATP:B:1:O10,O10,ATP,B,1
AqTMK_238,/home/wms/AF2-test/AF2-CatGraph/results/AqTMK/02_template_guided_docking/complexes/AqTMK_238_complex.pdb,results/AqTMK/05_plip_interaction_graphs/plip_outputs/AqTMK_238/report.xml,hydrogen_bonds,O8,GLY10A,1588,hydrogen_bonds,hydrogen_bond,ATP:B:1:O8,O8,ATP,B,1
AqTMK_238,/home/wms/AF2-test/AF2-CatGraph/results/AqTMK/02_template_guided_docking/complexes/AqTMK_238_complex.pdb,results/AqTMK/05_plip_interaction_graphs/plip_outputs/AqTMK_238/report.xml,hydrogen_bonds,O7,SER11A,1587,hydrogen_bonds,hydrogen_bond,ATP:B:1:O7,O7,ATP,B,1
AqTMK_238,/home/wms/AF2-test/AF2-CatGraph/results/AqTMK/02_template_guided_docking/complexes/AqTMK_238_complex.pdb,results/AqTMK/05_plip_interaction_graphs/plip_outputs/AqTMK_238/report.xml,hydrogen_bonds,O5,GLY12A,1584,hydrogen_bonds,hydrogen_bond,ATP:B:1:O5,O5,ATP,B,1
AqTMK_238,/home/wms/AF2-test/AF2-CatGraph/results/AqTMK/02_template_guided_docking/complexes/AqTMK_238_complex.pdb,results/AqTMK/05_plip_interaction_graphs/plip_outputs/AqTMK_238/report.xml,hydrogen_bonds,O7,LYS13A,1587,hydrogen_bonds,hydrogen_bond,ATP:B:1:O7,O7,ATP,B,1
AqTMK_238,/home/wms/AF2-test/AF2-CatGraph/results/AqTMK/02_template_guided_docking/complexes/AqTMK_238_complex.pdb,results/AqTMK/05_plip_interaction_graphs/plip_outputs/AqTMK_238/report.xml,hydrogen_bonds,O6,THR14A,1586,hydrogen_bonds,hydrogen_bond,ATP:B:1:O6,O6,ATP,B,1
AqTMK_238,/home/wms/AF2-test/AF2-CatGraph/results/AqTMK/02_template_guided_docking/complexes/AqTMK_238_complex.pdb,results/AqTMK/05_plip_interaction_graphs/plip_outputs/AqTMK_238/report.xml,hydrogen_bonds,O4,THR15A,1583,hydrogen_bonds,hydrogen_bond,ATP:B:1:O4,O4,ATP,B,1
AqTMK_238,/home/wms/AF2-test/AF2-CatGraph/results/AqTMK/02_template_guided_docking/complexes/AqTMK_238_complex.pdb,results/AqTMK/05_plip_interaction_graphs/plip_outputs/AqTMK_238/report.xml,hydrogen_bonds,O4,THR15A,1583,hydrogen_bonds,hydrogen_bond,ATP:B:1:O4,O4,ATP,B,1
AqTMK_238,/home/wms/AF2-test/AF2-CatGraph/results/AqTMK/02_template_guided_docking/complexes/AqTMK_238_complex.pdb,results/AqTMK/05_plip_interaction_graphs/plip_outputs/AqTMK_238/report.xml,salt_bridges,P2,LYS13A,1585,salt_bridges,salt_bridge,ATP:B:1:P2,P2,ATP,B,1
AqTMK_238,/home/wms/AF2-test/AF2-CatGraph/results/AqTMK/02_template_guided_docking/complexes/AqTMK_238_complex.pdb,results/AqTMK/05_plip_interaction_graphs/plip_outputs/AqTMK_238/report.xml,salt_bridges,P3,LYS13A,1589,salt_bridges,salt_bridge,ATP:B:1:P3,P3,ATP,B,1
AqTMK_238,/home/wms/AF2-test/AF2-CatGraph/results/AqTMK/02_template_guided_docking/complexes/AqTMK_238_complex.pdb,results/AqTMK/05_plip_interaction_graphs/plip_outputs/AqTMK_238/report.xml,metal_complexes,MG,THR14A,1599,metal_complexes,metal_complex,MG:B:203:MG,MG,MG,B,203
AqTMK_238,/home/wms/AF2-test/AF2-CatGraph/results/AqTMK/02_template_guided_docking/complexes/AqTMK_238_complex.pdb,results/AqTMK/05_plip_interaction_graphs/plip_outputs/AqTMK_238/report.xml,salt_bridges,P4,ARG35A,1595,salt_bridges,salt_bridge,TMP:C:1:P4,P4,TMP,C,1
AqTMK_238,/home/wms/AF2-test/AF2-CatGraph/results/AqTMK/02_template_guided_docking/complexes/AqTMK_238_complex.pdb,results/AqTMK/05_plip_interaction_graphs/plip_outputs/AqTMK_238/report.xml,salt_bridges,P4,ARG47A,1595,salt_bridges,salt_bridge,TMP:C:1:P4,P4,TMP,C,1
AqTMK_238,/home/wms/AF2-test/AF2-CatGraph/results/AqTMK/02_template_guided_docking/complexes/AqTMK_238_complex.pdb,results/AqTMK/05_plip_interaction_graphs/plip_outputs/AqTMK_238/report.xml,salt_bridges,P4,ARG90A,1595,salt_bridges,salt_bridge,TMP:C:1:P4,P4,TMP,C,1
AqTMK_240,/home/wms/AF2-test/AF2-CatGraph/results/AqTMK/02_template_guided_docking/complexes/AqTMK_240_complex.pdb,results/AqTMK/05_plip_interaction_graphs/plip_outputs/AqTMK_240/report.xml,hydrogen_bonds,O8,ASP9A,1588,hydrogen_bonds,hydrogen_bond,ATP:B:1:O8,O8,ATP,B,1
AqTMK_240,/home/wms/AF2-test/AF2-CatGraph/results/AqTMK/02_template_guided_docking/complexes/AqTMK_240_complex.pdb,results/AqTMK/05_plip_interaction_graphs/plip_outputs/AqTMK_240/report.xml,hydrogen_bonds,O8,GLY10A,1588,hydrogen_bonds,hydrogen_bond,ATP:B:1:O8,O8,ATP,B,1
AqTMK_240,/home/wms/AF2-test/AF2-CatGraph/results/AqTMK/02_template_guided_docking/complexes/AqTMK_240_complex.pdb,results/AqTMK/05_plip_interaction_graphs/plip_outputs/AqTMK_240/report.xml,hydrogen_bonds,O7,SER11A,1587,hydrogen_bonds,hydrogen_bond,ATP:B:1:O7,O7,ATP,B,1
AqTMK_240,/home/wms/AF2-test/AF2-CatGraph/results/AqTMK/02_template_guided_docking/complexes/AqTMK_240_complex.pdb,results/AqTMK/05_plip_interaction_graphs/plip_outputs/AqTMK_240/report.xml,hydrogen_bonds,O5,GLY12A,1584,hydrogen_bonds,hydrogen_bond,ATP:B:1:O5,O5,ATP,B,1
AqTMK_240,/home/wms/AF2-test/AF2-CatGraph/results/AqTMK/02_template_guided_docking/complexes/AqTMK_240_complex.pdb,results/AqTMK/05_plip_interaction_graphs/plip_outputs/AqTMK_240/report.xml,hydrogen_bonds,O7,LYS13A,1587,hydrogen_bonds,hydrogen_bond,ATP:B:1:O7,O7,ATP,B,1
AqTMK_240,/home/wms/AF2-test/AF2-CatGraph/results/AqTMK/02_template_guided_docking/complexes/AqTMK_240_complex.pdb,results/AqTMK/05_plip_interaction_graphs/plip_outputs/AqTMK_240/report.xml,hydrogen_bonds,O6,THR14A,1586,hydrogen_bonds,hydrogen_bond,ATP:B:1:O6,O6,ATP,B,1
AqTMK_240,/home/wms/AF2-test/AF2-CatGraph/results/AqTMK/02_template_guided_docking/complexes/AqTMK_240_complex.pdb,results/AqTMK/05_plip_interaction_graphs/plip_outputs/AqTMK_240/report.xml,hydrogen_bonds,O4,THR15A,1583,hydrogen_bonds,hydrogen_bond,ATP:B:1:O4,O4,ATP,B,1
AqTMK_240,/home/wms/AF2-test/AF2-CatGraph/results/AqTMK/02_template_guided_docking/complexes/AqTMK_240_complex.pdb,results/AqTMK/05_plip_interaction_graphs/plip_outputs/AqTMK_240/report.xml,hydrogen_bonds,O4,THR15A,1583,hydrogen_bonds,hydrogen_bond,ATP:B:1:O4,O4,ATP,B,1
AqTMK_240,/home/wms/AF2-test/AF2-CatGraph/results/AqTMK/02_template_guided_docking/complexes/AqTMK_240_complex.pdb,results/AqTMK/05_plip_interaction_graphs/plip_outputs/AqTMK_240/report.xml,hydrogen_bonds,O10,ARG90A,1591,hydrogen_bonds,hydrogen_bond,ATP:B:1:O10,O10,ATP,B,1
AqTMK_240,/home/wms/AF2-test/AF2-CatGraph/results/AqTMK/02_template_guided_docking/complexes/AqTMK_240_complex.pdb,results/AqTMK/05_plip_interaction_graphs/plip_outputs/AqTMK_240/report.xml,salt_bridges,P2,LYS13A,1585,salt_bridges,salt_bridge,ATP:B:1:P2,P2,ATP,B,1
AqTMK_240,/home/wms/AF2-test/AF2-CatGraph/results/AqTMK/02_template_guided_docking/complexes/AqTMK_240_complex.pdb,results/AqTMK/05_plip_interaction_graphs/plip_outputs/AqTMK_240/report.xml,salt_bridges,P3,LYS13A,1589,salt_bridges,salt_bridge,ATP:B:1:P3,P3,ATP,B,1
AqTMK_240,/home/wms/AF2-test/AF2-CatGraph/results/AqTMK/02_template_guided_docking/complexes/AqTMK_240_complex.pdb,results/AqTMK/05_plip_interaction_graphs/plip_outputs/AqTMK_240/report.xml,metal_complexes,MG,THR14A,1599,metal_complexes,metal_complex,MG:B:203:MG,MG,MG,B,203
AqTMK_240,/home/wms/AF2-test/AF2-CatGraph/results/AqTMK/02_template_guided_docking/complexes/AqTMK_240_complex.pdb,results/AqTMK/05_plip_interaction_graphs/plip_outputs/AqTMK_240/report.xml,salt_bridges,P4,ARG35A,1595,salt_bridges,salt_bridge,TMP:C:1:P4,P4,TMP,C,1
AqTMK_240,/home/wms/AF2-test/AF2-CatGraph/results/AqTMK/02_template_guided_docking/complexes/AqTMK_240_complex.pdb,results/AqTMK/05_plip_interaction_graphs/plip_outputs/AqTMK_240/report.xml,salt_bridges,P4,ARG47A,1595,salt_bridges,salt_bridge,TMP:C:1:P4,P4,TMP,C,1
AqTMK_240,/home/wms/AF2-test/AF2-CatGraph/results/AqTMK/02_template_guided_docking/complexes/AqTMK_240_complex.pdb,results/AqTMK/05_plip_interaction_graphs/plip_outputs/AqTMK_240/report.xml,salt_bridges,P4,ARG90A,1595,salt_bridges,salt_bridge,TMP:C:1:P4,P4,TMP,C,1
AqTMK_242,/home/wms/AF2-test/AF2-CatGraph/results/AqTMK/02_template_guided_docking/complexes/AqTMK_242_complex.pdb,results/AqTMK/05_plip_interaction_graphs/plip_outputs/AqTMK_242/report.xml,hydrogen_bonds,O8,ASP9A,1588,hydrogen_bonds,hydrogen_bond,ATP:B:1:O8,O8,ATP,B,1
AqTMK_242,/home/wms/AF2-test/AF2-CatGraph/results/AqTMK/02_template_guided_docking/complexes/AqTMK_242_complex.pdb,results/AqTMK/05_plip_interaction_graphs/plip_outputs/AqTMK_242/report.xml,hydrogen_bonds,O8,GLY10A,1588,hydrogen_bonds,hydrogen_bond,ATP:B:1:O8,O8,ATP,B,1
AqTMK_242,/home/wms/AF2-test/AF2-CatGraph/results/AqTMK/02_template_guided_docking/complexes/AqTMK_242_complex.pdb,results/AqTMK/05_plip_interaction_graphs/plip_outputs/AqTMK_242/report.xml,hydrogen_bonds,O7,SER11A,1587,hydrogen_bonds,hydrogen_bond,ATP:B:1:O7,O7,ATP,B,1
AqTMK_242,/home/wms/AF2-test/AF2-CatGraph/results/AqTMK/02_template_guided_docking/complexes/AqTMK_242_complex.pdb,results/AqTMK/05_plip_interaction_graphs/plip_outputs/AqTMK_242/report.xml,hydrogen_bonds,O5,GLY12A,1584,hydrogen_bonds,hydrogen_bond,ATP:B:1:O5,O5,ATP,B,1
AqTMK_242,/home/wms/AF2-test/AF2-CatGraph/results/AqTMK/02_template_guided_docking/complexes/AqTMK_242_complex.pdb,results/AqTMK/05_plip_interaction_graphs/plip_outputs/AqTMK_242/report.xml,hydrogen_bonds,O7,LYS13A,1587,hydrogen_bonds,hydrogen_bond,ATP:B:1:O7,O7,ATP,B,1
AqTMK_242,/home/wms/AF2-test/AF2-CatGraph/results/AqTMK/02_template_guided_docking/complexes/AqTMK_242_complex.pdb,results/AqTMK/05_plip_interaction_graphs/plip_outputs/AqTMK_242/report.xml,hydrogen_bonds,O6,THR14A,1586,hydrogen_bonds,hydrogen_bond,ATP:B:1:O6,O6,ATP,B,1
AqTMK_242,/home/wms/AF2-test/AF2-CatGraph/results/AqTMK/02_template_guided_docking/complexes/AqTMK_242_complex.pdb,results/AqTMK/05_plip_interaction_graphs/plip_outputs/AqTMK_242/report.xml,hydrogen_bonds,O2,THR15A,1580,hydrogen_bonds,hydrogen_bond,ATP:B:1:O2,O2,ATP,B,1
AqTMK_242,/home/wms/AF2-test/AF2-CatGraph/results/AqTMK/02_template_guided_docking/complexes/AqTMK_242_complex.pdb,results/AqTMK/05_plip_interaction_graphs/plip_outputs/AqTMK_242/report.xml,hydrogen_bonds,O4,THR15A,1583,hydrogen_bonds,hydrogen_bond,ATP:B:1:O4,O4,ATP,B,1
AqTMK_242,/home/wms/AF2-test/AF2-CatGraph/results/AqTMK/02_template_guided_docking/complexes/AqTMK_242_complex.pdb,results/AqTMK/05_plip_interaction_graphs/plip_outputs/AqTMK_242/report.xml,hydrogen_bonds,O4,THR15A,1583,hydrogen_bonds,hydrogen_bond,ATP:B:1:O4,O4,ATP,B,1
AqTMK_242,/home/wms/AF2-test/AF2-CatGraph/results/AqTMK/02_template_guided_docking/complexes/AqTMK_242_complex.pdb,results/AqTMK/05_plip_interaction_graphs/plip_outputs/AqTMK_242/report.xml,hydrogen_bonds,O10,ARG90A,1591,hydrogen_bonds,hydrogen_bond,ATP:B:1:O10,O10,ATP,B,1
AqTMK_242,/home/wms/AF2-test/AF2-CatGraph/results/AqTMK/02_template_guided_docking/complexes/AqTMK_242_complex.pdb,results/AqTMK/05_plip_interaction_graphs/plip_outputs/AqTMK_242/report.xml,salt_bridges,P2,LYS13A,1585,salt_bridges,salt_bridge,ATP:B:1:P2,P2,ATP,B,1
AqTMK_242,/home/wms/AF2-test/AF2-CatGraph/results/AqTMK/02_template_guided_docking/complexes/AqTMK_242_complex.pdb,results/AqTMK/05_plip_interaction_graphs/plip_outputs/AqTMK_242/report.xml,salt_bridges,P3,LYS13A,1589,salt_bridges,salt_bridge,ATP:B:1:P3,P3,ATP,B,1
AqTMK_242,/home/wms/AF2-test/AF2-CatGraph/results/AqTMK/02_template_guided_docking/complexes/AqTMK_242_complex.pdb,results/AqTMK/05_plip_interaction_graphs/plip_outputs/AqTMK_242/report.xml,metal_complexes,MG,THR14A,1599,metal_complexes,metal_complex,MG:B:203:MG,MG,MG,B,203
AqTMK_242,/home/wms/AF2-test/AF2-CatGraph/results/AqTMK/02_template_guided_docking/complexes/AqTMK_242_complex.pdb,results/AqTMK/05_plip_interaction_graphs/plip_outputs/AqTMK_242/report.xml,salt_bridges,P4,ARG35A,1595,salt_bridges,salt_bridge,TMP:C:1:P4,P4,TMP,C,1
AqTMK_242,/home/wms/AF2-test/AF2-CatGraph/results/AqTMK/02_template_guided_docking/complexes/AqTMK_242_complex.pdb,results/AqTMK/05_plip_interaction_graphs/plip_outputs/AqTMK_242/report.xml,salt_bridges,P4,ARG90A,1595,salt_bridges,salt_bridge,TMP:C:1:P4,P4,TMP,C,1
AqTMK_244,/home/wms/AF2-test/AF2-CatGraph/results/AqTMK/02_template_guided_docking/complexes/AqTMK_244_complex.pdb,results/AqTMK/05_plip_interaction_graphs/plip_outputs/AqTMK_244/report.xml,hydrogen_bonds,O10,ASP9A,1591,hydrogen_bonds,hydrogen_bond,ATP:B:1:O10,O10,ATP,B,1
AqTMK_244,/home/wms/AF2-test/AF2-CatGraph/results/AqTMK/02_template_guided_docking/complexes/AqTMK_244_complex.pdb,results/AqTMK/05_plip_interaction_graphs/plip_outputs/AqTMK_244/report.xml,hydrogen_bonds,O8,GLY10A,1588,hydrogen_bonds,hydrogen_bond,ATP:B:1:O8,O8,ATP,B,1
AqTMK_244,/home/wms/AF2-test/AF2-CatGraph/results/AqTMK/02_template_guided_docking/complexes/AqTMK_244_complex.pdb,results/AqTMK/05_plip_interaction_graphs/plip_outputs/AqTMK_244/report.xml,hydrogen_bonds,O7,SER11A,1587,hydrogen_bonds,hydrogen_bond,ATP:B:1:O7,O7,ATP,B,1
AqTMK_244,/home/wms/AF2-test/AF2-CatGraph/results/AqTMK/02_template_guided_docking/complexes/AqTMK_244_complex.pdb,results/AqTMK/05_plip_interaction_graphs/plip_outputs/AqTMK_244/report.xml,hydrogen_bonds,O7,GLY12A,1587,hydrogen_bonds,hydrogen_bond,ATP:B:1:O7,O7,ATP,B,1
AqTMK_244,/home/wms/AF2-test/AF2-CatGraph/results/AqTMK/02_template_guided_docking/complexes/AqTMK_244_complex.pdb,results/AqTMK/05_plip_interaction_graphs/plip_outputs/AqTMK_244/report.xml,hydrogen_bonds,O7,LYS13A,1587,hydrogen_bonds,hydrogen_bond,ATP:B:1:O7,O7,ATP,B,1
AqTMK_244,/home/wms/AF2-test/AF2-CatGraph/results/AqTMK/02_template_guided_docking/complexes/AqTMK_244_complex.pdb,results/AqTMK/05_plip_interaction_graphs/plip_outputs/AqTMK_244/report.xml,hydrogen_bonds,O6,THR14A,1586,hydrogen_bonds,hydrogen_bond,ATP:B:1:O6,O6,ATP,B,1
AqTMK_244,/home/wms/AF2-test/AF2-CatGraph/results/AqTMK/02_template_guided_docking/complexes/AqTMK_244_complex.pdb,results/AqTMK/05_plip_interaction_graphs/plip_outputs/AqTMK_244/report.xml,hydrogen_bonds,O2,THR15A,1580,hydrogen_bonds,hydrogen_bond,ATP:B:1:O2,O2,ATP,B,1
AqTMK_244,/home/wms/AF2-test/AF2-CatGraph/results/AqTMK/02_template_guided_docking/complexes/AqTMK_244_complex.pdb,results/AqTMK/05_plip_interaction_graphs/plip_outputs/AqTMK_244/report.xml,hydrogen_bonds,O4,THR15A,1583,hydrogen_bonds,hydrogen_bond,ATP:B:1:O4,O4,ATP,B,1
AqTMK_244,/home/wms/AF2-test/AF2-CatGraph/results/AqTMK/02_template_guided_docking/complexes/AqTMK_244_complex.pdb,results/AqTMK/05_plip_interaction_graphs/plip_outputs/AqTMK_244/report.xml,hydrogen_bonds,O4,THR15A,1583,hydrogen_bonds,hydrogen_bond,ATP:B:1:O4,O4,ATP,B,1
AqTMK_244,/home/wms/AF2-test/AF2-CatGraph/results/AqTMK/02_template_guided_docking/complexes/AqTMK_244_complex.pdb,results/AqTMK/05_plip_interaction_graphs/plip_outputs/AqTMK_244/report.xml,salt_bridges,P2,LYS13A,1585,salt_bridges,salt_bridge,ATP:B:1:P2,P2,ATP,B,1
AqTMK_244,/home/wms/AF2-test/AF2-CatGraph/results/AqTMK/02_template_guided_docking/complexes/AqTMK_244_complex.pdb,results/AqTMK/05_plip_interaction_graphs/plip_outputs/AqTMK_244/report.xml,salt_bridges,P3,LYS13A,1589,salt_bridges,salt_bridge,ATP:B:1:P3,P3,ATP,B,1
AqTMK_244,/home/wms/AF2-test/AF2-CatGraph/results/AqTMK/02_template_guided_docking/complexes/AqTMK_244_complex.pdb,results/AqTMK/05_plip_interaction_graphs/plip_outputs/AqTMK_244/report.xml,salt_bridges,P3,ARG90A,1589,salt_bridges,salt_bridge,ATP:B:1:P3,P3,ATP,B,1
AqTMK_244,/home/wms/AF2-test/AF2-CatGraph/results/AqTMK/02_template_guided_docking/complexes/AqTMK_244_complex.pdb,results/AqTMK/05_plip_interaction_graphs/plip_outputs/AqTMK_244/report.xml,metal_complexes,MG,THR14A,1599,metal_complexes,metal_complex,MG:B:203:MG,MG,MG,B,203
AqTMK_244,/home/wms/AF2-test/AF2-CatGraph/results/AqTMK/02_template_guided_docking/complexes/AqTMK_244_complex.pdb,results/AqTMK/05_plip_interaction_graphs/plip_outputs/AqTMK_244/report.xml,salt_bridges,P4,LYS13A,1595,salt_bridges,salt_bridge,TMP:C:1:P4,P4,TMP,C,1
AqTMK_244,/home/wms/AF2-test/AF2-CatGraph/results/AqTMK/02_template_guided_docking/complexes/AqTMK_244_complex.pdb,results/AqTMK/05_plip_interaction_graphs/plip_outputs/AqTMK_244/report.xml,salt_bridges,P4,ARG35A,1595,salt_bridges,salt_bridge,TMP:C:1:P4,P4,TMP,C,1
AqTMK_244,/home/wms/AF2-test/AF2-CatGraph/results/AqTMK/02_template_guided_docking/complexes/AqTMK_244_complex.pdb,results/AqTMK/05_plip_interaction_graphs/plip_outputs/AqTMK_244/report.xml,salt_bridges,P4,ARG47A,1595,salt_bridges,salt_bridge,TMP:C:1:P4,P4,TMP,C,1
AqTMK_244,/home/wms/AF2-test/AF2-CatGraph/results/AqTMK/02_template_guided_docking/complexes/AqTMK_244_complex.pdb,results/AqTMK/05_plip_interaction_graphs/plip_outputs/AqTMK_244/report.xml,salt_bridges,P4,ARG90A,1595,salt_bridges,salt_bridge,TMP:C:1:P4,P4,TMP,C,1
AqTMK_245,/home/wms/AF2-test/AF2-CatGraph/results/AqTMK/02_template_guided_docking/complexes/AqTMK_245_complex.pdb,results/AqTMK/05_plip_interaction_graphs/plip_outputs/AqTMK_245/report.xml,hydrogen_bonds,O10,ASP9A,1591,hydrogen_bonds,hydrogen_bond,ATP:B:1:O10,O10,ATP,B,1
AqTMK_245,/home/wms/AF2-test/AF2-CatGraph/results/AqTMK/02_template_guided_docking/complexes/AqTMK_245_complex.pdb,results/AqTMK/05_plip_interaction_graphs/plip_outputs/AqTMK_245/report.xml,hydrogen_bonds,O8,GLY10A,1588,hydrogen_bonds,hydrogen_bond,ATP:B:1:O8,O8,ATP,B,1
AqTMK_245,/home/wms/AF2-test/AF2-CatGraph/results/AqTMK/02_template_guided_docking/complexes/AqTMK_245_complex.pdb,results/AqTMK/05_plip_interaction_graphs/plip_outputs/AqTMK_245/report.xml,hydrogen_bonds,O7,SER11A,1587,hydrogen_bonds,hydrogen_bond,ATP:B:1:O7,O7,ATP,B,1
AqTMK_245,/home/wms/AF2-test/AF2-CatGraph/results/AqTMK/02_template_guided_docking/complexes/AqTMK_245_complex.pdb,results/AqTMK/05_plip_interaction_graphs/plip_outputs/AqTMK_245/report.xml,hydrogen_bonds,O5,GLY12A,1584,hydrogen_bonds,hydrogen_bond,ATP:B:1:O5,O5,ATP,B,1
AqTMK_245,/home/wms/AF2-test/AF2-CatGraph/results/AqTMK/02_template_guided_docking/complexes/AqTMK_245_complex.pdb,results/AqTMK/05_plip_interaction_graphs/plip_outputs/AqTMK_245/report.xml,hydrogen_bonds,O7,LYS13A,1587,hydrogen_bonds,hydrogen_bond,ATP:B:1:O7,O7,ATP,B,1
AqTMK_245,/home/wms/AF2-test/AF2-CatGraph/results/AqTMK/02_template_guided_docking/complexes/AqTMK_245_complex.pdb,results/AqTMK/05_plip_interaction_graphs/plip_outputs/AqTMK_245/report.xml,hydrogen_bonds,O6,THR14A,1586,hydrogen_bonds,hydrogen_bond,ATP:B:1:O6,O6,ATP,B,1
AqTMK_245,/home/wms/AF2-test/AF2-CatGraph/results/AqTMK/02_template_guided_docking/complexes/AqTMK_245_complex.pdb,results/AqTMK/05_plip_interaction_graphs/plip_outputs/AqTMK_245/report.xml,hydrogen_bonds,O2,THR15A,1580,hydrogen_bonds,hydrogen_bond,ATP:B:1:O2,O2,ATP,B,1
AqTMK_245,/home/wms/AF2-test/AF2-CatGraph/results/AqTMK/02_template_guided_docking/complexes/AqTMK_245_complex.pdb,results/AqTMK/05_plip_interaction_graphs/plip_outputs/AqTMK_245/report.xml,hydrogen_bonds,O4,THR15A,1583,hydrogen_bonds,hydrogen_bond,ATP:B:1:O4,O4,ATP,B,1
AqTMK_245,/home/wms/AF2-test/AF2-CatGraph/results/AqTMK/02_template_guided_docking/complexes/AqTMK_245_complex.pdb,results/AqTMK/05_plip_interaction_graphs/plip_outputs/AqTMK_245/report.xml,hydrogen_bonds,O4,THR15A,1583,hydrogen_bonds,hydrogen_bond,ATP:B:1:O4,O4,ATP,B,1
AqTMK_245,/home/wms/AF2-test/AF2-CatGraph/results/AqTMK/02_template_guided_docking/complexes/AqTMK_245_complex.pdb,results/AqTMK/05_plip_interaction_graphs/plip_outputs/AqTMK_245/report.xml,hydrogen_bonds,O10,ARG90A,1591,hydrogen_bonds,hydrogen_bond,ATP:B:1:O10,O10,ATP,B,1
AqTMK_245,/home/wms/AF2-test/AF2-CatGraph/results/AqTMK/02_template_guided_docking/complexes/AqTMK_245_complex.pdb,results/AqTMK/05_plip_interaction_graphs/plip_outputs/AqTMK_245/report.xml,salt_bridges,P2,LYS13A,1585,salt_bridges,salt_bridge,ATP:B:1:P2,P2,ATP,B,1
AqTMK_245,/home/wms/AF2-test/AF2-CatGraph/results/AqTMK/02_template_guided_docking/complexes/AqTMK_245_complex.pdb,results/AqTMK/05_plip_interaction_graphs/plip_outputs/AqTMK_245/report.xml,salt_bridges,P3,LYS13A,1589,salt_bridges,salt_bridge,ATP:B:1:P3,P3,ATP,B,1
AqTMK_245,/home/wms/AF2-test/AF2-CatGraph/results/AqTMK/02_template_guided_docking/complexes/AqTMK_245_complex.pdb,results/AqTMK/05_plip_interaction_graphs/plip_outputs/AqTMK_245/report.xml,metal_complexes,MG,THR14A,1599,metal_complexes,metal_complex,MG:B:203:MG,MG,MG,B,203
AqTMK_245,/home/wms/AF2-test/AF2-CatGraph/results/AqTMK/02_template_guided_docking/complexes/AqTMK_245_complex.pdb,results/AqTMK/05_plip_interaction_graphs/plip_outputs/AqTMK_245/report.xml,salt_bridges,P4,ARG47A,1595,salt_bridges,salt_bridge,TMP:C:1:P4,P4,TMP,C,1
AqTMK_245,/home/wms/AF2-test/AF2-CatGraph/results/AqTMK/02_template_guided_docking/complexes/AqTMK_245_complex.pdb,results/AqTMK/05_plip_interaction_graphs/plip_outputs/AqTMK_245/report.xml,salt_bridges,P4,ARG90A,1595,salt_bridges,salt_bridge,TMP:C:1:P4,P4,TMP,C,1
AqTMK_246,/home/wms/AF2-test/AF2-CatGraph/results/AqTMK/02_template_guided_docking/complexes/AqTMK_246_complex.pdb,results/AqTMK/05_plip_interaction_graphs/plip_outputs/AqTMK_246/report.xml,hydrogen_bonds,O10,ASP9A,1591,hydrogen_bonds,hydrogen_bond,ATP:B:1:O10,O10,ATP,B,1
AqTMK_246,/home/wms/AF2-test/AF2-CatGraph/results/AqTMK/02_template_guided_docking/complexes/AqTMK_246_complex.pdb,results/AqTMK/05_plip_interaction_graphs/plip_outputs/AqTMK_246/report.xml,hydrogen_bonds,O8,GLY10A,1588,hydrogen_bonds,hydrogen_bond,ATP:B:1:O8,O8,ATP,B,1
AqTMK_246,/home/wms/AF2-test/AF2-CatGraph/results/AqTMK/02_template_guided_docking/complexes/AqTMK_246_complex.pdb,results/AqTMK/05_plip_interaction_graphs/plip_outputs/AqTMK_246/report.xml,hydrogen_bonds,O7,SER11A,1587,hydrogen_bonds,hydrogen_bond,ATP:B:1:O7,O7,ATP,B,1
AqTMK_246,/home/wms/AF2-test/AF2-CatGraph/results/AqTMK/02_template_guided_docking/complexes/AqTMK_246_complex.pdb,results/AqTMK/05_plip_interaction_graphs/plip_outputs/AqTMK_246/report.xml,hydrogen_bonds,O5,GLY12A,1584,hydrogen_bonds,hydrogen_bond,ATP:B:1:O5,O5,ATP,B,1
AqTMK_246,/home/wms/AF2-test/AF2-CatGraph/results/AqTMK/02_template_guided_docking/complexes/AqTMK_246_complex.pdb,results/AqTMK/05_plip_interaction_graphs/plip_outputs/AqTMK_246/report.xml,hydrogen_bonds,O7,LYS13A,1587,hydrogen_bonds,hydrogen_bond,ATP:B:1:O7,O7,ATP,B,1
AqTMK_246,/home/wms/AF2-test/AF2-CatGraph/results/AqTMK/02_template_guided_docking/complexes/AqTMK_246_complex.pdb,results/AqTMK/05_plip_interaction_graphs/plip_outputs/AqTMK_246/report.xml,hydrogen_bonds,O6,THR14A,1586,hydrogen_bonds,hydrogen_bond,ATP:B:1:O6,O6,ATP,B,1
AqTMK_246,/home/wms/AF2-test/AF2-CatGraph/results/AqTMK/02_template_guided_docking/complexes/AqTMK_246_complex.pdb,results/AqTMK/05_plip_interaction_graphs/plip_outputs/AqTMK_246/report.xml,hydrogen_bonds,O2,THR15A,1580,hydrogen_bonds,hydrogen_bond,ATP:B:1:O2,O2,ATP,B,1
AqTMK_246,/home/wms/AF2-test/AF2-CatGraph/results/AqTMK/02_template_guided_docking/complexes/AqTMK_246_complex.pdb,results/AqTMK/05_plip_interaction_graphs/plip_outputs/AqTMK_246/report.xml,hydrogen_bonds,O4,THR15A,1583,hydrogen_bonds,hydrogen_bond,ATP:B:1:O4,O4,ATP,B,1
AqTMK_246,/home/wms/AF2-test/AF2-CatGraph/results/AqTMK/02_template_guided_docking/complexes/AqTMK_246_complex.pdb,results/AqTMK/05_plip_interaction_graphs/plip_outputs/AqTMK_246/report.xml,hydrogen_bonds,O4,THR15A,1583,hydrogen_bonds,hydrogen_bond,ATP:B:1:O4,O4,ATP,B,1
AqTMK_246,/home/wms/AF2-test/AF2-CatGraph/results/AqTMK/02_template_guided_docking/complexes/AqTMK_246_complex.pdb,results/AqTMK/05_plip_interaction_graphs/plip_outputs/AqTMK_246/report.xml,salt_bridges,P2,LYS13A,1585,salt_bridges,salt_bridge,ATP:B:1:P2,P2,ATP,B,1
AqTMK_246,/home/wms/AF2-test/AF2-CatGraph/results/AqTMK/02_template_guided_docking/complexes/AqTMK_246_complex.pdb,results/AqTMK/05_plip_interaction_graphs/plip_outputs/AqTMK_246/report.xml,salt_bridges,P3,LYS13A,1589,salt_bridges,salt_bridge,ATP:B:1:P3,P3,ATP,B,1
AqTMK_246,/home/wms/AF2-test/AF2-CatGraph/results/AqTMK/02_template_guided_docking/complexes/AqTMK_246_complex.pdb,results/AqTMK/05_plip_interaction_graphs/plip_outputs/AqTMK_246/report.xml,salt_bridges,P3,ARG90A,1589,salt_bridges,salt_bridge,ATP:B:1:P3,P3,ATP,B,1
AqTMK_246,/home/wms/AF2-test/AF2-CatGraph/results/AqTMK/02_template_guided_docking/complexes/AqTMK_246_complex.pdb,results/AqTMK/05_plip_interaction_graphs/plip_outputs/AqTMK_246/report.xml,salt_bridges,P3,ARG145A,1589,salt_bridges,salt_bridge,ATP:B:1:P3,P3,ATP,B,1
AqTMK_246,/home/wms/AF2-test/AF2-CatGraph/results/AqTMK/02_template_guided_docking/complexes/AqTMK_246_complex.pdb,results/AqTMK/05_plip_interaction_graphs/plip_outputs/AqTMK_246/report.xml,metal_complexes,MG,THR14A,1599,metal_complexes,metal_complex,MG:B:203:MG,MG,MG,B,203
AqTMK_246,/home/wms/AF2-test/AF2-CatGraph/results/AqTMK/02_template_guided_docking/complexes/AqTMK_246_complex.pdb,results/AqTMK/05_plip_interaction_graphs/plip_outputs/AqTMK_246/report.xml,salt_bridges,P4,ARG47A,1595,salt_bridges,salt_bridge,TMP:C:1:P4,P4,TMP,C,1
AqTMK_246,/home/wms/AF2-test/AF2-CatGraph/results/AqTMK/02_template_guided_docking/complexes/AqTMK_246_complex.pdb,results/AqTMK/05_plip_interaction_graphs/plip_outputs/AqTMK_246/report.xml,salt_bridges,P4,ARG90A,1595,salt_bridges,salt_bridge,TMP:C:1:P4,P4,TMP,C,1
AqTMK_246,/home/wms/AF2-test/AF2-CatGraph/results/AqTMK/02_template_guided_docking/complexes/AqTMK_246_complex.pdb,results/AqTMK/05_plip_interaction_graphs/plip_outputs/AqTMK_246/report.xml,salt_bridges,P4,ARG145A,1595,salt_bridges,salt_bridge,TMP:C:1:P4,P4,TMP,C,1
AqTMK_249,/home/wms/AF2-test/AF2-CatGraph/results/AqTMK/02_template_guided_docking/complexes/AqTMK_249_complex.pdb,results/AqTMK/05_plip_interaction_graphs/plip_outputs/AqTMK_249/report.xml,hydrogen_bonds,O10,ASP9A,1591,hydrogen_bonds,hydrogen_bond,ATP:B:1:O10,O10,ATP,B,1
AqTMK_249,/home/wms/AF2-test/AF2-CatGraph/results/AqTMK/02_template_guided_docking/complexes/AqTMK_249_complex.pdb,results/AqTMK/05_plip_interaction_graphs/plip_outputs/AqTMK_249/report.xml,hydrogen_bonds,O8,GLY10A,1588,hydrogen_bonds,hydrogen_bond,ATP:B:1:O8,O8,ATP,B,1
AqTMK_249,/home/wms/AF2-test/AF2-CatGraph/results/AqTMK/02_template_guided_docking/complexes/AqTMK_249_complex.pdb,results/AqTMK/05_plip_interaction_graphs/plip_outputs/AqTMK_249/report.xml,hydrogen_bonds,O7,SER11A,1587,hydrogen_bonds,hydrogen_bond,ATP:B:1:O7,O7,ATP,B,1
AqTMK_249,/home/wms/AF2-test/AF2-CatGraph/results/AqTMK/02_template_guided_docking/complexes/AqTMK_249_complex.pdb,results/AqTMK/05_plip_interaction_graphs/plip_outputs/AqTMK_249/report.xml,hydrogen_bonds,O7,GLY12A,1587,hydrogen_bonds,hydrogen_bond,ATP:B:1:O7,O7,ATP,B,1
AqTMK_249,/home/wms/AF2-test/AF2-CatGraph/results/AqTMK/02_template_guided_docking/complexes/AqTMK_249_complex.pdb,results/AqTMK/05_plip_interaction_graphs/plip_outputs/AqTMK_249/report.xml,hydrogen_bonds,O7,LYS13A,1587,hydrogen_bonds,hydrogen_bond,ATP:B:1:O7,O7,ATP,B,1
AqTMK_249,/home/wms/AF2-test/AF2-CatGraph/results/AqTMK/02_template_guided_docking/complexes/AqTMK_249_complex.pdb,results/AqTMK/05_plip_interaction_graphs/plip_outputs/AqTMK_249/report.xml,hydrogen_bonds,O6,THR14A,1586,hydrogen_bonds,hydrogen_bond,ATP:B:1:O6,O6,ATP,B,1
AqTMK_249,/home/wms/AF2-test/AF2-CatGraph/results/AqTMK/02_template_guided_docking/complexes/AqTMK_249_complex.pdb,results/AqTMK/05_plip_interaction_graphs/plip_outputs/AqTMK_249/report.xml,hydrogen_bonds,O2,THR15A,1580,hydrogen_bonds,hydrogen_bond,ATP:B:1:O2,O2,ATP,B,1
AqTMK_249,/home/wms/AF2-test/AF2-CatGraph/results/AqTMK/02_template_guided_docking/complexes/AqTMK_249_complex.pdb,results/AqTMK/05_plip_interaction_graphs/plip_outputs/AqTMK_249/report.xml,hydrogen_bonds,O4,THR15A,1583,hydrogen_bonds,hydrogen_bond,ATP:B:1:O4,O4,ATP,B,1
AqTMK_249,/home/wms/AF2-test/AF2-CatGraph/results/AqTMK/02_template_guided_docking/complexes/AqTMK_249_complex.pdb,results/AqTMK/05_plip_interaction_graphs/plip_outputs/AqTMK_249/report.xml,hydrogen_bonds,O4,THR15A,1583,hydrogen_bonds,hydrogen_bond,ATP:B:1:O4,O4,ATP,B,1
AqTMK_249,/home/wms/AF2-test/AF2-CatGraph/results/AqTMK/02_template_guided_docking/complexes/AqTMK_249_complex.pdb,results/AqTMK/05_plip_interaction_graphs/plip_outputs/AqTMK_249/report.xml,hydrogen_bonds,O10,ARG90A,1591,hydrogen_bonds,hydrogen_bond,ATP:B:1:O10,O10,ATP,B,1
AqTMK_249,/home/wms/AF2-test/AF2-CatGraph/results/AqTMK/02_template_guided_docking/complexes/AqTMK_249_complex.pdb,results/AqTMK/05_plip_interaction_graphs/plip_outputs/AqTMK_249/report.xml,salt_bridges,P2,LYS13A,1585,salt_bridges,salt_bridge,ATP:B:1:P2,P2,ATP,B,1
AqTMK_249,/home/wms/AF2-test/AF2-CatGraph/results/AqTMK/02_template_guided_docking/complexes/AqTMK_249_complex.pdb,results/AqTMK/05_plip_interaction_graphs/plip_outputs/AqTMK_249/report.xml,salt_bridges,P3,LYS13A,1589,salt_bridges,salt_bridge,ATP:B:1:P3,P3,ATP,B,1
AqTMK_249,/home/wms/AF2-test/AF2-CatGraph/results/AqTMK/02_template_guided_docking/complexes/AqTMK_249_complex.pdb,results/AqTMK/05_plip_interaction_graphs/plip_outputs/AqTMK_249/report.xml,metal_complexes,MG,THR14A,1599,metal_complexes,metal_complex,MG:B:203:MG,MG,MG,B,203
AqTMK_249,/home/wms/AF2-test/AF2-CatGraph/results/AqTMK/02_template_guided_docking/complexes/AqTMK_249_complex.pdb,results/AqTMK/05_plip_interaction_graphs/plip_outputs/AqTMK_249/report.xml,salt_bridges,P4,ARG47A,1595,salt_bridges,salt_bridge,TMP:C:1:P4,P4,TMP,C,1
AqTMK_249,/home/wms/AF2-test/AF2-CatGraph/results/AqTMK/02_template_guided_docking/complexes/AqTMK_249_complex.pdb,results/AqTMK/05_plip_interaction_graphs/plip_outputs/AqTMK_249/report.xml,salt_bridges,P4,ARG90A,1595,salt_bridges,salt_bridge,TMP:C:1:P4,P4,TMP,C,1
AqTMK_253,/home/wms/AF2-test/AF2-CatGraph/results/AqTMK/02_template_guided_docking/complexes/AqTMK_253_complex.pdb,results/AqTMK/05_plip_interaction_graphs/plip_outputs/AqTMK_253/report.xml,hydrogen_bonds,O10,ASP9A,1591,hydrogen_bonds,hydrogen_bond,ATP:B:1:O10,O10,ATP,B,1
AqTMK_253,/home/wms/AF2-test/AF2-CatGraph/results/AqTMK/02_template_guided_docking/complexes/AqTMK_253_complex.pdb,results/AqTMK/05_plip_interaction_graphs/plip_outputs/AqTMK_253/report.xml,hydrogen_bonds,O8,GLY10A,1588,hydrogen_bonds,hydrogen_bond,ATP:B:1:O8,O8,ATP,B,1
AqTMK_253,/home/wms/AF2-test/AF2-CatGraph/results/AqTMK/02_template_guided_docking/complexes/AqTMK_253_complex.pdb,results/AqTMK/05_plip_interaction_graphs/plip_outputs/AqTMK_253/report.xml,hydrogen_bonds,O7,SER11A,1587,hydrogen_bonds,hydrogen_bond,ATP:B:1:O7,O7,ATP,B,1
AqTMK_253,/home/wms/AF2-test/AF2-CatGraph/results/AqTMK/02_template_guided_docking/complexes/AqTMK_253_complex.pdb,results/AqTMK/05_plip_interaction_graphs/plip_outputs/AqTMK_253/report.xml,hydrogen_bonds,O7,GLY12A,1587,hydrogen_bonds,hydrogen_bond,ATP:B:1:O7,O7,ATP,B,1
AqTMK_253,/home/wms/AF2-test/AF2-CatGraph/results/AqTMK/02_template_guided_docking/complexes/AqTMK_253_complex.pdb,results/AqTMK/05_plip_interaction_graphs/plip_outputs/AqTMK_253/report.xml,hydrogen_bonds,O7,LYS13A,1587,hydrogen_bonds,hydrogen_bond,ATP:B:1:O7,O7,ATP,B,1
AqTMK_253,/home/wms/AF2-test/AF2-CatGraph/results/AqTMK/02_template_guided_docking/complexes/AqTMK_253_complex.pdb,results/AqTMK/05_plip_interaction_graphs/plip_outputs/AqTMK_253/report.xml,hydrogen_bonds,O6,THR14A,1586,hydrogen_bonds,hydrogen_bond,ATP:B:1:O6,O6,ATP,B,1
AqTMK_253,/home/wms/AF2-test/AF2-CatGraph/results/AqTMK/02_template_guided_docking/complexes/AqTMK_253_complex.pdb,results/AqTMK/05_plip_interaction_graphs/plip_outputs/AqTMK_253/report.xml,hydrogen_bonds,O4,THR15A,1583,hydrogen_bonds,hydrogen_bond,ATP:B:1:O4,O4,ATP,B,1
AqTMK_253,/home/wms/AF2-test/AF2-CatGraph/results/AqTMK/02_template_guided_docking/complexes/AqTMK_253_complex.pdb,results/AqTMK/05_plip_interaction_graphs/plip_outputs/AqTMK_253/report.xml,hydrogen_bonds,O4,THR15A,1583,hydrogen_bonds,hydrogen_bond,ATP:B:1:O4,O4,ATP,B,1
AqTMK_253,/home/wms/AF2-test/AF2-CatGraph/results/AqTMK/02_template_guided_docking/complexes/AqTMK_253_complex.pdb,results/AqTMK/05_plip_interaction_graphs/plip_outputs/AqTMK_253/report.xml,salt_bridges,P2,LYS13A,1585,salt_bridges,salt_bridge,ATP:B:1:P2,P2,ATP,B,1
AqTMK_253,/home/wms/AF2-test/AF2-CatGraph/results/AqTMK/02_template_guided_docking/complexes/AqTMK_253_complex.pdb,results/AqTMK/05_plip_interaction_graphs/plip_outputs/AqTMK_253/report.xml,salt_bridges,P3,LYS13A,1589,salt_bridges,salt_bridge,ATP:B:1:P3,P3,ATP,B,1
AqTMK_253,/home/wms/AF2-test/AF2-CatGraph/results/AqTMK/02_template_guided_docking/complexes/AqTMK_253_complex.pdb,results/AqTMK/05_plip_interaction_graphs/plip_outputs/AqTMK_253/report.xml,salt_bridges,P3,ARG90A,1589,salt_bridges,salt_bridge,ATP:B:1:P3,P3,ATP,B,1
AqTMK_253,/home/wms/AF2-test/AF2-CatGraph/results/AqTMK/02_template_guided_docking/complexes/AqTMK_253_complex.pdb,results/AqTMK/05_plip_interaction_graphs/plip_outputs/AqTMK_253/report.xml,metal_complexes,MG,THR14A,1599,metal_complexes,metal_complex,MG:B:203:MG,MG,MG,B,203
AqTMK_253,/home/wms/AF2-test/AF2-CatGraph/results/AqTMK/02_template_guided_docking/complexes/AqTMK_253_complex.pdb,results/AqTMK/05_plip_interaction_graphs/plip_outputs/AqTMK_253/report.xml,salt_bridges,P4,ARG47A,1595,salt_bridges,salt_bridge,TMP:C:1:P4,P4,TMP,C,1
AqTMK_253,/home/wms/AF2-test/AF2-CatGraph/results/AqTMK/02_template_guided_docking/complexes/AqTMK_253_complex.pdb,results/AqTMK/05_plip_interaction_graphs/plip_outputs/AqTMK_253/report.xml,salt_bridges,P4,ARG90A,1595,salt_bridges,salt_bridge,TMP:C:1:P4,P4,TMP,C,1
AqTMK_257,/home/wms/AF2-test/AF2-CatGraph/results/AqTMK/02_template_guided_docking/complexes/AqTMK_257_complex.pdb,results/AqTMK/05_plip_interaction_graphs/plip_outputs/AqTMK_257/report.xml,hydrogen_bonds,O10,ASP9A,1591,hydrogen_bonds,hydrogen_bond,ATP:B:1:O10,O10,ATP,B,1
AqTMK_257,/home/wms/AF2-test/AF2-CatGraph/results/AqTMK/02_template_guided_docking/complexes/AqTMK_257_complex.pdb,results/AqTMK/05_plip_interaction_graphs/plip_outputs/AqTMK_257/report.xml,hydrogen_bonds,O8,GLY10A,1588,hydrogen_bonds,hydrogen_bond,ATP:B:1:O8,O8,ATP,B,1
AqTMK_257,/home/wms/AF2-test/AF2-CatGraph/results/AqTMK/02_template_guided_docking/complexes/AqTMK_257_complex.pdb,results/AqTMK/05_plip_interaction_graphs/plip_outputs/AqTMK_257/report.xml,hydrogen_bonds,O7,SER11A,1587,hydrogen_bonds,hydrogen_bond,ATP:B:1:O7,O7,ATP,B,1
AqTMK_257,/home/wms/AF2-test/AF2-CatGraph/results/AqTMK/02_template_guided_docking/complexes/AqTMK_257_complex.pdb,results/AqTMK/05_plip_interaction_graphs/plip_outputs/AqTMK_257/report.xml,hydrogen_bonds,O5,GLY12A,1584,hydrogen_bonds,hydrogen_bond,ATP:B:1:O5,O5,ATP,B,1
AqTMK_257,/home/wms/AF2-test/AF2-CatGraph/results/AqTMK/02_template_guided_docking/complexes/AqTMK_257_complex.pdb,results/AqTMK/05_plip_interaction_graphs/plip_outputs/AqTMK_257/report.xml,hydrogen_bonds,O7,LYS13A,1587,hydrogen_bonds,hydrogen_bond,ATP:B:1:O7,O7,ATP,B,1
AqTMK_257,/home/wms/AF2-test/AF2-CatGraph/results/AqTMK/02_template_guided_docking/complexes/AqTMK_257_complex.pdb,results/AqTMK/05_plip_interaction_graphs/plip_outputs/AqTMK_257/report.xml,hydrogen_bonds,O6,THR14A,1586,hydrogen_bonds,hydrogen_bond,ATP:B:1:O6,O6,ATP,B,1
AqTMK_257,/home/wms/AF2-test/AF2-CatGraph/results/AqTMK/02_template_guided_docking/complexes/AqTMK_257_complex.pdb,results/AqTMK/05_plip_interaction_graphs/plip_outputs/AqTMK_257/report.xml,hydrogen_bonds,O2,THR15A,1580,hydrogen_bonds,hydrogen_bond,ATP:B:1:O2,O2,ATP,B,1
AqTMK_257,/home/wms/AF2-test/AF2-CatGraph/results/AqTMK/02_template_guided_docking/complexes/AqTMK_257_complex.pdb,results/AqTMK/05_plip_interaction_graphs/plip_outputs/AqTMK_257/report.xml,hydrogen_bonds,O4,THR15A,1583,hydrogen_bonds,hydrogen_bond,ATP:B:1:O4,O4,ATP,B,1
AqTMK_257,/home/wms/AF2-test/AF2-CatGraph/results/AqTMK/02_template_guided_docking/complexes/AqTMK_257_complex.pdb,results/AqTMK/05_plip_interaction_graphs/plip_outputs/AqTMK_257/report.xml,hydrogen_bonds,O4,THR15A,1583,hydrogen_bonds,hydrogen_bond,ATP:B:1:O4,O4,ATP,B,1
AqTMK_257,/home/wms/AF2-test/AF2-CatGraph/results/AqTMK/02_template_guided_docking/complexes/AqTMK_257_complex.pdb,results/AqTMK/05_plip_interaction_graphs/plip_outputs/AqTMK_257/report.xml,hydrogen_bonds,O10,ARG90A,1591,hydrogen_bonds,hydrogen_bond,ATP:B:1:O10,O10,ATP,B,1
AqTMK_257,/home/wms/AF2-test/AF2-CatGraph/results/AqTMK/02_template_guided_docking/complexes/AqTMK_257_complex.pdb,results/AqTMK/05_plip_interaction_graphs/plip_outputs/AqTMK_257/report.xml,salt_bridges,P2,LYS13A,1585,salt_bridges,salt_bridge,ATP:B:1:P2,P2,ATP,B,1
AqTMK_257,/home/wms/AF2-test/AF2-CatGraph/results/AqTMK/02_template_guided_docking/complexes/AqTMK_257_complex.pdb,results/AqTMK/05_plip_interaction_graphs/plip_outputs/AqTMK_257/report.xml,salt_bridges,P3,LYS13A,1589,salt_bridges,salt_bridge,ATP:B:1:P3,P3,ATP,B,1
AqTMK_257,/home/wms/AF2-test/AF2-CatGraph/results/AqTMK/02_template_guided_docking/complexes/AqTMK_257_complex.pdb,results/AqTMK/05_plip_interaction_graphs/plip_outputs/AqTMK_257/report.xml,metal_complexes,MG,THR14A,1599,metal_complexes,metal_complex,MG:B:203:MG,MG,MG,B,203
AqTMK_257,/home/wms/AF2-test/AF2-CatGraph/results/AqTMK/02_template_guided_docking/complexes/AqTMK_257_complex.pdb,results/AqTMK/05_plip_interaction_graphs/plip_outputs/AqTMK_257/report.xml,salt_bridges,P4,ARG35A,1595,salt_bridges,salt_bridge,TMP:C:1:P4,P4,TMP,C,1
AqTMK_257,/home/wms/AF2-test/AF2-CatGraph/results/AqTMK/02_template_guided_docking/complexes/AqTMK_257_complex.pdb,results/AqTMK/05_plip_interaction_graphs/plip_outputs/AqTMK_257/report.xml,salt_bridges,P4,ARG47A,1595,salt_bridges,salt_bridge,TMP:C:1:P4,P4,TMP,C,1
AqTMK_257,/home/wms/AF2-test/AF2-CatGraph/results/AqTMK/02_template_guided_docking/complexes/AqTMK_257_complex.pdb,results/AqTMK/05_plip_interaction_graphs/plip_outputs/AqTMK_257/report.xml,salt_bridges,P4,ARG90A,1595,salt_bridges,salt_bridge,TMP:C:1:P4,P4,TMP,C,1
AqTMK_259,/home/wms/AF2-test/AF2-CatGraph/results/AqTMK/02_template_guided_docking/complexes/AqTMK_259_complex.pdb,results/AqTMK/05_plip_interaction_graphs/plip_outputs/AqTMK_259/report.xml,hydrogen_bonds,O8,ASP9A,1588,hydrogen_bonds,hydrogen_bond,ATP:B:1:O8,O8,ATP,B,1
AqTMK_259,/home/wms/AF2-test/AF2-CatGraph/results/AqTMK/02_template_guided_docking/complexes/AqTMK_259_complex.pdb,results/AqTMK/05_plip_interaction_graphs/plip_outputs/AqTMK_259/report.xml,hydrogen_bonds,O8,GLY10A,1588,hydrogen_bonds,hydrogen_bond,ATP:B:1:O8,O8,ATP,B,1
AqTMK_259,/home/wms/AF2-test/AF2-CatGraph/results/AqTMK/02_template_guided_docking/complexes/AqTMK_259_complex.pdb,results/AqTMK/05_plip_interaction_graphs/plip_outputs/AqTMK_259/report.xml,hydrogen_bonds,O7,SER11A,1587,hydrogen_bonds,hydrogen_bond,ATP:B:1:O7,O7,ATP,B,1
AqTMK_259,/home/wms/AF2-test/AF2-CatGraph/results/AqTMK/02_template_guided_docking/complexes/AqTMK_259_complex.pdb,results/AqTMK/05_plip_interaction_graphs/plip_outputs/AqTMK_259/report.xml,hydrogen_bonds,O5,GLY12A,1584,hydrogen_bonds,hydrogen_bond,ATP:B:1:O5,O5,ATP,B,1
AqTMK_259,/home/wms/AF2-test/AF2-CatGraph/results/AqTMK/02_template_guided_docking/complexes/AqTMK_259_complex.pdb,results/AqTMK/05_plip_interaction_graphs/plip_outputs/AqTMK_259/report.xml,hydrogen_bonds,O7,LYS13A,1587,hydrogen_bonds,hydrogen_bond,ATP:B:1:O7,O7,ATP,B,1
AqTMK_259,/home/wms/AF2-test/AF2-CatGraph/results/AqTMK/02_template_guided_docking/complexes/AqTMK_259_complex.pdb,results/AqTMK/05_plip_interaction_graphs/plip_outputs/AqTMK_259/report.xml,hydrogen_bonds,O6,THR14A,1586,hydrogen_bonds,hydrogen_bond,ATP:B:1:O6,O6,ATP,B,1
AqTMK_259,/home/wms/AF2-test/AF2-CatGraph/results/AqTMK/02_template_guided_docking/complexes/AqTMK_259_complex.pdb,results/AqTMK/05_plip_interaction_graphs/plip_outputs/AqTMK_259/report.xml,hydrogen_bonds,O2,THR15A,1580,hydrogen_bonds,hydrogen_bond,ATP:B:1:O2,O2,ATP,B,1
AqTMK_259,/home/wms/AF2-test/AF2-CatGraph/results/AqTMK/02_template_guided_docking/complexes/AqTMK_259_complex.pdb,results/AqTMK/05_plip_interaction_graphs/plip_outputs/AqTMK_259/report.xml,hydrogen_bonds,O4,THR15A,1583,hydrogen_bonds,hydrogen_bond,ATP:B:1:O4,O4,ATP,B,1
AqTMK_259,/home/wms/AF2-test/AF2-CatGraph/results/AqTMK/02_template_guided_docking/complexes/AqTMK_259_complex.pdb,results/AqTMK/05_plip_interaction_graphs/plip_outputs/AqTMK_259/report.xml,hydrogen_bonds,O4,THR15A,1583,hydrogen_bonds,hydrogen_bond,ATP:B:1:O4,O4,ATP,B,1
AqTMK_259,/home/wms/AF2-test/AF2-CatGraph/results/AqTMK/02_template_guided_docking/complexes/AqTMK_259_complex.pdb,results/AqTMK/05_plip_interaction_graphs/plip_outputs/AqTMK_259/report.xml,salt_bridges,P2,LYS13A,1585,salt_bridges,salt_bridge,ATP:B:1:P2,P2,ATP,B,1
AqTMK_259,/home/wms/AF2-test/AF2-CatGraph/results/AqTMK/02_template_guided_docking/complexes/AqTMK_259_complex.pdb,results/AqTMK/05_plip_interaction_graphs/plip_outputs/AqTMK_259/report.xml,salt_bridges,P3,LYS13A,1589,salt_bridges,salt_bridge,ATP:B:1:P3,P3,ATP,B,1
AqTMK_259,/home/wms/AF2-test/AF2-CatGraph/results/AqTMK/02_template_guided_docking/complexes/AqTMK_259_complex.pdb,results/AqTMK/05_plip_interaction_graphs/plip_outputs/AqTMK_259/report.xml,salt_bridges,P3,ARG90A,1589,salt_bridges,salt_bridge,ATP:B:1:P3,P3,ATP,B,1
AqTMK_259,/home/wms/AF2-test/AF2-CatGraph/results/AqTMK/02_template_guided_docking/complexes/AqTMK_259_complex.pdb,results/AqTMK/05_plip_interaction_graphs/plip_outputs/AqTMK_259/report.xml,metal_complexes,MG,THR14A,1599,metal_complexes,metal_complex,MG:B:203:MG,MG,MG,B,203
AqTMK_259,/home/wms/AF2-test/AF2-CatGraph/results/AqTMK/02_template_guided_docking/complexes/AqTMK_259_complex.pdb,results/AqTMK/05_plip_interaction_graphs/plip_outputs/AqTMK_259/report.xml,hydrogen_bonds,O14,ARG47A,1597,hydrogen_bonds,hydrogen_bond,TMP:C:1:O14,O14,TMP,C,1
AqTMK_259,/home/wms/AF2-test/AF2-CatGraph/results/AqTMK/02_template_guided_docking/complexes/AqTMK_259_complex.pdb,results/AqTMK/05_plip_interaction_graphs/plip_outputs/AqTMK_259/report.xml,salt_bridges,P4,ARG35A,1595,salt_bridges,salt_bridge,TMP:C:1:P4,P4,TMP,C,1
AqTMK_259,/home/wms/AF2-test/AF2-CatGraph/results/AqTMK/02_template_guided_docking/complexes/AqTMK_259_complex.pdb,results/AqTMK/05_plip_interaction_graphs/plip_outputs/AqTMK_259/report.xml,salt_bridges,P4,ARG90A,1595,salt_bridges,salt_bridge,TMP:C:1:P4,P4,TMP,C,1
AqTMK_261,/home/wms/AF2-test/AF2-CatGraph/results/AqTMK/02_template_guided_docking/complexes/AqTMK_261_complex.pdb,results/AqTMK/05_plip_interaction_graphs/plip_outputs/AqTMK_261/report.xml,hydrogen_bonds,O10,ASP9A,1591,hydrogen_bonds,hydrogen_bond,ATP:B:1:O10,O10,ATP,B,1
AqTMK_261,/home/wms/AF2-test/AF2-CatGraph/results/AqTMK/02_template_guided_docking/complexes/AqTMK_261_complex.pdb,results/AqTMK/05_plip_interaction_graphs/plip_outputs/AqTMK_261/report.xml,hydrogen_bonds,O8,GLY10A,1588,hydrogen_bonds,hydrogen_bond,ATP:B:1:O8,O8,ATP,B,1
AqTMK_261,/home/wms/AF2-test/AF2-CatGraph/results/AqTMK/02_template_guided_docking/complexes/AqTMK_261_complex.pdb,results/AqTMK/05_plip_interaction_graphs/plip_outputs/AqTMK_261/report.xml,hydrogen_bonds,O7,SER11A,1587,hydrogen_bonds,hydrogen_bond,ATP:B:1:O7,O7,ATP,B,1
AqTMK_261,/home/wms/AF2-test/AF2-CatGraph/results/AqTMK/02_template_guided_docking/complexes/AqTMK_261_complex.pdb,results/AqTMK/05_plip_interaction_graphs/plip_outputs/AqTMK_261/report.xml,hydrogen_bonds,O7,GLY12A,1587,hydrogen_bonds,hydrogen_bond,ATP:B:1:O7,O7,ATP,B,1
AqTMK_261,/home/wms/AF2-test/AF2-CatGraph/results/AqTMK/02_template_guided_docking/complexes/AqTMK_261_complex.pdb,results/AqTMK/05_plip_interaction_graphs/plip_outputs/AqTMK_261/report.xml,hydrogen_bonds,O7,LYS13A,1587,hydrogen_bonds,hydrogen_bond,ATP:B:1:O7,O7,ATP,B,1
AqTMK_261,/home/wms/AF2-test/AF2-CatGraph/results/AqTMK/02_template_guided_docking/complexes/AqTMK_261_complex.pdb,results/AqTMK/05_plip_interaction_graphs/plip_outputs/AqTMK_261/report.xml,hydrogen_bonds,O7,THR14A,1587,hydrogen_bonds,hydrogen_bond,ATP:B:1:O7,O7,ATP,B,1
AqTMK_261,/home/wms/AF2-test/AF2-CatGraph/results/AqTMK/02_template_guided_docking/complexes/AqTMK_261_complex.pdb,results/AqTMK/05_plip_interaction_graphs/plip_outputs/AqTMK_261/report.xml,hydrogen_bonds,O2,THR15A,1580,hydrogen_bonds,hydrogen_bond,ATP:B:1:O2,O2,ATP,B,1
AqTMK_261,/home/wms/AF2-test/AF2-CatGraph/results/AqTMK/02_template_guided_docking/complexes/AqTMK_261_complex.pdb,results/AqTMK/05_plip_interaction_graphs/plip_outputs/AqTMK_261/report.xml,hydrogen_bonds,O4,THR15A,1583,hydrogen_bonds,hydrogen_bond,ATP:B:1:O4,O4,ATP,B,1
AqTMK_261,/home/wms/AF2-test/AF2-CatGraph/results/AqTMK/02_template_guided_docking/complexes/AqTMK_261_complex.pdb,results/AqTMK/05_plip_interaction_graphs/plip_outputs/AqTMK_261/report.xml,hydrogen_bonds,O4,THR15A,1583,hydrogen_bonds,hydrogen_bond,ATP:B:1:O4,O4,ATP,B,1
AqTMK_261,/home/wms/AF2-test/AF2-CatGraph/results/AqTMK/02_template_guided_docking/complexes/AqTMK_261_complex.pdb,results/AqTMK/05_plip_interaction_graphs/plip_outputs/AqTMK_261/report.xml,salt_bridges,P2,LYS13A,1585,salt_bridges,salt_bridge,ATP:B:1:P2,P2,ATP,B,1
AqTMK_261,/home/wms/AF2-test/AF2-CatGraph/results/AqTMK/02_template_guided_docking/complexes/AqTMK_261_complex.pdb,results/AqTMK/05_plip_interaction_graphs/plip_outputs/AqTMK_261/report.xml,salt_bridges,P3,LYS13A,1589,salt_bridges,salt_bridge,ATP:B:1:P3,P3,ATP,B,1
AqTMK_261,/home/wms/AF2-test/AF2-CatGraph/results/AqTMK/02_template_guided_docking/complexes/AqTMK_261_complex.pdb,results/AqTMK/05_plip_interaction_graphs/plip_outputs/AqTMK_261/report.xml,salt_bridges,P3,ARG90A,1589,salt_bridges,salt_bridge,ATP:B:1:P3,P3,ATP,B,1
AqTMK_261,/home/wms/AF2-test/AF2-CatGraph/results/AqTMK/02_template_guided_docking/complexes/AqTMK_261_complex.pdb,results/AqTMK/05_plip_interaction_graphs/plip_outputs/AqTMK_261/report.xml,metal_complexes,MG,THR14A,1599,metal_complexes,metal_complex,MG:B:203:MG,MG,MG,B,203
AqTMK_261,/home/wms/AF2-test/AF2-CatGraph/results/AqTMK/02_template_guided_docking/complexes/AqTMK_261_complex.pdb,results/AqTMK/05_plip_interaction_graphs/plip_outputs/AqTMK_261/report.xml,hydrogen_bonds,O13,ASP9A,1596,hydrogen_bonds,hydrogen_bond,TMP:C:1:O13,O13,TMP,C,1
AqTMK_261,/home/wms/AF2-test/AF2-CatGraph/results/AqTMK/02_template_guided_docking/complexes/AqTMK_261_complex.pdb,results/AqTMK/05_plip_interaction_graphs/plip_outputs/AqTMK_261/report.xml,salt_bridges,P4,LYS13A,1595,salt_bridges,salt_bridge,TMP:C:1:P4,P4,TMP,C,1
AqTMK_261,/home/wms/AF2-test/AF2-CatGraph/results/AqTMK/02_template_guided_docking/complexes/AqTMK_261_complex.pdb,results/AqTMK/05_plip_interaction_graphs/plip_outputs/AqTMK_261/report.xml,salt_bridges,P4,ARG35A,1595,salt_bridges,salt_bridge,TMP:C:1:P4,P4,TMP,C,1
AqTMK_261,/home/wms/AF2-test/AF2-CatGraph/results/AqTMK/02_template_guided_docking/complexes/AqTMK_261_complex.pdb,results/AqTMK/05_plip_interaction_graphs/plip_outputs/AqTMK_261/report.xml,salt_bridges,P4,ARG90A,1595,salt_bridges,salt_bridge,TMP:C:1:P4,P4,TMP,C,1
AqTMK_262,/home/wms/AF2-test/AF2-CatGraph/results/AqTMK/02_template_guided_docking/complexes/AqTMK_262_complex.pdb,results/AqTMK/05_plip_interaction_graphs/plip_outputs/AqTMK_262/report.xml,hydrogen_bonds,O10,ASP9A,1591,hydrogen_bonds,hydrogen_bond,ATP:B:1:O10,O10,ATP,B,1
AqTMK_262,/home/wms/AF2-test/AF2-CatGraph/results/AqTMK/02_template_guided_docking/complexes/AqTMK_262_complex.pdb,results/AqTMK/05_plip_interaction_graphs/plip_outputs/AqTMK_262/report.xml,hydrogen_bonds,O8,GLY10A,1588,hydrogen_bonds,hydrogen_bond,ATP:B:1:O8,O8,ATP,B,1
AqTMK_262,/home/wms/AF2-test/AF2-CatGraph/results/AqTMK/02_template_guided_docking/complexes/AqTMK_262_complex.pdb,results/AqTMK/05_plip_interaction_graphs/plip_outputs/AqTMK_262/report.xml,hydrogen_bonds,O7,SER11A,1587,hydrogen_bonds,hydrogen_bond,ATP:B:1:O7,O7,ATP,B,1
AqTMK_262,/home/wms/AF2-test/AF2-CatGraph/results/AqTMK/02_template_guided_docking/complexes/AqTMK_262_complex.pdb,results/AqTMK/05_plip_interaction_graphs/plip_outputs/AqTMK_262/report.xml,hydrogen_bonds,O7,GLY12A,1587,hydrogen_bonds,hydrogen_bond,ATP:B:1:O7,O7,ATP,B,1
AqTMK_262,/home/wms/AF2-test/AF2-CatGraph/results/AqTMK/02_template_guided_docking/complexes/AqTMK_262_complex.pdb,results/AqTMK/05_plip_interaction_graphs/plip_outputs/AqTMK_262/report.xml,hydrogen_bonds,O7,LYS13A,1587,hydrogen_bonds,hydrogen_bond,ATP:B:1:O7,O7,ATP,B,1
AqTMK_262,/home/wms/AF2-test/AF2-CatGraph/results/AqTMK/02_template_guided_docking/complexes/AqTMK_262_complex.pdb,results/AqTMK/05_plip_interaction_graphs/plip_outputs/AqTMK_262/report.xml,hydrogen_bonds,O6,THR14A,1586,hydrogen_bonds,hydrogen_bond,ATP:B:1:O6,O6,ATP,B,1
AqTMK_262,/home/wms/AF2-test/AF2-CatGraph/results/AqTMK/02_template_guided_docking/complexes/AqTMK_262_complex.pdb,results/AqTMK/05_plip_interaction_graphs/plip_outputs/AqTMK_262/report.xml,hydrogen_bonds,O4,THR15A,1583,hydrogen_bonds,hydrogen_bond,ATP:B:1:O4,O4,ATP,B,1
AqTMK_262,/home/wms/AF2-test/AF2-CatGraph/results/AqTMK/02_template_guided_docking/complexes/AqTMK_262_complex.pdb,results/AqTMK/05_plip_interaction_graphs/plip_outputs/AqTMK_262/report.xml,hydrogen_bonds,O4,THR15A,1583,hydrogen_bonds,hydrogen_bond,ATP:B:1:O4,O4,ATP,B,1
AqTMK_262,/home/wms/AF2-test/AF2-CatGraph/results/AqTMK/02_template_guided_docking/complexes/AqTMK_262_complex.pdb,results/AqTMK/05_plip_interaction_graphs/plip_outputs/AqTMK_262/report.xml,hydrogen_bonds,O10,ARG90A,1591,hydrogen_bonds,hydrogen_bond,ATP:B:1:O10,O10,ATP,B,1
AqTMK_262,/home/wms/AF2-test/AF2-CatGraph/results/AqTMK/02_template_guided_docking/complexes/AqTMK_262_complex.pdb,results/AqTMK/05_plip_interaction_graphs/plip_outputs/AqTMK_262/report.xml,salt_bridges,P2,LYS13A,1585,salt_bridges,salt_bridge,ATP:B:1:P2,P2,ATP,B,1
AqTMK_262,/home/wms/AF2-test/AF2-CatGraph/results/AqTMK/02_template_guided_docking/complexes/AqTMK_262_complex.pdb,results/AqTMK/05_plip_interaction_graphs/plip_outputs/AqTMK_262/report.xml,salt_bridges,P3,LYS13A,1589,salt_bridges,salt_bridge,ATP:B:1:P3,P3,ATP,B,1
AqTMK_262,/home/wms/AF2-test/AF2-CatGraph/results/AqTMK/02_template_guided_docking/complexes/AqTMK_262_complex.pdb,results/AqTMK/05_plip_interaction_graphs/plip_outputs/AqTMK_262/report.xml,metal_complexes,MG,THR14A,1599,metal_complexes,metal_complex,MG:B:203:MG,MG,MG,B,203
AqTMK_262,/home/wms/AF2-test/AF2-CatGraph/results/AqTMK/02_template_guided_docking/complexes/AqTMK_262_complex.pdb,results/AqTMK/05_plip_interaction_graphs/plip_outputs/AqTMK_262/report.xml,salt_bridges,P4,LYS13A,1595,salt_bridges,salt_bridge,TMP:C:1:P4,P4,TMP,C,1
AqTMK_262,/home/wms/AF2-test/AF2-CatGraph/results/AqTMK/02_template_guided_docking/complexes/AqTMK_262_complex.pdb,results/AqTMK/05_plip_interaction_graphs/plip_outputs/AqTMK_262/report.xml,salt_bridges,P4,ARG35A,1595,salt_bridges,salt_bridge,TMP:C:1:P4,P4,TMP,C,1
AqTMK_262,/home/wms/AF2-test/AF2-CatGraph/results/AqTMK/02_template_guided_docking/complexes/AqTMK_262_complex.pdb,results/AqTMK/05_plip_interaction_graphs/plip_outputs/AqTMK_262/report.xml,salt_bridges,P4,ARG47A,1595,salt_bridges,salt_bridge,TMP:C:1:P4,P4,TMP,C,1
AqTMK_262,/home/wms/AF2-test/AF2-CatGraph/results/AqTMK/02_template_guided_docking/complexes/AqTMK_262_complex.pdb,results/AqTMK/05_plip_interaction_graphs/plip_outputs/AqTMK_262/report.xml,salt_bridges,P4,ARG90A,1595,salt_bridges,salt_bridge,TMP:C:1:P4,P4,TMP,C,1
AqTMK_263,/home/wms/AF2-test/AF2-CatGraph/results/AqTMK/02_template_guided_docking/complexes/AqTMK_263_complex.pdb,results/AqTMK/05_plip_interaction_graphs/plip_outputs/AqTMK_263/report.xml,hydrogen_bonds,O10,ASP9A,1591,hydrogen_bonds,hydrogen_bond,ATP:B:1:O10,O10,ATP,B,1
AqTMK_263,/home/wms/AF2-test/AF2-CatGraph/results/AqTMK/02_template_guided_docking/complexes/AqTMK_263_complex.pdb,results/AqTMK/05_plip_interaction_graphs/plip_outputs/AqTMK_263/report.xml,hydrogen_bonds,O8,GLY10A,1588,hydrogen_bonds,hydrogen_bond,ATP:B:1:O8,O8,ATP,B,1
AqTMK_263,/home/wms/AF2-test/AF2-CatGraph/results/AqTMK/02_template_guided_docking/complexes/AqTMK_263_complex.pdb,results/AqTMK/05_plip_interaction_graphs/plip_outputs/AqTMK_263/report.xml,hydrogen_bonds,O7,SER11A,1587,hydrogen_bonds,hydrogen_bond,ATP:B:1:O7,O7,ATP,B,1
AqTMK_263,/home/wms/AF2-test/AF2-CatGraph/results/AqTMK/02_template_guided_docking/complexes/AqTMK_263_complex.pdb,results/AqTMK/05_plip_interaction_graphs/plip_outputs/AqTMK_263/report.xml,hydrogen_bonds,O7,GLY12A,1587,hydrogen_bonds,hydrogen_bond,ATP:B:1:O7,O7,ATP,B,1
AqTMK_263,/home/wms/AF2-test/AF2-CatGraph/results/AqTMK/02_template_guided_docking/complexes/AqTMK_263_complex.pdb,results/AqTMK/05_plip_interaction_graphs/plip_outputs/AqTMK_263/report.xml,hydrogen_bonds,O7,LYS13A,1587,hydrogen_bonds,hydrogen_bond,ATP:B:1:O7,O7,ATP,B,1
AqTMK_263,/home/wms/AF2-test/AF2-CatGraph/results/AqTMK/02_template_guided_docking/complexes/AqTMK_263_complex.pdb,results/AqTMK/05_plip_interaction_graphs/plip_outputs/AqTMK_263/report.xml,hydrogen_bonds,O6,THR14A,1586,hydrogen_bonds,hydrogen_bond,ATP:B:1:O6,O6,ATP,B,1
AqTMK_263,/home/wms/AF2-test/AF2-CatGraph/results/AqTMK/02_template_guided_docking/complexes/AqTMK_263_complex.pdb,results/AqTMK/05_plip_interaction_graphs/plip_outputs/AqTMK_263/report.xml,hydrogen_bonds,O2,THR15A,1580,hydrogen_bonds,hydrogen_bond,ATP:B:1:O2,O2,ATP,B,1
AqTMK_263,/home/wms/AF2-test/AF2-CatGraph/results/AqTMK/02_template_guided_docking/complexes/AqTMK_263_complex.pdb,results/AqTMK/05_plip_interaction_graphs/plip_outputs/AqTMK_263/report.xml,hydrogen_bonds,O4,THR15A,1583,hydrogen_bonds,hydrogen_bond,ATP:B:1:O4,O4,ATP,B,1
AqTMK_263,/home/wms/AF2-test/AF2-CatGraph/results/AqTMK/02_template_guided_docking/complexes/AqTMK_263_complex.pdb,results/AqTMK/05_plip_interaction_graphs/plip_outputs/AqTMK_263/report.xml,hydrogen_bonds,O4,THR15A,1583,hydrogen_bonds,hydrogen_bond,ATP:B:1:O4,O4,ATP,B,1
AqTMK_263,/home/wms/AF2-test/AF2-CatGraph/results/AqTMK/02_template_guided_docking/complexes/AqTMK_263_complex.pdb,results/AqTMK/05_plip_interaction_graphs/plip_outputs/AqTMK_263/report.xml,salt_bridges,P2,LYS13A,1585,salt_bridges,salt_bridge,ATP:B:1:P2,P2,ATP,B,1
AqTMK_263,/home/wms/AF2-test/AF2-CatGraph/results/AqTMK/02_template_guided_docking/complexes/AqTMK_263_complex.pdb,results/AqTMK/05_plip_interaction_graphs/plip_outputs/AqTMK_263/report.xml,salt_bridges,P3,LYS13A,1589,salt_bridges,salt_bridge,ATP:B:1:P3,P3,ATP,B,1
AqTMK_263,/home/wms/AF2-test/AF2-CatGraph/results/AqTMK/02_template_guided_docking/complexes/AqTMK_263_complex.pdb,results/AqTMK/05_plip_interaction_graphs/plip_outputs/AqTMK_263/report.xml,salt_bridges,P3,ARG90A,1589,salt_bridges,salt_bridge,ATP:B:1:P3,P3,ATP,B,1
AqTMK_263,/home/wms/AF2-test/AF2-CatGraph/results/AqTMK/02_template_guided_docking/complexes/AqTMK_263_complex.pdb,results/AqTMK/05_plip_interaction_graphs/plip_outputs/AqTMK_263/report.xml,metal_complexes,MG,THR14A,1599,metal_complexes,metal_complex,MG:B:203:MG,MG,MG,B,203
AqTMK_263,/home/wms/AF2-test/AF2-CatGraph/results/AqTMK/02_template_guided_docking/complexes/AqTMK_263_complex.pdb,results/AqTMK/05_plip_interaction_graphs/plip_outputs/AqTMK_263/report.xml,salt_bridges,P4,ARG47A,1595,salt_bridges,salt_bridge,TMP:C:1:P4,P4,TMP,C,1
AqTMK_263,/home/wms/AF2-test/AF2-CatGraph/results/AqTMK/02_template_guided_docking/complexes/AqTMK_263_complex.pdb,results/AqTMK/05_plip_interaction_graphs/plip_outputs/AqTMK_263/report.xml,salt_bridges,P4,ARG90A,1595,salt_bridges,salt_bridge,TMP:C:1:P4,P4,TMP,C,1
AqTMK_264,/home/wms/AF2-test/AF2-CatGraph/results/AqTMK/02_template_guided_docking/complexes/AqTMK_264_complex.pdb,results/AqTMK/05_plip_interaction_graphs/plip_outputs/AqTMK_264/report.xml,hydrogen_bonds,O8,ASP9A,1588,hydrogen_bonds,hydrogen_bond,ATP:B:1:O8,O8,ATP,B,1
AqTMK_264,/home/wms/AF2-test/AF2-CatGraph/results/AqTMK/02_template_guided_docking/complexes/AqTMK_264_complex.pdb,results/AqTMK/05_plip_interaction_graphs/plip_outputs/AqTMK_264/report.xml,hydrogen_bonds,O8,GLY10A,1588,hydrogen_bonds,hydrogen_bond,ATP:B:1:O8,O8,ATP,B,1
AqTMK_264,/home/wms/AF2-test/AF2-CatGraph/results/AqTMK/02_template_guided_docking/complexes/AqTMK_264_complex.pdb,results/AqTMK/05_plip_interaction_graphs/plip_outputs/AqTMK_264/report.xml,hydrogen_bonds,O7,SER11A,1587,hydrogen_bonds,hydrogen_bond,ATP:B:1:O7,O7,ATP,B,1
AqTMK_264,/home/wms/AF2-test/AF2-CatGraph/results/AqTMK/02_template_guided_docking/complexes/AqTMK_264_complex.pdb,results/AqTMK/05_plip_interaction_graphs/plip_outputs/AqTMK_264/report.xml,hydrogen_bonds,O5,GLY12A,1584,hydrogen_bonds,hydrogen_bond,ATP:B:1:O5,O5,ATP,B,1
AqTMK_264,/home/wms/AF2-test/AF2-CatGraph/results/AqTMK/02_template_guided_docking/complexes/AqTMK_264_complex.pdb,results/AqTMK/05_plip_interaction_graphs/plip_outputs/AqTMK_264/report.xml,hydrogen_bonds,O7,LYS13A,1587,hydrogen_bonds,hydrogen_bond,ATP:B:1:O7,O7,ATP,B,1
AqTMK_264,/home/wms/AF2-test/AF2-CatGraph/results/AqTMK/02_template_guided_docking/complexes/AqTMK_264_complex.pdb,results/AqTMK/05_plip_interaction_graphs/plip_outputs/AqTMK_264/report.xml,hydrogen_bonds,O6,THR14A,1586,hydrogen_bonds,hydrogen_bond,ATP:B:1:O6,O6,ATP,B,1
AqTMK_264,/home/wms/AF2-test/AF2-CatGraph/results/AqTMK/02_template_guided_docking/complexes/AqTMK_264_complex.pdb,results/AqTMK/05_plip_interaction_graphs/plip_outputs/AqTMK_264/report.xml,hydrogen_bonds,O4,THR15A,1583,hydrogen_bonds,hydrogen_bond,ATP:B:1:O4,O4,ATP,B,1
AqTMK_264,/home/wms/AF2-test/AF2-CatGraph/results/AqTMK/02_template_guided_docking/complexes/AqTMK_264_complex.pdb,results/AqTMK/05_plip_interaction_graphs/plip_outputs/AqTMK_264/report.xml,hydrogen_bonds,O4,THR15A,1583,hydrogen_bonds,hydrogen_bond,ATP:B:1:O4,O4,ATP,B,1
AqTMK_264,/home/wms/AF2-test/AF2-CatGraph/results/AqTMK/02_template_guided_docking/complexes/AqTMK_264_complex.pdb,results/AqTMK/05_plip_interaction_graphs/plip_outputs/AqTMK_264/report.xml,hydrogen_bonds,O10,ARG90A,1591,hydrogen_bonds,hydrogen_bond,ATP:B:1:O10,O10,ATP,B,1
AqTMK_264,/home/wms/AF2-test/AF2-CatGraph/results/AqTMK/02_template_guided_docking/complexes/AqTMK_264_complex.pdb,results/AqTMK/05_plip_interaction_graphs/plip_outputs/AqTMK_264/report.xml,salt_bridges,P2,LYS13A,1585,salt_bridges,salt_bridge,ATP:B:1:P2,P2,ATP,B,1
AqTMK_264,/home/wms/AF2-test/AF2-CatGraph/results/AqTMK/02_template_guided_docking/complexes/AqTMK_264_complex.pdb,results/AqTMK/05_plip_interaction_graphs/plip_outputs/AqTMK_264/report.xml,salt_bridges,P3,LYS13A,1589,salt_bridges,salt_bridge,ATP:B:1:P3,P3,ATP,B,1
AqTMK_264,/home/wms/AF2-test/AF2-CatGraph/results/AqTMK/02_template_guided_docking/complexes/AqTMK_264_complex.pdb,results/AqTMK/05_plip_interaction_graphs/plip_outputs/AqTMK_264/report.xml,salt_bridges,P4,ARG47A,1595,salt_bridges,salt_bridge,TMP:C:1:P4,P4,TMP,C,1
AqTMK_264,/home/wms/AF2-test/AF2-CatGraph/results/AqTMK/02_template_guided_docking/complexes/AqTMK_264_complex.pdb,results/AqTMK/05_plip_interaction_graphs/plip_outputs/AqTMK_264/report.xml,salt_bridges,P4,ARG90A,1595,salt_bridges,salt_bridge,TMP:C:1:P4,P4,TMP,C,1
AqTMK_267,/home/wms/AF2-test/AF2-CatGraph/results/AqTMK/02_template_guided_docking/complexes/AqTMK_267_complex.pdb,results/AqTMK/05_plip_interaction_graphs/plip_outputs/AqTMK_267/report.xml,hydrogen_bonds,O10,ASP9A,1591,hydrogen_bonds,hydrogen_bond,ATP:B:1:O10,O10,ATP,B,1
AqTMK_267,/home/wms/AF2-test/AF2-CatGraph/results/AqTMK/02_template_guided_docking/complexes/AqTMK_267_complex.pdb,results/AqTMK/05_plip_interaction_graphs/plip_outputs/AqTMK_267/report.xml,hydrogen_bonds,O8,GLY10A,1588,hydrogen_bonds,hydrogen_bond,ATP:B:1:O8,O8,ATP,B,1
AqTMK_267,/home/wms/AF2-test/AF2-CatGraph/results/AqTMK/02_template_guided_docking/complexes/AqTMK_267_complex.pdb,results/AqTMK/05_plip_interaction_graphs/plip_outputs/AqTMK_267/report.xml,hydrogen_bonds,O7,SER11A,1587,hydrogen_bonds,hydrogen_bond,ATP:B:1:O7,O7,ATP,B,1
AqTMK_267,/home/wms/AF2-test/AF2-CatGraph/results/AqTMK/02_template_guided_docking/complexes/AqTMK_267_complex.pdb,results/AqTMK/05_plip_interaction_graphs/plip_outputs/AqTMK_267/report.xml,hydrogen_bonds,O7,GLY12A,1587,hydrogen_bonds,hydrogen_bond,ATP:B:1:O7,O7,ATP,B,1
AqTMK_267,/home/wms/AF2-test/AF2-CatGraph/results/AqTMK/02_template_guided_docking/complexes/AqTMK_267_complex.pdb,results/AqTMK/05_plip_interaction_graphs/plip_outputs/AqTMK_267/report.xml,hydrogen_bonds,O7,LYS13A,1587,hydrogen_bonds,hydrogen_bond,ATP:B:1:O7,O7,ATP,B,1
AqTMK_267,/home/wms/AF2-test/AF2-CatGraph/results/AqTMK/02_template_guided_docking/complexes/AqTMK_267_complex.pdb,results/AqTMK/05_plip_interaction_graphs/plip_outputs/AqTMK_267/report.xml,hydrogen_bonds,O6,THR14A,1586,hydrogen_bonds,hydrogen_bond,ATP:B:1:O6,O6,ATP,B,1
AqTMK_267,/home/wms/AF2-test/AF2-CatGraph/results/AqTMK/02_template_guided_docking/complexes/AqTMK_267_complex.pdb,results/AqTMK/05_plip_interaction_graphs/plip_outputs/AqTMK_267/report.xml,hydrogen_bonds,O2,THR15A,1580,hydrogen_bonds,hydrogen_bond,ATP:B:1:O2,O2,ATP,B,1
AqTMK_267,/home/wms/AF2-test/AF2-CatGraph/results/AqTMK/02_template_guided_docking/complexes/AqTMK_267_complex.pdb,results/AqTMK/05_plip_interaction_graphs/plip_outputs/AqTMK_267/report.xml,hydrogen_bonds,O4,THR15A,1583,hydrogen_bonds,hydrogen_bond,ATP:B:1:O4,O4,ATP,B,1
AqTMK_267,/home/wms/AF2-test/AF2-CatGraph/results/AqTMK/02_template_guided_docking/complexes/AqTMK_267_complex.pdb,results/AqTMK/05_plip_interaction_graphs/plip_outputs/AqTMK_267/report.xml,hydrogen_bonds,O4,THR15A,1583,hydrogen_bonds,hydrogen_bond,ATP:B:1:O4,O4,ATP,B,1
AqTMK_267,/home/wms/AF2-test/AF2-CatGraph/results/AqTMK/02_template_guided_docking/complexes/AqTMK_267_complex.pdb,results/AqTMK/05_plip_interaction_graphs/plip_outputs/AqTMK_267/report.xml,hydrogen_bonds,O10,ARG90A,1591,hydrogen_bonds,hydrogen_bond,ATP:B:1:O10,O10,ATP,B,1
AqTMK_267,/home/wms/AF2-test/AF2-CatGraph/results/AqTMK/02_template_guided_docking/complexes/AqTMK_267_complex.pdb,results/AqTMK/05_plip_interaction_graphs/plip_outputs/AqTMK_267/report.xml,salt_bridges,P2,LYS13A,1585,salt_bridges,salt_bridge,ATP:B:1:P2,P2,ATP,B,1
AqTMK_267,/home/wms/AF2-test/AF2-CatGraph/results/AqTMK/02_template_guided_docking/complexes/AqTMK_267_complex.pdb,results/AqTMK/05_plip_interaction_graphs/plip_outputs/AqTMK_267/report.xml,salt_bridges,P3,LYS13A,1589,salt_bridges,salt_bridge,ATP:B:1:P3,P3,ATP,B,1
AqTMK_267,/home/wms/AF2-test/AF2-CatGraph/results/AqTMK/02_template_guided_docking/complexes/AqTMK_267_complex.pdb,results/AqTMK/05_plip_interaction_graphs/plip_outputs/AqTMK_267/report.xml,metal_complexes,MG,THR14A,1599,metal_complexes,metal_complex,MG:B:203:MG,MG,MG,B,203
AqTMK_267,/home/wms/AF2-test/AF2-CatGraph/results/AqTMK/02_template_guided_docking/complexes/AqTMK_267_complex.pdb,results/AqTMK/05_plip_interaction_graphs/plip_outputs/AqTMK_267/report.xml,salt_bridges,P4,ARG47A,1595,salt_bridges,salt_bridge,TMP:C:1:P4,P4,TMP,C,1
AqTMK_267,/home/wms/AF2-test/AF2-CatGraph/results/AqTMK/02_template_guided_docking/complexes/AqTMK_267_complex.pdb,results/AqTMK/05_plip_interaction_graphs/plip_outputs/AqTMK_267/report.xml,salt_bridges,P4,ARG90A,1595,salt_bridges,salt_bridge,TMP:C:1:P4,P4,TMP,C,1
AqTMK_270,/home/wms/AF2-test/AF2-CatGraph/results/AqTMK/02_template_guided_docking/complexes/AqTMK_270_complex.pdb,results/AqTMK/05_plip_interaction_graphs/plip_outputs/AqTMK_270/report.xml,hydrogen_bonds,O10,ASP9A,1591,hydrogen_bonds,hydrogen_bond,ATP:B:1:O10,O10,ATP,B,1
AqTMK_270,/home/wms/AF2-test/AF2-CatGraph/results/AqTMK/02_template_guided_docking/complexes/AqTMK_270_complex.pdb,results/AqTMK/05_plip_interaction_graphs/plip_outputs/AqTMK_270/report.xml,hydrogen_bonds,O8,GLY10A,1588,hydrogen_bonds,hydrogen_bond,ATP:B:1:O8,O8,ATP,B,1
AqTMK_270,/home/wms/AF2-test/AF2-CatGraph/results/AqTMK/02_template_guided_docking/complexes/AqTMK_270_complex.pdb,results/AqTMK/05_plip_interaction_graphs/plip_outputs/AqTMK_270/report.xml,hydrogen_bonds,O7,SER11A,1587,hydrogen_bonds,hydrogen_bond,ATP:B:1:O7,O7,ATP,B,1
AqTMK_270,/home/wms/AF2-test/AF2-CatGraph/results/AqTMK/02_template_guided_docking/complexes/AqTMK_270_complex.pdb,results/AqTMK/05_plip_interaction_graphs/plip_outputs/AqTMK_270/report.xml,hydrogen_bonds,O7,GLY12A,1587,hydrogen_bonds,hydrogen_bond,ATP:B:1:O7,O7,ATP,B,1
AqTMK_270,/home/wms/AF2-test/AF2-CatGraph/results/AqTMK/02_template_guided_docking/complexes/AqTMK_270_complex.pdb,results/AqTMK/05_plip_interaction_graphs/plip_outputs/AqTMK_270/report.xml,hydrogen_bonds,O7,LYS13A,1587,hydrogen_bonds,hydrogen_bond,ATP:B:1:O7,O7,ATP,B,1
AqTMK_270,/home/wms/AF2-test/AF2-CatGraph/results/AqTMK/02_template_guided_docking/complexes/AqTMK_270_complex.pdb,results/AqTMK/05_plip_interaction_graphs/plip_outputs/AqTMK_270/report.xml,hydrogen_bonds,O6,THR14A,1586,hydrogen_bonds,hydrogen_bond,ATP:B:1:O6,O6,ATP,B,1
AqTMK_270,/home/wms/AF2-test/AF2-CatGraph/results/AqTMK/02_template_guided_docking/complexes/AqTMK_270_complex.pdb,results/AqTMK/05_plip_interaction_graphs/plip_outputs/AqTMK_270/report.xml,hydrogen_bonds,O2,THR15A,1580,hydrogen_bonds,hydrogen_bond,ATP:B:1:O2,O2,ATP,B,1
AqTMK_270,/home/wms/AF2-test/AF2-CatGraph/results/AqTMK/02_template_guided_docking/complexes/AqTMK_270_complex.pdb,results/AqTMK/05_plip_interaction_graphs/plip_outputs/AqTMK_270/report.xml,hydrogen_bonds,O4,THR15A,1583,hydrogen_bonds,hydrogen_bond,ATP:B:1:O4,O4,ATP,B,1
AqTMK_270,/home/wms/AF2-test/AF2-CatGraph/results/AqTMK/02_template_guided_docking/complexes/AqTMK_270_complex.pdb,results/AqTMK/05_plip_interaction_graphs/plip_outputs/AqTMK_270/report.xml,hydrogen_bonds,O4,THR15A,1583,hydrogen_bonds,hydrogen_bond,ATP:B:1:O4,O4,ATP,B,1
AqTMK_270,/home/wms/AF2-test/AF2-CatGraph/results/AqTMK/02_template_guided_docking/complexes/AqTMK_270_complex.pdb,results/AqTMK/05_plip_interaction_graphs/plip_outputs/AqTMK_270/report.xml,salt_bridges,P2,LYS13A,1585,salt_bridges,salt_bridge,ATP:B:1:P2,P2,ATP,B,1
AqTMK_270,/home/wms/AF2-test/AF2-CatGraph/results/AqTMK/02_template_guided_docking/complexes/AqTMK_270_complex.pdb,results/AqTMK/05_plip_interaction_graphs/plip_outputs/AqTMK_270/report.xml,salt_bridges,P3,LYS13A,1589,salt_bridges,salt_bridge,ATP:B:1:P3,P3,ATP,B,1
AqTMK_270,/home/wms/AF2-test/AF2-CatGraph/results/AqTMK/02_template_guided_docking/complexes/AqTMK_270_complex.pdb,results/AqTMK/05_plip_interaction_graphs/plip_outputs/AqTMK_270/report.xml,salt_bridges,P3,ARG90A,1589,salt_bridges,salt_bridge,ATP:B:1:P3,P3,ATP,B,1
AqTMK_270,/home/wms/AF2-test/AF2-CatGraph/results/AqTMK/02_template_guided_docking/complexes/AqTMK_270_complex.pdb,results/AqTMK/05_plip_interaction_graphs/plip_outputs/AqTMK_270/report.xml,metal_complexes,MG,THR14A,1599,metal_complexes,metal_complex,MG:B:203:MG,MG,MG,B,203
AqTMK_270,/home/wms/AF2-test/AF2-CatGraph/results/AqTMK/02_template_guided_docking/complexes/AqTMK_270_complex.pdb,results/AqTMK/05_plip_interaction_graphs/plip_outputs/AqTMK_270/report.xml,hydrogen_bonds,O14,ARG47A,1597,hydrogen_bonds,hydrogen_bond,TMP:C:1:O14,O14,TMP,C,1
AqTMK_270,/home/wms/AF2-test/AF2-CatGraph/results/AqTMK/02_template_guided_docking/complexes/AqTMK_270_complex.pdb,results/AqTMK/05_plip_interaction_graphs/plip_outputs/AqTMK_270/report.xml,salt_bridges,P4,ARG35A,1595,salt_bridges,salt_bridge,TMP:C:1:P4,P4,TMP,C,1
AqTMK_270,/home/wms/AF2-test/AF2-CatGraph/results/AqTMK/02_template_guided_docking/complexes/AqTMK_270_complex.pdb,results/AqTMK/05_plip_interaction_graphs/plip_outputs/AqTMK_270/report.xml,salt_bridges,P4,ARG90A,1595,salt_bridges,salt_bridge,TMP:C:1:P4,P4,TMP,C,1
AqTMK_272,/home/wms/AF2-test/AF2-CatGraph/results/AqTMK/02_template_guided_docking/complexes/AqTMK_272_complex.pdb,results/AqTMK/05_plip_interaction_graphs/plip_outputs/AqTMK_272/report.xml,hydrogen_bonds,O10,ASP9A,1591,hydrogen_bonds,hydrogen_bond,ATP:B:1:O10,O10,ATP,B,1
AqTMK_272,/home/wms/AF2-test/AF2-CatGraph/results/AqTMK/02_template_guided_docking/complexes/AqTMK_272_complex.pdb,results/AqTMK/05_plip_interaction_graphs/plip_outputs/AqTMK_272/report.xml,hydrogen_bonds,O8,GLY10A,1588,hydrogen_bonds,hydrogen_bond,ATP:B:1:O8,O8,ATP,B,1
AqTMK_272,/home/wms/AF2-test/AF2-CatGraph/results/AqTMK/02_template_guided_docking/complexes/AqTMK_272_complex.pdb,results/AqTMK/05_plip_interaction_graphs/plip_outputs/AqTMK_272/report.xml,hydrogen_bonds,O7,SER11A,1587,hydrogen_bonds,hydrogen_bond,ATP:B:1:O7,O7,ATP,B,1
AqTMK_272,/home/wms/AF2-test/AF2-CatGraph/results/AqTMK/02_template_guided_docking/complexes/AqTMK_272_complex.pdb,results/AqTMK/05_plip_interaction_graphs/plip_outputs/AqTMK_272/report.xml,hydrogen_bonds,O5,GLY12A,1584,hydrogen_bonds,hydrogen_bond,ATP:B:1:O5,O5,ATP,B,1
AqTMK_272,/home/wms/AF2-test/AF2-CatGraph/results/AqTMK/02_template_guided_docking/complexes/AqTMK_272_complex.pdb,results/AqTMK/05_plip_interaction_graphs/plip_outputs/AqTMK_272/report.xml,hydrogen_bonds,O7,LYS13A,1587,hydrogen_bonds,hydrogen_bond,ATP:B:1:O7,O7,ATP,B,1
AqTMK_272,/home/wms/AF2-test/AF2-CatGraph/results/AqTMK/02_template_guided_docking/complexes/AqTMK_272_complex.pdb,results/AqTMK/05_plip_interaction_graphs/plip_outputs/AqTMK_272/report.xml,hydrogen_bonds,O6,THR14A,1586,hydrogen_bonds,hydrogen_bond,ATP:B:1:O6,O6,ATP,B,1
AqTMK_272,/home/wms/AF2-test/AF2-CatGraph/results/AqTMK/02_template_guided_docking/complexes/AqTMK_272_complex.pdb,results/AqTMK/05_plip_interaction_graphs/plip_outputs/AqTMK_272/report.xml,hydrogen_bonds,O2,THR15A,1580,hydrogen_bonds,hydrogen_bond,ATP:B:1:O2,O2,ATP,B,1
AqTMK_272,/home/wms/AF2-test/AF2-CatGraph/results/AqTMK/02_template_guided_docking/complexes/AqTMK_272_complex.pdb,results/AqTMK/05_plip_interaction_graphs/plip_outputs/AqTMK_272/report.xml,hydrogen_bonds,O4,THR15A,1583,hydrogen_bonds,hydrogen_bond,ATP:B:1:O4,O4,ATP,B,1
AqTMK_272,/home/wms/AF2-test/AF2-CatGraph/results/AqTMK/02_template_guided_docking/complexes/AqTMK_272_complex.pdb,results/AqTMK/05_plip_interaction_graphs/plip_outputs/AqTMK_272/report.xml,hydrogen_bonds,O4,THR15A,1583,hydrogen_bonds,hydrogen_bond,ATP:B:1:O4,O4,ATP,B,1
AqTMK_272,/home/wms/AF2-test/AF2-CatGraph/results/AqTMK/02_template_guided_docking/complexes/AqTMK_272_complex.pdb,results/AqTMK/05_plip_interaction_graphs/plip_outputs/AqTMK_272/report.xml,hydrogen_bonds,O10,ARG90A,1591,hydrogen_bonds,hydrogen_bond,ATP:B:1:O10,O10,ATP,B,1
AqTMK_272,/home/wms/AF2-test/AF2-CatGraph/results/AqTMK/02_template_guided_docking/complexes/AqTMK_272_complex.pdb,results/AqTMK/05_plip_interaction_graphs/plip_outputs/AqTMK_272/report.xml,salt_bridges,P2,LYS13A,1585,salt_bridges,salt_bridge,ATP:B:1:P2,P2,ATP,B,1
AqTMK_272,/home/wms/AF2-test/AF2-CatGraph/results/AqTMK/02_template_guided_docking/complexes/AqTMK_272_complex.pdb,results/AqTMK/05_plip_interaction_graphs/plip_outputs/AqTMK_272/report.xml,salt_bridges,P3,LYS13A,1589,salt_bridges,salt_bridge,ATP:B:1:P3,P3,ATP,B,1
AqTMK_272,/home/wms/AF2-test/AF2-CatGraph/results/AqTMK/02_template_guided_docking/complexes/AqTMK_272_complex.pdb,results/AqTMK/05_plip_interaction_graphs/plip_outputs/AqTMK_272/report.xml,metal_complexes,MG,THR14A,1599,metal_complexes,metal_complex,MG:B:203:MG,MG,MG,B,203
AqTMK_272,/home/wms/AF2-test/AF2-CatGraph/results/AqTMK/02_template_guided_docking/complexes/AqTMK_272_complex.pdb,results/AqTMK/05_plip_interaction_graphs/plip_outputs/AqTMK_272/report.xml,salt_bridges,P4,ARG47A,1595,salt_bridges,salt_bridge,TMP:C:1:P4,P4,TMP,C,1
AqTMK_272,/home/wms/AF2-test/AF2-CatGraph/results/AqTMK/02_template_guided_docking/complexes/AqTMK_272_complex.pdb,results/AqTMK/05_plip_interaction_graphs/plip_outputs/AqTMK_272/report.xml,salt_bridges,P4,ARG90A,1595,salt_bridges,salt_bridge,TMP:C:1:P4,P4,TMP,C,1
AqTMK_273,/home/wms/AF2-test/AF2-CatGraph/results/AqTMK/02_template_guided_docking/complexes/AqTMK_273_complex.pdb,results/AqTMK/05_plip_interaction_graphs/plip_outputs/AqTMK_273/report.xml,hydrogen_bonds,O10,ASP9A,1591,hydrogen_bonds,hydrogen_bond,ATP:B:1:O10,O10,ATP,B,1
AqTMK_273,/home/wms/AF2-test/AF2-CatGraph/results/AqTMK/02_template_guided_docking/complexes/AqTMK_273_complex.pdb,results/AqTMK/05_plip_interaction_graphs/plip_outputs/AqTMK_273/report.xml,hydrogen_bonds,O8,GLY10A,1588,hydrogen_bonds,hydrogen_bond,ATP:B:1:O8,O8,ATP,B,1
AqTMK_273,/home/wms/AF2-test/AF2-CatGraph/results/AqTMK/02_template_guided_docking/complexes/AqTMK_273_complex.pdb,results/AqTMK/05_plip_interaction_graphs/plip_outputs/AqTMK_273/report.xml,hydrogen_bonds,O7,SER11A,1587,hydrogen_bonds,hydrogen_bond,ATP:B:1:O7,O7,ATP,B,1
AqTMK_273,/home/wms/AF2-test/AF2-CatGraph/results/AqTMK/02_template_guided_docking/complexes/AqTMK_273_complex.pdb,results/AqTMK/05_plip_interaction_graphs/plip_outputs/AqTMK_273/report.xml,hydrogen_bonds,O7,GLY12A,1587,hydrogen_bonds,hydrogen_bond,ATP:B:1:O7,O7,ATP,B,1
AqTMK_273,/home/wms/AF2-test/AF2-CatGraph/results/AqTMK/02_template_guided_docking/complexes/AqTMK_273_complex.pdb,results/AqTMK/05_plip_interaction_graphs/plip_outputs/AqTMK_273/report.xml,hydrogen_bonds,O7,LYS13A,1587,hydrogen_bonds,hydrogen_bond,ATP:B:1:O7,O7,ATP,B,1
AqTMK_273,/home/wms/AF2-test/AF2-CatGraph/results/AqTMK/02_template_guided_docking/complexes/AqTMK_273_complex.pdb,results/AqTMK/05_plip_interaction_graphs/plip_outputs/AqTMK_273/report.xml,hydrogen_bonds,O7,THR14A,1587,hydrogen_bonds,hydrogen_bond,ATP:B:1:O7,O7,ATP,B,1
AqTMK_273,/home/wms/AF2-test/AF2-CatGraph/results/AqTMK/02_template_guided_docking/complexes/AqTMK_273_complex.pdb,results/AqTMK/05_plip_interaction_graphs/plip_outputs/AqTMK_273/report.xml,hydrogen_bonds,O2,THR15A,1580,hydrogen_bonds,hydrogen_bond,ATP:B:1:O2,O2,ATP,B,1
AqTMK_273,/home/wms/AF2-test/AF2-CatGraph/results/AqTMK/02_template_guided_docking/complexes/AqTMK_273_complex.pdb,results/AqTMK/05_plip_interaction_graphs/plip_outputs/AqTMK_273/report.xml,hydrogen_bonds,O4,THR15A,1583,hydrogen_bonds,hydrogen_bond,ATP:B:1:O4,O4,ATP,B,1
AqTMK_273,/home/wms/AF2-test/AF2-CatGraph/results/AqTMK/02_template_guided_docking/complexes/AqTMK_273_complex.pdb,results/AqTMK/05_plip_interaction_graphs/plip_outputs/AqTMK_273/report.xml,hydrogen_bonds,O4,THR15A,1583,hydrogen_bonds,hydrogen_bond,ATP:B:1:O4,O4,ATP,B,1
AqTMK_273,/home/wms/AF2-test/AF2-CatGraph/results/AqTMK/02_template_guided_docking/complexes/AqTMK_273_complex.pdb,results/AqTMK/05_plip_interaction_graphs/plip_outputs/AqTMK_273/report.xml,salt_bridges,P2,LYS13A,1585,salt_bridges,salt_bridge,ATP:B:1:P2,P2,ATP,B,1
AqTMK_273,/home/wms/AF2-test/AF2-CatGraph/results/AqTMK/02_template_guided_docking/complexes/AqTMK_273_complex.pdb,results/AqTMK/05_plip_interaction_graphs/plip_outputs/AqTMK_273/report.xml,salt_bridges,P3,LYS13A,1589,salt_bridges,salt_bridge,ATP:B:1:P3,P3,ATP,B,1
AqTMK_273,/home/wms/AF2-test/AF2-CatGraph/results/AqTMK/02_template_guided_docking/complexes/AqTMK_273_complex.pdb,results/AqTMK/05_plip_interaction_graphs/plip_outputs/AqTMK_273/report.xml,salt_bridges,P3,ARG90A,1589,salt_bridges,salt_bridge,ATP:B:1:P3,P3,ATP,B,1
AqTMK_273,/home/wms/AF2-test/AF2-CatGraph/results/AqTMK/02_template_guided_docking/complexes/AqTMK_273_complex.pdb,results/AqTMK/05_plip_interaction_graphs/plip_outputs/AqTMK_273/report.xml,metal_complexes,MG,THR14A,1599,metal_complexes,metal_complex,MG:B:203:MG,MG,MG,B,203
AqTMK_273,/home/wms/AF2-test/AF2-CatGraph/results/AqTMK/02_template_guided_docking/complexes/AqTMK_273_complex.pdb,results/AqTMK/05_plip_interaction_graphs/plip_outputs/AqTMK_273/report.xml,salt_bridges,P4,LYS13A,1595,salt_bridges,salt_bridge,TMP:C:1:P4,P4,TMP,C,1
AqTMK_273,/home/wms/AF2-test/AF2-CatGraph/results/AqTMK/02_template_guided_docking/complexes/AqTMK_273_complex.pdb,results/AqTMK/05_plip_interaction_graphs/plip_outputs/AqTMK_273/report.xml,salt_bridges,P4,ARG47A,1595,salt_bridges,salt_bridge,TMP:C:1:P4,P4,TMP,C,1
AqTMK_273,/home/wms/AF2-test/AF2-CatGraph/results/AqTMK/02_template_guided_docking/complexes/AqTMK_273_complex.pdb,results/AqTMK/05_plip_interaction_graphs/plip_outputs/AqTMK_273/report.xml,salt_bridges,P4,ARG90A,1595,salt_bridges,salt_bridge,TMP:C:1:P4,P4,TMP,C,1
AqTMK_274,/home/wms/AF2-test/AF2-CatGraph/results/AqTMK/02_template_guided_docking/complexes/AqTMK_274_complex.pdb,results/AqTMK/05_plip_interaction_graphs/plip_outputs/AqTMK_274/report.xml,hydrogen_bonds,O10,ASP9A,1591,hydrogen_bonds,hydrogen_bond,ATP:B:1:O10,O10,ATP,B,1
AqTMK_274,/home/wms/AF2-test/AF2-CatGraph/results/AqTMK/02_template_guided_docking/complexes/AqTMK_274_complex.pdb,results/AqTMK/05_plip_interaction_graphs/plip_outputs/AqTMK_274/report.xml,hydrogen_bonds,O8,GLY10A,1588,hydrogen_bonds,hydrogen_bond,ATP:B:1:O8,O8,ATP,B,1
AqTMK_274,/home/wms/AF2-test/AF2-CatGraph/results/AqTMK/02_template_guided_docking/complexes/AqTMK_274_complex.pdb,results/AqTMK/05_plip_interaction_graphs/plip_outputs/AqTMK_274/report.xml,hydrogen_bonds,O7,SER11A,1587,hydrogen_bonds,hydrogen_bond,ATP:B:1:O7,O7,ATP,B,1
AqTMK_274,/home/wms/AF2-test/AF2-CatGraph/results/AqTMK/02_template_guided_docking/complexes/AqTMK_274_complex.pdb,results/AqTMK/05_plip_interaction_graphs/plip_outputs/AqTMK_274/report.xml,hydrogen_bonds,O7,GLY12A,1587,hydrogen_bonds,hydrogen_bond,ATP:B:1:O7,O7,ATP,B,1
AqTMK_274,/home/wms/AF2-test/AF2-CatGraph/results/AqTMK/02_template_guided_docking/complexes/AqTMK_274_complex.pdb,results/AqTMK/05_plip_interaction_graphs/plip_outputs/AqTMK_274/report.xml,hydrogen_bonds,O7,LYS13A,1587,hydrogen_bonds,hydrogen_bond,ATP:B:1:O7,O7,ATP,B,1
AqTMK_274,/home/wms/AF2-test/AF2-CatGraph/results/AqTMK/02_template_guided_docking/complexes/AqTMK_274_complex.pdb,results/AqTMK/05_plip_interaction_graphs/plip_outputs/AqTMK_274/report.xml,hydrogen_bonds,O6,THR14A,1586,hydrogen_bonds,hydrogen_bond,ATP:B:1:O6,O6,ATP,B,1
AqTMK_274,/home/wms/AF2-test/AF2-CatGraph/results/AqTMK/02_template_guided_docking/complexes/AqTMK_274_complex.pdb,results/AqTMK/05_plip_interaction_graphs/plip_outputs/AqTMK_274/report.xml,hydrogen_bonds,O2,THR15A,1580,hydrogen_bonds,hydrogen_bond,ATP:B:1:O2,O2,ATP,B,1
AqTMK_274,/home/wms/AF2-test/AF2-CatGraph/results/AqTMK/02_template_guided_docking/complexes/AqTMK_274_complex.pdb,results/AqTMK/05_plip_interaction_graphs/plip_outputs/AqTMK_274/report.xml,hydrogen_bonds,O4,THR15A,1583,hydrogen_bonds,hydrogen_bond,ATP:B:1:O4,O4,ATP,B,1
AqTMK_274,/home/wms/AF2-test/AF2-CatGraph/results/AqTMK/02_template_guided_docking/complexes/AqTMK_274_complex.pdb,results/AqTMK/05_plip_interaction_graphs/plip_outputs/AqTMK_274/report.xml,hydrogen_bonds,O4,THR15A,1583,hydrogen_bonds,hydrogen_bond,ATP:B:1:O4,O4,ATP,B,1
AqTMK_274,/home/wms/AF2-test/AF2-CatGraph/results/AqTMK/02_template_guided_docking/complexes/AqTMK_274_complex.pdb,results/AqTMK/05_plip_interaction_graphs/plip_outputs/AqTMK_274/report.xml,salt_bridges,P2,LYS13A,1585,salt_bridges,salt_bridge,ATP:B:1:P2,P2,ATP,B,1
AqTMK_274,/home/wms/AF2-test/AF2-CatGraph/results/AqTMK/02_template_guided_docking/complexes/AqTMK_274_complex.pdb,results/AqTMK/05_plip_interaction_graphs/plip_outputs/AqTMK_274/report.xml,salt_bridges,P3,LYS13A,1589,salt_bridges,salt_bridge,ATP:B:1:P3,P3,ATP,B,1
AqTMK_274,/home/wms/AF2-test/AF2-CatGraph/results/AqTMK/02_template_guided_docking/complexes/AqTMK_274_complex.pdb,results/AqTMK/05_plip_interaction_graphs/plip_outputs/AqTMK_274/report.xml,salt_bridges,P3,ARG90A,1589,salt_bridges,salt_bridge,ATP:B:1:P3,P3,ATP,B,1
AqTMK_274,/home/wms/AF2-test/AF2-CatGraph/results/AqTMK/02_template_guided_docking/complexes/AqTMK_274_complex.pdb,results/AqTMK/05_plip_interaction_graphs/plip_outputs/AqTMK_274/report.xml,metal_complexes,MG,THR14A,1599,metal_complexes,metal_complex,MG:B:203:MG,MG,MG,B,203
AqTMK_274,/home/wms/AF2-test/AF2-CatGraph/results/AqTMK/02_template_guided_docking/complexes/AqTMK_274_complex.pdb,results/AqTMK/05_plip_interaction_graphs/plip_outputs/AqTMK_274/report.xml,hydrogen_bonds,O14,ARG47A,1597,hydrogen_bonds,hydrogen_bond,TMP:C:1:O14,O14,TMP,C,1
AqTMK_274,/home/wms/AF2-test/AF2-CatGraph/results/AqTMK/02_template_guided_docking/complexes/AqTMK_274_complex.pdb,results/AqTMK/05_plip_interaction_graphs/plip_outputs/AqTMK_274/report.xml,salt_bridges,P4,ARG90A,1595,salt_bridges,salt_bridge,TMP:C:1:P4,P4,TMP,C,1
AqTMK_275,/home/wms/AF2-test/AF2-CatGraph/results/AqTMK/02_template_guided_docking/complexes/AqTMK_275_complex.pdb,results/AqTMK/05_plip_interaction_graphs/plip_outputs/AqTMK_275/report.xml,hydrogen_bonds,O10,ASP9A,1591,hydrogen_bonds,hydrogen_bond,ATP:B:1:O10,O10,ATP,B,1
AqTMK_275,/home/wms/AF2-test/AF2-CatGraph/results/AqTMK/02_template_guided_docking/complexes/AqTMK_275_complex.pdb,results/AqTMK/05_plip_interaction_graphs/plip_outputs/AqTMK_275/report.xml,hydrogen_bonds,O8,GLY10A,1588,hydrogen_bonds,hydrogen_bond,ATP:B:1:O8,O8,ATP,B,1
AqTMK_275,/home/wms/AF2-test/AF2-CatGraph/results/AqTMK/02_template_guided_docking/complexes/AqTMK_275_complex.pdb,results/AqTMK/05_plip_interaction_graphs/plip_outputs/AqTMK_275/report.xml,hydrogen_bonds,O7,SER11A,1587,hydrogen_bonds,hydrogen_bond,ATP:B:1:O7,O7,ATP,B,1
AqTMK_275,/home/wms/AF2-test/AF2-CatGraph/results/AqTMK/02_template_guided_docking/complexes/AqTMK_275_complex.pdb,results/AqTMK/05_plip_interaction_graphs/plip_outputs/AqTMK_275/report.xml,hydrogen_bonds,O5,GLY12A,1584,hydrogen_bonds,hydrogen_bond,ATP:B:1:O5,O5,ATP,B,1
AqTMK_275,/home/wms/AF2-test/AF2-CatGraph/results/AqTMK/02_template_guided_docking/complexes/AqTMK_275_complex.pdb,results/AqTMK/05_plip_interaction_graphs/plip_outputs/AqTMK_275/report.xml,hydrogen_bonds,O7,LYS13A,1587,hydrogen_bonds,hydrogen_bond,ATP:B:1:O7,O7,ATP,B,1
AqTMK_275,/home/wms/AF2-test/AF2-CatGraph/results/AqTMK/02_template_guided_docking/complexes/AqTMK_275_complex.pdb,results/AqTMK/05_plip_interaction_graphs/plip_outputs/AqTMK_275/report.xml,hydrogen_bonds,O6,THR14A,1586,hydrogen_bonds,hydrogen_bond,ATP:B:1:O6,O6,ATP,B,1
AqTMK_275,/home/wms/AF2-test/AF2-CatGraph/results/AqTMK/02_template_guided_docking/complexes/AqTMK_275_complex.pdb,results/AqTMK/05_plip_interaction_graphs/plip_outputs/AqTMK_275/report.xml,hydrogen_bonds,O2,THR15A,1580,hydrogen_bonds,hydrogen_bond,ATP:B:1:O2,O2,ATP,B,1
AqTMK_275,/home/wms/AF2-test/AF2-CatGraph/results/AqTMK/02_template_guided_docking/complexes/AqTMK_275_complex.pdb,results/AqTMK/05_plip_interaction_graphs/plip_outputs/AqTMK_275/report.xml,hydrogen_bonds,O4,THR15A,1583,hydrogen_bonds,hydrogen_bond,ATP:B:1:O4,O4,ATP,B,1
AqTMK_275,/home/wms/AF2-test/AF2-CatGraph/results/AqTMK/02_template_guided_docking/complexes/AqTMK_275_complex.pdb,results/AqTMK/05_plip_interaction_graphs/plip_outputs/AqTMK_275/report.xml,hydrogen_bonds,O4,THR15A,1583,hydrogen_bonds,hydrogen_bond,ATP:B:1:O4,O4,ATP,B,1
AqTMK_275,/home/wms/AF2-test/AF2-CatGraph/results/AqTMK/02_template_guided_docking/complexes/AqTMK_275_complex.pdb,results/AqTMK/05_plip_interaction_graphs/plip_outputs/AqTMK_275/report.xml,salt_bridges,P2,LYS13A,1585,salt_bridges,salt_bridge,ATP:B:1:P2,P2,ATP,B,1
AqTMK_275,/home/wms/AF2-test/AF2-CatGraph/results/AqTMK/02_template_guided_docking/complexes/AqTMK_275_complex.pdb,results/AqTMK/05_plip_interaction_graphs/plip_outputs/AqTMK_275/report.xml,salt_bridges,P3,LYS13A,1589,salt_bridges,salt_bridge,ATP:B:1:P3,P3,ATP,B,1
AqTMK_275,/home/wms/AF2-test/AF2-CatGraph/results/AqTMK/02_template_guided_docking/complexes/AqTMK_275_complex.pdb,results/AqTMK/05_plip_interaction_graphs/plip_outputs/AqTMK_275/report.xml,metal_complexes,MG,THR14A,1599,metal_complexes,metal_complex,MG:B:203:MG,MG,MG,B,203
AqTMK_275,/home/wms/AF2-test/AF2-CatGraph/results/AqTMK/02_template_guided_docking/complexes/AqTMK_275_complex.pdb,results/AqTMK/05_plip_interaction_graphs/plip_outputs/AqTMK_275/report.xml,salt_bridges,P4,ARG47A,1595,salt_bridges,salt_bridge,TMP:C:1:P4,P4,TMP,C,1
AqTMK_275,/home/wms/AF2-test/AF2-CatGraph/results/AqTMK/02_template_guided_docking/complexes/AqTMK_275_complex.pdb,results/AqTMK/05_plip_interaction_graphs/plip_outputs/AqTMK_275/report.xml,salt_bridges,P4,ARG90A,1595,salt_bridges,salt_bridge,TMP:C:1:P4,P4,TMP,C,1
AqTMK_275,/home/wms/AF2-test/AF2-CatGraph/results/AqTMK/02_template_guided_docking/complexes/AqTMK_275_complex.pdb,results/AqTMK/05_plip_interaction_graphs/plip_outputs/AqTMK_275/report.xml,salt_bridges,P4,ARG145A,1595,salt_bridges,salt_bridge,TMP:C:1:P4,P4,TMP,C,1
AqTMK_276,/home/wms/AF2-test/AF2-CatGraph/results/AqTMK/02_template_guided_docking/complexes/AqTMK_276_complex.pdb,results/AqTMK/05_plip_interaction_graphs/plip_outputs/AqTMK_276/report.xml,hydrogen_bonds,O10,ASP9A,1591,hydrogen_bonds,hydrogen_bond,ATP:B:1:O10,O10,ATP,B,1
AqTMK_276,/home/wms/AF2-test/AF2-CatGraph/results/AqTMK/02_template_guided_docking/complexes/AqTMK_276_complex.pdb,results/AqTMK/05_plip_interaction_graphs/plip_outputs/AqTMK_276/report.xml,hydrogen_bonds,O8,GLY10A,1588,hydrogen_bonds,hydrogen_bond,ATP:B:1:O8,O8,ATP,B,1
AqTMK_276,/home/wms/AF2-test/AF2-CatGraph/results/AqTMK/02_template_guided_docking/complexes/AqTMK_276_complex.pdb,results/AqTMK/05_plip_interaction_graphs/plip_outputs/AqTMK_276/report.xml,hydrogen_bonds,O7,SER11A,1587,hydrogen_bonds,hydrogen_bond,ATP:B:1:O7,O7,ATP,B,1
AqTMK_276,/home/wms/AF2-test/AF2-CatGraph/results/AqTMK/02_template_guided_docking/complexes/AqTMK_276_complex.pdb,results/AqTMK/05_plip_interaction_graphs/plip_outputs/AqTMK_276/report.xml,hydrogen_bonds,O7,GLY12A,1587,hydrogen_bonds,hydrogen_bond,ATP:B:1:O7,O7,ATP,B,1
AqTMK_276,/home/wms/AF2-test/AF2-CatGraph/results/AqTMK/02_template_guided_docking/complexes/AqTMK_276_complex.pdb,results/AqTMK/05_plip_interaction_graphs/plip_outputs/AqTMK_276/report.xml,hydrogen_bonds,O7,LYS13A,1587,hydrogen_bonds,hydrogen_bond,ATP:B:1:O7,O7,ATP,B,1
AqTMK_276,/home/wms/AF2-test/AF2-CatGraph/results/AqTMK/02_template_guided_docking/complexes/AqTMK_276_complex.pdb,results/AqTMK/05_plip_interaction_graphs/plip_outputs/AqTMK_276/report.xml,hydrogen_bonds,O6,THR14A,1586,hydrogen_bonds,hydrogen_bond,ATP:B:1:O6,O6,ATP,B,1
AqTMK_276,/home/wms/AF2-test/AF2-CatGraph/results/AqTMK/02_template_guided_docking/complexes/AqTMK_276_complex.pdb,results/AqTMK/05_plip_interaction_graphs/plip_outputs/AqTMK_276/report.xml,hydrogen_bonds,O4,THR15A,1583,hydrogen_bonds,hydrogen_bond,ATP:B:1:O4,O4,ATP,B,1
AqTMK_276,/home/wms/AF2-test/AF2-CatGraph/results/AqTMK/02_template_guided_docking/complexes/AqTMK_276_complex.pdb,results/AqTMK/05_plip_interaction_graphs/plip_outputs/AqTMK_276/report.xml,hydrogen_bonds,O4,THR15A,1583,hydrogen_bonds,hydrogen_bond,ATP:B:1:O4,O4,ATP,B,1
AqTMK_276,/home/wms/AF2-test/AF2-CatGraph/results/AqTMK/02_template_guided_docking/complexes/AqTMK_276_complex.pdb,results/AqTMK/05_plip_interaction_graphs/plip_outputs/AqTMK_276/report.xml,salt_bridges,P2,LYS13A,1585,salt_bridges,salt_bridge,ATP:B:1:P2,P2,ATP,B,1
AqTMK_276,/home/wms/AF2-test/AF2-CatGraph/results/AqTMK/02_template_guided_docking/complexes/AqTMK_276_complex.pdb,results/AqTMK/05_plip_interaction_graphs/plip_outputs/AqTMK_276/report.xml,salt_bridges,P3,LYS13A,1589,salt_bridges,salt_bridge,ATP:B:1:P3,P3,ATP,B,1
AqTMK_276,/home/wms/AF2-test/AF2-CatGraph/results/AqTMK/02_template_guided_docking/complexes/AqTMK_276_complex.pdb,results/AqTMK/05_plip_interaction_graphs/plip_outputs/AqTMK_276/report.xml,metal_complexes,MG,THR14A,1599,metal_complexes,metal_complex,MG:B:203:MG,MG,MG,B,203
AqTMK_276,/home/wms/AF2-test/AF2-CatGraph/results/AqTMK/02_template_guided_docking/complexes/AqTMK_276_complex.pdb,results/AqTMK/05_plip_interaction_graphs/plip_outputs/AqTMK_276/report.xml,salt_bridges,P4,LYS13A,1595,salt_bridges,salt_bridge,TMP:C:1:P4,P4,TMP,C,1
AqTMK_276,/home/wms/AF2-test/AF2-CatGraph/results/AqTMK/02_template_guided_docking/complexes/AqTMK_276_complex.pdb,results/AqTMK/05_plip_interaction_graphs/plip_outputs/AqTMK_276/report.xml,salt_bridges,P4,ARG35A,1595,salt_bridges,salt_bridge,TMP:C:1:P4,P4,TMP,C,1
AqTMK_276,/home/wms/AF2-test/AF2-CatGraph/results/AqTMK/02_template_guided_docking/complexes/AqTMK_276_complex.pdb,results/AqTMK/05_plip_interaction_graphs/plip_outputs/AqTMK_276/report.xml,salt_bridges,P4,ARG47A,1595,salt_bridges,salt_bridge,TMP:C:1:P4,P4,TMP,C,1
AqTMK_277,/home/wms/AF2-test/AF2-CatGraph/results/AqTMK/02_template_guided_docking/complexes/AqTMK_277_complex.pdb,results/AqTMK/05_plip_interaction_graphs/plip_outputs/AqTMK_277/report.xml,hydrogen_bonds,O10,ASP9A,1591,hydrogen_bonds,hydrogen_bond,ATP:B:1:O10,O10,ATP,B,1
AqTMK_277,/home/wms/AF2-test/AF2-CatGraph/results/AqTMK/02_template_guided_docking/complexes/AqTMK_277_complex.pdb,results/AqTMK/05_plip_interaction_graphs/plip_outputs/AqTMK_277/report.xml,hydrogen_bonds,O8,GLY10A,1588,hydrogen_bonds,hydrogen_bond,ATP:B:1:O8,O8,ATP,B,1
AqTMK_277,/home/wms/AF2-test/AF2-CatGraph/results/AqTMK/02_template_guided_docking/complexes/AqTMK_277_complex.pdb,results/AqTMK/05_plip_interaction_graphs/plip_outputs/AqTMK_277/report.xml,hydrogen_bonds,O7,SER11A,1587,hydrogen_bonds,hydrogen_bond,ATP:B:1:O7,O7,ATP,B,1
AqTMK_277,/home/wms/AF2-test/AF2-CatGraph/results/AqTMK/02_template_guided_docking/complexes/AqTMK_277_complex.pdb,results/AqTMK/05_plip_interaction_graphs/plip_outputs/AqTMK_277/report.xml,hydrogen_bonds,O5,GLY12A,1584,hydrogen_bonds,hydrogen_bond,ATP:B:1:O5,O5,ATP,B,1
AqTMK_277,/home/wms/AF2-test/AF2-CatGraph/results/AqTMK/02_template_guided_docking/complexes/AqTMK_277_complex.pdb,results/AqTMK/05_plip_interaction_graphs/plip_outputs/AqTMK_277/report.xml,hydrogen_bonds,O7,LYS13A,1587,hydrogen_bonds,hydrogen_bond,ATP:B:1:O7,O7,ATP,B,1
AqTMK_277,/home/wms/AF2-test/AF2-CatGraph/results/AqTMK/02_template_guided_docking/complexes/AqTMK_277_complex.pdb,results/AqTMK/05_plip_interaction_graphs/plip_outputs/AqTMK_277/report.xml,hydrogen_bonds,O6,THR14A,1586,hydrogen_bonds,hydrogen_bond,ATP:B:1:O6,O6,ATP,B,1
AqTMK_277,/home/wms/AF2-test/AF2-CatGraph/results/AqTMK/02_template_guided_docking/complexes/AqTMK_277_complex.pdb,results/AqTMK/05_plip_interaction_graphs/plip_outputs/AqTMK_277/report.xml,hydrogen_bonds,O4,THR15A,1583,hydrogen_bonds,hydrogen_bond,ATP:B:1:O4,O4,ATP,B,1
AqTMK_277,/home/wms/AF2-test/AF2-CatGraph/results/AqTMK/02_template_guided_docking/complexes/AqTMK_277_complex.pdb,results/AqTMK/05_plip_interaction_graphs/plip_outputs/AqTMK_277/report.xml,hydrogen_bonds,O4,THR15A,1583,hydrogen_bonds,hydrogen_bond,ATP:B:1:O4,O4,ATP,B,1
AqTMK_277,/home/wms/AF2-test/AF2-CatGraph/results/AqTMK/02_template_guided_docking/complexes/AqTMK_277_complex.pdb,results/AqTMK/05_plip_interaction_graphs/plip_outputs/AqTMK_277/report.xml,hydrogen_bonds,O10,ARG90A,1591,hydrogen_bonds,hydrogen_bond,ATP:B:1:O10,O10,ATP,B,1
AqTMK_277,/home/wms/AF2-test/AF2-CatGraph/results/AqTMK/02_template_guided_docking/complexes/AqTMK_277_complex.pdb,results/AqTMK/05_plip_interaction_graphs/plip_outputs/AqTMK_277/report.xml,salt_bridges,P2,LYS13A,1585,salt_bridges,salt_bridge,ATP:B:1:P2,P2,ATP,B,1
AqTMK_277,/home/wms/AF2-test/AF2-CatGraph/results/AqTMK/02_template_guided_docking/complexes/AqTMK_277_complex.pdb,results/AqTMK/05_plip_interaction_graphs/plip_outputs/AqTMK_277/report.xml,salt_bridges,P3,LYS13A,1589,salt_bridges,salt_bridge,ATP:B:1:P3,P3,ATP,B,1
AqTMK_277,/home/wms/AF2-test/AF2-CatGraph/results/AqTMK/02_template_guided_docking/complexes/AqTMK_277_complex.pdb,results/AqTMK/05_plip_interaction_graphs/plip_outputs/AqTMK_277/report.xml,metal_complexes,MG,THR14A,1599,metal_complexes,metal_complex,MG:B:203:MG,MG,MG,B,203
AqTMK_277,/home/wms/AF2-test/AF2-CatGraph/results/AqTMK/02_template_guided_docking/complexes/AqTMK_277_complex.pdb,results/AqTMK/05_plip_interaction_graphs/plip_outputs/AqTMK_277/report.xml,salt_bridges,P4,ARG35A,1595,salt_bridges,salt_bridge,TMP:C:1:P4,P4,TMP,C,1
AqTMK_277,/home/wms/AF2-test/AF2-CatGraph/results/AqTMK/02_template_guided_docking/complexes/AqTMK_277_complex.pdb,results/AqTMK/05_plip_interaction_graphs/plip_outputs/AqTMK_277/report.xml,salt_bridges,P4,ARG90A,1595,salt_bridges,salt_bridge,TMP:C:1:P4,P4,TMP,C,1
AqTMK_279,/home/wms/AF2-test/AF2-CatGraph/results/AqTMK/02_template_guided_docking/complexes/AqTMK_279_complex.pdb,results/AqTMK/05_plip_interaction_graphs/plip_outputs/AqTMK_279/report.xml,hydrogen_bonds,O8,ASP9A,1588,hydrogen_bonds,hydrogen_bond,ATP:B:1:O8,O8,ATP,B,1
AqTMK_279,/home/wms/AF2-test/AF2-CatGraph/results/AqTMK/02_template_guided_docking/complexes/AqTMK_279_complex.pdb,results/AqTMK/05_plip_interaction_graphs/plip_outputs/AqTMK_279/report.xml,hydrogen_bonds,O8,GLY10A,1588,hydrogen_bonds,hydrogen_bond,ATP:B:1:O8,O8,ATP,B,1
AqTMK_279,/home/wms/AF2-test/AF2-CatGraph/results/AqTMK/02_template_guided_docking/complexes/AqTMK_279_complex.pdb,results/AqTMK/05_plip_interaction_graphs/plip_outputs/AqTMK_279/report.xml,hydrogen_bonds,O7,SER11A,1587,hydrogen_bonds,hydrogen_bond,ATP:B:1:O7,O7,ATP,B,1
AqTMK_279,/home/wms/AF2-test/AF2-CatGraph/results/AqTMK/02_template_guided_docking/complexes/AqTMK_279_complex.pdb,results/AqTMK/05_plip_interaction_graphs/plip_outputs/AqTMK_279/report.xml,hydrogen_bonds,O5,GLY12A,1584,hydrogen_bonds,hydrogen_bond,ATP:B:1:O5,O5,ATP,B,1
AqTMK_279,/home/wms/AF2-test/AF2-CatGraph/results/AqTMK/02_template_guided_docking/complexes/AqTMK_279_complex.pdb,results/AqTMK/05_plip_interaction_graphs/plip_outputs/AqTMK_279/report.xml,hydrogen_bonds,O7,LYS13A,1587,hydrogen_bonds,hydrogen_bond,ATP:B:1:O7,O7,ATP,B,1
AqTMK_279,/home/wms/AF2-test/AF2-CatGraph/results/AqTMK/02_template_guided_docking/complexes/AqTMK_279_complex.pdb,results/AqTMK/05_plip_interaction_graphs/plip_outputs/AqTMK_279/report.xml,hydrogen_bonds,O6,THR14A,1586,hydrogen_bonds,hydrogen_bond,ATP:B:1:O6,O6,ATP,B,1
AqTMK_279,/home/wms/AF2-test/AF2-CatGraph/results/AqTMK/02_template_guided_docking/complexes/AqTMK_279_complex.pdb,results/AqTMK/05_plip_interaction_graphs/plip_outputs/AqTMK_279/report.xml,hydrogen_bonds,O4,THR15A,1583,hydrogen_bonds,hydrogen_bond,ATP:B:1:O4,O4,ATP,B,1
AqTMK_279,/home/wms/AF2-test/AF2-CatGraph/results/AqTMK/02_template_guided_docking/complexes/AqTMK_279_complex.pdb,results/AqTMK/05_plip_interaction_graphs/plip_outputs/AqTMK_279/report.xml,hydrogen_bonds,O4,THR15A,1583,hydrogen_bonds,hydrogen_bond,ATP:B:1:O4,O4,ATP,B,1
AqTMK_279,/home/wms/AF2-test/AF2-CatGraph/results/AqTMK/02_template_guided_docking/complexes/AqTMK_279_complex.pdb,results/AqTMK/05_plip_interaction_graphs/plip_outputs/AqTMK_279/report.xml,hydrogen_bonds,O10,ARG90A,1591,hydrogen_bonds,hydrogen_bond,ATP:B:1:O10,O10,ATP,B,1
AqTMK_279,/home/wms/AF2-test/AF2-CatGraph/results/AqTMK/02_template_guided_docking/complexes/AqTMK_279_complex.pdb,results/AqTMK/05_plip_interaction_graphs/plip_outputs/AqTMK_279/report.xml,salt_bridges,P2,LYS13A,1585,salt_bridges,salt_bridge,ATP:B:1:P2,P2,ATP,B,1
AqTMK_279,/home/wms/AF2-test/AF2-CatGraph/results/AqTMK/02_template_guided_docking/complexes/AqTMK_279_complex.pdb,results/AqTMK/05_plip_interaction_graphs/plip_outputs/AqTMK_279/report.xml,salt_bridges,P3,LYS13A,1589,salt_bridges,salt_bridge,ATP:B:1:P3,P3,ATP,B,1
AqTMK_279,/home/wms/AF2-test/AF2-CatGraph/results/AqTMK/02_template_guided_docking/complexes/AqTMK_279_complex.pdb,results/AqTMK/05_plip_interaction_graphs/plip_outputs/AqTMK_279/report.xml,metal_complexes,MG,THR14A,1599,metal_complexes,metal_complex,MG:B:203:MG,MG,MG,B,203
AqTMK_279,/home/wms/AF2-test/AF2-CatGraph/results/AqTMK/02_template_guided_docking/complexes/AqTMK_279_complex.pdb,results/AqTMK/05_plip_interaction_graphs/plip_outputs/AqTMK_279/report.xml,hydrogen_bonds,O13,ASP9A,1596,hydrogen_bonds,hydrogen_bond,TMP:C:1:O13,O13,TMP,C,1
AqTMK_279,/home/wms/AF2-test/AF2-CatGraph/results/AqTMK/02_template_guided_docking/complexes/AqTMK_279_complex.pdb,results/AqTMK/05_plip_interaction_graphs/plip_outputs/AqTMK_279/report.xml,salt_bridges,P4,ARG35A,1595,salt_bridges,salt_bridge,TMP:C:1:P4,P4,TMP,C,1
AqTMK_279,/home/wms/AF2-test/AF2-CatGraph/results/AqTMK/02_template_guided_docking/complexes/AqTMK_279_complex.pdb,results/AqTMK/05_plip_interaction_graphs/plip_outputs/AqTMK_279/report.xml,salt_bridges,P4,ARG90A,1595,salt_bridges,salt_bridge,TMP:C:1:P4,P4,TMP,C,1
AqTMK_281,/home/wms/AF2-test/AF2-CatGraph/results/AqTMK/02_template_guided_docking/complexes/AqTMK_281_complex.pdb,results/AqTMK/05_plip_interaction_graphs/plip_outputs/AqTMK_281/report.xml,hydrogen_bonds,O10,ASP9A,1591,hydrogen_bonds,hydrogen_bond,ATP:B:1:O10,O10,ATP,B,1
AqTMK_281,/home/wms/AF2-test/AF2-CatGraph/results/AqTMK/02_template_guided_docking/complexes/AqTMK_281_complex.pdb,results/AqTMK/05_plip_interaction_graphs/plip_outputs/AqTMK_281/report.xml,hydrogen_bonds,O8,GLY10A,1588,hydrogen_bonds,hydrogen_bond,ATP:B:1:O8,O8,ATP,B,1
AqTMK_281,/home/wms/AF2-test/AF2-CatGraph/results/AqTMK/02_template_guided_docking/complexes/AqTMK_281_complex.pdb,results/AqTMK/05_plip_interaction_graphs/plip_outputs/AqTMK_281/report.xml,hydrogen_bonds,O7,SER11A,1587,hydrogen_bonds,hydrogen_bond,ATP:B:1:O7,O7,ATP,B,1
AqTMK_281,/home/wms/AF2-test/AF2-CatGraph/results/AqTMK/02_template_guided_docking/complexes/AqTMK_281_complex.pdb,results/AqTMK/05_plip_interaction_graphs/plip_outputs/AqTMK_281/report.xml,hydrogen_bonds,O5,GLY12A,1584,hydrogen_bonds,hydrogen_bond,ATP:B:1:O5,O5,ATP,B,1
AqTMK_281,/home/wms/AF2-test/AF2-CatGraph/results/AqTMK/02_template_guided_docking/complexes/AqTMK_281_complex.pdb,results/AqTMK/05_plip_interaction_graphs/plip_outputs/AqTMK_281/report.xml,hydrogen_bonds,O7,LYS13A,1587,hydrogen_bonds,hydrogen_bond,ATP:B:1:O7,O7,ATP,B,1
AqTMK_281,/home/wms/AF2-test/AF2-CatGraph/results/AqTMK/02_template_guided_docking/complexes/AqTMK_281_complex.pdb,results/AqTMK/05_plip_interaction_graphs/plip_outputs/AqTMK_281/report.xml,hydrogen_bonds,O6,THR14A,1586,hydrogen_bonds,hydrogen_bond,ATP:B:1:O6,O6,ATP,B,1
AqTMK_281,/home/wms/AF2-test/AF2-CatGraph/results/AqTMK/02_template_guided_docking/complexes/AqTMK_281_complex.pdb,results/AqTMK/05_plip_interaction_graphs/plip_outputs/AqTMK_281/report.xml,hydrogen_bonds,O2,THR15A,1580,hydrogen_bonds,hydrogen_bond,ATP:B:1:O2,O2,ATP,B,1
AqTMK_281,/home/wms/AF2-test/AF2-CatGraph/results/AqTMK/02_template_guided_docking/complexes/AqTMK_281_complex.pdb,results/AqTMK/05_plip_interaction_graphs/plip_outputs/AqTMK_281/report.xml,hydrogen_bonds,O4,THR15A,1583,hydrogen_bonds,hydrogen_bond,ATP:B:1:O4,O4,ATP,B,1
AqTMK_281,/home/wms/AF2-test/AF2-CatGraph/results/AqTMK/02_template_guided_docking/complexes/AqTMK_281_complex.pdb,results/AqTMK/05_plip_interaction_graphs/plip_outputs/AqTMK_281/report.xml,hydrogen_bonds,O4,THR15A,1583,hydrogen_bonds,hydrogen_bond,ATP:B:1:O4,O4,ATP,B,1
AqTMK_281,/home/wms/AF2-test/AF2-CatGraph/results/AqTMK/02_template_guided_docking/complexes/AqTMK_281_complex.pdb,results/AqTMK/05_plip_interaction_graphs/plip_outputs/AqTMK_281/report.xml,salt_bridges,P2,LYS13A,1585,salt_bridges,salt_bridge,ATP:B:1:P2,P2,ATP,B,1
AqTMK_281,/home/wms/AF2-test/AF2-CatGraph/results/AqTMK/02_template_guided_docking/complexes/AqTMK_281_complex.pdb,results/AqTMK/05_plip_interaction_graphs/plip_outputs/AqTMK_281/report.xml,salt_bridges,P3,LYS13A,1589,salt_bridges,salt_bridge,ATP:B:1:P3,P3,ATP,B,1
AqTMK_281,/home/wms/AF2-test/AF2-CatGraph/results/AqTMK/02_template_guided_docking/complexes/AqTMK_281_complex.pdb,results/AqTMK/05_plip_interaction_graphs/plip_outputs/AqTMK_281/report.xml,salt_bridges,P3,ARG90A,1589,salt_bridges,salt_bridge,ATP:B:1:P3,P3,ATP,B,1
AqTMK_281,/home/wms/AF2-test/AF2-CatGraph/results/AqTMK/02_template_guided_docking/complexes/AqTMK_281_complex.pdb,results/AqTMK/05_plip_interaction_graphs/plip_outputs/AqTMK_281/report.xml,salt_bridges,P1,LYS143A,1581,salt_bridges,salt_bridge,ATP:B:1:P1,P1,ATP,B,1
AqTMK_281,/home/wms/AF2-test/AF2-CatGraph/results/AqTMK/02_template_guided_docking/complexes/AqTMK_281_complex.pdb,results/AqTMK/05_plip_interaction_graphs/plip_outputs/AqTMK_281/report.xml,metal_complexes,MG,THR14A,1599,metal_complexes,metal_complex,MG:B:203:MG,MG,MG,B,203
AqTMK_281,/home/wms/AF2-test/AF2-CatGraph/results/AqTMK/02_template_guided_docking/complexes/AqTMK_281_complex.pdb,results/AqTMK/05_plip_interaction_graphs/plip_outputs/AqTMK_281/report.xml,salt_bridges,P4,ARG35A,1595,salt_bridges,salt_bridge,TMP:C:1:P4,P4,TMP,C,1
AqTMK_281,/home/wms/AF2-test/AF2-CatGraph/results/AqTMK/02_template_guided_docking/complexes/AqTMK_281_complex.pdb,results/AqTMK/05_plip_interaction_graphs/plip_outputs/AqTMK_281/report.xml,salt_bridges,P4,ARG47A,1595,salt_bridges,salt_bridge,TMP:C:1:P4,P4,TMP,C,1
AqTMK_281,/home/wms/AF2-test/AF2-CatGraph/results/AqTMK/02_template_guided_docking/complexes/AqTMK_281_complex.pdb,results/AqTMK/05_plip_interaction_graphs/plip_outputs/AqTMK_281/report.xml,salt_bridges,P4,ARG90A,1595,salt_bridges,salt_bridge,TMP:C:1:P4,P4,TMP,C,1
AqTMK_284,/home/wms/AF2-test/AF2-CatGraph/results/AqTMK/02_template_guided_docking/complexes/AqTMK_284_complex.pdb,results/AqTMK/05_plip_interaction_graphs/plip_outputs/AqTMK_284/report.xml,hydrogen_bonds,O10,ASP9A,1591,hydrogen_bonds,hydrogen_bond,ATP:B:1:O10,O10,ATP,B,1
AqTMK_284,/home/wms/AF2-test/AF2-CatGraph/results/AqTMK/02_template_guided_docking/complexes/AqTMK_284_complex.pdb,results/AqTMK/05_plip_interaction_graphs/plip_outputs/AqTMK_284/report.xml,hydrogen_bonds,O8,GLY10A,1588,hydrogen_bonds,hydrogen_bond,ATP:B:1:O8,O8,ATP,B,1
AqTMK_284,/home/wms/AF2-test/AF2-CatGraph/results/AqTMK/02_template_guided_docking/complexes/AqTMK_284_complex.pdb,results/AqTMK/05_plip_interaction_graphs/plip_outputs/AqTMK_284/report.xml,hydrogen_bonds,O7,SER11A,1587,hydrogen_bonds,hydrogen_bond,ATP:B:1:O7,O7,ATP,B,1
AqTMK_284,/home/wms/AF2-test/AF2-CatGraph/results/AqTMK/02_template_guided_docking/complexes/AqTMK_284_complex.pdb,results/AqTMK/05_plip_interaction_graphs/plip_outputs/AqTMK_284/report.xml,hydrogen_bonds,O7,GLY12A,1587,hydrogen_bonds,hydrogen_bond,ATP:B:1:O7,O7,ATP,B,1
AqTMK_284,/home/wms/AF2-test/AF2-CatGraph/results/AqTMK/02_template_guided_docking/complexes/AqTMK_284_complex.pdb,results/AqTMK/05_plip_interaction_graphs/plip_outputs/AqTMK_284/report.xml,hydrogen_bonds,O7,LYS13A,1587,hydrogen_bonds,hydrogen_bond,ATP:B:1:O7,O7,ATP,B,1
AqTMK_284,/home/wms/AF2-test/AF2-CatGraph/results/AqTMK/02_template_guided_docking/complexes/AqTMK_284_complex.pdb,results/AqTMK/05_plip_interaction_graphs/plip_outputs/AqTMK_284/report.xml,hydrogen_bonds,O6,THR14A,1586,hydrogen_bonds,hydrogen_bond,ATP:B:1:O6,O6,ATP,B,1
AqTMK_284,/home/wms/AF2-test/AF2-CatGraph/results/AqTMK/02_template_guided_docking/complexes/AqTMK_284_complex.pdb,results/AqTMK/05_plip_interaction_graphs/plip_outputs/AqTMK_284/report.xml,hydrogen_bonds,O2,THR15A,1580,hydrogen_bonds,hydrogen_bond,ATP:B:1:O2,O2,ATP,B,1
AqTMK_284,/home/wms/AF2-test/AF2-CatGraph/results/AqTMK/02_template_guided_docking/complexes/AqTMK_284_complex.pdb,results/AqTMK/05_plip_interaction_graphs/plip_outputs/AqTMK_284/report.xml,hydrogen_bonds,O4,THR15A,1583,hydrogen_bonds,hydrogen_bond,ATP:B:1:O4,O4,ATP,B,1
AqTMK_284,/home/wms/AF2-test/AF2-CatGraph/results/AqTMK/02_template_guided_docking/complexes/AqTMK_284_complex.pdb,results/AqTMK/05_plip_interaction_graphs/plip_outputs/AqTMK_284/report.xml,hydrogen_bonds,O4,THR15A,1583,hydrogen_bonds,hydrogen_bond,ATP:B:1:O4,O4,ATP,B,1
AqTMK_284,/home/wms/AF2-test/AF2-CatGraph/results/AqTMK/02_template_guided_docking/complexes/AqTMK_284_complex.pdb,results/AqTMK/05_plip_interaction_graphs/plip_outputs/AqTMK_284/report.xml,salt_bridges,P2,LYS13A,1585,salt_bridges,salt_bridge,ATP:B:1:P2,P2,ATP,B,1
AqTMK_284,/home/wms/AF2-test/AF2-CatGraph/results/AqTMK/02_template_guided_docking/complexes/AqTMK_284_complex.pdb,results/AqTMK/05_plip_interaction_graphs/plip_outputs/AqTMK_284/report.xml,salt_bridges,P3,LYS13A,1589,salt_bridges,salt_bridge,ATP:B:1:P3,P3,ATP,B,1
AqTMK_284,/home/wms/AF2-test/AF2-CatGraph/results/AqTMK/02_template_guided_docking/complexes/AqTMK_284_complex.pdb,results/AqTMK/05_plip_interaction_graphs/plip_outputs/AqTMK_284/report.xml,metal_complexes,MG,THR14A,1599,metal_complexes,metal_complex,MG:B:203:MG,MG,MG,B,203
AqTMK_284,/home/wms/AF2-test/AF2-CatGraph/results/AqTMK/02_template_guided_docking/complexes/AqTMK_284_complex.pdb,results/AqTMK/05_plip_interaction_graphs/plip_outputs/AqTMK_284/report.xml,salt_bridges,P4,LYS13A,1595,salt_bridges,salt_bridge,TMP:C:1:P4,P4,TMP,C,1
AqTMK_284,/home/wms/AF2-test/AF2-CatGraph/results/AqTMK/02_template_guided_docking/complexes/AqTMK_284_complex.pdb,results/AqTMK/05_plip_interaction_graphs/plip_outputs/AqTMK_284/report.xml,salt_bridges,P4,ARG35A,1595,salt_bridges,salt_bridge,TMP:C:1:P4,P4,TMP,C,1
AqTMK_284,/home/wms/AF2-test/AF2-CatGraph/results/AqTMK/02_template_guided_docking/complexes/AqTMK_284_complex.pdb,results/AqTMK/05_plip_interaction_graphs/plip_outputs/AqTMK_284/report.xml,salt_bridges,P4,ARG47A,1595,salt_bridges,salt_bridge,TMP:C:1:P4,P4,TMP,C,1
AqTMK_284,/home/wms/AF2-test/AF2-CatGraph/results/AqTMK/02_template_guided_docking/complexes/AqTMK_284_complex.pdb,results/AqTMK/05_plip_interaction_graphs/plip_outputs/AqTMK_284/report.xml,salt_bridges,P4,ARG90A,1595,salt_bridges,salt_bridge,TMP:C:1:P4,P4,TMP,C,1
AqTMK_285,/home/wms/AF2-test/AF2-CatGraph/results/AqTMK/02_template_guided_docking/complexes/AqTMK_285_complex.pdb,results/AqTMK/05_plip_interaction_graphs/plip_outputs/AqTMK_285/report.xml,hydrogen_bonds,O10,ASP9A,1591,hydrogen_bonds,hydrogen_bond,ATP:B:1:O10,O10,ATP,B,1
AqTMK_285,/home/wms/AF2-test/AF2-CatGraph/results/AqTMK/02_template_guided_docking/complexes/AqTMK_285_complex.pdb,results/AqTMK/05_plip_interaction_graphs/plip_outputs/AqTMK_285/report.xml,hydrogen_bonds,O8,GLY10A,1588,hydrogen_bonds,hydrogen_bond,ATP:B:1:O8,O8,ATP,B,1
AqTMK_285,/home/wms/AF2-test/AF2-CatGraph/results/AqTMK/02_template_guided_docking/complexes/AqTMK_285_complex.pdb,results/AqTMK/05_plip_interaction_graphs/plip_outputs/AqTMK_285/report.xml,hydrogen_bonds,O7,SER11A,1587,hydrogen_bonds,hydrogen_bond,ATP:B:1:O7,O7,ATP,B,1
AqTMK_285,/home/wms/AF2-test/AF2-CatGraph/results/AqTMK/02_template_guided_docking/complexes/AqTMK_285_complex.pdb,results/AqTMK/05_plip_interaction_graphs/plip_outputs/AqTMK_285/report.xml,hydrogen_bonds,O7,GLY12A,1587,hydrogen_bonds,hydrogen_bond,ATP:B:1:O7,O7,ATP,B,1
AqTMK_285,/home/wms/AF2-test/AF2-CatGraph/results/AqTMK/02_template_guided_docking/complexes/AqTMK_285_complex.pdb,results/AqTMK/05_plip_interaction_graphs/plip_outputs/AqTMK_285/report.xml,hydrogen_bonds,O7,LYS13A,1587,hydrogen_bonds,hydrogen_bond,ATP:B:1:O7,O7,ATP,B,1
AqTMK_285,/home/wms/AF2-test/AF2-CatGraph/results/AqTMK/02_template_guided_docking/complexes/AqTMK_285_complex.pdb,results/AqTMK/05_plip_interaction_graphs/plip_outputs/AqTMK_285/report.xml,hydrogen_bonds,O6,THR14A,1586,hydrogen_bonds,hydrogen_bond,ATP:B:1:O6,O6,ATP,B,1
AqTMK_285,/home/wms/AF2-test/AF2-CatGraph/results/AqTMK/02_template_guided_docking/complexes/AqTMK_285_complex.pdb,results/AqTMK/05_plip_interaction_graphs/plip_outputs/AqTMK_285/report.xml,hydrogen_bonds,O2,THR15A,1580,hydrogen_bonds,hydrogen_bond,ATP:B:1:O2,O2,ATP,B,1
AqTMK_285,/home/wms/AF2-test/AF2-CatGraph/results/AqTMK/02_template_guided_docking/complexes/AqTMK_285_complex.pdb,results/AqTMK/05_plip_interaction_graphs/plip_outputs/AqTMK_285/report.xml,hydrogen_bonds,O4,THR15A,1583,hydrogen_bonds,hydrogen_bond,ATP:B:1:O4,O4,ATP,B,1
AqTMK_285,/home/wms/AF2-test/AF2-CatGraph/results/AqTMK/02_template_guided_docking/complexes/AqTMK_285_complex.pdb,results/AqTMK/05_plip_interaction_graphs/plip_outputs/AqTMK_285/report.xml,hydrogen_bonds,O4,THR15A,1583,hydrogen_bonds,hydrogen_bond,ATP:B:1:O4,O4,ATP,B,1
AqTMK_285,/home/wms/AF2-test/AF2-CatGraph/results/AqTMK/02_template_guided_docking/complexes/AqTMK_285_complex.pdb,results/AqTMK/05_plip_interaction_graphs/plip_outputs/AqTMK_285/report.xml,salt_bridges,P2,LYS13A,1585,salt_bridges,salt_bridge,ATP:B:1:P2,P2,ATP,B,1
AqTMK_285,/home/wms/AF2-test/AF2-CatGraph/results/AqTMK/02_template_guided_docking/complexes/AqTMK_285_complex.pdb,results/AqTMK/05_plip_interaction_graphs/plip_outputs/AqTMK_285/report.xml,salt_bridges,P3,LYS13A,1589,salt_bridges,salt_bridge,ATP:B:1:P3,P3,ATP,B,1
AqTMK_285,/home/wms/AF2-test/AF2-CatGraph/results/AqTMK/02_template_guided_docking/complexes/AqTMK_285_complex.pdb,results/AqTMK/05_plip_interaction_graphs/plip_outputs/AqTMK_285/report.xml,salt_bridges,P3,ARG90A,1589,salt_bridges,salt_bridge,ATP:B:1:P3,P3,ATP,B,1
AqTMK_285,/home/wms/AF2-test/AF2-CatGraph/results/AqTMK/02_template_guided_docking/complexes/AqTMK_285_complex.pdb,results/AqTMK/05_plip_interaction_graphs/plip_outputs/AqTMK_285/report.xml,metal_complexes,MG,THR14A,1599,metal_complexes,metal_complex,MG:B:203:MG,MG,MG,B,203
AqTMK_285,/home/wms/AF2-test/AF2-CatGraph/results/AqTMK/02_template_guided_docking/complexes/AqTMK_285_complex.pdb,results/AqTMK/05_plip_interaction_graphs/plip_outputs/AqTMK_285/report.xml,hydrogen_bonds,O14,ARG47A,1597,hydrogen_bonds,hydrogen_bond,TMP:C:1:O14,O14,TMP,C,1
AqTMK_285,/home/wms/AF2-test/AF2-CatGraph/results/AqTMK/02_template_guided_docking/complexes/AqTMK_285_complex.pdb,results/AqTMK/05_plip_interaction_graphs/plip_outputs/AqTMK_285/report.xml,salt_bridges,P4,ARG35A,1595,salt_bridges,salt_bridge,TMP:C:1:P4,P4,TMP,C,1
AqTMK_285,/home/wms/AF2-test/AF2-CatGraph/results/AqTMK/02_template_guided_docking/complexes/AqTMK_285_complex.pdb,results/AqTMK/05_plip_interaction_graphs/plip_outputs/AqTMK_285/report.xml,salt_bridges,P4,ARG90A,1595,salt_bridges,salt_bridge,TMP:C:1:P4,P4,TMP,C,1
AqTMK_286,/home/wms/AF2-test/AF2-CatGraph/results/AqTMK/02_template_guided_docking/complexes/AqTMK_286_complex.pdb,results/AqTMK/05_plip_interaction_graphs/plip_outputs/AqTMK_286/report.xml,hydrogen_bonds,O10,ASP9A,1591,hydrogen_bonds,hydrogen_bond,ATP:B:1:O10,O10,ATP,B,1
AqTMK_286,/home/wms/AF2-test/AF2-CatGraph/results/AqTMK/02_template_guided_docking/complexes/AqTMK_286_complex.pdb,results/AqTMK/05_plip_interaction_graphs/plip_outputs/AqTMK_286/report.xml,hydrogen_bonds,O8,GLY10A,1588,hydrogen_bonds,hydrogen_bond,ATP:B:1:O8,O8,ATP,B,1
AqTMK_286,/home/wms/AF2-test/AF2-CatGraph/results/AqTMK/02_template_guided_docking/complexes/AqTMK_286_complex.pdb,results/AqTMK/05_plip_interaction_graphs/plip_outputs/AqTMK_286/report.xml,hydrogen_bonds,O7,SER11A,1587,hydrogen_bonds,hydrogen_bond,ATP:B:1:O7,O7,ATP,B,1
AqTMK_286,/home/wms/AF2-test/AF2-CatGraph/results/AqTMK/02_template_guided_docking/complexes/AqTMK_286_complex.pdb,results/AqTMK/05_plip_interaction_graphs/plip_outputs/AqTMK_286/report.xml,hydrogen_bonds,O5,GLY12A,1584,hydrogen_bonds,hydrogen_bond,ATP:B:1:O5,O5,ATP,B,1
AqTMK_286,/home/wms/AF2-test/AF2-CatGraph/results/AqTMK/02_template_guided_docking/complexes/AqTMK_286_complex.pdb,results/AqTMK/05_plip_interaction_graphs/plip_outputs/AqTMK_286/report.xml,hydrogen_bonds,O7,LYS13A,1587,hydrogen_bonds,hydrogen_bond,ATP:B:1:O7,O7,ATP,B,1
AqTMK_286,/home/wms/AF2-test/AF2-CatGraph/results/AqTMK/02_template_guided_docking/complexes/AqTMK_286_complex.pdb,results/AqTMK/05_plip_interaction_graphs/plip_outputs/AqTMK_286/report.xml,hydrogen_bonds,O6,THR14A,1586,hydrogen_bonds,hydrogen_bond,ATP:B:1:O6,O6,ATP,B,1
AqTMK_286,/home/wms/AF2-test/AF2-CatGraph/results/AqTMK/02_template_guided_docking/complexes/AqTMK_286_complex.pdb,results/AqTMK/05_plip_interaction_graphs/plip_outputs/AqTMK_286/report.xml,hydrogen_bonds,O2,THR15A,1580,hydrogen_bonds,hydrogen_bond,ATP:B:1:O2,O2,ATP,B,1
AqTMK_286,/home/wms/AF2-test/AF2-CatGraph/results/AqTMK/02_template_guided_docking/complexes/AqTMK_286_complex.pdb,results/AqTMK/05_plip_interaction_graphs/plip_outputs/AqTMK_286/report.xml,hydrogen_bonds,O4,THR15A,1583,hydrogen_bonds,hydrogen_bond,ATP:B:1:O4,O4,ATP,B,1
AqTMK_286,/home/wms/AF2-test/AF2-CatGraph/results/AqTMK/02_template_guided_docking/complexes/AqTMK_286_complex.pdb,results/AqTMK/05_plip_interaction_graphs/plip_outputs/AqTMK_286/report.xml,hydrogen_bonds,O4,THR15A,1583,hydrogen_bonds,hydrogen_bond,ATP:B:1:O4,O4,ATP,B,1
AqTMK_286,/home/wms/AF2-test/AF2-CatGraph/results/AqTMK/02_template_guided_docking/complexes/AqTMK_286_complex.pdb,results/AqTMK/05_plip_interaction_graphs/plip_outputs/AqTMK_286/report.xml,hydrogen_bonds,O10,ARG90A,1591,hydrogen_bonds,hydrogen_bond,ATP:B:1:O10,O10,ATP,B,1
AqTMK_286,/home/wms/AF2-test/AF2-CatGraph/results/AqTMK/02_template_guided_docking/complexes/AqTMK_286_complex.pdb,results/AqTMK/05_plip_interaction_graphs/plip_outputs/AqTMK_286/report.xml,salt_bridges,P2,LYS13A,1585,salt_bridges,salt_bridge,ATP:B:1:P2,P2,ATP,B,1
AqTMK_286,/home/wms/AF2-test/AF2-CatGraph/results/AqTMK/02_template_guided_docking/complexes/AqTMK_286_complex.pdb,results/AqTMK/05_plip_interaction_graphs/plip_outputs/AqTMK_286/report.xml,salt_bridges,P3,LYS13A,1589,salt_bridges,salt_bridge,ATP:B:1:P3,P3,ATP,B,1
AqTMK_286,/home/wms/AF2-test/AF2-CatGraph/results/AqTMK/02_template_guided_docking/complexes/AqTMK_286_complex.pdb,results/AqTMK/05_plip_interaction_graphs/plip_outputs/AqTMK_286/report.xml,metal_complexes,MG,THR14A,1599,metal_complexes,metal_complex,MG:B:203:MG,MG,MG,B,203
AqTMK_286,/home/wms/AF2-test/AF2-CatGraph/results/AqTMK/02_template_guided_docking/complexes/AqTMK_286_complex.pdb,results/AqTMK/05_plip_interaction_graphs/plip_outputs/AqTMK_286/report.xml,hydrogen_bonds,O14,ARG47A,1597,hydrogen_bonds,hydrogen_bond,TMP:C:1:O14,O14,TMP,C,1
AqTMK_286,/home/wms/AF2-test/AF2-CatGraph/results/AqTMK/02_template_guided_docking/complexes/AqTMK_286_complex.pdb,results/AqTMK/05_plip_interaction_graphs/plip_outputs/AqTMK_286/report.xml,salt_bridges,P4,ARG90A,1595,salt_bridges,salt_bridge,TMP:C:1:P4,P4,TMP,C,1
AqTMK_287,/home/wms/AF2-test/AF2-CatGraph/results/AqTMK/02_template_guided_docking/complexes/AqTMK_287_complex.pdb,results/AqTMK/05_plip_interaction_graphs/plip_outputs/AqTMK_287/report.xml,hydrogen_bonds,O10,ASP9A,1591,hydrogen_bonds,hydrogen_bond,ATP:B:1:O10,O10,ATP,B,1
AqTMK_287,/home/wms/AF2-test/AF2-CatGraph/results/AqTMK/02_template_guided_docking/complexes/AqTMK_287_complex.pdb,results/AqTMK/05_plip_interaction_graphs/plip_outputs/AqTMK_287/report.xml,hydrogen_bonds,O8,GLY10A,1588,hydrogen_bonds,hydrogen_bond,ATP:B:1:O8,O8,ATP,B,1
AqTMK_287,/home/wms/AF2-test/AF2-CatGraph/results/AqTMK/02_template_guided_docking/complexes/AqTMK_287_complex.pdb,results/AqTMK/05_plip_interaction_graphs/plip_outputs/AqTMK_287/report.xml,hydrogen_bonds,O7,SER11A,1587,hydrogen_bonds,hydrogen_bond,ATP:B:1:O7,O7,ATP,B,1
AqTMK_287,/home/wms/AF2-test/AF2-CatGraph/results/AqTMK/02_template_guided_docking/complexes/AqTMK_287_complex.pdb,results/AqTMK/05_plip_interaction_graphs/plip_outputs/AqTMK_287/report.xml,hydrogen_bonds,O7,GLY12A,1587,hydrogen_bonds,hydrogen_bond,ATP:B:1:O7,O7,ATP,B,1
AqTMK_287,/home/wms/AF2-test/AF2-CatGraph/results/AqTMK/02_template_guided_docking/complexes/AqTMK_287_complex.pdb,results/AqTMK/05_plip_interaction_graphs/plip_outputs/AqTMK_287/report.xml,hydrogen_bonds,O7,LYS13A,1587,hydrogen_bonds,hydrogen_bond,ATP:B:1:O7,O7,ATP,B,1
AqTMK_287,/home/wms/AF2-test/AF2-CatGraph/results/AqTMK/02_template_guided_docking/complexes/AqTMK_287_complex.pdb,results/AqTMK/05_plip_interaction_graphs/plip_outputs/AqTMK_287/report.xml,hydrogen_bonds,O6,THR14A,1586,hydrogen_bonds,hydrogen_bond,ATP:B:1:O6,O6,ATP,B,1
AqTMK_287,/home/wms/AF2-test/AF2-CatGraph/results/AqTMK/02_template_guided_docking/complexes/AqTMK_287_complex.pdb,results/AqTMK/05_plip_interaction_graphs/plip_outputs/AqTMK_287/report.xml,hydrogen_bonds,O2,THR15A,1580,hydrogen_bonds,hydrogen_bond,ATP:B:1:O2,O2,ATP,B,1
AqTMK_287,/home/wms/AF2-test/AF2-CatGraph/results/AqTMK/02_template_guided_docking/complexes/AqTMK_287_complex.pdb,results/AqTMK/05_plip_interaction_graphs/plip_outputs/AqTMK_287/report.xml,hydrogen_bonds,O4,THR15A,1583,hydrogen_bonds,hydrogen_bond,ATP:B:1:O4,O4,ATP,B,1
AqTMK_287,/home/wms/AF2-test/AF2-CatGraph/results/AqTMK/02_template_guided_docking/complexes/AqTMK_287_complex.pdb,results/AqTMK/05_plip_interaction_graphs/plip_outputs/AqTMK_287/report.xml,hydrogen_bonds,O4,THR15A,1583,hydrogen_bonds,hydrogen_bond,ATP:B:1:O4,O4,ATP,B,1
AqTMK_287,/home/wms/AF2-test/AF2-CatGraph/results/AqTMK/02_template_guided_docking/complexes/AqTMK_287_complex.pdb,results/AqTMK/05_plip_interaction_graphs/plip_outputs/AqTMK_287/report.xml,salt_bridges,P2,LYS13A,1585,salt_bridges,salt_bridge,ATP:B:1:P2,P2,ATP,B,1
AqTMK_287,/home/wms/AF2-test/AF2-CatGraph/results/AqTMK/02_template_guided_docking/complexes/AqTMK_287_complex.pdb,results/AqTMK/05_plip_interaction_graphs/plip_outputs/AqTMK_287/report.xml,salt_bridges,P3,LYS13A,1589,salt_bridges,salt_bridge,ATP:B:1:P3,P3,ATP,B,1
AqTMK_287,/home/wms/AF2-test/AF2-CatGraph/results/AqTMK/02_template_guided_docking/complexes/AqTMK_287_complex.pdb,results/AqTMK/05_plip_interaction_graphs/plip_outputs/AqTMK_287/report.xml,salt_bridges,P3,ARG90A,1589,salt_bridges,salt_bridge,ATP:B:1:P3,P3,ATP,B,1
AqTMK_287,/home/wms/AF2-test/AF2-CatGraph/results/AqTMK/02_template_guided_docking/complexes/AqTMK_287_complex.pdb,results/AqTMK/05_plip_interaction_graphs/plip_outputs/AqTMK_287/report.xml,metal_complexes,MG,THR14A,1599,metal_complexes,metal_complex,MG:B:203:MG,MG,MG,B,203
AqTMK_287,/home/wms/AF2-test/AF2-CatGraph/results/AqTMK/02_template_guided_docking/complexes/AqTMK_287_complex.pdb,results/AqTMK/05_plip_interaction_graphs/plip_outputs/AqTMK_287/report.xml,hydrogen_bonds,O12,ARG145A,1594,hydrogen_bonds,hydrogen_bond,TMP:C:1:O12,O12,TMP,C,1
AqTMK_287,/home/wms/AF2-test/AF2-CatGraph/results/AqTMK/02_template_guided_docking/complexes/AqTMK_287_complex.pdb,results/AqTMK/05_plip_interaction_graphs/plip_outputs/AqTMK_287/report.xml,salt_bridges,P4,ARG47A,1595,salt_bridges,salt_bridge,TMP:C:1:P4,P4,TMP,C,1
AqTMK_287,/home/wms/AF2-test/AF2-CatGraph/results/AqTMK/02_template_guided_docking/complexes/AqTMK_287_complex.pdb,results/AqTMK/05_plip_interaction_graphs/plip_outputs/AqTMK_287/report.xml,salt_bridges,P4,ARG90A,1595,salt_bridges,salt_bridge,TMP:C:1:P4,P4,TMP,C,1
AqTMK_288,/home/wms/AF2-test/AF2-CatGraph/results/AqTMK/02_template_guided_docking/complexes/AqTMK_288_complex.pdb,results/AqTMK/05_plip_interaction_graphs/plip_outputs/AqTMK_288/report.xml,hydrogen_bonds,O10,ASP9A,1591,hydrogen_bonds,hydrogen_bond,ATP:B:1:O10,O10,ATP,B,1
AqTMK_288,/home/wms/AF2-test/AF2-CatGraph/results/AqTMK/02_template_guided_docking/complexes/AqTMK_288_complex.pdb,results/AqTMK/05_plip_interaction_graphs/plip_outputs/AqTMK_288/report.xml,hydrogen_bonds,O8,GLY10A,1588,hydrogen_bonds,hydrogen_bond,ATP:B:1:O8,O8,ATP,B,1
AqTMK_288,/home/wms/AF2-test/AF2-CatGraph/results/AqTMK/02_template_guided_docking/complexes/AqTMK_288_complex.pdb,results/AqTMK/05_plip_interaction_graphs/plip_outputs/AqTMK_288/report.xml,hydrogen_bonds,O7,SER11A,1587,hydrogen_bonds,hydrogen_bond,ATP:B:1:O7,O7,ATP,B,1
AqTMK_288,/home/wms/AF2-test/AF2-CatGraph/results/AqTMK/02_template_guided_docking/complexes/AqTMK_288_complex.pdb,results/AqTMK/05_plip_interaction_graphs/plip_outputs/AqTMK_288/report.xml,hydrogen_bonds,O7,GLY12A,1587,hydrogen_bonds,hydrogen_bond,ATP:B:1:O7,O7,ATP,B,1
AqTMK_288,/home/wms/AF2-test/AF2-CatGraph/results/AqTMK/02_template_guided_docking/complexes/AqTMK_288_complex.pdb,results/AqTMK/05_plip_interaction_graphs/plip_outputs/AqTMK_288/report.xml,hydrogen_bonds,O7,LYS13A,1587,hydrogen_bonds,hydrogen_bond,ATP:B:1:O7,O7,ATP,B,1
AqTMK_288,/home/wms/AF2-test/AF2-CatGraph/results/AqTMK/02_template_guided_docking/complexes/AqTMK_288_complex.pdb,results/AqTMK/05_plip_interaction_graphs/plip_outputs/AqTMK_288/report.xml,hydrogen_bonds,O6,THR14A,1586,hydrogen_bonds,hydrogen_bond,ATP:B:1:O6,O6,ATP,B,1
AqTMK_288,/home/wms/AF2-test/AF2-CatGraph/results/AqTMK/02_template_guided_docking/complexes/AqTMK_288_complex.pdb,results/AqTMK/05_plip_interaction_graphs/plip_outputs/AqTMK_288/report.xml,hydrogen_bonds,O4,THR15A,1583,hydrogen_bonds,hydrogen_bond,ATP:B:1:O4,O4,ATP,B,1
AqTMK_288,/home/wms/AF2-test/AF2-CatGraph/results/AqTMK/02_template_guided_docking/complexes/AqTMK_288_complex.pdb,results/AqTMK/05_plip_interaction_graphs/plip_outputs/AqTMK_288/report.xml,hydrogen_bonds,O4,THR15A,1583,hydrogen_bonds,hydrogen_bond,ATP:B:1:O4,O4,ATP,B,1
AqTMK_288,/home/wms/AF2-test/AF2-CatGraph/results/AqTMK/02_template_guided_docking/complexes/AqTMK_288_complex.pdb,results/AqTMK/05_plip_interaction_graphs/plip_outputs/AqTMK_288/report.xml,salt_bridges,P2,LYS13A,1585,salt_bridges,salt_bridge,ATP:B:1:P2,P2,ATP,B,1
AqTMK_288,/home/wms/AF2-test/AF2-CatGraph/results/AqTMK/02_template_guided_docking/complexes/AqTMK_288_complex.pdb,results/AqTMK/05_plip_interaction_graphs/plip_outputs/AqTMK_288/report.xml,salt_bridges,P3,LYS13A,1589,salt_bridges,salt_bridge,ATP:B:1:P3,P3,ATP,B,1
AqTMK_288,/home/wms/AF2-test/AF2-CatGraph/results/AqTMK/02_template_guided_docking/complexes/AqTMK_288_complex.pdb,results/AqTMK/05_plip_interaction_graphs/plip_outputs/AqTMK_288/report.xml,salt_bridges,P3,ARG90A,1589,salt_bridges,salt_bridge,ATP:B:1:P3,P3,ATP,B,1
AqTMK_288,/home/wms/AF2-test/AF2-CatGraph/results/AqTMK/02_template_guided_docking/complexes/AqTMK_288_complex.pdb,results/AqTMK/05_plip_interaction_graphs/plip_outputs/AqTMK_288/report.xml,metal_complexes,MG,THR14A,1599,metal_complexes,metal_complex,MG:B:203:MG,MG,MG,B,203
AqTMK_288,/home/wms/AF2-test/AF2-CatGraph/results/AqTMK/02_template_guided_docking/complexes/AqTMK_288_complex.pdb,results/AqTMK/05_plip_interaction_graphs/plip_outputs/AqTMK_288/report.xml,salt_bridges,P4,ARG47A,1595,salt_bridges,salt_bridge,TMP:C:1:P4,P4,TMP,C,1
AqTMK_288,/home/wms/AF2-test/AF2-CatGraph/results/AqTMK/02_template_guided_docking/complexes/AqTMK_288_complex.pdb,results/AqTMK/05_plip_interaction_graphs/plip_outputs/AqTMK_288/report.xml,salt_bridges,P4,ARG90A,1595,salt_bridges,salt_bridge,TMP:C:1:P4,P4,TMP,C,1
AqTMK_290,/home/wms/AF2-test/AF2-CatGraph/results/AqTMK/02_template_guided_docking/complexes/AqTMK_290_complex.pdb,results/AqTMK/05_plip_interaction_graphs/plip_outputs/AqTMK_290/report.xml,hydrogen_bonds,O10,ASP9A,1591,hydrogen_bonds,hydrogen_bond,ATP:B:1:O10,O10,ATP,B,1
AqTMK_290,/home/wms/AF2-test/AF2-CatGraph/results/AqTMK/02_template_guided_docking/complexes/AqTMK_290_complex.pdb,results/AqTMK/05_plip_interaction_graphs/plip_outputs/AqTMK_290/report.xml,hydrogen_bonds,O8,GLY10A,1588,hydrogen_bonds,hydrogen_bond,ATP:B:1:O8,O8,ATP,B,1
AqTMK_290,/home/wms/AF2-test/AF2-CatGraph/results/AqTMK/02_template_guided_docking/complexes/AqTMK_290_complex.pdb,results/AqTMK/05_plip_interaction_graphs/plip_outputs/AqTMK_290/report.xml,hydrogen_bonds,O7,SER11A,1587,hydrogen_bonds,hydrogen_bond,ATP:B:1:O7,O7,ATP,B,1
AqTMK_290,/home/wms/AF2-test/AF2-CatGraph/results/AqTMK/02_template_guided_docking/complexes/AqTMK_290_complex.pdb,results/AqTMK/05_plip_interaction_graphs/plip_outputs/AqTMK_290/report.xml,hydrogen_bonds,O7,GLY12A,1587,hydrogen_bonds,hydrogen_bond,ATP:B:1:O7,O7,ATP,B,1
AqTMK_290,/home/wms/AF2-test/AF2-CatGraph/results/AqTMK/02_template_guided_docking/complexes/AqTMK_290_complex.pdb,results/AqTMK/05_plip_interaction_graphs/plip_outputs/AqTMK_290/report.xml,hydrogen_bonds,O7,LYS13A,1587,hydrogen_bonds,hydrogen_bond,ATP:B:1:O7,O7,ATP,B,1
AqTMK_290,/home/wms/AF2-test/AF2-CatGraph/results/AqTMK/02_template_guided_docking/complexes/AqTMK_290_complex.pdb,results/AqTMK/05_plip_interaction_graphs/plip_outputs/AqTMK_290/report.xml,hydrogen_bonds,O6,THR14A,1586,hydrogen_bonds,hydrogen_bond,ATP:B:1:O6,O6,ATP,B,1
AqTMK_290,/home/wms/AF2-test/AF2-CatGraph/results/AqTMK/02_template_guided_docking/complexes/AqTMK_290_complex.pdb,results/AqTMK/05_plip_interaction_graphs/plip_outputs/AqTMK_290/report.xml,hydrogen_bonds,O2,THR15A,1580,hydrogen_bonds,hydrogen_bond,ATP:B:1:O2,O2,ATP,B,1
AqTMK_290,/home/wms/AF2-test/AF2-CatGraph/results/AqTMK/02_template_guided_docking/complexes/AqTMK_290_complex.pdb,results/AqTMK/05_plip_interaction_graphs/plip_outputs/AqTMK_290/report.xml,hydrogen_bonds,O4,THR15A,1583,hydrogen_bonds,hydrogen_bond,ATP:B:1:O4,O4,ATP,B,1
AqTMK_290,/home/wms/AF2-test/AF2-CatGraph/results/AqTMK/02_template_guided_docking/complexes/AqTMK_290_complex.pdb,results/AqTMK/05_plip_interaction_graphs/plip_outputs/AqTMK_290/report.xml,hydrogen_bonds,O4,THR15A,1583,hydrogen_bonds,hydrogen_bond,ATP:B:1:O4,O4,ATP,B,1
AqTMK_290,/home/wms/AF2-test/AF2-CatGraph/results/AqTMK/02_template_guided_docking/complexes/AqTMK_290_complex.pdb,results/AqTMK/05_plip_interaction_graphs/plip_outputs/AqTMK_290/report.xml,salt_bridges,P2,LYS13A,1585,salt_bridges,salt_bridge,ATP:B:1:P2,P2,ATP,B,1
AqTMK_290,/home/wms/AF2-test/AF2-CatGraph/results/AqTMK/02_template_guided_docking/complexes/AqTMK_290_complex.pdb,results/AqTMK/05_plip_interaction_graphs/plip_outputs/AqTMK_290/report.xml,salt_bridges,P3,LYS13A,1589,salt_bridges,salt_bridge,ATP:B:1:P3,P3,ATP,B,1
AqTMK_290,/home/wms/AF2-test/AF2-CatGraph/results/AqTMK/02_template_guided_docking/complexes/AqTMK_290_complex.pdb,results/AqTMK/05_plip_interaction_graphs/plip_outputs/AqTMK_290/report.xml,salt_bridges,P3,ARG90A,1589,salt_bridges,salt_bridge,ATP:B:1:P3,P3,ATP,B,1
AqTMK_290,/home/wms/AF2-test/AF2-CatGraph/results/AqTMK/02_template_guided_docking/complexes/AqTMK_290_complex.pdb,results/AqTMK/05_plip_interaction_graphs/plip_outputs/AqTMK_290/report.xml,metal_complexes,MG,THR14A,1599,metal_complexes,metal_complex,MG:B:203:MG,MG,MG,B,203
AqTMK_290,/home/wms/AF2-test/AF2-CatGraph/results/AqTMK/02_template_guided_docking/complexes/AqTMK_290_complex.pdb,results/AqTMK/05_plip_interaction_graphs/plip_outputs/AqTMK_290/report.xml,salt_bridges,P4,ARG35A,1595,salt_bridges,salt_bridge,TMP:C:1:P4,P4,TMP,C,1
AqTMK_290,/home/wms/AF2-test/AF2-CatGraph/results/AqTMK/02_template_guided_docking/complexes/AqTMK_290_complex.pdb,results/AqTMK/05_plip_interaction_graphs/plip_outputs/AqTMK_290/report.xml,salt_bridges,P4,ARG90A,1595,salt_bridges,salt_bridge,TMP:C:1:P4,P4,TMP,C,1
AqTMK_292,/home/wms/AF2-test/AF2-CatGraph/results/AqTMK/02_template_guided_docking/complexes/AqTMK_292_complex.pdb,results/AqTMK/05_plip_interaction_graphs/plip_outputs/AqTMK_292/report.xml,hydrogen_bonds,O10,ASP9A,1591,hydrogen_bonds,hydrogen_bond,ATP:B:1:O10,O10,ATP,B,1
AqTMK_292,/home/wms/AF2-test/AF2-CatGraph/results/AqTMK/02_template_guided_docking/complexes/AqTMK_292_complex.pdb,results/AqTMK/05_plip_interaction_graphs/plip_outputs/AqTMK_292/report.xml,hydrogen_bonds,O8,GLY10A,1588,hydrogen_bonds,hydrogen_bond,ATP:B:1:O8,O8,ATP,B,1
AqTMK_292,/home/wms/AF2-test/AF2-CatGraph/results/AqTMK/02_template_guided_docking/complexes/AqTMK_292_complex.pdb,results/AqTMK/05_plip_interaction_graphs/plip_outputs/AqTMK_292/report.xml,hydrogen_bonds,O7,SER11A,1587,hydrogen_bonds,hydrogen_bond,ATP:B:1:O7,O7,ATP,B,1
AqTMK_292,/home/wms/AF2-test/AF2-CatGraph/results/AqTMK/02_template_guided_docking/complexes/AqTMK_292_complex.pdb,results/AqTMK/05_plip_interaction_graphs/plip_outputs/AqTMK_292/report.xml,hydrogen_bonds,O5,GLY12A,1584,hydrogen_bonds,hydrogen_bond,ATP:B:1:O5,O5,ATP,B,1
AqTMK_292,/home/wms/AF2-test/AF2-CatGraph/results/AqTMK/02_template_guided_docking/complexes/AqTMK_292_complex.pdb,results/AqTMK/05_plip_interaction_graphs/plip_outputs/AqTMK_292/report.xml,hydrogen_bonds,O7,LYS13A,1587,hydrogen_bonds,hydrogen_bond,ATP:B:1:O7,O7,ATP,B,1
AqTMK_292,/home/wms/AF2-test/AF2-CatGraph/results/AqTMK/02_template_guided_docking/complexes/AqTMK_292_complex.pdb,results/AqTMK/05_plip_interaction_graphs/plip_outputs/AqTMK_292/report.xml,hydrogen_bonds,O6,THR14A,1586,hydrogen_bonds,hydrogen_bond,ATP:B:1:O6,O6,ATP,B,1
AqTMK_292,/home/wms/AF2-test/AF2-CatGraph/results/AqTMK/02_template_guided_docking/complexes/AqTMK_292_complex.pdb,results/AqTMK/05_plip_interaction_graphs/plip_outputs/AqTMK_292/report.xml,hydrogen_bonds,O2,THR15A,1580,hydrogen_bonds,hydrogen_bond,ATP:B:1:O2,O2,ATP,B,1
AqTMK_292,/home/wms/AF2-test/AF2-CatGraph/results/AqTMK/02_template_guided_docking/complexes/AqTMK_292_complex.pdb,results/AqTMK/05_plip_interaction_graphs/plip_outputs/AqTMK_292/report.xml,hydrogen_bonds,O4,THR15A,1583,hydrogen_bonds,hydrogen_bond,ATP:B:1:O4,O4,ATP,B,1
AqTMK_292,/home/wms/AF2-test/AF2-CatGraph/results/AqTMK/02_template_guided_docking/complexes/AqTMK_292_complex.pdb,results/AqTMK/05_plip_interaction_graphs/plip_outputs/AqTMK_292/report.xml,hydrogen_bonds,O4,THR15A,1583,hydrogen_bonds,hydrogen_bond,ATP:B:1:O4,O4,ATP,B,1
AqTMK_292,/home/wms/AF2-test/AF2-CatGraph/results/AqTMK/02_template_guided_docking/complexes/AqTMK_292_complex.pdb,results/AqTMK/05_plip_interaction_graphs/plip_outputs/AqTMK_292/report.xml,salt_bridges,P2,LYS13A,1585,salt_bridges,salt_bridge,ATP:B:1:P2,P2,ATP,B,1
AqTMK_292,/home/wms/AF2-test/AF2-CatGraph/results/AqTMK/02_template_guided_docking/complexes/AqTMK_292_complex.pdb,results/AqTMK/05_plip_interaction_graphs/plip_outputs/AqTMK_292/report.xml,salt_bridges,P3,LYS13A,1589,salt_bridges,salt_bridge,ATP:B:1:P3,P3,ATP,B,1
AqTMK_292,/home/wms/AF2-test/AF2-CatGraph/results/AqTMK/02_template_guided_docking/complexes/AqTMK_292_complex.pdb,results/AqTMK/05_plip_interaction_graphs/plip_outputs/AqTMK_292/report.xml,salt_bridges,P3,ARG90A,1589,salt_bridges,salt_bridge,ATP:B:1:P3,P3,ATP,B,1
AqTMK_292,/home/wms/AF2-test/AF2-CatGraph/results/AqTMK/02_template_guided_docking/complexes/AqTMK_292_complex.pdb,results/AqTMK/05_plip_interaction_graphs/plip_outputs/AqTMK_292/report.xml,metal_complexes,MG,THR14A,1599,metal_complexes,metal_complex,MG:B:203:MG,MG,MG,B,203
AqTMK_292,/home/wms/AF2-test/AF2-CatGraph/results/AqTMK/02_template_guided_docking/complexes/AqTMK_292_complex.pdb,results/AqTMK/05_plip_interaction_graphs/plip_outputs/AqTMK_292/report.xml,salt_bridges,P4,ARG47A,1595,salt_bridges,salt_bridge,TMP:C:1:P4,P4,TMP,C,1
AqTMK_292,/home/wms/AF2-test/AF2-CatGraph/results/AqTMK/02_template_guided_docking/complexes/AqTMK_292_complex.pdb,results/AqTMK/05_plip_interaction_graphs/plip_outputs/AqTMK_292/report.xml,salt_bridges,P4,ARG90A,1595,salt_bridges,salt_bridge,TMP:C:1:P4,P4,TMP,C,1
AqTMK_295,/home/wms/AF2-test/AF2-CatGraph/results/AqTMK/02_template_guided_docking/complexes/AqTMK_295_complex.pdb,results/AqTMK/05_plip_interaction_graphs/plip_outputs/AqTMK_295/report.xml,hydrogen_bonds,O10,ASP9A,1591,hydrogen_bonds,hydrogen_bond,ATP:B:1:O10,O10,ATP,B,1
AqTMK_295,/home/wms/AF2-test/AF2-CatGraph/results/AqTMK/02_template_guided_docking/complexes/AqTMK_295_complex.pdb,results/AqTMK/05_plip_interaction_graphs/plip_outputs/AqTMK_295/report.xml,hydrogen_bonds,O8,GLY10A,1588,hydrogen_bonds,hydrogen_bond,ATP:B:1:O8,O8,ATP,B,1
AqTMK_295,/home/wms/AF2-test/AF2-CatGraph/results/AqTMK/02_template_guided_docking/complexes/AqTMK_295_complex.pdb,results/AqTMK/05_plip_interaction_graphs/plip_outputs/AqTMK_295/report.xml,hydrogen_bonds,O7,SER11A,1587,hydrogen_bonds,hydrogen_bond,ATP:B:1:O7,O7,ATP,B,1
AqTMK_295,/home/wms/AF2-test/AF2-CatGraph/results/AqTMK/02_template_guided_docking/complexes/AqTMK_295_complex.pdb,results/AqTMK/05_plip_interaction_graphs/plip_outputs/AqTMK_295/report.xml,hydrogen_bonds,O7,GLY12A,1587,hydrogen_bonds,hydrogen_bond,ATP:B:1:O7,O7,ATP,B,1
AqTMK_295,/home/wms/AF2-test/AF2-CatGraph/results/AqTMK/02_template_guided_docking/complexes/AqTMK_295_complex.pdb,results/AqTMK/05_plip_interaction_graphs/plip_outputs/AqTMK_295/report.xml,hydrogen_bonds,O7,LYS13A,1587,hydrogen_bonds,hydrogen_bond,ATP:B:1:O7,O7,ATP,B,1
AqTMK_295,/home/wms/AF2-test/AF2-CatGraph/results/AqTMK/02_template_guided_docking/complexes/AqTMK_295_complex.pdb,results/AqTMK/05_plip_interaction_graphs/plip_outputs/AqTMK_295/report.xml,hydrogen_bonds,O6,THR14A,1586,hydrogen_bonds,hydrogen_bond,ATP:B:1:O6,O6,ATP,B,1
AqTMK_295,/home/wms/AF2-test/AF2-CatGraph/results/AqTMK/02_template_guided_docking/complexes/AqTMK_295_complex.pdb,results/AqTMK/05_plip_interaction_graphs/plip_outputs/AqTMK_295/report.xml,hydrogen_bonds,O2,THR15A,1580,hydrogen_bonds,hydrogen_bond,ATP:B:1:O2,O2,ATP,B,1
AqTMK_295,/home/wms/AF2-test/AF2-CatGraph/results/AqTMK/02_template_guided_docking/complexes/AqTMK_295_complex.pdb,results/AqTMK/05_plip_interaction_graphs/plip_outputs/AqTMK_295/report.xml,hydrogen_bonds,O4,THR15A,1583,hydrogen_bonds,hydrogen_bond,ATP:B:1:O4,O4,ATP,B,1
AqTMK_295,/home/wms/AF2-test/AF2-CatGraph/results/AqTMK/02_template_guided_docking/complexes/AqTMK_295_complex.pdb,results/AqTMK/05_plip_interaction_graphs/plip_outputs/AqTMK_295/report.xml,hydrogen_bonds,O4,THR15A,1583,hydrogen_bonds,hydrogen_bond,ATP:B:1:O4,O4,ATP,B,1
AqTMK_295,/home/wms/AF2-test/AF2-CatGraph/results/AqTMK/02_template_guided_docking/complexes/AqTMK_295_complex.pdb,results/AqTMK/05_plip_interaction_graphs/plip_outputs/AqTMK_295/report.xml,hydrogen_bonds,O10,ARG90A,1591,hydrogen_bonds,hydrogen_bond,ATP:B:1:O10,O10,ATP,B,1
AqTMK_295,/home/wms/AF2-test/AF2-CatGraph/results/AqTMK/02_template_guided_docking/complexes/AqTMK_295_complex.pdb,results/AqTMK/05_plip_interaction_graphs/plip_outputs/AqTMK_295/report.xml,salt_bridges,P2,LYS13A,1585,salt_bridges,salt_bridge,ATP:B:1:P2,P2,ATP,B,1
AqTMK_295,/home/wms/AF2-test/AF2-CatGraph/results/AqTMK/02_template_guided_docking/complexes/AqTMK_295_complex.pdb,results/AqTMK/05_plip_interaction_graphs/plip_outputs/AqTMK_295/report.xml,salt_bridges,P3,LYS13A,1589,salt_bridges,salt_bridge,ATP:B:1:P3,P3,ATP,B,1
AqTMK_295,/home/wms/AF2-test/AF2-CatGraph/results/AqTMK/02_template_guided_docking/complexes/AqTMK_295_complex.pdb,results/AqTMK/05_plip_interaction_graphs/plip_outputs/AqTMK_295/report.xml,metal_complexes,MG,THR14A,1599,metal_complexes,metal_complex,MG:B:203:MG,MG,MG,B,203
AqTMK_295,/home/wms/AF2-test/AF2-CatGraph/results/AqTMK/02_template_guided_docking/complexes/AqTMK_295_complex.pdb,results/AqTMK/05_plip_interaction_graphs/plip_outputs/AqTMK_295/report.xml,salt_bridges,P4,ARG35A,1595,salt_bridges,salt_bridge,TMP:C:1:P4,P4,TMP,C,1
AqTMK_295,/home/wms/AF2-test/AF2-CatGraph/results/AqTMK/02_template_guided_docking/complexes/AqTMK_295_complex.pdb,results/AqTMK/05_plip_interaction_graphs/plip_outputs/AqTMK_295/report.xml,salt_bridges,P4,ARG47A,1595,salt_bridges,salt_bridge,TMP:C:1:P4,P4,TMP,C,1
AqTMK_295,/home/wms/AF2-test/AF2-CatGraph/results/AqTMK/02_template_guided_docking/complexes/AqTMK_295_complex.pdb,results/AqTMK/05_plip_interaction_graphs/plip_outputs/AqTMK_295/report.xml,salt_bridges,P4,ARG90A,1595,salt_bridges,salt_bridge,TMP:C:1:P4,P4,TMP,C,1
AqTMK_299,/home/wms/AF2-test/AF2-CatGraph/results/AqTMK/02_template_guided_docking/complexes/AqTMK_299_complex.pdb,results/AqTMK/05_plip_interaction_graphs/plip_outputs/AqTMK_299/report.xml,hydrogen_bonds,O10,ASP9A,1591,hydrogen_bonds,hydrogen_bond,ATP:B:1:O10,O10,ATP,B,1
AqTMK_299,/home/wms/AF2-test/AF2-CatGraph/results/AqTMK/02_template_guided_docking/complexes/AqTMK_299_complex.pdb,results/AqTMK/05_plip_interaction_graphs/plip_outputs/AqTMK_299/report.xml,hydrogen_bonds,O8,GLY10A,1588,hydrogen_bonds,hydrogen_bond,ATP:B:1:O8,O8,ATP,B,1
AqTMK_299,/home/wms/AF2-test/AF2-CatGraph/results/AqTMK/02_template_guided_docking/complexes/AqTMK_299_complex.pdb,results/AqTMK/05_plip_interaction_graphs/plip_outputs/AqTMK_299/report.xml,hydrogen_bonds,O7,SER11A,1587,hydrogen_bonds,hydrogen_bond,ATP:B:1:O7,O7,ATP,B,1
AqTMK_299,/home/wms/AF2-test/AF2-CatGraph/results/AqTMK/02_template_guided_docking/complexes/AqTMK_299_complex.pdb,results/AqTMK/05_plip_interaction_graphs/plip_outputs/AqTMK_299/report.xml,hydrogen_bonds,O5,GLY12A,1584,hydrogen_bonds,hydrogen_bond,ATP:B:1:O5,O5,ATP,B,1
AqTMK_299,/home/wms/AF2-test/AF2-CatGraph/results/AqTMK/02_template_guided_docking/complexes/AqTMK_299_complex.pdb,results/AqTMK/05_plip_interaction_graphs/plip_outputs/AqTMK_299/report.xml,hydrogen_bonds,O7,LYS13A,1587,hydrogen_bonds,hydrogen_bond,ATP:B:1:O7,O7,ATP,B,1
AqTMK_299,/home/wms/AF2-test/AF2-CatGraph/results/AqTMK/02_template_guided_docking/complexes/AqTMK_299_complex.pdb,results/AqTMK/05_plip_interaction_graphs/plip_outputs/AqTMK_299/report.xml,hydrogen_bonds,O6,THR14A,1586,hydrogen_bonds,hydrogen_bond,ATP:B:1:O6,O6,ATP,B,1
AqTMK_299,/home/wms/AF2-test/AF2-CatGraph/results/AqTMK/02_template_guided_docking/complexes/AqTMK_299_complex.pdb,results/AqTMK/05_plip_interaction_graphs/plip_outputs/AqTMK_299/report.xml,hydrogen_bonds,O2,THR15A,1580,hydrogen_bonds,hydrogen_bond,ATP:B:1:O2,O2,ATP,B,1
AqTMK_299,/home/wms/AF2-test/AF2-CatGraph/results/AqTMK/02_template_guided_docking/complexes/AqTMK_299_complex.pdb,results/AqTMK/05_plip_interaction_graphs/plip_outputs/AqTMK_299/report.xml,hydrogen_bonds,O4,THR15A,1583,hydrogen_bonds,hydrogen_bond,ATP:B:1:O4,O4,ATP,B,1
AqTMK_299,/home/wms/AF2-test/AF2-CatGraph/results/AqTMK/02_template_guided_docking/complexes/AqTMK_299_complex.pdb,results/AqTMK/05_plip_interaction_graphs/plip_outputs/AqTMK_299/report.xml,hydrogen_bonds,O4,THR15A,1583,hydrogen_bonds,hydrogen_bond,ATP:B:1:O4,O4,ATP,B,1
AqTMK_299,/home/wms/AF2-test/AF2-CatGraph/results/AqTMK/02_template_guided_docking/complexes/AqTMK_299_complex.pdb,results/AqTMK/05_plip_interaction_graphs/plip_outputs/AqTMK_299/report.xml,hydrogen_bonds,O10,ARG90A,1591,hydrogen_bonds,hydrogen_bond,ATP:B:1:O10,O10,ATP,B,1
AqTMK_299,/home/wms/AF2-test/AF2-CatGraph/results/AqTMK/02_template_guided_docking/complexes/AqTMK_299_complex.pdb,results/AqTMK/05_plip_interaction_graphs/plip_outputs/AqTMK_299/report.xml,salt_bridges,P2,LYS13A,1585,salt_bridges,salt_bridge,ATP:B:1:P2,P2,ATP,B,1
AqTMK_299,/home/wms/AF2-test/AF2-CatGraph/results/AqTMK/02_template_guided_docking/complexes/AqTMK_299_complex.pdb,results/AqTMK/05_plip_interaction_graphs/plip_outputs/AqTMK_299/report.xml,salt_bridges,P3,LYS13A,1589,salt_bridges,salt_bridge,ATP:B:1:P3,P3,ATP,B,1
AqTMK_299,/home/wms/AF2-test/AF2-CatGraph/results/AqTMK/02_template_guided_docking/complexes/AqTMK_299_complex.pdb,results/AqTMK/05_plip_interaction_graphs/plip_outputs/AqTMK_299/report.xml,metal_complexes,MG,THR14A,1599,metal_complexes,metal_complex,MG:B:203:MG,MG,MG,B,203
AqTMK_299,/home/wms/AF2-test/AF2-CatGraph/results/AqTMK/02_template_guided_docking/complexes/AqTMK_299_complex.pdb,results/AqTMK/05_plip_interaction_graphs/plip_outputs/AqTMK_299/report.xml,salt_bridges,P4,ARG35A,1595,salt_bridges,salt_bridge,TMP:C:1:P4,P4,TMP,C,1
AqTMK_299,/home/wms/AF2-test/AF2-CatGraph/results/AqTMK/02_template_guided_docking/complexes/AqTMK_299_complex.pdb,results/AqTMK/05_plip_interaction_graphs/plip_outputs/AqTMK_299/report.xml,salt_bridges,P4,ARG90A,1595,salt_bridges,salt_bridge,TMP:C:1:P4,P4,TMP,C,1
AqTMK_300,/home/wms/AF2-test/AF2-CatGraph/results/AqTMK/02_template_guided_docking/complexes/AqTMK_300_complex.pdb,results/AqTMK/05_plip_interaction_graphs/plip_outputs/AqTMK_300/report.xml,hydrogen_bonds,O10,ASP9A,1591,hydrogen_bonds,hydrogen_bond,ATP:B:1:O10,O10,ATP,B,1
AqTMK_300,/home/wms/AF2-test/AF2-CatGraph/results/AqTMK/02_template_guided_docking/complexes/AqTMK_300_complex.pdb,results/AqTMK/05_plip_interaction_graphs/plip_outputs/AqTMK_300/report.xml,hydrogen_bonds,O8,GLY10A,1588,hydrogen_bonds,hydrogen_bond,ATP:B:1:O8,O8,ATP,B,1
AqTMK_300,/home/wms/AF2-test/AF2-CatGraph/results/AqTMK/02_template_guided_docking/complexes/AqTMK_300_complex.pdb,results/AqTMK/05_plip_interaction_graphs/plip_outputs/AqTMK_300/report.xml,hydrogen_bonds,O7,SER11A,1587,hydrogen_bonds,hydrogen_bond,ATP:B:1:O7,O7,ATP,B,1
AqTMK_300,/home/wms/AF2-test/AF2-CatGraph/results/AqTMK/02_template_guided_docking/complexes/AqTMK_300_complex.pdb,results/AqTMK/05_plip_interaction_graphs/plip_outputs/AqTMK_300/report.xml,hydrogen_bonds,O5,GLY12A,1584,hydrogen_bonds,hydrogen_bond,ATP:B:1:O5,O5,ATP,B,1
AqTMK_300,/home/wms/AF2-test/AF2-CatGraph/results/AqTMK/02_template_guided_docking/complexes/AqTMK_300_complex.pdb,results/AqTMK/05_plip_interaction_graphs/plip_outputs/AqTMK_300/report.xml,hydrogen_bonds,O7,LYS13A,1587,hydrogen_bonds,hydrogen_bond,ATP:B:1:O7,O7,ATP,B,1
AqTMK_300,/home/wms/AF2-test/AF2-CatGraph/results/AqTMK/02_template_guided_docking/complexes/AqTMK_300_complex.pdb,results/AqTMK/05_plip_interaction_graphs/plip_outputs/AqTMK_300/report.xml,hydrogen_bonds,O6,THR14A,1586,hydrogen_bonds,hydrogen_bond,ATP:B:1:O6,O6,ATP,B,1
AqTMK_300,/home/wms/AF2-test/AF2-CatGraph/results/AqTMK/02_template_guided_docking/complexes/AqTMK_300_complex.pdb,results/AqTMK/05_plip_interaction_graphs/plip_outputs/AqTMK_300/report.xml,hydrogen_bonds,O4,THR15A,1583,hydrogen_bonds,hydrogen_bond,ATP:B:1:O4,O4,ATP,B,1
AqTMK_300,/home/wms/AF2-test/AF2-CatGraph/results/AqTMK/02_template_guided_docking/complexes/AqTMK_300_complex.pdb,results/AqTMK/05_plip_interaction_graphs/plip_outputs/AqTMK_300/report.xml,hydrogen_bonds,O4,THR15A,1583,hydrogen_bonds,hydrogen_bond,ATP:B:1:O4,O4,ATP,B,1
AqTMK_300,/home/wms/AF2-test/AF2-CatGraph/results/AqTMK/02_template_guided_docking/complexes/AqTMK_300_complex.pdb,results/AqTMK/05_plip_interaction_graphs/plip_outputs/AqTMK_300/report.xml,hydrogen_bonds,O10,ARG90A,1591,hydrogen_bonds,hydrogen_bond,ATP:B:1:O10,O10,ATP,B,1
AqTMK_300,/home/wms/AF2-test/AF2-CatGraph/results/AqTMK/02_template_guided_docking/complexes/AqTMK_300_complex.pdb,results/AqTMK/05_plip_interaction_graphs/plip_outputs/AqTMK_300/report.xml,salt_bridges,P2,LYS13A,1585,salt_bridges,salt_bridge,ATP:B:1:P2,P2,ATP,B,1
AqTMK_300,/home/wms/AF2-test/AF2-CatGraph/results/AqTMK/02_template_guided_docking/complexes/AqTMK_300_complex.pdb,results/AqTMK/05_plip_interaction_graphs/plip_outputs/AqTMK_300/report.xml,salt_bridges,P3,LYS13A,1589,salt_bridges,salt_bridge,ATP:B:1:P3,P3,ATP,B,1
AqTMK_300,/home/wms/AF2-test/AF2-CatGraph/results/AqTMK/02_template_guided_docking/complexes/AqTMK_300_complex.pdb,results/AqTMK/05_plip_interaction_graphs/plip_outputs/AqTMK_300/report.xml,metal_complexes,MG,THR14A,1599,metal_complexes,metal_complex,MG:B:203:MG,MG,MG,B,203
AqTMK_300,/home/wms/AF2-test/AF2-CatGraph/results/AqTMK/02_template_guided_docking/complexes/AqTMK_300_complex.pdb,results/AqTMK/05_plip_interaction_graphs/plip_outputs/AqTMK_300/report.xml,salt_bridges,P4,ARG35A,1595,salt_bridges,salt_bridge,TMP:C:1:P4,P4,TMP,C,1
AqTMK_300,/home/wms/AF2-test/AF2-CatGraph/results/AqTMK/02_template_guided_docking/complexes/AqTMK_300_complex.pdb,results/AqTMK/05_plip_interaction_graphs/plip_outputs/AqTMK_300/report.xml,salt_bridges,P4,ARG90A,1595,salt_bridges,salt_bridge,TMP:C:1:P4,P4,TMP,C,1
AqTMK_309,/home/wms/AF2-test/AF2-CatGraph/results/AqTMK/02_template_guided_docking/complexes/AqTMK_309_complex.pdb,results/AqTMK/05_plip_interaction_graphs/plip_outputs/AqTMK_309/report.xml,hydrogen_bonds,O10,ASP9A,1591,hydrogen_bonds,hydrogen_bond,ATP:B:1:O10,O10,ATP,B,1
AqTMK_309,/home/wms/AF2-test/AF2-CatGraph/results/AqTMK/02_template_guided_docking/complexes/AqTMK_309_complex.pdb,results/AqTMK/05_plip_interaction_graphs/plip_outputs/AqTMK_309/report.xml,hydrogen_bonds,O8,GLY10A,1588,hydrogen_bonds,hydrogen_bond,ATP:B:1:O8,O8,ATP,B,1
AqTMK_309,/home/wms/AF2-test/AF2-CatGraph/results/AqTMK/02_template_guided_docking/complexes/AqTMK_309_complex.pdb,results/AqTMK/05_plip_interaction_graphs/plip_outputs/AqTMK_309/report.xml,hydrogen_bonds,O7,SER11A,1587,hydrogen_bonds,hydrogen_bond,ATP:B:1:O7,O7,ATP,B,1
AqTMK_309,/home/wms/AF2-test/AF2-CatGraph/results/AqTMK/02_template_guided_docking/complexes/AqTMK_309_complex.pdb,results/AqTMK/05_plip_interaction_graphs/plip_outputs/AqTMK_309/report.xml,hydrogen_bonds,O7,GLY12A,1587,hydrogen_bonds,hydrogen_bond,ATP:B:1:O7,O7,ATP,B,1
AqTMK_309,/home/wms/AF2-test/AF2-CatGraph/results/AqTMK/02_template_guided_docking/complexes/AqTMK_309_complex.pdb,results/AqTMK/05_plip_interaction_graphs/plip_outputs/AqTMK_309/report.xml,hydrogen_bonds,O7,LYS13A,1587,hydrogen_bonds,hydrogen_bond,ATP:B:1:O7,O7,ATP,B,1
AqTMK_309,/home/wms/AF2-test/AF2-CatGraph/results/AqTMK/02_template_guided_docking/complexes/AqTMK_309_complex.pdb,results/AqTMK/05_plip_interaction_graphs/plip_outputs/AqTMK_309/report.xml,hydrogen_bonds,O7,THR14A,1587,hydrogen_bonds,hydrogen_bond,ATP:B:1:O7,O7,ATP,B,1
AqTMK_309,/home/wms/AF2-test/AF2-CatGraph/results/AqTMK/02_template_guided_docking/complexes/AqTMK_309_complex.pdb,results/AqTMK/05_plip_interaction_graphs/plip_outputs/AqTMK_309/report.xml,hydrogen_bonds,O2,THR15A,1580,hydrogen_bonds,hydrogen_bond,ATP:B:1:O2,O2,ATP,B,1
AqTMK_309,/home/wms/AF2-test/AF2-CatGraph/results/AqTMK/02_template_guided_docking/complexes/AqTMK_309_complex.pdb,results/AqTMK/05_plip_interaction_graphs/plip_outputs/AqTMK_309/report.xml,hydrogen_bonds,O4,THR15A,1583,hydrogen_bonds,hydrogen_bond,ATP:B:1:O4,O4,ATP,B,1
AqTMK_309,/home/wms/AF2-test/AF2-CatGraph/results/AqTMK/02_template_guided_docking/complexes/AqTMK_309_complex.pdb,results/AqTMK/05_plip_interaction_graphs/plip_outputs/AqTMK_309/report.xml,hydrogen_bonds,O4,THR15A,1583,hydrogen_bonds,hydrogen_bond,ATP:B:1:O4,O4,ATP,B,1
AqTMK_309,/home/wms/AF2-test/AF2-CatGraph/results/AqTMK/02_template_guided_docking/complexes/AqTMK_309_complex.pdb,results/AqTMK/05_plip_interaction_graphs/plip_outputs/AqTMK_309/report.xml,salt_bridges,P2,LYS13A,1585,salt_bridges,salt_bridge,ATP:B:1:P2,P2,ATP,B,1
AqTMK_309,/home/wms/AF2-test/AF2-CatGraph/results/AqTMK/02_template_guided_docking/complexes/AqTMK_309_complex.pdb,results/AqTMK/05_plip_interaction_graphs/plip_outputs/AqTMK_309/report.xml,salt_bridges,P3,LYS13A,1589,salt_bridges,salt_bridge,ATP:B:1:P3,P3,ATP,B,1
AqTMK_309,/home/wms/AF2-test/AF2-CatGraph/results/AqTMK/02_template_guided_docking/complexes/AqTMK_309_complex.pdb,results/AqTMK/05_plip_interaction_graphs/plip_outputs/AqTMK_309/report.xml,salt_bridges,P3,ARG90A,1589,salt_bridges,salt_bridge,ATP:B:1:P3,P3,ATP,B,1
AqTMK_309,/home/wms/AF2-test/AF2-CatGraph/results/AqTMK/02_template_guided_docking/complexes/AqTMK_309_complex.pdb,results/AqTMK/05_plip_interaction_graphs/plip_outputs/AqTMK_309/report.xml,metal_complexes,MG,THR14A,1599,metal_complexes,metal_complex,MG:B:203:MG,MG,MG,B,203
AqTMK_309,/home/wms/AF2-test/AF2-CatGraph/results/AqTMK/02_template_guided_docking/complexes/AqTMK_309_complex.pdb,results/AqTMK/05_plip_interaction_graphs/plip_outputs/AqTMK_309/report.xml,salt_bridges,P4,ARG47A,1595,salt_bridges,salt_bridge,TMP:C:1:P4,P4,TMP,C,1
AqTMK_309,/home/wms/AF2-test/AF2-CatGraph/results/AqTMK/02_template_guided_docking/complexes/AqTMK_309_complex.pdb,results/AqTMK/05_plip_interaction_graphs/plip_outputs/AqTMK_309/report.xml,salt_bridges,P4,ARG90A,1595,salt_bridges,salt_bridge,TMP:C:1:P4,P4,TMP,C,1
AqTMK_311,/home/wms/AF2-test/AF2-CatGraph/results/AqTMK/02_template_guided_docking/complexes/AqTMK_311_complex.pdb,results/AqTMK/05_plip_interaction_graphs/plip_outputs/AqTMK_311/report.xml,hydrogen_bonds,O10,ASP9A,1591,hydrogen_bonds,hydrogen_bond,ATP:B:1:O10,O10,ATP,B,1
AqTMK_311,/home/wms/AF2-test/AF2-CatGraph/results/AqTMK/02_template_guided_docking/complexes/AqTMK_311_complex.pdb,results/AqTMK/05_plip_interaction_graphs/plip_outputs/AqTMK_311/report.xml,hydrogen_bonds,O8,GLY10A,1588,hydrogen_bonds,hydrogen_bond,ATP:B:1:O8,O8,ATP,B,1
AqTMK_311,/home/wms/AF2-test/AF2-CatGraph/results/AqTMK/02_template_guided_docking/complexes/AqTMK_311_complex.pdb,results/AqTMK/05_plip_interaction_graphs/plip_outputs/AqTMK_311/report.xml,hydrogen_bonds,O7,SER11A,1587,hydrogen_bonds,hydrogen_bond,ATP:B:1:O7,O7,ATP,B,1
AqTMK_311,/home/wms/AF2-test/AF2-CatGraph/results/AqTMK/02_template_guided_docking/complexes/AqTMK_311_complex.pdb,results/AqTMK/05_plip_interaction_graphs/plip_outputs/AqTMK_311/report.xml,hydrogen_bonds,O5,GLY12A,1584,hydrogen_bonds,hydrogen_bond,ATP:B:1:O5,O5,ATP,B,1
AqTMK_311,/home/wms/AF2-test/AF2-CatGraph/results/AqTMK/02_template_guided_docking/complexes/AqTMK_311_complex.pdb,results/AqTMK/05_plip_interaction_graphs/plip_outputs/AqTMK_311/report.xml,hydrogen_bonds,O7,LYS13A,1587,hydrogen_bonds,hydrogen_bond,ATP:B:1:O7,O7,ATP,B,1
AqTMK_311,/home/wms/AF2-test/AF2-CatGraph/results/AqTMK/02_template_guided_docking/complexes/AqTMK_311_complex.pdb,results/AqTMK/05_plip_interaction_graphs/plip_outputs/AqTMK_311/report.xml,hydrogen_bonds,O6,THR14A,1586,hydrogen_bonds,hydrogen_bond,ATP:B:1:O6,O6,ATP,B,1
AqTMK_311,/home/wms/AF2-test/AF2-CatGraph/results/AqTMK/02_template_guided_docking/complexes/AqTMK_311_complex.pdb,results/AqTMK/05_plip_interaction_graphs/plip_outputs/AqTMK_311/report.xml,hydrogen_bonds,O2,THR15A,1580,hydrogen_bonds,hydrogen_bond,ATP:B:1:O2,O2,ATP,B,1
AqTMK_311,/home/wms/AF2-test/AF2-CatGraph/results/AqTMK/02_template_guided_docking/complexes/AqTMK_311_complex.pdb,results/AqTMK/05_plip_interaction_graphs/plip_outputs/AqTMK_311/report.xml,hydrogen_bonds,O4,THR15A,1583,hydrogen_bonds,hydrogen_bond,ATP:B:1:O4,O4,ATP,B,1
AqTMK_311,/home/wms/AF2-test/AF2-CatGraph/results/AqTMK/02_template_guided_docking/complexes/AqTMK_311_complex.pdb,results/AqTMK/05_plip_interaction_graphs/plip_outputs/AqTMK_311/report.xml,hydrogen_bonds,O4,THR15A,1583,hydrogen_bonds,hydrogen_bond,ATP:B:1:O4,O4,ATP,B,1
AqTMK_311,/home/wms/AF2-test/AF2-CatGraph/results/AqTMK/02_template_guided_docking/complexes/AqTMK_311_complex.pdb,results/AqTMK/05_plip_interaction_graphs/plip_outputs/AqTMK_311/report.xml,hydrogen_bonds,O10,ARG90A,1591,hydrogen_bonds,hydrogen_bond,ATP:B:1:O10,O10,ATP,B,1
AqTMK_311,/home/wms/AF2-test/AF2-CatGraph/results/AqTMK/02_template_guided_docking/complexes/AqTMK_311_complex.pdb,results/AqTMK/05_plip_interaction_graphs/plip_outputs/AqTMK_311/report.xml,salt_bridges,P2,LYS13A,1585,salt_bridges,salt_bridge,ATP:B:1:P2,P2,ATP,B,1
AqTMK_311,/home/wms/AF2-test/AF2-CatGraph/results/AqTMK/02_template_guided_docking/complexes/AqTMK_311_complex.pdb,results/AqTMK/05_plip_interaction_graphs/plip_outputs/AqTMK_311/report.xml,salt_bridges,P3,LYS13A,1589,salt_bridges,salt_bridge,ATP:B:1:P3,P3,ATP,B,1
AqTMK_311,/home/wms/AF2-test/AF2-CatGraph/results/AqTMK/02_template_guided_docking/complexes/AqTMK_311_complex.pdb,results/AqTMK/05_plip_interaction_graphs/plip_outputs/AqTMK_311/report.xml,metal_complexes,MG,THR14A,1599,metal_complexes,metal_complex,MG:B:203:MG,MG,MG,B,203
AqTMK_311,/home/wms/AF2-test/AF2-CatGraph/results/AqTMK/02_template_guided_docking/complexes/AqTMK_311_complex.pdb,results/AqTMK/05_plip_interaction_graphs/plip_outputs/AqTMK_311/report.xml,hydrogen_bonds,O14,ARG47A,1597,hydrogen_bonds,hydrogen_bond,TMP:C:1:O14,O14,TMP,C,1
AqTMK_311,/home/wms/AF2-test/AF2-CatGraph/results/AqTMK/02_template_guided_docking/complexes/AqTMK_311_complex.pdb,results/AqTMK/05_plip_interaction_graphs/plip_outputs/AqTMK_311/report.xml,salt_bridges,P4,ARG35A,1595,salt_bridges,salt_bridge,TMP:C:1:P4,P4,TMP,C,1
AqTMK_311,/home/wms/AF2-test/AF2-CatGraph/results/AqTMK/02_template_guided_docking/complexes/AqTMK_311_complex.pdb,results/AqTMK/05_plip_interaction_graphs/plip_outputs/AqTMK_311/report.xml,salt_bridges,P4,ARG90A,1595,salt_bridges,salt_bridge,TMP:C:1:P4,P4,TMP,C,1
