input_order,standard_structure_id,output_complex_basename,output_pdb_code,output_rank_token,source_pdb_basename,source_pdb_stem,source_pdb,complex_pdb_path,template_protein_pdb_path,ligand_pdb_path,ligand_order_manifest_path,active_ligand_pdb_order,input_ligand_resname_order,ligand_input_branch,ligand_pdb_count,n_ligand_atoms,workflow_profile,docking_alignment_mode,legacy_compatible,compatibility_reason,matched_ca_count,sequence_identity,alignment_coverage,alignment_rmsd,status,error_message,protein_atom_count,ligand_atom_count,clash_count,clash_score,min_distance,min_clash_distance,clash_max,pass_clash,weighted_direction,clash_method,neighbor_search_cutoff,radius_angstrom,catalytic_residue_count,catalytic_mean_plddt,catalytic_median_plddt,catalytic_p10_plddt,catalytic_min_plddt,catalytic_max_plddt,mean_plddt_min,p10_plddt_min,pass_catalytic_region_plddt,plddt_pdb_path
51,AqTMK_51,AqTMK_51_complex.pdb,AqTMK,51,AqTMK.AF2rank51.pdb,AqTMK.AF2rank51,/home/wms/AF2-test/AF2-CatGraph/data/AqTMK/01_af2_new/AqTMK.AF2rank51.pdb,/home/wms/AF2-test/AF2-CatGraph/results/AqTMK/02_template_guided_docking/complexes/AqTMK_51_complex.pdb,/home/wms/AF2-test/AF2-CatGraph/data/AqTMK/02_templates/template.pdb,/home/wms/AF2-test/AF2-CatGraph/data/AqTMK/02_templates/ATP.pdb;/home/wms/AF2-test/AF2-CatGraph/data/AqTMK/02_templates/TMP.pdb;/home/wms/AF2-test/AF2-CatGraph/data/AqTMK/02_templates/MG.pdb,results/AqTMK/02_template_guided_docking/tables/AqTMK_step02_ligand_order_manifest.csv,/home/wms/AF2-test/AF2-CatGraph/data/AqTMK/02_templates/ATP.pdb;/home/wms/AF2-test/AF2-CatGraph/data/AqTMK/02_templates/TMP.pdb;/home/wms/AF2-test/AF2-CatGraph/data/AqTMK/02_templates/MG.pdb,ATP;TMP;MG,untrimmed_input,3,21,standard,dock_py_exact,True,single_chain_same_length_same_ordered_sequence,195,1.0,1.0,,failed,,1578,21,6,1.2292173099783357,2.109010135585176,2.109010135585176,10,True,"(0.0, 0.0, 0.0)",collision_py_exact,5.0,6.0,20,89.62750000000001,94.16,79.751,53.91,98.19,90.0,80.0,False,/home/wms/AF2-test/AF2-CatGraph/results/AqTMK/02_template_guided_docking/complexes/AqTMK_51_complex.pdb
61,AqTMK_61,AqTMK_61_complex.pdb,AqTMK,61,AqTMK.AF2rank61.pdb,AqTMK.AF2rank61,/home/wms/AF2-test/AF2-CatGraph/data/AqTMK/01_af2_new/AqTMK.AF2rank61.pdb,/home/wms/AF2-test/AF2-CatGraph/results/AqTMK/02_template_guided_docking/complexes/AqTMK_61_complex.pdb,/home/wms/AF2-test/AF2-CatGraph/data/AqTMK/02_templates/template.pdb,/home/wms/AF2-test/AF2-CatGraph/data/AqTMK/02_templates/ATP.pdb;/home/wms/AF2-test/AF2-CatGraph/data/AqTMK/02_templates/TMP.pdb;/home/wms/AF2-test/AF2-CatGraph/data/AqTMK/02_templates/MG.pdb,results/AqTMK/02_template_guided_docking/tables/AqTMK_step02_ligand_order_manifest.csv,/home/wms/AF2-test/AF2-CatGraph/data/AqTMK/02_templates/ATP.pdb;/home/wms/AF2-test/AF2-CatGraph/data/AqTMK/02_templates/TMP.pdb;/home/wms/AF2-test/AF2-CatGraph/data/AqTMK/02_templates/MG.pdb,ATP;TMP;MG,untrimmed_input,3,21,standard,dock_py_exact,True,single_chain_same_length_same_ordered_sequence,195,1.0,1.0,,failed,,1578,21,7,2.956870778635037,2.011785438310808,2.011785438310808,10,True,"(0.0, 0.0, 0.0)",collision_py_exact,5.0,6.0,25,91.1672,94.56,78.28800000000001,69.06,98.38,90.0,80.0,False,/home/wms/AF2-test/AF2-CatGraph/results/AqTMK/02_template_guided_docking/complexes/AqTMK_61_complex.pdb
67,AqTMK_67,AqTMK_67_complex.pdb,AqTMK,67,AqTMK.AF2rank67.pdb,AqTMK.AF2rank67,/home/wms/AF2-test/AF2-CatGraph/data/AqTMK/01_af2_new/AqTMK.AF2rank67.pdb,/home/wms/AF2-test/AF2-CatGraph/results/AqTMK/02_template_guided_docking/complexes/AqTMK_67_complex.pdb,/home/wms/AF2-test/AF2-CatGraph/data/AqTMK/02_templates/template.pdb,/home/wms/AF2-test/AF2-CatGraph/data/AqTMK/02_templates/ATP.pdb;/home/wms/AF2-test/AF2-CatGraph/data/AqTMK/02_templates/TMP.pdb;/home/wms/AF2-test/AF2-CatGraph/data/AqTMK/02_templates/MG.pdb,results/AqTMK/02_template_guided_docking/tables/AqTMK_step02_ligand_order_manifest.csv,/home/wms/AF2-test/AF2-CatGraph/data/AqTMK/02_templates/ATP.pdb;/home/wms/AF2-test/AF2-CatGraph/data/AqTMK/02_templates/TMP.pdb;/home/wms/AF2-test/AF2-CatGraph/data/AqTMK/02_templates/MG.pdb,ATP;TMP;MG,untrimmed_input,3,21,standard,dock_py_exact,True,single_chain_same_length_same_ordered_sequence,195,1.0,1.0,,failed,,1578,21,5,1.6326055937920716,1.9994908487462195,1.9994908487462195,10,True,"(0.0, 0.0, 0.0)",collision_py_exact,5.0,6.0,22,90.46227272727273,95.035,72.739,61.66,98.19,90.0,80.0,False,/home/wms/AF2-test/AF2-CatGraph/results/AqTMK/02_template_guided_docking/complexes/AqTMK_67_complex.pdb
71,AqTMK_71,AqTMK_71_complex.pdb,AqTMK,71,AqTMK.AF2rank71.pdb,AqTMK.AF2rank71,/home/wms/AF2-test/AF2-CatGraph/data/AqTMK/01_af2_new/AqTMK.AF2rank71.pdb,/home/wms/AF2-test/AF2-CatGraph/results/AqTMK/02_template_guided_docking/complexes/AqTMK_71_complex.pdb,/home/wms/AF2-test/AF2-CatGraph/data/AqTMK/02_templates/template.pdb,/home/wms/AF2-test/AF2-CatGraph/data/AqTMK/02_templates/ATP.pdb;/home/wms/AF2-test/AF2-CatGraph/data/AqTMK/02_templates/TMP.pdb;/home/wms/AF2-test/AF2-CatGraph/data/AqTMK/02_templates/MG.pdb,results/AqTMK/02_template_guided_docking/tables/AqTMK_step02_ligand_order_manifest.csv,/home/wms/AF2-test/AF2-CatGraph/data/AqTMK/02_templates/ATP.pdb;/home/wms/AF2-test/AF2-CatGraph/data/AqTMK/02_templates/TMP.pdb;/home/wms/AF2-test/AF2-CatGraph/data/AqTMK/02_templates/MG.pdb,ATP;TMP;MG,untrimmed_input,3,21,standard,dock_py_exact,True,single_chain_same_length_same_ordered_sequence,195,1.0,1.0,,failed,,1578,21,7,2.4607475577365343,2.076441159282821,2.076441159282821,10,True,"(0.0, 0.0, 0.0)",collision_py_exact,5.0,6.0,23,90.51913043478261,95.25,74.102,57.47,98.38,90.0,80.0,False,/home/wms/AF2-test/AF2-CatGraph/results/AqTMK/02_template_guided_docking/complexes/AqTMK_71_complex.pdb
74,AqTMK_74,AqTMK_74_complex.pdb,AqTMK,74,AqTMK.AF2rank74.pdb,AqTMK.AF2rank74,/home/wms/AF2-test/AF2-CatGraph/data/AqTMK/01_af2_new/AqTMK.AF2rank74.pdb,/home/wms/AF2-test/AF2-CatGraph/results/AqTMK/02_template_guided_docking/complexes/AqTMK_74_complex.pdb,/home/wms/AF2-test/AF2-CatGraph/data/AqTMK/02_templates/template.pdb,/home/wms/AF2-test/AF2-CatGraph/data/AqTMK/02_templates/ATP.pdb;/home/wms/AF2-test/AF2-CatGraph/data/AqTMK/02_templates/TMP.pdb;/home/wms/AF2-test/AF2-CatGraph/data/AqTMK/02_templates/MG.pdb,results/AqTMK/02_template_guided_docking/tables/AqTMK_step02_ligand_order_manifest.csv,/home/wms/AF2-test/AF2-CatGraph/data/AqTMK/02_templates/ATP.pdb;/home/wms/AF2-test/AF2-CatGraph/data/AqTMK/02_templates/TMP.pdb;/home/wms/AF2-test/AF2-CatGraph/data/AqTMK/02_templates/MG.pdb,ATP;TMP;MG,untrimmed_input,3,21,standard,dock_py_exact,True,single_chain_same_length_same_ordered_sequence,195,1.0,1.0,,failed,,1578,21,5,1.3552607343505905,2.0285208238718164,2.0285208238718164,10,True,"(0.0, 0.0, 0.0)",collision_py_exact,5.0,6.0,24,90.805,94.655,76.841,63.25,98.25,90.0,80.0,False,/home/wms/AF2-test/AF2-CatGraph/results/AqTMK/02_template_guided_docking/complexes/AqTMK_74_complex.pdb
75,AqTMK_75,AqTMK_75_complex.pdb,AqTMK,75,AqTMK.AF2rank75.pdb,AqTMK.AF2rank75,/home/wms/AF2-test/AF2-CatGraph/data/AqTMK/01_af2_new/AqTMK.AF2rank75.pdb,/home/wms/AF2-test/AF2-CatGraph/results/AqTMK/02_template_guided_docking/complexes/AqTMK_75_complex.pdb,/home/wms/AF2-test/AF2-CatGraph/data/AqTMK/02_templates/template.pdb,/home/wms/AF2-test/AF2-CatGraph/data/AqTMK/02_templates/ATP.pdb;/home/wms/AF2-test/AF2-CatGraph/data/AqTMK/02_templates/TMP.pdb;/home/wms/AF2-test/AF2-CatGraph/data/AqTMK/02_templates/MG.pdb,results/AqTMK/02_template_guided_docking/tables/AqTMK_step02_ligand_order_manifest.csv,/home/wms/AF2-test/AF2-CatGraph/data/AqTMK/02_templates/ATP.pdb;/home/wms/AF2-test/AF2-CatGraph/data/AqTMK/02_templates/TMP.pdb;/home/wms/AF2-test/AF2-CatGraph/data/AqTMK/02_templates/MG.pdb,ATP;TMP;MG,untrimmed_input,3,21,standard,dock_py_exact,True,single_chain_same_length_same_ordered_sequence,195,1.0,1.0,,failed,,1578,21,8,2.107402348812906,2.061825193299533,2.061825193299533,10,True,"(0.0, 0.0, 0.0)",collision_py_exact,5.0,6.0,22,90.05590909090908,94.785,72.198,60.03,98.12,90.0,80.0,False,/home/wms/AF2-test/AF2-CatGraph/results/AqTMK/02_template_guided_docking/complexes/AqTMK_75_complex.pdb
78,AqTMK_78,AqTMK_78_complex.pdb,AqTMK,78,AqTMK.AF2rank78.pdb,AqTMK.AF2rank78,/home/wms/AF2-test/AF2-CatGraph/data/AqTMK/01_af2_new/AqTMK.AF2rank78.pdb,/home/wms/AF2-test/AF2-CatGraph/results/AqTMK/02_template_guided_docking/complexes/AqTMK_78_complex.pdb,/home/wms/AF2-test/AF2-CatGraph/data/AqTMK/02_templates/template.pdb,/home/wms/AF2-test/AF2-CatGraph/data/AqTMK/02_templates/ATP.pdb;/home/wms/AF2-test/AF2-CatGraph/data/AqTMK/02_templates/TMP.pdb;/home/wms/AF2-test/AF2-CatGraph/data/AqTMK/02_templates/MG.pdb,results/AqTMK/02_template_guided_docking/tables/AqTMK_step02_ligand_order_manifest.csv,/home/wms/AF2-test/AF2-CatGraph/data/AqTMK/02_templates/ATP.pdb;/home/wms/AF2-test/AF2-CatGraph/data/AqTMK/02_templates/TMP.pdb;/home/wms/AF2-test/AF2-CatGraph/data/AqTMK/02_templates/MG.pdb,ATP;TMP;MG,untrimmed_input,3,21,standard,dock_py_exact,True,single_chain_same_length_same_ordered_sequence,195,1.0,1.0,,failed,,1578,21,4,1.378660626887112,2.1083710854697,2.1083710854697,10,True,"(0.0, 0.0, 0.0)",collision_py_exact,5.0,6.0,22,89.90681818181818,94.62,81.63300000000001,50.5,98.25,90.0,80.0,False,/home/wms/AF2-test/AF2-CatGraph/results/AqTMK/02_template_guided_docking/complexes/AqTMK_78_complex.pdb
80,AqTMK_80,AqTMK_80_complex.pdb,AqTMK,80,AqTMK.AF2rank80.pdb,AqTMK.AF2rank80,/home/wms/AF2-test/AF2-CatGraph/data/AqTMK/01_af2_new/AqTMK.AF2rank80.pdb,/home/wms/AF2-test/AF2-CatGraph/results/AqTMK/02_template_guided_docking/complexes/AqTMK_80_complex.pdb,/home/wms/AF2-test/AF2-CatGraph/data/AqTMK/02_templates/template.pdb,/home/wms/AF2-test/AF2-CatGraph/data/AqTMK/02_templates/ATP.pdb;/home/wms/AF2-test/AF2-CatGraph/data/AqTMK/02_templates/TMP.pdb;/home/wms/AF2-test/AF2-CatGraph/data/AqTMK/02_templates/MG.pdb,results/AqTMK/02_template_guided_docking/tables/AqTMK_step02_ligand_order_manifest.csv,/home/wms/AF2-test/AF2-CatGraph/data/AqTMK/02_templates/ATP.pdb;/home/wms/AF2-test/AF2-CatGraph/data/AqTMK/02_templates/TMP.pdb;/home/wms/AF2-test/AF2-CatGraph/data/AqTMK/02_templates/MG.pdb,ATP;TMP;MG,untrimmed_input,3,21,standard,dock_py_exact,True,single_chain_same_length_same_ordered_sequence,195,1.0,1.0,,failed,,1578,21,4,0.845108391151792,2.0853321064776678,2.0853321064776678,10,True,"(0.0, 0.0, 0.0)",collision_py_exact,5.0,6.0,20,89.98,94.935,81.617,48.91,98.19,90.0,80.0,False,/home/wms/AF2-test/AF2-CatGraph/results/AqTMK/02_template_guided_docking/complexes/AqTMK_80_complex.pdb
83,AqTMK_83,AqTMK_83_complex.pdb,AqTMK,83,AqTMK.AF2rank83.pdb,AqTMK.AF2rank83,/home/wms/AF2-test/AF2-CatGraph/data/AqTMK/01_af2_new/AqTMK.AF2rank83.pdb,/home/wms/AF2-test/AF2-CatGraph/results/AqTMK/02_template_guided_docking/complexes/AqTMK_83_complex.pdb,/home/wms/AF2-test/AF2-CatGraph/data/AqTMK/02_templates/template.pdb,/home/wms/AF2-test/AF2-CatGraph/data/AqTMK/02_templates/ATP.pdb;/home/wms/AF2-test/AF2-CatGraph/data/AqTMK/02_templates/TMP.pdb;/home/wms/AF2-test/AF2-CatGraph/data/AqTMK/02_templates/MG.pdb,results/AqTMK/02_template_guided_docking/tables/AqTMK_step02_ligand_order_manifest.csv,/home/wms/AF2-test/AF2-CatGraph/data/AqTMK/02_templates/ATP.pdb;/home/wms/AF2-test/AF2-CatGraph/data/AqTMK/02_templates/TMP.pdb;/home/wms/AF2-test/AF2-CatGraph/data/AqTMK/02_templates/MG.pdb,ATP;TMP;MG,untrimmed_input,3,21,standard,dock_py_exact,True,single_chain_same_length_same_ordered_sequence,195,1.0,1.0,,failed,,1578,21,4,1.5380968785161522,2.0215687493440617,2.0215687493440617,10,True,"(0.0, 0.0, 0.0)",collision_py_exact,5.0,6.0,23,89.58565217391306,94.69,70.938,52.41,98.44,90.0,80.0,False,/home/wms/AF2-test/AF2-CatGraph/results/AqTMK/02_template_guided_docking/complexes/AqTMK_83_complex.pdb
86,AqTMK_86,AqTMK_86_complex.pdb,AqTMK,86,AqTMK.AF2rank86.pdb,AqTMK.AF2rank86,/home/wms/AF2-test/AF2-CatGraph/data/AqTMK/01_af2_new/AqTMK.AF2rank86.pdb,/home/wms/AF2-test/AF2-CatGraph/results/AqTMK/02_template_guided_docking/complexes/AqTMK_86_complex.pdb,/home/wms/AF2-test/AF2-CatGraph/data/AqTMK/02_templates/template.pdb,/home/wms/AF2-test/AF2-CatGraph/data/AqTMK/02_templates/ATP.pdb;/home/wms/AF2-test/AF2-CatGraph/data/AqTMK/02_templates/TMP.pdb;/home/wms/AF2-test/AF2-CatGraph/data/AqTMK/02_templates/MG.pdb,results/AqTMK/02_template_guided_docking/tables/AqTMK_step02_ligand_order_manifest.csv,/home/wms/AF2-test/AF2-CatGraph/data/AqTMK/02_templates/ATP.pdb;/home/wms/AF2-test/AF2-CatGraph/data/AqTMK/02_templates/TMP.pdb;/home/wms/AF2-test/AF2-CatGraph/data/AqTMK/02_templates/MG.pdb,ATP;TMP;MG,untrimmed_input,3,21,standard,dock_py_exact,True,single_chain_same_length_same_ordered_sequence,195,1.0,1.0,,failed,,1578,21,4,0.7381785314174194,2.051998179234157,2.051998179234157,10,True,"(0.0, 0.0, 0.0)",collision_py_exact,5.0,6.0,21,88.87857142857142,94.06,66.88,52.28,98.44,90.0,80.0,False,/home/wms/AF2-test/AF2-CatGraph/results/AqTMK/02_template_guided_docking/complexes/AqTMK_86_complex.pdb
90,AqTMK_90,AqTMK_90_complex.pdb,AqTMK,90,AqTMK.AF2rank90.pdb,AqTMK.AF2rank90,/home/wms/AF2-test/AF2-CatGraph/data/AqTMK/01_af2_new/AqTMK.AF2rank90.pdb,/home/wms/AF2-test/AF2-CatGraph/results/AqTMK/02_template_guided_docking/complexes/AqTMK_90_complex.pdb,/home/wms/AF2-test/AF2-CatGraph/data/AqTMK/02_templates/template.pdb,/home/wms/AF2-test/AF2-CatGraph/data/AqTMK/02_templates/ATP.pdb;/home/wms/AF2-test/AF2-CatGraph/data/AqTMK/02_templates/TMP.pdb;/home/wms/AF2-test/AF2-CatGraph/data/AqTMK/02_templates/MG.pdb,results/AqTMK/02_template_guided_docking/tables/AqTMK_step02_ligand_order_manifest.csv,/home/wms/AF2-test/AF2-CatGraph/data/AqTMK/02_templates/ATP.pdb;/home/wms/AF2-test/AF2-CatGraph/data/AqTMK/02_templates/TMP.pdb;/home/wms/AF2-test/AF2-CatGraph/data/AqTMK/02_templates/MG.pdb,ATP;TMP;MG,untrimmed_input,3,21,standard,dock_py_exact,True,single_chain_same_length_same_ordered_sequence,195,1.0,1.0,,failed,,1578,21,6,1.7917908672490903,2.0526151135664854,2.0526151135664854,10,True,"(0.0, 0.0, 0.0)",collision_py_exact,5.0,6.0,24,90.52625,94.905,74.37400000000001,60.84,98.06,90.0,80.0,False,/home/wms/AF2-test/AF2-CatGraph/results/AqTMK/02_template_guided_docking/complexes/AqTMK_90_complex.pdb
96,AqTMK_96,AqTMK_96_complex.pdb,AqTMK,96,AqTMK.AF2rank96.pdb,AqTMK.AF2rank96,/home/wms/AF2-test/AF2-CatGraph/data/AqTMK/01_af2_new/AqTMK.AF2rank96.pdb,/home/wms/AF2-test/AF2-CatGraph/results/AqTMK/02_template_guided_docking/complexes/AqTMK_96_complex.pdb,/home/wms/AF2-test/AF2-CatGraph/data/AqTMK/02_templates/template.pdb,/home/wms/AF2-test/AF2-CatGraph/data/AqTMK/02_templates/ATP.pdb;/home/wms/AF2-test/AF2-CatGraph/data/AqTMK/02_templates/TMP.pdb;/home/wms/AF2-test/AF2-CatGraph/data/AqTMK/02_templates/MG.pdb,results/AqTMK/02_template_guided_docking/tables/AqTMK_step02_ligand_order_manifest.csv,/home/wms/AF2-test/AF2-CatGraph/data/AqTMK/02_templates/ATP.pdb;/home/wms/AF2-test/AF2-CatGraph/data/AqTMK/02_templates/TMP.pdb;/home/wms/AF2-test/AF2-CatGraph/data/AqTMK/02_templates/MG.pdb,ATP;TMP;MG,untrimmed_input,3,21,standard,dock_py_exact,True,single_chain_same_length_same_ordered_sequence,195,1.0,1.0,,failed,,1578,21,10,5.570018914805807,1.689058080939401,1.689058080939401,10,True,"(0.0, 0.0, 0.0)",collision_py_exact,5.0,6.0,21,89.46666666666667,94.0,71.88,64.62,97.81,90.0,80.0,False,/home/wms/AF2-test/AF2-CatGraph/results/AqTMK/02_template_guided_docking/complexes/AqTMK_96_complex.pdb
100,AqTMK_100,AqTMK_100_complex.pdb,AqTMK,100,AqTMK.AF2rank100.pdb,AqTMK.AF2rank100,/home/wms/AF2-test/AF2-CatGraph/data/AqTMK/01_af2_new/AqTMK.AF2rank100.pdb,/home/wms/AF2-test/AF2-CatGraph/results/AqTMK/02_template_guided_docking/complexes/AqTMK_100_complex.pdb,/home/wms/AF2-test/AF2-CatGraph/data/AqTMK/02_templates/template.pdb,/home/wms/AF2-test/AF2-CatGraph/data/AqTMK/02_templates/ATP.pdb;/home/wms/AF2-test/AF2-CatGraph/data/AqTMK/02_templates/TMP.pdb;/home/wms/AF2-test/AF2-CatGraph/data/AqTMK/02_templates/MG.pdb,results/AqTMK/02_template_guided_docking/tables/AqTMK_step02_ligand_order_manifest.csv,/home/wms/AF2-test/AF2-CatGraph/data/AqTMK/02_templates/ATP.pdb;/home/wms/AF2-test/AF2-CatGraph/data/AqTMK/02_templates/TMP.pdb;/home/wms/AF2-test/AF2-CatGraph/data/AqTMK/02_templates/MG.pdb,ATP;TMP;MG,untrimmed_input,3,21,standard,dock_py_exact,True,single_chain_same_length_same_ordered_sequence,195,1.0,1.0,,failed,,1578,21,10,3.323065571264802,2.02181829360048,2.02181829360048,10,True,"(0.0, 0.0, 0.0)",collision_py_exact,5.0,6.0,22,89.41590909090908,94.22,71.37700000000001,60.62,97.94,90.0,80.0,False,/home/wms/AF2-test/AF2-CatGraph/results/AqTMK/02_template_guided_docking/complexes/AqTMK_100_complex.pdb
105,AqTMK_105,AqTMK_105_complex.pdb,AqTMK,105,AqTMK.AF2rank105.pdb,AqTMK.AF2rank105,/home/wms/AF2-test/AF2-CatGraph/data/AqTMK/01_af2_new/AqTMK.AF2rank105.pdb,/home/wms/AF2-test/AF2-CatGraph/results/AqTMK/02_template_guided_docking/complexes/AqTMK_105_complex.pdb,/home/wms/AF2-test/AF2-CatGraph/data/AqTMK/02_templates/template.pdb,/home/wms/AF2-test/AF2-CatGraph/data/AqTMK/02_templates/ATP.pdb;/home/wms/AF2-test/AF2-CatGraph/data/AqTMK/02_templates/TMP.pdb;/home/wms/AF2-test/AF2-CatGraph/data/AqTMK/02_templates/MG.pdb,results/AqTMK/02_template_guided_docking/tables/AqTMK_step02_ligand_order_manifest.csv,/home/wms/AF2-test/AF2-CatGraph/data/AqTMK/02_templates/ATP.pdb;/home/wms/AF2-test/AF2-CatGraph/data/AqTMK/02_templates/TMP.pdb;/home/wms/AF2-test/AF2-CatGraph/data/AqTMK/02_templates/MG.pdb,ATP;TMP;MG,untrimmed_input,3,21,standard,dock_py_exact,True,single_chain_same_length_same_ordered_sequence,195,1.0,1.0,,failed,,1578,21,2,0.5340372249490382,2.079981295216585,2.079981295216585,10,True,"(0.0, 0.0, 0.0)",collision_py_exact,5.0,6.0,21,89.78619047619047,95.19,81.5,51.5,98.44,90.0,80.0,False,/home/wms/AF2-test/AF2-CatGraph/results/AqTMK/02_template_guided_docking/complexes/AqTMK_105_complex.pdb
107,AqTMK_107,AqTMK_107_complex.pdb,AqTMK,107,AqTMK.AF2rank107.pdb,AqTMK.AF2rank107,/home/wms/AF2-test/AF2-CatGraph/data/AqTMK/01_af2_new/AqTMK.AF2rank107.pdb,/home/wms/AF2-test/AF2-CatGraph/results/AqTMK/02_template_guided_docking/complexes/AqTMK_107_complex.pdb,/home/wms/AF2-test/AF2-CatGraph/data/AqTMK/02_templates/template.pdb,/home/wms/AF2-test/AF2-CatGraph/data/AqTMK/02_templates/ATP.pdb;/home/wms/AF2-test/AF2-CatGraph/data/AqTMK/02_templates/TMP.pdb;/home/wms/AF2-test/AF2-CatGraph/data/AqTMK/02_templates/MG.pdb,results/AqTMK/02_template_guided_docking/tables/AqTMK_step02_ligand_order_manifest.csv,/home/wms/AF2-test/AF2-CatGraph/data/AqTMK/02_templates/ATP.pdb;/home/wms/AF2-test/AF2-CatGraph/data/AqTMK/02_templates/TMP.pdb;/home/wms/AF2-test/AF2-CatGraph/data/AqTMK/02_templates/MG.pdb,ATP;TMP;MG,untrimmed_input,3,21,standard,dock_py_exact,True,single_chain_same_length_same_ordered_sequence,195,1.0,1.0,,failed,,1578,21,6,1.770125078984773,2.0646587800985885,2.0646587800985885,10,True,"(0.0, 0.0, 0.0)",collision_py_exact,5.0,6.0,25,88.59280000000001,93.88,63.958,57.62,98.19,90.0,80.0,False,/home/wms/AF2-test/AF2-CatGraph/results/AqTMK/02_template_guided_docking/complexes/AqTMK_107_complex.pdb
113,AqTMK_113,AqTMK_113_complex.pdb,AqTMK,113,AqTMK.AF2rank113.pdb,AqTMK.AF2rank113,/home/wms/AF2-test/AF2-CatGraph/data/AqTMK/01_af2_new/AqTMK.AF2rank113.pdb,/home/wms/AF2-test/AF2-CatGraph/results/AqTMK/02_template_guided_docking/complexes/AqTMK_113_complex.pdb,/home/wms/AF2-test/AF2-CatGraph/data/AqTMK/02_templates/template.pdb,/home/wms/AF2-test/AF2-CatGraph/data/AqTMK/02_templates/ATP.pdb;/home/wms/AF2-test/AF2-CatGraph/data/AqTMK/02_templates/TMP.pdb;/home/wms/AF2-test/AF2-CatGraph/data/AqTMK/02_templates/MG.pdb,results/AqTMK/02_template_guided_docking/tables/AqTMK_step02_ligand_order_manifest.csv,/home/wms/AF2-test/AF2-CatGraph/data/AqTMK/02_templates/ATP.pdb;/home/wms/AF2-test/AF2-CatGraph/data/AqTMK/02_templates/TMP.pdb;/home/wms/AF2-test/AF2-CatGraph/data/AqTMK/02_templates/MG.pdb,ATP;TMP;MG,untrimmed_input,3,21,standard,dock_py_exact,True,single_chain_same_length_same_ordered_sequence,195,1.0,1.0,,failed,,1578,21,4,1.3465971684592746,2.0354734629299998,2.0354734629299998,10,True,"(0.0, 0.0, 0.0)",collision_py_exact,5.0,6.0,23,89.65304347826088,94.0,72.728,58.03,97.88,90.0,80.0,False,/home/wms/AF2-test/AF2-CatGraph/results/AqTMK/02_template_guided_docking/complexes/AqTMK_113_complex.pdb
115,AqTMK_115,AqTMK_115_complex.pdb,AqTMK,115,AqTMK.AF2rank115.pdb,AqTMK.AF2rank115,/home/wms/AF2-test/AF2-CatGraph/data/AqTMK/01_af2_new/AqTMK.AF2rank115.pdb,/home/wms/AF2-test/AF2-CatGraph/results/AqTMK/02_template_guided_docking/complexes/AqTMK_115_complex.pdb,/home/wms/AF2-test/AF2-CatGraph/data/AqTMK/02_templates/template.pdb,/home/wms/AF2-test/AF2-CatGraph/data/AqTMK/02_templates/ATP.pdb;/home/wms/AF2-test/AF2-CatGraph/data/AqTMK/02_templates/TMP.pdb;/home/wms/AF2-test/AF2-CatGraph/data/AqTMK/02_templates/MG.pdb,results/AqTMK/02_template_guided_docking/tables/AqTMK_step02_ligand_order_manifest.csv,/home/wms/AF2-test/AF2-CatGraph/data/AqTMK/02_templates/ATP.pdb;/home/wms/AF2-test/AF2-CatGraph/data/AqTMK/02_templates/TMP.pdb;/home/wms/AF2-test/AF2-CatGraph/data/AqTMK/02_templates/MG.pdb,ATP;TMP;MG,untrimmed_input,3,21,standard,dock_py_exact,True,single_chain_same_length_same_ordered_sequence,195,1.0,1.0,,failed,,1578,21,4,1.495863584327461,2.136119447515532,2.136119447515532,10,True,"(0.0, 0.0, 0.0)",collision_py_exact,5.0,6.0,23,90.22695652173913,94.19,77.848,60.72,97.5,90.0,80.0,False,/home/wms/AF2-test/AF2-CatGraph/results/AqTMK/02_template_guided_docking/complexes/AqTMK_115_complex.pdb
125,AqTMK_125,AqTMK_125_complex.pdb,AqTMK,125,AqTMK.AF2rank125.pdb,AqTMK.AF2rank125,/home/wms/AF2-test/AF2-CatGraph/data/AqTMK/01_af2_new/AqTMK.AF2rank125.pdb,/home/wms/AF2-test/AF2-CatGraph/results/AqTMK/02_template_guided_docking/complexes/AqTMK_125_complex.pdb,/home/wms/AF2-test/AF2-CatGraph/data/AqTMK/02_templates/template.pdb,/home/wms/AF2-test/AF2-CatGraph/data/AqTMK/02_templates/ATP.pdb;/home/wms/AF2-test/AF2-CatGraph/data/AqTMK/02_templates/TMP.pdb;/home/wms/AF2-test/AF2-CatGraph/data/AqTMK/02_templates/MG.pdb,results/AqTMK/02_template_guided_docking/tables/AqTMK_step02_ligand_order_manifest.csv,/home/wms/AF2-test/AF2-CatGraph/data/AqTMK/02_templates/ATP.pdb;/home/wms/AF2-test/AF2-CatGraph/data/AqTMK/02_templates/TMP.pdb;/home/wms/AF2-test/AF2-CatGraph/data/AqTMK/02_templates/MG.pdb,ATP;TMP;MG,untrimmed_input,3,21,standard,dock_py_exact,True,single_chain_same_length_same_ordered_sequence,195,1.0,1.0,,failed,,1578,21,8,2.7034495853427827,2.01456139234289,2.01456139234289,10,True,"(0.0, 0.0, 0.0)",collision_py_exact,5.0,6.0,24,90.36541666666666,94.72,76.073,58.53,98.12,90.0,80.0,False,/home/wms/AF2-test/AF2-CatGraph/results/AqTMK/02_template_guided_docking/complexes/AqTMK_125_complex.pdb
126,AqTMK_126,AqTMK_126_complex.pdb,AqTMK,126,AqTMK.AF2rank126.pdb,AqTMK.AF2rank126,/home/wms/AF2-test/AF2-CatGraph/data/AqTMK/01_af2_new/AqTMK.AF2rank126.pdb,/home/wms/AF2-test/AF2-CatGraph/results/AqTMK/02_template_guided_docking/complexes/AqTMK_126_complex.pdb,/home/wms/AF2-test/AF2-CatGraph/data/AqTMK/02_templates/template.pdb,/home/wms/AF2-test/AF2-CatGraph/data/AqTMK/02_templates/ATP.pdb;/home/wms/AF2-test/AF2-CatGraph/data/AqTMK/02_templates/TMP.pdb;/home/wms/AF2-test/AF2-CatGraph/data/AqTMK/02_templates/MG.pdb,results/AqTMK/02_template_guided_docking/tables/AqTMK_step02_ligand_order_manifest.csv,/home/wms/AF2-test/AF2-CatGraph/data/AqTMK/02_templates/ATP.pdb;/home/wms/AF2-test/AF2-CatGraph/data/AqTMK/02_templates/TMP.pdb;/home/wms/AF2-test/AF2-CatGraph/data/AqTMK/02_templates/MG.pdb,ATP;TMP;MG,untrimmed_input,3,21,standard,dock_py_exact,True,single_chain_same_length_same_ordered_sequence,195,1.0,1.0,,failed,,1578,21,7,1.8876879819525645,2.015858212478312,2.015858212478312,10,True,"(0.0, 0.0, 0.0)",collision_py_exact,5.0,6.0,24,89.76583333333333,94.19,74.272,55.09,98.19,90.0,80.0,False,/home/wms/AF2-test/AF2-CatGraph/results/AqTMK/02_template_guided_docking/complexes/AqTMK_126_complex.pdb
129,AqTMK_129,AqTMK_129_complex.pdb,AqTMK,129,AqTMK.AF2rank129.pdb,AqTMK.AF2rank129,/home/wms/AF2-test/AF2-CatGraph/data/AqTMK/01_af2_new/AqTMK.AF2rank129.pdb,/home/wms/AF2-test/AF2-CatGraph/results/AqTMK/02_template_guided_docking/complexes/AqTMK_129_complex.pdb,/home/wms/AF2-test/AF2-CatGraph/data/AqTMK/02_templates/template.pdb,/home/wms/AF2-test/AF2-CatGraph/data/AqTMK/02_templates/ATP.pdb;/home/wms/AF2-test/AF2-CatGraph/data/AqTMK/02_templates/TMP.pdb;/home/wms/AF2-test/AF2-CatGraph/data/AqTMK/02_templates/MG.pdb,results/AqTMK/02_template_guided_docking/tables/AqTMK_step02_ligand_order_manifest.csv,/home/wms/AF2-test/AF2-CatGraph/data/AqTMK/02_templates/ATP.pdb;/home/wms/AF2-test/AF2-CatGraph/data/AqTMK/02_templates/TMP.pdb;/home/wms/AF2-test/AF2-CatGraph/data/AqTMK/02_templates/MG.pdb,ATP;TMP;MG,untrimmed_input,3,21,standard,dock_py_exact,True,single_chain_same_length_same_ordered_sequence,195,1.0,1.0,,failed,,1578,21,1,0.5997458302272265,2.150254169772773,2.150254169772773,10,True,"(0.0, 0.0, 0.0)",collision_py_exact,5.0,6.0,24,89.06333333333335,92.625,72.73400000000001,59.0,97.69,90.0,80.0,False,/home/wms/AF2-test/AF2-CatGraph/results/AqTMK/02_template_guided_docking/complexes/AqTMK_129_complex.pdb
130,AqTMK_130,AqTMK_130_complex.pdb,AqTMK,130,AqTMK.AF2rank130.pdb,AqTMK.AF2rank130,/home/wms/AF2-test/AF2-CatGraph/data/AqTMK/01_af2_new/AqTMK.AF2rank130.pdb,/home/wms/AF2-test/AF2-CatGraph/results/AqTMK/02_template_guided_docking/complexes/AqTMK_130_complex.pdb,/home/wms/AF2-test/AF2-CatGraph/data/AqTMK/02_templates/template.pdb,/home/wms/AF2-test/AF2-CatGraph/data/AqTMK/02_templates/ATP.pdb;/home/wms/AF2-test/AF2-CatGraph/data/AqTMK/02_templates/TMP.pdb;/home/wms/AF2-test/AF2-CatGraph/data/AqTMK/02_templates/MG.pdb,results/AqTMK/02_template_guided_docking/tables/AqTMK_step02_ligand_order_manifest.csv,/home/wms/AF2-test/AF2-CatGraph/data/AqTMK/02_templates/ATP.pdb;/home/wms/AF2-test/AF2-CatGraph/data/AqTMK/02_templates/TMP.pdb;/home/wms/AF2-test/AF2-CatGraph/data/AqTMK/02_templates/MG.pdb,ATP;TMP;MG,untrimmed_input,3,21,standard,dock_py_exact,True,single_chain_same_length_same_ordered_sequence,195,1.0,1.0,,failed,,1578,21,4,1.2706441030614637,2.0949000991907982,2.0949000991907982,10,True,"(0.0, 0.0, 0.0)",collision_py_exact,5.0,6.0,23,90.19608695652175,94.81,73.46000000000001,58.03,98.06,90.0,80.0,False,/home/wms/AF2-test/AF2-CatGraph/results/AqTMK/02_template_guided_docking/complexes/AqTMK_130_complex.pdb
135,AqTMK_135,AqTMK_135_complex.pdb,AqTMK,135,AqTMK.AF2rank135.pdb,AqTMK.AF2rank135,/home/wms/AF2-test/AF2-CatGraph/data/AqTMK/01_af2_new/AqTMK.AF2rank135.pdb,/home/wms/AF2-test/AF2-CatGraph/results/AqTMK/02_template_guided_docking/complexes/AqTMK_135_complex.pdb,/home/wms/AF2-test/AF2-CatGraph/data/AqTMK/02_templates/template.pdb,/home/wms/AF2-test/AF2-CatGraph/data/AqTMK/02_templates/ATP.pdb;/home/wms/AF2-test/AF2-CatGraph/data/AqTMK/02_templates/TMP.pdb;/home/wms/AF2-test/AF2-CatGraph/data/AqTMK/02_templates/MG.pdb,results/AqTMK/02_template_guided_docking/tables/AqTMK_step02_ligand_order_manifest.csv,/home/wms/AF2-test/AF2-CatGraph/data/AqTMK/02_templates/ATP.pdb;/home/wms/AF2-test/AF2-CatGraph/data/AqTMK/02_templates/TMP.pdb;/home/wms/AF2-test/AF2-CatGraph/data/AqTMK/02_templates/MG.pdb,ATP;TMP;MG,untrimmed_input,3,21,standard,dock_py_exact,True,single_chain_same_length_same_ordered_sequence,195,1.0,1.0,,failed,,1578,21,5,1.4523781997181429,2.004206505121859,2.004206505121859,10,True,"(0.0, 0.0, 0.0)",collision_py_exact,5.0,6.0,23,89.36999999999999,94.06,73.67200000000001,59.38,98.0,90.0,80.0,False,/home/wms/AF2-test/AF2-CatGraph/results/AqTMK/02_template_guided_docking/complexes/AqTMK_135_complex.pdb
136,AqTMK_136,AqTMK_136_complex.pdb,AqTMK,136,AqTMK.AF2rank136.pdb,AqTMK.AF2rank136,/home/wms/AF2-test/AF2-CatGraph/data/AqTMK/01_af2_new/AqTMK.AF2rank136.pdb,/home/wms/AF2-test/AF2-CatGraph/results/AqTMK/02_template_guided_docking/complexes/AqTMK_136_complex.pdb,/home/wms/AF2-test/AF2-CatGraph/data/AqTMK/02_templates/template.pdb,/home/wms/AF2-test/AF2-CatGraph/data/AqTMK/02_templates/ATP.pdb;/home/wms/AF2-test/AF2-CatGraph/data/AqTMK/02_templates/TMP.pdb;/home/wms/AF2-test/AF2-CatGraph/data/AqTMK/02_templates/MG.pdb,results/AqTMK/02_template_guided_docking/tables/AqTMK_step02_ligand_order_manifest.csv,/home/wms/AF2-test/AF2-CatGraph/data/AqTMK/02_templates/ATP.pdb;/home/wms/AF2-test/AF2-CatGraph/data/AqTMK/02_templates/TMP.pdb;/home/wms/AF2-test/AF2-CatGraph/data/AqTMK/02_templates/MG.pdb,ATP;TMP;MG,untrimmed_input,3,21,standard,dock_py_exact,True,single_chain_same_length_same_ordered_sequence,195,1.0,1.0,,failed,,1578,21,6,1.8524858285418508,2.091660938754609,2.091660938754609,10,True,"(0.0, 0.0, 0.0)",collision_py_exact,5.0,6.0,23,89.56478260869564,94.31,74.772,54.06,97.94,90.0,80.0,False,/home/wms/AF2-test/AF2-CatGraph/results/AqTMK/02_template_guided_docking/complexes/AqTMK_136_complex.pdb
137,AqTMK_137,AqTMK_137_complex.pdb,AqTMK,137,AqTMK.AF2rank137.pdb,AqTMK.AF2rank137,/home/wms/AF2-test/AF2-CatGraph/data/AqTMK/01_af2_new/AqTMK.AF2rank137.pdb,/home/wms/AF2-test/AF2-CatGraph/results/AqTMK/02_template_guided_docking/complexes/AqTMK_137_complex.pdb,/home/wms/AF2-test/AF2-CatGraph/data/AqTMK/02_templates/template.pdb,/home/wms/AF2-test/AF2-CatGraph/data/AqTMK/02_templates/ATP.pdb;/home/wms/AF2-test/AF2-CatGraph/data/AqTMK/02_templates/TMP.pdb;/home/wms/AF2-test/AF2-CatGraph/data/AqTMK/02_templates/MG.pdb,results/AqTMK/02_template_guided_docking/tables/AqTMK_step02_ligand_order_manifest.csv,/home/wms/AF2-test/AF2-CatGraph/data/AqTMK/02_templates/ATP.pdb;/home/wms/AF2-test/AF2-CatGraph/data/AqTMK/02_templates/TMP.pdb;/home/wms/AF2-test/AF2-CatGraph/data/AqTMK/02_templates/MG.pdb,ATP;TMP;MG,untrimmed_input,3,21,standard,dock_py_exact,True,single_chain_same_length_same_ordered_sequence,195,1.0,1.0,,failed,,1578,21,4,1.023430190898171,2.085112032849397,2.085112032849397,10,True,"(0.0, 0.0, 0.0)",collision_py_exact,5.0,6.0,24,89.91041666666666,94.25,73.635,58.47,98.0,90.0,80.0,False,/home/wms/AF2-test/AF2-CatGraph/results/AqTMK/02_template_guided_docking/complexes/AqTMK_137_complex.pdb
138,AqTMK_138,AqTMK_138_complex.pdb,AqTMK,138,AqTMK.AF2rank138.pdb,AqTMK.AF2rank138,/home/wms/AF2-test/AF2-CatGraph/data/AqTMK/01_af2_new/AqTMK.AF2rank138.pdb,/home/wms/AF2-test/AF2-CatGraph/results/AqTMK/02_template_guided_docking/complexes/AqTMK_138_complex.pdb,/home/wms/AF2-test/AF2-CatGraph/data/AqTMK/02_templates/template.pdb,/home/wms/AF2-test/AF2-CatGraph/data/AqTMK/02_templates/ATP.pdb;/home/wms/AF2-test/AF2-CatGraph/data/AqTMK/02_templates/TMP.pdb;/home/wms/AF2-test/AF2-CatGraph/data/AqTMK/02_templates/MG.pdb,results/AqTMK/02_template_guided_docking/tables/AqTMK_step02_ligand_order_manifest.csv,/home/wms/AF2-test/AF2-CatGraph/data/AqTMK/02_templates/ATP.pdb;/home/wms/AF2-test/AF2-CatGraph/data/AqTMK/02_templates/TMP.pdb;/home/wms/AF2-test/AF2-CatGraph/data/AqTMK/02_templates/MG.pdb,ATP;TMP;MG,untrimmed_input,3,21,standard,dock_py_exact,True,single_chain_same_length_same_ordered_sequence,195,1.0,1.0,,failed,,1578,21,10,2.5873567471537684,2.013632252282474,2.013632252282474,10,True,"(0.0, 0.0, 0.0)",collision_py_exact,5.0,6.0,24,89.85333333333334,92.94,75.161,59.16,98.19,90.0,80.0,False,/home/wms/AF2-test/AF2-CatGraph/results/AqTMK/02_template_guided_docking/complexes/AqTMK_138_complex.pdb
141,AqTMK_141,AqTMK_141_complex.pdb,AqTMK,141,AqTMK.AF2rank141.pdb,AqTMK.AF2rank141,/home/wms/AF2-test/AF2-CatGraph/data/AqTMK/01_af2_new/AqTMK.AF2rank141.pdb,/home/wms/AF2-test/AF2-CatGraph/results/AqTMK/02_template_guided_docking/complexes/AqTMK_141_complex.pdb,/home/wms/AF2-test/AF2-CatGraph/data/AqTMK/02_templates/template.pdb,/home/wms/AF2-test/AF2-CatGraph/data/AqTMK/02_templates/ATP.pdb;/home/wms/AF2-test/AF2-CatGraph/data/AqTMK/02_templates/TMP.pdb;/home/wms/AF2-test/AF2-CatGraph/data/AqTMK/02_templates/MG.pdb,results/AqTMK/02_template_guided_docking/tables/AqTMK_step02_ligand_order_manifest.csv,/home/wms/AF2-test/AF2-CatGraph/data/AqTMK/02_templates/ATP.pdb;/home/wms/AF2-test/AF2-CatGraph/data/AqTMK/02_templates/TMP.pdb;/home/wms/AF2-test/AF2-CatGraph/data/AqTMK/02_templates/MG.pdb,ATP;TMP;MG,untrimmed_input,3,21,standard,dock_py_exact,True,single_chain_same_length_same_ordered_sequence,195,1.0,1.0,,failed,,1578,21,5,1.4132241164947197,2.034483137500577,2.034483137500577,10,True,"(0.0, 0.0, 0.0)",collision_py_exact,5.0,6.0,23,88.86173913043477,93.56,72.962,54.84,97.81,90.0,80.0,False,/home/wms/AF2-test/AF2-CatGraph/results/AqTMK/02_template_guided_docking/complexes/AqTMK_141_complex.pdb
142,AqTMK_142,AqTMK_142_complex.pdb,AqTMK,142,AqTMK.AF2rank142.pdb,AqTMK.AF2rank142,/home/wms/AF2-test/AF2-CatGraph/data/AqTMK/01_af2_new/AqTMK.AF2rank142.pdb,/home/wms/AF2-test/AF2-CatGraph/results/AqTMK/02_template_guided_docking/complexes/AqTMK_142_complex.pdb,/home/wms/AF2-test/AF2-CatGraph/data/AqTMK/02_templates/template.pdb,/home/wms/AF2-test/AF2-CatGraph/data/AqTMK/02_templates/ATP.pdb;/home/wms/AF2-test/AF2-CatGraph/data/AqTMK/02_templates/TMP.pdb;/home/wms/AF2-test/AF2-CatGraph/data/AqTMK/02_templates/MG.pdb,results/AqTMK/02_template_guided_docking/tables/AqTMK_step02_ligand_order_manifest.csv,/home/wms/AF2-test/AF2-CatGraph/data/AqTMK/02_templates/ATP.pdb;/home/wms/AF2-test/AF2-CatGraph/data/AqTMK/02_templates/TMP.pdb;/home/wms/AF2-test/AF2-CatGraph/data/AqTMK/02_templates/MG.pdb,ATP;TMP;MG,untrimmed_input,3,21,standard,dock_py_exact,True,single_chain_same_length_same_ordered_sequence,195,1.0,1.0,,failed,,1578,21,4,1.3505245855579786,2.0522117251367797,2.0522117251367797,10,True,"(0.0, 0.0, 0.0)",collision_py_exact,5.0,6.0,22,90.275,93.595,74.69200000000001,63.44,98.19,90.0,80.0,False,/home/wms/AF2-test/AF2-CatGraph/results/AqTMK/02_template_guided_docking/complexes/AqTMK_142_complex.pdb
143,AqTMK_143,AqTMK_143_complex.pdb,AqTMK,143,AqTMK.AF2rank143.pdb,AqTMK.AF2rank143,/home/wms/AF2-test/AF2-CatGraph/data/AqTMK/01_af2_new/AqTMK.AF2rank143.pdb,/home/wms/AF2-test/AF2-CatGraph/results/AqTMK/02_template_guided_docking/complexes/AqTMK_143_complex.pdb,/home/wms/AF2-test/AF2-CatGraph/data/AqTMK/02_templates/template.pdb,/home/wms/AF2-test/AF2-CatGraph/data/AqTMK/02_templates/ATP.pdb;/home/wms/AF2-test/AF2-CatGraph/data/AqTMK/02_templates/TMP.pdb;/home/wms/AF2-test/AF2-CatGraph/data/AqTMK/02_templates/MG.pdb,results/AqTMK/02_template_guided_docking/tables/AqTMK_step02_ligand_order_manifest.csv,/home/wms/AF2-test/AF2-CatGraph/data/AqTMK/02_templates/ATP.pdb;/home/wms/AF2-test/AF2-CatGraph/data/AqTMK/02_templates/TMP.pdb;/home/wms/AF2-test/AF2-CatGraph/data/AqTMK/02_templates/MG.pdb,ATP;TMP;MG,untrimmed_input,3,21,standard,dock_py_exact,True,single_chain_same_length_same_ordered_sequence,195,1.0,1.0,,failed,,1578,21,5,1.255993179793244,2.126525552889877,2.126525552889877,10,True,"(0.0, 0.0, 0.0)",collision_py_exact,5.0,6.0,23,89.26782608695652,94.81,73.47200000000001,54.69,98.12,90.0,80.0,False,/home/wms/AF2-test/AF2-CatGraph/results/AqTMK/02_template_guided_docking/complexes/AqTMK_143_complex.pdb
144,AqTMK_144,AqTMK_144_complex.pdb,AqTMK,144,AqTMK.AF2rank144.pdb,AqTMK.AF2rank144,/home/wms/AF2-test/AF2-CatGraph/data/AqTMK/01_af2_new/AqTMK.AF2rank144.pdb,/home/wms/AF2-test/AF2-CatGraph/results/AqTMK/02_template_guided_docking/complexes/AqTMK_144_complex.pdb,/home/wms/AF2-test/AF2-CatGraph/data/AqTMK/02_templates/template.pdb,/home/wms/AF2-test/AF2-CatGraph/data/AqTMK/02_templates/ATP.pdb;/home/wms/AF2-test/AF2-CatGraph/data/AqTMK/02_templates/TMP.pdb;/home/wms/AF2-test/AF2-CatGraph/data/AqTMK/02_templates/MG.pdb,results/AqTMK/02_template_guided_docking/tables/AqTMK_step02_ligand_order_manifest.csv,/home/wms/AF2-test/AF2-CatGraph/data/AqTMK/02_templates/ATP.pdb;/home/wms/AF2-test/AF2-CatGraph/data/AqTMK/02_templates/TMP.pdb;/home/wms/AF2-test/AF2-CatGraph/data/AqTMK/02_templates/MG.pdb,ATP;TMP;MG,untrimmed_input,3,21,standard,dock_py_exact,True,single_chain_same_length_same_ordered_sequence,195,1.0,1.0,,failed,,1578,21,9,2.37537549889472,2.013362673372103,2.013362673372103,10,True,"(0.0, 0.0, 0.0)",collision_py_exact,5.0,6.0,22,89.43318181818182,93.405,74.759,61.75,97.88,90.0,80.0,False,/home/wms/AF2-test/AF2-CatGraph/results/AqTMK/02_template_guided_docking/complexes/AqTMK_144_complex.pdb
145,AqTMK_145,AqTMK_145_complex.pdb,AqTMK,145,AqTMK.AF2rank145.pdb,AqTMK.AF2rank145,/home/wms/AF2-test/AF2-CatGraph/data/AqTMK/01_af2_new/AqTMK.AF2rank145.pdb,/home/wms/AF2-test/AF2-CatGraph/results/AqTMK/02_template_guided_docking/complexes/AqTMK_145_complex.pdb,/home/wms/AF2-test/AF2-CatGraph/data/AqTMK/02_templates/template.pdb,/home/wms/AF2-test/AF2-CatGraph/data/AqTMK/02_templates/ATP.pdb;/home/wms/AF2-test/AF2-CatGraph/data/AqTMK/02_templates/TMP.pdb;/home/wms/AF2-test/AF2-CatGraph/data/AqTMK/02_templates/MG.pdb,results/AqTMK/02_template_guided_docking/tables/AqTMK_step02_ligand_order_manifest.csv,/home/wms/AF2-test/AF2-CatGraph/data/AqTMK/02_templates/ATP.pdb;/home/wms/AF2-test/AF2-CatGraph/data/AqTMK/02_templates/TMP.pdb;/home/wms/AF2-test/AF2-CatGraph/data/AqTMK/02_templates/MG.pdb,ATP;TMP;MG,untrimmed_input,3,21,standard,dock_py_exact,True,single_chain_same_length_same_ordered_sequence,195,1.0,1.0,,failed,,1578,21,3,0.6726845824764962,2.008563384436086,2.008563384436086,10,True,"(0.0, 0.0, 0.0)",collision_py_exact,5.0,6.0,21,90.13238095238096,94.25,79.75,53.22,98.12,90.0,80.0,False,/home/wms/AF2-test/AF2-CatGraph/results/AqTMK/02_template_guided_docking/complexes/AqTMK_145_complex.pdb
146,AqTMK_146,AqTMK_146_complex.pdb,AqTMK,146,AqTMK.AF2rank146.pdb,AqTMK.AF2rank146,/home/wms/AF2-test/AF2-CatGraph/data/AqTMK/01_af2_new/AqTMK.AF2rank146.pdb,/home/wms/AF2-test/AF2-CatGraph/results/AqTMK/02_template_guided_docking/complexes/AqTMK_146_complex.pdb,/home/wms/AF2-test/AF2-CatGraph/data/AqTMK/02_templates/template.pdb,/home/wms/AF2-test/AF2-CatGraph/data/AqTMK/02_templates/ATP.pdb;/home/wms/AF2-test/AF2-CatGraph/data/AqTMK/02_templates/TMP.pdb;/home/wms/AF2-test/AF2-CatGraph/data/AqTMK/02_templates/MG.pdb,results/AqTMK/02_template_guided_docking/tables/AqTMK_step02_ligand_order_manifest.csv,/home/wms/AF2-test/AF2-CatGraph/data/AqTMK/02_templates/ATP.pdb;/home/wms/AF2-test/AF2-CatGraph/data/AqTMK/02_templates/TMP.pdb;/home/wms/AF2-test/AF2-CatGraph/data/AqTMK/02_templates/MG.pdb,ATP;TMP;MG,untrimmed_input,3,21,standard,dock_py_exact,True,single_chain_same_length_same_ordered_sequence,195,1.0,1.0,,failed,,1578,21,6,2.048582759408462,2.035646718159009,2.035646718159009,10,True,"(0.0, 0.0, 0.0)",collision_py_exact,5.0,6.0,23,90.07347826086959,94.56,73.602,61.38,97.81,90.0,80.0,False,/home/wms/AF2-test/AF2-CatGraph/results/AqTMK/02_template_guided_docking/complexes/AqTMK_146_complex.pdb
147,AqTMK_147,AqTMK_147_complex.pdb,AqTMK,147,AqTMK.AF2rank147.pdb,AqTMK.AF2rank147,/home/wms/AF2-test/AF2-CatGraph/data/AqTMK/01_af2_new/AqTMK.AF2rank147.pdb,/home/wms/AF2-test/AF2-CatGraph/results/AqTMK/02_template_guided_docking/complexes/AqTMK_147_complex.pdb,/home/wms/AF2-test/AF2-CatGraph/data/AqTMK/02_templates/template.pdb,/home/wms/AF2-test/AF2-CatGraph/data/AqTMK/02_templates/ATP.pdb;/home/wms/AF2-test/AF2-CatGraph/data/AqTMK/02_templates/TMP.pdb;/home/wms/AF2-test/AF2-CatGraph/data/AqTMK/02_templates/MG.pdb,results/AqTMK/02_template_guided_docking/tables/AqTMK_step02_ligand_order_manifest.csv,/home/wms/AF2-test/AF2-CatGraph/data/AqTMK/02_templates/ATP.pdb;/home/wms/AF2-test/AF2-CatGraph/data/AqTMK/02_templates/TMP.pdb;/home/wms/AF2-test/AF2-CatGraph/data/AqTMK/02_templates/MG.pdb,ATP;TMP;MG,untrimmed_input,3,21,standard,dock_py_exact,True,single_chain_same_length_same_ordered_sequence,195,1.0,1.0,,failed,,1578,21,4,1.1760780835766518,2.051084053114416,2.051084053114416,10,True,"(0.0, 0.0, 0.0)",collision_py_exact,5.0,6.0,23,89.11391304347826,94.94,73.086,51.94,98.0,90.0,80.0,False,/home/wms/AF2-test/AF2-CatGraph/results/AqTMK/02_template_guided_docking/complexes/AqTMK_147_complex.pdb
148,AqTMK_148,AqTMK_148_complex.pdb,AqTMK,148,AqTMK.AF2rank148.pdb,AqTMK.AF2rank148,/home/wms/AF2-test/AF2-CatGraph/data/AqTMK/01_af2_new/AqTMK.AF2rank148.pdb,/home/wms/AF2-test/AF2-CatGraph/results/AqTMK/02_template_guided_docking/complexes/AqTMK_148_complex.pdb,/home/wms/AF2-test/AF2-CatGraph/data/AqTMK/02_templates/template.pdb,/home/wms/AF2-test/AF2-CatGraph/data/AqTMK/02_templates/ATP.pdb;/home/wms/AF2-test/AF2-CatGraph/data/AqTMK/02_templates/TMP.pdb;/home/wms/AF2-test/AF2-CatGraph/data/AqTMK/02_templates/MG.pdb,results/AqTMK/02_template_guided_docking/tables/AqTMK_step02_ligand_order_manifest.csv,/home/wms/AF2-test/AF2-CatGraph/data/AqTMK/02_templates/ATP.pdb;/home/wms/AF2-test/AF2-CatGraph/data/AqTMK/02_templates/TMP.pdb;/home/wms/AF2-test/AF2-CatGraph/data/AqTMK/02_templates/MG.pdb,ATP;TMP;MG,untrimmed_input,3,21,standard,dock_py_exact,True,single_chain_same_length_same_ordered_sequence,195,1.0,1.0,,failed,,1578,21,7,1.5467704224425396,2.127569071330081,2.127569071330081,10,True,"(0.0, 0.0, 0.0)",collision_py_exact,5.0,6.0,24,89.8325,93.595,75.543,59.69,98.06,90.0,80.0,False,/home/wms/AF2-test/AF2-CatGraph/results/AqTMK/02_template_guided_docking/complexes/AqTMK_148_complex.pdb
150,AqTMK_150,AqTMK_150_complex.pdb,AqTMK,150,AqTMK.AF2rank150.pdb,AqTMK.AF2rank150,/home/wms/AF2-test/AF2-CatGraph/data/AqTMK/01_af2_new/AqTMK.AF2rank150.pdb,/home/wms/AF2-test/AF2-CatGraph/results/AqTMK/02_template_guided_docking/complexes/AqTMK_150_complex.pdb,/home/wms/AF2-test/AF2-CatGraph/data/AqTMK/02_templates/template.pdb,/home/wms/AF2-test/AF2-CatGraph/data/AqTMK/02_templates/ATP.pdb;/home/wms/AF2-test/AF2-CatGraph/data/AqTMK/02_templates/TMP.pdb;/home/wms/AF2-test/AF2-CatGraph/data/AqTMK/02_templates/MG.pdb,results/AqTMK/02_template_guided_docking/tables/AqTMK_step02_ligand_order_manifest.csv,/home/wms/AF2-test/AF2-CatGraph/data/AqTMK/02_templates/ATP.pdb;/home/wms/AF2-test/AF2-CatGraph/data/AqTMK/02_templates/TMP.pdb;/home/wms/AF2-test/AF2-CatGraph/data/AqTMK/02_templates/MG.pdb,ATP;TMP;MG,untrimmed_input,3,21,standard,dock_py_exact,True,single_chain_same_length_same_ordered_sequence,195,1.0,1.0,,failed,,1578,21,5,1.7044484959830395,2.016296589330973,2.016296589330973,10,True,"(0.0, 0.0, 0.0)",collision_py_exact,5.0,6.0,23,88.98304347826088,92.69,69.99,52.16,98.38,90.0,80.0,False,/home/wms/AF2-test/AF2-CatGraph/results/AqTMK/02_template_guided_docking/complexes/AqTMK_150_complex.pdb
151,AqTMK_151,AqTMK_151_complex.pdb,AqTMK,151,AqTMK.AF2rank151.pdb,AqTMK.AF2rank151,/home/wms/AF2-test/AF2-CatGraph/data/AqTMK/01_af2_new/AqTMK.AF2rank151.pdb,/home/wms/AF2-test/AF2-CatGraph/results/AqTMK/02_template_guided_docking/complexes/AqTMK_151_complex.pdb,/home/wms/AF2-test/AF2-CatGraph/data/AqTMK/02_templates/template.pdb,/home/wms/AF2-test/AF2-CatGraph/data/AqTMK/02_templates/ATP.pdb;/home/wms/AF2-test/AF2-CatGraph/data/AqTMK/02_templates/TMP.pdb;/home/wms/AF2-test/AF2-CatGraph/data/AqTMK/02_templates/MG.pdb,results/AqTMK/02_template_guided_docking/tables/AqTMK_step02_ligand_order_manifest.csv,/home/wms/AF2-test/AF2-CatGraph/data/AqTMK/02_templates/ATP.pdb;/home/wms/AF2-test/AF2-CatGraph/data/AqTMK/02_templates/TMP.pdb;/home/wms/AF2-test/AF2-CatGraph/data/AqTMK/02_templates/MG.pdb,ATP;TMP;MG,untrimmed_input,3,21,standard,dock_py_exact,True,single_chain_same_length_same_ordered_sequence,195,1.0,1.0,,failed,,1578,21,5,1.227370992436522,2.0422341105340096,2.0422341105340096,10,True,"(0.0, 0.0, 0.0)",collision_py_exact,5.0,6.0,23,89.5708695652174,93.31,76.004,58.25,98.12,90.0,80.0,False,/home/wms/AF2-test/AF2-CatGraph/results/AqTMK/02_template_guided_docking/complexes/AqTMK_151_complex.pdb
152,AqTMK_152,AqTMK_152_complex.pdb,AqTMK,152,AqTMK.AF2rank152.pdb,AqTMK.AF2rank152,/home/wms/AF2-test/AF2-CatGraph/data/AqTMK/01_af2_new/AqTMK.AF2rank152.pdb,/home/wms/AF2-test/AF2-CatGraph/results/AqTMK/02_template_guided_docking/complexes/AqTMK_152_complex.pdb,/home/wms/AF2-test/AF2-CatGraph/data/AqTMK/02_templates/template.pdb,/home/wms/AF2-test/AF2-CatGraph/data/AqTMK/02_templates/ATP.pdb;/home/wms/AF2-test/AF2-CatGraph/data/AqTMK/02_templates/TMP.pdb;/home/wms/AF2-test/AF2-CatGraph/data/AqTMK/02_templates/MG.pdb,results/AqTMK/02_template_guided_docking/tables/AqTMK_step02_ligand_order_manifest.csv,/home/wms/AF2-test/AF2-CatGraph/data/AqTMK/02_templates/ATP.pdb;/home/wms/AF2-test/AF2-CatGraph/data/AqTMK/02_templates/TMP.pdb;/home/wms/AF2-test/AF2-CatGraph/data/AqTMK/02_templates/MG.pdb,ATP;TMP;MG,untrimmed_input,3,21,standard,dock_py_exact,True,single_chain_same_length_same_ordered_sequence,195,1.0,1.0,,failed,,1578,21,4,0.8290237943008387,2.026406857445378,2.026406857445378,10,True,"(0.0, 0.0, 0.0)",collision_py_exact,5.0,6.0,20,89.652,94.155,80.44800000000001,54.59,98.06,90.0,80.0,False,/home/wms/AF2-test/AF2-CatGraph/results/AqTMK/02_template_guided_docking/complexes/AqTMK_152_complex.pdb
154,AqTMK_154,AqTMK_154_complex.pdb,AqTMK,154,AqTMK.AF2rank154.pdb,AqTMK.AF2rank154,/home/wms/AF2-test/AF2-CatGraph/data/AqTMK/01_af2_new/AqTMK.AF2rank154.pdb,/home/wms/AF2-test/AF2-CatGraph/results/AqTMK/02_template_guided_docking/complexes/AqTMK_154_complex.pdb,/home/wms/AF2-test/AF2-CatGraph/data/AqTMK/02_templates/template.pdb,/home/wms/AF2-test/AF2-CatGraph/data/AqTMK/02_templates/ATP.pdb;/home/wms/AF2-test/AF2-CatGraph/data/AqTMK/02_templates/TMP.pdb;/home/wms/AF2-test/AF2-CatGraph/data/AqTMK/02_templates/MG.pdb,results/AqTMK/02_template_guided_docking/tables/AqTMK_step02_ligand_order_manifest.csv,/home/wms/AF2-test/AF2-CatGraph/data/AqTMK/02_templates/ATP.pdb;/home/wms/AF2-test/AF2-CatGraph/data/AqTMK/02_templates/TMP.pdb;/home/wms/AF2-test/AF2-CatGraph/data/AqTMK/02_templates/MG.pdb,ATP;TMP;MG,untrimmed_input,3,21,standard,dock_py_exact,True,single_chain_same_length_same_ordered_sequence,195,1.0,1.0,,failed,,1578,21,4,1.1850312739169353,2.039250636529658,2.039250636529658,10,True,"(0.0, 0.0, 0.0)",collision_py_exact,5.0,6.0,24,89.29250000000002,93.435,73.983,56.72,97.94,90.0,80.0,False,/home/wms/AF2-test/AF2-CatGraph/results/AqTMK/02_template_guided_docking/complexes/AqTMK_154_complex.pdb
157,AqTMK_157,AqTMK_157_complex.pdb,AqTMK,157,AqTMK.AF2rank157.pdb,AqTMK.AF2rank157,/home/wms/AF2-test/AF2-CatGraph/data/AqTMK/01_af2_new/AqTMK.AF2rank157.pdb,/home/wms/AF2-test/AF2-CatGraph/results/AqTMK/02_template_guided_docking/complexes/AqTMK_157_complex.pdb,/home/wms/AF2-test/AF2-CatGraph/data/AqTMK/02_templates/template.pdb,/home/wms/AF2-test/AF2-CatGraph/data/AqTMK/02_templates/ATP.pdb;/home/wms/AF2-test/AF2-CatGraph/data/AqTMK/02_templates/TMP.pdb;/home/wms/AF2-test/AF2-CatGraph/data/AqTMK/02_templates/MG.pdb,results/AqTMK/02_template_guided_docking/tables/AqTMK_step02_ligand_order_manifest.csv,/home/wms/AF2-test/AF2-CatGraph/data/AqTMK/02_templates/ATP.pdb;/home/wms/AF2-test/AF2-CatGraph/data/AqTMK/02_templates/TMP.pdb;/home/wms/AF2-test/AF2-CatGraph/data/AqTMK/02_templates/MG.pdb,ATP;TMP;MG,untrimmed_input,3,21,standard,dock_py_exact,True,single_chain_same_length_same_ordered_sequence,195,1.0,1.0,,failed,,1578,21,3,1.1516151492340536,2.0301568666786136,2.0301568666786136,10,True,"(0.0, 0.0, 0.0)",collision_py_exact,5.0,6.0,22,89.73045454545455,93.655,83.288,55.5,98.0,90.0,80.0,False,/home/wms/AF2-test/AF2-CatGraph/results/AqTMK/02_template_guided_docking/complexes/AqTMK_157_complex.pdb
158,AqTMK_158,AqTMK_158_complex.pdb,AqTMK,158,AqTMK.AF2rank158.pdb,AqTMK.AF2rank158,/home/wms/AF2-test/AF2-CatGraph/data/AqTMK/01_af2_new/AqTMK.AF2rank158.pdb,/home/wms/AF2-test/AF2-CatGraph/results/AqTMK/02_template_guided_docking/complexes/AqTMK_158_complex.pdb,/home/wms/AF2-test/AF2-CatGraph/data/AqTMK/02_templates/template.pdb,/home/wms/AF2-test/AF2-CatGraph/data/AqTMK/02_templates/ATP.pdb;/home/wms/AF2-test/AF2-CatGraph/data/AqTMK/02_templates/TMP.pdb;/home/wms/AF2-test/AF2-CatGraph/data/AqTMK/02_templates/MG.pdb,results/AqTMK/02_template_guided_docking/tables/AqTMK_step02_ligand_order_manifest.csv,/home/wms/AF2-test/AF2-CatGraph/data/AqTMK/02_templates/ATP.pdb;/home/wms/AF2-test/AF2-CatGraph/data/AqTMK/02_templates/TMP.pdb;/home/wms/AF2-test/AF2-CatGraph/data/AqTMK/02_templates/MG.pdb,ATP;TMP;MG,untrimmed_input,3,21,standard,dock_py_exact,True,single_chain_same_length_same_ordered_sequence,195,1.0,1.0,,failed,,1578,21,8,2.327610569533622,2.049800104099287,2.049800104099287,10,True,"(0.0, 0.0, 0.0)",collision_py_exact,5.0,6.0,23,90.03347826086956,94.44,74.452,61.06,97.94,90.0,80.0,False,/home/wms/AF2-test/AF2-CatGraph/results/AqTMK/02_template_guided_docking/complexes/AqTMK_158_complex.pdb
160,AqTMK_160,AqTMK_160_complex.pdb,AqTMK,160,AqTMK.AF2rank160.pdb,AqTMK.AF2rank160,/home/wms/AF2-test/AF2-CatGraph/data/AqTMK/01_af2_new/AqTMK.AF2rank160.pdb,/home/wms/AF2-test/AF2-CatGraph/results/AqTMK/02_template_guided_docking/complexes/AqTMK_160_complex.pdb,/home/wms/AF2-test/AF2-CatGraph/data/AqTMK/02_templates/template.pdb,/home/wms/AF2-test/AF2-CatGraph/data/AqTMK/02_templates/ATP.pdb;/home/wms/AF2-test/AF2-CatGraph/data/AqTMK/02_templates/TMP.pdb;/home/wms/AF2-test/AF2-CatGraph/data/AqTMK/02_templates/MG.pdb,results/AqTMK/02_template_guided_docking/tables/AqTMK_step02_ligand_order_manifest.csv,/home/wms/AF2-test/AF2-CatGraph/data/AqTMK/02_templates/ATP.pdb;/home/wms/AF2-test/AF2-CatGraph/data/AqTMK/02_templates/TMP.pdb;/home/wms/AF2-test/AF2-CatGraph/data/AqTMK/02_templates/MG.pdb,ATP;TMP;MG,untrimmed_input,3,21,standard,dock_py_exact,True,single_chain_same_length_same_ordered_sequence,195,1.0,1.0,,failed,,1578,21,6,2.2556032876328618,2.014995139596305,2.014995139596305,10,True,"(0.0, 0.0, 0.0)",collision_py_exact,5.0,6.0,23,89.09173913043479,94.62,69.35000000000001,53.56,97.81,90.0,80.0,False,/home/wms/AF2-test/AF2-CatGraph/results/AqTMK/02_template_guided_docking/complexes/AqTMK_160_complex.pdb
161,AqTMK_161,AqTMK_161_complex.pdb,AqTMK,161,AqTMK.AF2rank161.pdb,AqTMK.AF2rank161,/home/wms/AF2-test/AF2-CatGraph/data/AqTMK/01_af2_new/AqTMK.AF2rank161.pdb,/home/wms/AF2-test/AF2-CatGraph/results/AqTMK/02_template_guided_docking/complexes/AqTMK_161_complex.pdb,/home/wms/AF2-test/AF2-CatGraph/data/AqTMK/02_templates/template.pdb,/home/wms/AF2-test/AF2-CatGraph/data/AqTMK/02_templates/ATP.pdb;/home/wms/AF2-test/AF2-CatGraph/data/AqTMK/02_templates/TMP.pdb;/home/wms/AF2-test/AF2-CatGraph/data/AqTMK/02_templates/MG.pdb,results/AqTMK/02_template_guided_docking/tables/AqTMK_step02_ligand_order_manifest.csv,/home/wms/AF2-test/AF2-CatGraph/data/AqTMK/02_templates/ATP.pdb;/home/wms/AF2-test/AF2-CatGraph/data/AqTMK/02_templates/TMP.pdb;/home/wms/AF2-test/AF2-CatGraph/data/AqTMK/02_templates/MG.pdb,ATP;TMP;MG,untrimmed_input,3,21,standard,dock_py_exact,True,single_chain_same_length_same_ordered_sequence,195,1.0,1.0,,failed,,1578,21,8,1.9959647994141867,2.079655228232522,2.079655228232522,10,True,"(0.0, 0.0, 0.0)",collision_py_exact,5.0,6.0,24,89.78333333333335,93.845,75.726,58.5,98.12,90.0,80.0,False,/home/wms/AF2-test/AF2-CatGraph/results/AqTMK/02_template_guided_docking/complexes/AqTMK_161_complex.pdb
162,AqTMK_162,AqTMK_162_complex.pdb,AqTMK,162,AqTMK.AF2rank162.pdb,AqTMK.AF2rank162,/home/wms/AF2-test/AF2-CatGraph/data/AqTMK/01_af2_new/AqTMK.AF2rank162.pdb,/home/wms/AF2-test/AF2-CatGraph/results/AqTMK/02_template_guided_docking/complexes/AqTMK_162_complex.pdb,/home/wms/AF2-test/AF2-CatGraph/data/AqTMK/02_templates/template.pdb,/home/wms/AF2-test/AF2-CatGraph/data/AqTMK/02_templates/ATP.pdb;/home/wms/AF2-test/AF2-CatGraph/data/AqTMK/02_templates/TMP.pdb;/home/wms/AF2-test/AF2-CatGraph/data/AqTMK/02_templates/MG.pdb,results/AqTMK/02_template_guided_docking/tables/AqTMK_step02_ligand_order_manifest.csv,/home/wms/AF2-test/AF2-CatGraph/data/AqTMK/02_templates/ATP.pdb;/home/wms/AF2-test/AF2-CatGraph/data/AqTMK/02_templates/TMP.pdb;/home/wms/AF2-test/AF2-CatGraph/data/AqTMK/02_templates/MG.pdb,ATP;TMP;MG,untrimmed_input,3,21,standard,dock_py_exact,True,single_chain_same_length_same_ordered_sequence,195,1.0,1.0,,failed,,1578,21,4,1.1321502207903782,2.0703065335817,2.0703065335817,10,True,"(0.0, 0.0, 0.0)",collision_py_exact,5.0,6.0,23,89.83565217391303,94.75,72.002,60.53,97.88,90.0,80.0,False,/home/wms/AF2-test/AF2-CatGraph/results/AqTMK/02_template_guided_docking/complexes/AqTMK_162_complex.pdb
166,AqTMK_166,AqTMK_166_complex.pdb,AqTMK,166,AqTMK.AF2rank166.pdb,AqTMK.AF2rank166,/home/wms/AF2-test/AF2-CatGraph/data/AqTMK/01_af2_new/AqTMK.AF2rank166.pdb,/home/wms/AF2-test/AF2-CatGraph/results/AqTMK/02_template_guided_docking/complexes/AqTMK_166_complex.pdb,/home/wms/AF2-test/AF2-CatGraph/data/AqTMK/02_templates/template.pdb,/home/wms/AF2-test/AF2-CatGraph/data/AqTMK/02_templates/ATP.pdb;/home/wms/AF2-test/AF2-CatGraph/data/AqTMK/02_templates/TMP.pdb;/home/wms/AF2-test/AF2-CatGraph/data/AqTMK/02_templates/MG.pdb,results/AqTMK/02_template_guided_docking/tables/AqTMK_step02_ligand_order_manifest.csv,/home/wms/AF2-test/AF2-CatGraph/data/AqTMK/02_templates/ATP.pdb;/home/wms/AF2-test/AF2-CatGraph/data/AqTMK/02_templates/TMP.pdb;/home/wms/AF2-test/AF2-CatGraph/data/AqTMK/02_templates/MG.pdb,ATP;TMP;MG,untrimmed_input,3,21,standard,dock_py_exact,True,single_chain_same_length_same_ordered_sequence,195,1.0,1.0,,failed,,1578,21,7,1.7059108876415965,2.0917754215224797,2.0917754215224797,10,True,"(0.0, 0.0, 0.0)",collision_py_exact,5.0,6.0,23,89.35521739130434,94.31,74.12400000000001,55.16,98.0,90.0,80.0,False,/home/wms/AF2-test/AF2-CatGraph/results/AqTMK/02_template_guided_docking/complexes/AqTMK_166_complex.pdb
168,AqTMK_168,AqTMK_168_complex.pdb,AqTMK,168,AqTMK.AF2rank168.pdb,AqTMK.AF2rank168,/home/wms/AF2-test/AF2-CatGraph/data/AqTMK/01_af2_new/AqTMK.AF2rank168.pdb,/home/wms/AF2-test/AF2-CatGraph/results/AqTMK/02_template_guided_docking/complexes/AqTMK_168_complex.pdb,/home/wms/AF2-test/AF2-CatGraph/data/AqTMK/02_templates/template.pdb,/home/wms/AF2-test/AF2-CatGraph/data/AqTMK/02_templates/ATP.pdb;/home/wms/AF2-test/AF2-CatGraph/data/AqTMK/02_templates/TMP.pdb;/home/wms/AF2-test/AF2-CatGraph/data/AqTMK/02_templates/MG.pdb,results/AqTMK/02_template_guided_docking/tables/AqTMK_step02_ligand_order_manifest.csv,/home/wms/AF2-test/AF2-CatGraph/data/AqTMK/02_templates/ATP.pdb;/home/wms/AF2-test/AF2-CatGraph/data/AqTMK/02_templates/TMP.pdb;/home/wms/AF2-test/AF2-CatGraph/data/AqTMK/02_templates/MG.pdb,ATP;TMP;MG,untrimmed_input,3,21,standard,dock_py_exact,True,single_chain_same_length_same_ordered_sequence,195,1.0,1.0,,failed,,1578,21,4,1.111922698559086,2.092593209640309,2.092593209640309,10,True,"(0.0, 0.0, 0.0)",collision_py_exact,5.0,6.0,23,89.1895652173913,93.31,71.69800000000001,57.31,97.75,90.0,80.0,False,/home/wms/AF2-test/AF2-CatGraph/results/AqTMK/02_template_guided_docking/complexes/AqTMK_168_complex.pdb
169,AqTMK_169,AqTMK_169_complex.pdb,AqTMK,169,AqTMK.AF2rank169.pdb,AqTMK.AF2rank169,/home/wms/AF2-test/AF2-CatGraph/data/AqTMK/01_af2_new/AqTMK.AF2rank169.pdb,/home/wms/AF2-test/AF2-CatGraph/results/AqTMK/02_template_guided_docking/complexes/AqTMK_169_complex.pdb,/home/wms/AF2-test/AF2-CatGraph/data/AqTMK/02_templates/template.pdb,/home/wms/AF2-test/AF2-CatGraph/data/AqTMK/02_templates/ATP.pdb;/home/wms/AF2-test/AF2-CatGraph/data/AqTMK/02_templates/TMP.pdb;/home/wms/AF2-test/AF2-CatGraph/data/AqTMK/02_templates/MG.pdb,results/AqTMK/02_template_guided_docking/tables/AqTMK_step02_ligand_order_manifest.csv,/home/wms/AF2-test/AF2-CatGraph/data/AqTMK/02_templates/ATP.pdb;/home/wms/AF2-test/AF2-CatGraph/data/AqTMK/02_templates/TMP.pdb;/home/wms/AF2-test/AF2-CatGraph/data/AqTMK/02_templates/MG.pdb,ATP;TMP;MG,untrimmed_input,3,21,standard,dock_py_exact,True,single_chain_same_length_same_ordered_sequence,195,1.0,1.0,,failed,,1578,21,3,1.0821980411827097,2.076637905396478,2.076637905396478,10,True,"(0.0, 0.0, 0.0)",collision_py_exact,5.0,6.0,24,89.97416666666668,94.28,74.972,57.5,97.94,90.0,80.0,False,/home/wms/AF2-test/AF2-CatGraph/results/AqTMK/02_template_guided_docking/complexes/AqTMK_169_complex.pdb
170,AqTMK_170,AqTMK_170_complex.pdb,AqTMK,170,AqTMK.AF2rank170.pdb,AqTMK.AF2rank170,/home/wms/AF2-test/AF2-CatGraph/data/AqTMK/01_af2_new/AqTMK.AF2rank170.pdb,/home/wms/AF2-test/AF2-CatGraph/results/AqTMK/02_template_guided_docking/complexes/AqTMK_170_complex.pdb,/home/wms/AF2-test/AF2-CatGraph/data/AqTMK/02_templates/template.pdb,/home/wms/AF2-test/AF2-CatGraph/data/AqTMK/02_templates/ATP.pdb;/home/wms/AF2-test/AF2-CatGraph/data/AqTMK/02_templates/TMP.pdb;/home/wms/AF2-test/AF2-CatGraph/data/AqTMK/02_templates/MG.pdb,results/AqTMK/02_template_guided_docking/tables/AqTMK_step02_ligand_order_manifest.csv,/home/wms/AF2-test/AF2-CatGraph/data/AqTMK/02_templates/ATP.pdb;/home/wms/AF2-test/AF2-CatGraph/data/AqTMK/02_templates/TMP.pdb;/home/wms/AF2-test/AF2-CatGraph/data/AqTMK/02_templates/MG.pdb,ATP;TMP;MG,untrimmed_input,3,21,standard,dock_py_exact,True,single_chain_same_length_same_ordered_sequence,195,1.0,1.0,,failed,,1578,21,9,2.202530893238478,2.0145245830984515,2.0145245830984515,10,True,"(0.0, 0.0, 0.0)",collision_py_exact,5.0,6.0,22,89.71863636363636,93.095,75.512,62.44,97.88,90.0,80.0,False,/home/wms/AF2-test/AF2-CatGraph/results/AqTMK/02_template_guided_docking/complexes/AqTMK_170_complex.pdb
174,AqTMK_174,AqTMK_174_complex.pdb,AqTMK,174,AqTMK.AF2rank174.pdb,AqTMK.AF2rank174,/home/wms/AF2-test/AF2-CatGraph/data/AqTMK/01_af2_new/AqTMK.AF2rank174.pdb,/home/wms/AF2-test/AF2-CatGraph/results/AqTMK/02_template_guided_docking/complexes/AqTMK_174_complex.pdb,/home/wms/AF2-test/AF2-CatGraph/data/AqTMK/02_templates/template.pdb,/home/wms/AF2-test/AF2-CatGraph/data/AqTMK/02_templates/ATP.pdb;/home/wms/AF2-test/AF2-CatGraph/data/AqTMK/02_templates/TMP.pdb;/home/wms/AF2-test/AF2-CatGraph/data/AqTMK/02_templates/MG.pdb,results/AqTMK/02_template_guided_docking/tables/AqTMK_step02_ligand_order_manifest.csv,/home/wms/AF2-test/AF2-CatGraph/data/AqTMK/02_templates/ATP.pdb;/home/wms/AF2-test/AF2-CatGraph/data/AqTMK/02_templates/TMP.pdb;/home/wms/AF2-test/AF2-CatGraph/data/AqTMK/02_templates/MG.pdb,ATP;TMP;MG,untrimmed_input,3,21,standard,dock_py_exact,True,single_chain_same_length_same_ordered_sequence,195,1.0,1.0,,failed,,1578,21,3,1.0600745489889831,2.089019411645108,2.089019411645108,10,True,"(0.0, 0.0, 0.0)",collision_py_exact,5.0,6.0,23,89.3821739130435,94.75,68.916,54.97,98.0,90.0,80.0,False,/home/wms/AF2-test/AF2-CatGraph/results/AqTMK/02_template_guided_docking/complexes/AqTMK_174_complex.pdb
176,AqTMK_176,AqTMK_176_complex.pdb,AqTMK,176,AqTMK.AF2rank176.pdb,AqTMK.AF2rank176,/home/wms/AF2-test/AF2-CatGraph/data/AqTMK/01_af2_new/AqTMK.AF2rank176.pdb,/home/wms/AF2-test/AF2-CatGraph/results/AqTMK/02_template_guided_docking/complexes/AqTMK_176_complex.pdb,/home/wms/AF2-test/AF2-CatGraph/data/AqTMK/02_templates/template.pdb,/home/wms/AF2-test/AF2-CatGraph/data/AqTMK/02_templates/ATP.pdb;/home/wms/AF2-test/AF2-CatGraph/data/AqTMK/02_templates/TMP.pdb;/home/wms/AF2-test/AF2-CatGraph/data/AqTMK/02_templates/MG.pdb,results/AqTMK/02_template_guided_docking/tables/AqTMK_step02_ligand_order_manifest.csv,/home/wms/AF2-test/AF2-CatGraph/data/AqTMK/02_templates/ATP.pdb;/home/wms/AF2-test/AF2-CatGraph/data/AqTMK/02_templates/TMP.pdb;/home/wms/AF2-test/AF2-CatGraph/data/AqTMK/02_templates/MG.pdb,ATP;TMP;MG,untrimmed_input,3,21,standard,dock_py_exact,True,single_chain_same_length_same_ordered_sequence,195,1.0,1.0,,failed,,1578,21,5,1.4230685281384985,2.013687917173689,2.013687917173689,10,True,"(0.0, 0.0, 0.0)",collision_py_exact,5.0,6.0,23,89.54173913043478,94.38,73.56400000000001,57.72,98.0,90.0,80.0,False,/home/wms/AF2-test/AF2-CatGraph/results/AqTMK/02_template_guided_docking/complexes/AqTMK_176_complex.pdb
177,AqTMK_177,AqTMK_177_complex.pdb,AqTMK,177,AqTMK.AF2rank177.pdb,AqTMK.AF2rank177,/home/wms/AF2-test/AF2-CatGraph/data/AqTMK/01_af2_new/AqTMK.AF2rank177.pdb,/home/wms/AF2-test/AF2-CatGraph/results/AqTMK/02_template_guided_docking/complexes/AqTMK_177_complex.pdb,/home/wms/AF2-test/AF2-CatGraph/data/AqTMK/02_templates/template.pdb,/home/wms/AF2-test/AF2-CatGraph/data/AqTMK/02_templates/ATP.pdb;/home/wms/AF2-test/AF2-CatGraph/data/AqTMK/02_templates/TMP.pdb;/home/wms/AF2-test/AF2-CatGraph/data/AqTMK/02_templates/MG.pdb,results/AqTMK/02_template_guided_docking/tables/AqTMK_step02_ligand_order_manifest.csv,/home/wms/AF2-test/AF2-CatGraph/data/AqTMK/02_templates/ATP.pdb;/home/wms/AF2-test/AF2-CatGraph/data/AqTMK/02_templates/TMP.pdb;/home/wms/AF2-test/AF2-CatGraph/data/AqTMK/02_templates/MG.pdb,ATP;TMP;MG,untrimmed_input,3,21,standard,dock_py_exact,True,single_chain_same_length_same_ordered_sequence,195,1.0,1.0,,failed,,1578,21,5,1.3545954655141856,2.0034997267100545,2.0034997267100545,10,True,"(0.0, 0.0, 0.0)",collision_py_exact,5.0,6.0,22,88.59727272727274,93.655,72.356,55.5,97.81,90.0,80.0,False,/home/wms/AF2-test/AF2-CatGraph/results/AqTMK/02_template_guided_docking/complexes/AqTMK_177_complex.pdb
180,AqTMK_180,AqTMK_180_complex.pdb,AqTMK,180,AqTMK.AF2rank180.pdb,AqTMK.AF2rank180,/home/wms/AF2-test/AF2-CatGraph/data/AqTMK/01_af2_new/AqTMK.AF2rank180.pdb,/home/wms/AF2-test/AF2-CatGraph/results/AqTMK/02_template_guided_docking/complexes/AqTMK_180_complex.pdb,/home/wms/AF2-test/AF2-CatGraph/data/AqTMK/02_templates/template.pdb,/home/wms/AF2-test/AF2-CatGraph/data/AqTMK/02_templates/ATP.pdb;/home/wms/AF2-test/AF2-CatGraph/data/AqTMK/02_templates/TMP.pdb;/home/wms/AF2-test/AF2-CatGraph/data/AqTMK/02_templates/MG.pdb,results/AqTMK/02_template_guided_docking/tables/AqTMK_step02_ligand_order_manifest.csv,/home/wms/AF2-test/AF2-CatGraph/data/AqTMK/02_templates/ATP.pdb;/home/wms/AF2-test/AF2-CatGraph/data/AqTMK/02_templates/TMP.pdb;/home/wms/AF2-test/AF2-CatGraph/data/AqTMK/02_templates/MG.pdb,ATP;TMP;MG,untrimmed_input,3,21,standard,dock_py_exact,True,single_chain_same_length_same_ordered_sequence,195,1.0,1.0,,failed,,1578,21,6,1.897925072072004,2.040544309052752,2.040544309052752,10,True,"(0.0, 0.0, 0.0)",collision_py_exact,5.0,6.0,23,89.11391304347826,94.44,72.828,52.88,98.06,90.0,80.0,False,/home/wms/AF2-test/AF2-CatGraph/results/AqTMK/02_template_guided_docking/complexes/AqTMK_180_complex.pdb
182,AqTMK_182,AqTMK_182_complex.pdb,AqTMK,182,AqTMK.AF2rank182.pdb,AqTMK.AF2rank182,/home/wms/AF2-test/AF2-CatGraph/data/AqTMK/01_af2_new/AqTMK.AF2rank182.pdb,/home/wms/AF2-test/AF2-CatGraph/results/AqTMK/02_template_guided_docking/complexes/AqTMK_182_complex.pdb,/home/wms/AF2-test/AF2-CatGraph/data/AqTMK/02_templates/template.pdb,/home/wms/AF2-test/AF2-CatGraph/data/AqTMK/02_templates/ATP.pdb;/home/wms/AF2-test/AF2-CatGraph/data/AqTMK/02_templates/TMP.pdb;/home/wms/AF2-test/AF2-CatGraph/data/AqTMK/02_templates/MG.pdb,results/AqTMK/02_template_guided_docking/tables/AqTMK_step02_ligand_order_manifest.csv,/home/wms/AF2-test/AF2-CatGraph/data/AqTMK/02_templates/ATP.pdb;/home/wms/AF2-test/AF2-CatGraph/data/AqTMK/02_templates/TMP.pdb;/home/wms/AF2-test/AF2-CatGraph/data/AqTMK/02_templates/MG.pdb,ATP;TMP;MG,untrimmed_input,3,21,standard,dock_py_exact,True,single_chain_same_length_same_ordered_sequence,195,1.0,1.0,,failed,,1578,21,5,1.8354163105075212,2.0567144164958866,2.0567144164958866,10,True,"(0.0, 0.0, 0.0)",collision_py_exact,5.0,6.0,23,89.04782608695653,93.75,72.616,52.06,97.94,90.0,80.0,False,/home/wms/AF2-test/AF2-CatGraph/results/AqTMK/02_template_guided_docking/complexes/AqTMK_182_complex.pdb
183,AqTMK_183,AqTMK_183_complex.pdb,AqTMK,183,AqTMK.AF2rank183.pdb,AqTMK.AF2rank183,/home/wms/AF2-test/AF2-CatGraph/data/AqTMK/01_af2_new/AqTMK.AF2rank183.pdb,/home/wms/AF2-test/AF2-CatGraph/results/AqTMK/02_template_guided_docking/complexes/AqTMK_183_complex.pdb,/home/wms/AF2-test/AF2-CatGraph/data/AqTMK/02_templates/template.pdb,/home/wms/AF2-test/AF2-CatGraph/data/AqTMK/02_templates/ATP.pdb;/home/wms/AF2-test/AF2-CatGraph/data/AqTMK/02_templates/TMP.pdb;/home/wms/AF2-test/AF2-CatGraph/data/AqTMK/02_templates/MG.pdb,results/AqTMK/02_template_guided_docking/tables/AqTMK_step02_ligand_order_manifest.csv,/home/wms/AF2-test/AF2-CatGraph/data/AqTMK/02_templates/ATP.pdb;/home/wms/AF2-test/AF2-CatGraph/data/AqTMK/02_templates/TMP.pdb;/home/wms/AF2-test/AF2-CatGraph/data/AqTMK/02_templates/MG.pdb,ATP;TMP;MG,untrimmed_input,3,21,standard,dock_py_exact,True,single_chain_same_length_same_ordered_sequence,195,1.0,1.0,,failed,,1578,21,6,1.7057578788100385,2.063384715109569,2.063384715109569,10,True,"(0.0, 0.0, 0.0)",collision_py_exact,5.0,6.0,23,89.4213043478261,93.69,73.772,56.88,98.0,90.0,80.0,False,/home/wms/AF2-test/AF2-CatGraph/results/AqTMK/02_template_guided_docking/complexes/AqTMK_183_complex.pdb
189,AqTMK_189,AqTMK_189_complex.pdb,AqTMK,189,AqTMK.AF2rank189.pdb,AqTMK.AF2rank189,/home/wms/AF2-test/AF2-CatGraph/data/AqTMK/01_af2_new/AqTMK.AF2rank189.pdb,/home/wms/AF2-test/AF2-CatGraph/results/AqTMK/02_template_guided_docking/complexes/AqTMK_189_complex.pdb,/home/wms/AF2-test/AF2-CatGraph/data/AqTMK/02_templates/template.pdb,/home/wms/AF2-test/AF2-CatGraph/data/AqTMK/02_templates/ATP.pdb;/home/wms/AF2-test/AF2-CatGraph/data/AqTMK/02_templates/TMP.pdb;/home/wms/AF2-test/AF2-CatGraph/data/AqTMK/02_templates/MG.pdb,results/AqTMK/02_template_guided_docking/tables/AqTMK_step02_ligand_order_manifest.csv,/home/wms/AF2-test/AF2-CatGraph/data/AqTMK/02_templates/ATP.pdb;/home/wms/AF2-test/AF2-CatGraph/data/AqTMK/02_templates/TMP.pdb;/home/wms/AF2-test/AF2-CatGraph/data/AqTMK/02_templates/MG.pdb,ATP;TMP;MG,untrimmed_input,3,21,standard,dock_py_exact,True,single_chain_same_length_same_ordered_sequence,195,1.0,1.0,,failed,,1578,21,6,1.5354228281285858,2.013019975950653,2.013019975950653,10,True,"(0.0, 0.0, 0.0)",collision_py_exact,5.0,6.0,24,88.72250000000001,92.595,73.574,53.03,98.0,90.0,80.0,False,/home/wms/AF2-test/AF2-CatGraph/results/AqTMK/02_template_guided_docking/complexes/AqTMK_189_complex.pdb
190,AqTMK_190,AqTMK_190_complex.pdb,AqTMK,190,AqTMK.AF2rank190.pdb,AqTMK.AF2rank190,/home/wms/AF2-test/AF2-CatGraph/data/AqTMK/01_af2_new/AqTMK.AF2rank190.pdb,/home/wms/AF2-test/AF2-CatGraph/results/AqTMK/02_template_guided_docking/complexes/AqTMK_190_complex.pdb,/home/wms/AF2-test/AF2-CatGraph/data/AqTMK/02_templates/template.pdb,/home/wms/AF2-test/AF2-CatGraph/data/AqTMK/02_templates/ATP.pdb;/home/wms/AF2-test/AF2-CatGraph/data/AqTMK/02_templates/TMP.pdb;/home/wms/AF2-test/AF2-CatGraph/data/AqTMK/02_templates/MG.pdb,results/AqTMK/02_template_guided_docking/tables/AqTMK_step02_ligand_order_manifest.csv,/home/wms/AF2-test/AF2-CatGraph/data/AqTMK/02_templates/ATP.pdb;/home/wms/AF2-test/AF2-CatGraph/data/AqTMK/02_templates/TMP.pdb;/home/wms/AF2-test/AF2-CatGraph/data/AqTMK/02_templates/MG.pdb,ATP;TMP;MG,untrimmed_input,3,21,standard,dock_py_exact,True,single_chain_same_length_same_ordered_sequence,195,1.0,1.0,,failed,,1578,21,5,1.5563839178492995,2.0680974426284986,2.0680974426284986,10,True,"(0.0, 0.0, 0.0)",collision_py_exact,5.0,6.0,22,88.69181818181818,92.565,74.65899999999999,58.69,97.69,90.0,80.0,False,/home/wms/AF2-test/AF2-CatGraph/results/AqTMK/02_template_guided_docking/complexes/AqTMK_190_complex.pdb
192,AqTMK_192,AqTMK_192_complex.pdb,AqTMK,192,AqTMK.AF2rank192.pdb,AqTMK.AF2rank192,/home/wms/AF2-test/AF2-CatGraph/data/AqTMK/01_af2_new/AqTMK.AF2rank192.pdb,/home/wms/AF2-test/AF2-CatGraph/results/AqTMK/02_template_guided_docking/complexes/AqTMK_192_complex.pdb,/home/wms/AF2-test/AF2-CatGraph/data/AqTMK/02_templates/template.pdb,/home/wms/AF2-test/AF2-CatGraph/data/AqTMK/02_templates/ATP.pdb;/home/wms/AF2-test/AF2-CatGraph/data/AqTMK/02_templates/TMP.pdb;/home/wms/AF2-test/AF2-CatGraph/data/AqTMK/02_templates/MG.pdb,results/AqTMK/02_template_guided_docking/tables/AqTMK_step02_ligand_order_manifest.csv,/home/wms/AF2-test/AF2-CatGraph/data/AqTMK/02_templates/ATP.pdb;/home/wms/AF2-test/AF2-CatGraph/data/AqTMK/02_templates/TMP.pdb;/home/wms/AF2-test/AF2-CatGraph/data/AqTMK/02_templates/MG.pdb,ATP;TMP;MG,untrimmed_input,3,21,standard,dock_py_exact,True,single_chain_same_length_same_ordered_sequence,195,1.0,1.0,,failed,,1578,21,4,1.522679731594773,2.0076388115381496,2.0076388115381496,10,True,"(0.0, 0.0, 0.0)",collision_py_exact,5.0,6.0,23,89.03782608695654,93.44,70.988,55.5,97.94,90.0,80.0,False,/home/wms/AF2-test/AF2-CatGraph/results/AqTMK/02_template_guided_docking/complexes/AqTMK_192_complex.pdb
199,AqTMK_199,AqTMK_199_complex.pdb,AqTMK,199,AqTMK.AF2rank199.pdb,AqTMK.AF2rank199,/home/wms/AF2-test/AF2-CatGraph/data/AqTMK/01_af2_new/AqTMK.AF2rank199.pdb,/home/wms/AF2-test/AF2-CatGraph/results/AqTMK/02_template_guided_docking/complexes/AqTMK_199_complex.pdb,/home/wms/AF2-test/AF2-CatGraph/data/AqTMK/02_templates/template.pdb,/home/wms/AF2-test/AF2-CatGraph/data/AqTMK/02_templates/ATP.pdb;/home/wms/AF2-test/AF2-CatGraph/data/AqTMK/02_templates/TMP.pdb;/home/wms/AF2-test/AF2-CatGraph/data/AqTMK/02_templates/MG.pdb,results/AqTMK/02_template_guided_docking/tables/AqTMK_step02_ligand_order_manifest.csv,/home/wms/AF2-test/AF2-CatGraph/data/AqTMK/02_templates/ATP.pdb;/home/wms/AF2-test/AF2-CatGraph/data/AqTMK/02_templates/TMP.pdb;/home/wms/AF2-test/AF2-CatGraph/data/AqTMK/02_templates/MG.pdb,ATP;TMP;MG,untrimmed_input,3,21,standard,dock_py_exact,True,single_chain_same_length_same_ordered_sequence,195,1.0,1.0,,failed,,1578,21,7,2.112184481118296,2.063264492040945,2.063264492040945,10,True,"(0.0, 0.0, 0.0)",collision_py_exact,5.0,6.0,24,89.24041666666669,93.47,73.78500000000001,56.47,98.19,90.0,80.0,False,/home/wms/AF2-test/AF2-CatGraph/results/AqTMK/02_template_guided_docking/complexes/AqTMK_199_complex.pdb
202,AqTMK_202,AqTMK_202_complex.pdb,AqTMK,202,AqTMK.AF2rank202.pdb,AqTMK.AF2rank202,/home/wms/AF2-test/AF2-CatGraph/data/AqTMK/01_af2_new/AqTMK.AF2rank202.pdb,/home/wms/AF2-test/AF2-CatGraph/results/AqTMK/02_template_guided_docking/complexes/AqTMK_202_complex.pdb,/home/wms/AF2-test/AF2-CatGraph/data/AqTMK/02_templates/template.pdb,/home/wms/AF2-test/AF2-CatGraph/data/AqTMK/02_templates/ATP.pdb;/home/wms/AF2-test/AF2-CatGraph/data/AqTMK/02_templates/TMP.pdb;/home/wms/AF2-test/AF2-CatGraph/data/AqTMK/02_templates/MG.pdb,results/AqTMK/02_template_guided_docking/tables/AqTMK_step02_ligand_order_manifest.csv,/home/wms/AF2-test/AF2-CatGraph/data/AqTMK/02_templates/ATP.pdb;/home/wms/AF2-test/AF2-CatGraph/data/AqTMK/02_templates/TMP.pdb;/home/wms/AF2-test/AF2-CatGraph/data/AqTMK/02_templates/MG.pdb,ATP;TMP;MG,untrimmed_input,3,21,standard,dock_py_exact,True,single_chain_same_length_same_ordered_sequence,195,1.0,1.0,,failed,,1578,21,4,1.3326499429210372,2.0240973419868613,2.0240973419868613,10,True,"(0.0, 0.0, 0.0)",collision_py_exact,5.0,6.0,23,89.1008695652174,93.94,82.324,51.31,97.88,90.0,80.0,False,/home/wms/AF2-test/AF2-CatGraph/results/AqTMK/02_template_guided_docking/complexes/AqTMK_202_complex.pdb
203,AqTMK_203,AqTMK_203_complex.pdb,AqTMK,203,AqTMK.AF2rank203.pdb,AqTMK.AF2rank203,/home/wms/AF2-test/AF2-CatGraph/data/AqTMK/01_af2_new/AqTMK.AF2rank203.pdb,/home/wms/AF2-test/AF2-CatGraph/results/AqTMK/02_template_guided_docking/complexes/AqTMK_203_complex.pdb,/home/wms/AF2-test/AF2-CatGraph/data/AqTMK/02_templates/template.pdb,/home/wms/AF2-test/AF2-CatGraph/data/AqTMK/02_templates/ATP.pdb;/home/wms/AF2-test/AF2-CatGraph/data/AqTMK/02_templates/TMP.pdb;/home/wms/AF2-test/AF2-CatGraph/data/AqTMK/02_templates/MG.pdb,results/AqTMK/02_template_guided_docking/tables/AqTMK_step02_ligand_order_manifest.csv,/home/wms/AF2-test/AF2-CatGraph/data/AqTMK/02_templates/ATP.pdb;/home/wms/AF2-test/AF2-CatGraph/data/AqTMK/02_templates/TMP.pdb;/home/wms/AF2-test/AF2-CatGraph/data/AqTMK/02_templates/MG.pdb,ATP;TMP;MG,untrimmed_input,3,21,standard,dock_py_exact,True,single_chain_same_length_same_ordered_sequence,195,1.0,1.0,,failed,,1578,21,6,1.4364375846829174,2.013142156313853,2.013142156313853,10,True,"(0.0, 0.0, 0.0)",collision_py_exact,5.0,6.0,22,88.98590909090908,93.0,75.571,58.62,97.88,90.0,80.0,False,/home/wms/AF2-test/AF2-CatGraph/results/AqTMK/02_template_guided_docking/complexes/AqTMK_203_complex.pdb
204,AqTMK_204,AqTMK_204_complex.pdb,AqTMK,204,AqTMK.AF2rank204.pdb,AqTMK.AF2rank204,/home/wms/AF2-test/AF2-CatGraph/data/AqTMK/01_af2_new/AqTMK.AF2rank204.pdb,/home/wms/AF2-test/AF2-CatGraph/results/AqTMK/02_template_guided_docking/complexes/AqTMK_204_complex.pdb,/home/wms/AF2-test/AF2-CatGraph/data/AqTMK/02_templates/template.pdb,/home/wms/AF2-test/AF2-CatGraph/data/AqTMK/02_templates/ATP.pdb;/home/wms/AF2-test/AF2-CatGraph/data/AqTMK/02_templates/TMP.pdb;/home/wms/AF2-test/AF2-CatGraph/data/AqTMK/02_templates/MG.pdb,results/AqTMK/02_template_guided_docking/tables/AqTMK_step02_ligand_order_manifest.csv,/home/wms/AF2-test/AF2-CatGraph/data/AqTMK/02_templates/ATP.pdb;/home/wms/AF2-test/AF2-CatGraph/data/AqTMK/02_templates/TMP.pdb;/home/wms/AF2-test/AF2-CatGraph/data/AqTMK/02_templates/MG.pdb,ATP;TMP;MG,untrimmed_input,3,21,standard,dock_py_exact,True,single_chain_same_length_same_ordered_sequence,195,1.0,1.0,,failed,,1578,21,5,1.449705733603342,2.0062123794525566,2.0062123794525566,10,True,"(0.0, 0.0, 0.0)",collision_py_exact,5.0,6.0,22,89.89999999999999,94.535,82.446,53.84,97.75,90.0,80.0,False,/home/wms/AF2-test/AF2-CatGraph/results/AqTMK/02_template_guided_docking/complexes/AqTMK_204_complex.pdb
205,AqTMK_205,AqTMK_205_complex.pdb,AqTMK,205,AqTMK.AF2rank205.pdb,AqTMK.AF2rank205,/home/wms/AF2-test/AF2-CatGraph/data/AqTMK/01_af2_new/AqTMK.AF2rank205.pdb,/home/wms/AF2-test/AF2-CatGraph/results/AqTMK/02_template_guided_docking/complexes/AqTMK_205_complex.pdb,/home/wms/AF2-test/AF2-CatGraph/data/AqTMK/02_templates/template.pdb,/home/wms/AF2-test/AF2-CatGraph/data/AqTMK/02_templates/ATP.pdb;/home/wms/AF2-test/AF2-CatGraph/data/AqTMK/02_templates/TMP.pdb;/home/wms/AF2-test/AF2-CatGraph/data/AqTMK/02_templates/MG.pdb,results/AqTMK/02_template_guided_docking/tables/AqTMK_step02_ligand_order_manifest.csv,/home/wms/AF2-test/AF2-CatGraph/data/AqTMK/02_templates/ATP.pdb;/home/wms/AF2-test/AF2-CatGraph/data/AqTMK/02_templates/TMP.pdb;/home/wms/AF2-test/AF2-CatGraph/data/AqTMK/02_templates/MG.pdb,ATP;TMP;MG,untrimmed_input,3,21,standard,dock_py_exact,True,single_chain_same_length_same_ordered_sequence,195,1.0,1.0,,failed,,1578,21,9,2.6139193098019207,2.0483431940992425,2.0483431940992425,10,True,"(0.0, 0.0, 0.0)",collision_py_exact,5.0,6.0,23,89.4395652173913,93.94,73.914,52.19,98.25,90.0,80.0,False,/home/wms/AF2-test/AF2-CatGraph/results/AqTMK/02_template_guided_docking/complexes/AqTMK_205_complex.pdb
206,AqTMK_206,AqTMK_206_complex.pdb,AqTMK,206,AqTMK.AF2rank206.pdb,AqTMK.AF2rank206,/home/wms/AF2-test/AF2-CatGraph/data/AqTMK/01_af2_new/AqTMK.AF2rank206.pdb,/home/wms/AF2-test/AF2-CatGraph/results/AqTMK/02_template_guided_docking/complexes/AqTMK_206_complex.pdb,/home/wms/AF2-test/AF2-CatGraph/data/AqTMK/02_templates/template.pdb,/home/wms/AF2-test/AF2-CatGraph/data/AqTMK/02_templates/ATP.pdb;/home/wms/AF2-test/AF2-CatGraph/data/AqTMK/02_templates/TMP.pdb;/home/wms/AF2-test/AF2-CatGraph/data/AqTMK/02_templates/MG.pdb,results/AqTMK/02_template_guided_docking/tables/AqTMK_step02_ligand_order_manifest.csv,/home/wms/AF2-test/AF2-CatGraph/data/AqTMK/02_templates/ATP.pdb;/home/wms/AF2-test/AF2-CatGraph/data/AqTMK/02_templates/TMP.pdb;/home/wms/AF2-test/AF2-CatGraph/data/AqTMK/02_templates/MG.pdb,ATP;TMP;MG,untrimmed_input,3,21,standard,dock_py_exact,True,single_chain_same_length_same_ordered_sequence,195,1.0,1.0,,failed,,1578,21,5,1.435106456579395,2.043711874607297,2.043711874607297,10,True,"(0.0, 0.0, 0.0)",collision_py_exact,5.0,6.0,24,89.06666666666666,93.0,75.685,57.41,97.94,90.0,80.0,False,/home/wms/AF2-test/AF2-CatGraph/results/AqTMK/02_template_guided_docking/complexes/AqTMK_206_complex.pdb
209,AqTMK_209,AqTMK_209_complex.pdb,AqTMK,209,AqTMK.AF2rank209.pdb,AqTMK.AF2rank209,/home/wms/AF2-test/AF2-CatGraph/data/AqTMK/01_af2_new/AqTMK.AF2rank209.pdb,/home/wms/AF2-test/AF2-CatGraph/results/AqTMK/02_template_guided_docking/complexes/AqTMK_209_complex.pdb,/home/wms/AF2-test/AF2-CatGraph/data/AqTMK/02_templates/template.pdb,/home/wms/AF2-test/AF2-CatGraph/data/AqTMK/02_templates/ATP.pdb;/home/wms/AF2-test/AF2-CatGraph/data/AqTMK/02_templates/TMP.pdb;/home/wms/AF2-test/AF2-CatGraph/data/AqTMK/02_templates/MG.pdb,results/AqTMK/02_template_guided_docking/tables/AqTMK_step02_ligand_order_manifest.csv,/home/wms/AF2-test/AF2-CatGraph/data/AqTMK/02_templates/ATP.pdb;/home/wms/AF2-test/AF2-CatGraph/data/AqTMK/02_templates/TMP.pdb;/home/wms/AF2-test/AF2-CatGraph/data/AqTMK/02_templates/MG.pdb,ATP;TMP;MG,untrimmed_input,3,21,standard,dock_py_exact,True,single_chain_same_length_same_ordered_sequence,195,1.0,1.0,,failed,,1578,21,5,1.5615251508780523,2.084180735824822,2.084180735824822,10,True,"(0.0, 0.0, 0.0)",collision_py_exact,5.0,6.0,22,89.94409090909092,94.375,82.583,50.91,97.81,90.0,80.0,False,/home/wms/AF2-test/AF2-CatGraph/results/AqTMK/02_template_guided_docking/complexes/AqTMK_209_complex.pdb
210,AqTMK_210,AqTMK_210_complex.pdb,AqTMK,210,AqTMK.AF2rank210.pdb,AqTMK.AF2rank210,/home/wms/AF2-test/AF2-CatGraph/data/AqTMK/01_af2_new/AqTMK.AF2rank210.pdb,/home/wms/AF2-test/AF2-CatGraph/results/AqTMK/02_template_guided_docking/complexes/AqTMK_210_complex.pdb,/home/wms/AF2-test/AF2-CatGraph/data/AqTMK/02_templates/template.pdb,/home/wms/AF2-test/AF2-CatGraph/data/AqTMK/02_templates/ATP.pdb;/home/wms/AF2-test/AF2-CatGraph/data/AqTMK/02_templates/TMP.pdb;/home/wms/AF2-test/AF2-CatGraph/data/AqTMK/02_templates/MG.pdb,results/AqTMK/02_template_guided_docking/tables/AqTMK_step02_ligand_order_manifest.csv,/home/wms/AF2-test/AF2-CatGraph/data/AqTMK/02_templates/ATP.pdb;/home/wms/AF2-test/AF2-CatGraph/data/AqTMK/02_templates/TMP.pdb;/home/wms/AF2-test/AF2-CatGraph/data/AqTMK/02_templates/MG.pdb,ATP;TMP;MG,untrimmed_input,3,21,standard,dock_py_exact,True,single_chain_same_length_same_ordered_sequence,195,1.0,1.0,,failed,,1578,21,8,2.1368320526833715,2.0804718882571405,2.0804718882571405,10,True,"(0.0, 0.0, 0.0)",collision_py_exact,5.0,6.0,24,89.05874999999999,93.065,73.947,54.97,98.0,90.0,80.0,False,/home/wms/AF2-test/AF2-CatGraph/results/AqTMK/02_template_guided_docking/complexes/AqTMK_210_complex.pdb
212,AqTMK_212,AqTMK_212_complex.pdb,AqTMK,212,AqTMK.AF2rank212.pdb,AqTMK.AF2rank212,/home/wms/AF2-test/AF2-CatGraph/data/AqTMK/01_af2_new/AqTMK.AF2rank212.pdb,/home/wms/AF2-test/AF2-CatGraph/results/AqTMK/02_template_guided_docking/complexes/AqTMK_212_complex.pdb,/home/wms/AF2-test/AF2-CatGraph/data/AqTMK/02_templates/template.pdb,/home/wms/AF2-test/AF2-CatGraph/data/AqTMK/02_templates/ATP.pdb;/home/wms/AF2-test/AF2-CatGraph/data/AqTMK/02_templates/TMP.pdb;/home/wms/AF2-test/AF2-CatGraph/data/AqTMK/02_templates/MG.pdb,results/AqTMK/02_template_guided_docking/tables/AqTMK_step02_ligand_order_manifest.csv,/home/wms/AF2-test/AF2-CatGraph/data/AqTMK/02_templates/ATP.pdb;/home/wms/AF2-test/AF2-CatGraph/data/AqTMK/02_templates/TMP.pdb;/home/wms/AF2-test/AF2-CatGraph/data/AqTMK/02_templates/MG.pdb,ATP;TMP;MG,untrimmed_input,3,21,standard,dock_py_exact,True,single_chain_same_length_same_ordered_sequence,195,1.0,1.0,,failed,,1578,21,6,1.5154652197909222,2.016464706205217,2.016464706205217,10,True,"(0.0, 0.0, 0.0)",collision_py_exact,5.0,6.0,22,88.76545454545455,94.03,72.07900000000001,56.91,97.94,90.0,80.0,False,/home/wms/AF2-test/AF2-CatGraph/results/AqTMK/02_template_guided_docking/complexes/AqTMK_212_complex.pdb
213,AqTMK_213,AqTMK_213_complex.pdb,AqTMK,213,AqTMK.AF2rank213.pdb,AqTMK.AF2rank213,/home/wms/AF2-test/AF2-CatGraph/data/AqTMK/01_af2_new/AqTMK.AF2rank213.pdb,/home/wms/AF2-test/AF2-CatGraph/results/AqTMK/02_template_guided_docking/complexes/AqTMK_213_complex.pdb,/home/wms/AF2-test/AF2-CatGraph/data/AqTMK/02_templates/template.pdb,/home/wms/AF2-test/AF2-CatGraph/data/AqTMK/02_templates/ATP.pdb;/home/wms/AF2-test/AF2-CatGraph/data/AqTMK/02_templates/TMP.pdb;/home/wms/AF2-test/AF2-CatGraph/data/AqTMK/02_templates/MG.pdb,results/AqTMK/02_template_guided_docking/tables/AqTMK_step02_ligand_order_manifest.csv,/home/wms/AF2-test/AF2-CatGraph/data/AqTMK/02_templates/ATP.pdb;/home/wms/AF2-test/AF2-CatGraph/data/AqTMK/02_templates/TMP.pdb;/home/wms/AF2-test/AF2-CatGraph/data/AqTMK/02_templates/MG.pdb,ATP;TMP;MG,untrimmed_input,3,21,standard,dock_py_exact,True,single_chain_same_length_same_ordered_sequence,195,1.0,1.0,,failed,,1578,21,4,0.935048043345517,2.063567845535562,2.063567845535562,10,True,"(0.0, 0.0, 0.0)",collision_py_exact,5.0,6.0,23,89.63521739130435,94.06,75.324,61.5,98.0,90.0,80.0,False,/home/wms/AF2-test/AF2-CatGraph/results/AqTMK/02_template_guided_docking/complexes/AqTMK_213_complex.pdb
215,AqTMK_215,AqTMK_215_complex.pdb,AqTMK,215,AqTMK.AF2rank215.pdb,AqTMK.AF2rank215,/home/wms/AF2-test/AF2-CatGraph/data/AqTMK/01_af2_new/AqTMK.AF2rank215.pdb,/home/wms/AF2-test/AF2-CatGraph/results/AqTMK/02_template_guided_docking/complexes/AqTMK_215_complex.pdb,/home/wms/AF2-test/AF2-CatGraph/data/AqTMK/02_templates/template.pdb,/home/wms/AF2-test/AF2-CatGraph/data/AqTMK/02_templates/ATP.pdb;/home/wms/AF2-test/AF2-CatGraph/data/AqTMK/02_templates/TMP.pdb;/home/wms/AF2-test/AF2-CatGraph/data/AqTMK/02_templates/MG.pdb,results/AqTMK/02_template_guided_docking/tables/AqTMK_step02_ligand_order_manifest.csv,/home/wms/AF2-test/AF2-CatGraph/data/AqTMK/02_templates/ATP.pdb;/home/wms/AF2-test/AF2-CatGraph/data/AqTMK/02_templates/TMP.pdb;/home/wms/AF2-test/AF2-CatGraph/data/AqTMK/02_templates/MG.pdb,ATP;TMP;MG,untrimmed_input,3,21,standard,dock_py_exact,True,single_chain_same_length_same_ordered_sequence,195,1.0,1.0,,failed,,1578,21,4,1.173351435100742,2.0580205185530938,2.0580205185530938,10,True,"(0.0, 0.0, 0.0)",collision_py_exact,5.0,6.0,23,89.67652173913044,93.62,76.62,62.88,98.0,90.0,80.0,False,/home/wms/AF2-test/AF2-CatGraph/results/AqTMK/02_template_guided_docking/complexes/AqTMK_215_complex.pdb
216,AqTMK_216,AqTMK_216_complex.pdb,AqTMK,216,AqTMK.AF2rank216.pdb,AqTMK.AF2rank216,/home/wms/AF2-test/AF2-CatGraph/data/AqTMK/01_af2_new/AqTMK.AF2rank216.pdb,/home/wms/AF2-test/AF2-CatGraph/results/AqTMK/02_template_guided_docking/complexes/AqTMK_216_complex.pdb,/home/wms/AF2-test/AF2-CatGraph/data/AqTMK/02_templates/template.pdb,/home/wms/AF2-test/AF2-CatGraph/data/AqTMK/02_templates/ATP.pdb;/home/wms/AF2-test/AF2-CatGraph/data/AqTMK/02_templates/TMP.pdb;/home/wms/AF2-test/AF2-CatGraph/data/AqTMK/02_templates/MG.pdb,results/AqTMK/02_template_guided_docking/tables/AqTMK_step02_ligand_order_manifest.csv,/home/wms/AF2-test/AF2-CatGraph/data/AqTMK/02_templates/ATP.pdb;/home/wms/AF2-test/AF2-CatGraph/data/AqTMK/02_templates/TMP.pdb;/home/wms/AF2-test/AF2-CatGraph/data/AqTMK/02_templates/MG.pdb,ATP;TMP;MG,untrimmed_input,3,21,standard,dock_py_exact,True,single_chain_same_length_same_ordered_sequence,195,1.0,1.0,,failed,,1578,21,7,1.947665988202954,2.021980716287176,2.021980716287176,10,True,"(0.0, 0.0, 0.0)",collision_py_exact,5.0,6.0,22,89.90090909090908,93.59,82.773,54.84,98.12,90.0,80.0,False,/home/wms/AF2-test/AF2-CatGraph/results/AqTMK/02_template_guided_docking/complexes/AqTMK_216_complex.pdb
221,AqTMK_221,AqTMK_221_complex.pdb,AqTMK,221,AqTMK.AF2rank221.pdb,AqTMK.AF2rank221,/home/wms/AF2-test/AF2-CatGraph/data/AqTMK/01_af2_new/AqTMK.AF2rank221.pdb,/home/wms/AF2-test/AF2-CatGraph/results/AqTMK/02_template_guided_docking/complexes/AqTMK_221_complex.pdb,/home/wms/AF2-test/AF2-CatGraph/data/AqTMK/02_templates/template.pdb,/home/wms/AF2-test/AF2-CatGraph/data/AqTMK/02_templates/ATP.pdb;/home/wms/AF2-test/AF2-CatGraph/data/AqTMK/02_templates/TMP.pdb;/home/wms/AF2-test/AF2-CatGraph/data/AqTMK/02_templates/MG.pdb,results/AqTMK/02_template_guided_docking/tables/AqTMK_step02_ligand_order_manifest.csv,/home/wms/AF2-test/AF2-CatGraph/data/AqTMK/02_templates/ATP.pdb;/home/wms/AF2-test/AF2-CatGraph/data/AqTMK/02_templates/TMP.pdb;/home/wms/AF2-test/AF2-CatGraph/data/AqTMK/02_templates/MG.pdb,ATP;TMP;MG,untrimmed_input,3,21,standard,dock_py_exact,True,single_chain_same_length_same_ordered_sequence,195,1.0,1.0,,failed,,1578,21,5,1.603178520133386,2.040190665669726,2.040190665669726,10,True,"(0.0, 0.0, 0.0)",collision_py_exact,5.0,6.0,22,88.79545454545455,93.715,72.279,57.94,97.88,90.0,80.0,False,/home/wms/AF2-test/AF2-CatGraph/results/AqTMK/02_template_guided_docking/complexes/AqTMK_221_complex.pdb
222,AqTMK_222,AqTMK_222_complex.pdb,AqTMK,222,AqTMK.AF2rank222.pdb,AqTMK.AF2rank222,/home/wms/AF2-test/AF2-CatGraph/data/AqTMK/01_af2_new/AqTMK.AF2rank222.pdb,/home/wms/AF2-test/AF2-CatGraph/results/AqTMK/02_template_guided_docking/complexes/AqTMK_222_complex.pdb,/home/wms/AF2-test/AF2-CatGraph/data/AqTMK/02_templates/template.pdb,/home/wms/AF2-test/AF2-CatGraph/data/AqTMK/02_templates/ATP.pdb;/home/wms/AF2-test/AF2-CatGraph/data/AqTMK/02_templates/TMP.pdb;/home/wms/AF2-test/AF2-CatGraph/data/AqTMK/02_templates/MG.pdb,results/AqTMK/02_template_guided_docking/tables/AqTMK_step02_ligand_order_manifest.csv,/home/wms/AF2-test/AF2-CatGraph/data/AqTMK/02_templates/ATP.pdb;/home/wms/AF2-test/AF2-CatGraph/data/AqTMK/02_templates/TMP.pdb;/home/wms/AF2-test/AF2-CatGraph/data/AqTMK/02_templates/MG.pdb,ATP;TMP;MG,untrimmed_input,3,21,standard,dock_py_exact,True,single_chain_same_length_same_ordered_sequence,195,1.0,1.0,,failed,,1578,21,1,0.0905377133857086,2.4494622866142914,2.4494622866142914,10,True,"(0.0, 0.0, 0.0)",collision_py_exact,5.0,6.0,23,89.40652173913041,93.81,81.784,53.31,97.81,90.0,80.0,False,/home/wms/AF2-test/AF2-CatGraph/results/AqTMK/02_template_guided_docking/complexes/AqTMK_222_complex.pdb
225,AqTMK_225,AqTMK_225_complex.pdb,AqTMK,225,AqTMK.AF2rank225.pdb,AqTMK.AF2rank225,/home/wms/AF2-test/AF2-CatGraph/data/AqTMK/01_af2_new/AqTMK.AF2rank225.pdb,/home/wms/AF2-test/AF2-CatGraph/results/AqTMK/02_template_guided_docking/complexes/AqTMK_225_complex.pdb,/home/wms/AF2-test/AF2-CatGraph/data/AqTMK/02_templates/template.pdb,/home/wms/AF2-test/AF2-CatGraph/data/AqTMK/02_templates/ATP.pdb;/home/wms/AF2-test/AF2-CatGraph/data/AqTMK/02_templates/TMP.pdb;/home/wms/AF2-test/AF2-CatGraph/data/AqTMK/02_templates/MG.pdb,results/AqTMK/02_template_guided_docking/tables/AqTMK_step02_ligand_order_manifest.csv,/home/wms/AF2-test/AF2-CatGraph/data/AqTMK/02_templates/ATP.pdb;/home/wms/AF2-test/AF2-CatGraph/data/AqTMK/02_templates/TMP.pdb;/home/wms/AF2-test/AF2-CatGraph/data/AqTMK/02_templates/MG.pdb,ATP;TMP;MG,untrimmed_input,3,21,standard,dock_py_exact,True,single_chain_same_length_same_ordered_sequence,195,1.0,1.0,,failed,,1578,21,1,0.0828492174151969,2.457150782584803,2.457150782584803,10,True,"(0.0, 0.0, 0.0)",collision_py_exact,5.0,6.0,24,88.31374999999998,90.595,72.265,55.72,97.69,90.0,80.0,False,/home/wms/AF2-test/AF2-CatGraph/results/AqTMK/02_template_guided_docking/complexes/AqTMK_225_complex.pdb
226,AqTMK_226,AqTMK_226_complex.pdb,AqTMK,226,AqTMK.AF2rank226.pdb,AqTMK.AF2rank226,/home/wms/AF2-test/AF2-CatGraph/data/AqTMK/01_af2_new/AqTMK.AF2rank226.pdb,/home/wms/AF2-test/AF2-CatGraph/results/AqTMK/02_template_guided_docking/complexes/AqTMK_226_complex.pdb,/home/wms/AF2-test/AF2-CatGraph/data/AqTMK/02_templates/template.pdb,/home/wms/AF2-test/AF2-CatGraph/data/AqTMK/02_templates/ATP.pdb;/home/wms/AF2-test/AF2-CatGraph/data/AqTMK/02_templates/TMP.pdb;/home/wms/AF2-test/AF2-CatGraph/data/AqTMK/02_templates/MG.pdb,results/AqTMK/02_template_guided_docking/tables/AqTMK_step02_ligand_order_manifest.csv,/home/wms/AF2-test/AF2-CatGraph/data/AqTMK/02_templates/ATP.pdb;/home/wms/AF2-test/AF2-CatGraph/data/AqTMK/02_templates/TMP.pdb;/home/wms/AF2-test/AF2-CatGraph/data/AqTMK/02_templates/MG.pdb,ATP;TMP;MG,untrimmed_input,3,21,standard,dock_py_exact,True,single_chain_same_length_same_ordered_sequence,195,1.0,1.0,,failed,,1578,21,3,1.0035287424305743,2.081487413196046,2.081487413196046,10,True,"(0.0, 0.0, 0.0)",collision_py_exact,5.0,6.0,21,88.91142857142856,92.56,84.56,48.09,98.0,90.0,80.0,False,/home/wms/AF2-test/AF2-CatGraph/results/AqTMK/02_template_guided_docking/complexes/AqTMK_226_complex.pdb
227,AqTMK_227,AqTMK_227_complex.pdb,AqTMK,227,AqTMK.AF2rank227.pdb,AqTMK.AF2rank227,/home/wms/AF2-test/AF2-CatGraph/data/AqTMK/01_af2_new/AqTMK.AF2rank227.pdb,/home/wms/AF2-test/AF2-CatGraph/results/AqTMK/02_template_guided_docking/complexes/AqTMK_227_complex.pdb,/home/wms/AF2-test/AF2-CatGraph/data/AqTMK/02_templates/template.pdb,/home/wms/AF2-test/AF2-CatGraph/data/AqTMK/02_templates/ATP.pdb;/home/wms/AF2-test/AF2-CatGraph/data/AqTMK/02_templates/TMP.pdb;/home/wms/AF2-test/AF2-CatGraph/data/AqTMK/02_templates/MG.pdb,results/AqTMK/02_template_guided_docking/tables/AqTMK_step02_ligand_order_manifest.csv,/home/wms/AF2-test/AF2-CatGraph/data/AqTMK/02_templates/ATP.pdb;/home/wms/AF2-test/AF2-CatGraph/data/AqTMK/02_templates/TMP.pdb;/home/wms/AF2-test/AF2-CatGraph/data/AqTMK/02_templates/MG.pdb,ATP;TMP;MG,untrimmed_input,3,21,standard,dock_py_exact,True,single_chain_same_length_same_ordered_sequence,195,1.0,1.0,,failed,,1578,21,5,1.2959393800204713,2.0599089321126733,2.0599089321126733,10,True,"(0.0, 0.0, 0.0)",collision_py_exact,5.0,6.0,22,88.89090909090909,93.185,73.53999999999999,59.62,97.88,90.0,80.0,False,/home/wms/AF2-test/AF2-CatGraph/results/AqTMK/02_template_guided_docking/complexes/AqTMK_227_complex.pdb
232,AqTMK_232,AqTMK_232_complex.pdb,AqTMK,232,AqTMK.AF2rank232.pdb,AqTMK.AF2rank232,/home/wms/AF2-test/AF2-CatGraph/data/AqTMK/01_af2_new/AqTMK.AF2rank232.pdb,/home/wms/AF2-test/AF2-CatGraph/results/AqTMK/02_template_guided_docking/complexes/AqTMK_232_complex.pdb,/home/wms/AF2-test/AF2-CatGraph/data/AqTMK/02_templates/template.pdb,/home/wms/AF2-test/AF2-CatGraph/data/AqTMK/02_templates/ATP.pdb;/home/wms/AF2-test/AF2-CatGraph/data/AqTMK/02_templates/TMP.pdb;/home/wms/AF2-test/AF2-CatGraph/data/AqTMK/02_templates/MG.pdb,results/AqTMK/02_template_guided_docking/tables/AqTMK_step02_ligand_order_manifest.csv,/home/wms/AF2-test/AF2-CatGraph/data/AqTMK/02_templates/ATP.pdb;/home/wms/AF2-test/AF2-CatGraph/data/AqTMK/02_templates/TMP.pdb;/home/wms/AF2-test/AF2-CatGraph/data/AqTMK/02_templates/MG.pdb,ATP;TMP;MG,untrimmed_input,3,21,standard,dock_py_exact,True,single_chain_same_length_same_ordered_sequence,195,1.0,1.0,,failed,,1578,21,0,0.0,2.558166921083989,,10,True,"(0.0, 0.0, 0.0)",collision_py_exact,5.0,6.0,23,88.98086956521739,93.94,72.64800000000001,57.25,97.56,90.0,80.0,False,/home/wms/AF2-test/AF2-CatGraph/results/AqTMK/02_template_guided_docking/complexes/AqTMK_232_complex.pdb
235,AqTMK_235,AqTMK_235_complex.pdb,AqTMK,235,AqTMK.AF2rank235.pdb,AqTMK.AF2rank235,/home/wms/AF2-test/AF2-CatGraph/data/AqTMK/01_af2_new/AqTMK.AF2rank235.pdb,/home/wms/AF2-test/AF2-CatGraph/results/AqTMK/02_template_guided_docking/complexes/AqTMK_235_complex.pdb,/home/wms/AF2-test/AF2-CatGraph/data/AqTMK/02_templates/template.pdb,/home/wms/AF2-test/AF2-CatGraph/data/AqTMK/02_templates/ATP.pdb;/home/wms/AF2-test/AF2-CatGraph/data/AqTMK/02_templates/TMP.pdb;/home/wms/AF2-test/AF2-CatGraph/data/AqTMK/02_templates/MG.pdb,results/AqTMK/02_template_guided_docking/tables/AqTMK_step02_ligand_order_manifest.csv,/home/wms/AF2-test/AF2-CatGraph/data/AqTMK/02_templates/ATP.pdb;/home/wms/AF2-test/AF2-CatGraph/data/AqTMK/02_templates/TMP.pdb;/home/wms/AF2-test/AF2-CatGraph/data/AqTMK/02_templates/MG.pdb,ATP;TMP;MG,untrimmed_input,3,21,standard,dock_py_exact,True,single_chain_same_length_same_ordered_sequence,195,1.0,1.0,,failed,,1578,21,4,0.8643506847217668,2.080092845226719,2.080092845226719,10,True,"(0.0, 0.0, 0.0)",collision_py_exact,5.0,6.0,23,89.3795652173913,93.38,75.286,58.62,97.94,90.0,80.0,False,/home/wms/AF2-test/AF2-CatGraph/results/AqTMK/02_template_guided_docking/complexes/AqTMK_235_complex.pdb
239,AqTMK_239,AqTMK_239_complex.pdb,AqTMK,239,AqTMK.AF2rank239.pdb,AqTMK.AF2rank239,/home/wms/AF2-test/AF2-CatGraph/data/AqTMK/01_af2_new/AqTMK.AF2rank239.pdb,/home/wms/AF2-test/AF2-CatGraph/results/AqTMK/02_template_guided_docking/complexes/AqTMK_239_complex.pdb,/home/wms/AF2-test/AF2-CatGraph/data/AqTMK/02_templates/template.pdb,/home/wms/AF2-test/AF2-CatGraph/data/AqTMK/02_templates/ATP.pdb;/home/wms/AF2-test/AF2-CatGraph/data/AqTMK/02_templates/TMP.pdb;/home/wms/AF2-test/AF2-CatGraph/data/AqTMK/02_templates/MG.pdb,results/AqTMK/02_template_guided_docking/tables/AqTMK_step02_ligand_order_manifest.csv,/home/wms/AF2-test/AF2-CatGraph/data/AqTMK/02_templates/ATP.pdb;/home/wms/AF2-test/AF2-CatGraph/data/AqTMK/02_templates/TMP.pdb;/home/wms/AF2-test/AF2-CatGraph/data/AqTMK/02_templates/MG.pdb,ATP;TMP;MG,untrimmed_input,3,21,standard,dock_py_exact,True,single_chain_same_length_same_ordered_sequence,195,1.0,1.0,,failed,,1578,21,6,1.4687958675648671,2.122292735142417,2.122292735142417,10,True,"(0.0, 0.0, 0.0)",collision_py_exact,5.0,6.0,22,89.97409090909092,94.715,83.8,58.47,97.88,90.0,80.0,False,/home/wms/AF2-test/AF2-CatGraph/results/AqTMK/02_template_guided_docking/complexes/AqTMK_239_complex.pdb
241,AqTMK_241,AqTMK_241_complex.pdb,AqTMK,241,AqTMK.AF2rank241.pdb,AqTMK.AF2rank241,/home/wms/AF2-test/AF2-CatGraph/data/AqTMK/01_af2_new/AqTMK.AF2rank241.pdb,/home/wms/AF2-test/AF2-CatGraph/results/AqTMK/02_template_guided_docking/complexes/AqTMK_241_complex.pdb,/home/wms/AF2-test/AF2-CatGraph/data/AqTMK/02_templates/template.pdb,/home/wms/AF2-test/AF2-CatGraph/data/AqTMK/02_templates/ATP.pdb;/home/wms/AF2-test/AF2-CatGraph/data/AqTMK/02_templates/TMP.pdb;/home/wms/AF2-test/AF2-CatGraph/data/AqTMK/02_templates/MG.pdb,results/AqTMK/02_template_guided_docking/tables/AqTMK_step02_ligand_order_manifest.csv,/home/wms/AF2-test/AF2-CatGraph/data/AqTMK/02_templates/ATP.pdb;/home/wms/AF2-test/AF2-CatGraph/data/AqTMK/02_templates/TMP.pdb;/home/wms/AF2-test/AF2-CatGraph/data/AqTMK/02_templates/MG.pdb,ATP;TMP;MG,untrimmed_input,3,21,standard,dock_py_exact,True,single_chain_same_length_same_ordered_sequence,195,1.0,1.0,,failed,,1578,21,5,1.5214609129675662,2.032397948551917,2.032397948551917,10,True,"(0.0, 0.0, 0.0)",collision_py_exact,5.0,6.0,22,89.77863636363637,93.685,83.602,51.19,97.75,90.0,80.0,False,/home/wms/AF2-test/AF2-CatGraph/results/AqTMK/02_template_guided_docking/complexes/AqTMK_241_complex.pdb
243,AqTMK_243,AqTMK_243_complex.pdb,AqTMK,243,AqTMK.AF2rank243.pdb,AqTMK.AF2rank243,/home/wms/AF2-test/AF2-CatGraph/data/AqTMK/01_af2_new/AqTMK.AF2rank243.pdb,/home/wms/AF2-test/AF2-CatGraph/results/AqTMK/02_template_guided_docking/complexes/AqTMK_243_complex.pdb,/home/wms/AF2-test/AF2-CatGraph/data/AqTMK/02_templates/template.pdb,/home/wms/AF2-test/AF2-CatGraph/data/AqTMK/02_templates/ATP.pdb;/home/wms/AF2-test/AF2-CatGraph/data/AqTMK/02_templates/TMP.pdb;/home/wms/AF2-test/AF2-CatGraph/data/AqTMK/02_templates/MG.pdb,results/AqTMK/02_template_guided_docking/tables/AqTMK_step02_ligand_order_manifest.csv,/home/wms/AF2-test/AF2-CatGraph/data/AqTMK/02_templates/ATP.pdb;/home/wms/AF2-test/AF2-CatGraph/data/AqTMK/02_templates/TMP.pdb;/home/wms/AF2-test/AF2-CatGraph/data/AqTMK/02_templates/MG.pdb,ATP;TMP;MG,untrimmed_input,3,21,standard,dock_py_exact,True,single_chain_same_length_same_ordered_sequence,195,1.0,1.0,,failed,,1578,21,4,1.5724015896311907,2.0784602106202894,2.0784602106202894,10,True,"(0.0, 0.0, 0.0)",collision_py_exact,5.0,6.0,21,89.4252380952381,93.75,83.56,52.41,97.94,90.0,80.0,False,/home/wms/AF2-test/AF2-CatGraph/results/AqTMK/02_template_guided_docking/complexes/AqTMK_243_complex.pdb
247,AqTMK_247,AqTMK_247_complex.pdb,AqTMK,247,AqTMK.AF2rank247.pdb,AqTMK.AF2rank247,/home/wms/AF2-test/AF2-CatGraph/data/AqTMK/01_af2_new/AqTMK.AF2rank247.pdb,/home/wms/AF2-test/AF2-CatGraph/results/AqTMK/02_template_guided_docking/complexes/AqTMK_247_complex.pdb,/home/wms/AF2-test/AF2-CatGraph/data/AqTMK/02_templates/template.pdb,/home/wms/AF2-test/AF2-CatGraph/data/AqTMK/02_templates/ATP.pdb;/home/wms/AF2-test/AF2-CatGraph/data/AqTMK/02_templates/TMP.pdb;/home/wms/AF2-test/AF2-CatGraph/data/AqTMK/02_templates/MG.pdb,results/AqTMK/02_template_guided_docking/tables/AqTMK_step02_ligand_order_manifest.csv,/home/wms/AF2-test/AF2-CatGraph/data/AqTMK/02_templates/ATP.pdb;/home/wms/AF2-test/AF2-CatGraph/data/AqTMK/02_templates/TMP.pdb;/home/wms/AF2-test/AF2-CatGraph/data/AqTMK/02_templates/MG.pdb,ATP;TMP;MG,untrimmed_input,3,21,standard,dock_py_exact,True,single_chain_same_length_same_ordered_sequence,195,1.0,1.0,,failed,,1578,21,7,1.610924587086093,2.0264753864416254,2.0264753864416254,10,True,"(0.0, 0.0, 0.0)",collision_py_exact,5.0,6.0,23,88.7821739130435,93.75,73.738,54.38,98.06,90.0,80.0,False,/home/wms/AF2-test/AF2-CatGraph/results/AqTMK/02_template_guided_docking/complexes/AqTMK_247_complex.pdb
248,AqTMK_248,AqTMK_248_complex.pdb,AqTMK,248,AqTMK.AF2rank248.pdb,AqTMK.AF2rank248,/home/wms/AF2-test/AF2-CatGraph/data/AqTMK/01_af2_new/AqTMK.AF2rank248.pdb,/home/wms/AF2-test/AF2-CatGraph/results/AqTMK/02_template_guided_docking/complexes/AqTMK_248_complex.pdb,/home/wms/AF2-test/AF2-CatGraph/data/AqTMK/02_templates/template.pdb,/home/wms/AF2-test/AF2-CatGraph/data/AqTMK/02_templates/ATP.pdb;/home/wms/AF2-test/AF2-CatGraph/data/AqTMK/02_templates/TMP.pdb;/home/wms/AF2-test/AF2-CatGraph/data/AqTMK/02_templates/MG.pdb,results/AqTMK/02_template_guided_docking/tables/AqTMK_step02_ligand_order_manifest.csv,/home/wms/AF2-test/AF2-CatGraph/data/AqTMK/02_templates/ATP.pdb;/home/wms/AF2-test/AF2-CatGraph/data/AqTMK/02_templates/TMP.pdb;/home/wms/AF2-test/AF2-CatGraph/data/AqTMK/02_templates/MG.pdb,ATP;TMP;MG,untrimmed_input,3,21,standard,dock_py_exact,True,single_chain_same_length_same_ordered_sequence,195,1.0,1.0,,failed,,1578,21,6,1.724631271476848,2.03698421430032,2.03698421430032,10,True,"(0.0, 0.0, 0.0)",collision_py_exact,5.0,6.0,23,88.83347826086955,93.38,72.528,53.56,98.06,90.0,80.0,False,/home/wms/AF2-test/AF2-CatGraph/results/AqTMK/02_template_guided_docking/complexes/AqTMK_248_complex.pdb
250,AqTMK_250,AqTMK_250_complex.pdb,AqTMK,250,AqTMK.AF2rank250.pdb,AqTMK.AF2rank250,/home/wms/AF2-test/AF2-CatGraph/data/AqTMK/01_af2_new/AqTMK.AF2rank250.pdb,/home/wms/AF2-test/AF2-CatGraph/results/AqTMK/02_template_guided_docking/complexes/AqTMK_250_complex.pdb,/home/wms/AF2-test/AF2-CatGraph/data/AqTMK/02_templates/template.pdb,/home/wms/AF2-test/AF2-CatGraph/data/AqTMK/02_templates/ATP.pdb;/home/wms/AF2-test/AF2-CatGraph/data/AqTMK/02_templates/TMP.pdb;/home/wms/AF2-test/AF2-CatGraph/data/AqTMK/02_templates/MG.pdb,results/AqTMK/02_template_guided_docking/tables/AqTMK_step02_ligand_order_manifest.csv,/home/wms/AF2-test/AF2-CatGraph/data/AqTMK/02_templates/ATP.pdb;/home/wms/AF2-test/AF2-CatGraph/data/AqTMK/02_templates/TMP.pdb;/home/wms/AF2-test/AF2-CatGraph/data/AqTMK/02_templates/MG.pdb,ATP;TMP;MG,untrimmed_input,3,21,standard,dock_py_exact,True,single_chain_same_length_same_ordered_sequence,195,1.0,1.0,,failed,,1578,21,3,1.1188873045985237,2.051896923642679,2.051896923642679,10,True,"(0.0, 0.0, 0.0)",collision_py_exact,5.0,6.0,23,89.06173913043476,92.88,74.772,57.59,98.0,90.0,80.0,False,/home/wms/AF2-test/AF2-CatGraph/results/AqTMK/02_template_guided_docking/complexes/AqTMK_250_complex.pdb
251,AqTMK_251,AqTMK_251_complex.pdb,AqTMK,251,AqTMK.AF2rank251.pdb,AqTMK.AF2rank251,/home/wms/AF2-test/AF2-CatGraph/data/AqTMK/01_af2_new/AqTMK.AF2rank251.pdb,/home/wms/AF2-test/AF2-CatGraph/results/AqTMK/02_template_guided_docking/complexes/AqTMK_251_complex.pdb,/home/wms/AF2-test/AF2-CatGraph/data/AqTMK/02_templates/template.pdb,/home/wms/AF2-test/AF2-CatGraph/data/AqTMK/02_templates/ATP.pdb;/home/wms/AF2-test/AF2-CatGraph/data/AqTMK/02_templates/TMP.pdb;/home/wms/AF2-test/AF2-CatGraph/data/AqTMK/02_templates/MG.pdb,results/AqTMK/02_template_guided_docking/tables/AqTMK_step02_ligand_order_manifest.csv,/home/wms/AF2-test/AF2-CatGraph/data/AqTMK/02_templates/ATP.pdb;/home/wms/AF2-test/AF2-CatGraph/data/AqTMK/02_templates/TMP.pdb;/home/wms/AF2-test/AF2-CatGraph/data/AqTMK/02_templates/MG.pdb,ATP;TMP;MG,untrimmed_input,3,21,standard,dock_py_exact,True,single_chain_same_length_same_ordered_sequence,195,1.0,1.0,,failed,,1578,21,3,0.1896491119519803,2.41910655913004,2.41910655913004,10,True,"(0.0, 0.0, 0.0)",collision_py_exact,5.0,6.0,22,89.76545454545455,93.97,83.888,55.66,97.88,90.0,80.0,False,/home/wms/AF2-test/AF2-CatGraph/results/AqTMK/02_template_guided_docking/complexes/AqTMK_251_complex.pdb
252,AqTMK_252,AqTMK_252_complex.pdb,AqTMK,252,AqTMK.AF2rank252.pdb,AqTMK.AF2rank252,/home/wms/AF2-test/AF2-CatGraph/data/AqTMK/01_af2_new/AqTMK.AF2rank252.pdb,/home/wms/AF2-test/AF2-CatGraph/results/AqTMK/02_template_guided_docking/complexes/AqTMK_252_complex.pdb,/home/wms/AF2-test/AF2-CatGraph/data/AqTMK/02_templates/template.pdb,/home/wms/AF2-test/AF2-CatGraph/data/AqTMK/02_templates/ATP.pdb;/home/wms/AF2-test/AF2-CatGraph/data/AqTMK/02_templates/TMP.pdb;/home/wms/AF2-test/AF2-CatGraph/data/AqTMK/02_templates/MG.pdb,results/AqTMK/02_template_guided_docking/tables/AqTMK_step02_ligand_order_manifest.csv,/home/wms/AF2-test/AF2-CatGraph/data/AqTMK/02_templates/ATP.pdb;/home/wms/AF2-test/AF2-CatGraph/data/AqTMK/02_templates/TMP.pdb;/home/wms/AF2-test/AF2-CatGraph/data/AqTMK/02_templates/MG.pdb,ATP;TMP;MG,untrimmed_input,3,21,standard,dock_py_exact,True,single_chain_same_length_same_ordered_sequence,195,1.0,1.0,,failed,,1578,21,3,0.5474795510266977,2.089291456678783,2.089291456678783,10,True,"(0.0, 0.0, 0.0)",collision_py_exact,5.0,6.0,24,89.04124999999999,92.905,74.001,53.62,97.62,90.0,80.0,False,/home/wms/AF2-test/AF2-CatGraph/results/AqTMK/02_template_guided_docking/complexes/AqTMK_252_complex.pdb
254,AqTMK_254,AqTMK_254_complex.pdb,AqTMK,254,AqTMK.AF2rank254.pdb,AqTMK.AF2rank254,/home/wms/AF2-test/AF2-CatGraph/data/AqTMK/01_af2_new/AqTMK.AF2rank254.pdb,/home/wms/AF2-test/AF2-CatGraph/results/AqTMK/02_template_guided_docking/complexes/AqTMK_254_complex.pdb,/home/wms/AF2-test/AF2-CatGraph/data/AqTMK/02_templates/template.pdb,/home/wms/AF2-test/AF2-CatGraph/data/AqTMK/02_templates/ATP.pdb;/home/wms/AF2-test/AF2-CatGraph/data/AqTMK/02_templates/TMP.pdb;/home/wms/AF2-test/AF2-CatGraph/data/AqTMK/02_templates/MG.pdb,results/AqTMK/02_template_guided_docking/tables/AqTMK_step02_ligand_order_manifest.csv,/home/wms/AF2-test/AF2-CatGraph/data/AqTMK/02_templates/ATP.pdb;/home/wms/AF2-test/AF2-CatGraph/data/AqTMK/02_templates/TMP.pdb;/home/wms/AF2-test/AF2-CatGraph/data/AqTMK/02_templates/MG.pdb,ATP;TMP;MG,untrimmed_input,3,21,standard,dock_py_exact,True,single_chain_same_length_same_ordered_sequence,195,1.0,1.0,,failed,,1578,21,4,0.7894462654614021,2.094383659813011,2.094383659813011,10,True,"(0.0, 0.0, 0.0)",collision_py_exact,5.0,6.0,24,88.68875000000001,92.75,74.19,54.81,97.88,90.0,80.0,False,/home/wms/AF2-test/AF2-CatGraph/results/AqTMK/02_template_guided_docking/complexes/AqTMK_254_complex.pdb
255,AqTMK_255,AqTMK_255_complex.pdb,AqTMK,255,AqTMK.AF2rank255.pdb,AqTMK.AF2rank255,/home/wms/AF2-test/AF2-CatGraph/data/AqTMK/01_af2_new/AqTMK.AF2rank255.pdb,/home/wms/AF2-test/AF2-CatGraph/results/AqTMK/02_template_guided_docking/complexes/AqTMK_255_complex.pdb,/home/wms/AF2-test/AF2-CatGraph/data/AqTMK/02_templates/template.pdb,/home/wms/AF2-test/AF2-CatGraph/data/AqTMK/02_templates/ATP.pdb;/home/wms/AF2-test/AF2-CatGraph/data/AqTMK/02_templates/TMP.pdb;/home/wms/AF2-test/AF2-CatGraph/data/AqTMK/02_templates/MG.pdb,results/AqTMK/02_template_guided_docking/tables/AqTMK_step02_ligand_order_manifest.csv,/home/wms/AF2-test/AF2-CatGraph/data/AqTMK/02_templates/ATP.pdb;/home/wms/AF2-test/AF2-CatGraph/data/AqTMK/02_templates/TMP.pdb;/home/wms/AF2-test/AF2-CatGraph/data/AqTMK/02_templates/MG.pdb,ATP;TMP;MG,untrimmed_input,3,21,standard,dock_py_exact,True,single_chain_same_length_same_ordered_sequence,195,1.0,1.0,,failed,,1578,21,1,0.5679935807527183,2.002006419247282,2.002006419247282,10,True,"(0.0, 0.0, 0.0)",collision_py_exact,5.0,6.0,24,88.99541666666666,92.28,73.084,56.53,97.5,90.0,80.0,False,/home/wms/AF2-test/AF2-CatGraph/results/AqTMK/02_template_guided_docking/complexes/AqTMK_255_complex.pdb
256,AqTMK_256,AqTMK_256_complex.pdb,AqTMK,256,AqTMK.AF2rank256.pdb,AqTMK.AF2rank256,/home/wms/AF2-test/AF2-CatGraph/data/AqTMK/01_af2_new/AqTMK.AF2rank256.pdb,/home/wms/AF2-test/AF2-CatGraph/results/AqTMK/02_template_guided_docking/complexes/AqTMK_256_complex.pdb,/home/wms/AF2-test/AF2-CatGraph/data/AqTMK/02_templates/template.pdb,/home/wms/AF2-test/AF2-CatGraph/data/AqTMK/02_templates/ATP.pdb;/home/wms/AF2-test/AF2-CatGraph/data/AqTMK/02_templates/TMP.pdb;/home/wms/AF2-test/AF2-CatGraph/data/AqTMK/02_templates/MG.pdb,results/AqTMK/02_template_guided_docking/tables/AqTMK_step02_ligand_order_manifest.csv,/home/wms/AF2-test/AF2-CatGraph/data/AqTMK/02_templates/ATP.pdb;/home/wms/AF2-test/AF2-CatGraph/data/AqTMK/02_templates/TMP.pdb;/home/wms/AF2-test/AF2-CatGraph/data/AqTMK/02_templates/MG.pdb,ATP;TMP;MG,untrimmed_input,3,21,standard,dock_py_exact,True,single_chain_same_length_same_ordered_sequence,195,1.0,1.0,,failed,,1578,21,1,0.0462851745607988,2.493714825439201,2.493714825439201,10,True,"(0.0, 0.0, 0.0)",collision_py_exact,5.0,6.0,24,89.35166666666667,92.905,76.2,59.41,97.75,90.0,80.0,False,/home/wms/AF2-test/AF2-CatGraph/results/AqTMK/02_template_guided_docking/complexes/AqTMK_256_complex.pdb
258,AqTMK_258,AqTMK_258_complex.pdb,AqTMK,258,AqTMK.AF2rank258.pdb,AqTMK.AF2rank258,/home/wms/AF2-test/AF2-CatGraph/data/AqTMK/01_af2_new/AqTMK.AF2rank258.pdb,/home/wms/AF2-test/AF2-CatGraph/results/AqTMK/02_template_guided_docking/complexes/AqTMK_258_complex.pdb,/home/wms/AF2-test/AF2-CatGraph/data/AqTMK/02_templates/template.pdb,/home/wms/AF2-test/AF2-CatGraph/data/AqTMK/02_templates/ATP.pdb;/home/wms/AF2-test/AF2-CatGraph/data/AqTMK/02_templates/TMP.pdb;/home/wms/AF2-test/AF2-CatGraph/data/AqTMK/02_templates/MG.pdb,results/AqTMK/02_template_guided_docking/tables/AqTMK_step02_ligand_order_manifest.csv,/home/wms/AF2-test/AF2-CatGraph/data/AqTMK/02_templates/ATP.pdb;/home/wms/AF2-test/AF2-CatGraph/data/AqTMK/02_templates/TMP.pdb;/home/wms/AF2-test/AF2-CatGraph/data/AqTMK/02_templates/MG.pdb,ATP;TMP;MG,untrimmed_input,3,21,standard,dock_py_exact,True,single_chain_same_length_same_ordered_sequence,195,1.0,1.0,,failed,,1578,21,5,1.5304414714169652,2.1033536251956884,2.1033536251956884,10,True,"(0.0, 0.0, 0.0)",collision_py_exact,5.0,6.0,22,89.66954545454546,94.155,83.87700000000001,56.97,98.0,90.0,80.0,False,/home/wms/AF2-test/AF2-CatGraph/results/AqTMK/02_template_guided_docking/complexes/AqTMK_258_complex.pdb
260,AqTMK_260,AqTMK_260_complex.pdb,AqTMK,260,AqTMK.AF2rank260.pdb,AqTMK.AF2rank260,/home/wms/AF2-test/AF2-CatGraph/data/AqTMK/01_af2_new/AqTMK.AF2rank260.pdb,/home/wms/AF2-test/AF2-CatGraph/results/AqTMK/02_template_guided_docking/complexes/AqTMK_260_complex.pdb,/home/wms/AF2-test/AF2-CatGraph/data/AqTMK/02_templates/template.pdb,/home/wms/AF2-test/AF2-CatGraph/data/AqTMK/02_templates/ATP.pdb;/home/wms/AF2-test/AF2-CatGraph/data/AqTMK/02_templates/TMP.pdb;/home/wms/AF2-test/AF2-CatGraph/data/AqTMK/02_templates/MG.pdb,results/AqTMK/02_template_guided_docking/tables/AqTMK_step02_ligand_order_manifest.csv,/home/wms/AF2-test/AF2-CatGraph/data/AqTMK/02_templates/ATP.pdb;/home/wms/AF2-test/AF2-CatGraph/data/AqTMK/02_templates/TMP.pdb;/home/wms/AF2-test/AF2-CatGraph/data/AqTMK/02_templates/MG.pdb,ATP;TMP;MG,untrimmed_input,3,21,standard,dock_py_exact,True,single_chain_same_length_same_ordered_sequence,195,1.0,1.0,,failed,,1578,21,4,1.4186871070608973,2.017429975278698,2.017429975278698,10,True,"(0.0, 0.0, 0.0)",collision_py_exact,5.0,6.0,22,89.70727272727272,93.97,84.262,51.94,97.62,90.0,80.0,False,/home/wms/AF2-test/AF2-CatGraph/results/AqTMK/02_template_guided_docking/complexes/AqTMK_260_complex.pdb
265,AqTMK_265,AqTMK_265_complex.pdb,AqTMK,265,AqTMK.AF2rank265.pdb,AqTMK.AF2rank265,/home/wms/AF2-test/AF2-CatGraph/data/AqTMK/01_af2_new/AqTMK.AF2rank265.pdb,/home/wms/AF2-test/AF2-CatGraph/results/AqTMK/02_template_guided_docking/complexes/AqTMK_265_complex.pdb,/home/wms/AF2-test/AF2-CatGraph/data/AqTMK/02_templates/template.pdb,/home/wms/AF2-test/AF2-CatGraph/data/AqTMK/02_templates/ATP.pdb;/home/wms/AF2-test/AF2-CatGraph/data/AqTMK/02_templates/TMP.pdb;/home/wms/AF2-test/AF2-CatGraph/data/AqTMK/02_templates/MG.pdb,results/AqTMK/02_template_guided_docking/tables/AqTMK_step02_ligand_order_manifest.csv,/home/wms/AF2-test/AF2-CatGraph/data/AqTMK/02_templates/ATP.pdb;/home/wms/AF2-test/AF2-CatGraph/data/AqTMK/02_templates/TMP.pdb;/home/wms/AF2-test/AF2-CatGraph/data/AqTMK/02_templates/MG.pdb,ATP;TMP;MG,untrimmed_input,3,21,standard,dock_py_exact,True,single_chain_same_length_same_ordered_sequence,195,1.0,1.0,,failed,,1578,21,5,1.9009764107118696,2.0232160093207114,2.0232160093207114,10,True,"(0.0, 0.0, 0.0)",collision_py_exact,5.0,6.0,23,88.6204347826087,93.19,70.336,56.09,97.62,90.0,80.0,False,/home/wms/AF2-test/AF2-CatGraph/results/AqTMK/02_template_guided_docking/complexes/AqTMK_265_complex.pdb
266,AqTMK_266,AqTMK_266_complex.pdb,AqTMK,266,AqTMK.AF2rank266.pdb,AqTMK.AF2rank266,/home/wms/AF2-test/AF2-CatGraph/data/AqTMK/01_af2_new/AqTMK.AF2rank266.pdb,/home/wms/AF2-test/AF2-CatGraph/results/AqTMK/02_template_guided_docking/complexes/AqTMK_266_complex.pdb,/home/wms/AF2-test/AF2-CatGraph/data/AqTMK/02_templates/template.pdb,/home/wms/AF2-test/AF2-CatGraph/data/AqTMK/02_templates/ATP.pdb;/home/wms/AF2-test/AF2-CatGraph/data/AqTMK/02_templates/TMP.pdb;/home/wms/AF2-test/AF2-CatGraph/data/AqTMK/02_templates/MG.pdb,results/AqTMK/02_template_guided_docking/tables/AqTMK_step02_ligand_order_manifest.csv,/home/wms/AF2-test/AF2-CatGraph/data/AqTMK/02_templates/ATP.pdb;/home/wms/AF2-test/AF2-CatGraph/data/AqTMK/02_templates/TMP.pdb;/home/wms/AF2-test/AF2-CatGraph/data/AqTMK/02_templates/MG.pdb,ATP;TMP;MG,untrimmed_input,3,21,standard,dock_py_exact,True,single_chain_same_length_same_ordered_sequence,195,1.0,1.0,,failed,,1578,21,8,1.9684757813350284,2.0282291638087453,2.0282291638087453,10,True,"(0.0, 0.0, 0.0)",collision_py_exact,5.0,6.0,23,89.94304347826088,93.25,82.902,56.69,98.06,90.0,80.0,False,/home/wms/AF2-test/AF2-CatGraph/results/AqTMK/02_template_guided_docking/complexes/AqTMK_266_complex.pdb
268,AqTMK_268,AqTMK_268_complex.pdb,AqTMK,268,AqTMK.AF2rank268.pdb,AqTMK.AF2rank268,/home/wms/AF2-test/AF2-CatGraph/data/AqTMK/01_af2_new/AqTMK.AF2rank268.pdb,/home/wms/AF2-test/AF2-CatGraph/results/AqTMK/02_template_guided_docking/complexes/AqTMK_268_complex.pdb,/home/wms/AF2-test/AF2-CatGraph/data/AqTMK/02_templates/template.pdb,/home/wms/AF2-test/AF2-CatGraph/data/AqTMK/02_templates/ATP.pdb;/home/wms/AF2-test/AF2-CatGraph/data/AqTMK/02_templates/TMP.pdb;/home/wms/AF2-test/AF2-CatGraph/data/AqTMK/02_templates/MG.pdb,results/AqTMK/02_template_guided_docking/tables/AqTMK_step02_ligand_order_manifest.csv,/home/wms/AF2-test/AF2-CatGraph/data/AqTMK/02_templates/ATP.pdb;/home/wms/AF2-test/AF2-CatGraph/data/AqTMK/02_templates/TMP.pdb;/home/wms/AF2-test/AF2-CatGraph/data/AqTMK/02_templates/MG.pdb,ATP;TMP;MG,untrimmed_input,3,21,standard,dock_py_exact,True,single_chain_same_length_same_ordered_sequence,195,1.0,1.0,,failed,,1578,21,9,1.6958057583049737,2.081954164489749,2.081954164489749,10,True,"(0.0, 0.0, 0.0)",collision_py_exact,5.0,6.0,23,89.17260869565219,93.19,74.8,58.34,98.19,90.0,80.0,False,/home/wms/AF2-test/AF2-CatGraph/results/AqTMK/02_template_guided_docking/complexes/AqTMK_268_complex.pdb
269,AqTMK_269,AqTMK_269_complex.pdb,AqTMK,269,AqTMK.AF2rank269.pdb,AqTMK.AF2rank269,/home/wms/AF2-test/AF2-CatGraph/data/AqTMK/01_af2_new/AqTMK.AF2rank269.pdb,/home/wms/AF2-test/AF2-CatGraph/results/AqTMK/02_template_guided_docking/complexes/AqTMK_269_complex.pdb,/home/wms/AF2-test/AF2-CatGraph/data/AqTMK/02_templates/template.pdb,/home/wms/AF2-test/AF2-CatGraph/data/AqTMK/02_templates/ATP.pdb;/home/wms/AF2-test/AF2-CatGraph/data/AqTMK/02_templates/TMP.pdb;/home/wms/AF2-test/AF2-CatGraph/data/AqTMK/02_templates/MG.pdb,results/AqTMK/02_template_guided_docking/tables/AqTMK_step02_ligand_order_manifest.csv,/home/wms/AF2-test/AF2-CatGraph/data/AqTMK/02_templates/ATP.pdb;/home/wms/AF2-test/AF2-CatGraph/data/AqTMK/02_templates/TMP.pdb;/home/wms/AF2-test/AF2-CatGraph/data/AqTMK/02_templates/MG.pdb,ATP;TMP;MG,untrimmed_input,3,21,standard,dock_py_exact,True,single_chain_same_length_same_ordered_sequence,195,1.0,1.0,,failed,,1578,21,6,1.8692342228106136,2.0163438151727555,2.0163438151727555,10,True,"(0.0, 0.0, 0.0)",collision_py_exact,5.0,6.0,22,89.195,93.935,81.61,50.69,97.56,90.0,80.0,False,/home/wms/AF2-test/AF2-CatGraph/results/AqTMK/02_template_guided_docking/complexes/AqTMK_269_complex.pdb
271,AqTMK_271,AqTMK_271_complex.pdb,AqTMK,271,AqTMK.AF2rank271.pdb,AqTMK.AF2rank271,/home/wms/AF2-test/AF2-CatGraph/data/AqTMK/01_af2_new/AqTMK.AF2rank271.pdb,/home/wms/AF2-test/AF2-CatGraph/results/AqTMK/02_template_guided_docking/complexes/AqTMK_271_complex.pdb,/home/wms/AF2-test/AF2-CatGraph/data/AqTMK/02_templates/template.pdb,/home/wms/AF2-test/AF2-CatGraph/data/AqTMK/02_templates/ATP.pdb;/home/wms/AF2-test/AF2-CatGraph/data/AqTMK/02_templates/TMP.pdb;/home/wms/AF2-test/AF2-CatGraph/data/AqTMK/02_templates/MG.pdb,results/AqTMK/02_template_guided_docking/tables/AqTMK_step02_ligand_order_manifest.csv,/home/wms/AF2-test/AF2-CatGraph/data/AqTMK/02_templates/ATP.pdb;/home/wms/AF2-test/AF2-CatGraph/data/AqTMK/02_templates/TMP.pdb;/home/wms/AF2-test/AF2-CatGraph/data/AqTMK/02_templates/MG.pdb,ATP;TMP;MG,untrimmed_input,3,21,standard,dock_py_exact,True,single_chain_same_length_same_ordered_sequence,195,1.0,1.0,,failed,,1578,21,2,0.6875993450859643,2.085279535074608,2.085279535074608,10,True,"(0.0, 0.0, 0.0)",collision_py_exact,5.0,6.0,21,89.48047619047621,92.75,82.62,53.66,97.88,90.0,80.0,False,/home/wms/AF2-test/AF2-CatGraph/results/AqTMK/02_template_guided_docking/complexes/AqTMK_271_complex.pdb
278,AqTMK_278,AqTMK_278_complex.pdb,AqTMK,278,AqTMK.AF2rank278.pdb,AqTMK.AF2rank278,/home/wms/AF2-test/AF2-CatGraph/data/AqTMK/01_af2_new/AqTMK.AF2rank278.pdb,/home/wms/AF2-test/AF2-CatGraph/results/AqTMK/02_template_guided_docking/complexes/AqTMK_278_complex.pdb,/home/wms/AF2-test/AF2-CatGraph/data/AqTMK/02_templates/template.pdb,/home/wms/AF2-test/AF2-CatGraph/data/AqTMK/02_templates/ATP.pdb;/home/wms/AF2-test/AF2-CatGraph/data/AqTMK/02_templates/TMP.pdb;/home/wms/AF2-test/AF2-CatGraph/data/AqTMK/02_templates/MG.pdb,results/AqTMK/02_template_guided_docking/tables/AqTMK_step02_ligand_order_manifest.csv,/home/wms/AF2-test/AF2-CatGraph/data/AqTMK/02_templates/ATP.pdb;/home/wms/AF2-test/AF2-CatGraph/data/AqTMK/02_templates/TMP.pdb;/home/wms/AF2-test/AF2-CatGraph/data/AqTMK/02_templates/MG.pdb,ATP;TMP;MG,untrimmed_input,3,21,standard,dock_py_exact,True,single_chain_same_length_same_ordered_sequence,195,1.0,1.0,,failed,,1578,21,6,1.8727954326275096,2.057439664288436,2.057439664288436,10,True,"(0.0, 0.0, 0.0)",collision_py_exact,5.0,6.0,24,88.5225,92.84,75.04,57.34,98.0,90.0,80.0,False,/home/wms/AF2-test/AF2-CatGraph/results/AqTMK/02_template_guided_docking/complexes/AqTMK_278_complex.pdb
280,AqTMK_280,AqTMK_280_complex.pdb,AqTMK,280,AqTMK.AF2rank280.pdb,AqTMK.AF2rank280,/home/wms/AF2-test/AF2-CatGraph/data/AqTMK/01_af2_new/AqTMK.AF2rank280.pdb,/home/wms/AF2-test/AF2-CatGraph/results/AqTMK/02_template_guided_docking/complexes/AqTMK_280_complex.pdb,/home/wms/AF2-test/AF2-CatGraph/data/AqTMK/02_templates/template.pdb,/home/wms/AF2-test/AF2-CatGraph/data/AqTMK/02_templates/ATP.pdb;/home/wms/AF2-test/AF2-CatGraph/data/AqTMK/02_templates/TMP.pdb;/home/wms/AF2-test/AF2-CatGraph/data/AqTMK/02_templates/MG.pdb,results/AqTMK/02_template_guided_docking/tables/AqTMK_step02_ligand_order_manifest.csv,/home/wms/AF2-test/AF2-CatGraph/data/AqTMK/02_templates/ATP.pdb;/home/wms/AF2-test/AF2-CatGraph/data/AqTMK/02_templates/TMP.pdb;/home/wms/AF2-test/AF2-CatGraph/data/AqTMK/02_templates/MG.pdb,ATP;TMP;MG,untrimmed_input,3,21,standard,dock_py_exact,True,single_chain_same_length_same_ordered_sequence,195,1.0,1.0,,failed,,1578,21,7,2.052071748695058,2.015183861376786,2.015183861376786,10,True,"(0.0, 0.0, 0.0)",collision_py_exact,5.0,6.0,22,88.4,92.38,75.231,60.25,98.06,90.0,80.0,False,/home/wms/AF2-test/AF2-CatGraph/results/AqTMK/02_template_guided_docking/complexes/AqTMK_280_complex.pdb
282,AqTMK_282,AqTMK_282_complex.pdb,AqTMK,282,AqTMK.AF2rank282.pdb,AqTMK.AF2rank282,/home/wms/AF2-test/AF2-CatGraph/data/AqTMK/01_af2_new/AqTMK.AF2rank282.pdb,/home/wms/AF2-test/AF2-CatGraph/results/AqTMK/02_template_guided_docking/complexes/AqTMK_282_complex.pdb,/home/wms/AF2-test/AF2-CatGraph/data/AqTMK/02_templates/template.pdb,/home/wms/AF2-test/AF2-CatGraph/data/AqTMK/02_templates/ATP.pdb;/home/wms/AF2-test/AF2-CatGraph/data/AqTMK/02_templates/TMP.pdb;/home/wms/AF2-test/AF2-CatGraph/data/AqTMK/02_templates/MG.pdb,results/AqTMK/02_template_guided_docking/tables/AqTMK_step02_ligand_order_manifest.csv,/home/wms/AF2-test/AF2-CatGraph/data/AqTMK/02_templates/ATP.pdb;/home/wms/AF2-test/AF2-CatGraph/data/AqTMK/02_templates/TMP.pdb;/home/wms/AF2-test/AF2-CatGraph/data/AqTMK/02_templates/MG.pdb,ATP;TMP;MG,untrimmed_input,3,21,standard,dock_py_exact,True,single_chain_same_length_same_ordered_sequence,195,1.0,1.0,,failed,,1578,21,5,1.4835129319693792,2.0094467232388715,2.0094467232388715,10,True,"(0.0, 0.0, 0.0)",collision_py_exact,5.0,6.0,22,89.66,93.125,79.346,61.25,98.0,90.0,80.0,False,/home/wms/AF2-test/AF2-CatGraph/results/AqTMK/02_template_guided_docking/complexes/AqTMK_282_complex.pdb
283,AqTMK_283,AqTMK_283_complex.pdb,AqTMK,283,AqTMK.AF2rank283.pdb,AqTMK.AF2rank283,/home/wms/AF2-test/AF2-CatGraph/data/AqTMK/01_af2_new/AqTMK.AF2rank283.pdb,/home/wms/AF2-test/AF2-CatGraph/results/AqTMK/02_template_guided_docking/complexes/AqTMK_283_complex.pdb,/home/wms/AF2-test/AF2-CatGraph/data/AqTMK/02_templates/template.pdb,/home/wms/AF2-test/AF2-CatGraph/data/AqTMK/02_templates/ATP.pdb;/home/wms/AF2-test/AF2-CatGraph/data/AqTMK/02_templates/TMP.pdb;/home/wms/AF2-test/AF2-CatGraph/data/AqTMK/02_templates/MG.pdb,results/AqTMK/02_template_guided_docking/tables/AqTMK_step02_ligand_order_manifest.csv,/home/wms/AF2-test/AF2-CatGraph/data/AqTMK/02_templates/ATP.pdb;/home/wms/AF2-test/AF2-CatGraph/data/AqTMK/02_templates/TMP.pdb;/home/wms/AF2-test/AF2-CatGraph/data/AqTMK/02_templates/MG.pdb,ATP;TMP;MG,untrimmed_input,3,21,standard,dock_py_exact,True,single_chain_same_length_same_ordered_sequence,195,1.0,1.0,,failed,,1578,21,3,1.0278644845386418,2.126216230457606,2.126216230457606,10,True,"(0.0, 0.0, 0.0)",collision_py_exact,5.0,6.0,22,89.38954545454546,92.625,82.31099999999999,57.5,97.38,90.0,80.0,False,/home/wms/AF2-test/AF2-CatGraph/results/AqTMK/02_template_guided_docking/complexes/AqTMK_283_complex.pdb
289,AqTMK_289,AqTMK_289_complex.pdb,AqTMK,289,AqTMK.AF2rank289.pdb,AqTMK.AF2rank289,/home/wms/AF2-test/AF2-CatGraph/data/AqTMK/01_af2_new/AqTMK.AF2rank289.pdb,/home/wms/AF2-test/AF2-CatGraph/results/AqTMK/02_template_guided_docking/complexes/AqTMK_289_complex.pdb,/home/wms/AF2-test/AF2-CatGraph/data/AqTMK/02_templates/template.pdb,/home/wms/AF2-test/AF2-CatGraph/data/AqTMK/02_templates/ATP.pdb;/home/wms/AF2-test/AF2-CatGraph/data/AqTMK/02_templates/TMP.pdb;/home/wms/AF2-test/AF2-CatGraph/data/AqTMK/02_templates/MG.pdb,results/AqTMK/02_template_guided_docking/tables/AqTMK_step02_ligand_order_manifest.csv,/home/wms/AF2-test/AF2-CatGraph/data/AqTMK/02_templates/ATP.pdb;/home/wms/AF2-test/AF2-CatGraph/data/AqTMK/02_templates/TMP.pdb;/home/wms/AF2-test/AF2-CatGraph/data/AqTMK/02_templates/MG.pdb,ATP;TMP;MG,untrimmed_input,3,21,standard,dock_py_exact,True,single_chain_same_length_same_ordered_sequence,195,1.0,1.0,,failed,,1578,21,8,1.932034771916124,2.0336378085095306,2.0336378085095306,10,True,"(0.0, 0.0, 0.0)",collision_py_exact,5.0,6.0,23,88.74173913043478,92.81,72.54,53.59,97.88,90.0,80.0,False,/home/wms/AF2-test/AF2-CatGraph/results/AqTMK/02_template_guided_docking/complexes/AqTMK_289_complex.pdb
291,AqTMK_291,AqTMK_291_complex.pdb,AqTMK,291,AqTMK.AF2rank291.pdb,AqTMK.AF2rank291,/home/wms/AF2-test/AF2-CatGraph/data/AqTMK/01_af2_new/AqTMK.AF2rank291.pdb,/home/wms/AF2-test/AF2-CatGraph/results/AqTMK/02_template_guided_docking/complexes/AqTMK_291_complex.pdb,/home/wms/AF2-test/AF2-CatGraph/data/AqTMK/02_templates/template.pdb,/home/wms/AF2-test/AF2-CatGraph/data/AqTMK/02_templates/ATP.pdb;/home/wms/AF2-test/AF2-CatGraph/data/AqTMK/02_templates/TMP.pdb;/home/wms/AF2-test/AF2-CatGraph/data/AqTMK/02_templates/MG.pdb,results/AqTMK/02_template_guided_docking/tables/AqTMK_step02_ligand_order_manifest.csv,/home/wms/AF2-test/AF2-CatGraph/data/AqTMK/02_templates/ATP.pdb;/home/wms/AF2-test/AF2-CatGraph/data/AqTMK/02_templates/TMP.pdb;/home/wms/AF2-test/AF2-CatGraph/data/AqTMK/02_templates/MG.pdb,ATP;TMP;MG,untrimmed_input,3,21,standard,dock_py_exact,True,single_chain_same_length_same_ordered_sequence,195,1.0,1.0,,failed,,1578,21,1,0.4064750730743327,2.163524926925668,2.163524926925668,10,True,"(0.0, 0.0, 0.0)",collision_py_exact,5.0,6.0,23,89.5717391304348,92.5,83.292,54.03,97.75,90.0,80.0,False,/home/wms/AF2-test/AF2-CatGraph/results/AqTMK/02_template_guided_docking/complexes/AqTMK_291_complex.pdb
293,AqTMK_293,AqTMK_293_complex.pdb,AqTMK,293,AqTMK.AF2rank293.pdb,AqTMK.AF2rank293,/home/wms/AF2-test/AF2-CatGraph/data/AqTMK/01_af2_new/AqTMK.AF2rank293.pdb,/home/wms/AF2-test/AF2-CatGraph/results/AqTMK/02_template_guided_docking/complexes/AqTMK_293_complex.pdb,/home/wms/AF2-test/AF2-CatGraph/data/AqTMK/02_templates/template.pdb,/home/wms/AF2-test/AF2-CatGraph/data/AqTMK/02_templates/ATP.pdb;/home/wms/AF2-test/AF2-CatGraph/data/AqTMK/02_templates/TMP.pdb;/home/wms/AF2-test/AF2-CatGraph/data/AqTMK/02_templates/MG.pdb,results/AqTMK/02_template_guided_docking/tables/AqTMK_step02_ligand_order_manifest.csv,/home/wms/AF2-test/AF2-CatGraph/data/AqTMK/02_templates/ATP.pdb;/home/wms/AF2-test/AF2-CatGraph/data/AqTMK/02_templates/TMP.pdb;/home/wms/AF2-test/AF2-CatGraph/data/AqTMK/02_templates/MG.pdb,ATP;TMP;MG,untrimmed_input,3,21,standard,dock_py_exact,True,single_chain_same_length_same_ordered_sequence,195,1.0,1.0,,failed,,1578,21,6,1.8391083026012855,2.0135079424129376,2.0135079424129376,10,True,"(0.0, 0.0, 0.0)",collision_py_exact,5.0,6.0,22,88.90590909090909,93.25,81.719,51.34,97.69,90.0,80.0,False,/home/wms/AF2-test/AF2-CatGraph/results/AqTMK/02_template_guided_docking/complexes/AqTMK_293_complex.pdb
294,AqTMK_294,AqTMK_294_complex.pdb,AqTMK,294,AqTMK.AF2rank294.pdb,AqTMK.AF2rank294,/home/wms/AF2-test/AF2-CatGraph/data/AqTMK/01_af2_new/AqTMK.AF2rank294.pdb,/home/wms/AF2-test/AF2-CatGraph/results/AqTMK/02_template_guided_docking/complexes/AqTMK_294_complex.pdb,/home/wms/AF2-test/AF2-CatGraph/data/AqTMK/02_templates/template.pdb,/home/wms/AF2-test/AF2-CatGraph/data/AqTMK/02_templates/ATP.pdb;/home/wms/AF2-test/AF2-CatGraph/data/AqTMK/02_templates/TMP.pdb;/home/wms/AF2-test/AF2-CatGraph/data/AqTMK/02_templates/MG.pdb,results/AqTMK/02_template_guided_docking/tables/AqTMK_step02_ligand_order_manifest.csv,/home/wms/AF2-test/AF2-CatGraph/data/AqTMK/02_templates/ATP.pdb;/home/wms/AF2-test/AF2-CatGraph/data/AqTMK/02_templates/TMP.pdb;/home/wms/AF2-test/AF2-CatGraph/data/AqTMK/02_templates/MG.pdb,ATP;TMP;MG,untrimmed_input,3,21,standard,dock_py_exact,True,single_chain_same_length_same_ordered_sequence,195,1.0,1.0,,failed,,1578,21,7,1.878396226449832,2.0264842867878605,2.0264842867878605,10,True,"(0.0, 0.0, 0.0)",collision_py_exact,5.0,6.0,22,89.95954545454548,92.5,83.517,61.09,97.69,90.0,80.0,False,/home/wms/AF2-test/AF2-CatGraph/results/AqTMK/02_template_guided_docking/complexes/AqTMK_294_complex.pdb
296,AqTMK_296,AqTMK_296_complex.pdb,AqTMK,296,AqTMK.AF2rank296.pdb,AqTMK.AF2rank296,/home/wms/AF2-test/AF2-CatGraph/data/AqTMK/01_af2_new/AqTMK.AF2rank296.pdb,/home/wms/AF2-test/AF2-CatGraph/results/AqTMK/02_template_guided_docking/complexes/AqTMK_296_complex.pdb,/home/wms/AF2-test/AF2-CatGraph/data/AqTMK/02_templates/template.pdb,/home/wms/AF2-test/AF2-CatGraph/data/AqTMK/02_templates/ATP.pdb;/home/wms/AF2-test/AF2-CatGraph/data/AqTMK/02_templates/TMP.pdb;/home/wms/AF2-test/AF2-CatGraph/data/AqTMK/02_templates/MG.pdb,results/AqTMK/02_template_guided_docking/tables/AqTMK_step02_ligand_order_manifest.csv,/home/wms/AF2-test/AF2-CatGraph/data/AqTMK/02_templates/ATP.pdb;/home/wms/AF2-test/AF2-CatGraph/data/AqTMK/02_templates/TMP.pdb;/home/wms/AF2-test/AF2-CatGraph/data/AqTMK/02_templates/MG.pdb,ATP;TMP;MG,untrimmed_input,3,21,standard,dock_py_exact,True,single_chain_same_length_same_ordered_sequence,195,1.0,1.0,,failed,,1578,21,6,1.1881367721207248,2.0485165792324573,2.0485165792324573,10,True,"(0.0, 0.0, 0.0)",collision_py_exact,5.0,6.0,24,88.40083333333332,92.125,75.557,59.5,97.69,90.0,80.0,False,/home/wms/AF2-test/AF2-CatGraph/results/AqTMK/02_template_guided_docking/complexes/AqTMK_296_complex.pdb
297,AqTMK_297,AqTMK_297_complex.pdb,AqTMK,297,AqTMK.AF2rank297.pdb,AqTMK.AF2rank297,/home/wms/AF2-test/AF2-CatGraph/data/AqTMK/01_af2_new/AqTMK.AF2rank297.pdb,/home/wms/AF2-test/AF2-CatGraph/results/AqTMK/02_template_guided_docking/complexes/AqTMK_297_complex.pdb,/home/wms/AF2-test/AF2-CatGraph/data/AqTMK/02_templates/template.pdb,/home/wms/AF2-test/AF2-CatGraph/data/AqTMK/02_templates/ATP.pdb;/home/wms/AF2-test/AF2-CatGraph/data/AqTMK/02_templates/TMP.pdb;/home/wms/AF2-test/AF2-CatGraph/data/AqTMK/02_templates/MG.pdb,results/AqTMK/02_template_guided_docking/tables/AqTMK_step02_ligand_order_manifest.csv,/home/wms/AF2-test/AF2-CatGraph/data/AqTMK/02_templates/ATP.pdb;/home/wms/AF2-test/AF2-CatGraph/data/AqTMK/02_templates/TMP.pdb;/home/wms/AF2-test/AF2-CatGraph/data/AqTMK/02_templates/MG.pdb,ATP;TMP;MG,untrimmed_input,3,21,standard,dock_py_exact,True,single_chain_same_length_same_ordered_sequence,195,1.0,1.0,,failed,,1578,21,8,2.037356339245085,2.015318048325633,2.015318048325633,10,True,"(0.0, 0.0, 0.0)",collision_py_exact,5.0,6.0,22,89.7309090909091,92.94,84.24,55.5,98.12,90.0,80.0,False,/home/wms/AF2-test/AF2-CatGraph/results/AqTMK/02_template_guided_docking/complexes/AqTMK_297_complex.pdb
298,AqTMK_298,AqTMK_298_complex.pdb,AqTMK,298,AqTMK.AF2rank298.pdb,AqTMK.AF2rank298,/home/wms/AF2-test/AF2-CatGraph/data/AqTMK/01_af2_new/AqTMK.AF2rank298.pdb,/home/wms/AF2-test/AF2-CatGraph/results/AqTMK/02_template_guided_docking/complexes/AqTMK_298_complex.pdb,/home/wms/AF2-test/AF2-CatGraph/data/AqTMK/02_templates/template.pdb,/home/wms/AF2-test/AF2-CatGraph/data/AqTMK/02_templates/ATP.pdb;/home/wms/AF2-test/AF2-CatGraph/data/AqTMK/02_templates/TMP.pdb;/home/wms/AF2-test/AF2-CatGraph/data/AqTMK/02_templates/MG.pdb,results/AqTMK/02_template_guided_docking/tables/AqTMK_step02_ligand_order_manifest.csv,/home/wms/AF2-test/AF2-CatGraph/data/AqTMK/02_templates/ATP.pdb;/home/wms/AF2-test/AF2-CatGraph/data/AqTMK/02_templates/TMP.pdb;/home/wms/AF2-test/AF2-CatGraph/data/AqTMK/02_templates/MG.pdb,ATP;TMP;MG,untrimmed_input,3,21,standard,dock_py_exact,True,single_chain_same_length_same_ordered_sequence,195,1.0,1.0,,failed,,1578,21,5,2.159736667900252,2.018558989684112,2.018558989684112,10,True,"(0.0, 0.0, 0.0)",collision_py_exact,5.0,6.0,23,89.34739130434782,92.12,82.94800000000001,62.25,97.38,90.0,80.0,False,/home/wms/AF2-test/AF2-CatGraph/results/AqTMK/02_template_guided_docking/complexes/AqTMK_298_complex.pdb
301,AqTMK_301,AqTMK_301_complex.pdb,AqTMK,301,AqTMK.AF2rank301.pdb,AqTMK.AF2rank301,/home/wms/AF2-test/AF2-CatGraph/data/AqTMK/01_af2_new/AqTMK.AF2rank301.pdb,/home/wms/AF2-test/AF2-CatGraph/results/AqTMK/02_template_guided_docking/complexes/AqTMK_301_complex.pdb,/home/wms/AF2-test/AF2-CatGraph/data/AqTMK/02_templates/template.pdb,/home/wms/AF2-test/AF2-CatGraph/data/AqTMK/02_templates/ATP.pdb;/home/wms/AF2-test/AF2-CatGraph/data/AqTMK/02_templates/TMP.pdb;/home/wms/AF2-test/AF2-CatGraph/data/AqTMK/02_templates/MG.pdb,results/AqTMK/02_template_guided_docking/tables/AqTMK_step02_ligand_order_manifest.csv,/home/wms/AF2-test/AF2-CatGraph/data/AqTMK/02_templates/ATP.pdb;/home/wms/AF2-test/AF2-CatGraph/data/AqTMK/02_templates/TMP.pdb;/home/wms/AF2-test/AF2-CatGraph/data/AqTMK/02_templates/MG.pdb,ATP;TMP;MG,untrimmed_input,3,21,standard,dock_py_exact,True,single_chain_same_length_same_ordered_sequence,195,1.0,1.0,,failed,,1578,21,6,1.4904075473806149,2.110740491177186,2.110740491177186,10,True,"(0.0, 0.0, 0.0)",collision_py_exact,5.0,6.0,23,89.2591304347826,92.0,81.784,64.69,97.75,90.0,80.0,False,/home/wms/AF2-test/AF2-CatGraph/results/AqTMK/02_template_guided_docking/complexes/AqTMK_301_complex.pdb
302,AqTMK_302,AqTMK_302_complex.pdb,AqTMK,302,AqTMK.AF2rank302.pdb,AqTMK.AF2rank302,/home/wms/AF2-test/AF2-CatGraph/data/AqTMK/01_af2_new/AqTMK.AF2rank302.pdb,/home/wms/AF2-test/AF2-CatGraph/results/AqTMK/02_template_guided_docking/complexes/AqTMK_302_complex.pdb,/home/wms/AF2-test/AF2-CatGraph/data/AqTMK/02_templates/template.pdb,/home/wms/AF2-test/AF2-CatGraph/data/AqTMK/02_templates/ATP.pdb;/home/wms/AF2-test/AF2-CatGraph/data/AqTMK/02_templates/TMP.pdb;/home/wms/AF2-test/AF2-CatGraph/data/AqTMK/02_templates/MG.pdb,results/AqTMK/02_template_guided_docking/tables/AqTMK_step02_ligand_order_manifest.csv,/home/wms/AF2-test/AF2-CatGraph/data/AqTMK/02_templates/ATP.pdb;/home/wms/AF2-test/AF2-CatGraph/data/AqTMK/02_templates/TMP.pdb;/home/wms/AF2-test/AF2-CatGraph/data/AqTMK/02_templates/MG.pdb,ATP;TMP;MG,untrimmed_input,3,21,standard,dock_py_exact,True,single_chain_same_length_same_ordered_sequence,195,1.0,1.0,,failed,,1578,21,8,1.924813644133508,2.08269167264618,2.08269167264618,10,True,"(0.0, 0.0, 0.0)",collision_py_exact,5.0,6.0,23,89.62565217391304,93.31,84.102,53.78,97.94,90.0,80.0,False,/home/wms/AF2-test/AF2-CatGraph/results/AqTMK/02_template_guided_docking/complexes/AqTMK_302_complex.pdb
303,AqTMK_303,AqTMK_303_complex.pdb,AqTMK,303,AqTMK.AF2rank303.pdb,AqTMK.AF2rank303,/home/wms/AF2-test/AF2-CatGraph/data/AqTMK/01_af2_new/AqTMK.AF2rank303.pdb,/home/wms/AF2-test/AF2-CatGraph/results/AqTMK/02_template_guided_docking/complexes/AqTMK_303_complex.pdb,/home/wms/AF2-test/AF2-CatGraph/data/AqTMK/02_templates/template.pdb,/home/wms/AF2-test/AF2-CatGraph/data/AqTMK/02_templates/ATP.pdb;/home/wms/AF2-test/AF2-CatGraph/data/AqTMK/02_templates/TMP.pdb;/home/wms/AF2-test/AF2-CatGraph/data/AqTMK/02_templates/MG.pdb,results/AqTMK/02_template_guided_docking/tables/AqTMK_step02_ligand_order_manifest.csv,/home/wms/AF2-test/AF2-CatGraph/data/AqTMK/02_templates/ATP.pdb;/home/wms/AF2-test/AF2-CatGraph/data/AqTMK/02_templates/TMP.pdb;/home/wms/AF2-test/AF2-CatGraph/data/AqTMK/02_templates/MG.pdb,ATP;TMP;MG,untrimmed_input,3,21,standard,dock_py_exact,True,single_chain_same_length_same_ordered_sequence,195,1.0,1.0,,failed,,1578,21,5,1.7457302217209372,2.007741511046148,2.007741511046148,10,True,"(0.0, 0.0, 0.0)",collision_py_exact,5.0,6.0,22,89.35636363636364,92.47,82.821,57.16,97.56,90.0,80.0,False,/home/wms/AF2-test/AF2-CatGraph/results/AqTMK/02_template_guided_docking/complexes/AqTMK_303_complex.pdb
304,AqTMK_304,AqTMK_304_complex.pdb,AqTMK,304,AqTMK.AF2rank304.pdb,AqTMK.AF2rank304,/home/wms/AF2-test/AF2-CatGraph/data/AqTMK/01_af2_new/AqTMK.AF2rank304.pdb,/home/wms/AF2-test/AF2-CatGraph/results/AqTMK/02_template_guided_docking/complexes/AqTMK_304_complex.pdb,/home/wms/AF2-test/AF2-CatGraph/data/AqTMK/02_templates/template.pdb,/home/wms/AF2-test/AF2-CatGraph/data/AqTMK/02_templates/ATP.pdb;/home/wms/AF2-test/AF2-CatGraph/data/AqTMK/02_templates/TMP.pdb;/home/wms/AF2-test/AF2-CatGraph/data/AqTMK/02_templates/MG.pdb,results/AqTMK/02_template_guided_docking/tables/AqTMK_step02_ligand_order_manifest.csv,/home/wms/AF2-test/AF2-CatGraph/data/AqTMK/02_templates/ATP.pdb;/home/wms/AF2-test/AF2-CatGraph/data/AqTMK/02_templates/TMP.pdb;/home/wms/AF2-test/AF2-CatGraph/data/AqTMK/02_templates/MG.pdb,ATP;TMP;MG,untrimmed_input,3,21,standard,dock_py_exact,True,single_chain_same_length_same_ordered_sequence,195,1.0,1.0,,failed,,1578,21,6,1.822724271827352,2.0593863293367707,2.0593863293367707,10,True,"(0.0, 0.0, 0.0)",collision_py_exact,5.0,6.0,23,88.44434782608695,92.81,81.25,52.28,97.81,90.0,80.0,False,/home/wms/AF2-test/AF2-CatGraph/results/AqTMK/02_template_guided_docking/complexes/AqTMK_304_complex.pdb
305,AqTMK_305,AqTMK_305_complex.pdb,AqTMK,305,AqTMK.AF2rank305.pdb,AqTMK.AF2rank305,/home/wms/AF2-test/AF2-CatGraph/data/AqTMK/01_af2_new/AqTMK.AF2rank305.pdb,/home/wms/AF2-test/AF2-CatGraph/results/AqTMK/02_template_guided_docking/complexes/AqTMK_305_complex.pdb,/home/wms/AF2-test/AF2-CatGraph/data/AqTMK/02_templates/template.pdb,/home/wms/AF2-test/AF2-CatGraph/data/AqTMK/02_templates/ATP.pdb;/home/wms/AF2-test/AF2-CatGraph/data/AqTMK/02_templates/TMP.pdb;/home/wms/AF2-test/AF2-CatGraph/data/AqTMK/02_templates/MG.pdb,results/AqTMK/02_template_guided_docking/tables/AqTMK_step02_ligand_order_manifest.csv,/home/wms/AF2-test/AF2-CatGraph/data/AqTMK/02_templates/ATP.pdb;/home/wms/AF2-test/AF2-CatGraph/data/AqTMK/02_templates/TMP.pdb;/home/wms/AF2-test/AF2-CatGraph/data/AqTMK/02_templates/MG.pdb,ATP;TMP;MG,untrimmed_input,3,21,standard,dock_py_exact,True,single_chain_same_length_same_ordered_sequence,195,1.0,1.0,,failed,,1578,21,7,1.85745874734018,2.0479670645139567,2.0479670645139567,10,True,"(0.0, 0.0, 0.0)",collision_py_exact,5.0,6.0,23,86.68391304347827,92.25,67.272,52.94,97.62,90.0,80.0,False,/home/wms/AF2-test/AF2-CatGraph/results/AqTMK/02_template_guided_docking/complexes/AqTMK_305_complex.pdb
306,AqTMK_306,AqTMK_306_complex.pdb,AqTMK,306,AqTMK.AF2rank306.pdb,AqTMK.AF2rank306,/home/wms/AF2-test/AF2-CatGraph/data/AqTMK/01_af2_new/AqTMK.AF2rank306.pdb,/home/wms/AF2-test/AF2-CatGraph/results/AqTMK/02_template_guided_docking/complexes/AqTMK_306_complex.pdb,/home/wms/AF2-test/AF2-CatGraph/data/AqTMK/02_templates/template.pdb,/home/wms/AF2-test/AF2-CatGraph/data/AqTMK/02_templates/ATP.pdb;/home/wms/AF2-test/AF2-CatGraph/data/AqTMK/02_templates/TMP.pdb;/home/wms/AF2-test/AF2-CatGraph/data/AqTMK/02_templates/MG.pdb,results/AqTMK/02_template_guided_docking/tables/AqTMK_step02_ligand_order_manifest.csv,/home/wms/AF2-test/AF2-CatGraph/data/AqTMK/02_templates/ATP.pdb;/home/wms/AF2-test/AF2-CatGraph/data/AqTMK/02_templates/TMP.pdb;/home/wms/AF2-test/AF2-CatGraph/data/AqTMK/02_templates/MG.pdb,ATP;TMP;MG,untrimmed_input,3,21,standard,dock_py_exact,True,single_chain_same_length_same_ordered_sequence,195,1.0,1.0,,failed,,1578,21,4,1.6442412960864703,2.021700723952548,2.021700723952548,10,True,"(0.0, 0.0, 0.0)",collision_py_exact,5.0,6.0,22,88.41227272727271,91.845,82.36,47.38,97.5,90.0,80.0,False,/home/wms/AF2-test/AF2-CatGraph/results/AqTMK/02_template_guided_docking/complexes/AqTMK_306_complex.pdb
307,AqTMK_307,AqTMK_307_complex.pdb,AqTMK,307,AqTMK.AF2rank307.pdb,AqTMK.AF2rank307,/home/wms/AF2-test/AF2-CatGraph/data/AqTMK/01_af2_new/AqTMK.AF2rank307.pdb,/home/wms/AF2-test/AF2-CatGraph/results/AqTMK/02_template_guided_docking/complexes/AqTMK_307_complex.pdb,/home/wms/AF2-test/AF2-CatGraph/data/AqTMK/02_templates/template.pdb,/home/wms/AF2-test/AF2-CatGraph/data/AqTMK/02_templates/ATP.pdb;/home/wms/AF2-test/AF2-CatGraph/data/AqTMK/02_templates/TMP.pdb;/home/wms/AF2-test/AF2-CatGraph/data/AqTMK/02_templates/MG.pdb,results/AqTMK/02_template_guided_docking/tables/AqTMK_step02_ligand_order_manifest.csv,/home/wms/AF2-test/AF2-CatGraph/data/AqTMK/02_templates/ATP.pdb;/home/wms/AF2-test/AF2-CatGraph/data/AqTMK/02_templates/TMP.pdb;/home/wms/AF2-test/AF2-CatGraph/data/AqTMK/02_templates/MG.pdb,ATP;TMP;MG,untrimmed_input,3,21,standard,dock_py_exact,True,single_chain_same_length_same_ordered_sequence,195,1.0,1.0,,failed,,1578,21,5,1.231641947431004,2.065828321472792,2.065828321472792,10,True,"(0.0, 0.0, 0.0)",collision_py_exact,5.0,6.0,22,89.58954545454544,92.72,81.584,61.06,97.88,90.0,80.0,False,/home/wms/AF2-test/AF2-CatGraph/results/AqTMK/02_template_guided_docking/complexes/AqTMK_307_complex.pdb
308,AqTMK_308,AqTMK_308_complex.pdb,AqTMK,308,AqTMK.AF2rank308.pdb,AqTMK.AF2rank308,/home/wms/AF2-test/AF2-CatGraph/data/AqTMK/01_af2_new/AqTMK.AF2rank308.pdb,/home/wms/AF2-test/AF2-CatGraph/results/AqTMK/02_template_guided_docking/complexes/AqTMK_308_complex.pdb,/home/wms/AF2-test/AF2-CatGraph/data/AqTMK/02_templates/template.pdb,/home/wms/AF2-test/AF2-CatGraph/data/AqTMK/02_templates/ATP.pdb;/home/wms/AF2-test/AF2-CatGraph/data/AqTMK/02_templates/TMP.pdb;/home/wms/AF2-test/AF2-CatGraph/data/AqTMK/02_templates/MG.pdb,results/AqTMK/02_template_guided_docking/tables/AqTMK_step02_ligand_order_manifest.csv,/home/wms/AF2-test/AF2-CatGraph/data/AqTMK/02_templates/ATP.pdb;/home/wms/AF2-test/AF2-CatGraph/data/AqTMK/02_templates/TMP.pdb;/home/wms/AF2-test/AF2-CatGraph/data/AqTMK/02_templates/MG.pdb,ATP;TMP;MG,untrimmed_input,3,21,standard,dock_py_exact,True,single_chain_same_length_same_ordered_sequence,195,1.0,1.0,,failed,,1578,21,2,0.9974753561210076,2.0334133370597907,2.0334133370597907,10,True,"(0.0, 0.0, 0.0)",collision_py_exact,5.0,6.0,21,88.67857142857143,93.0,82.44,53.31,97.06,90.0,80.0,False,/home/wms/AF2-test/AF2-CatGraph/results/AqTMK/02_template_guided_docking/complexes/AqTMK_308_complex.pdb
310,AqTMK_310,AqTMK_310_complex.pdb,AqTMK,310,AqTMK.AF2rank310.pdb,AqTMK.AF2rank310,/home/wms/AF2-test/AF2-CatGraph/data/AqTMK/01_af2_new/AqTMK.AF2rank310.pdb,/home/wms/AF2-test/AF2-CatGraph/results/AqTMK/02_template_guided_docking/complexes/AqTMK_310_complex.pdb,/home/wms/AF2-test/AF2-CatGraph/data/AqTMK/02_templates/template.pdb,/home/wms/AF2-test/AF2-CatGraph/data/AqTMK/02_templates/ATP.pdb;/home/wms/AF2-test/AF2-CatGraph/data/AqTMK/02_templates/TMP.pdb;/home/wms/AF2-test/AF2-CatGraph/data/AqTMK/02_templates/MG.pdb,results/AqTMK/02_template_guided_docking/tables/AqTMK_step02_ligand_order_manifest.csv,/home/wms/AF2-test/AF2-CatGraph/data/AqTMK/02_templates/ATP.pdb;/home/wms/AF2-test/AF2-CatGraph/data/AqTMK/02_templates/TMP.pdb;/home/wms/AF2-test/AF2-CatGraph/data/AqTMK/02_templates/MG.pdb,ATP;TMP;MG,untrimmed_input,3,21,standard,dock_py_exact,True,single_chain_same_length_same_ordered_sequence,195,1.0,1.0,,failed,,1578,21,0,0.0,2.5669663236554348,,10,True,"(0.0, 0.0, 0.0)",collision_py_exact,5.0,6.0,21,89.09380952380953,92.56,81.5,47.91,97.19,90.0,80.0,False,/home/wms/AF2-test/AF2-CatGraph/results/AqTMK/02_template_guided_docking/complexes/AqTMK_310_complex.pdb
312,AqTMK_312,AqTMK_312_complex.pdb,AqTMK,312,AqTMK.AF2rank312.pdb,AqTMK.AF2rank312,/home/wms/AF2-test/AF2-CatGraph/data/AqTMK/01_af2_new/AqTMK.AF2rank312.pdb,/home/wms/AF2-test/AF2-CatGraph/results/AqTMK/02_template_guided_docking/complexes/AqTMK_312_complex.pdb,/home/wms/AF2-test/AF2-CatGraph/data/AqTMK/02_templates/template.pdb,/home/wms/AF2-test/AF2-CatGraph/data/AqTMK/02_templates/ATP.pdb;/home/wms/AF2-test/AF2-CatGraph/data/AqTMK/02_templates/TMP.pdb;/home/wms/AF2-test/AF2-CatGraph/data/AqTMK/02_templates/MG.pdb,results/AqTMK/02_template_guided_docking/tables/AqTMK_step02_ligand_order_manifest.csv,/home/wms/AF2-test/AF2-CatGraph/data/AqTMK/02_templates/ATP.pdb;/home/wms/AF2-test/AF2-CatGraph/data/AqTMK/02_templates/TMP.pdb;/home/wms/AF2-test/AF2-CatGraph/data/AqTMK/02_templates/MG.pdb,ATP;TMP;MG,untrimmed_input,3,21,standard,dock_py_exact,True,single_chain_same_length_same_ordered_sequence,195,1.0,1.0,,failed,,1578,21,7,1.6395580964402623,2.0586960618991026,2.0586960618991026,10,True,"(0.0, 0.0, 0.0)",collision_py_exact,5.0,6.0,21,87.29714285714284,93.0,66.31,62.25,97.94,90.0,80.0,False,/home/wms/AF2-test/AF2-CatGraph/results/AqTMK/02_template_guided_docking/complexes/AqTMK_312_complex.pdb
313,AqTMK_313,AqTMK_313_complex.pdb,AqTMK,313,AqTMK.AF2rank313.pdb,AqTMK.AF2rank313,/home/wms/AF2-test/AF2-CatGraph/data/AqTMK/01_af2_new/AqTMK.AF2rank313.pdb,/home/wms/AF2-test/AF2-CatGraph/results/AqTMK/02_template_guided_docking/complexes/AqTMK_313_complex.pdb,/home/wms/AF2-test/AF2-CatGraph/data/AqTMK/02_templates/template.pdb,/home/wms/AF2-test/AF2-CatGraph/data/AqTMK/02_templates/ATP.pdb;/home/wms/AF2-test/AF2-CatGraph/data/AqTMK/02_templates/TMP.pdb;/home/wms/AF2-test/AF2-CatGraph/data/AqTMK/02_templates/MG.pdb,results/AqTMK/02_template_guided_docking/tables/AqTMK_step02_ligand_order_manifest.csv,/home/wms/AF2-test/AF2-CatGraph/data/AqTMK/02_templates/ATP.pdb;/home/wms/AF2-test/AF2-CatGraph/data/AqTMK/02_templates/TMP.pdb;/home/wms/AF2-test/AF2-CatGraph/data/AqTMK/02_templates/MG.pdb,ATP;TMP;MG,untrimmed_input,3,21,standard,dock_py_exact,True,single_chain_same_length_same_ordered_sequence,195,1.0,1.0,,failed,,1578,21,7,2.172798975755769,2.0695743339061967,2.0695743339061967,10,True,"(0.0, 0.0, 0.0)",collision_py_exact,5.0,6.0,23,87.28434782608697,91.69,71.34,57.75,97.31,90.0,80.0,False,/home/wms/AF2-test/AF2-CatGraph/results/AqTMK/02_template_guided_docking/complexes/AqTMK_313_complex.pdb
314,AqTMK_314,AqTMK_314_complex.pdb,AqTMK,314,AqTMK.AF2rank314.pdb,AqTMK.AF2rank314,/home/wms/AF2-test/AF2-CatGraph/data/AqTMK/01_af2_new/AqTMK.AF2rank314.pdb,/home/wms/AF2-test/AF2-CatGraph/results/AqTMK/02_template_guided_docking/complexes/AqTMK_314_complex.pdb,/home/wms/AF2-test/AF2-CatGraph/data/AqTMK/02_templates/template.pdb,/home/wms/AF2-test/AF2-CatGraph/data/AqTMK/02_templates/ATP.pdb;/home/wms/AF2-test/AF2-CatGraph/data/AqTMK/02_templates/TMP.pdb;/home/wms/AF2-test/AF2-CatGraph/data/AqTMK/02_templates/MG.pdb,results/AqTMK/02_template_guided_docking/tables/AqTMK_step02_ligand_order_manifest.csv,/home/wms/AF2-test/AF2-CatGraph/data/AqTMK/02_templates/ATP.pdb;/home/wms/AF2-test/AF2-CatGraph/data/AqTMK/02_templates/TMP.pdb;/home/wms/AF2-test/AF2-CatGraph/data/AqTMK/02_templates/MG.pdb,ATP;TMP;MG,untrimmed_input,3,21,standard,dock_py_exact,True,single_chain_same_length_same_ordered_sequence,195,1.0,1.0,,failed,,1578,21,2,0.2418103511582958,2.409080240495221,2.409080240495221,10,True,"(0.0, 0.0, 0.0)",collision_py_exact,5.0,6.0,22,89.875,92.94,84.581,53.06,97.81,90.0,80.0,False,/home/wms/AF2-test/AF2-CatGraph/results/AqTMK/02_template_guided_docking/complexes/AqTMK_314_complex.pdb
315,AqTMK_315,AqTMK_315_complex.pdb,AqTMK,315,AqTMK.AF2rank315.pdb,AqTMK.AF2rank315,/home/wms/AF2-test/AF2-CatGraph/data/AqTMK/01_af2_new/AqTMK.AF2rank315.pdb,/home/wms/AF2-test/AF2-CatGraph/results/AqTMK/02_template_guided_docking/complexes/AqTMK_315_complex.pdb,/home/wms/AF2-test/AF2-CatGraph/data/AqTMK/02_templates/template.pdb,/home/wms/AF2-test/AF2-CatGraph/data/AqTMK/02_templates/ATP.pdb;/home/wms/AF2-test/AF2-CatGraph/data/AqTMK/02_templates/TMP.pdb;/home/wms/AF2-test/AF2-CatGraph/data/AqTMK/02_templates/MG.pdb,results/AqTMK/02_template_guided_docking/tables/AqTMK_step02_ligand_order_manifest.csv,/home/wms/AF2-test/AF2-CatGraph/data/AqTMK/02_templates/ATP.pdb;/home/wms/AF2-test/AF2-CatGraph/data/AqTMK/02_templates/TMP.pdb;/home/wms/AF2-test/AF2-CatGraph/data/AqTMK/02_templates/MG.pdb,ATP;TMP;MG,untrimmed_input,3,21,standard,dock_py_exact,True,single_chain_same_length_same_ordered_sequence,195,1.0,1.0,,failed,,1578,21,3,0.2705519400743648,2.547058127833681,2.5607558987786203,10,True,"(0.0, 0.0, 0.0)",collision_py_exact,5.0,6.0,22,87.10272727272726,88.72,81.919,50.81,95.56,90.0,80.0,False,/home/wms/AF2-test/AF2-CatGraph/results/AqTMK/02_template_guided_docking/complexes/AqTMK_315_complex.pdb
316,AqTMK_316,AqTMK_316_complex.pdb,AqTMK,316,AqTMK.AF2rank316.pdb,AqTMK.AF2rank316,/home/wms/AF2-test/AF2-CatGraph/data/AqTMK/01_af2_new/AqTMK.AF2rank316.pdb,/home/wms/AF2-test/AF2-CatGraph/results/AqTMK/02_template_guided_docking/complexes/AqTMK_316_complex.pdb,/home/wms/AF2-test/AF2-CatGraph/data/AqTMK/02_templates/template.pdb,/home/wms/AF2-test/AF2-CatGraph/data/AqTMK/02_templates/ATP.pdb;/home/wms/AF2-test/AF2-CatGraph/data/AqTMK/02_templates/TMP.pdb;/home/wms/AF2-test/AF2-CatGraph/data/AqTMK/02_templates/MG.pdb,results/AqTMK/02_template_guided_docking/tables/AqTMK_step02_ligand_order_manifest.csv,/home/wms/AF2-test/AF2-CatGraph/data/AqTMK/02_templates/ATP.pdb;/home/wms/AF2-test/AF2-CatGraph/data/AqTMK/02_templates/TMP.pdb;/home/wms/AF2-test/AF2-CatGraph/data/AqTMK/02_templates/MG.pdb,ATP;TMP;MG,untrimmed_input,3,21,standard,dock_py_exact,True,single_chain_same_length_same_ordered_sequence,195,1.0,1.0,,failed,,1578,21,9,2.5949907133079244,2.0318555408881025,2.0318555408881025,10,True,"(0.0, 0.0, 0.0)",collision_py_exact,5.0,6.0,22,88.71090909090911,91.625,83.146,56.88,96.56,90.0,80.0,False,/home/wms/AF2-test/AF2-CatGraph/results/AqTMK/02_template_guided_docking/complexes/AqTMK_316_complex.pdb
317,AqTMK_317,AqTMK_317_complex.pdb,AqTMK,317,AqTMK.AF2rank317.pdb,AqTMK.AF2rank317,/home/wms/AF2-test/AF2-CatGraph/data/AqTMK/01_af2_new/AqTMK.AF2rank317.pdb,/home/wms/AF2-test/AF2-CatGraph/results/AqTMK/02_template_guided_docking/complexes/AqTMK_317_complex.pdb,/home/wms/AF2-test/AF2-CatGraph/data/AqTMK/02_templates/template.pdb,/home/wms/AF2-test/AF2-CatGraph/data/AqTMK/02_templates/ATP.pdb;/home/wms/AF2-test/AF2-CatGraph/data/AqTMK/02_templates/TMP.pdb;/home/wms/AF2-test/AF2-CatGraph/data/AqTMK/02_templates/MG.pdb,results/AqTMK/02_template_guided_docking/tables/AqTMK_step02_ligand_order_manifest.csv,/home/wms/AF2-test/AF2-CatGraph/data/AqTMK/02_templates/ATP.pdb;/home/wms/AF2-test/AF2-CatGraph/data/AqTMK/02_templates/TMP.pdb;/home/wms/AF2-test/AF2-CatGraph/data/AqTMK/02_templates/MG.pdb,ATP;TMP;MG,untrimmed_input,3,21,standard,dock_py_exact,True,single_chain_same_length_same_ordered_sequence,195,1.0,1.0,,failed,,1578,21,9,2.0235965459059257,2.0294867484230386,2.0294867484230386,10,True,"(0.0, 0.0, 0.0)",collision_py_exact,5.0,6.0,22,87.19909090909091,91.0,67.825,54.5,97.69,90.0,80.0,False,/home/wms/AF2-test/AF2-CatGraph/results/AqTMK/02_template_guided_docking/complexes/AqTMK_317_complex.pdb
318,AqTMK_318,AqTMK_318_complex.pdb,AqTMK,318,AqTMK.AF2rank318.pdb,AqTMK.AF2rank318,/home/wms/AF2-test/AF2-CatGraph/data/AqTMK/01_af2_new/AqTMK.AF2rank318.pdb,/home/wms/AF2-test/AF2-CatGraph/results/AqTMK/02_template_guided_docking/complexes/AqTMK_318_complex.pdb,/home/wms/AF2-test/AF2-CatGraph/data/AqTMK/02_templates/template.pdb,/home/wms/AF2-test/AF2-CatGraph/data/AqTMK/02_templates/ATP.pdb;/home/wms/AF2-test/AF2-CatGraph/data/AqTMK/02_templates/TMP.pdb;/home/wms/AF2-test/AF2-CatGraph/data/AqTMK/02_templates/MG.pdb,results/AqTMK/02_template_guided_docking/tables/AqTMK_step02_ligand_order_manifest.csv,/home/wms/AF2-test/AF2-CatGraph/data/AqTMK/02_templates/ATP.pdb;/home/wms/AF2-test/AF2-CatGraph/data/AqTMK/02_templates/TMP.pdb;/home/wms/AF2-test/AF2-CatGraph/data/AqTMK/02_templates/MG.pdb,ATP;TMP;MG,untrimmed_input,3,21,standard,dock_py_exact,True,single_chain_same_length_same_ordered_sequence,195,1.0,1.0,,failed,,1578,21,6,1.648331403076921,2.091593259066405,2.091593259066405,10,True,"(0.0, 0.0, 0.0)",collision_py_exact,5.0,6.0,23,87.31739130434782,91.06,72.502,54.56,97.88,90.0,80.0,False,/home/wms/AF2-test/AF2-CatGraph/results/AqTMK/02_template_guided_docking/complexes/AqTMK_318_complex.pdb
319,AqTMK_319,AqTMK_319_complex.pdb,AqTMK,319,AqTMK.AF2rank319.pdb,AqTMK.AF2rank319,/home/wms/AF2-test/AF2-CatGraph/data/AqTMK/01_af2_new/AqTMK.AF2rank319.pdb,/home/wms/AF2-test/AF2-CatGraph/results/AqTMK/02_template_guided_docking/complexes/AqTMK_319_complex.pdb,/home/wms/AF2-test/AF2-CatGraph/data/AqTMK/02_templates/template.pdb,/home/wms/AF2-test/AF2-CatGraph/data/AqTMK/02_templates/ATP.pdb;/home/wms/AF2-test/AF2-CatGraph/data/AqTMK/02_templates/TMP.pdb;/home/wms/AF2-test/AF2-CatGraph/data/AqTMK/02_templates/MG.pdb,results/AqTMK/02_template_guided_docking/tables/AqTMK_step02_ligand_order_manifest.csv,/home/wms/AF2-test/AF2-CatGraph/data/AqTMK/02_templates/ATP.pdb;/home/wms/AF2-test/AF2-CatGraph/data/AqTMK/02_templates/TMP.pdb;/home/wms/AF2-test/AF2-CatGraph/data/AqTMK/02_templates/MG.pdb,ATP;TMP;MG,untrimmed_input,3,21,standard,dock_py_exact,True,single_chain_same_length_same_ordered_sequence,195,1.0,1.0,,failed,,1578,21,4,0.7491438405622532,2.080982977490919,2.080982977490919,10,True,"(0.0, 0.0, 0.0)",collision_py_exact,5.0,6.0,21,87.34428571428572,90.75,73.5,52.38,97.12,90.0,80.0,False,/home/wms/AF2-test/AF2-CatGraph/results/AqTMK/02_template_guided_docking/complexes/AqTMK_319_complex.pdb
320,AqTMK_320,AqTMK_320_complex.pdb,AqTMK,320,AqTMK.AF2rank320.pdb,AqTMK.AF2rank320,/home/wms/AF2-test/AF2-CatGraph/data/AqTMK/01_af2_new/AqTMK.AF2rank320.pdb,/home/wms/AF2-test/AF2-CatGraph/results/AqTMK/02_template_guided_docking/complexes/AqTMK_320_complex.pdb,/home/wms/AF2-test/AF2-CatGraph/data/AqTMK/02_templates/template.pdb,/home/wms/AF2-test/AF2-CatGraph/data/AqTMK/02_templates/ATP.pdb;/home/wms/AF2-test/AF2-CatGraph/data/AqTMK/02_templates/TMP.pdb;/home/wms/AF2-test/AF2-CatGraph/data/AqTMK/02_templates/MG.pdb,results/AqTMK/02_template_guided_docking/tables/AqTMK_step02_ligand_order_manifest.csv,/home/wms/AF2-test/AF2-CatGraph/data/AqTMK/02_templates/ATP.pdb;/home/wms/AF2-test/AF2-CatGraph/data/AqTMK/02_templates/TMP.pdb;/home/wms/AF2-test/AF2-CatGraph/data/AqTMK/02_templates/MG.pdb,ATP;TMP;MG,untrimmed_input,3,21,standard,dock_py_exact,True,single_chain_same_length_same_ordered_sequence,195,1.0,1.0,,failed,,1578,21,4,1.0002532241589832,2.113584888735276,2.113584888735276,10,True,"(0.0, 0.0, 0.0)",collision_py_exact,5.0,6.0,22,86.85727272727273,91.625,72.621,57.84,97.44,90.0,80.0,False,/home/wms/AF2-test/AF2-CatGraph/results/AqTMK/02_template_guided_docking/complexes/AqTMK_320_complex.pdb
