input_order,standard_structure_id,output_complex_basename,output_pdb_code,output_rank_token,source_pdb_basename,source_pdb_stem,source_pdb,complex_pdb_path,template_protein_pdb_path,ligand_pdb_path,ligand_order_manifest_path,active_ligand_pdb_order,input_ligand_resname_order,ligand_input_branch,ligand_pdb_count,n_ligand_atoms,workflow_profile,docking_alignment_mode,legacy_compatible,compatibility_reason,matched_ca_count,sequence_identity,alignment_coverage,alignment_rmsd,status,error_message,protein_atom_count,ligand_atom_count,clash_count,clash_score,min_distance,min_clash_distance,clash_max,pass_clash,weighted_direction,clash_method,neighbor_search_cutoff,radius_angstrom,catalytic_residue_count,catalytic_mean_plddt,catalytic_median_plddt,catalytic_p10_plddt,catalytic_min_plddt,catalytic_max_plddt,mean_plddt_min,p10_plddt_min,pass_catalytic_region_plddt,plddt_pdb_path
1,AqTMK_1,AqTMK_1_complex.pdb,AqTMK,1,AqTMK.AF2rank1.pdb,AqTMK.AF2rank1,/home/wms/AF2-test/AF2-CatGraph/data/AqTMK/01_af2_new/AqTMK.AF2rank1.pdb,/home/wms/AF2-test/AF2-CatGraph/results/AqTMK/02_template_guided_docking/complexes/AqTMK_1_complex.pdb,/home/wms/AF2-test/AF2-CatGraph/data/AqTMK/02_templates/template.pdb,/home/wms/AF2-test/AF2-CatGraph/data/AqTMK/02_templates/ATP.pdb;/home/wms/AF2-test/AF2-CatGraph/data/AqTMK/02_templates/TMP.pdb;/home/wms/AF2-test/AF2-CatGraph/data/AqTMK/02_templates/MG.pdb,results/AqTMK/02_template_guided_docking/tables/AqTMK_step02_ligand_order_manifest.csv,/home/wms/AF2-test/AF2-CatGraph/data/AqTMK/02_templates/ATP.pdb;/home/wms/AF2-test/AF2-CatGraph/data/AqTMK/02_templates/TMP.pdb;/home/wms/AF2-test/AF2-CatGraph/data/AqTMK/02_templates/MG.pdb,ATP;TMP;MG,untrimmed_input,3,21,standard,dock_py_exact,True,single_chain_same_length_same_ordered_sequence,195,1.0,1.0,,passed,,1578,21,10,2.725633233023244,2.0361335155687046,2.0361335155687046,10,True,"(0.0, 0.0, 0.0)",collision_py_exact,5.0,6.0,20,95.20349999999999,96.22,89.627,87.81,98.5,90.0,80.0,True,/home/wms/AF2-test/AF2-CatGraph/results/AqTMK/02_template_guided_docking/complexes/AqTMK_1_complex.pdb
2,AqTMK_2,AqTMK_2_complex.pdb,AqTMK,2,AqTMK.AF2rank2.pdb,AqTMK.AF2rank2,/home/wms/AF2-test/AF2-CatGraph/data/AqTMK/01_af2_new/AqTMK.AF2rank2.pdb,/home/wms/AF2-test/AF2-CatGraph/results/AqTMK/02_template_guided_docking/complexes/AqTMK_2_complex.pdb,/home/wms/AF2-test/AF2-CatGraph/data/AqTMK/02_templates/template.pdb,/home/wms/AF2-test/AF2-CatGraph/data/AqTMK/02_templates/ATP.pdb;/home/wms/AF2-test/AF2-CatGraph/data/AqTMK/02_templates/TMP.pdb;/home/wms/AF2-test/AF2-CatGraph/data/AqTMK/02_templates/MG.pdb,results/AqTMK/02_template_guided_docking/tables/AqTMK_step02_ligand_order_manifest.csv,/home/wms/AF2-test/AF2-CatGraph/data/AqTMK/02_templates/ATP.pdb;/home/wms/AF2-test/AF2-CatGraph/data/AqTMK/02_templates/TMP.pdb;/home/wms/AF2-test/AF2-CatGraph/data/AqTMK/02_templates/MG.pdb,ATP;TMP;MG,untrimmed_input,3,21,standard,dock_py_exact,True,single_chain_same_length_same_ordered_sequence,195,1.0,1.0,,passed,,1578,21,9,2.0940260854810586,2.007455276421508,2.007455276421508,10,True,"(0.0, 0.0, 0.0)",collision_py_exact,5.0,6.0,23,95.60217391304347,96.94,92.73400000000001,86.12,98.75,90.0,80.0,True,/home/wms/AF2-test/AF2-CatGraph/results/AqTMK/02_template_guided_docking/complexes/AqTMK_2_complex.pdb
5,AqTMK_5,AqTMK_5_complex.pdb,AqTMK,5,AqTMK.AF2rank5.pdb,AqTMK.AF2rank5,/home/wms/AF2-test/AF2-CatGraph/data/AqTMK/01_af2_new/AqTMK.AF2rank5.pdb,/home/wms/AF2-test/AF2-CatGraph/results/AqTMK/02_template_guided_docking/complexes/AqTMK_5_complex.pdb,/home/wms/AF2-test/AF2-CatGraph/data/AqTMK/02_templates/template.pdb,/home/wms/AF2-test/AF2-CatGraph/data/AqTMK/02_templates/ATP.pdb;/home/wms/AF2-test/AF2-CatGraph/data/AqTMK/02_templates/TMP.pdb;/home/wms/AF2-test/AF2-CatGraph/data/AqTMK/02_templates/MG.pdb,results/AqTMK/02_template_guided_docking/tables/AqTMK_step02_ligand_order_manifest.csv,/home/wms/AF2-test/AF2-CatGraph/data/AqTMK/02_templates/ATP.pdb;/home/wms/AF2-test/AF2-CatGraph/data/AqTMK/02_templates/TMP.pdb;/home/wms/AF2-test/AF2-CatGraph/data/AqTMK/02_templates/MG.pdb,ATP;TMP;MG,untrimmed_input,3,21,standard,dock_py_exact,True,single_chain_same_length_same_ordered_sequence,195,1.0,1.0,,passed,,1578,21,7,2.2666025816515885,2.0616763531985134,2.0616763531985134,10,True,"(0.0, 0.0, 0.0)",collision_py_exact,5.0,6.0,22,94.96318181818182,96.75,91.825,82.0,98.69,90.0,80.0,True,/home/wms/AF2-test/AF2-CatGraph/results/AqTMK/02_template_guided_docking/complexes/AqTMK_5_complex.pdb
6,AqTMK_6,AqTMK_6_complex.pdb,AqTMK,6,AqTMK.AF2rank6.pdb,AqTMK.AF2rank6,/home/wms/AF2-test/AF2-CatGraph/data/AqTMK/01_af2_new/AqTMK.AF2rank6.pdb,/home/wms/AF2-test/AF2-CatGraph/results/AqTMK/02_template_guided_docking/complexes/AqTMK_6_complex.pdb,/home/wms/AF2-test/AF2-CatGraph/data/AqTMK/02_templates/template.pdb,/home/wms/AF2-test/AF2-CatGraph/data/AqTMK/02_templates/ATP.pdb;/home/wms/AF2-test/AF2-CatGraph/data/AqTMK/02_templates/TMP.pdb;/home/wms/AF2-test/AF2-CatGraph/data/AqTMK/02_templates/MG.pdb,results/AqTMK/02_template_guided_docking/tables/AqTMK_step02_ligand_order_manifest.csv,/home/wms/AF2-test/AF2-CatGraph/data/AqTMK/02_templates/ATP.pdb;/home/wms/AF2-test/AF2-CatGraph/data/AqTMK/02_templates/TMP.pdb;/home/wms/AF2-test/AF2-CatGraph/data/AqTMK/02_templates/MG.pdb,ATP;TMP;MG,untrimmed_input,3,21,standard,dock_py_exact,True,single_chain_same_length_same_ordered_sequence,195,1.0,1.0,,passed,,1578,21,9,1.959678566956963,2.064090219681365,2.064090219681365,10,True,"(0.0, 0.0, 0.0)",collision_py_exact,5.0,6.0,22,94.43499999999999,95.0,90.34,86.06,98.19,90.0,80.0,True,/home/wms/AF2-test/AF2-CatGraph/results/AqTMK/02_template_guided_docking/complexes/AqTMK_6_complex.pdb
8,AqTMK_8,AqTMK_8_complex.pdb,AqTMK,8,AqTMK.AF2rank8.pdb,AqTMK.AF2rank8,/home/wms/AF2-test/AF2-CatGraph/data/AqTMK/01_af2_new/AqTMK.AF2rank8.pdb,/home/wms/AF2-test/AF2-CatGraph/results/AqTMK/02_template_guided_docking/complexes/AqTMK_8_complex.pdb,/home/wms/AF2-test/AF2-CatGraph/data/AqTMK/02_templates/template.pdb,/home/wms/AF2-test/AF2-CatGraph/data/AqTMK/02_templates/ATP.pdb;/home/wms/AF2-test/AF2-CatGraph/data/AqTMK/02_templates/TMP.pdb;/home/wms/AF2-test/AF2-CatGraph/data/AqTMK/02_templates/MG.pdb,results/AqTMK/02_template_guided_docking/tables/AqTMK_step02_ligand_order_manifest.csv,/home/wms/AF2-test/AF2-CatGraph/data/AqTMK/02_templates/ATP.pdb;/home/wms/AF2-test/AF2-CatGraph/data/AqTMK/02_templates/TMP.pdb;/home/wms/AF2-test/AF2-CatGraph/data/AqTMK/02_templates/MG.pdb,ATP;TMP;MG,untrimmed_input,3,21,standard,dock_py_exact,True,single_chain_same_length_same_ordered_sequence,195,1.0,1.0,,passed,,1578,21,9,2.6497359423017803,2.023804745452713,2.023804745452713,10,True,"(0.0, 0.0, 0.0)",collision_py_exact,5.0,6.0,23,94.32086956521738,96.38,90.272,79.94,98.62,90.0,80.0,True,/home/wms/AF2-test/AF2-CatGraph/results/AqTMK/02_template_guided_docking/complexes/AqTMK_8_complex.pdb
9,AqTMK_9,AqTMK_9_complex.pdb,AqTMK,9,AqTMK.AF2rank9.pdb,AqTMK.AF2rank9,/home/wms/AF2-test/AF2-CatGraph/data/AqTMK/01_af2_new/AqTMK.AF2rank9.pdb,/home/wms/AF2-test/AF2-CatGraph/results/AqTMK/02_template_guided_docking/complexes/AqTMK_9_complex.pdb,/home/wms/AF2-test/AF2-CatGraph/data/AqTMK/02_templates/template.pdb,/home/wms/AF2-test/AF2-CatGraph/data/AqTMK/02_templates/ATP.pdb;/home/wms/AF2-test/AF2-CatGraph/data/AqTMK/02_templates/TMP.pdb;/home/wms/AF2-test/AF2-CatGraph/data/AqTMK/02_templates/MG.pdb,results/AqTMK/02_template_guided_docking/tables/AqTMK_step02_ligand_order_manifest.csv,/home/wms/AF2-test/AF2-CatGraph/data/AqTMK/02_templates/ATP.pdb;/home/wms/AF2-test/AF2-CatGraph/data/AqTMK/02_templates/TMP.pdb;/home/wms/AF2-test/AF2-CatGraph/data/AqTMK/02_templates/MG.pdb,ATP;TMP;MG,untrimmed_input,3,21,standard,dock_py_exact,True,single_chain_same_length_same_ordered_sequence,195,1.0,1.0,,passed,,1578,21,8,2.206941190429627,2.070786028269453,2.070786028269453,10,True,"(0.0, 0.0, 0.0)",collision_py_exact,5.0,6.0,23,94.90260869565216,96.5,90.386,85.06,98.62,90.0,80.0,True,/home/wms/AF2-test/AF2-CatGraph/results/AqTMK/02_template_guided_docking/complexes/AqTMK_9_complex.pdb
10,AqTMK_10,AqTMK_10_complex.pdb,AqTMK,10,AqTMK.AF2rank10.pdb,AqTMK.AF2rank10,/home/wms/AF2-test/AF2-CatGraph/data/AqTMK/01_af2_new/AqTMK.AF2rank10.pdb,/home/wms/AF2-test/AF2-CatGraph/results/AqTMK/02_template_guided_docking/complexes/AqTMK_10_complex.pdb,/home/wms/AF2-test/AF2-CatGraph/data/AqTMK/02_templates/template.pdb,/home/wms/AF2-test/AF2-CatGraph/data/AqTMK/02_templates/ATP.pdb;/home/wms/AF2-test/AF2-CatGraph/data/AqTMK/02_templates/TMP.pdb;/home/wms/AF2-test/AF2-CatGraph/data/AqTMK/02_templates/MG.pdb,results/AqTMK/02_template_guided_docking/tables/AqTMK_step02_ligand_order_manifest.csv,/home/wms/AF2-test/AF2-CatGraph/data/AqTMK/02_templates/ATP.pdb;/home/wms/AF2-test/AF2-CatGraph/data/AqTMK/02_templates/TMP.pdb;/home/wms/AF2-test/AF2-CatGraph/data/AqTMK/02_templates/MG.pdb,ATP;TMP;MG,untrimmed_input,3,21,standard,dock_py_exact,True,single_chain_same_length_same_ordered_sequence,195,1.0,1.0,,passed,,1578,21,7,2.1069321465469355,2.011024484564076,2.011024484564076,10,True,"(0.0, 0.0, 0.0)",collision_py_exact,5.0,6.0,23,93.91260869565218,96.44,88.28,73.31,98.69,90.0,80.0,True,/home/wms/AF2-test/AF2-CatGraph/results/AqTMK/02_template_guided_docking/complexes/AqTMK_10_complex.pdb
12,AqTMK_12,AqTMK_12_complex.pdb,AqTMK,12,AqTMK.AF2rank12.pdb,AqTMK.AF2rank12,/home/wms/AF2-test/AF2-CatGraph/data/AqTMK/01_af2_new/AqTMK.AF2rank12.pdb,/home/wms/AF2-test/AF2-CatGraph/results/AqTMK/02_template_guided_docking/complexes/AqTMK_12_complex.pdb,/home/wms/AF2-test/AF2-CatGraph/data/AqTMK/02_templates/template.pdb,/home/wms/AF2-test/AF2-CatGraph/data/AqTMK/02_templates/ATP.pdb;/home/wms/AF2-test/AF2-CatGraph/data/AqTMK/02_templates/TMP.pdb;/home/wms/AF2-test/AF2-CatGraph/data/AqTMK/02_templates/MG.pdb,results/AqTMK/02_template_guided_docking/tables/AqTMK_step02_ligand_order_manifest.csv,/home/wms/AF2-test/AF2-CatGraph/data/AqTMK/02_templates/ATP.pdb;/home/wms/AF2-test/AF2-CatGraph/data/AqTMK/02_templates/TMP.pdb;/home/wms/AF2-test/AF2-CatGraph/data/AqTMK/02_templates/MG.pdb,ATP;TMP;MG,untrimmed_input,3,21,standard,dock_py_exact,True,single_chain_same_length_same_ordered_sequence,195,1.0,1.0,,passed,,1578,21,9,3.046795515649084,2.016838495177327,2.016838495177327,10,True,"(0.0, 0.0, 0.0)",collision_py_exact,5.0,6.0,22,93.34409090909092,96.565,86.873,72.75,98.62,90.0,80.0,True,/home/wms/AF2-test/AF2-CatGraph/results/AqTMK/02_template_guided_docking/complexes/AqTMK_12_complex.pdb
13,AqTMK_13,AqTMK_13_complex.pdb,AqTMK,13,AqTMK.AF2rank13.pdb,AqTMK.AF2rank13,/home/wms/AF2-test/AF2-CatGraph/data/AqTMK/01_af2_new/AqTMK.AF2rank13.pdb,/home/wms/AF2-test/AF2-CatGraph/results/AqTMK/02_template_guided_docking/complexes/AqTMK_13_complex.pdb,/home/wms/AF2-test/AF2-CatGraph/data/AqTMK/02_templates/template.pdb,/home/wms/AF2-test/AF2-CatGraph/data/AqTMK/02_templates/ATP.pdb;/home/wms/AF2-test/AF2-CatGraph/data/AqTMK/02_templates/TMP.pdb;/home/wms/AF2-test/AF2-CatGraph/data/AqTMK/02_templates/MG.pdb,results/AqTMK/02_template_guided_docking/tables/AqTMK_step02_ligand_order_manifest.csv,/home/wms/AF2-test/AF2-CatGraph/data/AqTMK/02_templates/ATP.pdb;/home/wms/AF2-test/AF2-CatGraph/data/AqTMK/02_templates/TMP.pdb;/home/wms/AF2-test/AF2-CatGraph/data/AqTMK/02_templates/MG.pdb,ATP;TMP;MG,untrimmed_input,3,21,standard,dock_py_exact,True,single_chain_same_length_same_ordered_sequence,195,1.0,1.0,,passed,,1578,21,10,2.519202783059196,2.0164114759268847,2.0164114759268847,10,True,"(0.0, 0.0, 0.0)",collision_py_exact,5.0,6.0,23,93.88826086956522,96.5,88.184,74.5,98.62,90.0,80.0,True,/home/wms/AF2-test/AF2-CatGraph/results/AqTMK/02_template_guided_docking/complexes/AqTMK_13_complex.pdb
14,AqTMK_14,AqTMK_14_complex.pdb,AqTMK,14,AqTMK.AF2rank14.pdb,AqTMK.AF2rank14,/home/wms/AF2-test/AF2-CatGraph/data/AqTMK/01_af2_new/AqTMK.AF2rank14.pdb,/home/wms/AF2-test/AF2-CatGraph/results/AqTMK/02_template_guided_docking/complexes/AqTMK_14_complex.pdb,/home/wms/AF2-test/AF2-CatGraph/data/AqTMK/02_templates/template.pdb,/home/wms/AF2-test/AF2-CatGraph/data/AqTMK/02_templates/ATP.pdb;/home/wms/AF2-test/AF2-CatGraph/data/AqTMK/02_templates/TMP.pdb;/home/wms/AF2-test/AF2-CatGraph/data/AqTMK/02_templates/MG.pdb,results/AqTMK/02_template_guided_docking/tables/AqTMK_step02_ligand_order_manifest.csv,/home/wms/AF2-test/AF2-CatGraph/data/AqTMK/02_templates/ATP.pdb;/home/wms/AF2-test/AF2-CatGraph/data/AqTMK/02_templates/TMP.pdb;/home/wms/AF2-test/AF2-CatGraph/data/AqTMK/02_templates/MG.pdb,ATP;TMP;MG,untrimmed_input,3,21,standard,dock_py_exact,True,single_chain_same_length_same_ordered_sequence,195,1.0,1.0,,passed,,1578,21,9,2.410506142513487,2.0169864149716554,2.0169864149716554,10,True,"(0.0, 0.0, 0.0)",collision_py_exact,5.0,6.0,21,94.69952380952381,96.06,91.75,84.94,98.25,90.0,80.0,True,/home/wms/AF2-test/AF2-CatGraph/results/AqTMK/02_template_guided_docking/complexes/AqTMK_14_complex.pdb
15,AqTMK_15,AqTMK_15_complex.pdb,AqTMK,15,AqTMK.AF2rank15.pdb,AqTMK.AF2rank15,/home/wms/AF2-test/AF2-CatGraph/data/AqTMK/01_af2_new/AqTMK.AF2rank15.pdb,/home/wms/AF2-test/AF2-CatGraph/results/AqTMK/02_template_guided_docking/complexes/AqTMK_15_complex.pdb,/home/wms/AF2-test/AF2-CatGraph/data/AqTMK/02_templates/template.pdb,/home/wms/AF2-test/AF2-CatGraph/data/AqTMK/02_templates/ATP.pdb;/home/wms/AF2-test/AF2-CatGraph/data/AqTMK/02_templates/TMP.pdb;/home/wms/AF2-test/AF2-CatGraph/data/AqTMK/02_templates/MG.pdb,results/AqTMK/02_template_guided_docking/tables/AqTMK_step02_ligand_order_manifest.csv,/home/wms/AF2-test/AF2-CatGraph/data/AqTMK/02_templates/ATP.pdb;/home/wms/AF2-test/AF2-CatGraph/data/AqTMK/02_templates/TMP.pdb;/home/wms/AF2-test/AF2-CatGraph/data/AqTMK/02_templates/MG.pdb,ATP;TMP;MG,untrimmed_input,3,21,standard,dock_py_exact,True,single_chain_same_length_same_ordered_sequence,195,1.0,1.0,,passed,,1578,21,10,2.2215582982321527,2.004855918410628,2.004855918410628,10,True,"(0.0, 0.0, 0.0)",collision_py_exact,5.0,6.0,23,94.66000000000001,96.56,91.086,81.94,98.69,90.0,80.0,True,/home/wms/AF2-test/AF2-CatGraph/results/AqTMK/02_template_guided_docking/complexes/AqTMK_15_complex.pdb
16,AqTMK_16,AqTMK_16_complex.pdb,AqTMK,16,AqTMK.AF2rank16.pdb,AqTMK.AF2rank16,/home/wms/AF2-test/AF2-CatGraph/data/AqTMK/01_af2_new/AqTMK.AF2rank16.pdb,/home/wms/AF2-test/AF2-CatGraph/results/AqTMK/02_template_guided_docking/complexes/AqTMK_16_complex.pdb,/home/wms/AF2-test/AF2-CatGraph/data/AqTMK/02_templates/template.pdb,/home/wms/AF2-test/AF2-CatGraph/data/AqTMK/02_templates/ATP.pdb;/home/wms/AF2-test/AF2-CatGraph/data/AqTMK/02_templates/TMP.pdb;/home/wms/AF2-test/AF2-CatGraph/data/AqTMK/02_templates/MG.pdb,results/AqTMK/02_template_guided_docking/tables/AqTMK_step02_ligand_order_manifest.csv,/home/wms/AF2-test/AF2-CatGraph/data/AqTMK/02_templates/ATP.pdb;/home/wms/AF2-test/AF2-CatGraph/data/AqTMK/02_templates/TMP.pdb;/home/wms/AF2-test/AF2-CatGraph/data/AqTMK/02_templates/MG.pdb,ATP;TMP;MG,untrimmed_input,3,21,standard,dock_py_exact,True,single_chain_same_length_same_ordered_sequence,195,1.0,1.0,,passed,,1578,21,10,3.124077547553863,2.028892432692327,2.028892432692327,10,True,"(0.0, 0.0, 0.0)",collision_py_exact,5.0,6.0,23,94.33086956521738,95.75,90.662,84.88,98.56,90.0,80.0,True,/home/wms/AF2-test/AF2-CatGraph/results/AqTMK/02_template_guided_docking/complexes/AqTMK_16_complex.pdb
17,AqTMK_17,AqTMK_17_complex.pdb,AqTMK,17,AqTMK.AF2rank17.pdb,AqTMK.AF2rank17,/home/wms/AF2-test/AF2-CatGraph/data/AqTMK/01_af2_new/AqTMK.AF2rank17.pdb,/home/wms/AF2-test/AF2-CatGraph/results/AqTMK/02_template_guided_docking/complexes/AqTMK_17_complex.pdb,/home/wms/AF2-test/AF2-CatGraph/data/AqTMK/02_templates/template.pdb,/home/wms/AF2-test/AF2-CatGraph/data/AqTMK/02_templates/ATP.pdb;/home/wms/AF2-test/AF2-CatGraph/data/AqTMK/02_templates/TMP.pdb;/home/wms/AF2-test/AF2-CatGraph/data/AqTMK/02_templates/MG.pdb,results/AqTMK/02_template_guided_docking/tables/AqTMK_step02_ligand_order_manifest.csv,/home/wms/AF2-test/AF2-CatGraph/data/AqTMK/02_templates/ATP.pdb;/home/wms/AF2-test/AF2-CatGraph/data/AqTMK/02_templates/TMP.pdb;/home/wms/AF2-test/AF2-CatGraph/data/AqTMK/02_templates/MG.pdb,ATP;TMP;MG,untrimmed_input,3,21,standard,dock_py_exact,True,single_chain_same_length_same_ordered_sequence,195,1.0,1.0,,passed,,1578,21,10,2.735667758106315,2.0418876741888066,2.0418876741888066,10,True,"(0.0, 0.0, 0.0)",collision_py_exact,5.0,6.0,22,94.35454545454546,95.37,91.69,83.94,98.44,90.0,80.0,True,/home/wms/AF2-test/AF2-CatGraph/results/AqTMK/02_template_guided_docking/complexes/AqTMK_17_complex.pdb
21,AqTMK_21,AqTMK_21_complex.pdb,AqTMK,21,AqTMK.AF2rank21.pdb,AqTMK.AF2rank21,/home/wms/AF2-test/AF2-CatGraph/data/AqTMK/01_af2_new/AqTMK.AF2rank21.pdb,/home/wms/AF2-test/AF2-CatGraph/results/AqTMK/02_template_guided_docking/complexes/AqTMK_21_complex.pdb,/home/wms/AF2-test/AF2-CatGraph/data/AqTMK/02_templates/template.pdb,/home/wms/AF2-test/AF2-CatGraph/data/AqTMK/02_templates/ATP.pdb;/home/wms/AF2-test/AF2-CatGraph/data/AqTMK/02_templates/TMP.pdb;/home/wms/AF2-test/AF2-CatGraph/data/AqTMK/02_templates/MG.pdb,results/AqTMK/02_template_guided_docking/tables/AqTMK_step02_ligand_order_manifest.csv,/home/wms/AF2-test/AF2-CatGraph/data/AqTMK/02_templates/ATP.pdb;/home/wms/AF2-test/AF2-CatGraph/data/AqTMK/02_templates/TMP.pdb;/home/wms/AF2-test/AF2-CatGraph/data/AqTMK/02_templates/MG.pdb,ATP;TMP;MG,untrimmed_input,3,21,standard,dock_py_exact,True,single_chain_same_length_same_ordered_sequence,195,1.0,1.0,,passed,,1578,21,6,1.9638844297341944,2.009865318186357,2.009865318186357,10,True,"(0.0, 0.0, 0.0)",collision_py_exact,5.0,6.0,22,93.67681818181818,95.875,88.77000000000001,77.69,98.56,90.0,80.0,True,/home/wms/AF2-test/AF2-CatGraph/results/AqTMK/02_template_guided_docking/complexes/AqTMK_21_complex.pdb
22,AqTMK_22,AqTMK_22_complex.pdb,AqTMK,22,AqTMK.AF2rank22.pdb,AqTMK.AF2rank22,/home/wms/AF2-test/AF2-CatGraph/data/AqTMK/01_af2_new/AqTMK.AF2rank22.pdb,/home/wms/AF2-test/AF2-CatGraph/results/AqTMK/02_template_guided_docking/complexes/AqTMK_22_complex.pdb,/home/wms/AF2-test/AF2-CatGraph/data/AqTMK/02_templates/template.pdb,/home/wms/AF2-test/AF2-CatGraph/data/AqTMK/02_templates/ATP.pdb;/home/wms/AF2-test/AF2-CatGraph/data/AqTMK/02_templates/TMP.pdb;/home/wms/AF2-test/AF2-CatGraph/data/AqTMK/02_templates/MG.pdb,results/AqTMK/02_template_guided_docking/tables/AqTMK_step02_ligand_order_manifest.csv,/home/wms/AF2-test/AF2-CatGraph/data/AqTMK/02_templates/ATP.pdb;/home/wms/AF2-test/AF2-CatGraph/data/AqTMK/02_templates/TMP.pdb;/home/wms/AF2-test/AF2-CatGraph/data/AqTMK/02_templates/MG.pdb,ATP;TMP;MG,untrimmed_input,3,21,standard,dock_py_exact,True,single_chain_same_length_same_ordered_sequence,195,1.0,1.0,,passed,,1578,21,8,2.2450902715767125,2.055930597351989,2.055930597351989,10,True,"(0.0, 0.0, 0.0)",collision_py_exact,5.0,6.0,23,93.80999999999999,94.81,90.142,83.06,98.38,90.0,80.0,True,/home/wms/AF2-test/AF2-CatGraph/results/AqTMK/02_template_guided_docking/complexes/AqTMK_22_complex.pdb
23,AqTMK_23,AqTMK_23_complex.pdb,AqTMK,23,AqTMK.AF2rank23.pdb,AqTMK.AF2rank23,/home/wms/AF2-test/AF2-CatGraph/data/AqTMK/01_af2_new/AqTMK.AF2rank23.pdb,/home/wms/AF2-test/AF2-CatGraph/results/AqTMK/02_template_guided_docking/complexes/AqTMK_23_complex.pdb,/home/wms/AF2-test/AF2-CatGraph/data/AqTMK/02_templates/template.pdb,/home/wms/AF2-test/AF2-CatGraph/data/AqTMK/02_templates/ATP.pdb;/home/wms/AF2-test/AF2-CatGraph/data/AqTMK/02_templates/TMP.pdb;/home/wms/AF2-test/AF2-CatGraph/data/AqTMK/02_templates/MG.pdb,results/AqTMK/02_template_guided_docking/tables/AqTMK_step02_ligand_order_manifest.csv,/home/wms/AF2-test/AF2-CatGraph/data/AqTMK/02_templates/ATP.pdb;/home/wms/AF2-test/AF2-CatGraph/data/AqTMK/02_templates/TMP.pdb;/home/wms/AF2-test/AF2-CatGraph/data/AqTMK/02_templates/MG.pdb,ATP;TMP;MG,untrimmed_input,3,21,standard,dock_py_exact,True,single_chain_same_length_same_ordered_sequence,195,1.0,1.0,,passed,,1578,21,7,3.347663168678136,2.0235943298871604,2.0235943298871604,10,True,"(0.0, 0.0, 0.0)",collision_py_exact,5.0,6.0,21,93.97,94.81,89.44,86.94,97.69,90.0,80.0,True,/home/wms/AF2-test/AF2-CatGraph/results/AqTMK/02_template_guided_docking/complexes/AqTMK_23_complex.pdb
26,AqTMK_26,AqTMK_26_complex.pdb,AqTMK,26,AqTMK.AF2rank26.pdb,AqTMK.AF2rank26,/home/wms/AF2-test/AF2-CatGraph/data/AqTMK/01_af2_new/AqTMK.AF2rank26.pdb,/home/wms/AF2-test/AF2-CatGraph/results/AqTMK/02_template_guided_docking/complexes/AqTMK_26_complex.pdb,/home/wms/AF2-test/AF2-CatGraph/data/AqTMK/02_templates/template.pdb,/home/wms/AF2-test/AF2-CatGraph/data/AqTMK/02_templates/ATP.pdb;/home/wms/AF2-test/AF2-CatGraph/data/AqTMK/02_templates/TMP.pdb;/home/wms/AF2-test/AF2-CatGraph/data/AqTMK/02_templates/MG.pdb,results/AqTMK/02_template_guided_docking/tables/AqTMK_step02_ligand_order_manifest.csv,/home/wms/AF2-test/AF2-CatGraph/data/AqTMK/02_templates/ATP.pdb;/home/wms/AF2-test/AF2-CatGraph/data/AqTMK/02_templates/TMP.pdb;/home/wms/AF2-test/AF2-CatGraph/data/AqTMK/02_templates/MG.pdb,ATP;TMP;MG,untrimmed_input,3,21,standard,dock_py_exact,True,single_chain_same_length_same_ordered_sequence,195,1.0,1.0,,passed,,1578,21,6,1.798845773203293,2.067990846075728,2.067990846075728,10,True,"(0.0, 0.0, 0.0)",collision_py_exact,5.0,6.0,23,94.44000000000001,95.56,91.288,83.81,98.5,90.0,80.0,True,/home/wms/AF2-test/AF2-CatGraph/results/AqTMK/02_template_guided_docking/complexes/AqTMK_26_complex.pdb
28,AqTMK_28,AqTMK_28_complex.pdb,AqTMK,28,AqTMK.AF2rank28.pdb,AqTMK.AF2rank28,/home/wms/AF2-test/AF2-CatGraph/data/AqTMK/01_af2_new/AqTMK.AF2rank28.pdb,/home/wms/AF2-test/AF2-CatGraph/results/AqTMK/02_template_guided_docking/complexes/AqTMK_28_complex.pdb,/home/wms/AF2-test/AF2-CatGraph/data/AqTMK/02_templates/template.pdb,/home/wms/AF2-test/AF2-CatGraph/data/AqTMK/02_templates/ATP.pdb;/home/wms/AF2-test/AF2-CatGraph/data/AqTMK/02_templates/TMP.pdb;/home/wms/AF2-test/AF2-CatGraph/data/AqTMK/02_templates/MG.pdb,results/AqTMK/02_template_guided_docking/tables/AqTMK_step02_ligand_order_manifest.csv,/home/wms/AF2-test/AF2-CatGraph/data/AqTMK/02_templates/ATP.pdb;/home/wms/AF2-test/AF2-CatGraph/data/AqTMK/02_templates/TMP.pdb;/home/wms/AF2-test/AF2-CatGraph/data/AqTMK/02_templates/MG.pdb,ATP;TMP;MG,untrimmed_input,3,21,standard,dock_py_exact,True,single_chain_same_length_same_ordered_sequence,195,1.0,1.0,,passed,,1578,21,10,2.613381454376957,2.0612768609586705,2.0612768609586705,10,True,"(0.0, 0.0, 0.0)",collision_py_exact,5.0,6.0,24,93.94791666666667,95.75,90.036,82.62,98.5,90.0,80.0,True,/home/wms/AF2-test/AF2-CatGraph/results/AqTMK/02_template_guided_docking/complexes/AqTMK_28_complex.pdb
30,AqTMK_30,AqTMK_30_complex.pdb,AqTMK,30,AqTMK.AF2rank30.pdb,AqTMK.AF2rank30,/home/wms/AF2-test/AF2-CatGraph/data/AqTMK/01_af2_new/AqTMK.AF2rank30.pdb,/home/wms/AF2-test/AF2-CatGraph/results/AqTMK/02_template_guided_docking/complexes/AqTMK_30_complex.pdb,/home/wms/AF2-test/AF2-CatGraph/data/AqTMK/02_templates/template.pdb,/home/wms/AF2-test/AF2-CatGraph/data/AqTMK/02_templates/ATP.pdb;/home/wms/AF2-test/AF2-CatGraph/data/AqTMK/02_templates/TMP.pdb;/home/wms/AF2-test/AF2-CatGraph/data/AqTMK/02_templates/MG.pdb,results/AqTMK/02_template_guided_docking/tables/AqTMK_step02_ligand_order_manifest.csv,/home/wms/AF2-test/AF2-CatGraph/data/AqTMK/02_templates/ATP.pdb;/home/wms/AF2-test/AF2-CatGraph/data/AqTMK/02_templates/TMP.pdb;/home/wms/AF2-test/AF2-CatGraph/data/AqTMK/02_templates/MG.pdb,ATP;TMP;MG,untrimmed_input,3,21,standard,dock_py_exact,True,single_chain_same_length_same_ordered_sequence,195,1.0,1.0,,passed,,1578,21,7,1.710498661564404,2.021752786056372,2.021752786056372,10,True,"(0.0, 0.0, 0.0)",collision_py_exact,5.0,6.0,21,91.52619047619048,96.06,83.69,60.25,98.38,90.0,80.0,True,/home/wms/AF2-test/AF2-CatGraph/results/AqTMK/02_template_guided_docking/complexes/AqTMK_30_complex.pdb
33,AqTMK_33,AqTMK_33_complex.pdb,AqTMK,33,AqTMK.AF2rank33.pdb,AqTMK.AF2rank33,/home/wms/AF2-test/AF2-CatGraph/data/AqTMK/01_af2_new/AqTMK.AF2rank33.pdb,/home/wms/AF2-test/AF2-CatGraph/results/AqTMK/02_template_guided_docking/complexes/AqTMK_33_complex.pdb,/home/wms/AF2-test/AF2-CatGraph/data/AqTMK/02_templates/template.pdb,/home/wms/AF2-test/AF2-CatGraph/data/AqTMK/02_templates/ATP.pdb;/home/wms/AF2-test/AF2-CatGraph/data/AqTMK/02_templates/TMP.pdb;/home/wms/AF2-test/AF2-CatGraph/data/AqTMK/02_templates/MG.pdb,results/AqTMK/02_template_guided_docking/tables/AqTMK_step02_ligand_order_manifest.csv,/home/wms/AF2-test/AF2-CatGraph/data/AqTMK/02_templates/ATP.pdb;/home/wms/AF2-test/AF2-CatGraph/data/AqTMK/02_templates/TMP.pdb;/home/wms/AF2-test/AF2-CatGraph/data/AqTMK/02_templates/MG.pdb,ATP;TMP;MG,untrimmed_input,3,21,standard,dock_py_exact,True,single_chain_same_length_same_ordered_sequence,195,1.0,1.0,,passed,,1578,21,2,0.600916687360117,2.054590254946426,2.054590254946426,10,True,"(0.0, 0.0, 0.0)",collision_py_exact,5.0,6.0,20,94.7345,96.155,90.292,86.44,98.44,90.0,80.0,True,/home/wms/AF2-test/AF2-CatGraph/results/AqTMK/02_template_guided_docking/complexes/AqTMK_33_complex.pdb
35,AqTMK_35,AqTMK_35_complex.pdb,AqTMK,35,AqTMK.AF2rank35.pdb,AqTMK.AF2rank35,/home/wms/AF2-test/AF2-CatGraph/data/AqTMK/01_af2_new/AqTMK.AF2rank35.pdb,/home/wms/AF2-test/AF2-CatGraph/results/AqTMK/02_template_guided_docking/complexes/AqTMK_35_complex.pdb,/home/wms/AF2-test/AF2-CatGraph/data/AqTMK/02_templates/template.pdb,/home/wms/AF2-test/AF2-CatGraph/data/AqTMK/02_templates/ATP.pdb;/home/wms/AF2-test/AF2-CatGraph/data/AqTMK/02_templates/TMP.pdb;/home/wms/AF2-test/AF2-CatGraph/data/AqTMK/02_templates/MG.pdb,results/AqTMK/02_template_guided_docking/tables/AqTMK_step02_ligand_order_manifest.csv,/home/wms/AF2-test/AF2-CatGraph/data/AqTMK/02_templates/ATP.pdb;/home/wms/AF2-test/AF2-CatGraph/data/AqTMK/02_templates/TMP.pdb;/home/wms/AF2-test/AF2-CatGraph/data/AqTMK/02_templates/MG.pdb,ATP;TMP;MG,untrimmed_input,3,21,standard,dock_py_exact,True,single_chain_same_length_same_ordered_sequence,195,1.0,1.0,,passed,,1578,21,10,2.839295577812984,2.008502452914432,2.008502452914432,10,True,"(0.0, 0.0, 0.0)",collision_py_exact,5.0,6.0,22,93.51954545454545,94.845,88.006,83.75,98.38,90.0,80.0,True,/home/wms/AF2-test/AF2-CatGraph/results/AqTMK/02_template_guided_docking/complexes/AqTMK_35_complex.pdb
37,AqTMK_37,AqTMK_37_complex.pdb,AqTMK,37,AqTMK.AF2rank37.pdb,AqTMK.AF2rank37,/home/wms/AF2-test/AF2-CatGraph/data/AqTMK/01_af2_new/AqTMK.AF2rank37.pdb,/home/wms/AF2-test/AF2-CatGraph/results/AqTMK/02_template_guided_docking/complexes/AqTMK_37_complex.pdb,/home/wms/AF2-test/AF2-CatGraph/data/AqTMK/02_templates/template.pdb,/home/wms/AF2-test/AF2-CatGraph/data/AqTMK/02_templates/ATP.pdb;/home/wms/AF2-test/AF2-CatGraph/data/AqTMK/02_templates/TMP.pdb;/home/wms/AF2-test/AF2-CatGraph/data/AqTMK/02_templates/MG.pdb,results/AqTMK/02_template_guided_docking/tables/AqTMK_step02_ligand_order_manifest.csv,/home/wms/AF2-test/AF2-CatGraph/data/AqTMK/02_templates/ATP.pdb;/home/wms/AF2-test/AF2-CatGraph/data/AqTMK/02_templates/TMP.pdb;/home/wms/AF2-test/AF2-CatGraph/data/AqTMK/02_templates/MG.pdb,ATP;TMP;MG,untrimmed_input,3,21,standard,dock_py_exact,True,single_chain_same_length_same_ordered_sequence,195,1.0,1.0,,passed,,1578,21,9,3.7245689514410896,2.0220330408069205,2.0220330408069205,10,True,"(0.0, 0.0, 0.0)",collision_py_exact,5.0,6.0,21,94.13380952380952,94.81,89.06,85.75,98.12,90.0,80.0,True,/home/wms/AF2-test/AF2-CatGraph/results/AqTMK/02_template_guided_docking/complexes/AqTMK_37_complex.pdb
38,AqTMK_38,AqTMK_38_complex.pdb,AqTMK,38,AqTMK.AF2rank38.pdb,AqTMK.AF2rank38,/home/wms/AF2-test/AF2-CatGraph/data/AqTMK/01_af2_new/AqTMK.AF2rank38.pdb,/home/wms/AF2-test/AF2-CatGraph/results/AqTMK/02_template_guided_docking/complexes/AqTMK_38_complex.pdb,/home/wms/AF2-test/AF2-CatGraph/data/AqTMK/02_templates/template.pdb,/home/wms/AF2-test/AF2-CatGraph/data/AqTMK/02_templates/ATP.pdb;/home/wms/AF2-test/AF2-CatGraph/data/AqTMK/02_templates/TMP.pdb;/home/wms/AF2-test/AF2-CatGraph/data/AqTMK/02_templates/MG.pdb,results/AqTMK/02_template_guided_docking/tables/AqTMK_step02_ligand_order_manifest.csv,/home/wms/AF2-test/AF2-CatGraph/data/AqTMK/02_templates/ATP.pdb;/home/wms/AF2-test/AF2-CatGraph/data/AqTMK/02_templates/TMP.pdb;/home/wms/AF2-test/AF2-CatGraph/data/AqTMK/02_templates/MG.pdb,ATP;TMP;MG,untrimmed_input,3,21,standard,dock_py_exact,True,single_chain_same_length_same_ordered_sequence,195,1.0,1.0,,passed,,1578,21,6,1.3850912878995951,2.0743492788561038,2.0743492788561038,10,True,"(0.0, 0.0, 0.0)",collision_py_exact,5.0,6.0,24,92.93374999999999,94.595,88.218,76.12,98.5,90.0,80.0,True,/home/wms/AF2-test/AF2-CatGraph/results/AqTMK/02_template_guided_docking/complexes/AqTMK_38_complex.pdb
39,AqTMK_39,AqTMK_39_complex.pdb,AqTMK,39,AqTMK.AF2rank39.pdb,AqTMK.AF2rank39,/home/wms/AF2-test/AF2-CatGraph/data/AqTMK/01_af2_new/AqTMK.AF2rank39.pdb,/home/wms/AF2-test/AF2-CatGraph/results/AqTMK/02_template_guided_docking/complexes/AqTMK_39_complex.pdb,/home/wms/AF2-test/AF2-CatGraph/data/AqTMK/02_templates/template.pdb,/home/wms/AF2-test/AF2-CatGraph/data/AqTMK/02_templates/ATP.pdb;/home/wms/AF2-test/AF2-CatGraph/data/AqTMK/02_templates/TMP.pdb;/home/wms/AF2-test/AF2-CatGraph/data/AqTMK/02_templates/MG.pdb,results/AqTMK/02_template_guided_docking/tables/AqTMK_step02_ligand_order_manifest.csv,/home/wms/AF2-test/AF2-CatGraph/data/AqTMK/02_templates/ATP.pdb;/home/wms/AF2-test/AF2-CatGraph/data/AqTMK/02_templates/TMP.pdb;/home/wms/AF2-test/AF2-CatGraph/data/AqTMK/02_templates/MG.pdb,ATP;TMP;MG,untrimmed_input,3,21,standard,dock_py_exact,True,single_chain_same_length_same_ordered_sequence,195,1.0,1.0,,passed,,1578,21,4,1.1224483349898668,2.0207727691847994,2.0207727691847994,10,True,"(0.0, 0.0, 0.0)",collision_py_exact,5.0,6.0,24,92.69,93.815,88.35300000000001,77.5,98.38,90.0,80.0,True,/home/wms/AF2-test/AF2-CatGraph/results/AqTMK/02_template_guided_docking/complexes/AqTMK_39_complex.pdb
41,AqTMK_41,AqTMK_41_complex.pdb,AqTMK,41,AqTMK.AF2rank41.pdb,AqTMK.AF2rank41,/home/wms/AF2-test/AF2-CatGraph/data/AqTMK/01_af2_new/AqTMK.AF2rank41.pdb,/home/wms/AF2-test/AF2-CatGraph/results/AqTMK/02_template_guided_docking/complexes/AqTMK_41_complex.pdb,/home/wms/AF2-test/AF2-CatGraph/data/AqTMK/02_templates/template.pdb,/home/wms/AF2-test/AF2-CatGraph/data/AqTMK/02_templates/ATP.pdb;/home/wms/AF2-test/AF2-CatGraph/data/AqTMK/02_templates/TMP.pdb;/home/wms/AF2-test/AF2-CatGraph/data/AqTMK/02_templates/MG.pdb,results/AqTMK/02_template_guided_docking/tables/AqTMK_step02_ligand_order_manifest.csv,/home/wms/AF2-test/AF2-CatGraph/data/AqTMK/02_templates/ATP.pdb;/home/wms/AF2-test/AF2-CatGraph/data/AqTMK/02_templates/TMP.pdb;/home/wms/AF2-test/AF2-CatGraph/data/AqTMK/02_templates/MG.pdb,ATP;TMP;MG,untrimmed_input,3,21,standard,dock_py_exact,True,single_chain_same_length_same_ordered_sequence,195,1.0,1.0,,passed,,1578,21,10,2.660853198556101,2.1150511087298267,2.1150511087298267,10,True,"(0.0, 0.0, 0.0)",collision_py_exact,5.0,6.0,23,92.65260869565218,95.12,87.74,75.5,98.44,90.0,80.0,True,/home/wms/AF2-test/AF2-CatGraph/results/AqTMK/02_template_guided_docking/complexes/AqTMK_41_complex.pdb
43,AqTMK_43,AqTMK_43_complex.pdb,AqTMK,43,AqTMK.AF2rank43.pdb,AqTMK.AF2rank43,/home/wms/AF2-test/AF2-CatGraph/data/AqTMK/01_af2_new/AqTMK.AF2rank43.pdb,/home/wms/AF2-test/AF2-CatGraph/results/AqTMK/02_template_guided_docking/complexes/AqTMK_43_complex.pdb,/home/wms/AF2-test/AF2-CatGraph/data/AqTMK/02_templates/template.pdb,/home/wms/AF2-test/AF2-CatGraph/data/AqTMK/02_templates/ATP.pdb;/home/wms/AF2-test/AF2-CatGraph/data/AqTMK/02_templates/TMP.pdb;/home/wms/AF2-test/AF2-CatGraph/data/AqTMK/02_templates/MG.pdb,results/AqTMK/02_template_guided_docking/tables/AqTMK_step02_ligand_order_manifest.csv,/home/wms/AF2-test/AF2-CatGraph/data/AqTMK/02_templates/ATP.pdb;/home/wms/AF2-test/AF2-CatGraph/data/AqTMK/02_templates/TMP.pdb;/home/wms/AF2-test/AF2-CatGraph/data/AqTMK/02_templates/MG.pdb,ATP;TMP;MG,untrimmed_input,3,21,standard,dock_py_exact,True,single_chain_same_length_same_ordered_sequence,195,1.0,1.0,,passed,,1578,21,6,1.6816231622625346,2.1048080159674045,2.1048080159674045,10,True,"(0.0, 0.0, 0.0)",collision_py_exact,5.0,6.0,20,94.003,94.81,88.596,85.25,98.31,90.0,80.0,True,/home/wms/AF2-test/AF2-CatGraph/results/AqTMK/02_template_guided_docking/complexes/AqTMK_43_complex.pdb
44,AqTMK_44,AqTMK_44_complex.pdb,AqTMK,44,AqTMK.AF2rank44.pdb,AqTMK.AF2rank44,/home/wms/AF2-test/AF2-CatGraph/data/AqTMK/01_af2_new/AqTMK.AF2rank44.pdb,/home/wms/AF2-test/AF2-CatGraph/results/AqTMK/02_template_guided_docking/complexes/AqTMK_44_complex.pdb,/home/wms/AF2-test/AF2-CatGraph/data/AqTMK/02_templates/template.pdb,/home/wms/AF2-test/AF2-CatGraph/data/AqTMK/02_templates/ATP.pdb;/home/wms/AF2-test/AF2-CatGraph/data/AqTMK/02_templates/TMP.pdb;/home/wms/AF2-test/AF2-CatGraph/data/AqTMK/02_templates/MG.pdb,results/AqTMK/02_template_guided_docking/tables/AqTMK_step02_ligand_order_manifest.csv,/home/wms/AF2-test/AF2-CatGraph/data/AqTMK/02_templates/ATP.pdb;/home/wms/AF2-test/AF2-CatGraph/data/AqTMK/02_templates/TMP.pdb;/home/wms/AF2-test/AF2-CatGraph/data/AqTMK/02_templates/MG.pdb,ATP;TMP;MG,untrimmed_input,3,21,standard,dock_py_exact,True,single_chain_same_length_same_ordered_sequence,195,1.0,1.0,,passed,,1578,21,9,2.7396780647767534,2.029104229000839,2.029104229000839,10,True,"(0.0, 0.0, 0.0)",collision_py_exact,5.0,6.0,22,91.77545454545454,95.345,84.34,64.62,98.5,90.0,80.0,True,/home/wms/AF2-test/AF2-CatGraph/results/AqTMK/02_template_guided_docking/complexes/AqTMK_44_complex.pdb
45,AqTMK_45,AqTMK_45_complex.pdb,AqTMK,45,AqTMK.AF2rank45.pdb,AqTMK.AF2rank45,/home/wms/AF2-test/AF2-CatGraph/data/AqTMK/01_af2_new/AqTMK.AF2rank45.pdb,/home/wms/AF2-test/AF2-CatGraph/results/AqTMK/02_template_guided_docking/complexes/AqTMK_45_complex.pdb,/home/wms/AF2-test/AF2-CatGraph/data/AqTMK/02_templates/template.pdb,/home/wms/AF2-test/AF2-CatGraph/data/AqTMK/02_templates/ATP.pdb;/home/wms/AF2-test/AF2-CatGraph/data/AqTMK/02_templates/TMP.pdb;/home/wms/AF2-test/AF2-CatGraph/data/AqTMK/02_templates/MG.pdb,results/AqTMK/02_template_guided_docking/tables/AqTMK_step02_ligand_order_manifest.csv,/home/wms/AF2-test/AF2-CatGraph/data/AqTMK/02_templates/ATP.pdb;/home/wms/AF2-test/AF2-CatGraph/data/AqTMK/02_templates/TMP.pdb;/home/wms/AF2-test/AF2-CatGraph/data/AqTMK/02_templates/MG.pdb,ATP;TMP;MG,untrimmed_input,3,21,standard,dock_py_exact,True,single_chain_same_length_same_ordered_sequence,195,1.0,1.0,,passed,,1578,21,5,1.8206920597031009,2.0163223705914533,2.0163223705914533,10,True,"(0.0, 0.0, 0.0)",collision_py_exact,5.0,6.0,20,94.4965,96.155,90.437,85.62,98.5,90.0,80.0,True,/home/wms/AF2-test/AF2-CatGraph/results/AqTMK/02_template_guided_docking/complexes/AqTMK_45_complex.pdb
46,AqTMK_46,AqTMK_46_complex.pdb,AqTMK,46,AqTMK.AF2rank46.pdb,AqTMK.AF2rank46,/home/wms/AF2-test/AF2-CatGraph/data/AqTMK/01_af2_new/AqTMK.AF2rank46.pdb,/home/wms/AF2-test/AF2-CatGraph/results/AqTMK/02_template_guided_docking/complexes/AqTMK_46_complex.pdb,/home/wms/AF2-test/AF2-CatGraph/data/AqTMK/02_templates/template.pdb,/home/wms/AF2-test/AF2-CatGraph/data/AqTMK/02_templates/ATP.pdb;/home/wms/AF2-test/AF2-CatGraph/data/AqTMK/02_templates/TMP.pdb;/home/wms/AF2-test/AF2-CatGraph/data/AqTMK/02_templates/MG.pdb,results/AqTMK/02_template_guided_docking/tables/AqTMK_step02_ligand_order_manifest.csv,/home/wms/AF2-test/AF2-CatGraph/data/AqTMK/02_templates/ATP.pdb;/home/wms/AF2-test/AF2-CatGraph/data/AqTMK/02_templates/TMP.pdb;/home/wms/AF2-test/AF2-CatGraph/data/AqTMK/02_templates/MG.pdb,ATP;TMP;MG,untrimmed_input,3,21,standard,dock_py_exact,True,single_chain_same_length_same_ordered_sequence,195,1.0,1.0,,passed,,1578,21,8,2.8856700556172123,2.011199394156546,2.011199394156546,10,True,"(0.0, 0.0, 0.0)",collision_py_exact,5.0,6.0,22,92.66772727272728,94.81,88.615,75.0,97.94,90.0,80.0,True,/home/wms/AF2-test/AF2-CatGraph/results/AqTMK/02_template_guided_docking/complexes/AqTMK_46_complex.pdb
47,AqTMK_47,AqTMK_47_complex.pdb,AqTMK,47,AqTMK.AF2rank47.pdb,AqTMK.AF2rank47,/home/wms/AF2-test/AF2-CatGraph/data/AqTMK/01_af2_new/AqTMK.AF2rank47.pdb,/home/wms/AF2-test/AF2-CatGraph/results/AqTMK/02_template_guided_docking/complexes/AqTMK_47_complex.pdb,/home/wms/AF2-test/AF2-CatGraph/data/AqTMK/02_templates/template.pdb,/home/wms/AF2-test/AF2-CatGraph/data/AqTMK/02_templates/ATP.pdb;/home/wms/AF2-test/AF2-CatGraph/data/AqTMK/02_templates/TMP.pdb;/home/wms/AF2-test/AF2-CatGraph/data/AqTMK/02_templates/MG.pdb,results/AqTMK/02_template_guided_docking/tables/AqTMK_step02_ligand_order_manifest.csv,/home/wms/AF2-test/AF2-CatGraph/data/AqTMK/02_templates/ATP.pdb;/home/wms/AF2-test/AF2-CatGraph/data/AqTMK/02_templates/TMP.pdb;/home/wms/AF2-test/AF2-CatGraph/data/AqTMK/02_templates/MG.pdb,ATP;TMP;MG,untrimmed_input,3,21,standard,dock_py_exact,True,single_chain_same_length_same_ordered_sequence,195,1.0,1.0,,passed,,1578,21,2,0.5736928730860491,2.057654339987586,2.057654339987586,10,True,"(0.0, 0.0, 0.0)",collision_py_exact,5.0,6.0,20,94.828,96.5,90.941,83.75,98.5,90.0,80.0,True,/home/wms/AF2-test/AF2-CatGraph/results/AqTMK/02_template_guided_docking/complexes/AqTMK_47_complex.pdb
48,AqTMK_48,AqTMK_48_complex.pdb,AqTMK,48,AqTMK.AF2rank48.pdb,AqTMK.AF2rank48,/home/wms/AF2-test/AF2-CatGraph/data/AqTMK/01_af2_new/AqTMK.AF2rank48.pdb,/home/wms/AF2-test/AF2-CatGraph/results/AqTMK/02_template_guided_docking/complexes/AqTMK_48_complex.pdb,/home/wms/AF2-test/AF2-CatGraph/data/AqTMK/02_templates/template.pdb,/home/wms/AF2-test/AF2-CatGraph/data/AqTMK/02_templates/ATP.pdb;/home/wms/AF2-test/AF2-CatGraph/data/AqTMK/02_templates/TMP.pdb;/home/wms/AF2-test/AF2-CatGraph/data/AqTMK/02_templates/MG.pdb,results/AqTMK/02_template_guided_docking/tables/AqTMK_step02_ligand_order_manifest.csv,/home/wms/AF2-test/AF2-CatGraph/data/AqTMK/02_templates/ATP.pdb;/home/wms/AF2-test/AF2-CatGraph/data/AqTMK/02_templates/TMP.pdb;/home/wms/AF2-test/AF2-CatGraph/data/AqTMK/02_templates/MG.pdb,ATP;TMP;MG,untrimmed_input,3,21,standard,dock_py_exact,True,single_chain_same_length_same_ordered_sequence,195,1.0,1.0,,passed,,1578,21,4,0.9478132229876266,2.150392768283109,2.150392768283109,10,True,"(0.0, 0.0, 0.0)",collision_py_exact,5.0,6.0,21,91.11333333333334,95.56,83.0,53.94,98.5,90.0,80.0,True,/home/wms/AF2-test/AF2-CatGraph/results/AqTMK/02_template_guided_docking/complexes/AqTMK_48_complex.pdb
49,AqTMK_49,AqTMK_49_complex.pdb,AqTMK,49,AqTMK.AF2rank49.pdb,AqTMK.AF2rank49,/home/wms/AF2-test/AF2-CatGraph/data/AqTMK/01_af2_new/AqTMK.AF2rank49.pdb,/home/wms/AF2-test/AF2-CatGraph/results/AqTMK/02_template_guided_docking/complexes/AqTMK_49_complex.pdb,/home/wms/AF2-test/AF2-CatGraph/data/AqTMK/02_templates/template.pdb,/home/wms/AF2-test/AF2-CatGraph/data/AqTMK/02_templates/ATP.pdb;/home/wms/AF2-test/AF2-CatGraph/data/AqTMK/02_templates/TMP.pdb;/home/wms/AF2-test/AF2-CatGraph/data/AqTMK/02_templates/MG.pdb,results/AqTMK/02_template_guided_docking/tables/AqTMK_step02_ligand_order_manifest.csv,/home/wms/AF2-test/AF2-CatGraph/data/AqTMK/02_templates/ATP.pdb;/home/wms/AF2-test/AF2-CatGraph/data/AqTMK/02_templates/TMP.pdb;/home/wms/AF2-test/AF2-CatGraph/data/AqTMK/02_templates/MG.pdb,ATP;TMP;MG,untrimmed_input,3,21,standard,dock_py_exact,True,single_chain_same_length_same_ordered_sequence,195,1.0,1.0,,passed,,1578,21,1,0.4456246457836736,2.1243753542163266,2.1243753542163266,10,True,"(0.0, 0.0, 0.0)",collision_py_exact,5.0,6.0,19,91.6621052631579,94.81,85.002,50.44,98.38,90.0,80.0,True,/home/wms/AF2-test/AF2-CatGraph/results/AqTMK/02_template_guided_docking/complexes/AqTMK_49_complex.pdb
50,AqTMK_50,AqTMK_50_complex.pdb,AqTMK,50,AqTMK.AF2rank50.pdb,AqTMK.AF2rank50,/home/wms/AF2-test/AF2-CatGraph/data/AqTMK/01_af2_new/AqTMK.AF2rank50.pdb,/home/wms/AF2-test/AF2-CatGraph/results/AqTMK/02_template_guided_docking/complexes/AqTMK_50_complex.pdb,/home/wms/AF2-test/AF2-CatGraph/data/AqTMK/02_templates/template.pdb,/home/wms/AF2-test/AF2-CatGraph/data/AqTMK/02_templates/ATP.pdb;/home/wms/AF2-test/AF2-CatGraph/data/AqTMK/02_templates/TMP.pdb;/home/wms/AF2-test/AF2-CatGraph/data/AqTMK/02_templates/MG.pdb,results/AqTMK/02_template_guided_docking/tables/AqTMK_step02_ligand_order_manifest.csv,/home/wms/AF2-test/AF2-CatGraph/data/AqTMK/02_templates/ATP.pdb;/home/wms/AF2-test/AF2-CatGraph/data/AqTMK/02_templates/TMP.pdb;/home/wms/AF2-test/AF2-CatGraph/data/AqTMK/02_templates/MG.pdb,ATP;TMP;MG,untrimmed_input,3,21,standard,dock_py_exact,True,single_chain_same_length_same_ordered_sequence,195,1.0,1.0,,passed,,1578,21,3,0.8738266054970651,2.0190046496316767,2.0190046496316767,10,True,"(0.0, 0.0, 0.0)",collision_py_exact,5.0,6.0,21,90.91142857142856,94.88,82.12,52.94,98.38,90.0,80.0,True,/home/wms/AF2-test/AF2-CatGraph/results/AqTMK/02_template_guided_docking/complexes/AqTMK_50_complex.pdb
53,AqTMK_53,AqTMK_53_complex.pdb,AqTMK,53,AqTMK.AF2rank53.pdb,AqTMK.AF2rank53,/home/wms/AF2-test/AF2-CatGraph/data/AqTMK/01_af2_new/AqTMK.AF2rank53.pdb,/home/wms/AF2-test/AF2-CatGraph/results/AqTMK/02_template_guided_docking/complexes/AqTMK_53_complex.pdb,/home/wms/AF2-test/AF2-CatGraph/data/AqTMK/02_templates/template.pdb,/home/wms/AF2-test/AF2-CatGraph/data/AqTMK/02_templates/ATP.pdb;/home/wms/AF2-test/AF2-CatGraph/data/AqTMK/02_templates/TMP.pdb;/home/wms/AF2-test/AF2-CatGraph/data/AqTMK/02_templates/MG.pdb,results/AqTMK/02_template_guided_docking/tables/AqTMK_step02_ligand_order_manifest.csv,/home/wms/AF2-test/AF2-CatGraph/data/AqTMK/02_templates/ATP.pdb;/home/wms/AF2-test/AF2-CatGraph/data/AqTMK/02_templates/TMP.pdb;/home/wms/AF2-test/AF2-CatGraph/data/AqTMK/02_templates/MG.pdb,ATP;TMP;MG,untrimmed_input,3,21,standard,dock_py_exact,True,single_chain_same_length_same_ordered_sequence,195,1.0,1.0,,passed,,1578,21,4,0.8879474603578652,2.050191435833967,2.050191435833967,10,True,"(0.0, 0.0, 0.0)",collision_py_exact,5.0,6.0,19,92.10894736842106,95.56,86.76,48.88,98.44,90.0,80.0,True,/home/wms/AF2-test/AF2-CatGraph/results/AqTMK/02_template_guided_docking/complexes/AqTMK_53_complex.pdb
54,AqTMK_54,AqTMK_54_complex.pdb,AqTMK,54,AqTMK.AF2rank54.pdb,AqTMK.AF2rank54,/home/wms/AF2-test/AF2-CatGraph/data/AqTMK/01_af2_new/AqTMK.AF2rank54.pdb,/home/wms/AF2-test/AF2-CatGraph/results/AqTMK/02_template_guided_docking/complexes/AqTMK_54_complex.pdb,/home/wms/AF2-test/AF2-CatGraph/data/AqTMK/02_templates/template.pdb,/home/wms/AF2-test/AF2-CatGraph/data/AqTMK/02_templates/ATP.pdb;/home/wms/AF2-test/AF2-CatGraph/data/AqTMK/02_templates/TMP.pdb;/home/wms/AF2-test/AF2-CatGraph/data/AqTMK/02_templates/MG.pdb,results/AqTMK/02_template_guided_docking/tables/AqTMK_step02_ligand_order_manifest.csv,/home/wms/AF2-test/AF2-CatGraph/data/AqTMK/02_templates/ATP.pdb;/home/wms/AF2-test/AF2-CatGraph/data/AqTMK/02_templates/TMP.pdb;/home/wms/AF2-test/AF2-CatGraph/data/AqTMK/02_templates/MG.pdb,ATP;TMP;MG,untrimmed_input,3,21,standard,dock_py_exact,True,single_chain_same_length_same_ordered_sequence,195,1.0,1.0,,passed,,1578,21,3,0.7001927723842094,2.072502118457937,2.072502118457937,10,True,"(0.0, 0.0, 0.0)",collision_py_exact,5.0,6.0,19,91.82368421052631,95.56,86.4,50.53,98.38,90.0,80.0,True,/home/wms/AF2-test/AF2-CatGraph/results/AqTMK/02_template_guided_docking/complexes/AqTMK_54_complex.pdb
56,AqTMK_56,AqTMK_56_complex.pdb,AqTMK,56,AqTMK.AF2rank56.pdb,AqTMK.AF2rank56,/home/wms/AF2-test/AF2-CatGraph/data/AqTMK/01_af2_new/AqTMK.AF2rank56.pdb,/home/wms/AF2-test/AF2-CatGraph/results/AqTMK/02_template_guided_docking/complexes/AqTMK_56_complex.pdb,/home/wms/AF2-test/AF2-CatGraph/data/AqTMK/02_templates/template.pdb,/home/wms/AF2-test/AF2-CatGraph/data/AqTMK/02_templates/ATP.pdb;/home/wms/AF2-test/AF2-CatGraph/data/AqTMK/02_templates/TMP.pdb;/home/wms/AF2-test/AF2-CatGraph/data/AqTMK/02_templates/MG.pdb,results/AqTMK/02_template_guided_docking/tables/AqTMK_step02_ligand_order_manifest.csv,/home/wms/AF2-test/AF2-CatGraph/data/AqTMK/02_templates/ATP.pdb;/home/wms/AF2-test/AF2-CatGraph/data/AqTMK/02_templates/TMP.pdb;/home/wms/AF2-test/AF2-CatGraph/data/AqTMK/02_templates/MG.pdb,ATP;TMP;MG,untrimmed_input,3,21,standard,dock_py_exact,True,single_chain_same_length_same_ordered_sequence,195,1.0,1.0,,passed,,1578,21,4,0.8594615396881662,2.1245171148018174,2.1245171148018174,10,True,"(0.0, 0.0, 0.0)",collision_py_exact,5.0,6.0,19,91.3378947368421,94.81,86.036,49.0,98.38,90.0,80.0,True,/home/wms/AF2-test/AF2-CatGraph/results/AqTMK/02_template_guided_docking/complexes/AqTMK_56_complex.pdb
57,AqTMK_57,AqTMK_57_complex.pdb,AqTMK,57,AqTMK.AF2rank57.pdb,AqTMK.AF2rank57,/home/wms/AF2-test/AF2-CatGraph/data/AqTMK/01_af2_new/AqTMK.AF2rank57.pdb,/home/wms/AF2-test/AF2-CatGraph/results/AqTMK/02_template_guided_docking/complexes/AqTMK_57_complex.pdb,/home/wms/AF2-test/AF2-CatGraph/data/AqTMK/02_templates/template.pdb,/home/wms/AF2-test/AF2-CatGraph/data/AqTMK/02_templates/ATP.pdb;/home/wms/AF2-test/AF2-CatGraph/data/AqTMK/02_templates/TMP.pdb;/home/wms/AF2-test/AF2-CatGraph/data/AqTMK/02_templates/MG.pdb,results/AqTMK/02_template_guided_docking/tables/AqTMK_step02_ligand_order_manifest.csv,/home/wms/AF2-test/AF2-CatGraph/data/AqTMK/02_templates/ATP.pdb;/home/wms/AF2-test/AF2-CatGraph/data/AqTMK/02_templates/TMP.pdb;/home/wms/AF2-test/AF2-CatGraph/data/AqTMK/02_templates/MG.pdb,ATP;TMP;MG,untrimmed_input,3,21,standard,dock_py_exact,True,single_chain_same_length_same_ordered_sequence,195,1.0,1.0,,passed,,1578,21,2,0.7082895568688854,2.155503901788467,2.155503901788467,10,True,"(0.0, 0.0, 0.0)",collision_py_exact,5.0,6.0,20,91.22399999999999,95.13,82.61200000000001,61.72,98.44,90.0,80.0,True,/home/wms/AF2-test/AF2-CatGraph/results/AqTMK/02_template_guided_docking/complexes/AqTMK_57_complex.pdb
58,AqTMK_58,AqTMK_58_complex.pdb,AqTMK,58,AqTMK.AF2rank58.pdb,AqTMK.AF2rank58,/home/wms/AF2-test/AF2-CatGraph/data/AqTMK/01_af2_new/AqTMK.AF2rank58.pdb,/home/wms/AF2-test/AF2-CatGraph/results/AqTMK/02_template_guided_docking/complexes/AqTMK_58_complex.pdb,/home/wms/AF2-test/AF2-CatGraph/data/AqTMK/02_templates/template.pdb,/home/wms/AF2-test/AF2-CatGraph/data/AqTMK/02_templates/ATP.pdb;/home/wms/AF2-test/AF2-CatGraph/data/AqTMK/02_templates/TMP.pdb;/home/wms/AF2-test/AF2-CatGraph/data/AqTMK/02_templates/MG.pdb,results/AqTMK/02_template_guided_docking/tables/AqTMK_step02_ligand_order_manifest.csv,/home/wms/AF2-test/AF2-CatGraph/data/AqTMK/02_templates/ATP.pdb;/home/wms/AF2-test/AF2-CatGraph/data/AqTMK/02_templates/TMP.pdb;/home/wms/AF2-test/AF2-CatGraph/data/AqTMK/02_templates/MG.pdb,ATP;TMP;MG,untrimmed_input,3,21,standard,dock_py_exact,True,single_chain_same_length_same_ordered_sequence,195,1.0,1.0,,passed,,1578,21,10,2.384391416719021,2.048374397722836,2.048374397722836,10,True,"(0.0, 0.0, 0.0)",collision_py_exact,5.0,6.0,23,91.63434782608697,95.38,85.648,69.88,98.44,90.0,80.0,True,/home/wms/AF2-test/AF2-CatGraph/results/AqTMK/02_template_guided_docking/complexes/AqTMK_58_complex.pdb
59,AqTMK_59,AqTMK_59_complex.pdb,AqTMK,59,AqTMK.AF2rank59.pdb,AqTMK.AF2rank59,/home/wms/AF2-test/AF2-CatGraph/data/AqTMK/01_af2_new/AqTMK.AF2rank59.pdb,/home/wms/AF2-test/AF2-CatGraph/results/AqTMK/02_template_guided_docking/complexes/AqTMK_59_complex.pdb,/home/wms/AF2-test/AF2-CatGraph/data/AqTMK/02_templates/template.pdb,/home/wms/AF2-test/AF2-CatGraph/data/AqTMK/02_templates/ATP.pdb;/home/wms/AF2-test/AF2-CatGraph/data/AqTMK/02_templates/TMP.pdb;/home/wms/AF2-test/AF2-CatGraph/data/AqTMK/02_templates/MG.pdb,results/AqTMK/02_template_guided_docking/tables/AqTMK_step02_ligand_order_manifest.csv,/home/wms/AF2-test/AF2-CatGraph/data/AqTMK/02_templates/ATP.pdb;/home/wms/AF2-test/AF2-CatGraph/data/AqTMK/02_templates/TMP.pdb;/home/wms/AF2-test/AF2-CatGraph/data/AqTMK/02_templates/MG.pdb,ATP;TMP;MG,untrimmed_input,3,21,standard,dock_py_exact,True,single_chain_same_length_same_ordered_sequence,195,1.0,1.0,,passed,,1578,21,4,1.040826488411958,2.0693477966170493,2.0693477966170493,10,True,"(0.0, 0.0, 0.0)",collision_py_exact,5.0,6.0,19,92.12526315789474,95.81,86.012,57.44,98.44,90.0,80.0,True,/home/wms/AF2-test/AF2-CatGraph/results/AqTMK/02_template_guided_docking/complexes/AqTMK_59_complex.pdb
60,AqTMK_60,AqTMK_60_complex.pdb,AqTMK,60,AqTMK.AF2rank60.pdb,AqTMK.AF2rank60,/home/wms/AF2-test/AF2-CatGraph/data/AqTMK/01_af2_new/AqTMK.AF2rank60.pdb,/home/wms/AF2-test/AF2-CatGraph/results/AqTMK/02_template_guided_docking/complexes/AqTMK_60_complex.pdb,/home/wms/AF2-test/AF2-CatGraph/data/AqTMK/02_templates/template.pdb,/home/wms/AF2-test/AF2-CatGraph/data/AqTMK/02_templates/ATP.pdb;/home/wms/AF2-test/AF2-CatGraph/data/AqTMK/02_templates/TMP.pdb;/home/wms/AF2-test/AF2-CatGraph/data/AqTMK/02_templates/MG.pdb,results/AqTMK/02_template_guided_docking/tables/AqTMK_step02_ligand_order_manifest.csv,/home/wms/AF2-test/AF2-CatGraph/data/AqTMK/02_templates/ATP.pdb;/home/wms/AF2-test/AF2-CatGraph/data/AqTMK/02_templates/TMP.pdb;/home/wms/AF2-test/AF2-CatGraph/data/AqTMK/02_templates/MG.pdb,ATP;TMP;MG,untrimmed_input,3,21,standard,dock_py_exact,True,single_chain_same_length_same_ordered_sequence,195,1.0,1.0,,passed,,1578,21,10,2.961254943217751,2.0323234309650773,2.0323234309650773,10,True,"(0.0, 0.0, 0.0)",collision_py_exact,5.0,6.0,22,91.63363636363637,95.155,85.575,64.88,98.38,90.0,80.0,True,/home/wms/AF2-test/AF2-CatGraph/results/AqTMK/02_template_guided_docking/complexes/AqTMK_60_complex.pdb
62,AqTMK_62,AqTMK_62_complex.pdb,AqTMK,62,AqTMK.AF2rank62.pdb,AqTMK.AF2rank62,/home/wms/AF2-test/AF2-CatGraph/data/AqTMK/01_af2_new/AqTMK.AF2rank62.pdb,/home/wms/AF2-test/AF2-CatGraph/results/AqTMK/02_template_guided_docking/complexes/AqTMK_62_complex.pdb,/home/wms/AF2-test/AF2-CatGraph/data/AqTMK/02_templates/template.pdb,/home/wms/AF2-test/AF2-CatGraph/data/AqTMK/02_templates/ATP.pdb;/home/wms/AF2-test/AF2-CatGraph/data/AqTMK/02_templates/TMP.pdb;/home/wms/AF2-test/AF2-CatGraph/data/AqTMK/02_templates/MG.pdb,results/AqTMK/02_template_guided_docking/tables/AqTMK_step02_ligand_order_manifest.csv,/home/wms/AF2-test/AF2-CatGraph/data/AqTMK/02_templates/ATP.pdb;/home/wms/AF2-test/AF2-CatGraph/data/AqTMK/02_templates/TMP.pdb;/home/wms/AF2-test/AF2-CatGraph/data/AqTMK/02_templates/MG.pdb,ATP;TMP;MG,untrimmed_input,3,21,standard,dock_py_exact,True,single_chain_same_length_same_ordered_sequence,195,1.0,1.0,,passed,,1578,21,2,0.4805899492978471,2.1393892342818583,2.1393892342818583,10,True,"(0.0, 0.0, 0.0)",collision_py_exact,5.0,6.0,21,91.36999999999999,95.31,82.62,56.53,98.44,90.0,80.0,True,/home/wms/AF2-test/AF2-CatGraph/results/AqTMK/02_template_guided_docking/complexes/AqTMK_62_complex.pdb
63,AqTMK_63,AqTMK_63_complex.pdb,AqTMK,63,AqTMK.AF2rank63.pdb,AqTMK.AF2rank63,/home/wms/AF2-test/AF2-CatGraph/data/AqTMK/01_af2_new/AqTMK.AF2rank63.pdb,/home/wms/AF2-test/AF2-CatGraph/results/AqTMK/02_template_guided_docking/complexes/AqTMK_63_complex.pdb,/home/wms/AF2-test/AF2-CatGraph/data/AqTMK/02_templates/template.pdb,/home/wms/AF2-test/AF2-CatGraph/data/AqTMK/02_templates/ATP.pdb;/home/wms/AF2-test/AF2-CatGraph/data/AqTMK/02_templates/TMP.pdb;/home/wms/AF2-test/AF2-CatGraph/data/AqTMK/02_templates/MG.pdb,results/AqTMK/02_template_guided_docking/tables/AqTMK_step02_ligand_order_manifest.csv,/home/wms/AF2-test/AF2-CatGraph/data/AqTMK/02_templates/ATP.pdb;/home/wms/AF2-test/AF2-CatGraph/data/AqTMK/02_templates/TMP.pdb;/home/wms/AF2-test/AF2-CatGraph/data/AqTMK/02_templates/MG.pdb,ATP;TMP;MG,untrimmed_input,3,21,standard,dock_py_exact,True,single_chain_same_length_same_ordered_sequence,195,1.0,1.0,,passed,,1578,21,2,0.5993303178163991,2.06524124186596,2.06524124186596,10,True,"(0.0, 0.0, 0.0)",collision_py_exact,5.0,6.0,20,92.119,95.625,85.504,50.19,98.5,90.0,80.0,True,/home/wms/AF2-test/AF2-CatGraph/results/AqTMK/02_template_guided_docking/complexes/AqTMK_63_complex.pdb
65,AqTMK_65,AqTMK_65_complex.pdb,AqTMK,65,AqTMK.AF2rank65.pdb,AqTMK.AF2rank65,/home/wms/AF2-test/AF2-CatGraph/data/AqTMK/01_af2_new/AqTMK.AF2rank65.pdb,/home/wms/AF2-test/AF2-CatGraph/results/AqTMK/02_template_guided_docking/complexes/AqTMK_65_complex.pdb,/home/wms/AF2-test/AF2-CatGraph/data/AqTMK/02_templates/template.pdb,/home/wms/AF2-test/AF2-CatGraph/data/AqTMK/02_templates/ATP.pdb;/home/wms/AF2-test/AF2-CatGraph/data/AqTMK/02_templates/TMP.pdb;/home/wms/AF2-test/AF2-CatGraph/data/AqTMK/02_templates/MG.pdb,results/AqTMK/02_template_guided_docking/tables/AqTMK_step02_ligand_order_manifest.csv,/home/wms/AF2-test/AF2-CatGraph/data/AqTMK/02_templates/ATP.pdb;/home/wms/AF2-test/AF2-CatGraph/data/AqTMK/02_templates/TMP.pdb;/home/wms/AF2-test/AF2-CatGraph/data/AqTMK/02_templates/MG.pdb,ATP;TMP;MG,untrimmed_input,3,21,standard,dock_py_exact,True,single_chain_same_length_same_ordered_sequence,195,1.0,1.0,,passed,,1578,21,6,2.0482527921846048,2.016996443963312,2.016996443963312,10,True,"(0.0, 0.0, 0.0)",collision_py_exact,5.0,6.0,24,92.97958333333334,94.625,89.259,76.31,98.44,90.0,80.0,True,/home/wms/AF2-test/AF2-CatGraph/results/AqTMK/02_template_guided_docking/complexes/AqTMK_65_complex.pdb
66,AqTMK_66,AqTMK_66_complex.pdb,AqTMK,66,AqTMK.AF2rank66.pdb,AqTMK.AF2rank66,/home/wms/AF2-test/AF2-CatGraph/data/AqTMK/01_af2_new/AqTMK.AF2rank66.pdb,/home/wms/AF2-test/AF2-CatGraph/results/AqTMK/02_template_guided_docking/complexes/AqTMK_66_complex.pdb,/home/wms/AF2-test/AF2-CatGraph/data/AqTMK/02_templates/template.pdb,/home/wms/AF2-test/AF2-CatGraph/data/AqTMK/02_templates/ATP.pdb;/home/wms/AF2-test/AF2-CatGraph/data/AqTMK/02_templates/TMP.pdb;/home/wms/AF2-test/AF2-CatGraph/data/AqTMK/02_templates/MG.pdb,results/AqTMK/02_template_guided_docking/tables/AqTMK_step02_ligand_order_manifest.csv,/home/wms/AF2-test/AF2-CatGraph/data/AqTMK/02_templates/ATP.pdb;/home/wms/AF2-test/AF2-CatGraph/data/AqTMK/02_templates/TMP.pdb;/home/wms/AF2-test/AF2-CatGraph/data/AqTMK/02_templates/MG.pdb,ATP;TMP;MG,untrimmed_input,3,21,standard,dock_py_exact,True,single_chain_same_length_same_ordered_sequence,195,1.0,1.0,,passed,,1578,21,4,0.7916776440654756,2.054806290246887,2.054806290246887,10,True,"(0.0, 0.0, 0.0)",collision_py_exact,5.0,6.0,20,90.44800000000001,93.94,81.14,64.31,98.19,90.0,80.0,True,/home/wms/AF2-test/AF2-CatGraph/results/AqTMK/02_template_guided_docking/complexes/AqTMK_66_complex.pdb
68,AqTMK_68,AqTMK_68_complex.pdb,AqTMK,68,AqTMK.AF2rank68.pdb,AqTMK.AF2rank68,/home/wms/AF2-test/AF2-CatGraph/data/AqTMK/01_af2_new/AqTMK.AF2rank68.pdb,/home/wms/AF2-test/AF2-CatGraph/results/AqTMK/02_template_guided_docking/complexes/AqTMK_68_complex.pdb,/home/wms/AF2-test/AF2-CatGraph/data/AqTMK/02_templates/template.pdb,/home/wms/AF2-test/AF2-CatGraph/data/AqTMK/02_templates/ATP.pdb;/home/wms/AF2-test/AF2-CatGraph/data/AqTMK/02_templates/TMP.pdb;/home/wms/AF2-test/AF2-CatGraph/data/AqTMK/02_templates/MG.pdb,results/AqTMK/02_template_guided_docking/tables/AqTMK_step02_ligand_order_manifest.csv,/home/wms/AF2-test/AF2-CatGraph/data/AqTMK/02_templates/ATP.pdb;/home/wms/AF2-test/AF2-CatGraph/data/AqTMK/02_templates/TMP.pdb;/home/wms/AF2-test/AF2-CatGraph/data/AqTMK/02_templates/MG.pdb,ATP;TMP;MG,untrimmed_input,3,21,standard,dock_py_exact,True,single_chain_same_length_same_ordered_sequence,195,1.0,1.0,,passed,,1578,21,4,0.9709756381945946,2.0767882867693914,2.0767882867693914,10,True,"(0.0, 0.0, 0.0)",collision_py_exact,5.0,6.0,20,91.80300000000001,95.56,85.458,48.59,98.31,90.0,80.0,True,/home/wms/AF2-test/AF2-CatGraph/results/AqTMK/02_template_guided_docking/complexes/AqTMK_68_complex.pdb
69,AqTMK_69,AqTMK_69_complex.pdb,AqTMK,69,AqTMK.AF2rank69.pdb,AqTMK.AF2rank69,/home/wms/AF2-test/AF2-CatGraph/data/AqTMK/01_af2_new/AqTMK.AF2rank69.pdb,/home/wms/AF2-test/AF2-CatGraph/results/AqTMK/02_template_guided_docking/complexes/AqTMK_69_complex.pdb,/home/wms/AF2-test/AF2-CatGraph/data/AqTMK/02_templates/template.pdb,/home/wms/AF2-test/AF2-CatGraph/data/AqTMK/02_templates/ATP.pdb;/home/wms/AF2-test/AF2-CatGraph/data/AqTMK/02_templates/TMP.pdb;/home/wms/AF2-test/AF2-CatGraph/data/AqTMK/02_templates/MG.pdb,results/AqTMK/02_template_guided_docking/tables/AqTMK_step02_ligand_order_manifest.csv,/home/wms/AF2-test/AF2-CatGraph/data/AqTMK/02_templates/ATP.pdb;/home/wms/AF2-test/AF2-CatGraph/data/AqTMK/02_templates/TMP.pdb;/home/wms/AF2-test/AF2-CatGraph/data/AqTMK/02_templates/MG.pdb,ATP;TMP;MG,untrimmed_input,3,21,standard,dock_py_exact,True,single_chain_same_length_same_ordered_sequence,195,1.0,1.0,,passed,,1578,21,2,0.5024046262352737,2.1377474863452663,2.1377474863452663,10,True,"(0.0, 0.0, 0.0)",collision_py_exact,5.0,6.0,19,91.50157894736843,95.19,85.654,48.88,98.38,90.0,80.0,True,/home/wms/AF2-test/AF2-CatGraph/results/AqTMK/02_template_guided_docking/complexes/AqTMK_69_complex.pdb
70,AqTMK_70,AqTMK_70_complex.pdb,AqTMK,70,AqTMK.AF2rank70.pdb,AqTMK.AF2rank70,/home/wms/AF2-test/AF2-CatGraph/data/AqTMK/01_af2_new/AqTMK.AF2rank70.pdb,/home/wms/AF2-test/AF2-CatGraph/results/AqTMK/02_template_guided_docking/complexes/AqTMK_70_complex.pdb,/home/wms/AF2-test/AF2-CatGraph/data/AqTMK/02_templates/template.pdb,/home/wms/AF2-test/AF2-CatGraph/data/AqTMK/02_templates/ATP.pdb;/home/wms/AF2-test/AF2-CatGraph/data/AqTMK/02_templates/TMP.pdb;/home/wms/AF2-test/AF2-CatGraph/data/AqTMK/02_templates/MG.pdb,results/AqTMK/02_template_guided_docking/tables/AqTMK_step02_ligand_order_manifest.csv,/home/wms/AF2-test/AF2-CatGraph/data/AqTMK/02_templates/ATP.pdb;/home/wms/AF2-test/AF2-CatGraph/data/AqTMK/02_templates/TMP.pdb;/home/wms/AF2-test/AF2-CatGraph/data/AqTMK/02_templates/MG.pdb,ATP;TMP;MG,untrimmed_input,3,21,standard,dock_py_exact,True,single_chain_same_length_same_ordered_sequence,195,1.0,1.0,,passed,,1578,21,4,1.071643866712432,2.000371939600789,2.000371939600789,10,True,"(0.0, 0.0, 0.0)",collision_py_exact,5.0,6.0,21,90.93142857142857,95.62,82.38,53.38,98.31,90.0,80.0,True,/home/wms/AF2-test/AF2-CatGraph/results/AqTMK/02_template_guided_docking/complexes/AqTMK_70_complex.pdb
72,AqTMK_72,AqTMK_72_complex.pdb,AqTMK,72,AqTMK.AF2rank72.pdb,AqTMK.AF2rank72,/home/wms/AF2-test/AF2-CatGraph/data/AqTMK/01_af2_new/AqTMK.AF2rank72.pdb,/home/wms/AF2-test/AF2-CatGraph/results/AqTMK/02_template_guided_docking/complexes/AqTMK_72_complex.pdb,/home/wms/AF2-test/AF2-CatGraph/data/AqTMK/02_templates/template.pdb,/home/wms/AF2-test/AF2-CatGraph/data/AqTMK/02_templates/ATP.pdb;/home/wms/AF2-test/AF2-CatGraph/data/AqTMK/02_templates/TMP.pdb;/home/wms/AF2-test/AF2-CatGraph/data/AqTMK/02_templates/MG.pdb,results/AqTMK/02_template_guided_docking/tables/AqTMK_step02_ligand_order_manifest.csv,/home/wms/AF2-test/AF2-CatGraph/data/AqTMK/02_templates/ATP.pdb;/home/wms/AF2-test/AF2-CatGraph/data/AqTMK/02_templates/TMP.pdb;/home/wms/AF2-test/AF2-CatGraph/data/AqTMK/02_templates/MG.pdb,ATP;TMP;MG,untrimmed_input,3,21,standard,dock_py_exact,True,single_chain_same_length_same_ordered_sequence,195,1.0,1.0,,passed,,1578,21,4,0.8116641532370559,2.06582004391309,2.06582004391309,10,True,"(0.0, 0.0, 0.0)",collision_py_exact,5.0,6.0,20,91.9275,95.595,85.804,47.72,98.44,90.0,80.0,True,/home/wms/AF2-test/AF2-CatGraph/results/AqTMK/02_template_guided_docking/complexes/AqTMK_72_complex.pdb
73,AqTMK_73,AqTMK_73_complex.pdb,AqTMK,73,AqTMK.AF2rank73.pdb,AqTMK.AF2rank73,/home/wms/AF2-test/AF2-CatGraph/data/AqTMK/01_af2_new/AqTMK.AF2rank73.pdb,/home/wms/AF2-test/AF2-CatGraph/results/AqTMK/02_template_guided_docking/complexes/AqTMK_73_complex.pdb,/home/wms/AF2-test/AF2-CatGraph/data/AqTMK/02_templates/template.pdb,/home/wms/AF2-test/AF2-CatGraph/data/AqTMK/02_templates/ATP.pdb;/home/wms/AF2-test/AF2-CatGraph/data/AqTMK/02_templates/TMP.pdb;/home/wms/AF2-test/AF2-CatGraph/data/AqTMK/02_templates/MG.pdb,results/AqTMK/02_template_guided_docking/tables/AqTMK_step02_ligand_order_manifest.csv,/home/wms/AF2-test/AF2-CatGraph/data/AqTMK/02_templates/ATP.pdb;/home/wms/AF2-test/AF2-CatGraph/data/AqTMK/02_templates/TMP.pdb;/home/wms/AF2-test/AF2-CatGraph/data/AqTMK/02_templates/MG.pdb,ATP;TMP;MG,untrimmed_input,3,21,standard,dock_py_exact,True,single_chain_same_length_same_ordered_sequence,195,1.0,1.0,,passed,,1578,21,3,0.6270267946925507,2.0636330633041258,2.0636330633041258,10,True,"(0.0, 0.0, 0.0)",collision_py_exact,5.0,6.0,19,91.12421052631578,94.44,86.092,49.09,98.19,90.0,80.0,True,/home/wms/AF2-test/AF2-CatGraph/results/AqTMK/02_template_guided_docking/complexes/AqTMK_73_complex.pdb
76,AqTMK_76,AqTMK_76_complex.pdb,AqTMK,76,AqTMK.AF2rank76.pdb,AqTMK.AF2rank76,/home/wms/AF2-test/AF2-CatGraph/data/AqTMK/01_af2_new/AqTMK.AF2rank76.pdb,/home/wms/AF2-test/AF2-CatGraph/results/AqTMK/02_template_guided_docking/complexes/AqTMK_76_complex.pdb,/home/wms/AF2-test/AF2-CatGraph/data/AqTMK/02_templates/template.pdb,/home/wms/AF2-test/AF2-CatGraph/data/AqTMK/02_templates/ATP.pdb;/home/wms/AF2-test/AF2-CatGraph/data/AqTMK/02_templates/TMP.pdb;/home/wms/AF2-test/AF2-CatGraph/data/AqTMK/02_templates/MG.pdb,results/AqTMK/02_template_guided_docking/tables/AqTMK_step02_ligand_order_manifest.csv,/home/wms/AF2-test/AF2-CatGraph/data/AqTMK/02_templates/ATP.pdb;/home/wms/AF2-test/AF2-CatGraph/data/AqTMK/02_templates/TMP.pdb;/home/wms/AF2-test/AF2-CatGraph/data/AqTMK/02_templates/MG.pdb,ATP;TMP;MG,untrimmed_input,3,21,standard,dock_py_exact,True,single_chain_same_length_same_ordered_sequence,195,1.0,1.0,,passed,,1578,21,3,0.6378921402269278,2.0640756304675816,2.0640756304675816,10,True,"(0.0, 0.0, 0.0)",collision_py_exact,5.0,6.0,20,93.57450000000001,94.655,87.254,83.88,98.12,90.0,80.0,True,/home/wms/AF2-test/AF2-CatGraph/results/AqTMK/02_template_guided_docking/complexes/AqTMK_76_complex.pdb
77,AqTMK_77,AqTMK_77_complex.pdb,AqTMK,77,AqTMK.AF2rank77.pdb,AqTMK.AF2rank77,/home/wms/AF2-test/AF2-CatGraph/data/AqTMK/01_af2_new/AqTMK.AF2rank77.pdb,/home/wms/AF2-test/AF2-CatGraph/results/AqTMK/02_template_guided_docking/complexes/AqTMK_77_complex.pdb,/home/wms/AF2-test/AF2-CatGraph/data/AqTMK/02_templates/template.pdb,/home/wms/AF2-test/AF2-CatGraph/data/AqTMK/02_templates/ATP.pdb;/home/wms/AF2-test/AF2-CatGraph/data/AqTMK/02_templates/TMP.pdb;/home/wms/AF2-test/AF2-CatGraph/data/AqTMK/02_templates/MG.pdb,results/AqTMK/02_template_guided_docking/tables/AqTMK_step02_ligand_order_manifest.csv,/home/wms/AF2-test/AF2-CatGraph/data/AqTMK/02_templates/ATP.pdb;/home/wms/AF2-test/AF2-CatGraph/data/AqTMK/02_templates/TMP.pdb;/home/wms/AF2-test/AF2-CatGraph/data/AqTMK/02_templates/MG.pdb,ATP;TMP;MG,untrimmed_input,3,21,standard,dock_py_exact,True,single_chain_same_length_same_ordered_sequence,195,1.0,1.0,,passed,,1578,21,5,1.5917052610761937,2.1166870699929103,2.1166870699929103,10,True,"(0.0, 0.0, 0.0)",collision_py_exact,5.0,6.0,25,92.1468,93.25,83.738,77.81,98.31,90.0,80.0,True,/home/wms/AF2-test/AF2-CatGraph/results/AqTMK/02_template_guided_docking/complexes/AqTMK_77_complex.pdb
79,AqTMK_79,AqTMK_79_complex.pdb,AqTMK,79,AqTMK.AF2rank79.pdb,AqTMK.AF2rank79,/home/wms/AF2-test/AF2-CatGraph/data/AqTMK/01_af2_new/AqTMK.AF2rank79.pdb,/home/wms/AF2-test/AF2-CatGraph/results/AqTMK/02_template_guided_docking/complexes/AqTMK_79_complex.pdb,/home/wms/AF2-test/AF2-CatGraph/data/AqTMK/02_templates/template.pdb,/home/wms/AF2-test/AF2-CatGraph/data/AqTMK/02_templates/ATP.pdb;/home/wms/AF2-test/AF2-CatGraph/data/AqTMK/02_templates/TMP.pdb;/home/wms/AF2-test/AF2-CatGraph/data/AqTMK/02_templates/MG.pdb,results/AqTMK/02_template_guided_docking/tables/AqTMK_step02_ligand_order_manifest.csv,/home/wms/AF2-test/AF2-CatGraph/data/AqTMK/02_templates/ATP.pdb;/home/wms/AF2-test/AF2-CatGraph/data/AqTMK/02_templates/TMP.pdb;/home/wms/AF2-test/AF2-CatGraph/data/AqTMK/02_templates/MG.pdb,ATP;TMP;MG,untrimmed_input,3,21,standard,dock_py_exact,True,single_chain_same_length_same_ordered_sequence,195,1.0,1.0,,passed,,1578,21,4,0.8889195949651048,2.105111143493915,2.105111143493915,10,True,"(0.0, 0.0, 0.0)",collision_py_exact,5.0,6.0,19,94.4278947368421,96.25,90.176,82.0,98.44,90.0,80.0,True,/home/wms/AF2-test/AF2-CatGraph/results/AqTMK/02_template_guided_docking/complexes/AqTMK_79_complex.pdb
81,AqTMK_81,AqTMK_81_complex.pdb,AqTMK,81,AqTMK.AF2rank81.pdb,AqTMK.AF2rank81,/home/wms/AF2-test/AF2-CatGraph/data/AqTMK/01_af2_new/AqTMK.AF2rank81.pdb,/home/wms/AF2-test/AF2-CatGraph/results/AqTMK/02_template_guided_docking/complexes/AqTMK_81_complex.pdb,/home/wms/AF2-test/AF2-CatGraph/data/AqTMK/02_templates/template.pdb,/home/wms/AF2-test/AF2-CatGraph/data/AqTMK/02_templates/ATP.pdb;/home/wms/AF2-test/AF2-CatGraph/data/AqTMK/02_templates/TMP.pdb;/home/wms/AF2-test/AF2-CatGraph/data/AqTMK/02_templates/MG.pdb,results/AqTMK/02_template_guided_docking/tables/AqTMK_step02_ligand_order_manifest.csv,/home/wms/AF2-test/AF2-CatGraph/data/AqTMK/02_templates/ATP.pdb;/home/wms/AF2-test/AF2-CatGraph/data/AqTMK/02_templates/TMP.pdb;/home/wms/AF2-test/AF2-CatGraph/data/AqTMK/02_templates/MG.pdb,ATP;TMP;MG,untrimmed_input,3,21,standard,dock_py_exact,True,single_chain_same_length_same_ordered_sequence,195,1.0,1.0,,passed,,1578,21,4,0.7716397882988995,2.096163416832877,2.096163416832877,10,True,"(0.0, 0.0, 0.0)",collision_py_exact,5.0,6.0,18,93.90555555555555,95.66,88.832,83.31,98.38,90.0,80.0,True,/home/wms/AF2-test/AF2-CatGraph/results/AqTMK/02_template_guided_docking/complexes/AqTMK_81_complex.pdb
82,AqTMK_82,AqTMK_82_complex.pdb,AqTMK,82,AqTMK.AF2rank82.pdb,AqTMK.AF2rank82,/home/wms/AF2-test/AF2-CatGraph/data/AqTMK/01_af2_new/AqTMK.AF2rank82.pdb,/home/wms/AF2-test/AF2-CatGraph/results/AqTMK/02_template_guided_docking/complexes/AqTMK_82_complex.pdb,/home/wms/AF2-test/AF2-CatGraph/data/AqTMK/02_templates/template.pdb,/home/wms/AF2-test/AF2-CatGraph/data/AqTMK/02_templates/ATP.pdb;/home/wms/AF2-test/AF2-CatGraph/data/AqTMK/02_templates/TMP.pdb;/home/wms/AF2-test/AF2-CatGraph/data/AqTMK/02_templates/MG.pdb,results/AqTMK/02_template_guided_docking/tables/AqTMK_step02_ligand_order_manifest.csv,/home/wms/AF2-test/AF2-CatGraph/data/AqTMK/02_templates/ATP.pdb;/home/wms/AF2-test/AF2-CatGraph/data/AqTMK/02_templates/TMP.pdb;/home/wms/AF2-test/AF2-CatGraph/data/AqTMK/02_templates/MG.pdb,ATP;TMP;MG,untrimmed_input,3,21,standard,dock_py_exact,True,single_chain_same_length_same_ordered_sequence,195,1.0,1.0,,passed,,1578,21,3,0.6022076069075593,2.129364383354637,2.129364383354637,10,True,"(0.0, 0.0, 0.0)",collision_py_exact,5.0,6.0,20,92.24100000000001,95.28,85.50399999999999,57.88,98.44,90.0,80.0,True,/home/wms/AF2-test/AF2-CatGraph/results/AqTMK/02_template_guided_docking/complexes/AqTMK_82_complex.pdb
84,AqTMK_84,AqTMK_84_complex.pdb,AqTMK,84,AqTMK.AF2rank84.pdb,AqTMK.AF2rank84,/home/wms/AF2-test/AF2-CatGraph/data/AqTMK/01_af2_new/AqTMK.AF2rank84.pdb,/home/wms/AF2-test/AF2-CatGraph/results/AqTMK/02_template_guided_docking/complexes/AqTMK_84_complex.pdb,/home/wms/AF2-test/AF2-CatGraph/data/AqTMK/02_templates/template.pdb,/home/wms/AF2-test/AF2-CatGraph/data/AqTMK/02_templates/ATP.pdb;/home/wms/AF2-test/AF2-CatGraph/data/AqTMK/02_templates/TMP.pdb;/home/wms/AF2-test/AF2-CatGraph/data/AqTMK/02_templates/MG.pdb,results/AqTMK/02_template_guided_docking/tables/AqTMK_step02_ligand_order_manifest.csv,/home/wms/AF2-test/AF2-CatGraph/data/AqTMK/02_templates/ATP.pdb;/home/wms/AF2-test/AF2-CatGraph/data/AqTMK/02_templates/TMP.pdb;/home/wms/AF2-test/AF2-CatGraph/data/AqTMK/02_templates/MG.pdb,ATP;TMP;MG,untrimmed_input,3,21,standard,dock_py_exact,True,single_chain_same_length_same_ordered_sequence,195,1.0,1.0,,passed,,1578,21,9,2.6214342687422696,1.99976309344083,1.99976309344083,10,True,"(0.0, 0.0, 0.0)",collision_py_exact,5.0,6.0,23,90.96521739130434,95.0,84.386,53.69,98.0,90.0,80.0,True,/home/wms/AF2-test/AF2-CatGraph/results/AqTMK/02_template_guided_docking/complexes/AqTMK_84_complex.pdb
85,AqTMK_85,AqTMK_85_complex.pdb,AqTMK,85,AqTMK.AF2rank85.pdb,AqTMK.AF2rank85,/home/wms/AF2-test/AF2-CatGraph/data/AqTMK/01_af2_new/AqTMK.AF2rank85.pdb,/home/wms/AF2-test/AF2-CatGraph/results/AqTMK/02_template_guided_docking/complexes/AqTMK_85_complex.pdb,/home/wms/AF2-test/AF2-CatGraph/data/AqTMK/02_templates/template.pdb,/home/wms/AF2-test/AF2-CatGraph/data/AqTMK/02_templates/ATP.pdb;/home/wms/AF2-test/AF2-CatGraph/data/AqTMK/02_templates/TMP.pdb;/home/wms/AF2-test/AF2-CatGraph/data/AqTMK/02_templates/MG.pdb,results/AqTMK/02_template_guided_docking/tables/AqTMK_step02_ligand_order_manifest.csv,/home/wms/AF2-test/AF2-CatGraph/data/AqTMK/02_templates/ATP.pdb;/home/wms/AF2-test/AF2-CatGraph/data/AqTMK/02_templates/TMP.pdb;/home/wms/AF2-test/AF2-CatGraph/data/AqTMK/02_templates/MG.pdb,ATP;TMP;MG,untrimmed_input,3,21,standard,dock_py_exact,True,single_chain_same_length_same_ordered_sequence,195,1.0,1.0,,passed,,1578,21,4,1.0439419914030434,2.0391195279189915,2.0391195279189915,10,True,"(0.0, 0.0, 0.0)",collision_py_exact,5.0,6.0,19,93.55842105263156,94.81,88.76,83.12,98.12,90.0,80.0,True,/home/wms/AF2-test/AF2-CatGraph/results/AqTMK/02_template_guided_docking/complexes/AqTMK_85_complex.pdb
87,AqTMK_87,AqTMK_87_complex.pdb,AqTMK,87,AqTMK.AF2rank87.pdb,AqTMK.AF2rank87,/home/wms/AF2-test/AF2-CatGraph/data/AqTMK/01_af2_new/AqTMK.AF2rank87.pdb,/home/wms/AF2-test/AF2-CatGraph/results/AqTMK/02_template_guided_docking/complexes/AqTMK_87_complex.pdb,/home/wms/AF2-test/AF2-CatGraph/data/AqTMK/02_templates/template.pdb,/home/wms/AF2-test/AF2-CatGraph/data/AqTMK/02_templates/ATP.pdb;/home/wms/AF2-test/AF2-CatGraph/data/AqTMK/02_templates/TMP.pdb;/home/wms/AF2-test/AF2-CatGraph/data/AqTMK/02_templates/MG.pdb,results/AqTMK/02_template_guided_docking/tables/AqTMK_step02_ligand_order_manifest.csv,/home/wms/AF2-test/AF2-CatGraph/data/AqTMK/02_templates/ATP.pdb;/home/wms/AF2-test/AF2-CatGraph/data/AqTMK/02_templates/TMP.pdb;/home/wms/AF2-test/AF2-CatGraph/data/AqTMK/02_templates/MG.pdb,ATP;TMP;MG,untrimmed_input,3,21,standard,dock_py_exact,True,single_chain_same_length_same_ordered_sequence,195,1.0,1.0,,passed,,1578,21,5,0.8966290091571532,2.1494793441491677,2.1494793441491677,10,True,"(0.0, 0.0, 0.0)",collision_py_exact,5.0,6.0,19,91.59368421052632,95.19,87.06,48.66,98.44,90.0,80.0,True,/home/wms/AF2-test/AF2-CatGraph/results/AqTMK/02_template_guided_docking/complexes/AqTMK_87_complex.pdb
88,AqTMK_88,AqTMK_88_complex.pdb,AqTMK,88,AqTMK.AF2rank88.pdb,AqTMK.AF2rank88,/home/wms/AF2-test/AF2-CatGraph/data/AqTMK/01_af2_new/AqTMK.AF2rank88.pdb,/home/wms/AF2-test/AF2-CatGraph/results/AqTMK/02_template_guided_docking/complexes/AqTMK_88_complex.pdb,/home/wms/AF2-test/AF2-CatGraph/data/AqTMK/02_templates/template.pdb,/home/wms/AF2-test/AF2-CatGraph/data/AqTMK/02_templates/ATP.pdb;/home/wms/AF2-test/AF2-CatGraph/data/AqTMK/02_templates/TMP.pdb;/home/wms/AF2-test/AF2-CatGraph/data/AqTMK/02_templates/MG.pdb,results/AqTMK/02_template_guided_docking/tables/AqTMK_step02_ligand_order_manifest.csv,/home/wms/AF2-test/AF2-CatGraph/data/AqTMK/02_templates/ATP.pdb;/home/wms/AF2-test/AF2-CatGraph/data/AqTMK/02_templates/TMP.pdb;/home/wms/AF2-test/AF2-CatGraph/data/AqTMK/02_templates/MG.pdb,ATP;TMP;MG,untrimmed_input,3,21,standard,dock_py_exact,True,single_chain_same_length_same_ordered_sequence,195,1.0,1.0,,passed,,1578,21,4,1.253690700961191,2.003060688098413,2.003060688098413,10,True,"(0.0, 0.0, 0.0)",collision_py_exact,5.0,6.0,24,91.39874999999999,94.125,87.232,66.38,98.44,90.0,80.0,True,/home/wms/AF2-test/AF2-CatGraph/results/AqTMK/02_template_guided_docking/complexes/AqTMK_88_complex.pdb
89,AqTMK_89,AqTMK_89_complex.pdb,AqTMK,89,AqTMK.AF2rank89.pdb,AqTMK.AF2rank89,/home/wms/AF2-test/AF2-CatGraph/data/AqTMK/01_af2_new/AqTMK.AF2rank89.pdb,/home/wms/AF2-test/AF2-CatGraph/results/AqTMK/02_template_guided_docking/complexes/AqTMK_89_complex.pdb,/home/wms/AF2-test/AF2-CatGraph/data/AqTMK/02_templates/template.pdb,/home/wms/AF2-test/AF2-CatGraph/data/AqTMK/02_templates/ATP.pdb;/home/wms/AF2-test/AF2-CatGraph/data/AqTMK/02_templates/TMP.pdb;/home/wms/AF2-test/AF2-CatGraph/data/AqTMK/02_templates/MG.pdb,results/AqTMK/02_template_guided_docking/tables/AqTMK_step02_ligand_order_manifest.csv,/home/wms/AF2-test/AF2-CatGraph/data/AqTMK/02_templates/ATP.pdb;/home/wms/AF2-test/AF2-CatGraph/data/AqTMK/02_templates/TMP.pdb;/home/wms/AF2-test/AF2-CatGraph/data/AqTMK/02_templates/MG.pdb,ATP;TMP;MG,untrimmed_input,3,21,standard,dock_py_exact,True,single_chain_same_length_same_ordered_sequence,195,1.0,1.0,,passed,,1578,21,2,0.5744591268237631,2.0865653943396745,2.0865653943396745,10,True,"(0.0, 0.0, 0.0)",collision_py_exact,5.0,6.0,20,94.10650000000001,95.69,89.506,82.75,98.19,90.0,80.0,True,/home/wms/AF2-test/AF2-CatGraph/results/AqTMK/02_template_guided_docking/complexes/AqTMK_89_complex.pdb
91,AqTMK_91,AqTMK_91_complex.pdb,AqTMK,91,AqTMK.AF2rank91.pdb,AqTMK.AF2rank91,/home/wms/AF2-test/AF2-CatGraph/data/AqTMK/01_af2_new/AqTMK.AF2rank91.pdb,/home/wms/AF2-test/AF2-CatGraph/results/AqTMK/02_template_guided_docking/complexes/AqTMK_91_complex.pdb,/home/wms/AF2-test/AF2-CatGraph/data/AqTMK/02_templates/template.pdb,/home/wms/AF2-test/AF2-CatGraph/data/AqTMK/02_templates/ATP.pdb;/home/wms/AF2-test/AF2-CatGraph/data/AqTMK/02_templates/TMP.pdb;/home/wms/AF2-test/AF2-CatGraph/data/AqTMK/02_templates/MG.pdb,results/AqTMK/02_template_guided_docking/tables/AqTMK_step02_ligand_order_manifest.csv,/home/wms/AF2-test/AF2-CatGraph/data/AqTMK/02_templates/ATP.pdb;/home/wms/AF2-test/AF2-CatGraph/data/AqTMK/02_templates/TMP.pdb;/home/wms/AF2-test/AF2-CatGraph/data/AqTMK/02_templates/MG.pdb,ATP;TMP;MG,untrimmed_input,3,21,standard,dock_py_exact,True,single_chain_same_length_same_ordered_sequence,195,1.0,1.0,,passed,,1578,21,4,0.9461924925225342,2.049106073505619,2.049106073505619,10,True,"(0.0, 0.0, 0.0)",collision_py_exact,5.0,6.0,19,93.83526315789473,95.44,88.976,81.56,98.25,90.0,80.0,True,/home/wms/AF2-test/AF2-CatGraph/results/AqTMK/02_template_guided_docking/complexes/AqTMK_91_complex.pdb
92,AqTMK_92,AqTMK_92_complex.pdb,AqTMK,92,AqTMK.AF2rank92.pdb,AqTMK.AF2rank92,/home/wms/AF2-test/AF2-CatGraph/data/AqTMK/01_af2_new/AqTMK.AF2rank92.pdb,/home/wms/AF2-test/AF2-CatGraph/results/AqTMK/02_template_guided_docking/complexes/AqTMK_92_complex.pdb,/home/wms/AF2-test/AF2-CatGraph/data/AqTMK/02_templates/template.pdb,/home/wms/AF2-test/AF2-CatGraph/data/AqTMK/02_templates/ATP.pdb;/home/wms/AF2-test/AF2-CatGraph/data/AqTMK/02_templates/TMP.pdb;/home/wms/AF2-test/AF2-CatGraph/data/AqTMK/02_templates/MG.pdb,results/AqTMK/02_template_guided_docking/tables/AqTMK_step02_ligand_order_manifest.csv,/home/wms/AF2-test/AF2-CatGraph/data/AqTMK/02_templates/ATP.pdb;/home/wms/AF2-test/AF2-CatGraph/data/AqTMK/02_templates/TMP.pdb;/home/wms/AF2-test/AF2-CatGraph/data/AqTMK/02_templates/MG.pdb,ATP;TMP;MG,untrimmed_input,3,21,standard,dock_py_exact,True,single_chain_same_length_same_ordered_sequence,195,1.0,1.0,,passed,,1578,21,3,0.559054374910402,2.094476706305405,2.094476706305405,10,True,"(0.0, 0.0, 0.0)",collision_py_exact,5.0,6.0,21,92.19571428571429,95.0,86.56,56.0,98.12,90.0,80.0,True,/home/wms/AF2-test/AF2-CatGraph/results/AqTMK/02_template_guided_docking/complexes/AqTMK_92_complex.pdb
93,AqTMK_93,AqTMK_93_complex.pdb,AqTMK,93,AqTMK.AF2rank93.pdb,AqTMK.AF2rank93,/home/wms/AF2-test/AF2-CatGraph/data/AqTMK/01_af2_new/AqTMK.AF2rank93.pdb,/home/wms/AF2-test/AF2-CatGraph/results/AqTMK/02_template_guided_docking/complexes/AqTMK_93_complex.pdb,/home/wms/AF2-test/AF2-CatGraph/data/AqTMK/02_templates/template.pdb,/home/wms/AF2-test/AF2-CatGraph/data/AqTMK/02_templates/ATP.pdb;/home/wms/AF2-test/AF2-CatGraph/data/AqTMK/02_templates/TMP.pdb;/home/wms/AF2-test/AF2-CatGraph/data/AqTMK/02_templates/MG.pdb,results/AqTMK/02_template_guided_docking/tables/AqTMK_step02_ligand_order_manifest.csv,/home/wms/AF2-test/AF2-CatGraph/data/AqTMK/02_templates/ATP.pdb;/home/wms/AF2-test/AF2-CatGraph/data/AqTMK/02_templates/TMP.pdb;/home/wms/AF2-test/AF2-CatGraph/data/AqTMK/02_templates/MG.pdb,ATP;TMP;MG,untrimmed_input,3,21,standard,dock_py_exact,True,single_chain_same_length_same_ordered_sequence,195,1.0,1.0,,passed,,1578,21,4,0.8248931173808218,2.0824779174417523,2.0824779174417523,10,True,"(0.0, 0.0, 0.0)",collision_py_exact,5.0,6.0,21,90.76190476190476,94.31,81.88,63.25,98.19,90.0,80.0,True,/home/wms/AF2-test/AF2-CatGraph/results/AqTMK/02_template_guided_docking/complexes/AqTMK_93_complex.pdb
94,AqTMK_94,AqTMK_94_complex.pdb,AqTMK,94,AqTMK.AF2rank94.pdb,AqTMK.AF2rank94,/home/wms/AF2-test/AF2-CatGraph/data/AqTMK/01_af2_new/AqTMK.AF2rank94.pdb,/home/wms/AF2-test/AF2-CatGraph/results/AqTMK/02_template_guided_docking/complexes/AqTMK_94_complex.pdb,/home/wms/AF2-test/AF2-CatGraph/data/AqTMK/02_templates/template.pdb,/home/wms/AF2-test/AF2-CatGraph/data/AqTMK/02_templates/ATP.pdb;/home/wms/AF2-test/AF2-CatGraph/data/AqTMK/02_templates/TMP.pdb;/home/wms/AF2-test/AF2-CatGraph/data/AqTMK/02_templates/MG.pdb,results/AqTMK/02_template_guided_docking/tables/AqTMK_step02_ligand_order_manifest.csv,/home/wms/AF2-test/AF2-CatGraph/data/AqTMK/02_templates/ATP.pdb;/home/wms/AF2-test/AF2-CatGraph/data/AqTMK/02_templates/TMP.pdb;/home/wms/AF2-test/AF2-CatGraph/data/AqTMK/02_templates/MG.pdb,ATP;TMP;MG,untrimmed_input,3,21,standard,dock_py_exact,True,single_chain_same_length_same_ordered_sequence,195,1.0,1.0,,passed,,1578,21,8,2.1274035544535947,2.11090543593202,2.11090543593202,10,True,"(0.0, 0.0, 0.0)",collision_py_exact,5.0,6.0,22,90.82181818181817,95.155,83.66,54.25,98.12,90.0,80.0,True,/home/wms/AF2-test/AF2-CatGraph/results/AqTMK/02_template_guided_docking/complexes/AqTMK_94_complex.pdb
95,AqTMK_95,AqTMK_95_complex.pdb,AqTMK,95,AqTMK.AF2rank95.pdb,AqTMK.AF2rank95,/home/wms/AF2-test/AF2-CatGraph/data/AqTMK/01_af2_new/AqTMK.AF2rank95.pdb,/home/wms/AF2-test/AF2-CatGraph/results/AqTMK/02_template_guided_docking/complexes/AqTMK_95_complex.pdb,/home/wms/AF2-test/AF2-CatGraph/data/AqTMK/02_templates/template.pdb,/home/wms/AF2-test/AF2-CatGraph/data/AqTMK/02_templates/ATP.pdb;/home/wms/AF2-test/AF2-CatGraph/data/AqTMK/02_templates/TMP.pdb;/home/wms/AF2-test/AF2-CatGraph/data/AqTMK/02_templates/MG.pdb,results/AqTMK/02_template_guided_docking/tables/AqTMK_step02_ligand_order_manifest.csv,/home/wms/AF2-test/AF2-CatGraph/data/AqTMK/02_templates/ATP.pdb;/home/wms/AF2-test/AF2-CatGraph/data/AqTMK/02_templates/TMP.pdb;/home/wms/AF2-test/AF2-CatGraph/data/AqTMK/02_templates/MG.pdb,ATP;TMP;MG,untrimmed_input,3,21,standard,dock_py_exact,True,single_chain_same_length_same_ordered_sequence,195,1.0,1.0,,passed,,1578,21,3,0.9142466574807502,2.1327175622990984,2.1327175622990984,10,True,"(0.0, 0.0, 0.0)",collision_py_exact,5.0,6.0,20,91.799,95.125,86.808,53.56,98.12,90.0,80.0,True,/home/wms/AF2-test/AF2-CatGraph/results/AqTMK/02_template_guided_docking/complexes/AqTMK_95_complex.pdb
97,AqTMK_97,AqTMK_97_complex.pdb,AqTMK,97,AqTMK.AF2rank97.pdb,AqTMK.AF2rank97,/home/wms/AF2-test/AF2-CatGraph/data/AqTMK/01_af2_new/AqTMK.AF2rank97.pdb,/home/wms/AF2-test/AF2-CatGraph/results/AqTMK/02_template_guided_docking/complexes/AqTMK_97_complex.pdb,/home/wms/AF2-test/AF2-CatGraph/data/AqTMK/02_templates/template.pdb,/home/wms/AF2-test/AF2-CatGraph/data/AqTMK/02_templates/ATP.pdb;/home/wms/AF2-test/AF2-CatGraph/data/AqTMK/02_templates/TMP.pdb;/home/wms/AF2-test/AF2-CatGraph/data/AqTMK/02_templates/MG.pdb,results/AqTMK/02_template_guided_docking/tables/AqTMK_step02_ligand_order_manifest.csv,/home/wms/AF2-test/AF2-CatGraph/data/AqTMK/02_templates/ATP.pdb;/home/wms/AF2-test/AF2-CatGraph/data/AqTMK/02_templates/TMP.pdb;/home/wms/AF2-test/AF2-CatGraph/data/AqTMK/02_templates/MG.pdb,ATP;TMP;MG,untrimmed_input,3,21,standard,dock_py_exact,True,single_chain_same_length_same_ordered_sequence,195,1.0,1.0,,passed,,1578,21,5,1.136797700628879,2.02034069432766,2.02034069432766,10,True,"(0.0, 0.0, 0.0)",collision_py_exact,5.0,6.0,22,91.57727272727271,94.72,86.446,68.56,98.0,90.0,80.0,True,/home/wms/AF2-test/AF2-CatGraph/results/AqTMK/02_template_guided_docking/complexes/AqTMK_97_complex.pdb
98,AqTMK_98,AqTMK_98_complex.pdb,AqTMK,98,AqTMK.AF2rank98.pdb,AqTMK.AF2rank98,/home/wms/AF2-test/AF2-CatGraph/data/AqTMK/01_af2_new/AqTMK.AF2rank98.pdb,/home/wms/AF2-test/AF2-CatGraph/results/AqTMK/02_template_guided_docking/complexes/AqTMK_98_complex.pdb,/home/wms/AF2-test/AF2-CatGraph/data/AqTMK/02_templates/template.pdb,/home/wms/AF2-test/AF2-CatGraph/data/AqTMK/02_templates/ATP.pdb;/home/wms/AF2-test/AF2-CatGraph/data/AqTMK/02_templates/TMP.pdb;/home/wms/AF2-test/AF2-CatGraph/data/AqTMK/02_templates/MG.pdb,results/AqTMK/02_template_guided_docking/tables/AqTMK_step02_ligand_order_manifest.csv,/home/wms/AF2-test/AF2-CatGraph/data/AqTMK/02_templates/ATP.pdb;/home/wms/AF2-test/AF2-CatGraph/data/AqTMK/02_templates/TMP.pdb;/home/wms/AF2-test/AF2-CatGraph/data/AqTMK/02_templates/MG.pdb,ATP;TMP;MG,untrimmed_input,3,21,standard,dock_py_exact,True,single_chain_same_length_same_ordered_sequence,195,1.0,1.0,,passed,,1578,21,5,1.2446246819283475,2.0252800491780194,2.0252800491780194,10,True,"(0.0, 0.0, 0.0)",collision_py_exact,5.0,6.0,19,94.15052631578948,95.56,89.95,82.69,98.38,90.0,80.0,True,/home/wms/AF2-test/AF2-CatGraph/results/AqTMK/02_template_guided_docking/complexes/AqTMK_98_complex.pdb
99,AqTMK_99,AqTMK_99_complex.pdb,AqTMK,99,AqTMK.AF2rank99.pdb,AqTMK.AF2rank99,/home/wms/AF2-test/AF2-CatGraph/data/AqTMK/01_af2_new/AqTMK.AF2rank99.pdb,/home/wms/AF2-test/AF2-CatGraph/results/AqTMK/02_template_guided_docking/complexes/AqTMK_99_complex.pdb,/home/wms/AF2-test/AF2-CatGraph/data/AqTMK/02_templates/template.pdb,/home/wms/AF2-test/AF2-CatGraph/data/AqTMK/02_templates/ATP.pdb;/home/wms/AF2-test/AF2-CatGraph/data/AqTMK/02_templates/TMP.pdb;/home/wms/AF2-test/AF2-CatGraph/data/AqTMK/02_templates/MG.pdb,results/AqTMK/02_template_guided_docking/tables/AqTMK_step02_ligand_order_manifest.csv,/home/wms/AF2-test/AF2-CatGraph/data/AqTMK/02_templates/ATP.pdb;/home/wms/AF2-test/AF2-CatGraph/data/AqTMK/02_templates/TMP.pdb;/home/wms/AF2-test/AF2-CatGraph/data/AqTMK/02_templates/MG.pdb,ATP;TMP;MG,untrimmed_input,3,21,standard,dock_py_exact,True,single_chain_same_length_same_ordered_sequence,195,1.0,1.0,,passed,,1578,21,2,0.6854661495227949,2.0229237906936848,2.0229237906936848,10,True,"(0.0, 0.0, 0.0)",collision_py_exact,5.0,6.0,21,91.87714285714286,95.38,85.19,53.53,98.31,90.0,80.0,True,/home/wms/AF2-test/AF2-CatGraph/results/AqTMK/02_template_guided_docking/complexes/AqTMK_99_complex.pdb
101,AqTMK_101,AqTMK_101_complex.pdb,AqTMK,101,AqTMK.AF2rank101.pdb,AqTMK.AF2rank101,/home/wms/AF2-test/AF2-CatGraph/data/AqTMK/01_af2_new/AqTMK.AF2rank101.pdb,/home/wms/AF2-test/AF2-CatGraph/results/AqTMK/02_template_guided_docking/complexes/AqTMK_101_complex.pdb,/home/wms/AF2-test/AF2-CatGraph/data/AqTMK/02_templates/template.pdb,/home/wms/AF2-test/AF2-CatGraph/data/AqTMK/02_templates/ATP.pdb;/home/wms/AF2-test/AF2-CatGraph/data/AqTMK/02_templates/TMP.pdb;/home/wms/AF2-test/AF2-CatGraph/data/AqTMK/02_templates/MG.pdb,results/AqTMK/02_template_guided_docking/tables/AqTMK_step02_ligand_order_manifest.csv,/home/wms/AF2-test/AF2-CatGraph/data/AqTMK/02_templates/ATP.pdb;/home/wms/AF2-test/AF2-CatGraph/data/AqTMK/02_templates/TMP.pdb;/home/wms/AF2-test/AF2-CatGraph/data/AqTMK/02_templates/MG.pdb,ATP;TMP;MG,untrimmed_input,3,21,standard,dock_py_exact,True,single_chain_same_length_same_ordered_sequence,195,1.0,1.0,,passed,,1578,21,6,2.353671421007063,2.0059379263173094,2.0059379263173094,10,True,"(0.0, 0.0, 0.0)",collision_py_exact,5.0,6.0,21,92.12190476190476,94.88,86.88,55.31,98.19,90.0,80.0,True,/home/wms/AF2-test/AF2-CatGraph/results/AqTMK/02_template_guided_docking/complexes/AqTMK_101_complex.pdb
102,AqTMK_102,AqTMK_102_complex.pdb,AqTMK,102,AqTMK.AF2rank102.pdb,AqTMK.AF2rank102,/home/wms/AF2-test/AF2-CatGraph/data/AqTMK/01_af2_new/AqTMK.AF2rank102.pdb,/home/wms/AF2-test/AF2-CatGraph/results/AqTMK/02_template_guided_docking/complexes/AqTMK_102_complex.pdb,/home/wms/AF2-test/AF2-CatGraph/data/AqTMK/02_templates/template.pdb,/home/wms/AF2-test/AF2-CatGraph/data/AqTMK/02_templates/ATP.pdb;/home/wms/AF2-test/AF2-CatGraph/data/AqTMK/02_templates/TMP.pdb;/home/wms/AF2-test/AF2-CatGraph/data/AqTMK/02_templates/MG.pdb,results/AqTMK/02_template_guided_docking/tables/AqTMK_step02_ligand_order_manifest.csv,/home/wms/AF2-test/AF2-CatGraph/data/AqTMK/02_templates/ATP.pdb;/home/wms/AF2-test/AF2-CatGraph/data/AqTMK/02_templates/TMP.pdb;/home/wms/AF2-test/AF2-CatGraph/data/AqTMK/02_templates/MG.pdb,ATP;TMP;MG,untrimmed_input,3,21,standard,dock_py_exact,True,single_chain_same_length_same_ordered_sequence,195,1.0,1.0,,passed,,1578,21,4,0.7664256683382562,2.1483953758683425,2.1483953758683425,10,True,"(0.0, 0.0, 0.0)",collision_py_exact,5.0,6.0,20,94.09349999999999,95.845,89.041,83.81,98.44,90.0,80.0,True,/home/wms/AF2-test/AF2-CatGraph/results/AqTMK/02_template_guided_docking/complexes/AqTMK_102_complex.pdb
103,AqTMK_103,AqTMK_103_complex.pdb,AqTMK,103,AqTMK.AF2rank103.pdb,AqTMK.AF2rank103,/home/wms/AF2-test/AF2-CatGraph/data/AqTMK/01_af2_new/AqTMK.AF2rank103.pdb,/home/wms/AF2-test/AF2-CatGraph/results/AqTMK/02_template_guided_docking/complexes/AqTMK_103_complex.pdb,/home/wms/AF2-test/AF2-CatGraph/data/AqTMK/02_templates/template.pdb,/home/wms/AF2-test/AF2-CatGraph/data/AqTMK/02_templates/ATP.pdb;/home/wms/AF2-test/AF2-CatGraph/data/AqTMK/02_templates/TMP.pdb;/home/wms/AF2-test/AF2-CatGraph/data/AqTMK/02_templates/MG.pdb,results/AqTMK/02_template_guided_docking/tables/AqTMK_step02_ligand_order_manifest.csv,/home/wms/AF2-test/AF2-CatGraph/data/AqTMK/02_templates/ATP.pdb;/home/wms/AF2-test/AF2-CatGraph/data/AqTMK/02_templates/TMP.pdb;/home/wms/AF2-test/AF2-CatGraph/data/AqTMK/02_templates/MG.pdb,ATP;TMP;MG,untrimmed_input,3,21,standard,dock_py_exact,True,single_chain_same_length_same_ordered_sequence,195,1.0,1.0,,passed,,1578,21,6,1.6809626555851178,2.067041249665279,2.067041249665279,10,True,"(0.0, 0.0, 0.0)",collision_py_exact,5.0,6.0,22,92.16272727272725,95.25,87.331,53.53,98.25,90.0,80.0,True,/home/wms/AF2-test/AF2-CatGraph/results/AqTMK/02_template_guided_docking/complexes/AqTMK_103_complex.pdb
104,AqTMK_104,AqTMK_104_complex.pdb,AqTMK,104,AqTMK.AF2rank104.pdb,AqTMK.AF2rank104,/home/wms/AF2-test/AF2-CatGraph/data/AqTMK/01_af2_new/AqTMK.AF2rank104.pdb,/home/wms/AF2-test/AF2-CatGraph/results/AqTMK/02_template_guided_docking/complexes/AqTMK_104_complex.pdb,/home/wms/AF2-test/AF2-CatGraph/data/AqTMK/02_templates/template.pdb,/home/wms/AF2-test/AF2-CatGraph/data/AqTMK/02_templates/ATP.pdb;/home/wms/AF2-test/AF2-CatGraph/data/AqTMK/02_templates/TMP.pdb;/home/wms/AF2-test/AF2-CatGraph/data/AqTMK/02_templates/MG.pdb,results/AqTMK/02_template_guided_docking/tables/AqTMK_step02_ligand_order_manifest.csv,/home/wms/AF2-test/AF2-CatGraph/data/AqTMK/02_templates/ATP.pdb;/home/wms/AF2-test/AF2-CatGraph/data/AqTMK/02_templates/TMP.pdb;/home/wms/AF2-test/AF2-CatGraph/data/AqTMK/02_templates/MG.pdb,ATP;TMP;MG,untrimmed_input,3,21,standard,dock_py_exact,True,single_chain_same_length_same_ordered_sequence,195,1.0,1.0,,passed,,1578,21,4,0.8485638303848848,2.052633316562609,2.052633316562609,10,True,"(0.0, 0.0, 0.0)",collision_py_exact,5.0,6.0,19,91.4978947368421,95.06,86.324,50.34,98.19,90.0,80.0,True,/home/wms/AF2-test/AF2-CatGraph/results/AqTMK/02_template_guided_docking/complexes/AqTMK_104_complex.pdb
106,AqTMK_106,AqTMK_106_complex.pdb,AqTMK,106,AqTMK.AF2rank106.pdb,AqTMK.AF2rank106,/home/wms/AF2-test/AF2-CatGraph/data/AqTMK/01_af2_new/AqTMK.AF2rank106.pdb,/home/wms/AF2-test/AF2-CatGraph/results/AqTMK/02_template_guided_docking/complexes/AqTMK_106_complex.pdb,/home/wms/AF2-test/AF2-CatGraph/data/AqTMK/02_templates/template.pdb,/home/wms/AF2-test/AF2-CatGraph/data/AqTMK/02_templates/ATP.pdb;/home/wms/AF2-test/AF2-CatGraph/data/AqTMK/02_templates/TMP.pdb;/home/wms/AF2-test/AF2-CatGraph/data/AqTMK/02_templates/MG.pdb,results/AqTMK/02_template_guided_docking/tables/AqTMK_step02_ligand_order_manifest.csv,/home/wms/AF2-test/AF2-CatGraph/data/AqTMK/02_templates/ATP.pdb;/home/wms/AF2-test/AF2-CatGraph/data/AqTMK/02_templates/TMP.pdb;/home/wms/AF2-test/AF2-CatGraph/data/AqTMK/02_templates/MG.pdb,ATP;TMP;MG,untrimmed_input,3,21,standard,dock_py_exact,True,single_chain_same_length_same_ordered_sequence,195,1.0,1.0,,passed,,1578,21,4,1.1518067770295604,2.0348823212307403,2.0348823212307403,10,True,"(0.0, 0.0, 0.0)",collision_py_exact,5.0,6.0,21,92.09190476190476,95.0,86.12,54.5,98.12,90.0,80.0,True,/home/wms/AF2-test/AF2-CatGraph/results/AqTMK/02_template_guided_docking/complexes/AqTMK_106_complex.pdb
108,AqTMK_108,AqTMK_108_complex.pdb,AqTMK,108,AqTMK.AF2rank108.pdb,AqTMK.AF2rank108,/home/wms/AF2-test/AF2-CatGraph/data/AqTMK/01_af2_new/AqTMK.AF2rank108.pdb,/home/wms/AF2-test/AF2-CatGraph/results/AqTMK/02_template_guided_docking/complexes/AqTMK_108_complex.pdb,/home/wms/AF2-test/AF2-CatGraph/data/AqTMK/02_templates/template.pdb,/home/wms/AF2-test/AF2-CatGraph/data/AqTMK/02_templates/ATP.pdb;/home/wms/AF2-test/AF2-CatGraph/data/AqTMK/02_templates/TMP.pdb;/home/wms/AF2-test/AF2-CatGraph/data/AqTMK/02_templates/MG.pdb,results/AqTMK/02_template_guided_docking/tables/AqTMK_step02_ligand_order_manifest.csv,/home/wms/AF2-test/AF2-CatGraph/data/AqTMK/02_templates/ATP.pdb;/home/wms/AF2-test/AF2-CatGraph/data/AqTMK/02_templates/TMP.pdb;/home/wms/AF2-test/AF2-CatGraph/data/AqTMK/02_templates/MG.pdb,ATP;TMP;MG,untrimmed_input,3,21,standard,dock_py_exact,True,single_chain_same_length_same_ordered_sequence,195,1.0,1.0,,passed,,1578,21,4,0.6679250528037244,2.0091384900886915,2.0091384900886915,10,True,"(0.0, 0.0, 0.0)",collision_py_exact,5.0,6.0,20,91.604,95.41,85.21000000000001,50.12,98.19,90.0,80.0,True,/home/wms/AF2-test/AF2-CatGraph/results/AqTMK/02_template_guided_docking/complexes/AqTMK_108_complex.pdb
109,AqTMK_109,AqTMK_109_complex.pdb,AqTMK,109,AqTMK.AF2rank109.pdb,AqTMK.AF2rank109,/home/wms/AF2-test/AF2-CatGraph/data/AqTMK/01_af2_new/AqTMK.AF2rank109.pdb,/home/wms/AF2-test/AF2-CatGraph/results/AqTMK/02_template_guided_docking/complexes/AqTMK_109_complex.pdb,/home/wms/AF2-test/AF2-CatGraph/data/AqTMK/02_templates/template.pdb,/home/wms/AF2-test/AF2-CatGraph/data/AqTMK/02_templates/ATP.pdb;/home/wms/AF2-test/AF2-CatGraph/data/AqTMK/02_templates/TMP.pdb;/home/wms/AF2-test/AF2-CatGraph/data/AqTMK/02_templates/MG.pdb,results/AqTMK/02_template_guided_docking/tables/AqTMK_step02_ligand_order_manifest.csv,/home/wms/AF2-test/AF2-CatGraph/data/AqTMK/02_templates/ATP.pdb;/home/wms/AF2-test/AF2-CatGraph/data/AqTMK/02_templates/TMP.pdb;/home/wms/AF2-test/AF2-CatGraph/data/AqTMK/02_templates/MG.pdb,ATP;TMP;MG,untrimmed_input,3,21,standard,dock_py_exact,True,single_chain_same_length_same_ordered_sequence,195,1.0,1.0,,passed,,1578,21,4,1.0323132181872512,2.013050119636448,2.013050119636448,10,True,"(0.0, 0.0, 0.0)",collision_py_exact,5.0,6.0,23,91.50521739130434,95.0,85.01,67.25,98.19,90.0,80.0,True,/home/wms/AF2-test/AF2-CatGraph/results/AqTMK/02_template_guided_docking/complexes/AqTMK_109_complex.pdb
110,AqTMK_110,AqTMK_110_complex.pdb,AqTMK,110,AqTMK.AF2rank110.pdb,AqTMK.AF2rank110,/home/wms/AF2-test/AF2-CatGraph/data/AqTMK/01_af2_new/AqTMK.AF2rank110.pdb,/home/wms/AF2-test/AF2-CatGraph/results/AqTMK/02_template_guided_docking/complexes/AqTMK_110_complex.pdb,/home/wms/AF2-test/AF2-CatGraph/data/AqTMK/02_templates/template.pdb,/home/wms/AF2-test/AF2-CatGraph/data/AqTMK/02_templates/ATP.pdb;/home/wms/AF2-test/AF2-CatGraph/data/AqTMK/02_templates/TMP.pdb;/home/wms/AF2-test/AF2-CatGraph/data/AqTMK/02_templates/MG.pdb,results/AqTMK/02_template_guided_docking/tables/AqTMK_step02_ligand_order_manifest.csv,/home/wms/AF2-test/AF2-CatGraph/data/AqTMK/02_templates/ATP.pdb;/home/wms/AF2-test/AF2-CatGraph/data/AqTMK/02_templates/TMP.pdb;/home/wms/AF2-test/AF2-CatGraph/data/AqTMK/02_templates/MG.pdb,ATP;TMP;MG,untrimmed_input,3,21,standard,dock_py_exact,True,single_chain_same_length_same_ordered_sequence,195,1.0,1.0,,passed,,1578,21,5,1.0853758232328037,2.0604163534063424,2.0604163534063424,10,True,"(0.0, 0.0, 0.0)",collision_py_exact,5.0,6.0,22,90.96454545454546,95.715,84.398,50.91,98.31,90.0,80.0,True,/home/wms/AF2-test/AF2-CatGraph/results/AqTMK/02_template_guided_docking/complexes/AqTMK_110_complex.pdb
111,AqTMK_111,AqTMK_111_complex.pdb,AqTMK,111,AqTMK.AF2rank111.pdb,AqTMK.AF2rank111,/home/wms/AF2-test/AF2-CatGraph/data/AqTMK/01_af2_new/AqTMK.AF2rank111.pdb,/home/wms/AF2-test/AF2-CatGraph/results/AqTMK/02_template_guided_docking/complexes/AqTMK_111_complex.pdb,/home/wms/AF2-test/AF2-CatGraph/data/AqTMK/02_templates/template.pdb,/home/wms/AF2-test/AF2-CatGraph/data/AqTMK/02_templates/ATP.pdb;/home/wms/AF2-test/AF2-CatGraph/data/AqTMK/02_templates/TMP.pdb;/home/wms/AF2-test/AF2-CatGraph/data/AqTMK/02_templates/MG.pdb,results/AqTMK/02_template_guided_docking/tables/AqTMK_step02_ligand_order_manifest.csv,/home/wms/AF2-test/AF2-CatGraph/data/AqTMK/02_templates/ATP.pdb;/home/wms/AF2-test/AF2-CatGraph/data/AqTMK/02_templates/TMP.pdb;/home/wms/AF2-test/AF2-CatGraph/data/AqTMK/02_templates/MG.pdb,ATP;TMP;MG,untrimmed_input,3,21,standard,dock_py_exact,True,single_chain_same_length_same_ordered_sequence,195,1.0,1.0,,passed,,1578,21,6,1.9868917897589724,2.067730027896713,2.067730027896713,10,True,"(0.0, 0.0, 0.0)",collision_py_exact,5.0,6.0,22,90.95863636363637,95.125,83.902,53.0,98.25,90.0,80.0,True,/home/wms/AF2-test/AF2-CatGraph/results/AqTMK/02_template_guided_docking/complexes/AqTMK_111_complex.pdb
112,AqTMK_112,AqTMK_112_complex.pdb,AqTMK,112,AqTMK.AF2rank112.pdb,AqTMK.AF2rank112,/home/wms/AF2-test/AF2-CatGraph/data/AqTMK/01_af2_new/AqTMK.AF2rank112.pdb,/home/wms/AF2-test/AF2-CatGraph/results/AqTMK/02_template_guided_docking/complexes/AqTMK_112_complex.pdb,/home/wms/AF2-test/AF2-CatGraph/data/AqTMK/02_templates/template.pdb,/home/wms/AF2-test/AF2-CatGraph/data/AqTMK/02_templates/ATP.pdb;/home/wms/AF2-test/AF2-CatGraph/data/AqTMK/02_templates/TMP.pdb;/home/wms/AF2-test/AF2-CatGraph/data/AqTMK/02_templates/MG.pdb,results/AqTMK/02_template_guided_docking/tables/AqTMK_step02_ligand_order_manifest.csv,/home/wms/AF2-test/AF2-CatGraph/data/AqTMK/02_templates/ATP.pdb;/home/wms/AF2-test/AF2-CatGraph/data/AqTMK/02_templates/TMP.pdb;/home/wms/AF2-test/AF2-CatGraph/data/AqTMK/02_templates/MG.pdb,ATP;TMP;MG,untrimmed_input,3,21,standard,dock_py_exact,True,single_chain_same_length_same_ordered_sequence,195,1.0,1.0,,passed,,1578,21,2,0.578204306168614,2.1266566220334364,2.1266566220334364,10,True,"(0.0, 0.0, 0.0)",collision_py_exact,5.0,6.0,19,94.05947368421053,95.69,89.692,82.62,98.38,90.0,80.0,True,/home/wms/AF2-test/AF2-CatGraph/results/AqTMK/02_template_guided_docking/complexes/AqTMK_112_complex.pdb
114,AqTMK_114,AqTMK_114_complex.pdb,AqTMK,114,AqTMK.AF2rank114.pdb,AqTMK.AF2rank114,/home/wms/AF2-test/AF2-CatGraph/data/AqTMK/01_af2_new/AqTMK.AF2rank114.pdb,/home/wms/AF2-test/AF2-CatGraph/results/AqTMK/02_template_guided_docking/complexes/AqTMK_114_complex.pdb,/home/wms/AF2-test/AF2-CatGraph/data/AqTMK/02_templates/template.pdb,/home/wms/AF2-test/AF2-CatGraph/data/AqTMK/02_templates/ATP.pdb;/home/wms/AF2-test/AF2-CatGraph/data/AqTMK/02_templates/TMP.pdb;/home/wms/AF2-test/AF2-CatGraph/data/AqTMK/02_templates/MG.pdb,results/AqTMK/02_template_guided_docking/tables/AqTMK_step02_ligand_order_manifest.csv,/home/wms/AF2-test/AF2-CatGraph/data/AqTMK/02_templates/ATP.pdb;/home/wms/AF2-test/AF2-CatGraph/data/AqTMK/02_templates/TMP.pdb;/home/wms/AF2-test/AF2-CatGraph/data/AqTMK/02_templates/MG.pdb,ATP;TMP;MG,untrimmed_input,3,21,standard,dock_py_exact,True,single_chain_same_length_same_ordered_sequence,195,1.0,1.0,,passed,,1578,21,3,1.0649551327062097,2.0204031230892943,2.0204031230892943,10,True,"(0.0, 0.0, 0.0)",collision_py_exact,5.0,6.0,20,91.94149999999999,95.19,86.523,54.0,98.25,90.0,80.0,True,/home/wms/AF2-test/AF2-CatGraph/results/AqTMK/02_template_guided_docking/complexes/AqTMK_114_complex.pdb
116,AqTMK_116,AqTMK_116_complex.pdb,AqTMK,116,AqTMK.AF2rank116.pdb,AqTMK.AF2rank116,/home/wms/AF2-test/AF2-CatGraph/data/AqTMK/01_af2_new/AqTMK.AF2rank116.pdb,/home/wms/AF2-test/AF2-CatGraph/results/AqTMK/02_template_guided_docking/complexes/AqTMK_116_complex.pdb,/home/wms/AF2-test/AF2-CatGraph/data/AqTMK/02_templates/template.pdb,/home/wms/AF2-test/AF2-CatGraph/data/AqTMK/02_templates/ATP.pdb;/home/wms/AF2-test/AF2-CatGraph/data/AqTMK/02_templates/TMP.pdb;/home/wms/AF2-test/AF2-CatGraph/data/AqTMK/02_templates/MG.pdb,results/AqTMK/02_template_guided_docking/tables/AqTMK_step02_ligand_order_manifest.csv,/home/wms/AF2-test/AF2-CatGraph/data/AqTMK/02_templates/ATP.pdb;/home/wms/AF2-test/AF2-CatGraph/data/AqTMK/02_templates/TMP.pdb;/home/wms/AF2-test/AF2-CatGraph/data/AqTMK/02_templates/MG.pdb,ATP;TMP;MG,untrimmed_input,3,21,standard,dock_py_exact,True,single_chain_same_length_same_ordered_sequence,195,1.0,1.0,,passed,,1578,21,9,2.314031225531516,2.017379664564081,2.017379664564081,10,True,"(0.0, 0.0, 0.0)",collision_py_exact,5.0,6.0,21,91.7842857142857,95.31,85.31,52.44,98.12,90.0,80.0,True,/home/wms/AF2-test/AF2-CatGraph/results/AqTMK/02_template_guided_docking/complexes/AqTMK_116_complex.pdb
117,AqTMK_117,AqTMK_117_complex.pdb,AqTMK,117,AqTMK.AF2rank117.pdb,AqTMK.AF2rank117,/home/wms/AF2-test/AF2-CatGraph/data/AqTMK/01_af2_new/AqTMK.AF2rank117.pdb,/home/wms/AF2-test/AF2-CatGraph/results/AqTMK/02_template_guided_docking/complexes/AqTMK_117_complex.pdb,/home/wms/AF2-test/AF2-CatGraph/data/AqTMK/02_templates/template.pdb,/home/wms/AF2-test/AF2-CatGraph/data/AqTMK/02_templates/ATP.pdb;/home/wms/AF2-test/AF2-CatGraph/data/AqTMK/02_templates/TMP.pdb;/home/wms/AF2-test/AF2-CatGraph/data/AqTMK/02_templates/MG.pdb,results/AqTMK/02_template_guided_docking/tables/AqTMK_step02_ligand_order_manifest.csv,/home/wms/AF2-test/AF2-CatGraph/data/AqTMK/02_templates/ATP.pdb;/home/wms/AF2-test/AF2-CatGraph/data/AqTMK/02_templates/TMP.pdb;/home/wms/AF2-test/AF2-CatGraph/data/AqTMK/02_templates/MG.pdb,ATP;TMP;MG,untrimmed_input,3,21,standard,dock_py_exact,True,single_chain_same_length_same_ordered_sequence,195,1.0,1.0,,passed,,1578,21,8,1.8590346738280688,2.026345588622198,2.026345588622198,10,True,"(0.0, 0.0, 0.0)",collision_py_exact,5.0,6.0,21,90.52999999999999,94.81,83.44,55.56,98.06,90.0,80.0,True,/home/wms/AF2-test/AF2-CatGraph/results/AqTMK/02_template_guided_docking/complexes/AqTMK_117_complex.pdb
118,AqTMK_118,AqTMK_118_complex.pdb,AqTMK,118,AqTMK.AF2rank118.pdb,AqTMK.AF2rank118,/home/wms/AF2-test/AF2-CatGraph/data/AqTMK/01_af2_new/AqTMK.AF2rank118.pdb,/home/wms/AF2-test/AF2-CatGraph/results/AqTMK/02_template_guided_docking/complexes/AqTMK_118_complex.pdb,/home/wms/AF2-test/AF2-CatGraph/data/AqTMK/02_templates/template.pdb,/home/wms/AF2-test/AF2-CatGraph/data/AqTMK/02_templates/ATP.pdb;/home/wms/AF2-test/AF2-CatGraph/data/AqTMK/02_templates/TMP.pdb;/home/wms/AF2-test/AF2-CatGraph/data/AqTMK/02_templates/MG.pdb,results/AqTMK/02_template_guided_docking/tables/AqTMK_step02_ligand_order_manifest.csv,/home/wms/AF2-test/AF2-CatGraph/data/AqTMK/02_templates/ATP.pdb;/home/wms/AF2-test/AF2-CatGraph/data/AqTMK/02_templates/TMP.pdb;/home/wms/AF2-test/AF2-CatGraph/data/AqTMK/02_templates/MG.pdb,ATP;TMP;MG,untrimmed_input,3,21,standard,dock_py_exact,True,single_chain_same_length_same_ordered_sequence,195,1.0,1.0,,passed,,1578,21,2,0.6251583008194368,2.0983777057450523,2.0983777057450523,10,True,"(0.0, 0.0, 0.0)",collision_py_exact,5.0,6.0,19,91.3621052631579,94.44,85.786,50.56,98.25,90.0,80.0,True,/home/wms/AF2-test/AF2-CatGraph/results/AqTMK/02_template_guided_docking/complexes/AqTMK_118_complex.pdb
119,AqTMK_119,AqTMK_119_complex.pdb,AqTMK,119,AqTMK.AF2rank119.pdb,AqTMK.AF2rank119,/home/wms/AF2-test/AF2-CatGraph/data/AqTMK/01_af2_new/AqTMK.AF2rank119.pdb,/home/wms/AF2-test/AF2-CatGraph/results/AqTMK/02_template_guided_docking/complexes/AqTMK_119_complex.pdb,/home/wms/AF2-test/AF2-CatGraph/data/AqTMK/02_templates/template.pdb,/home/wms/AF2-test/AF2-CatGraph/data/AqTMK/02_templates/ATP.pdb;/home/wms/AF2-test/AF2-CatGraph/data/AqTMK/02_templates/TMP.pdb;/home/wms/AF2-test/AF2-CatGraph/data/AqTMK/02_templates/MG.pdb,results/AqTMK/02_template_guided_docking/tables/AqTMK_step02_ligand_order_manifest.csv,/home/wms/AF2-test/AF2-CatGraph/data/AqTMK/02_templates/ATP.pdb;/home/wms/AF2-test/AF2-CatGraph/data/AqTMK/02_templates/TMP.pdb;/home/wms/AF2-test/AF2-CatGraph/data/AqTMK/02_templates/MG.pdb,ATP;TMP;MG,untrimmed_input,3,21,standard,dock_py_exact,True,single_chain_same_length_same_ordered_sequence,195,1.0,1.0,,passed,,1578,21,5,1.9339889001581945,2.0420227744642827,2.0420227744642827,10,True,"(0.0, 0.0, 0.0)",collision_py_exact,5.0,6.0,21,91.89714285714285,95.0,86.31,56.47,98.12,90.0,80.0,True,/home/wms/AF2-test/AF2-CatGraph/results/AqTMK/02_template_guided_docking/complexes/AqTMK_119_complex.pdb
120,AqTMK_120,AqTMK_120_complex.pdb,AqTMK,120,AqTMK.AF2rank120.pdb,AqTMK.AF2rank120,/home/wms/AF2-test/AF2-CatGraph/data/AqTMK/01_af2_new/AqTMK.AF2rank120.pdb,/home/wms/AF2-test/AF2-CatGraph/results/AqTMK/02_template_guided_docking/complexes/AqTMK_120_complex.pdb,/home/wms/AF2-test/AF2-CatGraph/data/AqTMK/02_templates/template.pdb,/home/wms/AF2-test/AF2-CatGraph/data/AqTMK/02_templates/ATP.pdb;/home/wms/AF2-test/AF2-CatGraph/data/AqTMK/02_templates/TMP.pdb;/home/wms/AF2-test/AF2-CatGraph/data/AqTMK/02_templates/MG.pdb,results/AqTMK/02_template_guided_docking/tables/AqTMK_step02_ligand_order_manifest.csv,/home/wms/AF2-test/AF2-CatGraph/data/AqTMK/02_templates/ATP.pdb;/home/wms/AF2-test/AF2-CatGraph/data/AqTMK/02_templates/TMP.pdb;/home/wms/AF2-test/AF2-CatGraph/data/AqTMK/02_templates/MG.pdb,ATP;TMP;MG,untrimmed_input,3,21,standard,dock_py_exact,True,single_chain_same_length_same_ordered_sequence,195,1.0,1.0,,passed,,1578,21,4,1.3580132692699798,2.0563452743082795,2.0563452743082795,10,True,"(0.0, 0.0, 0.0)",collision_py_exact,5.0,6.0,21,91.2314285714286,95.0,84.5,59.16,98.12,90.0,80.0,True,/home/wms/AF2-test/AF2-CatGraph/results/AqTMK/02_template_guided_docking/complexes/AqTMK_120_complex.pdb
121,AqTMK_121,AqTMK_121_complex.pdb,AqTMK,121,AqTMK.AF2rank121.pdb,AqTMK.AF2rank121,/home/wms/AF2-test/AF2-CatGraph/data/AqTMK/01_af2_new/AqTMK.AF2rank121.pdb,/home/wms/AF2-test/AF2-CatGraph/results/AqTMK/02_template_guided_docking/complexes/AqTMK_121_complex.pdb,/home/wms/AF2-test/AF2-CatGraph/data/AqTMK/02_templates/template.pdb,/home/wms/AF2-test/AF2-CatGraph/data/AqTMK/02_templates/ATP.pdb;/home/wms/AF2-test/AF2-CatGraph/data/AqTMK/02_templates/TMP.pdb;/home/wms/AF2-test/AF2-CatGraph/data/AqTMK/02_templates/MG.pdb,results/AqTMK/02_template_guided_docking/tables/AqTMK_step02_ligand_order_manifest.csv,/home/wms/AF2-test/AF2-CatGraph/data/AqTMK/02_templates/ATP.pdb;/home/wms/AF2-test/AF2-CatGraph/data/AqTMK/02_templates/TMP.pdb;/home/wms/AF2-test/AF2-CatGraph/data/AqTMK/02_templates/MG.pdb,ATP;TMP;MG,untrimmed_input,3,21,standard,dock_py_exact,True,single_chain_same_length_same_ordered_sequence,195,1.0,1.0,,passed,,1578,21,1,0.5405137259553885,2.029486274044612,2.029486274044612,10,True,"(0.0, 0.0, 0.0)",collision_py_exact,5.0,6.0,21,91.68047619047618,95.12,87.06,51.12,98.38,90.0,80.0,True,/home/wms/AF2-test/AF2-CatGraph/results/AqTMK/02_template_guided_docking/complexes/AqTMK_121_complex.pdb
122,AqTMK_122,AqTMK_122_complex.pdb,AqTMK,122,AqTMK.AF2rank122.pdb,AqTMK.AF2rank122,/home/wms/AF2-test/AF2-CatGraph/data/AqTMK/01_af2_new/AqTMK.AF2rank122.pdb,/home/wms/AF2-test/AF2-CatGraph/results/AqTMK/02_template_guided_docking/complexes/AqTMK_122_complex.pdb,/home/wms/AF2-test/AF2-CatGraph/data/AqTMK/02_templates/template.pdb,/home/wms/AF2-test/AF2-CatGraph/data/AqTMK/02_templates/ATP.pdb;/home/wms/AF2-test/AF2-CatGraph/data/AqTMK/02_templates/TMP.pdb;/home/wms/AF2-test/AF2-CatGraph/data/AqTMK/02_templates/MG.pdb,results/AqTMK/02_template_guided_docking/tables/AqTMK_step02_ligand_order_manifest.csv,/home/wms/AF2-test/AF2-CatGraph/data/AqTMK/02_templates/ATP.pdb;/home/wms/AF2-test/AF2-CatGraph/data/AqTMK/02_templates/TMP.pdb;/home/wms/AF2-test/AF2-CatGraph/data/AqTMK/02_templates/MG.pdb,ATP;TMP;MG,untrimmed_input,3,21,standard,dock_py_exact,True,single_chain_same_length_same_ordered_sequence,195,1.0,1.0,,passed,,1578,21,8,1.677421473647961,2.064171369546629,2.064171369546629,10,True,"(0.0, 0.0, 0.0)",collision_py_exact,5.0,6.0,22,91.21227272727272,95.5,84.148,56.66,98.19,90.0,80.0,True,/home/wms/AF2-test/AF2-CatGraph/results/AqTMK/02_template_guided_docking/complexes/AqTMK_122_complex.pdb
123,AqTMK_123,AqTMK_123_complex.pdb,AqTMK,123,AqTMK.AF2rank123.pdb,AqTMK.AF2rank123,/home/wms/AF2-test/AF2-CatGraph/data/AqTMK/01_af2_new/AqTMK.AF2rank123.pdb,/home/wms/AF2-test/AF2-CatGraph/results/AqTMK/02_template_guided_docking/complexes/AqTMK_123_complex.pdb,/home/wms/AF2-test/AF2-CatGraph/data/AqTMK/02_templates/template.pdb,/home/wms/AF2-test/AF2-CatGraph/data/AqTMK/02_templates/ATP.pdb;/home/wms/AF2-test/AF2-CatGraph/data/AqTMK/02_templates/TMP.pdb;/home/wms/AF2-test/AF2-CatGraph/data/AqTMK/02_templates/MG.pdb,results/AqTMK/02_template_guided_docking/tables/AqTMK_step02_ligand_order_manifest.csv,/home/wms/AF2-test/AF2-CatGraph/data/AqTMK/02_templates/ATP.pdb;/home/wms/AF2-test/AF2-CatGraph/data/AqTMK/02_templates/TMP.pdb;/home/wms/AF2-test/AF2-CatGraph/data/AqTMK/02_templates/MG.pdb,ATP;TMP;MG,untrimmed_input,3,21,standard,dock_py_exact,True,single_chain_same_length_same_ordered_sequence,195,1.0,1.0,,passed,,1578,21,0,0.0,2.82141567241776,,10,True,"(0.0, 0.0, 0.0)",collision_py_exact,5.0,6.0,20,93.168,94.97,89.06,78.81,98.25,90.0,80.0,True,/home/wms/AF2-test/AF2-CatGraph/results/AqTMK/02_template_guided_docking/complexes/AqTMK_123_complex.pdb
124,AqTMK_124,AqTMK_124_complex.pdb,AqTMK,124,AqTMK.AF2rank124.pdb,AqTMK.AF2rank124,/home/wms/AF2-test/AF2-CatGraph/data/AqTMK/01_af2_new/AqTMK.AF2rank124.pdb,/home/wms/AF2-test/AF2-CatGraph/results/AqTMK/02_template_guided_docking/complexes/AqTMK_124_complex.pdb,/home/wms/AF2-test/AF2-CatGraph/data/AqTMK/02_templates/template.pdb,/home/wms/AF2-test/AF2-CatGraph/data/AqTMK/02_templates/ATP.pdb;/home/wms/AF2-test/AF2-CatGraph/data/AqTMK/02_templates/TMP.pdb;/home/wms/AF2-test/AF2-CatGraph/data/AqTMK/02_templates/MG.pdb,results/AqTMK/02_template_guided_docking/tables/AqTMK_step02_ligand_order_manifest.csv,/home/wms/AF2-test/AF2-CatGraph/data/AqTMK/02_templates/ATP.pdb;/home/wms/AF2-test/AF2-CatGraph/data/AqTMK/02_templates/TMP.pdb;/home/wms/AF2-test/AF2-CatGraph/data/AqTMK/02_templates/MG.pdb,ATP;TMP;MG,untrimmed_input,3,21,standard,dock_py_exact,True,single_chain_same_length_same_ordered_sequence,195,1.0,1.0,,passed,,1578,21,4,1.4823577713324223,2.0274766685265355,2.0274766685265355,10,True,"(0.0, 0.0, 0.0)",collision_py_exact,5.0,6.0,21,90.75333333333334,94.75,82.94,57.19,98.06,90.0,80.0,True,/home/wms/AF2-test/AF2-CatGraph/results/AqTMK/02_template_guided_docking/complexes/AqTMK_124_complex.pdb
128,AqTMK_128,AqTMK_128_complex.pdb,AqTMK,128,AqTMK.AF2rank128.pdb,AqTMK.AF2rank128,/home/wms/AF2-test/AF2-CatGraph/data/AqTMK/01_af2_new/AqTMK.AF2rank128.pdb,/home/wms/AF2-test/AF2-CatGraph/results/AqTMK/02_template_guided_docking/complexes/AqTMK_128_complex.pdb,/home/wms/AF2-test/AF2-CatGraph/data/AqTMK/02_templates/template.pdb,/home/wms/AF2-test/AF2-CatGraph/data/AqTMK/02_templates/ATP.pdb;/home/wms/AF2-test/AF2-CatGraph/data/AqTMK/02_templates/TMP.pdb;/home/wms/AF2-test/AF2-CatGraph/data/AqTMK/02_templates/MG.pdb,results/AqTMK/02_template_guided_docking/tables/AqTMK_step02_ligand_order_manifest.csv,/home/wms/AF2-test/AF2-CatGraph/data/AqTMK/02_templates/ATP.pdb;/home/wms/AF2-test/AF2-CatGraph/data/AqTMK/02_templates/TMP.pdb;/home/wms/AF2-test/AF2-CatGraph/data/AqTMK/02_templates/MG.pdb,ATP;TMP;MG,untrimmed_input,3,21,standard,dock_py_exact,True,single_chain_same_length_same_ordered_sequence,195,1.0,1.0,,passed,,1578,21,7,1.9380132593469688,2.0813545071222737,2.0813545071222737,10,True,"(0.0, 0.0, 0.0)",collision_py_exact,5.0,6.0,22,90.42136363636362,93.595,85.31400000000001,54.78,98.06,90.0,80.0,True,/home/wms/AF2-test/AF2-CatGraph/results/AqTMK/02_template_guided_docking/complexes/AqTMK_128_complex.pdb
131,AqTMK_131,AqTMK_131_complex.pdb,AqTMK,131,AqTMK.AF2rank131.pdb,AqTMK.AF2rank131,/home/wms/AF2-test/AF2-CatGraph/data/AqTMK/01_af2_new/AqTMK.AF2rank131.pdb,/home/wms/AF2-test/AF2-CatGraph/results/AqTMK/02_template_guided_docking/complexes/AqTMK_131_complex.pdb,/home/wms/AF2-test/AF2-CatGraph/data/AqTMK/02_templates/template.pdb,/home/wms/AF2-test/AF2-CatGraph/data/AqTMK/02_templates/ATP.pdb;/home/wms/AF2-test/AF2-CatGraph/data/AqTMK/02_templates/TMP.pdb;/home/wms/AF2-test/AF2-CatGraph/data/AqTMK/02_templates/MG.pdb,results/AqTMK/02_template_guided_docking/tables/AqTMK_step02_ligand_order_manifest.csv,/home/wms/AF2-test/AF2-CatGraph/data/AqTMK/02_templates/ATP.pdb;/home/wms/AF2-test/AF2-CatGraph/data/AqTMK/02_templates/TMP.pdb;/home/wms/AF2-test/AF2-CatGraph/data/AqTMK/02_templates/MG.pdb,ATP;TMP;MG,untrimmed_input,3,21,standard,dock_py_exact,True,single_chain_same_length_same_ordered_sequence,195,1.0,1.0,,passed,,1578,21,2,0.9279359436214274,2.0717347743571746,2.0717347743571746,10,True,"(0.0, 0.0, 0.0)",collision_py_exact,5.0,6.0,20,92.0405,95.065,87.01,58.38,98.06,90.0,80.0,True,/home/wms/AF2-test/AF2-CatGraph/results/AqTMK/02_template_guided_docking/complexes/AqTMK_131_complex.pdb
132,AqTMK_132,AqTMK_132_complex.pdb,AqTMK,132,AqTMK.AF2rank132.pdb,AqTMK.AF2rank132,/home/wms/AF2-test/AF2-CatGraph/data/AqTMK/01_af2_new/AqTMK.AF2rank132.pdb,/home/wms/AF2-test/AF2-CatGraph/results/AqTMK/02_template_guided_docking/complexes/AqTMK_132_complex.pdb,/home/wms/AF2-test/AF2-CatGraph/data/AqTMK/02_templates/template.pdb,/home/wms/AF2-test/AF2-CatGraph/data/AqTMK/02_templates/ATP.pdb;/home/wms/AF2-test/AF2-CatGraph/data/AqTMK/02_templates/TMP.pdb;/home/wms/AF2-test/AF2-CatGraph/data/AqTMK/02_templates/MG.pdb,results/AqTMK/02_template_guided_docking/tables/AqTMK_step02_ligand_order_manifest.csv,/home/wms/AF2-test/AF2-CatGraph/data/AqTMK/02_templates/ATP.pdb;/home/wms/AF2-test/AF2-CatGraph/data/AqTMK/02_templates/TMP.pdb;/home/wms/AF2-test/AF2-CatGraph/data/AqTMK/02_templates/MG.pdb,ATP;TMP;MG,untrimmed_input,3,21,standard,dock_py_exact,True,single_chain_same_length_same_ordered_sequence,195,1.0,1.0,,passed,,1578,21,4,1.3534303356336563,2.035082500824943,2.035082500824943,10,True,"(0.0, 0.0, 0.0)",collision_py_exact,5.0,6.0,22,91.14681818181816,95.345,83.01,58.81,98.06,90.0,80.0,True,/home/wms/AF2-test/AF2-CatGraph/results/AqTMK/02_template_guided_docking/complexes/AqTMK_132_complex.pdb
133,AqTMK_133,AqTMK_133_complex.pdb,AqTMK,133,AqTMK.AF2rank133.pdb,AqTMK.AF2rank133,/home/wms/AF2-test/AF2-CatGraph/data/AqTMK/01_af2_new/AqTMK.AF2rank133.pdb,/home/wms/AF2-test/AF2-CatGraph/results/AqTMK/02_template_guided_docking/complexes/AqTMK_133_complex.pdb,/home/wms/AF2-test/AF2-CatGraph/data/AqTMK/02_templates/template.pdb,/home/wms/AF2-test/AF2-CatGraph/data/AqTMK/02_templates/ATP.pdb;/home/wms/AF2-test/AF2-CatGraph/data/AqTMK/02_templates/TMP.pdb;/home/wms/AF2-test/AF2-CatGraph/data/AqTMK/02_templates/MG.pdb,results/AqTMK/02_template_guided_docking/tables/AqTMK_step02_ligand_order_manifest.csv,/home/wms/AF2-test/AF2-CatGraph/data/AqTMK/02_templates/ATP.pdb;/home/wms/AF2-test/AF2-CatGraph/data/AqTMK/02_templates/TMP.pdb;/home/wms/AF2-test/AF2-CatGraph/data/AqTMK/02_templates/MG.pdb,ATP;TMP;MG,untrimmed_input,3,21,standard,dock_py_exact,True,single_chain_same_length_same_ordered_sequence,195,1.0,1.0,,passed,,1578,21,5,1.3359948877818222,2.026239884032066,2.026239884032066,10,True,"(0.0, 0.0, 0.0)",collision_py_exact,5.0,6.0,21,91.87857142857142,95.5,86.31,52.81,98.25,90.0,80.0,True,/home/wms/AF2-test/AF2-CatGraph/results/AqTMK/02_template_guided_docking/complexes/AqTMK_133_complex.pdb
134,AqTMK_134,AqTMK_134_complex.pdb,AqTMK,134,AqTMK.AF2rank134.pdb,AqTMK.AF2rank134,/home/wms/AF2-test/AF2-CatGraph/data/AqTMK/01_af2_new/AqTMK.AF2rank134.pdb,/home/wms/AF2-test/AF2-CatGraph/results/AqTMK/02_template_guided_docking/complexes/AqTMK_134_complex.pdb,/home/wms/AF2-test/AF2-CatGraph/data/AqTMK/02_templates/template.pdb,/home/wms/AF2-test/AF2-CatGraph/data/AqTMK/02_templates/ATP.pdb;/home/wms/AF2-test/AF2-CatGraph/data/AqTMK/02_templates/TMP.pdb;/home/wms/AF2-test/AF2-CatGraph/data/AqTMK/02_templates/MG.pdb,results/AqTMK/02_template_guided_docking/tables/AqTMK_step02_ligand_order_manifest.csv,/home/wms/AF2-test/AF2-CatGraph/data/AqTMK/02_templates/ATP.pdb;/home/wms/AF2-test/AF2-CatGraph/data/AqTMK/02_templates/TMP.pdb;/home/wms/AF2-test/AF2-CatGraph/data/AqTMK/02_templates/MG.pdb,ATP;TMP;MG,untrimmed_input,3,21,standard,dock_py_exact,True,single_chain_same_length_same_ordered_sequence,195,1.0,1.0,,passed,,1578,21,9,3.001672147159242,2.006317077897697,2.006317077897697,10,True,"(0.0, 0.0, 0.0)",collision_py_exact,5.0,6.0,21,93.21428571428571,94.44,88.0,83.12,97.38,90.0,80.0,True,/home/wms/AF2-test/AF2-CatGraph/results/AqTMK/02_template_guided_docking/complexes/AqTMK_134_complex.pdb
139,AqTMK_139,AqTMK_139_complex.pdb,AqTMK,139,AqTMK.AF2rank139.pdb,AqTMK.AF2rank139,/home/wms/AF2-test/AF2-CatGraph/data/AqTMK/01_af2_new/AqTMK.AF2rank139.pdb,/home/wms/AF2-test/AF2-CatGraph/results/AqTMK/02_template_guided_docking/complexes/AqTMK_139_complex.pdb,/home/wms/AF2-test/AF2-CatGraph/data/AqTMK/02_templates/template.pdb,/home/wms/AF2-test/AF2-CatGraph/data/AqTMK/02_templates/ATP.pdb;/home/wms/AF2-test/AF2-CatGraph/data/AqTMK/02_templates/TMP.pdb;/home/wms/AF2-test/AF2-CatGraph/data/AqTMK/02_templates/MG.pdb,results/AqTMK/02_template_guided_docking/tables/AqTMK_step02_ligand_order_manifest.csv,/home/wms/AF2-test/AF2-CatGraph/data/AqTMK/02_templates/ATP.pdb;/home/wms/AF2-test/AF2-CatGraph/data/AqTMK/02_templates/TMP.pdb;/home/wms/AF2-test/AF2-CatGraph/data/AqTMK/02_templates/MG.pdb,ATP;TMP;MG,untrimmed_input,3,21,standard,dock_py_exact,True,single_chain_same_length_same_ordered_sequence,195,1.0,1.0,,passed,,1578,21,3,1.0469872471131816,2.092438190156208,2.092438190156208,10,True,"(0.0, 0.0, 0.0)",collision_py_exact,5.0,6.0,23,90.34347826086957,93.75,84.45,55.03,97.75,90.0,80.0,True,/home/wms/AF2-test/AF2-CatGraph/results/AqTMK/02_template_guided_docking/complexes/AqTMK_139_complex.pdb
140,AqTMK_140,AqTMK_140_complex.pdb,AqTMK,140,AqTMK.AF2rank140.pdb,AqTMK.AF2rank140,/home/wms/AF2-test/AF2-CatGraph/data/AqTMK/01_af2_new/AqTMK.AF2rank140.pdb,/home/wms/AF2-test/AF2-CatGraph/results/AqTMK/02_template_guided_docking/complexes/AqTMK_140_complex.pdb,/home/wms/AF2-test/AF2-CatGraph/data/AqTMK/02_templates/template.pdb,/home/wms/AF2-test/AF2-CatGraph/data/AqTMK/02_templates/ATP.pdb;/home/wms/AF2-test/AF2-CatGraph/data/AqTMK/02_templates/TMP.pdb;/home/wms/AF2-test/AF2-CatGraph/data/AqTMK/02_templates/MG.pdb,results/AqTMK/02_template_guided_docking/tables/AqTMK_step02_ligand_order_manifest.csv,/home/wms/AF2-test/AF2-CatGraph/data/AqTMK/02_templates/ATP.pdb;/home/wms/AF2-test/AF2-CatGraph/data/AqTMK/02_templates/TMP.pdb;/home/wms/AF2-test/AF2-CatGraph/data/AqTMK/02_templates/MG.pdb,ATP;TMP;MG,untrimmed_input,3,21,standard,dock_py_exact,True,single_chain_same_length_same_ordered_sequence,195,1.0,1.0,,passed,,1578,21,8,2.9931406391485105,2.020437625720977,2.020437625720977,10,True,"(0.0, 0.0, 0.0)",collision_py_exact,5.0,6.0,23,91.01608695652173,94.12,85.062,63.69,98.25,90.0,80.0,True,/home/wms/AF2-test/AF2-CatGraph/results/AqTMK/02_template_guided_docking/complexes/AqTMK_140_complex.pdb
149,AqTMK_149,AqTMK_149_complex.pdb,AqTMK,149,AqTMK.AF2rank149.pdb,AqTMK.AF2rank149,/home/wms/AF2-test/AF2-CatGraph/data/AqTMK/01_af2_new/AqTMK.AF2rank149.pdb,/home/wms/AF2-test/AF2-CatGraph/results/AqTMK/02_template_guided_docking/complexes/AqTMK_149_complex.pdb,/home/wms/AF2-test/AF2-CatGraph/data/AqTMK/02_templates/template.pdb,/home/wms/AF2-test/AF2-CatGraph/data/AqTMK/02_templates/ATP.pdb;/home/wms/AF2-test/AF2-CatGraph/data/AqTMK/02_templates/TMP.pdb;/home/wms/AF2-test/AF2-CatGraph/data/AqTMK/02_templates/MG.pdb,results/AqTMK/02_template_guided_docking/tables/AqTMK_step02_ligand_order_manifest.csv,/home/wms/AF2-test/AF2-CatGraph/data/AqTMK/02_templates/ATP.pdb;/home/wms/AF2-test/AF2-CatGraph/data/AqTMK/02_templates/TMP.pdb;/home/wms/AF2-test/AF2-CatGraph/data/AqTMK/02_templates/MG.pdb,ATP;TMP;MG,untrimmed_input,3,21,standard,dock_py_exact,True,single_chain_same_length_same_ordered_sequence,195,1.0,1.0,,passed,,1578,21,2,0.6286217828307445,2.040346162234793,2.040346162234793,10,True,"(0.0, 0.0, 0.0)",collision_py_exact,5.0,6.0,23,90.40086956521738,94.06,84.836,56.97,97.94,90.0,80.0,True,/home/wms/AF2-test/AF2-CatGraph/results/AqTMK/02_template_guided_docking/complexes/AqTMK_149_complex.pdb
153,AqTMK_153,AqTMK_153_complex.pdb,AqTMK,153,AqTMK.AF2rank153.pdb,AqTMK.AF2rank153,/home/wms/AF2-test/AF2-CatGraph/data/AqTMK/01_af2_new/AqTMK.AF2rank153.pdb,/home/wms/AF2-test/AF2-CatGraph/results/AqTMK/02_template_guided_docking/complexes/AqTMK_153_complex.pdb,/home/wms/AF2-test/AF2-CatGraph/data/AqTMK/02_templates/template.pdb,/home/wms/AF2-test/AF2-CatGraph/data/AqTMK/02_templates/ATP.pdb;/home/wms/AF2-test/AF2-CatGraph/data/AqTMK/02_templates/TMP.pdb;/home/wms/AF2-test/AF2-CatGraph/data/AqTMK/02_templates/MG.pdb,results/AqTMK/02_template_guided_docking/tables/AqTMK_step02_ligand_order_manifest.csv,/home/wms/AF2-test/AF2-CatGraph/data/AqTMK/02_templates/ATP.pdb;/home/wms/AF2-test/AF2-CatGraph/data/AqTMK/02_templates/TMP.pdb;/home/wms/AF2-test/AF2-CatGraph/data/AqTMK/02_templates/MG.pdb,ATP;TMP;MG,untrimmed_input,3,21,standard,dock_py_exact,True,single_chain_same_length_same_ordered_sequence,195,1.0,1.0,,passed,,1578,21,1,0.002768946203532,2.537231053796468,2.537231053796468,10,True,"(0.0, 0.0, 0.0)",collision_py_exact,5.0,6.0,23,90.30304347826088,94.06,83.876,55.84,97.94,90.0,80.0,True,/home/wms/AF2-test/AF2-CatGraph/results/AqTMK/02_template_guided_docking/complexes/AqTMK_153_complex.pdb
155,AqTMK_155,AqTMK_155_complex.pdb,AqTMK,155,AqTMK.AF2rank155.pdb,AqTMK.AF2rank155,/home/wms/AF2-test/AF2-CatGraph/data/AqTMK/01_af2_new/AqTMK.AF2rank155.pdb,/home/wms/AF2-test/AF2-CatGraph/results/AqTMK/02_template_guided_docking/complexes/AqTMK_155_complex.pdb,/home/wms/AF2-test/AF2-CatGraph/data/AqTMK/02_templates/template.pdb,/home/wms/AF2-test/AF2-CatGraph/data/AqTMK/02_templates/ATP.pdb;/home/wms/AF2-test/AF2-CatGraph/data/AqTMK/02_templates/TMP.pdb;/home/wms/AF2-test/AF2-CatGraph/data/AqTMK/02_templates/MG.pdb,results/AqTMK/02_template_guided_docking/tables/AqTMK_step02_ligand_order_manifest.csv,/home/wms/AF2-test/AF2-CatGraph/data/AqTMK/02_templates/ATP.pdb;/home/wms/AF2-test/AF2-CatGraph/data/AqTMK/02_templates/TMP.pdb;/home/wms/AF2-test/AF2-CatGraph/data/AqTMK/02_templates/MG.pdb,ATP;TMP;MG,untrimmed_input,3,21,standard,dock_py_exact,True,single_chain_same_length_same_ordered_sequence,195,1.0,1.0,,passed,,1578,21,5,1.2438627933548725,2.087668248893235,2.087668248893235,10,True,"(0.0, 0.0, 0.0)",collision_py_exact,5.0,6.0,22,90.48590909090909,94.84,83.717,56.38,98.0,90.0,80.0,True,/home/wms/AF2-test/AF2-CatGraph/results/AqTMK/02_template_guided_docking/complexes/AqTMK_155_complex.pdb
156,AqTMK_156,AqTMK_156_complex.pdb,AqTMK,156,AqTMK.AF2rank156.pdb,AqTMK.AF2rank156,/home/wms/AF2-test/AF2-CatGraph/data/AqTMK/01_af2_new/AqTMK.AF2rank156.pdb,/home/wms/AF2-test/AF2-CatGraph/results/AqTMK/02_template_guided_docking/complexes/AqTMK_156_complex.pdb,/home/wms/AF2-test/AF2-CatGraph/data/AqTMK/02_templates/template.pdb,/home/wms/AF2-test/AF2-CatGraph/data/AqTMK/02_templates/ATP.pdb;/home/wms/AF2-test/AF2-CatGraph/data/AqTMK/02_templates/TMP.pdb;/home/wms/AF2-test/AF2-CatGraph/data/AqTMK/02_templates/MG.pdb,results/AqTMK/02_template_guided_docking/tables/AqTMK_step02_ligand_order_manifest.csv,/home/wms/AF2-test/AF2-CatGraph/data/AqTMK/02_templates/ATP.pdb;/home/wms/AF2-test/AF2-CatGraph/data/AqTMK/02_templates/TMP.pdb;/home/wms/AF2-test/AF2-CatGraph/data/AqTMK/02_templates/MG.pdb,ATP;TMP;MG,untrimmed_input,3,21,standard,dock_py_exact,True,single_chain_same_length_same_ordered_sequence,195,1.0,1.0,,passed,,1578,21,6,1.5316471743498496,2.0017153808575,2.0017153808575,10,True,"(0.0, 0.0, 0.0)",collision_py_exact,5.0,6.0,22,92.21318181818182,94.655,86.146,70.38,98.12,90.0,80.0,True,/home/wms/AF2-test/AF2-CatGraph/results/AqTMK/02_template_guided_docking/complexes/AqTMK_156_complex.pdb
159,AqTMK_159,AqTMK_159_complex.pdb,AqTMK,159,AqTMK.AF2rank159.pdb,AqTMK.AF2rank159,/home/wms/AF2-test/AF2-CatGraph/data/AqTMK/01_af2_new/AqTMK.AF2rank159.pdb,/home/wms/AF2-test/AF2-CatGraph/results/AqTMK/02_template_guided_docking/complexes/AqTMK_159_complex.pdb,/home/wms/AF2-test/AF2-CatGraph/data/AqTMK/02_templates/template.pdb,/home/wms/AF2-test/AF2-CatGraph/data/AqTMK/02_templates/ATP.pdb;/home/wms/AF2-test/AF2-CatGraph/data/AqTMK/02_templates/TMP.pdb;/home/wms/AF2-test/AF2-CatGraph/data/AqTMK/02_templates/MG.pdb,results/AqTMK/02_template_guided_docking/tables/AqTMK_step02_ligand_order_manifest.csv,/home/wms/AF2-test/AF2-CatGraph/data/AqTMK/02_templates/ATP.pdb;/home/wms/AF2-test/AF2-CatGraph/data/AqTMK/02_templates/TMP.pdb;/home/wms/AF2-test/AF2-CatGraph/data/AqTMK/02_templates/MG.pdb,ATP;TMP;MG,untrimmed_input,3,21,standard,dock_py_exact,True,single_chain_same_length_same_ordered_sequence,195,1.0,1.0,,passed,,1578,21,4,1.488811914618645,2.017984866971178,2.017984866971178,10,True,"(0.0, 0.0, 0.0)",collision_py_exact,5.0,6.0,20,93.44350000000001,94.78,89.354,83.62,97.94,90.0,80.0,True,/home/wms/AF2-test/AF2-CatGraph/results/AqTMK/02_template_guided_docking/complexes/AqTMK_159_complex.pdb
163,AqTMK_163,AqTMK_163_complex.pdb,AqTMK,163,AqTMK.AF2rank163.pdb,AqTMK.AF2rank163,/home/wms/AF2-test/AF2-CatGraph/data/AqTMK/01_af2_new/AqTMK.AF2rank163.pdb,/home/wms/AF2-test/AF2-CatGraph/results/AqTMK/02_template_guided_docking/complexes/AqTMK_163_complex.pdb,/home/wms/AF2-test/AF2-CatGraph/data/AqTMK/02_templates/template.pdb,/home/wms/AF2-test/AF2-CatGraph/data/AqTMK/02_templates/ATP.pdb;/home/wms/AF2-test/AF2-CatGraph/data/AqTMK/02_templates/TMP.pdb;/home/wms/AF2-test/AF2-CatGraph/data/AqTMK/02_templates/MG.pdb,results/AqTMK/02_template_guided_docking/tables/AqTMK_step02_ligand_order_manifest.csv,/home/wms/AF2-test/AF2-CatGraph/data/AqTMK/02_templates/ATP.pdb;/home/wms/AF2-test/AF2-CatGraph/data/AqTMK/02_templates/TMP.pdb;/home/wms/AF2-test/AF2-CatGraph/data/AqTMK/02_templates/MG.pdb,ATP;TMP;MG,untrimmed_input,3,21,standard,dock_py_exact,True,single_chain_same_length_same_ordered_sequence,195,1.0,1.0,,passed,,1578,21,6,1.7943010964834718,2.0018498140048395,2.0018498140048395,10,True,"(0.0, 0.0, 0.0)",collision_py_exact,5.0,6.0,21,91.71666666666667,95.06,86.25,57.56,98.12,90.0,80.0,True,/home/wms/AF2-test/AF2-CatGraph/results/AqTMK/02_template_guided_docking/complexes/AqTMK_163_complex.pdb
165,AqTMK_165,AqTMK_165_complex.pdb,AqTMK,165,AqTMK.AF2rank165.pdb,AqTMK.AF2rank165,/home/wms/AF2-test/AF2-CatGraph/data/AqTMK/01_af2_new/AqTMK.AF2rank165.pdb,/home/wms/AF2-test/AF2-CatGraph/results/AqTMK/02_template_guided_docking/complexes/AqTMK_165_complex.pdb,/home/wms/AF2-test/AF2-CatGraph/data/AqTMK/02_templates/template.pdb,/home/wms/AF2-test/AF2-CatGraph/data/AqTMK/02_templates/ATP.pdb;/home/wms/AF2-test/AF2-CatGraph/data/AqTMK/02_templates/TMP.pdb;/home/wms/AF2-test/AF2-CatGraph/data/AqTMK/02_templates/MG.pdb,results/AqTMK/02_template_guided_docking/tables/AqTMK_step02_ligand_order_manifest.csv,/home/wms/AF2-test/AF2-CatGraph/data/AqTMK/02_templates/ATP.pdb;/home/wms/AF2-test/AF2-CatGraph/data/AqTMK/02_templates/TMP.pdb;/home/wms/AF2-test/AF2-CatGraph/data/AqTMK/02_templates/MG.pdb,ATP;TMP;MG,untrimmed_input,3,21,standard,dock_py_exact,True,single_chain_same_length_same_ordered_sequence,195,1.0,1.0,,passed,,1578,21,9,2.738446192784237,2.0031392260587317,2.0031392260587317,10,True,"(0.0, 0.0, 0.0)",collision_py_exact,5.0,6.0,22,90.43636363636362,94.97,84.55199999999999,56.06,98.0,90.0,80.0,True,/home/wms/AF2-test/AF2-CatGraph/results/AqTMK/02_template_guided_docking/complexes/AqTMK_165_complex.pdb
167,AqTMK_167,AqTMK_167_complex.pdb,AqTMK,167,AqTMK.AF2rank167.pdb,AqTMK.AF2rank167,/home/wms/AF2-test/AF2-CatGraph/data/AqTMK/01_af2_new/AqTMK.AF2rank167.pdb,/home/wms/AF2-test/AF2-CatGraph/results/AqTMK/02_template_guided_docking/complexes/AqTMK_167_complex.pdb,/home/wms/AF2-test/AF2-CatGraph/data/AqTMK/02_templates/template.pdb,/home/wms/AF2-test/AF2-CatGraph/data/AqTMK/02_templates/ATP.pdb;/home/wms/AF2-test/AF2-CatGraph/data/AqTMK/02_templates/TMP.pdb;/home/wms/AF2-test/AF2-CatGraph/data/AqTMK/02_templates/MG.pdb,results/AqTMK/02_template_guided_docking/tables/AqTMK_step02_ligand_order_manifest.csv,/home/wms/AF2-test/AF2-CatGraph/data/AqTMK/02_templates/ATP.pdb;/home/wms/AF2-test/AF2-CatGraph/data/AqTMK/02_templates/TMP.pdb;/home/wms/AF2-test/AF2-CatGraph/data/AqTMK/02_templates/MG.pdb,ATP;TMP;MG,untrimmed_input,3,21,standard,dock_py_exact,True,single_chain_same_length_same_ordered_sequence,195,1.0,1.0,,passed,,1578,21,0,0.0,2.675561594546189,,10,True,"(0.0, 0.0, 0.0)",collision_py_exact,5.0,6.0,21,91.18619047619048,94.38,87.19,50.28,97.94,90.0,80.0,True,/home/wms/AF2-test/AF2-CatGraph/results/AqTMK/02_template_guided_docking/complexes/AqTMK_167_complex.pdb
171,AqTMK_171,AqTMK_171_complex.pdb,AqTMK,171,AqTMK.AF2rank171.pdb,AqTMK.AF2rank171,/home/wms/AF2-test/AF2-CatGraph/data/AqTMK/01_af2_new/AqTMK.AF2rank171.pdb,/home/wms/AF2-test/AF2-CatGraph/results/AqTMK/02_template_guided_docking/complexes/AqTMK_171_complex.pdb,/home/wms/AF2-test/AF2-CatGraph/data/AqTMK/02_templates/template.pdb,/home/wms/AF2-test/AF2-CatGraph/data/AqTMK/02_templates/ATP.pdb;/home/wms/AF2-test/AF2-CatGraph/data/AqTMK/02_templates/TMP.pdb;/home/wms/AF2-test/AF2-CatGraph/data/AqTMK/02_templates/MG.pdb,results/AqTMK/02_template_guided_docking/tables/AqTMK_step02_ligand_order_manifest.csv,/home/wms/AF2-test/AF2-CatGraph/data/AqTMK/02_templates/ATP.pdb;/home/wms/AF2-test/AF2-CatGraph/data/AqTMK/02_templates/TMP.pdb;/home/wms/AF2-test/AF2-CatGraph/data/AqTMK/02_templates/MG.pdb,ATP;TMP;MG,untrimmed_input,3,21,standard,dock_py_exact,True,single_chain_same_length_same_ordered_sequence,195,1.0,1.0,,passed,,1578,21,3,1.1890808593183726,2.00021924221397,2.00021924221397,10,True,"(0.0, 0.0, 0.0)",collision_py_exact,5.0,6.0,21,91.13,95.12,85.12,61.84,98.19,90.0,80.0,True,/home/wms/AF2-test/AF2-CatGraph/results/AqTMK/02_template_guided_docking/complexes/AqTMK_171_complex.pdb
172,AqTMK_172,AqTMK_172_complex.pdb,AqTMK,172,AqTMK.AF2rank172.pdb,AqTMK.AF2rank172,/home/wms/AF2-test/AF2-CatGraph/data/AqTMK/01_af2_new/AqTMK.AF2rank172.pdb,/home/wms/AF2-test/AF2-CatGraph/results/AqTMK/02_template_guided_docking/complexes/AqTMK_172_complex.pdb,/home/wms/AF2-test/AF2-CatGraph/data/AqTMK/02_templates/template.pdb,/home/wms/AF2-test/AF2-CatGraph/data/AqTMK/02_templates/ATP.pdb;/home/wms/AF2-test/AF2-CatGraph/data/AqTMK/02_templates/TMP.pdb;/home/wms/AF2-test/AF2-CatGraph/data/AqTMK/02_templates/MG.pdb,results/AqTMK/02_template_guided_docking/tables/AqTMK_step02_ligand_order_manifest.csv,/home/wms/AF2-test/AF2-CatGraph/data/AqTMK/02_templates/ATP.pdb;/home/wms/AF2-test/AF2-CatGraph/data/AqTMK/02_templates/TMP.pdb;/home/wms/AF2-test/AF2-CatGraph/data/AqTMK/02_templates/MG.pdb,ATP;TMP;MG,untrimmed_input,3,21,standard,dock_py_exact,True,single_chain_same_length_same_ordered_sequence,195,1.0,1.0,,passed,,1578,21,8,2.32869586721557,2.083105834553453,2.083105834553453,10,True,"(0.0, 0.0, 0.0)",collision_py_exact,5.0,6.0,22,90.62318181818182,94.78,83.246,57.28,98.06,90.0,80.0,True,/home/wms/AF2-test/AF2-CatGraph/results/AqTMK/02_template_guided_docking/complexes/AqTMK_172_complex.pdb
173,AqTMK_173,AqTMK_173_complex.pdb,AqTMK,173,AqTMK.AF2rank173.pdb,AqTMK.AF2rank173,/home/wms/AF2-test/AF2-CatGraph/data/AqTMK/01_af2_new/AqTMK.AF2rank173.pdb,/home/wms/AF2-test/AF2-CatGraph/results/AqTMK/02_template_guided_docking/complexes/AqTMK_173_complex.pdb,/home/wms/AF2-test/AF2-CatGraph/data/AqTMK/02_templates/template.pdb,/home/wms/AF2-test/AF2-CatGraph/data/AqTMK/02_templates/ATP.pdb;/home/wms/AF2-test/AF2-CatGraph/data/AqTMK/02_templates/TMP.pdb;/home/wms/AF2-test/AF2-CatGraph/data/AqTMK/02_templates/MG.pdb,results/AqTMK/02_template_guided_docking/tables/AqTMK_step02_ligand_order_manifest.csv,/home/wms/AF2-test/AF2-CatGraph/data/AqTMK/02_templates/ATP.pdb;/home/wms/AF2-test/AF2-CatGraph/data/AqTMK/02_templates/TMP.pdb;/home/wms/AF2-test/AF2-CatGraph/data/AqTMK/02_templates/MG.pdb,ATP;TMP;MG,untrimmed_input,3,21,standard,dock_py_exact,True,single_chain_same_length_same_ordered_sequence,195,1.0,1.0,,passed,,1578,21,7,1.7935297599230364,2.055779473660474,2.055779473660474,10,True,"(0.0, 0.0, 0.0)",collision_py_exact,5.0,6.0,23,91.56999999999998,95.25,84.51599999999999,65.31,98.06,90.0,80.0,True,/home/wms/AF2-test/AF2-CatGraph/results/AqTMK/02_template_guided_docking/complexes/AqTMK_173_complex.pdb
175,AqTMK_175,AqTMK_175_complex.pdb,AqTMK,175,AqTMK.AF2rank175.pdb,AqTMK.AF2rank175,/home/wms/AF2-test/AF2-CatGraph/data/AqTMK/01_af2_new/AqTMK.AF2rank175.pdb,/home/wms/AF2-test/AF2-CatGraph/results/AqTMK/02_template_guided_docking/complexes/AqTMK_175_complex.pdb,/home/wms/AF2-test/AF2-CatGraph/data/AqTMK/02_templates/template.pdb,/home/wms/AF2-test/AF2-CatGraph/data/AqTMK/02_templates/ATP.pdb;/home/wms/AF2-test/AF2-CatGraph/data/AqTMK/02_templates/TMP.pdb;/home/wms/AF2-test/AF2-CatGraph/data/AqTMK/02_templates/MG.pdb,results/AqTMK/02_template_guided_docking/tables/AqTMK_step02_ligand_order_manifest.csv,/home/wms/AF2-test/AF2-CatGraph/data/AqTMK/02_templates/ATP.pdb;/home/wms/AF2-test/AF2-CatGraph/data/AqTMK/02_templates/TMP.pdb;/home/wms/AF2-test/AF2-CatGraph/data/AqTMK/02_templates/MG.pdb,ATP;TMP;MG,untrimmed_input,3,21,standard,dock_py_exact,True,single_chain_same_length_same_ordered_sequence,195,1.0,1.0,,passed,,1578,21,6,1.4834081627389717,2.032866625623804,2.032866625623804,10,True,"(0.0, 0.0, 0.0)",collision_py_exact,5.0,6.0,23,90.21782608695653,93.56,84.00399999999999,55.38,98.0,90.0,80.0,True,/home/wms/AF2-test/AF2-CatGraph/results/AqTMK/02_template_guided_docking/complexes/AqTMK_175_complex.pdb
178,AqTMK_178,AqTMK_178_complex.pdb,AqTMK,178,AqTMK.AF2rank178.pdb,AqTMK.AF2rank178,/home/wms/AF2-test/AF2-CatGraph/data/AqTMK/01_af2_new/AqTMK.AF2rank178.pdb,/home/wms/AF2-test/AF2-CatGraph/results/AqTMK/02_template_guided_docking/complexes/AqTMK_178_complex.pdb,/home/wms/AF2-test/AF2-CatGraph/data/AqTMK/02_templates/template.pdb,/home/wms/AF2-test/AF2-CatGraph/data/AqTMK/02_templates/ATP.pdb;/home/wms/AF2-test/AF2-CatGraph/data/AqTMK/02_templates/TMP.pdb;/home/wms/AF2-test/AF2-CatGraph/data/AqTMK/02_templates/MG.pdb,results/AqTMK/02_template_guided_docking/tables/AqTMK_step02_ligand_order_manifest.csv,/home/wms/AF2-test/AF2-CatGraph/data/AqTMK/02_templates/ATP.pdb;/home/wms/AF2-test/AF2-CatGraph/data/AqTMK/02_templates/TMP.pdb;/home/wms/AF2-test/AF2-CatGraph/data/AqTMK/02_templates/MG.pdb,ATP;TMP;MG,untrimmed_input,3,21,standard,dock_py_exact,True,single_chain_same_length_same_ordered_sequence,195,1.0,1.0,,passed,,1578,21,9,2.2471183589887445,2.0943486010480026,2.0943486010480026,10,True,"(0.0, 0.0, 0.0)",collision_py_exact,5.0,6.0,20,92.7435,94.41,87.539,81.56,97.88,90.0,80.0,True,/home/wms/AF2-test/AF2-CatGraph/results/AqTMK/02_template_guided_docking/complexes/AqTMK_178_complex.pdb
179,AqTMK_179,AqTMK_179_complex.pdb,AqTMK,179,AqTMK.AF2rank179.pdb,AqTMK.AF2rank179,/home/wms/AF2-test/AF2-CatGraph/data/AqTMK/01_af2_new/AqTMK.AF2rank179.pdb,/home/wms/AF2-test/AF2-CatGraph/results/AqTMK/02_template_guided_docking/complexes/AqTMK_179_complex.pdb,/home/wms/AF2-test/AF2-CatGraph/data/AqTMK/02_templates/template.pdb,/home/wms/AF2-test/AF2-CatGraph/data/AqTMK/02_templates/ATP.pdb;/home/wms/AF2-test/AF2-CatGraph/data/AqTMK/02_templates/TMP.pdb;/home/wms/AF2-test/AF2-CatGraph/data/AqTMK/02_templates/MG.pdb,results/AqTMK/02_template_guided_docking/tables/AqTMK_step02_ligand_order_manifest.csv,/home/wms/AF2-test/AF2-CatGraph/data/AqTMK/02_templates/ATP.pdb;/home/wms/AF2-test/AF2-CatGraph/data/AqTMK/02_templates/TMP.pdb;/home/wms/AF2-test/AF2-CatGraph/data/AqTMK/02_templates/MG.pdb,ATP;TMP;MG,untrimmed_input,3,21,standard,dock_py_exact,True,single_chain_same_length_same_ordered_sequence,195,1.0,1.0,,passed,,1578,21,2,0.7242438221630074,2.0434452230893023,2.0434452230893023,10,True,"(0.0, 0.0, 0.0)",collision_py_exact,5.0,6.0,20,92.6285,94.375,87.786,84.94,97.81,90.0,80.0,True,/home/wms/AF2-test/AF2-CatGraph/results/AqTMK/02_template_guided_docking/complexes/AqTMK_179_complex.pdb
181,AqTMK_181,AqTMK_181_complex.pdb,AqTMK,181,AqTMK.AF2rank181.pdb,AqTMK.AF2rank181,/home/wms/AF2-test/AF2-CatGraph/data/AqTMK/01_af2_new/AqTMK.AF2rank181.pdb,/home/wms/AF2-test/AF2-CatGraph/results/AqTMK/02_template_guided_docking/complexes/AqTMK_181_complex.pdb,/home/wms/AF2-test/AF2-CatGraph/data/AqTMK/02_templates/template.pdb,/home/wms/AF2-test/AF2-CatGraph/data/AqTMK/02_templates/ATP.pdb;/home/wms/AF2-test/AF2-CatGraph/data/AqTMK/02_templates/TMP.pdb;/home/wms/AF2-test/AF2-CatGraph/data/AqTMK/02_templates/MG.pdb,results/AqTMK/02_template_guided_docking/tables/AqTMK_step02_ligand_order_manifest.csv,/home/wms/AF2-test/AF2-CatGraph/data/AqTMK/02_templates/ATP.pdb;/home/wms/AF2-test/AF2-CatGraph/data/AqTMK/02_templates/TMP.pdb;/home/wms/AF2-test/AF2-CatGraph/data/AqTMK/02_templates/MG.pdb,ATP;TMP;MG,untrimmed_input,3,21,standard,dock_py_exact,True,single_chain_same_length_same_ordered_sequence,195,1.0,1.0,,passed,,1578,21,2,0.6840732479661349,2.0857363074904045,2.0857363074904045,10,True,"(0.0, 0.0, 0.0)",collision_py_exact,5.0,6.0,22,90.52090909090909,94.53,82.80799999999999,55.41,98.06,90.0,80.0,True,/home/wms/AF2-test/AF2-CatGraph/results/AqTMK/02_template_guided_docking/complexes/AqTMK_181_complex.pdb
184,AqTMK_184,AqTMK_184_complex.pdb,AqTMK,184,AqTMK.AF2rank184.pdb,AqTMK.AF2rank184,/home/wms/AF2-test/AF2-CatGraph/data/AqTMK/01_af2_new/AqTMK.AF2rank184.pdb,/home/wms/AF2-test/AF2-CatGraph/results/AqTMK/02_template_guided_docking/complexes/AqTMK_184_complex.pdb,/home/wms/AF2-test/AF2-CatGraph/data/AqTMK/02_templates/template.pdb,/home/wms/AF2-test/AF2-CatGraph/data/AqTMK/02_templates/ATP.pdb;/home/wms/AF2-test/AF2-CatGraph/data/AqTMK/02_templates/TMP.pdb;/home/wms/AF2-test/AF2-CatGraph/data/AqTMK/02_templates/MG.pdb,results/AqTMK/02_template_guided_docking/tables/AqTMK_step02_ligand_order_manifest.csv,/home/wms/AF2-test/AF2-CatGraph/data/AqTMK/02_templates/ATP.pdb;/home/wms/AF2-test/AF2-CatGraph/data/AqTMK/02_templates/TMP.pdb;/home/wms/AF2-test/AF2-CatGraph/data/AqTMK/02_templates/MG.pdb,ATP;TMP;MG,untrimmed_input,3,21,standard,dock_py_exact,True,single_chain_same_length_same_ordered_sequence,195,1.0,1.0,,passed,,1578,21,3,0.983384226009524,2.0526513661707155,2.0526513661707155,10,True,"(0.0, 0.0, 0.0)",collision_py_exact,5.0,6.0,21,90.84619047619046,94.31,86.81,50.78,97.81,90.0,80.0,True,/home/wms/AF2-test/AF2-CatGraph/results/AqTMK/02_template_guided_docking/complexes/AqTMK_184_complex.pdb
185,AqTMK_185,AqTMK_185_complex.pdb,AqTMK,185,AqTMK.AF2rank185.pdb,AqTMK.AF2rank185,/home/wms/AF2-test/AF2-CatGraph/data/AqTMK/01_af2_new/AqTMK.AF2rank185.pdb,/home/wms/AF2-test/AF2-CatGraph/results/AqTMK/02_template_guided_docking/complexes/AqTMK_185_complex.pdb,/home/wms/AF2-test/AF2-CatGraph/data/AqTMK/02_templates/template.pdb,/home/wms/AF2-test/AF2-CatGraph/data/AqTMK/02_templates/ATP.pdb;/home/wms/AF2-test/AF2-CatGraph/data/AqTMK/02_templates/TMP.pdb;/home/wms/AF2-test/AF2-CatGraph/data/AqTMK/02_templates/MG.pdb,results/AqTMK/02_template_guided_docking/tables/AqTMK_step02_ligand_order_manifest.csv,/home/wms/AF2-test/AF2-CatGraph/data/AqTMK/02_templates/ATP.pdb;/home/wms/AF2-test/AF2-CatGraph/data/AqTMK/02_templates/TMP.pdb;/home/wms/AF2-test/AF2-CatGraph/data/AqTMK/02_templates/MG.pdb,ATP;TMP;MG,untrimmed_input,3,21,standard,dock_py_exact,True,single_chain_same_length_same_ordered_sequence,195,1.0,1.0,,passed,,1578,21,5,1.481839008612094,2.0704980630911685,2.0704980630911685,10,True,"(0.0, 0.0, 0.0)",collision_py_exact,5.0,6.0,22,90.25954545454545,94.34,83.54599999999999,54.84,98.06,90.0,80.0,True,/home/wms/AF2-test/AF2-CatGraph/results/AqTMK/02_template_guided_docking/complexes/AqTMK_185_complex.pdb
186,AqTMK_186,AqTMK_186_complex.pdb,AqTMK,186,AqTMK.AF2rank186.pdb,AqTMK.AF2rank186,/home/wms/AF2-test/AF2-CatGraph/data/AqTMK/01_af2_new/AqTMK.AF2rank186.pdb,/home/wms/AF2-test/AF2-CatGraph/results/AqTMK/02_template_guided_docking/complexes/AqTMK_186_complex.pdb,/home/wms/AF2-test/AF2-CatGraph/data/AqTMK/02_templates/template.pdb,/home/wms/AF2-test/AF2-CatGraph/data/AqTMK/02_templates/ATP.pdb;/home/wms/AF2-test/AF2-CatGraph/data/AqTMK/02_templates/TMP.pdb;/home/wms/AF2-test/AF2-CatGraph/data/AqTMK/02_templates/MG.pdb,results/AqTMK/02_template_guided_docking/tables/AqTMK_step02_ligand_order_manifest.csv,/home/wms/AF2-test/AF2-CatGraph/data/AqTMK/02_templates/ATP.pdb;/home/wms/AF2-test/AF2-CatGraph/data/AqTMK/02_templates/TMP.pdb;/home/wms/AF2-test/AF2-CatGraph/data/AqTMK/02_templates/MG.pdb,ATP;TMP;MG,untrimmed_input,3,21,standard,dock_py_exact,True,single_chain_same_length_same_ordered_sequence,195,1.0,1.0,,passed,,1578,21,5,1.2543267566762073,2.000432901665417,2.000432901665417,10,True,"(0.0, 0.0, 0.0)",collision_py_exact,5.0,6.0,22,90.53272727272726,93.87,84.112,64.81,97.88,90.0,80.0,True,/home/wms/AF2-test/AF2-CatGraph/results/AqTMK/02_template_guided_docking/complexes/AqTMK_186_complex.pdb
187,AqTMK_187,AqTMK_187_complex.pdb,AqTMK,187,AqTMK.AF2rank187.pdb,AqTMK.AF2rank187,/home/wms/AF2-test/AF2-CatGraph/data/AqTMK/01_af2_new/AqTMK.AF2rank187.pdb,/home/wms/AF2-test/AF2-CatGraph/results/AqTMK/02_template_guided_docking/complexes/AqTMK_187_complex.pdb,/home/wms/AF2-test/AF2-CatGraph/data/AqTMK/02_templates/template.pdb,/home/wms/AF2-test/AF2-CatGraph/data/AqTMK/02_templates/ATP.pdb;/home/wms/AF2-test/AF2-CatGraph/data/AqTMK/02_templates/TMP.pdb;/home/wms/AF2-test/AF2-CatGraph/data/AqTMK/02_templates/MG.pdb,results/AqTMK/02_template_guided_docking/tables/AqTMK_step02_ligand_order_manifest.csv,/home/wms/AF2-test/AF2-CatGraph/data/AqTMK/02_templates/ATP.pdb;/home/wms/AF2-test/AF2-CatGraph/data/AqTMK/02_templates/TMP.pdb;/home/wms/AF2-test/AF2-CatGraph/data/AqTMK/02_templates/MG.pdb,ATP;TMP;MG,untrimmed_input,3,21,standard,dock_py_exact,True,single_chain_same_length_same_ordered_sequence,195,1.0,1.0,,passed,,1578,21,1,0.0248214699626987,2.5151785300373013,2.5151785300373013,10,True,"(0.0, 0.0, 0.0)",collision_py_exact,5.0,6.0,22,90.95181818181818,94.03,86.74600000000001,49.75,97.88,90.0,80.0,True,/home/wms/AF2-test/AF2-CatGraph/results/AqTMK/02_template_guided_docking/complexes/AqTMK_187_complex.pdb
188,AqTMK_188,AqTMK_188_complex.pdb,AqTMK,188,AqTMK.AF2rank188.pdb,AqTMK.AF2rank188,/home/wms/AF2-test/AF2-CatGraph/data/AqTMK/01_af2_new/AqTMK.AF2rank188.pdb,/home/wms/AF2-test/AF2-CatGraph/results/AqTMK/02_template_guided_docking/complexes/AqTMK_188_complex.pdb,/home/wms/AF2-test/AF2-CatGraph/data/AqTMK/02_templates/template.pdb,/home/wms/AF2-test/AF2-CatGraph/data/AqTMK/02_templates/ATP.pdb;/home/wms/AF2-test/AF2-CatGraph/data/AqTMK/02_templates/TMP.pdb;/home/wms/AF2-test/AF2-CatGraph/data/AqTMK/02_templates/MG.pdb,results/AqTMK/02_template_guided_docking/tables/AqTMK_step02_ligand_order_manifest.csv,/home/wms/AF2-test/AF2-CatGraph/data/AqTMK/02_templates/ATP.pdb;/home/wms/AF2-test/AF2-CatGraph/data/AqTMK/02_templates/TMP.pdb;/home/wms/AF2-test/AF2-CatGraph/data/AqTMK/02_templates/MG.pdb,ATP;TMP;MG,untrimmed_input,3,21,standard,dock_py_exact,True,single_chain_same_length_same_ordered_sequence,195,1.0,1.0,,passed,,1578,21,9,2.490707786903453,2.0195610182729773,2.0195610182729773,10,True,"(0.0, 0.0, 0.0)",collision_py_exact,5.0,6.0,22,90.64363636363636,95.22,83.223,56.97,98.12,90.0,80.0,True,/home/wms/AF2-test/AF2-CatGraph/results/AqTMK/02_template_guided_docking/complexes/AqTMK_188_complex.pdb
191,AqTMK_191,AqTMK_191_complex.pdb,AqTMK,191,AqTMK.AF2rank191.pdb,AqTMK.AF2rank191,/home/wms/AF2-test/AF2-CatGraph/data/AqTMK/01_af2_new/AqTMK.AF2rank191.pdb,/home/wms/AF2-test/AF2-CatGraph/results/AqTMK/02_template_guided_docking/complexes/AqTMK_191_complex.pdb,/home/wms/AF2-test/AF2-CatGraph/data/AqTMK/02_templates/template.pdb,/home/wms/AF2-test/AF2-CatGraph/data/AqTMK/02_templates/ATP.pdb;/home/wms/AF2-test/AF2-CatGraph/data/AqTMK/02_templates/TMP.pdb;/home/wms/AF2-test/AF2-CatGraph/data/AqTMK/02_templates/MG.pdb,results/AqTMK/02_template_guided_docking/tables/AqTMK_step02_ligand_order_manifest.csv,/home/wms/AF2-test/AF2-CatGraph/data/AqTMK/02_templates/ATP.pdb;/home/wms/AF2-test/AF2-CatGraph/data/AqTMK/02_templates/TMP.pdb;/home/wms/AF2-test/AF2-CatGraph/data/AqTMK/02_templates/MG.pdb,ATP;TMP;MG,untrimmed_input,3,21,standard,dock_py_exact,True,single_chain_same_length_same_ordered_sequence,195,1.0,1.0,,passed,,1578,21,4,1.1038824016806004,2.123543559119655,2.123543559119655,10,True,"(0.0, 0.0, 0.0)",collision_py_exact,5.0,6.0,23,90.84869565217392,95.12,84.55199999999999,56.09,98.19,90.0,80.0,True,/home/wms/AF2-test/AF2-CatGraph/results/AqTMK/02_template_guided_docking/complexes/AqTMK_191_complex.pdb
193,AqTMK_193,AqTMK_193_complex.pdb,AqTMK,193,AqTMK.AF2rank193.pdb,AqTMK.AF2rank193,/home/wms/AF2-test/AF2-CatGraph/data/AqTMK/01_af2_new/AqTMK.AF2rank193.pdb,/home/wms/AF2-test/AF2-CatGraph/results/AqTMK/02_template_guided_docking/complexes/AqTMK_193_complex.pdb,/home/wms/AF2-test/AF2-CatGraph/data/AqTMK/02_templates/template.pdb,/home/wms/AF2-test/AF2-CatGraph/data/AqTMK/02_templates/ATP.pdb;/home/wms/AF2-test/AF2-CatGraph/data/AqTMK/02_templates/TMP.pdb;/home/wms/AF2-test/AF2-CatGraph/data/AqTMK/02_templates/MG.pdb,results/AqTMK/02_template_guided_docking/tables/AqTMK_step02_ligand_order_manifest.csv,/home/wms/AF2-test/AF2-CatGraph/data/AqTMK/02_templates/ATP.pdb;/home/wms/AF2-test/AF2-CatGraph/data/AqTMK/02_templates/TMP.pdb;/home/wms/AF2-test/AF2-CatGraph/data/AqTMK/02_templates/MG.pdb,ATP;TMP;MG,untrimmed_input,3,21,standard,dock_py_exact,True,single_chain_same_length_same_ordered_sequence,195,1.0,1.0,,passed,,1578,21,1,0.5224060753395641,2.047593924660436,2.047593924660436,10,True,"(0.0, 0.0, 0.0)",collision_py_exact,5.0,6.0,22,90.42772727272728,94.72,83.217,63.62,98.19,90.0,80.0,True,/home/wms/AF2-test/AF2-CatGraph/results/AqTMK/02_template_guided_docking/complexes/AqTMK_193_complex.pdb
195,AqTMK_195,AqTMK_195_complex.pdb,AqTMK,195,AqTMK.AF2rank195.pdb,AqTMK.AF2rank195,/home/wms/AF2-test/AF2-CatGraph/data/AqTMK/01_af2_new/AqTMK.AF2rank195.pdb,/home/wms/AF2-test/AF2-CatGraph/results/AqTMK/02_template_guided_docking/complexes/AqTMK_195_complex.pdb,/home/wms/AF2-test/AF2-CatGraph/data/AqTMK/02_templates/template.pdb,/home/wms/AF2-test/AF2-CatGraph/data/AqTMK/02_templates/ATP.pdb;/home/wms/AF2-test/AF2-CatGraph/data/AqTMK/02_templates/TMP.pdb;/home/wms/AF2-test/AF2-CatGraph/data/AqTMK/02_templates/MG.pdb,results/AqTMK/02_template_guided_docking/tables/AqTMK_step02_ligand_order_manifest.csv,/home/wms/AF2-test/AF2-CatGraph/data/AqTMK/02_templates/ATP.pdb;/home/wms/AF2-test/AF2-CatGraph/data/AqTMK/02_templates/TMP.pdb;/home/wms/AF2-test/AF2-CatGraph/data/AqTMK/02_templates/MG.pdb,ATP;TMP;MG,untrimmed_input,3,21,standard,dock_py_exact,True,single_chain_same_length_same_ordered_sequence,195,1.0,1.0,,passed,,1578,21,5,1.538670517413797,2.022859680056724,2.022859680056724,10,True,"(0.0, 0.0, 0.0)",collision_py_exact,5.0,6.0,21,91.15857142857142,94.75,86.44,53.75,98.0,90.0,80.0,True,/home/wms/AF2-test/AF2-CatGraph/results/AqTMK/02_template_guided_docking/complexes/AqTMK_195_complex.pdb
196,AqTMK_196,AqTMK_196_complex.pdb,AqTMK,196,AqTMK.AF2rank196.pdb,AqTMK.AF2rank196,/home/wms/AF2-test/AF2-CatGraph/data/AqTMK/01_af2_new/AqTMK.AF2rank196.pdb,/home/wms/AF2-test/AF2-CatGraph/results/AqTMK/02_template_guided_docking/complexes/AqTMK_196_complex.pdb,/home/wms/AF2-test/AF2-CatGraph/data/AqTMK/02_templates/template.pdb,/home/wms/AF2-test/AF2-CatGraph/data/AqTMK/02_templates/ATP.pdb;/home/wms/AF2-test/AF2-CatGraph/data/AqTMK/02_templates/TMP.pdb;/home/wms/AF2-test/AF2-CatGraph/data/AqTMK/02_templates/MG.pdb,results/AqTMK/02_template_guided_docking/tables/AqTMK_step02_ligand_order_manifest.csv,/home/wms/AF2-test/AF2-CatGraph/data/AqTMK/02_templates/ATP.pdb;/home/wms/AF2-test/AF2-CatGraph/data/AqTMK/02_templates/TMP.pdb;/home/wms/AF2-test/AF2-CatGraph/data/AqTMK/02_templates/MG.pdb,ATP;TMP;MG,untrimmed_input,3,21,standard,dock_py_exact,True,single_chain_same_length_same_ordered_sequence,195,1.0,1.0,,passed,,1578,21,3,0.6640815008890915,2.087920008456716,2.087920008456716,10,True,"(0.0, 0.0, 0.0)",collision_py_exact,5.0,6.0,22,91.08454545454545,94.38,87.069,53.53,97.81,90.0,80.0,True,/home/wms/AF2-test/AF2-CatGraph/results/AqTMK/02_template_guided_docking/complexes/AqTMK_196_complex.pdb
197,AqTMK_197,AqTMK_197_complex.pdb,AqTMK,197,AqTMK.AF2rank197.pdb,AqTMK.AF2rank197,/home/wms/AF2-test/AF2-CatGraph/data/AqTMK/01_af2_new/AqTMK.AF2rank197.pdb,/home/wms/AF2-test/AF2-CatGraph/results/AqTMK/02_template_guided_docking/complexes/AqTMK_197_complex.pdb,/home/wms/AF2-test/AF2-CatGraph/data/AqTMK/02_templates/template.pdb,/home/wms/AF2-test/AF2-CatGraph/data/AqTMK/02_templates/ATP.pdb;/home/wms/AF2-test/AF2-CatGraph/data/AqTMK/02_templates/TMP.pdb;/home/wms/AF2-test/AF2-CatGraph/data/AqTMK/02_templates/MG.pdb,results/AqTMK/02_template_guided_docking/tables/AqTMK_step02_ligand_order_manifest.csv,/home/wms/AF2-test/AF2-CatGraph/data/AqTMK/02_templates/ATP.pdb;/home/wms/AF2-test/AF2-CatGraph/data/AqTMK/02_templates/TMP.pdb;/home/wms/AF2-test/AF2-CatGraph/data/AqTMK/02_templates/MG.pdb,ATP;TMP;MG,untrimmed_input,3,21,standard,dock_py_exact,True,single_chain_same_length_same_ordered_sequence,195,1.0,1.0,,passed,,1578,21,2,0.5994784754298013,2.0096122585747,2.0096122585747,10,True,"(0.0, 0.0, 0.0)",collision_py_exact,5.0,6.0,22,91.00272727272728,94.0,87.461,55.41,97.94,90.0,80.0,True,/home/wms/AF2-test/AF2-CatGraph/results/AqTMK/02_template_guided_docking/complexes/AqTMK_197_complex.pdb
198,AqTMK_198,AqTMK_198_complex.pdb,AqTMK,198,AqTMK.AF2rank198.pdb,AqTMK.AF2rank198,/home/wms/AF2-test/AF2-CatGraph/data/AqTMK/01_af2_new/AqTMK.AF2rank198.pdb,/home/wms/AF2-test/AF2-CatGraph/results/AqTMK/02_template_guided_docking/complexes/AqTMK_198_complex.pdb,/home/wms/AF2-test/AF2-CatGraph/data/AqTMK/02_templates/template.pdb,/home/wms/AF2-test/AF2-CatGraph/data/AqTMK/02_templates/ATP.pdb;/home/wms/AF2-test/AF2-CatGraph/data/AqTMK/02_templates/TMP.pdb;/home/wms/AF2-test/AF2-CatGraph/data/AqTMK/02_templates/MG.pdb,results/AqTMK/02_template_guided_docking/tables/AqTMK_step02_ligand_order_manifest.csv,/home/wms/AF2-test/AF2-CatGraph/data/AqTMK/02_templates/ATP.pdb;/home/wms/AF2-test/AF2-CatGraph/data/AqTMK/02_templates/TMP.pdb;/home/wms/AF2-test/AF2-CatGraph/data/AqTMK/02_templates/MG.pdb,ATP;TMP;MG,untrimmed_input,3,21,standard,dock_py_exact,True,single_chain_same_length_same_ordered_sequence,195,1.0,1.0,,passed,,1578,21,4,0.6995912093856385,2.073557811922169,2.073557811922169,10,True,"(0.0, 0.0, 0.0)",collision_py_exact,5.0,6.0,21,91.32809523809523,94.44,88.06,55.22,97.94,90.0,80.0,True,/home/wms/AF2-test/AF2-CatGraph/results/AqTMK/02_template_guided_docking/complexes/AqTMK_198_complex.pdb
200,AqTMK_200,AqTMK_200_complex.pdb,AqTMK,200,AqTMK.AF2rank200.pdb,AqTMK.AF2rank200,/home/wms/AF2-test/AF2-CatGraph/data/AqTMK/01_af2_new/AqTMK.AF2rank200.pdb,/home/wms/AF2-test/AF2-CatGraph/results/AqTMK/02_template_guided_docking/complexes/AqTMK_200_complex.pdb,/home/wms/AF2-test/AF2-CatGraph/data/AqTMK/02_templates/template.pdb,/home/wms/AF2-test/AF2-CatGraph/data/AqTMK/02_templates/ATP.pdb;/home/wms/AF2-test/AF2-CatGraph/data/AqTMK/02_templates/TMP.pdb;/home/wms/AF2-test/AF2-CatGraph/data/AqTMK/02_templates/MG.pdb,results/AqTMK/02_template_guided_docking/tables/AqTMK_step02_ligand_order_manifest.csv,/home/wms/AF2-test/AF2-CatGraph/data/AqTMK/02_templates/ATP.pdb;/home/wms/AF2-test/AF2-CatGraph/data/AqTMK/02_templates/TMP.pdb;/home/wms/AF2-test/AF2-CatGraph/data/AqTMK/02_templates/MG.pdb,ATP;TMP;MG,untrimmed_input,3,21,standard,dock_py_exact,True,single_chain_same_length_same_ordered_sequence,195,1.0,1.0,,passed,,1578,21,5,2.2944932926864934,2.003189686177042,2.003189686177042,10,True,"(0.0, 0.0, 0.0)",collision_py_exact,5.0,6.0,21,92.80095238095237,94.25,87.19,81.56,98.0,90.0,80.0,True,/home/wms/AF2-test/AF2-CatGraph/results/AqTMK/02_template_guided_docking/complexes/AqTMK_200_complex.pdb
201,AqTMK_201,AqTMK_201_complex.pdb,AqTMK,201,AqTMK.AF2rank201.pdb,AqTMK.AF2rank201,/home/wms/AF2-test/AF2-CatGraph/data/AqTMK/01_af2_new/AqTMK.AF2rank201.pdb,/home/wms/AF2-test/AF2-CatGraph/results/AqTMK/02_template_guided_docking/complexes/AqTMK_201_complex.pdb,/home/wms/AF2-test/AF2-CatGraph/data/AqTMK/02_templates/template.pdb,/home/wms/AF2-test/AF2-CatGraph/data/AqTMK/02_templates/ATP.pdb;/home/wms/AF2-test/AF2-CatGraph/data/AqTMK/02_templates/TMP.pdb;/home/wms/AF2-test/AF2-CatGraph/data/AqTMK/02_templates/MG.pdb,results/AqTMK/02_template_guided_docking/tables/AqTMK_step02_ligand_order_manifest.csv,/home/wms/AF2-test/AF2-CatGraph/data/AqTMK/02_templates/ATP.pdb;/home/wms/AF2-test/AF2-CatGraph/data/AqTMK/02_templates/TMP.pdb;/home/wms/AF2-test/AF2-CatGraph/data/AqTMK/02_templates/MG.pdb,ATP;TMP;MG,untrimmed_input,3,21,standard,dock_py_exact,True,single_chain_same_length_same_ordered_sequence,195,1.0,1.0,,passed,,1578,21,4,1.4451129042859074,2.004501612815113,2.004501612815113,10,True,"(0.0, 0.0, 0.0)",collision_py_exact,5.0,6.0,22,90.78636363636365,94.155,83.692,64.88,98.06,90.0,80.0,True,/home/wms/AF2-test/AF2-CatGraph/results/AqTMK/02_template_guided_docking/complexes/AqTMK_201_complex.pdb
207,AqTMK_207,AqTMK_207_complex.pdb,AqTMK,207,AqTMK.AF2rank207.pdb,AqTMK.AF2rank207,/home/wms/AF2-test/AF2-CatGraph/data/AqTMK/01_af2_new/AqTMK.AF2rank207.pdb,/home/wms/AF2-test/AF2-CatGraph/results/AqTMK/02_template_guided_docking/complexes/AqTMK_207_complex.pdb,/home/wms/AF2-test/AF2-CatGraph/data/AqTMK/02_templates/template.pdb,/home/wms/AF2-test/AF2-CatGraph/data/AqTMK/02_templates/ATP.pdb;/home/wms/AF2-test/AF2-CatGraph/data/AqTMK/02_templates/TMP.pdb;/home/wms/AF2-test/AF2-CatGraph/data/AqTMK/02_templates/MG.pdb,results/AqTMK/02_template_guided_docking/tables/AqTMK_step02_ligand_order_manifest.csv,/home/wms/AF2-test/AF2-CatGraph/data/AqTMK/02_templates/ATP.pdb;/home/wms/AF2-test/AF2-CatGraph/data/AqTMK/02_templates/TMP.pdb;/home/wms/AF2-test/AF2-CatGraph/data/AqTMK/02_templates/MG.pdb,ATP;TMP;MG,untrimmed_input,3,21,standard,dock_py_exact,True,single_chain_same_length_same_ordered_sequence,195,1.0,1.0,,passed,,1578,21,3,0.8398869899074226,2.0480760169753003,2.0480760169753003,10,True,"(0.0, 0.0, 0.0)",collision_py_exact,5.0,6.0,22,90.03909090909092,94.31,82.844,55.34,97.75,90.0,80.0,True,/home/wms/AF2-test/AF2-CatGraph/results/AqTMK/02_template_guided_docking/complexes/AqTMK_207_complex.pdb
208,AqTMK_208,AqTMK_208_complex.pdb,AqTMK,208,AqTMK.AF2rank208.pdb,AqTMK.AF2rank208,/home/wms/AF2-test/AF2-CatGraph/data/AqTMK/01_af2_new/AqTMK.AF2rank208.pdb,/home/wms/AF2-test/AF2-CatGraph/results/AqTMK/02_template_guided_docking/complexes/AqTMK_208_complex.pdb,/home/wms/AF2-test/AF2-CatGraph/data/AqTMK/02_templates/template.pdb,/home/wms/AF2-test/AF2-CatGraph/data/AqTMK/02_templates/ATP.pdb;/home/wms/AF2-test/AF2-CatGraph/data/AqTMK/02_templates/TMP.pdb;/home/wms/AF2-test/AF2-CatGraph/data/AqTMK/02_templates/MG.pdb,results/AqTMK/02_template_guided_docking/tables/AqTMK_step02_ligand_order_manifest.csv,/home/wms/AF2-test/AF2-CatGraph/data/AqTMK/02_templates/ATP.pdb;/home/wms/AF2-test/AF2-CatGraph/data/AqTMK/02_templates/TMP.pdb;/home/wms/AF2-test/AF2-CatGraph/data/AqTMK/02_templates/MG.pdb,ATP;TMP;MG,untrimmed_input,3,21,standard,dock_py_exact,True,single_chain_same_length_same_ordered_sequence,195,1.0,1.0,,passed,,1578,21,9,2.351187780645473,2.012982920974543,2.012982920974543,10,True,"(0.0, 0.0, 0.0)",collision_py_exact,5.0,6.0,22,91.01272727272725,94.0,87.566,52.03,97.88,90.0,80.0,True,/home/wms/AF2-test/AF2-CatGraph/results/AqTMK/02_template_guided_docking/complexes/AqTMK_208_complex.pdb
211,AqTMK_211,AqTMK_211_complex.pdb,AqTMK,211,AqTMK.AF2rank211.pdb,AqTMK.AF2rank211,/home/wms/AF2-test/AF2-CatGraph/data/AqTMK/01_af2_new/AqTMK.AF2rank211.pdb,/home/wms/AF2-test/AF2-CatGraph/results/AqTMK/02_template_guided_docking/complexes/AqTMK_211_complex.pdb,/home/wms/AF2-test/AF2-CatGraph/data/AqTMK/02_templates/template.pdb,/home/wms/AF2-test/AF2-CatGraph/data/AqTMK/02_templates/ATP.pdb;/home/wms/AF2-test/AF2-CatGraph/data/AqTMK/02_templates/TMP.pdb;/home/wms/AF2-test/AF2-CatGraph/data/AqTMK/02_templates/MG.pdb,results/AqTMK/02_template_guided_docking/tables/AqTMK_step02_ligand_order_manifest.csv,/home/wms/AF2-test/AF2-CatGraph/data/AqTMK/02_templates/ATP.pdb;/home/wms/AF2-test/AF2-CatGraph/data/AqTMK/02_templates/TMP.pdb;/home/wms/AF2-test/AF2-CatGraph/data/AqTMK/02_templates/MG.pdb,ATP;TMP;MG,untrimmed_input,3,21,standard,dock_py_exact,True,single_chain_same_length_same_ordered_sequence,195,1.0,1.0,,passed,,1578,21,2,0.5100420581341671,2.2049620912048344,2.2049620912048344,10,True,"(0.0, 0.0, 0.0)",collision_py_exact,5.0,6.0,22,90.64772727272727,93.875,86.138,48.31,97.81,90.0,80.0,True,/home/wms/AF2-test/AF2-CatGraph/results/AqTMK/02_template_guided_docking/complexes/AqTMK_211_complex.pdb
214,AqTMK_214,AqTMK_214_complex.pdb,AqTMK,214,AqTMK.AF2rank214.pdb,AqTMK.AF2rank214,/home/wms/AF2-test/AF2-CatGraph/data/AqTMK/01_af2_new/AqTMK.AF2rank214.pdb,/home/wms/AF2-test/AF2-CatGraph/results/AqTMK/02_template_guided_docking/complexes/AqTMK_214_complex.pdb,/home/wms/AF2-test/AF2-CatGraph/data/AqTMK/02_templates/template.pdb,/home/wms/AF2-test/AF2-CatGraph/data/AqTMK/02_templates/ATP.pdb;/home/wms/AF2-test/AF2-CatGraph/data/AqTMK/02_templates/TMP.pdb;/home/wms/AF2-test/AF2-CatGraph/data/AqTMK/02_templates/MG.pdb,results/AqTMK/02_template_guided_docking/tables/AqTMK_step02_ligand_order_manifest.csv,/home/wms/AF2-test/AF2-CatGraph/data/AqTMK/02_templates/ATP.pdb;/home/wms/AF2-test/AF2-CatGraph/data/AqTMK/02_templates/TMP.pdb;/home/wms/AF2-test/AF2-CatGraph/data/AqTMK/02_templates/MG.pdb,ATP;TMP;MG,untrimmed_input,3,21,standard,dock_py_exact,True,single_chain_same_length_same_ordered_sequence,195,1.0,1.0,,passed,,1578,21,7,1.614093377948831,2.1361137561014463,2.1361137561014463,10,True,"(0.0, 0.0, 0.0)",collision_py_exact,5.0,6.0,23,90.26739130434781,93.44,85.042,52.72,97.94,90.0,80.0,True,/home/wms/AF2-test/AF2-CatGraph/results/AqTMK/02_template_guided_docking/complexes/AqTMK_214_complex.pdb
217,AqTMK_217,AqTMK_217_complex.pdb,AqTMK,217,AqTMK.AF2rank217.pdb,AqTMK.AF2rank217,/home/wms/AF2-test/AF2-CatGraph/data/AqTMK/01_af2_new/AqTMK.AF2rank217.pdb,/home/wms/AF2-test/AF2-CatGraph/results/AqTMK/02_template_guided_docking/complexes/AqTMK_217_complex.pdb,/home/wms/AF2-test/AF2-CatGraph/data/AqTMK/02_templates/template.pdb,/home/wms/AF2-test/AF2-CatGraph/data/AqTMK/02_templates/ATP.pdb;/home/wms/AF2-test/AF2-CatGraph/data/AqTMK/02_templates/TMP.pdb;/home/wms/AF2-test/AF2-CatGraph/data/AqTMK/02_templates/MG.pdb,results/AqTMK/02_template_guided_docking/tables/AqTMK_step02_ligand_order_manifest.csv,/home/wms/AF2-test/AF2-CatGraph/data/AqTMK/02_templates/ATP.pdb;/home/wms/AF2-test/AF2-CatGraph/data/AqTMK/02_templates/TMP.pdb;/home/wms/AF2-test/AF2-CatGraph/data/AqTMK/02_templates/MG.pdb,ATP;TMP;MG,untrimmed_input,3,21,standard,dock_py_exact,True,single_chain_same_length_same_ordered_sequence,195,1.0,1.0,,passed,,1578,21,0,0.0,2.569299897701561,,10,True,"(0.0, 0.0, 0.0)",collision_py_exact,5.0,6.0,22,91.01454545454544,93.5,86.583,52.56,97.88,90.0,80.0,True,/home/wms/AF2-test/AF2-CatGraph/results/AqTMK/02_template_guided_docking/complexes/AqTMK_217_complex.pdb
218,AqTMK_218,AqTMK_218_complex.pdb,AqTMK,218,AqTMK.AF2rank218.pdb,AqTMK.AF2rank218,/home/wms/AF2-test/AF2-CatGraph/data/AqTMK/01_af2_new/AqTMK.AF2rank218.pdb,/home/wms/AF2-test/AF2-CatGraph/results/AqTMK/02_template_guided_docking/complexes/AqTMK_218_complex.pdb,/home/wms/AF2-test/AF2-CatGraph/data/AqTMK/02_templates/template.pdb,/home/wms/AF2-test/AF2-CatGraph/data/AqTMK/02_templates/ATP.pdb;/home/wms/AF2-test/AF2-CatGraph/data/AqTMK/02_templates/TMP.pdb;/home/wms/AF2-test/AF2-CatGraph/data/AqTMK/02_templates/MG.pdb,results/AqTMK/02_template_guided_docking/tables/AqTMK_step02_ligand_order_manifest.csv,/home/wms/AF2-test/AF2-CatGraph/data/AqTMK/02_templates/ATP.pdb;/home/wms/AF2-test/AF2-CatGraph/data/AqTMK/02_templates/TMP.pdb;/home/wms/AF2-test/AF2-CatGraph/data/AqTMK/02_templates/MG.pdb,ATP;TMP;MG,untrimmed_input,3,21,standard,dock_py_exact,True,single_chain_same_length_same_ordered_sequence,195,1.0,1.0,,passed,,1578,21,2,0.8077541396520123,2.13427595786014,2.13427595786014,10,True,"(0.0, 0.0, 0.0)",collision_py_exact,5.0,6.0,19,90.29157894736842,94.38,84.314,51.66,97.81,90.0,80.0,True,/home/wms/AF2-test/AF2-CatGraph/results/AqTMK/02_template_guided_docking/complexes/AqTMK_218_complex.pdb
219,AqTMK_219,AqTMK_219_complex.pdb,AqTMK,219,AqTMK.AF2rank219.pdb,AqTMK.AF2rank219,/home/wms/AF2-test/AF2-CatGraph/data/AqTMK/01_af2_new/AqTMK.AF2rank219.pdb,/home/wms/AF2-test/AF2-CatGraph/results/AqTMK/02_template_guided_docking/complexes/AqTMK_219_complex.pdb,/home/wms/AF2-test/AF2-CatGraph/data/AqTMK/02_templates/template.pdb,/home/wms/AF2-test/AF2-CatGraph/data/AqTMK/02_templates/ATP.pdb;/home/wms/AF2-test/AF2-CatGraph/data/AqTMK/02_templates/TMP.pdb;/home/wms/AF2-test/AF2-CatGraph/data/AqTMK/02_templates/MG.pdb,results/AqTMK/02_template_guided_docking/tables/AqTMK_step02_ligand_order_manifest.csv,/home/wms/AF2-test/AF2-CatGraph/data/AqTMK/02_templates/ATP.pdb;/home/wms/AF2-test/AF2-CatGraph/data/AqTMK/02_templates/TMP.pdb;/home/wms/AF2-test/AF2-CatGraph/data/AqTMK/02_templates/MG.pdb,ATP;TMP;MG,untrimmed_input,3,21,standard,dock_py_exact,True,single_chain_same_length_same_ordered_sequence,195,1.0,1.0,,passed,,1578,21,2,0.2121140627944906,2.401346376215619,2.401346376215619,10,True,"(0.0, 0.0, 0.0)",collision_py_exact,5.0,6.0,22,90.95545454545456,94.595,87.042,47.16,98.0,90.0,80.0,True,/home/wms/AF2-test/AF2-CatGraph/results/AqTMK/02_template_guided_docking/complexes/AqTMK_219_complex.pdb
220,AqTMK_220,AqTMK_220_complex.pdb,AqTMK,220,AqTMK.AF2rank220.pdb,AqTMK.AF2rank220,/home/wms/AF2-test/AF2-CatGraph/data/AqTMK/01_af2_new/AqTMK.AF2rank220.pdb,/home/wms/AF2-test/AF2-CatGraph/results/AqTMK/02_template_guided_docking/complexes/AqTMK_220_complex.pdb,/home/wms/AF2-test/AF2-CatGraph/data/AqTMK/02_templates/template.pdb,/home/wms/AF2-test/AF2-CatGraph/data/AqTMK/02_templates/ATP.pdb;/home/wms/AF2-test/AF2-CatGraph/data/AqTMK/02_templates/TMP.pdb;/home/wms/AF2-test/AF2-CatGraph/data/AqTMK/02_templates/MG.pdb,results/AqTMK/02_template_guided_docking/tables/AqTMK_step02_ligand_order_manifest.csv,/home/wms/AF2-test/AF2-CatGraph/data/AqTMK/02_templates/ATP.pdb;/home/wms/AF2-test/AF2-CatGraph/data/AqTMK/02_templates/TMP.pdb;/home/wms/AF2-test/AF2-CatGraph/data/AqTMK/02_templates/MG.pdb,ATP;TMP;MG,untrimmed_input,3,21,standard,dock_py_exact,True,single_chain_same_length_same_ordered_sequence,195,1.0,1.0,,passed,,1578,21,5,1.2979291440632723,2.042608400092513,2.042608400092513,10,True,"(0.0, 0.0, 0.0)",collision_py_exact,5.0,6.0,23,90.22739130434783,93.56,83.952,54.34,97.94,90.0,80.0,True,/home/wms/AF2-test/AF2-CatGraph/results/AqTMK/02_template_guided_docking/complexes/AqTMK_220_complex.pdb
223,AqTMK_223,AqTMK_223_complex.pdb,AqTMK,223,AqTMK.AF2rank223.pdb,AqTMK.AF2rank223,/home/wms/AF2-test/AF2-CatGraph/data/AqTMK/01_af2_new/AqTMK.AF2rank223.pdb,/home/wms/AF2-test/AF2-CatGraph/results/AqTMK/02_template_guided_docking/complexes/AqTMK_223_complex.pdb,/home/wms/AF2-test/AF2-CatGraph/data/AqTMK/02_templates/template.pdb,/home/wms/AF2-test/AF2-CatGraph/data/AqTMK/02_templates/ATP.pdb;/home/wms/AF2-test/AF2-CatGraph/data/AqTMK/02_templates/TMP.pdb;/home/wms/AF2-test/AF2-CatGraph/data/AqTMK/02_templates/MG.pdb,results/AqTMK/02_template_guided_docking/tables/AqTMK_step02_ligand_order_manifest.csv,/home/wms/AF2-test/AF2-CatGraph/data/AqTMK/02_templates/ATP.pdb;/home/wms/AF2-test/AF2-CatGraph/data/AqTMK/02_templates/TMP.pdb;/home/wms/AF2-test/AF2-CatGraph/data/AqTMK/02_templates/MG.pdb,ATP;TMP;MG,untrimmed_input,3,21,standard,dock_py_exact,True,single_chain_same_length_same_ordered_sequence,195,1.0,1.0,,passed,,1578,21,3,1.1738006457083436,2.0284984369415717,2.0284984369415717,10,True,"(0.0, 0.0, 0.0)",collision_py_exact,5.0,6.0,21,90.83809523809525,93.5,87.75,54.16,97.94,90.0,80.0,True,/home/wms/AF2-test/AF2-CatGraph/results/AqTMK/02_template_guided_docking/complexes/AqTMK_223_complex.pdb
224,AqTMK_224,AqTMK_224_complex.pdb,AqTMK,224,AqTMK.AF2rank224.pdb,AqTMK.AF2rank224,/home/wms/AF2-test/AF2-CatGraph/data/AqTMK/01_af2_new/AqTMK.AF2rank224.pdb,/home/wms/AF2-test/AF2-CatGraph/results/AqTMK/02_template_guided_docking/complexes/AqTMK_224_complex.pdb,/home/wms/AF2-test/AF2-CatGraph/data/AqTMK/02_templates/template.pdb,/home/wms/AF2-test/AF2-CatGraph/data/AqTMK/02_templates/ATP.pdb;/home/wms/AF2-test/AF2-CatGraph/data/AqTMK/02_templates/TMP.pdb;/home/wms/AF2-test/AF2-CatGraph/data/AqTMK/02_templates/MG.pdb,results/AqTMK/02_template_guided_docking/tables/AqTMK_step02_ligand_order_manifest.csv,/home/wms/AF2-test/AF2-CatGraph/data/AqTMK/02_templates/ATP.pdb;/home/wms/AF2-test/AF2-CatGraph/data/AqTMK/02_templates/TMP.pdb;/home/wms/AF2-test/AF2-CatGraph/data/AqTMK/02_templates/MG.pdb,ATP;TMP;MG,untrimmed_input,3,21,standard,dock_py_exact,True,single_chain_same_length_same_ordered_sequence,195,1.0,1.0,,passed,,1578,21,2,0.691457599989715,2.028143650678857,2.028143650678857,10,True,"(0.0, 0.0, 0.0)",collision_py_exact,5.0,6.0,22,91.07499999999999,93.405,86.277,59.72,97.81,90.0,80.0,True,/home/wms/AF2-test/AF2-CatGraph/results/AqTMK/02_template_guided_docking/complexes/AqTMK_224_complex.pdb
228,AqTMK_228,AqTMK_228_complex.pdb,AqTMK,228,AqTMK.AF2rank228.pdb,AqTMK.AF2rank228,/home/wms/AF2-test/AF2-CatGraph/data/AqTMK/01_af2_new/AqTMK.AF2rank228.pdb,/home/wms/AF2-test/AF2-CatGraph/results/AqTMK/02_template_guided_docking/complexes/AqTMK_228_complex.pdb,/home/wms/AF2-test/AF2-CatGraph/data/AqTMK/02_templates/template.pdb,/home/wms/AF2-test/AF2-CatGraph/data/AqTMK/02_templates/ATP.pdb;/home/wms/AF2-test/AF2-CatGraph/data/AqTMK/02_templates/TMP.pdb;/home/wms/AF2-test/AF2-CatGraph/data/AqTMK/02_templates/MG.pdb,results/AqTMK/02_template_guided_docking/tables/AqTMK_step02_ligand_order_manifest.csv,/home/wms/AF2-test/AF2-CatGraph/data/AqTMK/02_templates/ATP.pdb;/home/wms/AF2-test/AF2-CatGraph/data/AqTMK/02_templates/TMP.pdb;/home/wms/AF2-test/AF2-CatGraph/data/AqTMK/02_templates/MG.pdb,ATP;TMP;MG,untrimmed_input,3,21,standard,dock_py_exact,True,single_chain_same_length_same_ordered_sequence,195,1.0,1.0,,passed,,1578,21,6,2.2589098083113384,2.000730649100949,2.000730649100949,10,True,"(0.0, 0.0, 0.0)",collision_py_exact,5.0,6.0,23,90.6408695652174,94.38,84.414,55.03,97.88,90.0,80.0,True,/home/wms/AF2-test/AF2-CatGraph/results/AqTMK/02_template_guided_docking/complexes/AqTMK_228_complex.pdb
229,AqTMK_229,AqTMK_229_complex.pdb,AqTMK,229,AqTMK.AF2rank229.pdb,AqTMK.AF2rank229,/home/wms/AF2-test/AF2-CatGraph/data/AqTMK/01_af2_new/AqTMK.AF2rank229.pdb,/home/wms/AF2-test/AF2-CatGraph/results/AqTMK/02_template_guided_docking/complexes/AqTMK_229_complex.pdb,/home/wms/AF2-test/AF2-CatGraph/data/AqTMK/02_templates/template.pdb,/home/wms/AF2-test/AF2-CatGraph/data/AqTMK/02_templates/ATP.pdb;/home/wms/AF2-test/AF2-CatGraph/data/AqTMK/02_templates/TMP.pdb;/home/wms/AF2-test/AF2-CatGraph/data/AqTMK/02_templates/MG.pdb,results/AqTMK/02_template_guided_docking/tables/AqTMK_step02_ligand_order_manifest.csv,/home/wms/AF2-test/AF2-CatGraph/data/AqTMK/02_templates/ATP.pdb;/home/wms/AF2-test/AF2-CatGraph/data/AqTMK/02_templates/TMP.pdb;/home/wms/AF2-test/AF2-CatGraph/data/AqTMK/02_templates/MG.pdb,ATP;TMP;MG,untrimmed_input,3,21,standard,dock_py_exact,True,single_chain_same_length_same_ordered_sequence,195,1.0,1.0,,passed,,1578,21,6,2.116233277199091,2.0401679430613684,2.0401679430613684,10,True,"(0.0, 0.0, 0.0)",collision_py_exact,5.0,6.0,21,92.66428571428573,94.31,88.06,81.44,97.88,90.0,80.0,True,/home/wms/AF2-test/AF2-CatGraph/results/AqTMK/02_template_guided_docking/complexes/AqTMK_229_complex.pdb
230,AqTMK_230,AqTMK_230_complex.pdb,AqTMK,230,AqTMK.AF2rank230.pdb,AqTMK.AF2rank230,/home/wms/AF2-test/AF2-CatGraph/data/AqTMK/01_af2_new/AqTMK.AF2rank230.pdb,/home/wms/AF2-test/AF2-CatGraph/results/AqTMK/02_template_guided_docking/complexes/AqTMK_230_complex.pdb,/home/wms/AF2-test/AF2-CatGraph/data/AqTMK/02_templates/template.pdb,/home/wms/AF2-test/AF2-CatGraph/data/AqTMK/02_templates/ATP.pdb;/home/wms/AF2-test/AF2-CatGraph/data/AqTMK/02_templates/TMP.pdb;/home/wms/AF2-test/AF2-CatGraph/data/AqTMK/02_templates/MG.pdb,results/AqTMK/02_template_guided_docking/tables/AqTMK_step02_ligand_order_manifest.csv,/home/wms/AF2-test/AF2-CatGraph/data/AqTMK/02_templates/ATP.pdb;/home/wms/AF2-test/AF2-CatGraph/data/AqTMK/02_templates/TMP.pdb;/home/wms/AF2-test/AF2-CatGraph/data/AqTMK/02_templates/MG.pdb,ATP;TMP;MG,untrimmed_input,3,21,standard,dock_py_exact,True,single_chain_same_length_same_ordered_sequence,195,1.0,1.0,,passed,,1578,21,2,0.6707967700170547,2.0302483876115085,2.0302483876115085,10,True,"(0.0, 0.0, 0.0)",collision_py_exact,5.0,6.0,22,91.11999999999999,94.5,86.131,51.06,97.88,90.0,80.0,True,/home/wms/AF2-test/AF2-CatGraph/results/AqTMK/02_template_guided_docking/complexes/AqTMK_230_complex.pdb
231,AqTMK_231,AqTMK_231_complex.pdb,AqTMK,231,AqTMK.AF2rank231.pdb,AqTMK.AF2rank231,/home/wms/AF2-test/AF2-CatGraph/data/AqTMK/01_af2_new/AqTMK.AF2rank231.pdb,/home/wms/AF2-test/AF2-CatGraph/results/AqTMK/02_template_guided_docking/complexes/AqTMK_231_complex.pdb,/home/wms/AF2-test/AF2-CatGraph/data/AqTMK/02_templates/template.pdb,/home/wms/AF2-test/AF2-CatGraph/data/AqTMK/02_templates/ATP.pdb;/home/wms/AF2-test/AF2-CatGraph/data/AqTMK/02_templates/TMP.pdb;/home/wms/AF2-test/AF2-CatGraph/data/AqTMK/02_templates/MG.pdb,results/AqTMK/02_template_guided_docking/tables/AqTMK_step02_ligand_order_manifest.csv,/home/wms/AF2-test/AF2-CatGraph/data/AqTMK/02_templates/ATP.pdb;/home/wms/AF2-test/AF2-CatGraph/data/AqTMK/02_templates/TMP.pdb;/home/wms/AF2-test/AF2-CatGraph/data/AqTMK/02_templates/MG.pdb,ATP;TMP;MG,untrimmed_input,3,21,standard,dock_py_exact,True,single_chain_same_length_same_ordered_sequence,195,1.0,1.0,,passed,,1578,21,0,0.0,2.641846128503744,,10,True,"(0.0, 0.0, 0.0)",collision_py_exact,5.0,6.0,22,91.01,94.0,86.452,52.03,97.69,90.0,80.0,True,/home/wms/AF2-test/AF2-CatGraph/results/AqTMK/02_template_guided_docking/complexes/AqTMK_231_complex.pdb
233,AqTMK_233,AqTMK_233_complex.pdb,AqTMK,233,AqTMK.AF2rank233.pdb,AqTMK.AF2rank233,/home/wms/AF2-test/AF2-CatGraph/data/AqTMK/01_af2_new/AqTMK.AF2rank233.pdb,/home/wms/AF2-test/AF2-CatGraph/results/AqTMK/02_template_guided_docking/complexes/AqTMK_233_complex.pdb,/home/wms/AF2-test/AF2-CatGraph/data/AqTMK/02_templates/template.pdb,/home/wms/AF2-test/AF2-CatGraph/data/AqTMK/02_templates/ATP.pdb;/home/wms/AF2-test/AF2-CatGraph/data/AqTMK/02_templates/TMP.pdb;/home/wms/AF2-test/AF2-CatGraph/data/AqTMK/02_templates/MG.pdb,results/AqTMK/02_template_guided_docking/tables/AqTMK_step02_ligand_order_manifest.csv,/home/wms/AF2-test/AF2-CatGraph/data/AqTMK/02_templates/ATP.pdb;/home/wms/AF2-test/AF2-CatGraph/data/AqTMK/02_templates/TMP.pdb;/home/wms/AF2-test/AF2-CatGraph/data/AqTMK/02_templates/MG.pdb,ATP;TMP;MG,untrimmed_input,3,21,standard,dock_py_exact,True,single_chain_same_length_same_ordered_sequence,195,1.0,1.0,,passed,,1578,21,2,0.5558202010256061,2.041518296173096,2.041518296173096,10,True,"(0.0, 0.0, 0.0)",collision_py_exact,5.0,6.0,20,93.24449999999999,94.66,87.919,84.81,97.94,90.0,80.0,True,/home/wms/AF2-test/AF2-CatGraph/results/AqTMK/02_template_guided_docking/complexes/AqTMK_233_complex.pdb
234,AqTMK_234,AqTMK_234_complex.pdb,AqTMK,234,AqTMK.AF2rank234.pdb,AqTMK.AF2rank234,/home/wms/AF2-test/AF2-CatGraph/data/AqTMK/01_af2_new/AqTMK.AF2rank234.pdb,/home/wms/AF2-test/AF2-CatGraph/results/AqTMK/02_template_guided_docking/complexes/AqTMK_234_complex.pdb,/home/wms/AF2-test/AF2-CatGraph/data/AqTMK/02_templates/template.pdb,/home/wms/AF2-test/AF2-CatGraph/data/AqTMK/02_templates/ATP.pdb;/home/wms/AF2-test/AF2-CatGraph/data/AqTMK/02_templates/TMP.pdb;/home/wms/AF2-test/AF2-CatGraph/data/AqTMK/02_templates/MG.pdb,results/AqTMK/02_template_guided_docking/tables/AqTMK_step02_ligand_order_manifest.csv,/home/wms/AF2-test/AF2-CatGraph/data/AqTMK/02_templates/ATP.pdb;/home/wms/AF2-test/AF2-CatGraph/data/AqTMK/02_templates/TMP.pdb;/home/wms/AF2-test/AF2-CatGraph/data/AqTMK/02_templates/MG.pdb,ATP;TMP;MG,untrimmed_input,3,21,standard,dock_py_exact,True,single_chain_same_length_same_ordered_sequence,195,1.0,1.0,,passed,,1578,21,0,0.0,2.6623458047623223,,10,True,"(0.0, 0.0, 0.0)",collision_py_exact,5.0,6.0,22,91.03227272727273,93.97,87.958,52.34,97.81,90.0,80.0,True,/home/wms/AF2-test/AF2-CatGraph/results/AqTMK/02_template_guided_docking/complexes/AqTMK_234_complex.pdb
236,AqTMK_236,AqTMK_236_complex.pdb,AqTMK,236,AqTMK.AF2rank236.pdb,AqTMK.AF2rank236,/home/wms/AF2-test/AF2-CatGraph/data/AqTMK/01_af2_new/AqTMK.AF2rank236.pdb,/home/wms/AF2-test/AF2-CatGraph/results/AqTMK/02_template_guided_docking/complexes/AqTMK_236_complex.pdb,/home/wms/AF2-test/AF2-CatGraph/data/AqTMK/02_templates/template.pdb,/home/wms/AF2-test/AF2-CatGraph/data/AqTMK/02_templates/ATP.pdb;/home/wms/AF2-test/AF2-CatGraph/data/AqTMK/02_templates/TMP.pdb;/home/wms/AF2-test/AF2-CatGraph/data/AqTMK/02_templates/MG.pdb,results/AqTMK/02_template_guided_docking/tables/AqTMK_step02_ligand_order_manifest.csv,/home/wms/AF2-test/AF2-CatGraph/data/AqTMK/02_templates/ATP.pdb;/home/wms/AF2-test/AF2-CatGraph/data/AqTMK/02_templates/TMP.pdb;/home/wms/AF2-test/AF2-CatGraph/data/AqTMK/02_templates/MG.pdb,ATP;TMP;MG,untrimmed_input,3,21,standard,dock_py_exact,True,single_chain_same_length_same_ordered_sequence,195,1.0,1.0,,passed,,1578,21,6,2.621067029410906,2.011752282343854,2.011752282343854,10,True,"(0.0, 0.0, 0.0)",collision_py_exact,5.0,6.0,21,91.93714285714287,94.5,86.12,64.81,97.75,90.0,80.0,True,/home/wms/AF2-test/AF2-CatGraph/results/AqTMK/02_template_guided_docking/complexes/AqTMK_236_complex.pdb
237,AqTMK_237,AqTMK_237_complex.pdb,AqTMK,237,AqTMK.AF2rank237.pdb,AqTMK.AF2rank237,/home/wms/AF2-test/AF2-CatGraph/data/AqTMK/01_af2_new/AqTMK.AF2rank237.pdb,/home/wms/AF2-test/AF2-CatGraph/results/AqTMK/02_template_guided_docking/complexes/AqTMK_237_complex.pdb,/home/wms/AF2-test/AF2-CatGraph/data/AqTMK/02_templates/template.pdb,/home/wms/AF2-test/AF2-CatGraph/data/AqTMK/02_templates/ATP.pdb;/home/wms/AF2-test/AF2-CatGraph/data/AqTMK/02_templates/TMP.pdb;/home/wms/AF2-test/AF2-CatGraph/data/AqTMK/02_templates/MG.pdb,results/AqTMK/02_template_guided_docking/tables/AqTMK_step02_ligand_order_manifest.csv,/home/wms/AF2-test/AF2-CatGraph/data/AqTMK/02_templates/ATP.pdb;/home/wms/AF2-test/AF2-CatGraph/data/AqTMK/02_templates/TMP.pdb;/home/wms/AF2-test/AF2-CatGraph/data/AqTMK/02_templates/MG.pdb,ATP;TMP;MG,untrimmed_input,3,21,standard,dock_py_exact,True,single_chain_same_length_same_ordered_sequence,195,1.0,1.0,,passed,,1578,21,5,1.535966946322032,2.0120262545474623,2.0120262545474623,10,True,"(0.0, 0.0, 0.0)",collision_py_exact,5.0,6.0,20,92.85849999999998,94.035,88.033,83.56,97.81,90.0,80.0,True,/home/wms/AF2-test/AF2-CatGraph/results/AqTMK/02_template_guided_docking/complexes/AqTMK_237_complex.pdb
238,AqTMK_238,AqTMK_238_complex.pdb,AqTMK,238,AqTMK.AF2rank238.pdb,AqTMK.AF2rank238,/home/wms/AF2-test/AF2-CatGraph/data/AqTMK/01_af2_new/AqTMK.AF2rank238.pdb,/home/wms/AF2-test/AF2-CatGraph/results/AqTMK/02_template_guided_docking/complexes/AqTMK_238_complex.pdb,/home/wms/AF2-test/AF2-CatGraph/data/AqTMK/02_templates/template.pdb,/home/wms/AF2-test/AF2-CatGraph/data/AqTMK/02_templates/ATP.pdb;/home/wms/AF2-test/AF2-CatGraph/data/AqTMK/02_templates/TMP.pdb;/home/wms/AF2-test/AF2-CatGraph/data/AqTMK/02_templates/MG.pdb,results/AqTMK/02_template_guided_docking/tables/AqTMK_step02_ligand_order_manifest.csv,/home/wms/AF2-test/AF2-CatGraph/data/AqTMK/02_templates/ATP.pdb;/home/wms/AF2-test/AF2-CatGraph/data/AqTMK/02_templates/TMP.pdb;/home/wms/AF2-test/AF2-CatGraph/data/AqTMK/02_templates/MG.pdb,ATP;TMP;MG,untrimmed_input,3,21,standard,dock_py_exact,True,single_chain_same_length_same_ordered_sequence,195,1.0,1.0,,passed,,1578,21,1,0.1826377901770608,2.3873622098229395,2.3873622098229395,10,True,"(0.0, 0.0, 0.0)",collision_py_exact,5.0,6.0,22,90.91045454545456,93.72,87.015,53.16,97.88,90.0,80.0,True,/home/wms/AF2-test/AF2-CatGraph/results/AqTMK/02_template_guided_docking/complexes/AqTMK_238_complex.pdb
240,AqTMK_240,AqTMK_240_complex.pdb,AqTMK,240,AqTMK.AF2rank240.pdb,AqTMK.AF2rank240,/home/wms/AF2-test/AF2-CatGraph/data/AqTMK/01_af2_new/AqTMK.AF2rank240.pdb,/home/wms/AF2-test/AF2-CatGraph/results/AqTMK/02_template_guided_docking/complexes/AqTMK_240_complex.pdb,/home/wms/AF2-test/AF2-CatGraph/data/AqTMK/02_templates/template.pdb,/home/wms/AF2-test/AF2-CatGraph/data/AqTMK/02_templates/ATP.pdb;/home/wms/AF2-test/AF2-CatGraph/data/AqTMK/02_templates/TMP.pdb;/home/wms/AF2-test/AF2-CatGraph/data/AqTMK/02_templates/MG.pdb,results/AqTMK/02_template_guided_docking/tables/AqTMK_step02_ligand_order_manifest.csv,/home/wms/AF2-test/AF2-CatGraph/data/AqTMK/02_templates/ATP.pdb;/home/wms/AF2-test/AF2-CatGraph/data/AqTMK/02_templates/TMP.pdb;/home/wms/AF2-test/AF2-CatGraph/data/AqTMK/02_templates/MG.pdb,ATP;TMP;MG,untrimmed_input,3,21,standard,dock_py_exact,True,single_chain_same_length_same_ordered_sequence,195,1.0,1.0,,passed,,1578,21,4,0.9261578760937196,2.134324430720393,2.134324430720393,10,True,"(0.0, 0.0, 0.0)",collision_py_exact,5.0,6.0,22,91.0190909090909,94.28,87.138,54.81,97.88,90.0,80.0,True,/home/wms/AF2-test/AF2-CatGraph/results/AqTMK/02_template_guided_docking/complexes/AqTMK_240_complex.pdb
242,AqTMK_242,AqTMK_242_complex.pdb,AqTMK,242,AqTMK.AF2rank242.pdb,AqTMK.AF2rank242,/home/wms/AF2-test/AF2-CatGraph/data/AqTMK/01_af2_new/AqTMK.AF2rank242.pdb,/home/wms/AF2-test/AF2-CatGraph/results/AqTMK/02_template_guided_docking/complexes/AqTMK_242_complex.pdb,/home/wms/AF2-test/AF2-CatGraph/data/AqTMK/02_templates/template.pdb,/home/wms/AF2-test/AF2-CatGraph/data/AqTMK/02_templates/ATP.pdb;/home/wms/AF2-test/AF2-CatGraph/data/AqTMK/02_templates/TMP.pdb;/home/wms/AF2-test/AF2-CatGraph/data/AqTMK/02_templates/MG.pdb,results/AqTMK/02_template_guided_docking/tables/AqTMK_step02_ligand_order_manifest.csv,/home/wms/AF2-test/AF2-CatGraph/data/AqTMK/02_templates/ATP.pdb;/home/wms/AF2-test/AF2-CatGraph/data/AqTMK/02_templates/TMP.pdb;/home/wms/AF2-test/AF2-CatGraph/data/AqTMK/02_templates/MG.pdb,ATP;TMP;MG,untrimmed_input,3,21,standard,dock_py_exact,True,single_chain_same_length_same_ordered_sequence,195,1.0,1.0,,passed,,1578,21,1,0.4714658743342137,2.0985341256657866,2.0985341256657866,10,True,"(0.0, 0.0, 0.0)",collision_py_exact,5.0,6.0,22,91.41545454545455,93.81,87.581,58.47,98.0,90.0,80.0,True,/home/wms/AF2-test/AF2-CatGraph/results/AqTMK/02_template_guided_docking/complexes/AqTMK_242_complex.pdb
244,AqTMK_244,AqTMK_244_complex.pdb,AqTMK,244,AqTMK.AF2rank244.pdb,AqTMK.AF2rank244,/home/wms/AF2-test/AF2-CatGraph/data/AqTMK/01_af2_new/AqTMK.AF2rank244.pdb,/home/wms/AF2-test/AF2-CatGraph/results/AqTMK/02_template_guided_docking/complexes/AqTMK_244_complex.pdb,/home/wms/AF2-test/AF2-CatGraph/data/AqTMK/02_templates/template.pdb,/home/wms/AF2-test/AF2-CatGraph/data/AqTMK/02_templates/ATP.pdb;/home/wms/AF2-test/AF2-CatGraph/data/AqTMK/02_templates/TMP.pdb;/home/wms/AF2-test/AF2-CatGraph/data/AqTMK/02_templates/MG.pdb,results/AqTMK/02_template_guided_docking/tables/AqTMK_step02_ligand_order_manifest.csv,/home/wms/AF2-test/AF2-CatGraph/data/AqTMK/02_templates/ATP.pdb;/home/wms/AF2-test/AF2-CatGraph/data/AqTMK/02_templates/TMP.pdb;/home/wms/AF2-test/AF2-CatGraph/data/AqTMK/02_templates/MG.pdb,ATP;TMP;MG,untrimmed_input,3,21,standard,dock_py_exact,True,single_chain_same_length_same_ordered_sequence,195,1.0,1.0,,passed,,1578,21,5,1.844536173385012,2.009846025096624,2.009846025096624,10,True,"(0.0, 0.0, 0.0)",collision_py_exact,5.0,6.0,22,91.70727272727272,94.095,86.173,65.38,97.62,90.0,80.0,True,/home/wms/AF2-test/AF2-CatGraph/results/AqTMK/02_template_guided_docking/complexes/AqTMK_244_complex.pdb
245,AqTMK_245,AqTMK_245_complex.pdb,AqTMK,245,AqTMK.AF2rank245.pdb,AqTMK.AF2rank245,/home/wms/AF2-test/AF2-CatGraph/data/AqTMK/01_af2_new/AqTMK.AF2rank245.pdb,/home/wms/AF2-test/AF2-CatGraph/results/AqTMK/02_template_guided_docking/complexes/AqTMK_245_complex.pdb,/home/wms/AF2-test/AF2-CatGraph/data/AqTMK/02_templates/template.pdb,/home/wms/AF2-test/AF2-CatGraph/data/AqTMK/02_templates/ATP.pdb;/home/wms/AF2-test/AF2-CatGraph/data/AqTMK/02_templates/TMP.pdb;/home/wms/AF2-test/AF2-CatGraph/data/AqTMK/02_templates/MG.pdb,results/AqTMK/02_template_guided_docking/tables/AqTMK_step02_ligand_order_manifest.csv,/home/wms/AF2-test/AF2-CatGraph/data/AqTMK/02_templates/ATP.pdb;/home/wms/AF2-test/AF2-CatGraph/data/AqTMK/02_templates/TMP.pdb;/home/wms/AF2-test/AF2-CatGraph/data/AqTMK/02_templates/MG.pdb,ATP;TMP;MG,untrimmed_input,3,21,standard,dock_py_exact,True,single_chain_same_length_same_ordered_sequence,195,1.0,1.0,,passed,,1578,21,0,0.0,2.654057605204601,,10,True,"(0.0, 0.0, 0.0)",collision_py_exact,5.0,6.0,22,91.04454545454544,93.78,86.496,60.72,97.75,90.0,80.0,True,/home/wms/AF2-test/AF2-CatGraph/results/AqTMK/02_template_guided_docking/complexes/AqTMK_245_complex.pdb
246,AqTMK_246,AqTMK_246_complex.pdb,AqTMK,246,AqTMK.AF2rank246.pdb,AqTMK.AF2rank246,/home/wms/AF2-test/AF2-CatGraph/data/AqTMK/01_af2_new/AqTMK.AF2rank246.pdb,/home/wms/AF2-test/AF2-CatGraph/results/AqTMK/02_template_guided_docking/complexes/AqTMK_246_complex.pdb,/home/wms/AF2-test/AF2-CatGraph/data/AqTMK/02_templates/template.pdb,/home/wms/AF2-test/AF2-CatGraph/data/AqTMK/02_templates/ATP.pdb;/home/wms/AF2-test/AF2-CatGraph/data/AqTMK/02_templates/TMP.pdb;/home/wms/AF2-test/AF2-CatGraph/data/AqTMK/02_templates/MG.pdb,results/AqTMK/02_template_guided_docking/tables/AqTMK_step02_ligand_order_manifest.csv,/home/wms/AF2-test/AF2-CatGraph/data/AqTMK/02_templates/ATP.pdb;/home/wms/AF2-test/AF2-CatGraph/data/AqTMK/02_templates/TMP.pdb;/home/wms/AF2-test/AF2-CatGraph/data/AqTMK/02_templates/MG.pdb,ATP;TMP;MG,untrimmed_input,3,21,standard,dock_py_exact,True,single_chain_same_length_same_ordered_sequence,195,1.0,1.0,,passed,,1578,21,5,1.648234847119546,2.0584472167285384,2.0584472167285384,10,True,"(0.0, 0.0, 0.0)",collision_py_exact,5.0,6.0,21,90.94904761904762,94.06,85.44,54.59,97.81,90.0,80.0,True,/home/wms/AF2-test/AF2-CatGraph/results/AqTMK/02_template_guided_docking/complexes/AqTMK_246_complex.pdb
249,AqTMK_249,AqTMK_249_complex.pdb,AqTMK,249,AqTMK.AF2rank249.pdb,AqTMK.AF2rank249,/home/wms/AF2-test/AF2-CatGraph/data/AqTMK/01_af2_new/AqTMK.AF2rank249.pdb,/home/wms/AF2-test/AF2-CatGraph/results/AqTMK/02_template_guided_docking/complexes/AqTMK_249_complex.pdb,/home/wms/AF2-test/AF2-CatGraph/data/AqTMK/02_templates/template.pdb,/home/wms/AF2-test/AF2-CatGraph/data/AqTMK/02_templates/ATP.pdb;/home/wms/AF2-test/AF2-CatGraph/data/AqTMK/02_templates/TMP.pdb;/home/wms/AF2-test/AF2-CatGraph/data/AqTMK/02_templates/MG.pdb,results/AqTMK/02_template_guided_docking/tables/AqTMK_step02_ligand_order_manifest.csv,/home/wms/AF2-test/AF2-CatGraph/data/AqTMK/02_templates/ATP.pdb;/home/wms/AF2-test/AF2-CatGraph/data/AqTMK/02_templates/TMP.pdb;/home/wms/AF2-test/AF2-CatGraph/data/AqTMK/02_templates/MG.pdb,ATP;TMP;MG,untrimmed_input,3,21,standard,dock_py_exact,True,single_chain_same_length_same_ordered_sequence,195,1.0,1.0,,passed,,1578,21,3,1.1049369935224984,2.0477260753683963,2.0477260753683963,10,True,"(0.0, 0.0, 0.0)",collision_py_exact,5.0,6.0,20,92.62100000000001,94.31,88.396,80.69,97.81,90.0,80.0,True,/home/wms/AF2-test/AF2-CatGraph/results/AqTMK/02_template_guided_docking/complexes/AqTMK_249_complex.pdb
253,AqTMK_253,AqTMK_253_complex.pdb,AqTMK,253,AqTMK.AF2rank253.pdb,AqTMK.AF2rank253,/home/wms/AF2-test/AF2-CatGraph/data/AqTMK/01_af2_new/AqTMK.AF2rank253.pdb,/home/wms/AF2-test/AF2-CatGraph/results/AqTMK/02_template_guided_docking/complexes/AqTMK_253_complex.pdb,/home/wms/AF2-test/AF2-CatGraph/data/AqTMK/02_templates/template.pdb,/home/wms/AF2-test/AF2-CatGraph/data/AqTMK/02_templates/ATP.pdb;/home/wms/AF2-test/AF2-CatGraph/data/AqTMK/02_templates/TMP.pdb;/home/wms/AF2-test/AF2-CatGraph/data/AqTMK/02_templates/MG.pdb,results/AqTMK/02_template_guided_docking/tables/AqTMK_step02_ligand_order_manifest.csv,/home/wms/AF2-test/AF2-CatGraph/data/AqTMK/02_templates/ATP.pdb;/home/wms/AF2-test/AF2-CatGraph/data/AqTMK/02_templates/TMP.pdb;/home/wms/AF2-test/AF2-CatGraph/data/AqTMK/02_templates/MG.pdb,ATP;TMP;MG,untrimmed_input,3,21,standard,dock_py_exact,True,single_chain_same_length_same_ordered_sequence,195,1.0,1.0,,passed,,1578,21,4,0.8697124156815712,2.0529655993019267,2.0529655993019267,10,True,"(0.0, 0.0, 0.0)",collision_py_exact,5.0,6.0,21,92.70285714285713,94.56,87.62,82.56,98.0,90.0,80.0,True,/home/wms/AF2-test/AF2-CatGraph/results/AqTMK/02_template_guided_docking/complexes/AqTMK_253_complex.pdb
257,AqTMK_257,AqTMK_257_complex.pdb,AqTMK,257,AqTMK.AF2rank257.pdb,AqTMK.AF2rank257,/home/wms/AF2-test/AF2-CatGraph/data/AqTMK/01_af2_new/AqTMK.AF2rank257.pdb,/home/wms/AF2-test/AF2-CatGraph/results/AqTMK/02_template_guided_docking/complexes/AqTMK_257_complex.pdb,/home/wms/AF2-test/AF2-CatGraph/data/AqTMK/02_templates/template.pdb,/home/wms/AF2-test/AF2-CatGraph/data/AqTMK/02_templates/ATP.pdb;/home/wms/AF2-test/AF2-CatGraph/data/AqTMK/02_templates/TMP.pdb;/home/wms/AF2-test/AF2-CatGraph/data/AqTMK/02_templates/MG.pdb,results/AqTMK/02_template_guided_docking/tables/AqTMK_step02_ligand_order_manifest.csv,/home/wms/AF2-test/AF2-CatGraph/data/AqTMK/02_templates/ATP.pdb;/home/wms/AF2-test/AF2-CatGraph/data/AqTMK/02_templates/TMP.pdb;/home/wms/AF2-test/AF2-CatGraph/data/AqTMK/02_templates/MG.pdb,ATP;TMP;MG,untrimmed_input,3,21,standard,dock_py_exact,True,single_chain_same_length_same_ordered_sequence,195,1.0,1.0,,passed,,1578,21,0,0.0,2.684252249479531,,10,True,"(0.0, 0.0, 0.0)",collision_py_exact,5.0,6.0,22,90.86318181818183,93.75,86.3,56.0,97.62,90.0,80.0,True,/home/wms/AF2-test/AF2-CatGraph/results/AqTMK/02_template_guided_docking/complexes/AqTMK_257_complex.pdb
259,AqTMK_259,AqTMK_259_complex.pdb,AqTMK,259,AqTMK.AF2rank259.pdb,AqTMK.AF2rank259,/home/wms/AF2-test/AF2-CatGraph/data/AqTMK/01_af2_new/AqTMK.AF2rank259.pdb,/home/wms/AF2-test/AF2-CatGraph/results/AqTMK/02_template_guided_docking/complexes/AqTMK_259_complex.pdb,/home/wms/AF2-test/AF2-CatGraph/data/AqTMK/02_templates/template.pdb,/home/wms/AF2-test/AF2-CatGraph/data/AqTMK/02_templates/ATP.pdb;/home/wms/AF2-test/AF2-CatGraph/data/AqTMK/02_templates/TMP.pdb;/home/wms/AF2-test/AF2-CatGraph/data/AqTMK/02_templates/MG.pdb,results/AqTMK/02_template_guided_docking/tables/AqTMK_step02_ligand_order_manifest.csv,/home/wms/AF2-test/AF2-CatGraph/data/AqTMK/02_templates/ATP.pdb;/home/wms/AF2-test/AF2-CatGraph/data/AqTMK/02_templates/TMP.pdb;/home/wms/AF2-test/AF2-CatGraph/data/AqTMK/02_templates/MG.pdb,ATP;TMP;MG,untrimmed_input,3,21,standard,dock_py_exact,True,single_chain_same_length_same_ordered_sequence,195,1.0,1.0,,passed,,1578,21,6,1.7187706323271423,2.039871653681228,2.039871653681228,10,True,"(0.0, 0.0, 0.0)",collision_py_exact,5.0,6.0,22,90.66318181818181,93.78,86.825,49.53,97.81,90.0,80.0,True,/home/wms/AF2-test/AF2-CatGraph/results/AqTMK/02_template_guided_docking/complexes/AqTMK_259_complex.pdb
261,AqTMK_261,AqTMK_261_complex.pdb,AqTMK,261,AqTMK.AF2rank261.pdb,AqTMK.AF2rank261,/home/wms/AF2-test/AF2-CatGraph/data/AqTMK/01_af2_new/AqTMK.AF2rank261.pdb,/home/wms/AF2-test/AF2-CatGraph/results/AqTMK/02_template_guided_docking/complexes/AqTMK_261_complex.pdb,/home/wms/AF2-test/AF2-CatGraph/data/AqTMK/02_templates/template.pdb,/home/wms/AF2-test/AF2-CatGraph/data/AqTMK/02_templates/ATP.pdb;/home/wms/AF2-test/AF2-CatGraph/data/AqTMK/02_templates/TMP.pdb;/home/wms/AF2-test/AF2-CatGraph/data/AqTMK/02_templates/MG.pdb,results/AqTMK/02_template_guided_docking/tables/AqTMK_step02_ligand_order_manifest.csv,/home/wms/AF2-test/AF2-CatGraph/data/AqTMK/02_templates/ATP.pdb;/home/wms/AF2-test/AF2-CatGraph/data/AqTMK/02_templates/TMP.pdb;/home/wms/AF2-test/AF2-CatGraph/data/AqTMK/02_templates/MG.pdb,ATP;TMP;MG,untrimmed_input,3,21,standard,dock_py_exact,True,single_chain_same_length_same_ordered_sequence,195,1.0,1.0,,passed,,1578,21,6,1.744751014571678,2.1020553487818856,2.1020553487818856,10,True,"(0.0, 0.0, 0.0)",collision_py_exact,5.0,6.0,23,90.56217391304347,94.19,84.348,64.75,98.12,90.0,80.0,True,/home/wms/AF2-test/AF2-CatGraph/results/AqTMK/02_template_guided_docking/complexes/AqTMK_261_complex.pdb
262,AqTMK_262,AqTMK_262_complex.pdb,AqTMK,262,AqTMK.AF2rank262.pdb,AqTMK.AF2rank262,/home/wms/AF2-test/AF2-CatGraph/data/AqTMK/01_af2_new/AqTMK.AF2rank262.pdb,/home/wms/AF2-test/AF2-CatGraph/results/AqTMK/02_template_guided_docking/complexes/AqTMK_262_complex.pdb,/home/wms/AF2-test/AF2-CatGraph/data/AqTMK/02_templates/template.pdb,/home/wms/AF2-test/AF2-CatGraph/data/AqTMK/02_templates/ATP.pdb;/home/wms/AF2-test/AF2-CatGraph/data/AqTMK/02_templates/TMP.pdb;/home/wms/AF2-test/AF2-CatGraph/data/AqTMK/02_templates/MG.pdb,results/AqTMK/02_template_guided_docking/tables/AqTMK_step02_ligand_order_manifest.csv,/home/wms/AF2-test/AF2-CatGraph/data/AqTMK/02_templates/ATP.pdb;/home/wms/AF2-test/AF2-CatGraph/data/AqTMK/02_templates/TMP.pdb;/home/wms/AF2-test/AF2-CatGraph/data/AqTMK/02_templates/MG.pdb,ATP;TMP;MG,untrimmed_input,3,21,standard,dock_py_exact,True,single_chain_same_length_same_ordered_sequence,195,1.0,1.0,,passed,,1578,21,2,0.4505930356244771,2.120888226468375,2.120888226468375,10,True,"(0.0, 0.0, 0.0)",collision_py_exact,5.0,6.0,20,92.57849999999999,93.75,87.679,83.62,97.69,90.0,80.0,True,/home/wms/AF2-test/AF2-CatGraph/results/AqTMK/02_template_guided_docking/complexes/AqTMK_262_complex.pdb
263,AqTMK_263,AqTMK_263_complex.pdb,AqTMK,263,AqTMK.AF2rank263.pdb,AqTMK.AF2rank263,/home/wms/AF2-test/AF2-CatGraph/data/AqTMK/01_af2_new/AqTMK.AF2rank263.pdb,/home/wms/AF2-test/AF2-CatGraph/results/AqTMK/02_template_guided_docking/complexes/AqTMK_263_complex.pdb,/home/wms/AF2-test/AF2-CatGraph/data/AqTMK/02_templates/template.pdb,/home/wms/AF2-test/AF2-CatGraph/data/AqTMK/02_templates/ATP.pdb;/home/wms/AF2-test/AF2-CatGraph/data/AqTMK/02_templates/TMP.pdb;/home/wms/AF2-test/AF2-CatGraph/data/AqTMK/02_templates/MG.pdb,results/AqTMK/02_template_guided_docking/tables/AqTMK_step02_ligand_order_manifest.csv,/home/wms/AF2-test/AF2-CatGraph/data/AqTMK/02_templates/ATP.pdb;/home/wms/AF2-test/AF2-CatGraph/data/AqTMK/02_templates/TMP.pdb;/home/wms/AF2-test/AF2-CatGraph/data/AqTMK/02_templates/MG.pdb,ATP;TMP;MG,untrimmed_input,3,21,standard,dock_py_exact,True,single_chain_same_length_same_ordered_sequence,195,1.0,1.0,,passed,,1578,21,4,1.0678808940205218,2.023307476776764,2.023307476776764,10,True,"(0.0, 0.0, 0.0)",collision_py_exact,5.0,6.0,22,91.05499999999999,93.75,85.854,56.41,97.5,90.0,80.0,True,/home/wms/AF2-test/AF2-CatGraph/results/AqTMK/02_template_guided_docking/complexes/AqTMK_263_complex.pdb
264,AqTMK_264,AqTMK_264_complex.pdb,AqTMK,264,AqTMK.AF2rank264.pdb,AqTMK.AF2rank264,/home/wms/AF2-test/AF2-CatGraph/data/AqTMK/01_af2_new/AqTMK.AF2rank264.pdb,/home/wms/AF2-test/AF2-CatGraph/results/AqTMK/02_template_guided_docking/complexes/AqTMK_264_complex.pdb,/home/wms/AF2-test/AF2-CatGraph/data/AqTMK/02_templates/template.pdb,/home/wms/AF2-test/AF2-CatGraph/data/AqTMK/02_templates/ATP.pdb;/home/wms/AF2-test/AF2-CatGraph/data/AqTMK/02_templates/TMP.pdb;/home/wms/AF2-test/AF2-CatGraph/data/AqTMK/02_templates/MG.pdb,results/AqTMK/02_template_guided_docking/tables/AqTMK_step02_ligand_order_manifest.csv,/home/wms/AF2-test/AF2-CatGraph/data/AqTMK/02_templates/ATP.pdb;/home/wms/AF2-test/AF2-CatGraph/data/AqTMK/02_templates/TMP.pdb;/home/wms/AF2-test/AF2-CatGraph/data/AqTMK/02_templates/MG.pdb,ATP;TMP;MG,untrimmed_input,3,21,standard,dock_py_exact,True,single_chain_same_length_same_ordered_sequence,195,1.0,1.0,,passed,,1578,21,2,0.1802233363874661,2.3641500650530616,2.3641500650530616,10,True,"(0.0, 0.0, 0.0)",collision_py_exact,5.0,6.0,22,90.46318181818182,93.065,86.31700000000001,53.25,97.81,90.0,80.0,True,/home/wms/AF2-test/AF2-CatGraph/results/AqTMK/02_template_guided_docking/complexes/AqTMK_264_complex.pdb
267,AqTMK_267,AqTMK_267_complex.pdb,AqTMK,267,AqTMK.AF2rank267.pdb,AqTMK.AF2rank267,/home/wms/AF2-test/AF2-CatGraph/data/AqTMK/01_af2_new/AqTMK.AF2rank267.pdb,/home/wms/AF2-test/AF2-CatGraph/results/AqTMK/02_template_guided_docking/complexes/AqTMK_267_complex.pdb,/home/wms/AF2-test/AF2-CatGraph/data/AqTMK/02_templates/template.pdb,/home/wms/AF2-test/AF2-CatGraph/data/AqTMK/02_templates/ATP.pdb;/home/wms/AF2-test/AF2-CatGraph/data/AqTMK/02_templates/TMP.pdb;/home/wms/AF2-test/AF2-CatGraph/data/AqTMK/02_templates/MG.pdb,results/AqTMK/02_template_guided_docking/tables/AqTMK_step02_ligand_order_manifest.csv,/home/wms/AF2-test/AF2-CatGraph/data/AqTMK/02_templates/ATP.pdb;/home/wms/AF2-test/AF2-CatGraph/data/AqTMK/02_templates/TMP.pdb;/home/wms/AF2-test/AF2-CatGraph/data/AqTMK/02_templates/MG.pdb,ATP;TMP;MG,untrimmed_input,3,21,standard,dock_py_exact,True,single_chain_same_length_same_ordered_sequence,195,1.0,1.0,,passed,,1578,21,0,0.0,2.6030752194968265,,10,True,"(0.0, 0.0, 0.0)",collision_py_exact,5.0,6.0,21,90.6752380952381,94.19,86.38,47.66,97.62,90.0,80.0,True,/home/wms/AF2-test/AF2-CatGraph/results/AqTMK/02_template_guided_docking/complexes/AqTMK_267_complex.pdb
270,AqTMK_270,AqTMK_270_complex.pdb,AqTMK,270,AqTMK.AF2rank270.pdb,AqTMK.AF2rank270,/home/wms/AF2-test/AF2-CatGraph/data/AqTMK/01_af2_new/AqTMK.AF2rank270.pdb,/home/wms/AF2-test/AF2-CatGraph/results/AqTMK/02_template_guided_docking/complexes/AqTMK_270_complex.pdb,/home/wms/AF2-test/AF2-CatGraph/data/AqTMK/02_templates/template.pdb,/home/wms/AF2-test/AF2-CatGraph/data/AqTMK/02_templates/ATP.pdb;/home/wms/AF2-test/AF2-CatGraph/data/AqTMK/02_templates/TMP.pdb;/home/wms/AF2-test/AF2-CatGraph/data/AqTMK/02_templates/MG.pdb,results/AqTMK/02_template_guided_docking/tables/AqTMK_step02_ligand_order_manifest.csv,/home/wms/AF2-test/AF2-CatGraph/data/AqTMK/02_templates/ATP.pdb;/home/wms/AF2-test/AF2-CatGraph/data/AqTMK/02_templates/TMP.pdb;/home/wms/AF2-test/AF2-CatGraph/data/AqTMK/02_templates/MG.pdb,ATP;TMP;MG,untrimmed_input,3,21,standard,dock_py_exact,True,single_chain_same_length_same_ordered_sequence,195,1.0,1.0,,passed,,1578,21,4,1.5497836143616142,2.0206409218996013,2.0206409218996013,10,True,"(0.0, 0.0, 0.0)",collision_py_exact,5.0,6.0,21,90.45285714285713,94.0,86.94,49.81,97.88,90.0,80.0,True,/home/wms/AF2-test/AF2-CatGraph/results/AqTMK/02_template_guided_docking/complexes/AqTMK_270_complex.pdb
272,AqTMK_272,AqTMK_272_complex.pdb,AqTMK,272,AqTMK.AF2rank272.pdb,AqTMK.AF2rank272,/home/wms/AF2-test/AF2-CatGraph/data/AqTMK/01_af2_new/AqTMK.AF2rank272.pdb,/home/wms/AF2-test/AF2-CatGraph/results/AqTMK/02_template_guided_docking/complexes/AqTMK_272_complex.pdb,/home/wms/AF2-test/AF2-CatGraph/data/AqTMK/02_templates/template.pdb,/home/wms/AF2-test/AF2-CatGraph/data/AqTMK/02_templates/ATP.pdb;/home/wms/AF2-test/AF2-CatGraph/data/AqTMK/02_templates/TMP.pdb;/home/wms/AF2-test/AF2-CatGraph/data/AqTMK/02_templates/MG.pdb,results/AqTMK/02_template_guided_docking/tables/AqTMK_step02_ligand_order_manifest.csv,/home/wms/AF2-test/AF2-CatGraph/data/AqTMK/02_templates/ATP.pdb;/home/wms/AF2-test/AF2-CatGraph/data/AqTMK/02_templates/TMP.pdb;/home/wms/AF2-test/AF2-CatGraph/data/AqTMK/02_templates/MG.pdb,ATP;TMP;MG,untrimmed_input,3,21,standard,dock_py_exact,True,single_chain_same_length_same_ordered_sequence,195,1.0,1.0,,passed,,1578,21,0,0.0,2.5722337961812767,,10,True,"(0.0, 0.0, 0.0)",collision_py_exact,5.0,6.0,22,91.15681818181818,94.185,87.891,50.91,97.81,90.0,80.0,True,/home/wms/AF2-test/AF2-CatGraph/results/AqTMK/02_template_guided_docking/complexes/AqTMK_272_complex.pdb
273,AqTMK_273,AqTMK_273_complex.pdb,AqTMK,273,AqTMK.AF2rank273.pdb,AqTMK.AF2rank273,/home/wms/AF2-test/AF2-CatGraph/data/AqTMK/01_af2_new/AqTMK.AF2rank273.pdb,/home/wms/AF2-test/AF2-CatGraph/results/AqTMK/02_template_guided_docking/complexes/AqTMK_273_complex.pdb,/home/wms/AF2-test/AF2-CatGraph/data/AqTMK/02_templates/template.pdb,/home/wms/AF2-test/AF2-CatGraph/data/AqTMK/02_templates/ATP.pdb;/home/wms/AF2-test/AF2-CatGraph/data/AqTMK/02_templates/TMP.pdb;/home/wms/AF2-test/AF2-CatGraph/data/AqTMK/02_templates/MG.pdb,results/AqTMK/02_template_guided_docking/tables/AqTMK_step02_ligand_order_manifest.csv,/home/wms/AF2-test/AF2-CatGraph/data/AqTMK/02_templates/ATP.pdb;/home/wms/AF2-test/AF2-CatGraph/data/AqTMK/02_templates/TMP.pdb;/home/wms/AF2-test/AF2-CatGraph/data/AqTMK/02_templates/MG.pdb,ATP;TMP;MG,untrimmed_input,3,21,standard,dock_py_exact,True,single_chain_same_length_same_ordered_sequence,195,1.0,1.0,,passed,,1578,21,5,1.1131777251954555,2.0226047528864872,2.0226047528864872,10,True,"(0.0, 0.0, 0.0)",collision_py_exact,5.0,6.0,19,93.01315789473684,95.19,86.202,83.19,98.12,90.0,80.0,True,/home/wms/AF2-test/AF2-CatGraph/results/AqTMK/02_template_guided_docking/complexes/AqTMK_273_complex.pdb
274,AqTMK_274,AqTMK_274_complex.pdb,AqTMK,274,AqTMK.AF2rank274.pdb,AqTMK.AF2rank274,/home/wms/AF2-test/AF2-CatGraph/data/AqTMK/01_af2_new/AqTMK.AF2rank274.pdb,/home/wms/AF2-test/AF2-CatGraph/results/AqTMK/02_template_guided_docking/complexes/AqTMK_274_complex.pdb,/home/wms/AF2-test/AF2-CatGraph/data/AqTMK/02_templates/template.pdb,/home/wms/AF2-test/AF2-CatGraph/data/AqTMK/02_templates/ATP.pdb;/home/wms/AF2-test/AF2-CatGraph/data/AqTMK/02_templates/TMP.pdb;/home/wms/AF2-test/AF2-CatGraph/data/AqTMK/02_templates/MG.pdb,results/AqTMK/02_template_guided_docking/tables/AqTMK_step02_ligand_order_manifest.csv,/home/wms/AF2-test/AF2-CatGraph/data/AqTMK/02_templates/ATP.pdb;/home/wms/AF2-test/AF2-CatGraph/data/AqTMK/02_templates/TMP.pdb;/home/wms/AF2-test/AF2-CatGraph/data/AqTMK/02_templates/MG.pdb,ATP;TMP;MG,untrimmed_input,3,21,standard,dock_py_exact,True,single_chain_same_length_same_ordered_sequence,195,1.0,1.0,,passed,,1578,21,2,0.5735430284278817,2.013312274928943,2.013312274928943,10,True,"(0.0, 0.0, 0.0)",collision_py_exact,5.0,6.0,21,90.88047619047619,94.31,85.56,61.03,97.88,90.0,80.0,True,/home/wms/AF2-test/AF2-CatGraph/results/AqTMK/02_template_guided_docking/complexes/AqTMK_274_complex.pdb
275,AqTMK_275,AqTMK_275_complex.pdb,AqTMK,275,AqTMK.AF2rank275.pdb,AqTMK.AF2rank275,/home/wms/AF2-test/AF2-CatGraph/data/AqTMK/01_af2_new/AqTMK.AF2rank275.pdb,/home/wms/AF2-test/AF2-CatGraph/results/AqTMK/02_template_guided_docking/complexes/AqTMK_275_complex.pdb,/home/wms/AF2-test/AF2-CatGraph/data/AqTMK/02_templates/template.pdb,/home/wms/AF2-test/AF2-CatGraph/data/AqTMK/02_templates/ATP.pdb;/home/wms/AF2-test/AF2-CatGraph/data/AqTMK/02_templates/TMP.pdb;/home/wms/AF2-test/AF2-CatGraph/data/AqTMK/02_templates/MG.pdb,results/AqTMK/02_template_guided_docking/tables/AqTMK_step02_ligand_order_manifest.csv,/home/wms/AF2-test/AF2-CatGraph/data/AqTMK/02_templates/ATP.pdb;/home/wms/AF2-test/AF2-CatGraph/data/AqTMK/02_templates/TMP.pdb;/home/wms/AF2-test/AF2-CatGraph/data/AqTMK/02_templates/MG.pdb,ATP;TMP;MG,untrimmed_input,3,21,standard,dock_py_exact,True,single_chain_same_length_same_ordered_sequence,195,1.0,1.0,,passed,,1578,21,1,0.0054990060453254,2.568528169824684,2.7445009939546745,10,True,"(0.0, 0.0, 0.0)",collision_py_exact,5.0,6.0,21,90.84047619047618,94.0,85.75,55.28,97.38,90.0,80.0,True,/home/wms/AF2-test/AF2-CatGraph/results/AqTMK/02_template_guided_docking/complexes/AqTMK_275_complex.pdb
276,AqTMK_276,AqTMK_276_complex.pdb,AqTMK,276,AqTMK.AF2rank276.pdb,AqTMK.AF2rank276,/home/wms/AF2-test/AF2-CatGraph/data/AqTMK/01_af2_new/AqTMK.AF2rank276.pdb,/home/wms/AF2-test/AF2-CatGraph/results/AqTMK/02_template_guided_docking/complexes/AqTMK_276_complex.pdb,/home/wms/AF2-test/AF2-CatGraph/data/AqTMK/02_templates/template.pdb,/home/wms/AF2-test/AF2-CatGraph/data/AqTMK/02_templates/ATP.pdb;/home/wms/AF2-test/AF2-CatGraph/data/AqTMK/02_templates/TMP.pdb;/home/wms/AF2-test/AF2-CatGraph/data/AqTMK/02_templates/MG.pdb,results/AqTMK/02_template_guided_docking/tables/AqTMK_step02_ligand_order_manifest.csv,/home/wms/AF2-test/AF2-CatGraph/data/AqTMK/02_templates/ATP.pdb;/home/wms/AF2-test/AF2-CatGraph/data/AqTMK/02_templates/TMP.pdb;/home/wms/AF2-test/AF2-CatGraph/data/AqTMK/02_templates/MG.pdb,ATP;TMP;MG,untrimmed_input,3,21,standard,dock_py_exact,True,single_chain_same_length_same_ordered_sequence,195,1.0,1.0,,passed,,1578,21,1,0.5125508336354625,2.057449166364538,2.057449166364538,10,True,"(0.0, 0.0, 0.0)",collision_py_exact,5.0,6.0,21,92.72238095238096,94.12,89.56,82.06,97.62,90.0,80.0,True,/home/wms/AF2-test/AF2-CatGraph/results/AqTMK/02_template_guided_docking/complexes/AqTMK_276_complex.pdb
277,AqTMK_277,AqTMK_277_complex.pdb,AqTMK,277,AqTMK.AF2rank277.pdb,AqTMK.AF2rank277,/home/wms/AF2-test/AF2-CatGraph/data/AqTMK/01_af2_new/AqTMK.AF2rank277.pdb,/home/wms/AF2-test/AF2-CatGraph/results/AqTMK/02_template_guided_docking/complexes/AqTMK_277_complex.pdb,/home/wms/AF2-test/AF2-CatGraph/data/AqTMK/02_templates/template.pdb,/home/wms/AF2-test/AF2-CatGraph/data/AqTMK/02_templates/ATP.pdb;/home/wms/AF2-test/AF2-CatGraph/data/AqTMK/02_templates/TMP.pdb;/home/wms/AF2-test/AF2-CatGraph/data/AqTMK/02_templates/MG.pdb,results/AqTMK/02_template_guided_docking/tables/AqTMK_step02_ligand_order_manifest.csv,/home/wms/AF2-test/AF2-CatGraph/data/AqTMK/02_templates/ATP.pdb;/home/wms/AF2-test/AF2-CatGraph/data/AqTMK/02_templates/TMP.pdb;/home/wms/AF2-test/AF2-CatGraph/data/AqTMK/02_templates/MG.pdb,ATP;TMP;MG,untrimmed_input,3,21,standard,dock_py_exact,True,single_chain_same_length_same_ordered_sequence,195,1.0,1.0,,passed,,1578,21,0,0.0,2.6001346477111267,,10,True,"(0.0, 0.0, 0.0)",collision_py_exact,5.0,6.0,22,90.55954545454546,92.845,87.296,50.88,97.75,90.0,80.0,True,/home/wms/AF2-test/AF2-CatGraph/results/AqTMK/02_template_guided_docking/complexes/AqTMK_277_complex.pdb
279,AqTMK_279,AqTMK_279_complex.pdb,AqTMK,279,AqTMK.AF2rank279.pdb,AqTMK.AF2rank279,/home/wms/AF2-test/AF2-CatGraph/data/AqTMK/01_af2_new/AqTMK.AF2rank279.pdb,/home/wms/AF2-test/AF2-CatGraph/results/AqTMK/02_template_guided_docking/complexes/AqTMK_279_complex.pdb,/home/wms/AF2-test/AF2-CatGraph/data/AqTMK/02_templates/template.pdb,/home/wms/AF2-test/AF2-CatGraph/data/AqTMK/02_templates/ATP.pdb;/home/wms/AF2-test/AF2-CatGraph/data/AqTMK/02_templates/TMP.pdb;/home/wms/AF2-test/AF2-CatGraph/data/AqTMK/02_templates/MG.pdb,results/AqTMK/02_template_guided_docking/tables/AqTMK_step02_ligand_order_manifest.csv,/home/wms/AF2-test/AF2-CatGraph/data/AqTMK/02_templates/ATP.pdb;/home/wms/AF2-test/AF2-CatGraph/data/AqTMK/02_templates/TMP.pdb;/home/wms/AF2-test/AF2-CatGraph/data/AqTMK/02_templates/MG.pdb,ATP;TMP;MG,untrimmed_input,3,21,standard,dock_py_exact,True,single_chain_same_length_same_ordered_sequence,195,1.0,1.0,,passed,,1578,21,3,0.6237455130540828,2.067633729543584,2.067633729543584,10,True,"(0.0, 0.0, 0.0)",collision_py_exact,5.0,6.0,22,90.5931818181818,94.06,86.848,47.62,97.88,90.0,80.0,True,/home/wms/AF2-test/AF2-CatGraph/results/AqTMK/02_template_guided_docking/complexes/AqTMK_279_complex.pdb
281,AqTMK_281,AqTMK_281_complex.pdb,AqTMK,281,AqTMK.AF2rank281.pdb,AqTMK.AF2rank281,/home/wms/AF2-test/AF2-CatGraph/data/AqTMK/01_af2_new/AqTMK.AF2rank281.pdb,/home/wms/AF2-test/AF2-CatGraph/results/AqTMK/02_template_guided_docking/complexes/AqTMK_281_complex.pdb,/home/wms/AF2-test/AF2-CatGraph/data/AqTMK/02_templates/template.pdb,/home/wms/AF2-test/AF2-CatGraph/data/AqTMK/02_templates/ATP.pdb;/home/wms/AF2-test/AF2-CatGraph/data/AqTMK/02_templates/TMP.pdb;/home/wms/AF2-test/AF2-CatGraph/data/AqTMK/02_templates/MG.pdb,results/AqTMK/02_template_guided_docking/tables/AqTMK_step02_ligand_order_manifest.csv,/home/wms/AF2-test/AF2-CatGraph/data/AqTMK/02_templates/ATP.pdb;/home/wms/AF2-test/AF2-CatGraph/data/AqTMK/02_templates/TMP.pdb;/home/wms/AF2-test/AF2-CatGraph/data/AqTMK/02_templates/MG.pdb,ATP;TMP;MG,untrimmed_input,3,21,standard,dock_py_exact,True,single_chain_same_length_same_ordered_sequence,195,1.0,1.0,,passed,,1578,21,8,2.242668466412246,2.1022200733908987,2.1022200733908987,10,True,"(0.0, 0.0, 0.0)",collision_py_exact,5.0,6.0,23,91.59260869565217,92.38,86.25800000000001,70.19,98.25,90.0,80.0,True,/home/wms/AF2-test/AF2-CatGraph/results/AqTMK/02_template_guided_docking/complexes/AqTMK_281_complex.pdb
284,AqTMK_284,AqTMK_284_complex.pdb,AqTMK,284,AqTMK.AF2rank284.pdb,AqTMK.AF2rank284,/home/wms/AF2-test/AF2-CatGraph/data/AqTMK/01_af2_new/AqTMK.AF2rank284.pdb,/home/wms/AF2-test/AF2-CatGraph/results/AqTMK/02_template_guided_docking/complexes/AqTMK_284_complex.pdb,/home/wms/AF2-test/AF2-CatGraph/data/AqTMK/02_templates/template.pdb,/home/wms/AF2-test/AF2-CatGraph/data/AqTMK/02_templates/ATP.pdb;/home/wms/AF2-test/AF2-CatGraph/data/AqTMK/02_templates/TMP.pdb;/home/wms/AF2-test/AF2-CatGraph/data/AqTMK/02_templates/MG.pdb,results/AqTMK/02_template_guided_docking/tables/AqTMK_step02_ligand_order_manifest.csv,/home/wms/AF2-test/AF2-CatGraph/data/AqTMK/02_templates/ATP.pdb;/home/wms/AF2-test/AF2-CatGraph/data/AqTMK/02_templates/TMP.pdb;/home/wms/AF2-test/AF2-CatGraph/data/AqTMK/02_templates/MG.pdb,ATP;TMP;MG,untrimmed_input,3,21,standard,dock_py_exact,True,single_chain_same_length_same_ordered_sequence,195,1.0,1.0,,passed,,1578,21,2,0.6368700821049611,2.011290658105981,2.011290658105981,10,True,"(0.0, 0.0, 0.0)",collision_py_exact,5.0,6.0,22,91.05363636363639,94.13,86.852,51.91,97.81,90.0,80.0,True,/home/wms/AF2-test/AF2-CatGraph/results/AqTMK/02_template_guided_docking/complexes/AqTMK_284_complex.pdb
285,AqTMK_285,AqTMK_285_complex.pdb,AqTMK,285,AqTMK.AF2rank285.pdb,AqTMK.AF2rank285,/home/wms/AF2-test/AF2-CatGraph/data/AqTMK/01_af2_new/AqTMK.AF2rank285.pdb,/home/wms/AF2-test/AF2-CatGraph/results/AqTMK/02_template_guided_docking/complexes/AqTMK_285_complex.pdb,/home/wms/AF2-test/AF2-CatGraph/data/AqTMK/02_templates/template.pdb,/home/wms/AF2-test/AF2-CatGraph/data/AqTMK/02_templates/ATP.pdb;/home/wms/AF2-test/AF2-CatGraph/data/AqTMK/02_templates/TMP.pdb;/home/wms/AF2-test/AF2-CatGraph/data/AqTMK/02_templates/MG.pdb,results/AqTMK/02_template_guided_docking/tables/AqTMK_step02_ligand_order_manifest.csv,/home/wms/AF2-test/AF2-CatGraph/data/AqTMK/02_templates/ATP.pdb;/home/wms/AF2-test/AF2-CatGraph/data/AqTMK/02_templates/TMP.pdb;/home/wms/AF2-test/AF2-CatGraph/data/AqTMK/02_templates/MG.pdb,ATP;TMP;MG,untrimmed_input,3,21,standard,dock_py_exact,True,single_chain_same_length_same_ordered_sequence,195,1.0,1.0,,passed,,1578,21,4,1.5028420369813822,2.016097723797251,2.016097723797251,10,True,"(0.0, 0.0, 0.0)",collision_py_exact,5.0,6.0,21,90.76380952380953,94.38,86.94,49.66,98.06,90.0,80.0,True,/home/wms/AF2-test/AF2-CatGraph/results/AqTMK/02_template_guided_docking/complexes/AqTMK_285_complex.pdb
286,AqTMK_286,AqTMK_286_complex.pdb,AqTMK,286,AqTMK.AF2rank286.pdb,AqTMK.AF2rank286,/home/wms/AF2-test/AF2-CatGraph/data/AqTMK/01_af2_new/AqTMK.AF2rank286.pdb,/home/wms/AF2-test/AF2-CatGraph/results/AqTMK/02_template_guided_docking/complexes/AqTMK_286_complex.pdb,/home/wms/AF2-test/AF2-CatGraph/data/AqTMK/02_templates/template.pdb,/home/wms/AF2-test/AF2-CatGraph/data/AqTMK/02_templates/ATP.pdb;/home/wms/AF2-test/AF2-CatGraph/data/AqTMK/02_templates/TMP.pdb;/home/wms/AF2-test/AF2-CatGraph/data/AqTMK/02_templates/MG.pdb,results/AqTMK/02_template_guided_docking/tables/AqTMK_step02_ligand_order_manifest.csv,/home/wms/AF2-test/AF2-CatGraph/data/AqTMK/02_templates/ATP.pdb;/home/wms/AF2-test/AF2-CatGraph/data/AqTMK/02_templates/TMP.pdb;/home/wms/AF2-test/AF2-CatGraph/data/AqTMK/02_templates/MG.pdb,ATP;TMP;MG,untrimmed_input,3,21,standard,dock_py_exact,True,single_chain_same_length_same_ordered_sequence,195,1.0,1.0,,passed,,1578,21,0,0.0,2.5892466208927862,,10,True,"(0.0, 0.0, 0.0)",collision_py_exact,5.0,6.0,21,90.31333333333332,93.12,86.25,53.09,97.56,90.0,80.0,True,/home/wms/AF2-test/AF2-CatGraph/results/AqTMK/02_template_guided_docking/complexes/AqTMK_286_complex.pdb
287,AqTMK_287,AqTMK_287_complex.pdb,AqTMK,287,AqTMK.AF2rank287.pdb,AqTMK.AF2rank287,/home/wms/AF2-test/AF2-CatGraph/data/AqTMK/01_af2_new/AqTMK.AF2rank287.pdb,/home/wms/AF2-test/AF2-CatGraph/results/AqTMK/02_template_guided_docking/complexes/AqTMK_287_complex.pdb,/home/wms/AF2-test/AF2-CatGraph/data/AqTMK/02_templates/template.pdb,/home/wms/AF2-test/AF2-CatGraph/data/AqTMK/02_templates/ATP.pdb;/home/wms/AF2-test/AF2-CatGraph/data/AqTMK/02_templates/TMP.pdb;/home/wms/AF2-test/AF2-CatGraph/data/AqTMK/02_templates/MG.pdb,results/AqTMK/02_template_guided_docking/tables/AqTMK_step02_ligand_order_manifest.csv,/home/wms/AF2-test/AF2-CatGraph/data/AqTMK/02_templates/ATP.pdb;/home/wms/AF2-test/AF2-CatGraph/data/AqTMK/02_templates/TMP.pdb;/home/wms/AF2-test/AF2-CatGraph/data/AqTMK/02_templates/MG.pdb,ATP;TMP;MG,untrimmed_input,3,21,standard,dock_py_exact,True,single_chain_same_length_same_ordered_sequence,195,1.0,1.0,,passed,,1578,21,6,1.8339868091471847,2.033752350088034,2.033752350088034,10,True,"(0.0, 0.0, 0.0)",collision_py_exact,5.0,6.0,21,91.09904761904761,94.38,86.88,56.81,97.94,90.0,80.0,True,/home/wms/AF2-test/AF2-CatGraph/results/AqTMK/02_template_guided_docking/complexes/AqTMK_287_complex.pdb
288,AqTMK_288,AqTMK_288_complex.pdb,AqTMK,288,AqTMK.AF2rank288.pdb,AqTMK.AF2rank288,/home/wms/AF2-test/AF2-CatGraph/data/AqTMK/01_af2_new/AqTMK.AF2rank288.pdb,/home/wms/AF2-test/AF2-CatGraph/results/AqTMK/02_template_guided_docking/complexes/AqTMK_288_complex.pdb,/home/wms/AF2-test/AF2-CatGraph/data/AqTMK/02_templates/template.pdb,/home/wms/AF2-test/AF2-CatGraph/data/AqTMK/02_templates/ATP.pdb;/home/wms/AF2-test/AF2-CatGraph/data/AqTMK/02_templates/TMP.pdb;/home/wms/AF2-test/AF2-CatGraph/data/AqTMK/02_templates/MG.pdb,results/AqTMK/02_template_guided_docking/tables/AqTMK_step02_ligand_order_manifest.csv,/home/wms/AF2-test/AF2-CatGraph/data/AqTMK/02_templates/ATP.pdb;/home/wms/AF2-test/AF2-CatGraph/data/AqTMK/02_templates/TMP.pdb;/home/wms/AF2-test/AF2-CatGraph/data/AqTMK/02_templates/MG.pdb,ATP;TMP;MG,untrimmed_input,3,21,standard,dock_py_exact,True,single_chain_same_length_same_ordered_sequence,195,1.0,1.0,,passed,,1578,21,6,1.7321441534504305,2.050978277618684,2.050978277618684,10,True,"(0.0, 0.0, 0.0)",collision_py_exact,5.0,6.0,22,91.0559090909091,94.625,86.19200000000001,51.72,97.88,90.0,80.0,True,/home/wms/AF2-test/AF2-CatGraph/results/AqTMK/02_template_guided_docking/complexes/AqTMK_288_complex.pdb
290,AqTMK_290,AqTMK_290_complex.pdb,AqTMK,290,AqTMK.AF2rank290.pdb,AqTMK.AF2rank290,/home/wms/AF2-test/AF2-CatGraph/data/AqTMK/01_af2_new/AqTMK.AF2rank290.pdb,/home/wms/AF2-test/AF2-CatGraph/results/AqTMK/02_template_guided_docking/complexes/AqTMK_290_complex.pdb,/home/wms/AF2-test/AF2-CatGraph/data/AqTMK/02_templates/template.pdb,/home/wms/AF2-test/AF2-CatGraph/data/AqTMK/02_templates/ATP.pdb;/home/wms/AF2-test/AF2-CatGraph/data/AqTMK/02_templates/TMP.pdb;/home/wms/AF2-test/AF2-CatGraph/data/AqTMK/02_templates/MG.pdb,results/AqTMK/02_template_guided_docking/tables/AqTMK_step02_ligand_order_manifest.csv,/home/wms/AF2-test/AF2-CatGraph/data/AqTMK/02_templates/ATP.pdb;/home/wms/AF2-test/AF2-CatGraph/data/AqTMK/02_templates/TMP.pdb;/home/wms/AF2-test/AF2-CatGraph/data/AqTMK/02_templates/MG.pdb,ATP;TMP;MG,untrimmed_input,3,21,standard,dock_py_exact,True,single_chain_same_length_same_ordered_sequence,195,1.0,1.0,,passed,,1578,21,7,2.0423920641217483,2.035603300287338,2.035603300287338,10,True,"(0.0, 0.0, 0.0)",collision_py_exact,5.0,6.0,21,90.27142857142857,93.56,87.0,49.91,98.06,90.0,80.0,True,/home/wms/AF2-test/AF2-CatGraph/results/AqTMK/02_template_guided_docking/complexes/AqTMK_290_complex.pdb
292,AqTMK_292,AqTMK_292_complex.pdb,AqTMK,292,AqTMK.AF2rank292.pdb,AqTMK.AF2rank292,/home/wms/AF2-test/AF2-CatGraph/data/AqTMK/01_af2_new/AqTMK.AF2rank292.pdb,/home/wms/AF2-test/AF2-CatGraph/results/AqTMK/02_template_guided_docking/complexes/AqTMK_292_complex.pdb,/home/wms/AF2-test/AF2-CatGraph/data/AqTMK/02_templates/template.pdb,/home/wms/AF2-test/AF2-CatGraph/data/AqTMK/02_templates/ATP.pdb;/home/wms/AF2-test/AF2-CatGraph/data/AqTMK/02_templates/TMP.pdb;/home/wms/AF2-test/AF2-CatGraph/data/AqTMK/02_templates/MG.pdb,results/AqTMK/02_template_guided_docking/tables/AqTMK_step02_ligand_order_manifest.csv,/home/wms/AF2-test/AF2-CatGraph/data/AqTMK/02_templates/ATP.pdb;/home/wms/AF2-test/AF2-CatGraph/data/AqTMK/02_templates/TMP.pdb;/home/wms/AF2-test/AF2-CatGraph/data/AqTMK/02_templates/MG.pdb,ATP;TMP;MG,untrimmed_input,3,21,standard,dock_py_exact,True,single_chain_same_length_same_ordered_sequence,195,1.0,1.0,,passed,,1578,21,5,1.7328535641394436,2.0267991393637605,2.0267991393637605,10,True,"(0.0, 0.0, 0.0)",collision_py_exact,5.0,6.0,20,92.80100000000002,94.03,87.317,84.69,97.5,90.0,80.0,True,/home/wms/AF2-test/AF2-CatGraph/results/AqTMK/02_template_guided_docking/complexes/AqTMK_292_complex.pdb
295,AqTMK_295,AqTMK_295_complex.pdb,AqTMK,295,AqTMK.AF2rank295.pdb,AqTMK.AF2rank295,/home/wms/AF2-test/AF2-CatGraph/data/AqTMK/01_af2_new/AqTMK.AF2rank295.pdb,/home/wms/AF2-test/AF2-CatGraph/results/AqTMK/02_template_guided_docking/complexes/AqTMK_295_complex.pdb,/home/wms/AF2-test/AF2-CatGraph/data/AqTMK/02_templates/template.pdb,/home/wms/AF2-test/AF2-CatGraph/data/AqTMK/02_templates/ATP.pdb;/home/wms/AF2-test/AF2-CatGraph/data/AqTMK/02_templates/TMP.pdb;/home/wms/AF2-test/AF2-CatGraph/data/AqTMK/02_templates/MG.pdb,results/AqTMK/02_template_guided_docking/tables/AqTMK_step02_ligand_order_manifest.csv,/home/wms/AF2-test/AF2-CatGraph/data/AqTMK/02_templates/ATP.pdb;/home/wms/AF2-test/AF2-CatGraph/data/AqTMK/02_templates/TMP.pdb;/home/wms/AF2-test/AF2-CatGraph/data/AqTMK/02_templates/MG.pdb,ATP;TMP;MG,untrimmed_input,3,21,standard,dock_py_exact,True,single_chain_same_length_same_ordered_sequence,195,1.0,1.0,,passed,,1578,21,1,0.4124340692509123,2.157565930749088,2.157565930749088,10,True,"(0.0, 0.0, 0.0)",collision_py_exact,5.0,6.0,22,90.52136363636365,94.285,86.094,49.69,97.88,90.0,80.0,True,/home/wms/AF2-test/AF2-CatGraph/results/AqTMK/02_template_guided_docking/complexes/AqTMK_295_complex.pdb
299,AqTMK_299,AqTMK_299_complex.pdb,AqTMK,299,AqTMK.AF2rank299.pdb,AqTMK.AF2rank299,/home/wms/AF2-test/AF2-CatGraph/data/AqTMK/01_af2_new/AqTMK.AF2rank299.pdb,/home/wms/AF2-test/AF2-CatGraph/results/AqTMK/02_template_guided_docking/complexes/AqTMK_299_complex.pdb,/home/wms/AF2-test/AF2-CatGraph/data/AqTMK/02_templates/template.pdb,/home/wms/AF2-test/AF2-CatGraph/data/AqTMK/02_templates/ATP.pdb;/home/wms/AF2-test/AF2-CatGraph/data/AqTMK/02_templates/TMP.pdb;/home/wms/AF2-test/AF2-CatGraph/data/AqTMK/02_templates/MG.pdb,results/AqTMK/02_template_guided_docking/tables/AqTMK_step02_ligand_order_manifest.csv,/home/wms/AF2-test/AF2-CatGraph/data/AqTMK/02_templates/ATP.pdb;/home/wms/AF2-test/AF2-CatGraph/data/AqTMK/02_templates/TMP.pdb;/home/wms/AF2-test/AF2-CatGraph/data/AqTMK/02_templates/MG.pdb,ATP;TMP;MG,untrimmed_input,3,21,standard,dock_py_exact,True,single_chain_same_length_same_ordered_sequence,195,1.0,1.0,,passed,,1578,21,1,0.4185217086181518,2.1514782913818484,2.1514782913818484,10,True,"(0.0, 0.0, 0.0)",collision_py_exact,5.0,6.0,22,90.4209090909091,92.845,85.75800000000001,54.25,97.88,90.0,80.0,True,/home/wms/AF2-test/AF2-CatGraph/results/AqTMK/02_template_guided_docking/complexes/AqTMK_299_complex.pdb
300,AqTMK_300,AqTMK_300_complex.pdb,AqTMK,300,AqTMK.AF2rank300.pdb,AqTMK.AF2rank300,/home/wms/AF2-test/AF2-CatGraph/data/AqTMK/01_af2_new/AqTMK.AF2rank300.pdb,/home/wms/AF2-test/AF2-CatGraph/results/AqTMK/02_template_guided_docking/complexes/AqTMK_300_complex.pdb,/home/wms/AF2-test/AF2-CatGraph/data/AqTMK/02_templates/template.pdb,/home/wms/AF2-test/AF2-CatGraph/data/AqTMK/02_templates/ATP.pdb;/home/wms/AF2-test/AF2-CatGraph/data/AqTMK/02_templates/TMP.pdb;/home/wms/AF2-test/AF2-CatGraph/data/AqTMK/02_templates/MG.pdb,results/AqTMK/02_template_guided_docking/tables/AqTMK_step02_ligand_order_manifest.csv,/home/wms/AF2-test/AF2-CatGraph/data/AqTMK/02_templates/ATP.pdb;/home/wms/AF2-test/AF2-CatGraph/data/AqTMK/02_templates/TMP.pdb;/home/wms/AF2-test/AF2-CatGraph/data/AqTMK/02_templates/MG.pdb,ATP;TMP;MG,untrimmed_input,3,21,standard,dock_py_exact,True,single_chain_same_length_same_ordered_sequence,195,1.0,1.0,,passed,,1578,21,1,0.2614778283386254,2.308522171661375,2.308522171661375,10,True,"(0.0, 0.0, 0.0)",collision_py_exact,5.0,6.0,22,90.23454545454544,93.375,86.006,53.53,97.81,90.0,80.0,True,/home/wms/AF2-test/AF2-CatGraph/results/AqTMK/02_template_guided_docking/complexes/AqTMK_300_complex.pdb
309,AqTMK_309,AqTMK_309_complex.pdb,AqTMK,309,AqTMK.AF2rank309.pdb,AqTMK.AF2rank309,/home/wms/AF2-test/AF2-CatGraph/data/AqTMK/01_af2_new/AqTMK.AF2rank309.pdb,/home/wms/AF2-test/AF2-CatGraph/results/AqTMK/02_template_guided_docking/complexes/AqTMK_309_complex.pdb,/home/wms/AF2-test/AF2-CatGraph/data/AqTMK/02_templates/template.pdb,/home/wms/AF2-test/AF2-CatGraph/data/AqTMK/02_templates/ATP.pdb;/home/wms/AF2-test/AF2-CatGraph/data/AqTMK/02_templates/TMP.pdb;/home/wms/AF2-test/AF2-CatGraph/data/AqTMK/02_templates/MG.pdb,results/AqTMK/02_template_guided_docking/tables/AqTMK_step02_ligand_order_manifest.csv,/home/wms/AF2-test/AF2-CatGraph/data/AqTMK/02_templates/ATP.pdb;/home/wms/AF2-test/AF2-CatGraph/data/AqTMK/02_templates/TMP.pdb;/home/wms/AF2-test/AF2-CatGraph/data/AqTMK/02_templates/MG.pdb,ATP;TMP;MG,untrimmed_input,3,21,standard,dock_py_exact,True,single_chain_same_length_same_ordered_sequence,195,1.0,1.0,,passed,,1578,21,2,0.8190496533103113,2.0654340974095957,2.0654340974095957,10,True,"(0.0, 0.0, 0.0)",collision_py_exact,5.0,6.0,20,90.076,93.94,85.56,52.47,97.81,90.0,80.0,True,/home/wms/AF2-test/AF2-CatGraph/results/AqTMK/02_template_guided_docking/complexes/AqTMK_309_complex.pdb
311,AqTMK_311,AqTMK_311_complex.pdb,AqTMK,311,AqTMK.AF2rank311.pdb,AqTMK.AF2rank311,/home/wms/AF2-test/AF2-CatGraph/data/AqTMK/01_af2_new/AqTMK.AF2rank311.pdb,/home/wms/AF2-test/AF2-CatGraph/results/AqTMK/02_template_guided_docking/complexes/AqTMK_311_complex.pdb,/home/wms/AF2-test/AF2-CatGraph/data/AqTMK/02_templates/template.pdb,/home/wms/AF2-test/AF2-CatGraph/data/AqTMK/02_templates/ATP.pdb;/home/wms/AF2-test/AF2-CatGraph/data/AqTMK/02_templates/TMP.pdb;/home/wms/AF2-test/AF2-CatGraph/data/AqTMK/02_templates/MG.pdb,results/AqTMK/02_template_guided_docking/tables/AqTMK_step02_ligand_order_manifest.csv,/home/wms/AF2-test/AF2-CatGraph/data/AqTMK/02_templates/ATP.pdb;/home/wms/AF2-test/AF2-CatGraph/data/AqTMK/02_templates/TMP.pdb;/home/wms/AF2-test/AF2-CatGraph/data/AqTMK/02_templates/MG.pdb,ATP;TMP;MG,untrimmed_input,3,21,standard,dock_py_exact,True,single_chain_same_length_same_ordered_sequence,195,1.0,1.0,,passed,,1578,21,1,0.5284121156933073,2.041587884306693,2.041587884306693,10,True,"(0.0, 0.0, 0.0)",collision_py_exact,5.0,6.0,22,90.21272727272728,93.095,84.97999999999999,53.47,97.88,90.0,80.0,True,/home/wms/AF2-test/AF2-CatGraph/results/AqTMK/02_template_guided_docking/complexes/AqTMK_311_complex.pdb
