input_order,standard_structure_id,output_complex_basename,output_pdb_code,output_rank_token,source_pdb_basename,source_pdb_stem,source_pdb,complex_pdb_path,template_protein_pdb_path,ligand_pdb_path,ligand_order_manifest_path,active_ligand_pdb_order,input_ligand_resname_order,ligand_input_branch,ligand_pdb_count,n_ligand_atoms,workflow_profile,docking_alignment_mode,legacy_compatible,compatibility_reason,matched_ca_count,sequence_identity,alignment_coverage,alignment_rmsd,status,error_message,protein_atom_count,ligand_atom_count,clash_count,clash_score,min_distance,min_clash_distance,clash_max,pass_clash,weighted_direction,clash_method,neighbor_search_cutoff
1,PTP1B_1,PTP1B_1_complex.pdb,PTP1B,1,PTP1B.AF2rank1.pdb,PTP1B.AF2rank1,/home/wms/AF2-test/AF2-CatGraph/data/PTP1B/01_af2_new/PTP1B.AF2rank1.pdb,results/PTP1B/02_template_guided_docking/complexes/PTP1B_1_complex.pdb,/home/wms/AF2-test/AF2-CatGraph/data/PTP1B/02_templates/template.pdb,/home/wms/AF2-test/AF2-CatGraph/data/PTP1B/02_templates/ligand.pdb,results/PTP1B/02_template_guided_docking/tables/PTP1B_step02_ligand_order_manifest.csv,/home/wms/AF2-test/AF2-CatGraph/data/PTP1B/02_templates/ligand.pdb,LIG,untrimmed_input,1,17,standard,dock_py_exact,True,single_chain_same_length_same_ordered_sequence,299,1.0,1.0,,passed,,2442,17,6,1.6267949647568618,2.0506130386827066,2.0506130386827066,10,True,"(0.0, 0.0, 0.0)",collision_py_exact,5.0
3,PTP1B_3,PTP1B_3_complex.pdb,PTP1B,3,PTP1B.AF2rank3.pdb,PTP1B.AF2rank3,/home/wms/AF2-test/AF2-CatGraph/data/PTP1B/01_af2_new/PTP1B.AF2rank3.pdb,results/PTP1B/02_template_guided_docking/complexes/PTP1B_3_complex.pdb,/home/wms/AF2-test/AF2-CatGraph/data/PTP1B/02_templates/template.pdb,/home/wms/AF2-test/AF2-CatGraph/data/PTP1B/02_templates/ligand.pdb,results/PTP1B/02_template_guided_docking/tables/PTP1B_step02_ligand_order_manifest.csv,/home/wms/AF2-test/AF2-CatGraph/data/PTP1B/02_templates/ligand.pdb,LIG,untrimmed_input,1,17,standard,dock_py_exact,True,single_chain_same_length_same_ordered_sequence,299,1.0,1.0,,passed,,2442,17,8,1.6128892500640442,2.1780617828328723,2.1780617828328723,10,True,"(0.0, 0.0, 0.0)",collision_py_exact,5.0
4,PTP1B_4,PTP1B_4_complex.pdb,PTP1B,4,PTP1B.AF2rank4.pdb,PTP1B.AF2rank4,/home/wms/AF2-test/AF2-CatGraph/data/PTP1B/01_af2_new/PTP1B.AF2rank4.pdb,results/PTP1B/02_template_guided_docking/complexes/PTP1B_4_complex.pdb,/home/wms/AF2-test/AF2-CatGraph/data/PTP1B/02_templates/template.pdb,/home/wms/AF2-test/AF2-CatGraph/data/PTP1B/02_templates/ligand.pdb,results/PTP1B/02_template_guided_docking/tables/PTP1B_step02_ligand_order_manifest.csv,/home/wms/AF2-test/AF2-CatGraph/data/PTP1B/02_templates/ligand.pdb,LIG,untrimmed_input,1,17,standard,dock_py_exact,True,single_chain_same_length_same_ordered_sequence,299,1.0,1.0,,passed,,2442,17,7,1.4573449783806383,2.251615478697969,2.251615478697969,10,True,"(0.0, 0.0, 0.0)",collision_py_exact,5.0
5,PTP1B_5,PTP1B_5_complex.pdb,PTP1B,5,PTP1B.AF2rank5.pdb,PTP1B.AF2rank5,/home/wms/AF2-test/AF2-CatGraph/data/PTP1B/01_af2_new/PTP1B.AF2rank5.pdb,results/PTP1B/02_template_guided_docking/complexes/PTP1B_5_complex.pdb,/home/wms/AF2-test/AF2-CatGraph/data/PTP1B/02_templates/template.pdb,/home/wms/AF2-test/AF2-CatGraph/data/PTP1B/02_templates/ligand.pdb,results/PTP1B/02_template_guided_docking/tables/PTP1B_step02_ligand_order_manifest.csv,/home/wms/AF2-test/AF2-CatGraph/data/PTP1B/02_templates/ligand.pdb,LIG,untrimmed_input,1,17,standard,dock_py_exact,True,single_chain_same_length_same_ordered_sequence,299,1.0,1.0,,passed,,2442,17,7,1.237938273715998,2.239563740473371,2.239563740473371,10,True,"(0.0, 0.0, 0.0)",collision_py_exact,5.0
6,PTP1B_6,PTP1B_6_complex.pdb,PTP1B,6,PTP1B.AF2rank6.pdb,PTP1B.AF2rank6,/home/wms/AF2-test/AF2-CatGraph/data/PTP1B/01_af2_new/PTP1B.AF2rank6.pdb,results/PTP1B/02_template_guided_docking/complexes/PTP1B_6_complex.pdb,/home/wms/AF2-test/AF2-CatGraph/data/PTP1B/02_templates/template.pdb,/home/wms/AF2-test/AF2-CatGraph/data/PTP1B/02_templates/ligand.pdb,results/PTP1B/02_template_guided_docking/tables/PTP1B_step02_ligand_order_manifest.csv,/home/wms/AF2-test/AF2-CatGraph/data/PTP1B/02_templates/ligand.pdb,LIG,untrimmed_input,1,17,standard,dock_py_exact,True,single_chain_same_length_same_ordered_sequence,299,1.0,1.0,,passed,,2442,17,6,1.5232784672476858,2.0739436831015476,2.0739436831015476,10,True,"(0.0, 0.0, 0.0)",collision_py_exact,5.0
7,PTP1B_7,PTP1B_7_complex.pdb,PTP1B,7,PTP1B.AF2rank7.pdb,PTP1B.AF2rank7,/home/wms/AF2-test/AF2-CatGraph/data/PTP1B/01_af2_new/PTP1B.AF2rank7.pdb,results/PTP1B/02_template_guided_docking/complexes/PTP1B_7_complex.pdb,/home/wms/AF2-test/AF2-CatGraph/data/PTP1B/02_templates/template.pdb,/home/wms/AF2-test/AF2-CatGraph/data/PTP1B/02_templates/ligand.pdb,results/PTP1B/02_template_guided_docking/tables/PTP1B_step02_ligand_order_manifest.csv,/home/wms/AF2-test/AF2-CatGraph/data/PTP1B/02_templates/ligand.pdb,LIG,untrimmed_input,1,17,standard,dock_py_exact,True,single_chain_same_length_same_ordered_sequence,299,1.0,1.0,,passed,,2442,17,6,1.839944578119495,2.097015525645842,2.097015525645842,10,True,"(0.0, 0.0, 0.0)",collision_py_exact,5.0
8,PTP1B_8,PTP1B_8_complex.pdb,PTP1B,8,PTP1B.AF2rank8.pdb,PTP1B.AF2rank8,/home/wms/AF2-test/AF2-CatGraph/data/PTP1B/01_af2_new/PTP1B.AF2rank8.pdb,results/PTP1B/02_template_guided_docking/complexes/PTP1B_8_complex.pdb,/home/wms/AF2-test/AF2-CatGraph/data/PTP1B/02_templates/template.pdb,/home/wms/AF2-test/AF2-CatGraph/data/PTP1B/02_templates/ligand.pdb,results/PTP1B/02_template_guided_docking/tables/PTP1B_step02_ligand_order_manifest.csv,/home/wms/AF2-test/AF2-CatGraph/data/PTP1B/02_templates/ligand.pdb,LIG,untrimmed_input,1,17,standard,dock_py_exact,True,single_chain_same_length_same_ordered_sequence,299,1.0,1.0,,passed,,2442,17,5,1.0337060673183212,2.139720066658595,2.139720066658595,10,True,"(0.0, 0.0, 0.0)",collision_py_exact,5.0
9,PTP1B_9,PTP1B_9_complex.pdb,PTP1B,9,PTP1B.AF2rank9.pdb,PTP1B.AF2rank9,/home/wms/AF2-test/AF2-CatGraph/data/PTP1B/01_af2_new/PTP1B.AF2rank9.pdb,results/PTP1B/02_template_guided_docking/complexes/PTP1B_9_complex.pdb,/home/wms/AF2-test/AF2-CatGraph/data/PTP1B/02_templates/template.pdb,/home/wms/AF2-test/AF2-CatGraph/data/PTP1B/02_templates/ligand.pdb,results/PTP1B/02_template_guided_docking/tables/PTP1B_step02_ligand_order_manifest.csv,/home/wms/AF2-test/AF2-CatGraph/data/PTP1B/02_templates/ligand.pdb,LIG,untrimmed_input,1,17,standard,dock_py_exact,True,single_chain_same_length_same_ordered_sequence,299,1.0,1.0,,passed,,2442,17,6,2.302167719525236,2.022523367042597,2.022523367042597,10,True,"(0.0, 0.0, 0.0)",collision_py_exact,5.0
10,PTP1B_10,PTP1B_10_complex.pdb,PTP1B,10,PTP1B.AF2rank10.pdb,PTP1B.AF2rank10,/home/wms/AF2-test/AF2-CatGraph/data/PTP1B/01_af2_new/PTP1B.AF2rank10.pdb,results/PTP1B/02_template_guided_docking/complexes/PTP1B_10_complex.pdb,/home/wms/AF2-test/AF2-CatGraph/data/PTP1B/02_templates/template.pdb,/home/wms/AF2-test/AF2-CatGraph/data/PTP1B/02_templates/ligand.pdb,results/PTP1B/02_template_guided_docking/tables/PTP1B_step02_ligand_order_manifest.csv,/home/wms/AF2-test/AF2-CatGraph/data/PTP1B/02_templates/ligand.pdb,LIG,untrimmed_input,1,17,standard,dock_py_exact,True,single_chain_same_length_same_ordered_sequence,299,1.0,1.0,,passed,,2442,17,6,1.744536415382187,2.166955576682133,2.166955576682133,10,True,"(0.0, 0.0, 0.0)",collision_py_exact,5.0
11,PTP1B_11,PTP1B_11_complex.pdb,PTP1B,11,PTP1B.AF2rank11.pdb,PTP1B.AF2rank11,/home/wms/AF2-test/AF2-CatGraph/data/PTP1B/01_af2_new/PTP1B.AF2rank11.pdb,results/PTP1B/02_template_guided_docking/complexes/PTP1B_11_complex.pdb,/home/wms/AF2-test/AF2-CatGraph/data/PTP1B/02_templates/template.pdb,/home/wms/AF2-test/AF2-CatGraph/data/PTP1B/02_templates/ligand.pdb,results/PTP1B/02_template_guided_docking/tables/PTP1B_step02_ligand_order_manifest.csv,/home/wms/AF2-test/AF2-CatGraph/data/PTP1B/02_templates/ligand.pdb,LIG,untrimmed_input,1,17,standard,dock_py_exact,True,single_chain_same_length_same_ordered_sequence,299,1.0,1.0,,passed,,2442,17,7,2.0514393753141507,2.0802550763038057,2.0802550763038057,10,True,"(0.0, 0.0, 0.0)",collision_py_exact,5.0
12,PTP1B_12,PTP1B_12_complex.pdb,PTP1B,12,PTP1B.AF2rank12.pdb,PTP1B.AF2rank12,/home/wms/AF2-test/AF2-CatGraph/data/PTP1B/01_af2_new/PTP1B.AF2rank12.pdb,results/PTP1B/02_template_guided_docking/complexes/PTP1B_12_complex.pdb,/home/wms/AF2-test/AF2-CatGraph/data/PTP1B/02_templates/template.pdb,/home/wms/AF2-test/AF2-CatGraph/data/PTP1B/02_templates/ligand.pdb,results/PTP1B/02_template_guided_docking/tables/PTP1B_step02_ligand_order_manifest.csv,/home/wms/AF2-test/AF2-CatGraph/data/PTP1B/02_templates/ligand.pdb,LIG,untrimmed_input,1,17,standard,dock_py_exact,True,single_chain_same_length_same_ordered_sequence,299,1.0,1.0,,passed,,2442,17,3,0.6925065679904958,2.1697543899611227,2.1697543899611227,10,True,"(0.0, 0.0, 0.0)",collision_py_exact,5.0
13,PTP1B_13,PTP1B_13_complex.pdb,PTP1B,13,PTP1B.AF2rank13.pdb,PTP1B.AF2rank13,/home/wms/AF2-test/AF2-CatGraph/data/PTP1B/01_af2_new/PTP1B.AF2rank13.pdb,results/PTP1B/02_template_guided_docking/complexes/PTP1B_13_complex.pdb,/home/wms/AF2-test/AF2-CatGraph/data/PTP1B/02_templates/template.pdb,/home/wms/AF2-test/AF2-CatGraph/data/PTP1B/02_templates/ligand.pdb,results/PTP1B/02_template_guided_docking/tables/PTP1B_step02_ligand_order_manifest.csv,/home/wms/AF2-test/AF2-CatGraph/data/PTP1B/02_templates/ligand.pdb,LIG,untrimmed_input,1,17,standard,dock_py_exact,True,single_chain_same_length_same_ordered_sequence,299,1.0,1.0,,passed,,2442,17,3,0.7942951098130857,2.1176017774801053,2.1176017774801053,10,True,"(0.0, 0.0, 0.0)",collision_py_exact,5.0
14,PTP1B_14,PTP1B_14_complex.pdb,PTP1B,14,PTP1B.AF2rank14.pdb,PTP1B.AF2rank14,/home/wms/AF2-test/AF2-CatGraph/data/PTP1B/01_af2_new/PTP1B.AF2rank14.pdb,results/PTP1B/02_template_guided_docking/complexes/PTP1B_14_complex.pdb,/home/wms/AF2-test/AF2-CatGraph/data/PTP1B/02_templates/template.pdb,/home/wms/AF2-test/AF2-CatGraph/data/PTP1B/02_templates/ligand.pdb,results/PTP1B/02_template_guided_docking/tables/PTP1B_step02_ligand_order_manifest.csv,/home/wms/AF2-test/AF2-CatGraph/data/PTP1B/02_templates/ligand.pdb,LIG,untrimmed_input,1,17,standard,dock_py_exact,True,single_chain_same_length_same_ordered_sequence,299,1.0,1.0,,passed,,2442,17,7,2.027913082628586,2.0742945748246076,2.0742945748246076,10,True,"(0.0, 0.0, 0.0)",collision_py_exact,5.0
15,PTP1B_15,PTP1B_15_complex.pdb,PTP1B,15,PTP1B.AF2rank15.pdb,PTP1B.AF2rank15,/home/wms/AF2-test/AF2-CatGraph/data/PTP1B/01_af2_new/PTP1B.AF2rank15.pdb,results/PTP1B/02_template_guided_docking/complexes/PTP1B_15_complex.pdb,/home/wms/AF2-test/AF2-CatGraph/data/PTP1B/02_templates/template.pdb,/home/wms/AF2-test/AF2-CatGraph/data/PTP1B/02_templates/ligand.pdb,results/PTP1B/02_template_guided_docking/tables/PTP1B_step02_ligand_order_manifest.csv,/home/wms/AF2-test/AF2-CatGraph/data/PTP1B/02_templates/ligand.pdb,LIG,untrimmed_input,1,17,standard,dock_py_exact,True,single_chain_same_length_same_ordered_sequence,299,1.0,1.0,,passed,,2442,17,5,0.8941603888095391,2.2023670207656054,2.2023670207656054,10,True,"(0.0, 0.0, 0.0)",collision_py_exact,5.0
16,PTP1B_16,PTP1B_16_complex.pdb,PTP1B,16,PTP1B.AF2rank16.pdb,PTP1B.AF2rank16,/home/wms/AF2-test/AF2-CatGraph/data/PTP1B/01_af2_new/PTP1B.AF2rank16.pdb,results/PTP1B/02_template_guided_docking/complexes/PTP1B_16_complex.pdb,/home/wms/AF2-test/AF2-CatGraph/data/PTP1B/02_templates/template.pdb,/home/wms/AF2-test/AF2-CatGraph/data/PTP1B/02_templates/ligand.pdb,results/PTP1B/02_template_guided_docking/tables/PTP1B_step02_ligand_order_manifest.csv,/home/wms/AF2-test/AF2-CatGraph/data/PTP1B/02_templates/ligand.pdb,LIG,untrimmed_input,1,17,standard,dock_py_exact,True,single_chain_same_length_same_ordered_sequence,299,1.0,1.0,,passed,,2442,17,4,1.0336310909846378,2.225500966283873,2.225500966283873,10,True,"(0.0, 0.0, 0.0)",collision_py_exact,5.0
17,PTP1B_17,PTP1B_17_complex.pdb,PTP1B,17,PTP1B.AF2rank17.pdb,PTP1B.AF2rank17,/home/wms/AF2-test/AF2-CatGraph/data/PTP1B/01_af2_new/PTP1B.AF2rank17.pdb,results/PTP1B/02_template_guided_docking/complexes/PTP1B_17_complex.pdb,/home/wms/AF2-test/AF2-CatGraph/data/PTP1B/02_templates/template.pdb,/home/wms/AF2-test/AF2-CatGraph/data/PTP1B/02_templates/ligand.pdb,results/PTP1B/02_template_guided_docking/tables/PTP1B_step02_ligand_order_manifest.csv,/home/wms/AF2-test/AF2-CatGraph/data/PTP1B/02_templates/ligand.pdb,LIG,untrimmed_input,1,17,standard,dock_py_exact,True,single_chain_same_length_same_ordered_sequence,299,1.0,1.0,,passed,,2442,17,9,1.9032895202010782,2.2583227434169735,2.2583227434169735,10,True,"(0.0, 0.0, 0.0)",collision_py_exact,5.0
18,PTP1B_18,PTP1B_18_complex.pdb,PTP1B,18,PTP1B.AF2rank18.pdb,PTP1B.AF2rank18,/home/wms/AF2-test/AF2-CatGraph/data/PTP1B/01_af2_new/PTP1B.AF2rank18.pdb,results/PTP1B/02_template_guided_docking/complexes/PTP1B_18_complex.pdb,/home/wms/AF2-test/AF2-CatGraph/data/PTP1B/02_templates/template.pdb,/home/wms/AF2-test/AF2-CatGraph/data/PTP1B/02_templates/ligand.pdb,results/PTP1B/02_template_guided_docking/tables/PTP1B_step02_ligand_order_manifest.csv,/home/wms/AF2-test/AF2-CatGraph/data/PTP1B/02_templates/ligand.pdb,LIG,untrimmed_input,1,17,standard,dock_py_exact,True,single_chain_same_length_same_ordered_sequence,299,1.0,1.0,,passed,,2442,17,9,2.275647726037931,2.0121752422189054,2.0121752422189054,10,True,"(0.0, 0.0, 0.0)",collision_py_exact,5.0
19,PTP1B_19,PTP1B_19_complex.pdb,PTP1B,19,PTP1B.AF2rank19.pdb,PTP1B.AF2rank19,/home/wms/AF2-test/AF2-CatGraph/data/PTP1B/01_af2_new/PTP1B.AF2rank19.pdb,results/PTP1B/02_template_guided_docking/complexes/PTP1B_19_complex.pdb,/home/wms/AF2-test/AF2-CatGraph/data/PTP1B/02_templates/template.pdb,/home/wms/AF2-test/AF2-CatGraph/data/PTP1B/02_templates/ligand.pdb,results/PTP1B/02_template_guided_docking/tables/PTP1B_step02_ligand_order_manifest.csv,/home/wms/AF2-test/AF2-CatGraph/data/PTP1B/02_templates/ligand.pdb,LIG,untrimmed_input,1,17,standard,dock_py_exact,True,single_chain_same_length_same_ordered_sequence,299,1.0,1.0,,passed,,2442,17,6,2.1020641705267495,2.10096788463725,2.10096788463725,10,True,"(0.0, 0.0, 0.0)",collision_py_exact,5.0
20,PTP1B_20,PTP1B_20_complex.pdb,PTP1B,20,PTP1B.AF2rank20.pdb,PTP1B.AF2rank20,/home/wms/AF2-test/AF2-CatGraph/data/PTP1B/01_af2_new/PTP1B.AF2rank20.pdb,results/PTP1B/02_template_guided_docking/complexes/PTP1B_20_complex.pdb,/home/wms/AF2-test/AF2-CatGraph/data/PTP1B/02_templates/template.pdb,/home/wms/AF2-test/AF2-CatGraph/data/PTP1B/02_templates/ligand.pdb,results/PTP1B/02_template_guided_docking/tables/PTP1B_step02_ligand_order_manifest.csv,/home/wms/AF2-test/AF2-CatGraph/data/PTP1B/02_templates/ligand.pdb,LIG,untrimmed_input,1,17,standard,dock_py_exact,True,single_chain_same_length_same_ordered_sequence,299,1.0,1.0,,passed,,2442,17,5,0.9938029821434937,2.141881385293775,2.141881385293775,10,True,"(0.0, 0.0, 0.0)",collision_py_exact,5.0
21,PTP1B_21,PTP1B_21_complex.pdb,PTP1B,21,PTP1B.AF2rank21.pdb,PTP1B.AF2rank21,/home/wms/AF2-test/AF2-CatGraph/data/PTP1B/01_af2_new/PTP1B.AF2rank21.pdb,results/PTP1B/02_template_guided_docking/complexes/PTP1B_21_complex.pdb,/home/wms/AF2-test/AF2-CatGraph/data/PTP1B/02_templates/template.pdb,/home/wms/AF2-test/AF2-CatGraph/data/PTP1B/02_templates/ligand.pdb,results/PTP1B/02_template_guided_docking/tables/PTP1B_step02_ligand_order_manifest.csv,/home/wms/AF2-test/AF2-CatGraph/data/PTP1B/02_templates/ligand.pdb,LIG,untrimmed_input,1,17,standard,dock_py_exact,True,single_chain_same_length_same_ordered_sequence,299,1.0,1.0,,passed,,2442,17,6,1.768989165473008,2.1541280311320694,2.1541280311320694,10,True,"(0.0, 0.0, 0.0)",collision_py_exact,5.0
22,PTP1B_22,PTP1B_22_complex.pdb,PTP1B,22,PTP1B.AF2rank22.pdb,PTP1B.AF2rank22,/home/wms/AF2-test/AF2-CatGraph/data/PTP1B/01_af2_new/PTP1B.AF2rank22.pdb,results/PTP1B/02_template_guided_docking/complexes/PTP1B_22_complex.pdb,/home/wms/AF2-test/AF2-CatGraph/data/PTP1B/02_templates/template.pdb,/home/wms/AF2-test/AF2-CatGraph/data/PTP1B/02_templates/ligand.pdb,results/PTP1B/02_template_guided_docking/tables/PTP1B_step02_ligand_order_manifest.csv,/home/wms/AF2-test/AF2-CatGraph/data/PTP1B/02_templates/ligand.pdb,LIG,untrimmed_input,1,17,standard,dock_py_exact,True,single_chain_same_length_same_ordered_sequence,299,1.0,1.0,,passed,,2442,17,4,1.2788033969069854,2.1694480242529384,2.1694480242529384,10,True,"(0.0, 0.0, 0.0)",collision_py_exact,5.0
23,PTP1B_23,PTP1B_23_complex.pdb,PTP1B,23,PTP1B.AF2rank23.pdb,PTP1B.AF2rank23,/home/wms/AF2-test/AF2-CatGraph/data/PTP1B/01_af2_new/PTP1B.AF2rank23.pdb,results/PTP1B/02_template_guided_docking/complexes/PTP1B_23_complex.pdb,/home/wms/AF2-test/AF2-CatGraph/data/PTP1B/02_templates/template.pdb,/home/wms/AF2-test/AF2-CatGraph/data/PTP1B/02_templates/ligand.pdb,results/PTP1B/02_template_guided_docking/tables/PTP1B_step02_ligand_order_manifest.csv,/home/wms/AF2-test/AF2-CatGraph/data/PTP1B/02_templates/ligand.pdb,LIG,untrimmed_input,1,17,standard,dock_py_exact,True,single_chain_same_length_same_ordered_sequence,299,1.0,1.0,,passed,,2442,17,7,1.6574944814836927,2.0926894943856666,2.0926894943856666,10,True,"(0.0, 0.0, 0.0)",collision_py_exact,5.0
24,PTP1B_24,PTP1B_24_complex.pdb,PTP1B,24,PTP1B.AF2rank24.pdb,PTP1B.AF2rank24,/home/wms/AF2-test/AF2-CatGraph/data/PTP1B/01_af2_new/PTP1B.AF2rank24.pdb,results/PTP1B/02_template_guided_docking/complexes/PTP1B_24_complex.pdb,/home/wms/AF2-test/AF2-CatGraph/data/PTP1B/02_templates/template.pdb,/home/wms/AF2-test/AF2-CatGraph/data/PTP1B/02_templates/ligand.pdb,results/PTP1B/02_template_guided_docking/tables/PTP1B_step02_ligand_order_manifest.csv,/home/wms/AF2-test/AF2-CatGraph/data/PTP1B/02_templates/ligand.pdb,LIG,untrimmed_input,1,17,standard,dock_py_exact,True,single_chain_same_length_same_ordered_sequence,299,1.0,1.0,,passed,,2442,17,3,1.1689759340540746,2.2457981914415726,2.2457981914415726,10,True,"(0.0, 0.0, 0.0)",collision_py_exact,5.0
25,PTP1B_25,PTP1B_25_complex.pdb,PTP1B,25,PTP1B.AF2rank25.pdb,PTP1B.AF2rank25,/home/wms/AF2-test/AF2-CatGraph/data/PTP1B/01_af2_new/PTP1B.AF2rank25.pdb,results/PTP1B/02_template_guided_docking/complexes/PTP1B_25_complex.pdb,/home/wms/AF2-test/AF2-CatGraph/data/PTP1B/02_templates/template.pdb,/home/wms/AF2-test/AF2-CatGraph/data/PTP1B/02_templates/ligand.pdb,results/PTP1B/02_template_guided_docking/tables/PTP1B_step02_ligand_order_manifest.csv,/home/wms/AF2-test/AF2-CatGraph/data/PTP1B/02_templates/ligand.pdb,LIG,untrimmed_input,1,17,standard,dock_py_exact,True,single_chain_same_length_same_ordered_sequence,299,1.0,1.0,,passed,,2442,17,6,1.3863866134487384,2.203272621747832,2.203272621747832,10,True,"(0.0, 0.0, 0.0)",collision_py_exact,5.0
26,PTP1B_26,PTP1B_26_complex.pdb,PTP1B,26,PTP1B.AF2rank26.pdb,PTP1B.AF2rank26,/home/wms/AF2-test/AF2-CatGraph/data/PTP1B/01_af2_new/PTP1B.AF2rank26.pdb,results/PTP1B/02_template_guided_docking/complexes/PTP1B_26_complex.pdb,/home/wms/AF2-test/AF2-CatGraph/data/PTP1B/02_templates/template.pdb,/home/wms/AF2-test/AF2-CatGraph/data/PTP1B/02_templates/ligand.pdb,results/PTP1B/02_template_guided_docking/tables/PTP1B_step02_ligand_order_manifest.csv,/home/wms/AF2-test/AF2-CatGraph/data/PTP1B/02_templates/ligand.pdb,LIG,untrimmed_input,1,17,standard,dock_py_exact,True,single_chain_same_length_same_ordered_sequence,299,1.0,1.0,,passed,,2442,17,8,1.1666051393566637,2.3060264949410034,2.3060264949410034,10,True,"(0.0, 0.0, 0.0)",collision_py_exact,5.0
27,PTP1B_27,PTP1B_27_complex.pdb,PTP1B,27,PTP1B.AF2rank27.pdb,PTP1B.AF2rank27,/home/wms/AF2-test/AF2-CatGraph/data/PTP1B/01_af2_new/PTP1B.AF2rank27.pdb,results/PTP1B/02_template_guided_docking/complexes/PTP1B_27_complex.pdb,/home/wms/AF2-test/AF2-CatGraph/data/PTP1B/02_templates/template.pdb,/home/wms/AF2-test/AF2-CatGraph/data/PTP1B/02_templates/ligand.pdb,results/PTP1B/02_template_guided_docking/tables/PTP1B_step02_ligand_order_manifest.csv,/home/wms/AF2-test/AF2-CatGraph/data/PTP1B/02_templates/ligand.pdb,LIG,untrimmed_input,1,17,standard,dock_py_exact,True,single_chain_same_length_same_ordered_sequence,299,1.0,1.0,,passed,,2442,17,7,1.9201921873644276,2.118979254008653,2.118979254008653,10,True,"(0.0, 0.0, 0.0)",collision_py_exact,5.0
28,PTP1B_28,PTP1B_28_complex.pdb,PTP1B,28,PTP1B.AF2rank28.pdb,PTP1B.AF2rank28,/home/wms/AF2-test/AF2-CatGraph/data/PTP1B/01_af2_new/PTP1B.AF2rank28.pdb,results/PTP1B/02_template_guided_docking/complexes/PTP1B_28_complex.pdb,/home/wms/AF2-test/AF2-CatGraph/data/PTP1B/02_templates/template.pdb,/home/wms/AF2-test/AF2-CatGraph/data/PTP1B/02_templates/ligand.pdb,results/PTP1B/02_template_guided_docking/tables/PTP1B_step02_ligand_order_manifest.csv,/home/wms/AF2-test/AF2-CatGraph/data/PTP1B/02_templates/ligand.pdb,LIG,untrimmed_input,1,17,standard,dock_py_exact,True,single_chain_same_length_same_ordered_sequence,299,1.0,1.0,,passed,,2442,17,4,1.2348023809550637,2.1276611808532424,2.1276611808532424,10,True,"(0.0, 0.0, 0.0)",collision_py_exact,5.0
29,PTP1B_29,PTP1B_29_complex.pdb,PTP1B,29,PTP1B.AF2rank29.pdb,PTP1B.AF2rank29,/home/wms/AF2-test/AF2-CatGraph/data/PTP1B/01_af2_new/PTP1B.AF2rank29.pdb,results/PTP1B/02_template_guided_docking/complexes/PTP1B_29_complex.pdb,/home/wms/AF2-test/AF2-CatGraph/data/PTP1B/02_templates/template.pdb,/home/wms/AF2-test/AF2-CatGraph/data/PTP1B/02_templates/ligand.pdb,results/PTP1B/02_template_guided_docking/tables/PTP1B_step02_ligand_order_manifest.csv,/home/wms/AF2-test/AF2-CatGraph/data/PTP1B/02_templates/ligand.pdb,LIG,untrimmed_input,1,17,standard,dock_py_exact,True,single_chain_same_length_same_ordered_sequence,299,1.0,1.0,,passed,,2442,17,7,1.3861509499760882,2.2702137559246442,2.2702137559246442,10,True,"(0.0, 0.0, 0.0)",collision_py_exact,5.0
30,PTP1B_30,PTP1B_30_complex.pdb,PTP1B,30,PTP1B.AF2rank30.pdb,PTP1B.AF2rank30,/home/wms/AF2-test/AF2-CatGraph/data/PTP1B/01_af2_new/PTP1B.AF2rank30.pdb,results/PTP1B/02_template_guided_docking/complexes/PTP1B_30_complex.pdb,/home/wms/AF2-test/AF2-CatGraph/data/PTP1B/02_templates/template.pdb,/home/wms/AF2-test/AF2-CatGraph/data/PTP1B/02_templates/ligand.pdb,results/PTP1B/02_template_guided_docking/tables/PTP1B_step02_ligand_order_manifest.csv,/home/wms/AF2-test/AF2-CatGraph/data/PTP1B/02_templates/ligand.pdb,LIG,untrimmed_input,1,17,standard,dock_py_exact,True,single_chain_same_length_same_ordered_sequence,299,1.0,1.0,,passed,,2442,17,6,2.4880935879863926,2.0815599296808154,2.0815599296808154,10,True,"(0.0, 0.0, 0.0)",collision_py_exact,5.0
31,PTP1B_31,PTP1B_31_complex.pdb,PTP1B,31,PTP1B.AF2rank31.pdb,PTP1B.AF2rank31,/home/wms/AF2-test/AF2-CatGraph/data/PTP1B/01_af2_new/PTP1B.AF2rank31.pdb,results/PTP1B/02_template_guided_docking/complexes/PTP1B_31_complex.pdb,/home/wms/AF2-test/AF2-CatGraph/data/PTP1B/02_templates/template.pdb,/home/wms/AF2-test/AF2-CatGraph/data/PTP1B/02_templates/ligand.pdb,results/PTP1B/02_template_guided_docking/tables/PTP1B_step02_ligand_order_manifest.csv,/home/wms/AF2-test/AF2-CatGraph/data/PTP1B/02_templates/ligand.pdb,LIG,untrimmed_input,1,17,standard,dock_py_exact,True,single_chain_same_length_same_ordered_sequence,299,1.0,1.0,,passed,,2442,17,8,2.1793830578645075,2.1651464383384087,2.1651464383384087,10,True,"(0.0, 0.0, 0.0)",collision_py_exact,5.0
32,PTP1B_32,PTP1B_32_complex.pdb,PTP1B,32,PTP1B.AF2rank32.pdb,PTP1B.AF2rank32,/home/wms/AF2-test/AF2-CatGraph/data/PTP1B/01_af2_new/PTP1B.AF2rank32.pdb,results/PTP1B/02_template_guided_docking/complexes/PTP1B_32_complex.pdb,/home/wms/AF2-test/AF2-CatGraph/data/PTP1B/02_templates/template.pdb,/home/wms/AF2-test/AF2-CatGraph/data/PTP1B/02_templates/ligand.pdb,results/PTP1B/02_template_guided_docking/tables/PTP1B_step02_ligand_order_manifest.csv,/home/wms/AF2-test/AF2-CatGraph/data/PTP1B/02_templates/ligand.pdb,LIG,untrimmed_input,1,17,standard,dock_py_exact,True,single_chain_same_length_same_ordered_sequence,299,1.0,1.0,,passed,,2442,17,5,0.8474431928861641,2.175115819499293,2.175115819499293,10,True,"(0.0, 0.0, 0.0)",collision_py_exact,5.0
33,PTP1B_33,PTP1B_33_complex.pdb,PTP1B,33,PTP1B.AF2rank33.pdb,PTP1B.AF2rank33,/home/wms/AF2-test/AF2-CatGraph/data/PTP1B/01_af2_new/PTP1B.AF2rank33.pdb,results/PTP1B/02_template_guided_docking/complexes/PTP1B_33_complex.pdb,/home/wms/AF2-test/AF2-CatGraph/data/PTP1B/02_templates/template.pdb,/home/wms/AF2-test/AF2-CatGraph/data/PTP1B/02_templates/ligand.pdb,results/PTP1B/02_template_guided_docking/tables/PTP1B_step02_ligand_order_manifest.csv,/home/wms/AF2-test/AF2-CatGraph/data/PTP1B/02_templates/ligand.pdb,LIG,untrimmed_input,1,17,standard,dock_py_exact,True,single_chain_same_length_same_ordered_sequence,299,1.0,1.0,,passed,,2442,17,5,1.0135562109581686,2.2118376579537955,2.2118376579537955,10,True,"(0.0, 0.0, 0.0)",collision_py_exact,5.0
34,PTP1B_34,PTP1B_34_complex.pdb,PTP1B,34,PTP1B.AF2rank34.pdb,PTP1B.AF2rank34,/home/wms/AF2-test/AF2-CatGraph/data/PTP1B/01_af2_new/PTP1B.AF2rank34.pdb,results/PTP1B/02_template_guided_docking/complexes/PTP1B_34_complex.pdb,/home/wms/AF2-test/AF2-CatGraph/data/PTP1B/02_templates/template.pdb,/home/wms/AF2-test/AF2-CatGraph/data/PTP1B/02_templates/ligand.pdb,results/PTP1B/02_template_guided_docking/tables/PTP1B_step02_ligand_order_manifest.csv,/home/wms/AF2-test/AF2-CatGraph/data/PTP1B/02_templates/ligand.pdb,LIG,untrimmed_input,1,17,standard,dock_py_exact,True,single_chain_same_length_same_ordered_sequence,299,1.0,1.0,,passed,,2442,17,5,0.7189799345825203,2.296194690836925,2.296194690836925,10,True,"(0.0, 0.0, 0.0)",collision_py_exact,5.0
35,PTP1B_35,PTP1B_35_complex.pdb,PTP1B,35,PTP1B.AF2rank35.pdb,PTP1B.AF2rank35,/home/wms/AF2-test/AF2-CatGraph/data/PTP1B/01_af2_new/PTP1B.AF2rank35.pdb,results/PTP1B/02_template_guided_docking/complexes/PTP1B_35_complex.pdb,/home/wms/AF2-test/AF2-CatGraph/data/PTP1B/02_templates/template.pdb,/home/wms/AF2-test/AF2-CatGraph/data/PTP1B/02_templates/ligand.pdb,results/PTP1B/02_template_guided_docking/tables/PTP1B_step02_ligand_order_manifest.csv,/home/wms/AF2-test/AF2-CatGraph/data/PTP1B/02_templates/ligand.pdb,LIG,untrimmed_input,1,17,standard,dock_py_exact,True,single_chain_same_length_same_ordered_sequence,299,1.0,1.0,,passed,,2442,17,6,1.5777618174645465,2.1785818879482703,2.1785818879482703,10,True,"(0.0, 0.0, 0.0)",collision_py_exact,5.0
37,PTP1B_37,PTP1B_37_complex.pdb,PTP1B,37,PTP1B.AF2rank37.pdb,PTP1B.AF2rank37,/home/wms/AF2-test/AF2-CatGraph/data/PTP1B/01_af2_new/PTP1B.AF2rank37.pdb,results/PTP1B/02_template_guided_docking/complexes/PTP1B_37_complex.pdb,/home/wms/AF2-test/AF2-CatGraph/data/PTP1B/02_templates/template.pdb,/home/wms/AF2-test/AF2-CatGraph/data/PTP1B/02_templates/ligand.pdb,results/PTP1B/02_template_guided_docking/tables/PTP1B_step02_ligand_order_manifest.csv,/home/wms/AF2-test/AF2-CatGraph/data/PTP1B/02_templates/ligand.pdb,LIG,untrimmed_input,1,17,standard,dock_py_exact,True,single_chain_same_length_same_ordered_sequence,299,1.0,1.0,,passed,,2442,17,6,2.9693659382307382,2.0159845472710725,2.0159845472710725,10,True,"(0.0, 0.0, 0.0)",collision_py_exact,5.0
38,PTP1B_38,PTP1B_38_complex.pdb,PTP1B,38,PTP1B.AF2rank38.pdb,PTP1B.AF2rank38,/home/wms/AF2-test/AF2-CatGraph/data/PTP1B/01_af2_new/PTP1B.AF2rank38.pdb,results/PTP1B/02_template_guided_docking/complexes/PTP1B_38_complex.pdb,/home/wms/AF2-test/AF2-CatGraph/data/PTP1B/02_templates/template.pdb,/home/wms/AF2-test/AF2-CatGraph/data/PTP1B/02_templates/ligand.pdb,results/PTP1B/02_template_guided_docking/tables/PTP1B_step02_ligand_order_manifest.csv,/home/wms/AF2-test/AF2-CatGraph/data/PTP1B/02_templates/ligand.pdb,LIG,untrimmed_input,1,17,standard,dock_py_exact,True,single_chain_same_length_same_ordered_sequence,299,1.0,1.0,,passed,,2442,17,8,2.32398280614373,2.103238627502939,2.103238627502939,10,True,"(0.0, 0.0, 0.0)",collision_py_exact,5.0
39,PTP1B_39,PTP1B_39_complex.pdb,PTP1B,39,PTP1B.AF2rank39.pdb,PTP1B.AF2rank39,/home/wms/AF2-test/AF2-CatGraph/data/PTP1B/01_af2_new/PTP1B.AF2rank39.pdb,results/PTP1B/02_template_guided_docking/complexes/PTP1B_39_complex.pdb,/home/wms/AF2-test/AF2-CatGraph/data/PTP1B/02_templates/template.pdb,/home/wms/AF2-test/AF2-CatGraph/data/PTP1B/02_templates/ligand.pdb,results/PTP1B/02_template_guided_docking/tables/PTP1B_step02_ligand_order_manifest.csv,/home/wms/AF2-test/AF2-CatGraph/data/PTP1B/02_templates/ligand.pdb,LIG,untrimmed_input,1,17,standard,dock_py_exact,True,single_chain_same_length_same_ordered_sequence,299,1.0,1.0,,passed,,2442,17,7,2.116096587825325,2.1188362499801845,2.1188362499801845,10,True,"(0.0, 0.0, 0.0)",collision_py_exact,5.0
40,PTP1B_40,PTP1B_40_complex.pdb,PTP1B,40,PTP1B.AF2rank40.pdb,PTP1B.AF2rank40,/home/wms/AF2-test/AF2-CatGraph/data/PTP1B/01_af2_new/PTP1B.AF2rank40.pdb,results/PTP1B/02_template_guided_docking/complexes/PTP1B_40_complex.pdb,/home/wms/AF2-test/AF2-CatGraph/data/PTP1B/02_templates/template.pdb,/home/wms/AF2-test/AF2-CatGraph/data/PTP1B/02_templates/ligand.pdb,results/PTP1B/02_template_guided_docking/tables/PTP1B_step02_ligand_order_manifest.csv,/home/wms/AF2-test/AF2-CatGraph/data/PTP1B/02_templates/ligand.pdb,LIG,untrimmed_input,1,17,standard,dock_py_exact,True,single_chain_same_length_same_ordered_sequence,299,1.0,1.0,,passed,,2442,17,4,0.8007030610349926,2.183237494658897,2.183237494658897,10,True,"(0.0, 0.0, 0.0)",collision_py_exact,5.0
41,PTP1B_41,PTP1B_41_complex.pdb,PTP1B,41,PTP1B.AF2rank41.pdb,PTP1B.AF2rank41,/home/wms/AF2-test/AF2-CatGraph/data/PTP1B/01_af2_new/PTP1B.AF2rank41.pdb,results/PTP1B/02_template_guided_docking/complexes/PTP1B_41_complex.pdb,/home/wms/AF2-test/AF2-CatGraph/data/PTP1B/02_templates/template.pdb,/home/wms/AF2-test/AF2-CatGraph/data/PTP1B/02_templates/ligand.pdb,results/PTP1B/02_template_guided_docking/tables/PTP1B_step02_ligand_order_manifest.csv,/home/wms/AF2-test/AF2-CatGraph/data/PTP1B/02_templates/ligand.pdb,LIG,untrimmed_input,1,17,standard,dock_py_exact,True,single_chain_same_length_same_ordered_sequence,299,1.0,1.0,,passed,,2442,17,6,2.285122226714425,2.1401827850151984,2.1401827850151984,10,True,"(0.0, 0.0, 0.0)",collision_py_exact,5.0
42,PTP1B_42,PTP1B_42_complex.pdb,PTP1B,42,PTP1B.AF2rank42.pdb,PTP1B.AF2rank42,/home/wms/AF2-test/AF2-CatGraph/data/PTP1B/01_af2_new/PTP1B.AF2rank42.pdb,results/PTP1B/02_template_guided_docking/complexes/PTP1B_42_complex.pdb,/home/wms/AF2-test/AF2-CatGraph/data/PTP1B/02_templates/template.pdb,/home/wms/AF2-test/AF2-CatGraph/data/PTP1B/02_templates/ligand.pdb,results/PTP1B/02_template_guided_docking/tables/PTP1B_step02_ligand_order_manifest.csv,/home/wms/AF2-test/AF2-CatGraph/data/PTP1B/02_templates/ligand.pdb,LIG,untrimmed_input,1,17,standard,dock_py_exact,True,single_chain_same_length_same_ordered_sequence,299,1.0,1.0,,passed,,2442,17,5,1.2484329124200841,2.104793231321268,2.104793231321268,10,True,"(0.0, 0.0, 0.0)",collision_py_exact,5.0
43,PTP1B_43,PTP1B_43_complex.pdb,PTP1B,43,PTP1B.AF2rank43.pdb,PTP1B.AF2rank43,/home/wms/AF2-test/AF2-CatGraph/data/PTP1B/01_af2_new/PTP1B.AF2rank43.pdb,results/PTP1B/02_template_guided_docking/complexes/PTP1B_43_complex.pdb,/home/wms/AF2-test/AF2-CatGraph/data/PTP1B/02_templates/template.pdb,/home/wms/AF2-test/AF2-CatGraph/data/PTP1B/02_templates/ligand.pdb,results/PTP1B/02_template_guided_docking/tables/PTP1B_step02_ligand_order_manifest.csv,/home/wms/AF2-test/AF2-CatGraph/data/PTP1B/02_templates/ligand.pdb,LIG,untrimmed_input,1,17,standard,dock_py_exact,True,single_chain_same_length_same_ordered_sequence,299,1.0,1.0,,passed,,2442,17,6,1.9251751841080091,2.041324015353006,2.041324015353006,10,True,"(0.0, 0.0, 0.0)",collision_py_exact,5.0
44,PTP1B_44,PTP1B_44_complex.pdb,PTP1B,44,PTP1B.AF2rank44.pdb,PTP1B.AF2rank44,/home/wms/AF2-test/AF2-CatGraph/data/PTP1B/01_af2_new/PTP1B.AF2rank44.pdb,results/PTP1B/02_template_guided_docking/complexes/PTP1B_44_complex.pdb,/home/wms/AF2-test/AF2-CatGraph/data/PTP1B/02_templates/template.pdb,/home/wms/AF2-test/AF2-CatGraph/data/PTP1B/02_templates/ligand.pdb,results/PTP1B/02_template_guided_docking/tables/PTP1B_step02_ligand_order_manifest.csv,/home/wms/AF2-test/AF2-CatGraph/data/PTP1B/02_templates/ligand.pdb,LIG,untrimmed_input,1,17,standard,dock_py_exact,True,single_chain_same_length_same_ordered_sequence,299,1.0,1.0,,passed,,2442,17,7,1.3037544291314171,2.04324581240563,2.04324581240563,10,True,"(0.0, 0.0, 0.0)",collision_py_exact,5.0
45,PTP1B_45,PTP1B_45_complex.pdb,PTP1B,45,PTP1B.AF2rank45.pdb,PTP1B.AF2rank45,/home/wms/AF2-test/AF2-CatGraph/data/PTP1B/01_af2_new/PTP1B.AF2rank45.pdb,results/PTP1B/02_template_guided_docking/complexes/PTP1B_45_complex.pdb,/home/wms/AF2-test/AF2-CatGraph/data/PTP1B/02_templates/template.pdb,/home/wms/AF2-test/AF2-CatGraph/data/PTP1B/02_templates/ligand.pdb,results/PTP1B/02_template_guided_docking/tables/PTP1B_step02_ligand_order_manifest.csv,/home/wms/AF2-test/AF2-CatGraph/data/PTP1B/02_templates/ligand.pdb,LIG,untrimmed_input,1,17,standard,dock_py_exact,True,single_chain_same_length_same_ordered_sequence,299,1.0,1.0,,passed,,2442,17,6,1.1753552428861958,2.2043127716548643,2.2043127716548643,10,True,"(0.0, 0.0, 0.0)",collision_py_exact,5.0
46,PTP1B_46,PTP1B_46_complex.pdb,PTP1B,46,PTP1B.AF2rank46.pdb,PTP1B.AF2rank46,/home/wms/AF2-test/AF2-CatGraph/data/PTP1B/01_af2_new/PTP1B.AF2rank46.pdb,results/PTP1B/02_template_guided_docking/complexes/PTP1B_46_complex.pdb,/home/wms/AF2-test/AF2-CatGraph/data/PTP1B/02_templates/template.pdb,/home/wms/AF2-test/AF2-CatGraph/data/PTP1B/02_templates/ligand.pdb,results/PTP1B/02_template_guided_docking/tables/PTP1B_step02_ligand_order_manifest.csv,/home/wms/AF2-test/AF2-CatGraph/data/PTP1B/02_templates/ligand.pdb,LIG,untrimmed_input,1,17,standard,dock_py_exact,True,single_chain_same_length_same_ordered_sequence,299,1.0,1.0,,passed,,2442,17,3,0.6035825674252382,2.269015269746379,2.269015269746379,10,True,"(0.0, 0.0, 0.0)",collision_py_exact,5.0
47,PTP1B_47,PTP1B_47_complex.pdb,PTP1B,47,PTP1B.AF2rank47.pdb,PTP1B.AF2rank47,/home/wms/AF2-test/AF2-CatGraph/data/PTP1B/01_af2_new/PTP1B.AF2rank47.pdb,results/PTP1B/02_template_guided_docking/complexes/PTP1B_47_complex.pdb,/home/wms/AF2-test/AF2-CatGraph/data/PTP1B/02_templates/template.pdb,/home/wms/AF2-test/AF2-CatGraph/data/PTP1B/02_templates/ligand.pdb,results/PTP1B/02_template_guided_docking/tables/PTP1B_step02_ligand_order_manifest.csv,/home/wms/AF2-test/AF2-CatGraph/data/PTP1B/02_templates/ligand.pdb,LIG,untrimmed_input,1,17,standard,dock_py_exact,True,single_chain_same_length_same_ordered_sequence,299,1.0,1.0,,passed,,2442,17,4,1.023732229732068,2.2553364008431056,2.2553364008431056,10,True,"(0.0, 0.0, 0.0)",collision_py_exact,5.0
48,PTP1B_48,PTP1B_48_complex.pdb,PTP1B,48,PTP1B.AF2rank48.pdb,PTP1B.AF2rank48,/home/wms/AF2-test/AF2-CatGraph/data/PTP1B/01_af2_new/PTP1B.AF2rank48.pdb,results/PTP1B/02_template_guided_docking/complexes/PTP1B_48_complex.pdb,/home/wms/AF2-test/AF2-CatGraph/data/PTP1B/02_templates/template.pdb,/home/wms/AF2-test/AF2-CatGraph/data/PTP1B/02_templates/ligand.pdb,results/PTP1B/02_template_guided_docking/tables/PTP1B_step02_ligand_order_manifest.csv,/home/wms/AF2-test/AF2-CatGraph/data/PTP1B/02_templates/ligand.pdb,LIG,untrimmed_input,1,17,standard,dock_py_exact,True,single_chain_same_length_same_ordered_sequence,299,1.0,1.0,,passed,,2442,17,3,0.8545049473068014,2.276842282969376,2.276842282969376,10,True,"(0.0, 0.0, 0.0)",collision_py_exact,5.0
49,PTP1B_49,PTP1B_49_complex.pdb,PTP1B,49,PTP1B.AF2rank49.pdb,PTP1B.AF2rank49,/home/wms/AF2-test/AF2-CatGraph/data/PTP1B/01_af2_new/PTP1B.AF2rank49.pdb,results/PTP1B/02_template_guided_docking/complexes/PTP1B_49_complex.pdb,/home/wms/AF2-test/AF2-CatGraph/data/PTP1B/02_templates/template.pdb,/home/wms/AF2-test/AF2-CatGraph/data/PTP1B/02_templates/ligand.pdb,results/PTP1B/02_template_guided_docking/tables/PTP1B_step02_ligand_order_manifest.csv,/home/wms/AF2-test/AF2-CatGraph/data/PTP1B/02_templates/ligand.pdb,LIG,untrimmed_input,1,17,standard,dock_py_exact,True,single_chain_same_length_same_ordered_sequence,299,1.0,1.0,,passed,,2442,17,4,0.8710133327140781,2.322389510148995,2.322389510148995,10,True,"(0.0, 0.0, 0.0)",collision_py_exact,5.0
50,PTP1B_50,PTP1B_50_complex.pdb,PTP1B,50,PTP1B.AF2rank50.pdb,PTP1B.AF2rank50,/home/wms/AF2-test/AF2-CatGraph/data/PTP1B/01_af2_new/PTP1B.AF2rank50.pdb,results/PTP1B/02_template_guided_docking/complexes/PTP1B_50_complex.pdb,/home/wms/AF2-test/AF2-CatGraph/data/PTP1B/02_templates/template.pdb,/home/wms/AF2-test/AF2-CatGraph/data/PTP1B/02_templates/ligand.pdb,results/PTP1B/02_template_guided_docking/tables/PTP1B_step02_ligand_order_manifest.csv,/home/wms/AF2-test/AF2-CatGraph/data/PTP1B/02_templates/ligand.pdb,LIG,untrimmed_input,1,17,standard,dock_py_exact,True,single_chain_same_length_same_ordered_sequence,299,1.0,1.0,,passed,,2442,17,6,1.5967083851173247,2.2077039587132403,2.2077039587132403,10,True,"(0.0, 0.0, 0.0)",collision_py_exact,5.0
51,PTP1B_51,PTP1B_51_complex.pdb,PTP1B,51,PTP1B.AF2rank51.pdb,PTP1B.AF2rank51,/home/wms/AF2-test/AF2-CatGraph/data/PTP1B/01_af2_new/PTP1B.AF2rank51.pdb,results/PTP1B/02_template_guided_docking/complexes/PTP1B_51_complex.pdb,/home/wms/AF2-test/AF2-CatGraph/data/PTP1B/02_templates/template.pdb,/home/wms/AF2-test/AF2-CatGraph/data/PTP1B/02_templates/ligand.pdb,results/PTP1B/02_template_guided_docking/tables/PTP1B_step02_ligand_order_manifest.csv,/home/wms/AF2-test/AF2-CatGraph/data/PTP1B/02_templates/ligand.pdb,LIG,untrimmed_input,1,17,standard,dock_py_exact,True,single_chain_same_length_same_ordered_sequence,299,1.0,1.0,,passed,,2442,17,5,1.3964679235341575,2.228035190111896,2.228035190111896,10,True,"(0.0, 0.0, 0.0)",collision_py_exact,5.0
52,PTP1B_52,PTP1B_52_complex.pdb,PTP1B,52,PTP1B.AF2rank52.pdb,PTP1B.AF2rank52,/home/wms/AF2-test/AF2-CatGraph/data/PTP1B/01_af2_new/PTP1B.AF2rank52.pdb,results/PTP1B/02_template_guided_docking/complexes/PTP1B_52_complex.pdb,/home/wms/AF2-test/AF2-CatGraph/data/PTP1B/02_templates/template.pdb,/home/wms/AF2-test/AF2-CatGraph/data/PTP1B/02_templates/ligand.pdb,results/PTP1B/02_template_guided_docking/tables/PTP1B_step02_ligand_order_manifest.csv,/home/wms/AF2-test/AF2-CatGraph/data/PTP1B/02_templates/ligand.pdb,LIG,untrimmed_input,1,17,standard,dock_py_exact,True,single_chain_same_length_same_ordered_sequence,299,1.0,1.0,,passed,,2442,17,6,0.45931114592719924,2.356684753685175,2.356684753685175,10,True,"(0.0, 0.0, 0.0)",collision_py_exact,5.0
53,PTP1B_53,PTP1B_53_complex.pdb,PTP1B,53,PTP1B.AF2rank53.pdb,PTP1B.AF2rank53,/home/wms/AF2-test/AF2-CatGraph/data/PTP1B/01_af2_new/PTP1B.AF2rank53.pdb,results/PTP1B/02_template_guided_docking/complexes/PTP1B_53_complex.pdb,/home/wms/AF2-test/AF2-CatGraph/data/PTP1B/02_templates/template.pdb,/home/wms/AF2-test/AF2-CatGraph/data/PTP1B/02_templates/ligand.pdb,results/PTP1B/02_template_guided_docking/tables/PTP1B_step02_ligand_order_manifest.csv,/home/wms/AF2-test/AF2-CatGraph/data/PTP1B/02_templates/ligand.pdb,LIG,untrimmed_input,1,17,standard,dock_py_exact,True,single_chain_same_length_same_ordered_sequence,299,1.0,1.0,,passed,,2442,17,9,2.273584082653747,2.0854752695341845,2.0854752695341845,10,True,"(0.0, 0.0, 0.0)",collision_py_exact,5.0
54,PTP1B_54,PTP1B_54_complex.pdb,PTP1B,54,PTP1B.AF2rank54.pdb,PTP1B.AF2rank54,/home/wms/AF2-test/AF2-CatGraph/data/PTP1B/01_af2_new/PTP1B.AF2rank54.pdb,results/PTP1B/02_template_guided_docking/complexes/PTP1B_54_complex.pdb,/home/wms/AF2-test/AF2-CatGraph/data/PTP1B/02_templates/template.pdb,/home/wms/AF2-test/AF2-CatGraph/data/PTP1B/02_templates/ligand.pdb,results/PTP1B/02_template_guided_docking/tables/PTP1B_step02_ligand_order_manifest.csv,/home/wms/AF2-test/AF2-CatGraph/data/PTP1B/02_templates/ligand.pdb,LIG,untrimmed_input,1,17,standard,dock_py_exact,True,single_chain_same_length_same_ordered_sequence,299,1.0,1.0,,passed,,2442,17,7,1.8714529908980277,2.139970915699246,2.139970915699246,10,True,"(0.0, 0.0, 0.0)",collision_py_exact,5.0
55,PTP1B_55,PTP1B_55_complex.pdb,PTP1B,55,PTP1B.AF2rank55.pdb,PTP1B.AF2rank55,/home/wms/AF2-test/AF2-CatGraph/data/PTP1B/01_af2_new/PTP1B.AF2rank55.pdb,results/PTP1B/02_template_guided_docking/complexes/PTP1B_55_complex.pdb,/home/wms/AF2-test/AF2-CatGraph/data/PTP1B/02_templates/template.pdb,/home/wms/AF2-test/AF2-CatGraph/data/PTP1B/02_templates/ligand.pdb,results/PTP1B/02_template_guided_docking/tables/PTP1B_step02_ligand_order_manifest.csv,/home/wms/AF2-test/AF2-CatGraph/data/PTP1B/02_templates/ligand.pdb,LIG,untrimmed_input,1,17,standard,dock_py_exact,True,single_chain_same_length_same_ordered_sequence,299,1.0,1.0,,passed,,2442,17,3,1.0066578263956694,2.3201889092248313,2.3201889092248313,10,True,"(0.0, 0.0, 0.0)",collision_py_exact,5.0
56,PTP1B_56,PTP1B_56_complex.pdb,PTP1B,56,PTP1B.AF2rank56.pdb,PTP1B.AF2rank56,/home/wms/AF2-test/AF2-CatGraph/data/PTP1B/01_af2_new/PTP1B.AF2rank56.pdb,results/PTP1B/02_template_guided_docking/complexes/PTP1B_56_complex.pdb,/home/wms/AF2-test/AF2-CatGraph/data/PTP1B/02_templates/template.pdb,/home/wms/AF2-test/AF2-CatGraph/data/PTP1B/02_templates/ligand.pdb,results/PTP1B/02_template_guided_docking/tables/PTP1B_step02_ligand_order_manifest.csv,/home/wms/AF2-test/AF2-CatGraph/data/PTP1B/02_templates/ligand.pdb,LIG,untrimmed_input,1,17,standard,dock_py_exact,True,single_chain_same_length_same_ordered_sequence,299,1.0,1.0,,passed,,2442,17,4,0.7103495159759623,2.260079116695699,2.260079116695699,10,True,"(0.0, 0.0, 0.0)",collision_py_exact,5.0
57,PTP1B_57,PTP1B_57_complex.pdb,PTP1B,57,PTP1B.AF2rank57.pdb,PTP1B.AF2rank57,/home/wms/AF2-test/AF2-CatGraph/data/PTP1B/01_af2_new/PTP1B.AF2rank57.pdb,results/PTP1B/02_template_guided_docking/complexes/PTP1B_57_complex.pdb,/home/wms/AF2-test/AF2-CatGraph/data/PTP1B/02_templates/template.pdb,/home/wms/AF2-test/AF2-CatGraph/data/PTP1B/02_templates/ligand.pdb,results/PTP1B/02_template_guided_docking/tables/PTP1B_step02_ligand_order_manifest.csv,/home/wms/AF2-test/AF2-CatGraph/data/PTP1B/02_templates/ligand.pdb,LIG,untrimmed_input,1,17,standard,dock_py_exact,True,single_chain_same_length_same_ordered_sequence,299,1.0,1.0,,passed,,2442,17,5,1.3351701243158658,2.223872071120277,2.223872071120277,10,True,"(0.0, 0.0, 0.0)",collision_py_exact,5.0
58,PTP1B_58,PTP1B_58_complex.pdb,PTP1B,58,PTP1B.AF2rank58.pdb,PTP1B.AF2rank58,/home/wms/AF2-test/AF2-CatGraph/data/PTP1B/01_af2_new/PTP1B.AF2rank58.pdb,results/PTP1B/02_template_guided_docking/complexes/PTP1B_58_complex.pdb,/home/wms/AF2-test/AF2-CatGraph/data/PTP1B/02_templates/template.pdb,/home/wms/AF2-test/AF2-CatGraph/data/PTP1B/02_templates/ligand.pdb,results/PTP1B/02_template_guided_docking/tables/PTP1B_step02_ligand_order_manifest.csv,/home/wms/AF2-test/AF2-CatGraph/data/PTP1B/02_templates/ligand.pdb,LIG,untrimmed_input,1,17,standard,dock_py_exact,True,single_chain_same_length_same_ordered_sequence,299,1.0,1.0,,passed,,2442,17,5,1.3400117911346547,2.1732516467665066,2.1732516467665066,10,True,"(0.0, 0.0, 0.0)",collision_py_exact,5.0
59,PTP1B_59,PTP1B_59_complex.pdb,PTP1B,59,PTP1B.AF2rank59.pdb,PTP1B.AF2rank59,/home/wms/AF2-test/AF2-CatGraph/data/PTP1B/01_af2_new/PTP1B.AF2rank59.pdb,results/PTP1B/02_template_guided_docking/complexes/PTP1B_59_complex.pdb,/home/wms/AF2-test/AF2-CatGraph/data/PTP1B/02_templates/template.pdb,/home/wms/AF2-test/AF2-CatGraph/data/PTP1B/02_templates/ligand.pdb,results/PTP1B/02_template_guided_docking/tables/PTP1B_step02_ligand_order_manifest.csv,/home/wms/AF2-test/AF2-CatGraph/data/PTP1B/02_templates/ligand.pdb,LIG,untrimmed_input,1,17,standard,dock_py_exact,True,single_chain_same_length_same_ordered_sequence,299,1.0,1.0,,passed,,2442,17,6,1.2363691944926267,2.30306107691596,2.30306107691596,10,True,"(0.0, 0.0, 0.0)",collision_py_exact,5.0
61,PTP1B_61,PTP1B_61_complex.pdb,PTP1B,61,PTP1B.AF2rank61.pdb,PTP1B.AF2rank61,/home/wms/AF2-test/AF2-CatGraph/data/PTP1B/01_af2_new/PTP1B.AF2rank61.pdb,results/PTP1B/02_template_guided_docking/complexes/PTP1B_61_complex.pdb,/home/wms/AF2-test/AF2-CatGraph/data/PTP1B/02_templates/template.pdb,/home/wms/AF2-test/AF2-CatGraph/data/PTP1B/02_templates/ligand.pdb,results/PTP1B/02_template_guided_docking/tables/PTP1B_step02_ligand_order_manifest.csv,/home/wms/AF2-test/AF2-CatGraph/data/PTP1B/02_templates/ligand.pdb,LIG,untrimmed_input,1,17,standard,dock_py_exact,True,single_chain_same_length_same_ordered_sequence,299,1.0,1.0,,passed,,2442,17,8,1.3341449872140099,2.1765368433314998,2.1765368433314998,10,True,"(0.0, 0.0, 0.0)",collision_py_exact,5.0
62,PTP1B_62,PTP1B_62_complex.pdb,PTP1B,62,PTP1B.AF2rank62.pdb,PTP1B.AF2rank62,/home/wms/AF2-test/AF2-CatGraph/data/PTP1B/01_af2_new/PTP1B.AF2rank62.pdb,results/PTP1B/02_template_guided_docking/complexes/PTP1B_62_complex.pdb,/home/wms/AF2-test/AF2-CatGraph/data/PTP1B/02_templates/template.pdb,/home/wms/AF2-test/AF2-CatGraph/data/PTP1B/02_templates/ligand.pdb,results/PTP1B/02_template_guided_docking/tables/PTP1B_step02_ligand_order_manifest.csv,/home/wms/AF2-test/AF2-CatGraph/data/PTP1B/02_templates/ligand.pdb,LIG,untrimmed_input,1,17,standard,dock_py_exact,True,single_chain_same_length_same_ordered_sequence,299,1.0,1.0,,passed,,2442,17,4,1.4842106647748898,2.0744780786939105,2.0744780786939105,10,True,"(0.0, 0.0, 0.0)",collision_py_exact,5.0
63,PTP1B_63,PTP1B_63_complex.pdb,PTP1B,63,PTP1B.AF2rank63.pdb,PTP1B.AF2rank63,/home/wms/AF2-test/AF2-CatGraph/data/PTP1B/01_af2_new/PTP1B.AF2rank63.pdb,results/PTP1B/02_template_guided_docking/complexes/PTP1B_63_complex.pdb,/home/wms/AF2-test/AF2-CatGraph/data/PTP1B/02_templates/template.pdb,/home/wms/AF2-test/AF2-CatGraph/data/PTP1B/02_templates/ligand.pdb,results/PTP1B/02_template_guided_docking/tables/PTP1B_step02_ligand_order_manifest.csv,/home/wms/AF2-test/AF2-CatGraph/data/PTP1B/02_templates/ligand.pdb,LIG,untrimmed_input,1,17,standard,dock_py_exact,True,single_chain_same_length_same_ordered_sequence,299,1.0,1.0,,passed,,2442,17,9,2.407232704391085,2.136170059219224,2.136170059219224,10,True,"(0.0, 0.0, 0.0)",collision_py_exact,5.0
64,PTP1B_64,PTP1B_64_complex.pdb,PTP1B,64,PTP1B.AF2rank64.pdb,PTP1B.AF2rank64,/home/wms/AF2-test/AF2-CatGraph/data/PTP1B/01_af2_new/PTP1B.AF2rank64.pdb,results/PTP1B/02_template_guided_docking/complexes/PTP1B_64_complex.pdb,/home/wms/AF2-test/AF2-CatGraph/data/PTP1B/02_templates/template.pdb,/home/wms/AF2-test/AF2-CatGraph/data/PTP1B/02_templates/ligand.pdb,results/PTP1B/02_template_guided_docking/tables/PTP1B_step02_ligand_order_manifest.csv,/home/wms/AF2-test/AF2-CatGraph/data/PTP1B/02_templates/ligand.pdb,LIG,untrimmed_input,1,17,standard,dock_py_exact,True,single_chain_same_length_same_ordered_sequence,299,1.0,1.0,,passed,,2442,17,6,1.666435062703528,2.1844566830711893,2.1844566830711893,10,True,"(0.0, 0.0, 0.0)",collision_py_exact,5.0
65,PTP1B_65,PTP1B_65_complex.pdb,PTP1B,65,PTP1B.AF2rank65.pdb,PTP1B.AF2rank65,/home/wms/AF2-test/AF2-CatGraph/data/PTP1B/01_af2_new/PTP1B.AF2rank65.pdb,results/PTP1B/02_template_guided_docking/complexes/PTP1B_65_complex.pdb,/home/wms/AF2-test/AF2-CatGraph/data/PTP1B/02_templates/template.pdb,/home/wms/AF2-test/AF2-CatGraph/data/PTP1B/02_templates/ligand.pdb,results/PTP1B/02_template_guided_docking/tables/PTP1B_step02_ligand_order_manifest.csv,/home/wms/AF2-test/AF2-CatGraph/data/PTP1B/02_templates/ligand.pdb,LIG,untrimmed_input,1,17,standard,dock_py_exact,True,single_chain_same_length_same_ordered_sequence,299,1.0,1.0,,passed,,2442,17,6,0.9701292143554476,2.299676908835869,2.299676908835869,10,True,"(0.0, 0.0, 0.0)",collision_py_exact,5.0
66,PTP1B_66,PTP1B_66_complex.pdb,PTP1B,66,PTP1B.AF2rank66.pdb,PTP1B.AF2rank66,/home/wms/AF2-test/AF2-CatGraph/data/PTP1B/01_af2_new/PTP1B.AF2rank66.pdb,results/PTP1B/02_template_guided_docking/complexes/PTP1B_66_complex.pdb,/home/wms/AF2-test/AF2-CatGraph/data/PTP1B/02_templates/template.pdb,/home/wms/AF2-test/AF2-CatGraph/data/PTP1B/02_templates/ligand.pdb,results/PTP1B/02_template_guided_docking/tables/PTP1B_step02_ligand_order_manifest.csv,/home/wms/AF2-test/AF2-CatGraph/data/PTP1B/02_templates/ligand.pdb,LIG,untrimmed_input,1,17,standard,dock_py_exact,True,single_chain_same_length_same_ordered_sequence,299,1.0,1.0,,passed,,2442,17,3,0.7896343749678385,2.264227450325606,2.264227450325606,10,True,"(0.0, 0.0, 0.0)",collision_py_exact,5.0
67,PTP1B_67,PTP1B_67_complex.pdb,PTP1B,67,PTP1B.AF2rank67.pdb,PTP1B.AF2rank67,/home/wms/AF2-test/AF2-CatGraph/data/PTP1B/01_af2_new/PTP1B.AF2rank67.pdb,results/PTP1B/02_template_guided_docking/complexes/PTP1B_67_complex.pdb,/home/wms/AF2-test/AF2-CatGraph/data/PTP1B/02_templates/template.pdb,/home/wms/AF2-test/AF2-CatGraph/data/PTP1B/02_templates/ligand.pdb,results/PTP1B/02_template_guided_docking/tables/PTP1B_step02_ligand_order_manifest.csv,/home/wms/AF2-test/AF2-CatGraph/data/PTP1B/02_templates/ligand.pdb,LIG,untrimmed_input,1,17,standard,dock_py_exact,True,single_chain_same_length_same_ordered_sequence,299,1.0,1.0,,passed,,2442,17,6,0.8671833950448815,2.268244883215065,2.268244883215065,10,True,"(0.0, 0.0, 0.0)",collision_py_exact,5.0
68,PTP1B_68,PTP1B_68_complex.pdb,PTP1B,68,PTP1B.AF2rank68.pdb,PTP1B.AF2rank68,/home/wms/AF2-test/AF2-CatGraph/data/PTP1B/01_af2_new/PTP1B.AF2rank68.pdb,results/PTP1B/02_template_guided_docking/complexes/PTP1B_68_complex.pdb,/home/wms/AF2-test/AF2-CatGraph/data/PTP1B/02_templates/template.pdb,/home/wms/AF2-test/AF2-CatGraph/data/PTP1B/02_templates/ligand.pdb,results/PTP1B/02_template_guided_docking/tables/PTP1B_step02_ligand_order_manifest.csv,/home/wms/AF2-test/AF2-CatGraph/data/PTP1B/02_templates/ligand.pdb,LIG,untrimmed_input,1,17,standard,dock_py_exact,True,single_chain_same_length_same_ordered_sequence,299,1.0,1.0,,passed,,2442,17,7,1.9922489124110556,2.0416296646195065,2.0416296646195065,10,True,"(0.0, 0.0, 0.0)",collision_py_exact,5.0
69,PTP1B_69,PTP1B_69_complex.pdb,PTP1B,69,PTP1B.AF2rank69.pdb,PTP1B.AF2rank69,/home/wms/AF2-test/AF2-CatGraph/data/PTP1B/01_af2_new/PTP1B.AF2rank69.pdb,results/PTP1B/02_template_guided_docking/complexes/PTP1B_69_complex.pdb,/home/wms/AF2-test/AF2-CatGraph/data/PTP1B/02_templates/template.pdb,/home/wms/AF2-test/AF2-CatGraph/data/PTP1B/02_templates/ligand.pdb,results/PTP1B/02_template_guided_docking/tables/PTP1B_step02_ligand_order_manifest.csv,/home/wms/AF2-test/AF2-CatGraph/data/PTP1B/02_templates/ligand.pdb,LIG,untrimmed_input,1,17,standard,dock_py_exact,True,single_chain_same_length_same_ordered_sequence,299,1.0,1.0,,passed,,2442,17,6,1.347883313757245,2.163242787691208,2.163242787691208,10,True,"(0.0, 0.0, 0.0)",collision_py_exact,5.0
70,PTP1B_70,PTP1B_70_complex.pdb,PTP1B,70,PTP1B.AF2rank70.pdb,PTP1B.AF2rank70,/home/wms/AF2-test/AF2-CatGraph/data/PTP1B/01_af2_new/PTP1B.AF2rank70.pdb,results/PTP1B/02_template_guided_docking/complexes/PTP1B_70_complex.pdb,/home/wms/AF2-test/AF2-CatGraph/data/PTP1B/02_templates/template.pdb,/home/wms/AF2-test/AF2-CatGraph/data/PTP1B/02_templates/ligand.pdb,results/PTP1B/02_template_guided_docking/tables/PTP1B_step02_ligand_order_manifest.csv,/home/wms/AF2-test/AF2-CatGraph/data/PTP1B/02_templates/ligand.pdb,LIG,untrimmed_input,1,17,standard,dock_py_exact,True,single_chain_same_length_same_ordered_sequence,299,1.0,1.0,,passed,,2442,17,7,1.1824217249873898,2.1333797054454404,2.1333797054454404,10,True,"(0.0, 0.0, 0.0)",collision_py_exact,5.0
71,PTP1B_71,PTP1B_71_complex.pdb,PTP1B,71,PTP1B.AF2rank71.pdb,PTP1B.AF2rank71,/home/wms/AF2-test/AF2-CatGraph/data/PTP1B/01_af2_new/PTP1B.AF2rank71.pdb,results/PTP1B/02_template_guided_docking/complexes/PTP1B_71_complex.pdb,/home/wms/AF2-test/AF2-CatGraph/data/PTP1B/02_templates/template.pdb,/home/wms/AF2-test/AF2-CatGraph/data/PTP1B/02_templates/ligand.pdb,results/PTP1B/02_template_guided_docking/tables/PTP1B_step02_ligand_order_manifest.csv,/home/wms/AF2-test/AF2-CatGraph/data/PTP1B/02_templates/ligand.pdb,LIG,untrimmed_input,1,17,standard,dock_py_exact,True,single_chain_same_length_same_ordered_sequence,299,1.0,1.0,,passed,,2442,17,6,1.3148308978828012,2.166150097586475,2.166150097586475,10,True,"(0.0, 0.0, 0.0)",collision_py_exact,5.0
72,PTP1B_72,PTP1B_72_complex.pdb,PTP1B,72,PTP1B.AF2rank72.pdb,PTP1B.AF2rank72,/home/wms/AF2-test/AF2-CatGraph/data/PTP1B/01_af2_new/PTP1B.AF2rank72.pdb,results/PTP1B/02_template_guided_docking/complexes/PTP1B_72_complex.pdb,/home/wms/AF2-test/AF2-CatGraph/data/PTP1B/02_templates/template.pdb,/home/wms/AF2-test/AF2-CatGraph/data/PTP1B/02_templates/ligand.pdb,results/PTP1B/02_template_guided_docking/tables/PTP1B_step02_ligand_order_manifest.csv,/home/wms/AF2-test/AF2-CatGraph/data/PTP1B/02_templates/ligand.pdb,LIG,untrimmed_input,1,17,standard,dock_py_exact,True,single_chain_same_length_same_ordered_sequence,299,1.0,1.0,,passed,,2442,17,6,1.6349681448526785,2.1271740200951625,2.1271740200951625,10,True,"(0.0, 0.0, 0.0)",collision_py_exact,5.0
73,PTP1B_73,PTP1B_73_complex.pdb,PTP1B,73,PTP1B.AF2rank73.pdb,PTP1B.AF2rank73,/home/wms/AF2-test/AF2-CatGraph/data/PTP1B/01_af2_new/PTP1B.AF2rank73.pdb,results/PTP1B/02_template_guided_docking/complexes/PTP1B_73_complex.pdb,/home/wms/AF2-test/AF2-CatGraph/data/PTP1B/02_templates/template.pdb,/home/wms/AF2-test/AF2-CatGraph/data/PTP1B/02_templates/ligand.pdb,results/PTP1B/02_template_guided_docking/tables/PTP1B_step02_ligand_order_manifest.csv,/home/wms/AF2-test/AF2-CatGraph/data/PTP1B/02_templates/ligand.pdb,LIG,untrimmed_input,1,17,standard,dock_py_exact,True,single_chain_same_length_same_ordered_sequence,299,1.0,1.0,,passed,,2442,17,6,1.7510503565100897,2.2287159490580692,2.2287159490580692,10,True,"(0.0, 0.0, 0.0)",collision_py_exact,5.0
74,PTP1B_74,PTP1B_74_complex.pdb,PTP1B,74,PTP1B.AF2rank74.pdb,PTP1B.AF2rank74,/home/wms/AF2-test/AF2-CatGraph/data/PTP1B/01_af2_new/PTP1B.AF2rank74.pdb,results/PTP1B/02_template_guided_docking/complexes/PTP1B_74_complex.pdb,/home/wms/AF2-test/AF2-CatGraph/data/PTP1B/02_templates/template.pdb,/home/wms/AF2-test/AF2-CatGraph/data/PTP1B/02_templates/ligand.pdb,results/PTP1B/02_template_guided_docking/tables/PTP1B_step02_ligand_order_manifest.csv,/home/wms/AF2-test/AF2-CatGraph/data/PTP1B/02_templates/ligand.pdb,LIG,untrimmed_input,1,17,standard,dock_py_exact,True,single_chain_same_length_same_ordered_sequence,299,1.0,1.0,,passed,,2442,17,9,1.6965821684525877,2.0509124559164,2.0509124559164,10,True,"(0.0, 0.0, 0.0)",collision_py_exact,5.0
75,PTP1B_75,PTP1B_75_complex.pdb,PTP1B,75,PTP1B.AF2rank75.pdb,PTP1B.AF2rank75,/home/wms/AF2-test/AF2-CatGraph/data/PTP1B/01_af2_new/PTP1B.AF2rank75.pdb,results/PTP1B/02_template_guided_docking/complexes/PTP1B_75_complex.pdb,/home/wms/AF2-test/AF2-CatGraph/data/PTP1B/02_templates/template.pdb,/home/wms/AF2-test/AF2-CatGraph/data/PTP1B/02_templates/ligand.pdb,results/PTP1B/02_template_guided_docking/tables/PTP1B_step02_ligand_order_manifest.csv,/home/wms/AF2-test/AF2-CatGraph/data/PTP1B/02_templates/ligand.pdb,LIG,untrimmed_input,1,17,standard,dock_py_exact,True,single_chain_same_length_same_ordered_sequence,299,1.0,1.0,,passed,,2442,17,4,1.1422440106249954,2.2877631760557096,2.2877631760557096,10,True,"(0.0, 0.0, 0.0)",collision_py_exact,5.0
76,PTP1B_76,PTP1B_76_complex.pdb,PTP1B,76,PTP1B.AF2rank76.pdb,PTP1B.AF2rank76,/home/wms/AF2-test/AF2-CatGraph/data/PTP1B/01_af2_new/PTP1B.AF2rank76.pdb,results/PTP1B/02_template_guided_docking/complexes/PTP1B_76_complex.pdb,/home/wms/AF2-test/AF2-CatGraph/data/PTP1B/02_templates/template.pdb,/home/wms/AF2-test/AF2-CatGraph/data/PTP1B/02_templates/ligand.pdb,results/PTP1B/02_template_guided_docking/tables/PTP1B_step02_ligand_order_manifest.csv,/home/wms/AF2-test/AF2-CatGraph/data/PTP1B/02_templates/ligand.pdb,LIG,untrimmed_input,1,17,standard,dock_py_exact,True,single_chain_same_length_same_ordered_sequence,299,1.0,1.0,,passed,,2442,17,4,0.6167224578412438,2.2031199194642146,2.2031199194642146,10,True,"(0.0, 0.0, 0.0)",collision_py_exact,5.0
77,PTP1B_77,PTP1B_77_complex.pdb,PTP1B,77,PTP1B.AF2rank77.pdb,PTP1B.AF2rank77,/home/wms/AF2-test/AF2-CatGraph/data/PTP1B/01_af2_new/PTP1B.AF2rank77.pdb,results/PTP1B/02_template_guided_docking/complexes/PTP1B_77_complex.pdb,/home/wms/AF2-test/AF2-CatGraph/data/PTP1B/02_templates/template.pdb,/home/wms/AF2-test/AF2-CatGraph/data/PTP1B/02_templates/ligand.pdb,results/PTP1B/02_template_guided_docking/tables/PTP1B_step02_ligand_order_manifest.csv,/home/wms/AF2-test/AF2-CatGraph/data/PTP1B/02_templates/ligand.pdb,LIG,untrimmed_input,1,17,standard,dock_py_exact,True,single_chain_same_length_same_ordered_sequence,299,1.0,1.0,,passed,,2442,17,4,0.7724037174267351,2.2208592955545936,2.2208592955545936,10,True,"(0.0, 0.0, 0.0)",collision_py_exact,5.0
78,PTP1B_78,PTP1B_78_complex.pdb,PTP1B,78,PTP1B.AF2rank78.pdb,PTP1B.AF2rank78,/home/wms/AF2-test/AF2-CatGraph/data/PTP1B/01_af2_new/PTP1B.AF2rank78.pdb,results/PTP1B/02_template_guided_docking/complexes/PTP1B_78_complex.pdb,/home/wms/AF2-test/AF2-CatGraph/data/PTP1B/02_templates/template.pdb,/home/wms/AF2-test/AF2-CatGraph/data/PTP1B/02_templates/ligand.pdb,results/PTP1B/02_template_guided_docking/tables/PTP1B_step02_ligand_order_manifest.csv,/home/wms/AF2-test/AF2-CatGraph/data/PTP1B/02_templates/ligand.pdb,LIG,untrimmed_input,1,17,standard,dock_py_exact,True,single_chain_same_length_same_ordered_sequence,299,1.0,1.0,,passed,,2442,17,9,2.4277880038857997,2.189822332674367,2.189822332674367,10,True,"(0.0, 0.0, 0.0)",collision_py_exact,5.0
79,PTP1B_79,PTP1B_79_complex.pdb,PTP1B,79,PTP1B.AF2rank79.pdb,PTP1B.AF2rank79,/home/wms/AF2-test/AF2-CatGraph/data/PTP1B/01_af2_new/PTP1B.AF2rank79.pdb,results/PTP1B/02_template_guided_docking/complexes/PTP1B_79_complex.pdb,/home/wms/AF2-test/AF2-CatGraph/data/PTP1B/02_templates/template.pdb,/home/wms/AF2-test/AF2-CatGraph/data/PTP1B/02_templates/ligand.pdb,results/PTP1B/02_template_guided_docking/tables/PTP1B_step02_ligand_order_manifest.csv,/home/wms/AF2-test/AF2-CatGraph/data/PTP1B/02_templates/ligand.pdb,LIG,untrimmed_input,1,17,standard,dock_py_exact,True,single_chain_same_length_same_ordered_sequence,299,1.0,1.0,,passed,,2442,17,9,1.9449972863712635,2.189541005201218,2.189541005201218,10,True,"(0.0, 0.0, 0.0)",collision_py_exact,5.0
80,PTP1B_80,PTP1B_80_complex.pdb,PTP1B,80,PTP1B.AF2rank80.pdb,PTP1B.AF2rank80,/home/wms/AF2-test/AF2-CatGraph/data/PTP1B/01_af2_new/PTP1B.AF2rank80.pdb,results/PTP1B/02_template_guided_docking/complexes/PTP1B_80_complex.pdb,/home/wms/AF2-test/AF2-CatGraph/data/PTP1B/02_templates/template.pdb,/home/wms/AF2-test/AF2-CatGraph/data/PTP1B/02_templates/ligand.pdb,results/PTP1B/02_template_guided_docking/tables/PTP1B_step02_ligand_order_manifest.csv,/home/wms/AF2-test/AF2-CatGraph/data/PTP1B/02_templates/ligand.pdb,LIG,untrimmed_input,1,17,standard,dock_py_exact,True,single_chain_same_length_same_ordered_sequence,299,1.0,1.0,,passed,,2442,17,5,1.6948626625191467,2.051511193673799,2.051511193673799,10,True,"(0.0, 0.0, 0.0)",collision_py_exact,5.0
81,PTP1B_81,PTP1B_81_complex.pdb,PTP1B,81,PTP1B.AF2rank81.pdb,PTP1B.AF2rank81,/home/wms/AF2-test/AF2-CatGraph/data/PTP1B/01_af2_new/PTP1B.AF2rank81.pdb,results/PTP1B/02_template_guided_docking/complexes/PTP1B_81_complex.pdb,/home/wms/AF2-test/AF2-CatGraph/data/PTP1B/02_templates/template.pdb,/home/wms/AF2-test/AF2-CatGraph/data/PTP1B/02_templates/ligand.pdb,results/PTP1B/02_template_guided_docking/tables/PTP1B_step02_ligand_order_manifest.csv,/home/wms/AF2-test/AF2-CatGraph/data/PTP1B/02_templates/ligand.pdb,LIG,untrimmed_input,1,17,standard,dock_py_exact,True,single_chain_same_length_same_ordered_sequence,299,1.0,1.0,,passed,,2442,17,6,1.9913245259734143,2.049473348750958,2.049473348750958,10,True,"(0.0, 0.0, 0.0)",collision_py_exact,5.0
82,PTP1B_82,PTP1B_82_complex.pdb,PTP1B,82,PTP1B.AF2rank82.pdb,PTP1B.AF2rank82,/home/wms/AF2-test/AF2-CatGraph/data/PTP1B/01_af2_new/PTP1B.AF2rank82.pdb,results/PTP1B/02_template_guided_docking/complexes/PTP1B_82_complex.pdb,/home/wms/AF2-test/AF2-CatGraph/data/PTP1B/02_templates/template.pdb,/home/wms/AF2-test/AF2-CatGraph/data/PTP1B/02_templates/ligand.pdb,results/PTP1B/02_template_guided_docking/tables/PTP1B_step02_ligand_order_manifest.csv,/home/wms/AF2-test/AF2-CatGraph/data/PTP1B/02_templates/ligand.pdb,LIG,untrimmed_input,1,17,standard,dock_py_exact,True,single_chain_same_length_same_ordered_sequence,299,1.0,1.0,,passed,,2442,17,5,1.2593801897912882,2.182298525558953,2.182298525558953,10,True,"(0.0, 0.0, 0.0)",collision_py_exact,5.0
83,PTP1B_83,PTP1B_83_complex.pdb,PTP1B,83,PTP1B.AF2rank83.pdb,PTP1B.AF2rank83,/home/wms/AF2-test/AF2-CatGraph/data/PTP1B/01_af2_new/PTP1B.AF2rank83.pdb,results/PTP1B/02_template_guided_docking/complexes/PTP1B_83_complex.pdb,/home/wms/AF2-test/AF2-CatGraph/data/PTP1B/02_templates/template.pdb,/home/wms/AF2-test/AF2-CatGraph/data/PTP1B/02_templates/ligand.pdb,results/PTP1B/02_template_guided_docking/tables/PTP1B_step02_ligand_order_manifest.csv,/home/wms/AF2-test/AF2-CatGraph/data/PTP1B/02_templates/ligand.pdb,LIG,untrimmed_input,1,17,standard,dock_py_exact,True,single_chain_same_length_same_ordered_sequence,299,1.0,1.0,,passed,,2442,17,6,1.4928723567722457,2.1811990887614066,2.1811990887614066,10,True,"(0.0, 0.0, 0.0)",collision_py_exact,5.0
84,PTP1B_84,PTP1B_84_complex.pdb,PTP1B,84,PTP1B.AF2rank84.pdb,PTP1B.AF2rank84,/home/wms/AF2-test/AF2-CatGraph/data/PTP1B/01_af2_new/PTP1B.AF2rank84.pdb,results/PTP1B/02_template_guided_docking/complexes/PTP1B_84_complex.pdb,/home/wms/AF2-test/AF2-CatGraph/data/PTP1B/02_templates/template.pdb,/home/wms/AF2-test/AF2-CatGraph/data/PTP1B/02_templates/ligand.pdb,results/PTP1B/02_template_guided_docking/tables/PTP1B_step02_ligand_order_manifest.csv,/home/wms/AF2-test/AF2-CatGraph/data/PTP1B/02_templates/ligand.pdb,LIG,untrimmed_input,1,17,standard,dock_py_exact,True,single_chain_same_length_same_ordered_sequence,299,1.0,1.0,,passed,,2442,17,7,0.8827646503514086,2.405400113387098,2.405400113387098,10,True,"(0.0, 0.0, 0.0)",collision_py_exact,5.0
85,PTP1B_85,PTP1B_85_complex.pdb,PTP1B,85,PTP1B.AF2rank85.pdb,PTP1B.AF2rank85,/home/wms/AF2-test/AF2-CatGraph/data/PTP1B/01_af2_new/PTP1B.AF2rank85.pdb,results/PTP1B/02_template_guided_docking/complexes/PTP1B_85_complex.pdb,/home/wms/AF2-test/AF2-CatGraph/data/PTP1B/02_templates/template.pdb,/home/wms/AF2-test/AF2-CatGraph/data/PTP1B/02_templates/ligand.pdb,results/PTP1B/02_template_guided_docking/tables/PTP1B_step02_ligand_order_manifest.csv,/home/wms/AF2-test/AF2-CatGraph/data/PTP1B/02_templates/ligand.pdb,LIG,untrimmed_input,1,17,standard,dock_py_exact,True,single_chain_same_length_same_ordered_sequence,299,1.0,1.0,,passed,,2442,17,6,1.5539115254686435,2.1568317641625074,2.1568317641625074,10,True,"(0.0, 0.0, 0.0)",collision_py_exact,5.0
86,PTP1B_86,PTP1B_86_complex.pdb,PTP1B,86,PTP1B.AF2rank86.pdb,PTP1B.AF2rank86,/home/wms/AF2-test/AF2-CatGraph/data/PTP1B/01_af2_new/PTP1B.AF2rank86.pdb,results/PTP1B/02_template_guided_docking/complexes/PTP1B_86_complex.pdb,/home/wms/AF2-test/AF2-CatGraph/data/PTP1B/02_templates/template.pdb,/home/wms/AF2-test/AF2-CatGraph/data/PTP1B/02_templates/ligand.pdb,results/PTP1B/02_template_guided_docking/tables/PTP1B_step02_ligand_order_manifest.csv,/home/wms/AF2-test/AF2-CatGraph/data/PTP1B/02_templates/ligand.pdb,LIG,untrimmed_input,1,17,standard,dock_py_exact,True,single_chain_same_length_same_ordered_sequence,299,1.0,1.0,,passed,,2442,17,4,1.0510894983404189,2.258193236008515,2.258193236008515,10,True,"(0.0, 0.0, 0.0)",collision_py_exact,5.0
87,PTP1B_87,PTP1B_87_complex.pdb,PTP1B,87,PTP1B.AF2rank87.pdb,PTP1B.AF2rank87,/home/wms/AF2-test/AF2-CatGraph/data/PTP1B/01_af2_new/PTP1B.AF2rank87.pdb,results/PTP1B/02_template_guided_docking/complexes/PTP1B_87_complex.pdb,/home/wms/AF2-test/AF2-CatGraph/data/PTP1B/02_templates/template.pdb,/home/wms/AF2-test/AF2-CatGraph/data/PTP1B/02_templates/ligand.pdb,results/PTP1B/02_template_guided_docking/tables/PTP1B_step02_ligand_order_manifest.csv,/home/wms/AF2-test/AF2-CatGraph/data/PTP1B/02_templates/ligand.pdb,LIG,untrimmed_input,1,17,standard,dock_py_exact,True,single_chain_same_length_same_ordered_sequence,299,1.0,1.0,,passed,,2442,17,7,1.1917681367967088,2.198590696635174,2.198590696635174,10,True,"(0.0, 0.0, 0.0)",collision_py_exact,5.0
88,PTP1B_88,PTP1B_88_complex.pdb,PTP1B,88,PTP1B.AF2rank88.pdb,PTP1B.AF2rank88,/home/wms/AF2-test/AF2-CatGraph/data/PTP1B/01_af2_new/PTP1B.AF2rank88.pdb,results/PTP1B/02_template_guided_docking/complexes/PTP1B_88_complex.pdb,/home/wms/AF2-test/AF2-CatGraph/data/PTP1B/02_templates/template.pdb,/home/wms/AF2-test/AF2-CatGraph/data/PTP1B/02_templates/ligand.pdb,results/PTP1B/02_template_guided_docking/tables/PTP1B_step02_ligand_order_manifest.csv,/home/wms/AF2-test/AF2-CatGraph/data/PTP1B/02_templates/ligand.pdb,LIG,untrimmed_input,1,17,standard,dock_py_exact,True,single_chain_same_length_same_ordered_sequence,299,1.0,1.0,,passed,,2442,17,4,0.5692281598670763,2.4447864872045306,2.4447864872045306,10,True,"(0.0, 0.0, 0.0)",collision_py_exact,5.0
89,PTP1B_89,PTP1B_89_complex.pdb,PTP1B,89,PTP1B.AF2rank89.pdb,PTP1B.AF2rank89,/home/wms/AF2-test/AF2-CatGraph/data/PTP1B/01_af2_new/PTP1B.AF2rank89.pdb,results/PTP1B/02_template_guided_docking/complexes/PTP1B_89_complex.pdb,/home/wms/AF2-test/AF2-CatGraph/data/PTP1B/02_templates/template.pdb,/home/wms/AF2-test/AF2-CatGraph/data/PTP1B/02_templates/ligand.pdb,results/PTP1B/02_template_guided_docking/tables/PTP1B_step02_ligand_order_manifest.csv,/home/wms/AF2-test/AF2-CatGraph/data/PTP1B/02_templates/ligand.pdb,LIG,untrimmed_input,1,17,standard,dock_py_exact,True,single_chain_same_length_same_ordered_sequence,299,1.0,1.0,,passed,,2442,17,8,1.8971804841049842,2.1434392360940318,2.1434392360940318,10,True,"(0.0, 0.0, 0.0)",collision_py_exact,5.0
90,PTP1B_90,PTP1B_90_complex.pdb,PTP1B,90,PTP1B.AF2rank90.pdb,PTP1B.AF2rank90,/home/wms/AF2-test/AF2-CatGraph/data/PTP1B/01_af2_new/PTP1B.AF2rank90.pdb,results/PTP1B/02_template_guided_docking/complexes/PTP1B_90_complex.pdb,/home/wms/AF2-test/AF2-CatGraph/data/PTP1B/02_templates/template.pdb,/home/wms/AF2-test/AF2-CatGraph/data/PTP1B/02_templates/ligand.pdb,results/PTP1B/02_template_guided_docking/tables/PTP1B_step02_ligand_order_manifest.csv,/home/wms/AF2-test/AF2-CatGraph/data/PTP1B/02_templates/ligand.pdb,LIG,untrimmed_input,1,17,standard,dock_py_exact,True,single_chain_same_length_same_ordered_sequence,299,1.0,1.0,,passed,,2442,17,5,0.9801833112274738,2.2330988286627185,2.2330988286627185,10,True,"(0.0, 0.0, 0.0)",collision_py_exact,5.0
91,PTP1B_91,PTP1B_91_complex.pdb,PTP1B,91,PTP1B.AF2rank91.pdb,PTP1B.AF2rank91,/home/wms/AF2-test/AF2-CatGraph/data/PTP1B/01_af2_new/PTP1B.AF2rank91.pdb,results/PTP1B/02_template_guided_docking/complexes/PTP1B_91_complex.pdb,/home/wms/AF2-test/AF2-CatGraph/data/PTP1B/02_templates/template.pdb,/home/wms/AF2-test/AF2-CatGraph/data/PTP1B/02_templates/ligand.pdb,results/PTP1B/02_template_guided_docking/tables/PTP1B_step02_ligand_order_manifest.csv,/home/wms/AF2-test/AF2-CatGraph/data/PTP1B/02_templates/ligand.pdb,LIG,untrimmed_input,1,17,standard,dock_py_exact,True,single_chain_same_length_same_ordered_sequence,299,1.0,1.0,,passed,,2442,17,4,0.9599409042119493,2.2300801830177397,2.2300801830177397,10,True,"(0.0, 0.0, 0.0)",collision_py_exact,5.0
92,PTP1B_92,PTP1B_92_complex.pdb,PTP1B,92,PTP1B.AF2rank92.pdb,PTP1B.AF2rank92,/home/wms/AF2-test/AF2-CatGraph/data/PTP1B/01_af2_new/PTP1B.AF2rank92.pdb,results/PTP1B/02_template_guided_docking/complexes/PTP1B_92_complex.pdb,/home/wms/AF2-test/AF2-CatGraph/data/PTP1B/02_templates/template.pdb,/home/wms/AF2-test/AF2-CatGraph/data/PTP1B/02_templates/ligand.pdb,results/PTP1B/02_template_guided_docking/tables/PTP1B_step02_ligand_order_manifest.csv,/home/wms/AF2-test/AF2-CatGraph/data/PTP1B/02_templates/ligand.pdb,LIG,untrimmed_input,1,17,standard,dock_py_exact,True,single_chain_same_length_same_ordered_sequence,299,1.0,1.0,,passed,,2442,17,7,1.106637743935365,2.2072038198123747,2.2072038198123747,10,True,"(0.0, 0.0, 0.0)",collision_py_exact,5.0
93,PTP1B_93,PTP1B_93_complex.pdb,PTP1B,93,PTP1B.AF2rank93.pdb,PTP1B.AF2rank93,/home/wms/AF2-test/AF2-CatGraph/data/PTP1B/01_af2_new/PTP1B.AF2rank93.pdb,results/PTP1B/02_template_guided_docking/complexes/PTP1B_93_complex.pdb,/home/wms/AF2-test/AF2-CatGraph/data/PTP1B/02_templates/template.pdb,/home/wms/AF2-test/AF2-CatGraph/data/PTP1B/02_templates/ligand.pdb,results/PTP1B/02_template_guided_docking/tables/PTP1B_step02_ligand_order_manifest.csv,/home/wms/AF2-test/AF2-CatGraph/data/PTP1B/02_templates/ligand.pdb,LIG,untrimmed_input,1,17,standard,dock_py_exact,True,single_chain_same_length_same_ordered_sequence,299,1.0,1.0,,passed,,2442,17,10,2.436649393805304,2.0028411372677875,2.0028411372677875,10,True,"(0.0, 0.0, 0.0)",collision_py_exact,5.0
94,PTP1B_94,PTP1B_94_complex.pdb,PTP1B,94,PTP1B.AF2rank94.pdb,PTP1B.AF2rank94,/home/wms/AF2-test/AF2-CatGraph/data/PTP1B/01_af2_new/PTP1B.AF2rank94.pdb,results/PTP1B/02_template_guided_docking/complexes/PTP1B_94_complex.pdb,/home/wms/AF2-test/AF2-CatGraph/data/PTP1B/02_templates/template.pdb,/home/wms/AF2-test/AF2-CatGraph/data/PTP1B/02_templates/ligand.pdb,results/PTP1B/02_template_guided_docking/tables/PTP1B_step02_ligand_order_manifest.csv,/home/wms/AF2-test/AF2-CatGraph/data/PTP1B/02_templates/ligand.pdb,LIG,untrimmed_input,1,17,standard,dock_py_exact,True,single_chain_same_length_same_ordered_sequence,299,1.0,1.0,,passed,,2442,17,4,0.7832422095712617,2.193082213141547,2.193082213141547,10,True,"(0.0, 0.0, 0.0)",collision_py_exact,5.0
95,PTP1B_95,PTP1B_95_complex.pdb,PTP1B,95,PTP1B.AF2rank95.pdb,PTP1B.AF2rank95,/home/wms/AF2-test/AF2-CatGraph/data/PTP1B/01_af2_new/PTP1B.AF2rank95.pdb,results/PTP1B/02_template_guided_docking/complexes/PTP1B_95_complex.pdb,/home/wms/AF2-test/AF2-CatGraph/data/PTP1B/02_templates/template.pdb,/home/wms/AF2-test/AF2-CatGraph/data/PTP1B/02_templates/ligand.pdb,results/PTP1B/02_template_guided_docking/tables/PTP1B_step02_ligand_order_manifest.csv,/home/wms/AF2-test/AF2-CatGraph/data/PTP1B/02_templates/ligand.pdb,LIG,untrimmed_input,1,17,standard,dock_py_exact,True,single_chain_same_length_same_ordered_sequence,299,1.0,1.0,,passed,,2442,17,5,1.4548082943063,2.1488334092645043,2.1488334092645043,10,True,"(0.0, 0.0, 0.0)",collision_py_exact,5.0
96,PTP1B_96,PTP1B_96_complex.pdb,PTP1B,96,PTP1B.AF2rank96.pdb,PTP1B.AF2rank96,/home/wms/AF2-test/AF2-CatGraph/data/PTP1B/01_af2_new/PTP1B.AF2rank96.pdb,results/PTP1B/02_template_guided_docking/complexes/PTP1B_96_complex.pdb,/home/wms/AF2-test/AF2-CatGraph/data/PTP1B/02_templates/template.pdb,/home/wms/AF2-test/AF2-CatGraph/data/PTP1B/02_templates/ligand.pdb,results/PTP1B/02_template_guided_docking/tables/PTP1B_step02_ligand_order_manifest.csv,/home/wms/AF2-test/AF2-CatGraph/data/PTP1B/02_templates/ligand.pdb,LIG,untrimmed_input,1,17,standard,dock_py_exact,True,single_chain_same_length_same_ordered_sequence,299,1.0,1.0,,passed,,2442,17,5,1.0284623611507957,2.2304486496802434,2.2304486496802434,10,True,"(0.0, 0.0, 0.0)",collision_py_exact,5.0
97,PTP1B_97,PTP1B_97_complex.pdb,PTP1B,97,PTP1B.AF2rank97.pdb,PTP1B.AF2rank97,/home/wms/AF2-test/AF2-CatGraph/data/PTP1B/01_af2_new/PTP1B.AF2rank97.pdb,results/PTP1B/02_template_guided_docking/complexes/PTP1B_97_complex.pdb,/home/wms/AF2-test/AF2-CatGraph/data/PTP1B/02_templates/template.pdb,/home/wms/AF2-test/AF2-CatGraph/data/PTP1B/02_templates/ligand.pdb,results/PTP1B/02_template_guided_docking/tables/PTP1B_step02_ligand_order_manifest.csv,/home/wms/AF2-test/AF2-CatGraph/data/PTP1B/02_templates/ligand.pdb,LIG,untrimmed_input,1,17,standard,dock_py_exact,True,single_chain_same_length_same_ordered_sequence,299,1.0,1.0,,passed,,2442,17,4,1.0331551323714767,2.3601029399146816,2.3601029399146816,10,True,"(0.0, 0.0, 0.0)",collision_py_exact,5.0
98,PTP1B_98,PTP1B_98_complex.pdb,PTP1B,98,PTP1B.AF2rank98.pdb,PTP1B.AF2rank98,/home/wms/AF2-test/AF2-CatGraph/data/PTP1B/01_af2_new/PTP1B.AF2rank98.pdb,results/PTP1B/02_template_guided_docking/complexes/PTP1B_98_complex.pdb,/home/wms/AF2-test/AF2-CatGraph/data/PTP1B/02_templates/template.pdb,/home/wms/AF2-test/AF2-CatGraph/data/PTP1B/02_templates/ligand.pdb,results/PTP1B/02_template_guided_docking/tables/PTP1B_step02_ligand_order_manifest.csv,/home/wms/AF2-test/AF2-CatGraph/data/PTP1B/02_templates/ligand.pdb,LIG,untrimmed_input,1,17,standard,dock_py_exact,True,single_chain_same_length_same_ordered_sequence,299,1.0,1.0,,passed,,2442,17,3,0.9995573726485976,2.2241158557850573,2.2241158557850573,10,True,"(0.0, 0.0, 0.0)",collision_py_exact,5.0
99,PTP1B_99,PTP1B_99_complex.pdb,PTP1B,99,PTP1B.AF2rank99.pdb,PTP1B.AF2rank99,/home/wms/AF2-test/AF2-CatGraph/data/PTP1B/01_af2_new/PTP1B.AF2rank99.pdb,results/PTP1B/02_template_guided_docking/complexes/PTP1B_99_complex.pdb,/home/wms/AF2-test/AF2-CatGraph/data/PTP1B/02_templates/template.pdb,/home/wms/AF2-test/AF2-CatGraph/data/PTP1B/02_templates/ligand.pdb,results/PTP1B/02_template_guided_docking/tables/PTP1B_step02_ligand_order_manifest.csv,/home/wms/AF2-test/AF2-CatGraph/data/PTP1B/02_templates/ligand.pdb,LIG,untrimmed_input,1,17,standard,dock_py_exact,True,single_chain_same_length_same_ordered_sequence,299,1.0,1.0,,passed,,2442,17,3,0.5004400520251799,2.498289506700496,2.498289506700496,10,True,"(0.0, 0.0, 0.0)",collision_py_exact,5.0
100,PTP1B_100,PTP1B_100_complex.pdb,PTP1B,100,PTP1B.AF2rank100.pdb,PTP1B.AF2rank100,/home/wms/AF2-test/AF2-CatGraph/data/PTP1B/01_af2_new/PTP1B.AF2rank100.pdb,results/PTP1B/02_template_guided_docking/complexes/PTP1B_100_complex.pdb,/home/wms/AF2-test/AF2-CatGraph/data/PTP1B/02_templates/template.pdb,/home/wms/AF2-test/AF2-CatGraph/data/PTP1B/02_templates/ligand.pdb,results/PTP1B/02_template_guided_docking/tables/PTP1B_step02_ligand_order_manifest.csv,/home/wms/AF2-test/AF2-CatGraph/data/PTP1B/02_templates/ligand.pdb,LIG,untrimmed_input,1,17,standard,dock_py_exact,True,single_chain_same_length_same_ordered_sequence,299,1.0,1.0,,passed,,2442,17,7,1.8507002876345529,2.162363535997994,2.162363535997994,10,True,"(0.0, 0.0, 0.0)",collision_py_exact,5.0
101,PTP1B_101,PTP1B_101_complex.pdb,PTP1B,101,PTP1B.AF2rank101.pdb,PTP1B.AF2rank101,/home/wms/AF2-test/AF2-CatGraph/data/PTP1B/01_af2_new/PTP1B.AF2rank101.pdb,results/PTP1B/02_template_guided_docking/complexes/PTP1B_101_complex.pdb,/home/wms/AF2-test/AF2-CatGraph/data/PTP1B/02_templates/template.pdb,/home/wms/AF2-test/AF2-CatGraph/data/PTP1B/02_templates/ligand.pdb,results/PTP1B/02_template_guided_docking/tables/PTP1B_step02_ligand_order_manifest.csv,/home/wms/AF2-test/AF2-CatGraph/data/PTP1B/02_templates/ligand.pdb,LIG,untrimmed_input,1,17,standard,dock_py_exact,True,single_chain_same_length_same_ordered_sequence,299,1.0,1.0,,passed,,2442,17,5,1.3141551297842127,2.2102010134802366,2.2102010134802366,10,True,"(0.0, 0.0, 0.0)",collision_py_exact,5.0
102,PTP1B_102,PTP1B_102_complex.pdb,PTP1B,102,PTP1B.AF2rank102.pdb,PTP1B.AF2rank102,/home/wms/AF2-test/AF2-CatGraph/data/PTP1B/01_af2_new/PTP1B.AF2rank102.pdb,results/PTP1B/02_template_guided_docking/complexes/PTP1B_102_complex.pdb,/home/wms/AF2-test/AF2-CatGraph/data/PTP1B/02_templates/template.pdb,/home/wms/AF2-test/AF2-CatGraph/data/PTP1B/02_templates/ligand.pdb,results/PTP1B/02_template_guided_docking/tables/PTP1B_step02_ligand_order_manifest.csv,/home/wms/AF2-test/AF2-CatGraph/data/PTP1B/02_templates/ligand.pdb,LIG,untrimmed_input,1,17,standard,dock_py_exact,True,single_chain_same_length_same_ordered_sequence,299,1.0,1.0,,passed,,2442,17,6,1.5949120981184697,2.169415510620938,2.169415510620938,10,True,"(0.0, 0.0, 0.0)",collision_py_exact,5.0
103,PTP1B_103,PTP1B_103_complex.pdb,PTP1B,103,PTP1B.AF2rank103.pdb,PTP1B.AF2rank103,/home/wms/AF2-test/AF2-CatGraph/data/PTP1B/01_af2_new/PTP1B.AF2rank103.pdb,results/PTP1B/02_template_guided_docking/complexes/PTP1B_103_complex.pdb,/home/wms/AF2-test/AF2-CatGraph/data/PTP1B/02_templates/template.pdb,/home/wms/AF2-test/AF2-CatGraph/data/PTP1B/02_templates/ligand.pdb,results/PTP1B/02_template_guided_docking/tables/PTP1B_step02_ligand_order_manifest.csv,/home/wms/AF2-test/AF2-CatGraph/data/PTP1B/02_templates/ligand.pdb,LIG,untrimmed_input,1,17,standard,dock_py_exact,True,single_chain_same_length_same_ordered_sequence,299,1.0,1.0,,passed,,2442,17,7,2.388265871920576,2.037624425999579,2.037624425999579,10,True,"(0.0, 0.0, 0.0)",collision_py_exact,5.0
104,PTP1B_104,PTP1B_104_complex.pdb,PTP1B,104,PTP1B.AF2rank104.pdb,PTP1B.AF2rank104,/home/wms/AF2-test/AF2-CatGraph/data/PTP1B/01_af2_new/PTP1B.AF2rank104.pdb,results/PTP1B/02_template_guided_docking/complexes/PTP1B_104_complex.pdb,/home/wms/AF2-test/AF2-CatGraph/data/PTP1B/02_templates/template.pdb,/home/wms/AF2-test/AF2-CatGraph/data/PTP1B/02_templates/ligand.pdb,results/PTP1B/02_template_guided_docking/tables/PTP1B_step02_ligand_order_manifest.csv,/home/wms/AF2-test/AF2-CatGraph/data/PTP1B/02_templates/ligand.pdb,LIG,untrimmed_input,1,17,standard,dock_py_exact,True,single_chain_same_length_same_ordered_sequence,299,1.0,1.0,,passed,,2442,17,8,1.6771248969528751,2.280282642918443,2.280282642918443,10,True,"(0.0, 0.0, 0.0)",collision_py_exact,5.0
105,PTP1B_105,PTP1B_105_complex.pdb,PTP1B,105,PTP1B.AF2rank105.pdb,PTP1B.AF2rank105,/home/wms/AF2-test/AF2-CatGraph/data/PTP1B/01_af2_new/PTP1B.AF2rank105.pdb,results/PTP1B/02_template_guided_docking/complexes/PTP1B_105_complex.pdb,/home/wms/AF2-test/AF2-CatGraph/data/PTP1B/02_templates/template.pdb,/home/wms/AF2-test/AF2-CatGraph/data/PTP1B/02_templates/ligand.pdb,results/PTP1B/02_template_guided_docking/tables/PTP1B_step02_ligand_order_manifest.csv,/home/wms/AF2-test/AF2-CatGraph/data/PTP1B/02_templates/ligand.pdb,LIG,untrimmed_input,1,17,standard,dock_py_exact,True,single_chain_same_length_same_ordered_sequence,299,1.0,1.0,,passed,,2442,17,7,1.506148593000872,2.054137793540187,2.054137793540187,10,True,"(0.0, 0.0, 0.0)",collision_py_exact,5.0
106,PTP1B_106,PTP1B_106_complex.pdb,PTP1B,106,PTP1B.AF2rank106.pdb,PTP1B.AF2rank106,/home/wms/AF2-test/AF2-CatGraph/data/PTP1B/01_af2_new/PTP1B.AF2rank106.pdb,results/PTP1B/02_template_guided_docking/complexes/PTP1B_106_complex.pdb,/home/wms/AF2-test/AF2-CatGraph/data/PTP1B/02_templates/template.pdb,/home/wms/AF2-test/AF2-CatGraph/data/PTP1B/02_templates/ligand.pdb,results/PTP1B/02_template_guided_docking/tables/PTP1B_step02_ligand_order_manifest.csv,/home/wms/AF2-test/AF2-CatGraph/data/PTP1B/02_templates/ligand.pdb,LIG,untrimmed_input,1,17,standard,dock_py_exact,True,single_chain_same_length_same_ordered_sequence,299,1.0,1.0,,passed,,2442,17,6,1.7800888857923023,2.1832496292907395,2.1832496292907395,10,True,"(0.0, 0.0, 0.0)",collision_py_exact,5.0
107,PTP1B_107,PTP1B_107_complex.pdb,PTP1B,107,PTP1B.AF2rank107.pdb,PTP1B.AF2rank107,/home/wms/AF2-test/AF2-CatGraph/data/PTP1B/01_af2_new/PTP1B.AF2rank107.pdb,results/PTP1B/02_template_guided_docking/complexes/PTP1B_107_complex.pdb,/home/wms/AF2-test/AF2-CatGraph/data/PTP1B/02_templates/template.pdb,/home/wms/AF2-test/AF2-CatGraph/data/PTP1B/02_templates/ligand.pdb,results/PTP1B/02_template_guided_docking/tables/PTP1B_step02_ligand_order_manifest.csv,/home/wms/AF2-test/AF2-CatGraph/data/PTP1B/02_templates/ligand.pdb,LIG,untrimmed_input,1,17,standard,dock_py_exact,True,single_chain_same_length_same_ordered_sequence,299,1.0,1.0,,passed,,2442,17,7,1.731815030100896,2.194772726970127,2.194772726970127,10,True,"(0.0, 0.0, 0.0)",collision_py_exact,5.0
108,PTP1B_108,PTP1B_108_complex.pdb,PTP1B,108,PTP1B.AF2rank108.pdb,PTP1B.AF2rank108,/home/wms/AF2-test/AF2-CatGraph/data/PTP1B/01_af2_new/PTP1B.AF2rank108.pdb,results/PTP1B/02_template_guided_docking/complexes/PTP1B_108_complex.pdb,/home/wms/AF2-test/AF2-CatGraph/data/PTP1B/02_templates/template.pdb,/home/wms/AF2-test/AF2-CatGraph/data/PTP1B/02_templates/ligand.pdb,results/PTP1B/02_template_guided_docking/tables/PTP1B_step02_ligand_order_manifest.csv,/home/wms/AF2-test/AF2-CatGraph/data/PTP1B/02_templates/ligand.pdb,LIG,untrimmed_input,1,17,standard,dock_py_exact,True,single_chain_same_length_same_ordered_sequence,299,1.0,1.0,,passed,,2442,17,9,1.885449399510633,2.0109434632625436,2.0109434632625436,10,True,"(0.0, 0.0, 0.0)",collision_py_exact,5.0
109,PTP1B_109,PTP1B_109_complex.pdb,PTP1B,109,PTP1B.AF2rank109.pdb,PTP1B.AF2rank109,/home/wms/AF2-test/AF2-CatGraph/data/PTP1B/01_af2_new/PTP1B.AF2rank109.pdb,results/PTP1B/02_template_guided_docking/complexes/PTP1B_109_complex.pdb,/home/wms/AF2-test/AF2-CatGraph/data/PTP1B/02_templates/template.pdb,/home/wms/AF2-test/AF2-CatGraph/data/PTP1B/02_templates/ligand.pdb,results/PTP1B/02_template_guided_docking/tables/PTP1B_step02_ligand_order_manifest.csv,/home/wms/AF2-test/AF2-CatGraph/data/PTP1B/02_templates/ligand.pdb,LIG,untrimmed_input,1,17,standard,dock_py_exact,True,single_chain_same_length_same_ordered_sequence,299,1.0,1.0,,passed,,2442,17,9,2.598243550466811,2.0915900304770414,2.0915900304770414,10,True,"(0.0, 0.0, 0.0)",collision_py_exact,5.0
110,PTP1B_110,PTP1B_110_complex.pdb,PTP1B,110,PTP1B.AF2rank110.pdb,PTP1B.AF2rank110,/home/wms/AF2-test/AF2-CatGraph/data/PTP1B/01_af2_new/PTP1B.AF2rank110.pdb,results/PTP1B/02_template_guided_docking/complexes/PTP1B_110_complex.pdb,/home/wms/AF2-test/AF2-CatGraph/data/PTP1B/02_templates/template.pdb,/home/wms/AF2-test/AF2-CatGraph/data/PTP1B/02_templates/ligand.pdb,results/PTP1B/02_template_guided_docking/tables/PTP1B_step02_ligand_order_manifest.csv,/home/wms/AF2-test/AF2-CatGraph/data/PTP1B/02_templates/ligand.pdb,LIG,untrimmed_input,1,17,standard,dock_py_exact,True,single_chain_same_length_same_ordered_sequence,299,1.0,1.0,,passed,,2442,17,3,0.7999580300321361,2.344897691121721,2.344897691121721,10,True,"(0.0, 0.0, 0.0)",collision_py_exact,5.0
111,PTP1B_111,PTP1B_111_complex.pdb,PTP1B,111,PTP1B.AF2rank111.pdb,PTP1B.AF2rank111,/home/wms/AF2-test/AF2-CatGraph/data/PTP1B/01_af2_new/PTP1B.AF2rank111.pdb,results/PTP1B/02_template_guided_docking/complexes/PTP1B_111_complex.pdb,/home/wms/AF2-test/AF2-CatGraph/data/PTP1B/02_templates/template.pdb,/home/wms/AF2-test/AF2-CatGraph/data/PTP1B/02_templates/ligand.pdb,results/PTP1B/02_template_guided_docking/tables/PTP1B_step02_ligand_order_manifest.csv,/home/wms/AF2-test/AF2-CatGraph/data/PTP1B/02_templates/ligand.pdb,LIG,untrimmed_input,1,17,standard,dock_py_exact,True,single_chain_same_length_same_ordered_sequence,299,1.0,1.0,,passed,,2442,17,3,0.95789738649249,2.2228182741088167,2.2228182741088167,10,True,"(0.0, 0.0, 0.0)",collision_py_exact,5.0
112,PTP1B_112,PTP1B_112_complex.pdb,PTP1B,112,PTP1B.AF2rank112.pdb,PTP1B.AF2rank112,/home/wms/AF2-test/AF2-CatGraph/data/PTP1B/01_af2_new/PTP1B.AF2rank112.pdb,results/PTP1B/02_template_guided_docking/complexes/PTP1B_112_complex.pdb,/home/wms/AF2-test/AF2-CatGraph/data/PTP1B/02_templates/template.pdb,/home/wms/AF2-test/AF2-CatGraph/data/PTP1B/02_templates/ligand.pdb,results/PTP1B/02_template_guided_docking/tables/PTP1B_step02_ligand_order_manifest.csv,/home/wms/AF2-test/AF2-CatGraph/data/PTP1B/02_templates/ligand.pdb,LIG,untrimmed_input,1,17,standard,dock_py_exact,True,single_chain_same_length_same_ordered_sequence,299,1.0,1.0,,passed,,2442,17,7,1.0415436881028435,2.299736150921157,2.299736150921157,10,True,"(0.0, 0.0, 0.0)",collision_py_exact,5.0
113,PTP1B_113,PTP1B_113_complex.pdb,PTP1B,113,PTP1B.AF2rank113.pdb,PTP1B.AF2rank113,/home/wms/AF2-test/AF2-CatGraph/data/PTP1B/01_af2_new/PTP1B.AF2rank113.pdb,results/PTP1B/02_template_guided_docking/complexes/PTP1B_113_complex.pdb,/home/wms/AF2-test/AF2-CatGraph/data/PTP1B/02_templates/template.pdb,/home/wms/AF2-test/AF2-CatGraph/data/PTP1B/02_templates/ligand.pdb,results/PTP1B/02_template_guided_docking/tables/PTP1B_step02_ligand_order_manifest.csv,/home/wms/AF2-test/AF2-CatGraph/data/PTP1B/02_templates/ligand.pdb,LIG,untrimmed_input,1,17,standard,dock_py_exact,True,single_chain_same_length_same_ordered_sequence,299,1.0,1.0,,passed,,2442,17,5,1.1809603860708413,2.319582412250759,2.319582412250759,10,True,"(0.0, 0.0, 0.0)",collision_py_exact,5.0
114,PTP1B_114,PTP1B_114_complex.pdb,PTP1B,114,PTP1B.AF2rank114.pdb,PTP1B.AF2rank114,/home/wms/AF2-test/AF2-CatGraph/data/PTP1B/01_af2_new/PTP1B.AF2rank114.pdb,results/PTP1B/02_template_guided_docking/complexes/PTP1B_114_complex.pdb,/home/wms/AF2-test/AF2-CatGraph/data/PTP1B/02_templates/template.pdb,/home/wms/AF2-test/AF2-CatGraph/data/PTP1B/02_templates/ligand.pdb,results/PTP1B/02_template_guided_docking/tables/PTP1B_step02_ligand_order_manifest.csv,/home/wms/AF2-test/AF2-CatGraph/data/PTP1B/02_templates/ligand.pdb,LIG,untrimmed_input,1,17,standard,dock_py_exact,True,single_chain_same_length_same_ordered_sequence,299,1.0,1.0,,passed,,2442,17,5,1.2978004588498941,2.3357436469440027,2.3357436469440027,10,True,"(0.0, 0.0, 0.0)",collision_py_exact,5.0
115,PTP1B_115,PTP1B_115_complex.pdb,PTP1B,115,PTP1B.AF2rank115.pdb,PTP1B.AF2rank115,/home/wms/AF2-test/AF2-CatGraph/data/PTP1B/01_af2_new/PTP1B.AF2rank115.pdb,results/PTP1B/02_template_guided_docking/complexes/PTP1B_115_complex.pdb,/home/wms/AF2-test/AF2-CatGraph/data/PTP1B/02_templates/template.pdb,/home/wms/AF2-test/AF2-CatGraph/data/PTP1B/02_templates/ligand.pdb,results/PTP1B/02_template_guided_docking/tables/PTP1B_step02_ligand_order_manifest.csv,/home/wms/AF2-test/AF2-CatGraph/data/PTP1B/02_templates/ligand.pdb,LIG,untrimmed_input,1,17,standard,dock_py_exact,True,single_chain_same_length_same_ordered_sequence,299,1.0,1.0,,passed,,2442,17,6,1.5595861856281803,2.1734960292537044,2.1734960292537044,10,True,"(0.0, 0.0, 0.0)",collision_py_exact,5.0
116,PTP1B_116,PTP1B_116_complex.pdb,PTP1B,116,PTP1B.AF2rank116.pdb,PTP1B.AF2rank116,/home/wms/AF2-test/AF2-CatGraph/data/PTP1B/01_af2_new/PTP1B.AF2rank116.pdb,results/PTP1B/02_template_guided_docking/complexes/PTP1B_116_complex.pdb,/home/wms/AF2-test/AF2-CatGraph/data/PTP1B/02_templates/template.pdb,/home/wms/AF2-test/AF2-CatGraph/data/PTP1B/02_templates/ligand.pdb,results/PTP1B/02_template_guided_docking/tables/PTP1B_step02_ligand_order_manifest.csv,/home/wms/AF2-test/AF2-CatGraph/data/PTP1B/02_templates/ligand.pdb,LIG,untrimmed_input,1,17,standard,dock_py_exact,True,single_chain_same_length_same_ordered_sequence,299,1.0,1.0,,passed,,2442,17,5,1.0317264776257637,2.2175908711975794,2.2175908711975794,10,True,"(0.0, 0.0, 0.0)",collision_py_exact,5.0
117,PTP1B_117,PTP1B_117_complex.pdb,PTP1B,117,PTP1B.AF2rank117.pdb,PTP1B.AF2rank117,/home/wms/AF2-test/AF2-CatGraph/data/PTP1B/01_af2_new/PTP1B.AF2rank117.pdb,results/PTP1B/02_template_guided_docking/complexes/PTP1B_117_complex.pdb,/home/wms/AF2-test/AF2-CatGraph/data/PTP1B/02_templates/template.pdb,/home/wms/AF2-test/AF2-CatGraph/data/PTP1B/02_templates/ligand.pdb,results/PTP1B/02_template_guided_docking/tables/PTP1B_step02_ligand_order_manifest.csv,/home/wms/AF2-test/AF2-CatGraph/data/PTP1B/02_templates/ligand.pdb,LIG,untrimmed_input,1,17,standard,dock_py_exact,True,single_chain_same_length_same_ordered_sequence,299,1.0,1.0,,passed,,2442,17,5,1.1164541393810934,2.226321325357644,2.226321325357644,10,True,"(0.0, 0.0, 0.0)",collision_py_exact,5.0
118,PTP1B_118,PTP1B_118_complex.pdb,PTP1B,118,PTP1B.AF2rank118.pdb,PTP1B.AF2rank118,/home/wms/AF2-test/AF2-CatGraph/data/PTP1B/01_af2_new/PTP1B.AF2rank118.pdb,results/PTP1B/02_template_guided_docking/complexes/PTP1B_118_complex.pdb,/home/wms/AF2-test/AF2-CatGraph/data/PTP1B/02_templates/template.pdb,/home/wms/AF2-test/AF2-CatGraph/data/PTP1B/02_templates/ligand.pdb,results/PTP1B/02_template_guided_docking/tables/PTP1B_step02_ligand_order_manifest.csv,/home/wms/AF2-test/AF2-CatGraph/data/PTP1B/02_templates/ligand.pdb,LIG,untrimmed_input,1,17,standard,dock_py_exact,True,single_chain_same_length_same_ordered_sequence,299,1.0,1.0,,passed,,2442,17,6,1.5223274643977476,2.197367126947307,2.197367126947307,10,True,"(0.0, 0.0, 0.0)",collision_py_exact,5.0
119,PTP1B_119,PTP1B_119_complex.pdb,PTP1B,119,PTP1B.AF2rank119.pdb,PTP1B.AF2rank119,/home/wms/AF2-test/AF2-CatGraph/data/PTP1B/01_af2_new/PTP1B.AF2rank119.pdb,results/PTP1B/02_template_guided_docking/complexes/PTP1B_119_complex.pdb,/home/wms/AF2-test/AF2-CatGraph/data/PTP1B/02_templates/template.pdb,/home/wms/AF2-test/AF2-CatGraph/data/PTP1B/02_templates/ligand.pdb,results/PTP1B/02_template_guided_docking/tables/PTP1B_step02_ligand_order_manifest.csv,/home/wms/AF2-test/AF2-CatGraph/data/PTP1B/02_templates/ligand.pdb,LIG,untrimmed_input,1,17,standard,dock_py_exact,True,single_chain_same_length_same_ordered_sequence,299,1.0,1.0,,passed,,2442,17,10,1.7894539890499712,2.227879634444669,2.227879634444669,10,True,"(0.0, 0.0, 0.0)",collision_py_exact,5.0
120,PTP1B_120,PTP1B_120_complex.pdb,PTP1B,120,PTP1B.AF2rank120.pdb,PTP1B.AF2rank120,/home/wms/AF2-test/AF2-CatGraph/data/PTP1B/01_af2_new/PTP1B.AF2rank120.pdb,results/PTP1B/02_template_guided_docking/complexes/PTP1B_120_complex.pdb,/home/wms/AF2-test/AF2-CatGraph/data/PTP1B/02_templates/template.pdb,/home/wms/AF2-test/AF2-CatGraph/data/PTP1B/02_templates/ligand.pdb,results/PTP1B/02_template_guided_docking/tables/PTP1B_step02_ligand_order_manifest.csv,/home/wms/AF2-test/AF2-CatGraph/data/PTP1B/02_templates/ligand.pdb,LIG,untrimmed_input,1,17,standard,dock_py_exact,True,single_chain_same_length_same_ordered_sequence,299,1.0,1.0,,passed,,2442,17,8,2.2115060814803296,2.0148578158503474,2.0148578158503474,10,True,"(0.0, 0.0, 0.0)",collision_py_exact,5.0
121,PTP1B_121,PTP1B_121_complex.pdb,PTP1B,121,PTP1B.AF2rank121.pdb,PTP1B.AF2rank121,/home/wms/AF2-test/AF2-CatGraph/data/PTP1B/01_af2_new/PTP1B.AF2rank121.pdb,results/PTP1B/02_template_guided_docking/complexes/PTP1B_121_complex.pdb,/home/wms/AF2-test/AF2-CatGraph/data/PTP1B/02_templates/template.pdb,/home/wms/AF2-test/AF2-CatGraph/data/PTP1B/02_templates/ligand.pdb,results/PTP1B/02_template_guided_docking/tables/PTP1B_step02_ligand_order_manifest.csv,/home/wms/AF2-test/AF2-CatGraph/data/PTP1B/02_templates/ligand.pdb,LIG,untrimmed_input,1,17,standard,dock_py_exact,True,single_chain_same_length_same_ordered_sequence,299,1.0,1.0,,passed,,2442,17,6,1.2648667391430117,2.2362490659675083,2.2362490659675083,10,True,"(0.0, 0.0, 0.0)",collision_py_exact,5.0
122,PTP1B_122,PTP1B_122_complex.pdb,PTP1B,122,PTP1B.AF2rank122.pdb,PTP1B.AF2rank122,/home/wms/AF2-test/AF2-CatGraph/data/PTP1B/01_af2_new/PTP1B.AF2rank122.pdb,results/PTP1B/02_template_guided_docking/complexes/PTP1B_122_complex.pdb,/home/wms/AF2-test/AF2-CatGraph/data/PTP1B/02_templates/template.pdb,/home/wms/AF2-test/AF2-CatGraph/data/PTP1B/02_templates/ligand.pdb,results/PTP1B/02_template_guided_docking/tables/PTP1B_step02_ligand_order_manifest.csv,/home/wms/AF2-test/AF2-CatGraph/data/PTP1B/02_templates/ligand.pdb,LIG,untrimmed_input,1,17,standard,dock_py_exact,True,single_chain_same_length_same_ordered_sequence,299,1.0,1.0,,passed,,2442,17,6,1.6023211462213722,2.2177920969946796,2.2177920969946796,10,True,"(0.0, 0.0, 0.0)",collision_py_exact,5.0
123,PTP1B_123,PTP1B_123_complex.pdb,PTP1B,123,PTP1B.AF2rank123.pdb,PTP1B.AF2rank123,/home/wms/AF2-test/AF2-CatGraph/data/PTP1B/01_af2_new/PTP1B.AF2rank123.pdb,results/PTP1B/02_template_guided_docking/complexes/PTP1B_123_complex.pdb,/home/wms/AF2-test/AF2-CatGraph/data/PTP1B/02_templates/template.pdb,/home/wms/AF2-test/AF2-CatGraph/data/PTP1B/02_templates/ligand.pdb,results/PTP1B/02_template_guided_docking/tables/PTP1B_step02_ligand_order_manifest.csv,/home/wms/AF2-test/AF2-CatGraph/data/PTP1B/02_templates/ligand.pdb,LIG,untrimmed_input,1,17,standard,dock_py_exact,True,single_chain_same_length_same_ordered_sequence,299,1.0,1.0,,passed,,2442,17,3,0.7161401435785186,2.3267653980952963,2.3267653980952963,10,True,"(0.0, 0.0, 0.0)",collision_py_exact,5.0
124,PTP1B_124,PTP1B_124_complex.pdb,PTP1B,124,PTP1B.AF2rank124.pdb,PTP1B.AF2rank124,/home/wms/AF2-test/AF2-CatGraph/data/PTP1B/01_af2_new/PTP1B.AF2rank124.pdb,results/PTP1B/02_template_guided_docking/complexes/PTP1B_124_complex.pdb,/home/wms/AF2-test/AF2-CatGraph/data/PTP1B/02_templates/template.pdb,/home/wms/AF2-test/AF2-CatGraph/data/PTP1B/02_templates/ligand.pdb,results/PTP1B/02_template_guided_docking/tables/PTP1B_step02_ligand_order_manifest.csv,/home/wms/AF2-test/AF2-CatGraph/data/PTP1B/02_templates/ligand.pdb,LIG,untrimmed_input,1,17,standard,dock_py_exact,True,single_chain_same_length_same_ordered_sequence,299,1.0,1.0,,passed,,2442,17,7,1.765980535151288,2.1444241856368587,2.1444241856368587,10,True,"(0.0, 0.0, 0.0)",collision_py_exact,5.0
125,PTP1B_125,PTP1B_125_complex.pdb,PTP1B,125,PTP1B.AF2rank125.pdb,PTP1B.AF2rank125,/home/wms/AF2-test/AF2-CatGraph/data/PTP1B/01_af2_new/PTP1B.AF2rank125.pdb,results/PTP1B/02_template_guided_docking/complexes/PTP1B_125_complex.pdb,/home/wms/AF2-test/AF2-CatGraph/data/PTP1B/02_templates/template.pdb,/home/wms/AF2-test/AF2-CatGraph/data/PTP1B/02_templates/ligand.pdb,results/PTP1B/02_template_guided_docking/tables/PTP1B_step02_ligand_order_manifest.csv,/home/wms/AF2-test/AF2-CatGraph/data/PTP1B/02_templates/ligand.pdb,LIG,untrimmed_input,1,17,standard,dock_py_exact,True,single_chain_same_length_same_ordered_sequence,299,1.0,1.0,,passed,,2442,17,8,1.742950401311151,2.2295986571419237,2.2295986571419237,10,True,"(0.0, 0.0, 0.0)",collision_py_exact,5.0
126,PTP1B_126,PTP1B_126_complex.pdb,PTP1B,126,PTP1B.AF2rank126.pdb,PTP1B.AF2rank126,/home/wms/AF2-test/AF2-CatGraph/data/PTP1B/01_af2_new/PTP1B.AF2rank126.pdb,results/PTP1B/02_template_guided_docking/complexes/PTP1B_126_complex.pdb,/home/wms/AF2-test/AF2-CatGraph/data/PTP1B/02_templates/template.pdb,/home/wms/AF2-test/AF2-CatGraph/data/PTP1B/02_templates/ligand.pdb,results/PTP1B/02_template_guided_docking/tables/PTP1B_step02_ligand_order_manifest.csv,/home/wms/AF2-test/AF2-CatGraph/data/PTP1B/02_templates/ligand.pdb,LIG,untrimmed_input,1,17,standard,dock_py_exact,True,single_chain_same_length_same_ordered_sequence,299,1.0,1.0,,passed,,2442,17,8,1.9752567253382862,2.094726191189594,2.094726191189594,10,True,"(0.0, 0.0, 0.0)",collision_py_exact,5.0
127,PTP1B_127,PTP1B_127_complex.pdb,PTP1B,127,PTP1B.AF2rank127.pdb,PTP1B.AF2rank127,/home/wms/AF2-test/AF2-CatGraph/data/PTP1B/01_af2_new/PTP1B.AF2rank127.pdb,results/PTP1B/02_template_guided_docking/complexes/PTP1B_127_complex.pdb,/home/wms/AF2-test/AF2-CatGraph/data/PTP1B/02_templates/template.pdb,/home/wms/AF2-test/AF2-CatGraph/data/PTP1B/02_templates/ligand.pdb,results/PTP1B/02_template_guided_docking/tables/PTP1B_step02_ligand_order_manifest.csv,/home/wms/AF2-test/AF2-CatGraph/data/PTP1B/02_templates/ligand.pdb,LIG,untrimmed_input,1,17,standard,dock_py_exact,True,single_chain_same_length_same_ordered_sequence,299,1.0,1.0,,passed,,2442,17,8,1.6582837721553414,2.1909851118632964,2.1909851118632964,10,True,"(0.0, 0.0, 0.0)",collision_py_exact,5.0
128,PTP1B_128,PTP1B_128_complex.pdb,PTP1B,128,PTP1B.AF2rank128.pdb,PTP1B.AF2rank128,/home/wms/AF2-test/AF2-CatGraph/data/PTP1B/01_af2_new/PTP1B.AF2rank128.pdb,results/PTP1B/02_template_guided_docking/complexes/PTP1B_128_complex.pdb,/home/wms/AF2-test/AF2-CatGraph/data/PTP1B/02_templates/template.pdb,/home/wms/AF2-test/AF2-CatGraph/data/PTP1B/02_templates/ligand.pdb,results/PTP1B/02_template_guided_docking/tables/PTP1B_step02_ligand_order_manifest.csv,/home/wms/AF2-test/AF2-CatGraph/data/PTP1B/02_templates/ligand.pdb,LIG,untrimmed_input,1,17,standard,dock_py_exact,True,single_chain_same_length_same_ordered_sequence,299,1.0,1.0,,passed,,2442,17,7,1.6003294973275408,2.1962539291226144,2.1962539291226144,10,True,"(0.0, 0.0, 0.0)",collision_py_exact,5.0
129,PTP1B_129,PTP1B_129_complex.pdb,PTP1B,129,PTP1B.AF2rank129.pdb,PTP1B.AF2rank129,/home/wms/AF2-test/AF2-CatGraph/data/PTP1B/01_af2_new/PTP1B.AF2rank129.pdb,results/PTP1B/02_template_guided_docking/complexes/PTP1B_129_complex.pdb,/home/wms/AF2-test/AF2-CatGraph/data/PTP1B/02_templates/template.pdb,/home/wms/AF2-test/AF2-CatGraph/data/PTP1B/02_templates/ligand.pdb,results/PTP1B/02_template_guided_docking/tables/PTP1B_step02_ligand_order_manifest.csv,/home/wms/AF2-test/AF2-CatGraph/data/PTP1B/02_templates/ligand.pdb,LIG,untrimmed_input,1,17,standard,dock_py_exact,True,single_chain_same_length_same_ordered_sequence,299,1.0,1.0,,passed,,2442,17,9,2.5033095655655844,2.061901464766426,2.061901464766426,10,True,"(0.0, 0.0, 0.0)",collision_py_exact,5.0
130,PTP1B_130,PTP1B_130_complex.pdb,PTP1B,130,PTP1B.AF2rank130.pdb,PTP1B.AF2rank130,/home/wms/AF2-test/AF2-CatGraph/data/PTP1B/01_af2_new/PTP1B.AF2rank130.pdb,results/PTP1B/02_template_guided_docking/complexes/PTP1B_130_complex.pdb,/home/wms/AF2-test/AF2-CatGraph/data/PTP1B/02_templates/template.pdb,/home/wms/AF2-test/AF2-CatGraph/data/PTP1B/02_templates/ligand.pdb,results/PTP1B/02_template_guided_docking/tables/PTP1B_step02_ligand_order_manifest.csv,/home/wms/AF2-test/AF2-CatGraph/data/PTP1B/02_templates/ligand.pdb,LIG,untrimmed_input,1,17,standard,dock_py_exact,True,single_chain_same_length_same_ordered_sequence,299,1.0,1.0,,passed,,2442,17,8,2.199476576319295,2.2052393105065224,2.2052393105065224,10,True,"(0.0, 0.0, 0.0)",collision_py_exact,5.0
131,PTP1B_131,PTP1B_131_complex.pdb,PTP1B,131,PTP1B.AF2rank131.pdb,PTP1B.AF2rank131,/home/wms/AF2-test/AF2-CatGraph/data/PTP1B/01_af2_new/PTP1B.AF2rank131.pdb,results/PTP1B/02_template_guided_docking/complexes/PTP1B_131_complex.pdb,/home/wms/AF2-test/AF2-CatGraph/data/PTP1B/02_templates/template.pdb,/home/wms/AF2-test/AF2-CatGraph/data/PTP1B/02_templates/ligand.pdb,results/PTP1B/02_template_guided_docking/tables/PTP1B_step02_ligand_order_manifest.csv,/home/wms/AF2-test/AF2-CatGraph/data/PTP1B/02_templates/ligand.pdb,LIG,untrimmed_input,1,17,standard,dock_py_exact,True,single_chain_same_length_same_ordered_sequence,299,1.0,1.0,,passed,,2442,17,7,2.3621418651331294,2.0228514467344407,2.0228514467344407,10,True,"(0.0, 0.0, 0.0)",collision_py_exact,5.0
132,PTP1B_132,PTP1B_132_complex.pdb,PTP1B,132,PTP1B.AF2rank132.pdb,PTP1B.AF2rank132,/home/wms/AF2-test/AF2-CatGraph/data/PTP1B/01_af2_new/PTP1B.AF2rank132.pdb,results/PTP1B/02_template_guided_docking/complexes/PTP1B_132_complex.pdb,/home/wms/AF2-test/AF2-CatGraph/data/PTP1B/02_templates/template.pdb,/home/wms/AF2-test/AF2-CatGraph/data/PTP1B/02_templates/ligand.pdb,results/PTP1B/02_template_guided_docking/tables/PTP1B_step02_ligand_order_manifest.csv,/home/wms/AF2-test/AF2-CatGraph/data/PTP1B/02_templates/ligand.pdb,LIG,untrimmed_input,1,17,standard,dock_py_exact,True,single_chain_same_length_same_ordered_sequence,299,1.0,1.0,,passed,,2442,17,2,0.5934229375355926,2.2204757789505973,2.2204757789505973,10,True,"(0.0, 0.0, 0.0)",collision_py_exact,5.0
133,PTP1B_133,PTP1B_133_complex.pdb,PTP1B,133,PTP1B.AF2rank133.pdb,PTP1B.AF2rank133,/home/wms/AF2-test/AF2-CatGraph/data/PTP1B/01_af2_new/PTP1B.AF2rank133.pdb,results/PTP1B/02_template_guided_docking/complexes/PTP1B_133_complex.pdb,/home/wms/AF2-test/AF2-CatGraph/data/PTP1B/02_templates/template.pdb,/home/wms/AF2-test/AF2-CatGraph/data/PTP1B/02_templates/ligand.pdb,results/PTP1B/02_template_guided_docking/tables/PTP1B_step02_ligand_order_manifest.csv,/home/wms/AF2-test/AF2-CatGraph/data/PTP1B/02_templates/ligand.pdb,LIG,untrimmed_input,1,17,standard,dock_py_exact,True,single_chain_same_length_same_ordered_sequence,299,1.0,1.0,,passed,,2442,17,7,1.790105509481327,2.1644597895451114,2.1644597895451114,10,True,"(0.0, 0.0, 0.0)",collision_py_exact,5.0
134,PTP1B_134,PTP1B_134_complex.pdb,PTP1B,134,PTP1B.AF2rank134.pdb,PTP1B.AF2rank134,/home/wms/AF2-test/AF2-CatGraph/data/PTP1B/01_af2_new/PTP1B.AF2rank134.pdb,results/PTP1B/02_template_guided_docking/complexes/PTP1B_134_complex.pdb,/home/wms/AF2-test/AF2-CatGraph/data/PTP1B/02_templates/template.pdb,/home/wms/AF2-test/AF2-CatGraph/data/PTP1B/02_templates/ligand.pdb,results/PTP1B/02_template_guided_docking/tables/PTP1B_step02_ligand_order_manifest.csv,/home/wms/AF2-test/AF2-CatGraph/data/PTP1B/02_templates/ligand.pdb,LIG,untrimmed_input,1,17,standard,dock_py_exact,True,single_chain_same_length_same_ordered_sequence,299,1.0,1.0,,passed,,2442,17,9,2.1423891468382865,2.3675694257199043,2.3675694257199043,10,True,"(0.0, 0.0, 0.0)",collision_py_exact,5.0
135,PTP1B_135,PTP1B_135_complex.pdb,PTP1B,135,PTP1B.AF2rank135.pdb,PTP1B.AF2rank135,/home/wms/AF2-test/AF2-CatGraph/data/PTP1B/01_af2_new/PTP1B.AF2rank135.pdb,results/PTP1B/02_template_guided_docking/complexes/PTP1B_135_complex.pdb,/home/wms/AF2-test/AF2-CatGraph/data/PTP1B/02_templates/template.pdb,/home/wms/AF2-test/AF2-CatGraph/data/PTP1B/02_templates/ligand.pdb,results/PTP1B/02_template_guided_docking/tables/PTP1B_step02_ligand_order_manifest.csv,/home/wms/AF2-test/AF2-CatGraph/data/PTP1B/02_templates/ligand.pdb,LIG,untrimmed_input,1,17,standard,dock_py_exact,True,single_chain_same_length_same_ordered_sequence,299,1.0,1.0,,passed,,2442,17,4,1.052900201625985,2.2607649946896213,2.2607649946896213,10,True,"(0.0, 0.0, 0.0)",collision_py_exact,5.0
136,PTP1B_136,PTP1B_136_complex.pdb,PTP1B,136,PTP1B.AF2rank136.pdb,PTP1B.AF2rank136,/home/wms/AF2-test/AF2-CatGraph/data/PTP1B/01_af2_new/PTP1B.AF2rank136.pdb,results/PTP1B/02_template_guided_docking/complexes/PTP1B_136_complex.pdb,/home/wms/AF2-test/AF2-CatGraph/data/PTP1B/02_templates/template.pdb,/home/wms/AF2-test/AF2-CatGraph/data/PTP1B/02_templates/ligand.pdb,results/PTP1B/02_template_guided_docking/tables/PTP1B_step02_ligand_order_manifest.csv,/home/wms/AF2-test/AF2-CatGraph/data/PTP1B/02_templates/ligand.pdb,LIG,untrimmed_input,1,17,standard,dock_py_exact,True,single_chain_same_length_same_ordered_sequence,299,1.0,1.0,,passed,,2442,17,8,2.341791186664544,2.0860663114517024,2.0860663114517024,10,True,"(0.0, 0.0, 0.0)",collision_py_exact,5.0
137,PTP1B_137,PTP1B_137_complex.pdb,PTP1B,137,PTP1B.AF2rank137.pdb,PTP1B.AF2rank137,/home/wms/AF2-test/AF2-CatGraph/data/PTP1B/01_af2_new/PTP1B.AF2rank137.pdb,results/PTP1B/02_template_guided_docking/complexes/PTP1B_137_complex.pdb,/home/wms/AF2-test/AF2-CatGraph/data/PTP1B/02_templates/template.pdb,/home/wms/AF2-test/AF2-CatGraph/data/PTP1B/02_templates/ligand.pdb,results/PTP1B/02_template_guided_docking/tables/PTP1B_step02_ligand_order_manifest.csv,/home/wms/AF2-test/AF2-CatGraph/data/PTP1B/02_templates/ligand.pdb,LIG,untrimmed_input,1,17,standard,dock_py_exact,True,single_chain_same_length_same_ordered_sequence,299,1.0,1.0,,passed,,2442,17,4,1.079489021616412,2.136204403514361,2.136204403514361,10,True,"(0.0, 0.0, 0.0)",collision_py_exact,5.0
138,PTP1B_138,PTP1B_138_complex.pdb,PTP1B,138,PTP1B.AF2rank138.pdb,PTP1B.AF2rank138,/home/wms/AF2-test/AF2-CatGraph/data/PTP1B/01_af2_new/PTP1B.AF2rank138.pdb,results/PTP1B/02_template_guided_docking/complexes/PTP1B_138_complex.pdb,/home/wms/AF2-test/AF2-CatGraph/data/PTP1B/02_templates/template.pdb,/home/wms/AF2-test/AF2-CatGraph/data/PTP1B/02_templates/ligand.pdb,results/PTP1B/02_template_guided_docking/tables/PTP1B_step02_ligand_order_manifest.csv,/home/wms/AF2-test/AF2-CatGraph/data/PTP1B/02_templates/ligand.pdb,LIG,untrimmed_input,1,17,standard,dock_py_exact,True,single_chain_same_length_same_ordered_sequence,299,1.0,1.0,,passed,,2442,17,8,1.5599112891860898,2.3034306944648812,2.3034306944648812,10,True,"(0.0, 0.0, 0.0)",collision_py_exact,5.0
139,PTP1B_139,PTP1B_139_complex.pdb,PTP1B,139,PTP1B.AF2rank139.pdb,PTP1B.AF2rank139,/home/wms/AF2-test/AF2-CatGraph/data/PTP1B/01_af2_new/PTP1B.AF2rank139.pdb,results/PTP1B/02_template_guided_docking/complexes/PTP1B_139_complex.pdb,/home/wms/AF2-test/AF2-CatGraph/data/PTP1B/02_templates/template.pdb,/home/wms/AF2-test/AF2-CatGraph/data/PTP1B/02_templates/ligand.pdb,results/PTP1B/02_template_guided_docking/tables/PTP1B_step02_ligand_order_manifest.csv,/home/wms/AF2-test/AF2-CatGraph/data/PTP1B/02_templates/ligand.pdb,LIG,untrimmed_input,1,17,standard,dock_py_exact,True,single_chain_same_length_same_ordered_sequence,299,1.0,1.0,,passed,,2442,17,8,1.385172261664405,2.1888982888166475,2.1888982888166475,10,True,"(0.0, 0.0, 0.0)",collision_py_exact,5.0
140,PTP1B_140,PTP1B_140_complex.pdb,PTP1B,140,PTP1B.AF2rank140.pdb,PTP1B.AF2rank140,/home/wms/AF2-test/AF2-CatGraph/data/PTP1B/01_af2_new/PTP1B.AF2rank140.pdb,results/PTP1B/02_template_guided_docking/complexes/PTP1B_140_complex.pdb,/home/wms/AF2-test/AF2-CatGraph/data/PTP1B/02_templates/template.pdb,/home/wms/AF2-test/AF2-CatGraph/data/PTP1B/02_templates/ligand.pdb,results/PTP1B/02_template_guided_docking/tables/PTP1B_step02_ligand_order_manifest.csv,/home/wms/AF2-test/AF2-CatGraph/data/PTP1B/02_templates/ligand.pdb,LIG,untrimmed_input,1,17,standard,dock_py_exact,True,single_chain_same_length_same_ordered_sequence,299,1.0,1.0,,passed,,2442,17,3,0.8746073903615272,2.1775019219839193,2.1775019219839193,10,True,"(0.0, 0.0, 0.0)",collision_py_exact,5.0
141,PTP1B_141,PTP1B_141_complex.pdb,PTP1B,141,PTP1B.AF2rank141.pdb,PTP1B.AF2rank141,/home/wms/AF2-test/AF2-CatGraph/data/PTP1B/01_af2_new/PTP1B.AF2rank141.pdb,results/PTP1B/02_template_guided_docking/complexes/PTP1B_141_complex.pdb,/home/wms/AF2-test/AF2-CatGraph/data/PTP1B/02_templates/template.pdb,/home/wms/AF2-test/AF2-CatGraph/data/PTP1B/02_templates/ligand.pdb,results/PTP1B/02_template_guided_docking/tables/PTP1B_step02_ligand_order_manifest.csv,/home/wms/AF2-test/AF2-CatGraph/data/PTP1B/02_templates/ligand.pdb,LIG,untrimmed_input,1,17,standard,dock_py_exact,True,single_chain_same_length_same_ordered_sequence,299,1.0,1.0,,passed,,2442,17,8,1.7830713858024954,2.2583293039161916,2.2583293039161916,10,True,"(0.0, 0.0, 0.0)",collision_py_exact,5.0
142,PTP1B_142,PTP1B_142_complex.pdb,PTP1B,142,PTP1B.AF2rank142.pdb,PTP1B.AF2rank142,/home/wms/AF2-test/AF2-CatGraph/data/PTP1B/01_af2_new/PTP1B.AF2rank142.pdb,results/PTP1B/02_template_guided_docking/complexes/PTP1B_142_complex.pdb,/home/wms/AF2-test/AF2-CatGraph/data/PTP1B/02_templates/template.pdb,/home/wms/AF2-test/AF2-CatGraph/data/PTP1B/02_templates/ligand.pdb,results/PTP1B/02_template_guided_docking/tables/PTP1B_step02_ligand_order_manifest.csv,/home/wms/AF2-test/AF2-CatGraph/data/PTP1B/02_templates/ligand.pdb,LIG,untrimmed_input,1,17,standard,dock_py_exact,True,single_chain_same_length_same_ordered_sequence,299,1.0,1.0,,passed,,2442,17,5,1.0588782439507645,2.2211855600613992,2.2211855600613992,10,True,"(0.0, 0.0, 0.0)",collision_py_exact,5.0
143,PTP1B_143,PTP1B_143_complex.pdb,PTP1B,143,PTP1B.AF2rank143.pdb,PTP1B.AF2rank143,/home/wms/AF2-test/AF2-CatGraph/data/PTP1B/01_af2_new/PTP1B.AF2rank143.pdb,results/PTP1B/02_template_guided_docking/complexes/PTP1B_143_complex.pdb,/home/wms/AF2-test/AF2-CatGraph/data/PTP1B/02_templates/template.pdb,/home/wms/AF2-test/AF2-CatGraph/data/PTP1B/02_templates/ligand.pdb,results/PTP1B/02_template_guided_docking/tables/PTP1B_step02_ligand_order_manifest.csv,/home/wms/AF2-test/AF2-CatGraph/data/PTP1B/02_templates/ligand.pdb,LIG,untrimmed_input,1,17,standard,dock_py_exact,True,single_chain_same_length_same_ordered_sequence,299,1.0,1.0,,passed,,2442,17,3,0.3960966882001906,2.4139749805526125,2.4139749805526125,10,True,"(0.0, 0.0, 0.0)",collision_py_exact,5.0
144,PTP1B_144,PTP1B_144_complex.pdb,PTP1B,144,PTP1B.AF2rank144.pdb,PTP1B.AF2rank144,/home/wms/AF2-test/AF2-CatGraph/data/PTP1B/01_af2_new/PTP1B.AF2rank144.pdb,results/PTP1B/02_template_guided_docking/complexes/PTP1B_144_complex.pdb,/home/wms/AF2-test/AF2-CatGraph/data/PTP1B/02_templates/template.pdb,/home/wms/AF2-test/AF2-CatGraph/data/PTP1B/02_templates/ligand.pdb,results/PTP1B/02_template_guided_docking/tables/PTP1B_step02_ligand_order_manifest.csv,/home/wms/AF2-test/AF2-CatGraph/data/PTP1B/02_templates/ligand.pdb,LIG,untrimmed_input,1,17,standard,dock_py_exact,True,single_chain_same_length_same_ordered_sequence,299,1.0,1.0,,passed,,2442,17,6,1.4232583705336892,2.203741634404632,2.203741634404632,10,True,"(0.0, 0.0, 0.0)",collision_py_exact,5.0
145,PTP1B_145,PTP1B_145_complex.pdb,PTP1B,145,PTP1B.AF2rank145.pdb,PTP1B.AF2rank145,/home/wms/AF2-test/AF2-CatGraph/data/PTP1B/01_af2_new/PTP1B.AF2rank145.pdb,results/PTP1B/02_template_guided_docking/complexes/PTP1B_145_complex.pdb,/home/wms/AF2-test/AF2-CatGraph/data/PTP1B/02_templates/template.pdb,/home/wms/AF2-test/AF2-CatGraph/data/PTP1B/02_templates/ligand.pdb,results/PTP1B/02_template_guided_docking/tables/PTP1B_step02_ligand_order_manifest.csv,/home/wms/AF2-test/AF2-CatGraph/data/PTP1B/02_templates/ligand.pdb,LIG,untrimmed_input,1,17,standard,dock_py_exact,True,single_chain_same_length_same_ordered_sequence,299,1.0,1.0,,passed,,2442,17,7,1.2792694648674119,2.3512256162848653,2.3512256162848653,10,True,"(0.0, 0.0, 0.0)",collision_py_exact,5.0
146,PTP1B_146,PTP1B_146_complex.pdb,PTP1B,146,PTP1B.AF2rank146.pdb,PTP1B.AF2rank146,/home/wms/AF2-test/AF2-CatGraph/data/PTP1B/01_af2_new/PTP1B.AF2rank146.pdb,results/PTP1B/02_template_guided_docking/complexes/PTP1B_146_complex.pdb,/home/wms/AF2-test/AF2-CatGraph/data/PTP1B/02_templates/template.pdb,/home/wms/AF2-test/AF2-CatGraph/data/PTP1B/02_templates/ligand.pdb,results/PTP1B/02_template_guided_docking/tables/PTP1B_step02_ligand_order_manifest.csv,/home/wms/AF2-test/AF2-CatGraph/data/PTP1B/02_templates/ligand.pdb,LIG,untrimmed_input,1,17,standard,dock_py_exact,True,single_chain_same_length_same_ordered_sequence,299,1.0,1.0,,passed,,2442,17,6,1.192338146727736,2.2935919328606915,2.2935919328606915,10,True,"(0.0, 0.0, 0.0)",collision_py_exact,5.0
147,PTP1B_147,PTP1B_147_complex.pdb,PTP1B,147,PTP1B.AF2rank147.pdb,PTP1B.AF2rank147,/home/wms/AF2-test/AF2-CatGraph/data/PTP1B/01_af2_new/PTP1B.AF2rank147.pdb,results/PTP1B/02_template_guided_docking/complexes/PTP1B_147_complex.pdb,/home/wms/AF2-test/AF2-CatGraph/data/PTP1B/02_templates/template.pdb,/home/wms/AF2-test/AF2-CatGraph/data/PTP1B/02_templates/ligand.pdb,results/PTP1B/02_template_guided_docking/tables/PTP1B_step02_ligand_order_manifest.csv,/home/wms/AF2-test/AF2-CatGraph/data/PTP1B/02_templates/ligand.pdb,LIG,untrimmed_input,1,17,standard,dock_py_exact,True,single_chain_same_length_same_ordered_sequence,299,1.0,1.0,,passed,,2442,17,4,0.7113686413451759,2.3856197840118414,2.3856197840118414,10,True,"(0.0, 0.0, 0.0)",collision_py_exact,5.0
148,PTP1B_148,PTP1B_148_complex.pdb,PTP1B,148,PTP1B.AF2rank148.pdb,PTP1B.AF2rank148,/home/wms/AF2-test/AF2-CatGraph/data/PTP1B/01_af2_new/PTP1B.AF2rank148.pdb,results/PTP1B/02_template_guided_docking/complexes/PTP1B_148_complex.pdb,/home/wms/AF2-test/AF2-CatGraph/data/PTP1B/02_templates/template.pdb,/home/wms/AF2-test/AF2-CatGraph/data/PTP1B/02_templates/ligand.pdb,results/PTP1B/02_template_guided_docking/tables/PTP1B_step02_ligand_order_manifest.csv,/home/wms/AF2-test/AF2-CatGraph/data/PTP1B/02_templates/ligand.pdb,LIG,untrimmed_input,1,17,standard,dock_py_exact,True,single_chain_same_length_same_ordered_sequence,299,1.0,1.0,,passed,,2442,17,6,1.4772348750450615,2.3885728376054267,2.3885728376054267,10,True,"(0.0, 0.0, 0.0)",collision_py_exact,5.0
149,PTP1B_149,PTP1B_149_complex.pdb,PTP1B,149,PTP1B.AF2rank149.pdb,PTP1B.AF2rank149,/home/wms/AF2-test/AF2-CatGraph/data/PTP1B/01_af2_new/PTP1B.AF2rank149.pdb,results/PTP1B/02_template_guided_docking/complexes/PTP1B_149_complex.pdb,/home/wms/AF2-test/AF2-CatGraph/data/PTP1B/02_templates/template.pdb,/home/wms/AF2-test/AF2-CatGraph/data/PTP1B/02_templates/ligand.pdb,results/PTP1B/02_template_guided_docking/tables/PTP1B_step02_ligand_order_manifest.csv,/home/wms/AF2-test/AF2-CatGraph/data/PTP1B/02_templates/ligand.pdb,LIG,untrimmed_input,1,17,standard,dock_py_exact,True,single_chain_same_length_same_ordered_sequence,299,1.0,1.0,,passed,,2442,17,8,1.3858336736656702,2.198294989645493,2.198294989645493,10,True,"(0.0, 0.0, 0.0)",collision_py_exact,5.0
150,PTP1B_150,PTP1B_150_complex.pdb,PTP1B,150,PTP1B.AF2rank150.pdb,PTP1B.AF2rank150,/home/wms/AF2-test/AF2-CatGraph/data/PTP1B/01_af2_new/PTP1B.AF2rank150.pdb,results/PTP1B/02_template_guided_docking/complexes/PTP1B_150_complex.pdb,/home/wms/AF2-test/AF2-CatGraph/data/PTP1B/02_templates/template.pdb,/home/wms/AF2-test/AF2-CatGraph/data/PTP1B/02_templates/ligand.pdb,results/PTP1B/02_template_guided_docking/tables/PTP1B_step02_ligand_order_manifest.csv,/home/wms/AF2-test/AF2-CatGraph/data/PTP1B/02_templates/ligand.pdb,LIG,untrimmed_input,1,17,standard,dock_py_exact,True,single_chain_same_length_same_ordered_sequence,299,1.0,1.0,,passed,,2442,17,6,1.3656344786060282,2.1547831167617177,2.1547831167617177,10,True,"(0.0, 0.0, 0.0)",collision_py_exact,5.0
151,PTP1B_151,PTP1B_151_complex.pdb,PTP1B,151,PTP1B.AF2rank151.pdb,PTP1B.AF2rank151,/home/wms/AF2-test/AF2-CatGraph/data/PTP1B/01_af2_new/PTP1B.AF2rank151.pdb,results/PTP1B/02_template_guided_docking/complexes/PTP1B_151_complex.pdb,/home/wms/AF2-test/AF2-CatGraph/data/PTP1B/02_templates/template.pdb,/home/wms/AF2-test/AF2-CatGraph/data/PTP1B/02_templates/ligand.pdb,results/PTP1B/02_template_guided_docking/tables/PTP1B_step02_ligand_order_manifest.csv,/home/wms/AF2-test/AF2-CatGraph/data/PTP1B/02_templates/ligand.pdb,LIG,untrimmed_input,1,17,standard,dock_py_exact,True,single_chain_same_length_same_ordered_sequence,299,1.0,1.0,,passed,,2442,17,6,1.48027762774164,2.346009824246943,2.346009824246943,10,True,"(0.0, 0.0, 0.0)",collision_py_exact,5.0
152,PTP1B_152,PTP1B_152_complex.pdb,PTP1B,152,PTP1B.AF2rank152.pdb,PTP1B.AF2rank152,/home/wms/AF2-test/AF2-CatGraph/data/PTP1B/01_af2_new/PTP1B.AF2rank152.pdb,results/PTP1B/02_template_guided_docking/complexes/PTP1B_152_complex.pdb,/home/wms/AF2-test/AF2-CatGraph/data/PTP1B/02_templates/template.pdb,/home/wms/AF2-test/AF2-CatGraph/data/PTP1B/02_templates/ligand.pdb,results/PTP1B/02_template_guided_docking/tables/PTP1B_step02_ligand_order_manifest.csv,/home/wms/AF2-test/AF2-CatGraph/data/PTP1B/02_templates/ligand.pdb,LIG,untrimmed_input,1,17,standard,dock_py_exact,True,single_chain_same_length_same_ordered_sequence,299,1.0,1.0,,passed,,2442,17,6,1.9212805395944015,2.0593356511109997,2.0593356511109997,10,True,"(0.0, 0.0, 0.0)",collision_py_exact,5.0
153,PTP1B_153,PTP1B_153_complex.pdb,PTP1B,153,PTP1B.AF2rank153.pdb,PTP1B.AF2rank153,/home/wms/AF2-test/AF2-CatGraph/data/PTP1B/01_af2_new/PTP1B.AF2rank153.pdb,results/PTP1B/02_template_guided_docking/complexes/PTP1B_153_complex.pdb,/home/wms/AF2-test/AF2-CatGraph/data/PTP1B/02_templates/template.pdb,/home/wms/AF2-test/AF2-CatGraph/data/PTP1B/02_templates/ligand.pdb,results/PTP1B/02_template_guided_docking/tables/PTP1B_step02_ligand_order_manifest.csv,/home/wms/AF2-test/AF2-CatGraph/data/PTP1B/02_templates/ligand.pdb,LIG,untrimmed_input,1,17,standard,dock_py_exact,True,single_chain_same_length_same_ordered_sequence,299,1.0,1.0,,passed,,2442,17,8,1.9650390995998888,2.1353679076847043,2.1353679076847043,10,True,"(0.0, 0.0, 0.0)",collision_py_exact,5.0
154,PTP1B_154,PTP1B_154_complex.pdb,PTP1B,154,PTP1B.AF2rank154.pdb,PTP1B.AF2rank154,/home/wms/AF2-test/AF2-CatGraph/data/PTP1B/01_af2_new/PTP1B.AF2rank154.pdb,results/PTP1B/02_template_guided_docking/complexes/PTP1B_154_complex.pdb,/home/wms/AF2-test/AF2-CatGraph/data/PTP1B/02_templates/template.pdb,/home/wms/AF2-test/AF2-CatGraph/data/PTP1B/02_templates/ligand.pdb,results/PTP1B/02_template_guided_docking/tables/PTP1B_step02_ligand_order_manifest.csv,/home/wms/AF2-test/AF2-CatGraph/data/PTP1B/02_templates/ligand.pdb,LIG,untrimmed_input,1,17,standard,dock_py_exact,True,single_chain_same_length_same_ordered_sequence,299,1.0,1.0,,passed,,2442,17,6,1.9667385540494902,2.1931237786348268,2.1931237786348268,10,True,"(0.0, 0.0, 0.0)",collision_py_exact,5.0
155,PTP1B_155,PTP1B_155_complex.pdb,PTP1B,155,PTP1B.AF2rank155.pdb,PTP1B.AF2rank155,/home/wms/AF2-test/AF2-CatGraph/data/PTP1B/01_af2_new/PTP1B.AF2rank155.pdb,results/PTP1B/02_template_guided_docking/complexes/PTP1B_155_complex.pdb,/home/wms/AF2-test/AF2-CatGraph/data/PTP1B/02_templates/template.pdb,/home/wms/AF2-test/AF2-CatGraph/data/PTP1B/02_templates/ligand.pdb,results/PTP1B/02_template_guided_docking/tables/PTP1B_step02_ligand_order_manifest.csv,/home/wms/AF2-test/AF2-CatGraph/data/PTP1B/02_templates/ligand.pdb,LIG,untrimmed_input,1,17,standard,dock_py_exact,True,single_chain_same_length_same_ordered_sequence,299,1.0,1.0,,passed,,2442,17,8,2.0389845420401795,2.2037862406459716,2.2037862406459716,10,True,"(0.0, 0.0, 0.0)",collision_py_exact,5.0
156,PTP1B_156,PTP1B_156_complex.pdb,PTP1B,156,PTP1B.AF2rank156.pdb,PTP1B.AF2rank156,/home/wms/AF2-test/AF2-CatGraph/data/PTP1B/01_af2_new/PTP1B.AF2rank156.pdb,results/PTP1B/02_template_guided_docking/complexes/PTP1B_156_complex.pdb,/home/wms/AF2-test/AF2-CatGraph/data/PTP1B/02_templates/template.pdb,/home/wms/AF2-test/AF2-CatGraph/data/PTP1B/02_templates/ligand.pdb,results/PTP1B/02_template_guided_docking/tables/PTP1B_step02_ligand_order_manifest.csv,/home/wms/AF2-test/AF2-CatGraph/data/PTP1B/02_templates/ligand.pdb,LIG,untrimmed_input,1,17,standard,dock_py_exact,True,single_chain_same_length_same_ordered_sequence,299,1.0,1.0,,passed,,2442,17,10,2.3807764469552075,2.22934102959233,2.22934102959233,10,True,"(0.0, 0.0, 0.0)",collision_py_exact,5.0
157,PTP1B_157,PTP1B_157_complex.pdb,PTP1B,157,PTP1B.AF2rank157.pdb,PTP1B.AF2rank157,/home/wms/AF2-test/AF2-CatGraph/data/PTP1B/01_af2_new/PTP1B.AF2rank157.pdb,results/PTP1B/02_template_guided_docking/complexes/PTP1B_157_complex.pdb,/home/wms/AF2-test/AF2-CatGraph/data/PTP1B/02_templates/template.pdb,/home/wms/AF2-test/AF2-CatGraph/data/PTP1B/02_templates/ligand.pdb,results/PTP1B/02_template_guided_docking/tables/PTP1B_step02_ligand_order_manifest.csv,/home/wms/AF2-test/AF2-CatGraph/data/PTP1B/02_templates/ligand.pdb,LIG,untrimmed_input,1,17,standard,dock_py_exact,True,single_chain_same_length_same_ordered_sequence,299,1.0,1.0,,passed,,2442,17,7,2.0689997434195404,2.137419555491492,2.137419555491492,10,True,"(0.0, 0.0, 0.0)",collision_py_exact,5.0
158,PTP1B_158,PTP1B_158_complex.pdb,PTP1B,158,PTP1B.AF2rank158.pdb,PTP1B.AF2rank158,/home/wms/AF2-test/AF2-CatGraph/data/PTP1B/01_af2_new/PTP1B.AF2rank158.pdb,results/PTP1B/02_template_guided_docking/complexes/PTP1B_158_complex.pdb,/home/wms/AF2-test/AF2-CatGraph/data/PTP1B/02_templates/template.pdb,/home/wms/AF2-test/AF2-CatGraph/data/PTP1B/02_templates/ligand.pdb,results/PTP1B/02_template_guided_docking/tables/PTP1B_step02_ligand_order_manifest.csv,/home/wms/AF2-test/AF2-CatGraph/data/PTP1B/02_templates/ligand.pdb,LIG,untrimmed_input,1,17,standard,dock_py_exact,True,single_chain_same_length_same_ordered_sequence,299,1.0,1.0,,passed,,2442,17,6,1.1220768122568385,2.241520578980504,2.241520578980504,10,True,"(0.0, 0.0, 0.0)",collision_py_exact,5.0
159,PTP1B_159,PTP1B_159_complex.pdb,PTP1B,159,PTP1B.AF2rank159.pdb,PTP1B.AF2rank159,/home/wms/AF2-test/AF2-CatGraph/data/PTP1B/01_af2_new/PTP1B.AF2rank159.pdb,results/PTP1B/02_template_guided_docking/complexes/PTP1B_159_complex.pdb,/home/wms/AF2-test/AF2-CatGraph/data/PTP1B/02_templates/template.pdb,/home/wms/AF2-test/AF2-CatGraph/data/PTP1B/02_templates/ligand.pdb,results/PTP1B/02_template_guided_docking/tables/PTP1B_step02_ligand_order_manifest.csv,/home/wms/AF2-test/AF2-CatGraph/data/PTP1B/02_templates/ligand.pdb,LIG,untrimmed_input,1,17,standard,dock_py_exact,True,single_chain_same_length_same_ordered_sequence,299,1.0,1.0,,passed,,2442,17,6,1.125310963435994,2.154988271339728,2.154988271339728,10,True,"(0.0, 0.0, 0.0)",collision_py_exact,5.0
160,PTP1B_160,PTP1B_160_complex.pdb,PTP1B,160,PTP1B.AF2rank160.pdb,PTP1B.AF2rank160,/home/wms/AF2-test/AF2-CatGraph/data/PTP1B/01_af2_new/PTP1B.AF2rank160.pdb,results/PTP1B/02_template_guided_docking/complexes/PTP1B_160_complex.pdb,/home/wms/AF2-test/AF2-CatGraph/data/PTP1B/02_templates/template.pdb,/home/wms/AF2-test/AF2-CatGraph/data/PTP1B/02_templates/ligand.pdb,results/PTP1B/02_template_guided_docking/tables/PTP1B_step02_ligand_order_manifest.csv,/home/wms/AF2-test/AF2-CatGraph/data/PTP1B/02_templates/ligand.pdb,LIG,untrimmed_input,1,17,standard,dock_py_exact,True,single_chain_same_length_same_ordered_sequence,299,1.0,1.0,,passed,,2442,17,8,1.5272100312149313,2.159708191801042,2.159708191801042,10,True,"(0.0, 0.0, 0.0)",collision_py_exact,5.0
161,PTP1B_161,PTP1B_161_complex.pdb,PTP1B,161,PTP1B.AF2rank161.pdb,PTP1B.AF2rank161,/home/wms/AF2-test/AF2-CatGraph/data/PTP1B/01_af2_new/PTP1B.AF2rank161.pdb,results/PTP1B/02_template_guided_docking/complexes/PTP1B_161_complex.pdb,/home/wms/AF2-test/AF2-CatGraph/data/PTP1B/02_templates/template.pdb,/home/wms/AF2-test/AF2-CatGraph/data/PTP1B/02_templates/ligand.pdb,results/PTP1B/02_template_guided_docking/tables/PTP1B_step02_ligand_order_manifest.csv,/home/wms/AF2-test/AF2-CatGraph/data/PTP1B/02_templates/ligand.pdb,LIG,untrimmed_input,1,17,standard,dock_py_exact,True,single_chain_same_length_same_ordered_sequence,299,1.0,1.0,,passed,,2442,17,7,1.34441323444956,2.1781980634015214,2.1781980634015214,10,True,"(0.0, 0.0, 0.0)",collision_py_exact,5.0
162,PTP1B_162,PTP1B_162_complex.pdb,PTP1B,162,PTP1B.AF2rank162.pdb,PTP1B.AF2rank162,/home/wms/AF2-test/AF2-CatGraph/data/PTP1B/01_af2_new/PTP1B.AF2rank162.pdb,results/PTP1B/02_template_guided_docking/complexes/PTP1B_162_complex.pdb,/home/wms/AF2-test/AF2-CatGraph/data/PTP1B/02_templates/template.pdb,/home/wms/AF2-test/AF2-CatGraph/data/PTP1B/02_templates/ligand.pdb,results/PTP1B/02_template_guided_docking/tables/PTP1B_step02_ligand_order_manifest.csv,/home/wms/AF2-test/AF2-CatGraph/data/PTP1B/02_templates/ligand.pdb,LIG,untrimmed_input,1,17,standard,dock_py_exact,True,single_chain_same_length_same_ordered_sequence,299,1.0,1.0,,passed,,2442,17,7,2.152146426768536,2.1405479819773974,2.1405479819773974,10,True,"(0.0, 0.0, 0.0)",collision_py_exact,5.0
163,PTP1B_163,PTP1B_163_complex.pdb,PTP1B,163,PTP1B.AF2rank163.pdb,PTP1B.AF2rank163,/home/wms/AF2-test/AF2-CatGraph/data/PTP1B/01_af2_new/PTP1B.AF2rank163.pdb,results/PTP1B/02_template_guided_docking/complexes/PTP1B_163_complex.pdb,/home/wms/AF2-test/AF2-CatGraph/data/PTP1B/02_templates/template.pdb,/home/wms/AF2-test/AF2-CatGraph/data/PTP1B/02_templates/ligand.pdb,results/PTP1B/02_template_guided_docking/tables/PTP1B_step02_ligand_order_manifest.csv,/home/wms/AF2-test/AF2-CatGraph/data/PTP1B/02_templates/ligand.pdb,LIG,untrimmed_input,1,17,standard,dock_py_exact,True,single_chain_same_length_same_ordered_sequence,299,1.0,1.0,,passed,,2442,17,7,1.932825437843876,2.112989758634287,2.112989758634287,10,True,"(0.0, 0.0, 0.0)",collision_py_exact,5.0
164,PTP1B_164,PTP1B_164_complex.pdb,PTP1B,164,PTP1B.AF2rank164.pdb,PTP1B.AF2rank164,/home/wms/AF2-test/AF2-CatGraph/data/PTP1B/01_af2_new/PTP1B.AF2rank164.pdb,results/PTP1B/02_template_guided_docking/complexes/PTP1B_164_complex.pdb,/home/wms/AF2-test/AF2-CatGraph/data/PTP1B/02_templates/template.pdb,/home/wms/AF2-test/AF2-CatGraph/data/PTP1B/02_templates/ligand.pdb,results/PTP1B/02_template_guided_docking/tables/PTP1B_step02_ligand_order_manifest.csv,/home/wms/AF2-test/AF2-CatGraph/data/PTP1B/02_templates/ligand.pdb,LIG,untrimmed_input,1,17,standard,dock_py_exact,True,single_chain_same_length_same_ordered_sequence,299,1.0,1.0,,passed,,2442,17,6,1.3176150142189078,2.1816257810596427,2.1816257810596427,10,True,"(0.0, 0.0, 0.0)",collision_py_exact,5.0
165,PTP1B_165,PTP1B_165_complex.pdb,PTP1B,165,PTP1B.AF2rank165.pdb,PTP1B.AF2rank165,/home/wms/AF2-test/AF2-CatGraph/data/PTP1B/01_af2_new/PTP1B.AF2rank165.pdb,results/PTP1B/02_template_guided_docking/complexes/PTP1B_165_complex.pdb,/home/wms/AF2-test/AF2-CatGraph/data/PTP1B/02_templates/template.pdb,/home/wms/AF2-test/AF2-CatGraph/data/PTP1B/02_templates/ligand.pdb,results/PTP1B/02_template_guided_docking/tables/PTP1B_step02_ligand_order_manifest.csv,/home/wms/AF2-test/AF2-CatGraph/data/PTP1B/02_templates/ligand.pdb,LIG,untrimmed_input,1,17,standard,dock_py_exact,True,single_chain_same_length_same_ordered_sequence,299,1.0,1.0,,passed,,2442,17,8,1.9582023163272018,2.3254586050450574,2.3254586050450574,10,True,"(0.0, 0.0, 0.0)",collision_py_exact,5.0
166,PTP1B_166,PTP1B_166_complex.pdb,PTP1B,166,PTP1B.AF2rank166.pdb,PTP1B.AF2rank166,/home/wms/AF2-test/AF2-CatGraph/data/PTP1B/01_af2_new/PTP1B.AF2rank166.pdb,results/PTP1B/02_template_guided_docking/complexes/PTP1B_166_complex.pdb,/home/wms/AF2-test/AF2-CatGraph/data/PTP1B/02_templates/template.pdb,/home/wms/AF2-test/AF2-CatGraph/data/PTP1B/02_templates/ligand.pdb,results/PTP1B/02_template_guided_docking/tables/PTP1B_step02_ligand_order_manifest.csv,/home/wms/AF2-test/AF2-CatGraph/data/PTP1B/02_templates/ligand.pdb,LIG,untrimmed_input,1,17,standard,dock_py_exact,True,single_chain_same_length_same_ordered_sequence,299,1.0,1.0,,passed,,2442,17,10,2.784618829730189,2.048924090652572,2.048924090652572,10,True,"(0.0, 0.0, 0.0)",collision_py_exact,5.0
167,PTP1B_167,PTP1B_167_complex.pdb,PTP1B,167,PTP1B.AF2rank167.pdb,PTP1B.AF2rank167,/home/wms/AF2-test/AF2-CatGraph/data/PTP1B/01_af2_new/PTP1B.AF2rank167.pdb,results/PTP1B/02_template_guided_docking/complexes/PTP1B_167_complex.pdb,/home/wms/AF2-test/AF2-CatGraph/data/PTP1B/02_templates/template.pdb,/home/wms/AF2-test/AF2-CatGraph/data/PTP1B/02_templates/ligand.pdb,results/PTP1B/02_template_guided_docking/tables/PTP1B_step02_ligand_order_manifest.csv,/home/wms/AF2-test/AF2-CatGraph/data/PTP1B/02_templates/ligand.pdb,LIG,untrimmed_input,1,17,standard,dock_py_exact,True,single_chain_same_length_same_ordered_sequence,299,1.0,1.0,,passed,,2442,17,9,2.520921493899644,2.0603749594827843,2.0603749594827843,10,True,"(0.0, 0.0, 0.0)",collision_py_exact,5.0
168,PTP1B_168,PTP1B_168_complex.pdb,PTP1B,168,PTP1B.AF2rank168.pdb,PTP1B.AF2rank168,/home/wms/AF2-test/AF2-CatGraph/data/PTP1B/01_af2_new/PTP1B.AF2rank168.pdb,results/PTP1B/02_template_guided_docking/complexes/PTP1B_168_complex.pdb,/home/wms/AF2-test/AF2-CatGraph/data/PTP1B/02_templates/template.pdb,/home/wms/AF2-test/AF2-CatGraph/data/PTP1B/02_templates/ligand.pdb,results/PTP1B/02_template_guided_docking/tables/PTP1B_step02_ligand_order_manifest.csv,/home/wms/AF2-test/AF2-CatGraph/data/PTP1B/02_templates/ligand.pdb,LIG,untrimmed_input,1,17,standard,dock_py_exact,True,single_chain_same_length_same_ordered_sequence,299,1.0,1.0,,passed,,2442,17,6,2.65480798441694,2.0613689234307104,2.0613689234307104,10,True,"(0.0, 0.0, 0.0)",collision_py_exact,5.0
169,PTP1B_169,PTP1B_169_complex.pdb,PTP1B,169,PTP1B.AF2rank169.pdb,PTP1B.AF2rank169,/home/wms/AF2-test/AF2-CatGraph/data/PTP1B/01_af2_new/PTP1B.AF2rank169.pdb,results/PTP1B/02_template_guided_docking/complexes/PTP1B_169_complex.pdb,/home/wms/AF2-test/AF2-CatGraph/data/PTP1B/02_templates/template.pdb,/home/wms/AF2-test/AF2-CatGraph/data/PTP1B/02_templates/ligand.pdb,results/PTP1B/02_template_guided_docking/tables/PTP1B_step02_ligand_order_manifest.csv,/home/wms/AF2-test/AF2-CatGraph/data/PTP1B/02_templates/ligand.pdb,LIG,untrimmed_input,1,17,standard,dock_py_exact,True,single_chain_same_length_same_ordered_sequence,299,1.0,1.0,,passed,,2442,17,4,1.1231366865636274,2.2157003880029813,2.2157003880029813,10,True,"(0.0, 0.0, 0.0)",collision_py_exact,5.0
170,PTP1B_170,PTP1B_170_complex.pdb,PTP1B,170,PTP1B.AF2rank170.pdb,PTP1B.AF2rank170,/home/wms/AF2-test/AF2-CatGraph/data/PTP1B/01_af2_new/PTP1B.AF2rank170.pdb,results/PTP1B/02_template_guided_docking/complexes/PTP1B_170_complex.pdb,/home/wms/AF2-test/AF2-CatGraph/data/PTP1B/02_templates/template.pdb,/home/wms/AF2-test/AF2-CatGraph/data/PTP1B/02_templates/ligand.pdb,results/PTP1B/02_template_guided_docking/tables/PTP1B_step02_ligand_order_manifest.csv,/home/wms/AF2-test/AF2-CatGraph/data/PTP1B/02_templates/ligand.pdb,LIG,untrimmed_input,1,17,standard,dock_py_exact,True,single_chain_same_length_same_ordered_sequence,299,1.0,1.0,,passed,,2442,17,8,1.7058098007914602,2.2823265521269196,2.2823265521269196,10,True,"(0.0, 0.0, 0.0)",collision_py_exact,5.0
171,PTP1B_171,PTP1B_171_complex.pdb,PTP1B,171,PTP1B.AF2rank171.pdb,PTP1B.AF2rank171,/home/wms/AF2-test/AF2-CatGraph/data/PTP1B/01_af2_new/PTP1B.AF2rank171.pdb,results/PTP1B/02_template_guided_docking/complexes/PTP1B_171_complex.pdb,/home/wms/AF2-test/AF2-CatGraph/data/PTP1B/02_templates/template.pdb,/home/wms/AF2-test/AF2-CatGraph/data/PTP1B/02_templates/ligand.pdb,results/PTP1B/02_template_guided_docking/tables/PTP1B_step02_ligand_order_manifest.csv,/home/wms/AF2-test/AF2-CatGraph/data/PTP1B/02_templates/ligand.pdb,LIG,untrimmed_input,1,17,standard,dock_py_exact,True,single_chain_same_length_same_ordered_sequence,299,1.0,1.0,,passed,,2442,17,7,2.1156627028733155,2.1725324010472544,2.1725324010472544,10,True,"(0.0, 0.0, 0.0)",collision_py_exact,5.0
172,PTP1B_172,PTP1B_172_complex.pdb,PTP1B,172,PTP1B.AF2rank172.pdb,PTP1B.AF2rank172,/home/wms/AF2-test/AF2-CatGraph/data/PTP1B/01_af2_new/PTP1B.AF2rank172.pdb,results/PTP1B/02_template_guided_docking/complexes/PTP1B_172_complex.pdb,/home/wms/AF2-test/AF2-CatGraph/data/PTP1B/02_templates/template.pdb,/home/wms/AF2-test/AF2-CatGraph/data/PTP1B/02_templates/ligand.pdb,results/PTP1B/02_template_guided_docking/tables/PTP1B_step02_ligand_order_manifest.csv,/home/wms/AF2-test/AF2-CatGraph/data/PTP1B/02_templates/ligand.pdb,LIG,untrimmed_input,1,17,standard,dock_py_exact,True,single_chain_same_length_same_ordered_sequence,299,1.0,1.0,,passed,,2442,17,7,1.2709222722444364,2.3081801187437634,2.3081801187437634,10,True,"(0.0, 0.0, 0.0)",collision_py_exact,5.0
173,PTP1B_173,PTP1B_173_complex.pdb,PTP1B,173,PTP1B.AF2rank173.pdb,PTP1B.AF2rank173,/home/wms/AF2-test/AF2-CatGraph/data/PTP1B/01_af2_new/PTP1B.AF2rank173.pdb,results/PTP1B/02_template_guided_docking/complexes/PTP1B_173_complex.pdb,/home/wms/AF2-test/AF2-CatGraph/data/PTP1B/02_templates/template.pdb,/home/wms/AF2-test/AF2-CatGraph/data/PTP1B/02_templates/ligand.pdb,results/PTP1B/02_template_guided_docking/tables/PTP1B_step02_ligand_order_manifest.csv,/home/wms/AF2-test/AF2-CatGraph/data/PTP1B/02_templates/ligand.pdb,LIG,untrimmed_input,1,17,standard,dock_py_exact,True,single_chain_same_length_same_ordered_sequence,299,1.0,1.0,,passed,,2442,17,5,1.4889038345679828,2.0688774540288213,2.0688774540288213,10,True,"(0.0, 0.0, 0.0)",collision_py_exact,5.0
174,PTP1B_174,PTP1B_174_complex.pdb,PTP1B,174,PTP1B.AF2rank174.pdb,PTP1B.AF2rank174,/home/wms/AF2-test/AF2-CatGraph/data/PTP1B/01_af2_new/PTP1B.AF2rank174.pdb,results/PTP1B/02_template_guided_docking/complexes/PTP1B_174_complex.pdb,/home/wms/AF2-test/AF2-CatGraph/data/PTP1B/02_templates/template.pdb,/home/wms/AF2-test/AF2-CatGraph/data/PTP1B/02_templates/ligand.pdb,results/PTP1B/02_template_guided_docking/tables/PTP1B_step02_ligand_order_manifest.csv,/home/wms/AF2-test/AF2-CatGraph/data/PTP1B/02_templates/ligand.pdb,LIG,untrimmed_input,1,17,standard,dock_py_exact,True,single_chain_same_length_same_ordered_sequence,299,1.0,1.0,,passed,,2442,17,6,1.0653656266547191,2.207340974900428,2.207340974900428,10,True,"(0.0, 0.0, 0.0)",collision_py_exact,5.0
175,PTP1B_175,PTP1B_175_complex.pdb,PTP1B,175,PTP1B.AF2rank175.pdb,PTP1B.AF2rank175,/home/wms/AF2-test/AF2-CatGraph/data/PTP1B/01_af2_new/PTP1B.AF2rank175.pdb,results/PTP1B/02_template_guided_docking/complexes/PTP1B_175_complex.pdb,/home/wms/AF2-test/AF2-CatGraph/data/PTP1B/02_templates/template.pdb,/home/wms/AF2-test/AF2-CatGraph/data/PTP1B/02_templates/ligand.pdb,results/PTP1B/02_template_guided_docking/tables/PTP1B_step02_ligand_order_manifest.csv,/home/wms/AF2-test/AF2-CatGraph/data/PTP1B/02_templates/ligand.pdb,LIG,untrimmed_input,1,17,standard,dock_py_exact,True,single_chain_same_length_same_ordered_sequence,299,1.0,1.0,,passed,,2442,17,10,2.303807123678727,2.026955914989564,2.026955914989564,10,True,"(0.0, 0.0, 0.0)",collision_py_exact,5.0
176,PTP1B_176,PTP1B_176_complex.pdb,PTP1B,176,PTP1B.AF2rank176.pdb,PTP1B.AF2rank176,/home/wms/AF2-test/AF2-CatGraph/data/PTP1B/01_af2_new/PTP1B.AF2rank176.pdb,results/PTP1B/02_template_guided_docking/complexes/PTP1B_176_complex.pdb,/home/wms/AF2-test/AF2-CatGraph/data/PTP1B/02_templates/template.pdb,/home/wms/AF2-test/AF2-CatGraph/data/PTP1B/02_templates/ligand.pdb,results/PTP1B/02_template_guided_docking/tables/PTP1B_step02_ligand_order_manifest.csv,/home/wms/AF2-test/AF2-CatGraph/data/PTP1B/02_templates/ligand.pdb,LIG,untrimmed_input,1,17,standard,dock_py_exact,True,single_chain_same_length_same_ordered_sequence,299,1.0,1.0,,passed,,2442,17,5,1.3993115087656665,2.061371151947446,2.061371151947446,10,True,"(0.0, 0.0, 0.0)",collision_py_exact,5.0
177,PTP1B_177,PTP1B_177_complex.pdb,PTP1B,177,PTP1B.AF2rank177.pdb,PTP1B.AF2rank177,/home/wms/AF2-test/AF2-CatGraph/data/PTP1B/01_af2_new/PTP1B.AF2rank177.pdb,results/PTP1B/02_template_guided_docking/complexes/PTP1B_177_complex.pdb,/home/wms/AF2-test/AF2-CatGraph/data/PTP1B/02_templates/template.pdb,/home/wms/AF2-test/AF2-CatGraph/data/PTP1B/02_templates/ligand.pdb,results/PTP1B/02_template_guided_docking/tables/PTP1B_step02_ligand_order_manifest.csv,/home/wms/AF2-test/AF2-CatGraph/data/PTP1B/02_templates/ligand.pdb,LIG,untrimmed_input,1,17,standard,dock_py_exact,True,single_chain_same_length_same_ordered_sequence,299,1.0,1.0,,passed,,2442,17,5,1.0982606850517103,2.2960055943964144,2.2960055943964144,10,True,"(0.0, 0.0, 0.0)",collision_py_exact,5.0
178,PTP1B_178,PTP1B_178_complex.pdb,PTP1B,178,PTP1B.AF2rank178.pdb,PTP1B.AF2rank178,/home/wms/AF2-test/AF2-CatGraph/data/PTP1B/01_af2_new/PTP1B.AF2rank178.pdb,results/PTP1B/02_template_guided_docking/complexes/PTP1B_178_complex.pdb,/home/wms/AF2-test/AF2-CatGraph/data/PTP1B/02_templates/template.pdb,/home/wms/AF2-test/AF2-CatGraph/data/PTP1B/02_templates/ligand.pdb,results/PTP1B/02_template_guided_docking/tables/PTP1B_step02_ligand_order_manifest.csv,/home/wms/AF2-test/AF2-CatGraph/data/PTP1B/02_templates/ligand.pdb,LIG,untrimmed_input,1,17,standard,dock_py_exact,True,single_chain_same_length_same_ordered_sequence,299,1.0,1.0,,passed,,2442,17,8,1.02297371236534,2.2882030313815336,2.2882030313815336,10,True,"(0.0, 0.0, 0.0)",collision_py_exact,5.0
179,PTP1B_179,PTP1B_179_complex.pdb,PTP1B,179,PTP1B.AF2rank179.pdb,PTP1B.AF2rank179,/home/wms/AF2-test/AF2-CatGraph/data/PTP1B/01_af2_new/PTP1B.AF2rank179.pdb,results/PTP1B/02_template_guided_docking/complexes/PTP1B_179_complex.pdb,/home/wms/AF2-test/AF2-CatGraph/data/PTP1B/02_templates/template.pdb,/home/wms/AF2-test/AF2-CatGraph/data/PTP1B/02_templates/ligand.pdb,results/PTP1B/02_template_guided_docking/tables/PTP1B_step02_ligand_order_manifest.csv,/home/wms/AF2-test/AF2-CatGraph/data/PTP1B/02_templates/ligand.pdb,LIG,untrimmed_input,1,17,standard,dock_py_exact,True,single_chain_same_length_same_ordered_sequence,299,1.0,1.0,,passed,,2442,17,6,1.4179366773600237,2.2751763319751213,2.2751763319751213,10,True,"(0.0, 0.0, 0.0)",collision_py_exact,5.0
180,PTP1B_180,PTP1B_180_complex.pdb,PTP1B,180,PTP1B.AF2rank180.pdb,PTP1B.AF2rank180,/home/wms/AF2-test/AF2-CatGraph/data/PTP1B/01_af2_new/PTP1B.AF2rank180.pdb,results/PTP1B/02_template_guided_docking/complexes/PTP1B_180_complex.pdb,/home/wms/AF2-test/AF2-CatGraph/data/PTP1B/02_templates/template.pdb,/home/wms/AF2-test/AF2-CatGraph/data/PTP1B/02_templates/ligand.pdb,results/PTP1B/02_template_guided_docking/tables/PTP1B_step02_ligand_order_manifest.csv,/home/wms/AF2-test/AF2-CatGraph/data/PTP1B/02_templates/ligand.pdb,LIG,untrimmed_input,1,17,standard,dock_py_exact,True,single_chain_same_length_same_ordered_sequence,299,1.0,1.0,,passed,,2442,17,7,1.2887516460950783,2.3248264513221466,2.3248264513221466,10,True,"(0.0, 0.0, 0.0)",collision_py_exact,5.0
181,PTP1B_181,PTP1B_181_complex.pdb,PTP1B,181,PTP1B.AF2rank181.pdb,PTP1B.AF2rank181,/home/wms/AF2-test/AF2-CatGraph/data/PTP1B/01_af2_new/PTP1B.AF2rank181.pdb,results/PTP1B/02_template_guided_docking/complexes/PTP1B_181_complex.pdb,/home/wms/AF2-test/AF2-CatGraph/data/PTP1B/02_templates/template.pdb,/home/wms/AF2-test/AF2-CatGraph/data/PTP1B/02_templates/ligand.pdb,results/PTP1B/02_template_guided_docking/tables/PTP1B_step02_ligand_order_manifest.csv,/home/wms/AF2-test/AF2-CatGraph/data/PTP1B/02_templates/ligand.pdb,LIG,untrimmed_input,1,17,standard,dock_py_exact,True,single_chain_same_length_same_ordered_sequence,299,1.0,1.0,,passed,,2442,17,7,0.606477481480372,2.688319634447425,2.688319634447425,10,True,"(0.0, 0.0, 0.0)",collision_py_exact,5.0
182,PTP1B_182,PTP1B_182_complex.pdb,PTP1B,182,PTP1B.AF2rank182.pdb,PTP1B.AF2rank182,/home/wms/AF2-test/AF2-CatGraph/data/PTP1B/01_af2_new/PTP1B.AF2rank182.pdb,results/PTP1B/02_template_guided_docking/complexes/PTP1B_182_complex.pdb,/home/wms/AF2-test/AF2-CatGraph/data/PTP1B/02_templates/template.pdb,/home/wms/AF2-test/AF2-CatGraph/data/PTP1B/02_templates/ligand.pdb,results/PTP1B/02_template_guided_docking/tables/PTP1B_step02_ligand_order_manifest.csv,/home/wms/AF2-test/AF2-CatGraph/data/PTP1B/02_templates/ligand.pdb,LIG,untrimmed_input,1,17,standard,dock_py_exact,True,single_chain_same_length_same_ordered_sequence,299,1.0,1.0,,passed,,2442,17,7,1.380502036835452,2.0881738663009366,2.0881738663009366,10,True,"(0.0, 0.0, 0.0)",collision_py_exact,5.0
183,PTP1B_183,PTP1B_183_complex.pdb,PTP1B,183,PTP1B.AF2rank183.pdb,PTP1B.AF2rank183,/home/wms/AF2-test/AF2-CatGraph/data/PTP1B/01_af2_new/PTP1B.AF2rank183.pdb,results/PTP1B/02_template_guided_docking/complexes/PTP1B_183_complex.pdb,/home/wms/AF2-test/AF2-CatGraph/data/PTP1B/02_templates/template.pdb,/home/wms/AF2-test/AF2-CatGraph/data/PTP1B/02_templates/ligand.pdb,results/PTP1B/02_template_guided_docking/tables/PTP1B_step02_ligand_order_manifest.csv,/home/wms/AF2-test/AF2-CatGraph/data/PTP1B/02_templates/ligand.pdb,LIG,untrimmed_input,1,17,standard,dock_py_exact,True,single_chain_same_length_same_ordered_sequence,299,1.0,1.0,,passed,,2442,17,5,0.9004125495435908,2.347921162930827,2.347921162930827,10,True,"(0.0, 0.0, 0.0)",collision_py_exact,5.0
184,PTP1B_184,PTP1B_184_complex.pdb,PTP1B,184,PTP1B.AF2rank184.pdb,PTP1B.AF2rank184,/home/wms/AF2-test/AF2-CatGraph/data/PTP1B/01_af2_new/PTP1B.AF2rank184.pdb,results/PTP1B/02_template_guided_docking/complexes/PTP1B_184_complex.pdb,/home/wms/AF2-test/AF2-CatGraph/data/PTP1B/02_templates/template.pdb,/home/wms/AF2-test/AF2-CatGraph/data/PTP1B/02_templates/ligand.pdb,results/PTP1B/02_template_guided_docking/tables/PTP1B_step02_ligand_order_manifest.csv,/home/wms/AF2-test/AF2-CatGraph/data/PTP1B/02_templates/ligand.pdb,LIG,untrimmed_input,1,17,standard,dock_py_exact,True,single_chain_same_length_same_ordered_sequence,299,1.0,1.0,,passed,,2442,17,7,1.5284920174826722,2.349881374816206,2.349881374816206,10,True,"(0.0, 0.0, 0.0)",collision_py_exact,5.0
185,PTP1B_185,PTP1B_185_complex.pdb,PTP1B,185,PTP1B.AF2rank185.pdb,PTP1B.AF2rank185,/home/wms/AF2-test/AF2-CatGraph/data/PTP1B/01_af2_new/PTP1B.AF2rank185.pdb,results/PTP1B/02_template_guided_docking/complexes/PTP1B_185_complex.pdb,/home/wms/AF2-test/AF2-CatGraph/data/PTP1B/02_templates/template.pdb,/home/wms/AF2-test/AF2-CatGraph/data/PTP1B/02_templates/ligand.pdb,results/PTP1B/02_template_guided_docking/tables/PTP1B_step02_ligand_order_manifest.csv,/home/wms/AF2-test/AF2-CatGraph/data/PTP1B/02_templates/ligand.pdb,LIG,untrimmed_input,1,17,standard,dock_py_exact,True,single_chain_same_length_same_ordered_sequence,299,1.0,1.0,,passed,,2442,17,9,1.9532290725743895,2.401893901478844,2.401893901478844,10,True,"(0.0, 0.0, 0.0)",collision_py_exact,5.0
186,PTP1B_186,PTP1B_186_complex.pdb,PTP1B,186,PTP1B.AF2rank186.pdb,PTP1B.AF2rank186,/home/wms/AF2-test/AF2-CatGraph/data/PTP1B/01_af2_new/PTP1B.AF2rank186.pdb,results/PTP1B/02_template_guided_docking/complexes/PTP1B_186_complex.pdb,/home/wms/AF2-test/AF2-CatGraph/data/PTP1B/02_templates/template.pdb,/home/wms/AF2-test/AF2-CatGraph/data/PTP1B/02_templates/ligand.pdb,results/PTP1B/02_template_guided_docking/tables/PTP1B_step02_ligand_order_manifest.csv,/home/wms/AF2-test/AF2-CatGraph/data/PTP1B/02_templates/ligand.pdb,LIG,untrimmed_input,1,17,standard,dock_py_exact,True,single_chain_same_length_same_ordered_sequence,299,1.0,1.0,,passed,,2442,17,7,2.4889508356186267,2.0450253908135645,2.0450253908135645,10,True,"(0.0, 0.0, 0.0)",collision_py_exact,5.0
187,PTP1B_187,PTP1B_187_complex.pdb,PTP1B,187,PTP1B.AF2rank187.pdb,PTP1B.AF2rank187,/home/wms/AF2-test/AF2-CatGraph/data/PTP1B/01_af2_new/PTP1B.AF2rank187.pdb,results/PTP1B/02_template_guided_docking/complexes/PTP1B_187_complex.pdb,/home/wms/AF2-test/AF2-CatGraph/data/PTP1B/02_templates/template.pdb,/home/wms/AF2-test/AF2-CatGraph/data/PTP1B/02_templates/ligand.pdb,results/PTP1B/02_template_guided_docking/tables/PTP1B_step02_ligand_order_manifest.csv,/home/wms/AF2-test/AF2-CatGraph/data/PTP1B/02_templates/ligand.pdb,LIG,untrimmed_input,1,17,standard,dock_py_exact,True,single_chain_same_length_same_ordered_sequence,299,1.0,1.0,,passed,,2442,17,4,1.5806190249094407,2.056969620259269,2.056969620259269,10,True,"(0.0, 0.0, 0.0)",collision_py_exact,5.0
188,PTP1B_188,PTP1B_188_complex.pdb,PTP1B,188,PTP1B.AF2rank188.pdb,PTP1B.AF2rank188,/home/wms/AF2-test/AF2-CatGraph/data/PTP1B/01_af2_new/PTP1B.AF2rank188.pdb,results/PTP1B/02_template_guided_docking/complexes/PTP1B_188_complex.pdb,/home/wms/AF2-test/AF2-CatGraph/data/PTP1B/02_templates/template.pdb,/home/wms/AF2-test/AF2-CatGraph/data/PTP1B/02_templates/ligand.pdb,results/PTP1B/02_template_guided_docking/tables/PTP1B_step02_ligand_order_manifest.csv,/home/wms/AF2-test/AF2-CatGraph/data/PTP1B/02_templates/ligand.pdb,LIG,untrimmed_input,1,17,standard,dock_py_exact,True,single_chain_same_length_same_ordered_sequence,299,1.0,1.0,,passed,,2442,17,2,0.5453906841920788,2.1865828402791467,2.1865828402791467,10,True,"(0.0, 0.0, 0.0)",collision_py_exact,5.0
189,PTP1B_189,PTP1B_189_complex.pdb,PTP1B,189,PTP1B.AF2rank189.pdb,PTP1B.AF2rank189,/home/wms/AF2-test/AF2-CatGraph/data/PTP1B/01_af2_new/PTP1B.AF2rank189.pdb,results/PTP1B/02_template_guided_docking/complexes/PTP1B_189_complex.pdb,/home/wms/AF2-test/AF2-CatGraph/data/PTP1B/02_templates/template.pdb,/home/wms/AF2-test/AF2-CatGraph/data/PTP1B/02_templates/ligand.pdb,results/PTP1B/02_template_guided_docking/tables/PTP1B_step02_ligand_order_manifest.csv,/home/wms/AF2-test/AF2-CatGraph/data/PTP1B/02_templates/ligand.pdb,LIG,untrimmed_input,1,17,standard,dock_py_exact,True,single_chain_same_length_same_ordered_sequence,299,1.0,1.0,,passed,,2442,17,6,2.2331829135070005,2.1017012884948425,2.1017012884948425,10,True,"(0.0, 0.0, 0.0)",collision_py_exact,5.0
190,PTP1B_190,PTP1B_190_complex.pdb,PTP1B,190,PTP1B.AF2rank190.pdb,PTP1B.AF2rank190,/home/wms/AF2-test/AF2-CatGraph/data/PTP1B/01_af2_new/PTP1B.AF2rank190.pdb,results/PTP1B/02_template_guided_docking/complexes/PTP1B_190_complex.pdb,/home/wms/AF2-test/AF2-CatGraph/data/PTP1B/02_templates/template.pdb,/home/wms/AF2-test/AF2-CatGraph/data/PTP1B/02_templates/ligand.pdb,results/PTP1B/02_template_guided_docking/tables/PTP1B_step02_ligand_order_manifest.csv,/home/wms/AF2-test/AF2-CatGraph/data/PTP1B/02_templates/ligand.pdb,LIG,untrimmed_input,1,17,standard,dock_py_exact,True,single_chain_same_length_same_ordered_sequence,299,1.0,1.0,,passed,,2442,17,4,0.890035819625477,2.2279107403485487,2.2279107403485487,10,True,"(0.0, 0.0, 0.0)",collision_py_exact,5.0
191,PTP1B_191,PTP1B_191_complex.pdb,PTP1B,191,PTP1B.AF2rank191.pdb,PTP1B.AF2rank191,/home/wms/AF2-test/AF2-CatGraph/data/PTP1B/01_af2_new/PTP1B.AF2rank191.pdb,results/PTP1B/02_template_guided_docking/complexes/PTP1B_191_complex.pdb,/home/wms/AF2-test/AF2-CatGraph/data/PTP1B/02_templates/template.pdb,/home/wms/AF2-test/AF2-CatGraph/data/PTP1B/02_templates/ligand.pdb,results/PTP1B/02_template_guided_docking/tables/PTP1B_step02_ligand_order_manifest.csv,/home/wms/AF2-test/AF2-CatGraph/data/PTP1B/02_templates/ligand.pdb,LIG,untrimmed_input,1,17,standard,dock_py_exact,True,single_chain_same_length_same_ordered_sequence,299,1.0,1.0,,passed,,2442,17,9,1.976082668807929,2.172582349513681,2.172582349513681,10,True,"(0.0, 0.0, 0.0)",collision_py_exact,5.0
192,PTP1B_192,PTP1B_192_complex.pdb,PTP1B,192,PTP1B.AF2rank192.pdb,PTP1B.AF2rank192,/home/wms/AF2-test/AF2-CatGraph/data/PTP1B/01_af2_new/PTP1B.AF2rank192.pdb,results/PTP1B/02_template_guided_docking/complexes/PTP1B_192_complex.pdb,/home/wms/AF2-test/AF2-CatGraph/data/PTP1B/02_templates/template.pdb,/home/wms/AF2-test/AF2-CatGraph/data/PTP1B/02_templates/ligand.pdb,results/PTP1B/02_template_guided_docking/tables/PTP1B_step02_ligand_order_manifest.csv,/home/wms/AF2-test/AF2-CatGraph/data/PTP1B/02_templates/ligand.pdb,LIG,untrimmed_input,1,17,standard,dock_py_exact,True,single_chain_same_length_same_ordered_sequence,299,1.0,1.0,,passed,,2442,17,9,2.3303412741152916,2.02834791537282,2.02834791537282,10,True,"(0.0, 0.0, 0.0)",collision_py_exact,5.0
193,PTP1B_193,PTP1B_193_complex.pdb,PTP1B,193,PTP1B.AF2rank193.pdb,PTP1B.AF2rank193,/home/wms/AF2-test/AF2-CatGraph/data/PTP1B/01_af2_new/PTP1B.AF2rank193.pdb,results/PTP1B/02_template_guided_docking/complexes/PTP1B_193_complex.pdb,/home/wms/AF2-test/AF2-CatGraph/data/PTP1B/02_templates/template.pdb,/home/wms/AF2-test/AF2-CatGraph/data/PTP1B/02_templates/ligand.pdb,results/PTP1B/02_template_guided_docking/tables/PTP1B_step02_ligand_order_manifest.csv,/home/wms/AF2-test/AF2-CatGraph/data/PTP1B/02_templates/ligand.pdb,LIG,untrimmed_input,1,17,standard,dock_py_exact,True,single_chain_same_length_same_ordered_sequence,299,1.0,1.0,,passed,,2442,17,5,0.8691162536244814,2.3248634672246147,2.3248634672246147,10,True,"(0.0, 0.0, 0.0)",collision_py_exact,5.0
194,PTP1B_194,PTP1B_194_complex.pdb,PTP1B,194,PTP1B.AF2rank194.pdb,PTP1B.AF2rank194,/home/wms/AF2-test/AF2-CatGraph/data/PTP1B/01_af2_new/PTP1B.AF2rank194.pdb,results/PTP1B/02_template_guided_docking/complexes/PTP1B_194_complex.pdb,/home/wms/AF2-test/AF2-CatGraph/data/PTP1B/02_templates/template.pdb,/home/wms/AF2-test/AF2-CatGraph/data/PTP1B/02_templates/ligand.pdb,results/PTP1B/02_template_guided_docking/tables/PTP1B_step02_ligand_order_manifest.csv,/home/wms/AF2-test/AF2-CatGraph/data/PTP1B/02_templates/ligand.pdb,LIG,untrimmed_input,1,17,standard,dock_py_exact,True,single_chain_same_length_same_ordered_sequence,299,1.0,1.0,,passed,,2442,17,10,2.202193263692823,2.176835423062325,2.176835423062325,10,True,"(0.0, 0.0, 0.0)",collision_py_exact,5.0
195,PTP1B_195,PTP1B_195_complex.pdb,PTP1B,195,PTP1B.AF2rank195.pdb,PTP1B.AF2rank195,/home/wms/AF2-test/AF2-CatGraph/data/PTP1B/01_af2_new/PTP1B.AF2rank195.pdb,results/PTP1B/02_template_guided_docking/complexes/PTP1B_195_complex.pdb,/home/wms/AF2-test/AF2-CatGraph/data/PTP1B/02_templates/template.pdb,/home/wms/AF2-test/AF2-CatGraph/data/PTP1B/02_templates/ligand.pdb,results/PTP1B/02_template_guided_docking/tables/PTP1B_step02_ligand_order_manifest.csv,/home/wms/AF2-test/AF2-CatGraph/data/PTP1B/02_templates/ligand.pdb,LIG,untrimmed_input,1,17,standard,dock_py_exact,True,single_chain_same_length_same_ordered_sequence,299,1.0,1.0,,passed,,2442,17,10,2.6177692252155498,2.1006498777842317,2.1006498777842317,10,True,"(0.0, 0.0, 0.0)",collision_py_exact,5.0
196,PTP1B_196,PTP1B_196_complex.pdb,PTP1B,196,PTP1B.AF2rank196.pdb,PTP1B.AF2rank196,/home/wms/AF2-test/AF2-CatGraph/data/PTP1B/01_af2_new/PTP1B.AF2rank196.pdb,results/PTP1B/02_template_guided_docking/complexes/PTP1B_196_complex.pdb,/home/wms/AF2-test/AF2-CatGraph/data/PTP1B/02_templates/template.pdb,/home/wms/AF2-test/AF2-CatGraph/data/PTP1B/02_templates/ligand.pdb,results/PTP1B/02_template_guided_docking/tables/PTP1B_step02_ligand_order_manifest.csv,/home/wms/AF2-test/AF2-CatGraph/data/PTP1B/02_templates/ligand.pdb,LIG,untrimmed_input,1,17,standard,dock_py_exact,True,single_chain_same_length_same_ordered_sequence,299,1.0,1.0,,passed,,2442,17,6,1.1598926498214457,2.1246305519045507,2.1246305519045507,10,True,"(0.0, 0.0, 0.0)",collision_py_exact,5.0
197,PTP1B_197,PTP1B_197_complex.pdb,PTP1B,197,PTP1B.AF2rank197.pdb,PTP1B.AF2rank197,/home/wms/AF2-test/AF2-CatGraph/data/PTP1B/01_af2_new/PTP1B.AF2rank197.pdb,results/PTP1B/02_template_guided_docking/complexes/PTP1B_197_complex.pdb,/home/wms/AF2-test/AF2-CatGraph/data/PTP1B/02_templates/template.pdb,/home/wms/AF2-test/AF2-CatGraph/data/PTP1B/02_templates/ligand.pdb,results/PTP1B/02_template_guided_docking/tables/PTP1B_step02_ligand_order_manifest.csv,/home/wms/AF2-test/AF2-CatGraph/data/PTP1B/02_templates/ligand.pdb,LIG,untrimmed_input,1,17,standard,dock_py_exact,True,single_chain_same_length_same_ordered_sequence,299,1.0,1.0,,passed,,2442,17,8,1.7066407183588117,2.076405765187276,2.076405765187276,10,True,"(0.0, 0.0, 0.0)",collision_py_exact,5.0
198,PTP1B_198,PTP1B_198_complex.pdb,PTP1B,198,PTP1B.AF2rank198.pdb,PTP1B.AF2rank198,/home/wms/AF2-test/AF2-CatGraph/data/PTP1B/01_af2_new/PTP1B.AF2rank198.pdb,results/PTP1B/02_template_guided_docking/complexes/PTP1B_198_complex.pdb,/home/wms/AF2-test/AF2-CatGraph/data/PTP1B/02_templates/template.pdb,/home/wms/AF2-test/AF2-CatGraph/data/PTP1B/02_templates/ligand.pdb,results/PTP1B/02_template_guided_docking/tables/PTP1B_step02_ligand_order_manifest.csv,/home/wms/AF2-test/AF2-CatGraph/data/PTP1B/02_templates/ligand.pdb,LIG,untrimmed_input,1,17,standard,dock_py_exact,True,single_chain_same_length_same_ordered_sequence,299,1.0,1.0,,passed,,2442,17,8,2.264913935763986,2.2121594849481054,2.2121594849481054,10,True,"(0.0, 0.0, 0.0)",collision_py_exact,5.0
199,PTP1B_199,PTP1B_199_complex.pdb,PTP1B,199,PTP1B.AF2rank199.pdb,PTP1B.AF2rank199,/home/wms/AF2-test/AF2-CatGraph/data/PTP1B/01_af2_new/PTP1B.AF2rank199.pdb,results/PTP1B/02_template_guided_docking/complexes/PTP1B_199_complex.pdb,/home/wms/AF2-test/AF2-CatGraph/data/PTP1B/02_templates/template.pdb,/home/wms/AF2-test/AF2-CatGraph/data/PTP1B/02_templates/ligand.pdb,results/PTP1B/02_template_guided_docking/tables/PTP1B_step02_ligand_order_manifest.csv,/home/wms/AF2-test/AF2-CatGraph/data/PTP1B/02_templates/ligand.pdb,LIG,untrimmed_input,1,17,standard,dock_py_exact,True,single_chain_same_length_same_ordered_sequence,299,1.0,1.0,,passed,,2442,17,6,1.8567004615293548,2.217083630294363,2.217083630294363,10,True,"(0.0, 0.0, 0.0)",collision_py_exact,5.0
200,PTP1B_200,PTP1B_200_complex.pdb,PTP1B,200,PTP1B.AF2rank200.pdb,PTP1B.AF2rank200,/home/wms/AF2-test/AF2-CatGraph/data/PTP1B/01_af2_new/PTP1B.AF2rank200.pdb,results/PTP1B/02_template_guided_docking/complexes/PTP1B_200_complex.pdb,/home/wms/AF2-test/AF2-CatGraph/data/PTP1B/02_templates/template.pdb,/home/wms/AF2-test/AF2-CatGraph/data/PTP1B/02_templates/ligand.pdb,results/PTP1B/02_template_guided_docking/tables/PTP1B_step02_ligand_order_manifest.csv,/home/wms/AF2-test/AF2-CatGraph/data/PTP1B/02_templates/ligand.pdb,LIG,untrimmed_input,1,17,standard,dock_py_exact,True,single_chain_same_length_same_ordered_sequence,299,1.0,1.0,,passed,,2442,17,4,0.7084907879959532,2.2622796881544915,2.2622796881544915,10,True,"(0.0, 0.0, 0.0)",collision_py_exact,5.0
201,PTP1B_201,PTP1B_201_complex.pdb,PTP1B,201,PTP1B.AF2rank201.pdb,PTP1B.AF2rank201,/home/wms/AF2-test/AF2-CatGraph/data/PTP1B/01_af2_new/PTP1B.AF2rank201.pdb,results/PTP1B/02_template_guided_docking/complexes/PTP1B_201_complex.pdb,/home/wms/AF2-test/AF2-CatGraph/data/PTP1B/02_templates/template.pdb,/home/wms/AF2-test/AF2-CatGraph/data/PTP1B/02_templates/ligand.pdb,results/PTP1B/02_template_guided_docking/tables/PTP1B_step02_ligand_order_manifest.csv,/home/wms/AF2-test/AF2-CatGraph/data/PTP1B/02_templates/ligand.pdb,LIG,untrimmed_input,1,17,standard,dock_py_exact,True,single_chain_same_length_same_ordered_sequence,299,1.0,1.0,,passed,,2442,17,4,1.11045320609393,2.330636474990355,2.330636474990355,10,True,"(0.0, 0.0, 0.0)",collision_py_exact,5.0
202,PTP1B_202,PTP1B_202_complex.pdb,PTP1B,202,PTP1B.AF2rank202.pdb,PTP1B.AF2rank202,/home/wms/AF2-test/AF2-CatGraph/data/PTP1B/01_af2_new/PTP1B.AF2rank202.pdb,results/PTP1B/02_template_guided_docking/complexes/PTP1B_202_complex.pdb,/home/wms/AF2-test/AF2-CatGraph/data/PTP1B/02_templates/template.pdb,/home/wms/AF2-test/AF2-CatGraph/data/PTP1B/02_templates/ligand.pdb,results/PTP1B/02_template_guided_docking/tables/PTP1B_step02_ligand_order_manifest.csv,/home/wms/AF2-test/AF2-CatGraph/data/PTP1B/02_templates/ligand.pdb,LIG,untrimmed_input,1,17,standard,dock_py_exact,True,single_chain_same_length_same_ordered_sequence,299,1.0,1.0,,passed,,2442,17,3,0.9059067296566314,2.1922223148449294,2.1922223148449294,10,True,"(0.0, 0.0, 0.0)",collision_py_exact,5.0
203,PTP1B_203,PTP1B_203_complex.pdb,PTP1B,203,PTP1B.AF2rank203.pdb,PTP1B.AF2rank203,/home/wms/AF2-test/AF2-CatGraph/data/PTP1B/01_af2_new/PTP1B.AF2rank203.pdb,results/PTP1B/02_template_guided_docking/complexes/PTP1B_203_complex.pdb,/home/wms/AF2-test/AF2-CatGraph/data/PTP1B/02_templates/template.pdb,/home/wms/AF2-test/AF2-CatGraph/data/PTP1B/02_templates/ligand.pdb,results/PTP1B/02_template_guided_docking/tables/PTP1B_step02_ligand_order_manifest.csv,/home/wms/AF2-test/AF2-CatGraph/data/PTP1B/02_templates/ligand.pdb,LIG,untrimmed_input,1,17,standard,dock_py_exact,True,single_chain_same_length_same_ordered_sequence,299,1.0,1.0,,passed,,2442,17,8,1.9045531034025127,2.0549730354851676,2.0549730354851676,10,True,"(0.0, 0.0, 0.0)",collision_py_exact,5.0
204,PTP1B_204,PTP1B_204_complex.pdb,PTP1B,204,PTP1B.AF2rank204.pdb,PTP1B.AF2rank204,/home/wms/AF2-test/AF2-CatGraph/data/PTP1B/01_af2_new/PTP1B.AF2rank204.pdb,results/PTP1B/02_template_guided_docking/complexes/PTP1B_204_complex.pdb,/home/wms/AF2-test/AF2-CatGraph/data/PTP1B/02_templates/template.pdb,/home/wms/AF2-test/AF2-CatGraph/data/PTP1B/02_templates/ligand.pdb,results/PTP1B/02_template_guided_docking/tables/PTP1B_step02_ligand_order_manifest.csv,/home/wms/AF2-test/AF2-CatGraph/data/PTP1B/02_templates/ligand.pdb,LIG,untrimmed_input,1,17,standard,dock_py_exact,True,single_chain_same_length_same_ordered_sequence,299,1.0,1.0,,passed,,2442,17,7,1.1807517284408475,2.4114064677428284,2.4114064677428284,10,True,"(0.0, 0.0, 0.0)",collision_py_exact,5.0
205,PTP1B_205,PTP1B_205_complex.pdb,PTP1B,205,PTP1B.AF2rank205.pdb,PTP1B.AF2rank205,/home/wms/AF2-test/AF2-CatGraph/data/PTP1B/01_af2_new/PTP1B.AF2rank205.pdb,results/PTP1B/02_template_guided_docking/complexes/PTP1B_205_complex.pdb,/home/wms/AF2-test/AF2-CatGraph/data/PTP1B/02_templates/template.pdb,/home/wms/AF2-test/AF2-CatGraph/data/PTP1B/02_templates/ligand.pdb,results/PTP1B/02_template_guided_docking/tables/PTP1B_step02_ligand_order_manifest.csv,/home/wms/AF2-test/AF2-CatGraph/data/PTP1B/02_templates/ligand.pdb,LIG,untrimmed_input,1,17,standard,dock_py_exact,True,single_chain_same_length_same_ordered_sequence,299,1.0,1.0,,passed,,2442,17,7,1.8825491156053809,2.3574442438144967,2.3574442438144967,10,True,"(0.0, 0.0, 0.0)",collision_py_exact,5.0
206,PTP1B_206,PTP1B_206_complex.pdb,PTP1B,206,PTP1B.AF2rank206.pdb,PTP1B.AF2rank206,/home/wms/AF2-test/AF2-CatGraph/data/PTP1B/01_af2_new/PTP1B.AF2rank206.pdb,results/PTP1B/02_template_guided_docking/complexes/PTP1B_206_complex.pdb,/home/wms/AF2-test/AF2-CatGraph/data/PTP1B/02_templates/template.pdb,/home/wms/AF2-test/AF2-CatGraph/data/PTP1B/02_templates/ligand.pdb,results/PTP1B/02_template_guided_docking/tables/PTP1B_step02_ligand_order_manifest.csv,/home/wms/AF2-test/AF2-CatGraph/data/PTP1B/02_templates/ligand.pdb,LIG,untrimmed_input,1,17,standard,dock_py_exact,True,single_chain_same_length_same_ordered_sequence,299,1.0,1.0,,passed,,2442,17,6,1.233961462015007,2.281110873138804,2.281110873138804,10,True,"(0.0, 0.0, 0.0)",collision_py_exact,5.0
207,PTP1B_207,PTP1B_207_complex.pdb,PTP1B,207,PTP1B.AF2rank207.pdb,PTP1B.AF2rank207,/home/wms/AF2-test/AF2-CatGraph/data/PTP1B/01_af2_new/PTP1B.AF2rank207.pdb,results/PTP1B/02_template_guided_docking/complexes/PTP1B_207_complex.pdb,/home/wms/AF2-test/AF2-CatGraph/data/PTP1B/02_templates/template.pdb,/home/wms/AF2-test/AF2-CatGraph/data/PTP1B/02_templates/ligand.pdb,results/PTP1B/02_template_guided_docking/tables/PTP1B_step02_ligand_order_manifest.csv,/home/wms/AF2-test/AF2-CatGraph/data/PTP1B/02_templates/ligand.pdb,LIG,untrimmed_input,1,17,standard,dock_py_exact,True,single_chain_same_length_same_ordered_sequence,299,1.0,1.0,,passed,,2442,17,9,2.1722453804097253,2.118334176904982,2.118334176904982,10,True,"(0.0, 0.0, 0.0)",collision_py_exact,5.0
208,PTP1B_208,PTP1B_208_complex.pdb,PTP1B,208,PTP1B.AF2rank208.pdb,PTP1B.AF2rank208,/home/wms/AF2-test/AF2-CatGraph/data/PTP1B/01_af2_new/PTP1B.AF2rank208.pdb,results/PTP1B/02_template_guided_docking/complexes/PTP1B_208_complex.pdb,/home/wms/AF2-test/AF2-CatGraph/data/PTP1B/02_templates/template.pdb,/home/wms/AF2-test/AF2-CatGraph/data/PTP1B/02_templates/ligand.pdb,results/PTP1B/02_template_guided_docking/tables/PTP1B_step02_ligand_order_manifest.csv,/home/wms/AF2-test/AF2-CatGraph/data/PTP1B/02_templates/ligand.pdb,LIG,untrimmed_input,1,17,standard,dock_py_exact,True,single_chain_same_length_same_ordered_sequence,299,1.0,1.0,,passed,,2442,17,5,1.407698430290747,2.175538112333827,2.175538112333827,10,True,"(0.0, 0.0, 0.0)",collision_py_exact,5.0
209,PTP1B_209,PTP1B_209_complex.pdb,PTP1B,209,PTP1B.AF2rank209.pdb,PTP1B.AF2rank209,/home/wms/AF2-test/AF2-CatGraph/data/PTP1B/01_af2_new/PTP1B.AF2rank209.pdb,results/PTP1B/02_template_guided_docking/complexes/PTP1B_209_complex.pdb,/home/wms/AF2-test/AF2-CatGraph/data/PTP1B/02_templates/template.pdb,/home/wms/AF2-test/AF2-CatGraph/data/PTP1B/02_templates/ligand.pdb,results/PTP1B/02_template_guided_docking/tables/PTP1B_step02_ligand_order_manifest.csv,/home/wms/AF2-test/AF2-CatGraph/data/PTP1B/02_templates/ligand.pdb,LIG,untrimmed_input,1,17,standard,dock_py_exact,True,single_chain_same_length_same_ordered_sequence,299,1.0,1.0,,passed,,2442,17,8,1.6101865299556049,2.2166983887849634,2.2166983887849634,10,True,"(0.0, 0.0, 0.0)",collision_py_exact,5.0
210,PTP1B_210,PTP1B_210_complex.pdb,PTP1B,210,PTP1B.AF2rank210.pdb,PTP1B.AF2rank210,/home/wms/AF2-test/AF2-CatGraph/data/PTP1B/01_af2_new/PTP1B.AF2rank210.pdb,results/PTP1B/02_template_guided_docking/complexes/PTP1B_210_complex.pdb,/home/wms/AF2-test/AF2-CatGraph/data/PTP1B/02_templates/template.pdb,/home/wms/AF2-test/AF2-CatGraph/data/PTP1B/02_templates/ligand.pdb,results/PTP1B/02_template_guided_docking/tables/PTP1B_step02_ligand_order_manifest.csv,/home/wms/AF2-test/AF2-CatGraph/data/PTP1B/02_templates/ligand.pdb,LIG,untrimmed_input,1,17,standard,dock_py_exact,True,single_chain_same_length_same_ordered_sequence,299,1.0,1.0,,passed,,2442,17,6,1.6695524669946336,2.2063477542131866,2.2063477542131866,10,True,"(0.0, 0.0, 0.0)",collision_py_exact,5.0
211,PTP1B_211,PTP1B_211_complex.pdb,PTP1B,211,PTP1B.AF2rank211.pdb,PTP1B.AF2rank211,/home/wms/AF2-test/AF2-CatGraph/data/PTP1B/01_af2_new/PTP1B.AF2rank211.pdb,results/PTP1B/02_template_guided_docking/complexes/PTP1B_211_complex.pdb,/home/wms/AF2-test/AF2-CatGraph/data/PTP1B/02_templates/template.pdb,/home/wms/AF2-test/AF2-CatGraph/data/PTP1B/02_templates/ligand.pdb,results/PTP1B/02_template_guided_docking/tables/PTP1B_step02_ligand_order_manifest.csv,/home/wms/AF2-test/AF2-CatGraph/data/PTP1B/02_templates/ligand.pdb,LIG,untrimmed_input,1,17,standard,dock_py_exact,True,single_chain_same_length_same_ordered_sequence,299,1.0,1.0,,passed,,2442,17,4,0.9611204845353396,2.346137989484481,2.346137989484481,10,True,"(0.0, 0.0, 0.0)",collision_py_exact,5.0
212,PTP1B_212,PTP1B_212_complex.pdb,PTP1B,212,PTP1B.AF2rank212.pdb,PTP1B.AF2rank212,/home/wms/AF2-test/AF2-CatGraph/data/PTP1B/01_af2_new/PTP1B.AF2rank212.pdb,results/PTP1B/02_template_guided_docking/complexes/PTP1B_212_complex.pdb,/home/wms/AF2-test/AF2-CatGraph/data/PTP1B/02_templates/template.pdb,/home/wms/AF2-test/AF2-CatGraph/data/PTP1B/02_templates/ligand.pdb,results/PTP1B/02_template_guided_docking/tables/PTP1B_step02_ligand_order_manifest.csv,/home/wms/AF2-test/AF2-CatGraph/data/PTP1B/02_templates/ligand.pdb,LIG,untrimmed_input,1,17,standard,dock_py_exact,True,single_chain_same_length_same_ordered_sequence,299,1.0,1.0,,passed,,2442,17,8,2.132912493932394,2.025350830629889,2.025350830629889,10,True,"(0.0, 0.0, 0.0)",collision_py_exact,5.0
213,PTP1B_213,PTP1B_213_complex.pdb,PTP1B,213,PTP1B.AF2rank213.pdb,PTP1B.AF2rank213,/home/wms/AF2-test/AF2-CatGraph/data/PTP1B/01_af2_new/PTP1B.AF2rank213.pdb,results/PTP1B/02_template_guided_docking/complexes/PTP1B_213_complex.pdb,/home/wms/AF2-test/AF2-CatGraph/data/PTP1B/02_templates/template.pdb,/home/wms/AF2-test/AF2-CatGraph/data/PTP1B/02_templates/ligand.pdb,results/PTP1B/02_template_guided_docking/tables/PTP1B_step02_ligand_order_manifest.csv,/home/wms/AF2-test/AF2-CatGraph/data/PTP1B/02_templates/ligand.pdb,LIG,untrimmed_input,1,17,standard,dock_py_exact,True,single_chain_same_length_same_ordered_sequence,299,1.0,1.0,,passed,,2442,17,7,2.0533381529202654,2.0430946505408634,2.0430946505408634,10,True,"(0.0, 0.0, 0.0)",collision_py_exact,5.0
214,PTP1B_214,PTP1B_214_complex.pdb,PTP1B,214,PTP1B.AF2rank214.pdb,PTP1B.AF2rank214,/home/wms/AF2-test/AF2-CatGraph/data/PTP1B/01_af2_new/PTP1B.AF2rank214.pdb,results/PTP1B/02_template_guided_docking/complexes/PTP1B_214_complex.pdb,/home/wms/AF2-test/AF2-CatGraph/data/PTP1B/02_templates/template.pdb,/home/wms/AF2-test/AF2-CatGraph/data/PTP1B/02_templates/ligand.pdb,results/PTP1B/02_template_guided_docking/tables/PTP1B_step02_ligand_order_manifest.csv,/home/wms/AF2-test/AF2-CatGraph/data/PTP1B/02_templates/ligand.pdb,LIG,untrimmed_input,1,17,standard,dock_py_exact,True,single_chain_same_length_same_ordered_sequence,299,1.0,1.0,,passed,,2442,17,8,2.2962893435106078,2.151535296747024,2.151535296747024,10,True,"(0.0, 0.0, 0.0)",collision_py_exact,5.0
215,PTP1B_215,PTP1B_215_complex.pdb,PTP1B,215,PTP1B.AF2rank215.pdb,PTP1B.AF2rank215,/home/wms/AF2-test/AF2-CatGraph/data/PTP1B/01_af2_new/PTP1B.AF2rank215.pdb,results/PTP1B/02_template_guided_docking/complexes/PTP1B_215_complex.pdb,/home/wms/AF2-test/AF2-CatGraph/data/PTP1B/02_templates/template.pdb,/home/wms/AF2-test/AF2-CatGraph/data/PTP1B/02_templates/ligand.pdb,results/PTP1B/02_template_guided_docking/tables/PTP1B_step02_ligand_order_manifest.csv,/home/wms/AF2-test/AF2-CatGraph/data/PTP1B/02_templates/ligand.pdb,LIG,untrimmed_input,1,17,standard,dock_py_exact,True,single_chain_same_length_same_ordered_sequence,299,1.0,1.0,,passed,,2442,17,6,2.262101575108558,2.023661192404366,2.023661192404366,10,True,"(0.0, 0.0, 0.0)",collision_py_exact,5.0
216,PTP1B_216,PTP1B_216_complex.pdb,PTP1B,216,PTP1B.AF2rank216.pdb,PTP1B.AF2rank216,/home/wms/AF2-test/AF2-CatGraph/data/PTP1B/01_af2_new/PTP1B.AF2rank216.pdb,results/PTP1B/02_template_guided_docking/complexes/PTP1B_216_complex.pdb,/home/wms/AF2-test/AF2-CatGraph/data/PTP1B/02_templates/template.pdb,/home/wms/AF2-test/AF2-CatGraph/data/PTP1B/02_templates/ligand.pdb,results/PTP1B/02_template_guided_docking/tables/PTP1B_step02_ligand_order_manifest.csv,/home/wms/AF2-test/AF2-CatGraph/data/PTP1B/02_templates/ligand.pdb,LIG,untrimmed_input,1,17,standard,dock_py_exact,True,single_chain_same_length_same_ordered_sequence,299,1.0,1.0,,passed,,2442,17,8,2.466152396517761,2.096066183972793,2.096066183972793,10,True,"(0.0, 0.0, 0.0)",collision_py_exact,5.0
217,PTP1B_217,PTP1B_217_complex.pdb,PTP1B,217,PTP1B.AF2rank217.pdb,PTP1B.AF2rank217,/home/wms/AF2-test/AF2-CatGraph/data/PTP1B/01_af2_new/PTP1B.AF2rank217.pdb,results/PTP1B/02_template_guided_docking/complexes/PTP1B_217_complex.pdb,/home/wms/AF2-test/AF2-CatGraph/data/PTP1B/02_templates/template.pdb,/home/wms/AF2-test/AF2-CatGraph/data/PTP1B/02_templates/ligand.pdb,results/PTP1B/02_template_guided_docking/tables/PTP1B_step02_ligand_order_manifest.csv,/home/wms/AF2-test/AF2-CatGraph/data/PTP1B/02_templates/ligand.pdb,LIG,untrimmed_input,1,17,standard,dock_py_exact,True,single_chain_same_length_same_ordered_sequence,299,1.0,1.0,,passed,,2442,17,9,2.5227295789245447,2.1598310956561475,2.1598310956561475,10,True,"(0.0, 0.0, 0.0)",collision_py_exact,5.0
218,PTP1B_218,PTP1B_218_complex.pdb,PTP1B,218,PTP1B.AF2rank218.pdb,PTP1B.AF2rank218,/home/wms/AF2-test/AF2-CatGraph/data/PTP1B/01_af2_new/PTP1B.AF2rank218.pdb,results/PTP1B/02_template_guided_docking/complexes/PTP1B_218_complex.pdb,/home/wms/AF2-test/AF2-CatGraph/data/PTP1B/02_templates/template.pdb,/home/wms/AF2-test/AF2-CatGraph/data/PTP1B/02_templates/ligand.pdb,results/PTP1B/02_template_guided_docking/tables/PTP1B_step02_ligand_order_manifest.csv,/home/wms/AF2-test/AF2-CatGraph/data/PTP1B/02_templates/ligand.pdb,LIG,untrimmed_input,1,17,standard,dock_py_exact,True,single_chain_same_length_same_ordered_sequence,299,1.0,1.0,,passed,,2442,17,9,1.6204645367425008,2.262462679289024,2.262462679289024,10,True,"(0.0, 0.0, 0.0)",collision_py_exact,5.0
219,PTP1B_219,PTP1B_219_complex.pdb,PTP1B,219,PTP1B.AF2rank219.pdb,PTP1B.AF2rank219,/home/wms/AF2-test/AF2-CatGraph/data/PTP1B/01_af2_new/PTP1B.AF2rank219.pdb,results/PTP1B/02_template_guided_docking/complexes/PTP1B_219_complex.pdb,/home/wms/AF2-test/AF2-CatGraph/data/PTP1B/02_templates/template.pdb,/home/wms/AF2-test/AF2-CatGraph/data/PTP1B/02_templates/ligand.pdb,results/PTP1B/02_template_guided_docking/tables/PTP1B_step02_ligand_order_manifest.csv,/home/wms/AF2-test/AF2-CatGraph/data/PTP1B/02_templates/ligand.pdb,LIG,untrimmed_input,1,17,standard,dock_py_exact,True,single_chain_same_length_same_ordered_sequence,299,1.0,1.0,,passed,,2442,17,8,1.8973493447343515,2.22579747423296,2.22579747423296,10,True,"(0.0, 0.0, 0.0)",collision_py_exact,5.0
220,PTP1B_220,PTP1B_220_complex.pdb,PTP1B,220,PTP1B.AF2rank220.pdb,PTP1B.AF2rank220,/home/wms/AF2-test/AF2-CatGraph/data/PTP1B/01_af2_new/PTP1B.AF2rank220.pdb,results/PTP1B/02_template_guided_docking/complexes/PTP1B_220_complex.pdb,/home/wms/AF2-test/AF2-CatGraph/data/PTP1B/02_templates/template.pdb,/home/wms/AF2-test/AF2-CatGraph/data/PTP1B/02_templates/ligand.pdb,results/PTP1B/02_template_guided_docking/tables/PTP1B_step02_ligand_order_manifest.csv,/home/wms/AF2-test/AF2-CatGraph/data/PTP1B/02_templates/ligand.pdb,LIG,untrimmed_input,1,17,standard,dock_py_exact,True,single_chain_same_length_same_ordered_sequence,299,1.0,1.0,,passed,,2442,17,9,1.6126963617179015,2.4410625673798223,2.4410625673798223,10,True,"(0.0, 0.0, 0.0)",collision_py_exact,5.0
221,PTP1B_221,PTP1B_221_complex.pdb,PTP1B,221,PTP1B.AF2rank221.pdb,PTP1B.AF2rank221,/home/wms/AF2-test/AF2-CatGraph/data/PTP1B/01_af2_new/PTP1B.AF2rank221.pdb,results/PTP1B/02_template_guided_docking/complexes/PTP1B_221_complex.pdb,/home/wms/AF2-test/AF2-CatGraph/data/PTP1B/02_templates/template.pdb,/home/wms/AF2-test/AF2-CatGraph/data/PTP1B/02_templates/ligand.pdb,results/PTP1B/02_template_guided_docking/tables/PTP1B_step02_ligand_order_manifest.csv,/home/wms/AF2-test/AF2-CatGraph/data/PTP1B/02_templates/ligand.pdb,LIG,untrimmed_input,1,17,standard,dock_py_exact,True,single_chain_same_length_same_ordered_sequence,299,1.0,1.0,,passed,,2442,17,7,1.6221213280530837,2.0035553109569353,2.0035553109569353,10,True,"(0.0, 0.0, 0.0)",collision_py_exact,5.0
222,PTP1B_222,PTP1B_222_complex.pdb,PTP1B,222,PTP1B.AF2rank222.pdb,PTP1B.AF2rank222,/home/wms/AF2-test/AF2-CatGraph/data/PTP1B/01_af2_new/PTP1B.AF2rank222.pdb,results/PTP1B/02_template_guided_docking/complexes/PTP1B_222_complex.pdb,/home/wms/AF2-test/AF2-CatGraph/data/PTP1B/02_templates/template.pdb,/home/wms/AF2-test/AF2-CatGraph/data/PTP1B/02_templates/ligand.pdb,results/PTP1B/02_template_guided_docking/tables/PTP1B_step02_ligand_order_manifest.csv,/home/wms/AF2-test/AF2-CatGraph/data/PTP1B/02_templates/ligand.pdb,LIG,untrimmed_input,1,17,standard,dock_py_exact,True,single_chain_same_length_same_ordered_sequence,299,1.0,1.0,,passed,,2442,17,6,1.411197700203171,2.2141700601721466,2.2141700601721466,10,True,"(0.0, 0.0, 0.0)",collision_py_exact,5.0
223,PTP1B_223,PTP1B_223_complex.pdb,PTP1B,223,PTP1B.AF2rank223.pdb,PTP1B.AF2rank223,/home/wms/AF2-test/AF2-CatGraph/data/PTP1B/01_af2_new/PTP1B.AF2rank223.pdb,results/PTP1B/02_template_guided_docking/complexes/PTP1B_223_complex.pdb,/home/wms/AF2-test/AF2-CatGraph/data/PTP1B/02_templates/template.pdb,/home/wms/AF2-test/AF2-CatGraph/data/PTP1B/02_templates/ligand.pdb,results/PTP1B/02_template_guided_docking/tables/PTP1B_step02_ligand_order_manifest.csv,/home/wms/AF2-test/AF2-CatGraph/data/PTP1B/02_templates/ligand.pdb,LIG,untrimmed_input,1,17,standard,dock_py_exact,True,single_chain_same_length_same_ordered_sequence,299,1.0,1.0,,passed,,2442,17,4,1.6603509720904985,2.039620695093362,2.039620695093362,10,True,"(0.0, 0.0, 0.0)",collision_py_exact,5.0
224,PTP1B_224,PTP1B_224_complex.pdb,PTP1B,224,PTP1B.AF2rank224.pdb,PTP1B.AF2rank224,/home/wms/AF2-test/AF2-CatGraph/data/PTP1B/01_af2_new/PTP1B.AF2rank224.pdb,results/PTP1B/02_template_guided_docking/complexes/PTP1B_224_complex.pdb,/home/wms/AF2-test/AF2-CatGraph/data/PTP1B/02_templates/template.pdb,/home/wms/AF2-test/AF2-CatGraph/data/PTP1B/02_templates/ligand.pdb,results/PTP1B/02_template_guided_docking/tables/PTP1B_step02_ligand_order_manifest.csv,/home/wms/AF2-test/AF2-CatGraph/data/PTP1B/02_templates/ligand.pdb,LIG,untrimmed_input,1,17,standard,dock_py_exact,True,single_chain_same_length_same_ordered_sequence,299,1.0,1.0,,passed,,2442,17,7,2.1472269325801574,2.1546573066837817,2.1546573066837817,10,True,"(0.0, 0.0, 0.0)",collision_py_exact,5.0
225,PTP1B_225,PTP1B_225_complex.pdb,PTP1B,225,PTP1B.AF2rank225.pdb,PTP1B.AF2rank225,/home/wms/AF2-test/AF2-CatGraph/data/PTP1B/01_af2_new/PTP1B.AF2rank225.pdb,results/PTP1B/02_template_guided_docking/complexes/PTP1B_225_complex.pdb,/home/wms/AF2-test/AF2-CatGraph/data/PTP1B/02_templates/template.pdb,/home/wms/AF2-test/AF2-CatGraph/data/PTP1B/02_templates/ligand.pdb,results/PTP1B/02_template_guided_docking/tables/PTP1B_step02_ligand_order_manifest.csv,/home/wms/AF2-test/AF2-CatGraph/data/PTP1B/02_templates/ligand.pdb,LIG,untrimmed_input,1,17,standard,dock_py_exact,True,single_chain_same_length_same_ordered_sequence,299,1.0,1.0,,passed,,2442,17,10,2.776297482791611,2.2097405880356065,2.2097405880356065,10,True,"(0.0, 0.0, 0.0)",collision_py_exact,5.0
226,PTP1B_226,PTP1B_226_complex.pdb,PTP1B,226,PTP1B.AF2rank226.pdb,PTP1B.AF2rank226,/home/wms/AF2-test/AF2-CatGraph/data/PTP1B/01_af2_new/PTP1B.AF2rank226.pdb,results/PTP1B/02_template_guided_docking/complexes/PTP1B_226_complex.pdb,/home/wms/AF2-test/AF2-CatGraph/data/PTP1B/02_templates/template.pdb,/home/wms/AF2-test/AF2-CatGraph/data/PTP1B/02_templates/ligand.pdb,results/PTP1B/02_template_guided_docking/tables/PTP1B_step02_ligand_order_manifest.csv,/home/wms/AF2-test/AF2-CatGraph/data/PTP1B/02_templates/ligand.pdb,LIG,untrimmed_input,1,17,standard,dock_py_exact,True,single_chain_same_length_same_ordered_sequence,299,1.0,1.0,,passed,,2442,17,9,2.4301815164291036,2.0219853398785306,2.0219853398785306,10,True,"(0.0, 0.0, 0.0)",collision_py_exact,5.0
227,PTP1B_227,PTP1B_227_complex.pdb,PTP1B,227,PTP1B.AF2rank227.pdb,PTP1B.AF2rank227,/home/wms/AF2-test/AF2-CatGraph/data/PTP1B/01_af2_new/PTP1B.AF2rank227.pdb,results/PTP1B/02_template_guided_docking/complexes/PTP1B_227_complex.pdb,/home/wms/AF2-test/AF2-CatGraph/data/PTP1B/02_templates/template.pdb,/home/wms/AF2-test/AF2-CatGraph/data/PTP1B/02_templates/ligand.pdb,results/PTP1B/02_template_guided_docking/tables/PTP1B_step02_ligand_order_manifest.csv,/home/wms/AF2-test/AF2-CatGraph/data/PTP1B/02_templates/ligand.pdb,LIG,untrimmed_input,1,17,standard,dock_py_exact,True,single_chain_same_length_same_ordered_sequence,299,1.0,1.0,,passed,,2442,17,7,1.3412332311220179,2.1924259958086516,2.1924259958086516,10,True,"(0.0, 0.0, 0.0)",collision_py_exact,5.0
229,PTP1B_229,PTP1B_229_complex.pdb,PTP1B,229,PTP1B.AF2rank229.pdb,PTP1B.AF2rank229,/home/wms/AF2-test/AF2-CatGraph/data/PTP1B/01_af2_new/PTP1B.AF2rank229.pdb,results/PTP1B/02_template_guided_docking/complexes/PTP1B_229_complex.pdb,/home/wms/AF2-test/AF2-CatGraph/data/PTP1B/02_templates/template.pdb,/home/wms/AF2-test/AF2-CatGraph/data/PTP1B/02_templates/ligand.pdb,results/PTP1B/02_template_guided_docking/tables/PTP1B_step02_ligand_order_manifest.csv,/home/wms/AF2-test/AF2-CatGraph/data/PTP1B/02_templates/ligand.pdb,LIG,untrimmed_input,1,17,standard,dock_py_exact,True,single_chain_same_length_same_ordered_sequence,299,1.0,1.0,,passed,,2442,17,7,1.5404357442578407,2.0121200643823673,2.0121200643823673,10,True,"(0.0, 0.0, 0.0)",collision_py_exact,5.0
230,PTP1B_230,PTP1B_230_complex.pdb,PTP1B,230,PTP1B.AF2rank230.pdb,PTP1B.AF2rank230,/home/wms/AF2-test/AF2-CatGraph/data/PTP1B/01_af2_new/PTP1B.AF2rank230.pdb,results/PTP1B/02_template_guided_docking/complexes/PTP1B_230_complex.pdb,/home/wms/AF2-test/AF2-CatGraph/data/PTP1B/02_templates/template.pdb,/home/wms/AF2-test/AF2-CatGraph/data/PTP1B/02_templates/ligand.pdb,results/PTP1B/02_template_guided_docking/tables/PTP1B_step02_ligand_order_manifest.csv,/home/wms/AF2-test/AF2-CatGraph/data/PTP1B/02_templates/ligand.pdb,LIG,untrimmed_input,1,17,standard,dock_py_exact,True,single_chain_same_length_same_ordered_sequence,299,1.0,1.0,,passed,,2442,17,6,1.3849293002404104,2.1635373877611643,2.1635373877611643,10,True,"(0.0, 0.0, 0.0)",collision_py_exact,5.0
231,PTP1B_231,PTP1B_231_complex.pdb,PTP1B,231,PTP1B.AF2rank231.pdb,PTP1B.AF2rank231,/home/wms/AF2-test/AF2-CatGraph/data/PTP1B/01_af2_new/PTP1B.AF2rank231.pdb,results/PTP1B/02_template_guided_docking/complexes/PTP1B_231_complex.pdb,/home/wms/AF2-test/AF2-CatGraph/data/PTP1B/02_templates/template.pdb,/home/wms/AF2-test/AF2-CatGraph/data/PTP1B/02_templates/ligand.pdb,results/PTP1B/02_template_guided_docking/tables/PTP1B_step02_ligand_order_manifest.csv,/home/wms/AF2-test/AF2-CatGraph/data/PTP1B/02_templates/ligand.pdb,LIG,untrimmed_input,1,17,standard,dock_py_exact,True,single_chain_same_length_same_ordered_sequence,299,1.0,1.0,,passed,,2442,17,8,2.3663876768082095,2.284779853051459,2.284779853051459,10,True,"(0.0, 0.0, 0.0)",collision_py_exact,5.0
232,PTP1B_232,PTP1B_232_complex.pdb,PTP1B,232,PTP1B.AF2rank232.pdb,PTP1B.AF2rank232,/home/wms/AF2-test/AF2-CatGraph/data/PTP1B/01_af2_new/PTP1B.AF2rank232.pdb,results/PTP1B/02_template_guided_docking/complexes/PTP1B_232_complex.pdb,/home/wms/AF2-test/AF2-CatGraph/data/PTP1B/02_templates/template.pdb,/home/wms/AF2-test/AF2-CatGraph/data/PTP1B/02_templates/ligand.pdb,results/PTP1B/02_template_guided_docking/tables/PTP1B_step02_ligand_order_manifest.csv,/home/wms/AF2-test/AF2-CatGraph/data/PTP1B/02_templates/ligand.pdb,LIG,untrimmed_input,1,17,standard,dock_py_exact,True,single_chain_same_length_same_ordered_sequence,299,1.0,1.0,,passed,,2442,17,4,0.8119403408467409,2.3828553214806467,2.3828553214806467,10,True,"(0.0, 0.0, 0.0)",collision_py_exact,5.0
233,PTP1B_233,PTP1B_233_complex.pdb,PTP1B,233,PTP1B.AF2rank233.pdb,PTP1B.AF2rank233,/home/wms/AF2-test/AF2-CatGraph/data/PTP1B/01_af2_new/PTP1B.AF2rank233.pdb,results/PTP1B/02_template_guided_docking/complexes/PTP1B_233_complex.pdb,/home/wms/AF2-test/AF2-CatGraph/data/PTP1B/02_templates/template.pdb,/home/wms/AF2-test/AF2-CatGraph/data/PTP1B/02_templates/ligand.pdb,results/PTP1B/02_template_guided_docking/tables/PTP1B_step02_ligand_order_manifest.csv,/home/wms/AF2-test/AF2-CatGraph/data/PTP1B/02_templates/ligand.pdb,LIG,untrimmed_input,1,17,standard,dock_py_exact,True,single_chain_same_length_same_ordered_sequence,299,1.0,1.0,,passed,,2442,17,8,1.8476264445659716,2.2381975365069495,2.2381975365069495,10,True,"(0.0, 0.0, 0.0)",collision_py_exact,5.0
234,PTP1B_234,PTP1B_234_complex.pdb,PTP1B,234,PTP1B.AF2rank234.pdb,PTP1B.AF2rank234,/home/wms/AF2-test/AF2-CatGraph/data/PTP1B/01_af2_new/PTP1B.AF2rank234.pdb,results/PTP1B/02_template_guided_docking/complexes/PTP1B_234_complex.pdb,/home/wms/AF2-test/AF2-CatGraph/data/PTP1B/02_templates/template.pdb,/home/wms/AF2-test/AF2-CatGraph/data/PTP1B/02_templates/ligand.pdb,results/PTP1B/02_template_guided_docking/tables/PTP1B_step02_ligand_order_manifest.csv,/home/wms/AF2-test/AF2-CatGraph/data/PTP1B/02_templates/ligand.pdb,LIG,untrimmed_input,1,17,standard,dock_py_exact,True,single_chain_same_length_same_ordered_sequence,299,1.0,1.0,,passed,,2442,17,7,2.0390811244520983,2.2477691468408283,2.2477691468408283,10,True,"(0.0, 0.0, 0.0)",collision_py_exact,5.0
235,PTP1B_235,PTP1B_235_complex.pdb,PTP1B,235,PTP1B.AF2rank235.pdb,PTP1B.AF2rank235,/home/wms/AF2-test/AF2-CatGraph/data/PTP1B/01_af2_new/PTP1B.AF2rank235.pdb,results/PTP1B/02_template_guided_docking/complexes/PTP1B_235_complex.pdb,/home/wms/AF2-test/AF2-CatGraph/data/PTP1B/02_templates/template.pdb,/home/wms/AF2-test/AF2-CatGraph/data/PTP1B/02_templates/ligand.pdb,results/PTP1B/02_template_guided_docking/tables/PTP1B_step02_ligand_order_manifest.csv,/home/wms/AF2-test/AF2-CatGraph/data/PTP1B/02_templates/ligand.pdb,LIG,untrimmed_input,1,17,standard,dock_py_exact,True,single_chain_same_length_same_ordered_sequence,299,1.0,1.0,,passed,,2442,17,6,1.1094781420427702,2.069785004922581,2.069785004922581,10,True,"(0.0, 0.0, 0.0)",collision_py_exact,5.0
236,PTP1B_236,PTP1B_236_complex.pdb,PTP1B,236,PTP1B.AF2rank236.pdb,PTP1B.AF2rank236,/home/wms/AF2-test/AF2-CatGraph/data/PTP1B/01_af2_new/PTP1B.AF2rank236.pdb,results/PTP1B/02_template_guided_docking/complexes/PTP1B_236_complex.pdb,/home/wms/AF2-test/AF2-CatGraph/data/PTP1B/02_templates/template.pdb,/home/wms/AF2-test/AF2-CatGraph/data/PTP1B/02_templates/ligand.pdb,results/PTP1B/02_template_guided_docking/tables/PTP1B_step02_ligand_order_manifest.csv,/home/wms/AF2-test/AF2-CatGraph/data/PTP1B/02_templates/ligand.pdb,LIG,untrimmed_input,1,17,standard,dock_py_exact,True,single_chain_same_length_same_ordered_sequence,299,1.0,1.0,,passed,,2442,17,5,1.074411664662791,2.3108896727528974,2.3108896727528974,10,True,"(0.0, 0.0, 0.0)",collision_py_exact,5.0
237,PTP1B_237,PTP1B_237_complex.pdb,PTP1B,237,PTP1B.AF2rank237.pdb,PTP1B.AF2rank237,/home/wms/AF2-test/AF2-CatGraph/data/PTP1B/01_af2_new/PTP1B.AF2rank237.pdb,results/PTP1B/02_template_guided_docking/complexes/PTP1B_237_complex.pdb,/home/wms/AF2-test/AF2-CatGraph/data/PTP1B/02_templates/template.pdb,/home/wms/AF2-test/AF2-CatGraph/data/PTP1B/02_templates/ligand.pdb,results/PTP1B/02_template_guided_docking/tables/PTP1B_step02_ligand_order_manifest.csv,/home/wms/AF2-test/AF2-CatGraph/data/PTP1B/02_templates/ligand.pdb,LIG,untrimmed_input,1,17,standard,dock_py_exact,True,single_chain_same_length_same_ordered_sequence,299,1.0,1.0,,passed,,2442,17,8,2.215844547343801,2.2055768546397774,2.2055768546397774,10,True,"(0.0, 0.0, 0.0)",collision_py_exact,5.0
238,PTP1B_238,PTP1B_238_complex.pdb,PTP1B,238,PTP1B.AF2rank238.pdb,PTP1B.AF2rank238,/home/wms/AF2-test/AF2-CatGraph/data/PTP1B/01_af2_new/PTP1B.AF2rank238.pdb,results/PTP1B/02_template_guided_docking/complexes/PTP1B_238_complex.pdb,/home/wms/AF2-test/AF2-CatGraph/data/PTP1B/02_templates/template.pdb,/home/wms/AF2-test/AF2-CatGraph/data/PTP1B/02_templates/ligand.pdb,results/PTP1B/02_template_guided_docking/tables/PTP1B_step02_ligand_order_manifest.csv,/home/wms/AF2-test/AF2-CatGraph/data/PTP1B/02_templates/ligand.pdb,LIG,untrimmed_input,1,17,standard,dock_py_exact,True,single_chain_same_length_same_ordered_sequence,299,1.0,1.0,,passed,,2442,17,8,1.1758705706632377,2.3670517164543026,2.3670517164543026,10,True,"(0.0, 0.0, 0.0)",collision_py_exact,5.0
239,PTP1B_239,PTP1B_239_complex.pdb,PTP1B,239,PTP1B.AF2rank239.pdb,PTP1B.AF2rank239,/home/wms/AF2-test/AF2-CatGraph/data/PTP1B/01_af2_new/PTP1B.AF2rank239.pdb,results/PTP1B/02_template_guided_docking/complexes/PTP1B_239_complex.pdb,/home/wms/AF2-test/AF2-CatGraph/data/PTP1B/02_templates/template.pdb,/home/wms/AF2-test/AF2-CatGraph/data/PTP1B/02_templates/ligand.pdb,results/PTP1B/02_template_guided_docking/tables/PTP1B_step02_ligand_order_manifest.csv,/home/wms/AF2-test/AF2-CatGraph/data/PTP1B/02_templates/ligand.pdb,LIG,untrimmed_input,1,17,standard,dock_py_exact,True,single_chain_same_length_same_ordered_sequence,299,1.0,1.0,,passed,,2442,17,8,1.545826299582735,2.3700228449851664,2.3700228449851664,10,True,"(0.0, 0.0, 0.0)",collision_py_exact,5.0
240,PTP1B_240,PTP1B_240_complex.pdb,PTP1B,240,PTP1B.AF2rank240.pdb,PTP1B.AF2rank240,/home/wms/AF2-test/AF2-CatGraph/data/PTP1B/01_af2_new/PTP1B.AF2rank240.pdb,results/PTP1B/02_template_guided_docking/complexes/PTP1B_240_complex.pdb,/home/wms/AF2-test/AF2-CatGraph/data/PTP1B/02_templates/template.pdb,/home/wms/AF2-test/AF2-CatGraph/data/PTP1B/02_templates/ligand.pdb,results/PTP1B/02_template_guided_docking/tables/PTP1B_step02_ligand_order_manifest.csv,/home/wms/AF2-test/AF2-CatGraph/data/PTP1B/02_templates/ligand.pdb,LIG,untrimmed_input,1,17,standard,dock_py_exact,True,single_chain_same_length_same_ordered_sequence,299,1.0,1.0,,passed,,2442,17,10,1.2197901713171113,2.586677154699586,2.586677154699586,10,True,"(0.0, 0.0, 0.0)",collision_py_exact,5.0
241,PTP1B_241,PTP1B_241_complex.pdb,PTP1B,241,PTP1B.AF2rank241.pdb,PTP1B.AF2rank241,/home/wms/AF2-test/AF2-CatGraph/data/PTP1B/01_af2_new/PTP1B.AF2rank241.pdb,results/PTP1B/02_template_guided_docking/complexes/PTP1B_241_complex.pdb,/home/wms/AF2-test/AF2-CatGraph/data/PTP1B/02_templates/template.pdb,/home/wms/AF2-test/AF2-CatGraph/data/PTP1B/02_templates/ligand.pdb,results/PTP1B/02_template_guided_docking/tables/PTP1B_step02_ligand_order_manifest.csv,/home/wms/AF2-test/AF2-CatGraph/data/PTP1B/02_templates/ligand.pdb,LIG,untrimmed_input,1,17,standard,dock_py_exact,True,single_chain_same_length_same_ordered_sequence,299,1.0,1.0,,passed,,2442,17,8,2.0505815262795046,2.301969933389003,2.301969933389003,10,True,"(0.0, 0.0, 0.0)",collision_py_exact,5.0
242,PTP1B_242,PTP1B_242_complex.pdb,PTP1B,242,PTP1B.AF2rank242.pdb,PTP1B.AF2rank242,/home/wms/AF2-test/AF2-CatGraph/data/PTP1B/01_af2_new/PTP1B.AF2rank242.pdb,results/PTP1B/02_template_guided_docking/complexes/PTP1B_242_complex.pdb,/home/wms/AF2-test/AF2-CatGraph/data/PTP1B/02_templates/template.pdb,/home/wms/AF2-test/AF2-CatGraph/data/PTP1B/02_templates/ligand.pdb,results/PTP1B/02_template_guided_docking/tables/PTP1B_step02_ligand_order_manifest.csv,/home/wms/AF2-test/AF2-CatGraph/data/PTP1B/02_templates/ligand.pdb,LIG,untrimmed_input,1,17,standard,dock_py_exact,True,single_chain_same_length_same_ordered_sequence,299,1.0,1.0,,passed,,2442,17,9,1.7631960208640876,2.1725933860102025,2.1725933860102025,10,True,"(0.0, 0.0, 0.0)",collision_py_exact,5.0
243,PTP1B_243,PTP1B_243_complex.pdb,PTP1B,243,PTP1B.AF2rank243.pdb,PTP1B.AF2rank243,/home/wms/AF2-test/AF2-CatGraph/data/PTP1B/01_af2_new/PTP1B.AF2rank243.pdb,results/PTP1B/02_template_guided_docking/complexes/PTP1B_243_complex.pdb,/home/wms/AF2-test/AF2-CatGraph/data/PTP1B/02_templates/template.pdb,/home/wms/AF2-test/AF2-CatGraph/data/PTP1B/02_templates/ligand.pdb,results/PTP1B/02_template_guided_docking/tables/PTP1B_step02_ligand_order_manifest.csv,/home/wms/AF2-test/AF2-CatGraph/data/PTP1B/02_templates/ligand.pdb,LIG,untrimmed_input,1,17,standard,dock_py_exact,True,single_chain_same_length_same_ordered_sequence,299,1.0,1.0,,passed,,2442,17,3,0.48462095775499714,2.318413698698362,2.318413698698362,10,True,"(0.0, 0.0, 0.0)",collision_py_exact,5.0
244,PTP1B_244,PTP1B_244_complex.pdb,PTP1B,244,PTP1B.AF2rank244.pdb,PTP1B.AF2rank244,/home/wms/AF2-test/AF2-CatGraph/data/PTP1B/01_af2_new/PTP1B.AF2rank244.pdb,results/PTP1B/02_template_guided_docking/complexes/PTP1B_244_complex.pdb,/home/wms/AF2-test/AF2-CatGraph/data/PTP1B/02_templates/template.pdb,/home/wms/AF2-test/AF2-CatGraph/data/PTP1B/02_templates/ligand.pdb,results/PTP1B/02_template_guided_docking/tables/PTP1B_step02_ligand_order_manifest.csv,/home/wms/AF2-test/AF2-CatGraph/data/PTP1B/02_templates/ligand.pdb,LIG,untrimmed_input,1,17,standard,dock_py_exact,True,single_chain_same_length_same_ordered_sequence,299,1.0,1.0,,passed,,2442,17,7,2.0710008783807714,2.026133817612259,2.026133817612259,10,True,"(0.0, 0.0, 0.0)",collision_py_exact,5.0
245,PTP1B_245,PTP1B_245_complex.pdb,PTP1B,245,PTP1B.AF2rank245.pdb,PTP1B.AF2rank245,/home/wms/AF2-test/AF2-CatGraph/data/PTP1B/01_af2_new/PTP1B.AF2rank245.pdb,results/PTP1B/02_template_guided_docking/complexes/PTP1B_245_complex.pdb,/home/wms/AF2-test/AF2-CatGraph/data/PTP1B/02_templates/template.pdb,/home/wms/AF2-test/AF2-CatGraph/data/PTP1B/02_templates/ligand.pdb,results/PTP1B/02_template_guided_docking/tables/PTP1B_step02_ligand_order_manifest.csv,/home/wms/AF2-test/AF2-CatGraph/data/PTP1B/02_templates/ligand.pdb,LIG,untrimmed_input,1,17,standard,dock_py_exact,True,single_chain_same_length_same_ordered_sequence,299,1.0,1.0,,passed,,2442,17,8,2.319805541489573,2.196207933472696,2.196207933472696,10,True,"(0.0, 0.0, 0.0)",collision_py_exact,5.0
246,PTP1B_246,PTP1B_246_complex.pdb,PTP1B,246,PTP1B.AF2rank246.pdb,PTP1B.AF2rank246,/home/wms/AF2-test/AF2-CatGraph/data/PTP1B/01_af2_new/PTP1B.AF2rank246.pdb,results/PTP1B/02_template_guided_docking/complexes/PTP1B_246_complex.pdb,/home/wms/AF2-test/AF2-CatGraph/data/PTP1B/02_templates/template.pdb,/home/wms/AF2-test/AF2-CatGraph/data/PTP1B/02_templates/ligand.pdb,results/PTP1B/02_template_guided_docking/tables/PTP1B_step02_ligand_order_manifest.csv,/home/wms/AF2-test/AF2-CatGraph/data/PTP1B/02_templates/ligand.pdb,LIG,untrimmed_input,1,17,standard,dock_py_exact,True,single_chain_same_length_same_ordered_sequence,299,1.0,1.0,,passed,,2442,17,9,2.1522903110488456,2.234458950838534,2.234458950838534,10,True,"(0.0, 0.0, 0.0)",collision_py_exact,5.0
247,PTP1B_247,PTP1B_247_complex.pdb,PTP1B,247,PTP1B.AF2rank247.pdb,PTP1B.AF2rank247,/home/wms/AF2-test/AF2-CatGraph/data/PTP1B/01_af2_new/PTP1B.AF2rank247.pdb,results/PTP1B/02_template_guided_docking/complexes/PTP1B_247_complex.pdb,/home/wms/AF2-test/AF2-CatGraph/data/PTP1B/02_templates/template.pdb,/home/wms/AF2-test/AF2-CatGraph/data/PTP1B/02_templates/ligand.pdb,results/PTP1B/02_template_guided_docking/tables/PTP1B_step02_ligand_order_manifest.csv,/home/wms/AF2-test/AF2-CatGraph/data/PTP1B/02_templates/ligand.pdb,LIG,untrimmed_input,1,17,standard,dock_py_exact,True,single_chain_same_length_same_ordered_sequence,299,1.0,1.0,,passed,,2442,17,7,1.7145579575586352,2.2568172227866836,2.2568172227866836,10,True,"(0.0, 0.0, 0.0)",collision_py_exact,5.0
248,PTP1B_248,PTP1B_248_complex.pdb,PTP1B,248,PTP1B.AF2rank248.pdb,PTP1B.AF2rank248,/home/wms/AF2-test/AF2-CatGraph/data/PTP1B/01_af2_new/PTP1B.AF2rank248.pdb,results/PTP1B/02_template_guided_docking/complexes/PTP1B_248_complex.pdb,/home/wms/AF2-test/AF2-CatGraph/data/PTP1B/02_templates/template.pdb,/home/wms/AF2-test/AF2-CatGraph/data/PTP1B/02_templates/ligand.pdb,results/PTP1B/02_template_guided_docking/tables/PTP1B_step02_ligand_order_manifest.csv,/home/wms/AF2-test/AF2-CatGraph/data/PTP1B/02_templates/ligand.pdb,LIG,untrimmed_input,1,17,standard,dock_py_exact,True,single_chain_same_length_same_ordered_sequence,299,1.0,1.0,,passed,,2442,17,8,1.510728803767881,2.4160968041100093,2.4160968041100093,10,True,"(0.0, 0.0, 0.0)",collision_py_exact,5.0
249,PTP1B_249,PTP1B_249_complex.pdb,PTP1B,249,PTP1B.AF2rank249.pdb,PTP1B.AF2rank249,/home/wms/AF2-test/AF2-CatGraph/data/PTP1B/01_af2_new/PTP1B.AF2rank249.pdb,results/PTP1B/02_template_guided_docking/complexes/PTP1B_249_complex.pdb,/home/wms/AF2-test/AF2-CatGraph/data/PTP1B/02_templates/template.pdb,/home/wms/AF2-test/AF2-CatGraph/data/PTP1B/02_templates/ligand.pdb,results/PTP1B/02_template_guided_docking/tables/PTP1B_step02_ligand_order_manifest.csv,/home/wms/AF2-test/AF2-CatGraph/data/PTP1B/02_templates/ligand.pdb,LIG,untrimmed_input,1,17,standard,dock_py_exact,True,single_chain_same_length_same_ordered_sequence,299,1.0,1.0,,passed,,2442,17,6,2.1080198921844024,2.0529630032136157,2.0529630032136157,10,True,"(0.0, 0.0, 0.0)",collision_py_exact,5.0
250,PTP1B_250,PTP1B_250_complex.pdb,PTP1B,250,PTP1B.AF2rank250.pdb,PTP1B.AF2rank250,/home/wms/AF2-test/AF2-CatGraph/data/PTP1B/01_af2_new/PTP1B.AF2rank250.pdb,results/PTP1B/02_template_guided_docking/complexes/PTP1B_250_complex.pdb,/home/wms/AF2-test/AF2-CatGraph/data/PTP1B/02_templates/template.pdb,/home/wms/AF2-test/AF2-CatGraph/data/PTP1B/02_templates/ligand.pdb,results/PTP1B/02_template_guided_docking/tables/PTP1B_step02_ligand_order_manifest.csv,/home/wms/AF2-test/AF2-CatGraph/data/PTP1B/02_templates/ligand.pdb,LIG,untrimmed_input,1,17,standard,dock_py_exact,True,single_chain_same_length_same_ordered_sequence,299,1.0,1.0,,passed,,2442,17,9,2.021862979018368,2.196578749995001,2.196578749995001,10,True,"(0.0, 0.0, 0.0)",collision_py_exact,5.0
251,PTP1B_251,PTP1B_251_complex.pdb,PTP1B,251,PTP1B.AF2rank251.pdb,PTP1B.AF2rank251,/home/wms/AF2-test/AF2-CatGraph/data/PTP1B/01_af2_new/PTP1B.AF2rank251.pdb,results/PTP1B/02_template_guided_docking/complexes/PTP1B_251_complex.pdb,/home/wms/AF2-test/AF2-CatGraph/data/PTP1B/02_templates/template.pdb,/home/wms/AF2-test/AF2-CatGraph/data/PTP1B/02_templates/ligand.pdb,results/PTP1B/02_template_guided_docking/tables/PTP1B_step02_ligand_order_manifest.csv,/home/wms/AF2-test/AF2-CatGraph/data/PTP1B/02_templates/ligand.pdb,LIG,untrimmed_input,1,17,standard,dock_py_exact,True,single_chain_same_length_same_ordered_sequence,299,1.0,1.0,,passed,,2442,17,8,2.318812771564346,2.043780067668817,2.043780067668817,10,True,"(0.0, 0.0, 0.0)",collision_py_exact,5.0
252,PTP1B_252,PTP1B_252_complex.pdb,PTP1B,252,PTP1B.AF2rank252.pdb,PTP1B.AF2rank252,/home/wms/AF2-test/AF2-CatGraph/data/PTP1B/01_af2_new/PTP1B.AF2rank252.pdb,results/PTP1B/02_template_guided_docking/complexes/PTP1B_252_complex.pdb,/home/wms/AF2-test/AF2-CatGraph/data/PTP1B/02_templates/template.pdb,/home/wms/AF2-test/AF2-CatGraph/data/PTP1B/02_templates/ligand.pdb,results/PTP1B/02_template_guided_docking/tables/PTP1B_step02_ligand_order_manifest.csv,/home/wms/AF2-test/AF2-CatGraph/data/PTP1B/02_templates/ligand.pdb,LIG,untrimmed_input,1,17,standard,dock_py_exact,True,single_chain_same_length_same_ordered_sequence,299,1.0,1.0,,passed,,2442,17,6,1.0243253357743227,2.4184432491413634,2.4184432491413634,10,True,"(0.0, 0.0, 0.0)",collision_py_exact,5.0
253,PTP1B_253,PTP1B_253_complex.pdb,PTP1B,253,PTP1B.AF2rank253.pdb,PTP1B.AF2rank253,/home/wms/AF2-test/AF2-CatGraph/data/PTP1B/01_af2_new/PTP1B.AF2rank253.pdb,results/PTP1B/02_template_guided_docking/complexes/PTP1B_253_complex.pdb,/home/wms/AF2-test/AF2-CatGraph/data/PTP1B/02_templates/template.pdb,/home/wms/AF2-test/AF2-CatGraph/data/PTP1B/02_templates/ligand.pdb,results/PTP1B/02_template_guided_docking/tables/PTP1B_step02_ligand_order_manifest.csv,/home/wms/AF2-test/AF2-CatGraph/data/PTP1B/02_templates/ligand.pdb,LIG,untrimmed_input,1,17,standard,dock_py_exact,True,single_chain_same_length_same_ordered_sequence,299,1.0,1.0,,passed,,2442,17,7,2.135459998662713,2.065776918169754,2.065776918169754,10,True,"(0.0, 0.0, 0.0)",collision_py_exact,5.0
254,PTP1B_254,PTP1B_254_complex.pdb,PTP1B,254,PTP1B.AF2rank254.pdb,PTP1B.AF2rank254,/home/wms/AF2-test/AF2-CatGraph/data/PTP1B/01_af2_new/PTP1B.AF2rank254.pdb,results/PTP1B/02_template_guided_docking/complexes/PTP1B_254_complex.pdb,/home/wms/AF2-test/AF2-CatGraph/data/PTP1B/02_templates/template.pdb,/home/wms/AF2-test/AF2-CatGraph/data/PTP1B/02_templates/ligand.pdb,results/PTP1B/02_template_guided_docking/tables/PTP1B_step02_ligand_order_manifest.csv,/home/wms/AF2-test/AF2-CatGraph/data/PTP1B/02_templates/ligand.pdb,LIG,untrimmed_input,1,17,standard,dock_py_exact,True,single_chain_same_length_same_ordered_sequence,299,1.0,1.0,,passed,,2442,17,7,1.2967232217196187,2.2678871872915303,2.2678871872915303,10,True,"(0.0, 0.0, 0.0)",collision_py_exact,5.0
255,PTP1B_255,PTP1B_255_complex.pdb,PTP1B,255,PTP1B.AF2rank255.pdb,PTP1B.AF2rank255,/home/wms/AF2-test/AF2-CatGraph/data/PTP1B/01_af2_new/PTP1B.AF2rank255.pdb,results/PTP1B/02_template_guided_docking/complexes/PTP1B_255_complex.pdb,/home/wms/AF2-test/AF2-CatGraph/data/PTP1B/02_templates/template.pdb,/home/wms/AF2-test/AF2-CatGraph/data/PTP1B/02_templates/ligand.pdb,results/PTP1B/02_template_guided_docking/tables/PTP1B_step02_ligand_order_manifest.csv,/home/wms/AF2-test/AF2-CatGraph/data/PTP1B/02_templates/ligand.pdb,LIG,untrimmed_input,1,17,standard,dock_py_exact,True,single_chain_same_length_same_ordered_sequence,299,1.0,1.0,,passed,,2442,17,6,0.9767828065665514,2.2053313619327533,2.2053313619327533,10,True,"(0.0, 0.0, 0.0)",collision_py_exact,5.0
256,PTP1B_256,PTP1B_256_complex.pdb,PTP1B,256,PTP1B.AF2rank256.pdb,PTP1B.AF2rank256,/home/wms/AF2-test/AF2-CatGraph/data/PTP1B/01_af2_new/PTP1B.AF2rank256.pdb,results/PTP1B/02_template_guided_docking/complexes/PTP1B_256_complex.pdb,/home/wms/AF2-test/AF2-CatGraph/data/PTP1B/02_templates/template.pdb,/home/wms/AF2-test/AF2-CatGraph/data/PTP1B/02_templates/ligand.pdb,results/PTP1B/02_template_guided_docking/tables/PTP1B_step02_ligand_order_manifest.csv,/home/wms/AF2-test/AF2-CatGraph/data/PTP1B/02_templates/ligand.pdb,LIG,untrimmed_input,1,17,standard,dock_py_exact,True,single_chain_same_length_same_ordered_sequence,299,1.0,1.0,,passed,,2442,17,9,2.059179529121913,2.0927937032018713,2.0927937032018713,10,True,"(0.0, 0.0, 0.0)",collision_py_exact,5.0
257,PTP1B_257,PTP1B_257_complex.pdb,PTP1B,257,PTP1B.AF2rank257.pdb,PTP1B.AF2rank257,/home/wms/AF2-test/AF2-CatGraph/data/PTP1B/01_af2_new/PTP1B.AF2rank257.pdb,results/PTP1B/02_template_guided_docking/complexes/PTP1B_257_complex.pdb,/home/wms/AF2-test/AF2-CatGraph/data/PTP1B/02_templates/template.pdb,/home/wms/AF2-test/AF2-CatGraph/data/PTP1B/02_templates/ligand.pdb,results/PTP1B/02_template_guided_docking/tables/PTP1B_step02_ligand_order_manifest.csv,/home/wms/AF2-test/AF2-CatGraph/data/PTP1B/02_templates/ligand.pdb,LIG,untrimmed_input,1,17,standard,dock_py_exact,True,single_chain_same_length_same_ordered_sequence,299,1.0,1.0,,passed,,2442,17,8,1.3783680932494846,2.3722911938864044,2.3722911938864044,10,True,"(0.0, 0.0, 0.0)",collision_py_exact,5.0
258,PTP1B_258,PTP1B_258_complex.pdb,PTP1B,258,PTP1B.AF2rank258.pdb,PTP1B.AF2rank258,/home/wms/AF2-test/AF2-CatGraph/data/PTP1B/01_af2_new/PTP1B.AF2rank258.pdb,results/PTP1B/02_template_guided_docking/complexes/PTP1B_258_complex.pdb,/home/wms/AF2-test/AF2-CatGraph/data/PTP1B/02_templates/template.pdb,/home/wms/AF2-test/AF2-CatGraph/data/PTP1B/02_templates/ligand.pdb,results/PTP1B/02_template_guided_docking/tables/PTP1B_step02_ligand_order_manifest.csv,/home/wms/AF2-test/AF2-CatGraph/data/PTP1B/02_templates/ligand.pdb,LIG,untrimmed_input,1,17,standard,dock_py_exact,True,single_chain_same_length_same_ordered_sequence,299,1.0,1.0,,passed,,2442,17,4,1.2194426436472523,2.2088872233382717,2.2088872233382717,10,True,"(0.0, 0.0, 0.0)",collision_py_exact,5.0
259,PTP1B_259,PTP1B_259_complex.pdb,PTP1B,259,PTP1B.AF2rank259.pdb,PTP1B.AF2rank259,/home/wms/AF2-test/AF2-CatGraph/data/PTP1B/01_af2_new/PTP1B.AF2rank259.pdb,results/PTP1B/02_template_guided_docking/complexes/PTP1B_259_complex.pdb,/home/wms/AF2-test/AF2-CatGraph/data/PTP1B/02_templates/template.pdb,/home/wms/AF2-test/AF2-CatGraph/data/PTP1B/02_templates/ligand.pdb,results/PTP1B/02_template_guided_docking/tables/PTP1B_step02_ligand_order_manifest.csv,/home/wms/AF2-test/AF2-CatGraph/data/PTP1B/02_templates/ligand.pdb,LIG,untrimmed_input,1,17,standard,dock_py_exact,True,single_chain_same_length_same_ordered_sequence,299,1.0,1.0,,passed,,2442,17,8,1.6718479157601505,2.10820837689125,2.10820837689125,10,True,"(0.0, 0.0, 0.0)",collision_py_exact,5.0
260,PTP1B_260,PTP1B_260_complex.pdb,PTP1B,260,PTP1B.AF2rank260.pdb,PTP1B.AF2rank260,/home/wms/AF2-test/AF2-CatGraph/data/PTP1B/01_af2_new/PTP1B.AF2rank260.pdb,results/PTP1B/02_template_guided_docking/complexes/PTP1B_260_complex.pdb,/home/wms/AF2-test/AF2-CatGraph/data/PTP1B/02_templates/template.pdb,/home/wms/AF2-test/AF2-CatGraph/data/PTP1B/02_templates/ligand.pdb,results/PTP1B/02_template_guided_docking/tables/PTP1B_step02_ligand_order_manifest.csv,/home/wms/AF2-test/AF2-CatGraph/data/PTP1B/02_templates/ligand.pdb,LIG,untrimmed_input,1,17,standard,dock_py_exact,True,single_chain_same_length_same_ordered_sequence,299,1.0,1.0,,passed,,2442,17,6,1.5472877489137669,2.0689335224918155,2.0689335224918155,10,True,"(0.0, 0.0, 0.0)",collision_py_exact,5.0
262,PTP1B_262,PTP1B_262_complex.pdb,PTP1B,262,PTP1B.AF2rank262.pdb,PTP1B.AF2rank262,/home/wms/AF2-test/AF2-CatGraph/data/PTP1B/01_af2_new/PTP1B.AF2rank262.pdb,results/PTP1B/02_template_guided_docking/complexes/PTP1B_262_complex.pdb,/home/wms/AF2-test/AF2-CatGraph/data/PTP1B/02_templates/template.pdb,/home/wms/AF2-test/AF2-CatGraph/data/PTP1B/02_templates/ligand.pdb,results/PTP1B/02_template_guided_docking/tables/PTP1B_step02_ligand_order_manifest.csv,/home/wms/AF2-test/AF2-CatGraph/data/PTP1B/02_templates/ligand.pdb,LIG,untrimmed_input,1,17,standard,dock_py_exact,True,single_chain_same_length_same_ordered_sequence,299,1.0,1.0,,passed,,2442,17,10,1.9772420478262736,2.390929677675089,2.390929677675089,10,True,"(0.0, 0.0, 0.0)",collision_py_exact,5.0
263,PTP1B_263,PTP1B_263_complex.pdb,PTP1B,263,PTP1B.AF2rank263.pdb,PTP1B.AF2rank263,/home/wms/AF2-test/AF2-CatGraph/data/PTP1B/01_af2_new/PTP1B.AF2rank263.pdb,results/PTP1B/02_template_guided_docking/complexes/PTP1B_263_complex.pdb,/home/wms/AF2-test/AF2-CatGraph/data/PTP1B/02_templates/template.pdb,/home/wms/AF2-test/AF2-CatGraph/data/PTP1B/02_templates/ligand.pdb,results/PTP1B/02_template_guided_docking/tables/PTP1B_step02_ligand_order_manifest.csv,/home/wms/AF2-test/AF2-CatGraph/data/PTP1B/02_templates/ligand.pdb,LIG,untrimmed_input,1,17,standard,dock_py_exact,True,single_chain_same_length_same_ordered_sequence,299,1.0,1.0,,passed,,2442,17,8,1.663150256815082,2.28526264676196,2.28526264676196,10,True,"(0.0, 0.0, 0.0)",collision_py_exact,5.0
264,PTP1B_264,PTP1B_264_complex.pdb,PTP1B,264,PTP1B.AF2rank264.pdb,PTP1B.AF2rank264,/home/wms/AF2-test/AF2-CatGraph/data/PTP1B/01_af2_new/PTP1B.AF2rank264.pdb,results/PTP1B/02_template_guided_docking/complexes/PTP1B_264_complex.pdb,/home/wms/AF2-test/AF2-CatGraph/data/PTP1B/02_templates/template.pdb,/home/wms/AF2-test/AF2-CatGraph/data/PTP1B/02_templates/ligand.pdb,results/PTP1B/02_template_guided_docking/tables/PTP1B_step02_ligand_order_manifest.csv,/home/wms/AF2-test/AF2-CatGraph/data/PTP1B/02_templates/ligand.pdb,LIG,untrimmed_input,1,17,standard,dock_py_exact,True,single_chain_same_length_same_ordered_sequence,299,1.0,1.0,,passed,,2442,17,7,1.9786290153361663,2.0225731339330215,2.0225731339330215,10,True,"(0.0, 0.0, 0.0)",collision_py_exact,5.0
265,PTP1B_265,PTP1B_265_complex.pdb,PTP1B,265,PTP1B.AF2rank265.pdb,PTP1B.AF2rank265,/home/wms/AF2-test/AF2-CatGraph/data/PTP1B/01_af2_new/PTP1B.AF2rank265.pdb,results/PTP1B/02_template_guided_docking/complexes/PTP1B_265_complex.pdb,/home/wms/AF2-test/AF2-CatGraph/data/PTP1B/02_templates/template.pdb,/home/wms/AF2-test/AF2-CatGraph/data/PTP1B/02_templates/ligand.pdb,results/PTP1B/02_template_guided_docking/tables/PTP1B_step02_ligand_order_manifest.csv,/home/wms/AF2-test/AF2-CatGraph/data/PTP1B/02_templates/ligand.pdb,LIG,untrimmed_input,1,17,standard,dock_py_exact,True,single_chain_same_length_same_ordered_sequence,299,1.0,1.0,,passed,,2442,17,8,1.4362571398402575,2.195529764934937,2.195529764934937,10,True,"(0.0, 0.0, 0.0)",collision_py_exact,5.0
266,PTP1B_266,PTP1B_266_complex.pdb,PTP1B,266,PTP1B.AF2rank266.pdb,PTP1B.AF2rank266,/home/wms/AF2-test/AF2-CatGraph/data/PTP1B/01_af2_new/PTP1B.AF2rank266.pdb,results/PTP1B/02_template_guided_docking/complexes/PTP1B_266_complex.pdb,/home/wms/AF2-test/AF2-CatGraph/data/PTP1B/02_templates/template.pdb,/home/wms/AF2-test/AF2-CatGraph/data/PTP1B/02_templates/ligand.pdb,results/PTP1B/02_template_guided_docking/tables/PTP1B_step02_ligand_order_manifest.csv,/home/wms/AF2-test/AF2-CatGraph/data/PTP1B/02_templates/ligand.pdb,LIG,untrimmed_input,1,17,standard,dock_py_exact,True,single_chain_same_length_same_ordered_sequence,299,1.0,1.0,,passed,,2442,17,4,1.2253511038295155,2.1702245760659027,2.1702245760659027,10,True,"(0.0, 0.0, 0.0)",collision_py_exact,5.0
267,PTP1B_267,PTP1B_267_complex.pdb,PTP1B,267,PTP1B.AF2rank267.pdb,PTP1B.AF2rank267,/home/wms/AF2-test/AF2-CatGraph/data/PTP1B/01_af2_new/PTP1B.AF2rank267.pdb,results/PTP1B/02_template_guided_docking/complexes/PTP1B_267_complex.pdb,/home/wms/AF2-test/AF2-CatGraph/data/PTP1B/02_templates/template.pdb,/home/wms/AF2-test/AF2-CatGraph/data/PTP1B/02_templates/ligand.pdb,results/PTP1B/02_template_guided_docking/tables/PTP1B_step02_ligand_order_manifest.csv,/home/wms/AF2-test/AF2-CatGraph/data/PTP1B/02_templates/ligand.pdb,LIG,untrimmed_input,1,17,standard,dock_py_exact,True,single_chain_same_length_same_ordered_sequence,299,1.0,1.0,,passed,,2442,17,10,1.52090881694693,2.4180780708261143,2.4180780708261143,10,True,"(0.0, 0.0, 0.0)",collision_py_exact,5.0
268,PTP1B_268,PTP1B_268_complex.pdb,PTP1B,268,PTP1B.AF2rank268.pdb,PTP1B.AF2rank268,/home/wms/AF2-test/AF2-CatGraph/data/PTP1B/01_af2_new/PTP1B.AF2rank268.pdb,results/PTP1B/02_template_guided_docking/complexes/PTP1B_268_complex.pdb,/home/wms/AF2-test/AF2-CatGraph/data/PTP1B/02_templates/template.pdb,/home/wms/AF2-test/AF2-CatGraph/data/PTP1B/02_templates/ligand.pdb,results/PTP1B/02_template_guided_docking/tables/PTP1B_step02_ligand_order_manifest.csv,/home/wms/AF2-test/AF2-CatGraph/data/PTP1B/02_templates/ligand.pdb,LIG,untrimmed_input,1,17,standard,dock_py_exact,True,single_chain_same_length_same_ordered_sequence,299,1.0,1.0,,passed,,2442,17,5,1.2684689897774306,2.040350100327429,2.040350100327429,10,True,"(0.0, 0.0, 0.0)",collision_py_exact,5.0
269,PTP1B_269,PTP1B_269_complex.pdb,PTP1B,269,PTP1B.AF2rank269.pdb,PTP1B.AF2rank269,/home/wms/AF2-test/AF2-CatGraph/data/PTP1B/01_af2_new/PTP1B.AF2rank269.pdb,results/PTP1B/02_template_guided_docking/complexes/PTP1B_269_complex.pdb,/home/wms/AF2-test/AF2-CatGraph/data/PTP1B/02_templates/template.pdb,/home/wms/AF2-test/AF2-CatGraph/data/PTP1B/02_templates/ligand.pdb,results/PTP1B/02_template_guided_docking/tables/PTP1B_step02_ligand_order_manifest.csv,/home/wms/AF2-test/AF2-CatGraph/data/PTP1B/02_templates/ligand.pdb,LIG,untrimmed_input,1,17,standard,dock_py_exact,True,single_chain_same_length_same_ordered_sequence,299,1.0,1.0,,passed,,2442,17,9,1.5680846246114748,2.227889487337127,2.227889487337127,10,True,"(0.0, 0.0, 0.0)",collision_py_exact,5.0
271,PTP1B_271,PTP1B_271_complex.pdb,PTP1B,271,PTP1B.AF2rank271.pdb,PTP1B.AF2rank271,/home/wms/AF2-test/AF2-CatGraph/data/PTP1B/01_af2_new/PTP1B.AF2rank271.pdb,results/PTP1B/02_template_guided_docking/complexes/PTP1B_271_complex.pdb,/home/wms/AF2-test/AF2-CatGraph/data/PTP1B/02_templates/template.pdb,/home/wms/AF2-test/AF2-CatGraph/data/PTP1B/02_templates/ligand.pdb,results/PTP1B/02_template_guided_docking/tables/PTP1B_step02_ligand_order_manifest.csv,/home/wms/AF2-test/AF2-CatGraph/data/PTP1B/02_templates/ligand.pdb,LIG,untrimmed_input,1,17,standard,dock_py_exact,True,single_chain_same_length_same_ordered_sequence,299,1.0,1.0,,passed,,2442,17,8,2.0544396373351512,2.0775629587726216,2.0775629587726216,10,True,"(0.0, 0.0, 0.0)",collision_py_exact,5.0
273,PTP1B_273,PTP1B_273_complex.pdb,PTP1B,273,PTP1B.AF2rank273.pdb,PTP1B.AF2rank273,/home/wms/AF2-test/AF2-CatGraph/data/PTP1B/01_af2_new/PTP1B.AF2rank273.pdb,results/PTP1B/02_template_guided_docking/complexes/PTP1B_273_complex.pdb,/home/wms/AF2-test/AF2-CatGraph/data/PTP1B/02_templates/template.pdb,/home/wms/AF2-test/AF2-CatGraph/data/PTP1B/02_templates/ligand.pdb,results/PTP1B/02_template_guided_docking/tables/PTP1B_step02_ligand_order_manifest.csv,/home/wms/AF2-test/AF2-CatGraph/data/PTP1B/02_templates/ligand.pdb,LIG,untrimmed_input,1,17,standard,dock_py_exact,True,single_chain_same_length_same_ordered_sequence,299,1.0,1.0,,passed,,2442,17,9,2.1334700206105444,2.2921931492141643,2.2921931492141643,10,True,"(0.0, 0.0, 0.0)",collision_py_exact,5.0
274,PTP1B_274,PTP1B_274_complex.pdb,PTP1B,274,PTP1B.AF2rank274.pdb,PTP1B.AF2rank274,/home/wms/AF2-test/AF2-CatGraph/data/PTP1B/01_af2_new/PTP1B.AF2rank274.pdb,results/PTP1B/02_template_guided_docking/complexes/PTP1B_274_complex.pdb,/home/wms/AF2-test/AF2-CatGraph/data/PTP1B/02_templates/template.pdb,/home/wms/AF2-test/AF2-CatGraph/data/PTP1B/02_templates/ligand.pdb,results/PTP1B/02_template_guided_docking/tables/PTP1B_step02_ligand_order_manifest.csv,/home/wms/AF2-test/AF2-CatGraph/data/PTP1B/02_templates/ligand.pdb,LIG,untrimmed_input,1,17,standard,dock_py_exact,True,single_chain_same_length_same_ordered_sequence,299,1.0,1.0,,passed,,2442,17,5,1.0980363463441387,2.4480828836691595,2.4480828836691595,10,True,"(0.0, 0.0, 0.0)",collision_py_exact,5.0
275,PTP1B_275,PTP1B_275_complex.pdb,PTP1B,275,PTP1B.AF2rank275.pdb,PTP1B.AF2rank275,/home/wms/AF2-test/AF2-CatGraph/data/PTP1B/01_af2_new/PTP1B.AF2rank275.pdb,results/PTP1B/02_template_guided_docking/complexes/PTP1B_275_complex.pdb,/home/wms/AF2-test/AF2-CatGraph/data/PTP1B/02_templates/template.pdb,/home/wms/AF2-test/AF2-CatGraph/data/PTP1B/02_templates/ligand.pdb,results/PTP1B/02_template_guided_docking/tables/PTP1B_step02_ligand_order_manifest.csv,/home/wms/AF2-test/AF2-CatGraph/data/PTP1B/02_templates/ligand.pdb,LIG,untrimmed_input,1,17,standard,dock_py_exact,True,single_chain_same_length_same_ordered_sequence,299,1.0,1.0,,passed,,2442,17,8,2.378708637565563,2.2759774292279307,2.2759774292279307,10,True,"(0.0, 0.0, 0.0)",collision_py_exact,5.0
276,PTP1B_276,PTP1B_276_complex.pdb,PTP1B,276,PTP1B.AF2rank276.pdb,PTP1B.AF2rank276,/home/wms/AF2-test/AF2-CatGraph/data/PTP1B/01_af2_new/PTP1B.AF2rank276.pdb,results/PTP1B/02_template_guided_docking/complexes/PTP1B_276_complex.pdb,/home/wms/AF2-test/AF2-CatGraph/data/PTP1B/02_templates/template.pdb,/home/wms/AF2-test/AF2-CatGraph/data/PTP1B/02_templates/ligand.pdb,results/PTP1B/02_template_guided_docking/tables/PTP1B_step02_ligand_order_manifest.csv,/home/wms/AF2-test/AF2-CatGraph/data/PTP1B/02_templates/ligand.pdb,LIG,untrimmed_input,1,17,standard,dock_py_exact,True,single_chain_same_length_same_ordered_sequence,299,1.0,1.0,,passed,,2442,17,6,1.06196182906077,2.338362340255837,2.338362340255837,10,True,"(0.0, 0.0, 0.0)",collision_py_exact,5.0
277,PTP1B_277,PTP1B_277_complex.pdb,PTP1B,277,PTP1B.AF2rank277.pdb,PTP1B.AF2rank277,/home/wms/AF2-test/AF2-CatGraph/data/PTP1B/01_af2_new/PTP1B.AF2rank277.pdb,results/PTP1B/02_template_guided_docking/complexes/PTP1B_277_complex.pdb,/home/wms/AF2-test/AF2-CatGraph/data/PTP1B/02_templates/template.pdb,/home/wms/AF2-test/AF2-CatGraph/data/PTP1B/02_templates/ligand.pdb,results/PTP1B/02_template_guided_docking/tables/PTP1B_step02_ligand_order_manifest.csv,/home/wms/AF2-test/AF2-CatGraph/data/PTP1B/02_templates/ligand.pdb,LIG,untrimmed_input,1,17,standard,dock_py_exact,True,single_chain_same_length_same_ordered_sequence,299,1.0,1.0,,passed,,2442,17,5,1.2790883626708762,2.239646633474879,2.239646633474879,10,True,"(0.0, 0.0, 0.0)",collision_py_exact,5.0
278,PTP1B_278,PTP1B_278_complex.pdb,PTP1B,278,PTP1B.AF2rank278.pdb,PTP1B.AF2rank278,/home/wms/AF2-test/AF2-CatGraph/data/PTP1B/01_af2_new/PTP1B.AF2rank278.pdb,results/PTP1B/02_template_guided_docking/complexes/PTP1B_278_complex.pdb,/home/wms/AF2-test/AF2-CatGraph/data/PTP1B/02_templates/template.pdb,/home/wms/AF2-test/AF2-CatGraph/data/PTP1B/02_templates/ligand.pdb,results/PTP1B/02_template_guided_docking/tables/PTP1B_step02_ligand_order_manifest.csv,/home/wms/AF2-test/AF2-CatGraph/data/PTP1B/02_templates/ligand.pdb,LIG,untrimmed_input,1,17,standard,dock_py_exact,True,single_chain_same_length_same_ordered_sequence,299,1.0,1.0,,passed,,2442,17,4,0.5997494391784297,2.345374741526898,2.345374741526898,10,True,"(0.0, 0.0, 0.0)",collision_py_exact,5.0
279,PTP1B_279,PTP1B_279_complex.pdb,PTP1B,279,PTP1B.AF2rank279.pdb,PTP1B.AF2rank279,/home/wms/AF2-test/AF2-CatGraph/data/PTP1B/01_af2_new/PTP1B.AF2rank279.pdb,results/PTP1B/02_template_guided_docking/complexes/PTP1B_279_complex.pdb,/home/wms/AF2-test/AF2-CatGraph/data/PTP1B/02_templates/template.pdb,/home/wms/AF2-test/AF2-CatGraph/data/PTP1B/02_templates/ligand.pdb,results/PTP1B/02_template_guided_docking/tables/PTP1B_step02_ligand_order_manifest.csv,/home/wms/AF2-test/AF2-CatGraph/data/PTP1B/02_templates/ligand.pdb,LIG,untrimmed_input,1,17,standard,dock_py_exact,True,single_chain_same_length_same_ordered_sequence,299,1.0,1.0,,passed,,2442,17,7,1.4450704517762314,2.329871463627448,2.329871463627448,10,True,"(0.0, 0.0, 0.0)",collision_py_exact,5.0
280,PTP1B_280,PTP1B_280_complex.pdb,PTP1B,280,PTP1B.AF2rank280.pdb,PTP1B.AF2rank280,/home/wms/AF2-test/AF2-CatGraph/data/PTP1B/01_af2_new/PTP1B.AF2rank280.pdb,results/PTP1B/02_template_guided_docking/complexes/PTP1B_280_complex.pdb,/home/wms/AF2-test/AF2-CatGraph/data/PTP1B/02_templates/template.pdb,/home/wms/AF2-test/AF2-CatGraph/data/PTP1B/02_templates/ligand.pdb,results/PTP1B/02_template_guided_docking/tables/PTP1B_step02_ligand_order_manifest.csv,/home/wms/AF2-test/AF2-CatGraph/data/PTP1B/02_templates/ligand.pdb,LIG,untrimmed_input,1,17,standard,dock_py_exact,True,single_chain_same_length_same_ordered_sequence,299,1.0,1.0,,passed,,2442,17,7,1.5784963049868939,2.1183221722737047,2.1183221722737047,10,True,"(0.0, 0.0, 0.0)",collision_py_exact,5.0
281,PTP1B_281,PTP1B_281_complex.pdb,PTP1B,281,PTP1B.AF2rank281.pdb,PTP1B.AF2rank281,/home/wms/AF2-test/AF2-CatGraph/data/PTP1B/01_af2_new/PTP1B.AF2rank281.pdb,results/PTP1B/02_template_guided_docking/complexes/PTP1B_281_complex.pdb,/home/wms/AF2-test/AF2-CatGraph/data/PTP1B/02_templates/template.pdb,/home/wms/AF2-test/AF2-CatGraph/data/PTP1B/02_templates/ligand.pdb,results/PTP1B/02_template_guided_docking/tables/PTP1B_step02_ligand_order_manifest.csv,/home/wms/AF2-test/AF2-CatGraph/data/PTP1B/02_templates/ligand.pdb,LIG,untrimmed_input,1,17,standard,dock_py_exact,True,single_chain_same_length_same_ordered_sequence,299,1.0,1.0,,passed,,2442,17,9,2.319278125481379,2.209320274377683,2.209320274377683,10,True,"(0.0, 0.0, 0.0)",collision_py_exact,5.0
282,PTP1B_282,PTP1B_282_complex.pdb,PTP1B,282,PTP1B.AF2rank282.pdb,PTP1B.AF2rank282,/home/wms/AF2-test/AF2-CatGraph/data/PTP1B/01_af2_new/PTP1B.AF2rank282.pdb,results/PTP1B/02_template_guided_docking/complexes/PTP1B_282_complex.pdb,/home/wms/AF2-test/AF2-CatGraph/data/PTP1B/02_templates/template.pdb,/home/wms/AF2-test/AF2-CatGraph/data/PTP1B/02_templates/ligand.pdb,results/PTP1B/02_template_guided_docking/tables/PTP1B_step02_ligand_order_manifest.csv,/home/wms/AF2-test/AF2-CatGraph/data/PTP1B/02_templates/ligand.pdb,LIG,untrimmed_input,1,17,standard,dock_py_exact,True,single_chain_same_length_same_ordered_sequence,299,1.0,1.0,,passed,,2442,17,10,2.402000373167578,2.1708401360905976,2.1708401360905976,10,True,"(0.0, 0.0, 0.0)",collision_py_exact,5.0
283,PTP1B_283,PTP1B_283_complex.pdb,PTP1B,283,PTP1B.AF2rank283.pdb,PTP1B.AF2rank283,/home/wms/AF2-test/AF2-CatGraph/data/PTP1B/01_af2_new/PTP1B.AF2rank283.pdb,results/PTP1B/02_template_guided_docking/complexes/PTP1B_283_complex.pdb,/home/wms/AF2-test/AF2-CatGraph/data/PTP1B/02_templates/template.pdb,/home/wms/AF2-test/AF2-CatGraph/data/PTP1B/02_templates/ligand.pdb,results/PTP1B/02_template_guided_docking/tables/PTP1B_step02_ligand_order_manifest.csv,/home/wms/AF2-test/AF2-CatGraph/data/PTP1B/02_templates/ligand.pdb,LIG,untrimmed_input,1,17,standard,dock_py_exact,True,single_chain_same_length_same_ordered_sequence,299,1.0,1.0,,passed,,2442,17,9,2.0715158647947014,2.1208018814112126,2.1208018814112126,10,True,"(0.0, 0.0, 0.0)",collision_py_exact,5.0
284,PTP1B_284,PTP1B_284_complex.pdb,PTP1B,284,PTP1B.AF2rank284.pdb,PTP1B.AF2rank284,/home/wms/AF2-test/AF2-CatGraph/data/PTP1B/01_af2_new/PTP1B.AF2rank284.pdb,results/PTP1B/02_template_guided_docking/complexes/PTP1B_284_complex.pdb,/home/wms/AF2-test/AF2-CatGraph/data/PTP1B/02_templates/template.pdb,/home/wms/AF2-test/AF2-CatGraph/data/PTP1B/02_templates/ligand.pdb,results/PTP1B/02_template_guided_docking/tables/PTP1B_step02_ligand_order_manifest.csv,/home/wms/AF2-test/AF2-CatGraph/data/PTP1B/02_templates/ligand.pdb,LIG,untrimmed_input,1,17,standard,dock_py_exact,True,single_chain_same_length_same_ordered_sequence,299,1.0,1.0,,passed,,2442,17,8,1.196372753373737,2.432320103666624,2.432320103666624,10,True,"(0.0, 0.0, 0.0)",collision_py_exact,5.0
285,PTP1B_285,PTP1B_285_complex.pdb,PTP1B,285,PTP1B.AF2rank285.pdb,PTP1B.AF2rank285,/home/wms/AF2-test/AF2-CatGraph/data/PTP1B/01_af2_new/PTP1B.AF2rank285.pdb,results/PTP1B/02_template_guided_docking/complexes/PTP1B_285_complex.pdb,/home/wms/AF2-test/AF2-CatGraph/data/PTP1B/02_templates/template.pdb,/home/wms/AF2-test/AF2-CatGraph/data/PTP1B/02_templates/ligand.pdb,results/PTP1B/02_template_guided_docking/tables/PTP1B_step02_ligand_order_manifest.csv,/home/wms/AF2-test/AF2-CatGraph/data/PTP1B/02_templates/ligand.pdb,LIG,untrimmed_input,1,17,standard,dock_py_exact,True,single_chain_same_length_same_ordered_sequence,299,1.0,1.0,,passed,,2442,17,10,1.6827692823148404,2.2150532651623793,2.2150532651623793,10,True,"(0.0, 0.0, 0.0)",collision_py_exact,5.0
286,PTP1B_286,PTP1B_286_complex.pdb,PTP1B,286,PTP1B.AF2rank286.pdb,PTP1B.AF2rank286,/home/wms/AF2-test/AF2-CatGraph/data/PTP1B/01_af2_new/PTP1B.AF2rank286.pdb,results/PTP1B/02_template_guided_docking/complexes/PTP1B_286_complex.pdb,/home/wms/AF2-test/AF2-CatGraph/data/PTP1B/02_templates/template.pdb,/home/wms/AF2-test/AF2-CatGraph/data/PTP1B/02_templates/ligand.pdb,results/PTP1B/02_template_guided_docking/tables/PTP1B_step02_ligand_order_manifest.csv,/home/wms/AF2-test/AF2-CatGraph/data/PTP1B/02_templates/ligand.pdb,LIG,untrimmed_input,1,17,standard,dock_py_exact,True,single_chain_same_length_same_ordered_sequence,299,1.0,1.0,,passed,,2442,17,9,1.7273211906670158,2.2903504875831695,2.2903504875831695,10,True,"(0.0, 0.0, 0.0)",collision_py_exact,5.0
288,PTP1B_288,PTP1B_288_complex.pdb,PTP1B,288,PTP1B.AF2rank288.pdb,PTP1B.AF2rank288,/home/wms/AF2-test/AF2-CatGraph/data/PTP1B/01_af2_new/PTP1B.AF2rank288.pdb,results/PTP1B/02_template_guided_docking/complexes/PTP1B_288_complex.pdb,/home/wms/AF2-test/AF2-CatGraph/data/PTP1B/02_templates/template.pdb,/home/wms/AF2-test/AF2-CatGraph/data/PTP1B/02_templates/ligand.pdb,results/PTP1B/02_template_guided_docking/tables/PTP1B_step02_ligand_order_manifest.csv,/home/wms/AF2-test/AF2-CatGraph/data/PTP1B/02_templates/ligand.pdb,LIG,untrimmed_input,1,17,standard,dock_py_exact,True,single_chain_same_length_same_ordered_sequence,299,1.0,1.0,,passed,,2442,17,8,1.1268745721918574,2.4068776265858074,2.4068776265858074,10,True,"(0.0, 0.0, 0.0)",collision_py_exact,5.0
289,PTP1B_289,PTP1B_289_complex.pdb,PTP1B,289,PTP1B.AF2rank289.pdb,PTP1B.AF2rank289,/home/wms/AF2-test/AF2-CatGraph/data/PTP1B/01_af2_new/PTP1B.AF2rank289.pdb,results/PTP1B/02_template_guided_docking/complexes/PTP1B_289_complex.pdb,/home/wms/AF2-test/AF2-CatGraph/data/PTP1B/02_templates/template.pdb,/home/wms/AF2-test/AF2-CatGraph/data/PTP1B/02_templates/ligand.pdb,results/PTP1B/02_template_guided_docking/tables/PTP1B_step02_ligand_order_manifest.csv,/home/wms/AF2-test/AF2-CatGraph/data/PTP1B/02_templates/ligand.pdb,LIG,untrimmed_input,1,17,standard,dock_py_exact,True,single_chain_same_length_same_ordered_sequence,299,1.0,1.0,,passed,,2442,17,6,1.5582053580344768,2.1603165165104103,2.1603165165104103,10,True,"(0.0, 0.0, 0.0)",collision_py_exact,5.0
290,PTP1B_290,PTP1B_290_complex.pdb,PTP1B,290,PTP1B.AF2rank290.pdb,PTP1B.AF2rank290,/home/wms/AF2-test/AF2-CatGraph/data/PTP1B/01_af2_new/PTP1B.AF2rank290.pdb,results/PTP1B/02_template_guided_docking/complexes/PTP1B_290_complex.pdb,/home/wms/AF2-test/AF2-CatGraph/data/PTP1B/02_templates/template.pdb,/home/wms/AF2-test/AF2-CatGraph/data/PTP1B/02_templates/ligand.pdb,results/PTP1B/02_template_guided_docking/tables/PTP1B_step02_ligand_order_manifest.csv,/home/wms/AF2-test/AF2-CatGraph/data/PTP1B/02_templates/ligand.pdb,LIG,untrimmed_input,1,17,standard,dock_py_exact,True,single_chain_same_length_same_ordered_sequence,299,1.0,1.0,,passed,,2442,17,10,1.8355689573823213,2.2893635481816017,2.2893635481816017,10,True,"(0.0, 0.0, 0.0)",collision_py_exact,5.0
291,PTP1B_291,PTP1B_291_complex.pdb,PTP1B,291,PTP1B.AF2rank291.pdb,PTP1B.AF2rank291,/home/wms/AF2-test/AF2-CatGraph/data/PTP1B/01_af2_new/PTP1B.AF2rank291.pdb,results/PTP1B/02_template_guided_docking/complexes/PTP1B_291_complex.pdb,/home/wms/AF2-test/AF2-CatGraph/data/PTP1B/02_templates/template.pdb,/home/wms/AF2-test/AF2-CatGraph/data/PTP1B/02_templates/ligand.pdb,results/PTP1B/02_template_guided_docking/tables/PTP1B_step02_ligand_order_manifest.csv,/home/wms/AF2-test/AF2-CatGraph/data/PTP1B/02_templates/ligand.pdb,LIG,untrimmed_input,1,17,standard,dock_py_exact,True,single_chain_same_length_same_ordered_sequence,299,1.0,1.0,,passed,,2442,17,9,2.268343126201237,2.08925173911427,2.08925173911427,10,True,"(0.0, 0.0, 0.0)",collision_py_exact,5.0
292,PTP1B_292,PTP1B_292_complex.pdb,PTP1B,292,PTP1B.AF2rank292.pdb,PTP1B.AF2rank292,/home/wms/AF2-test/AF2-CatGraph/data/PTP1B/01_af2_new/PTP1B.AF2rank292.pdb,results/PTP1B/02_template_guided_docking/complexes/PTP1B_292_complex.pdb,/home/wms/AF2-test/AF2-CatGraph/data/PTP1B/02_templates/template.pdb,/home/wms/AF2-test/AF2-CatGraph/data/PTP1B/02_templates/ligand.pdb,results/PTP1B/02_template_guided_docking/tables/PTP1B_step02_ligand_order_manifest.csv,/home/wms/AF2-test/AF2-CatGraph/data/PTP1B/02_templates/ligand.pdb,LIG,untrimmed_input,1,17,standard,dock_py_exact,True,single_chain_same_length_same_ordered_sequence,299,1.0,1.0,,passed,,2442,17,7,1.7329674846262275,2.324349541341165,2.324349541341165,10,True,"(0.0, 0.0, 0.0)",collision_py_exact,5.0
293,PTP1B_293,PTP1B_293_complex.pdb,PTP1B,293,PTP1B.AF2rank293.pdb,PTP1B.AF2rank293,/home/wms/AF2-test/AF2-CatGraph/data/PTP1B/01_af2_new/PTP1B.AF2rank293.pdb,results/PTP1B/02_template_guided_docking/complexes/PTP1B_293_complex.pdb,/home/wms/AF2-test/AF2-CatGraph/data/PTP1B/02_templates/template.pdb,/home/wms/AF2-test/AF2-CatGraph/data/PTP1B/02_templates/ligand.pdb,results/PTP1B/02_template_guided_docking/tables/PTP1B_step02_ligand_order_manifest.csv,/home/wms/AF2-test/AF2-CatGraph/data/PTP1B/02_templates/ligand.pdb,LIG,untrimmed_input,1,17,standard,dock_py_exact,True,single_chain_same_length_same_ordered_sequence,299,1.0,1.0,,passed,,2442,17,7,1.6991434695647283,2.2424660070252735,2.2424660070252735,10,True,"(0.0, 0.0, 0.0)",collision_py_exact,5.0
294,PTP1B_294,PTP1B_294_complex.pdb,PTP1B,294,PTP1B.AF2rank294.pdb,PTP1B.AF2rank294,/home/wms/AF2-test/AF2-CatGraph/data/PTP1B/01_af2_new/PTP1B.AF2rank294.pdb,results/PTP1B/02_template_guided_docking/complexes/PTP1B_294_complex.pdb,/home/wms/AF2-test/AF2-CatGraph/data/PTP1B/02_templates/template.pdb,/home/wms/AF2-test/AF2-CatGraph/data/PTP1B/02_templates/ligand.pdb,results/PTP1B/02_template_guided_docking/tables/PTP1B_step02_ligand_order_manifest.csv,/home/wms/AF2-test/AF2-CatGraph/data/PTP1B/02_templates/ligand.pdb,LIG,untrimmed_input,1,17,standard,dock_py_exact,True,single_chain_same_length_same_ordered_sequence,299,1.0,1.0,,passed,,2442,17,6,0.9840584593843458,2.098671123955964,2.098671123955964,10,True,"(0.0, 0.0, 0.0)",collision_py_exact,5.0
295,PTP1B_295,PTP1B_295_complex.pdb,PTP1B,295,PTP1B.AF2rank295.pdb,PTP1B.AF2rank295,/home/wms/AF2-test/AF2-CatGraph/data/PTP1B/01_af2_new/PTP1B.AF2rank295.pdb,results/PTP1B/02_template_guided_docking/complexes/PTP1B_295_complex.pdb,/home/wms/AF2-test/AF2-CatGraph/data/PTP1B/02_templates/template.pdb,/home/wms/AF2-test/AF2-CatGraph/data/PTP1B/02_templates/ligand.pdb,results/PTP1B/02_template_guided_docking/tables/PTP1B_step02_ligand_order_manifest.csv,/home/wms/AF2-test/AF2-CatGraph/data/PTP1B/02_templates/ligand.pdb,LIG,untrimmed_input,1,17,standard,dock_py_exact,True,single_chain_same_length_same_ordered_sequence,299,1.0,1.0,,passed,,2442,17,9,1.9996472839522292,2.124368175145408,2.124368175145408,10,True,"(0.0, 0.0, 0.0)",collision_py_exact,5.0
296,PTP1B_296,PTP1B_296_complex.pdb,PTP1B,296,PTP1B.AF2rank296.pdb,PTP1B.AF2rank296,/home/wms/AF2-test/AF2-CatGraph/data/PTP1B/01_af2_new/PTP1B.AF2rank296.pdb,results/PTP1B/02_template_guided_docking/complexes/PTP1B_296_complex.pdb,/home/wms/AF2-test/AF2-CatGraph/data/PTP1B/02_templates/template.pdb,/home/wms/AF2-test/AF2-CatGraph/data/PTP1B/02_templates/ligand.pdb,results/PTP1B/02_template_guided_docking/tables/PTP1B_step02_ligand_order_manifest.csv,/home/wms/AF2-test/AF2-CatGraph/data/PTP1B/02_templates/ligand.pdb,LIG,untrimmed_input,1,17,standard,dock_py_exact,True,single_chain_same_length_same_ordered_sequence,299,1.0,1.0,,passed,,2442,17,9,1.8971077355133912,2.1962028539698015,2.1962028539698015,10,True,"(0.0, 0.0, 0.0)",collision_py_exact,5.0
297,PTP1B_297,PTP1B_297_complex.pdb,PTP1B,297,PTP1B.AF2rank297.pdb,PTP1B.AF2rank297,/home/wms/AF2-test/AF2-CatGraph/data/PTP1B/01_af2_new/PTP1B.AF2rank297.pdb,results/PTP1B/02_template_guided_docking/complexes/PTP1B_297_complex.pdb,/home/wms/AF2-test/AF2-CatGraph/data/PTP1B/02_templates/template.pdb,/home/wms/AF2-test/AF2-CatGraph/data/PTP1B/02_templates/ligand.pdb,results/PTP1B/02_template_guided_docking/tables/PTP1B_step02_ligand_order_manifest.csv,/home/wms/AF2-test/AF2-CatGraph/data/PTP1B/02_templates/ligand.pdb,LIG,untrimmed_input,1,17,standard,dock_py_exact,True,single_chain_same_length_same_ordered_sequence,299,1.0,1.0,,passed,,2442,17,7,0.9771063529315516,2.451321856102419,2.451321856102419,10,True,"(0.0, 0.0, 0.0)",collision_py_exact,5.0
298,PTP1B_298,PTP1B_298_complex.pdb,PTP1B,298,PTP1B.AF2rank298.pdb,PTP1B.AF2rank298,/home/wms/AF2-test/AF2-CatGraph/data/PTP1B/01_af2_new/PTP1B.AF2rank298.pdb,results/PTP1B/02_template_guided_docking/complexes/PTP1B_298_complex.pdb,/home/wms/AF2-test/AF2-CatGraph/data/PTP1B/02_templates/template.pdb,/home/wms/AF2-test/AF2-CatGraph/data/PTP1B/02_templates/ligand.pdb,results/PTP1B/02_template_guided_docking/tables/PTP1B_step02_ligand_order_manifest.csv,/home/wms/AF2-test/AF2-CatGraph/data/PTP1B/02_templates/ligand.pdb,LIG,untrimmed_input,1,17,standard,dock_py_exact,True,single_chain_same_length_same_ordered_sequence,299,1.0,1.0,,passed,,2442,17,8,1.4709256368505348,2.364507285710546,2.364507285710546,10,True,"(0.0, 0.0, 0.0)",collision_py_exact,5.0
299,PTP1B_299,PTP1B_299_complex.pdb,PTP1B,299,PTP1B.AF2rank299.pdb,PTP1B.AF2rank299,/home/wms/AF2-test/AF2-CatGraph/data/PTP1B/01_af2_new/PTP1B.AF2rank299.pdb,results/PTP1B/02_template_guided_docking/complexes/PTP1B_299_complex.pdb,/home/wms/AF2-test/AF2-CatGraph/data/PTP1B/02_templates/template.pdb,/home/wms/AF2-test/AF2-CatGraph/data/PTP1B/02_templates/ligand.pdb,results/PTP1B/02_template_guided_docking/tables/PTP1B_step02_ligand_order_manifest.csv,/home/wms/AF2-test/AF2-CatGraph/data/PTP1B/02_templates/ligand.pdb,LIG,untrimmed_input,1,17,standard,dock_py_exact,True,single_chain_same_length_same_ordered_sequence,299,1.0,1.0,,passed,,2442,17,7,1.552742034052173,2.0498224597503762,2.0498224597503762,10,True,"(0.0, 0.0, 0.0)",collision_py_exact,5.0
300,PTP1B_300,PTP1B_300_complex.pdb,PTP1B,300,PTP1B.AF2rank300.pdb,PTP1B.AF2rank300,/home/wms/AF2-test/AF2-CatGraph/data/PTP1B/01_af2_new/PTP1B.AF2rank300.pdb,results/PTP1B/02_template_guided_docking/complexes/PTP1B_300_complex.pdb,/home/wms/AF2-test/AF2-CatGraph/data/PTP1B/02_templates/template.pdb,/home/wms/AF2-test/AF2-CatGraph/data/PTP1B/02_templates/ligand.pdb,results/PTP1B/02_template_guided_docking/tables/PTP1B_step02_ligand_order_manifest.csv,/home/wms/AF2-test/AF2-CatGraph/data/PTP1B/02_templates/ligand.pdb,LIG,untrimmed_input,1,17,standard,dock_py_exact,True,single_chain_same_length_same_ordered_sequence,299,1.0,1.0,,passed,,2442,17,8,1.407623870894355,2.390371995943742,2.390371995943742,10,True,"(0.0, 0.0, 0.0)",collision_py_exact,5.0
301,PTP1B_301,PTP1B_301_complex.pdb,PTP1B,301,PTP1B.AF2rank301.pdb,PTP1B.AF2rank301,/home/wms/AF2-test/AF2-CatGraph/data/PTP1B/01_af2_new/PTP1B.AF2rank301.pdb,results/PTP1B/02_template_guided_docking/complexes/PTP1B_301_complex.pdb,/home/wms/AF2-test/AF2-CatGraph/data/PTP1B/02_templates/template.pdb,/home/wms/AF2-test/AF2-CatGraph/data/PTP1B/02_templates/ligand.pdb,results/PTP1B/02_template_guided_docking/tables/PTP1B_step02_ligand_order_manifest.csv,/home/wms/AF2-test/AF2-CatGraph/data/PTP1B/02_templates/ligand.pdb,LIG,untrimmed_input,1,17,standard,dock_py_exact,True,single_chain_same_length_same_ordered_sequence,299,1.0,1.0,,passed,,2442,17,5,1.0149068545344946,2.2474026711654,2.2474026711654,10,True,"(0.0, 0.0, 0.0)",collision_py_exact,5.0
302,PTP1B_302,PTP1B_302_complex.pdb,PTP1B,302,PTP1B.AF2rank302.pdb,PTP1B.AF2rank302,/home/wms/AF2-test/AF2-CatGraph/data/PTP1B/01_af2_new/PTP1B.AF2rank302.pdb,results/PTP1B/02_template_guided_docking/complexes/PTP1B_302_complex.pdb,/home/wms/AF2-test/AF2-CatGraph/data/PTP1B/02_templates/template.pdb,/home/wms/AF2-test/AF2-CatGraph/data/PTP1B/02_templates/ligand.pdb,results/PTP1B/02_template_guided_docking/tables/PTP1B_step02_ligand_order_manifest.csv,/home/wms/AF2-test/AF2-CatGraph/data/PTP1B/02_templates/ligand.pdb,LIG,untrimmed_input,1,17,standard,dock_py_exact,True,single_chain_same_length_same_ordered_sequence,299,1.0,1.0,,passed,,2442,17,6,1.1352633819675995,2.11467485588972,2.11467485588972,10,True,"(0.0, 0.0, 0.0)",collision_py_exact,5.0
303,PTP1B_303,PTP1B_303_complex.pdb,PTP1B,303,PTP1B.AF2rank303.pdb,PTP1B.AF2rank303,/home/wms/AF2-test/AF2-CatGraph/data/PTP1B/01_af2_new/PTP1B.AF2rank303.pdb,results/PTP1B/02_template_guided_docking/complexes/PTP1B_303_complex.pdb,/home/wms/AF2-test/AF2-CatGraph/data/PTP1B/02_templates/template.pdb,/home/wms/AF2-test/AF2-CatGraph/data/PTP1B/02_templates/ligand.pdb,results/PTP1B/02_template_guided_docking/tables/PTP1B_step02_ligand_order_manifest.csv,/home/wms/AF2-test/AF2-CatGraph/data/PTP1B/02_templates/ligand.pdb,LIG,untrimmed_input,1,17,standard,dock_py_exact,True,single_chain_same_length_same_ordered_sequence,299,1.0,1.0,,passed,,2442,17,9,1.8019476052400614,2.2861520313621004,2.2861520313621004,10,True,"(0.0, 0.0, 0.0)",collision_py_exact,5.0
304,PTP1B_304,PTP1B_304_complex.pdb,PTP1B,304,PTP1B.AF2rank304.pdb,PTP1B.AF2rank304,/home/wms/AF2-test/AF2-CatGraph/data/PTP1B/01_af2_new/PTP1B.AF2rank304.pdb,results/PTP1B/02_template_guided_docking/complexes/PTP1B_304_complex.pdb,/home/wms/AF2-test/AF2-CatGraph/data/PTP1B/02_templates/template.pdb,/home/wms/AF2-test/AF2-CatGraph/data/PTP1B/02_templates/ligand.pdb,results/PTP1B/02_template_guided_docking/tables/PTP1B_step02_ligand_order_manifest.csv,/home/wms/AF2-test/AF2-CatGraph/data/PTP1B/02_templates/ligand.pdb,LIG,untrimmed_input,1,17,standard,dock_py_exact,True,single_chain_same_length_same_ordered_sequence,299,1.0,1.0,,passed,,2442,17,6,1.226635361283654,1.9998776006175945,1.9998776006175945,10,True,"(0.0, 0.0, 0.0)",collision_py_exact,5.0
305,PTP1B_305,PTP1B_305_complex.pdb,PTP1B,305,PTP1B.AF2rank305.pdb,PTP1B.AF2rank305,/home/wms/AF2-test/AF2-CatGraph/data/PTP1B/01_af2_new/PTP1B.AF2rank305.pdb,results/PTP1B/02_template_guided_docking/complexes/PTP1B_305_complex.pdb,/home/wms/AF2-test/AF2-CatGraph/data/PTP1B/02_templates/template.pdb,/home/wms/AF2-test/AF2-CatGraph/data/PTP1B/02_templates/ligand.pdb,results/PTP1B/02_template_guided_docking/tables/PTP1B_step02_ligand_order_manifest.csv,/home/wms/AF2-test/AF2-CatGraph/data/PTP1B/02_templates/ligand.pdb,LIG,untrimmed_input,1,17,standard,dock_py_exact,True,single_chain_same_length_same_ordered_sequence,299,1.0,1.0,,passed,,2442,17,9,2.379362683235271,2.2428521203364173,2.2428521203364173,10,True,"(0.0, 0.0, 0.0)",collision_py_exact,5.0
306,PTP1B_306,PTP1B_306_complex.pdb,PTP1B,306,PTP1B.AF2rank306.pdb,PTP1B.AF2rank306,/home/wms/AF2-test/AF2-CatGraph/data/PTP1B/01_af2_new/PTP1B.AF2rank306.pdb,results/PTP1B/02_template_guided_docking/complexes/PTP1B_306_complex.pdb,/home/wms/AF2-test/AF2-CatGraph/data/PTP1B/02_templates/template.pdb,/home/wms/AF2-test/AF2-CatGraph/data/PTP1B/02_templates/ligand.pdb,results/PTP1B/02_template_guided_docking/tables/PTP1B_step02_ligand_order_manifest.csv,/home/wms/AF2-test/AF2-CatGraph/data/PTP1B/02_templates/ligand.pdb,LIG,untrimmed_input,1,17,standard,dock_py_exact,True,single_chain_same_length_same_ordered_sequence,299,1.0,1.0,,passed,,2442,17,7,1.8400380502782148,2.072010427567948,2.072010427567948,10,True,"(0.0, 0.0, 0.0)",collision_py_exact,5.0
308,PTP1B_308,PTP1B_308_complex.pdb,PTP1B,308,PTP1B.AF2rank308.pdb,PTP1B.AF2rank308,/home/wms/AF2-test/AF2-CatGraph/data/PTP1B/01_af2_new/PTP1B.AF2rank308.pdb,results/PTP1B/02_template_guided_docking/complexes/PTP1B_308_complex.pdb,/home/wms/AF2-test/AF2-CatGraph/data/PTP1B/02_templates/template.pdb,/home/wms/AF2-test/AF2-CatGraph/data/PTP1B/02_templates/ligand.pdb,results/PTP1B/02_template_guided_docking/tables/PTP1B_step02_ligand_order_manifest.csv,/home/wms/AF2-test/AF2-CatGraph/data/PTP1B/02_templates/ligand.pdb,LIG,untrimmed_input,1,17,standard,dock_py_exact,True,single_chain_same_length_same_ordered_sequence,299,1.0,1.0,,passed,,2442,17,6,1.2809212325662709,2.2077626924147364,2.2077626924147364,10,True,"(0.0, 0.0, 0.0)",collision_py_exact,5.0
309,PTP1B_309,PTP1B_309_complex.pdb,PTP1B,309,PTP1B.AF2rank309.pdb,PTP1B.AF2rank309,/home/wms/AF2-test/AF2-CatGraph/data/PTP1B/01_af2_new/PTP1B.AF2rank309.pdb,results/PTP1B/02_template_guided_docking/complexes/PTP1B_309_complex.pdb,/home/wms/AF2-test/AF2-CatGraph/data/PTP1B/02_templates/template.pdb,/home/wms/AF2-test/AF2-CatGraph/data/PTP1B/02_templates/ligand.pdb,results/PTP1B/02_template_guided_docking/tables/PTP1B_step02_ligand_order_manifest.csv,/home/wms/AF2-test/AF2-CatGraph/data/PTP1B/02_templates/ligand.pdb,LIG,untrimmed_input,1,17,standard,dock_py_exact,True,single_chain_same_length_same_ordered_sequence,299,1.0,1.0,,passed,,2442,17,8,1.753167931973178,2.1791920112228813,2.1791920112228813,10,True,"(0.0, 0.0, 0.0)",collision_py_exact,5.0
310,PTP1B_310,PTP1B_310_complex.pdb,PTP1B,310,PTP1B.AF2rank310.pdb,PTP1B.AF2rank310,/home/wms/AF2-test/AF2-CatGraph/data/PTP1B/01_af2_new/PTP1B.AF2rank310.pdb,results/PTP1B/02_template_guided_docking/complexes/PTP1B_310_complex.pdb,/home/wms/AF2-test/AF2-CatGraph/data/PTP1B/02_templates/template.pdb,/home/wms/AF2-test/AF2-CatGraph/data/PTP1B/02_templates/ligand.pdb,results/PTP1B/02_template_guided_docking/tables/PTP1B_step02_ligand_order_manifest.csv,/home/wms/AF2-test/AF2-CatGraph/data/PTP1B/02_templates/ligand.pdb,LIG,untrimmed_input,1,17,standard,dock_py_exact,True,single_chain_same_length_same_ordered_sequence,299,1.0,1.0,,passed,,2442,17,7,1.8685727081355323,2.3436884653787398,2.3436884653787398,10,True,"(0.0, 0.0, 0.0)",collision_py_exact,5.0
311,PTP1B_311,PTP1B_311_complex.pdb,PTP1B,311,PTP1B.AF2rank311.pdb,PTP1B.AF2rank311,/home/wms/AF2-test/AF2-CatGraph/data/PTP1B/01_af2_new/PTP1B.AF2rank311.pdb,results/PTP1B/02_template_guided_docking/complexes/PTP1B_311_complex.pdb,/home/wms/AF2-test/AF2-CatGraph/data/PTP1B/02_templates/template.pdb,/home/wms/AF2-test/AF2-CatGraph/data/PTP1B/02_templates/ligand.pdb,results/PTP1B/02_template_guided_docking/tables/PTP1B_step02_ligand_order_manifest.csv,/home/wms/AF2-test/AF2-CatGraph/data/PTP1B/02_templates/ligand.pdb,LIG,untrimmed_input,1,17,standard,dock_py_exact,True,single_chain_same_length_same_ordered_sequence,299,1.0,1.0,,passed,,2442,17,10,2.6577156113837592,2.266521111010432,2.266521111010432,10,True,"(0.0, 0.0, 0.0)",collision_py_exact,5.0
312,PTP1B_312,PTP1B_312_complex.pdb,PTP1B,312,PTP1B.AF2rank312.pdb,PTP1B.AF2rank312,/home/wms/AF2-test/AF2-CatGraph/data/PTP1B/01_af2_new/PTP1B.AF2rank312.pdb,results/PTP1B/02_template_guided_docking/complexes/PTP1B_312_complex.pdb,/home/wms/AF2-test/AF2-CatGraph/data/PTP1B/02_templates/template.pdb,/home/wms/AF2-test/AF2-CatGraph/data/PTP1B/02_templates/ligand.pdb,results/PTP1B/02_template_guided_docking/tables/PTP1B_step02_ligand_order_manifest.csv,/home/wms/AF2-test/AF2-CatGraph/data/PTP1B/02_templates/ligand.pdb,LIG,untrimmed_input,1,17,standard,dock_py_exact,True,single_chain_same_length_same_ordered_sequence,299,1.0,1.0,,passed,,2442,17,7,1.7062156710658187,2.2262332719992344,2.2262332719992344,10,True,"(0.0, 0.0, 0.0)",collision_py_exact,5.0
314,PTP1B_314,PTP1B_314_complex.pdb,PTP1B,314,PTP1B.AF2rank314.pdb,PTP1B.AF2rank314,/home/wms/AF2-test/AF2-CatGraph/data/PTP1B/01_af2_new/PTP1B.AF2rank314.pdb,results/PTP1B/02_template_guided_docking/complexes/PTP1B_314_complex.pdb,/home/wms/AF2-test/AF2-CatGraph/data/PTP1B/02_templates/template.pdb,/home/wms/AF2-test/AF2-CatGraph/data/PTP1B/02_templates/ligand.pdb,results/PTP1B/02_template_guided_docking/tables/PTP1B_step02_ligand_order_manifest.csv,/home/wms/AF2-test/AF2-CatGraph/data/PTP1B/02_templates/ligand.pdb,LIG,untrimmed_input,1,17,standard,dock_py_exact,True,single_chain_same_length_same_ordered_sequence,299,1.0,1.0,,passed,,2442,17,8,1.6020336536724282,2.2429873028157323,2.2429873028157323,10,True,"(0.0, 0.0, 0.0)",collision_py_exact,5.0
315,PTP1B_315,PTP1B_315_complex.pdb,PTP1B,315,PTP1B.AF2rank315.pdb,PTP1B.AF2rank315,/home/wms/AF2-test/AF2-CatGraph/data/PTP1B/01_af2_new/PTP1B.AF2rank315.pdb,results/PTP1B/02_template_guided_docking/complexes/PTP1B_315_complex.pdb,/home/wms/AF2-test/AF2-CatGraph/data/PTP1B/02_templates/template.pdb,/home/wms/AF2-test/AF2-CatGraph/data/PTP1B/02_templates/ligand.pdb,results/PTP1B/02_template_guided_docking/tables/PTP1B_step02_ligand_order_manifest.csv,/home/wms/AF2-test/AF2-CatGraph/data/PTP1B/02_templates/ligand.pdb,LIG,untrimmed_input,1,17,standard,dock_py_exact,True,single_chain_same_length_same_ordered_sequence,299,1.0,1.0,,passed,,2442,17,10,2.7513968342673176,2.115734573793083,2.115734573793083,10,True,"(0.0, 0.0, 0.0)",collision_py_exact,5.0
316,PTP1B_316,PTP1B_316_complex.pdb,PTP1B,316,PTP1B.AF2rank316.pdb,PTP1B.AF2rank316,/home/wms/AF2-test/AF2-CatGraph/data/PTP1B/01_af2_new/PTP1B.AF2rank316.pdb,results/PTP1B/02_template_guided_docking/complexes/PTP1B_316_complex.pdb,/home/wms/AF2-test/AF2-CatGraph/data/PTP1B/02_templates/template.pdb,/home/wms/AF2-test/AF2-CatGraph/data/PTP1B/02_templates/ligand.pdb,results/PTP1B/02_template_guided_docking/tables/PTP1B_step02_ligand_order_manifest.csv,/home/wms/AF2-test/AF2-CatGraph/data/PTP1B/02_templates/ligand.pdb,LIG,untrimmed_input,1,17,standard,dock_py_exact,True,single_chain_same_length_same_ordered_sequence,299,1.0,1.0,,passed,,2442,17,4,0.5913118943258544,2.4502226065031394,2.4502226065031394,10,True,"(0.0, 0.0, 0.0)",collision_py_exact,5.0
318,PTP1B_318,PTP1B_318_complex.pdb,PTP1B,318,PTP1B.AF2rank318.pdb,PTP1B.AF2rank318,/home/wms/AF2-test/AF2-CatGraph/data/PTP1B/01_af2_new/PTP1B.AF2rank318.pdb,results/PTP1B/02_template_guided_docking/complexes/PTP1B_318_complex.pdb,/home/wms/AF2-test/AF2-CatGraph/data/PTP1B/02_templates/template.pdb,/home/wms/AF2-test/AF2-CatGraph/data/PTP1B/02_templates/ligand.pdb,results/PTP1B/02_template_guided_docking/tables/PTP1B_step02_ligand_order_manifest.csv,/home/wms/AF2-test/AF2-CatGraph/data/PTP1B/02_templates/ligand.pdb,LIG,untrimmed_input,1,17,standard,dock_py_exact,True,single_chain_same_length_same_ordered_sequence,299,1.0,1.0,,passed,,2442,17,9,2.657405148133387,2.1852511881455894,2.1852511881455894,10,True,"(0.0, 0.0, 0.0)",collision_py_exact,5.0
319,PTP1B_319,PTP1B_319_complex.pdb,PTP1B,319,PTP1B.AF2rank319.pdb,PTP1B.AF2rank319,/home/wms/AF2-test/AF2-CatGraph/data/PTP1B/01_af2_new/PTP1B.AF2rank319.pdb,results/PTP1B/02_template_guided_docking/complexes/PTP1B_319_complex.pdb,/home/wms/AF2-test/AF2-CatGraph/data/PTP1B/02_templates/template.pdb,/home/wms/AF2-test/AF2-CatGraph/data/PTP1B/02_templates/ligand.pdb,results/PTP1B/02_template_guided_docking/tables/PTP1B_step02_ligand_order_manifest.csv,/home/wms/AF2-test/AF2-CatGraph/data/PTP1B/02_templates/ligand.pdb,LIG,untrimmed_input,1,17,standard,dock_py_exact,True,single_chain_same_length_same_ordered_sequence,299,1.0,1.0,,passed,,2442,17,4,1.337493644454299,2.092439049689705,2.092439049689705,10,True,"(0.0, 0.0, 0.0)",collision_py_exact,5.0
320,PTP1B_320,PTP1B_320_complex.pdb,PTP1B,320,PTP1B.AF2rank320.pdb,PTP1B.AF2rank320,/home/wms/AF2-test/AF2-CatGraph/data/PTP1B/01_af2_new/PTP1B.AF2rank320.pdb,results/PTP1B/02_template_guided_docking/complexes/PTP1B_320_complex.pdb,/home/wms/AF2-test/AF2-CatGraph/data/PTP1B/02_templates/template.pdb,/home/wms/AF2-test/AF2-CatGraph/data/PTP1B/02_templates/ligand.pdb,results/PTP1B/02_template_guided_docking/tables/PTP1B_step02_ligand_order_manifest.csv,/home/wms/AF2-test/AF2-CatGraph/data/PTP1B/02_templates/ligand.pdb,LIG,untrimmed_input,1,17,standard,dock_py_exact,True,single_chain_same_length_same_ordered_sequence,299,1.0,1.0,,passed,,2442,17,9,2.3989413646263906,2.1449278645921925,2.1449278645921925,10,True,"(0.0, 0.0, 0.0)",collision_py_exact,5.0
