standard_structure_id,complex_pdb_path,plip_work_dir,plip_report_path,ged_file_path,n_ligand_atoms,n_ligand_nodes,n_protein_nodes,n_total_nodes,n_interaction_records,n_ligand_connectivity_edges,n_total_edges,status,error_message
PTP1B_1,/home/wms/AF2-test/AF2-CatGraph/results/PTP1B/02_template_guided_docking/complexes/PTP1B_1_complex.pdb,results/PTP1B/05_plip_interaction_graphs/plip_outputs/PTP1B_1,results/PTP1B/05_plip_interaction_graphs/plip_outputs/PTP1B_1/report.xml,results/PTP1B/05_plip_interaction_graphs/ged_input_files/PTP1B_1_final.txt,17,17,8,25,12,17,29,success,
PTP1B_3,/home/wms/AF2-test/AF2-CatGraph/results/PTP1B/02_template_guided_docking/complexes/PTP1B_3_complex.pdb,results/PTP1B/05_plip_interaction_graphs/plip_outputs/PTP1B_3,results/PTP1B/05_plip_interaction_graphs/plip_outputs/PTP1B_3/report.xml,results/PTP1B/05_plip_interaction_graphs/ged_input_files/PTP1B_3_final.txt,17,17,10,27,14,17,31,success,
PTP1B_4,/home/wms/AF2-test/AF2-CatGraph/results/PTP1B/02_template_guided_docking/complexes/PTP1B_4_complex.pdb,results/PTP1B/05_plip_interaction_graphs/plip_outputs/PTP1B_4,results/PTP1B/05_plip_interaction_graphs/plip_outputs/PTP1B_4/report.xml,results/PTP1B/05_plip_interaction_graphs/ged_input_files/PTP1B_4_final.txt,17,17,9,26,13,17,30,success,
PTP1B_5,/home/wms/AF2-test/AF2-CatGraph/results/PTP1B/02_template_guided_docking/complexes/PTP1B_5_complex.pdb,results/PTP1B/05_plip_interaction_graphs/plip_outputs/PTP1B_5,results/PTP1B/05_plip_interaction_graphs/plip_outputs/PTP1B_5/report.xml,results/PTP1B/05_plip_interaction_graphs/ged_input_files/PTP1B_5_final.txt,17,17,9,26,13,17,30,success,
PTP1B_6,/home/wms/AF2-test/AF2-CatGraph/results/PTP1B/02_template_guided_docking/complexes/PTP1B_6_complex.pdb,results/PTP1B/05_plip_interaction_graphs/plip_outputs/PTP1B_6,results/PTP1B/05_plip_interaction_graphs/plip_outputs/PTP1B_6/report.xml,results/PTP1B/05_plip_interaction_graphs/ged_input_files/PTP1B_6_final.txt,17,17,10,27,14,17,31,success,
PTP1B_7,/home/wms/AF2-test/AF2-CatGraph/results/PTP1B/02_template_guided_docking/complexes/PTP1B_7_complex.pdb,results/PTP1B/05_plip_interaction_graphs/plip_outputs/PTP1B_7,results/PTP1B/05_plip_interaction_graphs/plip_outputs/PTP1B_7/report.xml,results/PTP1B/05_plip_interaction_graphs/ged_input_files/PTP1B_7_final.txt,17,17,10,27,14,17,31,success,
PTP1B_8,/home/wms/AF2-test/AF2-CatGraph/results/PTP1B/02_template_guided_docking/complexes/PTP1B_8_complex.pdb,results/PTP1B/05_plip_interaction_graphs/plip_outputs/PTP1B_8,results/PTP1B/05_plip_interaction_graphs/plip_outputs/PTP1B_8/report.xml,results/PTP1B/05_plip_interaction_graphs/ged_input_files/PTP1B_8_final.txt,17,17,10,27,13,17,30,success,
PTP1B_9,/home/wms/AF2-test/AF2-CatGraph/results/PTP1B/02_template_guided_docking/complexes/PTP1B_9_complex.pdb,results/PTP1B/05_plip_interaction_graphs/plip_outputs/PTP1B_9,results/PTP1B/05_plip_interaction_graphs/plip_outputs/PTP1B_9/report.xml,results/PTP1B/05_plip_interaction_graphs/ged_input_files/PTP1B_9_final.txt,17,17,11,28,16,17,33,success,
PTP1B_10,/home/wms/AF2-test/AF2-CatGraph/results/PTP1B/02_template_guided_docking/complexes/PTP1B_10_complex.pdb,results/PTP1B/05_plip_interaction_graphs/plip_outputs/PTP1B_10,results/PTP1B/05_plip_interaction_graphs/plip_outputs/PTP1B_10/report.xml,results/PTP1B/05_plip_interaction_graphs/ged_input_files/PTP1B_10_final.txt,17,17,9,26,12,17,29,success,
PTP1B_11,/home/wms/AF2-test/AF2-CatGraph/results/PTP1B/02_template_guided_docking/complexes/PTP1B_11_complex.pdb,results/PTP1B/05_plip_interaction_graphs/plip_outputs/PTP1B_11,results/PTP1B/05_plip_interaction_graphs/plip_outputs/PTP1B_11/report.xml,results/PTP1B/05_plip_interaction_graphs/ged_input_files/PTP1B_11_final.txt,17,17,10,27,14,17,31,success,
PTP1B_12,/home/wms/AF2-test/AF2-CatGraph/results/PTP1B/02_template_guided_docking/complexes/PTP1B_12_complex.pdb,results/PTP1B/05_plip_interaction_graphs/plip_outputs/PTP1B_12,results/PTP1B/05_plip_interaction_graphs/plip_outputs/PTP1B_12/report.xml,results/PTP1B/05_plip_interaction_graphs/ged_input_files/PTP1B_12_final.txt,17,17,9,26,12,17,29,success,
PTP1B_13,/home/wms/AF2-test/AF2-CatGraph/results/PTP1B/02_template_guided_docking/complexes/PTP1B_13_complex.pdb,results/PTP1B/05_plip_interaction_graphs/plip_outputs/PTP1B_13,results/PTP1B/05_plip_interaction_graphs/plip_outputs/PTP1B_13/report.xml,results/PTP1B/05_plip_interaction_graphs/ged_input_files/PTP1B_13_final.txt,17,17,9,26,13,17,30,success,
PTP1B_14,/home/wms/AF2-test/AF2-CatGraph/results/PTP1B/02_template_guided_docking/complexes/PTP1B_14_complex.pdb,results/PTP1B/05_plip_interaction_graphs/plip_outputs/PTP1B_14,results/PTP1B/05_plip_interaction_graphs/plip_outputs/PTP1B_14/report.xml,results/PTP1B/05_plip_interaction_graphs/ged_input_files/PTP1B_14_final.txt,17,17,10,27,14,17,31,success,
PTP1B_15,/home/wms/AF2-test/AF2-CatGraph/results/PTP1B/02_template_guided_docking/complexes/PTP1B_15_complex.pdb,results/PTP1B/05_plip_interaction_graphs/plip_outputs/PTP1B_15,results/PTP1B/05_plip_interaction_graphs/plip_outputs/PTP1B_15/report.xml,results/PTP1B/05_plip_interaction_graphs/ged_input_files/PTP1B_15_final.txt,17,17,9,26,12,17,29,success,
PTP1B_16,/home/wms/AF2-test/AF2-CatGraph/results/PTP1B/02_template_guided_docking/complexes/PTP1B_16_complex.pdb,results/PTP1B/05_plip_interaction_graphs/plip_outputs/PTP1B_16,results/PTP1B/05_plip_interaction_graphs/plip_outputs/PTP1B_16/report.xml,results/PTP1B/05_plip_interaction_graphs/ged_input_files/PTP1B_16_final.txt,17,17,10,27,13,17,30,success,
PTP1B_17,/home/wms/AF2-test/AF2-CatGraph/results/PTP1B/02_template_guided_docking/complexes/PTP1B_17_complex.pdb,results/PTP1B/05_plip_interaction_graphs/plip_outputs/PTP1B_17,results/PTP1B/05_plip_interaction_graphs/plip_outputs/PTP1B_17/report.xml,results/PTP1B/05_plip_interaction_graphs/ged_input_files/PTP1B_17_final.txt,17,17,9,26,12,17,29,success,
PTP1B_18,/home/wms/AF2-test/AF2-CatGraph/results/PTP1B/02_template_guided_docking/complexes/PTP1B_18_complex.pdb,results/PTP1B/05_plip_interaction_graphs/plip_outputs/PTP1B_18,results/PTP1B/05_plip_interaction_graphs/plip_outputs/PTP1B_18/report.xml,results/PTP1B/05_plip_interaction_graphs/ged_input_files/PTP1B_18_final.txt,17,17,10,27,15,17,32,success,
PTP1B_19,/home/wms/AF2-test/AF2-CatGraph/results/PTP1B/02_template_guided_docking/complexes/PTP1B_19_complex.pdb,results/PTP1B/05_plip_interaction_graphs/plip_outputs/PTP1B_19,results/PTP1B/05_plip_interaction_graphs/plip_outputs/PTP1B_19/report.xml,results/PTP1B/05_plip_interaction_graphs/ged_input_files/PTP1B_19_final.txt,17,17,11,28,15,17,32,success,
PTP1B_20,/home/wms/AF2-test/AF2-CatGraph/results/PTP1B/02_template_guided_docking/complexes/PTP1B_20_complex.pdb,results/PTP1B/05_plip_interaction_graphs/plip_outputs/PTP1B_20,results/PTP1B/05_plip_interaction_graphs/plip_outputs/PTP1B_20/report.xml,results/PTP1B/05_plip_interaction_graphs/ged_input_files/PTP1B_20_final.txt,17,17,9,26,12,17,29,success,
PTP1B_21,/home/wms/AF2-test/AF2-CatGraph/results/PTP1B/02_template_guided_docking/complexes/PTP1B_21_complex.pdb,results/PTP1B/05_plip_interaction_graphs/plip_outputs/PTP1B_21,results/PTP1B/05_plip_interaction_graphs/plip_outputs/PTP1B_21/report.xml,results/PTP1B/05_plip_interaction_graphs/ged_input_files/PTP1B_21_final.txt,17,17,11,28,14,17,31,success,
PTP1B_22,/home/wms/AF2-test/AF2-CatGraph/results/PTP1B/02_template_guided_docking/complexes/PTP1B_22_complex.pdb,results/PTP1B/05_plip_interaction_graphs/plip_outputs/PTP1B_22,results/PTP1B/05_plip_interaction_graphs/plip_outputs/PTP1B_22/report.xml,results/PTP1B/05_plip_interaction_graphs/ged_input_files/PTP1B_22_final.txt,17,17,10,27,13,17,30,success,
PTP1B_23,/home/wms/AF2-test/AF2-CatGraph/results/PTP1B/02_template_guided_docking/complexes/PTP1B_23_complex.pdb,results/PTP1B/05_plip_interaction_graphs/plip_outputs/PTP1B_23,results/PTP1B/05_plip_interaction_graphs/plip_outputs/PTP1B_23/report.xml,results/PTP1B/05_plip_interaction_graphs/ged_input_files/PTP1B_23_final.txt,17,17,9,26,12,17,29,success,
PTP1B_24,/home/wms/AF2-test/AF2-CatGraph/results/PTP1B/02_template_guided_docking/complexes/PTP1B_24_complex.pdb,results/PTP1B/05_plip_interaction_graphs/plip_outputs/PTP1B_24,results/PTP1B/05_plip_interaction_graphs/plip_outputs/PTP1B_24/report.xml,results/PTP1B/05_plip_interaction_graphs/ged_input_files/PTP1B_24_final.txt,17,17,10,27,13,17,30,success,
PTP1B_25,/home/wms/AF2-test/AF2-CatGraph/results/PTP1B/02_template_guided_docking/complexes/PTP1B_25_complex.pdb,results/PTP1B/05_plip_interaction_graphs/plip_outputs/PTP1B_25,results/PTP1B/05_plip_interaction_graphs/plip_outputs/PTP1B_25/report.xml,results/PTP1B/05_plip_interaction_graphs/ged_input_files/PTP1B_25_final.txt,17,17,9,26,12,17,29,success,
PTP1B_26,/home/wms/AF2-test/AF2-CatGraph/results/PTP1B/02_template_guided_docking/complexes/PTP1B_26_complex.pdb,results/PTP1B/05_plip_interaction_graphs/plip_outputs/PTP1B_26,results/PTP1B/05_plip_interaction_graphs/plip_outputs/PTP1B_26/report.xml,results/PTP1B/05_plip_interaction_graphs/ged_input_files/PTP1B_26_final.txt,17,17,8,25,10,17,27,success,
PTP1B_27,/home/wms/AF2-test/AF2-CatGraph/results/PTP1B/02_template_guided_docking/complexes/PTP1B_27_complex.pdb,results/PTP1B/05_plip_interaction_graphs/plip_outputs/PTP1B_27,results/PTP1B/05_plip_interaction_graphs/plip_outputs/PTP1B_27/report.xml,results/PTP1B/05_plip_interaction_graphs/ged_input_files/PTP1B_27_final.txt,17,17,10,27,15,17,32,success,
PTP1B_28,/home/wms/AF2-test/AF2-CatGraph/results/PTP1B/02_template_guided_docking/complexes/PTP1B_28_complex.pdb,results/PTP1B/05_plip_interaction_graphs/plip_outputs/PTP1B_28,results/PTP1B/05_plip_interaction_graphs/plip_outputs/PTP1B_28/report.xml,results/PTP1B/05_plip_interaction_graphs/ged_input_files/PTP1B_28_final.txt,17,17,10,27,14,17,31,success,
PTP1B_29,/home/wms/AF2-test/AF2-CatGraph/results/PTP1B/02_template_guided_docking/complexes/PTP1B_29_complex.pdb,results/PTP1B/05_plip_interaction_graphs/plip_outputs/PTP1B_29,results/PTP1B/05_plip_interaction_graphs/plip_outputs/PTP1B_29/report.xml,results/PTP1B/05_plip_interaction_graphs/ged_input_files/PTP1B_29_final.txt,17,17,8,25,10,17,27,success,
PTP1B_30,/home/wms/AF2-test/AF2-CatGraph/results/PTP1B/02_template_guided_docking/complexes/PTP1B_30_complex.pdb,results/PTP1B/05_plip_interaction_graphs/plip_outputs/PTP1B_30,results/PTP1B/05_plip_interaction_graphs/plip_outputs/PTP1B_30/report.xml,results/PTP1B/05_plip_interaction_graphs/ged_input_files/PTP1B_30_final.txt,17,17,10,27,15,17,32,success,
PTP1B_31,/home/wms/AF2-test/AF2-CatGraph/results/PTP1B/02_template_guided_docking/complexes/PTP1B_31_complex.pdb,results/PTP1B/05_plip_interaction_graphs/plip_outputs/PTP1B_31,results/PTP1B/05_plip_interaction_graphs/plip_outputs/PTP1B_31/report.xml,results/PTP1B/05_plip_interaction_graphs/ged_input_files/PTP1B_31_final.txt,17,17,10,27,13,17,30,success,
PTP1B_32,/home/wms/AF2-test/AF2-CatGraph/results/PTP1B/02_template_guided_docking/complexes/PTP1B_32_complex.pdb,results/PTP1B/05_plip_interaction_graphs/plip_outputs/PTP1B_32,results/PTP1B/05_plip_interaction_graphs/plip_outputs/PTP1B_32/report.xml,results/PTP1B/05_plip_interaction_graphs/ged_input_files/PTP1B_32_final.txt,17,17,9,26,13,17,30,success,
PTP1B_33,/home/wms/AF2-test/AF2-CatGraph/results/PTP1B/02_template_guided_docking/complexes/PTP1B_33_complex.pdb,results/PTP1B/05_plip_interaction_graphs/plip_outputs/PTP1B_33,results/PTP1B/05_plip_interaction_graphs/plip_outputs/PTP1B_33/report.xml,results/PTP1B/05_plip_interaction_graphs/ged_input_files/PTP1B_33_final.txt,17,17,9,26,12,17,29,success,
PTP1B_34,/home/wms/AF2-test/AF2-CatGraph/results/PTP1B/02_template_guided_docking/complexes/PTP1B_34_complex.pdb,results/PTP1B/05_plip_interaction_graphs/plip_outputs/PTP1B_34,results/PTP1B/05_plip_interaction_graphs/plip_outputs/PTP1B_34/report.xml,results/PTP1B/05_plip_interaction_graphs/ged_input_files/PTP1B_34_final.txt,17,17,9,26,12,17,29,success,
PTP1B_35,/home/wms/AF2-test/AF2-CatGraph/results/PTP1B/02_template_guided_docking/complexes/PTP1B_35_complex.pdb,results/PTP1B/05_plip_interaction_graphs/plip_outputs/PTP1B_35,results/PTP1B/05_plip_interaction_graphs/plip_outputs/PTP1B_35/report.xml,results/PTP1B/05_plip_interaction_graphs/ged_input_files/PTP1B_35_final.txt,17,17,11,28,13,17,30,success,
PTP1B_37,/home/wms/AF2-test/AF2-CatGraph/results/PTP1B/02_template_guided_docking/complexes/PTP1B_37_complex.pdb,results/PTP1B/05_plip_interaction_graphs/plip_outputs/PTP1B_37,results/PTP1B/05_plip_interaction_graphs/plip_outputs/PTP1B_37/report.xml,results/PTP1B/05_plip_interaction_graphs/ged_input_files/PTP1B_37_final.txt,17,17,10,27,14,17,31,success,
PTP1B_38,/home/wms/AF2-test/AF2-CatGraph/results/PTP1B/02_template_guided_docking/complexes/PTP1B_38_complex.pdb,results/PTP1B/05_plip_interaction_graphs/plip_outputs/PTP1B_38,results/PTP1B/05_plip_interaction_graphs/plip_outputs/PTP1B_38/report.xml,results/PTP1B/05_plip_interaction_graphs/ged_input_files/PTP1B_38_final.txt,17,17,10,27,14,17,31,success,
PTP1B_39,/home/wms/AF2-test/AF2-CatGraph/results/PTP1B/02_template_guided_docking/complexes/PTP1B_39_complex.pdb,results/PTP1B/05_plip_interaction_graphs/plip_outputs/PTP1B_39,results/PTP1B/05_plip_interaction_graphs/plip_outputs/PTP1B_39/report.xml,results/PTP1B/05_plip_interaction_graphs/ged_input_files/PTP1B_39_final.txt,17,17,10,27,15,17,32,success,
PTP1B_40,/home/wms/AF2-test/AF2-CatGraph/results/PTP1B/02_template_guided_docking/complexes/PTP1B_40_complex.pdb,results/PTP1B/05_plip_interaction_graphs/plip_outputs/PTP1B_40,results/PTP1B/05_plip_interaction_graphs/plip_outputs/PTP1B_40/report.xml,results/PTP1B/05_plip_interaction_graphs/ged_input_files/PTP1B_40_final.txt,17,17,9,26,12,17,29,success,
PTP1B_41,/home/wms/AF2-test/AF2-CatGraph/results/PTP1B/02_template_guided_docking/complexes/PTP1B_41_complex.pdb,results/PTP1B/05_plip_interaction_graphs/plip_outputs/PTP1B_41,results/PTP1B/05_plip_interaction_graphs/plip_outputs/PTP1B_41/report.xml,results/PTP1B/05_plip_interaction_graphs/ged_input_files/PTP1B_41_final.txt,17,17,11,28,16,17,33,success,
PTP1B_42,/home/wms/AF2-test/AF2-CatGraph/results/PTP1B/02_template_guided_docking/complexes/PTP1B_42_complex.pdb,results/PTP1B/05_plip_interaction_graphs/plip_outputs/PTP1B_42,results/PTP1B/05_plip_interaction_graphs/plip_outputs/PTP1B_42/report.xml,results/PTP1B/05_plip_interaction_graphs/ged_input_files/PTP1B_42_final.txt,17,17,9,26,12,17,29,success,
PTP1B_43,/home/wms/AF2-test/AF2-CatGraph/results/PTP1B/02_template_guided_docking/complexes/PTP1B_43_complex.pdb,results/PTP1B/05_plip_interaction_graphs/plip_outputs/PTP1B_43,results/PTP1B/05_plip_interaction_graphs/plip_outputs/PTP1B_43/report.xml,results/PTP1B/05_plip_interaction_graphs/ged_input_files/PTP1B_43_final.txt,17,17,11,28,15,17,32,success,
PTP1B_44,/home/wms/AF2-test/AF2-CatGraph/results/PTP1B/02_template_guided_docking/complexes/PTP1B_44_complex.pdb,results/PTP1B/05_plip_interaction_graphs/plip_outputs/PTP1B_44,results/PTP1B/05_plip_interaction_graphs/plip_outputs/PTP1B_44/report.xml,results/PTP1B/05_plip_interaction_graphs/ged_input_files/PTP1B_44_final.txt,17,17,10,27,13,17,30,success,
PTP1B_45,/home/wms/AF2-test/AF2-CatGraph/results/PTP1B/02_template_guided_docking/complexes/PTP1B_45_complex.pdb,results/PTP1B/05_plip_interaction_graphs/plip_outputs/PTP1B_45,results/PTP1B/05_plip_interaction_graphs/plip_outputs/PTP1B_45/report.xml,results/PTP1B/05_plip_interaction_graphs/ged_input_files/PTP1B_45_final.txt,17,17,9,26,12,17,29,success,
PTP1B_46,/home/wms/AF2-test/AF2-CatGraph/results/PTP1B/02_template_guided_docking/complexes/PTP1B_46_complex.pdb,results/PTP1B/05_plip_interaction_graphs/plip_outputs/PTP1B_46,results/PTP1B/05_plip_interaction_graphs/plip_outputs/PTP1B_46/report.xml,results/PTP1B/05_plip_interaction_graphs/ged_input_files/PTP1B_46_final.txt,17,17,9,26,12,17,29,success,
PTP1B_47,/home/wms/AF2-test/AF2-CatGraph/results/PTP1B/02_template_guided_docking/complexes/PTP1B_47_complex.pdb,results/PTP1B/05_plip_interaction_graphs/plip_outputs/PTP1B_47,results/PTP1B/05_plip_interaction_graphs/plip_outputs/PTP1B_47/report.xml,results/PTP1B/05_plip_interaction_graphs/ged_input_files/PTP1B_47_final.txt,17,17,9,26,12,17,29,success,
PTP1B_48,/home/wms/AF2-test/AF2-CatGraph/results/PTP1B/02_template_guided_docking/complexes/PTP1B_48_complex.pdb,results/PTP1B/05_plip_interaction_graphs/plip_outputs/PTP1B_48,results/PTP1B/05_plip_interaction_graphs/plip_outputs/PTP1B_48/report.xml,results/PTP1B/05_plip_interaction_graphs/ged_input_files/PTP1B_48_final.txt,17,17,9,26,12,17,29,success,
PTP1B_49,/home/wms/AF2-test/AF2-CatGraph/results/PTP1B/02_template_guided_docking/complexes/PTP1B_49_complex.pdb,results/PTP1B/05_plip_interaction_graphs/plip_outputs/PTP1B_49,results/PTP1B/05_plip_interaction_graphs/plip_outputs/PTP1B_49/report.xml,results/PTP1B/05_plip_interaction_graphs/ged_input_files/PTP1B_49_final.txt,17,17,9,26,12,17,29,success,
PTP1B_50,/home/wms/AF2-test/AF2-CatGraph/results/PTP1B/02_template_guided_docking/complexes/PTP1B_50_complex.pdb,results/PTP1B/05_plip_interaction_graphs/plip_outputs/PTP1B_50,results/PTP1B/05_plip_interaction_graphs/plip_outputs/PTP1B_50/report.xml,results/PTP1B/05_plip_interaction_graphs/ged_input_files/PTP1B_50_final.txt,17,17,10,27,13,17,30,success,
PTP1B_51,/home/wms/AF2-test/AF2-CatGraph/results/PTP1B/02_template_guided_docking/complexes/PTP1B_51_complex.pdb,results/PTP1B/05_plip_interaction_graphs/plip_outputs/PTP1B_51,results/PTP1B/05_plip_interaction_graphs/plip_outputs/PTP1B_51/report.xml,results/PTP1B/05_plip_interaction_graphs/ged_input_files/PTP1B_51_final.txt,17,17,10,27,14,17,31,success,
PTP1B_52,/home/wms/AF2-test/AF2-CatGraph/results/PTP1B/02_template_guided_docking/complexes/PTP1B_52_complex.pdb,results/PTP1B/05_plip_interaction_graphs/plip_outputs/PTP1B_52,results/PTP1B/05_plip_interaction_graphs/plip_outputs/PTP1B_52/report.xml,results/PTP1B/05_plip_interaction_graphs/ged_input_files/PTP1B_52_final.txt,17,17,9,26,13,17,30,success,
PTP1B_53,/home/wms/AF2-test/AF2-CatGraph/results/PTP1B/02_template_guided_docking/complexes/PTP1B_53_complex.pdb,results/PTP1B/05_plip_interaction_graphs/plip_outputs/PTP1B_53,results/PTP1B/05_plip_interaction_graphs/plip_outputs/PTP1B_53/report.xml,results/PTP1B/05_plip_interaction_graphs/ged_input_files/PTP1B_53_final.txt,17,17,10,27,14,17,31,success,
PTP1B_54,/home/wms/AF2-test/AF2-CatGraph/results/PTP1B/02_template_guided_docking/complexes/PTP1B_54_complex.pdb,results/PTP1B/05_plip_interaction_graphs/plip_outputs/PTP1B_54,results/PTP1B/05_plip_interaction_graphs/plip_outputs/PTP1B_54/report.xml,results/PTP1B/05_plip_interaction_graphs/ged_input_files/PTP1B_54_final.txt,17,17,9,26,13,17,30,success,
PTP1B_55,/home/wms/AF2-test/AF2-CatGraph/results/PTP1B/02_template_guided_docking/complexes/PTP1B_55_complex.pdb,results/PTP1B/05_plip_interaction_graphs/plip_outputs/PTP1B_55,results/PTP1B/05_plip_interaction_graphs/plip_outputs/PTP1B_55/report.xml,results/PTP1B/05_plip_interaction_graphs/ged_input_files/PTP1B_55_final.txt,17,17,11,28,13,17,30,success,
PTP1B_56,/home/wms/AF2-test/AF2-CatGraph/results/PTP1B/02_template_guided_docking/complexes/PTP1B_56_complex.pdb,results/PTP1B/05_plip_interaction_graphs/plip_outputs/PTP1B_56,results/PTP1B/05_plip_interaction_graphs/plip_outputs/PTP1B_56/report.xml,results/PTP1B/05_plip_interaction_graphs/ged_input_files/PTP1B_56_final.txt,17,17,9,26,13,17,30,success,
PTP1B_57,/home/wms/AF2-test/AF2-CatGraph/results/PTP1B/02_template_guided_docking/complexes/PTP1B_57_complex.pdb,results/PTP1B/05_plip_interaction_graphs/plip_outputs/PTP1B_57,results/PTP1B/05_plip_interaction_graphs/plip_outputs/PTP1B_57/report.xml,results/PTP1B/05_plip_interaction_graphs/ged_input_files/PTP1B_57_final.txt,17,17,10,27,13,17,30,success,
PTP1B_58,/home/wms/AF2-test/AF2-CatGraph/results/PTP1B/02_template_guided_docking/complexes/PTP1B_58_complex.pdb,results/PTP1B/05_plip_interaction_graphs/plip_outputs/PTP1B_58,results/PTP1B/05_plip_interaction_graphs/plip_outputs/PTP1B_58/report.xml,results/PTP1B/05_plip_interaction_graphs/ged_input_files/PTP1B_58_final.txt,17,17,10,27,13,17,30,success,
PTP1B_59,/home/wms/AF2-test/AF2-CatGraph/results/PTP1B/02_template_guided_docking/complexes/PTP1B_59_complex.pdb,results/PTP1B/05_plip_interaction_graphs/plip_outputs/PTP1B_59,results/PTP1B/05_plip_interaction_graphs/plip_outputs/PTP1B_59/report.xml,results/PTP1B/05_plip_interaction_graphs/ged_input_files/PTP1B_59_final.txt,17,17,11,28,14,17,31,success,
PTP1B_61,/home/wms/AF2-test/AF2-CatGraph/results/PTP1B/02_template_guided_docking/complexes/PTP1B_61_complex.pdb,results/PTP1B/05_plip_interaction_graphs/plip_outputs/PTP1B_61,results/PTP1B/05_plip_interaction_graphs/plip_outputs/PTP1B_61/report.xml,results/PTP1B/05_plip_interaction_graphs/ged_input_files/PTP1B_61_final.txt,17,17,8,25,12,17,29,success,
PTP1B_62,/home/wms/AF2-test/AF2-CatGraph/results/PTP1B/02_template_guided_docking/complexes/PTP1B_62_complex.pdb,results/PTP1B/05_plip_interaction_graphs/plip_outputs/PTP1B_62,results/PTP1B/05_plip_interaction_graphs/plip_outputs/PTP1B_62/report.xml,results/PTP1B/05_plip_interaction_graphs/ged_input_files/PTP1B_62_final.txt,17,17,11,28,14,17,31,success,
PTP1B_63,/home/wms/AF2-test/AF2-CatGraph/results/PTP1B/02_template_guided_docking/complexes/PTP1B_63_complex.pdb,results/PTP1B/05_plip_interaction_graphs/plip_outputs/PTP1B_63,results/PTP1B/05_plip_interaction_graphs/plip_outputs/PTP1B_63/report.xml,results/PTP1B/05_plip_interaction_graphs/ged_input_files/PTP1B_63_final.txt,17,17,10,27,14,17,31,success,
PTP1B_64,/home/wms/AF2-test/AF2-CatGraph/results/PTP1B/02_template_guided_docking/complexes/PTP1B_64_complex.pdb,results/PTP1B/05_plip_interaction_graphs/plip_outputs/PTP1B_64,results/PTP1B/05_plip_interaction_graphs/plip_outputs/PTP1B_64/report.xml,results/PTP1B/05_plip_interaction_graphs/ged_input_files/PTP1B_64_final.txt,17,17,10,27,14,17,31,success,
PTP1B_65,/home/wms/AF2-test/AF2-CatGraph/results/PTP1B/02_template_guided_docking/complexes/PTP1B_65_complex.pdb,results/PTP1B/05_plip_interaction_graphs/plip_outputs/PTP1B_65,results/PTP1B/05_plip_interaction_graphs/plip_outputs/PTP1B_65/report.xml,results/PTP1B/05_plip_interaction_graphs/ged_input_files/PTP1B_65_final.txt,17,17,9,26,12,17,29,success,
PTP1B_66,/home/wms/AF2-test/AF2-CatGraph/results/PTP1B/02_template_guided_docking/complexes/PTP1B_66_complex.pdb,results/PTP1B/05_plip_interaction_graphs/plip_outputs/PTP1B_66,results/PTP1B/05_plip_interaction_graphs/plip_outputs/PTP1B_66/report.xml,results/PTP1B/05_plip_interaction_graphs/ged_input_files/PTP1B_66_final.txt,17,17,10,27,13,17,30,success,
PTP1B_67,/home/wms/AF2-test/AF2-CatGraph/results/PTP1B/02_template_guided_docking/complexes/PTP1B_67_complex.pdb,results/PTP1B/05_plip_interaction_graphs/plip_outputs/PTP1B_67,results/PTP1B/05_plip_interaction_graphs/plip_outputs/PTP1B_67/report.xml,results/PTP1B/05_plip_interaction_graphs/ged_input_files/PTP1B_67_final.txt,17,17,9,26,13,17,30,success,
PTP1B_68,/home/wms/AF2-test/AF2-CatGraph/results/PTP1B/02_template_guided_docking/complexes/PTP1B_68_complex.pdb,results/PTP1B/05_plip_interaction_graphs/plip_outputs/PTP1B_68,results/PTP1B/05_plip_interaction_graphs/plip_outputs/PTP1B_68/report.xml,results/PTP1B/05_plip_interaction_graphs/ged_input_files/PTP1B_68_final.txt,17,17,10,27,15,17,32,success,
PTP1B_69,/home/wms/AF2-test/AF2-CatGraph/results/PTP1B/02_template_guided_docking/complexes/PTP1B_69_complex.pdb,results/PTP1B/05_plip_interaction_graphs/plip_outputs/PTP1B_69,results/PTP1B/05_plip_interaction_graphs/plip_outputs/PTP1B_69/report.xml,results/PTP1B/05_plip_interaction_graphs/ged_input_files/PTP1B_69_final.txt,17,17,10,27,13,17,30,success,
PTP1B_70,/home/wms/AF2-test/AF2-CatGraph/results/PTP1B/02_template_guided_docking/complexes/PTP1B_70_complex.pdb,results/PTP1B/05_plip_interaction_graphs/plip_outputs/PTP1B_70,results/PTP1B/05_plip_interaction_graphs/plip_outputs/PTP1B_70/report.xml,results/PTP1B/05_plip_interaction_graphs/ged_input_files/PTP1B_70_final.txt,17,17,9,26,11,17,28,success,
PTP1B_71,/home/wms/AF2-test/AF2-CatGraph/results/PTP1B/02_template_guided_docking/complexes/PTP1B_71_complex.pdb,results/PTP1B/05_plip_interaction_graphs/plip_outputs/PTP1B_71,results/PTP1B/05_plip_interaction_graphs/plip_outputs/PTP1B_71/report.xml,results/PTP1B/05_plip_interaction_graphs/ged_input_files/PTP1B_71_final.txt,17,17,9,26,12,17,29,success,
PTP1B_72,/home/wms/AF2-test/AF2-CatGraph/results/PTP1B/02_template_guided_docking/complexes/PTP1B_72_complex.pdb,results/PTP1B/05_plip_interaction_graphs/plip_outputs/PTP1B_72,results/PTP1B/05_plip_interaction_graphs/plip_outputs/PTP1B_72/report.xml,results/PTP1B/05_plip_interaction_graphs/ged_input_files/PTP1B_72_final.txt,17,17,10,27,14,17,31,success,
PTP1B_73,/home/wms/AF2-test/AF2-CatGraph/results/PTP1B/02_template_guided_docking/complexes/PTP1B_73_complex.pdb,results/PTP1B/05_plip_interaction_graphs/plip_outputs/PTP1B_73,results/PTP1B/05_plip_interaction_graphs/plip_outputs/PTP1B_73/report.xml,results/PTP1B/05_plip_interaction_graphs/ged_input_files/PTP1B_73_final.txt,17,17,12,29,15,17,32,success,
PTP1B_74,/home/wms/AF2-test/AF2-CatGraph/results/PTP1B/02_template_guided_docking/complexes/PTP1B_74_complex.pdb,results/PTP1B/05_plip_interaction_graphs/plip_outputs/PTP1B_74,results/PTP1B/05_plip_interaction_graphs/plip_outputs/PTP1B_74/report.xml,results/PTP1B/05_plip_interaction_graphs/ged_input_files/PTP1B_74_final.txt,17,17,10,27,13,17,30,success,
PTP1B_75,/home/wms/AF2-test/AF2-CatGraph/results/PTP1B/02_template_guided_docking/complexes/PTP1B_75_complex.pdb,results/PTP1B/05_plip_interaction_graphs/plip_outputs/PTP1B_75,results/PTP1B/05_plip_interaction_graphs/plip_outputs/PTP1B_75/report.xml,results/PTP1B/05_plip_interaction_graphs/ged_input_files/PTP1B_75_final.txt,17,17,9,26,12,17,29,success,
PTP1B_76,/home/wms/AF2-test/AF2-CatGraph/results/PTP1B/02_template_guided_docking/complexes/PTP1B_76_complex.pdb,results/PTP1B/05_plip_interaction_graphs/plip_outputs/PTP1B_76,results/PTP1B/05_plip_interaction_graphs/plip_outputs/PTP1B_76/report.xml,results/PTP1B/05_plip_interaction_graphs/ged_input_files/PTP1B_76_final.txt,17,17,9,26,12,17,29,success,
PTP1B_77,/home/wms/AF2-test/AF2-CatGraph/results/PTP1B/02_template_guided_docking/complexes/PTP1B_77_complex.pdb,results/PTP1B/05_plip_interaction_graphs/plip_outputs/PTP1B_77,results/PTP1B/05_plip_interaction_graphs/plip_outputs/PTP1B_77/report.xml,results/PTP1B/05_plip_interaction_graphs/ged_input_files/PTP1B_77_final.txt,17,17,10,27,14,17,31,success,
PTP1B_78,/home/wms/AF2-test/AF2-CatGraph/results/PTP1B/02_template_guided_docking/complexes/PTP1B_78_complex.pdb,results/PTP1B/05_plip_interaction_graphs/plip_outputs/PTP1B_78,results/PTP1B/05_plip_interaction_graphs/plip_outputs/PTP1B_78/report.xml,results/PTP1B/05_plip_interaction_graphs/ged_input_files/PTP1B_78_final.txt,17,17,11,28,16,17,33,success,
PTP1B_79,/home/wms/AF2-test/AF2-CatGraph/results/PTP1B/02_template_guided_docking/complexes/PTP1B_79_complex.pdb,results/PTP1B/05_plip_interaction_graphs/plip_outputs/PTP1B_79,results/PTP1B/05_plip_interaction_graphs/plip_outputs/PTP1B_79/report.xml,results/PTP1B/05_plip_interaction_graphs/ged_input_files/PTP1B_79_final.txt,17,17,9,26,13,17,30,success,
PTP1B_80,/home/wms/AF2-test/AF2-CatGraph/results/PTP1B/02_template_guided_docking/complexes/PTP1B_80_complex.pdb,results/PTP1B/05_plip_interaction_graphs/plip_outputs/PTP1B_80,results/PTP1B/05_plip_interaction_graphs/plip_outputs/PTP1B_80/report.xml,results/PTP1B/05_plip_interaction_graphs/ged_input_files/PTP1B_80_final.txt,17,17,11,28,16,17,33,success,
PTP1B_81,/home/wms/AF2-test/AF2-CatGraph/results/PTP1B/02_template_guided_docking/complexes/PTP1B_81_complex.pdb,results/PTP1B/05_plip_interaction_graphs/plip_outputs/PTP1B_81,results/PTP1B/05_plip_interaction_graphs/plip_outputs/PTP1B_81/report.xml,results/PTP1B/05_plip_interaction_graphs/ged_input_files/PTP1B_81_final.txt,17,17,10,27,15,17,32,success,
PTP1B_82,/home/wms/AF2-test/AF2-CatGraph/results/PTP1B/02_template_guided_docking/complexes/PTP1B_82_complex.pdb,results/PTP1B/05_plip_interaction_graphs/plip_outputs/PTP1B_82,results/PTP1B/05_plip_interaction_graphs/plip_outputs/PTP1B_82/report.xml,results/PTP1B/05_plip_interaction_graphs/ged_input_files/PTP1B_82_final.txt,17,17,9,26,11,17,28,success,
PTP1B_83,/home/wms/AF2-test/AF2-CatGraph/results/PTP1B/02_template_guided_docking/complexes/PTP1B_83_complex.pdb,results/PTP1B/05_plip_interaction_graphs/plip_outputs/PTP1B_83,results/PTP1B/05_plip_interaction_graphs/plip_outputs/PTP1B_83/report.xml,results/PTP1B/05_plip_interaction_graphs/ged_input_files/PTP1B_83_final.txt,17,17,9,26,13,17,30,success,
PTP1B_84,/home/wms/AF2-test/AF2-CatGraph/results/PTP1B/02_template_guided_docking/complexes/PTP1B_84_complex.pdb,results/PTP1B/05_plip_interaction_graphs/plip_outputs/PTP1B_84,results/PTP1B/05_plip_interaction_graphs/plip_outputs/PTP1B_84/report.xml,results/PTP1B/05_plip_interaction_graphs/ged_input_files/PTP1B_84_final.txt,17,17,8,25,11,17,28,success,
PTP1B_85,/home/wms/AF2-test/AF2-CatGraph/results/PTP1B/02_template_guided_docking/complexes/PTP1B_85_complex.pdb,results/PTP1B/05_plip_interaction_graphs/plip_outputs/PTP1B_85,results/PTP1B/05_plip_interaction_graphs/plip_outputs/PTP1B_85/report.xml,results/PTP1B/05_plip_interaction_graphs/ged_input_files/PTP1B_85_final.txt,17,17,9,26,14,17,31,success,
PTP1B_86,/home/wms/AF2-test/AF2-CatGraph/results/PTP1B/02_template_guided_docking/complexes/PTP1B_86_complex.pdb,results/PTP1B/05_plip_interaction_graphs/plip_outputs/PTP1B_86,results/PTP1B/05_plip_interaction_graphs/plip_outputs/PTP1B_86/report.xml,results/PTP1B/05_plip_interaction_graphs/ged_input_files/PTP1B_86_final.txt,17,17,10,27,14,17,31,success,
PTP1B_87,/home/wms/AF2-test/AF2-CatGraph/results/PTP1B/02_template_guided_docking/complexes/PTP1B_87_complex.pdb,results/PTP1B/05_plip_interaction_graphs/plip_outputs/PTP1B_87,results/PTP1B/05_plip_interaction_graphs/plip_outputs/PTP1B_87/report.xml,results/PTP1B/05_plip_interaction_graphs/ged_input_files/PTP1B_87_final.txt,17,17,9,26,13,17,30,success,
PTP1B_88,/home/wms/AF2-test/AF2-CatGraph/results/PTP1B/02_template_guided_docking/complexes/PTP1B_88_complex.pdb,results/PTP1B/05_plip_interaction_graphs/plip_outputs/PTP1B_88,results/PTP1B/05_plip_interaction_graphs/plip_outputs/PTP1B_88/report.xml,results/PTP1B/05_plip_interaction_graphs/ged_input_files/PTP1B_88_final.txt,17,17,10,27,13,17,30,success,
PTP1B_89,/home/wms/AF2-test/AF2-CatGraph/results/PTP1B/02_template_guided_docking/complexes/PTP1B_89_complex.pdb,results/PTP1B/05_plip_interaction_graphs/plip_outputs/PTP1B_89,results/PTP1B/05_plip_interaction_graphs/plip_outputs/PTP1B_89/report.xml,results/PTP1B/05_plip_interaction_graphs/ged_input_files/PTP1B_89_final.txt,17,17,9,26,11,17,28,success,
PTP1B_90,/home/wms/AF2-test/AF2-CatGraph/results/PTP1B/02_template_guided_docking/complexes/PTP1B_90_complex.pdb,results/PTP1B/05_plip_interaction_graphs/plip_outputs/PTP1B_90,results/PTP1B/05_plip_interaction_graphs/plip_outputs/PTP1B_90/report.xml,results/PTP1B/05_plip_interaction_graphs/ged_input_files/PTP1B_90_final.txt,17,17,9,26,11,17,28,success,
PTP1B_91,/home/wms/AF2-test/AF2-CatGraph/results/PTP1B/02_template_guided_docking/complexes/PTP1B_91_complex.pdb,results/PTP1B/05_plip_interaction_graphs/plip_outputs/PTP1B_91,results/PTP1B/05_plip_interaction_graphs/plip_outputs/PTP1B_91/report.xml,results/PTP1B/05_plip_interaction_graphs/ged_input_files/PTP1B_91_final.txt,17,17,10,27,13,17,30,success,
PTP1B_92,/home/wms/AF2-test/AF2-CatGraph/results/PTP1B/02_template_guided_docking/complexes/PTP1B_92_complex.pdb,results/PTP1B/05_plip_interaction_graphs/plip_outputs/PTP1B_92,results/PTP1B/05_plip_interaction_graphs/plip_outputs/PTP1B_92/report.xml,results/PTP1B/05_plip_interaction_graphs/ged_input_files/PTP1B_92_final.txt,17,17,9,26,12,17,29,success,
PTP1B_93,/home/wms/AF2-test/AF2-CatGraph/results/PTP1B/02_template_guided_docking/complexes/PTP1B_93_complex.pdb,results/PTP1B/05_plip_interaction_graphs/plip_outputs/PTP1B_93,results/PTP1B/05_plip_interaction_graphs/plip_outputs/PTP1B_93/report.xml,results/PTP1B/05_plip_interaction_graphs/ged_input_files/PTP1B_93_final.txt,17,17,10,27,13,17,30,success,
PTP1B_94,/home/wms/AF2-test/AF2-CatGraph/results/PTP1B/02_template_guided_docking/complexes/PTP1B_94_complex.pdb,results/PTP1B/05_plip_interaction_graphs/plip_outputs/PTP1B_94,results/PTP1B/05_plip_interaction_graphs/plip_outputs/PTP1B_94/report.xml,results/PTP1B/05_plip_interaction_graphs/ged_input_files/PTP1B_94_final.txt,17,17,9,26,12,17,29,success,
PTP1B_95,/home/wms/AF2-test/AF2-CatGraph/results/PTP1B/02_template_guided_docking/complexes/PTP1B_95_complex.pdb,results/PTP1B/05_plip_interaction_graphs/plip_outputs/PTP1B_95,results/PTP1B/05_plip_interaction_graphs/plip_outputs/PTP1B_95/report.xml,results/PTP1B/05_plip_interaction_graphs/ged_input_files/PTP1B_95_final.txt,17,17,9,26,13,17,30,success,
PTP1B_96,/home/wms/AF2-test/AF2-CatGraph/results/PTP1B/02_template_guided_docking/complexes/PTP1B_96_complex.pdb,results/PTP1B/05_plip_interaction_graphs/plip_outputs/PTP1B_96,results/PTP1B/05_plip_interaction_graphs/plip_outputs/PTP1B_96/report.xml,results/PTP1B/05_plip_interaction_graphs/ged_input_files/PTP1B_96_final.txt,17,17,9,26,12,17,29,success,
PTP1B_97,/home/wms/AF2-test/AF2-CatGraph/results/PTP1B/02_template_guided_docking/complexes/PTP1B_97_complex.pdb,results/PTP1B/05_plip_interaction_graphs/plip_outputs/PTP1B_97,results/PTP1B/05_plip_interaction_graphs/plip_outputs/PTP1B_97/report.xml,results/PTP1B/05_plip_interaction_graphs/ged_input_files/PTP1B_97_final.txt,17,17,9,26,12,17,29,success,
PTP1B_98,/home/wms/AF2-test/AF2-CatGraph/results/PTP1B/02_template_guided_docking/complexes/PTP1B_98_complex.pdb,results/PTP1B/05_plip_interaction_graphs/plip_outputs/PTP1B_98,results/PTP1B/05_plip_interaction_graphs/plip_outputs/PTP1B_98/report.xml,results/PTP1B/05_plip_interaction_graphs/ged_input_files/PTP1B_98_final.txt,17,17,10,27,13,17,30,success,
PTP1B_99,/home/wms/AF2-test/AF2-CatGraph/results/PTP1B/02_template_guided_docking/complexes/PTP1B_99_complex.pdb,results/PTP1B/05_plip_interaction_graphs/plip_outputs/PTP1B_99,results/PTP1B/05_plip_interaction_graphs/plip_outputs/PTP1B_99/report.xml,results/PTP1B/05_plip_interaction_graphs/ged_input_files/PTP1B_99_final.txt,17,17,9,26,12,17,29,success,
PTP1B_100,/home/wms/AF2-test/AF2-CatGraph/results/PTP1B/02_template_guided_docking/complexes/PTP1B_100_complex.pdb,results/PTP1B/05_plip_interaction_graphs/plip_outputs/PTP1B_100,results/PTP1B/05_plip_interaction_graphs/plip_outputs/PTP1B_100/report.xml,results/PTP1B/05_plip_interaction_graphs/ged_input_files/PTP1B_100_final.txt,17,17,10,27,14,17,31,success,
PTP1B_101,/home/wms/AF2-test/AF2-CatGraph/results/PTP1B/02_template_guided_docking/complexes/PTP1B_101_complex.pdb,results/PTP1B/05_plip_interaction_graphs/plip_outputs/PTP1B_101,results/PTP1B/05_plip_interaction_graphs/plip_outputs/PTP1B_101/report.xml,results/PTP1B/05_plip_interaction_graphs/ged_input_files/PTP1B_101_final.txt,17,17,10,27,13,17,30,success,
PTP1B_102,/home/wms/AF2-test/AF2-CatGraph/results/PTP1B/02_template_guided_docking/complexes/PTP1B_102_complex.pdb,results/PTP1B/05_plip_interaction_graphs/plip_outputs/PTP1B_102,results/PTP1B/05_plip_interaction_graphs/plip_outputs/PTP1B_102/report.xml,results/PTP1B/05_plip_interaction_graphs/ged_input_files/PTP1B_102_final.txt,17,17,11,28,15,17,32,success,
PTP1B_103,/home/wms/AF2-test/AF2-CatGraph/results/PTP1B/02_template_guided_docking/complexes/PTP1B_103_complex.pdb,results/PTP1B/05_plip_interaction_graphs/plip_outputs/PTP1B_103,results/PTP1B/05_plip_interaction_graphs/plip_outputs/PTP1B_103/report.xml,results/PTP1B/05_plip_interaction_graphs/ged_input_files/PTP1B_103_final.txt,17,17,10,27,15,17,32,success,
PTP1B_104,/home/wms/AF2-test/AF2-CatGraph/results/PTP1B/02_template_guided_docking/complexes/PTP1B_104_complex.pdb,results/PTP1B/05_plip_interaction_graphs/plip_outputs/PTP1B_104,results/PTP1B/05_plip_interaction_graphs/plip_outputs/PTP1B_104/report.xml,results/PTP1B/05_plip_interaction_graphs/ged_input_files/PTP1B_104_final.txt,17,17,9,26,12,17,29,success,
PTP1B_105,/home/wms/AF2-test/AF2-CatGraph/results/PTP1B/02_template_guided_docking/complexes/PTP1B_105_complex.pdb,results/PTP1B/05_plip_interaction_graphs/plip_outputs/PTP1B_105,results/PTP1B/05_plip_interaction_graphs/plip_outputs/PTP1B_105/report.xml,results/PTP1B/05_plip_interaction_graphs/ged_input_files/PTP1B_105_final.txt,17,17,8,25,12,17,29,success,
PTP1B_106,/home/wms/AF2-test/AF2-CatGraph/results/PTP1B/02_template_guided_docking/complexes/PTP1B_106_complex.pdb,results/PTP1B/05_plip_interaction_graphs/plip_outputs/PTP1B_106,results/PTP1B/05_plip_interaction_graphs/plip_outputs/PTP1B_106/report.xml,results/PTP1B/05_plip_interaction_graphs/ged_input_files/PTP1B_106_final.txt,17,17,10,27,13,17,30,success,
PTP1B_107,/home/wms/AF2-test/AF2-CatGraph/results/PTP1B/02_template_guided_docking/complexes/PTP1B_107_complex.pdb,results/PTP1B/05_plip_interaction_graphs/plip_outputs/PTP1B_107,results/PTP1B/05_plip_interaction_graphs/plip_outputs/PTP1B_107/report.xml,results/PTP1B/05_plip_interaction_graphs/ged_input_files/PTP1B_107_final.txt,17,17,11,28,15,17,32,success,
PTP1B_108,/home/wms/AF2-test/AF2-CatGraph/results/PTP1B/02_template_guided_docking/complexes/PTP1B_108_complex.pdb,results/PTP1B/05_plip_interaction_graphs/plip_outputs/PTP1B_108,results/PTP1B/05_plip_interaction_graphs/plip_outputs/PTP1B_108/report.xml,results/PTP1B/05_plip_interaction_graphs/ged_input_files/PTP1B_108_final.txt,17,17,10,27,14,17,31,success,
PTP1B_109,/home/wms/AF2-test/AF2-CatGraph/results/PTP1B/02_template_guided_docking/complexes/PTP1B_109_complex.pdb,results/PTP1B/05_plip_interaction_graphs/plip_outputs/PTP1B_109,results/PTP1B/05_plip_interaction_graphs/plip_outputs/PTP1B_109/report.xml,results/PTP1B/05_plip_interaction_graphs/ged_input_files/PTP1B_109_final.txt,17,17,11,28,16,17,33,success,
PTP1B_110,/home/wms/AF2-test/AF2-CatGraph/results/PTP1B/02_template_guided_docking/complexes/PTP1B_110_complex.pdb,results/PTP1B/05_plip_interaction_graphs/plip_outputs/PTP1B_110,results/PTP1B/05_plip_interaction_graphs/plip_outputs/PTP1B_110/report.xml,results/PTP1B/05_plip_interaction_graphs/ged_input_files/PTP1B_110_final.txt,17,17,9,26,12,17,29,success,
PTP1B_111,/home/wms/AF2-test/AF2-CatGraph/results/PTP1B/02_template_guided_docking/complexes/PTP1B_111_complex.pdb,results/PTP1B/05_plip_interaction_graphs/plip_outputs/PTP1B_111,results/PTP1B/05_plip_interaction_graphs/plip_outputs/PTP1B_111/report.xml,results/PTP1B/05_plip_interaction_graphs/ged_input_files/PTP1B_111_final.txt,17,17,9,26,12,17,29,success,
PTP1B_112,/home/wms/AF2-test/AF2-CatGraph/results/PTP1B/02_template_guided_docking/complexes/PTP1B_112_complex.pdb,results/PTP1B/05_plip_interaction_graphs/plip_outputs/PTP1B_112,results/PTP1B/05_plip_interaction_graphs/plip_outputs/PTP1B_112/report.xml,results/PTP1B/05_plip_interaction_graphs/ged_input_files/PTP1B_112_final.txt,17,17,9,26,11,17,28,success,
PTP1B_113,/home/wms/AF2-test/AF2-CatGraph/results/PTP1B/02_template_guided_docking/complexes/PTP1B_113_complex.pdb,results/PTP1B/05_plip_interaction_graphs/plip_outputs/PTP1B_113,results/PTP1B/05_plip_interaction_graphs/plip_outputs/PTP1B_113/report.xml,results/PTP1B/05_plip_interaction_graphs/ged_input_files/PTP1B_113_final.txt,17,17,9,26,12,17,29,success,
PTP1B_114,/home/wms/AF2-test/AF2-CatGraph/results/PTP1B/02_template_guided_docking/complexes/PTP1B_114_complex.pdb,results/PTP1B/05_plip_interaction_graphs/plip_outputs/PTP1B_114,results/PTP1B/05_plip_interaction_graphs/plip_outputs/PTP1B_114/report.xml,results/PTP1B/05_plip_interaction_graphs/ged_input_files/PTP1B_114_final.txt,17,17,10,27,13,17,30,success,
PTP1B_115,/home/wms/AF2-test/AF2-CatGraph/results/PTP1B/02_template_guided_docking/complexes/PTP1B_115_complex.pdb,results/PTP1B/05_plip_interaction_graphs/plip_outputs/PTP1B_115,results/PTP1B/05_plip_interaction_graphs/plip_outputs/PTP1B_115/report.xml,results/PTP1B/05_plip_interaction_graphs/ged_input_files/PTP1B_115_final.txt,17,17,11,28,14,17,31,success,
PTP1B_116,/home/wms/AF2-test/AF2-CatGraph/results/PTP1B/02_template_guided_docking/complexes/PTP1B_116_complex.pdb,results/PTP1B/05_plip_interaction_graphs/plip_outputs/PTP1B_116,results/PTP1B/05_plip_interaction_graphs/plip_outputs/PTP1B_116/report.xml,results/PTP1B/05_plip_interaction_graphs/ged_input_files/PTP1B_116_final.txt,17,17,10,27,13,17,30,success,
PTP1B_117,/home/wms/AF2-test/AF2-CatGraph/results/PTP1B/02_template_guided_docking/complexes/PTP1B_117_complex.pdb,results/PTP1B/05_plip_interaction_graphs/plip_outputs/PTP1B_117,results/PTP1B/05_plip_interaction_graphs/plip_outputs/PTP1B_117/report.xml,results/PTP1B/05_plip_interaction_graphs/ged_input_files/PTP1B_117_final.txt,17,17,9,26,13,17,30,success,
PTP1B_118,/home/wms/AF2-test/AF2-CatGraph/results/PTP1B/02_template_guided_docking/complexes/PTP1B_118_complex.pdb,results/PTP1B/05_plip_interaction_graphs/plip_outputs/PTP1B_118,results/PTP1B/05_plip_interaction_graphs/plip_outputs/PTP1B_118/report.xml,results/PTP1B/05_plip_interaction_graphs/ged_input_files/PTP1B_118_final.txt,17,17,10,27,14,17,31,success,
PTP1B_119,/home/wms/AF2-test/AF2-CatGraph/results/PTP1B/02_template_guided_docking/complexes/PTP1B_119_complex.pdb,results/PTP1B/05_plip_interaction_graphs/plip_outputs/PTP1B_119,results/PTP1B/05_plip_interaction_graphs/plip_outputs/PTP1B_119/report.xml,results/PTP1B/05_plip_interaction_graphs/ged_input_files/PTP1B_119_final.txt,17,17,9,26,11,17,28,success,
PTP1B_120,/home/wms/AF2-test/AF2-CatGraph/results/PTP1B/02_template_guided_docking/complexes/PTP1B_120_complex.pdb,results/PTP1B/05_plip_interaction_graphs/plip_outputs/PTP1B_120,results/PTP1B/05_plip_interaction_graphs/plip_outputs/PTP1B_120/report.xml,results/PTP1B/05_plip_interaction_graphs/ged_input_files/PTP1B_120_final.txt,17,17,11,28,16,17,33,success,
PTP1B_121,/home/wms/AF2-test/AF2-CatGraph/results/PTP1B/02_template_guided_docking/complexes/PTP1B_121_complex.pdb,results/PTP1B/05_plip_interaction_graphs/plip_outputs/PTP1B_121,results/PTP1B/05_plip_interaction_graphs/plip_outputs/PTP1B_121/report.xml,results/PTP1B/05_plip_interaction_graphs/ged_input_files/PTP1B_121_final.txt,17,17,9,26,12,17,29,success,
PTP1B_122,/home/wms/AF2-test/AF2-CatGraph/results/PTP1B/02_template_guided_docking/complexes/PTP1B_122_complex.pdb,results/PTP1B/05_plip_interaction_graphs/plip_outputs/PTP1B_122,results/PTP1B/05_plip_interaction_graphs/plip_outputs/PTP1B_122/report.xml,results/PTP1B/05_plip_interaction_graphs/ged_input_files/PTP1B_122_final.txt,17,17,10,27,13,17,30,success,
PTP1B_123,/home/wms/AF2-test/AF2-CatGraph/results/PTP1B/02_template_guided_docking/complexes/PTP1B_123_complex.pdb,results/PTP1B/05_plip_interaction_graphs/plip_outputs/PTP1B_123,results/PTP1B/05_plip_interaction_graphs/plip_outputs/PTP1B_123/report.xml,results/PTP1B/05_plip_interaction_graphs/ged_input_files/PTP1B_123_final.txt,17,17,10,27,13,17,30,success,
PTP1B_124,/home/wms/AF2-test/AF2-CatGraph/results/PTP1B/02_template_guided_docking/complexes/PTP1B_124_complex.pdb,results/PTP1B/05_plip_interaction_graphs/plip_outputs/PTP1B_124,results/PTP1B/05_plip_interaction_graphs/plip_outputs/PTP1B_124/report.xml,results/PTP1B/05_plip_interaction_graphs/ged_input_files/PTP1B_124_final.txt,17,17,10,27,14,17,31,success,
PTP1B_125,/home/wms/AF2-test/AF2-CatGraph/results/PTP1B/02_template_guided_docking/complexes/PTP1B_125_complex.pdb,results/PTP1B/05_plip_interaction_graphs/plip_outputs/PTP1B_125,results/PTP1B/05_plip_interaction_graphs/plip_outputs/PTP1B_125/report.xml,results/PTP1B/05_plip_interaction_graphs/ged_input_files/PTP1B_125_final.txt,17,17,9,26,11,17,28,success,
PTP1B_126,/home/wms/AF2-test/AF2-CatGraph/results/PTP1B/02_template_guided_docking/complexes/PTP1B_126_complex.pdb,results/PTP1B/05_plip_interaction_graphs/plip_outputs/PTP1B_126,results/PTP1B/05_plip_interaction_graphs/plip_outputs/PTP1B_126/report.xml,results/PTP1B/05_plip_interaction_graphs/ged_input_files/PTP1B_126_final.txt,17,17,11,28,15,17,32,success,
PTP1B_127,/home/wms/AF2-test/AF2-CatGraph/results/PTP1B/02_template_guided_docking/complexes/PTP1B_127_complex.pdb,results/PTP1B/05_plip_interaction_graphs/plip_outputs/PTP1B_127,results/PTP1B/05_plip_interaction_graphs/plip_outputs/PTP1B_127/report.xml,results/PTP1B/05_plip_interaction_graphs/ged_input_files/PTP1B_127_final.txt,17,17,10,27,13,17,30,success,
PTP1B_128,/home/wms/AF2-test/AF2-CatGraph/results/PTP1B/02_template_guided_docking/complexes/PTP1B_128_complex.pdb,results/PTP1B/05_plip_interaction_graphs/plip_outputs/PTP1B_128,results/PTP1B/05_plip_interaction_graphs/plip_outputs/PTP1B_128/report.xml,results/PTP1B/05_plip_interaction_graphs/ged_input_files/PTP1B_128_final.txt,17,17,9,26,12,17,29,success,
PTP1B_129,/home/wms/AF2-test/AF2-CatGraph/results/PTP1B/02_template_guided_docking/complexes/PTP1B_129_complex.pdb,results/PTP1B/05_plip_interaction_graphs/plip_outputs/PTP1B_129,results/PTP1B/05_plip_interaction_graphs/plip_outputs/PTP1B_129/report.xml,results/PTP1B/05_plip_interaction_graphs/ged_input_files/PTP1B_129_final.txt,17,17,11,28,16,17,33,success,
PTP1B_130,/home/wms/AF2-test/AF2-CatGraph/results/PTP1B/02_template_guided_docking/complexes/PTP1B_130_complex.pdb,results/PTP1B/05_plip_interaction_graphs/plip_outputs/PTP1B_130,results/PTP1B/05_plip_interaction_graphs/plip_outputs/PTP1B_130/report.xml,results/PTP1B/05_plip_interaction_graphs/ged_input_files/PTP1B_130_final.txt,17,17,9,26,11,17,28,success,
PTP1B_131,/home/wms/AF2-test/AF2-CatGraph/results/PTP1B/02_template_guided_docking/complexes/PTP1B_131_complex.pdb,results/PTP1B/05_plip_interaction_graphs/plip_outputs/PTP1B_131,results/PTP1B/05_plip_interaction_graphs/plip_outputs/PTP1B_131/report.xml,results/PTP1B/05_plip_interaction_graphs/ged_input_files/PTP1B_131_final.txt,17,17,10,27,15,17,32,success,
PTP1B_132,/home/wms/AF2-test/AF2-CatGraph/results/PTP1B/02_template_guided_docking/complexes/PTP1B_132_complex.pdb,results/PTP1B/05_plip_interaction_graphs/plip_outputs/PTP1B_132,results/PTP1B/05_plip_interaction_graphs/plip_outputs/PTP1B_132/report.xml,results/PTP1B/05_plip_interaction_graphs/ged_input_files/PTP1B_132_final.txt,17,17,9,26,12,17,29,success,
PTP1B_133,/home/wms/AF2-test/AF2-CatGraph/results/PTP1B/02_template_guided_docking/complexes/PTP1B_133_complex.pdb,results/PTP1B/05_plip_interaction_graphs/plip_outputs/PTP1B_133,results/PTP1B/05_plip_interaction_graphs/plip_outputs/PTP1B_133/report.xml,results/PTP1B/05_plip_interaction_graphs/ged_input_files/PTP1B_133_final.txt,17,17,9,26,12,17,29,success,
PTP1B_134,/home/wms/AF2-test/AF2-CatGraph/results/PTP1B/02_template_guided_docking/complexes/PTP1B_134_complex.pdb,results/PTP1B/05_plip_interaction_graphs/plip_outputs/PTP1B_134,results/PTP1B/05_plip_interaction_graphs/plip_outputs/PTP1B_134/report.xml,results/PTP1B/05_plip_interaction_graphs/ged_input_files/PTP1B_134_final.txt,17,17,10,27,13,17,30,success,
PTP1B_135,/home/wms/AF2-test/AF2-CatGraph/results/PTP1B/02_template_guided_docking/complexes/PTP1B_135_complex.pdb,results/PTP1B/05_plip_interaction_graphs/plip_outputs/PTP1B_135,results/PTP1B/05_plip_interaction_graphs/plip_outputs/PTP1B_135/report.xml,results/PTP1B/05_plip_interaction_graphs/ged_input_files/PTP1B_135_final.txt,17,17,10,27,13,17,30,success,
PTP1B_136,/home/wms/AF2-test/AF2-CatGraph/results/PTP1B/02_template_guided_docking/complexes/PTP1B_136_complex.pdb,results/PTP1B/05_plip_interaction_graphs/plip_outputs/PTP1B_136,results/PTP1B/05_plip_interaction_graphs/plip_outputs/PTP1B_136/report.xml,results/PTP1B/05_plip_interaction_graphs/ged_input_files/PTP1B_136_final.txt,17,17,10,27,15,17,32,success,
PTP1B_137,/home/wms/AF2-test/AF2-CatGraph/results/PTP1B/02_template_guided_docking/complexes/PTP1B_137_complex.pdb,results/PTP1B/05_plip_interaction_graphs/plip_outputs/PTP1B_137,results/PTP1B/05_plip_interaction_graphs/plip_outputs/PTP1B_137/report.xml,results/PTP1B/05_plip_interaction_graphs/ged_input_files/PTP1B_137_final.txt,17,17,9,26,12,17,29,success,
PTP1B_138,/home/wms/AF2-test/AF2-CatGraph/results/PTP1B/02_template_guided_docking/complexes/PTP1B_138_complex.pdb,results/PTP1B/05_plip_interaction_graphs/plip_outputs/PTP1B_138,results/PTP1B/05_plip_interaction_graphs/plip_outputs/PTP1B_138/report.xml,results/PTP1B/05_plip_interaction_graphs/ged_input_files/PTP1B_138_final.txt,17,17,10,27,12,17,29,success,
PTP1B_139,/home/wms/AF2-test/AF2-CatGraph/results/PTP1B/02_template_guided_docking/complexes/PTP1B_139_complex.pdb,results/PTP1B/05_plip_interaction_graphs/plip_outputs/PTP1B_139,results/PTP1B/05_plip_interaction_graphs/plip_outputs/PTP1B_139/report.xml,results/PTP1B/05_plip_interaction_graphs/ged_input_files/PTP1B_139_final.txt,17,17,9,26,12,17,29,success,
PTP1B_140,/home/wms/AF2-test/AF2-CatGraph/results/PTP1B/02_template_guided_docking/complexes/PTP1B_140_complex.pdb,results/PTP1B/05_plip_interaction_graphs/plip_outputs/PTP1B_140,results/PTP1B/05_plip_interaction_graphs/plip_outputs/PTP1B_140/report.xml,results/PTP1B/05_plip_interaction_graphs/ged_input_files/PTP1B_140_final.txt,17,17,10,27,13,17,30,success,
PTP1B_141,/home/wms/AF2-test/AF2-CatGraph/results/PTP1B/02_template_guided_docking/complexes/PTP1B_141_complex.pdb,results/PTP1B/05_plip_interaction_graphs/plip_outputs/PTP1B_141,results/PTP1B/05_plip_interaction_graphs/plip_outputs/PTP1B_141/report.xml,results/PTP1B/05_plip_interaction_graphs/ged_input_files/PTP1B_141_final.txt,17,17,9,26,12,17,29,success,
PTP1B_142,/home/wms/AF2-test/AF2-CatGraph/results/PTP1B/02_template_guided_docking/complexes/PTP1B_142_complex.pdb,results/PTP1B/05_plip_interaction_graphs/plip_outputs/PTP1B_142,results/PTP1B/05_plip_interaction_graphs/plip_outputs/PTP1B_142/report.xml,results/PTP1B/05_plip_interaction_graphs/ged_input_files/PTP1B_142_final.txt,17,17,9,26,12,17,29,success,
PTP1B_143,/home/wms/AF2-test/AF2-CatGraph/results/PTP1B/02_template_guided_docking/complexes/PTP1B_143_complex.pdb,results/PTP1B/05_plip_interaction_graphs/plip_outputs/PTP1B_143,results/PTP1B/05_plip_interaction_graphs/plip_outputs/PTP1B_143/report.xml,results/PTP1B/05_plip_interaction_graphs/ged_input_files/PTP1B_143_final.txt,17,17,10,27,13,17,30,success,
PTP1B_144,/home/wms/AF2-test/AF2-CatGraph/results/PTP1B/02_template_guided_docking/complexes/PTP1B_144_complex.pdb,results/PTP1B/05_plip_interaction_graphs/plip_outputs/PTP1B_144,results/PTP1B/05_plip_interaction_graphs/plip_outputs/PTP1B_144/report.xml,results/PTP1B/05_plip_interaction_graphs/ged_input_files/PTP1B_144_final.txt,17,17,9,26,14,17,31,success,
PTP1B_145,/home/wms/AF2-test/AF2-CatGraph/results/PTP1B/02_template_guided_docking/complexes/PTP1B_145_complex.pdb,results/PTP1B/05_plip_interaction_graphs/plip_outputs/PTP1B_145,results/PTP1B/05_plip_interaction_graphs/plip_outputs/PTP1B_145/report.xml,results/PTP1B/05_plip_interaction_graphs/ged_input_files/PTP1B_145_final.txt,17,17,9,26,13,17,30,success,
PTP1B_146,/home/wms/AF2-test/AF2-CatGraph/results/PTP1B/02_template_guided_docking/complexes/PTP1B_146_complex.pdb,results/PTP1B/05_plip_interaction_graphs/plip_outputs/PTP1B_146,results/PTP1B/05_plip_interaction_graphs/plip_outputs/PTP1B_146/report.xml,results/PTP1B/05_plip_interaction_graphs/ged_input_files/PTP1B_146_final.txt,17,17,10,27,13,17,30,success,
PTP1B_147,/home/wms/AF2-test/AF2-CatGraph/results/PTP1B/02_template_guided_docking/complexes/PTP1B_147_complex.pdb,results/PTP1B/05_plip_interaction_graphs/plip_outputs/PTP1B_147,results/PTP1B/05_plip_interaction_graphs/plip_outputs/PTP1B_147/report.xml,results/PTP1B/05_plip_interaction_graphs/ged_input_files/PTP1B_147_final.txt,17,17,9,26,12,17,29,success,
PTP1B_148,/home/wms/AF2-test/AF2-CatGraph/results/PTP1B/02_template_guided_docking/complexes/PTP1B_148_complex.pdb,results/PTP1B/05_plip_interaction_graphs/plip_outputs/PTP1B_148,results/PTP1B/05_plip_interaction_graphs/plip_outputs/PTP1B_148/report.xml,results/PTP1B/05_plip_interaction_graphs/ged_input_files/PTP1B_148_final.txt,17,17,8,25,11,17,28,success,
PTP1B_149,/home/wms/AF2-test/AF2-CatGraph/results/PTP1B/02_template_guided_docking/complexes/PTP1B_149_complex.pdb,results/PTP1B/05_plip_interaction_graphs/plip_outputs/PTP1B_149,results/PTP1B/05_plip_interaction_graphs/plip_outputs/PTP1B_149/report.xml,results/PTP1B/05_plip_interaction_graphs/ged_input_files/PTP1B_149_final.txt,17,17,8,25,12,17,29,success,
PTP1B_150,/home/wms/AF2-test/AF2-CatGraph/results/PTP1B/02_template_guided_docking/complexes/PTP1B_150_complex.pdb,results/PTP1B/05_plip_interaction_graphs/plip_outputs/PTP1B_150,results/PTP1B/05_plip_interaction_graphs/plip_outputs/PTP1B_150/report.xml,results/PTP1B/05_plip_interaction_graphs/ged_input_files/PTP1B_150_final.txt,17,17,10,27,13,17,30,success,
PTP1B_151,/home/wms/AF2-test/AF2-CatGraph/results/PTP1B/02_template_guided_docking/complexes/PTP1B_151_complex.pdb,results/PTP1B/05_plip_interaction_graphs/plip_outputs/PTP1B_151,results/PTP1B/05_plip_interaction_graphs/plip_outputs/PTP1B_151/report.xml,results/PTP1B/05_plip_interaction_graphs/ged_input_files/PTP1B_151_final.txt,17,17,8,25,11,17,28,success,
PTP1B_152,/home/wms/AF2-test/AF2-CatGraph/results/PTP1B/02_template_guided_docking/complexes/PTP1B_152_complex.pdb,results/PTP1B/05_plip_interaction_graphs/plip_outputs/PTP1B_152,results/PTP1B/05_plip_interaction_graphs/plip_outputs/PTP1B_152/report.xml,results/PTP1B/05_plip_interaction_graphs/ged_input_files/PTP1B_152_final.txt,17,17,12,29,16,17,33,success,
PTP1B_153,/home/wms/AF2-test/AF2-CatGraph/results/PTP1B/02_template_guided_docking/complexes/PTP1B_153_complex.pdb,results/PTP1B/05_plip_interaction_graphs/plip_outputs/PTP1B_153,results/PTP1B/05_plip_interaction_graphs/plip_outputs/PTP1B_153/report.xml,results/PTP1B/05_plip_interaction_graphs/ged_input_files/PTP1B_153_final.txt,17,17,10,27,15,17,32,success,
PTP1B_154,/home/wms/AF2-test/AF2-CatGraph/results/PTP1B/02_template_guided_docking/complexes/PTP1B_154_complex.pdb,results/PTP1B/05_plip_interaction_graphs/plip_outputs/PTP1B_154,results/PTP1B/05_plip_interaction_graphs/plip_outputs/PTP1B_154/report.xml,results/PTP1B/05_plip_interaction_graphs/ged_input_files/PTP1B_154_final.txt,17,17,9,26,12,17,29,success,
PTP1B_155,/home/wms/AF2-test/AF2-CatGraph/results/PTP1B/02_template_guided_docking/complexes/PTP1B_155_complex.pdb,results/PTP1B/05_plip_interaction_graphs/plip_outputs/PTP1B_155,results/PTP1B/05_plip_interaction_graphs/plip_outputs/PTP1B_155/report.xml,results/PTP1B/05_plip_interaction_graphs/ged_input_files/PTP1B_155_final.txt,17,17,10,27,14,17,31,success,
PTP1B_156,/home/wms/AF2-test/AF2-CatGraph/results/PTP1B/02_template_guided_docking/complexes/PTP1B_156_complex.pdb,results/PTP1B/05_plip_interaction_graphs/plip_outputs/PTP1B_156,results/PTP1B/05_plip_interaction_graphs/plip_outputs/PTP1B_156/report.xml,results/PTP1B/05_plip_interaction_graphs/ged_input_files/PTP1B_156_final.txt,17,17,10,27,13,17,30,success,
PTP1B_157,/home/wms/AF2-test/AF2-CatGraph/results/PTP1B/02_template_guided_docking/complexes/PTP1B_157_complex.pdb,results/PTP1B/05_plip_interaction_graphs/plip_outputs/PTP1B_157,results/PTP1B/05_plip_interaction_graphs/plip_outputs/PTP1B_157/report.xml,results/PTP1B/05_plip_interaction_graphs/ged_input_files/PTP1B_157_final.txt,17,17,10,27,14,17,31,success,
PTP1B_158,/home/wms/AF2-test/AF2-CatGraph/results/PTP1B/02_template_guided_docking/complexes/PTP1B_158_complex.pdb,results/PTP1B/05_plip_interaction_graphs/plip_outputs/PTP1B_158,results/PTP1B/05_plip_interaction_graphs/plip_outputs/PTP1B_158/report.xml,results/PTP1B/05_plip_interaction_graphs/ged_input_files/PTP1B_158_final.txt,17,17,9,26,12,17,29,success,
PTP1B_159,/home/wms/AF2-test/AF2-CatGraph/results/PTP1B/02_template_guided_docking/complexes/PTP1B_159_complex.pdb,results/PTP1B/05_plip_interaction_graphs/plip_outputs/PTP1B_159,results/PTP1B/05_plip_interaction_graphs/plip_outputs/PTP1B_159/report.xml,results/PTP1B/05_plip_interaction_graphs/ged_input_files/PTP1B_159_final.txt,17,17,9,26,12,17,29,success,
PTP1B_160,/home/wms/AF2-test/AF2-CatGraph/results/PTP1B/02_template_guided_docking/complexes/PTP1B_160_complex.pdb,results/PTP1B/05_plip_interaction_graphs/plip_outputs/PTP1B_160,results/PTP1B/05_plip_interaction_graphs/plip_outputs/PTP1B_160/report.xml,results/PTP1B/05_plip_interaction_graphs/ged_input_files/PTP1B_160_final.txt,17,17,10,27,14,17,31,success,
PTP1B_161,/home/wms/AF2-test/AF2-CatGraph/results/PTP1B/02_template_guided_docking/complexes/PTP1B_161_complex.pdb,results/PTP1B/05_plip_interaction_graphs/plip_outputs/PTP1B_161,results/PTP1B/05_plip_interaction_graphs/plip_outputs/PTP1B_161/report.xml,results/PTP1B/05_plip_interaction_graphs/ged_input_files/PTP1B_161_final.txt,17,17,9,26,12,17,29,success,
PTP1B_162,/home/wms/AF2-test/AF2-CatGraph/results/PTP1B/02_template_guided_docking/complexes/PTP1B_162_complex.pdb,results/PTP1B/05_plip_interaction_graphs/plip_outputs/PTP1B_162,results/PTP1B/05_plip_interaction_graphs/plip_outputs/PTP1B_162/report.xml,results/PTP1B/05_plip_interaction_graphs/ged_input_files/PTP1B_162_final.txt,17,17,10,27,15,17,32,success,
PTP1B_163,/home/wms/AF2-test/AF2-CatGraph/results/PTP1B/02_template_guided_docking/complexes/PTP1B_163_complex.pdb,results/PTP1B/05_plip_interaction_graphs/plip_outputs/PTP1B_163,results/PTP1B/05_plip_interaction_graphs/plip_outputs/PTP1B_163/report.xml,results/PTP1B/05_plip_interaction_graphs/ged_input_files/PTP1B_163_final.txt,17,17,10,27,14,17,31,success,
PTP1B_164,/home/wms/AF2-test/AF2-CatGraph/results/PTP1B/02_template_guided_docking/complexes/PTP1B_164_complex.pdb,results/PTP1B/05_plip_interaction_graphs/plip_outputs/PTP1B_164,results/PTP1B/05_plip_interaction_graphs/plip_outputs/PTP1B_164/report.xml,results/PTP1B/05_plip_interaction_graphs/ged_input_files/PTP1B_164_final.txt,17,17,9,26,12,17,29,success,
PTP1B_165,/home/wms/AF2-test/AF2-CatGraph/results/PTP1B/02_template_guided_docking/complexes/PTP1B_165_complex.pdb,results/PTP1B/05_plip_interaction_graphs/plip_outputs/PTP1B_165,results/PTP1B/05_plip_interaction_graphs/plip_outputs/PTP1B_165/report.xml,results/PTP1B/05_plip_interaction_graphs/ged_input_files/PTP1B_165_final.txt,17,17,8,25,10,17,27,success,
PTP1B_166,/home/wms/AF2-test/AF2-CatGraph/results/PTP1B/02_template_guided_docking/complexes/PTP1B_166_complex.pdb,results/PTP1B/05_plip_interaction_graphs/plip_outputs/PTP1B_166,results/PTP1B/05_plip_interaction_graphs/plip_outputs/PTP1B_166/report.xml,results/PTP1B/05_plip_interaction_graphs/ged_input_files/PTP1B_166_final.txt,17,17,10,27,14,17,31,success,
PTP1B_167,/home/wms/AF2-test/AF2-CatGraph/results/PTP1B/02_template_guided_docking/complexes/PTP1B_167_complex.pdb,results/PTP1B/05_plip_interaction_graphs/plip_outputs/PTP1B_167,results/PTP1B/05_plip_interaction_graphs/plip_outputs/PTP1B_167/report.xml,results/PTP1B/05_plip_interaction_graphs/ged_input_files/PTP1B_167_final.txt,17,17,10,27,14,17,31,success,
PTP1B_168,/home/wms/AF2-test/AF2-CatGraph/results/PTP1B/02_template_guided_docking/complexes/PTP1B_168_complex.pdb,results/PTP1B/05_plip_interaction_graphs/plip_outputs/PTP1B_168,results/PTP1B/05_plip_interaction_graphs/plip_outputs/PTP1B_168/report.xml,results/PTP1B/05_plip_interaction_graphs/ged_input_files/PTP1B_168_final.txt,17,17,11,28,16,17,33,success,
PTP1B_169,/home/wms/AF2-test/AF2-CatGraph/results/PTP1B/02_template_guided_docking/complexes/PTP1B_169_complex.pdb,results/PTP1B/05_plip_interaction_graphs/plip_outputs/PTP1B_169,results/PTP1B/05_plip_interaction_graphs/plip_outputs/PTP1B_169/report.xml,results/PTP1B/05_plip_interaction_graphs/ged_input_files/PTP1B_169_final.txt,17,17,11,28,13,17,30,success,
PTP1B_170,/home/wms/AF2-test/AF2-CatGraph/results/PTP1B/02_template_guided_docking/complexes/PTP1B_170_complex.pdb,results/PTP1B/05_plip_interaction_graphs/plip_outputs/PTP1B_170,results/PTP1B/05_plip_interaction_graphs/plip_outputs/PTP1B_170/report.xml,results/PTP1B/05_plip_interaction_graphs/ged_input_files/PTP1B_170_final.txt,17,17,9,26,12,17,29,success,
PTP1B_171,/home/wms/AF2-test/AF2-CatGraph/results/PTP1B/02_template_guided_docking/complexes/PTP1B_171_complex.pdb,results/PTP1B/05_plip_interaction_graphs/plip_outputs/PTP1B_171,results/PTP1B/05_plip_interaction_graphs/plip_outputs/PTP1B_171/report.xml,results/PTP1B/05_plip_interaction_graphs/ged_input_files/PTP1B_171_final.txt,17,17,10,27,14,17,31,success,
PTP1B_172,/home/wms/AF2-test/AF2-CatGraph/results/PTP1B/02_template_guided_docking/complexes/PTP1B_172_complex.pdb,results/PTP1B/05_plip_interaction_graphs/plip_outputs/PTP1B_172,results/PTP1B/05_plip_interaction_graphs/plip_outputs/PTP1B_172/report.xml,results/PTP1B/05_plip_interaction_graphs/ged_input_files/PTP1B_172_final.txt,17,17,9,26,11,17,28,success,
PTP1B_173,/home/wms/AF2-test/AF2-CatGraph/results/PTP1B/02_template_guided_docking/complexes/PTP1B_173_complex.pdb,results/PTP1B/05_plip_interaction_graphs/plip_outputs/PTP1B_173,results/PTP1B/05_plip_interaction_graphs/plip_outputs/PTP1B_173/report.xml,results/PTP1B/05_plip_interaction_graphs/ged_input_files/PTP1B_173_final.txt,17,17,8,25,12,17,29,success,
PTP1B_174,/home/wms/AF2-test/AF2-CatGraph/results/PTP1B/02_template_guided_docking/complexes/PTP1B_174_complex.pdb,results/PTP1B/05_plip_interaction_graphs/plip_outputs/PTP1B_174,results/PTP1B/05_plip_interaction_graphs/plip_outputs/PTP1B_174/report.xml,results/PTP1B/05_plip_interaction_graphs/ged_input_files/PTP1B_174_final.txt,17,17,9,26,12,17,29,success,
PTP1B_175,/home/wms/AF2-test/AF2-CatGraph/results/PTP1B/02_template_guided_docking/complexes/PTP1B_175_complex.pdb,results/PTP1B/05_plip_interaction_graphs/plip_outputs/PTP1B_175,results/PTP1B/05_plip_interaction_graphs/plip_outputs/PTP1B_175/report.xml,results/PTP1B/05_plip_interaction_graphs/ged_input_files/PTP1B_175_final.txt,17,17,9,26,13,17,30,success,
PTP1B_176,/home/wms/AF2-test/AF2-CatGraph/results/PTP1B/02_template_guided_docking/complexes/PTP1B_176_complex.pdb,results/PTP1B/05_plip_interaction_graphs/plip_outputs/PTP1B_176,results/PTP1B/05_plip_interaction_graphs/plip_outputs/PTP1B_176/report.xml,results/PTP1B/05_plip_interaction_graphs/ged_input_files/PTP1B_176_final.txt,17,17,10,27,13,17,30,success,
PTP1B_177,/home/wms/AF2-test/AF2-CatGraph/results/PTP1B/02_template_guided_docking/complexes/PTP1B_177_complex.pdb,results/PTP1B/05_plip_interaction_graphs/plip_outputs/PTP1B_177,results/PTP1B/05_plip_interaction_graphs/plip_outputs/PTP1B_177/report.xml,results/PTP1B/05_plip_interaction_graphs/ged_input_files/PTP1B_177_final.txt,17,17,9,26,12,17,29,success,
PTP1B_178,/home/wms/AF2-test/AF2-CatGraph/results/PTP1B/02_template_guided_docking/complexes/PTP1B_178_complex.pdb,results/PTP1B/05_plip_interaction_graphs/plip_outputs/PTP1B_178,results/PTP1B/05_plip_interaction_graphs/plip_outputs/PTP1B_178/report.xml,results/PTP1B/05_plip_interaction_graphs/ged_input_files/PTP1B_178_final.txt,17,17,9,26,11,17,28,success,
PTP1B_179,/home/wms/AF2-test/AF2-CatGraph/results/PTP1B/02_template_guided_docking/complexes/PTP1B_179_complex.pdb,results/PTP1B/05_plip_interaction_graphs/plip_outputs/PTP1B_179,results/PTP1B/05_plip_interaction_graphs/plip_outputs/PTP1B_179/report.xml,results/PTP1B/05_plip_interaction_graphs/ged_input_files/PTP1B_179_final.txt,17,17,9,26,11,17,28,success,
PTP1B_180,/home/wms/AF2-test/AF2-CatGraph/results/PTP1B/02_template_guided_docking/complexes/PTP1B_180_complex.pdb,results/PTP1B/05_plip_interaction_graphs/plip_outputs/PTP1B_180,results/PTP1B/05_plip_interaction_graphs/plip_outputs/PTP1B_180/report.xml,results/PTP1B/05_plip_interaction_graphs/ged_input_files/PTP1B_180_final.txt,17,17,9,26,11,17,28,success,
PTP1B_181,/home/wms/AF2-test/AF2-CatGraph/results/PTP1B/02_template_guided_docking/complexes/PTP1B_181_complex.pdb,results/PTP1B/05_plip_interaction_graphs/plip_outputs/PTP1B_181,results/PTP1B/05_plip_interaction_graphs/plip_outputs/PTP1B_181/report.xml,results/PTP1B/05_plip_interaction_graphs/ged_input_files/PTP1B_181_final.txt,17,17,11,28,15,17,32,success,
PTP1B_182,/home/wms/AF2-test/AF2-CatGraph/results/PTP1B/02_template_guided_docking/complexes/PTP1B_182_complex.pdb,results/PTP1B/05_plip_interaction_graphs/plip_outputs/PTP1B_182,results/PTP1B/05_plip_interaction_graphs/plip_outputs/PTP1B_182/report.xml,results/PTP1B/05_plip_interaction_graphs/ged_input_files/PTP1B_182_final.txt,17,17,9,26,13,17,30,success,
PTP1B_183,/home/wms/AF2-test/AF2-CatGraph/results/PTP1B/02_template_guided_docking/complexes/PTP1B_183_complex.pdb,results/PTP1B/05_plip_interaction_graphs/plip_outputs/PTP1B_183,results/PTP1B/05_plip_interaction_graphs/plip_outputs/PTP1B_183/report.xml,results/PTP1B/05_plip_interaction_graphs/ged_input_files/PTP1B_183_final.txt,17,17,9,26,12,17,29,success,
PTP1B_184,/home/wms/AF2-test/AF2-CatGraph/results/PTP1B/02_template_guided_docking/complexes/PTP1B_184_complex.pdb,results/PTP1B/05_plip_interaction_graphs/plip_outputs/PTP1B_184,results/PTP1B/05_plip_interaction_graphs/plip_outputs/PTP1B_184/report.xml,results/PTP1B/05_plip_interaction_graphs/ged_input_files/PTP1B_184_final.txt,17,17,9,26,12,17,29,success,
PTP1B_185,/home/wms/AF2-test/AF2-CatGraph/results/PTP1B/02_template_guided_docking/complexes/PTP1B_185_complex.pdb,results/PTP1B/05_plip_interaction_graphs/plip_outputs/PTP1B_185,results/PTP1B/05_plip_interaction_graphs/plip_outputs/PTP1B_185/report.xml,results/PTP1B/05_plip_interaction_graphs/ged_input_files/PTP1B_185_final.txt,17,17,8,25,11,17,28,success,
PTP1B_186,/home/wms/AF2-test/AF2-CatGraph/results/PTP1B/02_template_guided_docking/complexes/PTP1B_186_complex.pdb,results/PTP1B/05_plip_interaction_graphs/plip_outputs/PTP1B_186,results/PTP1B/05_plip_interaction_graphs/plip_outputs/PTP1B_186/report.xml,results/PTP1B/05_plip_interaction_graphs/ged_input_files/PTP1B_186_final.txt,17,17,11,28,16,17,33,success,
PTP1B_187,/home/wms/AF2-test/AF2-CatGraph/results/PTP1B/02_template_guided_docking/complexes/PTP1B_187_complex.pdb,results/PTP1B/05_plip_interaction_graphs/plip_outputs/PTP1B_187,results/PTP1B/05_plip_interaction_graphs/plip_outputs/PTP1B_187/report.xml,results/PTP1B/05_plip_interaction_graphs/ged_input_files/PTP1B_187_final.txt,17,17,11,28,14,17,31,success,
PTP1B_188,/home/wms/AF2-test/AF2-CatGraph/results/PTP1B/02_template_guided_docking/complexes/PTP1B_188_complex.pdb,results/PTP1B/05_plip_interaction_graphs/plip_outputs/PTP1B_188,results/PTP1B/05_plip_interaction_graphs/plip_outputs/PTP1B_188/report.xml,results/PTP1B/05_plip_interaction_graphs/ged_input_files/PTP1B_188_final.txt,17,17,9,26,12,17,29,success,
PTP1B_189,/home/wms/AF2-test/AF2-CatGraph/results/PTP1B/02_template_guided_docking/complexes/PTP1B_189_complex.pdb,results/PTP1B/05_plip_interaction_graphs/plip_outputs/PTP1B_189,results/PTP1B/05_plip_interaction_graphs/plip_outputs/PTP1B_189/report.xml,results/PTP1B/05_plip_interaction_graphs/ged_input_files/PTP1B_189_final.txt,17,17,11,28,13,17,30,success,
PTP1B_190,/home/wms/AF2-test/AF2-CatGraph/results/PTP1B/02_template_guided_docking/complexes/PTP1B_190_complex.pdb,results/PTP1B/05_plip_interaction_graphs/plip_outputs/PTP1B_190,results/PTP1B/05_plip_interaction_graphs/plip_outputs/PTP1B_190/report.xml,results/PTP1B/05_plip_interaction_graphs/ged_input_files/PTP1B_190_final.txt,17,17,9,26,12,17,29,success,
PTP1B_191,/home/wms/AF2-test/AF2-CatGraph/results/PTP1B/02_template_guided_docking/complexes/PTP1B_191_complex.pdb,results/PTP1B/05_plip_interaction_graphs/plip_outputs/PTP1B_191,results/PTP1B/05_plip_interaction_graphs/plip_outputs/PTP1B_191/report.xml,results/PTP1B/05_plip_interaction_graphs/ged_input_files/PTP1B_191_final.txt,17,17,10,27,15,17,32,success,
PTP1B_192,/home/wms/AF2-test/AF2-CatGraph/results/PTP1B/02_template_guided_docking/complexes/PTP1B_192_complex.pdb,results/PTP1B/05_plip_interaction_graphs/plip_outputs/PTP1B_192,results/PTP1B/05_plip_interaction_graphs/plip_outputs/PTP1B_192/report.xml,results/PTP1B/05_plip_interaction_graphs/ged_input_files/PTP1B_192_final.txt,17,17,10,27,14,17,31,success,
PTP1B_193,/home/wms/AF2-test/AF2-CatGraph/results/PTP1B/02_template_guided_docking/complexes/PTP1B_193_complex.pdb,results/PTP1B/05_plip_interaction_graphs/plip_outputs/PTP1B_193,results/PTP1B/05_plip_interaction_graphs/plip_outputs/PTP1B_193/report.xml,results/PTP1B/05_plip_interaction_graphs/ged_input_files/PTP1B_193_final.txt,17,17,9,26,13,17,30,success,
PTP1B_194,/home/wms/AF2-test/AF2-CatGraph/results/PTP1B/02_template_guided_docking/complexes/PTP1B_194_complex.pdb,results/PTP1B/05_plip_interaction_graphs/plip_outputs/PTP1B_194,results/PTP1B/05_plip_interaction_graphs/plip_outputs/PTP1B_194/report.xml,results/PTP1B/05_plip_interaction_graphs/ged_input_files/PTP1B_194_final.txt,17,17,10,27,12,17,29,success,
PTP1B_195,/home/wms/AF2-test/AF2-CatGraph/results/PTP1B/02_template_guided_docking/complexes/PTP1B_195_complex.pdb,results/PTP1B/05_plip_interaction_graphs/plip_outputs/PTP1B_195,results/PTP1B/05_plip_interaction_graphs/plip_outputs/PTP1B_195/report.xml,results/PTP1B/05_plip_interaction_graphs/ged_input_files/PTP1B_195_final.txt,17,17,8,25,11,17,28,success,
PTP1B_196,/home/wms/AF2-test/AF2-CatGraph/results/PTP1B/02_template_guided_docking/complexes/PTP1B_196_complex.pdb,results/PTP1B/05_plip_interaction_graphs/plip_outputs/PTP1B_196,results/PTP1B/05_plip_interaction_graphs/plip_outputs/PTP1B_196/report.xml,results/PTP1B/05_plip_interaction_graphs/ged_input_files/PTP1B_196_final.txt,17,17,9,26,12,17,29,success,
PTP1B_197,/home/wms/AF2-test/AF2-CatGraph/results/PTP1B/02_template_guided_docking/complexes/PTP1B_197_complex.pdb,results/PTP1B/05_plip_interaction_graphs/plip_outputs/PTP1B_197,results/PTP1B/05_plip_interaction_graphs/plip_outputs/PTP1B_197/report.xml,results/PTP1B/05_plip_interaction_graphs/ged_input_files/PTP1B_197_final.txt,17,17,9,26,11,17,28,success,
PTP1B_198,/home/wms/AF2-test/AF2-CatGraph/results/PTP1B/02_template_guided_docking/complexes/PTP1B_198_complex.pdb,results/PTP1B/05_plip_interaction_graphs/plip_outputs/PTP1B_198,results/PTP1B/05_plip_interaction_graphs/plip_outputs/PTP1B_198/report.xml,results/PTP1B/05_plip_interaction_graphs/ged_input_files/PTP1B_198_final.txt,17,17,9,26,12,17,29,success,
PTP1B_199,/home/wms/AF2-test/AF2-CatGraph/results/PTP1B/02_template_guided_docking/complexes/PTP1B_199_complex.pdb,results/PTP1B/05_plip_interaction_graphs/plip_outputs/PTP1B_199,results/PTP1B/05_plip_interaction_graphs/plip_outputs/PTP1B_199/report.xml,results/PTP1B/05_plip_interaction_graphs/ged_input_files/PTP1B_199_final.txt,17,17,9,26,12,17,29,success,
PTP1B_200,/home/wms/AF2-test/AF2-CatGraph/results/PTP1B/02_template_guided_docking/complexes/PTP1B_200_complex.pdb,results/PTP1B/05_plip_interaction_graphs/plip_outputs/PTP1B_200,results/PTP1B/05_plip_interaction_graphs/plip_outputs/PTP1B_200/report.xml,results/PTP1B/05_plip_interaction_graphs/ged_input_files/PTP1B_200_final.txt,17,17,9,26,12,17,29,success,
PTP1B_201,/home/wms/AF2-test/AF2-CatGraph/results/PTP1B/02_template_guided_docking/complexes/PTP1B_201_complex.pdb,results/PTP1B/05_plip_interaction_graphs/plip_outputs/PTP1B_201,results/PTP1B/05_plip_interaction_graphs/plip_outputs/PTP1B_201/report.xml,results/PTP1B/05_plip_interaction_graphs/ged_input_files/PTP1B_201_final.txt,17,17,9,26,11,17,28,success,
PTP1B_202,/home/wms/AF2-test/AF2-CatGraph/results/PTP1B/02_template_guided_docking/complexes/PTP1B_202_complex.pdb,results/PTP1B/05_plip_interaction_graphs/plip_outputs/PTP1B_202,results/PTP1B/05_plip_interaction_graphs/plip_outputs/PTP1B_202/report.xml,results/PTP1B/05_plip_interaction_graphs/ged_input_files/PTP1B_202_final.txt,17,17,9,26,12,17,29,success,
PTP1B_203,/home/wms/AF2-test/AF2-CatGraph/results/PTP1B/02_template_guided_docking/complexes/PTP1B_203_complex.pdb,results/PTP1B/05_plip_interaction_graphs/plip_outputs/PTP1B_203,results/PTP1B/05_plip_interaction_graphs/plip_outputs/PTP1B_203/report.xml,results/PTP1B/05_plip_interaction_graphs/ged_input_files/PTP1B_203_final.txt,17,17,9,26,11,17,28,success,
PTP1B_204,/home/wms/AF2-test/AF2-CatGraph/results/PTP1B/02_template_guided_docking/complexes/PTP1B_204_complex.pdb,results/PTP1B/05_plip_interaction_graphs/plip_outputs/PTP1B_204,results/PTP1B/05_plip_interaction_graphs/plip_outputs/PTP1B_204/report.xml,results/PTP1B/05_plip_interaction_graphs/ged_input_files/PTP1B_204_final.txt,17,17,9,26,11,17,28,success,
PTP1B_205,/home/wms/AF2-test/AF2-CatGraph/results/PTP1B/02_template_guided_docking/complexes/PTP1B_205_complex.pdb,results/PTP1B/05_plip_interaction_graphs/plip_outputs/PTP1B_205,results/PTP1B/05_plip_interaction_graphs/plip_outputs/PTP1B_205/report.xml,results/PTP1B/05_plip_interaction_graphs/ged_input_files/PTP1B_205_final.txt,17,17,10,27,14,17,31,success,
PTP1B_206,/home/wms/AF2-test/AF2-CatGraph/results/PTP1B/02_template_guided_docking/complexes/PTP1B_206_complex.pdb,results/PTP1B/05_plip_interaction_graphs/plip_outputs/PTP1B_206,results/PTP1B/05_plip_interaction_graphs/plip_outputs/PTP1B_206/report.xml,results/PTP1B/05_plip_interaction_graphs/ged_input_files/PTP1B_206_final.txt,17,17,10,27,13,17,30,success,
PTP1B_207,/home/wms/AF2-test/AF2-CatGraph/results/PTP1B/02_template_guided_docking/complexes/PTP1B_207_complex.pdb,results/PTP1B/05_plip_interaction_graphs/plip_outputs/PTP1B_207,results/PTP1B/05_plip_interaction_graphs/plip_outputs/PTP1B_207/report.xml,results/PTP1B/05_plip_interaction_graphs/ged_input_files/PTP1B_207_final.txt,17,17,10,27,15,17,32,success,
PTP1B_208,/home/wms/AF2-test/AF2-CatGraph/results/PTP1B/02_template_guided_docking/complexes/PTP1B_208_complex.pdb,results/PTP1B/05_plip_interaction_graphs/plip_outputs/PTP1B_208,results/PTP1B/05_plip_interaction_graphs/plip_outputs/PTP1B_208/report.xml,results/PTP1B/05_plip_interaction_graphs/ged_input_files/PTP1B_208_final.txt,17,17,12,29,15,17,32,success,
PTP1B_209,/home/wms/AF2-test/AF2-CatGraph/results/PTP1B/02_template_guided_docking/complexes/PTP1B_209_complex.pdb,results/PTP1B/05_plip_interaction_graphs/plip_outputs/PTP1B_209,results/PTP1B/05_plip_interaction_graphs/plip_outputs/PTP1B_209/report.xml,results/PTP1B/05_plip_interaction_graphs/ged_input_files/PTP1B_209_final.txt,17,17,10,27,12,17,29,success,
PTP1B_210,/home/wms/AF2-test/AF2-CatGraph/results/PTP1B/02_template_guided_docking/complexes/PTP1B_210_complex.pdb,results/PTP1B/05_plip_interaction_graphs/plip_outputs/PTP1B_210,results/PTP1B/05_plip_interaction_graphs/plip_outputs/PTP1B_210/report.xml,results/PTP1B/05_plip_interaction_graphs/ged_input_files/PTP1B_210_final.txt,17,17,11,28,14,17,31,success,
PTP1B_211,/home/wms/AF2-test/AF2-CatGraph/results/PTP1B/02_template_guided_docking/complexes/PTP1B_211_complex.pdb,results/PTP1B/05_plip_interaction_graphs/plip_outputs/PTP1B_211,results/PTP1B/05_plip_interaction_graphs/plip_outputs/PTP1B_211/report.xml,results/PTP1B/05_plip_interaction_graphs/ged_input_files/PTP1B_211_final.txt,17,17,9,26,13,17,30,success,
PTP1B_212,/home/wms/AF2-test/AF2-CatGraph/results/PTP1B/02_template_guided_docking/complexes/PTP1B_212_complex.pdb,results/PTP1B/05_plip_interaction_graphs/plip_outputs/PTP1B_212,results/PTP1B/05_plip_interaction_graphs/plip_outputs/PTP1B_212/report.xml,results/PTP1B/05_plip_interaction_graphs/ged_input_files/PTP1B_212_final.txt,17,17,10,27,12,17,29,success,
PTP1B_213,/home/wms/AF2-test/AF2-CatGraph/results/PTP1B/02_template_guided_docking/complexes/PTP1B_213_complex.pdb,results/PTP1B/05_plip_interaction_graphs/plip_outputs/PTP1B_213,results/PTP1B/05_plip_interaction_graphs/plip_outputs/PTP1B_213/report.xml,results/PTP1B/05_plip_interaction_graphs/ged_input_files/PTP1B_213_final.txt,17,17,10,27,14,17,31,success,
PTP1B_214,/home/wms/AF2-test/AF2-CatGraph/results/PTP1B/02_template_guided_docking/complexes/PTP1B_214_complex.pdb,results/PTP1B/05_plip_interaction_graphs/plip_outputs/PTP1B_214,results/PTP1B/05_plip_interaction_graphs/plip_outputs/PTP1B_214/report.xml,results/PTP1B/05_plip_interaction_graphs/ged_input_files/PTP1B_214_final.txt,17,17,10,27,15,17,32,success,
PTP1B_215,/home/wms/AF2-test/AF2-CatGraph/results/PTP1B/02_template_guided_docking/complexes/PTP1B_215_complex.pdb,results/PTP1B/05_plip_interaction_graphs/plip_outputs/PTP1B_215,results/PTP1B/05_plip_interaction_graphs/plip_outputs/PTP1B_215/report.xml,results/PTP1B/05_plip_interaction_graphs/ged_input_files/PTP1B_215_final.txt,17,17,10,27,15,17,32,success,
PTP1B_216,/home/wms/AF2-test/AF2-CatGraph/results/PTP1B/02_template_guided_docking/complexes/PTP1B_216_complex.pdb,results/PTP1B/05_plip_interaction_graphs/plip_outputs/PTP1B_216,results/PTP1B/05_plip_interaction_graphs/plip_outputs/PTP1B_216/report.xml,results/PTP1B/05_plip_interaction_graphs/ged_input_files/PTP1B_216_final.txt,17,17,9,26,13,17,30,success,
PTP1B_217,/home/wms/AF2-test/AF2-CatGraph/results/PTP1B/02_template_guided_docking/complexes/PTP1B_217_complex.pdb,results/PTP1B/05_plip_interaction_graphs/plip_outputs/PTP1B_217,results/PTP1B/05_plip_interaction_graphs/plip_outputs/PTP1B_217/report.xml,results/PTP1B/05_plip_interaction_graphs/ged_input_files/PTP1B_217_final.txt,17,17,10,27,14,17,31,success,
PTP1B_218,/home/wms/AF2-test/AF2-CatGraph/results/PTP1B/02_template_guided_docking/complexes/PTP1B_218_complex.pdb,results/PTP1B/05_plip_interaction_graphs/plip_outputs/PTP1B_218,results/PTP1B/05_plip_interaction_graphs/plip_outputs/PTP1B_218/report.xml,results/PTP1B/05_plip_interaction_graphs/ged_input_files/PTP1B_218_final.txt,17,17,10,27,12,17,29,success,
PTP1B_219,/home/wms/AF2-test/AF2-CatGraph/results/PTP1B/02_template_guided_docking/complexes/PTP1B_219_complex.pdb,results/PTP1B/05_plip_interaction_graphs/plip_outputs/PTP1B_219,results/PTP1B/05_plip_interaction_graphs/plip_outputs/PTP1B_219/report.xml,results/PTP1B/05_plip_interaction_graphs/ged_input_files/PTP1B_219_final.txt,17,17,9,26,11,17,28,success,
PTP1B_220,/home/wms/AF2-test/AF2-CatGraph/results/PTP1B/02_template_guided_docking/complexes/PTP1B_220_complex.pdb,results/PTP1B/05_plip_interaction_graphs/plip_outputs/PTP1B_220,results/PTP1B/05_plip_interaction_graphs/plip_outputs/PTP1B_220/report.xml,results/PTP1B/05_plip_interaction_graphs/ged_input_files/PTP1B_220_final.txt,17,17,9,26,12,17,29,success,
PTP1B_221,/home/wms/AF2-test/AF2-CatGraph/results/PTP1B/02_template_guided_docking/complexes/PTP1B_221_complex.pdb,results/PTP1B/05_plip_interaction_graphs/plip_outputs/PTP1B_221,results/PTP1B/05_plip_interaction_graphs/plip_outputs/PTP1B_221/report.xml,results/PTP1B/05_plip_interaction_graphs/ged_input_files/PTP1B_221_final.txt,17,17,9,26,12,17,29,success,
PTP1B_222,/home/wms/AF2-test/AF2-CatGraph/results/PTP1B/02_template_guided_docking/complexes/PTP1B_222_complex.pdb,results/PTP1B/05_plip_interaction_graphs/plip_outputs/PTP1B_222,results/PTP1B/05_plip_interaction_graphs/plip_outputs/PTP1B_222/report.xml,results/PTP1B/05_plip_interaction_graphs/ged_input_files/PTP1B_222_final.txt,17,17,11,28,14,17,31,success,
PTP1B_223,/home/wms/AF2-test/AF2-CatGraph/results/PTP1B/02_template_guided_docking/complexes/PTP1B_223_complex.pdb,results/PTP1B/05_plip_interaction_graphs/plip_outputs/PTP1B_223,results/PTP1B/05_plip_interaction_graphs/plip_outputs/PTP1B_223/report.xml,results/PTP1B/05_plip_interaction_graphs/ged_input_files/PTP1B_223_final.txt,17,17,10,27,15,17,32,success,
PTP1B_224,/home/wms/AF2-test/AF2-CatGraph/results/PTP1B/02_template_guided_docking/complexes/PTP1B_224_complex.pdb,results/PTP1B/05_plip_interaction_graphs/plip_outputs/PTP1B_224,results/PTP1B/05_plip_interaction_graphs/plip_outputs/PTP1B_224/report.xml,results/PTP1B/05_plip_interaction_graphs/ged_input_files/PTP1B_224_final.txt,17,17,10,27,13,17,30,success,
PTP1B_225,/home/wms/AF2-test/AF2-CatGraph/results/PTP1B/02_template_guided_docking/complexes/PTP1B_225_complex.pdb,results/PTP1B/05_plip_interaction_graphs/plip_outputs/PTP1B_225,results/PTP1B/05_plip_interaction_graphs/plip_outputs/PTP1B_225/report.xml,results/PTP1B/05_plip_interaction_graphs/ged_input_files/PTP1B_225_final.txt,17,17,9,26,13,17,30,success,
PTP1B_226,/home/wms/AF2-test/AF2-CatGraph/results/PTP1B/02_template_guided_docking/complexes/PTP1B_226_complex.pdb,results/PTP1B/05_plip_interaction_graphs/plip_outputs/PTP1B_226,results/PTP1B/05_plip_interaction_graphs/plip_outputs/PTP1B_226/report.xml,results/PTP1B/05_plip_interaction_graphs/ged_input_files/PTP1B_226_final.txt,17,17,10,27,15,17,32,success,
PTP1B_227,/home/wms/AF2-test/AF2-CatGraph/results/PTP1B/02_template_guided_docking/complexes/PTP1B_227_complex.pdb,results/PTP1B/05_plip_interaction_graphs/plip_outputs/PTP1B_227,results/PTP1B/05_plip_interaction_graphs/plip_outputs/PTP1B_227/report.xml,results/PTP1B/05_plip_interaction_graphs/ged_input_files/PTP1B_227_final.txt,17,17,9,26,13,17,30,success,
PTP1B_229,/home/wms/AF2-test/AF2-CatGraph/results/PTP1B/02_template_guided_docking/complexes/PTP1B_229_complex.pdb,results/PTP1B/05_plip_interaction_graphs/plip_outputs/PTP1B_229,results/PTP1B/05_plip_interaction_graphs/plip_outputs/PTP1B_229/report.xml,results/PTP1B/05_plip_interaction_graphs/ged_input_files/PTP1B_229_final.txt,17,17,7,24,9,17,26,success,
PTP1B_230,/home/wms/AF2-test/AF2-CatGraph/results/PTP1B/02_template_guided_docking/complexes/PTP1B_230_complex.pdb,results/PTP1B/05_plip_interaction_graphs/plip_outputs/PTP1B_230,results/PTP1B/05_plip_interaction_graphs/plip_outputs/PTP1B_230/report.xml,results/PTP1B/05_plip_interaction_graphs/ged_input_files/PTP1B_230_final.txt,17,17,9,26,13,17,30,success,
PTP1B_231,/home/wms/AF2-test/AF2-CatGraph/results/PTP1B/02_template_guided_docking/complexes/PTP1B_231_complex.pdb,results/PTP1B/05_plip_interaction_graphs/plip_outputs/PTP1B_231,results/PTP1B/05_plip_interaction_graphs/plip_outputs/PTP1B_231/report.xml,results/PTP1B/05_plip_interaction_graphs/ged_input_files/PTP1B_231_final.txt,17,17,11,28,15,17,32,success,
PTP1B_232,/home/wms/AF2-test/AF2-CatGraph/results/PTP1B/02_template_guided_docking/complexes/PTP1B_232_complex.pdb,results/PTP1B/05_plip_interaction_graphs/plip_outputs/PTP1B_232,results/PTP1B/05_plip_interaction_graphs/plip_outputs/PTP1B_232/report.xml,results/PTP1B/05_plip_interaction_graphs/ged_input_files/PTP1B_232_final.txt,17,17,10,27,13,17,30,success,
PTP1B_233,/home/wms/AF2-test/AF2-CatGraph/results/PTP1B/02_template_guided_docking/complexes/PTP1B_233_complex.pdb,results/PTP1B/05_plip_interaction_graphs/plip_outputs/PTP1B_233,results/PTP1B/05_plip_interaction_graphs/plip_outputs/PTP1B_233/report.xml,results/PTP1B/05_plip_interaction_graphs/ged_input_files/PTP1B_233_final.txt,17,17,9,26,11,17,28,success,
PTP1B_234,/home/wms/AF2-test/AF2-CatGraph/results/PTP1B/02_template_guided_docking/complexes/PTP1B_234_complex.pdb,results/PTP1B/05_plip_interaction_graphs/plip_outputs/PTP1B_234,results/PTP1B/05_plip_interaction_graphs/plip_outputs/PTP1B_234/report.xml,results/PTP1B/05_plip_interaction_graphs/ged_input_files/PTP1B_234_final.txt,17,17,10,27,13,17,30,success,
PTP1B_235,/home/wms/AF2-test/AF2-CatGraph/results/PTP1B/02_template_guided_docking/complexes/PTP1B_235_complex.pdb,results/PTP1B/05_plip_interaction_graphs/plip_outputs/PTP1B_235,results/PTP1B/05_plip_interaction_graphs/plip_outputs/PTP1B_235/report.xml,results/PTP1B/05_plip_interaction_graphs/ged_input_files/PTP1B_235_final.txt,17,17,8,25,11,17,28,success,
PTP1B_236,/home/wms/AF2-test/AF2-CatGraph/results/PTP1B/02_template_guided_docking/complexes/PTP1B_236_complex.pdb,results/PTP1B/05_plip_interaction_graphs/plip_outputs/PTP1B_236,results/PTP1B/05_plip_interaction_graphs/plip_outputs/PTP1B_236/report.xml,results/PTP1B/05_plip_interaction_graphs/ged_input_files/PTP1B_236_final.txt,17,17,10,27,13,17,30,success,
PTP1B_237,/home/wms/AF2-test/AF2-CatGraph/results/PTP1B/02_template_guided_docking/complexes/PTP1B_237_complex.pdb,results/PTP1B/05_plip_interaction_graphs/plip_outputs/PTP1B_237,results/PTP1B/05_plip_interaction_graphs/plip_outputs/PTP1B_237/report.xml,results/PTP1B/05_plip_interaction_graphs/ged_input_files/PTP1B_237_final.txt,17,17,10,27,13,17,30,success,
PTP1B_238,/home/wms/AF2-test/AF2-CatGraph/results/PTP1B/02_template_guided_docking/complexes/PTP1B_238_complex.pdb,results/PTP1B/05_plip_interaction_graphs/plip_outputs/PTP1B_238,results/PTP1B/05_plip_interaction_graphs/plip_outputs/PTP1B_238/report.xml,results/PTP1B/05_plip_interaction_graphs/ged_input_files/PTP1B_238_final.txt,17,17,10,27,13,17,30,success,
PTP1B_239,/home/wms/AF2-test/AF2-CatGraph/results/PTP1B/02_template_guided_docking/complexes/PTP1B_239_complex.pdb,results/PTP1B/05_plip_interaction_graphs/plip_outputs/PTP1B_239,results/PTP1B/05_plip_interaction_graphs/plip_outputs/PTP1B_239/report.xml,results/PTP1B/05_plip_interaction_graphs/ged_input_files/PTP1B_239_final.txt,17,17,9,26,11,17,28,success,
PTP1B_240,/home/wms/AF2-test/AF2-CatGraph/results/PTP1B/02_template_guided_docking/complexes/PTP1B_240_complex.pdb,results/PTP1B/05_plip_interaction_graphs/plip_outputs/PTP1B_240,results/PTP1B/05_plip_interaction_graphs/plip_outputs/PTP1B_240/report.xml,results/PTP1B/05_plip_interaction_graphs/ged_input_files/PTP1B_240_final.txt,17,17,9,26,12,17,29,success,
PTP1B_241,/home/wms/AF2-test/AF2-CatGraph/results/PTP1B/02_template_guided_docking/complexes/PTP1B_241_complex.pdb,results/PTP1B/05_plip_interaction_graphs/plip_outputs/PTP1B_241,results/PTP1B/05_plip_interaction_graphs/plip_outputs/PTP1B_241/report.xml,results/PTP1B/05_plip_interaction_graphs/ged_input_files/PTP1B_241_final.txt,17,17,10,27,13,17,30,success,
PTP1B_242,/home/wms/AF2-test/AF2-CatGraph/results/PTP1B/02_template_guided_docking/complexes/PTP1B_242_complex.pdb,results/PTP1B/05_plip_interaction_graphs/plip_outputs/PTP1B_242,results/PTP1B/05_plip_interaction_graphs/plip_outputs/PTP1B_242/report.xml,results/PTP1B/05_plip_interaction_graphs/ged_input_files/PTP1B_242_final.txt,17,17,9,26,13,17,30,success,
PTP1B_243,/home/wms/AF2-test/AF2-CatGraph/results/PTP1B/02_template_guided_docking/complexes/PTP1B_243_complex.pdb,results/PTP1B/05_plip_interaction_graphs/plip_outputs/PTP1B_243,results/PTP1B/05_plip_interaction_graphs/plip_outputs/PTP1B_243/report.xml,results/PTP1B/05_plip_interaction_graphs/ged_input_files/PTP1B_243_final.txt,17,17,9,26,11,17,28,success,
PTP1B_244,/home/wms/AF2-test/AF2-CatGraph/results/PTP1B/02_template_guided_docking/complexes/PTP1B_244_complex.pdb,results/PTP1B/05_plip_interaction_graphs/plip_outputs/PTP1B_244,results/PTP1B/05_plip_interaction_graphs/plip_outputs/PTP1B_244/report.xml,results/PTP1B/05_plip_interaction_graphs/ged_input_files/PTP1B_244_final.txt,17,17,10,27,13,17,30,success,
PTP1B_245,/home/wms/AF2-test/AF2-CatGraph/results/PTP1B/02_template_guided_docking/complexes/PTP1B_245_complex.pdb,results/PTP1B/05_plip_interaction_graphs/plip_outputs/PTP1B_245,results/PTP1B/05_plip_interaction_graphs/plip_outputs/PTP1B_245/report.xml,results/PTP1B/05_plip_interaction_graphs/ged_input_files/PTP1B_245_final.txt,17,17,9,26,12,17,29,success,
PTP1B_246,/home/wms/AF2-test/AF2-CatGraph/results/PTP1B/02_template_guided_docking/complexes/PTP1B_246_complex.pdb,results/PTP1B/05_plip_interaction_graphs/plip_outputs/PTP1B_246,results/PTP1B/05_plip_interaction_graphs/plip_outputs/PTP1B_246/report.xml,results/PTP1B/05_plip_interaction_graphs/ged_input_files/PTP1B_246_final.txt,17,17,10,27,12,17,29,success,
PTP1B_247,/home/wms/AF2-test/AF2-CatGraph/results/PTP1B/02_template_guided_docking/complexes/PTP1B_247_complex.pdb,results/PTP1B/05_plip_interaction_graphs/plip_outputs/PTP1B_247,results/PTP1B/05_plip_interaction_graphs/plip_outputs/PTP1B_247/report.xml,results/PTP1B/05_plip_interaction_graphs/ged_input_files/PTP1B_247_final.txt,17,17,9,26,12,17,29,success,
PTP1B_248,/home/wms/AF2-test/AF2-CatGraph/results/PTP1B/02_template_guided_docking/complexes/PTP1B_248_complex.pdb,results/PTP1B/05_plip_interaction_graphs/plip_outputs/PTP1B_248,results/PTP1B/05_plip_interaction_graphs/plip_outputs/PTP1B_248/report.xml,results/PTP1B/05_plip_interaction_graphs/ged_input_files/PTP1B_248_final.txt,17,17,10,27,14,17,31,success,
PTP1B_249,/home/wms/AF2-test/AF2-CatGraph/results/PTP1B/02_template_guided_docking/complexes/PTP1B_249_complex.pdb,results/PTP1B/05_plip_interaction_graphs/plip_outputs/PTP1B_249,results/PTP1B/05_plip_interaction_graphs/plip_outputs/PTP1B_249/report.xml,results/PTP1B/05_plip_interaction_graphs/ged_input_files/PTP1B_249_final.txt,17,17,10,27,14,17,31,success,
PTP1B_250,/home/wms/AF2-test/AF2-CatGraph/results/PTP1B/02_template_guided_docking/complexes/PTP1B_250_complex.pdb,results/PTP1B/05_plip_interaction_graphs/plip_outputs/PTP1B_250,results/PTP1B/05_plip_interaction_graphs/plip_outputs/PTP1B_250/report.xml,results/PTP1B/05_plip_interaction_graphs/ged_input_files/PTP1B_250_final.txt,17,17,9,26,11,17,28,success,
PTP1B_251,/home/wms/AF2-test/AF2-CatGraph/results/PTP1B/02_template_guided_docking/complexes/PTP1B_251_complex.pdb,results/PTP1B/05_plip_interaction_graphs/plip_outputs/PTP1B_251,results/PTP1B/05_plip_interaction_graphs/plip_outputs/PTP1B_251/report.xml,results/PTP1B/05_plip_interaction_graphs/ged_input_files/PTP1B_251_final.txt,17,17,10,27,13,17,30,success,
PTP1B_252,/home/wms/AF2-test/AF2-CatGraph/results/PTP1B/02_template_guided_docking/complexes/PTP1B_252_complex.pdb,results/PTP1B/05_plip_interaction_graphs/plip_outputs/PTP1B_252,results/PTP1B/05_plip_interaction_graphs/plip_outputs/PTP1B_252/report.xml,results/PTP1B/05_plip_interaction_graphs/ged_input_files/PTP1B_252_final.txt,17,17,9,26,12,17,29,success,
PTP1B_253,/home/wms/AF2-test/AF2-CatGraph/results/PTP1B/02_template_guided_docking/complexes/PTP1B_253_complex.pdb,results/PTP1B/05_plip_interaction_graphs/plip_outputs/PTP1B_253,results/PTP1B/05_plip_interaction_graphs/plip_outputs/PTP1B_253/report.xml,results/PTP1B/05_plip_interaction_graphs/ged_input_files/PTP1B_253_final.txt,17,17,10,27,14,17,31,success,
PTP1B_254,/home/wms/AF2-test/AF2-CatGraph/results/PTP1B/02_template_guided_docking/complexes/PTP1B_254_complex.pdb,results/PTP1B/05_plip_interaction_graphs/plip_outputs/PTP1B_254,results/PTP1B/05_plip_interaction_graphs/plip_outputs/PTP1B_254/report.xml,results/PTP1B/05_plip_interaction_graphs/ged_input_files/PTP1B_254_final.txt,17,17,8,25,10,17,27,success,
PTP1B_255,/home/wms/AF2-test/AF2-CatGraph/results/PTP1B/02_template_guided_docking/complexes/PTP1B_255_complex.pdb,results/PTP1B/05_plip_interaction_graphs/plip_outputs/PTP1B_255,results/PTP1B/05_plip_interaction_graphs/plip_outputs/PTP1B_255/report.xml,results/PTP1B/05_plip_interaction_graphs/ged_input_files/PTP1B_255_final.txt,17,17,9,26,13,17,30,success,
PTP1B_256,/home/wms/AF2-test/AF2-CatGraph/results/PTP1B/02_template_guided_docking/complexes/PTP1B_256_complex.pdb,results/PTP1B/05_plip_interaction_graphs/plip_outputs/PTP1B_256,results/PTP1B/05_plip_interaction_graphs/plip_outputs/PTP1B_256/report.xml,results/PTP1B/05_plip_interaction_graphs/ged_input_files/PTP1B_256_final.txt,17,17,9,26,11,17,28,success,
PTP1B_257,/home/wms/AF2-test/AF2-CatGraph/results/PTP1B/02_template_guided_docking/complexes/PTP1B_257_complex.pdb,results/PTP1B/05_plip_interaction_graphs/plip_outputs/PTP1B_257,results/PTP1B/05_plip_interaction_graphs/plip_outputs/PTP1B_257/report.xml,results/PTP1B/05_plip_interaction_graphs/ged_input_files/PTP1B_257_final.txt,17,17,9,26,10,17,27,success,
PTP1B_258,/home/wms/AF2-test/AF2-CatGraph/results/PTP1B/02_template_guided_docking/complexes/PTP1B_258_complex.pdb,results/PTP1B/05_plip_interaction_graphs/plip_outputs/PTP1B_258,results/PTP1B/05_plip_interaction_graphs/plip_outputs/PTP1B_258/report.xml,results/PTP1B/05_plip_interaction_graphs/ged_input_files/PTP1B_258_final.txt,17,17,11,28,13,17,30,success,
PTP1B_259,/home/wms/AF2-test/AF2-CatGraph/results/PTP1B/02_template_guided_docking/complexes/PTP1B_259_complex.pdb,results/PTP1B/05_plip_interaction_graphs/plip_outputs/PTP1B_259,results/PTP1B/05_plip_interaction_graphs/plip_outputs/PTP1B_259/report.xml,results/PTP1B/05_plip_interaction_graphs/ged_input_files/PTP1B_259_final.txt,17,17,11,28,13,17,30,success,
PTP1B_260,/home/wms/AF2-test/AF2-CatGraph/results/PTP1B/02_template_guided_docking/complexes/PTP1B_260_complex.pdb,results/PTP1B/05_plip_interaction_graphs/plip_outputs/PTP1B_260,results/PTP1B/05_plip_interaction_graphs/plip_outputs/PTP1B_260/report.xml,results/PTP1B/05_plip_interaction_graphs/ged_input_files/PTP1B_260_final.txt,17,17,9,26,12,17,29,success,
PTP1B_262,/home/wms/AF2-test/AF2-CatGraph/results/PTP1B/02_template_guided_docking/complexes/PTP1B_262_complex.pdb,results/PTP1B/05_plip_interaction_graphs/plip_outputs/PTP1B_262,results/PTP1B/05_plip_interaction_graphs/plip_outputs/PTP1B_262/report.xml,results/PTP1B/05_plip_interaction_graphs/ged_input_files/PTP1B_262_final.txt,17,17,10,27,13,17,30,success,
PTP1B_263,/home/wms/AF2-test/AF2-CatGraph/results/PTP1B/02_template_guided_docking/complexes/PTP1B_263_complex.pdb,results/PTP1B/05_plip_interaction_graphs/plip_outputs/PTP1B_263,results/PTP1B/05_plip_interaction_graphs/plip_outputs/PTP1B_263/report.xml,results/PTP1B/05_plip_interaction_graphs/ged_input_files/PTP1B_263_final.txt,17,17,9,26,13,17,30,success,
PTP1B_264,/home/wms/AF2-test/AF2-CatGraph/results/PTP1B/02_template_guided_docking/complexes/PTP1B_264_complex.pdb,results/PTP1B/05_plip_interaction_graphs/plip_outputs/PTP1B_264,results/PTP1B/05_plip_interaction_graphs/plip_outputs/PTP1B_264/report.xml,results/PTP1B/05_plip_interaction_graphs/ged_input_files/PTP1B_264_final.txt,17,17,9,26,12,17,29,success,
PTP1B_265,/home/wms/AF2-test/AF2-CatGraph/results/PTP1B/02_template_guided_docking/complexes/PTP1B_265_complex.pdb,results/PTP1B/05_plip_interaction_graphs/plip_outputs/PTP1B_265,results/PTP1B/05_plip_interaction_graphs/plip_outputs/PTP1B_265/report.xml,results/PTP1B/05_plip_interaction_graphs/ged_input_files/PTP1B_265_final.txt,17,17,9,26,12,17,29,success,
PTP1B_266,/home/wms/AF2-test/AF2-CatGraph/results/PTP1B/02_template_guided_docking/complexes/PTP1B_266_complex.pdb,results/PTP1B/05_plip_interaction_graphs/plip_outputs/PTP1B_266,results/PTP1B/05_plip_interaction_graphs/plip_outputs/PTP1B_266/report.xml,results/PTP1B/05_plip_interaction_graphs/ged_input_files/PTP1B_266_final.txt,17,17,9,26,11,17,28,success,
PTP1B_267,/home/wms/AF2-test/AF2-CatGraph/results/PTP1B/02_template_guided_docking/complexes/PTP1B_267_complex.pdb,results/PTP1B/05_plip_interaction_graphs/plip_outputs/PTP1B_267,results/PTP1B/05_plip_interaction_graphs/plip_outputs/PTP1B_267/report.xml,results/PTP1B/05_plip_interaction_graphs/ged_input_files/PTP1B_267_final.txt,17,17,9,26,12,17,29,success,
PTP1B_268,/home/wms/AF2-test/AF2-CatGraph/results/PTP1B/02_template_guided_docking/complexes/PTP1B_268_complex.pdb,results/PTP1B/05_plip_interaction_graphs/plip_outputs/PTP1B_268,results/PTP1B/05_plip_interaction_graphs/plip_outputs/PTP1B_268/report.xml,results/PTP1B/05_plip_interaction_graphs/ged_input_files/PTP1B_268_final.txt,17,17,9,26,13,17,30,success,
PTP1B_269,/home/wms/AF2-test/AF2-CatGraph/results/PTP1B/02_template_guided_docking/complexes/PTP1B_269_complex.pdb,results/PTP1B/05_plip_interaction_graphs/plip_outputs/PTP1B_269,results/PTP1B/05_plip_interaction_graphs/plip_outputs/PTP1B_269/report.xml,results/PTP1B/05_plip_interaction_graphs/ged_input_files/PTP1B_269_final.txt,17,17,10,27,14,17,31,success,
PTP1B_271,/home/wms/AF2-test/AF2-CatGraph/results/PTP1B/02_template_guided_docking/complexes/PTP1B_271_complex.pdb,results/PTP1B/05_plip_interaction_graphs/plip_outputs/PTP1B_271,results/PTP1B/05_plip_interaction_graphs/plip_outputs/PTP1B_271/report.xml,results/PTP1B/05_plip_interaction_graphs/ged_input_files/PTP1B_271_final.txt,17,17,9,26,13,17,30,success,
PTP1B_273,/home/wms/AF2-test/AF2-CatGraph/results/PTP1B/02_template_guided_docking/complexes/PTP1B_273_complex.pdb,results/PTP1B/05_plip_interaction_graphs/plip_outputs/PTP1B_273,results/PTP1B/05_plip_interaction_graphs/plip_outputs/PTP1B_273/report.xml,results/PTP1B/05_plip_interaction_graphs/ged_input_files/PTP1B_273_final.txt,17,17,10,27,14,17,31,success,
PTP1B_274,/home/wms/AF2-test/AF2-CatGraph/results/PTP1B/02_template_guided_docking/complexes/PTP1B_274_complex.pdb,results/PTP1B/05_plip_interaction_graphs/plip_outputs/PTP1B_274,results/PTP1B/05_plip_interaction_graphs/plip_outputs/PTP1B_274/report.xml,results/PTP1B/05_plip_interaction_graphs/ged_input_files/PTP1B_274_final.txt,17,17,9,26,13,17,30,success,
PTP1B_275,/home/wms/AF2-test/AF2-CatGraph/results/PTP1B/02_template_guided_docking/complexes/PTP1B_275_complex.pdb,results/PTP1B/05_plip_interaction_graphs/plip_outputs/PTP1B_275,results/PTP1B/05_plip_interaction_graphs/plip_outputs/PTP1B_275/report.xml,results/PTP1B/05_plip_interaction_graphs/ged_input_files/PTP1B_275_final.txt,17,17,11,28,14,17,31,success,
PTP1B_276,/home/wms/AF2-test/AF2-CatGraph/results/PTP1B/02_template_guided_docking/complexes/PTP1B_276_complex.pdb,results/PTP1B/05_plip_interaction_graphs/plip_outputs/PTP1B_276,results/PTP1B/05_plip_interaction_graphs/plip_outputs/PTP1B_276/report.xml,results/PTP1B/05_plip_interaction_graphs/ged_input_files/PTP1B_276_final.txt,17,17,10,27,13,17,30,success,
PTP1B_277,/home/wms/AF2-test/AF2-CatGraph/results/PTP1B/02_template_guided_docking/complexes/PTP1B_277_complex.pdb,results/PTP1B/05_plip_interaction_graphs/plip_outputs/PTP1B_277,results/PTP1B/05_plip_interaction_graphs/plip_outputs/PTP1B_277/report.xml,results/PTP1B/05_plip_interaction_graphs/ged_input_files/PTP1B_277_final.txt,17,17,9,26,12,17,29,success,
PTP1B_278,/home/wms/AF2-test/AF2-CatGraph/results/PTP1B/02_template_guided_docking/complexes/PTP1B_278_complex.pdb,results/PTP1B/05_plip_interaction_graphs/plip_outputs/PTP1B_278,results/PTP1B/05_plip_interaction_graphs/plip_outputs/PTP1B_278/report.xml,results/PTP1B/05_plip_interaction_graphs/ged_input_files/PTP1B_278_final.txt,17,17,9,26,11,17,28,success,
PTP1B_279,/home/wms/AF2-test/AF2-CatGraph/results/PTP1B/02_template_guided_docking/complexes/PTP1B_279_complex.pdb,results/PTP1B/05_plip_interaction_graphs/plip_outputs/PTP1B_279,results/PTP1B/05_plip_interaction_graphs/plip_outputs/PTP1B_279/report.xml,results/PTP1B/05_plip_interaction_graphs/ged_input_files/PTP1B_279_final.txt,17,17,9,26,12,17,29,success,
PTP1B_280,/home/wms/AF2-test/AF2-CatGraph/results/PTP1B/02_template_guided_docking/complexes/PTP1B_280_complex.pdb,results/PTP1B/05_plip_interaction_graphs/plip_outputs/PTP1B_280,results/PTP1B/05_plip_interaction_graphs/plip_outputs/PTP1B_280/report.xml,results/PTP1B/05_plip_interaction_graphs/ged_input_files/PTP1B_280_final.txt,17,17,8,25,11,17,28,success,
PTP1B_281,/home/wms/AF2-test/AF2-CatGraph/results/PTP1B/02_template_guided_docking/complexes/PTP1B_281_complex.pdb,results/PTP1B/05_plip_interaction_graphs/plip_outputs/PTP1B_281,results/PTP1B/05_plip_interaction_graphs/plip_outputs/PTP1B_281/report.xml,results/PTP1B/05_plip_interaction_graphs/ged_input_files/PTP1B_281_final.txt,17,17,11,28,15,17,32,success,
PTP1B_282,/home/wms/AF2-test/AF2-CatGraph/results/PTP1B/02_template_guided_docking/complexes/PTP1B_282_complex.pdb,results/PTP1B/05_plip_interaction_graphs/plip_outputs/PTP1B_282,results/PTP1B/05_plip_interaction_graphs/plip_outputs/PTP1B_282/report.xml,results/PTP1B/05_plip_interaction_graphs/ged_input_files/PTP1B_282_final.txt,17,17,9,26,12,17,29,success,
PTP1B_283,/home/wms/AF2-test/AF2-CatGraph/results/PTP1B/02_template_guided_docking/complexes/PTP1B_283_complex.pdb,results/PTP1B/05_plip_interaction_graphs/plip_outputs/PTP1B_283,results/PTP1B/05_plip_interaction_graphs/plip_outputs/PTP1B_283/report.xml,results/PTP1B/05_plip_interaction_graphs/ged_input_files/PTP1B_283_final.txt,17,17,8,25,12,17,29,success,
PTP1B_284,/home/wms/AF2-test/AF2-CatGraph/results/PTP1B/02_template_guided_docking/complexes/PTP1B_284_complex.pdb,results/PTP1B/05_plip_interaction_graphs/plip_outputs/PTP1B_284,results/PTP1B/05_plip_interaction_graphs/plip_outputs/PTP1B_284/report.xml,results/PTP1B/05_plip_interaction_graphs/ged_input_files/PTP1B_284_final.txt,17,17,10,27,12,17,29,success,
PTP1B_285,/home/wms/AF2-test/AF2-CatGraph/results/PTP1B/02_template_guided_docking/complexes/PTP1B_285_complex.pdb,results/PTP1B/05_plip_interaction_graphs/plip_outputs/PTP1B_285,results/PTP1B/05_plip_interaction_graphs/plip_outputs/PTP1B_285/report.xml,results/PTP1B/05_plip_interaction_graphs/ged_input_files/PTP1B_285_final.txt,17,17,10,27,12,17,29,success,
PTP1B_286,/home/wms/AF2-test/AF2-CatGraph/results/PTP1B/02_template_guided_docking/complexes/PTP1B_286_complex.pdb,results/PTP1B/05_plip_interaction_graphs/plip_outputs/PTP1B_286,results/PTP1B/05_plip_interaction_graphs/plip_outputs/PTP1B_286/report.xml,results/PTP1B/05_plip_interaction_graphs/ged_input_files/PTP1B_286_final.txt,17,17,11,28,15,17,32,success,
PTP1B_288,/home/wms/AF2-test/AF2-CatGraph/results/PTP1B/02_template_guided_docking/complexes/PTP1B_288_complex.pdb,results/PTP1B/05_plip_interaction_graphs/plip_outputs/PTP1B_288,results/PTP1B/05_plip_interaction_graphs/plip_outputs/PTP1B_288/report.xml,results/PTP1B/05_plip_interaction_graphs/ged_input_files/PTP1B_288_final.txt,17,17,9,26,12,17,29,success,
PTP1B_289,/home/wms/AF2-test/AF2-CatGraph/results/PTP1B/02_template_guided_docking/complexes/PTP1B_289_complex.pdb,results/PTP1B/05_plip_interaction_graphs/plip_outputs/PTP1B_289,results/PTP1B/05_plip_interaction_graphs/plip_outputs/PTP1B_289/report.xml,results/PTP1B/05_plip_interaction_graphs/ged_input_files/PTP1B_289_final.txt,17,17,11,28,13,17,30,success,
PTP1B_290,/home/wms/AF2-test/AF2-CatGraph/results/PTP1B/02_template_guided_docking/complexes/PTP1B_290_complex.pdb,results/PTP1B/05_plip_interaction_graphs/plip_outputs/PTP1B_290,results/PTP1B/05_plip_interaction_graphs/plip_outputs/PTP1B_290/report.xml,results/PTP1B/05_plip_interaction_graphs/ged_input_files/PTP1B_290_final.txt,17,17,11,28,15,17,32,success,
PTP1B_291,/home/wms/AF2-test/AF2-CatGraph/results/PTP1B/02_template_guided_docking/complexes/PTP1B_291_complex.pdb,results/PTP1B/05_plip_interaction_graphs/plip_outputs/PTP1B_291,results/PTP1B/05_plip_interaction_graphs/plip_outputs/PTP1B_291/report.xml,results/PTP1B/05_plip_interaction_graphs/ged_input_files/PTP1B_291_final.txt,17,17,8,25,11,17,28,success,
PTP1B_292,/home/wms/AF2-test/AF2-CatGraph/results/PTP1B/02_template_guided_docking/complexes/PTP1B_292_complex.pdb,results/PTP1B/05_plip_interaction_graphs/plip_outputs/PTP1B_292,results/PTP1B/05_plip_interaction_graphs/plip_outputs/PTP1B_292/report.xml,results/PTP1B/05_plip_interaction_graphs/ged_input_files/PTP1B_292_final.txt,17,17,10,27,14,17,31,success,
PTP1B_293,/home/wms/AF2-test/AF2-CatGraph/results/PTP1B/02_template_guided_docking/complexes/PTP1B_293_complex.pdb,results/PTP1B/05_plip_interaction_graphs/plip_outputs/PTP1B_293,results/PTP1B/05_plip_interaction_graphs/plip_outputs/PTP1B_293/report.xml,results/PTP1B/05_plip_interaction_graphs/ged_input_files/PTP1B_293_final.txt,17,17,9,26,12,17,29,success,
PTP1B_294,/home/wms/AF2-test/AF2-CatGraph/results/PTP1B/02_template_guided_docking/complexes/PTP1B_294_complex.pdb,results/PTP1B/05_plip_interaction_graphs/plip_outputs/PTP1B_294,results/PTP1B/05_plip_interaction_graphs/plip_outputs/PTP1B_294/report.xml,results/PTP1B/05_plip_interaction_graphs/ged_input_files/PTP1B_294_final.txt,17,17,10,27,13,17,30,success,
PTP1B_295,/home/wms/AF2-test/AF2-CatGraph/results/PTP1B/02_template_guided_docking/complexes/PTP1B_295_complex.pdb,results/PTP1B/05_plip_interaction_graphs/plip_outputs/PTP1B_295,results/PTP1B/05_plip_interaction_graphs/plip_outputs/PTP1B_295/report.xml,results/PTP1B/05_plip_interaction_graphs/ged_input_files/PTP1B_295_final.txt,17,17,9,26,12,17,29,success,
PTP1B_296,/home/wms/AF2-test/AF2-CatGraph/results/PTP1B/02_template_guided_docking/complexes/PTP1B_296_complex.pdb,results/PTP1B/05_plip_interaction_graphs/plip_outputs/PTP1B_296,results/PTP1B/05_plip_interaction_graphs/plip_outputs/PTP1B_296/report.xml,results/PTP1B/05_plip_interaction_graphs/ged_input_files/PTP1B_296_final.txt,17,17,10,27,12,17,29,success,
PTP1B_297,/home/wms/AF2-test/AF2-CatGraph/results/PTP1B/02_template_guided_docking/complexes/PTP1B_297_complex.pdb,results/PTP1B/05_plip_interaction_graphs/plip_outputs/PTP1B_297,results/PTP1B/05_plip_interaction_graphs/plip_outputs/PTP1B_297/report.xml,results/PTP1B/05_plip_interaction_graphs/ged_input_files/PTP1B_297_final.txt,17,17,9,26,11,17,28,success,
PTP1B_298,/home/wms/AF2-test/AF2-CatGraph/results/PTP1B/02_template_guided_docking/complexes/PTP1B_298_complex.pdb,results/PTP1B/05_plip_interaction_graphs/plip_outputs/PTP1B_298,results/PTP1B/05_plip_interaction_graphs/plip_outputs/PTP1B_298/report.xml,results/PTP1B/05_plip_interaction_graphs/ged_input_files/PTP1B_298_final.txt,17,17,11,28,14,17,31,success,
PTP1B_299,/home/wms/AF2-test/AF2-CatGraph/results/PTP1B/02_template_guided_docking/complexes/PTP1B_299_complex.pdb,results/PTP1B/05_plip_interaction_graphs/plip_outputs/PTP1B_299,results/PTP1B/05_plip_interaction_graphs/plip_outputs/PTP1B_299/report.xml,results/PTP1B/05_plip_interaction_graphs/ged_input_files/PTP1B_299_final.txt,17,17,8,25,13,17,30,success,
PTP1B_300,/home/wms/AF2-test/AF2-CatGraph/results/PTP1B/02_template_guided_docking/complexes/PTP1B_300_complex.pdb,results/PTP1B/05_plip_interaction_graphs/plip_outputs/PTP1B_300,results/PTP1B/05_plip_interaction_graphs/plip_outputs/PTP1B_300/report.xml,results/PTP1B/05_plip_interaction_graphs/ged_input_files/PTP1B_300_final.txt,17,17,9,26,11,17,28,success,
PTP1B_301,/home/wms/AF2-test/AF2-CatGraph/results/PTP1B/02_template_guided_docking/complexes/PTP1B_301_complex.pdb,results/PTP1B/05_plip_interaction_graphs/plip_outputs/PTP1B_301,results/PTP1B/05_plip_interaction_graphs/plip_outputs/PTP1B_301/report.xml,results/PTP1B/05_plip_interaction_graphs/ged_input_files/PTP1B_301_final.txt,17,17,10,27,13,17,30,success,
PTP1B_302,/home/wms/AF2-test/AF2-CatGraph/results/PTP1B/02_template_guided_docking/complexes/PTP1B_302_complex.pdb,results/PTP1B/05_plip_interaction_graphs/plip_outputs/PTP1B_302,results/PTP1B/05_plip_interaction_graphs/plip_outputs/PTP1B_302/report.xml,results/PTP1B/05_plip_interaction_graphs/ged_input_files/PTP1B_302_final.txt,17,17,8,25,12,17,29,success,
PTP1B_303,/home/wms/AF2-test/AF2-CatGraph/results/PTP1B/02_template_guided_docking/complexes/PTP1B_303_complex.pdb,results/PTP1B/05_plip_interaction_graphs/plip_outputs/PTP1B_303,results/PTP1B/05_plip_interaction_graphs/plip_outputs/PTP1B_303/report.xml,results/PTP1B/05_plip_interaction_graphs/ged_input_files/PTP1B_303_final.txt,17,17,9,26,11,17,28,success,
PTP1B_304,/home/wms/AF2-test/AF2-CatGraph/results/PTP1B/02_template_guided_docking/complexes/PTP1B_304_complex.pdb,results/PTP1B/05_plip_interaction_graphs/plip_outputs/PTP1B_304,results/PTP1B/05_plip_interaction_graphs/plip_outputs/PTP1B_304/report.xml,results/PTP1B/05_plip_interaction_graphs/ged_input_files/PTP1B_304_final.txt,17,17,8,25,13,17,30,success,
PTP1B_305,/home/wms/AF2-test/AF2-CatGraph/results/PTP1B/02_template_guided_docking/complexes/PTP1B_305_complex.pdb,results/PTP1B/05_plip_interaction_graphs/plip_outputs/PTP1B_305,results/PTP1B/05_plip_interaction_graphs/plip_outputs/PTP1B_305/report.xml,results/PTP1B/05_plip_interaction_graphs/ged_input_files/PTP1B_305_final.txt,17,17,11,28,13,17,30,success,
PTP1B_306,/home/wms/AF2-test/AF2-CatGraph/results/PTP1B/02_template_guided_docking/complexes/PTP1B_306_complex.pdb,results/PTP1B/05_plip_interaction_graphs/plip_outputs/PTP1B_306,results/PTP1B/05_plip_interaction_graphs/plip_outputs/PTP1B_306/report.xml,results/PTP1B/05_plip_interaction_graphs/ged_input_files/PTP1B_306_final.txt,17,17,9,26,12,17,29,success,
PTP1B_308,/home/wms/AF2-test/AF2-CatGraph/results/PTP1B/02_template_guided_docking/complexes/PTP1B_308_complex.pdb,results/PTP1B/05_plip_interaction_graphs/plip_outputs/PTP1B_308,results/PTP1B/05_plip_interaction_graphs/plip_outputs/PTP1B_308/report.xml,results/PTP1B/05_plip_interaction_graphs/ged_input_files/PTP1B_308_final.txt,17,17,9,26,11,17,28,success,
PTP1B_309,/home/wms/AF2-test/AF2-CatGraph/results/PTP1B/02_template_guided_docking/complexes/PTP1B_309_complex.pdb,results/PTP1B/05_plip_interaction_graphs/plip_outputs/PTP1B_309,results/PTP1B/05_plip_interaction_graphs/plip_outputs/PTP1B_309/report.xml,results/PTP1B/05_plip_interaction_graphs/ged_input_files/PTP1B_309_final.txt,17,17,9,26,11,17,28,success,
PTP1B_310,/home/wms/AF2-test/AF2-CatGraph/results/PTP1B/02_template_guided_docking/complexes/PTP1B_310_complex.pdb,results/PTP1B/05_plip_interaction_graphs/plip_outputs/PTP1B_310,results/PTP1B/05_plip_interaction_graphs/plip_outputs/PTP1B_310/report.xml,results/PTP1B/05_plip_interaction_graphs/ged_input_files/PTP1B_310_final.txt,17,17,9,26,12,17,29,success,
PTP1B_311,/home/wms/AF2-test/AF2-CatGraph/results/PTP1B/02_template_guided_docking/complexes/PTP1B_311_complex.pdb,results/PTP1B/05_plip_interaction_graphs/plip_outputs/PTP1B_311,results/PTP1B/05_plip_interaction_graphs/plip_outputs/PTP1B_311/report.xml,results/PTP1B/05_plip_interaction_graphs/ged_input_files/PTP1B_311_final.txt,17,17,9,26,11,17,28,success,
PTP1B_312,/home/wms/AF2-test/AF2-CatGraph/results/PTP1B/02_template_guided_docking/complexes/PTP1B_312_complex.pdb,results/PTP1B/05_plip_interaction_graphs/plip_outputs/PTP1B_312,results/PTP1B/05_plip_interaction_graphs/plip_outputs/PTP1B_312/report.xml,results/PTP1B/05_plip_interaction_graphs/ged_input_files/PTP1B_312_final.txt,17,17,10,27,13,17,30,success,
PTP1B_314,/home/wms/AF2-test/AF2-CatGraph/results/PTP1B/02_template_guided_docking/complexes/PTP1B_314_complex.pdb,results/PTP1B/05_plip_interaction_graphs/plip_outputs/PTP1B_314,results/PTP1B/05_plip_interaction_graphs/plip_outputs/PTP1B_314/report.xml,results/PTP1B/05_plip_interaction_graphs/ged_input_files/PTP1B_314_final.txt,17,17,11,28,15,17,32,success,
PTP1B_315,/home/wms/AF2-test/AF2-CatGraph/results/PTP1B/02_template_guided_docking/complexes/PTP1B_315_complex.pdb,results/PTP1B/05_plip_interaction_graphs/plip_outputs/PTP1B_315,results/PTP1B/05_plip_interaction_graphs/plip_outputs/PTP1B_315/report.xml,results/PTP1B/05_plip_interaction_graphs/ged_input_files/PTP1B_315_final.txt,17,17,8,25,11,17,28,success,
PTP1B_319,/home/wms/AF2-test/AF2-CatGraph/results/PTP1B/02_template_guided_docking/complexes/PTP1B_319_complex.pdb,results/PTP1B/05_plip_interaction_graphs/plip_outputs/PTP1B_319,results/PTP1B/05_plip_interaction_graphs/plip_outputs/PTP1B_319/report.xml,results/PTP1B/05_plip_interaction_graphs/ged_input_files/PTP1B_319_final.txt,17,17,8,25,11,17,28,success,
