2026-09-01 14:06:30,819 INFO: Memory settings: max_workers=2, subprocess_memory_limit_mb=None, max_total_memory_mb=None, pair_batch_size=None, cache_ged=False, stream_pairwise_results=True
2026-09-01 14:06:30,822 INFO: Starting classification for GAC_1_final.txt
2026-09-01 14:06:30,832 INFO: class_1 has 1 graphs
2026-09-01 14:06:30,833 INFO: Starting classification for GAC_3_final.txt
2026-09-01 14:06:30,834 INFO: Command: /home/wms/AF2-test/AF2-CatGraph-test5/external/Graph_Edit_Distance/ged -d /home/wms/AF2-test/AF2-CatGraph/results/GAC/07_ged_classification/work/filtered_graphs/GAC_3_final.txt -q /home/wms/AF2-test/AF2-CatGraph/results/GAC/07_ged_classification/work/filtered_graphs/GAC_4_final.txt -m pair -p astar -l LSa -g
2026-09-01 14:06:30,834 INFO: Command: /home/wms/AF2-test/AF2-CatGraph-test5/external/Graph_Edit_Distance/ged -d /home/wms/AF2-test/AF2-CatGraph/results/GAC/07_ged_classification/work/filtered_graphs/GAC_3_final.txt -q /home/wms/AF2-test/AF2-CatGraph/results/GAC/07_ged_classification/work/filtered_graphs/GAC_6_final.txt -m pair -p astar -l LSa -g
2026-09-01 14:06:30,834 INFO: STDOUT for GAC_3_final.txt vs GAC_4_final.txt:
**** GED (Release) build at 21:43:51 Aug 29 2026 ***
Usage: ./ged -h -d database_file -q query_file -m running_mode -p search_paradigm -l lower_bound_method -t ged_threshold
**** Note that for GED verification, if the returned value is not -1, then it is only an upper bound of (and may be larger than) the exact GED

*** pair astar LSa -1: /home/wms/AF2-test/AF2-CatGraph/results/GAC/07_ged_classification/work/filtered_graphs/GAC_3_final.txt /home/wms/AF2-test/AF2-CatGraph/results/GAC/07_ged_classification/work/filtered_graphs/GAC_4_final.txt ***
*** GEDs ***
2
*** GEDs ***
min_ged: 2, max_ged: 2
total average time: 38, total average_ss: 22
Total time: 46 (microseconds), total search space: 22
 #candidates: 1, #matches: 1
2026-09-01 14:06:30,834 INFO: STDOUT for GAC_3_final.txt vs GAC_6_final.txt:
**** GED (Release) build at 21:43:51 Aug 29 2026 ***
Usage: ./ged -h -d database_file -q query_file -m running_mode -p search_paradigm -l lower_bound_method -t ged_threshold
**** Note that for GED verification, if the returned value is not -1, then it is only an upper bound of (and may be larger than) the exact GED

*** pair astar LSa -1: /home/wms/AF2-test/AF2-CatGraph/results/GAC/07_ged_classification/work/filtered_graphs/GAC_3_final.txt /home/wms/AF2-test/AF2-CatGraph/results/GAC/07_ged_classification/work/filtered_graphs/GAC_6_final.txt ***
*** GEDs ***
0
*** GEDs ***
min_ged: 0, max_ged: 0
total average time: 36, total average_ss: 21
Total time: 44 (microseconds), total search space: 21
 #candidates: 1, #matches: 1
2026-09-01 14:06:30,834 INFO: STDERR for GAC_3_final.txt vs GAC_4_final.txt:
[0% finished]
2026-09-01 14:06:30,834 INFO: STDERR for GAC_3_final.txt vs GAC_6_final.txt:
[0% finished]
2026-09-01 14:06:30,835 INFO: Command: /home/wms/AF2-test/AF2-CatGraph-test5/external/Graph_Edit_Distance/ged -d /home/wms/AF2-test/AF2-CatGraph/results/GAC/07_ged_classification/work/filtered_graphs/GAC_3_final.txt -q /home/wms/AF2-test/AF2-CatGraph/results/GAC/07_ged_classification/work/filtered_graphs/GAC_17_final.txt -m pair -p astar -l LSa -g
2026-09-01 14:06:30,835 INFO: STDOUT for GAC_3_final.txt vs GAC_17_final.txt:
**** GED (Release) build at 21:43:51 Aug 29 2026 ***
Usage: ./ged -h -d database_file -q query_file -m running_mode -p search_paradigm -l lower_bound_method -t ged_threshold
**** Note that for GED verification, if the returned value is not -1, then it is only an upper bound of (and may be larger than) the exact GED

*** pair astar LSa -1: /home/wms/AF2-test/AF2-CatGraph/results/GAC/07_ged_classification/work/filtered_graphs/GAC_3_final.txt /home/wms/AF2-test/AF2-CatGraph/results/GAC/07_ged_classification/work/filtered_graphs/GAC_17_final.txt ***
*** GEDs ***
0
*** GEDs ***
min_ged: 0, max_ged: 0
total average time: 30, total average_ss: 21
Total time: 38 (microseconds), total search space: 21
 #candidates: 1, #matches: 1
2026-09-01 14:06:30,835 INFO: STDERR for GAC_3_final.txt vs GAC_17_final.txt:
[0% finished]
2026-09-01 14:06:30,835 INFO: Command: /home/wms/AF2-test/AF2-CatGraph-test5/external/Graph_Edit_Distance/ged -d /home/wms/AF2-test/AF2-CatGraph/results/GAC/07_ged_classification/work/filtered_graphs/GAC_3_final.txt -q /home/wms/AF2-test/AF2-CatGraph/results/GAC/07_ged_classification/work/filtered_graphs/GAC_14_final.txt -m pair -p astar -l LSa -g
2026-09-01 14:06:30,835 INFO: STDOUT for GAC_3_final.txt vs GAC_14_final.txt:
**** GED (Release) build at 21:43:51 Aug 29 2026 ***
Usage: ./ged -h -d database_file -q query_file -m running_mode -p search_paradigm -l lower_bound_method -t ged_threshold
**** Note that for GED verification, if the returned value is not -1, then it is only an upper bound of (and may be larger than) the exact GED

*** pair astar LSa -1: /home/wms/AF2-test/AF2-CatGraph/results/GAC/07_ged_classification/work/filtered_graphs/GAC_3_final.txt /home/wms/AF2-test/AF2-CatGraph/results/GAC/07_ged_classification/work/filtered_graphs/GAC_14_final.txt ***
*** GEDs ***
0
*** GEDs ***
min_ged: 0, max_ged: 0
total average time: 32, total average_ss: 21
Total time: 39 (microseconds), total search space: 21
 #candidates: 1, #matches: 1
2026-09-01 14:06:30,835 INFO: STDERR for GAC_3_final.txt vs GAC_14_final.txt:
[0% finished]
2026-09-01 14:06:30,836 INFO: Command: /home/wms/AF2-test/AF2-CatGraph-test5/external/Graph_Edit_Distance/ged -d /home/wms/AF2-test/AF2-CatGraph/results/GAC/07_ged_classification/work/filtered_graphs/GAC_3_final.txt -q /home/wms/AF2-test/AF2-CatGraph/results/GAC/07_ged_classification/work/filtered_graphs/GAC_36_final.txt -m pair -p astar -l LSa -g
2026-09-01 14:06:30,836 INFO: STDOUT for GAC_3_final.txt vs GAC_36_final.txt:
**** GED (Release) build at 21:43:51 Aug 29 2026 ***
Usage: ./ged -h -d database_file -q query_file -m running_mode -p search_paradigm -l lower_bound_method -t ged_threshold
**** Note that for GED verification, if the returned value is not -1, then it is only an upper bound of (and may be larger than) the exact GED

*** pair astar LSa -1: /home/wms/AF2-test/AF2-CatGraph/results/GAC/07_ged_classification/work/filtered_graphs/GAC_3_final.txt /home/wms/AF2-test/AF2-CatGraph/results/GAC/07_ged_classification/work/filtered_graphs/GAC_36_final.txt ***
*** GEDs ***
0
*** GEDs ***
min_ged: 0, max_ged: 0
total average time: 35, total average_ss: 21
Total time: 41 (microseconds), total search space: 21
 #candidates: 1, #matches: 1
2026-09-01 14:06:30,836 INFO: STDERR for GAC_3_final.txt vs GAC_36_final.txt:
[0% finished]
2026-09-01 14:06:30,836 INFO: Command: /home/wms/AF2-test/AF2-CatGraph-test5/external/Graph_Edit_Distance/ged -d /home/wms/AF2-test/AF2-CatGraph/results/GAC/07_ged_classification/work/filtered_graphs/GAC_3_final.txt -q /home/wms/AF2-test/AF2-CatGraph/results/GAC/07_ged_classification/work/filtered_graphs/GAC_38_final.txt -m pair -p astar -l LSa -g
2026-09-01 14:06:30,837 INFO: STDOUT for GAC_3_final.txt vs GAC_38_final.txt:
**** GED (Release) build at 21:43:51 Aug 29 2026 ***
Usage: ./ged -h -d database_file -q query_file -m running_mode -p search_paradigm -l lower_bound_method -t ged_threshold
**** Note that for GED verification, if the returned value is not -1, then it is only an upper bound of (and may be larger than) the exact GED

*** pair astar LSa -1: /home/wms/AF2-test/AF2-CatGraph/results/GAC/07_ged_classification/work/filtered_graphs/GAC_3_final.txt /home/wms/AF2-test/AF2-CatGraph/results/GAC/07_ged_classification/work/filtered_graphs/GAC_38_final.txt ***
*** GEDs ***
0
*** GEDs ***
min_ged: 0, max_ged: 0
total average time: 37, total average_ss: 21
Total time: 46 (microseconds), total search space: 21
 #candidates: 1, #matches: 1
2026-09-01 14:06:30,837 INFO: STDERR for GAC_3_final.txt vs GAC_38_final.txt:
[0% finished]
2026-09-01 14:06:30,837 INFO: Command: /home/wms/AF2-test/AF2-CatGraph-test5/external/Graph_Edit_Distance/ged -d /home/wms/AF2-test/AF2-CatGraph/results/GAC/07_ged_classification/work/filtered_graphs/GAC_3_final.txt -q /home/wms/AF2-test/AF2-CatGraph/results/GAC/07_ged_classification/work/filtered_graphs/GAC_60_final.txt -m pair -p astar -l LSa -g
2026-09-01 14:06:30,837 INFO: STDOUT for GAC_3_final.txt vs GAC_60_final.txt:
**** GED (Release) build at 21:43:51 Aug 29 2026 ***
Usage: ./ged -h -d database_file -q query_file -m running_mode -p search_paradigm -l lower_bound_method -t ged_threshold
**** Note that for GED verification, if the returned value is not -1, then it is only an upper bound of (and may be larger than) the exact GED

*** pair astar LSa -1: /home/wms/AF2-test/AF2-CatGraph/results/GAC/07_ged_classification/work/filtered_graphs/GAC_3_final.txt /home/wms/AF2-test/AF2-CatGraph/results/GAC/07_ged_classification/work/filtered_graphs/GAC_60_final.txt ***
*** GEDs ***
2
*** GEDs ***
min_ged: 2, max_ged: 2
total average time: 38, total average_ss: 22
Total time: 45 (microseconds), total search space: 22
 #candidates: 1, #matches: 1
2026-09-01 14:06:30,837 INFO: STDERR for GAC_3_final.txt vs GAC_60_final.txt:
[0% finished]
2026-09-01 14:06:30,837 INFO: Command: /home/wms/AF2-test/AF2-CatGraph-test5/external/Graph_Edit_Distance/ged -d /home/wms/AF2-test/AF2-CatGraph/results/GAC/07_ged_classification/work/filtered_graphs/GAC_3_final.txt -q /home/wms/AF2-test/AF2-CatGraph/results/GAC/07_ged_classification/work/filtered_graphs/GAC_103_final.txt -m pair -p astar -l LSa -g
2026-09-01 14:06:30,837 INFO: STDOUT for GAC_3_final.txt vs GAC_103_final.txt:
**** GED (Release) build at 21:43:51 Aug 29 2026 ***
Usage: ./ged -h -d database_file -q query_file -m running_mode -p search_paradigm -l lower_bound_method -t ged_threshold
**** Note that for GED verification, if the returned value is not -1, then it is only an upper bound of (and may be larger than) the exact GED

*** pair astar LSa -1: /home/wms/AF2-test/AF2-CatGraph/results/GAC/07_ged_classification/work/filtered_graphs/GAC_3_final.txt /home/wms/AF2-test/AF2-CatGraph/results/GAC/07_ged_classification/work/filtered_graphs/GAC_103_final.txt ***
*** GEDs ***
0
*** GEDs ***
min_ged: 0, max_ged: 0
total average time: 34, total average_ss: 21
Total time: 42 (microseconds), total search space: 21
 #candidates: 1, #matches: 1
2026-09-01 14:06:30,837 INFO: STDERR for GAC_3_final.txt vs GAC_103_final.txt:
[0% finished]
2026-09-01 14:06:30,838 INFO: Command: /home/wms/AF2-test/AF2-CatGraph-test5/external/Graph_Edit_Distance/ged -d /home/wms/AF2-test/AF2-CatGraph/results/GAC/07_ged_classification/work/filtered_graphs/GAC_3_final.txt -q /home/wms/AF2-test/AF2-CatGraph/results/GAC/07_ged_classification/work/filtered_graphs/GAC_112_final.txt -m pair -p astar -l LSa -g
2026-09-01 14:06:30,838 INFO: STDOUT for GAC_3_final.txt vs GAC_112_final.txt:
**** GED (Release) build at 21:43:51 Aug 29 2026 ***
Usage: ./ged -h -d database_file -q query_file -m running_mode -p search_paradigm -l lower_bound_method -t ged_threshold
**** Note that for GED verification, if the returned value is not -1, then it is only an upper bound of (and may be larger than) the exact GED

*** pair astar LSa -1: /home/wms/AF2-test/AF2-CatGraph/results/GAC/07_ged_classification/work/filtered_graphs/GAC_3_final.txt /home/wms/AF2-test/AF2-CatGraph/results/GAC/07_ged_classification/work/filtered_graphs/GAC_112_final.txt ***
*** GEDs ***
0
*** GEDs ***
min_ged: 0, max_ged: 0
total average time: 29, total average_ss: 21
Total time: 36 (microseconds), total search space: 21
 #candidates: 1, #matches: 1
2026-09-01 14:06:30,838 INFO: STDERR for GAC_3_final.txt vs GAC_112_final.txt:
[0% finished]
2026-09-01 14:06:30,838 INFO: Command: /home/wms/AF2-test/AF2-CatGraph-test5/external/Graph_Edit_Distance/ged -d /home/wms/AF2-test/AF2-CatGraph/results/GAC/07_ged_classification/work/filtered_graphs/GAC_3_final.txt -q /home/wms/AF2-test/AF2-CatGraph/results/GAC/07_ged_classification/work/filtered_graphs/GAC_105_final.txt -m pair -p astar -l LSa -g
2026-09-01 14:06:30,838 INFO: STDOUT for GAC_3_final.txt vs GAC_105_final.txt:
**** GED (Release) build at 21:43:51 Aug 29 2026 ***
Usage: ./ged -h -d database_file -q query_file -m running_mode -p search_paradigm -l lower_bound_method -t ged_threshold
**** Note that for GED verification, if the returned value is not -1, then it is only an upper bound of (and may be larger than) the exact GED

*** pair astar LSa -1: /home/wms/AF2-test/AF2-CatGraph/results/GAC/07_ged_classification/work/filtered_graphs/GAC_3_final.txt /home/wms/AF2-test/AF2-CatGraph/results/GAC/07_ged_classification/work/filtered_graphs/GAC_105_final.txt ***
*** GEDs ***
2
*** GEDs ***
min_ged: 2, max_ged: 2
total average time: 28, total average_ss: 21
Total time: 33 (microseconds), total search space: 21
 #candidates: 1, #matches: 1
2026-09-01 14:06:30,838 INFO: STDERR for GAC_3_final.txt vs GAC_105_final.txt:
[0% finished]
2026-09-01 14:06:30,839 INFO: Command: /home/wms/AF2-test/AF2-CatGraph-test5/external/Graph_Edit_Distance/ged -d /home/wms/AF2-test/AF2-CatGraph/results/GAC/07_ged_classification/work/filtered_graphs/GAC_3_final.txt -q /home/wms/AF2-test/AF2-CatGraph/results/GAC/07_ged_classification/work/filtered_graphs/GAC_117_final.txt -m pair -p astar -l LSa -g
2026-09-01 14:06:30,839 INFO: STDOUT for GAC_3_final.txt vs GAC_117_final.txt:
**** GED (Release) build at 21:43:51 Aug 29 2026 ***
Usage: ./ged -h -d database_file -q query_file -m running_mode -p search_paradigm -l lower_bound_method -t ged_threshold
**** Note that for GED verification, if the returned value is not -1, then it is only an upper bound of (and may be larger than) the exact GED

*** pair astar LSa -1: /home/wms/AF2-test/AF2-CatGraph/results/GAC/07_ged_classification/work/filtered_graphs/GAC_3_final.txt /home/wms/AF2-test/AF2-CatGraph/results/GAC/07_ged_classification/work/filtered_graphs/GAC_117_final.txt ***
*** GEDs ***
0
*** GEDs ***
min_ged: 0, max_ged: 0
total average time: 27, total average_ss: 21
Total time: 34 (microseconds), total search space: 21
 #candidates: 1, #matches: 1
2026-09-01 14:06:30,839 INFO: STDERR for GAC_3_final.txt vs GAC_117_final.txt:
[0% finished]
2026-09-01 14:06:30,839 INFO: Command: /home/wms/AF2-test/AF2-CatGraph-test5/external/Graph_Edit_Distance/ged -d /home/wms/AF2-test/AF2-CatGraph/results/GAC/07_ged_classification/work/filtered_graphs/GAC_3_final.txt -q /home/wms/AF2-test/AF2-CatGraph/results/GAC/07_ged_classification/work/filtered_graphs/GAC_128_final.txt -m pair -p astar -l LSa -g
2026-09-01 14:06:30,839 INFO: STDOUT for GAC_3_final.txt vs GAC_128_final.txt:
**** GED (Release) build at 21:43:51 Aug 29 2026 ***
Usage: ./ged -h -d database_file -q query_file -m running_mode -p search_paradigm -l lower_bound_method -t ged_threshold
**** Note that for GED verification, if the returned value is not -1, then it is only an upper bound of (and may be larger than) the exact GED

*** pair astar LSa -1: /home/wms/AF2-test/AF2-CatGraph/results/GAC/07_ged_classification/work/filtered_graphs/GAC_3_final.txt /home/wms/AF2-test/AF2-CatGraph/results/GAC/07_ged_classification/work/filtered_graphs/GAC_128_final.txt ***
*** GEDs ***
2
*** GEDs ***
min_ged: 2, max_ged: 2
total average time: 38, total average_ss: 21
Total time: 47 (microseconds), total search space: 21
 #candidates: 1, #matches: 1
2026-09-01 14:06:30,839 INFO: STDERR for GAC_3_final.txt vs GAC_128_final.txt:
[0% finished]
2026-09-01 14:06:30,840 INFO: Command: /home/wms/AF2-test/AF2-CatGraph-test5/external/Graph_Edit_Distance/ged -d /home/wms/AF2-test/AF2-CatGraph/results/GAC/07_ged_classification/work/filtered_graphs/GAC_3_final.txt -q /home/wms/AF2-test/AF2-CatGraph/results/GAC/07_ged_classification/work/filtered_graphs/GAC_129_final.txt -m pair -p astar -l LSa -g
2026-09-01 14:06:30,840 INFO: STDOUT for GAC_3_final.txt vs GAC_129_final.txt:
**** GED (Release) build at 21:43:51 Aug 29 2026 ***
Usage: ./ged -h -d database_file -q query_file -m running_mode -p search_paradigm -l lower_bound_method -t ged_threshold
**** Note that for GED verification, if the returned value is not -1, then it is only an upper bound of (and may be larger than) the exact GED

*** pair astar LSa -1: /home/wms/AF2-test/AF2-CatGraph/results/GAC/07_ged_classification/work/filtered_graphs/GAC_3_final.txt /home/wms/AF2-test/AF2-CatGraph/results/GAC/07_ged_classification/work/filtered_graphs/GAC_129_final.txt ***
*** GEDs ***
2
*** GEDs ***
min_ged: 2, max_ged: 2
total average time: 34, total average_ss: 21
Total time: 41 (microseconds), total search space: 21
 #candidates: 1, #matches: 1
2026-09-01 14:06:30,840 INFO: STDERR for GAC_3_final.txt vs GAC_129_final.txt:
[0% finished]
2026-09-01 14:06:30,840 INFO: Command: /home/wms/AF2-test/AF2-CatGraph-test5/external/Graph_Edit_Distance/ged -d /home/wms/AF2-test/AF2-CatGraph/results/GAC/07_ged_classification/work/filtered_graphs/GAC_3_final.txt -q /home/wms/AF2-test/AF2-CatGraph/results/GAC/07_ged_classification/work/filtered_graphs/GAC_139_final.txt -m pair -p astar -l LSa -g
2026-09-01 14:06:30,840 INFO: STDOUT for GAC_3_final.txt vs GAC_139_final.txt:
**** GED (Release) build at 21:43:51 Aug 29 2026 ***
Usage: ./ged -h -d database_file -q query_file -m running_mode -p search_paradigm -l lower_bound_method -t ged_threshold
**** Note that for GED verification, if the returned value is not -1, then it is only an upper bound of (and may be larger than) the exact GED

*** pair astar LSa -1: /home/wms/AF2-test/AF2-CatGraph/results/GAC/07_ged_classification/work/filtered_graphs/GAC_3_final.txt /home/wms/AF2-test/AF2-CatGraph/results/GAC/07_ged_classification/work/filtered_graphs/GAC_139_final.txt ***
*** GEDs ***
0
*** GEDs ***
min_ged: 0, max_ged: 0
total average time: 40, total average_ss: 21
Total time: 46 (microseconds), total search space: 21
 #candidates: 1, #matches: 1
2026-09-01 14:06:30,840 INFO: STDERR for GAC_3_final.txt vs GAC_139_final.txt:
[0% finished]
2026-09-01 14:06:30,841 INFO: Command: /home/wms/AF2-test/AF2-CatGraph-test5/external/Graph_Edit_Distance/ged -d /home/wms/AF2-test/AF2-CatGraph/results/GAC/07_ged_classification/work/filtered_graphs/GAC_3_final.txt -q /home/wms/AF2-test/AF2-CatGraph/results/GAC/07_ged_classification/work/filtered_graphs/GAC_171_final.txt -m pair -p astar -l LSa -g
2026-09-01 14:06:30,841 INFO: STDOUT for GAC_3_final.txt vs GAC_171_final.txt:
**** GED (Release) build at 21:43:51 Aug 29 2026 ***
Usage: ./ged -h -d database_file -q query_file -m running_mode -p search_paradigm -l lower_bound_method -t ged_threshold
**** Note that for GED verification, if the returned value is not -1, then it is only an upper bound of (and may be larger than) the exact GED

*** pair astar LSa -1: /home/wms/AF2-test/AF2-CatGraph/results/GAC/07_ged_classification/work/filtered_graphs/GAC_3_final.txt /home/wms/AF2-test/AF2-CatGraph/results/GAC/07_ged_classification/work/filtered_graphs/GAC_171_final.txt ***
*** GEDs ***
2
*** GEDs ***
min_ged: 2, max_ged: 2
total average time: 38, total average_ss: 21
Total time: 45 (microseconds), total search space: 21
 #candidates: 1, #matches: 1
2026-09-01 14:06:30,841 INFO: STDERR for GAC_3_final.txt vs GAC_171_final.txt:
[0% finished]
2026-09-01 14:06:30,841 INFO: Command: /home/wms/AF2-test/AF2-CatGraph-test5/external/Graph_Edit_Distance/ged -d /home/wms/AF2-test/AF2-CatGraph/results/GAC/07_ged_classification/work/filtered_graphs/GAC_3_final.txt -q /home/wms/AF2-test/AF2-CatGraph/results/GAC/07_ged_classification/work/filtered_graphs/GAC_179_final.txt -m pair -p astar -l LSa -g
2026-09-01 14:06:30,841 INFO: STDOUT for GAC_3_final.txt vs GAC_179_final.txt:
**** GED (Release) build at 21:43:51 Aug 29 2026 ***
Usage: ./ged -h -d database_file -q query_file -m running_mode -p search_paradigm -l lower_bound_method -t ged_threshold
**** Note that for GED verification, if the returned value is not -1, then it is only an upper bound of (and may be larger than) the exact GED

*** pair astar LSa -1: /home/wms/AF2-test/AF2-CatGraph/results/GAC/07_ged_classification/work/filtered_graphs/GAC_3_final.txt /home/wms/AF2-test/AF2-CatGraph/results/GAC/07_ged_classification/work/filtered_graphs/GAC_179_final.txt ***
*** GEDs ***
2
*** GEDs ***
min_ged: 2, max_ged: 2
total average time: 35, total average_ss: 21
Total time: 42 (microseconds), total search space: 21
 #candidates: 1, #matches: 1
2026-09-01 14:06:30,841 INFO: STDERR for GAC_3_final.txt vs GAC_179_final.txt:
[0% finished]
2026-09-01 14:06:30,842 INFO: Command: /home/wms/AF2-test/AF2-CatGraph-test5/external/Graph_Edit_Distance/ged -d /home/wms/AF2-test/AF2-CatGraph/results/GAC/07_ged_classification/work/filtered_graphs/GAC_3_final.txt -q /home/wms/AF2-test/AF2-CatGraph/results/GAC/07_ged_classification/work/filtered_graphs/GAC_205_final.txt -m pair -p astar -l LSa -g
2026-09-01 14:06:30,842 INFO: STDOUT for GAC_3_final.txt vs GAC_205_final.txt:
**** GED (Release) build at 21:43:51 Aug 29 2026 ***
Usage: ./ged -h -d database_file -q query_file -m running_mode -p search_paradigm -l lower_bound_method -t ged_threshold
**** Note that for GED verification, if the returned value is not -1, then it is only an upper bound of (and may be larger than) the exact GED

*** pair astar LSa -1: /home/wms/AF2-test/AF2-CatGraph/results/GAC/07_ged_classification/work/filtered_graphs/GAC_3_final.txt /home/wms/AF2-test/AF2-CatGraph/results/GAC/07_ged_classification/work/filtered_graphs/GAC_205_final.txt ***
*** GEDs ***
2
*** GEDs ***
min_ged: 2, max_ged: 2
total average time: 34, total average_ss: 22
Total time: 40 (microseconds), total search space: 22
 #candidates: 1, #matches: 1
2026-09-01 14:06:30,842 INFO: STDERR for GAC_3_final.txt vs GAC_205_final.txt:
[0% finished]
2026-09-01 14:06:30,842 INFO: Command: /home/wms/AF2-test/AF2-CatGraph-test5/external/Graph_Edit_Distance/ged -d /home/wms/AF2-test/AF2-CatGraph/results/GAC/07_ged_classification/work/filtered_graphs/GAC_3_final.txt -q /home/wms/AF2-test/AF2-CatGraph/results/GAC/07_ged_classification/work/filtered_graphs/GAC_181_final.txt -m pair -p astar -l LSa -g
2026-09-01 14:06:30,842 INFO: STDOUT for GAC_3_final.txt vs GAC_181_final.txt:
**** GED (Release) build at 21:43:51 Aug 29 2026 ***
Usage: ./ged -h -d database_file -q query_file -m running_mode -p search_paradigm -l lower_bound_method -t ged_threshold
**** Note that for GED verification, if the returned value is not -1, then it is only an upper bound of (and may be larger than) the exact GED

*** pair astar LSa -1: /home/wms/AF2-test/AF2-CatGraph/results/GAC/07_ged_classification/work/filtered_graphs/GAC_3_final.txt /home/wms/AF2-test/AF2-CatGraph/results/GAC/07_ged_classification/work/filtered_graphs/GAC_181_final.txt ***
*** GEDs ***
4
*** GEDs ***
min_ged: 4, max_ged: 4
total average time: 40, total average_ss: 29
Total time: 47 (microseconds), total search space: 29
 #candidates: 1, #matches: 1
2026-09-01 14:06:30,842 INFO: STDERR for GAC_3_final.txt vs GAC_181_final.txt:
[0% finished]
2026-09-01 14:06:30,843 INFO: Command: /home/wms/AF2-test/AF2-CatGraph-test5/external/Graph_Edit_Distance/ged -d /home/wms/AF2-test/AF2-CatGraph/results/GAC/07_ged_classification/work/filtered_graphs/GAC_3_final.txt -q /home/wms/AF2-test/AF2-CatGraph/results/GAC/07_ged_classification/work/filtered_graphs/GAC_237_final.txt -m pair -p astar -l LSa -g
2026-09-01 14:06:30,843 INFO: STDOUT for GAC_3_final.txt vs GAC_237_final.txt:
**** GED (Release) build at 21:43:51 Aug 29 2026 ***
Usage: ./ged -h -d database_file -q query_file -m running_mode -p search_paradigm -l lower_bound_method -t ged_threshold
**** Note that for GED verification, if the returned value is not -1, then it is only an upper bound of (and may be larger than) the exact GED

*** pair astar LSa -1: /home/wms/AF2-test/AF2-CatGraph/results/GAC/07_ged_classification/work/filtered_graphs/GAC_3_final.txt /home/wms/AF2-test/AF2-CatGraph/results/GAC/07_ged_classification/work/filtered_graphs/GAC_237_final.txt ***
*** GEDs ***
0
*** GEDs ***
min_ged: 0, max_ged: 0
total average time: 34, total average_ss: 21
Total time: 42 (microseconds), total search space: 21
 #candidates: 1, #matches: 1
2026-09-01 14:06:30,843 INFO: STDERR for GAC_3_final.txt vs GAC_237_final.txt:
[0% finished]
2026-09-01 14:06:30,843 INFO: Command: /home/wms/AF2-test/AF2-CatGraph-test5/external/Graph_Edit_Distance/ged -d /home/wms/AF2-test/AF2-CatGraph/results/GAC/07_ged_classification/work/filtered_graphs/GAC_3_final.txt -q /home/wms/AF2-test/AF2-CatGraph/results/GAC/07_ged_classification/work/filtered_graphs/GAC_253_final.txt -m pair -p astar -l LSa -g
2026-09-01 14:06:30,843 INFO: STDOUT for GAC_3_final.txt vs GAC_253_final.txt:
**** GED (Release) build at 21:43:51 Aug 29 2026 ***
Usage: ./ged -h -d database_file -q query_file -m running_mode -p search_paradigm -l lower_bound_method -t ged_threshold
**** Note that for GED verification, if the returned value is not -1, then it is only an upper bound of (and may be larger than) the exact GED

*** pair astar LSa -1: /home/wms/AF2-test/AF2-CatGraph/results/GAC/07_ged_classification/work/filtered_graphs/GAC_3_final.txt /home/wms/AF2-test/AF2-CatGraph/results/GAC/07_ged_classification/work/filtered_graphs/GAC_253_final.txt ***
*** GEDs ***
2
*** GEDs ***
min_ged: 2, max_ged: 2
total average time: 37, total average_ss: 22
Total time: 46 (microseconds), total search space: 22
 #candidates: 1, #matches: 1
2026-09-01 14:06:30,843 INFO: STDERR for GAC_3_final.txt vs GAC_253_final.txt:
[0% finished]
2026-09-01 14:06:30,844 INFO: Command: /home/wms/AF2-test/AF2-CatGraph-test5/external/Graph_Edit_Distance/ged -d /home/wms/AF2-test/AF2-CatGraph/results/GAC/07_ged_classification/work/filtered_graphs/GAC_3_final.txt -q /home/wms/AF2-test/AF2-CatGraph/results/GAC/07_ged_classification/work/filtered_graphs/GAC_254_final.txt -m pair -p astar -l LSa -g
2026-09-01 14:06:30,844 INFO: STDOUT for GAC_3_final.txt vs GAC_254_final.txt:
**** GED (Release) build at 21:43:51 Aug 29 2026 ***
Usage: ./ged -h -d database_file -q query_file -m running_mode -p search_paradigm -l lower_bound_method -t ged_threshold
**** Note that for GED verification, if the returned value is not -1, then it is only an upper bound of (and may be larger than) the exact GED

*** pair astar LSa -1: /home/wms/AF2-test/AF2-CatGraph/results/GAC/07_ged_classification/work/filtered_graphs/GAC_3_final.txt /home/wms/AF2-test/AF2-CatGraph/results/GAC/07_ged_classification/work/filtered_graphs/GAC_254_final.txt ***
*** GEDs ***
2
*** GEDs ***
min_ged: 2, max_ged: 2
total average time: 32, total average_ss: 21
Total time: 39 (microseconds), total search space: 21
 #candidates: 1, #matches: 1
2026-09-01 14:06:30,844 INFO: STDERR for GAC_3_final.txt vs GAC_254_final.txt:
[0% finished]
2026-09-01 14:06:30,855 INFO: class_2 has 11 graphs
2026-09-01 14:06:30,856 INFO: Starting classification for GAC_4_final.txt
2026-09-01 14:06:30,856 INFO: Command: /home/wms/AF2-test/AF2-CatGraph-test5/external/Graph_Edit_Distance/ged -d /home/wms/AF2-test/AF2-CatGraph/results/GAC/07_ged_classification/work/filtered_graphs/GAC_4_final.txt -q /home/wms/AF2-test/AF2-CatGraph/results/GAC/07_ged_classification/work/filtered_graphs/GAC_60_final.txt -m pair -p astar -l LSa -g
2026-09-01 14:06:30,857 INFO: STDOUT for GAC_4_final.txt vs GAC_60_final.txt:
**** GED (Release) build at 21:43:51 Aug 29 2026 ***
Usage: ./ged -h -d database_file -q query_file -m running_mode -p search_paradigm -l lower_bound_method -t ged_threshold
**** Note that for GED verification, if the returned value is not -1, then it is only an upper bound of (and may be larger than) the exact GED

*** pair astar LSa -1: /home/wms/AF2-test/AF2-CatGraph/results/GAC/07_ged_classification/work/filtered_graphs/GAC_4_final.txt /home/wms/AF2-test/AF2-CatGraph/results/GAC/07_ged_classification/work/filtered_graphs/GAC_60_final.txt ***
*** GEDs ***
0
*** GEDs ***
min_ged: 0, max_ged: 0
total average time: 32, total average_ss: 21
Total time: 38 (microseconds), total search space: 21
 #candidates: 1, #matches: 1
2026-09-01 14:06:30,857 INFO: STDERR for GAC_4_final.txt vs GAC_60_final.txt:
[0% finished]
2026-09-01 14:06:30,857 INFO: Command: /home/wms/AF2-test/AF2-CatGraph-test5/external/Graph_Edit_Distance/ged -d /home/wms/AF2-test/AF2-CatGraph/results/GAC/07_ged_classification/work/filtered_graphs/GAC_4_final.txt -q /home/wms/AF2-test/AF2-CatGraph/results/GAC/07_ged_classification/work/filtered_graphs/GAC_105_final.txt -m pair -p astar -l LSa -g
2026-09-01 14:06:30,857 INFO: STDOUT for GAC_4_final.txt vs GAC_105_final.txt:
**** GED (Release) build at 21:43:51 Aug 29 2026 ***
Usage: ./ged -h -d database_file -q query_file -m running_mode -p search_paradigm -l lower_bound_method -t ged_threshold
**** Note that for GED verification, if the returned value is not -1, then it is only an upper bound of (and may be larger than) the exact GED

*** pair astar LSa -1: /home/wms/AF2-test/AF2-CatGraph/results/GAC/07_ged_classification/work/filtered_graphs/GAC_4_final.txt /home/wms/AF2-test/AF2-CatGraph/results/GAC/07_ged_classification/work/filtered_graphs/GAC_105_final.txt ***
*** GEDs ***
2
*** GEDs ***
min_ged: 2, max_ged: 2
total average time: 38, total average_ss: 21
Total time: 45 (microseconds), total search space: 21
 #candidates: 1, #matches: 1
2026-09-01 14:06:30,857 INFO: STDERR for GAC_4_final.txt vs GAC_105_final.txt:
[0% finished]
2026-09-01 14:06:30,857 INFO: Command: /home/wms/AF2-test/AF2-CatGraph-test5/external/Graph_Edit_Distance/ged -d /home/wms/AF2-test/AF2-CatGraph/results/GAC/07_ged_classification/work/filtered_graphs/GAC_4_final.txt -q /home/wms/AF2-test/AF2-CatGraph/results/GAC/07_ged_classification/work/filtered_graphs/GAC_128_final.txt -m pair -p astar -l LSa -g
2026-09-01 14:06:30,857 INFO: STDOUT for GAC_4_final.txt vs GAC_128_final.txt:
**** GED (Release) build at 21:43:51 Aug 29 2026 ***
Usage: ./ged -h -d database_file -q query_file -m running_mode -p search_paradigm -l lower_bound_method -t ged_threshold
**** Note that for GED verification, if the returned value is not -1, then it is only an upper bound of (and may be larger than) the exact GED

*** pair astar LSa -1: /home/wms/AF2-test/AF2-CatGraph/results/GAC/07_ged_classification/work/filtered_graphs/GAC_4_final.txt /home/wms/AF2-test/AF2-CatGraph/results/GAC/07_ged_classification/work/filtered_graphs/GAC_128_final.txt ***
*** GEDs ***
2
*** GEDs ***
min_ged: 2, max_ged: 2
total average time: 32, total average_ss: 21
Total time: 37 (microseconds), total search space: 21
 #candidates: 1, #matches: 1
2026-09-01 14:06:30,857 INFO: STDERR for GAC_4_final.txt vs GAC_128_final.txt:
[0% finished]
2026-09-01 14:06:30,858 INFO: Command: /home/wms/AF2-test/AF2-CatGraph-test5/external/Graph_Edit_Distance/ged -d /home/wms/AF2-test/AF2-CatGraph/results/GAC/07_ged_classification/work/filtered_graphs/GAC_4_final.txt -q /home/wms/AF2-test/AF2-CatGraph/results/GAC/07_ged_classification/work/filtered_graphs/GAC_129_final.txt -m pair -p astar -l LSa -g
2026-09-01 14:06:30,858 INFO: STDOUT for GAC_4_final.txt vs GAC_129_final.txt:
**** GED (Release) build at 21:43:51 Aug 29 2026 ***
Usage: ./ged -h -d database_file -q query_file -m running_mode -p search_paradigm -l lower_bound_method -t ged_threshold
**** Note that for GED verification, if the returned value is not -1, then it is only an upper bound of (and may be larger than) the exact GED

*** pair astar LSa -1: /home/wms/AF2-test/AF2-CatGraph/results/GAC/07_ged_classification/work/filtered_graphs/GAC_4_final.txt /home/wms/AF2-test/AF2-CatGraph/results/GAC/07_ged_classification/work/filtered_graphs/GAC_129_final.txt ***
*** GEDs ***
2
*** GEDs ***
min_ged: 2, max_ged: 2
total average time: 37, total average_ss: 21
Total time: 43 (microseconds), total search space: 21
 #candidates: 1, #matches: 1
2026-09-01 14:06:30,858 INFO: STDERR for GAC_4_final.txt vs GAC_129_final.txt:
[0% finished]
2026-09-01 14:06:30,858 INFO: Command: /home/wms/AF2-test/AF2-CatGraph-test5/external/Graph_Edit_Distance/ged -d /home/wms/AF2-test/AF2-CatGraph/results/GAC/07_ged_classification/work/filtered_graphs/GAC_4_final.txt -q /home/wms/AF2-test/AF2-CatGraph/results/GAC/07_ged_classification/work/filtered_graphs/GAC_171_final.txt -m pair -p astar -l LSa -g
2026-09-01 14:06:30,858 INFO: STDOUT for GAC_4_final.txt vs GAC_171_final.txt:
**** GED (Release) build at 21:43:51 Aug 29 2026 ***
Usage: ./ged -h -d database_file -q query_file -m running_mode -p search_paradigm -l lower_bound_method -t ged_threshold
**** Note that for GED verification, if the returned value is not -1, then it is only an upper bound of (and may be larger than) the exact GED

*** pair astar LSa -1: /home/wms/AF2-test/AF2-CatGraph/results/GAC/07_ged_classification/work/filtered_graphs/GAC_4_final.txt /home/wms/AF2-test/AF2-CatGraph/results/GAC/07_ged_classification/work/filtered_graphs/GAC_171_final.txt ***
*** GEDs ***
2
*** GEDs ***
min_ged: 2, max_ged: 2
total average time: 36, total average_ss: 21
Total time: 43 (microseconds), total search space: 21
 #candidates: 1, #matches: 1
2026-09-01 14:06:30,858 INFO: STDERR for GAC_4_final.txt vs GAC_171_final.txt:
[0% finished]
2026-09-01 14:06:30,859 INFO: Command: /home/wms/AF2-test/AF2-CatGraph-test5/external/Graph_Edit_Distance/ged -d /home/wms/AF2-test/AF2-CatGraph/results/GAC/07_ged_classification/work/filtered_graphs/GAC_4_final.txt -q /home/wms/AF2-test/AF2-CatGraph/results/GAC/07_ged_classification/work/filtered_graphs/GAC_179_final.txt -m pair -p astar -l LSa -g
2026-09-01 14:06:30,859 INFO: STDOUT for GAC_4_final.txt vs GAC_179_final.txt:
**** GED (Release) build at 21:43:51 Aug 29 2026 ***
Usage: ./ged -h -d database_file -q query_file -m running_mode -p search_paradigm -l lower_bound_method -t ged_threshold
**** Note that for GED verification, if the returned value is not -1, then it is only an upper bound of (and may be larger than) the exact GED

*** pair astar LSa -1: /home/wms/AF2-test/AF2-CatGraph/results/GAC/07_ged_classification/work/filtered_graphs/GAC_4_final.txt /home/wms/AF2-test/AF2-CatGraph/results/GAC/07_ged_classification/work/filtered_graphs/GAC_179_final.txt ***
*** GEDs ***
2
*** GEDs ***
min_ged: 2, max_ged: 2
total average time: 36, total average_ss: 21
Total time: 42 (microseconds), total search space: 21
 #candidates: 1, #matches: 1
2026-09-01 14:06:30,859 INFO: STDERR for GAC_4_final.txt vs GAC_179_final.txt:
[0% finished]
2026-09-01 14:06:30,859 INFO: Command: /home/wms/AF2-test/AF2-CatGraph-test5/external/Graph_Edit_Distance/ged -d /home/wms/AF2-test/AF2-CatGraph/results/GAC/07_ged_classification/work/filtered_graphs/GAC_4_final.txt -q /home/wms/AF2-test/AF2-CatGraph/results/GAC/07_ged_classification/work/filtered_graphs/GAC_181_final.txt -m pair -p astar -l LSa -g
2026-09-01 14:06:30,859 INFO: STDOUT for GAC_4_final.txt vs GAC_181_final.txt:
**** GED (Release) build at 21:43:51 Aug 29 2026 ***
Usage: ./ged -h -d database_file -q query_file -m running_mode -p search_paradigm -l lower_bound_method -t ged_threshold
**** Note that for GED verification, if the returned value is not -1, then it is only an upper bound of (and may be larger than) the exact GED

*** pair astar LSa -1: /home/wms/AF2-test/AF2-CatGraph/results/GAC/07_ged_classification/work/filtered_graphs/GAC_4_final.txt /home/wms/AF2-test/AF2-CatGraph/results/GAC/07_ged_classification/work/filtered_graphs/GAC_181_final.txt ***
*** GEDs ***
2
*** GEDs ***
min_ged: 2, max_ged: 2
total average time: 38, total average_ss: 21
Total time: 46 (microseconds), total search space: 21
 #candidates: 1, #matches: 1
2026-09-01 14:06:30,859 INFO: STDERR for GAC_4_final.txt vs GAC_181_final.txt:
[0% finished]
2026-09-01 14:06:30,859 INFO: Command: /home/wms/AF2-test/AF2-CatGraph-test5/external/Graph_Edit_Distance/ged -d /home/wms/AF2-test/AF2-CatGraph/results/GAC/07_ged_classification/work/filtered_graphs/GAC_4_final.txt -q /home/wms/AF2-test/AF2-CatGraph/results/GAC/07_ged_classification/work/filtered_graphs/GAC_205_final.txt -m pair -p astar -l LSa -g
2026-09-01 14:06:30,859 INFO: STDOUT for GAC_4_final.txt vs GAC_205_final.txt:
**** GED (Release) build at 21:43:51 Aug 29 2026 ***
Usage: ./ged -h -d database_file -q query_file -m running_mode -p search_paradigm -l lower_bound_method -t ged_threshold
**** Note that for GED verification, if the returned value is not -1, then it is only an upper bound of (and may be larger than) the exact GED

*** pair astar LSa -1: /home/wms/AF2-test/AF2-CatGraph/results/GAC/07_ged_classification/work/filtered_graphs/GAC_4_final.txt /home/wms/AF2-test/AF2-CatGraph/results/GAC/07_ged_classification/work/filtered_graphs/GAC_205_final.txt ***
*** GEDs ***
0
*** GEDs ***
min_ged: 0, max_ged: 0
total average time: 37, total average_ss: 21
Total time: 43 (microseconds), total search space: 21
 #candidates: 1, #matches: 1
2026-09-01 14:06:30,859 INFO: STDERR for GAC_4_final.txt vs GAC_205_final.txt:
[0% finished]
2026-09-01 14:06:30,861 INFO: Command: /home/wms/AF2-test/AF2-CatGraph-test5/external/Graph_Edit_Distance/ged -d /home/wms/AF2-test/AF2-CatGraph/results/GAC/07_ged_classification/work/filtered_graphs/GAC_4_final.txt -q /home/wms/AF2-test/AF2-CatGraph/results/GAC/07_ged_classification/work/filtered_graphs/GAC_254_final.txt -m pair -p astar -l LSa -g
2026-09-01 14:06:30,861 INFO: STDOUT for GAC_4_final.txt vs GAC_254_final.txt:
**** GED (Release) build at 21:43:51 Aug 29 2026 ***
Usage: ./ged -h -d database_file -q query_file -m running_mode -p search_paradigm -l lower_bound_method -t ged_threshold
**** Note that for GED verification, if the returned value is not -1, then it is only an upper bound of (and may be larger than) the exact GED

*** pair astar LSa -1: /home/wms/AF2-test/AF2-CatGraph/results/GAC/07_ged_classification/work/filtered_graphs/GAC_4_final.txt /home/wms/AF2-test/AF2-CatGraph/results/GAC/07_ged_classification/work/filtered_graphs/GAC_254_final.txt ***
*** GEDs ***
2
*** GEDs ***
min_ged: 2, max_ged: 2
total average time: 33, total average_ss: 21
Total time: 39 (microseconds), total search space: 21
 #candidates: 1, #matches: 1
2026-09-01 14:06:30,861 INFO: STDERR for GAC_4_final.txt vs GAC_254_final.txt:
[0% finished]
2026-09-01 14:06:30,861 INFO: Command: /home/wms/AF2-test/AF2-CatGraph-test5/external/Graph_Edit_Distance/ged -d /home/wms/AF2-test/AF2-CatGraph/results/GAC/07_ged_classification/work/filtered_graphs/GAC_4_final.txt -q /home/wms/AF2-test/AF2-CatGraph/results/GAC/07_ged_classification/work/filtered_graphs/GAC_253_final.txt -m pair -p astar -l LSa -g
2026-09-01 14:06:30,861 INFO: STDOUT for GAC_4_final.txt vs GAC_253_final.txt:
**** GED (Release) build at 21:43:51 Aug 29 2026 ***
Usage: ./ged -h -d database_file -q query_file -m running_mode -p search_paradigm -l lower_bound_method -t ged_threshold
**** Note that for GED verification, if the returned value is not -1, then it is only an upper bound of (and may be larger than) the exact GED

*** pair astar LSa -1: /home/wms/AF2-test/AF2-CatGraph/results/GAC/07_ged_classification/work/filtered_graphs/GAC_4_final.txt /home/wms/AF2-test/AF2-CatGraph/results/GAC/07_ged_classification/work/filtered_graphs/GAC_253_final.txt ***
*** GEDs ***
0
*** GEDs ***
min_ged: 0, max_ged: 0
total average time: 35, total average_ss: 21
Total time: 41 (microseconds), total search space: 21
 #candidates: 1, #matches: 1
2026-09-01 14:06:30,861 INFO: STDERR for GAC_4_final.txt vs GAC_253_final.txt:
[0% finished]
2026-09-01 14:06:30,871 INFO: class_3 has 4 graphs
2026-09-01 14:06:30,872 INFO: Starting classification for GAC_105_final.txt
2026-09-01 14:06:30,873 INFO: Command: /home/wms/AF2-test/AF2-CatGraph-test5/external/Graph_Edit_Distance/ged -d /home/wms/AF2-test/AF2-CatGraph/results/GAC/07_ged_classification/work/filtered_graphs/GAC_105_final.txt -q /home/wms/AF2-test/AF2-CatGraph/results/GAC/07_ged_classification/work/filtered_graphs/GAC_128_final.txt -m pair -p astar -l LSa -g
2026-09-01 14:06:30,873 INFO: STDOUT for GAC_105_final.txt vs GAC_128_final.txt:
**** GED (Release) build at 21:43:51 Aug 29 2026 ***
Usage: ./ged -h -d database_file -q query_file -m running_mode -p search_paradigm -l lower_bound_method -t ged_threshold
**** Note that for GED verification, if the returned value is not -1, then it is only an upper bound of (and may be larger than) the exact GED

*** pair astar LSa -1: /home/wms/AF2-test/AF2-CatGraph/results/GAC/07_ged_classification/work/filtered_graphs/GAC_105_final.txt /home/wms/AF2-test/AF2-CatGraph/results/GAC/07_ged_classification/work/filtered_graphs/GAC_128_final.txt ***
*** GEDs ***
0
*** GEDs ***
min_ged: 0, max_ged: 0
total average time: 38, total average_ss: 21
Total time: 47 (microseconds), total search space: 21
 #candidates: 1, #matches: 1
2026-09-01 14:06:30,873 INFO: STDERR for GAC_105_final.txt vs GAC_128_final.txt:
[0% finished]
2026-09-01 14:06:30,873 INFO: Command: /home/wms/AF2-test/AF2-CatGraph-test5/external/Graph_Edit_Distance/ged -d /home/wms/AF2-test/AF2-CatGraph/results/GAC/07_ged_classification/work/filtered_graphs/GAC_105_final.txt -q /home/wms/AF2-test/AF2-CatGraph/results/GAC/07_ged_classification/work/filtered_graphs/GAC_129_final.txt -m pair -p astar -l LSa -g
2026-09-01 14:06:30,873 INFO: STDOUT for GAC_105_final.txt vs GAC_129_final.txt:
**** GED (Release) build at 21:43:51 Aug 29 2026 ***
Usage: ./ged -h -d database_file -q query_file -m running_mode -p search_paradigm -l lower_bound_method -t ged_threshold
**** Note that for GED verification, if the returned value is not -1, then it is only an upper bound of (and may be larger than) the exact GED

*** pair astar LSa -1: /home/wms/AF2-test/AF2-CatGraph/results/GAC/07_ged_classification/work/filtered_graphs/GAC_105_final.txt /home/wms/AF2-test/AF2-CatGraph/results/GAC/07_ged_classification/work/filtered_graphs/GAC_129_final.txt ***
*** GEDs ***
0
*** GEDs ***
min_ged: 0, max_ged: 0
total average time: 34, total average_ss: 21
Total time: 43 (microseconds), total search space: 21
 #candidates: 1, #matches: 1
2026-09-01 14:06:30,873 INFO: STDERR for GAC_105_final.txt vs GAC_129_final.txt:
[0% finished]
2026-09-01 14:06:30,874 INFO: Command: /home/wms/AF2-test/AF2-CatGraph-test5/external/Graph_Edit_Distance/ged -d /home/wms/AF2-test/AF2-CatGraph/results/GAC/07_ged_classification/work/filtered_graphs/GAC_105_final.txt -q /home/wms/AF2-test/AF2-CatGraph/results/GAC/07_ged_classification/work/filtered_graphs/GAC_171_final.txt -m pair -p astar -l LSa -g
2026-09-01 14:06:30,874 INFO: STDOUT for GAC_105_final.txt vs GAC_171_final.txt:
**** GED (Release) build at 21:43:51 Aug 29 2026 ***
Usage: ./ged -h -d database_file -q query_file -m running_mode -p search_paradigm -l lower_bound_method -t ged_threshold
**** Note that for GED verification, if the returned value is not -1, then it is only an upper bound of (and may be larger than) the exact GED

*** pair astar LSa -1: /home/wms/AF2-test/AF2-CatGraph/results/GAC/07_ged_classification/work/filtered_graphs/GAC_105_final.txt /home/wms/AF2-test/AF2-CatGraph/results/GAC/07_ged_classification/work/filtered_graphs/GAC_171_final.txt ***
*** GEDs ***
0
*** GEDs ***
min_ged: 0, max_ged: 0
total average time: 31, total average_ss: 21
Total time: 37 (microseconds), total search space: 21
 #candidates: 1, #matches: 1
2026-09-01 14:06:30,874 INFO: STDERR for GAC_105_final.txt vs GAC_171_final.txt:
[0% finished]
2026-09-01 14:06:30,874 INFO: Command: /home/wms/AF2-test/AF2-CatGraph-test5/external/Graph_Edit_Distance/ged -d /home/wms/AF2-test/AF2-CatGraph/results/GAC/07_ged_classification/work/filtered_graphs/GAC_105_final.txt -q /home/wms/AF2-test/AF2-CatGraph/results/GAC/07_ged_classification/work/filtered_graphs/GAC_179_final.txt -m pair -p astar -l LSa -g
2026-09-01 14:06:30,874 INFO: STDOUT for GAC_105_final.txt vs GAC_179_final.txt:
**** GED (Release) build at 21:43:51 Aug 29 2026 ***
Usage: ./ged -h -d database_file -q query_file -m running_mode -p search_paradigm -l lower_bound_method -t ged_threshold
**** Note that for GED verification, if the returned value is not -1, then it is only an upper bound of (and may be larger than) the exact GED

*** pair astar LSa -1: /home/wms/AF2-test/AF2-CatGraph/results/GAC/07_ged_classification/work/filtered_graphs/GAC_105_final.txt /home/wms/AF2-test/AF2-CatGraph/results/GAC/07_ged_classification/work/filtered_graphs/GAC_179_final.txt ***
*** GEDs ***
0
*** GEDs ***
min_ged: 0, max_ged: 0
total average time: 37, total average_ss: 21
Total time: 45 (microseconds), total search space: 21
 #candidates: 1, #matches: 1
2026-09-01 14:06:30,874 INFO: STDERR for GAC_105_final.txt vs GAC_179_final.txt:
[0% finished]
2026-09-01 14:06:30,875 INFO: Command: /home/wms/AF2-test/AF2-CatGraph-test5/external/Graph_Edit_Distance/ged -d /home/wms/AF2-test/AF2-CatGraph/results/GAC/07_ged_classification/work/filtered_graphs/GAC_105_final.txt -q /home/wms/AF2-test/AF2-CatGraph/results/GAC/07_ged_classification/work/filtered_graphs/GAC_181_final.txt -m pair -p astar -l LSa -g
2026-09-01 14:06:30,875 INFO: STDOUT for GAC_105_final.txt vs GAC_181_final.txt:
**** GED (Release) build at 21:43:51 Aug 29 2026 ***
Usage: ./ged -h -d database_file -q query_file -m running_mode -p search_paradigm -l lower_bound_method -t ged_threshold
**** Note that for GED verification, if the returned value is not -1, then it is only an upper bound of (and may be larger than) the exact GED

*** pair astar LSa -1: /home/wms/AF2-test/AF2-CatGraph/results/GAC/07_ged_classification/work/filtered_graphs/GAC_105_final.txt /home/wms/AF2-test/AF2-CatGraph/results/GAC/07_ged_classification/work/filtered_graphs/GAC_181_final.txt ***
*** GEDs ***
4
*** GEDs ***
min_ged: 4, max_ged: 4
total average time: 41, total average_ss: 29
Total time: 49 (microseconds), total search space: 29
 #candidates: 1, #matches: 1
2026-09-01 14:06:30,875 INFO: STDERR for GAC_105_final.txt vs GAC_181_final.txt:
[0% finished]
2026-09-01 14:06:30,875 INFO: Command: /home/wms/AF2-test/AF2-CatGraph-test5/external/Graph_Edit_Distance/ged -d /home/wms/AF2-test/AF2-CatGraph/results/GAC/07_ged_classification/work/filtered_graphs/GAC_105_final.txt -q /home/wms/AF2-test/AF2-CatGraph/results/GAC/07_ged_classification/work/filtered_graphs/GAC_254_final.txt -m pair -p astar -l LSa -g
2026-09-01 14:06:30,875 INFO: STDOUT for GAC_105_final.txt vs GAC_254_final.txt:
**** GED (Release) build at 21:43:51 Aug 29 2026 ***
Usage: ./ged -h -d database_file -q query_file -m running_mode -p search_paradigm -l lower_bound_method -t ged_threshold
**** Note that for GED verification, if the returned value is not -1, then it is only an upper bound of (and may be larger than) the exact GED

*** pair astar LSa -1: /home/wms/AF2-test/AF2-CatGraph/results/GAC/07_ged_classification/work/filtered_graphs/GAC_105_final.txt /home/wms/AF2-test/AF2-CatGraph/results/GAC/07_ged_classification/work/filtered_graphs/GAC_254_final.txt ***
*** GEDs ***
0
*** GEDs ***
min_ged: 0, max_ged: 0
total average time: 37, total average_ss: 21
Total time: 44 (microseconds), total search space: 21
 #candidates: 1, #matches: 1
2026-09-01 14:06:30,875 INFO: STDERR for GAC_105_final.txt vs GAC_254_final.txt:
[0% finished]
2026-09-01 14:06:30,885 INFO: class_4 has 6 graphs
2026-09-01 14:06:30,886 INFO: Starting classification for GAC_181_final.txt
2026-09-01 14:06:30,897 INFO: class_5 has 1 graphs
2026-09-01 14:06:30,898 INFO: Starting classification for GAC_2_final.txt
2026-09-01 14:06:30,898 INFO: Command: /home/wms/AF2-test/AF2-CatGraph-test5/external/Graph_Edit_Distance/ged -d /home/wms/AF2-test/AF2-CatGraph/results/GAC/07_ged_classification/work/filtered_graphs/GAC_2_final.txt -q /home/wms/AF2-test/AF2-CatGraph/results/GAC/07_ged_classification/work/filtered_graphs/GAC_5_final.txt -m pair -p astar -l LSa -g
2026-09-01 14:06:30,898 INFO: STDOUT for GAC_2_final.txt vs GAC_5_final.txt:
**** GED (Release) build at 21:43:51 Aug 29 2026 ***
Usage: ./ged -h -d database_file -q query_file -m running_mode -p search_paradigm -l lower_bound_method -t ged_threshold
**** Note that for GED verification, if the returned value is not -1, then it is only an upper bound of (and may be larger than) the exact GED

*** pair astar LSa -1: /home/wms/AF2-test/AF2-CatGraph/results/GAC/07_ged_classification/work/filtered_graphs/GAC_2_final.txt /home/wms/AF2-test/AF2-CatGraph/results/GAC/07_ged_classification/work/filtered_graphs/GAC_5_final.txt ***
*** GEDs ***
0
*** GEDs ***
min_ged: 0, max_ged: 0
total average time: 31, total average_ss: 21
Total time: 37 (microseconds), total search space: 21
 #candidates: 1, #matches: 1
2026-09-01 14:06:30,898 INFO: STDERR for GAC_2_final.txt vs GAC_5_final.txt:
[0% finished]
2026-09-01 14:06:30,899 INFO: Command: /home/wms/AF2-test/AF2-CatGraph-test5/external/Graph_Edit_Distance/ged -d /home/wms/AF2-test/AF2-CatGraph/results/GAC/07_ged_classification/work/filtered_graphs/GAC_2_final.txt -q /home/wms/AF2-test/AF2-CatGraph/results/GAC/07_ged_classification/work/filtered_graphs/GAC_7_final.txt -m pair -p astar -l LSa -g
2026-09-01 14:06:30,899 INFO: STDOUT for GAC_2_final.txt vs GAC_7_final.txt:
**** GED (Release) build at 21:43:51 Aug 29 2026 ***
Usage: ./ged -h -d database_file -q query_file -m running_mode -p search_paradigm -l lower_bound_method -t ged_threshold
**** Note that for GED verification, if the returned value is not -1, then it is only an upper bound of (and may be larger than) the exact GED

*** pair astar LSa -1: /home/wms/AF2-test/AF2-CatGraph/results/GAC/07_ged_classification/work/filtered_graphs/GAC_2_final.txt /home/wms/AF2-test/AF2-CatGraph/results/GAC/07_ged_classification/work/filtered_graphs/GAC_7_final.txt ***
*** GEDs ***
0
*** GEDs ***
min_ged: 0, max_ged: 0
total average time: 53, total average_ss: 21
Total time: 61 (microseconds), total search space: 21
 #candidates: 1, #matches: 1
2026-09-01 14:06:30,899 INFO: STDERR for GAC_2_final.txt vs GAC_7_final.txt:
[0% finished]
2026-09-01 14:06:30,899 INFO: Command: /home/wms/AF2-test/AF2-CatGraph-test5/external/Graph_Edit_Distance/ged -d /home/wms/AF2-test/AF2-CatGraph/results/GAC/07_ged_classification/work/filtered_graphs/GAC_2_final.txt -q /home/wms/AF2-test/AF2-CatGraph/results/GAC/07_ged_classification/work/filtered_graphs/GAC_8_final.txt -m pair -p astar -l LSa -g
2026-09-01 14:06:30,899 INFO: STDOUT for GAC_2_final.txt vs GAC_8_final.txt:
**** GED (Release) build at 21:43:51 Aug 29 2026 ***
Usage: ./ged -h -d database_file -q query_file -m running_mode -p search_paradigm -l lower_bound_method -t ged_threshold
**** Note that for GED verification, if the returned value is not -1, then it is only an upper bound of (and may be larger than) the exact GED

*** pair astar LSa -1: /home/wms/AF2-test/AF2-CatGraph/results/GAC/07_ged_classification/work/filtered_graphs/GAC_2_final.txt /home/wms/AF2-test/AF2-CatGraph/results/GAC/07_ged_classification/work/filtered_graphs/GAC_8_final.txt ***
*** GEDs ***
0
*** GEDs ***
min_ged: 0, max_ged: 0
total average time: 34, total average_ss: 21
Total time: 43 (microseconds), total search space: 21
 #candidates: 1, #matches: 1
2026-09-01 14:06:30,899 INFO: STDERR for GAC_2_final.txt vs GAC_8_final.txt:
[0% finished]
2026-09-01 14:06:30,900 INFO: Command: /home/wms/AF2-test/AF2-CatGraph-test5/external/Graph_Edit_Distance/ged -d /home/wms/AF2-test/AF2-CatGraph/results/GAC/07_ged_classification/work/filtered_graphs/GAC_2_final.txt -q /home/wms/AF2-test/AF2-CatGraph/results/GAC/07_ged_classification/work/filtered_graphs/GAC_10_final.txt -m pair -p astar -l LSa -g
2026-09-01 14:06:30,900 INFO: STDOUT for GAC_2_final.txt vs GAC_10_final.txt:
**** GED (Release) build at 21:43:51 Aug 29 2026 ***
Usage: ./ged -h -d database_file -q query_file -m running_mode -p search_paradigm -l lower_bound_method -t ged_threshold
**** Note that for GED verification, if the returned value is not -1, then it is only an upper bound of (and may be larger than) the exact GED

*** pair astar LSa -1: /home/wms/AF2-test/AF2-CatGraph/results/GAC/07_ged_classification/work/filtered_graphs/GAC_2_final.txt /home/wms/AF2-test/AF2-CatGraph/results/GAC/07_ged_classification/work/filtered_graphs/GAC_10_final.txt ***
*** GEDs ***
0
*** GEDs ***
min_ged: 0, max_ged: 0
total average time: 35, total average_ss: 21
Total time: 44 (microseconds), total search space: 21
 #candidates: 1, #matches: 1
2026-09-01 14:06:30,900 INFO: STDERR for GAC_2_final.txt vs GAC_10_final.txt:
[0% finished]
2026-09-01 14:06:30,900 INFO: Command: /home/wms/AF2-test/AF2-CatGraph-test5/external/Graph_Edit_Distance/ged -d /home/wms/AF2-test/AF2-CatGraph/results/GAC/07_ged_classification/work/filtered_graphs/GAC_2_final.txt -q /home/wms/AF2-test/AF2-CatGraph/results/GAC/07_ged_classification/work/filtered_graphs/GAC_11_final.txt -m pair -p astar -l LSa -g
2026-09-01 14:06:30,900 INFO: STDOUT for GAC_2_final.txt vs GAC_11_final.txt:
**** GED (Release) build at 21:43:51 Aug 29 2026 ***
Usage: ./ged -h -d database_file -q query_file -m running_mode -p search_paradigm -l lower_bound_method -t ged_threshold
**** Note that for GED verification, if the returned value is not -1, then it is only an upper bound of (and may be larger than) the exact GED

*** pair astar LSa -1: /home/wms/AF2-test/AF2-CatGraph/results/GAC/07_ged_classification/work/filtered_graphs/GAC_2_final.txt /home/wms/AF2-test/AF2-CatGraph/results/GAC/07_ged_classification/work/filtered_graphs/GAC_11_final.txt ***
*** GEDs ***
2
*** GEDs ***
min_ged: 2, max_ged: 2
total average time: 36, total average_ss: 21
Total time: 43 (microseconds), total search space: 21
 #candidates: 1, #matches: 1
2026-09-01 14:06:30,900 INFO: STDERR for GAC_2_final.txt vs GAC_11_final.txt:
[0% finished]
2026-09-01 14:06:30,901 INFO: Command: /home/wms/AF2-test/AF2-CatGraph-test5/external/Graph_Edit_Distance/ged -d /home/wms/AF2-test/AF2-CatGraph/results/GAC/07_ged_classification/work/filtered_graphs/GAC_2_final.txt -q /home/wms/AF2-test/AF2-CatGraph/results/GAC/07_ged_classification/work/filtered_graphs/GAC_12_final.txt -m pair -p astar -l LSa -g
2026-09-01 14:06:30,901 INFO: STDOUT for GAC_2_final.txt vs GAC_12_final.txt:
**** GED (Release) build at 21:43:51 Aug 29 2026 ***
Usage: ./ged -h -d database_file -q query_file -m running_mode -p search_paradigm -l lower_bound_method -t ged_threshold
**** Note that for GED verification, if the returned value is not -1, then it is only an upper bound of (and may be larger than) the exact GED

*** pair astar LSa -1: /home/wms/AF2-test/AF2-CatGraph/results/GAC/07_ged_classification/work/filtered_graphs/GAC_2_final.txt /home/wms/AF2-test/AF2-CatGraph/results/GAC/07_ged_classification/work/filtered_graphs/GAC_12_final.txt ***
*** GEDs ***
0
*** GEDs ***
min_ged: 0, max_ged: 0
total average time: 54, total average_ss: 21
Total time: 66 (microseconds), total search space: 21
 #candidates: 1, #matches: 1
2026-09-01 14:06:30,901 INFO: STDERR for GAC_2_final.txt vs GAC_12_final.txt:
[0% finished]
2026-09-01 14:06:30,901 INFO: Command: /home/wms/AF2-test/AF2-CatGraph-test5/external/Graph_Edit_Distance/ged -d /home/wms/AF2-test/AF2-CatGraph/results/GAC/07_ged_classification/work/filtered_graphs/GAC_2_final.txt -q /home/wms/AF2-test/AF2-CatGraph/results/GAC/07_ged_classification/work/filtered_graphs/GAC_15_final.txt -m pair -p astar -l LSa -g
2026-09-01 14:06:30,901 INFO: STDOUT for GAC_2_final.txt vs GAC_15_final.txt:
**** GED (Release) build at 21:43:51 Aug 29 2026 ***
Usage: ./ged -h -d database_file -q query_file -m running_mode -p search_paradigm -l lower_bound_method -t ged_threshold
**** Note that for GED verification, if the returned value is not -1, then it is only an upper bound of (and may be larger than) the exact GED

*** pair astar LSa -1: /home/wms/AF2-test/AF2-CatGraph/results/GAC/07_ged_classification/work/filtered_graphs/GAC_2_final.txt /home/wms/AF2-test/AF2-CatGraph/results/GAC/07_ged_classification/work/filtered_graphs/GAC_15_final.txt ***
*** GEDs ***
0
*** GEDs ***
min_ged: 0, max_ged: 0
total average time: 35, total average_ss: 21
Total time: 42 (microseconds), total search space: 21
 #candidates: 1, #matches: 1
2026-09-01 14:06:30,901 INFO: STDERR for GAC_2_final.txt vs GAC_15_final.txt:
[0% finished]
2026-09-01 14:06:30,902 INFO: Command: /home/wms/AF2-test/AF2-CatGraph-test5/external/Graph_Edit_Distance/ged -d /home/wms/AF2-test/AF2-CatGraph/results/GAC/07_ged_classification/work/filtered_graphs/GAC_2_final.txt -q /home/wms/AF2-test/AF2-CatGraph/results/GAC/07_ged_classification/work/filtered_graphs/GAC_16_final.txt -m pair -p astar -l LSa -g
2026-09-01 14:06:30,902 INFO: STDOUT for GAC_2_final.txt vs GAC_16_final.txt:
**** GED (Release) build at 21:43:51 Aug 29 2026 ***
Usage: ./ged -h -d database_file -q query_file -m running_mode -p search_paradigm -l lower_bound_method -t ged_threshold
**** Note that for GED verification, if the returned value is not -1, then it is only an upper bound of (and may be larger than) the exact GED

*** pair astar LSa -1: /home/wms/AF2-test/AF2-CatGraph/results/GAC/07_ged_classification/work/filtered_graphs/GAC_2_final.txt /home/wms/AF2-test/AF2-CatGraph/results/GAC/07_ged_classification/work/filtered_graphs/GAC_16_final.txt ***
*** GEDs ***
0
*** GEDs ***
min_ged: 0, max_ged: 0
total average time: 57, total average_ss: 21
Total time: 69 (microseconds), total search space: 21
 #candidates: 1, #matches: 1
2026-09-01 14:06:30,902 INFO: STDERR for GAC_2_final.txt vs GAC_16_final.txt:
[0% finished]
2026-09-01 14:06:30,903 INFO: Command: /home/wms/AF2-test/AF2-CatGraph-test5/external/Graph_Edit_Distance/ged -d /home/wms/AF2-test/AF2-CatGraph/results/GAC/07_ged_classification/work/filtered_graphs/GAC_2_final.txt -q /home/wms/AF2-test/AF2-CatGraph/results/GAC/07_ged_classification/work/filtered_graphs/GAC_18_final.txt -m pair -p astar -l LSa -g
2026-09-01 14:06:30,903 INFO: STDOUT for GAC_2_final.txt vs GAC_18_final.txt:
**** GED (Release) build at 21:43:51 Aug 29 2026 ***
Usage: ./ged -h -d database_file -q query_file -m running_mode -p search_paradigm -l lower_bound_method -t ged_threshold
**** Note that for GED verification, if the returned value is not -1, then it is only an upper bound of (and may be larger than) the exact GED

*** pair astar LSa -1: /home/wms/AF2-test/AF2-CatGraph/results/GAC/07_ged_classification/work/filtered_graphs/GAC_2_final.txt /home/wms/AF2-test/AF2-CatGraph/results/GAC/07_ged_classification/work/filtered_graphs/GAC_18_final.txt ***
*** GEDs ***
0
*** GEDs ***
min_ged: 0, max_ged: 0
total average time: 32, total average_ss: 21
Total time: 39 (microseconds), total search space: 21
 #candidates: 1, #matches: 1
2026-09-01 14:06:30,903 INFO: STDERR for GAC_2_final.txt vs GAC_18_final.txt:
[0% finished]
2026-09-01 14:06:30,903 INFO: Command: /home/wms/AF2-test/AF2-CatGraph-test5/external/Graph_Edit_Distance/ged -d /home/wms/AF2-test/AF2-CatGraph/results/GAC/07_ged_classification/work/filtered_graphs/GAC_2_final.txt -q /home/wms/AF2-test/AF2-CatGraph/results/GAC/07_ged_classification/work/filtered_graphs/GAC_19_final.txt -m pair -p astar -l LSa -g
2026-09-01 14:06:30,903 INFO: STDOUT for GAC_2_final.txt vs GAC_19_final.txt:
**** GED (Release) build at 21:43:51 Aug 29 2026 ***
Usage: ./ged -h -d database_file -q query_file -m running_mode -p search_paradigm -l lower_bound_method -t ged_threshold
**** Note that for GED verification, if the returned value is not -1, then it is only an upper bound of (and may be larger than) the exact GED

*** pair astar LSa -1: /home/wms/AF2-test/AF2-CatGraph/results/GAC/07_ged_classification/work/filtered_graphs/GAC_2_final.txt /home/wms/AF2-test/AF2-CatGraph/results/GAC/07_ged_classification/work/filtered_graphs/GAC_19_final.txt ***
*** GEDs ***
0
*** GEDs ***
min_ged: 0, max_ged: 0
total average time: 31, total average_ss: 21
Total time: 37 (microseconds), total search space: 21
 #candidates: 1, #matches: 1
2026-09-01 14:06:30,903 INFO: STDERR for GAC_2_final.txt vs GAC_19_final.txt:
[0% finished]
2026-09-01 14:06:30,904 INFO: Command: /home/wms/AF2-test/AF2-CatGraph-test5/external/Graph_Edit_Distance/ged -d /home/wms/AF2-test/AF2-CatGraph/results/GAC/07_ged_classification/work/filtered_graphs/GAC_2_final.txt -q /home/wms/AF2-test/AF2-CatGraph/results/GAC/07_ged_classification/work/filtered_graphs/GAC_20_final.txt -m pair -p astar -l LSa -g
2026-09-01 14:06:30,904 INFO: STDOUT for GAC_2_final.txt vs GAC_20_final.txt:
**** GED (Release) build at 21:43:51 Aug 29 2026 ***
Usage: ./ged -h -d database_file -q query_file -m running_mode -p search_paradigm -l lower_bound_method -t ged_threshold
**** Note that for GED verification, if the returned value is not -1, then it is only an upper bound of (and may be larger than) the exact GED

*** pair astar LSa -1: /home/wms/AF2-test/AF2-CatGraph/results/GAC/07_ged_classification/work/filtered_graphs/GAC_2_final.txt /home/wms/AF2-test/AF2-CatGraph/results/GAC/07_ged_classification/work/filtered_graphs/GAC_20_final.txt ***
*** GEDs ***
0
*** GEDs ***
min_ged: 0, max_ged: 0
total average time: 27, total average_ss: 21
Total time: 34 (microseconds), total search space: 21
 #candidates: 1, #matches: 1
2026-09-01 14:06:30,904 INFO: STDERR for GAC_2_final.txt vs GAC_20_final.txt:
[0% finished]
2026-09-01 14:06:30,904 INFO: Command: /home/wms/AF2-test/AF2-CatGraph-test5/external/Graph_Edit_Distance/ged -d /home/wms/AF2-test/AF2-CatGraph/results/GAC/07_ged_classification/work/filtered_graphs/GAC_2_final.txt -q /home/wms/AF2-test/AF2-CatGraph/results/GAC/07_ged_classification/work/filtered_graphs/GAC_21_final.txt -m pair -p astar -l LSa -g
2026-09-01 14:06:30,904 INFO: STDOUT for GAC_2_final.txt vs GAC_21_final.txt:
**** GED (Release) build at 21:43:51 Aug 29 2026 ***
Usage: ./ged -h -d database_file -q query_file -m running_mode -p search_paradigm -l lower_bound_method -t ged_threshold
**** Note that for GED verification, if the returned value is not -1, then it is only an upper bound of (and may be larger than) the exact GED

*** pair astar LSa -1: /home/wms/AF2-test/AF2-CatGraph/results/GAC/07_ged_classification/work/filtered_graphs/GAC_2_final.txt /home/wms/AF2-test/AF2-CatGraph/results/GAC/07_ged_classification/work/filtered_graphs/GAC_21_final.txt ***
*** GEDs ***
0
*** GEDs ***
min_ged: 0, max_ged: 0
total average time: 34, total average_ss: 21
Total time: 41 (microseconds), total search space: 21
 #candidates: 1, #matches: 1
2026-09-01 14:06:30,904 INFO: STDERR for GAC_2_final.txt vs GAC_21_final.txt:
[0% finished]
2026-09-01 14:06:30,905 INFO: Command: /home/wms/AF2-test/AF2-CatGraph-test5/external/Graph_Edit_Distance/ged -d /home/wms/AF2-test/AF2-CatGraph/results/GAC/07_ged_classification/work/filtered_graphs/GAC_2_final.txt -q /home/wms/AF2-test/AF2-CatGraph/results/GAC/07_ged_classification/work/filtered_graphs/GAC_22_final.txt -m pair -p astar -l LSa -g
2026-09-01 14:06:30,905 INFO: STDOUT for GAC_2_final.txt vs GAC_22_final.txt:
**** GED (Release) build at 21:43:51 Aug 29 2026 ***
Usage: ./ged -h -d database_file -q query_file -m running_mode -p search_paradigm -l lower_bound_method -t ged_threshold
**** Note that for GED verification, if the returned value is not -1, then it is only an upper bound of (and may be larger than) the exact GED

*** pair astar LSa -1: /home/wms/AF2-test/AF2-CatGraph/results/GAC/07_ged_classification/work/filtered_graphs/GAC_2_final.txt /home/wms/AF2-test/AF2-CatGraph/results/GAC/07_ged_classification/work/filtered_graphs/GAC_22_final.txt ***
*** GEDs ***
2
*** GEDs ***
min_ged: 2, max_ged: 2
total average time: 38, total average_ss: 21
Total time: 44 (microseconds), total search space: 21
 #candidates: 1, #matches: 1
2026-09-01 14:06:30,905 INFO: STDERR for GAC_2_final.txt vs GAC_22_final.txt:
[0% finished]
2026-09-01 14:06:30,905 INFO: Command: /home/wms/AF2-test/AF2-CatGraph-test5/external/Graph_Edit_Distance/ged -d /home/wms/AF2-test/AF2-CatGraph/results/GAC/07_ged_classification/work/filtered_graphs/GAC_2_final.txt -q /home/wms/AF2-test/AF2-CatGraph/results/GAC/07_ged_classification/work/filtered_graphs/GAC_24_final.txt -m pair -p astar -l LSa -g
2026-09-01 14:06:30,905 INFO: STDOUT for GAC_2_final.txt vs GAC_24_final.txt:
**** GED (Release) build at 21:43:51 Aug 29 2026 ***
Usage: ./ged -h -d database_file -q query_file -m running_mode -p search_paradigm -l lower_bound_method -t ged_threshold
**** Note that for GED verification, if the returned value is not -1, then it is only an upper bound of (and may be larger than) the exact GED

*** pair astar LSa -1: /home/wms/AF2-test/AF2-CatGraph/results/GAC/07_ged_classification/work/filtered_graphs/GAC_2_final.txt /home/wms/AF2-test/AF2-CatGraph/results/GAC/07_ged_classification/work/filtered_graphs/GAC_24_final.txt ***
*** GEDs ***
0
*** GEDs ***
min_ged: 0, max_ged: 0
total average time: 31, total average_ss: 21
Total time: 40 (microseconds), total search space: 21
 #candidates: 1, #matches: 1
2026-09-01 14:06:30,905 INFO: STDERR for GAC_2_final.txt vs GAC_24_final.txt:
[0% finished]
2026-09-01 14:06:30,906 INFO: Command: /home/wms/AF2-test/AF2-CatGraph-test5/external/Graph_Edit_Distance/ged -d /home/wms/AF2-test/AF2-CatGraph/results/GAC/07_ged_classification/work/filtered_graphs/GAC_2_final.txt -q /home/wms/AF2-test/AF2-CatGraph/results/GAC/07_ged_classification/work/filtered_graphs/GAC_25_final.txt -m pair -p astar -l LSa -g
2026-09-01 14:06:30,906 INFO: STDOUT for GAC_2_final.txt vs GAC_25_final.txt:
**** GED (Release) build at 21:43:51 Aug 29 2026 ***
Usage: ./ged -h -d database_file -q query_file -m running_mode -p search_paradigm -l lower_bound_method -t ged_threshold
**** Note that for GED verification, if the returned value is not -1, then it is only an upper bound of (and may be larger than) the exact GED

*** pair astar LSa -1: /home/wms/AF2-test/AF2-CatGraph/results/GAC/07_ged_classification/work/filtered_graphs/GAC_2_final.txt /home/wms/AF2-test/AF2-CatGraph/results/GAC/07_ged_classification/work/filtered_graphs/GAC_25_final.txt ***
*** GEDs ***
0
*** GEDs ***
min_ged: 0, max_ged: 0
total average time: 34, total average_ss: 21
Total time: 39 (microseconds), total search space: 21
 #candidates: 1, #matches: 1
2026-09-01 14:06:30,906 INFO: STDERR for GAC_2_final.txt vs GAC_25_final.txt:
[0% finished]
2026-09-01 14:06:30,906 INFO: Command: /home/wms/AF2-test/AF2-CatGraph-test5/external/Graph_Edit_Distance/ged -d /home/wms/AF2-test/AF2-CatGraph/results/GAC/07_ged_classification/work/filtered_graphs/GAC_2_final.txt -q /home/wms/AF2-test/AF2-CatGraph/results/GAC/07_ged_classification/work/filtered_graphs/GAC_26_final.txt -m pair -p astar -l LSa -g
2026-09-01 14:06:30,906 INFO: STDOUT for GAC_2_final.txt vs GAC_26_final.txt:
**** GED (Release) build at 21:43:51 Aug 29 2026 ***
Usage: ./ged -h -d database_file -q query_file -m running_mode -p search_paradigm -l lower_bound_method -t ged_threshold
**** Note that for GED verification, if the returned value is not -1, then it is only an upper bound of (and may be larger than) the exact GED

*** pair astar LSa -1: /home/wms/AF2-test/AF2-CatGraph/results/GAC/07_ged_classification/work/filtered_graphs/GAC_2_final.txt /home/wms/AF2-test/AF2-CatGraph/results/GAC/07_ged_classification/work/filtered_graphs/GAC_26_final.txt ***
*** GEDs ***
0
*** GEDs ***
min_ged: 0, max_ged: 0
total average time: 32, total average_ss: 21
Total time: 38 (microseconds), total search space: 21
 #candidates: 1, #matches: 1
2026-09-01 14:06:30,906 INFO: STDERR for GAC_2_final.txt vs GAC_26_final.txt:
[0% finished]
2026-09-01 14:06:30,907 INFO: Command: /home/wms/AF2-test/AF2-CatGraph-test5/external/Graph_Edit_Distance/ged -d /home/wms/AF2-test/AF2-CatGraph/results/GAC/07_ged_classification/work/filtered_graphs/GAC_2_final.txt -q /home/wms/AF2-test/AF2-CatGraph/results/GAC/07_ged_classification/work/filtered_graphs/GAC_28_final.txt -m pair -p astar -l LSa -g
2026-09-01 14:06:30,907 INFO: STDOUT for GAC_2_final.txt vs GAC_28_final.txt:
**** GED (Release) build at 21:43:51 Aug 29 2026 ***
Usage: ./ged -h -d database_file -q query_file -m running_mode -p search_paradigm -l lower_bound_method -t ged_threshold
**** Note that for GED verification, if the returned value is not -1, then it is only an upper bound of (and may be larger than) the exact GED

*** pair astar LSa -1: /home/wms/AF2-test/AF2-CatGraph/results/GAC/07_ged_classification/work/filtered_graphs/GAC_2_final.txt /home/wms/AF2-test/AF2-CatGraph/results/GAC/07_ged_classification/work/filtered_graphs/GAC_28_final.txt ***
*** GEDs ***
2
*** GEDs ***
min_ged: 2, max_ged: 2
total average time: 35, total average_ss: 21
Total time: 41 (microseconds), total search space: 21
 #candidates: 1, #matches: 1
2026-09-01 14:06:30,907 INFO: STDERR for GAC_2_final.txt vs GAC_28_final.txt:
[0% finished]
2026-09-01 14:06:30,907 INFO: Command: /home/wms/AF2-test/AF2-CatGraph-test5/external/Graph_Edit_Distance/ged -d /home/wms/AF2-test/AF2-CatGraph/results/GAC/07_ged_classification/work/filtered_graphs/GAC_2_final.txt -q /home/wms/AF2-test/AF2-CatGraph/results/GAC/07_ged_classification/work/filtered_graphs/GAC_27_final.txt -m pair -p astar -l LSa -g
2026-09-01 14:06:30,907 INFO: STDOUT for GAC_2_final.txt vs GAC_27_final.txt:
**** GED (Release) build at 21:43:51 Aug 29 2026 ***
Usage: ./ged -h -d database_file -q query_file -m running_mode -p search_paradigm -l lower_bound_method -t ged_threshold
**** Note that for GED verification, if the returned value is not -1, then it is only an upper bound of (and may be larger than) the exact GED

*** pair astar LSa -1: /home/wms/AF2-test/AF2-CatGraph/results/GAC/07_ged_classification/work/filtered_graphs/GAC_2_final.txt /home/wms/AF2-test/AF2-CatGraph/results/GAC/07_ged_classification/work/filtered_graphs/GAC_27_final.txt ***
*** GEDs ***
0
*** GEDs ***
min_ged: 0, max_ged: 0
total average time: 41, total average_ss: 21
Total time: 50 (microseconds), total search space: 21
 #candidates: 1, #matches: 1
2026-09-01 14:06:30,907 INFO: STDERR for GAC_2_final.txt vs GAC_27_final.txt:
[0% finished]
2026-09-01 14:06:30,908 INFO: Command: /home/wms/AF2-test/AF2-CatGraph-test5/external/Graph_Edit_Distance/ged -d /home/wms/AF2-test/AF2-CatGraph/results/GAC/07_ged_classification/work/filtered_graphs/GAC_2_final.txt -q /home/wms/AF2-test/AF2-CatGraph/results/GAC/07_ged_classification/work/filtered_graphs/GAC_29_final.txt -m pair -p astar -l LSa -g
2026-09-01 14:06:30,908 INFO: STDOUT for GAC_2_final.txt vs GAC_29_final.txt:
**** GED (Release) build at 21:43:51 Aug 29 2026 ***
Usage: ./ged -h -d database_file -q query_file -m running_mode -p search_paradigm -l lower_bound_method -t ged_threshold
**** Note that for GED verification, if the returned value is not -1, then it is only an upper bound of (and may be larger than) the exact GED

*** pair astar LSa -1: /home/wms/AF2-test/AF2-CatGraph/results/GAC/07_ged_classification/work/filtered_graphs/GAC_2_final.txt /home/wms/AF2-test/AF2-CatGraph/results/GAC/07_ged_classification/work/filtered_graphs/GAC_29_final.txt ***
*** GEDs ***
0
*** GEDs ***
min_ged: 0, max_ged: 0
total average time: 28, total average_ss: 21
Total time: 35 (microseconds), total search space: 21
 #candidates: 1, #matches: 1
2026-09-01 14:06:30,908 INFO: STDERR for GAC_2_final.txt vs GAC_29_final.txt:
[0% finished]
2026-09-01 14:06:30,908 INFO: Command: /home/wms/AF2-test/AF2-CatGraph-test5/external/Graph_Edit_Distance/ged -d /home/wms/AF2-test/AF2-CatGraph/results/GAC/07_ged_classification/work/filtered_graphs/GAC_2_final.txt -q /home/wms/AF2-test/AF2-CatGraph/results/GAC/07_ged_classification/work/filtered_graphs/GAC_31_final.txt -m pair -p astar -l LSa -g
2026-09-01 14:06:30,908 INFO: STDOUT for GAC_2_final.txt vs GAC_31_final.txt:
**** GED (Release) build at 21:43:51 Aug 29 2026 ***
Usage: ./ged -h -d database_file -q query_file -m running_mode -p search_paradigm -l lower_bound_method -t ged_threshold
**** Note that for GED verification, if the returned value is not -1, then it is only an upper bound of (and may be larger than) the exact GED

*** pair astar LSa -1: /home/wms/AF2-test/AF2-CatGraph/results/GAC/07_ged_classification/work/filtered_graphs/GAC_2_final.txt /home/wms/AF2-test/AF2-CatGraph/results/GAC/07_ged_classification/work/filtered_graphs/GAC_31_final.txt ***
*** GEDs ***
0
*** GEDs ***
min_ged: 0, max_ged: 0
total average time: 35, total average_ss: 21
Total time: 44 (microseconds), total search space: 21
 #candidates: 1, #matches: 1
2026-09-01 14:06:30,908 INFO: STDERR for GAC_2_final.txt vs GAC_31_final.txt:
[0% finished]
2026-09-01 14:06:30,909 INFO: Command: /home/wms/AF2-test/AF2-CatGraph-test5/external/Graph_Edit_Distance/ged -d /home/wms/AF2-test/AF2-CatGraph/results/GAC/07_ged_classification/work/filtered_graphs/GAC_2_final.txt -q /home/wms/AF2-test/AF2-CatGraph/results/GAC/07_ged_classification/work/filtered_graphs/GAC_32_final.txt -m pair -p astar -l LSa -g
2026-09-01 14:06:30,909 INFO: STDOUT for GAC_2_final.txt vs GAC_32_final.txt:
**** GED (Release) build at 21:43:51 Aug 29 2026 ***
Usage: ./ged -h -d database_file -q query_file -m running_mode -p search_paradigm -l lower_bound_method -t ged_threshold
**** Note that for GED verification, if the returned value is not -1, then it is only an upper bound of (and may be larger than) the exact GED

*** pair astar LSa -1: /home/wms/AF2-test/AF2-CatGraph/results/GAC/07_ged_classification/work/filtered_graphs/GAC_2_final.txt /home/wms/AF2-test/AF2-CatGraph/results/GAC/07_ged_classification/work/filtered_graphs/GAC_32_final.txt ***
*** GEDs ***
0
*** GEDs ***
min_ged: 0, max_ged: 0
total average time: 34, total average_ss: 21
Total time: 42 (microseconds), total search space: 21
 #candidates: 1, #matches: 1
2026-09-01 14:06:30,909 INFO: STDERR for GAC_2_final.txt vs GAC_32_final.txt:
[0% finished]
2026-09-01 14:06:30,909 INFO: Command: /home/wms/AF2-test/AF2-CatGraph-test5/external/Graph_Edit_Distance/ged -d /home/wms/AF2-test/AF2-CatGraph/results/GAC/07_ged_classification/work/filtered_graphs/GAC_2_final.txt -q /home/wms/AF2-test/AF2-CatGraph/results/GAC/07_ged_classification/work/filtered_graphs/GAC_33_final.txt -m pair -p astar -l LSa -g
2026-09-01 14:06:30,909 INFO: STDOUT for GAC_2_final.txt vs GAC_33_final.txt:
**** GED (Release) build at 21:43:51 Aug 29 2026 ***
Usage: ./ged -h -d database_file -q query_file -m running_mode -p search_paradigm -l lower_bound_method -t ged_threshold
**** Note that for GED verification, if the returned value is not -1, then it is only an upper bound of (and may be larger than) the exact GED

*** pair astar LSa -1: /home/wms/AF2-test/AF2-CatGraph/results/GAC/07_ged_classification/work/filtered_graphs/GAC_2_final.txt /home/wms/AF2-test/AF2-CatGraph/results/GAC/07_ged_classification/work/filtered_graphs/GAC_33_final.txt ***
*** GEDs ***
0
*** GEDs ***
min_ged: 0, max_ged: 0
total average time: 33, total average_ss: 21
Total time: 40 (microseconds), total search space: 21
 #candidates: 1, #matches: 1
2026-09-01 14:06:30,909 INFO: STDERR for GAC_2_final.txt vs GAC_33_final.txt:
[0% finished]
2026-09-01 14:06:30,909 INFO: Command: /home/wms/AF2-test/AF2-CatGraph-test5/external/Graph_Edit_Distance/ged -d /home/wms/AF2-test/AF2-CatGraph/results/GAC/07_ged_classification/work/filtered_graphs/GAC_2_final.txt -q /home/wms/AF2-test/AF2-CatGraph/results/GAC/07_ged_classification/work/filtered_graphs/GAC_34_final.txt -m pair -p astar -l LSa -g
2026-09-01 14:06:30,909 INFO: STDOUT for GAC_2_final.txt vs GAC_34_final.txt:
**** GED (Release) build at 21:43:51 Aug 29 2026 ***
Usage: ./ged -h -d database_file -q query_file -m running_mode -p search_paradigm -l lower_bound_method -t ged_threshold
**** Note that for GED verification, if the returned value is not -1, then it is only an upper bound of (and may be larger than) the exact GED

*** pair astar LSa -1: /home/wms/AF2-test/AF2-CatGraph/results/GAC/07_ged_classification/work/filtered_graphs/GAC_2_final.txt /home/wms/AF2-test/AF2-CatGraph/results/GAC/07_ged_classification/work/filtered_graphs/GAC_34_final.txt ***
*** GEDs ***
0
*** GEDs ***
min_ged: 0, max_ged: 0
total average time: 34, total average_ss: 21
Total time: 40 (microseconds), total search space: 21
 #candidates: 1, #matches: 1
2026-09-01 14:06:30,909 INFO: STDERR for GAC_2_final.txt vs GAC_34_final.txt:
[0% finished]
2026-09-01 14:06:30,910 INFO: Command: /home/wms/AF2-test/AF2-CatGraph-test5/external/Graph_Edit_Distance/ged -d /home/wms/AF2-test/AF2-CatGraph/results/GAC/07_ged_classification/work/filtered_graphs/GAC_2_final.txt -q /home/wms/AF2-test/AF2-CatGraph/results/GAC/07_ged_classification/work/filtered_graphs/GAC_35_final.txt -m pair -p astar -l LSa -g
2026-09-01 14:06:30,910 INFO: STDOUT for GAC_2_final.txt vs GAC_35_final.txt:
**** GED (Release) build at 21:43:51 Aug 29 2026 ***
Usage: ./ged -h -d database_file -q query_file -m running_mode -p search_paradigm -l lower_bound_method -t ged_threshold
**** Note that for GED verification, if the returned value is not -1, then it is only an upper bound of (and may be larger than) the exact GED

*** pair astar LSa -1: /home/wms/AF2-test/AF2-CatGraph/results/GAC/07_ged_classification/work/filtered_graphs/GAC_2_final.txt /home/wms/AF2-test/AF2-CatGraph/results/GAC/07_ged_classification/work/filtered_graphs/GAC_35_final.txt ***
*** GEDs ***
0
*** GEDs ***
min_ged: 0, max_ged: 0
total average time: 34, total average_ss: 21
Total time: 41 (microseconds), total search space: 21
 #candidates: 1, #matches: 1
2026-09-01 14:06:30,910 INFO: STDERR for GAC_2_final.txt vs GAC_35_final.txt:
[0% finished]
2026-09-01 14:06:30,911 INFO: Command: /home/wms/AF2-test/AF2-CatGraph-test5/external/Graph_Edit_Distance/ged -d /home/wms/AF2-test/AF2-CatGraph/results/GAC/07_ged_classification/work/filtered_graphs/GAC_2_final.txt -q /home/wms/AF2-test/AF2-CatGraph/results/GAC/07_ged_classification/work/filtered_graphs/GAC_39_final.txt -m pair -p astar -l LSa -g
2026-09-01 14:06:30,911 INFO: STDOUT for GAC_2_final.txt vs GAC_39_final.txt:
**** GED (Release) build at 21:43:51 Aug 29 2026 ***
Usage: ./ged -h -d database_file -q query_file -m running_mode -p search_paradigm -l lower_bound_method -t ged_threshold
**** Note that for GED verification, if the returned value is not -1, then it is only an upper bound of (and may be larger than) the exact GED

*** pair astar LSa -1: /home/wms/AF2-test/AF2-CatGraph/results/GAC/07_ged_classification/work/filtered_graphs/GAC_2_final.txt /home/wms/AF2-test/AF2-CatGraph/results/GAC/07_ged_classification/work/filtered_graphs/GAC_39_final.txt ***
*** GEDs ***
0
*** GEDs ***
min_ged: 0, max_ged: 0
total average time: 29, total average_ss: 21
Total time: 35 (microseconds), total search space: 21
 #candidates: 1, #matches: 1
2026-09-01 14:06:30,911 INFO: STDERR for GAC_2_final.txt vs GAC_39_final.txt:
[0% finished]
2026-09-01 14:06:30,911 INFO: Command: /home/wms/AF2-test/AF2-CatGraph-test5/external/Graph_Edit_Distance/ged -d /home/wms/AF2-test/AF2-CatGraph/results/GAC/07_ged_classification/work/filtered_graphs/GAC_2_final.txt -q /home/wms/AF2-test/AF2-CatGraph/results/GAC/07_ged_classification/work/filtered_graphs/GAC_37_final.txt -m pair -p astar -l LSa -g
2026-09-01 14:06:30,911 INFO: STDOUT for GAC_2_final.txt vs GAC_37_final.txt:
**** GED (Release) build at 21:43:51 Aug 29 2026 ***
Usage: ./ged -h -d database_file -q query_file -m running_mode -p search_paradigm -l lower_bound_method -t ged_threshold
**** Note that for GED verification, if the returned value is not -1, then it is only an upper bound of (and may be larger than) the exact GED

*** pair astar LSa -1: /home/wms/AF2-test/AF2-CatGraph/results/GAC/07_ged_classification/work/filtered_graphs/GAC_2_final.txt /home/wms/AF2-test/AF2-CatGraph/results/GAC/07_ged_classification/work/filtered_graphs/GAC_37_final.txt ***
*** GEDs ***
0
*** GEDs ***
min_ged: 0, max_ged: 0
total average time: 36, total average_ss: 21
Total time: 43 (microseconds), total search space: 21
 #candidates: 1, #matches: 1
2026-09-01 14:06:30,911 INFO: STDERR for GAC_2_final.txt vs GAC_37_final.txt:
[0% finished]
2026-09-01 14:06:30,912 INFO: Command: /home/wms/AF2-test/AF2-CatGraph-test5/external/Graph_Edit_Distance/ged -d /home/wms/AF2-test/AF2-CatGraph/results/GAC/07_ged_classification/work/filtered_graphs/GAC_2_final.txt -q /home/wms/AF2-test/AF2-CatGraph/results/GAC/07_ged_classification/work/filtered_graphs/GAC_40_final.txt -m pair -p astar -l LSa -g
2026-09-01 14:06:30,912 INFO: STDOUT for GAC_2_final.txt vs GAC_40_final.txt:
**** GED (Release) build at 21:43:51 Aug 29 2026 ***
Usage: ./ged -h -d database_file -q query_file -m running_mode -p search_paradigm -l lower_bound_method -t ged_threshold
**** Note that for GED verification, if the returned value is not -1, then it is only an upper bound of (and may be larger than) the exact GED

*** pair astar LSa -1: /home/wms/AF2-test/AF2-CatGraph/results/GAC/07_ged_classification/work/filtered_graphs/GAC_2_final.txt /home/wms/AF2-test/AF2-CatGraph/results/GAC/07_ged_classification/work/filtered_graphs/GAC_40_final.txt ***
*** GEDs ***
0
*** GEDs ***
min_ged: 0, max_ged: 0
total average time: 34, total average_ss: 21
Total time: 40 (microseconds), total search space: 21
 #candidates: 1, #matches: 1
2026-09-01 14:06:30,912 INFO: STDERR for GAC_2_final.txt vs GAC_40_final.txt:
[0% finished]
2026-09-01 14:06:30,912 INFO: Command: /home/wms/AF2-test/AF2-CatGraph-test5/external/Graph_Edit_Distance/ged -d /home/wms/AF2-test/AF2-CatGraph/results/GAC/07_ged_classification/work/filtered_graphs/GAC_2_final.txt -q /home/wms/AF2-test/AF2-CatGraph/results/GAC/07_ged_classification/work/filtered_graphs/GAC_41_final.txt -m pair -p astar -l LSa -g
2026-09-01 14:06:30,912 INFO: STDOUT for GAC_2_final.txt vs GAC_41_final.txt:
**** GED (Release) build at 21:43:51 Aug 29 2026 ***
Usage: ./ged -h -d database_file -q query_file -m running_mode -p search_paradigm -l lower_bound_method -t ged_threshold
**** Note that for GED verification, if the returned value is not -1, then it is only an upper bound of (and may be larger than) the exact GED

*** pair astar LSa -1: /home/wms/AF2-test/AF2-CatGraph/results/GAC/07_ged_classification/work/filtered_graphs/GAC_2_final.txt /home/wms/AF2-test/AF2-CatGraph/results/GAC/07_ged_classification/work/filtered_graphs/GAC_41_final.txt ***
*** GEDs ***
0
*** GEDs ***
min_ged: 0, max_ged: 0
total average time: 35, total average_ss: 21
Total time: 44 (microseconds), total search space: 21
 #candidates: 1, #matches: 1
2026-09-01 14:06:30,912 INFO: STDERR for GAC_2_final.txt vs GAC_41_final.txt:
[0% finished]
2026-09-01 14:06:30,913 INFO: Command: /home/wms/AF2-test/AF2-CatGraph-test5/external/Graph_Edit_Distance/ged -d /home/wms/AF2-test/AF2-CatGraph/results/GAC/07_ged_classification/work/filtered_graphs/GAC_2_final.txt -q /home/wms/AF2-test/AF2-CatGraph/results/GAC/07_ged_classification/work/filtered_graphs/GAC_42_final.txt -m pair -p astar -l LSa -g
2026-09-01 14:06:30,913 INFO: STDOUT for GAC_2_final.txt vs GAC_42_final.txt:
**** GED (Release) build at 21:43:51 Aug 29 2026 ***
Usage: ./ged -h -d database_file -q query_file -m running_mode -p search_paradigm -l lower_bound_method -t ged_threshold
**** Note that for GED verification, if the returned value is not -1, then it is only an upper bound of (and may be larger than) the exact GED

*** pair astar LSa -1: /home/wms/AF2-test/AF2-CatGraph/results/GAC/07_ged_classification/work/filtered_graphs/GAC_2_final.txt /home/wms/AF2-test/AF2-CatGraph/results/GAC/07_ged_classification/work/filtered_graphs/GAC_42_final.txt ***
*** GEDs ***
0
*** GEDs ***
min_ged: 0, max_ged: 0
total average time: 32, total average_ss: 21
Total time: 39 (microseconds), total search space: 21
 #candidates: 1, #matches: 1
2026-09-01 14:06:30,913 INFO: STDERR for GAC_2_final.txt vs GAC_42_final.txt:
[0% finished]
2026-09-01 14:06:30,913 INFO: Command: /home/wms/AF2-test/AF2-CatGraph-test5/external/Graph_Edit_Distance/ged -d /home/wms/AF2-test/AF2-CatGraph/results/GAC/07_ged_classification/work/filtered_graphs/GAC_2_final.txt -q /home/wms/AF2-test/AF2-CatGraph/results/GAC/07_ged_classification/work/filtered_graphs/GAC_45_final.txt -m pair -p astar -l LSa -g
2026-09-01 14:06:30,913 INFO: STDOUT for GAC_2_final.txt vs GAC_45_final.txt:
**** GED (Release) build at 21:43:51 Aug 29 2026 ***
Usage: ./ged -h -d database_file -q query_file -m running_mode -p search_paradigm -l lower_bound_method -t ged_threshold
**** Note that for GED verification, if the returned value is not -1, then it is only an upper bound of (and may be larger than) the exact GED

*** pair astar LSa -1: /home/wms/AF2-test/AF2-CatGraph/results/GAC/07_ged_classification/work/filtered_graphs/GAC_2_final.txt /home/wms/AF2-test/AF2-CatGraph/results/GAC/07_ged_classification/work/filtered_graphs/GAC_45_final.txt ***
*** GEDs ***
0
*** GEDs ***
min_ged: 0, max_ged: 0
total average time: 38, total average_ss: 21
Total time: 46 (microseconds), total search space: 21
 #candidates: 1, #matches: 1
2026-09-01 14:06:30,913 INFO: STDERR for GAC_2_final.txt vs GAC_45_final.txt:
[0% finished]
2026-09-01 14:06:30,913 INFO: Command: /home/wms/AF2-test/AF2-CatGraph-test5/external/Graph_Edit_Distance/ged -d /home/wms/AF2-test/AF2-CatGraph/results/GAC/07_ged_classification/work/filtered_graphs/GAC_2_final.txt -q /home/wms/AF2-test/AF2-CatGraph/results/GAC/07_ged_classification/work/filtered_graphs/GAC_46_final.txt -m pair -p astar -l LSa -g
2026-09-01 14:06:30,914 INFO: STDOUT for GAC_2_final.txt vs GAC_46_final.txt:
**** GED (Release) build at 21:43:51 Aug 29 2026 ***
Usage: ./ged -h -d database_file -q query_file -m running_mode -p search_paradigm -l lower_bound_method -t ged_threshold
**** Note that for GED verification, if the returned value is not -1, then it is only an upper bound of (and may be larger than) the exact GED

*** pair astar LSa -1: /home/wms/AF2-test/AF2-CatGraph/results/GAC/07_ged_classification/work/filtered_graphs/GAC_2_final.txt /home/wms/AF2-test/AF2-CatGraph/results/GAC/07_ged_classification/work/filtered_graphs/GAC_46_final.txt ***
*** GEDs ***
0
*** GEDs ***
min_ged: 0, max_ged: 0
total average time: 34, total average_ss: 21
Total time: 41 (microseconds), total search space: 21
 #candidates: 1, #matches: 1
2026-09-01 14:06:30,914 INFO: STDERR for GAC_2_final.txt vs GAC_46_final.txt:
[0% finished]
2026-09-01 14:06:30,914 INFO: Command: /home/wms/AF2-test/AF2-CatGraph-test5/external/Graph_Edit_Distance/ged -d /home/wms/AF2-test/AF2-CatGraph/results/GAC/07_ged_classification/work/filtered_graphs/GAC_2_final.txt -q /home/wms/AF2-test/AF2-CatGraph/results/GAC/07_ged_classification/work/filtered_graphs/GAC_47_final.txt -m pair -p astar -l LSa -g
2026-09-01 14:06:30,914 INFO: STDOUT for GAC_2_final.txt vs GAC_47_final.txt:
**** GED (Release) build at 21:43:51 Aug 29 2026 ***
Usage: ./ged -h -d database_file -q query_file -m running_mode -p search_paradigm -l lower_bound_method -t ged_threshold
**** Note that for GED verification, if the returned value is not -1, then it is only an upper bound of (and may be larger than) the exact GED

*** pair astar LSa -1: /home/wms/AF2-test/AF2-CatGraph/results/GAC/07_ged_classification/work/filtered_graphs/GAC_2_final.txt /home/wms/AF2-test/AF2-CatGraph/results/GAC/07_ged_classification/work/filtered_graphs/GAC_47_final.txt ***
*** GEDs ***
0
*** GEDs ***
min_ged: 0, max_ged: 0
total average time: 33, total average_ss: 21
Total time: 42 (microseconds), total search space: 21
 #candidates: 1, #matches: 1
2026-09-01 14:06:30,914 INFO: STDERR for GAC_2_final.txt vs GAC_47_final.txt:
[0% finished]
2026-09-01 14:06:30,915 INFO: Command: /home/wms/AF2-test/AF2-CatGraph-test5/external/Graph_Edit_Distance/ged -d /home/wms/AF2-test/AF2-CatGraph/results/GAC/07_ged_classification/work/filtered_graphs/GAC_2_final.txt -q /home/wms/AF2-test/AF2-CatGraph/results/GAC/07_ged_classification/work/filtered_graphs/GAC_49_final.txt -m pair -p astar -l LSa -g
2026-09-01 14:06:30,915 INFO: STDOUT for GAC_2_final.txt vs GAC_49_final.txt:
**** GED (Release) build at 21:43:51 Aug 29 2026 ***
Usage: ./ged -h -d database_file -q query_file -m running_mode -p search_paradigm -l lower_bound_method -t ged_threshold
**** Note that for GED verification, if the returned value is not -1, then it is only an upper bound of (and may be larger than) the exact GED

*** pair astar LSa -1: /home/wms/AF2-test/AF2-CatGraph/results/GAC/07_ged_classification/work/filtered_graphs/GAC_2_final.txt /home/wms/AF2-test/AF2-CatGraph/results/GAC/07_ged_classification/work/filtered_graphs/GAC_49_final.txt ***
*** GEDs ***
0
*** GEDs ***
min_ged: 0, max_ged: 0
total average time: 30, total average_ss: 21
Total time: 37 (microseconds), total search space: 21
 #candidates: 1, #matches: 1
2026-09-01 14:06:30,915 INFO: STDERR for GAC_2_final.txt vs GAC_49_final.txt:
[0% finished]
2026-09-01 14:06:30,915 INFO: Command: /home/wms/AF2-test/AF2-CatGraph-test5/external/Graph_Edit_Distance/ged -d /home/wms/AF2-test/AF2-CatGraph/results/GAC/07_ged_classification/work/filtered_graphs/GAC_2_final.txt -q /home/wms/AF2-test/AF2-CatGraph/results/GAC/07_ged_classification/work/filtered_graphs/GAC_48_final.txt -m pair -p astar -l LSa -g
2026-09-01 14:06:30,915 INFO: STDOUT for GAC_2_final.txt vs GAC_48_final.txt:
**** GED (Release) build at 21:43:51 Aug 29 2026 ***
Usage: ./ged -h -d database_file -q query_file -m running_mode -p search_paradigm -l lower_bound_method -t ged_threshold
**** Note that for GED verification, if the returned value is not -1, then it is only an upper bound of (and may be larger than) the exact GED

*** pair astar LSa -1: /home/wms/AF2-test/AF2-CatGraph/results/GAC/07_ged_classification/work/filtered_graphs/GAC_2_final.txt /home/wms/AF2-test/AF2-CatGraph/results/GAC/07_ged_classification/work/filtered_graphs/GAC_48_final.txt ***
*** GEDs ***
0
*** GEDs ***
min_ged: 0, max_ged: 0
total average time: 30, total average_ss: 21
Total time: 37 (microseconds), total search space: 21
 #candidates: 1, #matches: 1
2026-09-01 14:06:30,915 INFO: STDERR for GAC_2_final.txt vs GAC_48_final.txt:
[0% finished]
2026-09-01 14:06:30,916 INFO: Command: /home/wms/AF2-test/AF2-CatGraph-test5/external/Graph_Edit_Distance/ged -d /home/wms/AF2-test/AF2-CatGraph/results/GAC/07_ged_classification/work/filtered_graphs/GAC_2_final.txt -q /home/wms/AF2-test/AF2-CatGraph/results/GAC/07_ged_classification/work/filtered_graphs/GAC_50_final.txt -m pair -p astar -l LSa -g
2026-09-01 14:06:30,916 INFO: STDOUT for GAC_2_final.txt vs GAC_50_final.txt:
**** GED (Release) build at 21:43:51 Aug 29 2026 ***
Usage: ./ged -h -d database_file -q query_file -m running_mode -p search_paradigm -l lower_bound_method -t ged_threshold
**** Note that for GED verification, if the returned value is not -1, then it is only an upper bound of (and may be larger than) the exact GED

*** pair astar LSa -1: /home/wms/AF2-test/AF2-CatGraph/results/GAC/07_ged_classification/work/filtered_graphs/GAC_2_final.txt /home/wms/AF2-test/AF2-CatGraph/results/GAC/07_ged_classification/work/filtered_graphs/GAC_50_final.txt ***
*** GEDs ***
0
*** GEDs ***
min_ged: 0, max_ged: 0
total average time: 30, total average_ss: 21
Total time: 37 (microseconds), total search space: 21
 #candidates: 1, #matches: 1
2026-09-01 14:06:30,916 INFO: STDERR for GAC_2_final.txt vs GAC_50_final.txt:
[0% finished]
2026-09-01 14:06:30,916 INFO: Command: /home/wms/AF2-test/AF2-CatGraph-test5/external/Graph_Edit_Distance/ged -d /home/wms/AF2-test/AF2-CatGraph/results/GAC/07_ged_classification/work/filtered_graphs/GAC_2_final.txt -q /home/wms/AF2-test/AF2-CatGraph/results/GAC/07_ged_classification/work/filtered_graphs/GAC_51_final.txt -m pair -p astar -l LSa -g
2026-09-01 14:06:30,916 INFO: STDOUT for GAC_2_final.txt vs GAC_51_final.txt:
**** GED (Release) build at 21:43:51 Aug 29 2026 ***
Usage: ./ged -h -d database_file -q query_file -m running_mode -p search_paradigm -l lower_bound_method -t ged_threshold
**** Note that for GED verification, if the returned value is not -1, then it is only an upper bound of (and may be larger than) the exact GED

*** pair astar LSa -1: /home/wms/AF2-test/AF2-CatGraph/results/GAC/07_ged_classification/work/filtered_graphs/GAC_2_final.txt /home/wms/AF2-test/AF2-CatGraph/results/GAC/07_ged_classification/work/filtered_graphs/GAC_51_final.txt ***
*** GEDs ***
0
*** GEDs ***
min_ged: 0, max_ged: 0
total average time: 35, total average_ss: 21
Total time: 42 (microseconds), total search space: 21
 #candidates: 1, #matches: 1
2026-09-01 14:06:30,916 INFO: STDERR for GAC_2_final.txt vs GAC_51_final.txt:
[0% finished]
2026-09-01 14:06:30,917 INFO: Command: /home/wms/AF2-test/AF2-CatGraph-test5/external/Graph_Edit_Distance/ged -d /home/wms/AF2-test/AF2-CatGraph/results/GAC/07_ged_classification/work/filtered_graphs/GAC_2_final.txt -q /home/wms/AF2-test/AF2-CatGraph/results/GAC/07_ged_classification/work/filtered_graphs/GAC_52_final.txt -m pair -p astar -l LSa -g
2026-09-01 14:06:30,917 INFO: STDOUT for GAC_2_final.txt vs GAC_52_final.txt:
**** GED (Release) build at 21:43:51 Aug 29 2026 ***
Usage: ./ged -h -d database_file -q query_file -m running_mode -p search_paradigm -l lower_bound_method -t ged_threshold
**** Note that for GED verification, if the returned value is not -1, then it is only an upper bound of (and may be larger than) the exact GED

*** pair astar LSa -1: /home/wms/AF2-test/AF2-CatGraph/results/GAC/07_ged_classification/work/filtered_graphs/GAC_2_final.txt /home/wms/AF2-test/AF2-CatGraph/results/GAC/07_ged_classification/work/filtered_graphs/GAC_52_final.txt ***
*** GEDs ***
0
*** GEDs ***
min_ged: 0, max_ged: 0
total average time: 32, total average_ss: 21
Total time: 40 (microseconds), total search space: 21
 #candidates: 1, #matches: 1
2026-09-01 14:06:30,917 INFO: STDERR for GAC_2_final.txt vs GAC_52_final.txt:
[0% finished]
2026-09-01 14:06:30,917 INFO: Command: /home/wms/AF2-test/AF2-CatGraph-test5/external/Graph_Edit_Distance/ged -d /home/wms/AF2-test/AF2-CatGraph/results/GAC/07_ged_classification/work/filtered_graphs/GAC_2_final.txt -q /home/wms/AF2-test/AF2-CatGraph/results/GAC/07_ged_classification/work/filtered_graphs/GAC_53_final.txt -m pair -p astar -l LSa -g
2026-09-01 14:06:30,917 INFO: STDOUT for GAC_2_final.txt vs GAC_53_final.txt:
**** GED (Release) build at 21:43:51 Aug 29 2026 ***
Usage: ./ged -h -d database_file -q query_file -m running_mode -p search_paradigm -l lower_bound_method -t ged_threshold
**** Note that for GED verification, if the returned value is not -1, then it is only an upper bound of (and may be larger than) the exact GED

*** pair astar LSa -1: /home/wms/AF2-test/AF2-CatGraph/results/GAC/07_ged_classification/work/filtered_graphs/GAC_2_final.txt /home/wms/AF2-test/AF2-CatGraph/results/GAC/07_ged_classification/work/filtered_graphs/GAC_53_final.txt ***
*** GEDs ***
0
*** GEDs ***
min_ged: 0, max_ged: 0
total average time: 35, total average_ss: 21
Total time: 42 (microseconds), total search space: 21
 #candidates: 1, #matches: 1
2026-09-01 14:06:30,917 INFO: STDERR for GAC_2_final.txt vs GAC_53_final.txt:
[0% finished]
2026-09-01 14:06:30,917 INFO: Command: /home/wms/AF2-test/AF2-CatGraph-test5/external/Graph_Edit_Distance/ged -d /home/wms/AF2-test/AF2-CatGraph/results/GAC/07_ged_classification/work/filtered_graphs/GAC_2_final.txt -q /home/wms/AF2-test/AF2-CatGraph/results/GAC/07_ged_classification/work/filtered_graphs/GAC_54_final.txt -m pair -p astar -l LSa -g
2026-09-01 14:06:30,917 INFO: STDOUT for GAC_2_final.txt vs GAC_54_final.txt:
**** GED (Release) build at 21:43:51 Aug 29 2026 ***
Usage: ./ged -h -d database_file -q query_file -m running_mode -p search_paradigm -l lower_bound_method -t ged_threshold
**** Note that for GED verification, if the returned value is not -1, then it is only an upper bound of (and may be larger than) the exact GED

*** pair astar LSa -1: /home/wms/AF2-test/AF2-CatGraph/results/GAC/07_ged_classification/work/filtered_graphs/GAC_2_final.txt /home/wms/AF2-test/AF2-CatGraph/results/GAC/07_ged_classification/work/filtered_graphs/GAC_54_final.txt ***
*** GEDs ***
0
*** GEDs ***
min_ged: 0, max_ged: 0
total average time: 35, total average_ss: 21
Total time: 44 (microseconds), total search space: 21
 #candidates: 1, #matches: 1
2026-09-01 14:06:30,917 INFO: STDERR for GAC_2_final.txt vs GAC_54_final.txt:
[0% finished]
2026-09-01 14:06:30,918 INFO: Command: /home/wms/AF2-test/AF2-CatGraph-test5/external/Graph_Edit_Distance/ged -d /home/wms/AF2-test/AF2-CatGraph/results/GAC/07_ged_classification/work/filtered_graphs/GAC_2_final.txt -q /home/wms/AF2-test/AF2-CatGraph/results/GAC/07_ged_classification/work/filtered_graphs/GAC_55_final.txt -m pair -p astar -l LSa -g
2026-09-01 14:06:30,918 INFO: STDOUT for GAC_2_final.txt vs GAC_55_final.txt:
**** GED (Release) build at 21:43:51 Aug 29 2026 ***
Usage: ./ged -h -d database_file -q query_file -m running_mode -p search_paradigm -l lower_bound_method -t ged_threshold
**** Note that for GED verification, if the returned value is not -1, then it is only an upper bound of (and may be larger than) the exact GED

*** pair astar LSa -1: /home/wms/AF2-test/AF2-CatGraph/results/GAC/07_ged_classification/work/filtered_graphs/GAC_2_final.txt /home/wms/AF2-test/AF2-CatGraph/results/GAC/07_ged_classification/work/filtered_graphs/GAC_55_final.txt ***
*** GEDs ***
0
*** GEDs ***
min_ged: 0, max_ged: 0
total average time: 35, total average_ss: 21
Total time: 44 (microseconds), total search space: 21
 #candidates: 1, #matches: 1
2026-09-01 14:06:30,918 INFO: STDERR for GAC_2_final.txt vs GAC_55_final.txt:
[0% finished]
2026-09-01 14:06:30,919 INFO: Command: /home/wms/AF2-test/AF2-CatGraph-test5/external/Graph_Edit_Distance/ged -d /home/wms/AF2-test/AF2-CatGraph/results/GAC/07_ged_classification/work/filtered_graphs/GAC_2_final.txt -q /home/wms/AF2-test/AF2-CatGraph/results/GAC/07_ged_classification/work/filtered_graphs/GAC_57_final.txt -m pair -p astar -l LSa -g
2026-09-01 14:06:30,919 INFO: STDOUT for GAC_2_final.txt vs GAC_57_final.txt:
**** GED (Release) build at 21:43:51 Aug 29 2026 ***
Usage: ./ged -h -d database_file -q query_file -m running_mode -p search_paradigm -l lower_bound_method -t ged_threshold
**** Note that for GED verification, if the returned value is not -1, then it is only an upper bound of (and may be larger than) the exact GED

*** pair astar LSa -1: /home/wms/AF2-test/AF2-CatGraph/results/GAC/07_ged_classification/work/filtered_graphs/GAC_2_final.txt /home/wms/AF2-test/AF2-CatGraph/results/GAC/07_ged_classification/work/filtered_graphs/GAC_57_final.txt ***
*** GEDs ***
0
*** GEDs ***
min_ged: 0, max_ged: 0
total average time: 30, total average_ss: 21
Total time: 35 (microseconds), total search space: 21
 #candidates: 1, #matches: 1
2026-09-01 14:06:30,919 INFO: STDERR for GAC_2_final.txt vs GAC_57_final.txt:
[0% finished]
2026-09-01 14:06:30,919 INFO: Command: /home/wms/AF2-test/AF2-CatGraph-test5/external/Graph_Edit_Distance/ged -d /home/wms/AF2-test/AF2-CatGraph/results/GAC/07_ged_classification/work/filtered_graphs/GAC_2_final.txt -q /home/wms/AF2-test/AF2-CatGraph/results/GAC/07_ged_classification/work/filtered_graphs/GAC_58_final.txt -m pair -p astar -l LSa -g
2026-09-01 14:06:30,919 INFO: STDOUT for GAC_2_final.txt vs GAC_58_final.txt:
**** GED (Release) build at 21:43:51 Aug 29 2026 ***
Usage: ./ged -h -d database_file -q query_file -m running_mode -p search_paradigm -l lower_bound_method -t ged_threshold
**** Note that for GED verification, if the returned value is not -1, then it is only an upper bound of (and may be larger than) the exact GED

*** pair astar LSa -1: /home/wms/AF2-test/AF2-CatGraph/results/GAC/07_ged_classification/work/filtered_graphs/GAC_2_final.txt /home/wms/AF2-test/AF2-CatGraph/results/GAC/07_ged_classification/work/filtered_graphs/GAC_58_final.txt ***
*** GEDs ***
0
*** GEDs ***
min_ged: 0, max_ged: 0
total average time: 47, total average_ss: 21
Total time: 57 (microseconds), total search space: 21
 #candidates: 1, #matches: 1
2026-09-01 14:06:30,919 INFO: STDERR for GAC_2_final.txt vs GAC_58_final.txt:
[0% finished]
2026-09-01 14:06:30,920 INFO: Command: /home/wms/AF2-test/AF2-CatGraph-test5/external/Graph_Edit_Distance/ged -d /home/wms/AF2-test/AF2-CatGraph/results/GAC/07_ged_classification/work/filtered_graphs/GAC_2_final.txt -q /home/wms/AF2-test/AF2-CatGraph/results/GAC/07_ged_classification/work/filtered_graphs/GAC_61_final.txt -m pair -p astar -l LSa -g
2026-09-01 14:06:30,920 INFO: STDOUT for GAC_2_final.txt vs GAC_61_final.txt:
**** GED (Release) build at 21:43:51 Aug 29 2026 ***
Usage: ./ged -h -d database_file -q query_file -m running_mode -p search_paradigm -l lower_bound_method -t ged_threshold
**** Note that for GED verification, if the returned value is not -1, then it is only an upper bound of (and may be larger than) the exact GED

*** pair astar LSa -1: /home/wms/AF2-test/AF2-CatGraph/results/GAC/07_ged_classification/work/filtered_graphs/GAC_2_final.txt /home/wms/AF2-test/AF2-CatGraph/results/GAC/07_ged_classification/work/filtered_graphs/GAC_61_final.txt ***
*** GEDs ***
0
*** GEDs ***
min_ged: 0, max_ged: 0
total average time: 34, total average_ss: 21
Total time: 41 (microseconds), total search space: 21
 #candidates: 1, #matches: 1
2026-09-01 14:06:30,920 INFO: STDERR for GAC_2_final.txt vs GAC_61_final.txt:
[0% finished]
2026-09-01 14:06:30,920 INFO: Command: /home/wms/AF2-test/AF2-CatGraph-test5/external/Graph_Edit_Distance/ged -d /home/wms/AF2-test/AF2-CatGraph/results/GAC/07_ged_classification/work/filtered_graphs/GAC_2_final.txt -q /home/wms/AF2-test/AF2-CatGraph/results/GAC/07_ged_classification/work/filtered_graphs/GAC_62_final.txt -m pair -p astar -l LSa -g
2026-09-01 14:06:30,920 INFO: STDOUT for GAC_2_final.txt vs GAC_62_final.txt:
**** GED (Release) build at 21:43:51 Aug 29 2026 ***
Usage: ./ged -h -d database_file -q query_file -m running_mode -p search_paradigm -l lower_bound_method -t ged_threshold
**** Note that for GED verification, if the returned value is not -1, then it is only an upper bound of (and may be larger than) the exact GED

*** pair astar LSa -1: /home/wms/AF2-test/AF2-CatGraph/results/GAC/07_ged_classification/work/filtered_graphs/GAC_2_final.txt /home/wms/AF2-test/AF2-CatGraph/results/GAC/07_ged_classification/work/filtered_graphs/GAC_62_final.txt ***
*** GEDs ***
0
*** GEDs ***
min_ged: 0, max_ged: 0
total average time: 32, total average_ss: 21
Total time: 38 (microseconds), total search space: 21
 #candidates: 1, #matches: 1
2026-09-01 14:06:30,920 INFO: STDERR for GAC_2_final.txt vs GAC_62_final.txt:
[0% finished]
2026-09-01 14:06:30,920 INFO: Command: /home/wms/AF2-test/AF2-CatGraph-test5/external/Graph_Edit_Distance/ged -d /home/wms/AF2-test/AF2-CatGraph/results/GAC/07_ged_classification/work/filtered_graphs/GAC_2_final.txt -q /home/wms/AF2-test/AF2-CatGraph/results/GAC/07_ged_classification/work/filtered_graphs/GAC_63_final.txt -m pair -p astar -l LSa -g
2026-09-01 14:06:30,920 INFO: STDOUT for GAC_2_final.txt vs GAC_63_final.txt:
**** GED (Release) build at 21:43:51 Aug 29 2026 ***
Usage: ./ged -h -d database_file -q query_file -m running_mode -p search_paradigm -l lower_bound_method -t ged_threshold
**** Note that for GED verification, if the returned value is not -1, then it is only an upper bound of (and may be larger than) the exact GED

*** pair astar LSa -1: /home/wms/AF2-test/AF2-CatGraph/results/GAC/07_ged_classification/work/filtered_graphs/GAC_2_final.txt /home/wms/AF2-test/AF2-CatGraph/results/GAC/07_ged_classification/work/filtered_graphs/GAC_63_final.txt ***
*** GEDs ***
0
*** GEDs ***
min_ged: 0, max_ged: 0
total average time: 31, total average_ss: 21
Total time: 37 (microseconds), total search space: 21
 #candidates: 1, #matches: 1
2026-09-01 14:06:30,920 INFO: STDERR for GAC_2_final.txt vs GAC_63_final.txt:
[0% finished]
2026-09-01 14:06:30,921 INFO: Command: /home/wms/AF2-test/AF2-CatGraph-test5/external/Graph_Edit_Distance/ged -d /home/wms/AF2-test/AF2-CatGraph/results/GAC/07_ged_classification/work/filtered_graphs/GAC_2_final.txt -q /home/wms/AF2-test/AF2-CatGraph/results/GAC/07_ged_classification/work/filtered_graphs/GAC_65_final.txt -m pair -p astar -l LSa -g
2026-09-01 14:06:30,921 INFO: STDOUT for GAC_2_final.txt vs GAC_65_final.txt:
**** GED (Release) build at 21:43:51 Aug 29 2026 ***
Usage: ./ged -h -d database_file -q query_file -m running_mode -p search_paradigm -l lower_bound_method -t ged_threshold
**** Note that for GED verification, if the returned value is not -1, then it is only an upper bound of (and may be larger than) the exact GED

*** pair astar LSa -1: /home/wms/AF2-test/AF2-CatGraph/results/GAC/07_ged_classification/work/filtered_graphs/GAC_2_final.txt /home/wms/AF2-test/AF2-CatGraph/results/GAC/07_ged_classification/work/filtered_graphs/GAC_65_final.txt ***
*** GEDs ***
0
*** GEDs ***
min_ged: 0, max_ged: 0
total average time: 37, total average_ss: 21
Total time: 46 (microseconds), total search space: 21
 #candidates: 1, #matches: 1
2026-09-01 14:06:30,921 INFO: STDERR for GAC_2_final.txt vs GAC_65_final.txt:
[0% finished]
2026-09-01 14:06:30,921 INFO: Command: /home/wms/AF2-test/AF2-CatGraph-test5/external/Graph_Edit_Distance/ged -d /home/wms/AF2-test/AF2-CatGraph/results/GAC/07_ged_classification/work/filtered_graphs/GAC_2_final.txt -q /home/wms/AF2-test/AF2-CatGraph/results/GAC/07_ged_classification/work/filtered_graphs/GAC_66_final.txt -m pair -p astar -l LSa -g
2026-09-01 14:06:30,921 INFO: STDOUT for GAC_2_final.txt vs GAC_66_final.txt:
**** GED (Release) build at 21:43:51 Aug 29 2026 ***
Usage: ./ged -h -d database_file -q query_file -m running_mode -p search_paradigm -l lower_bound_method -t ged_threshold
**** Note that for GED verification, if the returned value is not -1, then it is only an upper bound of (and may be larger than) the exact GED

*** pair astar LSa -1: /home/wms/AF2-test/AF2-CatGraph/results/GAC/07_ged_classification/work/filtered_graphs/GAC_2_final.txt /home/wms/AF2-test/AF2-CatGraph/results/GAC/07_ged_classification/work/filtered_graphs/GAC_66_final.txt ***
*** GEDs ***
0
*** GEDs ***
min_ged: 0, max_ged: 0
total average time: 34, total average_ss: 21
Total time: 40 (microseconds), total search space: 21
 #candidates: 1, #matches: 1
2026-09-01 14:06:30,921 INFO: STDERR for GAC_2_final.txt vs GAC_66_final.txt:
[0% finished]
2026-09-01 14:06:30,922 INFO: Command: /home/wms/AF2-test/AF2-CatGraph-test5/external/Graph_Edit_Distance/ged -d /home/wms/AF2-test/AF2-CatGraph/results/GAC/07_ged_classification/work/filtered_graphs/GAC_2_final.txt -q /home/wms/AF2-test/AF2-CatGraph/results/GAC/07_ged_classification/work/filtered_graphs/GAC_67_final.txt -m pair -p astar -l LSa -g
2026-09-01 14:06:30,922 INFO: STDOUT for GAC_2_final.txt vs GAC_67_final.txt:
**** GED (Release) build at 21:43:51 Aug 29 2026 ***
Usage: ./ged -h -d database_file -q query_file -m running_mode -p search_paradigm -l lower_bound_method -t ged_threshold
**** Note that for GED verification, if the returned value is not -1, then it is only an upper bound of (and may be larger than) the exact GED

*** pair astar LSa -1: /home/wms/AF2-test/AF2-CatGraph/results/GAC/07_ged_classification/work/filtered_graphs/GAC_2_final.txt /home/wms/AF2-test/AF2-CatGraph/results/GAC/07_ged_classification/work/filtered_graphs/GAC_67_final.txt ***
*** GEDs ***
0
*** GEDs ***
min_ged: 0, max_ged: 0
total average time: 35, total average_ss: 21
Total time: 43 (microseconds), total search space: 21
 #candidates: 1, #matches: 1
2026-09-01 14:06:30,922 INFO: STDERR for GAC_2_final.txt vs GAC_67_final.txt:
[0% finished]
2026-09-01 14:06:30,923 INFO: Command: /home/wms/AF2-test/AF2-CatGraph-test5/external/Graph_Edit_Distance/ged -d /home/wms/AF2-test/AF2-CatGraph/results/GAC/07_ged_classification/work/filtered_graphs/GAC_2_final.txt -q /home/wms/AF2-test/AF2-CatGraph/results/GAC/07_ged_classification/work/filtered_graphs/GAC_69_final.txt -m pair -p astar -l LSa -g
2026-09-01 14:06:30,923 INFO: STDOUT for GAC_2_final.txt vs GAC_69_final.txt:
**** GED (Release) build at 21:43:51 Aug 29 2026 ***
Usage: ./ged -h -d database_file -q query_file -m running_mode -p search_paradigm -l lower_bound_method -t ged_threshold
**** Note that for GED verification, if the returned value is not -1, then it is only an upper bound of (and may be larger than) the exact GED

*** pair astar LSa -1: /home/wms/AF2-test/AF2-CatGraph/results/GAC/07_ged_classification/work/filtered_graphs/GAC_2_final.txt /home/wms/AF2-test/AF2-CatGraph/results/GAC/07_ged_classification/work/filtered_graphs/GAC_69_final.txt ***
*** GEDs ***
0
*** GEDs ***
min_ged: 0, max_ged: 0
total average time: 35, total average_ss: 21
Total time: 43 (microseconds), total search space: 21
 #candidates: 1, #matches: 1
2026-09-01 14:06:30,923 INFO: STDERR for GAC_2_final.txt vs GAC_69_final.txt:
[0% finished]
2026-09-01 14:06:30,923 INFO: Command: /home/wms/AF2-test/AF2-CatGraph-test5/external/Graph_Edit_Distance/ged -d /home/wms/AF2-test/AF2-CatGraph/results/GAC/07_ged_classification/work/filtered_graphs/GAC_2_final.txt -q /home/wms/AF2-test/AF2-CatGraph/results/GAC/07_ged_classification/work/filtered_graphs/GAC_70_final.txt -m pair -p astar -l LSa -g
2026-09-01 14:06:30,923 INFO: STDOUT for GAC_2_final.txt vs GAC_70_final.txt:
**** GED (Release) build at 21:43:51 Aug 29 2026 ***
Usage: ./ged -h -d database_file -q query_file -m running_mode -p search_paradigm -l lower_bound_method -t ged_threshold
**** Note that for GED verification, if the returned value is not -1, then it is only an upper bound of (and may be larger than) the exact GED

*** pair astar LSa -1: /home/wms/AF2-test/AF2-CatGraph/results/GAC/07_ged_classification/work/filtered_graphs/GAC_2_final.txt /home/wms/AF2-test/AF2-CatGraph/results/GAC/07_ged_classification/work/filtered_graphs/GAC_70_final.txt ***
*** GEDs ***
0
*** GEDs ***
min_ged: 0, max_ged: 0
total average time: 34, total average_ss: 21
Total time: 42 (microseconds), total search space: 21
 #candidates: 1, #matches: 1
2026-09-01 14:06:30,923 INFO: STDERR for GAC_2_final.txt vs GAC_70_final.txt:
[0% finished]
2026-09-01 14:06:30,924 INFO: Command: /home/wms/AF2-test/AF2-CatGraph-test5/external/Graph_Edit_Distance/ged -d /home/wms/AF2-test/AF2-CatGraph/results/GAC/07_ged_classification/work/filtered_graphs/GAC_2_final.txt -q /home/wms/AF2-test/AF2-CatGraph/results/GAC/07_ged_classification/work/filtered_graphs/GAC_71_final.txt -m pair -p astar -l LSa -g
2026-09-01 14:06:30,924 INFO: STDOUT for GAC_2_final.txt vs GAC_71_final.txt:
**** GED (Release) build at 21:43:51 Aug 29 2026 ***
Usage: ./ged -h -d database_file -q query_file -m running_mode -p search_paradigm -l lower_bound_method -t ged_threshold
**** Note that for GED verification, if the returned value is not -1, then it is only an upper bound of (and may be larger than) the exact GED

*** pair astar LSa -1: /home/wms/AF2-test/AF2-CatGraph/results/GAC/07_ged_classification/work/filtered_graphs/GAC_2_final.txt /home/wms/AF2-test/AF2-CatGraph/results/GAC/07_ged_classification/work/filtered_graphs/GAC_71_final.txt ***
*** GEDs ***
0
*** GEDs ***
min_ged: 0, max_ged: 0
total average time: 32, total average_ss: 21
Total time: 39 (microseconds), total search space: 21
 #candidates: 1, #matches: 1
2026-09-01 14:06:30,924 INFO: STDERR for GAC_2_final.txt vs GAC_71_final.txt:
[0% finished]
2026-09-01 14:06:30,924 INFO: Command: /home/wms/AF2-test/AF2-CatGraph-test5/external/Graph_Edit_Distance/ged -d /home/wms/AF2-test/AF2-CatGraph/results/GAC/07_ged_classification/work/filtered_graphs/GAC_2_final.txt -q /home/wms/AF2-test/AF2-CatGraph/results/GAC/07_ged_classification/work/filtered_graphs/GAC_72_final.txt -m pair -p astar -l LSa -g
2026-09-01 14:06:30,924 INFO: STDOUT for GAC_2_final.txt vs GAC_72_final.txt:
**** GED (Release) build at 21:43:51 Aug 29 2026 ***
Usage: ./ged -h -d database_file -q query_file -m running_mode -p search_paradigm -l lower_bound_method -t ged_threshold
**** Note that for GED verification, if the returned value is not -1, then it is only an upper bound of (and may be larger than) the exact GED

*** pair astar LSa -1: /home/wms/AF2-test/AF2-CatGraph/results/GAC/07_ged_classification/work/filtered_graphs/GAC_2_final.txt /home/wms/AF2-test/AF2-CatGraph/results/GAC/07_ged_classification/work/filtered_graphs/GAC_72_final.txt ***
*** GEDs ***
0
*** GEDs ***
min_ged: 0, max_ged: 0
total average time: 33, total average_ss: 21
Total time: 40 (microseconds), total search space: 21
 #candidates: 1, #matches: 1
2026-09-01 14:06:30,924 INFO: STDERR for GAC_2_final.txt vs GAC_72_final.txt:
[0% finished]
2026-09-01 14:06:30,924 INFO: Command: /home/wms/AF2-test/AF2-CatGraph-test5/external/Graph_Edit_Distance/ged -d /home/wms/AF2-test/AF2-CatGraph/results/GAC/07_ged_classification/work/filtered_graphs/GAC_2_final.txt -q /home/wms/AF2-test/AF2-CatGraph/results/GAC/07_ged_classification/work/filtered_graphs/GAC_73_final.txt -m pair -p astar -l LSa -g
2026-09-01 14:06:30,925 INFO: STDOUT for GAC_2_final.txt vs GAC_73_final.txt:
**** GED (Release) build at 21:43:51 Aug 29 2026 ***
Usage: ./ged -h -d database_file -q query_file -m running_mode -p search_paradigm -l lower_bound_method -t ged_threshold
**** Note that for GED verification, if the returned value is not -1, then it is only an upper bound of (and may be larger than) the exact GED

*** pair astar LSa -1: /home/wms/AF2-test/AF2-CatGraph/results/GAC/07_ged_classification/work/filtered_graphs/GAC_2_final.txt /home/wms/AF2-test/AF2-CatGraph/results/GAC/07_ged_classification/work/filtered_graphs/GAC_73_final.txt ***
*** GEDs ***
0
*** GEDs ***
min_ged: 0, max_ged: 0
total average time: 30, total average_ss: 21
Total time: 35 (microseconds), total search space: 21
 #candidates: 1, #matches: 1
2026-09-01 14:06:30,925 INFO: STDERR for GAC_2_final.txt vs GAC_73_final.txt:
[0% finished]
2026-09-01 14:06:30,925 INFO: Command: /home/wms/AF2-test/AF2-CatGraph-test5/external/Graph_Edit_Distance/ged -d /home/wms/AF2-test/AF2-CatGraph/results/GAC/07_ged_classification/work/filtered_graphs/GAC_2_final.txt -q /home/wms/AF2-test/AF2-CatGraph/results/GAC/07_ged_classification/work/filtered_graphs/GAC_74_final.txt -m pair -p astar -l LSa -g
2026-09-01 14:06:30,925 INFO: STDOUT for GAC_2_final.txt vs GAC_74_final.txt:
**** GED (Release) build at 21:43:51 Aug 29 2026 ***
Usage: ./ged -h -d database_file -q query_file -m running_mode -p search_paradigm -l lower_bound_method -t ged_threshold
**** Note that for GED verification, if the returned value is not -1, then it is only an upper bound of (and may be larger than) the exact GED

*** pair astar LSa -1: /home/wms/AF2-test/AF2-CatGraph/results/GAC/07_ged_classification/work/filtered_graphs/GAC_2_final.txt /home/wms/AF2-test/AF2-CatGraph/results/GAC/07_ged_classification/work/filtered_graphs/GAC_74_final.txt ***
*** GEDs ***
0
*** GEDs ***
min_ged: 0, max_ged: 0
total average time: 34, total average_ss: 21
Total time: 41 (microseconds), total search space: 21
 #candidates: 1, #matches: 1
2026-09-01 14:06:30,925 INFO: STDERR for GAC_2_final.txt vs GAC_74_final.txt:
[0% finished]
2026-09-01 14:06:30,925 INFO: Command: /home/wms/AF2-test/AF2-CatGraph-test5/external/Graph_Edit_Distance/ged -d /home/wms/AF2-test/AF2-CatGraph/results/GAC/07_ged_classification/work/filtered_graphs/GAC_2_final.txt -q /home/wms/AF2-test/AF2-CatGraph/results/GAC/07_ged_classification/work/filtered_graphs/GAC_75_final.txt -m pair -p astar -l LSa -g
2026-09-01 14:06:30,925 INFO: STDOUT for GAC_2_final.txt vs GAC_75_final.txt:
**** GED (Release) build at 21:43:51 Aug 29 2026 ***
Usage: ./ged -h -d database_file -q query_file -m running_mode -p search_paradigm -l lower_bound_method -t ged_threshold
**** Note that for GED verification, if the returned value is not -1, then it is only an upper bound of (and may be larger than) the exact GED

*** pair astar LSa -1: /home/wms/AF2-test/AF2-CatGraph/results/GAC/07_ged_classification/work/filtered_graphs/GAC_2_final.txt /home/wms/AF2-test/AF2-CatGraph/results/GAC/07_ged_classification/work/filtered_graphs/GAC_75_final.txt ***
*** GEDs ***
0
*** GEDs ***
min_ged: 0, max_ged: 0
total average time: 36, total average_ss: 21
Total time: 43 (microseconds), total search space: 21
 #candidates: 1, #matches: 1
2026-09-01 14:06:30,925 INFO: STDERR for GAC_2_final.txt vs GAC_75_final.txt:
[0% finished]
2026-09-01 14:06:30,926 INFO: Command: /home/wms/AF2-test/AF2-CatGraph-test5/external/Graph_Edit_Distance/ged -d /home/wms/AF2-test/AF2-CatGraph/results/GAC/07_ged_classification/work/filtered_graphs/GAC_2_final.txt -q /home/wms/AF2-test/AF2-CatGraph/results/GAC/07_ged_classification/work/filtered_graphs/GAC_76_final.txt -m pair -p astar -l LSa -g
2026-09-01 14:06:30,926 INFO: STDOUT for GAC_2_final.txt vs GAC_76_final.txt:
**** GED (Release) build at 21:43:51 Aug 29 2026 ***
Usage: ./ged -h -d database_file -q query_file -m running_mode -p search_paradigm -l lower_bound_method -t ged_threshold
**** Note that for GED verification, if the returned value is not -1, then it is only an upper bound of (and may be larger than) the exact GED

*** pair astar LSa -1: /home/wms/AF2-test/AF2-CatGraph/results/GAC/07_ged_classification/work/filtered_graphs/GAC_2_final.txt /home/wms/AF2-test/AF2-CatGraph/results/GAC/07_ged_classification/work/filtered_graphs/GAC_76_final.txt ***
*** GEDs ***
0
*** GEDs ***
min_ged: 0, max_ged: 0
total average time: 34, total average_ss: 21
Total time: 41 (microseconds), total search space: 21
 #candidates: 1, #matches: 1
2026-09-01 14:06:30,926 INFO: STDERR for GAC_2_final.txt vs GAC_76_final.txt:
[0% finished]
2026-09-01 14:06:30,927 INFO: Command: /home/wms/AF2-test/AF2-CatGraph-test5/external/Graph_Edit_Distance/ged -d /home/wms/AF2-test/AF2-CatGraph/results/GAC/07_ged_classification/work/filtered_graphs/GAC_2_final.txt -q /home/wms/AF2-test/AF2-CatGraph/results/GAC/07_ged_classification/work/filtered_graphs/GAC_78_final.txt -m pair -p astar -l LSa -g
2026-09-01 14:06:30,927 INFO: STDOUT for GAC_2_final.txt vs GAC_78_final.txt:
**** GED (Release) build at 21:43:51 Aug 29 2026 ***
Usage: ./ged -h -d database_file -q query_file -m running_mode -p search_paradigm -l lower_bound_method -t ged_threshold
**** Note that for GED verification, if the returned value is not -1, then it is only an upper bound of (and may be larger than) the exact GED

*** pair astar LSa -1: /home/wms/AF2-test/AF2-CatGraph/results/GAC/07_ged_classification/work/filtered_graphs/GAC_2_final.txt /home/wms/AF2-test/AF2-CatGraph/results/GAC/07_ged_classification/work/filtered_graphs/GAC_78_final.txt ***
*** GEDs ***
0
*** GEDs ***
min_ged: 0, max_ged: 0
total average time: 33, total average_ss: 21
Total time: 43 (microseconds), total search space: 21
 #candidates: 1, #matches: 1
2026-09-01 14:06:30,927 INFO: STDERR for GAC_2_final.txt vs GAC_78_final.txt:
[0% finished]
2026-09-01 14:06:30,927 INFO: Command: /home/wms/AF2-test/AF2-CatGraph-test5/external/Graph_Edit_Distance/ged -d /home/wms/AF2-test/AF2-CatGraph/results/GAC/07_ged_classification/work/filtered_graphs/GAC_2_final.txt -q /home/wms/AF2-test/AF2-CatGraph/results/GAC/07_ged_classification/work/filtered_graphs/GAC_77_final.txt -m pair -p astar -l LSa -g
2026-09-01 14:06:30,927 INFO: STDOUT for GAC_2_final.txt vs GAC_77_final.txt:
**** GED (Release) build at 21:43:51 Aug 29 2026 ***
Usage: ./ged -h -d database_file -q query_file -m running_mode -p search_paradigm -l lower_bound_method -t ged_threshold
**** Note that for GED verification, if the returned value is not -1, then it is only an upper bound of (and may be larger than) the exact GED

*** pair astar LSa -1: /home/wms/AF2-test/AF2-CatGraph/results/GAC/07_ged_classification/work/filtered_graphs/GAC_2_final.txt /home/wms/AF2-test/AF2-CatGraph/results/GAC/07_ged_classification/work/filtered_graphs/GAC_77_final.txt ***
*** GEDs ***
0
*** GEDs ***
min_ged: 0, max_ged: 0
total average time: 57, total average_ss: 21
Total time: 66 (microseconds), total search space: 21
 #candidates: 1, #matches: 1
2026-09-01 14:06:30,927 INFO: STDERR for GAC_2_final.txt vs GAC_77_final.txt:
[0% finished]
2026-09-01 14:06:30,928 INFO: Command: /home/wms/AF2-test/AF2-CatGraph-test5/external/Graph_Edit_Distance/ged -d /home/wms/AF2-test/AF2-CatGraph/results/GAC/07_ged_classification/work/filtered_graphs/GAC_2_final.txt -q /home/wms/AF2-test/AF2-CatGraph/results/GAC/07_ged_classification/work/filtered_graphs/GAC_79_final.txt -m pair -p astar -l LSa -g
2026-09-01 14:06:30,928 INFO: STDOUT for GAC_2_final.txt vs GAC_79_final.txt:
**** GED (Release) build at 21:43:51 Aug 29 2026 ***
Usage: ./ged -h -d database_file -q query_file -m running_mode -p search_paradigm -l lower_bound_method -t ged_threshold
**** Note that for GED verification, if the returned value is not -1, then it is only an upper bound of (and may be larger than) the exact GED

*** pair astar LSa -1: /home/wms/AF2-test/AF2-CatGraph/results/GAC/07_ged_classification/work/filtered_graphs/GAC_2_final.txt /home/wms/AF2-test/AF2-CatGraph/results/GAC/07_ged_classification/work/filtered_graphs/GAC_79_final.txt ***
*** GEDs ***
0
*** GEDs ***
min_ged: 0, max_ged: 0
total average time: 28, total average_ss: 21
Total time: 35 (microseconds), total search space: 21
 #candidates: 1, #matches: 1
2026-09-01 14:06:30,928 INFO: STDERR for GAC_2_final.txt vs GAC_79_final.txt:
[0% finished]
2026-09-01 14:06:30,928 INFO: Command: /home/wms/AF2-test/AF2-CatGraph-test5/external/Graph_Edit_Distance/ged -d /home/wms/AF2-test/AF2-CatGraph/results/GAC/07_ged_classification/work/filtered_graphs/GAC_2_final.txt -q /home/wms/AF2-test/AF2-CatGraph/results/GAC/07_ged_classification/work/filtered_graphs/GAC_80_final.txt -m pair -p astar -l LSa -g
2026-09-01 14:06:30,928 INFO: STDOUT for GAC_2_final.txt vs GAC_80_final.txt:
**** GED (Release) build at 21:43:51 Aug 29 2026 ***
Usage: ./ged -h -d database_file -q query_file -m running_mode -p search_paradigm -l lower_bound_method -t ged_threshold
**** Note that for GED verification, if the returned value is not -1, then it is only an upper bound of (and may be larger than) the exact GED

*** pair astar LSa -1: /home/wms/AF2-test/AF2-CatGraph/results/GAC/07_ged_classification/work/filtered_graphs/GAC_2_final.txt /home/wms/AF2-test/AF2-CatGraph/results/GAC/07_ged_classification/work/filtered_graphs/GAC_80_final.txt ***
*** GEDs ***
0
*** GEDs ***
min_ged: 0, max_ged: 0
total average time: 34, total average_ss: 21
Total time: 43 (microseconds), total search space: 21
 #candidates: 1, #matches: 1
2026-09-01 14:06:30,928 INFO: STDERR for GAC_2_final.txt vs GAC_80_final.txt:
[0% finished]
2026-09-01 14:06:30,928 INFO: Command: /home/wms/AF2-test/AF2-CatGraph-test5/external/Graph_Edit_Distance/ged -d /home/wms/AF2-test/AF2-CatGraph/results/GAC/07_ged_classification/work/filtered_graphs/GAC_2_final.txt -q /home/wms/AF2-test/AF2-CatGraph/results/GAC/07_ged_classification/work/filtered_graphs/GAC_81_final.txt -m pair -p astar -l LSa -g
2026-09-01 14:06:30,928 INFO: STDOUT for GAC_2_final.txt vs GAC_81_final.txt:
**** GED (Release) build at 21:43:51 Aug 29 2026 ***
Usage: ./ged -h -d database_file -q query_file -m running_mode -p search_paradigm -l lower_bound_method -t ged_threshold
**** Note that for GED verification, if the returned value is not -1, then it is only an upper bound of (and may be larger than) the exact GED

*** pair astar LSa -1: /home/wms/AF2-test/AF2-CatGraph/results/GAC/07_ged_classification/work/filtered_graphs/GAC_2_final.txt /home/wms/AF2-test/AF2-CatGraph/results/GAC/07_ged_classification/work/filtered_graphs/GAC_81_final.txt ***
*** GEDs ***
0
*** GEDs ***
min_ged: 0, max_ged: 0
total average time: 32, total average_ss: 21
Total time: 41 (microseconds), total search space: 21
 #candidates: 1, #matches: 1
2026-09-01 14:06:30,928 INFO: STDERR for GAC_2_final.txt vs GAC_81_final.txt:
[0% finished]
2026-09-01 14:06:30,929 INFO: Command: /home/wms/AF2-test/AF2-CatGraph-test5/external/Graph_Edit_Distance/ged -d /home/wms/AF2-test/AF2-CatGraph/results/GAC/07_ged_classification/work/filtered_graphs/GAC_2_final.txt -q /home/wms/AF2-test/AF2-CatGraph/results/GAC/07_ged_classification/work/filtered_graphs/GAC_87_final.txt -m pair -p astar -l LSa -g
2026-09-01 14:06:30,929 INFO: STDOUT for GAC_2_final.txt vs GAC_87_final.txt:
**** GED (Release) build at 21:43:51 Aug 29 2026 ***
Usage: ./ged -h -d database_file -q query_file -m running_mode -p search_paradigm -l lower_bound_method -t ged_threshold
**** Note that for GED verification, if the returned value is not -1, then it is only an upper bound of (and may be larger than) the exact GED

*** pair astar LSa -1: /home/wms/AF2-test/AF2-CatGraph/results/GAC/07_ged_classification/work/filtered_graphs/GAC_2_final.txt /home/wms/AF2-test/AF2-CatGraph/results/GAC/07_ged_classification/work/filtered_graphs/GAC_87_final.txt ***
*** GEDs ***
2
*** GEDs ***
min_ged: 2, max_ged: 2
total average time: 31, total average_ss: 21
Total time: 37 (microseconds), total search space: 21
 #candidates: 1, #matches: 1
2026-09-01 14:06:30,929 INFO: STDERR for GAC_2_final.txt vs GAC_87_final.txt:
[0% finished]
2026-09-01 14:06:30,929 INFO: Command: /home/wms/AF2-test/AF2-CatGraph-test5/external/Graph_Edit_Distance/ged -d /home/wms/AF2-test/AF2-CatGraph/results/GAC/07_ged_classification/work/filtered_graphs/GAC_2_final.txt -q /home/wms/AF2-test/AF2-CatGraph/results/GAC/07_ged_classification/work/filtered_graphs/GAC_88_final.txt -m pair -p astar -l LSa -g
2026-09-01 14:06:30,929 INFO: STDOUT for GAC_2_final.txt vs GAC_88_final.txt:
**** GED (Release) build at 21:43:51 Aug 29 2026 ***
Usage: ./ged -h -d database_file -q query_file -m running_mode -p search_paradigm -l lower_bound_method -t ged_threshold
**** Note that for GED verification, if the returned value is not -1, then it is only an upper bound of (and may be larger than) the exact GED

*** pair astar LSa -1: /home/wms/AF2-test/AF2-CatGraph/results/GAC/07_ged_classification/work/filtered_graphs/GAC_2_final.txt /home/wms/AF2-test/AF2-CatGraph/results/GAC/07_ged_classification/work/filtered_graphs/GAC_88_final.txt ***
*** GEDs ***
0
*** GEDs ***
min_ged: 0, max_ged: 0
total average time: 32, total average_ss: 21
Total time: 39 (microseconds), total search space: 21
 #candidates: 1, #matches: 1
2026-09-01 14:06:30,929 INFO: STDERR for GAC_2_final.txt vs GAC_88_final.txt:
[0% finished]
2026-09-01 14:06:30,930 INFO: Command: /home/wms/AF2-test/AF2-CatGraph-test5/external/Graph_Edit_Distance/ged -d /home/wms/AF2-test/AF2-CatGraph/results/GAC/07_ged_classification/work/filtered_graphs/GAC_2_final.txt -q /home/wms/AF2-test/AF2-CatGraph/results/GAC/07_ged_classification/work/filtered_graphs/GAC_89_final.txt -m pair -p astar -l LSa -g
2026-09-01 14:06:30,930 INFO: STDOUT for GAC_2_final.txt vs GAC_89_final.txt:
**** GED (Release) build at 21:43:51 Aug 29 2026 ***
Usage: ./ged -h -d database_file -q query_file -m running_mode -p search_paradigm -l lower_bound_method -t ged_threshold
**** Note that for GED verification, if the returned value is not -1, then it is only an upper bound of (and may be larger than) the exact GED

*** pair astar LSa -1: /home/wms/AF2-test/AF2-CatGraph/results/GAC/07_ged_classification/work/filtered_graphs/GAC_2_final.txt /home/wms/AF2-test/AF2-CatGraph/results/GAC/07_ged_classification/work/filtered_graphs/GAC_89_final.txt ***
*** GEDs ***
0
*** GEDs ***
min_ged: 0, max_ged: 0
total average time: 31, total average_ss: 21
Total time: 40 (microseconds), total search space: 21
 #candidates: 1, #matches: 1
2026-09-01 14:06:30,930 INFO: STDERR for GAC_2_final.txt vs GAC_89_final.txt:
[0% finished]
2026-09-01 14:06:30,931 INFO: Command: /home/wms/AF2-test/AF2-CatGraph-test5/external/Graph_Edit_Distance/ged -d /home/wms/AF2-test/AF2-CatGraph/results/GAC/07_ged_classification/work/filtered_graphs/GAC_2_final.txt -q /home/wms/AF2-test/AF2-CatGraph/results/GAC/07_ged_classification/work/filtered_graphs/GAC_92_final.txt -m pair -p astar -l LSa -g
2026-09-01 14:06:30,931 INFO: STDOUT for GAC_2_final.txt vs GAC_92_final.txt:
**** GED (Release) build at 21:43:51 Aug 29 2026 ***
Usage: ./ged -h -d database_file -q query_file -m running_mode -p search_paradigm -l lower_bound_method -t ged_threshold
**** Note that for GED verification, if the returned value is not -1, then it is only an upper bound of (and may be larger than) the exact GED

*** pair astar LSa -1: /home/wms/AF2-test/AF2-CatGraph/results/GAC/07_ged_classification/work/filtered_graphs/GAC_2_final.txt /home/wms/AF2-test/AF2-CatGraph/results/GAC/07_ged_classification/work/filtered_graphs/GAC_92_final.txt ***
*** GEDs ***
0
*** GEDs ***
min_ged: 0, max_ged: 0
total average time: 31, total average_ss: 21
Total time: 39 (microseconds), total search space: 21
 #candidates: 1, #matches: 1
2026-09-01 14:06:30,931 INFO: STDERR for GAC_2_final.txt vs GAC_92_final.txt:
[0% finished]
2026-09-01 14:06:30,931 INFO: Command: /home/wms/AF2-test/AF2-CatGraph-test5/external/Graph_Edit_Distance/ged -d /home/wms/AF2-test/AF2-CatGraph/results/GAC/07_ged_classification/work/filtered_graphs/GAC_2_final.txt -q /home/wms/AF2-test/AF2-CatGraph/results/GAC/07_ged_classification/work/filtered_graphs/GAC_91_final.txt -m pair -p astar -l LSa -g
2026-09-01 14:06:30,931 INFO: STDOUT for GAC_2_final.txt vs GAC_91_final.txt:
**** GED (Release) build at 21:43:51 Aug 29 2026 ***
Usage: ./ged -h -d database_file -q query_file -m running_mode -p search_paradigm -l lower_bound_method -t ged_threshold
**** Note that for GED verification, if the returned value is not -1, then it is only an upper bound of (and may be larger than) the exact GED

*** pair astar LSa -1: /home/wms/AF2-test/AF2-CatGraph/results/GAC/07_ged_classification/work/filtered_graphs/GAC_2_final.txt /home/wms/AF2-test/AF2-CatGraph/results/GAC/07_ged_classification/work/filtered_graphs/GAC_91_final.txt ***
*** GEDs ***
0
*** GEDs ***
min_ged: 0, max_ged: 0
total average time: 34, total average_ss: 21
Total time: 42 (microseconds), total search space: 21
 #candidates: 1, #matches: 1
2026-09-01 14:06:30,931 INFO: STDERR for GAC_2_final.txt vs GAC_91_final.txt:
[0% finished]
2026-09-01 14:06:30,931 INFO: Command: /home/wms/AF2-test/AF2-CatGraph-test5/external/Graph_Edit_Distance/ged -d /home/wms/AF2-test/AF2-CatGraph/results/GAC/07_ged_classification/work/filtered_graphs/GAC_2_final.txt -q /home/wms/AF2-test/AF2-CatGraph/results/GAC/07_ged_classification/work/filtered_graphs/GAC_93_final.txt -m pair -p astar -l LSa -g
2026-09-01 14:06:30,932 INFO: STDOUT for GAC_2_final.txt vs GAC_93_final.txt:
**** GED (Release) build at 21:43:51 Aug 29 2026 ***
Usage: ./ged -h -d database_file -q query_file -m running_mode -p search_paradigm -l lower_bound_method -t ged_threshold
**** Note that for GED verification, if the returned value is not -1, then it is only an upper bound of (and may be larger than) the exact GED

*** pair astar LSa -1: /home/wms/AF2-test/AF2-CatGraph/results/GAC/07_ged_classification/work/filtered_graphs/GAC_2_final.txt /home/wms/AF2-test/AF2-CatGraph/results/GAC/07_ged_classification/work/filtered_graphs/GAC_93_final.txt ***
*** GEDs ***
0
*** GEDs ***
min_ged: 0, max_ged: 0
total average time: 34, total average_ss: 21
Total time: 40 (microseconds), total search space: 21
 #candidates: 1, #matches: 1
2026-09-01 14:06:30,932 INFO: STDERR for GAC_2_final.txt vs GAC_93_final.txt:
[0% finished]
2026-09-01 14:06:30,932 INFO: Command: /home/wms/AF2-test/AF2-CatGraph-test5/external/Graph_Edit_Distance/ged -d /home/wms/AF2-test/AF2-CatGraph/results/GAC/07_ged_classification/work/filtered_graphs/GAC_2_final.txt -q /home/wms/AF2-test/AF2-CatGraph/results/GAC/07_ged_classification/work/filtered_graphs/GAC_94_final.txt -m pair -p astar -l LSa -g
2026-09-01 14:06:30,932 INFO: STDOUT for GAC_2_final.txt vs GAC_94_final.txt:
**** GED (Release) build at 21:43:51 Aug 29 2026 ***
Usage: ./ged -h -d database_file -q query_file -m running_mode -p search_paradigm -l lower_bound_method -t ged_threshold
**** Note that for GED verification, if the returned value is not -1, then it is only an upper bound of (and may be larger than) the exact GED

*** pair astar LSa -1: /home/wms/AF2-test/AF2-CatGraph/results/GAC/07_ged_classification/work/filtered_graphs/GAC_2_final.txt /home/wms/AF2-test/AF2-CatGraph/results/GAC/07_ged_classification/work/filtered_graphs/GAC_94_final.txt ***
*** GEDs ***
0
*** GEDs ***
min_ged: 0, max_ged: 0
total average time: 34, total average_ss: 21
Total time: 43 (microseconds), total search space: 21
 #candidates: 1, #matches: 1
2026-09-01 14:06:30,932 INFO: STDERR for GAC_2_final.txt vs GAC_94_final.txt:
[0% finished]
2026-09-01 14:06:30,932 INFO: Command: /home/wms/AF2-test/AF2-CatGraph-test5/external/Graph_Edit_Distance/ged -d /home/wms/AF2-test/AF2-CatGraph/results/GAC/07_ged_classification/work/filtered_graphs/GAC_2_final.txt -q /home/wms/AF2-test/AF2-CatGraph/results/GAC/07_ged_classification/work/filtered_graphs/GAC_97_final.txt -m pair -p astar -l LSa -g
2026-09-01 14:06:30,932 INFO: STDOUT for GAC_2_final.txt vs GAC_97_final.txt:
**** GED (Release) build at 21:43:51 Aug 29 2026 ***
Usage: ./ged -h -d database_file -q query_file -m running_mode -p search_paradigm -l lower_bound_method -t ged_threshold
**** Note that for GED verification, if the returned value is not -1, then it is only an upper bound of (and may be larger than) the exact GED

*** pair astar LSa -1: /home/wms/AF2-test/AF2-CatGraph/results/GAC/07_ged_classification/work/filtered_graphs/GAC_2_final.txt /home/wms/AF2-test/AF2-CatGraph/results/GAC/07_ged_classification/work/filtered_graphs/GAC_97_final.txt ***
*** GEDs ***
0
*** GEDs ***
min_ged: 0, max_ged: 0
total average time: 33, total average_ss: 21
Total time: 40 (microseconds), total search space: 21
 #candidates: 1, #matches: 1
2026-09-01 14:06:30,932 INFO: STDERR for GAC_2_final.txt vs GAC_97_final.txt:
[0% finished]
2026-09-01 14:06:30,933 INFO: Command: /home/wms/AF2-test/AF2-CatGraph-test5/external/Graph_Edit_Distance/ged -d /home/wms/AF2-test/AF2-CatGraph/results/GAC/07_ged_classification/work/filtered_graphs/GAC_2_final.txt -q /home/wms/AF2-test/AF2-CatGraph/results/GAC/07_ged_classification/work/filtered_graphs/GAC_98_final.txt -m pair -p astar -l LSa -g
2026-09-01 14:06:30,933 INFO: STDOUT for GAC_2_final.txt vs GAC_98_final.txt:
**** GED (Release) build at 21:43:51 Aug 29 2026 ***
Usage: ./ged -h -d database_file -q query_file -m running_mode -p search_paradigm -l lower_bound_method -t ged_threshold
**** Note that for GED verification, if the returned value is not -1, then it is only an upper bound of (and may be larger than) the exact GED

*** pair astar LSa -1: /home/wms/AF2-test/AF2-CatGraph/results/GAC/07_ged_classification/work/filtered_graphs/GAC_2_final.txt /home/wms/AF2-test/AF2-CatGraph/results/GAC/07_ged_classification/work/filtered_graphs/GAC_98_final.txt ***
*** GEDs ***
0
*** GEDs ***
min_ged: 0, max_ged: 0
total average time: 38, total average_ss: 21
Total time: 46 (microseconds), total search space: 21
 #candidates: 1, #matches: 1
2026-09-01 14:06:30,933 INFO: STDERR for GAC_2_final.txt vs GAC_98_final.txt:
[0% finished]
2026-09-01 14:06:30,933 INFO: Command: /home/wms/AF2-test/AF2-CatGraph-test5/external/Graph_Edit_Distance/ged -d /home/wms/AF2-test/AF2-CatGraph/results/GAC/07_ged_classification/work/filtered_graphs/GAC_2_final.txt -q /home/wms/AF2-test/AF2-CatGraph/results/GAC/07_ged_classification/work/filtered_graphs/GAC_99_final.txt -m pair -p astar -l LSa -g
2026-09-01 14:06:30,933 INFO: STDOUT for GAC_2_final.txt vs GAC_99_final.txt:
**** GED (Release) build at 21:43:51 Aug 29 2026 ***
Usage: ./ged -h -d database_file -q query_file -m running_mode -p search_paradigm -l lower_bound_method -t ged_threshold
**** Note that for GED verification, if the returned value is not -1, then it is only an upper bound of (and may be larger than) the exact GED

*** pair astar LSa -1: /home/wms/AF2-test/AF2-CatGraph/results/GAC/07_ged_classification/work/filtered_graphs/GAC_2_final.txt /home/wms/AF2-test/AF2-CatGraph/results/GAC/07_ged_classification/work/filtered_graphs/GAC_99_final.txt ***
*** GEDs ***
0
*** GEDs ***
min_ged: 0, max_ged: 0
total average time: 28, total average_ss: 21
Total time: 33 (microseconds), total search space: 21
 #candidates: 1, #matches: 1
2026-09-01 14:06:30,933 INFO: STDERR for GAC_2_final.txt vs GAC_99_final.txt:
[0% finished]
2026-09-01 14:06:30,934 INFO: Command: /home/wms/AF2-test/AF2-CatGraph-test5/external/Graph_Edit_Distance/ged -d /home/wms/AF2-test/AF2-CatGraph/results/GAC/07_ged_classification/work/filtered_graphs/GAC_2_final.txt -q /home/wms/AF2-test/AF2-CatGraph/results/GAC/07_ged_classification/work/filtered_graphs/GAC_100_final.txt -m pair -p astar -l LSa -g
2026-09-01 14:06:30,934 INFO: STDOUT for GAC_2_final.txt vs GAC_100_final.txt:
**** GED (Release) build at 21:43:51 Aug 29 2026 ***
Usage: ./ged -h -d database_file -q query_file -m running_mode -p search_paradigm -l lower_bound_method -t ged_threshold
**** Note that for GED verification, if the returned value is not -1, then it is only an upper bound of (and may be larger than) the exact GED

*** pair astar LSa -1: /home/wms/AF2-test/AF2-CatGraph/results/GAC/07_ged_classification/work/filtered_graphs/GAC_2_final.txt /home/wms/AF2-test/AF2-CatGraph/results/GAC/07_ged_classification/work/filtered_graphs/GAC_100_final.txt ***
*** GEDs ***
0
*** GEDs ***
min_ged: 0, max_ged: 0
total average time: 34, total average_ss: 21
Total time: 41 (microseconds), total search space: 21
 #candidates: 1, #matches: 1
2026-09-01 14:06:30,934 INFO: STDERR for GAC_2_final.txt vs GAC_100_final.txt:
[0% finished]
2026-09-01 14:06:30,935 INFO: Command: /home/wms/AF2-test/AF2-CatGraph-test5/external/Graph_Edit_Distance/ged -d /home/wms/AF2-test/AF2-CatGraph/results/GAC/07_ged_classification/work/filtered_graphs/GAC_2_final.txt -q /home/wms/AF2-test/AF2-CatGraph/results/GAC/07_ged_classification/work/filtered_graphs/GAC_102_final.txt -m pair -p astar -l LSa -g
2026-09-01 14:06:30,935 INFO: Command: /home/wms/AF2-test/AF2-CatGraph-test5/external/Graph_Edit_Distance/ged -d /home/wms/AF2-test/AF2-CatGraph/results/GAC/07_ged_classification/work/filtered_graphs/GAC_2_final.txt -q /home/wms/AF2-test/AF2-CatGraph/results/GAC/07_ged_classification/work/filtered_graphs/GAC_101_final.txt -m pair -p astar -l LSa -g
2026-09-01 14:06:30,935 INFO: STDOUT for GAC_2_final.txt vs GAC_102_final.txt:
**** GED (Release) build at 21:43:51 Aug 29 2026 ***
Usage: ./ged -h -d database_file -q query_file -m running_mode -p search_paradigm -l lower_bound_method -t ged_threshold
**** Note that for GED verification, if the returned value is not -1, then it is only an upper bound of (and may be larger than) the exact GED

*** pair astar LSa -1: /home/wms/AF2-test/AF2-CatGraph/results/GAC/07_ged_classification/work/filtered_graphs/GAC_2_final.txt /home/wms/AF2-test/AF2-CatGraph/results/GAC/07_ged_classification/work/filtered_graphs/GAC_102_final.txt ***
*** GEDs ***
0
*** GEDs ***
min_ged: 0, max_ged: 0
total average time: 30, total average_ss: 21
Total time: 36 (microseconds), total search space: 21
 #candidates: 1, #matches: 1
2026-09-01 14:06:30,935 INFO: STDOUT for GAC_2_final.txt vs GAC_101_final.txt:
**** GED (Release) build at 21:43:51 Aug 29 2026 ***
Usage: ./ged -h -d database_file -q query_file -m running_mode -p search_paradigm -l lower_bound_method -t ged_threshold
**** Note that for GED verification, if the returned value is not -1, then it is only an upper bound of (and may be larger than) the exact GED

*** pair astar LSa -1: /home/wms/AF2-test/AF2-CatGraph/results/GAC/07_ged_classification/work/filtered_graphs/GAC_2_final.txt /home/wms/AF2-test/AF2-CatGraph/results/GAC/07_ged_classification/work/filtered_graphs/GAC_101_final.txt ***
*** GEDs ***
2
*** GEDs ***
min_ged: 2, max_ged: 2
total average time: 29, total average_ss: 21
Total time: 34 (microseconds), total search space: 21
 #candidates: 1, #matches: 1
2026-09-01 14:06:30,935 INFO: STDERR for GAC_2_final.txt vs GAC_102_final.txt:
[0% finished]
2026-09-01 14:06:30,935 INFO: STDERR for GAC_2_final.txt vs GAC_101_final.txt:
[0% finished]
2026-09-01 14:06:30,935 INFO: Command: /home/wms/AF2-test/AF2-CatGraph-test5/external/Graph_Edit_Distance/ged -d /home/wms/AF2-test/AF2-CatGraph/results/GAC/07_ged_classification/work/filtered_graphs/GAC_2_final.txt -q /home/wms/AF2-test/AF2-CatGraph/results/GAC/07_ged_classification/work/filtered_graphs/GAC_104_final.txt -m pair -p astar -l LSa -g
2026-09-01 14:06:30,935 INFO: STDOUT for GAC_2_final.txt vs GAC_104_final.txt:
**** GED (Release) build at 21:43:51 Aug 29 2026 ***
Usage: ./ged -h -d database_file -q query_file -m running_mode -p search_paradigm -l lower_bound_method -t ged_threshold
**** Note that for GED verification, if the returned value is not -1, then it is only an upper bound of (and may be larger than) the exact GED

*** pair astar LSa -1: /home/wms/AF2-test/AF2-CatGraph/results/GAC/07_ged_classification/work/filtered_graphs/GAC_2_final.txt /home/wms/AF2-test/AF2-CatGraph/results/GAC/07_ged_classification/work/filtered_graphs/GAC_104_final.txt ***
*** GEDs ***
0
*** GEDs ***
min_ged: 0, max_ged: 0
total average time: 28, total average_ss: 21
Total time: 34 (microseconds), total search space: 21
 #candidates: 1, #matches: 1
2026-09-01 14:06:30,935 INFO: STDERR for GAC_2_final.txt vs GAC_104_final.txt:
[0% finished]
2026-09-01 14:06:30,936 INFO: Command: /home/wms/AF2-test/AF2-CatGraph-test5/external/Graph_Edit_Distance/ged -d /home/wms/AF2-test/AF2-CatGraph/results/GAC/07_ged_classification/work/filtered_graphs/GAC_2_final.txt -q /home/wms/AF2-test/AF2-CatGraph/results/GAC/07_ged_classification/work/filtered_graphs/GAC_106_final.txt -m pair -p astar -l LSa -g
2026-09-01 14:06:30,936 INFO: STDOUT for GAC_2_final.txt vs GAC_106_final.txt:
**** GED (Release) build at 21:43:51 Aug 29 2026 ***
Usage: ./ged -h -d database_file -q query_file -m running_mode -p search_paradigm -l lower_bound_method -t ged_threshold
**** Note that for GED verification, if the returned value is not -1, then it is only an upper bound of (and may be larger than) the exact GED

*** pair astar LSa -1: /home/wms/AF2-test/AF2-CatGraph/results/GAC/07_ged_classification/work/filtered_graphs/GAC_2_final.txt /home/wms/AF2-test/AF2-CatGraph/results/GAC/07_ged_classification/work/filtered_graphs/GAC_106_final.txt ***
*** GEDs ***
2
*** GEDs ***
min_ged: 2, max_ged: 2
total average time: 66, total average_ss: 25
Total time: 81 (microseconds), total search space: 25
 #candidates: 1, #matches: 1
2026-09-01 14:06:30,936 INFO: STDERR for GAC_2_final.txt vs GAC_106_final.txt:
[0% finished]
2026-09-01 14:06:30,936 INFO: Command: /home/wms/AF2-test/AF2-CatGraph-test5/external/Graph_Edit_Distance/ged -d /home/wms/AF2-test/AF2-CatGraph/results/GAC/07_ged_classification/work/filtered_graphs/GAC_2_final.txt -q /home/wms/AF2-test/AF2-CatGraph/results/GAC/07_ged_classification/work/filtered_graphs/GAC_108_final.txt -m pair -p astar -l LSa -g
2026-09-01 14:06:30,936 INFO: STDOUT for GAC_2_final.txt vs GAC_108_final.txt:
**** GED (Release) build at 21:43:51 Aug 29 2026 ***
Usage: ./ged -h -d database_file -q query_file -m running_mode -p search_paradigm -l lower_bound_method -t ged_threshold
**** Note that for GED verification, if the returned value is not -1, then it is only an upper bound of (and may be larger than) the exact GED

*** pair astar LSa -1: /home/wms/AF2-test/AF2-CatGraph/results/GAC/07_ged_classification/work/filtered_graphs/GAC_2_final.txt /home/wms/AF2-test/AF2-CatGraph/results/GAC/07_ged_classification/work/filtered_graphs/GAC_108_final.txt ***
*** GEDs ***
2
*** GEDs ***
min_ged: 2, max_ged: 2
total average time: 32, total average_ss: 21
Total time: 38 (microseconds), total search space: 21
 #candidates: 1, #matches: 1
2026-09-01 14:06:30,936 INFO: STDERR for GAC_2_final.txt vs GAC_108_final.txt:
[0% finished]
2026-09-01 14:06:30,937 INFO: Command: /home/wms/AF2-test/AF2-CatGraph-test5/external/Graph_Edit_Distance/ged -d /home/wms/AF2-test/AF2-CatGraph/results/GAC/07_ged_classification/work/filtered_graphs/GAC_2_final.txt -q /home/wms/AF2-test/AF2-CatGraph/results/GAC/07_ged_classification/work/filtered_graphs/GAC_109_final.txt -m pair -p astar -l LSa -g
2026-09-01 14:06:30,937 INFO: STDOUT for GAC_2_final.txt vs GAC_109_final.txt:
**** GED (Release) build at 21:43:51 Aug 29 2026 ***
Usage: ./ged -h -d database_file -q query_file -m running_mode -p search_paradigm -l lower_bound_method -t ged_threshold
**** Note that for GED verification, if the returned value is not -1, then it is only an upper bound of (and may be larger than) the exact GED

*** pair astar LSa -1: /home/wms/AF2-test/AF2-CatGraph/results/GAC/07_ged_classification/work/filtered_graphs/GAC_2_final.txt /home/wms/AF2-test/AF2-CatGraph/results/GAC/07_ged_classification/work/filtered_graphs/GAC_109_final.txt ***
*** GEDs ***
0
*** GEDs ***
min_ged: 0, max_ged: 0
total average time: 32, total average_ss: 21
Total time: 39 (microseconds), total search space: 21
 #candidates: 1, #matches: 1
2026-09-01 14:06:30,937 INFO: STDERR for GAC_2_final.txt vs GAC_109_final.txt:
[0% finished]
2026-09-01 14:06:30,937 INFO: Command: /home/wms/AF2-test/AF2-CatGraph-test5/external/Graph_Edit_Distance/ged -d /home/wms/AF2-test/AF2-CatGraph/results/GAC/07_ged_classification/work/filtered_graphs/GAC_2_final.txt -q /home/wms/AF2-test/AF2-CatGraph/results/GAC/07_ged_classification/work/filtered_graphs/GAC_111_final.txt -m pair -p astar -l LSa -g
2026-09-01 14:06:30,937 INFO: STDOUT for GAC_2_final.txt vs GAC_111_final.txt:
**** GED (Release) build at 21:43:51 Aug 29 2026 ***
Usage: ./ged -h -d database_file -q query_file -m running_mode -p search_paradigm -l lower_bound_method -t ged_threshold
**** Note that for GED verification, if the returned value is not -1, then it is only an upper bound of (and may be larger than) the exact GED

*** pair astar LSa -1: /home/wms/AF2-test/AF2-CatGraph/results/GAC/07_ged_classification/work/filtered_graphs/GAC_2_final.txt /home/wms/AF2-test/AF2-CatGraph/results/GAC/07_ged_classification/work/filtered_graphs/GAC_111_final.txt ***
*** GEDs ***
0
*** GEDs ***
min_ged: 0, max_ged: 0
total average time: 36, total average_ss: 21
Total time: 45 (microseconds), total search space: 21
 #candidates: 1, #matches: 1
2026-09-01 14:06:30,937 INFO: STDERR for GAC_2_final.txt vs GAC_111_final.txt:
[0% finished]
2026-09-01 14:06:30,938 INFO: Command: /home/wms/AF2-test/AF2-CatGraph-test5/external/Graph_Edit_Distance/ged -d /home/wms/AF2-test/AF2-CatGraph/results/GAC/07_ged_classification/work/filtered_graphs/GAC_2_final.txt -q /home/wms/AF2-test/AF2-CatGraph/results/GAC/07_ged_classification/work/filtered_graphs/GAC_113_final.txt -m pair -p astar -l LSa -g
2026-09-01 14:06:30,938 INFO: STDOUT for GAC_2_final.txt vs GAC_113_final.txt:
**** GED (Release) build at 21:43:51 Aug 29 2026 ***
Usage: ./ged -h -d database_file -q query_file -m running_mode -p search_paradigm -l lower_bound_method -t ged_threshold
**** Note that for GED verification, if the returned value is not -1, then it is only an upper bound of (and may be larger than) the exact GED

*** pair astar LSa -1: /home/wms/AF2-test/AF2-CatGraph/results/GAC/07_ged_classification/work/filtered_graphs/GAC_2_final.txt /home/wms/AF2-test/AF2-CatGraph/results/GAC/07_ged_classification/work/filtered_graphs/GAC_113_final.txt ***
*** GEDs ***
0
*** GEDs ***
min_ged: 0, max_ged: 0
total average time: 33, total average_ss: 21
Total time: 40 (microseconds), total search space: 21
 #candidates: 1, #matches: 1
2026-09-01 14:06:30,938 INFO: STDERR for GAC_2_final.txt vs GAC_113_final.txt:
[0% finished]
2026-09-01 14:06:30,939 INFO: Command: /home/wms/AF2-test/AF2-CatGraph-test5/external/Graph_Edit_Distance/ged -d /home/wms/AF2-test/AF2-CatGraph/results/GAC/07_ged_classification/work/filtered_graphs/GAC_2_final.txt -q /home/wms/AF2-test/AF2-CatGraph/results/GAC/07_ged_classification/work/filtered_graphs/GAC_114_final.txt -m pair -p astar -l LSa -g
2026-09-01 14:06:30,939 INFO: STDOUT for GAC_2_final.txt vs GAC_114_final.txt:
**** GED (Release) build at 21:43:51 Aug 29 2026 ***
Usage: ./ged -h -d database_file -q query_file -m running_mode -p search_paradigm -l lower_bound_method -t ged_threshold
**** Note that for GED verification, if the returned value is not -1, then it is only an upper bound of (and may be larger than) the exact GED

*** pair astar LSa -1: /home/wms/AF2-test/AF2-CatGraph/results/GAC/07_ged_classification/work/filtered_graphs/GAC_2_final.txt /home/wms/AF2-test/AF2-CatGraph/results/GAC/07_ged_classification/work/filtered_graphs/GAC_114_final.txt ***
*** GEDs ***
0
*** GEDs ***
min_ged: 0, max_ged: 0
total average time: 27, total average_ss: 21
Total time: 33 (microseconds), total search space: 21
 #candidates: 1, #matches: 1
2026-09-01 14:06:30,939 INFO: STDERR for GAC_2_final.txt vs GAC_114_final.txt:
[0% finished]
2026-09-01 14:06:30,939 INFO: Command: /home/wms/AF2-test/AF2-CatGraph-test5/external/Graph_Edit_Distance/ged -d /home/wms/AF2-test/AF2-CatGraph/results/GAC/07_ged_classification/work/filtered_graphs/GAC_2_final.txt -q /home/wms/AF2-test/AF2-CatGraph/results/GAC/07_ged_classification/work/filtered_graphs/GAC_116_final.txt -m pair -p astar -l LSa -g
2026-09-01 14:06:30,939 INFO: STDOUT for GAC_2_final.txt vs GAC_116_final.txt:
**** GED (Release) build at 21:43:51 Aug 29 2026 ***
Usage: ./ged -h -d database_file -q query_file -m running_mode -p search_paradigm -l lower_bound_method -t ged_threshold
**** Note that for GED verification, if the returned value is not -1, then it is only an upper bound of (and may be larger than) the exact GED

*** pair astar LSa -1: /home/wms/AF2-test/AF2-CatGraph/results/GAC/07_ged_classification/work/filtered_graphs/GAC_2_final.txt /home/wms/AF2-test/AF2-CatGraph/results/GAC/07_ged_classification/work/filtered_graphs/GAC_116_final.txt ***
*** GEDs ***
0
*** GEDs ***
min_ged: 0, max_ged: 0
total average time: 34, total average_ss: 21
Total time: 42 (microseconds), total search space: 21
 #candidates: 1, #matches: 1
2026-09-01 14:06:30,939 INFO: STDERR for GAC_2_final.txt vs GAC_116_final.txt:
[0% finished]
2026-09-01 14:06:30,939 INFO: Command: /home/wms/AF2-test/AF2-CatGraph-test5/external/Graph_Edit_Distance/ged -d /home/wms/AF2-test/AF2-CatGraph/results/GAC/07_ged_classification/work/filtered_graphs/GAC_2_final.txt -q /home/wms/AF2-test/AF2-CatGraph/results/GAC/07_ged_classification/work/filtered_graphs/GAC_118_final.txt -m pair -p astar -l LSa -g
2026-09-01 14:06:30,939 INFO: STDOUT for GAC_2_final.txt vs GAC_118_final.txt:
**** GED (Release) build at 21:43:51 Aug 29 2026 ***
Usage: ./ged -h -d database_file -q query_file -m running_mode -p search_paradigm -l lower_bound_method -t ged_threshold
**** Note that for GED verification, if the returned value is not -1, then it is only an upper bound of (and may be larger than) the exact GED

*** pair astar LSa -1: /home/wms/AF2-test/AF2-CatGraph/results/GAC/07_ged_classification/work/filtered_graphs/GAC_2_final.txt /home/wms/AF2-test/AF2-CatGraph/results/GAC/07_ged_classification/work/filtered_graphs/GAC_118_final.txt ***
*** GEDs ***
0
*** GEDs ***
min_ged: 0, max_ged: 0
total average time: 31, total average_ss: 21
Total time: 39 (microseconds), total search space: 21
 #candidates: 1, #matches: 1
2026-09-01 14:06:30,939 INFO: STDERR for GAC_2_final.txt vs GAC_118_final.txt:
[0% finished]
2026-09-01 14:06:30,940 INFO: Command: /home/wms/AF2-test/AF2-CatGraph-test5/external/Graph_Edit_Distance/ged -d /home/wms/AF2-test/AF2-CatGraph/results/GAC/07_ged_classification/work/filtered_graphs/GAC_2_final.txt -q /home/wms/AF2-test/AF2-CatGraph/results/GAC/07_ged_classification/work/filtered_graphs/GAC_119_final.txt -m pair -p astar -l LSa -g
2026-09-01 14:06:30,940 INFO: STDOUT for GAC_2_final.txt vs GAC_119_final.txt:
**** GED (Release) build at 21:43:51 Aug 29 2026 ***
Usage: ./ged -h -d database_file -q query_file -m running_mode -p search_paradigm -l lower_bound_method -t ged_threshold
**** Note that for GED verification, if the returned value is not -1, then it is only an upper bound of (and may be larger than) the exact GED

*** pair astar LSa -1: /home/wms/AF2-test/AF2-CatGraph/results/GAC/07_ged_classification/work/filtered_graphs/GAC_2_final.txt /home/wms/AF2-test/AF2-CatGraph/results/GAC/07_ged_classification/work/filtered_graphs/GAC_119_final.txt ***
*** GEDs ***
0
*** GEDs ***
min_ged: 0, max_ged: 0
total average time: 34, total average_ss: 21
Total time: 43 (microseconds), total search space: 21
 #candidates: 1, #matches: 1
2026-09-01 14:06:30,940 INFO: STDERR for GAC_2_final.txt vs GAC_119_final.txt:
[0% finished]
2026-09-01 14:06:30,940 INFO: Command: /home/wms/AF2-test/AF2-CatGraph-test5/external/Graph_Edit_Distance/ged -d /home/wms/AF2-test/AF2-CatGraph/results/GAC/07_ged_classification/work/filtered_graphs/GAC_2_final.txt -q /home/wms/AF2-test/AF2-CatGraph/results/GAC/07_ged_classification/work/filtered_graphs/GAC_120_final.txt -m pair -p astar -l LSa -g
2026-09-01 14:06:30,940 INFO: STDOUT for GAC_2_final.txt vs GAC_120_final.txt:
**** GED (Release) build at 21:43:51 Aug 29 2026 ***
Usage: ./ged -h -d database_file -q query_file -m running_mode -p search_paradigm -l lower_bound_method -t ged_threshold
**** Note that for GED verification, if the returned value is not -1, then it is only an upper bound of (and may be larger than) the exact GED

*** pair astar LSa -1: /home/wms/AF2-test/AF2-CatGraph/results/GAC/07_ged_classification/work/filtered_graphs/GAC_2_final.txt /home/wms/AF2-test/AF2-CatGraph/results/GAC/07_ged_classification/work/filtered_graphs/GAC_120_final.txt ***
*** GEDs ***
0
*** GEDs ***
min_ged: 0, max_ged: 0
total average time: 32, total average_ss: 21
Total time: 39 (microseconds), total search space: 21
 #candidates: 1, #matches: 1
2026-09-01 14:06:30,940 INFO: STDERR for GAC_2_final.txt vs GAC_120_final.txt:
[0% finished]
2026-09-01 14:06:30,941 INFO: Command: /home/wms/AF2-test/AF2-CatGraph-test5/external/Graph_Edit_Distance/ged -d /home/wms/AF2-test/AF2-CatGraph/results/GAC/07_ged_classification/work/filtered_graphs/GAC_2_final.txt -q /home/wms/AF2-test/AF2-CatGraph/results/GAC/07_ged_classification/work/filtered_graphs/GAC_123_final.txt -m pair -p astar -l LSa -g
2026-09-01 14:06:30,941 INFO: STDOUT for GAC_2_final.txt vs GAC_123_final.txt:
**** GED (Release) build at 21:43:51 Aug 29 2026 ***
Usage: ./ged -h -d database_file -q query_file -m running_mode -p search_paradigm -l lower_bound_method -t ged_threshold
**** Note that for GED verification, if the returned value is not -1, then it is only an upper bound of (and may be larger than) the exact GED

*** pair astar LSa -1: /home/wms/AF2-test/AF2-CatGraph/results/GAC/07_ged_classification/work/filtered_graphs/GAC_2_final.txt /home/wms/AF2-test/AF2-CatGraph/results/GAC/07_ged_classification/work/filtered_graphs/GAC_123_final.txt ***
*** GEDs ***
0
*** GEDs ***
min_ged: 0, max_ged: 0
total average time: 36, total average_ss: 21
Total time: 43 (microseconds), total search space: 21
 #candidates: 1, #matches: 1
2026-09-01 14:06:30,941 INFO: STDERR for GAC_2_final.txt vs GAC_123_final.txt:
[0% finished]
2026-09-01 14:06:30,941 INFO: Command: /home/wms/AF2-test/AF2-CatGraph-test5/external/Graph_Edit_Distance/ged -d /home/wms/AF2-test/AF2-CatGraph/results/GAC/07_ged_classification/work/filtered_graphs/GAC_2_final.txt -q /home/wms/AF2-test/AF2-CatGraph/results/GAC/07_ged_classification/work/filtered_graphs/GAC_124_final.txt -m pair -p astar -l LSa -g
2026-09-01 14:06:30,941 INFO: STDOUT for GAC_2_final.txt vs GAC_124_final.txt:
**** GED (Release) build at 21:43:51 Aug 29 2026 ***
Usage: ./ged -h -d database_file -q query_file -m running_mode -p search_paradigm -l lower_bound_method -t ged_threshold
**** Note that for GED verification, if the returned value is not -1, then it is only an upper bound of (and may be larger than) the exact GED

*** pair astar LSa -1: /home/wms/AF2-test/AF2-CatGraph/results/GAC/07_ged_classification/work/filtered_graphs/GAC_2_final.txt /home/wms/AF2-test/AF2-CatGraph/results/GAC/07_ged_classification/work/filtered_graphs/GAC_124_final.txt ***
*** GEDs ***
0
*** GEDs ***
min_ged: 0, max_ged: 0
total average time: 35, total average_ss: 21
Total time: 40 (microseconds), total search space: 21
 #candidates: 1, #matches: 1
2026-09-01 14:06:30,941 INFO: STDERR for GAC_2_final.txt vs GAC_124_final.txt:
[0% finished]
2026-09-01 14:06:30,941 INFO: Command: /home/wms/AF2-test/AF2-CatGraph-test5/external/Graph_Edit_Distance/ged -d /home/wms/AF2-test/AF2-CatGraph/results/GAC/07_ged_classification/work/filtered_graphs/GAC_2_final.txt -q /home/wms/AF2-test/AF2-CatGraph/results/GAC/07_ged_classification/work/filtered_graphs/GAC_130_final.txt -m pair -p astar -l LSa -g
2026-09-01 14:06:30,942 INFO: STDOUT for GAC_2_final.txt vs GAC_130_final.txt:
**** GED (Release) build at 21:43:51 Aug 29 2026 ***
Usage: ./ged -h -d database_file -q query_file -m running_mode -p search_paradigm -l lower_bound_method -t ged_threshold
**** Note that for GED verification, if the returned value is not -1, then it is only an upper bound of (and may be larger than) the exact GED

*** pair astar LSa -1: /home/wms/AF2-test/AF2-CatGraph/results/GAC/07_ged_classification/work/filtered_graphs/GAC_2_final.txt /home/wms/AF2-test/AF2-CatGraph/results/GAC/07_ged_classification/work/filtered_graphs/GAC_130_final.txt ***
*** GEDs ***
0
*** GEDs ***
min_ged: 0, max_ged: 0
total average time: 32, total average_ss: 21
Total time: 39 (microseconds), total search space: 21
 #candidates: 1, #matches: 1
2026-09-01 14:06:30,942 INFO: STDERR for GAC_2_final.txt vs GAC_130_final.txt:
[0% finished]
2026-09-01 14:06:30,943 INFO: Command: /home/wms/AF2-test/AF2-CatGraph-test5/external/Graph_Edit_Distance/ged -d /home/wms/AF2-test/AF2-CatGraph/results/GAC/07_ged_classification/work/filtered_graphs/GAC_2_final.txt -q /home/wms/AF2-test/AF2-CatGraph/results/GAC/07_ged_classification/work/filtered_graphs/GAC_131_final.txt -m pair -p astar -l LSa -g
2026-09-01 14:06:30,943 INFO: STDOUT for GAC_2_final.txt vs GAC_131_final.txt:
**** GED (Release) build at 21:43:51 Aug 29 2026 ***
Usage: ./ged -h -d database_file -q query_file -m running_mode -p search_paradigm -l lower_bound_method -t ged_threshold
**** Note that for GED verification, if the returned value is not -1, then it is only an upper bound of (and may be larger than) the exact GED

*** pair astar LSa -1: /home/wms/AF2-test/AF2-CatGraph/results/GAC/07_ged_classification/work/filtered_graphs/GAC_2_final.txt /home/wms/AF2-test/AF2-CatGraph/results/GAC/07_ged_classification/work/filtered_graphs/GAC_131_final.txt ***
*** GEDs ***
0
*** GEDs ***
min_ged: 0, max_ged: 0
total average time: 27, total average_ss: 21
Total time: 34 (microseconds), total search space: 21
 #candidates: 1, #matches: 1
2026-09-01 14:06:30,943 INFO: STDERR for GAC_2_final.txt vs GAC_131_final.txt:
[0% finished]
2026-09-01 14:06:30,943 INFO: Command: /home/wms/AF2-test/AF2-CatGraph-test5/external/Graph_Edit_Distance/ged -d /home/wms/AF2-test/AF2-CatGraph/results/GAC/07_ged_classification/work/filtered_graphs/GAC_2_final.txt -q /home/wms/AF2-test/AF2-CatGraph/results/GAC/07_ged_classification/work/filtered_graphs/GAC_132_final.txt -m pair -p astar -l LSa -g
2026-09-01 14:06:30,943 INFO: STDOUT for GAC_2_final.txt vs GAC_132_final.txt:
**** GED (Release) build at 21:43:51 Aug 29 2026 ***
Usage: ./ged -h -d database_file -q query_file -m running_mode -p search_paradigm -l lower_bound_method -t ged_threshold
**** Note that for GED verification, if the returned value is not -1, then it is only an upper bound of (and may be larger than) the exact GED

*** pair astar LSa -1: /home/wms/AF2-test/AF2-CatGraph/results/GAC/07_ged_classification/work/filtered_graphs/GAC_2_final.txt /home/wms/AF2-test/AF2-CatGraph/results/GAC/07_ged_classification/work/filtered_graphs/GAC_132_final.txt ***
*** GEDs ***
0
*** GEDs ***
min_ged: 0, max_ged: 0
total average time: 34, total average_ss: 21
Total time: 44 (microseconds), total search space: 21
 #candidates: 1, #matches: 1
2026-09-01 14:06:30,943 INFO: STDERR for GAC_2_final.txt vs GAC_132_final.txt:
[0% finished]
2026-09-01 14:06:30,943 INFO: Command: /home/wms/AF2-test/AF2-CatGraph-test5/external/Graph_Edit_Distance/ged -d /home/wms/AF2-test/AF2-CatGraph/results/GAC/07_ged_classification/work/filtered_graphs/GAC_2_final.txt -q /home/wms/AF2-test/AF2-CatGraph/results/GAC/07_ged_classification/work/filtered_graphs/GAC_133_final.txt -m pair -p astar -l LSa -g
2026-09-01 14:06:30,944 INFO: STDOUT for GAC_2_final.txt vs GAC_133_final.txt:
**** GED (Release) build at 21:43:51 Aug 29 2026 ***
Usage: ./ged -h -d database_file -q query_file -m running_mode -p search_paradigm -l lower_bound_method -t ged_threshold
**** Note that for GED verification, if the returned value is not -1, then it is only an upper bound of (and may be larger than) the exact GED

*** pair astar LSa -1: /home/wms/AF2-test/AF2-CatGraph/results/GAC/07_ged_classification/work/filtered_graphs/GAC_2_final.txt /home/wms/AF2-test/AF2-CatGraph/results/GAC/07_ged_classification/work/filtered_graphs/GAC_133_final.txt ***
*** GEDs ***
0
*** GEDs ***
min_ged: 0, max_ged: 0
total average time: 36, total average_ss: 21
Total time: 44 (microseconds), total search space: 21
 #candidates: 1, #matches: 1
2026-09-01 14:06:30,944 INFO: STDERR for GAC_2_final.txt vs GAC_133_final.txt:
[0% finished]
2026-09-01 14:06:30,944 INFO: Command: /home/wms/AF2-test/AF2-CatGraph-test5/external/Graph_Edit_Distance/ged -d /home/wms/AF2-test/AF2-CatGraph/results/GAC/07_ged_classification/work/filtered_graphs/GAC_2_final.txt -q /home/wms/AF2-test/AF2-CatGraph/results/GAC/07_ged_classification/work/filtered_graphs/GAC_135_final.txt -m pair -p astar -l LSa -g
2026-09-01 14:06:30,944 INFO: STDOUT for GAC_2_final.txt vs GAC_135_final.txt:
**** GED (Release) build at 21:43:51 Aug 29 2026 ***
Usage: ./ged -h -d database_file -q query_file -m running_mode -p search_paradigm -l lower_bound_method -t ged_threshold
**** Note that for GED verification, if the returned value is not -1, then it is only an upper bound of (and may be larger than) the exact GED

*** pair astar LSa -1: /home/wms/AF2-test/AF2-CatGraph/results/GAC/07_ged_classification/work/filtered_graphs/GAC_2_final.txt /home/wms/AF2-test/AF2-CatGraph/results/GAC/07_ged_classification/work/filtered_graphs/GAC_135_final.txt ***
*** GEDs ***
0
*** GEDs ***
min_ged: 0, max_ged: 0
total average time: 31, total average_ss: 21
Total time: 39 (microseconds), total search space: 21
 #candidates: 1, #matches: 1
2026-09-01 14:06:30,944 INFO: STDERR for GAC_2_final.txt vs GAC_135_final.txt:
[0% finished]
2026-09-01 14:06:30,945 INFO: Command: /home/wms/AF2-test/AF2-CatGraph-test5/external/Graph_Edit_Distance/ged -d /home/wms/AF2-test/AF2-CatGraph/results/GAC/07_ged_classification/work/filtered_graphs/GAC_2_final.txt -q /home/wms/AF2-test/AF2-CatGraph/results/GAC/07_ged_classification/work/filtered_graphs/GAC_137_final.txt -m pair -p astar -l LSa -g
2026-09-01 14:06:30,945 INFO: STDOUT for GAC_2_final.txt vs GAC_137_final.txt:
**** GED (Release) build at 21:43:51 Aug 29 2026 ***
Usage: ./ged -h -d database_file -q query_file -m running_mode -p search_paradigm -l lower_bound_method -t ged_threshold
**** Note that for GED verification, if the returned value is not -1, then it is only an upper bound of (and may be larger than) the exact GED

*** pair astar LSa -1: /home/wms/AF2-test/AF2-CatGraph/results/GAC/07_ged_classification/work/filtered_graphs/GAC_2_final.txt /home/wms/AF2-test/AF2-CatGraph/results/GAC/07_ged_classification/work/filtered_graphs/GAC_137_final.txt ***
*** GEDs ***
0
*** GEDs ***
min_ged: 0, max_ged: 0
total average time: 30, total average_ss: 21
Total time: 36 (microseconds), total search space: 21
 #candidates: 1, #matches: 1
2026-09-01 14:06:30,945 INFO: Command: /home/wms/AF2-test/AF2-CatGraph-test5/external/Graph_Edit_Distance/ged -d /home/wms/AF2-test/AF2-CatGraph/results/GAC/07_ged_classification/work/filtered_graphs/GAC_2_final.txt -q /home/wms/AF2-test/AF2-CatGraph/results/GAC/07_ged_classification/work/filtered_graphs/GAC_134_final.txt -m pair -p astar -l LSa -g
2026-09-01 14:06:30,945 INFO: STDERR for GAC_2_final.txt vs GAC_137_final.txt:
[0% finished]
2026-09-01 14:06:30,945 INFO: STDOUT for GAC_2_final.txt vs GAC_134_final.txt:
**** GED (Release) build at 21:43:51 Aug 29 2026 ***
Usage: ./ged -h -d database_file -q query_file -m running_mode -p search_paradigm -l lower_bound_method -t ged_threshold
**** Note that for GED verification, if the returned value is not -1, then it is only an upper bound of (and may be larger than) the exact GED

*** pair astar LSa -1: /home/wms/AF2-test/AF2-CatGraph/results/GAC/07_ged_classification/work/filtered_graphs/GAC_2_final.txt /home/wms/AF2-test/AF2-CatGraph/results/GAC/07_ged_classification/work/filtered_graphs/GAC_134_final.txt ***
*** GEDs ***
0
*** GEDs ***
min_ged: 0, max_ged: 0
total average time: 36, total average_ss: 21
Total time: 42 (microseconds), total search space: 21
 #candidates: 1, #matches: 1
2026-09-01 14:06:30,945 INFO: STDERR for GAC_2_final.txt vs GAC_134_final.txt:
[0% finished]
2026-09-01 14:06:30,946 INFO: Command: /home/wms/AF2-test/AF2-CatGraph-test5/external/Graph_Edit_Distance/ged -d /home/wms/AF2-test/AF2-CatGraph/results/GAC/07_ged_classification/work/filtered_graphs/GAC_2_final.txt -q /home/wms/AF2-test/AF2-CatGraph/results/GAC/07_ged_classification/work/filtered_graphs/GAC_144_final.txt -m pair -p astar -l LSa -g
2026-09-01 14:06:30,946 INFO: STDOUT for GAC_2_final.txt vs GAC_144_final.txt:
**** GED (Release) build at 21:43:51 Aug 29 2026 ***
Usage: ./ged -h -d database_file -q query_file -m running_mode -p search_paradigm -l lower_bound_method -t ged_threshold
**** Note that for GED verification, if the returned value is not -1, then it is only an upper bound of (and may be larger than) the exact GED

*** pair astar LSa -1: /home/wms/AF2-test/AF2-CatGraph/results/GAC/07_ged_classification/work/filtered_graphs/GAC_2_final.txt /home/wms/AF2-test/AF2-CatGraph/results/GAC/07_ged_classification/work/filtered_graphs/GAC_144_final.txt ***
*** GEDs ***
0
*** GEDs ***
min_ged: 0, max_ged: 0
total average time: 28, total average_ss: 21
Total time: 36 (microseconds), total search space: 21
 #candidates: 1, #matches: 1
2026-09-01 14:06:30,946 INFO: STDERR for GAC_2_final.txt vs GAC_144_final.txt:
[0% finished]
2026-09-01 14:06:30,946 INFO: Command: /home/wms/AF2-test/AF2-CatGraph-test5/external/Graph_Edit_Distance/ged -d /home/wms/AF2-test/AF2-CatGraph/results/GAC/07_ged_classification/work/filtered_graphs/GAC_2_final.txt -q /home/wms/AF2-test/AF2-CatGraph/results/GAC/07_ged_classification/work/filtered_graphs/GAC_145_final.txt -m pair -p astar -l LSa -g
2026-09-01 14:06:30,946 INFO: STDOUT for GAC_2_final.txt vs GAC_145_final.txt:
**** GED (Release) build at 21:43:51 Aug 29 2026 ***
Usage: ./ged -h -d database_file -q query_file -m running_mode -p search_paradigm -l lower_bound_method -t ged_threshold
**** Note that for GED verification, if the returned value is not -1, then it is only an upper bound of (and may be larger than) the exact GED

*** pair astar LSa -1: /home/wms/AF2-test/AF2-CatGraph/results/GAC/07_ged_classification/work/filtered_graphs/GAC_2_final.txt /home/wms/AF2-test/AF2-CatGraph/results/GAC/07_ged_classification/work/filtered_graphs/GAC_145_final.txt ***
*** GEDs ***
0
*** GEDs ***
min_ged: 0, max_ged: 0
total average time: 34, total average_ss: 21
Total time: 42 (microseconds), total search space: 21
 #candidates: 1, #matches: 1
2026-09-01 14:06:30,946 INFO: STDERR for GAC_2_final.txt vs GAC_145_final.txt:
[0% finished]
2026-09-01 14:06:30,947 INFO: Command: /home/wms/AF2-test/AF2-CatGraph-test5/external/Graph_Edit_Distance/ged -d /home/wms/AF2-test/AF2-CatGraph/results/GAC/07_ged_classification/work/filtered_graphs/GAC_2_final.txt -q /home/wms/AF2-test/AF2-CatGraph/results/GAC/07_ged_classification/work/filtered_graphs/GAC_147_final.txt -m pair -p astar -l LSa -g
2026-09-01 14:06:30,947 INFO: STDOUT for GAC_2_final.txt vs GAC_147_final.txt:
**** GED (Release) build at 21:43:51 Aug 29 2026 ***
Usage: ./ged -h -d database_file -q query_file -m running_mode -p search_paradigm -l lower_bound_method -t ged_threshold
**** Note that for GED verification, if the returned value is not -1, then it is only an upper bound of (and may be larger than) the exact GED

*** pair astar LSa -1: /home/wms/AF2-test/AF2-CatGraph/results/GAC/07_ged_classification/work/filtered_graphs/GAC_2_final.txt /home/wms/AF2-test/AF2-CatGraph/results/GAC/07_ged_classification/work/filtered_graphs/GAC_147_final.txt ***
*** GEDs ***
0
*** GEDs ***
min_ged: 0, max_ged: 0
total average time: 29, total average_ss: 21
Total time: 36 (microseconds), total search space: 21
 #candidates: 1, #matches: 1
2026-09-01 14:06:30,947 INFO: Command: /home/wms/AF2-test/AF2-CatGraph-test5/external/Graph_Edit_Distance/ged -d /home/wms/AF2-test/AF2-CatGraph/results/GAC/07_ged_classification/work/filtered_graphs/GAC_2_final.txt -q /home/wms/AF2-test/AF2-CatGraph/results/GAC/07_ged_classification/work/filtered_graphs/GAC_149_final.txt -m pair -p astar -l LSa -g
2026-09-01 14:06:30,947 INFO: STDERR for GAC_2_final.txt vs GAC_147_final.txt:
[0% finished]
2026-09-01 14:06:30,947 INFO: STDOUT for GAC_2_final.txt vs GAC_149_final.txt:
**** GED (Release) build at 21:43:51 Aug 29 2026 ***
Usage: ./ged -h -d database_file -q query_file -m running_mode -p search_paradigm -l lower_bound_method -t ged_threshold
**** Note that for GED verification, if the returned value is not -1, then it is only an upper bound of (and may be larger than) the exact GED

*** pair astar LSa -1: /home/wms/AF2-test/AF2-CatGraph/results/GAC/07_ged_classification/work/filtered_graphs/GAC_2_final.txt /home/wms/AF2-test/AF2-CatGraph/results/GAC/07_ged_classification/work/filtered_graphs/GAC_149_final.txt ***
*** GEDs ***
0
*** GEDs ***
min_ged: 0, max_ged: 0
total average time: 29, total average_ss: 21
Total time: 35 (microseconds), total search space: 21
 #candidates: 1, #matches: 1
2026-09-01 14:06:30,947 INFO: STDERR for GAC_2_final.txt vs GAC_149_final.txt:
[0% finished]
2026-09-01 14:06:30,948 INFO: Command: /home/wms/AF2-test/AF2-CatGraph-test5/external/Graph_Edit_Distance/ged -d /home/wms/AF2-test/AF2-CatGraph/results/GAC/07_ged_classification/work/filtered_graphs/GAC_2_final.txt -q /home/wms/AF2-test/AF2-CatGraph/results/GAC/07_ged_classification/work/filtered_graphs/GAC_150_final.txt -m pair -p astar -l LSa -g
2026-09-01 14:06:30,948 INFO: STDOUT for GAC_2_final.txt vs GAC_150_final.txt:
**** GED (Release) build at 21:43:51 Aug 29 2026 ***
Usage: ./ged -h -d database_file -q query_file -m running_mode -p search_paradigm -l lower_bound_method -t ged_threshold
**** Note that for GED verification, if the returned value is not -1, then it is only an upper bound of (and may be larger than) the exact GED

*** pair astar LSa -1: /home/wms/AF2-test/AF2-CatGraph/results/GAC/07_ged_classification/work/filtered_graphs/GAC_2_final.txt /home/wms/AF2-test/AF2-CatGraph/results/GAC/07_ged_classification/work/filtered_graphs/GAC_150_final.txt ***
*** GEDs ***
0
*** GEDs ***
min_ged: 0, max_ged: 0
total average time: 26, total average_ss: 21
Total time: 32 (microseconds), total search space: 21
 #candidates: 1, #matches: 1
2026-09-01 14:06:30,948 INFO: STDERR for GAC_2_final.txt vs GAC_150_final.txt:
[0% finished]
2026-09-01 14:06:30,948 INFO: Command: /home/wms/AF2-test/AF2-CatGraph-test5/external/Graph_Edit_Distance/ged -d /home/wms/AF2-test/AF2-CatGraph/results/GAC/07_ged_classification/work/filtered_graphs/GAC_2_final.txt -q /home/wms/AF2-test/AF2-CatGraph/results/GAC/07_ged_classification/work/filtered_graphs/GAC_151_final.txt -m pair -p astar -l LSa -g
2026-09-01 14:06:30,948 INFO: STDOUT for GAC_2_final.txt vs GAC_151_final.txt:
**** GED (Release) build at 21:43:51 Aug 29 2026 ***
Usage: ./ged -h -d database_file -q query_file -m running_mode -p search_paradigm -l lower_bound_method -t ged_threshold
**** Note that for GED verification, if the returned value is not -1, then it is only an upper bound of (and may be larger than) the exact GED

*** pair astar LSa -1: /home/wms/AF2-test/AF2-CatGraph/results/GAC/07_ged_classification/work/filtered_graphs/GAC_2_final.txt /home/wms/AF2-test/AF2-CatGraph/results/GAC/07_ged_classification/work/filtered_graphs/GAC_151_final.txt ***
*** GEDs ***
0
*** GEDs ***
min_ged: 0, max_ged: 0
total average time: 29, total average_ss: 21
Total time: 35 (microseconds), total search space: 21
 #candidates: 1, #matches: 1
2026-09-01 14:06:30,948 INFO: STDERR for GAC_2_final.txt vs GAC_151_final.txt:
[0% finished]
2026-09-01 14:06:30,949 INFO: Command: /home/wms/AF2-test/AF2-CatGraph-test5/external/Graph_Edit_Distance/ged -d /home/wms/AF2-test/AF2-CatGraph/results/GAC/07_ged_classification/work/filtered_graphs/GAC_2_final.txt -q /home/wms/AF2-test/AF2-CatGraph/results/GAC/07_ged_classification/work/filtered_graphs/GAC_152_final.txt -m pair -p astar -l LSa -g
2026-09-01 14:06:30,949 INFO: STDOUT for GAC_2_final.txt vs GAC_152_final.txt:
**** GED (Release) build at 21:43:51 Aug 29 2026 ***
Usage: ./ged -h -d database_file -q query_file -m running_mode -p search_paradigm -l lower_bound_method -t ged_threshold
**** Note that for GED verification, if the returned value is not -1, then it is only an upper bound of (and may be larger than) the exact GED

*** pair astar LSa -1: /home/wms/AF2-test/AF2-CatGraph/results/GAC/07_ged_classification/work/filtered_graphs/GAC_2_final.txt /home/wms/AF2-test/AF2-CatGraph/results/GAC/07_ged_classification/work/filtered_graphs/GAC_152_final.txt ***
*** GEDs ***
0
*** GEDs ***
min_ged: 0, max_ged: 0
total average time: 27, total average_ss: 21
Total time: 33 (microseconds), total search space: 21
 #candidates: 1, #matches: 1
2026-09-01 14:06:30,949 INFO: STDERR for GAC_2_final.txt vs GAC_152_final.txt:
[0% finished]
2026-09-01 14:06:30,949 INFO: Command: /home/wms/AF2-test/AF2-CatGraph-test5/external/Graph_Edit_Distance/ged -d /home/wms/AF2-test/AF2-CatGraph/results/GAC/07_ged_classification/work/filtered_graphs/GAC_2_final.txt -q /home/wms/AF2-test/AF2-CatGraph/results/GAC/07_ged_classification/work/filtered_graphs/GAC_153_final.txt -m pair -p astar -l LSa -g
2026-09-01 14:06:30,949 INFO: STDOUT for GAC_2_final.txt vs GAC_153_final.txt:
**** GED (Release) build at 21:43:51 Aug 29 2026 ***
Usage: ./ged -h -d database_file -q query_file -m running_mode -p search_paradigm -l lower_bound_method -t ged_threshold
**** Note that for GED verification, if the returned value is not -1, then it is only an upper bound of (and may be larger than) the exact GED

*** pair astar LSa -1: /home/wms/AF2-test/AF2-CatGraph/results/GAC/07_ged_classification/work/filtered_graphs/GAC_2_final.txt /home/wms/AF2-test/AF2-CatGraph/results/GAC/07_ged_classification/work/filtered_graphs/GAC_153_final.txt ***
*** GEDs ***
0
*** GEDs ***
min_ged: 0, max_ged: 0
total average time: 34, total average_ss: 21
Total time: 41 (microseconds), total search space: 21
 #candidates: 1, #matches: 1
2026-09-01 14:06:30,949 INFO: STDERR for GAC_2_final.txt vs GAC_153_final.txt:
[0% finished]
2026-09-01 14:06:30,949 INFO: Command: /home/wms/AF2-test/AF2-CatGraph-test5/external/Graph_Edit_Distance/ged -d /home/wms/AF2-test/AF2-CatGraph/results/GAC/07_ged_classification/work/filtered_graphs/GAC_2_final.txt -q /home/wms/AF2-test/AF2-CatGraph/results/GAC/07_ged_classification/work/filtered_graphs/GAC_154_final.txt -m pair -p astar -l LSa -g
2026-09-01 14:06:30,949 INFO: STDOUT for GAC_2_final.txt vs GAC_154_final.txt:
**** GED (Release) build at 21:43:51 Aug 29 2026 ***
Usage: ./ged -h -d database_file -q query_file -m running_mode -p search_paradigm -l lower_bound_method -t ged_threshold
**** Note that for GED verification, if the returned value is not -1, then it is only an upper bound of (and may be larger than) the exact GED

*** pair astar LSa -1: /home/wms/AF2-test/AF2-CatGraph/results/GAC/07_ged_classification/work/filtered_graphs/GAC_2_final.txt /home/wms/AF2-test/AF2-CatGraph/results/GAC/07_ged_classification/work/filtered_graphs/GAC_154_final.txt ***
*** GEDs ***
0
*** GEDs ***
min_ged: 0, max_ged: 0
total average time: 36, total average_ss: 21
Total time: 45 (microseconds), total search space: 21
 #candidates: 1, #matches: 1
2026-09-01 14:06:30,949 INFO: STDERR for GAC_2_final.txt vs GAC_154_final.txt:
[0% finished]
2026-09-01 14:06:30,950 INFO: Command: /home/wms/AF2-test/AF2-CatGraph-test5/external/Graph_Edit_Distance/ged -d /home/wms/AF2-test/AF2-CatGraph/results/GAC/07_ged_classification/work/filtered_graphs/GAC_2_final.txt -q /home/wms/AF2-test/AF2-CatGraph/results/GAC/07_ged_classification/work/filtered_graphs/GAC_155_final.txt -m pair -p astar -l LSa -g
2026-09-01 14:06:30,950 INFO: STDOUT for GAC_2_final.txt vs GAC_155_final.txt:
**** GED (Release) build at 21:43:51 Aug 29 2026 ***
Usage: ./ged -h -d database_file -q query_file -m running_mode -p search_paradigm -l lower_bound_method -t ged_threshold
**** Note that for GED verification, if the returned value is not -1, then it is only an upper bound of (and may be larger than) the exact GED

*** pair astar LSa -1: /home/wms/AF2-test/AF2-CatGraph/results/GAC/07_ged_classification/work/filtered_graphs/GAC_2_final.txt /home/wms/AF2-test/AF2-CatGraph/results/GAC/07_ged_classification/work/filtered_graphs/GAC_155_final.txt ***
*** GEDs ***
0
*** GEDs ***
min_ged: 0, max_ged: 0
total average time: 33, total average_ss: 21
Total time: 42 (microseconds), total search space: 21
 #candidates: 1, #matches: 1
2026-09-01 14:06:30,950 INFO: STDERR for GAC_2_final.txt vs GAC_155_final.txt:
[0% finished]
2026-09-01 14:06:30,951 INFO: Command: /home/wms/AF2-test/AF2-CatGraph-test5/external/Graph_Edit_Distance/ged -d /home/wms/AF2-test/AF2-CatGraph/results/GAC/07_ged_classification/work/filtered_graphs/GAC_2_final.txt -q /home/wms/AF2-test/AF2-CatGraph/results/GAC/07_ged_classification/work/filtered_graphs/GAC_156_final.txt -m pair -p astar -l LSa -g
2026-09-01 14:06:30,951 INFO: STDOUT for GAC_2_final.txt vs GAC_156_final.txt:
**** GED (Release) build at 21:43:51 Aug 29 2026 ***
Usage: ./ged -h -d database_file -q query_file -m running_mode -p search_paradigm -l lower_bound_method -t ged_threshold
**** Note that for GED verification, if the returned value is not -1, then it is only an upper bound of (and may be larger than) the exact GED

*** pair astar LSa -1: /home/wms/AF2-test/AF2-CatGraph/results/GAC/07_ged_classification/work/filtered_graphs/GAC_2_final.txt /home/wms/AF2-test/AF2-CatGraph/results/GAC/07_ged_classification/work/filtered_graphs/GAC_156_final.txt ***
*** GEDs ***
0
*** GEDs ***
min_ged: 0, max_ged: 0
total average time: 31, total average_ss: 21
Total time: 38 (microseconds), total search space: 21
 #candidates: 1, #matches: 1
2026-09-01 14:06:30,951 INFO: Command: /home/wms/AF2-test/AF2-CatGraph-test5/external/Graph_Edit_Distance/ged -d /home/wms/AF2-test/AF2-CatGraph/results/GAC/07_ged_classification/work/filtered_graphs/GAC_2_final.txt -q /home/wms/AF2-test/AF2-CatGraph/results/GAC/07_ged_classification/work/filtered_graphs/GAC_159_final.txt -m pair -p astar -l LSa -g
2026-09-01 14:06:30,951 INFO: STDERR for GAC_2_final.txt vs GAC_156_final.txt:
[0% finished]
2026-09-01 14:06:30,951 INFO: STDOUT for GAC_2_final.txt vs GAC_159_final.txt:
**** GED (Release) build at 21:43:51 Aug 29 2026 ***
Usage: ./ged -h -d database_file -q query_file -m running_mode -p search_paradigm -l lower_bound_method -t ged_threshold
**** Note that for GED verification, if the returned value is not -1, then it is only an upper bound of (and may be larger than) the exact GED

*** pair astar LSa -1: /home/wms/AF2-test/AF2-CatGraph/results/GAC/07_ged_classification/work/filtered_graphs/GAC_2_final.txt /home/wms/AF2-test/AF2-CatGraph/results/GAC/07_ged_classification/work/filtered_graphs/GAC_159_final.txt ***
*** GEDs ***
0
*** GEDs ***
min_ged: 0, max_ged: 0
total average time: 47, total average_ss: 21
Total time: 53 (microseconds), total search space: 21
 #candidates: 1, #matches: 1
2026-09-01 14:06:30,951 INFO: STDERR for GAC_2_final.txt vs GAC_159_final.txt:
[0% finished]
2026-09-01 14:06:30,951 INFO: Command: /home/wms/AF2-test/AF2-CatGraph-test5/external/Graph_Edit_Distance/ged -d /home/wms/AF2-test/AF2-CatGraph/results/GAC/07_ged_classification/work/filtered_graphs/GAC_2_final.txt -q /home/wms/AF2-test/AF2-CatGraph/results/GAC/07_ged_classification/work/filtered_graphs/GAC_163_final.txt -m pair -p astar -l LSa -g
2026-09-01 14:06:30,951 INFO: STDOUT for GAC_2_final.txt vs GAC_163_final.txt:
**** GED (Release) build at 21:43:51 Aug 29 2026 ***
Usage: ./ged -h -d database_file -q query_file -m running_mode -p search_paradigm -l lower_bound_method -t ged_threshold
**** Note that for GED verification, if the returned value is not -1, then it is only an upper bound of (and may be larger than) the exact GED

*** pair astar LSa -1: /home/wms/AF2-test/AF2-CatGraph/results/GAC/07_ged_classification/work/filtered_graphs/GAC_2_final.txt /home/wms/AF2-test/AF2-CatGraph/results/GAC/07_ged_classification/work/filtered_graphs/GAC_163_final.txt ***
*** GEDs ***
2
*** GEDs ***
min_ged: 2, max_ged: 2
total average time: 27, total average_ss: 21
Total time: 32 (microseconds), total search space: 21
 #candidates: 1, #matches: 1
2026-09-01 14:06:30,951 INFO: STDERR for GAC_2_final.txt vs GAC_163_final.txt:
[0% finished]
2026-09-01 14:06:30,952 INFO: Command: /home/wms/AF2-test/AF2-CatGraph-test5/external/Graph_Edit_Distance/ged -d /home/wms/AF2-test/AF2-CatGraph/results/GAC/07_ged_classification/work/filtered_graphs/GAC_2_final.txt -q /home/wms/AF2-test/AF2-CatGraph/results/GAC/07_ged_classification/work/filtered_graphs/GAC_164_final.txt -m pair -p astar -l LSa -g
2026-09-01 14:06:30,952 INFO: STDOUT for GAC_2_final.txt vs GAC_164_final.txt:
**** GED (Release) build at 21:43:51 Aug 29 2026 ***
Usage: ./ged -h -d database_file -q query_file -m running_mode -p search_paradigm -l lower_bound_method -t ged_threshold
**** Note that for GED verification, if the returned value is not -1, then it is only an upper bound of (and may be larger than) the exact GED

*** pair astar LSa -1: /home/wms/AF2-test/AF2-CatGraph/results/GAC/07_ged_classification/work/filtered_graphs/GAC_2_final.txt /home/wms/AF2-test/AF2-CatGraph/results/GAC/07_ged_classification/work/filtered_graphs/GAC_164_final.txt ***
*** GEDs ***
0
*** GEDs ***
min_ged: 0, max_ged: 0
total average time: 29, total average_ss: 21
Total time: 35 (microseconds), total search space: 21
 #candidates: 1, #matches: 1
2026-09-01 14:06:30,952 INFO: STDERR for GAC_2_final.txt vs GAC_164_final.txt:
[0% finished]
2026-09-01 14:06:30,952 INFO: Command: /home/wms/AF2-test/AF2-CatGraph-test5/external/Graph_Edit_Distance/ged -d /home/wms/AF2-test/AF2-CatGraph/results/GAC/07_ged_classification/work/filtered_graphs/GAC_2_final.txt -q /home/wms/AF2-test/AF2-CatGraph/results/GAC/07_ged_classification/work/filtered_graphs/GAC_166_final.txt -m pair -p astar -l LSa -g
2026-09-01 14:06:30,952 INFO: STDOUT for GAC_2_final.txt vs GAC_166_final.txt:
**** GED (Release) build at 21:43:51 Aug 29 2026 ***
Usage: ./ged -h -d database_file -q query_file -m running_mode -p search_paradigm -l lower_bound_method -t ged_threshold
**** Note that for GED verification, if the returned value is not -1, then it is only an upper bound of (and may be larger than) the exact GED

*** pair astar LSa -1: /home/wms/AF2-test/AF2-CatGraph/results/GAC/07_ged_classification/work/filtered_graphs/GAC_2_final.txt /home/wms/AF2-test/AF2-CatGraph/results/GAC/07_ged_classification/work/filtered_graphs/GAC_166_final.txt ***
*** GEDs ***
0
*** GEDs ***
min_ged: 0, max_ged: 0
total average time: 27, total average_ss: 21
Total time: 33 (microseconds), total search space: 21
 #candidates: 1, #matches: 1
2026-09-01 14:06:30,952 INFO: STDERR for GAC_2_final.txt vs GAC_166_final.txt:
[0% finished]
2026-09-01 14:06:30,953 INFO: Command: /home/wms/AF2-test/AF2-CatGraph-test5/external/Graph_Edit_Distance/ged -d /home/wms/AF2-test/AF2-CatGraph/results/GAC/07_ged_classification/work/filtered_graphs/GAC_2_final.txt -q /home/wms/AF2-test/AF2-CatGraph/results/GAC/07_ged_classification/work/filtered_graphs/GAC_167_final.txt -m pair -p astar -l LSa -g
2026-09-01 14:06:30,953 INFO: STDOUT for GAC_2_final.txt vs GAC_167_final.txt:
**** GED (Release) build at 21:43:51 Aug 29 2026 ***
Usage: ./ged -h -d database_file -q query_file -m running_mode -p search_paradigm -l lower_bound_method -t ged_threshold
**** Note that for GED verification, if the returned value is not -1, then it is only an upper bound of (and may be larger than) the exact GED

*** pair astar LSa -1: /home/wms/AF2-test/AF2-CatGraph/results/GAC/07_ged_classification/work/filtered_graphs/GAC_2_final.txt /home/wms/AF2-test/AF2-CatGraph/results/GAC/07_ged_classification/work/filtered_graphs/GAC_167_final.txt ***
*** GEDs ***
0
*** GEDs ***
min_ged: 0, max_ged: 0
total average time: 33, total average_ss: 21
Total time: 41 (microseconds), total search space: 21
 #candidates: 1, #matches: 1
2026-09-01 14:06:30,953 INFO: STDERR for GAC_2_final.txt vs GAC_167_final.txt:
[0% finished]
2026-09-01 14:06:30,953 INFO: Command: /home/wms/AF2-test/AF2-CatGraph-test5/external/Graph_Edit_Distance/ged -d /home/wms/AF2-test/AF2-CatGraph/results/GAC/07_ged_classification/work/filtered_graphs/GAC_2_final.txt -q /home/wms/AF2-test/AF2-CatGraph/results/GAC/07_ged_classification/work/filtered_graphs/GAC_168_final.txt -m pair -p astar -l LSa -g
2026-09-01 14:06:30,953 INFO: STDOUT for GAC_2_final.txt vs GAC_168_final.txt:
**** GED (Release) build at 21:43:51 Aug 29 2026 ***
Usage: ./ged -h -d database_file -q query_file -m running_mode -p search_paradigm -l lower_bound_method -t ged_threshold
**** Note that for GED verification, if the returned value is not -1, then it is only an upper bound of (and may be larger than) the exact GED

*** pair astar LSa -1: /home/wms/AF2-test/AF2-CatGraph/results/GAC/07_ged_classification/work/filtered_graphs/GAC_2_final.txt /home/wms/AF2-test/AF2-CatGraph/results/GAC/07_ged_classification/work/filtered_graphs/GAC_168_final.txt ***
*** GEDs ***
0
*** GEDs ***
min_ged: 0, max_ged: 0
total average time: 32, total average_ss: 21
Total time: 38 (microseconds), total search space: 21
 #candidates: 1, #matches: 1
2026-09-01 14:06:30,953 INFO: STDERR for GAC_2_final.txt vs GAC_168_final.txt:
[0% finished]
2026-09-01 14:06:30,954 INFO: Command: /home/wms/AF2-test/AF2-CatGraph-test5/external/Graph_Edit_Distance/ged -d /home/wms/AF2-test/AF2-CatGraph/results/GAC/07_ged_classification/work/filtered_graphs/GAC_2_final.txt -q /home/wms/AF2-test/AF2-CatGraph/results/GAC/07_ged_classification/work/filtered_graphs/GAC_170_final.txt -m pair -p astar -l LSa -g
2026-09-01 14:06:30,954 INFO: STDOUT for GAC_2_final.txt vs GAC_170_final.txt:
**** GED (Release) build at 21:43:51 Aug 29 2026 ***
Usage: ./ged -h -d database_file -q query_file -m running_mode -p search_paradigm -l lower_bound_method -t ged_threshold
**** Note that for GED verification, if the returned value is not -1, then it is only an upper bound of (and may be larger than) the exact GED

*** pair astar LSa -1: /home/wms/AF2-test/AF2-CatGraph/results/GAC/07_ged_classification/work/filtered_graphs/GAC_2_final.txt /home/wms/AF2-test/AF2-CatGraph/results/GAC/07_ged_classification/work/filtered_graphs/GAC_170_final.txt ***
*** GEDs ***
0
*** GEDs ***
min_ged: 0, max_ged: 0
total average time: 29, total average_ss: 21
Total time: 36 (microseconds), total search space: 21
 #candidates: 1, #matches: 1
2026-09-01 14:06:30,954 INFO: STDERR for GAC_2_final.txt vs GAC_170_final.txt:
[0% finished]
2026-09-01 14:06:30,954 INFO: Command: /home/wms/AF2-test/AF2-CatGraph-test5/external/Graph_Edit_Distance/ged -d /home/wms/AF2-test/AF2-CatGraph/results/GAC/07_ged_classification/work/filtered_graphs/GAC_2_final.txt -q /home/wms/AF2-test/AF2-CatGraph/results/GAC/07_ged_classification/work/filtered_graphs/GAC_172_final.txt -m pair -p astar -l LSa -g
2026-09-01 14:06:30,954 INFO: STDOUT for GAC_2_final.txt vs GAC_172_final.txt:
**** GED (Release) build at 21:43:51 Aug 29 2026 ***
Usage: ./ged -h -d database_file -q query_file -m running_mode -p search_paradigm -l lower_bound_method -t ged_threshold
**** Note that for GED verification, if the returned value is not -1, then it is only an upper bound of (and may be larger than) the exact GED

*** pair astar LSa -1: /home/wms/AF2-test/AF2-CatGraph/results/GAC/07_ged_classification/work/filtered_graphs/GAC_2_final.txt /home/wms/AF2-test/AF2-CatGraph/results/GAC/07_ged_classification/work/filtered_graphs/GAC_172_final.txt ***
*** GEDs ***
0
*** GEDs ***
min_ged: 0, max_ged: 0
total average time: 28, total average_ss: 21
Total time: 34 (microseconds), total search space: 21
 #candidates: 1, #matches: 1
2026-09-01 14:06:30,954 INFO: STDERR for GAC_2_final.txt vs GAC_172_final.txt:
[0% finished]
2026-09-01 14:06:30,955 INFO: Command: /home/wms/AF2-test/AF2-CatGraph-test5/external/Graph_Edit_Distance/ged -d /home/wms/AF2-test/AF2-CatGraph/results/GAC/07_ged_classification/work/filtered_graphs/GAC_2_final.txt -q /home/wms/AF2-test/AF2-CatGraph/results/GAC/07_ged_classification/work/filtered_graphs/GAC_174_final.txt -m pair -p astar -l LSa -g
2026-09-01 14:06:30,955 INFO: STDOUT for GAC_2_final.txt vs GAC_174_final.txt:
**** GED (Release) build at 21:43:51 Aug 29 2026 ***
Usage: ./ged -h -d database_file -q query_file -m running_mode -p search_paradigm -l lower_bound_method -t ged_threshold
**** Note that for GED verification, if the returned value is not -1, then it is only an upper bound of (and may be larger than) the exact GED

*** pair astar LSa -1: /home/wms/AF2-test/AF2-CatGraph/results/GAC/07_ged_classification/work/filtered_graphs/GAC_2_final.txt /home/wms/AF2-test/AF2-CatGraph/results/GAC/07_ged_classification/work/filtered_graphs/GAC_174_final.txt ***
*** GEDs ***
2
*** GEDs ***
min_ged: 2, max_ged: 2
total average time: 26, total average_ss: 21
Total time: 32 (microseconds), total search space: 21
 #candidates: 1, #matches: 1
2026-09-01 14:06:30,955 INFO: STDERR for GAC_2_final.txt vs GAC_174_final.txt:
[0% finished]
2026-09-01 14:06:30,955 INFO: Command: /home/wms/AF2-test/AF2-CatGraph-test5/external/Graph_Edit_Distance/ged -d /home/wms/AF2-test/AF2-CatGraph/results/GAC/07_ged_classification/work/filtered_graphs/GAC_2_final.txt -q /home/wms/AF2-test/AF2-CatGraph/results/GAC/07_ged_classification/work/filtered_graphs/GAC_175_final.txt -m pair -p astar -l LSa -g
2026-09-01 14:06:30,955 INFO: STDOUT for GAC_2_final.txt vs GAC_175_final.txt:
**** GED (Release) build at 21:43:51 Aug 29 2026 ***
Usage: ./ged -h -d database_file -q query_file -m running_mode -p search_paradigm -l lower_bound_method -t ged_threshold
**** Note that for GED verification, if the returned value is not -1, then it is only an upper bound of (and may be larger than) the exact GED

*** pair astar LSa -1: /home/wms/AF2-test/AF2-CatGraph/results/GAC/07_ged_classification/work/filtered_graphs/GAC_2_final.txt /home/wms/AF2-test/AF2-CatGraph/results/GAC/07_ged_classification/work/filtered_graphs/GAC_175_final.txt ***
*** GEDs ***
0
*** GEDs ***
min_ged: 0, max_ged: 0
total average time: 29, total average_ss: 21
Total time: 34 (microseconds), total search space: 21
 #candidates: 1, #matches: 1
2026-09-01 14:06:30,955 INFO: STDERR for GAC_2_final.txt vs GAC_175_final.txt:
[0% finished]
2026-09-01 14:06:30,955 INFO: Command: /home/wms/AF2-test/AF2-CatGraph-test5/external/Graph_Edit_Distance/ged -d /home/wms/AF2-test/AF2-CatGraph/results/GAC/07_ged_classification/work/filtered_graphs/GAC_2_final.txt -q /home/wms/AF2-test/AF2-CatGraph/results/GAC/07_ged_classification/work/filtered_graphs/GAC_182_final.txt -m pair -p astar -l LSa -g
2026-09-01 14:06:30,955 INFO: STDOUT for GAC_2_final.txt vs GAC_182_final.txt:
**** GED (Release) build at 21:43:51 Aug 29 2026 ***
Usage: ./ged -h -d database_file -q query_file -m running_mode -p search_paradigm -l lower_bound_method -t ged_threshold
**** Note that for GED verification, if the returned value is not -1, then it is only an upper bound of (and may be larger than) the exact GED

*** pair astar LSa -1: /home/wms/AF2-test/AF2-CatGraph/results/GAC/07_ged_classification/work/filtered_graphs/GAC_2_final.txt /home/wms/AF2-test/AF2-CatGraph/results/GAC/07_ged_classification/work/filtered_graphs/GAC_182_final.txt ***
*** GEDs ***
0
*** GEDs ***
min_ged: 0, max_ged: 0
total average time: 36, total average_ss: 21
Total time: 45 (microseconds), total search space: 21
 #candidates: 1, #matches: 1
2026-09-01 14:06:30,955 INFO: STDERR for GAC_2_final.txt vs GAC_182_final.txt:
[0% finished]
2026-09-01 14:06:30,956 INFO: Command: /home/wms/AF2-test/AF2-CatGraph-test5/external/Graph_Edit_Distance/ged -d /home/wms/AF2-test/AF2-CatGraph/results/GAC/07_ged_classification/work/filtered_graphs/GAC_2_final.txt -q /home/wms/AF2-test/AF2-CatGraph/results/GAC/07_ged_classification/work/filtered_graphs/GAC_183_final.txt -m pair -p astar -l LSa -g
2026-09-01 14:06:30,956 INFO: STDOUT for GAC_2_final.txt vs GAC_183_final.txt:
**** GED (Release) build at 21:43:51 Aug 29 2026 ***
Usage: ./ged -h -d database_file -q query_file -m running_mode -p search_paradigm -l lower_bound_method -t ged_threshold
**** Note that for GED verification, if the returned value is not -1, then it is only an upper bound of (and may be larger than) the exact GED

*** pair astar LSa -1: /home/wms/AF2-test/AF2-CatGraph/results/GAC/07_ged_classification/work/filtered_graphs/GAC_2_final.txt /home/wms/AF2-test/AF2-CatGraph/results/GAC/07_ged_classification/work/filtered_graphs/GAC_183_final.txt ***
*** GEDs ***
0
*** GEDs ***
min_ged: 0, max_ged: 0
total average time: 33, total average_ss: 21
Total time: 40 (microseconds), total search space: 21
 #candidates: 1, #matches: 1
2026-09-01 14:06:30,956 INFO: STDERR for GAC_2_final.txt vs GAC_183_final.txt:
[0% finished]
2026-09-01 14:06:30,956 INFO: Command: /home/wms/AF2-test/AF2-CatGraph-test5/external/Graph_Edit_Distance/ged -d /home/wms/AF2-test/AF2-CatGraph/results/GAC/07_ged_classification/work/filtered_graphs/GAC_2_final.txt -q /home/wms/AF2-test/AF2-CatGraph/results/GAC/07_ged_classification/work/filtered_graphs/GAC_187_final.txt -m pair -p astar -l LSa -g
2026-09-01 14:06:30,956 INFO: STDOUT for GAC_2_final.txt vs GAC_187_final.txt:
**** GED (Release) build at 21:43:51 Aug 29 2026 ***
Usage: ./ged -h -d database_file -q query_file -m running_mode -p search_paradigm -l lower_bound_method -t ged_threshold
**** Note that for GED verification, if the returned value is not -1, then it is only an upper bound of (and may be larger than) the exact GED

*** pair astar LSa -1: /home/wms/AF2-test/AF2-CatGraph/results/GAC/07_ged_classification/work/filtered_graphs/GAC_2_final.txt /home/wms/AF2-test/AF2-CatGraph/results/GAC/07_ged_classification/work/filtered_graphs/GAC_187_final.txt ***
*** GEDs ***
0
*** GEDs ***
min_ged: 0, max_ged: 0
total average time: 31, total average_ss: 21
Total time: 37 (microseconds), total search space: 21
 #candidates: 1, #matches: 1
2026-09-01 14:06:30,956 INFO: STDERR for GAC_2_final.txt vs GAC_187_final.txt:
[0% finished]
2026-09-01 14:06:30,957 INFO: Command: /home/wms/AF2-test/AF2-CatGraph-test5/external/Graph_Edit_Distance/ged -d /home/wms/AF2-test/AF2-CatGraph/results/GAC/07_ged_classification/work/filtered_graphs/GAC_2_final.txt -q /home/wms/AF2-test/AF2-CatGraph/results/GAC/07_ged_classification/work/filtered_graphs/GAC_189_final.txt -m pair -p astar -l LSa -g
2026-09-01 14:06:30,957 INFO: STDOUT for GAC_2_final.txt vs GAC_189_final.txt:
**** GED (Release) build at 21:43:51 Aug 29 2026 ***
Usage: ./ged -h -d database_file -q query_file -m running_mode -p search_paradigm -l lower_bound_method -t ged_threshold
**** Note that for GED verification, if the returned value is not -1, then it is only an upper bound of (and may be larger than) the exact GED

*** pair astar LSa -1: /home/wms/AF2-test/AF2-CatGraph/results/GAC/07_ged_classification/work/filtered_graphs/GAC_2_final.txt /home/wms/AF2-test/AF2-CatGraph/results/GAC/07_ged_classification/work/filtered_graphs/GAC_189_final.txt ***
*** GEDs ***
0
*** GEDs ***
min_ged: 0, max_ged: 0
total average time: 31, total average_ss: 21
Total time: 38 (microseconds), total search space: 21
 #candidates: 1, #matches: 1
2026-09-01 14:06:30,957 INFO: STDERR for GAC_2_final.txt vs GAC_189_final.txt:
[0% finished]
2026-09-01 14:06:30,957 INFO: Command: /home/wms/AF2-test/AF2-CatGraph-test5/external/Graph_Edit_Distance/ged -d /home/wms/AF2-test/AF2-CatGraph/results/GAC/07_ged_classification/work/filtered_graphs/GAC_2_final.txt -q /home/wms/AF2-test/AF2-CatGraph/results/GAC/07_ged_classification/work/filtered_graphs/GAC_190_final.txt -m pair -p astar -l LSa -g
2026-09-01 14:06:30,957 INFO: STDOUT for GAC_2_final.txt vs GAC_190_final.txt:
**** GED (Release) build at 21:43:51 Aug 29 2026 ***
Usage: ./ged -h -d database_file -q query_file -m running_mode -p search_paradigm -l lower_bound_method -t ged_threshold
**** Note that for GED verification, if the returned value is not -1, then it is only an upper bound of (and may be larger than) the exact GED

*** pair astar LSa -1: /home/wms/AF2-test/AF2-CatGraph/results/GAC/07_ged_classification/work/filtered_graphs/GAC_2_final.txt /home/wms/AF2-test/AF2-CatGraph/results/GAC/07_ged_classification/work/filtered_graphs/GAC_190_final.txt ***
*** GEDs ***
0
*** GEDs ***
min_ged: 0, max_ged: 0
total average time: 34, total average_ss: 21
Total time: 40 (microseconds), total search space: 21
 #candidates: 1, #matches: 1
2026-09-01 14:06:30,957 INFO: STDERR for GAC_2_final.txt vs GAC_190_final.txt:
[0% finished]
2026-09-01 14:06:30,958 INFO: Command: /home/wms/AF2-test/AF2-CatGraph-test5/external/Graph_Edit_Distance/ged -d /home/wms/AF2-test/AF2-CatGraph/results/GAC/07_ged_classification/work/filtered_graphs/GAC_2_final.txt -q /home/wms/AF2-test/AF2-CatGraph/results/GAC/07_ged_classification/work/filtered_graphs/GAC_191_final.txt -m pair -p astar -l LSa -g
2026-09-01 14:06:30,958 INFO: STDOUT for GAC_2_final.txt vs GAC_191_final.txt:
**** GED (Release) build at 21:43:51 Aug 29 2026 ***
Usage: ./ged -h -d database_file -q query_file -m running_mode -p search_paradigm -l lower_bound_method -t ged_threshold
**** Note that for GED verification, if the returned value is not -1, then it is only an upper bound of (and may be larger than) the exact GED

*** pair astar LSa -1: /home/wms/AF2-test/AF2-CatGraph/results/GAC/07_ged_classification/work/filtered_graphs/GAC_2_final.txt /home/wms/AF2-test/AF2-CatGraph/results/GAC/07_ged_classification/work/filtered_graphs/GAC_191_final.txt ***
*** GEDs ***
0
*** GEDs ***
min_ged: 0, max_ged: 0
total average time: 32, total average_ss: 21
Total time: 39 (microseconds), total search space: 21
 #candidates: 1, #matches: 1
2026-09-01 14:06:30,958 INFO: STDERR for GAC_2_final.txt vs GAC_191_final.txt:
[0% finished]
2026-09-01 14:06:30,958 INFO: Command: /home/wms/AF2-test/AF2-CatGraph-test5/external/Graph_Edit_Distance/ged -d /home/wms/AF2-test/AF2-CatGraph/results/GAC/07_ged_classification/work/filtered_graphs/GAC_2_final.txt -q /home/wms/AF2-test/AF2-CatGraph/results/GAC/07_ged_classification/work/filtered_graphs/GAC_192_final.txt -m pair -p astar -l LSa -g
2026-09-01 14:06:30,959 INFO: STDOUT for GAC_2_final.txt vs GAC_192_final.txt:
**** GED (Release) build at 21:43:51 Aug 29 2026 ***
Usage: ./ged -h -d database_file -q query_file -m running_mode -p search_paradigm -l lower_bound_method -t ged_threshold
**** Note that for GED verification, if the returned value is not -1, then it is only an upper bound of (and may be larger than) the exact GED

*** pair astar LSa -1: /home/wms/AF2-test/AF2-CatGraph/results/GAC/07_ged_classification/work/filtered_graphs/GAC_2_final.txt /home/wms/AF2-test/AF2-CatGraph/results/GAC/07_ged_classification/work/filtered_graphs/GAC_192_final.txt ***
*** GEDs ***
0
*** GEDs ***
min_ged: 0, max_ged: 0
total average time: 33, total average_ss: 21
Total time: 41 (microseconds), total search space: 21
 #candidates: 1, #matches: 1
2026-09-01 14:06:30,959 INFO: STDERR for GAC_2_final.txt vs GAC_192_final.txt:
[0% finished]
2026-09-01 14:06:30,959 INFO: Command: /home/wms/AF2-test/AF2-CatGraph-test5/external/Graph_Edit_Distance/ged -d /home/wms/AF2-test/AF2-CatGraph/results/GAC/07_ged_classification/work/filtered_graphs/GAC_2_final.txt -q /home/wms/AF2-test/AF2-CatGraph/results/GAC/07_ged_classification/work/filtered_graphs/GAC_195_final.txt -m pair -p astar -l LSa -g
2026-09-01 14:06:30,959 INFO: STDOUT for GAC_2_final.txt vs GAC_195_final.txt:
**** GED (Release) build at 21:43:51 Aug 29 2026 ***
Usage: ./ged -h -d database_file -q query_file -m running_mode -p search_paradigm -l lower_bound_method -t ged_threshold
**** Note that for GED verification, if the returned value is not -1, then it is only an upper bound of (and may be larger than) the exact GED

*** pair astar LSa -1: /home/wms/AF2-test/AF2-CatGraph/results/GAC/07_ged_classification/work/filtered_graphs/GAC_2_final.txt /home/wms/AF2-test/AF2-CatGraph/results/GAC/07_ged_classification/work/filtered_graphs/GAC_195_final.txt ***
*** GEDs ***
2
*** GEDs ***
min_ged: 2, max_ged: 2
total average time: 36, total average_ss: 21
Total time: 45 (microseconds), total search space: 21
 #candidates: 1, #matches: 1
2026-09-01 14:06:30,959 INFO: STDERR for GAC_2_final.txt vs GAC_195_final.txt:
[0% finished]
2026-09-01 14:06:30,960 INFO: Command: /home/wms/AF2-test/AF2-CatGraph-test5/external/Graph_Edit_Distance/ged -d /home/wms/AF2-test/AF2-CatGraph/results/GAC/07_ged_classification/work/filtered_graphs/GAC_2_final.txt -q /home/wms/AF2-test/AF2-CatGraph/results/GAC/07_ged_classification/work/filtered_graphs/GAC_199_final.txt -m pair -p astar -l LSa -g
2026-09-01 14:06:30,960 INFO: STDOUT for GAC_2_final.txt vs GAC_199_final.txt:
**** GED (Release) build at 21:43:51 Aug 29 2026 ***
Usage: ./ged -h -d database_file -q query_file -m running_mode -p search_paradigm -l lower_bound_method -t ged_threshold
**** Note that for GED verification, if the returned value is not -1, then it is only an upper bound of (and may be larger than) the exact GED

*** pair astar LSa -1: /home/wms/AF2-test/AF2-CatGraph/results/GAC/07_ged_classification/work/filtered_graphs/GAC_2_final.txt /home/wms/AF2-test/AF2-CatGraph/results/GAC/07_ged_classification/work/filtered_graphs/GAC_199_final.txt ***
*** GEDs ***
0
*** GEDs ***
min_ged: 0, max_ged: 0
total average time: 33, total average_ss: 21
Total time: 40 (microseconds), total search space: 21
 #candidates: 1, #matches: 1
2026-09-01 14:06:30,960 INFO: STDERR for GAC_2_final.txt vs GAC_199_final.txt:
[0% finished]
2026-09-01 14:06:30,960 INFO: Command: /home/wms/AF2-test/AF2-CatGraph-test5/external/Graph_Edit_Distance/ged -d /home/wms/AF2-test/AF2-CatGraph/results/GAC/07_ged_classification/work/filtered_graphs/GAC_2_final.txt -q /home/wms/AF2-test/AF2-CatGraph/results/GAC/07_ged_classification/work/filtered_graphs/GAC_193_final.txt -m pair -p astar -l LSa -g
2026-09-01 14:06:30,960 INFO: STDOUT for GAC_2_final.txt vs GAC_193_final.txt:
**** GED (Release) build at 21:43:51 Aug 29 2026 ***
Usage: ./ged -h -d database_file -q query_file -m running_mode -p search_paradigm -l lower_bound_method -t ged_threshold
**** Note that for GED verification, if the returned value is not -1, then it is only an upper bound of (and may be larger than) the exact GED

*** pair astar LSa -1: /home/wms/AF2-test/AF2-CatGraph/results/GAC/07_ged_classification/work/filtered_graphs/GAC_2_final.txt /home/wms/AF2-test/AF2-CatGraph/results/GAC/07_ged_classification/work/filtered_graphs/GAC_193_final.txt ***
*** GEDs ***
0
*** GEDs ***
min_ged: 0, max_ged: 0
total average time: 46, total average_ss: 21
Total time: 58 (microseconds), total search space: 21
 #candidates: 1, #matches: 1
2026-09-01 14:06:30,960 INFO: STDERR for GAC_2_final.txt vs GAC_193_final.txt:
[0% finished]
2026-09-01 14:06:30,961 INFO: Command: /home/wms/AF2-test/AF2-CatGraph-test5/external/Graph_Edit_Distance/ged -d /home/wms/AF2-test/AF2-CatGraph/results/GAC/07_ged_classification/work/filtered_graphs/GAC_2_final.txt -q /home/wms/AF2-test/AF2-CatGraph/results/GAC/07_ged_classification/work/filtered_graphs/GAC_201_final.txt -m pair -p astar -l LSa -g
2026-09-01 14:06:30,961 INFO: STDOUT for GAC_2_final.txt vs GAC_201_final.txt:
**** GED (Release) build at 21:43:51 Aug 29 2026 ***
Usage: ./ged -h -d database_file -q query_file -m running_mode -p search_paradigm -l lower_bound_method -t ged_threshold
**** Note that for GED verification, if the returned value is not -1, then it is only an upper bound of (and may be larger than) the exact GED

*** pair astar LSa -1: /home/wms/AF2-test/AF2-CatGraph/results/GAC/07_ged_classification/work/filtered_graphs/GAC_2_final.txt /home/wms/AF2-test/AF2-CatGraph/results/GAC/07_ged_classification/work/filtered_graphs/GAC_201_final.txt ***
*** GEDs ***
0
*** GEDs ***
min_ged: 0, max_ged: 0
total average time: 29, total average_ss: 21
Total time: 34 (microseconds), total search space: 21
 #candidates: 1, #matches: 1
2026-09-01 14:06:30,961 INFO: STDERR for GAC_2_final.txt vs GAC_201_final.txt:
[0% finished]
2026-09-01 14:06:30,961 INFO: Command: /home/wms/AF2-test/AF2-CatGraph-test5/external/Graph_Edit_Distance/ged -d /home/wms/AF2-test/AF2-CatGraph/results/GAC/07_ged_classification/work/filtered_graphs/GAC_2_final.txt -q /home/wms/AF2-test/AF2-CatGraph/results/GAC/07_ged_classification/work/filtered_graphs/GAC_200_final.txt -m pair -p astar -l LSa -g
2026-09-01 14:06:30,961 INFO: STDOUT for GAC_2_final.txt vs GAC_200_final.txt:
**** GED (Release) build at 21:43:51 Aug 29 2026 ***
Usage: ./ged -h -d database_file -q query_file -m running_mode -p search_paradigm -l lower_bound_method -t ged_threshold
**** Note that for GED verification, if the returned value is not -1, then it is only an upper bound of (and may be larger than) the exact GED

*** pair astar LSa -1: /home/wms/AF2-test/AF2-CatGraph/results/GAC/07_ged_classification/work/filtered_graphs/GAC_2_final.txt /home/wms/AF2-test/AF2-CatGraph/results/GAC/07_ged_classification/work/filtered_graphs/GAC_200_final.txt ***
*** GEDs ***
0
*** GEDs ***
min_ged: 0, max_ged: 0
total average time: 33, total average_ss: 21
Total time: 41 (microseconds), total search space: 21
 #candidates: 1, #matches: 1
2026-09-01 14:06:30,961 INFO: STDERR for GAC_2_final.txt vs GAC_200_final.txt:
[0% finished]
2026-09-01 14:06:30,962 INFO: Command: /home/wms/AF2-test/AF2-CatGraph-test5/external/Graph_Edit_Distance/ged -d /home/wms/AF2-test/AF2-CatGraph/results/GAC/07_ged_classification/work/filtered_graphs/GAC_2_final.txt -q /home/wms/AF2-test/AF2-CatGraph/results/GAC/07_ged_classification/work/filtered_graphs/GAC_204_final.txt -m pair -p astar -l LSa -g
2026-09-01 14:06:30,962 INFO: STDOUT for GAC_2_final.txt vs GAC_204_final.txt:
**** GED (Release) build at 21:43:51 Aug 29 2026 ***
Usage: ./ged -h -d database_file -q query_file -m running_mode -p search_paradigm -l lower_bound_method -t ged_threshold
**** Note that for GED verification, if the returned value is not -1, then it is only an upper bound of (and may be larger than) the exact GED

*** pair astar LSa -1: /home/wms/AF2-test/AF2-CatGraph/results/GAC/07_ged_classification/work/filtered_graphs/GAC_2_final.txt /home/wms/AF2-test/AF2-CatGraph/results/GAC/07_ged_classification/work/filtered_graphs/GAC_204_final.txt ***
*** GEDs ***
2
*** GEDs ***
min_ged: 2, max_ged: 2
total average time: 33, total average_ss: 21
Total time: 39 (microseconds), total search space: 21
 #candidates: 1, #matches: 1
2026-09-01 14:06:30,962 INFO: STDERR for GAC_2_final.txt vs GAC_204_final.txt:
[0% finished]
2026-09-01 14:06:30,963 INFO: Command: /home/wms/AF2-test/AF2-CatGraph-test5/external/Graph_Edit_Distance/ged -d /home/wms/AF2-test/AF2-CatGraph/results/GAC/07_ged_classification/work/filtered_graphs/GAC_2_final.txt -q /home/wms/AF2-test/AF2-CatGraph/results/GAC/07_ged_classification/work/filtered_graphs/GAC_206_final.txt -m pair -p astar -l LSa -g
2026-09-01 14:06:30,963 INFO: STDOUT for GAC_2_final.txt vs GAC_206_final.txt:
**** GED (Release) build at 21:43:51 Aug 29 2026 ***
Usage: ./ged -h -d database_file -q query_file -m running_mode -p search_paradigm -l lower_bound_method -t ged_threshold
**** Note that for GED verification, if the returned value is not -1, then it is only an upper bound of (and may be larger than) the exact GED

*** pair astar LSa -1: /home/wms/AF2-test/AF2-CatGraph/results/GAC/07_ged_classification/work/filtered_graphs/GAC_2_final.txt /home/wms/AF2-test/AF2-CatGraph/results/GAC/07_ged_classification/work/filtered_graphs/GAC_206_final.txt ***
*** GEDs ***
0
*** GEDs ***
min_ged: 0, max_ged: 0
total average time: 31, total average_ss: 21
Total time: 40 (microseconds), total search space: 21
 #candidates: 1, #matches: 1
2026-09-01 14:06:30,963 INFO: STDERR for GAC_2_final.txt vs GAC_206_final.txt:
[0% finished]
2026-09-01 14:06:30,963 INFO: Command: /home/wms/AF2-test/AF2-CatGraph-test5/external/Graph_Edit_Distance/ged -d /home/wms/AF2-test/AF2-CatGraph/results/GAC/07_ged_classification/work/filtered_graphs/GAC_2_final.txt -q /home/wms/AF2-test/AF2-CatGraph/results/GAC/07_ged_classification/work/filtered_graphs/GAC_207_final.txt -m pair -p astar -l LSa -g
2026-09-01 14:06:30,963 INFO: STDOUT for GAC_2_final.txt vs GAC_207_final.txt:
**** GED (Release) build at 21:43:51 Aug 29 2026 ***
Usage: ./ged -h -d database_file -q query_file -m running_mode -p search_paradigm -l lower_bound_method -t ged_threshold
**** Note that for GED verification, if the returned value is not -1, then it is only an upper bound of (and may be larger than) the exact GED

*** pair astar LSa -1: /home/wms/AF2-test/AF2-CatGraph/results/GAC/07_ged_classification/work/filtered_graphs/GAC_2_final.txt /home/wms/AF2-test/AF2-CatGraph/results/GAC/07_ged_classification/work/filtered_graphs/GAC_207_final.txt ***
*** GEDs ***
0
*** GEDs ***
min_ged: 0, max_ged: 0
total average time: 52, total average_ss: 21
Total time: 61 (microseconds), total search space: 21
 #candidates: 1, #matches: 1
2026-09-01 14:06:30,963 INFO: STDERR for GAC_2_final.txt vs GAC_207_final.txt:
[0% finished]
2026-09-01 14:06:30,963 INFO: Command: /home/wms/AF2-test/AF2-CatGraph-test5/external/Graph_Edit_Distance/ged -d /home/wms/AF2-test/AF2-CatGraph/results/GAC/07_ged_classification/work/filtered_graphs/GAC_2_final.txt -q /home/wms/AF2-test/AF2-CatGraph/results/GAC/07_ged_classification/work/filtered_graphs/GAC_208_final.txt -m pair -p astar -l LSa -g
2026-09-01 14:06:30,964 INFO: STDOUT for GAC_2_final.txt vs GAC_208_final.txt:
**** GED (Release) build at 21:43:51 Aug 29 2026 ***
Usage: ./ged -h -d database_file -q query_file -m running_mode -p search_paradigm -l lower_bound_method -t ged_threshold
**** Note that for GED verification, if the returned value is not -1, then it is only an upper bound of (and may be larger than) the exact GED

*** pair astar LSa -1: /home/wms/AF2-test/AF2-CatGraph/results/GAC/07_ged_classification/work/filtered_graphs/GAC_2_final.txt /home/wms/AF2-test/AF2-CatGraph/results/GAC/07_ged_classification/work/filtered_graphs/GAC_208_final.txt ***
*** GEDs ***
2
*** GEDs ***
min_ged: 2, max_ged: 2
total average time: 36, total average_ss: 21
Total time: 45 (microseconds), total search space: 21
 #candidates: 1, #matches: 1
2026-09-01 14:06:30,964 INFO: STDERR for GAC_2_final.txt vs GAC_208_final.txt:
[0% finished]
2026-09-01 14:06:30,964 INFO: Command: /home/wms/AF2-test/AF2-CatGraph-test5/external/Graph_Edit_Distance/ged -d /home/wms/AF2-test/AF2-CatGraph/results/GAC/07_ged_classification/work/filtered_graphs/GAC_2_final.txt -q /home/wms/AF2-test/AF2-CatGraph/results/GAC/07_ged_classification/work/filtered_graphs/GAC_209_final.txt -m pair -p astar -l LSa -g
2026-09-01 14:06:30,964 INFO: STDOUT for GAC_2_final.txt vs GAC_209_final.txt:
**** GED (Release) build at 21:43:51 Aug 29 2026 ***
Usage: ./ged -h -d database_file -q query_file -m running_mode -p search_paradigm -l lower_bound_method -t ged_threshold
**** Note that for GED verification, if the returned value is not -1, then it is only an upper bound of (and may be larger than) the exact GED

*** pair astar LSa -1: /home/wms/AF2-test/AF2-CatGraph/results/GAC/07_ged_classification/work/filtered_graphs/GAC_2_final.txt /home/wms/AF2-test/AF2-CatGraph/results/GAC/07_ged_classification/work/filtered_graphs/GAC_209_final.txt ***
*** GEDs ***
0
*** GEDs ***
min_ged: 0, max_ged: 0
total average time: 33, total average_ss: 21
Total time: 41 (microseconds), total search space: 21
 #candidates: 1, #matches: 1
2026-09-01 14:06:30,964 INFO: STDERR for GAC_2_final.txt vs GAC_209_final.txt:
[0% finished]
2026-09-01 14:06:30,964 INFO: Command: /home/wms/AF2-test/AF2-CatGraph-test5/external/Graph_Edit_Distance/ged -d /home/wms/AF2-test/AF2-CatGraph/results/GAC/07_ged_classification/work/filtered_graphs/GAC_2_final.txt -q /home/wms/AF2-test/AF2-CatGraph/results/GAC/07_ged_classification/work/filtered_graphs/GAC_210_final.txt -m pair -p astar -l LSa -g
2026-09-01 14:06:30,964 INFO: STDOUT for GAC_2_final.txt vs GAC_210_final.txt:
**** GED (Release) build at 21:43:51 Aug 29 2026 ***
Usage: ./ged -h -d database_file -q query_file -m running_mode -p search_paradigm -l lower_bound_method -t ged_threshold
**** Note that for GED verification, if the returned value is not -1, then it is only an upper bound of (and may be larger than) the exact GED

*** pair astar LSa -1: /home/wms/AF2-test/AF2-CatGraph/results/GAC/07_ged_classification/work/filtered_graphs/GAC_2_final.txt /home/wms/AF2-test/AF2-CatGraph/results/GAC/07_ged_classification/work/filtered_graphs/GAC_210_final.txt ***
*** GEDs ***
0
*** GEDs ***
min_ged: 0, max_ged: 0
total average time: 34, total average_ss: 21
Total time: 40 (microseconds), total search space: 21
 #candidates: 1, #matches: 1
2026-09-01 14:06:30,964 INFO: STDERR for GAC_2_final.txt vs GAC_210_final.txt:
[0% finished]
2026-09-01 14:06:30,965 INFO: Command: /home/wms/AF2-test/AF2-CatGraph-test5/external/Graph_Edit_Distance/ged -d /home/wms/AF2-test/AF2-CatGraph/results/GAC/07_ged_classification/work/filtered_graphs/GAC_2_final.txt -q /home/wms/AF2-test/AF2-CatGraph/results/GAC/07_ged_classification/work/filtered_graphs/GAC_211_final.txt -m pair -p astar -l LSa -g
2026-09-01 14:06:30,965 INFO: STDOUT for GAC_2_final.txt vs GAC_211_final.txt:
**** GED (Release) build at 21:43:51 Aug 29 2026 ***
Usage: ./ged -h -d database_file -q query_file -m running_mode -p search_paradigm -l lower_bound_method -t ged_threshold
**** Note that for GED verification, if the returned value is not -1, then it is only an upper bound of (and may be larger than) the exact GED

*** pair astar LSa -1: /home/wms/AF2-test/AF2-CatGraph/results/GAC/07_ged_classification/work/filtered_graphs/GAC_2_final.txt /home/wms/AF2-test/AF2-CatGraph/results/GAC/07_ged_classification/work/filtered_graphs/GAC_211_final.txt ***
*** GEDs ***
0
*** GEDs ***
min_ged: 0, max_ged: 0
total average time: 31, total average_ss: 21
Total time: 38 (microseconds), total search space: 21
 #candidates: 1, #matches: 1
2026-09-01 14:06:30,965 INFO: STDERR for GAC_2_final.txt vs GAC_211_final.txt:
[0% finished]
2026-09-01 14:06:30,965 INFO: Command: /home/wms/AF2-test/AF2-CatGraph-test5/external/Graph_Edit_Distance/ged -d /home/wms/AF2-test/AF2-CatGraph/results/GAC/07_ged_classification/work/filtered_graphs/GAC_2_final.txt -q /home/wms/AF2-test/AF2-CatGraph/results/GAC/07_ged_classification/work/filtered_graphs/GAC_212_final.txt -m pair -p astar -l LSa -g
2026-09-01 14:06:30,965 INFO: STDOUT for GAC_2_final.txt vs GAC_212_final.txt:
**** GED (Release) build at 21:43:51 Aug 29 2026 ***
Usage: ./ged -h -d database_file -q query_file -m running_mode -p search_paradigm -l lower_bound_method -t ged_threshold
**** Note that for GED verification, if the returned value is not -1, then it is only an upper bound of (and may be larger than) the exact GED

*** pair astar LSa -1: /home/wms/AF2-test/AF2-CatGraph/results/GAC/07_ged_classification/work/filtered_graphs/GAC_2_final.txt /home/wms/AF2-test/AF2-CatGraph/results/GAC/07_ged_classification/work/filtered_graphs/GAC_212_final.txt ***
*** GEDs ***
2
*** GEDs ***
min_ged: 2, max_ged: 2
total average time: 35, total average_ss: 21
Total time: 43 (microseconds), total search space: 21
 #candidates: 1, #matches: 1
2026-09-01 14:06:30,965 INFO: STDERR for GAC_2_final.txt vs GAC_212_final.txt:
[0% finished]
2026-09-01 14:06:30,966 INFO: Command: /home/wms/AF2-test/AF2-CatGraph-test5/external/Graph_Edit_Distance/ged -d /home/wms/AF2-test/AF2-CatGraph/results/GAC/07_ged_classification/work/filtered_graphs/GAC_2_final.txt -q /home/wms/AF2-test/AF2-CatGraph/results/GAC/07_ged_classification/work/filtered_graphs/GAC_214_final.txt -m pair -p astar -l LSa -g
2026-09-01 14:06:30,966 INFO: STDOUT for GAC_2_final.txt vs GAC_214_final.txt:
**** GED (Release) build at 21:43:51 Aug 29 2026 ***
Usage: ./ged -h -d database_file -q query_file -m running_mode -p search_paradigm -l lower_bound_method -t ged_threshold
**** Note that for GED verification, if the returned value is not -1, then it is only an upper bound of (and may be larger than) the exact GED

*** pair astar LSa -1: /home/wms/AF2-test/AF2-CatGraph/results/GAC/07_ged_classification/work/filtered_graphs/GAC_2_final.txt /home/wms/AF2-test/AF2-CatGraph/results/GAC/07_ged_classification/work/filtered_graphs/GAC_214_final.txt ***
*** GEDs ***
0
*** GEDs ***
min_ged: 0, max_ged: 0
total average time: 33, total average_ss: 21
Total time: 40 (microseconds), total search space: 21
 #candidates: 1, #matches: 1
2026-09-01 14:06:30,966 INFO: STDERR for GAC_2_final.txt vs GAC_214_final.txt:
[0% finished]
2026-09-01 14:06:30,967 INFO: Command: /home/wms/AF2-test/AF2-CatGraph-test5/external/Graph_Edit_Distance/ged -d /home/wms/AF2-test/AF2-CatGraph/results/GAC/07_ged_classification/work/filtered_graphs/GAC_2_final.txt -q /home/wms/AF2-test/AF2-CatGraph/results/GAC/07_ged_classification/work/filtered_graphs/GAC_215_final.txt -m pair -p astar -l LSa -g
2026-09-01 14:06:30,967 INFO: STDOUT for GAC_2_final.txt vs GAC_215_final.txt:
**** GED (Release) build at 21:43:51 Aug 29 2026 ***
Usage: ./ged -h -d database_file -q query_file -m running_mode -p search_paradigm -l lower_bound_method -t ged_threshold
**** Note that for GED verification, if the returned value is not -1, then it is only an upper bound of (and may be larger than) the exact GED

*** pair astar LSa -1: /home/wms/AF2-test/AF2-CatGraph/results/GAC/07_ged_classification/work/filtered_graphs/GAC_2_final.txt /home/wms/AF2-test/AF2-CatGraph/results/GAC/07_ged_classification/work/filtered_graphs/GAC_215_final.txt ***
*** GEDs ***
0
*** GEDs ***
min_ged: 0, max_ged: 0
total average time: 27, total average_ss: 21
Total time: 33 (microseconds), total search space: 21
 #candidates: 1, #matches: 1
2026-09-01 14:06:30,967 INFO: STDERR for GAC_2_final.txt vs GAC_215_final.txt:
[0% finished]
2026-09-01 14:06:30,967 INFO: Command: /home/wms/AF2-test/AF2-CatGraph-test5/external/Graph_Edit_Distance/ged -d /home/wms/AF2-test/AF2-CatGraph/results/GAC/07_ged_classification/work/filtered_graphs/GAC_2_final.txt -q /home/wms/AF2-test/AF2-CatGraph/results/GAC/07_ged_classification/work/filtered_graphs/GAC_217_final.txt -m pair -p astar -l LSa -g
2026-09-01 14:06:30,967 INFO: STDOUT for GAC_2_final.txt vs GAC_217_final.txt:
**** GED (Release) build at 21:43:51 Aug 29 2026 ***
Usage: ./ged -h -d database_file -q query_file -m running_mode -p search_paradigm -l lower_bound_method -t ged_threshold
**** Note that for GED verification, if the returned value is not -1, then it is only an upper bound of (and may be larger than) the exact GED

*** pair astar LSa -1: /home/wms/AF2-test/AF2-CatGraph/results/GAC/07_ged_classification/work/filtered_graphs/GAC_2_final.txt /home/wms/AF2-test/AF2-CatGraph/results/GAC/07_ged_classification/work/filtered_graphs/GAC_217_final.txt ***
*** GEDs ***
0
*** GEDs ***
min_ged: 0, max_ged: 0
total average time: 34, total average_ss: 21
Total time: 43 (microseconds), total search space: 21
 #candidates: 1, #matches: 1
2026-09-01 14:06:30,967 INFO: STDERR for GAC_2_final.txt vs GAC_217_final.txt:
[0% finished]
2026-09-01 14:06:30,968 INFO: Command: /home/wms/AF2-test/AF2-CatGraph-test5/external/Graph_Edit_Distance/ged -d /home/wms/AF2-test/AF2-CatGraph/results/GAC/07_ged_classification/work/filtered_graphs/GAC_2_final.txt -q /home/wms/AF2-test/AF2-CatGraph/results/GAC/07_ged_classification/work/filtered_graphs/GAC_218_final.txt -m pair -p astar -l LSa -g
2026-09-01 14:06:30,968 INFO: STDOUT for GAC_2_final.txt vs GAC_218_final.txt:
**** GED (Release) build at 21:43:51 Aug 29 2026 ***
Usage: ./ged -h -d database_file -q query_file -m running_mode -p search_paradigm -l lower_bound_method -t ged_threshold
**** Note that for GED verification, if the returned value is not -1, then it is only an upper bound of (and may be larger than) the exact GED

*** pair astar LSa -1: /home/wms/AF2-test/AF2-CatGraph/results/GAC/07_ged_classification/work/filtered_graphs/GAC_2_final.txt /home/wms/AF2-test/AF2-CatGraph/results/GAC/07_ged_classification/work/filtered_graphs/GAC_218_final.txt ***
*** GEDs ***
0
*** GEDs ***
min_ged: 0, max_ged: 0
total average time: 37, total average_ss: 21
Total time: 46 (microseconds), total search space: 21
 #candidates: 1, #matches: 1
2026-09-01 14:06:30,968 INFO: STDERR for GAC_2_final.txt vs GAC_218_final.txt:
[0% finished]
2026-09-01 14:06:30,968 INFO: Command: /home/wms/AF2-test/AF2-CatGraph-test5/external/Graph_Edit_Distance/ged -d /home/wms/AF2-test/AF2-CatGraph/results/GAC/07_ged_classification/work/filtered_graphs/GAC_2_final.txt -q /home/wms/AF2-test/AF2-CatGraph/results/GAC/07_ged_classification/work/filtered_graphs/GAC_219_final.txt -m pair -p astar -l LSa -g
2026-09-01 14:06:30,968 INFO: STDOUT for GAC_2_final.txt vs GAC_219_final.txt:
**** GED (Release) build at 21:43:51 Aug 29 2026 ***
Usage: ./ged -h -d database_file -q query_file -m running_mode -p search_paradigm -l lower_bound_method -t ged_threshold
**** Note that for GED verification, if the returned value is not -1, then it is only an upper bound of (and may be larger than) the exact GED

*** pair astar LSa -1: /home/wms/AF2-test/AF2-CatGraph/results/GAC/07_ged_classification/work/filtered_graphs/GAC_2_final.txt /home/wms/AF2-test/AF2-CatGraph/results/GAC/07_ged_classification/work/filtered_graphs/GAC_219_final.txt ***
*** GEDs ***
0
*** GEDs ***
min_ged: 0, max_ged: 0
total average time: 32, total average_ss: 21
Total time: 38 (microseconds), total search space: 21
 #candidates: 1, #matches: 1
2026-09-01 14:06:30,968 INFO: STDERR for GAC_2_final.txt vs GAC_219_final.txt:
[0% finished]
2026-09-01 14:06:30,969 INFO: Command: /home/wms/AF2-test/AF2-CatGraph-test5/external/Graph_Edit_Distance/ged -d /home/wms/AF2-test/AF2-CatGraph/results/GAC/07_ged_classification/work/filtered_graphs/GAC_2_final.txt -q /home/wms/AF2-test/AF2-CatGraph/results/GAC/07_ged_classification/work/filtered_graphs/GAC_220_final.txt -m pair -p astar -l LSa -g
2026-09-01 14:06:30,969 INFO: STDOUT for GAC_2_final.txt vs GAC_220_final.txt:
**** GED (Release) build at 21:43:51 Aug 29 2026 ***
Usage: ./ged -h -d database_file -q query_file -m running_mode -p search_paradigm -l lower_bound_method -t ged_threshold
**** Note that for GED verification, if the returned value is not -1, then it is only an upper bound of (and may be larger than) the exact GED

*** pair astar LSa -1: /home/wms/AF2-test/AF2-CatGraph/results/GAC/07_ged_classification/work/filtered_graphs/GAC_2_final.txt /home/wms/AF2-test/AF2-CatGraph/results/GAC/07_ged_classification/work/filtered_graphs/GAC_220_final.txt ***
*** GEDs ***
0
*** GEDs ***
min_ged: 0, max_ged: 0
total average time: 36, total average_ss: 21
Total time: 41 (microseconds), total search space: 21
 #candidates: 1, #matches: 1
2026-09-01 14:06:30,969 INFO: STDERR for GAC_2_final.txt vs GAC_220_final.txt:
[0% finished]
2026-09-01 14:06:30,969 INFO: Command: /home/wms/AF2-test/AF2-CatGraph-test5/external/Graph_Edit_Distance/ged -d /home/wms/AF2-test/AF2-CatGraph/results/GAC/07_ged_classification/work/filtered_graphs/GAC_2_final.txt -q /home/wms/AF2-test/AF2-CatGraph/results/GAC/07_ged_classification/work/filtered_graphs/GAC_221_final.txt -m pair -p astar -l LSa -g
2026-09-01 14:06:30,969 INFO: STDOUT for GAC_2_final.txt vs GAC_221_final.txt:
**** GED (Release) build at 21:43:51 Aug 29 2026 ***
Usage: ./ged -h -d database_file -q query_file -m running_mode -p search_paradigm -l lower_bound_method -t ged_threshold
**** Note that for GED verification, if the returned value is not -1, then it is only an upper bound of (and may be larger than) the exact GED

*** pair astar LSa -1: /home/wms/AF2-test/AF2-CatGraph/results/GAC/07_ged_classification/work/filtered_graphs/GAC_2_final.txt /home/wms/AF2-test/AF2-CatGraph/results/GAC/07_ged_classification/work/filtered_graphs/GAC_221_final.txt ***
*** GEDs ***
0
*** GEDs ***
min_ged: 0, max_ged: 0
total average time: 36, total average_ss: 21
Total time: 43 (microseconds), total search space: 21
 #candidates: 1, #matches: 1
2026-09-01 14:06:30,969 INFO: STDERR for GAC_2_final.txt vs GAC_221_final.txt:
[0% finished]
2026-09-01 14:06:30,969 INFO: Command: /home/wms/AF2-test/AF2-CatGraph-test5/external/Graph_Edit_Distance/ged -d /home/wms/AF2-test/AF2-CatGraph/results/GAC/07_ged_classification/work/filtered_graphs/GAC_2_final.txt -q /home/wms/AF2-test/AF2-CatGraph/results/GAC/07_ged_classification/work/filtered_graphs/GAC_222_final.txt -m pair -p astar -l LSa -g
2026-09-01 14:06:30,969 INFO: STDOUT for GAC_2_final.txt vs GAC_222_final.txt:
**** GED (Release) build at 21:43:51 Aug 29 2026 ***
Usage: ./ged -h -d database_file -q query_file -m running_mode -p search_paradigm -l lower_bound_method -t ged_threshold
**** Note that for GED verification, if the returned value is not -1, then it is only an upper bound of (and may be larger than) the exact GED

*** pair astar LSa -1: /home/wms/AF2-test/AF2-CatGraph/results/GAC/07_ged_classification/work/filtered_graphs/GAC_2_final.txt /home/wms/AF2-test/AF2-CatGraph/results/GAC/07_ged_classification/work/filtered_graphs/GAC_222_final.txt ***
*** GEDs ***
0
*** GEDs ***
min_ged: 0, max_ged: 0
total average time: 33, total average_ss: 21
Total time: 39 (microseconds), total search space: 21
 #candidates: 1, #matches: 1
2026-09-01 14:06:30,969 INFO: STDERR for GAC_2_final.txt vs GAC_222_final.txt:
[0% finished]
2026-09-01 14:06:30,970 INFO: Command: /home/wms/AF2-test/AF2-CatGraph-test5/external/Graph_Edit_Distance/ged -d /home/wms/AF2-test/AF2-CatGraph/results/GAC/07_ged_classification/work/filtered_graphs/GAC_2_final.txt -q /home/wms/AF2-test/AF2-CatGraph/results/GAC/07_ged_classification/work/filtered_graphs/GAC_223_final.txt -m pair -p astar -l LSa -g
2026-09-01 14:06:30,970 INFO: STDOUT for GAC_2_final.txt vs GAC_223_final.txt:
**** GED (Release) build at 21:43:51 Aug 29 2026 ***
Usage: ./ged -h -d database_file -q query_file -m running_mode -p search_paradigm -l lower_bound_method -t ged_threshold
**** Note that for GED verification, if the returned value is not -1, then it is only an upper bound of (and may be larger than) the exact GED

*** pair astar LSa -1: /home/wms/AF2-test/AF2-CatGraph/results/GAC/07_ged_classification/work/filtered_graphs/GAC_2_final.txt /home/wms/AF2-test/AF2-CatGraph/results/GAC/07_ged_classification/work/filtered_graphs/GAC_223_final.txt ***
*** GEDs ***
0
*** GEDs ***
min_ged: 0, max_ged: 0
total average time: 34, total average_ss: 21
Total time: 42 (microseconds), total search space: 21
 #candidates: 1, #matches: 1
2026-09-01 14:06:30,970 INFO: STDERR for GAC_2_final.txt vs GAC_223_final.txt:
[0% finished]
2026-09-01 14:06:30,971 INFO: Command: /home/wms/AF2-test/AF2-CatGraph-test5/external/Graph_Edit_Distance/ged -d /home/wms/AF2-test/AF2-CatGraph/results/GAC/07_ged_classification/work/filtered_graphs/GAC_2_final.txt -q /home/wms/AF2-test/AF2-CatGraph/results/GAC/07_ged_classification/work/filtered_graphs/GAC_228_final.txt -m pair -p astar -l LSa -g
2026-09-01 14:06:30,971 INFO: STDOUT for GAC_2_final.txt vs GAC_228_final.txt:
**** GED (Release) build at 21:43:51 Aug 29 2026 ***
Usage: ./ged -h -d database_file -q query_file -m running_mode -p search_paradigm -l lower_bound_method -t ged_threshold
**** Note that for GED verification, if the returned value is not -1, then it is only an upper bound of (and may be larger than) the exact GED

*** pair astar LSa -1: /home/wms/AF2-test/AF2-CatGraph/results/GAC/07_ged_classification/work/filtered_graphs/GAC_2_final.txt /home/wms/AF2-test/AF2-CatGraph/results/GAC/07_ged_classification/work/filtered_graphs/GAC_228_final.txt ***
*** GEDs ***
0
*** GEDs ***
min_ged: 0, max_ged: 0
total average time: 31, total average_ss: 21
Total time: 38 (microseconds), total search space: 21
 #candidates: 1, #matches: 1
2026-09-01 14:06:30,971 INFO: STDERR for GAC_2_final.txt vs GAC_228_final.txt:
[0% finished]
2026-09-01 14:06:30,971 INFO: Command: /home/wms/AF2-test/AF2-CatGraph-test5/external/Graph_Edit_Distance/ged -d /home/wms/AF2-test/AF2-CatGraph/results/GAC/07_ged_classification/work/filtered_graphs/GAC_2_final.txt -q /home/wms/AF2-test/AF2-CatGraph/results/GAC/07_ged_classification/work/filtered_graphs/GAC_227_final.txt -m pair -p astar -l LSa -g
2026-09-01 14:06:30,971 INFO: STDOUT for GAC_2_final.txt vs GAC_227_final.txt:
**** GED (Release) build at 21:43:51 Aug 29 2026 ***
Usage: ./ged -h -d database_file -q query_file -m running_mode -p search_paradigm -l lower_bound_method -t ged_threshold
**** Note that for GED verification, if the returned value is not -1, then it is only an upper bound of (and may be larger than) the exact GED

*** pair astar LSa -1: /home/wms/AF2-test/AF2-CatGraph/results/GAC/07_ged_classification/work/filtered_graphs/GAC_2_final.txt /home/wms/AF2-test/AF2-CatGraph/results/GAC/07_ged_classification/work/filtered_graphs/GAC_227_final.txt ***
*** GEDs ***
0
*** GEDs ***
min_ged: 0, max_ged: 0
total average time: 60, total average_ss: 21
Total time: 69 (microseconds), total search space: 21
 #candidates: 1, #matches: 1
2026-09-01 14:06:30,971 INFO: STDERR for GAC_2_final.txt vs GAC_227_final.txt:
[0% finished]
2026-09-01 14:06:30,972 INFO: Command: /home/wms/AF2-test/AF2-CatGraph-test5/external/Graph_Edit_Distance/ged -d /home/wms/AF2-test/AF2-CatGraph/results/GAC/07_ged_classification/work/filtered_graphs/GAC_2_final.txt -q /home/wms/AF2-test/AF2-CatGraph/results/GAC/07_ged_classification/work/filtered_graphs/GAC_233_final.txt -m pair -p astar -l LSa -g
2026-09-01 14:06:30,972 INFO: STDOUT for GAC_2_final.txt vs GAC_233_final.txt:
**** GED (Release) build at 21:43:51 Aug 29 2026 ***
Usage: ./ged -h -d database_file -q query_file -m running_mode -p search_paradigm -l lower_bound_method -t ged_threshold
**** Note that for GED verification, if the returned value is not -1, then it is only an upper bound of (and may be larger than) the exact GED

*** pair astar LSa -1: /home/wms/AF2-test/AF2-CatGraph/results/GAC/07_ged_classification/work/filtered_graphs/GAC_2_final.txt /home/wms/AF2-test/AF2-CatGraph/results/GAC/07_ged_classification/work/filtered_graphs/GAC_233_final.txt ***
*** GEDs ***
0
*** GEDs ***
min_ged: 0, max_ged: 0
total average time: 34, total average_ss: 21
Total time: 42 (microseconds), total search space: 21
 #candidates: 1, #matches: 1
2026-09-01 14:06:30,972 INFO: STDERR for GAC_2_final.txt vs GAC_233_final.txt:
[0% finished]
2026-09-01 14:06:30,972 INFO: Command: /home/wms/AF2-test/AF2-CatGraph-test5/external/Graph_Edit_Distance/ged -d /home/wms/AF2-test/AF2-CatGraph/results/GAC/07_ged_classification/work/filtered_graphs/GAC_2_final.txt -q /home/wms/AF2-test/AF2-CatGraph/results/GAC/07_ged_classification/work/filtered_graphs/GAC_234_final.txt -m pair -p astar -l LSa -g
2026-09-01 14:06:30,972 INFO: STDOUT for GAC_2_final.txt vs GAC_234_final.txt:
**** GED (Release) build at 21:43:51 Aug 29 2026 ***
Usage: ./ged -h -d database_file -q query_file -m running_mode -p search_paradigm -l lower_bound_method -t ged_threshold
**** Note that for GED verification, if the returned value is not -1, then it is only an upper bound of (and may be larger than) the exact GED

*** pair astar LSa -1: /home/wms/AF2-test/AF2-CatGraph/results/GAC/07_ged_classification/work/filtered_graphs/GAC_2_final.txt /home/wms/AF2-test/AF2-CatGraph/results/GAC/07_ged_classification/work/filtered_graphs/GAC_234_final.txt ***
*** GEDs ***
0
*** GEDs ***
min_ged: 0, max_ged: 0
total average time: 33, total average_ss: 21
Total time: 41 (microseconds), total search space: 21
 #candidates: 1, #matches: 1
2026-09-01 14:06:30,973 INFO: STDERR for GAC_2_final.txt vs GAC_234_final.txt:
[0% finished]
2026-09-01 14:06:30,973 INFO: Command: /home/wms/AF2-test/AF2-CatGraph-test5/external/Graph_Edit_Distance/ged -d /home/wms/AF2-test/AF2-CatGraph/results/GAC/07_ged_classification/work/filtered_graphs/GAC_2_final.txt -q /home/wms/AF2-test/AF2-CatGraph/results/GAC/07_ged_classification/work/filtered_graphs/GAC_236_final.txt -m pair -p astar -l LSa -g
2026-09-01 14:06:30,973 INFO: STDOUT for GAC_2_final.txt vs GAC_236_final.txt:
**** GED (Release) build at 21:43:51 Aug 29 2026 ***
Usage: ./ged -h -d database_file -q query_file -m running_mode -p search_paradigm -l lower_bound_method -t ged_threshold
**** Note that for GED verification, if the returned value is not -1, then it is only an upper bound of (and may be larger than) the exact GED

*** pair astar LSa -1: /home/wms/AF2-test/AF2-CatGraph/results/GAC/07_ged_classification/work/filtered_graphs/GAC_2_final.txt /home/wms/AF2-test/AF2-CatGraph/results/GAC/07_ged_classification/work/filtered_graphs/GAC_236_final.txt ***
*** GEDs ***
0
*** GEDs ***
min_ged: 0, max_ged: 0
total average time: 34, total average_ss: 21
Total time: 40 (microseconds), total search space: 21
 #candidates: 1, #matches: 1
2026-09-01 14:06:30,973 INFO: STDERR for GAC_2_final.txt vs GAC_236_final.txt:
[0% finished]
2026-09-01 14:06:30,973 INFO: Command: /home/wms/AF2-test/AF2-CatGraph-test5/external/Graph_Edit_Distance/ged -d /home/wms/AF2-test/AF2-CatGraph/results/GAC/07_ged_classification/work/filtered_graphs/GAC_2_final.txt -q /home/wms/AF2-test/AF2-CatGraph/results/GAC/07_ged_classification/work/filtered_graphs/GAC_239_final.txt -m pair -p astar -l LSa -g
2026-09-01 14:06:30,973 INFO: STDOUT for GAC_2_final.txt vs GAC_239_final.txt:
**** GED (Release) build at 21:43:51 Aug 29 2026 ***
Usage: ./ged -h -d database_file -q query_file -m running_mode -p search_paradigm -l lower_bound_method -t ged_threshold
**** Note that for GED verification, if the returned value is not -1, then it is only an upper bound of (and may be larger than) the exact GED

*** pair astar LSa -1: /home/wms/AF2-test/AF2-CatGraph/results/GAC/07_ged_classification/work/filtered_graphs/GAC_2_final.txt /home/wms/AF2-test/AF2-CatGraph/results/GAC/07_ged_classification/work/filtered_graphs/GAC_239_final.txt ***
*** GEDs ***
2
*** GEDs ***
min_ged: 2, max_ged: 2
total average time: 32, total average_ss: 21
Total time: 40 (microseconds), total search space: 21
 #candidates: 1, #matches: 1
2026-09-01 14:06:30,973 INFO: STDERR for GAC_2_final.txt vs GAC_239_final.txt:
[0% finished]
2026-09-01 14:06:30,974 INFO: Command: /home/wms/AF2-test/AF2-CatGraph-test5/external/Graph_Edit_Distance/ged -d /home/wms/AF2-test/AF2-CatGraph/results/GAC/07_ged_classification/work/filtered_graphs/GAC_2_final.txt -q /home/wms/AF2-test/AF2-CatGraph/results/GAC/07_ged_classification/work/filtered_graphs/GAC_242_final.txt -m pair -p astar -l LSa -g
2026-09-01 14:06:30,974 INFO: STDOUT for GAC_2_final.txt vs GAC_242_final.txt:
**** GED (Release) build at 21:43:51 Aug 29 2026 ***
Usage: ./ged -h -d database_file -q query_file -m running_mode -p search_paradigm -l lower_bound_method -t ged_threshold
**** Note that for GED verification, if the returned value is not -1, then it is only an upper bound of (and may be larger than) the exact GED

*** pair astar LSa -1: /home/wms/AF2-test/AF2-CatGraph/results/GAC/07_ged_classification/work/filtered_graphs/GAC_2_final.txt /home/wms/AF2-test/AF2-CatGraph/results/GAC/07_ged_classification/work/filtered_graphs/GAC_242_final.txt ***
*** GEDs ***
0
*** GEDs ***
min_ged: 0, max_ged: 0
total average time: 34, total average_ss: 21
Total time: 40 (microseconds), total search space: 21
 #candidates: 1, #matches: 1
2026-09-01 14:06:30,974 INFO: STDERR for GAC_2_final.txt vs GAC_242_final.txt:
[0% finished]
2026-09-01 14:06:30,974 INFO: Command: /home/wms/AF2-test/AF2-CatGraph-test5/external/Graph_Edit_Distance/ged -d /home/wms/AF2-test/AF2-CatGraph/results/GAC/07_ged_classification/work/filtered_graphs/GAC_2_final.txt -q /home/wms/AF2-test/AF2-CatGraph/results/GAC/07_ged_classification/work/filtered_graphs/GAC_246_final.txt -m pair -p astar -l LSa -g
2026-09-01 14:06:30,974 INFO: STDOUT for GAC_2_final.txt vs GAC_246_final.txt:
**** GED (Release) build at 21:43:51 Aug 29 2026 ***
Usage: ./ged -h -d database_file -q query_file -m running_mode -p search_paradigm -l lower_bound_method -t ged_threshold
**** Note that for GED verification, if the returned value is not -1, then it is only an upper bound of (and may be larger than) the exact GED

*** pair astar LSa -1: /home/wms/AF2-test/AF2-CatGraph/results/GAC/07_ged_classification/work/filtered_graphs/GAC_2_final.txt /home/wms/AF2-test/AF2-CatGraph/results/GAC/07_ged_classification/work/filtered_graphs/GAC_246_final.txt ***
*** GEDs ***
2
*** GEDs ***
min_ged: 2, max_ged: 2
total average time: 33, total average_ss: 21
Total time: 39 (microseconds), total search space: 21
 #candidates: 1, #matches: 1
2026-09-01 14:06:30,974 INFO: STDERR for GAC_2_final.txt vs GAC_246_final.txt:
[0% finished]
2026-09-01 14:06:30,975 INFO: Command: /home/wms/AF2-test/AF2-CatGraph-test5/external/Graph_Edit_Distance/ged -d /home/wms/AF2-test/AF2-CatGraph/results/GAC/07_ged_classification/work/filtered_graphs/GAC_2_final.txt -q /home/wms/AF2-test/AF2-CatGraph/results/GAC/07_ged_classification/work/filtered_graphs/GAC_260_final.txt -m pair -p astar -l LSa -g
2026-09-01 14:06:30,975 INFO: STDOUT for GAC_2_final.txt vs GAC_260_final.txt:
**** GED (Release) build at 21:43:51 Aug 29 2026 ***
Usage: ./ged -h -d database_file -q query_file -m running_mode -p search_paradigm -l lower_bound_method -t ged_threshold
**** Note that for GED verification, if the returned value is not -1, then it is only an upper bound of (and may be larger than) the exact GED

*** pair astar LSa -1: /home/wms/AF2-test/AF2-CatGraph/results/GAC/07_ged_classification/work/filtered_graphs/GAC_2_final.txt /home/wms/AF2-test/AF2-CatGraph/results/GAC/07_ged_classification/work/filtered_graphs/GAC_260_final.txt ***
*** GEDs ***
0
*** GEDs ***
min_ged: 0, max_ged: 0
total average time: 30, total average_ss: 21
Total time: 38 (microseconds), total search space: 21
 #candidates: 1, #matches: 1
2026-09-01 14:06:30,975 INFO: STDERR for GAC_2_final.txt vs GAC_260_final.txt:
[0% finished]
2026-09-01 14:06:30,975 INFO: Command: /home/wms/AF2-test/AF2-CatGraph-test5/external/Graph_Edit_Distance/ged -d /home/wms/AF2-test/AF2-CatGraph/results/GAC/07_ged_classification/work/filtered_graphs/GAC_2_final.txt -q /home/wms/AF2-test/AF2-CatGraph/results/GAC/07_ged_classification/work/filtered_graphs/GAC_258_final.txt -m pair -p astar -l LSa -g
2026-09-01 14:06:30,975 INFO: STDOUT for GAC_2_final.txt vs GAC_258_final.txt:
**** GED (Release) build at 21:43:51 Aug 29 2026 ***
Usage: ./ged -h -d database_file -q query_file -m running_mode -p search_paradigm -l lower_bound_method -t ged_threshold
**** Note that for GED verification, if the returned value is not -1, then it is only an upper bound of (and may be larger than) the exact GED

*** pair astar LSa -1: /home/wms/AF2-test/AF2-CatGraph/results/GAC/07_ged_classification/work/filtered_graphs/GAC_2_final.txt /home/wms/AF2-test/AF2-CatGraph/results/GAC/07_ged_classification/work/filtered_graphs/GAC_258_final.txt ***
*** GEDs ***
0
*** GEDs ***
min_ged: 0, max_ged: 0
total average time: 31, total average_ss: 21
Total time: 38 (microseconds), total search space: 21
 #candidates: 1, #matches: 1
2026-09-01 14:06:30,975 INFO: STDERR for GAC_2_final.txt vs GAC_258_final.txt:
[0% finished]
2026-09-01 14:06:30,977 INFO: class_6 has 140 graphs
2026-09-01 14:06:30,978 INFO: Starting classification for GAC_11_final.txt
2026-09-01 14:06:30,979 INFO: Command: /home/wms/AF2-test/AF2-CatGraph-test5/external/Graph_Edit_Distance/ged -d /home/wms/AF2-test/AF2-CatGraph/results/GAC/07_ged_classification/work/filtered_graphs/GAC_11_final.txt -q /home/wms/AF2-test/AF2-CatGraph/results/GAC/07_ged_classification/work/filtered_graphs/GAC_22_final.txt -m pair -p astar -l LSa -g
2026-09-01 14:06:30,979 INFO: STDOUT for GAC_11_final.txt vs GAC_22_final.txt:
**** GED (Release) build at 21:43:51 Aug 29 2026 ***
Usage: ./ged -h -d database_file -q query_file -m running_mode -p search_paradigm -l lower_bound_method -t ged_threshold
**** Note that for GED verification, if the returned value is not -1, then it is only an upper bound of (and may be larger than) the exact GED

*** pair astar LSa -1: /home/wms/AF2-test/AF2-CatGraph/results/GAC/07_ged_classification/work/filtered_graphs/GAC_11_final.txt /home/wms/AF2-test/AF2-CatGraph/results/GAC/07_ged_classification/work/filtered_graphs/GAC_22_final.txt ***
*** GEDs ***
4
*** GEDs ***
min_ged: 4, max_ged: 4
total average time: 35, total average_ss: 25
Total time: 40 (microseconds), total search space: 25
 #candidates: 1, #matches: 1
2026-09-01 14:06:30,979 INFO: STDERR for GAC_11_final.txt vs GAC_22_final.txt:
[0% finished]
2026-09-01 14:06:30,979 INFO: Command: /home/wms/AF2-test/AF2-CatGraph-test5/external/Graph_Edit_Distance/ged -d /home/wms/AF2-test/AF2-CatGraph/results/GAC/07_ged_classification/work/filtered_graphs/GAC_11_final.txt -q /home/wms/AF2-test/AF2-CatGraph/results/GAC/07_ged_classification/work/filtered_graphs/GAC_28_final.txt -m pair -p astar -l LSa -g
2026-09-01 14:06:30,979 INFO: STDOUT for GAC_11_final.txt vs GAC_28_final.txt:
**** GED (Release) build at 21:43:51 Aug 29 2026 ***
Usage: ./ged -h -d database_file -q query_file -m running_mode -p search_paradigm -l lower_bound_method -t ged_threshold
**** Note that for GED verification, if the returned value is not -1, then it is only an upper bound of (and may be larger than) the exact GED

*** pair astar LSa -1: /home/wms/AF2-test/AF2-CatGraph/results/GAC/07_ged_classification/work/filtered_graphs/GAC_11_final.txt /home/wms/AF2-test/AF2-CatGraph/results/GAC/07_ged_classification/work/filtered_graphs/GAC_28_final.txt ***
*** GEDs ***
0
*** GEDs ***
min_ged: 0, max_ged: 0
total average time: 36, total average_ss: 21
Total time: 44 (microseconds), total search space: 21
 #candidates: 1, #matches: 1
2026-09-01 14:06:30,979 INFO: STDERR for GAC_11_final.txt vs GAC_28_final.txt:
[0% finished]
2026-09-01 14:06:30,979 INFO: Command: /home/wms/AF2-test/AF2-CatGraph-test5/external/Graph_Edit_Distance/ged -d /home/wms/AF2-test/AF2-CatGraph/results/GAC/07_ged_classification/work/filtered_graphs/GAC_11_final.txt -q /home/wms/AF2-test/AF2-CatGraph/results/GAC/07_ged_classification/work/filtered_graphs/GAC_87_final.txt -m pair -p astar -l LSa -g
2026-09-01 14:06:30,979 INFO: STDOUT for GAC_11_final.txt vs GAC_87_final.txt:
**** GED (Release) build at 21:43:51 Aug 29 2026 ***
Usage: ./ged -h -d database_file -q query_file -m running_mode -p search_paradigm -l lower_bound_method -t ged_threshold
**** Note that for GED verification, if the returned value is not -1, then it is only an upper bound of (and may be larger than) the exact GED

*** pair astar LSa -1: /home/wms/AF2-test/AF2-CatGraph/results/GAC/07_ged_classification/work/filtered_graphs/GAC_11_final.txt /home/wms/AF2-test/AF2-CatGraph/results/GAC/07_ged_classification/work/filtered_graphs/GAC_87_final.txt ***
*** GEDs ***
0
*** GEDs ***
min_ged: 0, max_ged: 0
total average time: 32, total average_ss: 21
Total time: 39 (microseconds), total search space: 21
 #candidates: 1, #matches: 1
2026-09-01 14:06:30,979 INFO: STDERR for GAC_11_final.txt vs GAC_87_final.txt:
[0% finished]
2026-09-01 14:06:30,980 INFO: Command: /home/wms/AF2-test/AF2-CatGraph-test5/external/Graph_Edit_Distance/ged -d /home/wms/AF2-test/AF2-CatGraph/results/GAC/07_ged_classification/work/filtered_graphs/GAC_11_final.txt -q /home/wms/AF2-test/AF2-CatGraph/results/GAC/07_ged_classification/work/filtered_graphs/GAC_101_final.txt -m pair -p astar -l LSa -g
2026-09-01 14:06:30,980 INFO: STDOUT for GAC_11_final.txt vs GAC_101_final.txt:
**** GED (Release) build at 21:43:51 Aug 29 2026 ***
Usage: ./ged -h -d database_file -q query_file -m running_mode -p search_paradigm -l lower_bound_method -t ged_threshold
**** Note that for GED verification, if the returned value is not -1, then it is only an upper bound of (and may be larger than) the exact GED

*** pair astar LSa -1: /home/wms/AF2-test/AF2-CatGraph/results/GAC/07_ged_classification/work/filtered_graphs/GAC_11_final.txt /home/wms/AF2-test/AF2-CatGraph/results/GAC/07_ged_classification/work/filtered_graphs/GAC_101_final.txt ***
*** GEDs ***
0
*** GEDs ***
min_ged: 0, max_ged: 0
total average time: 38, total average_ss: 21
Total time: 45 (microseconds), total search space: 21
 #candidates: 1, #matches: 1
2026-09-01 14:06:30,980 INFO: STDERR for GAC_11_final.txt vs GAC_101_final.txt:
[0% finished]
2026-09-01 14:06:30,980 INFO: Command: /home/wms/AF2-test/AF2-CatGraph-test5/external/Graph_Edit_Distance/ged -d /home/wms/AF2-test/AF2-CatGraph/results/GAC/07_ged_classification/work/filtered_graphs/GAC_11_final.txt -q /home/wms/AF2-test/AF2-CatGraph/results/GAC/07_ged_classification/work/filtered_graphs/GAC_106_final.txt -m pair -p astar -l LSa -g
2026-09-01 14:06:30,980 INFO: STDOUT for GAC_11_final.txt vs GAC_106_final.txt:
**** GED (Release) build at 21:43:51 Aug 29 2026 ***
Usage: ./ged -h -d database_file -q query_file -m running_mode -p search_paradigm -l lower_bound_method -t ged_threshold
**** Note that for GED verification, if the returned value is not -1, then it is only an upper bound of (and may be larger than) the exact GED

*** pair astar LSa -1: /home/wms/AF2-test/AF2-CatGraph/results/GAC/07_ged_classification/work/filtered_graphs/GAC_11_final.txt /home/wms/AF2-test/AF2-CatGraph/results/GAC/07_ged_classification/work/filtered_graphs/GAC_106_final.txt ***
*** GEDs ***
4
*** GEDs ***
min_ged: 4, max_ged: 4
total average time: 43, total average_ss: 28
Total time: 51 (microseconds), total search space: 28
 #candidates: 1, #matches: 1
2026-09-01 14:06:30,980 INFO: STDERR for GAC_11_final.txt vs GAC_106_final.txt:
[0% finished]
2026-09-01 14:06:30,981 INFO: Command: /home/wms/AF2-test/AF2-CatGraph-test5/external/Graph_Edit_Distance/ged -d /home/wms/AF2-test/AF2-CatGraph/results/GAC/07_ged_classification/work/filtered_graphs/GAC_11_final.txt -q /home/wms/AF2-test/AF2-CatGraph/results/GAC/07_ged_classification/work/filtered_graphs/GAC_108_final.txt -m pair -p astar -l LSa -g
2026-09-01 14:06:30,981 INFO: STDOUT for GAC_11_final.txt vs GAC_108_final.txt:
**** GED (Release) build at 21:43:51 Aug 29 2026 ***
Usage: ./ged -h -d database_file -q query_file -m running_mode -p search_paradigm -l lower_bound_method -t ged_threshold
**** Note that for GED verification, if the returned value is not -1, then it is only an upper bound of (and may be larger than) the exact GED

*** pair astar LSa -1: /home/wms/AF2-test/AF2-CatGraph/results/GAC/07_ged_classification/work/filtered_graphs/GAC_11_final.txt /home/wms/AF2-test/AF2-CatGraph/results/GAC/07_ged_classification/work/filtered_graphs/GAC_108_final.txt ***
*** GEDs ***
0
*** GEDs ***
min_ged: 0, max_ged: 0
total average time: 34, total average_ss: 21
Total time: 41 (microseconds), total search space: 21
 #candidates: 1, #matches: 1
2026-09-01 14:06:30,981 INFO: STDERR for GAC_11_final.txt vs GAC_108_final.txt:
[0% finished]
2026-09-01 14:06:30,981 INFO: Command: /home/wms/AF2-test/AF2-CatGraph-test5/external/Graph_Edit_Distance/ged -d /home/wms/AF2-test/AF2-CatGraph/results/GAC/07_ged_classification/work/filtered_graphs/GAC_11_final.txt -q /home/wms/AF2-test/AF2-CatGraph/results/GAC/07_ged_classification/work/filtered_graphs/GAC_163_final.txt -m pair -p astar -l LSa -g
2026-09-01 14:06:30,981 INFO: STDOUT for GAC_11_final.txt vs GAC_163_final.txt:
**** GED (Release) build at 21:43:51 Aug 29 2026 ***
Usage: ./ged -h -d database_file -q query_file -m running_mode -p search_paradigm -l lower_bound_method -t ged_threshold
**** Note that for GED verification, if the returned value is not -1, then it is only an upper bound of (and may be larger than) the exact GED

*** pair astar LSa -1: /home/wms/AF2-test/AF2-CatGraph/results/GAC/07_ged_classification/work/filtered_graphs/GAC_11_final.txt /home/wms/AF2-test/AF2-CatGraph/results/GAC/07_ged_classification/work/filtered_graphs/GAC_163_final.txt ***
*** GEDs ***
0
*** GEDs ***
min_ged: 0, max_ged: 0
total average time: 34, total average_ss: 21
Total time: 41 (microseconds), total search space: 21
 #candidates: 1, #matches: 1
2026-09-01 14:06:30,981 INFO: STDERR for GAC_11_final.txt vs GAC_163_final.txt:
[0% finished]
2026-09-01 14:06:30,981 INFO: Command: /home/wms/AF2-test/AF2-CatGraph-test5/external/Graph_Edit_Distance/ged -d /home/wms/AF2-test/AF2-CatGraph/results/GAC/07_ged_classification/work/filtered_graphs/GAC_11_final.txt -q /home/wms/AF2-test/AF2-CatGraph/results/GAC/07_ged_classification/work/filtered_graphs/GAC_174_final.txt -m pair -p astar -l LSa -g
2026-09-01 14:06:30,982 INFO: STDOUT for GAC_11_final.txt vs GAC_174_final.txt:
**** GED (Release) build at 21:43:51 Aug 29 2026 ***
Usage: ./ged -h -d database_file -q query_file -m running_mode -p search_paradigm -l lower_bound_method -t ged_threshold
**** Note that for GED verification, if the returned value is not -1, then it is only an upper bound of (and may be larger than) the exact GED

*** pair astar LSa -1: /home/wms/AF2-test/AF2-CatGraph/results/GAC/07_ged_classification/work/filtered_graphs/GAC_11_final.txt /home/wms/AF2-test/AF2-CatGraph/results/GAC/07_ged_classification/work/filtered_graphs/GAC_174_final.txt ***
*** GEDs ***
0
*** GEDs ***
min_ged: 0, max_ged: 0
total average time: 34, total average_ss: 21
Total time: 42 (microseconds), total search space: 21
 #candidates: 1, #matches: 1
2026-09-01 14:06:30,982 INFO: STDERR for GAC_11_final.txt vs GAC_174_final.txt:
[0% finished]
2026-09-01 14:06:30,983 INFO: Command: /home/wms/AF2-test/AF2-CatGraph-test5/external/Graph_Edit_Distance/ged -d /home/wms/AF2-test/AF2-CatGraph/results/GAC/07_ged_classification/work/filtered_graphs/GAC_11_final.txt -q /home/wms/AF2-test/AF2-CatGraph/results/GAC/07_ged_classification/work/filtered_graphs/GAC_204_final.txt -m pair -p astar -l LSa -g
2026-09-01 14:06:30,983 INFO: STDOUT for GAC_11_final.txt vs GAC_204_final.txt:
**** GED (Release) build at 21:43:51 Aug 29 2026 ***
Usage: ./ged -h -d database_file -q query_file -m running_mode -p search_paradigm -l lower_bound_method -t ged_threshold
**** Note that for GED verification, if the returned value is not -1, then it is only an upper bound of (and may be larger than) the exact GED

*** pair astar LSa -1: /home/wms/AF2-test/AF2-CatGraph/results/GAC/07_ged_classification/work/filtered_graphs/GAC_11_final.txt /home/wms/AF2-test/AF2-CatGraph/results/GAC/07_ged_classification/work/filtered_graphs/GAC_204_final.txt ***
*** GEDs ***
4
*** GEDs ***
min_ged: 4, max_ged: 4
total average time: 38, total average_ss: 26
Total time: 44 (microseconds), total search space: 26
 #candidates: 1, #matches: 1
2026-09-01 14:06:30,983 INFO: STDERR for GAC_11_final.txt vs GAC_204_final.txt:
[0% finished]
2026-09-01 14:06:30,983 INFO: Command: /home/wms/AF2-test/AF2-CatGraph-test5/external/Graph_Edit_Distance/ged -d /home/wms/AF2-test/AF2-CatGraph/results/GAC/07_ged_classification/work/filtered_graphs/GAC_11_final.txt -q /home/wms/AF2-test/AF2-CatGraph/results/GAC/07_ged_classification/work/filtered_graphs/GAC_195_final.txt -m pair -p astar -l LSa -g
2026-09-01 14:06:30,983 INFO: STDOUT for GAC_11_final.txt vs GAC_195_final.txt:
**** GED (Release) build at 21:43:51 Aug 29 2026 ***
Usage: ./ged -h -d database_file -q query_file -m running_mode -p search_paradigm -l lower_bound_method -t ged_threshold
**** Note that for GED verification, if the returned value is not -1, then it is only an upper bound of (and may be larger than) the exact GED

*** pair astar LSa -1: /home/wms/AF2-test/AF2-CatGraph/results/GAC/07_ged_classification/work/filtered_graphs/GAC_11_final.txt /home/wms/AF2-test/AF2-CatGraph/results/GAC/07_ged_classification/work/filtered_graphs/GAC_195_final.txt ***
*** GEDs ***
4
*** GEDs ***
min_ged: 4, max_ged: 4
total average time: 36, total average_ss: 25
Total time: 43 (microseconds), total search space: 25
 #candidates: 1, #matches: 1
2026-09-01 14:06:30,983 INFO: STDERR for GAC_11_final.txt vs GAC_195_final.txt:
[0% finished]
2026-09-01 14:06:30,984 INFO: Command: /home/wms/AF2-test/AF2-CatGraph-test5/external/Graph_Edit_Distance/ged -d /home/wms/AF2-test/AF2-CatGraph/results/GAC/07_ged_classification/work/filtered_graphs/GAC_11_final.txt -q /home/wms/AF2-test/AF2-CatGraph/results/GAC/07_ged_classification/work/filtered_graphs/GAC_208_final.txt -m pair -p astar -l LSa -g
2026-09-01 14:06:30,984 INFO: STDOUT for GAC_11_final.txt vs GAC_208_final.txt:
**** GED (Release) build at 21:43:51 Aug 29 2026 ***
Usage: ./ged -h -d database_file -q query_file -m running_mode -p search_paradigm -l lower_bound_method -t ged_threshold
**** Note that for GED verification, if the returned value is not -1, then it is only an upper bound of (and may be larger than) the exact GED

*** pair astar LSa -1: /home/wms/AF2-test/AF2-CatGraph/results/GAC/07_ged_classification/work/filtered_graphs/GAC_11_final.txt /home/wms/AF2-test/AF2-CatGraph/results/GAC/07_ged_classification/work/filtered_graphs/GAC_208_final.txt ***
*** GEDs ***
0
*** GEDs ***
min_ged: 0, max_ged: 0
total average time: 30, total average_ss: 21
Total time: 35 (microseconds), total search space: 21
 #candidates: 1, #matches: 1
2026-09-01 14:06:30,984 INFO: STDERR for GAC_11_final.txt vs GAC_208_final.txt:
[0% finished]
2026-09-01 14:06:30,984 INFO: Command: /home/wms/AF2-test/AF2-CatGraph-test5/external/Graph_Edit_Distance/ged -d /home/wms/AF2-test/AF2-CatGraph/results/GAC/07_ged_classification/work/filtered_graphs/GAC_11_final.txt -q /home/wms/AF2-test/AF2-CatGraph/results/GAC/07_ged_classification/work/filtered_graphs/GAC_212_final.txt -m pair -p astar -l LSa -g
2026-09-01 14:06:30,984 INFO: STDOUT for GAC_11_final.txt vs GAC_212_final.txt:
**** GED (Release) build at 21:43:51 Aug 29 2026 ***
Usage: ./ged -h -d database_file -q query_file -m running_mode -p search_paradigm -l lower_bound_method -t ged_threshold
**** Note that for GED verification, if the returned value is not -1, then it is only an upper bound of (and may be larger than) the exact GED

*** pair astar LSa -1: /home/wms/AF2-test/AF2-CatGraph/results/GAC/07_ged_classification/work/filtered_graphs/GAC_11_final.txt /home/wms/AF2-test/AF2-CatGraph/results/GAC/07_ged_classification/work/filtered_graphs/GAC_212_final.txt ***
*** GEDs ***
0
*** GEDs ***
min_ged: 0, max_ged: 0
total average time: 34, total average_ss: 21
Total time: 43 (microseconds), total search space: 21
 #candidates: 1, #matches: 1
2026-09-01 14:06:30,984 INFO: STDERR for GAC_11_final.txt vs GAC_212_final.txt:
[0% finished]
2026-09-01 14:06:30,985 INFO: Command: /home/wms/AF2-test/AF2-CatGraph-test5/external/Graph_Edit_Distance/ged -d /home/wms/AF2-test/AF2-CatGraph/results/GAC/07_ged_classification/work/filtered_graphs/GAC_11_final.txt -q /home/wms/AF2-test/AF2-CatGraph/results/GAC/07_ged_classification/work/filtered_graphs/GAC_239_final.txt -m pair -p astar -l LSa -g
2026-09-01 14:06:30,985 INFO: STDOUT for GAC_11_final.txt vs GAC_239_final.txt:
**** GED (Release) build at 21:43:51 Aug 29 2026 ***
Usage: ./ged -h -d database_file -q query_file -m running_mode -p search_paradigm -l lower_bound_method -t ged_threshold
**** Note that for GED verification, if the returned value is not -1, then it is only an upper bound of (and may be larger than) the exact GED

*** pair astar LSa -1: /home/wms/AF2-test/AF2-CatGraph/results/GAC/07_ged_classification/work/filtered_graphs/GAC_11_final.txt /home/wms/AF2-test/AF2-CatGraph/results/GAC/07_ged_classification/work/filtered_graphs/GAC_239_final.txt ***
*** GEDs ***
0
*** GEDs ***
min_ged: 0, max_ged: 0
total average time: 26, total average_ss: 21
Total time: 32 (microseconds), total search space: 21
 #candidates: 1, #matches: 1
2026-09-01 14:06:30,985 INFO: STDERR for GAC_11_final.txt vs GAC_239_final.txt:
[0% finished]
2026-09-01 14:06:30,985 INFO: Command: /home/wms/AF2-test/AF2-CatGraph-test5/external/Graph_Edit_Distance/ged -d /home/wms/AF2-test/AF2-CatGraph/results/GAC/07_ged_classification/work/filtered_graphs/GAC_11_final.txt -q /home/wms/AF2-test/AF2-CatGraph/results/GAC/07_ged_classification/work/filtered_graphs/GAC_246_final.txt -m pair -p astar -l LSa -g
2026-09-01 14:06:30,985 INFO: STDOUT for GAC_11_final.txt vs GAC_246_final.txt:
**** GED (Release) build at 21:43:51 Aug 29 2026 ***
Usage: ./ged -h -d database_file -q query_file -m running_mode -p search_paradigm -l lower_bound_method -t ged_threshold
**** Note that for GED verification, if the returned value is not -1, then it is only an upper bound of (and may be larger than) the exact GED

*** pair astar LSa -1: /home/wms/AF2-test/AF2-CatGraph/results/GAC/07_ged_classification/work/filtered_graphs/GAC_11_final.txt /home/wms/AF2-test/AF2-CatGraph/results/GAC/07_ged_classification/work/filtered_graphs/GAC_246_final.txt ***
*** GEDs ***
0
*** GEDs ***
min_ged: 0, max_ged: 0
total average time: 37, total average_ss: 21
Total time: 45 (microseconds), total search space: 21
 #candidates: 1, #matches: 1
2026-09-01 14:06:30,985 INFO: STDERR for GAC_11_final.txt vs GAC_246_final.txt:
[0% finished]
2026-09-01 14:06:30,987 INFO: class_7 has 11 graphs
2026-09-01 14:06:30,987 INFO: Starting classification for GAC_22_final.txt
2026-09-01 14:06:30,988 INFO: Command: /home/wms/AF2-test/AF2-CatGraph-test5/external/Graph_Edit_Distance/ged -d /home/wms/AF2-test/AF2-CatGraph/results/GAC/07_ged_classification/work/filtered_graphs/GAC_22_final.txt -q /home/wms/AF2-test/AF2-CatGraph/results/GAC/07_ged_classification/work/filtered_graphs/GAC_106_final.txt -m pair -p astar -l LSa -g
2026-09-01 14:06:30,988 INFO: STDOUT for GAC_22_final.txt vs GAC_106_final.txt:
**** GED (Release) build at 21:43:51 Aug 29 2026 ***
Usage: ./ged -h -d database_file -q query_file -m running_mode -p search_paradigm -l lower_bound_method -t ged_threshold
**** Note that for GED verification, if the returned value is not -1, then it is only an upper bound of (and may be larger than) the exact GED

*** pair astar LSa -1: /home/wms/AF2-test/AF2-CatGraph/results/GAC/07_ged_classification/work/filtered_graphs/GAC_22_final.txt /home/wms/AF2-test/AF2-CatGraph/results/GAC/07_ged_classification/work/filtered_graphs/GAC_106_final.txt ***
*** GEDs ***
2
*** GEDs ***
min_ged: 2, max_ged: 2
total average time: 32, total average_ss: 21
Total time: 38 (microseconds), total search space: 21
 #candidates: 1, #matches: 1
2026-09-01 14:06:30,988 INFO: STDERR for GAC_22_final.txt vs GAC_106_final.txt:
[0% finished]
2026-09-01 14:06:30,988 INFO: Command: /home/wms/AF2-test/AF2-CatGraph-test5/external/Graph_Edit_Distance/ged -d /home/wms/AF2-test/AF2-CatGraph/results/GAC/07_ged_classification/work/filtered_graphs/GAC_22_final.txt -q /home/wms/AF2-test/AF2-CatGraph/results/GAC/07_ged_classification/work/filtered_graphs/GAC_195_final.txt -m pair -p astar -l LSa -g
2026-09-01 14:06:30,988 INFO: STDOUT for GAC_22_final.txt vs GAC_195_final.txt:
**** GED (Release) build at 21:43:51 Aug 29 2026 ***
Usage: ./ged -h -d database_file -q query_file -m running_mode -p search_paradigm -l lower_bound_method -t ged_threshold
**** Note that for GED verification, if the returned value is not -1, then it is only an upper bound of (and may be larger than) the exact GED

*** pair astar LSa -1: /home/wms/AF2-test/AF2-CatGraph/results/GAC/07_ged_classification/work/filtered_graphs/GAC_22_final.txt /home/wms/AF2-test/AF2-CatGraph/results/GAC/07_ged_classification/work/filtered_graphs/GAC_195_final.txt ***
*** GEDs ***
0
*** GEDs ***
min_ged: 0, max_ged: 0
total average time: 36, total average_ss: 21
Total time: 46 (microseconds), total search space: 21
 #candidates: 1, #matches: 1
2026-09-01 14:06:30,988 INFO: STDERR for GAC_22_final.txt vs GAC_195_final.txt:
[0% finished]
2026-09-01 14:06:30,988 INFO: Command: /home/wms/AF2-test/AF2-CatGraph-test5/external/Graph_Edit_Distance/ged -d /home/wms/AF2-test/AF2-CatGraph/results/GAC/07_ged_classification/work/filtered_graphs/GAC_22_final.txt -q /home/wms/AF2-test/AF2-CatGraph/results/GAC/07_ged_classification/work/filtered_graphs/GAC_204_final.txt -m pair -p astar -l LSa -g
2026-09-01 14:06:30,989 INFO: STDOUT for GAC_22_final.txt vs GAC_204_final.txt:
**** GED (Release) build at 21:43:51 Aug 29 2026 ***
Usage: ./ged -h -d database_file -q query_file -m running_mode -p search_paradigm -l lower_bound_method -t ged_threshold
**** Note that for GED verification, if the returned value is not -1, then it is only an upper bound of (and may be larger than) the exact GED

*** pair astar LSa -1: /home/wms/AF2-test/AF2-CatGraph/results/GAC/07_ged_classification/work/filtered_graphs/GAC_22_final.txt /home/wms/AF2-test/AF2-CatGraph/results/GAC/07_ged_classification/work/filtered_graphs/GAC_204_final.txt ***
*** GEDs ***
4
*** GEDs ***
min_ged: 4, max_ged: 4
total average time: 43, total average_ss: 29
Total time: 50 (microseconds), total search space: 29
 #candidates: 1, #matches: 1
2026-09-01 14:06:30,989 INFO: STDERR for GAC_22_final.txt vs GAC_204_final.txt:
[0% finished]
2026-09-01 14:06:30,990 INFO: class_8 has 2 graphs
2026-09-01 14:06:30,990 INFO: Starting classification for GAC_106_final.txt
2026-09-01 14:06:30,991 INFO: Command: /home/wms/AF2-test/AF2-CatGraph-test5/external/Graph_Edit_Distance/ged -d /home/wms/AF2-test/AF2-CatGraph/results/GAC/07_ged_classification/work/filtered_graphs/GAC_106_final.txt -q /home/wms/AF2-test/AF2-CatGraph/results/GAC/07_ged_classification/work/filtered_graphs/GAC_204_final.txt -m pair -p astar -l LSa -g
2026-09-01 14:06:30,991 INFO: STDOUT for GAC_106_final.txt vs GAC_204_final.txt:
**** GED (Release) build at 21:43:51 Aug 29 2026 ***
Usage: ./ged -h -d database_file -q query_file -m running_mode -p search_paradigm -l lower_bound_method -t ged_threshold
**** Note that for GED verification, if the returned value is not -1, then it is only an upper bound of (and may be larger than) the exact GED

*** pair astar LSa -1: /home/wms/AF2-test/AF2-CatGraph/results/GAC/07_ged_classification/work/filtered_graphs/GAC_106_final.txt /home/wms/AF2-test/AF2-CatGraph/results/GAC/07_ged_classification/work/filtered_graphs/GAC_204_final.txt ***
*** GEDs ***
4
*** GEDs ***
min_ged: 4, max_ged: 4
total average time: 37, total average_ss: 28
Total time: 43 (microseconds), total search space: 28
 #candidates: 1, #matches: 1
2026-09-01 14:06:30,991 INFO: STDERR for GAC_106_final.txt vs GAC_204_final.txt:
[0% finished]
2026-09-01 14:06:30,992 INFO: class_9 has 1 graphs
2026-09-01 14:06:30,992 INFO: Starting classification for GAC_204_final.txt
2026-09-01 14:06:30,994 INFO: class_10 has 1 graphs
2026-09-01 14:06:30,994 INFO: Starting classification for GAC_9_final.txt
2026-09-01 14:06:30,994 INFO: Command: /home/wms/AF2-test/AF2-CatGraph-test5/external/Graph_Edit_Distance/ged -d /home/wms/AF2-test/AF2-CatGraph/results/GAC/07_ged_classification/work/filtered_graphs/GAC_9_final.txt -q /home/wms/AF2-test/AF2-CatGraph/results/GAC/07_ged_classification/work/filtered_graphs/GAC_13_final.txt -m pair -p astar -l LSa -g
2026-09-01 14:06:30,994 INFO: STDOUT for GAC_9_final.txt vs GAC_13_final.txt:
**** GED (Release) build at 21:43:51 Aug 29 2026 ***
Usage: ./ged -h -d database_file -q query_file -m running_mode -p search_paradigm -l lower_bound_method -t ged_threshold
**** Note that for GED verification, if the returned value is not -1, then it is only an upper bound of (and may be larger than) the exact GED

*** pair astar LSa -1: /home/wms/AF2-test/AF2-CatGraph/results/GAC/07_ged_classification/work/filtered_graphs/GAC_9_final.txt /home/wms/AF2-test/AF2-CatGraph/results/GAC/07_ged_classification/work/filtered_graphs/GAC_13_final.txt ***
*** GEDs ***
0
*** GEDs ***
min_ged: 0, max_ged: 0
total average time: 30, total average_ss: 21
Total time: 35 (microseconds), total search space: 21
 #candidates: 1, #matches: 1
2026-09-01 14:06:30,994 INFO: STDERR for GAC_9_final.txt vs GAC_13_final.txt:
[0% finished]
2026-09-01 14:06:30,995 INFO: Command: /home/wms/AF2-test/AF2-CatGraph-test5/external/Graph_Edit_Distance/ged -d /home/wms/AF2-test/AF2-CatGraph/results/GAC/07_ged_classification/work/filtered_graphs/GAC_9_final.txt -q /home/wms/AF2-test/AF2-CatGraph/results/GAC/07_ged_classification/work/filtered_graphs/GAC_59_final.txt -m pair -p astar -l LSa -g
2026-09-01 14:06:30,995 INFO: STDOUT for GAC_9_final.txt vs GAC_59_final.txt:
**** GED (Release) build at 21:43:51 Aug 29 2026 ***
Usage: ./ged -h -d database_file -q query_file -m running_mode -p search_paradigm -l lower_bound_method -t ged_threshold
**** Note that for GED verification, if the returned value is not -1, then it is only an upper bound of (and may be larger than) the exact GED

*** pair astar LSa -1: /home/wms/AF2-test/AF2-CatGraph/results/GAC/07_ged_classification/work/filtered_graphs/GAC_9_final.txt /home/wms/AF2-test/AF2-CatGraph/results/GAC/07_ged_classification/work/filtered_graphs/GAC_59_final.txt ***
*** GEDs ***
0
*** GEDs ***
min_ged: 0, max_ged: 0
total average time: 30, total average_ss: 21
Total time: 36 (microseconds), total search space: 21
 #candidates: 1, #matches: 1
2026-09-01 14:06:30,995 INFO: STDERR for GAC_9_final.txt vs GAC_59_final.txt:
[0% finished]
2026-09-01 14:06:30,995 INFO: Command: /home/wms/AF2-test/AF2-CatGraph-test5/external/Graph_Edit_Distance/ged -d /home/wms/AF2-test/AF2-CatGraph/results/GAC/07_ged_classification/work/filtered_graphs/GAC_9_final.txt -q /home/wms/AF2-test/AF2-CatGraph/results/GAC/07_ged_classification/work/filtered_graphs/GAC_64_final.txt -m pair -p astar -l LSa -g
2026-09-01 14:06:30,995 INFO: STDOUT for GAC_9_final.txt vs GAC_64_final.txt:
**** GED (Release) build at 21:43:51 Aug 29 2026 ***
Usage: ./ged -h -d database_file -q query_file -m running_mode -p search_paradigm -l lower_bound_method -t ged_threshold
**** Note that for GED verification, if the returned value is not -1, then it is only an upper bound of (and may be larger than) the exact GED

*** pair astar LSa -1: /home/wms/AF2-test/AF2-CatGraph/results/GAC/07_ged_classification/work/filtered_graphs/GAC_9_final.txt /home/wms/AF2-test/AF2-CatGraph/results/GAC/07_ged_classification/work/filtered_graphs/GAC_64_final.txt ***
*** GEDs ***
0
*** GEDs ***
min_ged: 0, max_ged: 0
total average time: 27, total average_ss: 21
Total time: 33 (microseconds), total search space: 21
 #candidates: 1, #matches: 1
2026-09-01 14:06:30,995 INFO: STDERR for GAC_9_final.txt vs GAC_64_final.txt:
[0% finished]
2026-09-01 14:06:30,995 INFO: Command: /home/wms/AF2-test/AF2-CatGraph-test5/external/Graph_Edit_Distance/ged -d /home/wms/AF2-test/AF2-CatGraph/results/GAC/07_ged_classification/work/filtered_graphs/GAC_9_final.txt -q /home/wms/AF2-test/AF2-CatGraph/results/GAC/07_ged_classification/work/filtered_graphs/GAC_68_final.txt -m pair -p astar -l LSa -g
2026-09-01 14:06:30,995 INFO: STDOUT for GAC_9_final.txt vs GAC_68_final.txt:
**** GED (Release) build at 21:43:51 Aug 29 2026 ***
Usage: ./ged -h -d database_file -q query_file -m running_mode -p search_paradigm -l lower_bound_method -t ged_threshold
**** Note that for GED verification, if the returned value is not -1, then it is only an upper bound of (and may be larger than) the exact GED

*** pair astar LSa -1: /home/wms/AF2-test/AF2-CatGraph/results/GAC/07_ged_classification/work/filtered_graphs/GAC_9_final.txt /home/wms/AF2-test/AF2-CatGraph/results/GAC/07_ged_classification/work/filtered_graphs/GAC_68_final.txt ***
*** GEDs ***
0
*** GEDs ***
min_ged: 0, max_ged: 0
total average time: 38, total average_ss: 21
Total time: 45 (microseconds), total search space: 21
 #candidates: 1, #matches: 1
2026-09-01 14:06:30,995 INFO: STDERR for GAC_9_final.txt vs GAC_68_final.txt:
[0% finished]
2026-09-01 14:06:30,996 INFO: Command: /home/wms/AF2-test/AF2-CatGraph-test5/external/Graph_Edit_Distance/ged -d /home/wms/AF2-test/AF2-CatGraph/results/GAC/07_ged_classification/work/filtered_graphs/GAC_9_final.txt -q /home/wms/AF2-test/AF2-CatGraph/results/GAC/07_ged_classification/work/filtered_graphs/GAC_82_final.txt -m pair -p astar -l LSa -g
2026-09-01 14:06:30,996 INFO: STDOUT for GAC_9_final.txt vs GAC_82_final.txt:
**** GED (Release) build at 21:43:51 Aug 29 2026 ***
Usage: ./ged -h -d database_file -q query_file -m running_mode -p search_paradigm -l lower_bound_method -t ged_threshold
**** Note that for GED verification, if the returned value is not -1, then it is only an upper bound of (and may be larger than) the exact GED

*** pair astar LSa -1: /home/wms/AF2-test/AF2-CatGraph/results/GAC/07_ged_classification/work/filtered_graphs/GAC_9_final.txt /home/wms/AF2-test/AF2-CatGraph/results/GAC/07_ged_classification/work/filtered_graphs/GAC_82_final.txt ***
*** GEDs ***
0
*** GEDs ***
min_ged: 0, max_ged: 0
total average time: 31, total average_ss: 21
Total time: 37 (microseconds), total search space: 21
 #candidates: 1, #matches: 1
2026-09-01 14:06:30,996 INFO: STDERR for GAC_9_final.txt vs GAC_82_final.txt:
[0% finished]
2026-09-01 14:06:30,996 INFO: Command: /home/wms/AF2-test/AF2-CatGraph-test5/external/Graph_Edit_Distance/ged -d /home/wms/AF2-test/AF2-CatGraph/results/GAC/07_ged_classification/work/filtered_graphs/GAC_9_final.txt -q /home/wms/AF2-test/AF2-CatGraph/results/GAC/07_ged_classification/work/filtered_graphs/GAC_85_final.txt -m pair -p astar -l LSa -g
2026-09-01 14:06:30,996 INFO: STDOUT for GAC_9_final.txt vs GAC_85_final.txt:
**** GED (Release) build at 21:43:51 Aug 29 2026 ***
Usage: ./ged -h -d database_file -q query_file -m running_mode -p search_paradigm -l lower_bound_method -t ged_threshold
**** Note that for GED verification, if the returned value is not -1, then it is only an upper bound of (and may be larger than) the exact GED

*** pair astar LSa -1: /home/wms/AF2-test/AF2-CatGraph/results/GAC/07_ged_classification/work/filtered_graphs/GAC_9_final.txt /home/wms/AF2-test/AF2-CatGraph/results/GAC/07_ged_classification/work/filtered_graphs/GAC_85_final.txt ***
*** GEDs ***
0
*** GEDs ***
min_ged: 0, max_ged: 0
total average time: 37, total average_ss: 21
Total time: 44 (microseconds), total search space: 21
 #candidates: 1, #matches: 1
2026-09-01 14:06:30,996 INFO: STDERR for GAC_9_final.txt vs GAC_85_final.txt:
[0% finished]
2026-09-01 14:06:30,997 INFO: Command: /home/wms/AF2-test/AF2-CatGraph-test5/external/Graph_Edit_Distance/ged -d /home/wms/AF2-test/AF2-CatGraph/results/GAC/07_ged_classification/work/filtered_graphs/GAC_9_final.txt -q /home/wms/AF2-test/AF2-CatGraph/results/GAC/07_ged_classification/work/filtered_graphs/GAC_86_final.txt -m pair -p astar -l LSa -g
2026-09-01 14:06:30,997 INFO: STDOUT for GAC_9_final.txt vs GAC_86_final.txt:
**** GED (Release) build at 21:43:51 Aug 29 2026 ***
Usage: ./ged -h -d database_file -q query_file -m running_mode -p search_paradigm -l lower_bound_method -t ged_threshold
**** Note that for GED verification, if the returned value is not -1, then it is only an upper bound of (and may be larger than) the exact GED

*** pair astar LSa -1: /home/wms/AF2-test/AF2-CatGraph/results/GAC/07_ged_classification/work/filtered_graphs/GAC_9_final.txt /home/wms/AF2-test/AF2-CatGraph/results/GAC/07_ged_classification/work/filtered_graphs/GAC_86_final.txt ***
*** GEDs ***
0
*** GEDs ***
min_ged: 0, max_ged: 0
total average time: 36, total average_ss: 21
Total time: 43 (microseconds), total search space: 21
 #candidates: 1, #matches: 1
2026-09-01 14:06:30,997 INFO: STDERR for GAC_9_final.txt vs GAC_86_final.txt:
[0% finished]
2026-09-01 14:06:30,997 INFO: Command: /home/wms/AF2-test/AF2-CatGraph-test5/external/Graph_Edit_Distance/ged -d /home/wms/AF2-test/AF2-CatGraph/results/GAC/07_ged_classification/work/filtered_graphs/GAC_9_final.txt -q /home/wms/AF2-test/AF2-CatGraph/results/GAC/07_ged_classification/work/filtered_graphs/GAC_95_final.txt -m pair -p astar -l LSa -g
2026-09-01 14:06:30,997 INFO: STDOUT for GAC_9_final.txt vs GAC_95_final.txt:
**** GED (Release) build at 21:43:51 Aug 29 2026 ***
Usage: ./ged -h -d database_file -q query_file -m running_mode -p search_paradigm -l lower_bound_method -t ged_threshold
**** Note that for GED verification, if the returned value is not -1, then it is only an upper bound of (and may be larger than) the exact GED

*** pair astar LSa -1: /home/wms/AF2-test/AF2-CatGraph/results/GAC/07_ged_classification/work/filtered_graphs/GAC_9_final.txt /home/wms/AF2-test/AF2-CatGraph/results/GAC/07_ged_classification/work/filtered_graphs/GAC_95_final.txt ***
*** GEDs ***
0
*** GEDs ***
min_ged: 0, max_ged: 0
total average time: 35, total average_ss: 21
Total time: 42 (microseconds), total search space: 21
 #candidates: 1, #matches: 1
2026-09-01 14:06:30,997 INFO: STDERR for GAC_9_final.txt vs GAC_95_final.txt:
[0% finished]
2026-09-01 14:06:30,998 INFO: Command: /home/wms/AF2-test/AF2-CatGraph-test5/external/Graph_Edit_Distance/ged -d /home/wms/AF2-test/AF2-CatGraph/results/GAC/07_ged_classification/work/filtered_graphs/GAC_9_final.txt -q /home/wms/AF2-test/AF2-CatGraph/results/GAC/07_ged_classification/work/filtered_graphs/GAC_121_final.txt -m pair -p astar -l LSa -g
2026-09-01 14:06:30,998 INFO: STDOUT for GAC_9_final.txt vs GAC_121_final.txt:
**** GED (Release) build at 21:43:51 Aug 29 2026 ***
Usage: ./ged -h -d database_file -q query_file -m running_mode -p search_paradigm -l lower_bound_method -t ged_threshold
**** Note that for GED verification, if the returned value is not -1, then it is only an upper bound of (and may be larger than) the exact GED

*** pair astar LSa -1: /home/wms/AF2-test/AF2-CatGraph/results/GAC/07_ged_classification/work/filtered_graphs/GAC_9_final.txt /home/wms/AF2-test/AF2-CatGraph/results/GAC/07_ged_classification/work/filtered_graphs/GAC_121_final.txt ***
*** GEDs ***
0
*** GEDs ***
min_ged: 0, max_ged: 0
total average time: 27, total average_ss: 21
Total time: 33 (microseconds), total search space: 21
 #candidates: 1, #matches: 1
2026-09-01 14:06:30,998 INFO: STDERR for GAC_9_final.txt vs GAC_121_final.txt:
[0% finished]
2026-09-01 14:06:30,998 INFO: Command: /home/wms/AF2-test/AF2-CatGraph-test5/external/Graph_Edit_Distance/ged -d /home/wms/AF2-test/AF2-CatGraph/results/GAC/07_ged_classification/work/filtered_graphs/GAC_9_final.txt -q /home/wms/AF2-test/AF2-CatGraph/results/GAC/07_ged_classification/work/filtered_graphs/GAC_110_final.txt -m pair -p astar -l LSa -g
2026-09-01 14:06:30,998 INFO: STDOUT for GAC_9_final.txt vs GAC_110_final.txt:
**** GED (Release) build at 21:43:51 Aug 29 2026 ***
Usage: ./ged -h -d database_file -q query_file -m running_mode -p search_paradigm -l lower_bound_method -t ged_threshold
**** Note that for GED verification, if the returned value is not -1, then it is only an upper bound of (and may be larger than) the exact GED

*** pair astar LSa -1: /home/wms/AF2-test/AF2-CatGraph/results/GAC/07_ged_classification/work/filtered_graphs/GAC_9_final.txt /home/wms/AF2-test/AF2-CatGraph/results/GAC/07_ged_classification/work/filtered_graphs/GAC_110_final.txt ***
*** GEDs ***
0
*** GEDs ***
min_ged: 0, max_ged: 0
total average time: 33, total average_ss: 21
Total time: 38 (microseconds), total search space: 21
 #candidates: 1, #matches: 1
2026-09-01 14:06:30,998 INFO: STDERR for GAC_9_final.txt vs GAC_110_final.txt:
[0% finished]
2026-09-01 14:06:30,999 INFO: Command: /home/wms/AF2-test/AF2-CatGraph-test5/external/Graph_Edit_Distance/ged -d /home/wms/AF2-test/AF2-CatGraph/results/GAC/07_ged_classification/work/filtered_graphs/GAC_9_final.txt -q /home/wms/AF2-test/AF2-CatGraph/results/GAC/07_ged_classification/work/filtered_graphs/GAC_136_final.txt -m pair -p astar -l LSa -g
2026-09-01 14:06:30,999 INFO: STDOUT for GAC_9_final.txt vs GAC_136_final.txt:
**** GED (Release) build at 21:43:51 Aug 29 2026 ***
Usage: ./ged -h -d database_file -q query_file -m running_mode -p search_paradigm -l lower_bound_method -t ged_threshold
**** Note that for GED verification, if the returned value is not -1, then it is only an upper bound of (and may be larger than) the exact GED

*** pair astar LSa -1: /home/wms/AF2-test/AF2-CatGraph/results/GAC/07_ged_classification/work/filtered_graphs/GAC_9_final.txt /home/wms/AF2-test/AF2-CatGraph/results/GAC/07_ged_classification/work/filtered_graphs/GAC_136_final.txt ***
*** GEDs ***
0
*** GEDs ***
min_ged: 0, max_ged: 0
total average time: 27, total average_ss: 21
Total time: 34 (microseconds), total search space: 21
 #candidates: 1, #matches: 1
2026-09-01 14:06:30,999 INFO: STDERR for GAC_9_final.txt vs GAC_136_final.txt:
[0% finished]
2026-09-01 14:06:30,999 INFO: Command: /home/wms/AF2-test/AF2-CatGraph-test5/external/Graph_Edit_Distance/ged -d /home/wms/AF2-test/AF2-CatGraph/results/GAC/07_ged_classification/work/filtered_graphs/GAC_9_final.txt -q /home/wms/AF2-test/AF2-CatGraph/results/GAC/07_ged_classification/work/filtered_graphs/GAC_141_final.txt -m pair -p astar -l LSa -g
2026-09-01 14:06:30,999 INFO: STDOUT for GAC_9_final.txt vs GAC_141_final.txt:
**** GED (Release) build at 21:43:51 Aug 29 2026 ***
Usage: ./ged -h -d database_file -q query_file -m running_mode -p search_paradigm -l lower_bound_method -t ged_threshold
**** Note that for GED verification, if the returned value is not -1, then it is only an upper bound of (and may be larger than) the exact GED

*** pair astar LSa -1: /home/wms/AF2-test/AF2-CatGraph/results/GAC/07_ged_classification/work/filtered_graphs/GAC_9_final.txt /home/wms/AF2-test/AF2-CatGraph/results/GAC/07_ged_classification/work/filtered_graphs/GAC_141_final.txt ***
*** GEDs ***
2
*** GEDs ***
min_ged: 2, max_ged: 2
total average time: 37, total average_ss: 21
Total time: 46 (microseconds), total search space: 21
 #candidates: 1, #matches: 1
2026-09-01 14:06:30,999 INFO: STDERR for GAC_9_final.txt vs GAC_141_final.txt:
[0% finished]
2026-09-01 14:06:31,000 INFO: Command: /home/wms/AF2-test/AF2-CatGraph-test5/external/Graph_Edit_Distance/ged -d /home/wms/AF2-test/AF2-CatGraph/results/GAC/07_ged_classification/work/filtered_graphs/GAC_9_final.txt -q /home/wms/AF2-test/AF2-CatGraph/results/GAC/07_ged_classification/work/filtered_graphs/GAC_142_final.txt -m pair -p astar -l LSa -g
2026-09-01 14:06:31,000 INFO: STDOUT for GAC_9_final.txt vs GAC_142_final.txt:
**** GED (Release) build at 21:43:51 Aug 29 2026 ***
Usage: ./ged -h -d database_file -q query_file -m running_mode -p search_paradigm -l lower_bound_method -t ged_threshold
**** Note that for GED verification, if the returned value is not -1, then it is only an upper bound of (and may be larger than) the exact GED

*** pair astar LSa -1: /home/wms/AF2-test/AF2-CatGraph/results/GAC/07_ged_classification/work/filtered_graphs/GAC_9_final.txt /home/wms/AF2-test/AF2-CatGraph/results/GAC/07_ged_classification/work/filtered_graphs/GAC_142_final.txt ***
*** GEDs ***
2
*** GEDs ***
min_ged: 2, max_ged: 2
total average time: 29, total average_ss: 21
Total time: 34 (microseconds), total search space: 21
 #candidates: 1, #matches: 1
2026-09-01 14:06:31,000 INFO: STDERR for GAC_9_final.txt vs GAC_142_final.txt:
[0% finished]
2026-09-01 14:06:31,000 INFO: Command: /home/wms/AF2-test/AF2-CatGraph-test5/external/Graph_Edit_Distance/ged -d /home/wms/AF2-test/AF2-CatGraph/results/GAC/07_ged_classification/work/filtered_graphs/GAC_9_final.txt -q /home/wms/AF2-test/AF2-CatGraph/results/GAC/07_ged_classification/work/filtered_graphs/GAC_146_final.txt -m pair -p astar -l LSa -g
2026-09-01 14:06:31,000 INFO: STDOUT for GAC_9_final.txt vs GAC_146_final.txt:
**** GED (Release) build at 21:43:51 Aug 29 2026 ***
Usage: ./ged -h -d database_file -q query_file -m running_mode -p search_paradigm -l lower_bound_method -t ged_threshold
**** Note that for GED verification, if the returned value is not -1, then it is only an upper bound of (and may be larger than) the exact GED

*** pair astar LSa -1: /home/wms/AF2-test/AF2-CatGraph/results/GAC/07_ged_classification/work/filtered_graphs/GAC_9_final.txt /home/wms/AF2-test/AF2-CatGraph/results/GAC/07_ged_classification/work/filtered_graphs/GAC_146_final.txt ***
*** GEDs ***
0
*** GEDs ***
min_ged: 0, max_ged: 0
total average time: 35, total average_ss: 21
Total time: 44 (microseconds), total search space: 21
 #candidates: 1, #matches: 1
2026-09-01 14:06:31,000 INFO: STDERR for GAC_9_final.txt vs GAC_146_final.txt:
[0% finished]
2026-09-01 14:06:31,001 INFO: Command: /home/wms/AF2-test/AF2-CatGraph-test5/external/Graph_Edit_Distance/ged -d /home/wms/AF2-test/AF2-CatGraph/results/GAC/07_ged_classification/work/filtered_graphs/GAC_9_final.txt -q /home/wms/AF2-test/AF2-CatGraph/results/GAC/07_ged_classification/work/filtered_graphs/GAC_148_final.txt -m pair -p astar -l LSa -g
2026-09-01 14:06:31,001 INFO: STDOUT for GAC_9_final.txt vs GAC_148_final.txt:
**** GED (Release) build at 21:43:51 Aug 29 2026 ***
Usage: ./ged -h -d database_file -q query_file -m running_mode -p search_paradigm -l lower_bound_method -t ged_threshold
**** Note that for GED verification, if the returned value is not -1, then it is only an upper bound of (and may be larger than) the exact GED

*** pair astar LSa -1: /home/wms/AF2-test/AF2-CatGraph/results/GAC/07_ged_classification/work/filtered_graphs/GAC_9_final.txt /home/wms/AF2-test/AF2-CatGraph/results/GAC/07_ged_classification/work/filtered_graphs/GAC_148_final.txt ***
*** GEDs ***
0
*** GEDs ***
min_ged: 0, max_ged: 0
total average time: 31, total average_ss: 21
Total time: 39 (microseconds), total search space: 21
 #candidates: 1, #matches: 1
2026-09-01 14:06:31,001 INFO: STDERR for GAC_9_final.txt vs GAC_148_final.txt:
[0% finished]
2026-09-01 14:06:31,001 INFO: Command: /home/wms/AF2-test/AF2-CatGraph-test5/external/Graph_Edit_Distance/ged -d /home/wms/AF2-test/AF2-CatGraph/results/GAC/07_ged_classification/work/filtered_graphs/GAC_9_final.txt -q /home/wms/AF2-test/AF2-CatGraph/results/GAC/07_ged_classification/work/filtered_graphs/GAC_162_final.txt -m pair -p astar -l LSa -g
2026-09-01 14:06:31,001 INFO: STDOUT for GAC_9_final.txt vs GAC_162_final.txt:
**** GED (Release) build at 21:43:51 Aug 29 2026 ***
Usage: ./ged -h -d database_file -q query_file -m running_mode -p search_paradigm -l lower_bound_method -t ged_threshold
**** Note that for GED verification, if the returned value is not -1, then it is only an upper bound of (and may be larger than) the exact GED

*** pair astar LSa -1: /home/wms/AF2-test/AF2-CatGraph/results/GAC/07_ged_classification/work/filtered_graphs/GAC_9_final.txt /home/wms/AF2-test/AF2-CatGraph/results/GAC/07_ged_classification/work/filtered_graphs/GAC_162_final.txt ***
*** GEDs ***
2
*** GEDs ***
min_ged: 2, max_ged: 2
total average time: 37, total average_ss: 21
Total time: 43 (microseconds), total search space: 21
 #candidates: 1, #matches: 1
2026-09-01 14:06:31,001 INFO: STDERR for GAC_9_final.txt vs GAC_162_final.txt:
[0% finished]
2026-09-01 14:06:31,002 INFO: Command: /home/wms/AF2-test/AF2-CatGraph-test5/external/Graph_Edit_Distance/ged -d /home/wms/AF2-test/AF2-CatGraph/results/GAC/07_ged_classification/work/filtered_graphs/GAC_9_final.txt -q /home/wms/AF2-test/AF2-CatGraph/results/GAC/07_ged_classification/work/filtered_graphs/GAC_184_final.txt -m pair -p astar -l LSa -g
2026-09-01 14:06:31,002 INFO: STDOUT for GAC_9_final.txt vs GAC_184_final.txt:
**** GED (Release) build at 21:43:51 Aug 29 2026 ***
Usage: ./ged -h -d database_file -q query_file -m running_mode -p search_paradigm -l lower_bound_method -t ged_threshold
**** Note that for GED verification, if the returned value is not -1, then it is only an upper bound of (and may be larger than) the exact GED

*** pair astar LSa -1: /home/wms/AF2-test/AF2-CatGraph/results/GAC/07_ged_classification/work/filtered_graphs/GAC_9_final.txt /home/wms/AF2-test/AF2-CatGraph/results/GAC/07_ged_classification/work/filtered_graphs/GAC_184_final.txt ***
*** GEDs ***
0
*** GEDs ***
min_ged: 0, max_ged: 0
total average time: 29, total average_ss: 21
Total time: 36 (microseconds), total search space: 21
 #candidates: 1, #matches: 1
2026-09-01 14:06:31,002 INFO: STDERR for GAC_9_final.txt vs GAC_184_final.txt:
[0% finished]
2026-09-01 14:06:31,002 INFO: Command: /home/wms/AF2-test/AF2-CatGraph-test5/external/Graph_Edit_Distance/ged -d /home/wms/AF2-test/AF2-CatGraph/results/GAC/07_ged_classification/work/filtered_graphs/GAC_9_final.txt -q /home/wms/AF2-test/AF2-CatGraph/results/GAC/07_ged_classification/work/filtered_graphs/GAC_178_final.txt -m pair -p astar -l LSa -g
2026-09-01 14:06:31,002 INFO: STDOUT for GAC_9_final.txt vs GAC_178_final.txt:
**** GED (Release) build at 21:43:51 Aug 29 2026 ***
Usage: ./ged -h -d database_file -q query_file -m running_mode -p search_paradigm -l lower_bound_method -t ged_threshold
**** Note that for GED verification, if the returned value is not -1, then it is only an upper bound of (and may be larger than) the exact GED

*** pair astar LSa -1: /home/wms/AF2-test/AF2-CatGraph/results/GAC/07_ged_classification/work/filtered_graphs/GAC_9_final.txt /home/wms/AF2-test/AF2-CatGraph/results/GAC/07_ged_classification/work/filtered_graphs/GAC_178_final.txt ***
*** GEDs ***
0
*** GEDs ***
min_ged: 0, max_ged: 0
total average time: 38, total average_ss: 21
Total time: 47 (microseconds), total search space: 21
 #candidates: 1, #matches: 1
2026-09-01 14:06:31,002 INFO: STDERR for GAC_9_final.txt vs GAC_178_final.txt:
[0% finished]
2026-09-01 14:06:31,003 INFO: Command: /home/wms/AF2-test/AF2-CatGraph-test5/external/Graph_Edit_Distance/ged -d /home/wms/AF2-test/AF2-CatGraph/results/GAC/07_ged_classification/work/filtered_graphs/GAC_9_final.txt -q /home/wms/AF2-test/AF2-CatGraph/results/GAC/07_ged_classification/work/filtered_graphs/GAC_186_final.txt -m pair -p astar -l LSa -g
2026-09-01 14:06:31,003 INFO: STDOUT for GAC_9_final.txt vs GAC_186_final.txt:
**** GED (Release) build at 21:43:51 Aug 29 2026 ***
Usage: ./ged -h -d database_file -q query_file -m running_mode -p search_paradigm -l lower_bound_method -t ged_threshold
**** Note that for GED verification, if the returned value is not -1, then it is only an upper bound of (and may be larger than) the exact GED

*** pair astar LSa -1: /home/wms/AF2-test/AF2-CatGraph/results/GAC/07_ged_classification/work/filtered_graphs/GAC_9_final.txt /home/wms/AF2-test/AF2-CatGraph/results/GAC/07_ged_classification/work/filtered_graphs/GAC_186_final.txt ***
*** GEDs ***
0
*** GEDs ***
min_ged: 0, max_ged: 0
total average time: 27, total average_ss: 21
Total time: 35 (microseconds), total search space: 21
 #candidates: 1, #matches: 1
2026-09-01 14:06:31,003 INFO: STDERR for GAC_9_final.txt vs GAC_186_final.txt:
[0% finished]
2026-09-01 14:06:31,003 INFO: Command: /home/wms/AF2-test/AF2-CatGraph-test5/external/Graph_Edit_Distance/ged -d /home/wms/AF2-test/AF2-CatGraph/results/GAC/07_ged_classification/work/filtered_graphs/GAC_9_final.txt -q /home/wms/AF2-test/AF2-CatGraph/results/GAC/07_ged_classification/work/filtered_graphs/GAC_194_final.txt -m pair -p astar -l LSa -g
2026-09-01 14:06:31,003 INFO: STDOUT for GAC_9_final.txt vs GAC_194_final.txt:
**** GED (Release) build at 21:43:51 Aug 29 2026 ***
Usage: ./ged -h -d database_file -q query_file -m running_mode -p search_paradigm -l lower_bound_method -t ged_threshold
**** Note that for GED verification, if the returned value is not -1, then it is only an upper bound of (and may be larger than) the exact GED

*** pair astar LSa -1: /home/wms/AF2-test/AF2-CatGraph/results/GAC/07_ged_classification/work/filtered_graphs/GAC_9_final.txt /home/wms/AF2-test/AF2-CatGraph/results/GAC/07_ged_classification/work/filtered_graphs/GAC_194_final.txt ***
*** GEDs ***
2
*** GEDs ***
min_ged: 2, max_ged: 2
total average time: 38, total average_ss: 21
Total time: 44 (microseconds), total search space: 21
 #candidates: 1, #matches: 1
2026-09-01 14:06:31,003 INFO: STDERR for GAC_9_final.txt vs GAC_194_final.txt:
[0% finished]
2026-09-01 14:06:31,004 INFO: Command: /home/wms/AF2-test/AF2-CatGraph-test5/external/Graph_Edit_Distance/ged -d /home/wms/AF2-test/AF2-CatGraph/results/GAC/07_ged_classification/work/filtered_graphs/GAC_9_final.txt -q /home/wms/AF2-test/AF2-CatGraph/results/GAC/07_ged_classification/work/filtered_graphs/GAC_197_final.txt -m pair -p astar -l LSa -g
2026-09-01 14:06:31,004 INFO: STDOUT for GAC_9_final.txt vs GAC_197_final.txt:
**** GED (Release) build at 21:43:51 Aug 29 2026 ***
Usage: ./ged -h -d database_file -q query_file -m running_mode -p search_paradigm -l lower_bound_method -t ged_threshold
**** Note that for GED verification, if the returned value is not -1, then it is only an upper bound of (and may be larger than) the exact GED

*** pair astar LSa -1: /home/wms/AF2-test/AF2-CatGraph/results/GAC/07_ged_classification/work/filtered_graphs/GAC_9_final.txt /home/wms/AF2-test/AF2-CatGraph/results/GAC/07_ged_classification/work/filtered_graphs/GAC_197_final.txt ***
*** GEDs ***
0
*** GEDs ***
min_ged: 0, max_ged: 0
total average time: 32, total average_ss: 21
Total time: 40 (microseconds), total search space: 21
 #candidates: 1, #matches: 1
2026-09-01 14:06:31,004 INFO: STDERR for GAC_9_final.txt vs GAC_197_final.txt:
[0% finished]
2026-09-01 14:06:31,004 INFO: Command: /home/wms/AF2-test/AF2-CatGraph-test5/external/Graph_Edit_Distance/ged -d /home/wms/AF2-test/AF2-CatGraph/results/GAC/07_ged_classification/work/filtered_graphs/GAC_9_final.txt -q /home/wms/AF2-test/AF2-CatGraph/results/GAC/07_ged_classification/work/filtered_graphs/GAC_202_final.txt -m pair -p astar -l LSa -g
2026-09-01 14:06:31,004 INFO: STDOUT for GAC_9_final.txt vs GAC_202_final.txt:
**** GED (Release) build at 21:43:51 Aug 29 2026 ***
Usage: ./ged -h -d database_file -q query_file -m running_mode -p search_paradigm -l lower_bound_method -t ged_threshold
**** Note that for GED verification, if the returned value is not -1, then it is only an upper bound of (and may be larger than) the exact GED

*** pair astar LSa -1: /home/wms/AF2-test/AF2-CatGraph/results/GAC/07_ged_classification/work/filtered_graphs/GAC_9_final.txt /home/wms/AF2-test/AF2-CatGraph/results/GAC/07_ged_classification/work/filtered_graphs/GAC_202_final.txt ***
*** GEDs ***
2
*** GEDs ***
min_ged: 2, max_ged: 2
total average time: 36, total average_ss: 21
Total time: 44 (microseconds), total search space: 21
 #candidates: 1, #matches: 1
2026-09-01 14:06:31,004 INFO: STDERR for GAC_9_final.txt vs GAC_202_final.txt:
[0% finished]
2026-09-01 14:06:31,004 INFO: Command: /home/wms/AF2-test/AF2-CatGraph-test5/external/Graph_Edit_Distance/ged -d /home/wms/AF2-test/AF2-CatGraph/results/GAC/07_ged_classification/work/filtered_graphs/GAC_9_final.txt -q /home/wms/AF2-test/AF2-CatGraph/results/GAC/07_ged_classification/work/filtered_graphs/GAC_224_final.txt -m pair -p astar -l LSa -g
2026-09-01 14:06:31,004 INFO: STDOUT for GAC_9_final.txt vs GAC_224_final.txt:
**** GED (Release) build at 21:43:51 Aug 29 2026 ***
Usage: ./ged -h -d database_file -q query_file -m running_mode -p search_paradigm -l lower_bound_method -t ged_threshold
**** Note that for GED verification, if the returned value is not -1, then it is only an upper bound of (and may be larger than) the exact GED

*** pair astar LSa -1: /home/wms/AF2-test/AF2-CatGraph/results/GAC/07_ged_classification/work/filtered_graphs/GAC_9_final.txt /home/wms/AF2-test/AF2-CatGraph/results/GAC/07_ged_classification/work/filtered_graphs/GAC_224_final.txt ***
*** GEDs ***
0
*** GEDs ***
min_ged: 0, max_ged: 0
total average time: 35, total average_ss: 21
Total time: 44 (microseconds), total search space: 21
 #candidates: 1, #matches: 1
2026-09-01 14:06:31,004 INFO: STDERR for GAC_9_final.txt vs GAC_224_final.txt:
[0% finished]
2026-09-01 14:06:31,005 INFO: Command: /home/wms/AF2-test/AF2-CatGraph-test5/external/Graph_Edit_Distance/ged -d /home/wms/AF2-test/AF2-CatGraph/results/GAC/07_ged_classification/work/filtered_graphs/GAC_9_final.txt -q /home/wms/AF2-test/AF2-CatGraph/results/GAC/07_ged_classification/work/filtered_graphs/GAC_225_final.txt -m pair -p astar -l LSa -g
2026-09-01 14:06:31,005 INFO: STDOUT for GAC_9_final.txt vs GAC_225_final.txt:
**** GED (Release) build at 21:43:51 Aug 29 2026 ***
Usage: ./ged -h -d database_file -q query_file -m running_mode -p search_paradigm -l lower_bound_method -t ged_threshold
**** Note that for GED verification, if the returned value is not -1, then it is only an upper bound of (and may be larger than) the exact GED

*** pair astar LSa -1: /home/wms/AF2-test/AF2-CatGraph/results/GAC/07_ged_classification/work/filtered_graphs/GAC_9_final.txt /home/wms/AF2-test/AF2-CatGraph/results/GAC/07_ged_classification/work/filtered_graphs/GAC_225_final.txt ***
*** GEDs ***
0
*** GEDs ***
min_ged: 0, max_ged: 0
total average time: 38, total average_ss: 21
Total time: 44 (microseconds), total search space: 21
 #candidates: 1, #matches: 1
2026-09-01 14:06:31,005 INFO: STDERR for GAC_9_final.txt vs GAC_225_final.txt:
[0% finished]
2026-09-01 14:06:31,006 INFO: Command: /home/wms/AF2-test/AF2-CatGraph-test5/external/Graph_Edit_Distance/ged -d /home/wms/AF2-test/AF2-CatGraph/results/GAC/07_ged_classification/work/filtered_graphs/GAC_9_final.txt -q /home/wms/AF2-test/AF2-CatGraph/results/GAC/07_ged_classification/work/filtered_graphs/GAC_226_final.txt -m pair -p astar -l LSa -g
2026-09-01 14:06:31,006 INFO: STDOUT for GAC_9_final.txt vs GAC_226_final.txt:
**** GED (Release) build at 21:43:51 Aug 29 2026 ***
Usage: ./ged -h -d database_file -q query_file -m running_mode -p search_paradigm -l lower_bound_method -t ged_threshold
**** Note that for GED verification, if the returned value is not -1, then it is only an upper bound of (and may be larger than) the exact GED

*** pair astar LSa -1: /home/wms/AF2-test/AF2-CatGraph/results/GAC/07_ged_classification/work/filtered_graphs/GAC_9_final.txt /home/wms/AF2-test/AF2-CatGraph/results/GAC/07_ged_classification/work/filtered_graphs/GAC_226_final.txt ***
*** GEDs ***
2
*** GEDs ***
min_ged: 2, max_ged: 2
total average time: 30, total average_ss: 21
Total time: 35 (microseconds), total search space: 21
 #candidates: 1, #matches: 1
2026-09-01 14:06:31,006 INFO: STDERR for GAC_9_final.txt vs GAC_226_final.txt:
[0% finished]
2026-09-01 14:06:31,006 INFO: Command: /home/wms/AF2-test/AF2-CatGraph-test5/external/Graph_Edit_Distance/ged -d /home/wms/AF2-test/AF2-CatGraph/results/GAC/07_ged_classification/work/filtered_graphs/GAC_9_final.txt -q /home/wms/AF2-test/AF2-CatGraph/results/GAC/07_ged_classification/work/filtered_graphs/GAC_229_final.txt -m pair -p astar -l LSa -g
2026-09-01 14:06:31,006 INFO: STDOUT for GAC_9_final.txt vs GAC_229_final.txt:
**** GED (Release) build at 21:43:51 Aug 29 2026 ***
Usage: ./ged -h -d database_file -q query_file -m running_mode -p search_paradigm -l lower_bound_method -t ged_threshold
**** Note that for GED verification, if the returned value is not -1, then it is only an upper bound of (and may be larger than) the exact GED

*** pair astar LSa -1: /home/wms/AF2-test/AF2-CatGraph/results/GAC/07_ged_classification/work/filtered_graphs/GAC_9_final.txt /home/wms/AF2-test/AF2-CatGraph/results/GAC/07_ged_classification/work/filtered_graphs/GAC_229_final.txt ***
*** GEDs ***
2
*** GEDs ***
min_ged: 2, max_ged: 2
total average time: 48, total average_ss: 21
Total time: 57 (microseconds), total search space: 21
 #candidates: 1, #matches: 1
2026-09-01 14:06:31,006 INFO: STDERR for GAC_9_final.txt vs GAC_229_final.txt:
[0% finished]
2026-09-01 14:06:31,007 INFO: Command: /home/wms/AF2-test/AF2-CatGraph-test5/external/Graph_Edit_Distance/ged -d /home/wms/AF2-test/AF2-CatGraph/results/GAC/07_ged_classification/work/filtered_graphs/GAC_9_final.txt -q /home/wms/AF2-test/AF2-CatGraph/results/GAC/07_ged_classification/work/filtered_graphs/GAC_238_final.txt -m pair -p astar -l LSa -g
2026-09-01 14:06:31,007 INFO: STDOUT for GAC_9_final.txt vs GAC_238_final.txt:
**** GED (Release) build at 21:43:51 Aug 29 2026 ***
Usage: ./ged -h -d database_file -q query_file -m running_mode -p search_paradigm -l lower_bound_method -t ged_threshold
**** Note that for GED verification, if the returned value is not -1, then it is only an upper bound of (and may be larger than) the exact GED

*** pair astar LSa -1: /home/wms/AF2-test/AF2-CatGraph/results/GAC/07_ged_classification/work/filtered_graphs/GAC_9_final.txt /home/wms/AF2-test/AF2-CatGraph/results/GAC/07_ged_classification/work/filtered_graphs/GAC_238_final.txt ***
*** GEDs ***
0
*** GEDs ***
min_ged: 0, max_ged: 0
total average time: 26, total average_ss: 21
Total time: 33 (microseconds), total search space: 21
 #candidates: 1, #matches: 1
2026-09-01 14:06:31,007 INFO: STDERR for GAC_9_final.txt vs GAC_238_final.txt:
[0% finished]
2026-09-01 14:06:31,007 INFO: Command: /home/wms/AF2-test/AF2-CatGraph-test5/external/Graph_Edit_Distance/ged -d /home/wms/AF2-test/AF2-CatGraph/results/GAC/07_ged_classification/work/filtered_graphs/GAC_9_final.txt -q /home/wms/AF2-test/AF2-CatGraph/results/GAC/07_ged_classification/work/filtered_graphs/GAC_244_final.txt -m pair -p astar -l LSa -g
2026-09-01 14:06:31,007 INFO: STDOUT for GAC_9_final.txt vs GAC_244_final.txt:
**** GED (Release) build at 21:43:51 Aug 29 2026 ***
Usage: ./ged -h -d database_file -q query_file -m running_mode -p search_paradigm -l lower_bound_method -t ged_threshold
**** Note that for GED verification, if the returned value is not -1, then it is only an upper bound of (and may be larger than) the exact GED

*** pair astar LSa -1: /home/wms/AF2-test/AF2-CatGraph/results/GAC/07_ged_classification/work/filtered_graphs/GAC_9_final.txt /home/wms/AF2-test/AF2-CatGraph/results/GAC/07_ged_classification/work/filtered_graphs/GAC_244_final.txt ***
*** GEDs ***
0
*** GEDs ***
min_ged: 0, max_ged: 0
total average time: 37, total average_ss: 21
Total time: 47 (microseconds), total search space: 21
 #candidates: 1, #matches: 1
2026-09-01 14:06:31,007 INFO: STDERR for GAC_9_final.txt vs GAC_244_final.txt:
[0% finished]
2026-09-01 14:06:31,007 INFO: Command: /home/wms/AF2-test/AF2-CatGraph-test5/external/Graph_Edit_Distance/ged -d /home/wms/AF2-test/AF2-CatGraph/results/GAC/07_ged_classification/work/filtered_graphs/GAC_9_final.txt -q /home/wms/AF2-test/AF2-CatGraph/results/GAC/07_ged_classification/work/filtered_graphs/GAC_247_final.txt -m pair -p astar -l LSa -g
2026-09-01 14:06:31,007 INFO: STDOUT for GAC_9_final.txt vs GAC_247_final.txt:
**** GED (Release) build at 21:43:51 Aug 29 2026 ***
Usage: ./ged -h -d database_file -q query_file -m running_mode -p search_paradigm -l lower_bound_method -t ged_threshold
**** Note that for GED verification, if the returned value is not -1, then it is only an upper bound of (and may be larger than) the exact GED

*** pair astar LSa -1: /home/wms/AF2-test/AF2-CatGraph/results/GAC/07_ged_classification/work/filtered_graphs/GAC_9_final.txt /home/wms/AF2-test/AF2-CatGraph/results/GAC/07_ged_classification/work/filtered_graphs/GAC_247_final.txt ***
*** GEDs ***
0
*** GEDs ***
min_ged: 0, max_ged: 0
total average time: 33, total average_ss: 21
Total time: 40 (microseconds), total search space: 21
 #candidates: 1, #matches: 1
2026-09-01 14:06:31,007 INFO: STDERR for GAC_9_final.txt vs GAC_247_final.txt:
[0% finished]
2026-09-01 14:06:31,007 INFO: class_11 has 23 graphs
2026-09-01 14:06:31,008 INFO: Starting classification for GAC_141_final.txt
2026-09-01 14:06:31,008 INFO: Command: /home/wms/AF2-test/AF2-CatGraph-test5/external/Graph_Edit_Distance/ged -d /home/wms/AF2-test/AF2-CatGraph/results/GAC/07_ged_classification/work/filtered_graphs/GAC_141_final.txt -q /home/wms/AF2-test/AF2-CatGraph/results/GAC/07_ged_classification/work/filtered_graphs/GAC_142_final.txt -m pair -p astar -l LSa -g
2026-09-01 14:06:31,008 INFO: STDOUT for GAC_141_final.txt vs GAC_142_final.txt:
**** GED (Release) build at 21:43:51 Aug 29 2026 ***
Usage: ./ged -h -d database_file -q query_file -m running_mode -p search_paradigm -l lower_bound_method -t ged_threshold
**** Note that for GED verification, if the returned value is not -1, then it is only an upper bound of (and may be larger than) the exact GED

*** pair astar LSa -1: /home/wms/AF2-test/AF2-CatGraph/results/GAC/07_ged_classification/work/filtered_graphs/GAC_141_final.txt /home/wms/AF2-test/AF2-CatGraph/results/GAC/07_ged_classification/work/filtered_graphs/GAC_142_final.txt ***
*** GEDs ***
0
*** GEDs ***
min_ged: 0, max_ged: 0
total average time: 29, total average_ss: 21
Total time: 37 (microseconds), total search space: 21
 #candidates: 1, #matches: 1
2026-09-01 14:06:31,008 INFO: STDERR for GAC_141_final.txt vs GAC_142_final.txt:
[0% finished]
2026-09-01 14:06:31,009 INFO: Command: /home/wms/AF2-test/AF2-CatGraph-test5/external/Graph_Edit_Distance/ged -d /home/wms/AF2-test/AF2-CatGraph/results/GAC/07_ged_classification/work/filtered_graphs/GAC_141_final.txt -q /home/wms/AF2-test/AF2-CatGraph/results/GAC/07_ged_classification/work/filtered_graphs/GAC_162_final.txt -m pair -p astar -l LSa -g
2026-09-01 14:06:31,009 INFO: STDOUT for GAC_141_final.txt vs GAC_162_final.txt:
**** GED (Release) build at 21:43:51 Aug 29 2026 ***
Usage: ./ged -h -d database_file -q query_file -m running_mode -p search_paradigm -l lower_bound_method -t ged_threshold
**** Note that for GED verification, if the returned value is not -1, then it is only an upper bound of (and may be larger than) the exact GED

*** pair astar LSa -1: /home/wms/AF2-test/AF2-CatGraph/results/GAC/07_ged_classification/work/filtered_graphs/GAC_141_final.txt /home/wms/AF2-test/AF2-CatGraph/results/GAC/07_ged_classification/work/filtered_graphs/GAC_162_final.txt ***
*** GEDs ***
0
*** GEDs ***
min_ged: 0, max_ged: 0
total average time: 30, total average_ss: 21
Total time: 35 (microseconds), total search space: 21
 #candidates: 1, #matches: 1
2026-09-01 14:06:31,009 INFO: STDERR for GAC_141_final.txt vs GAC_162_final.txt:
[0% finished]
2026-09-01 14:06:31,009 INFO: Command: /home/wms/AF2-test/AF2-CatGraph-test5/external/Graph_Edit_Distance/ged -d /home/wms/AF2-test/AF2-CatGraph/results/GAC/07_ged_classification/work/filtered_graphs/GAC_141_final.txt -q /home/wms/AF2-test/AF2-CatGraph/results/GAC/07_ged_classification/work/filtered_graphs/GAC_194_final.txt -m pair -p astar -l LSa -g
2026-09-01 14:06:31,009 INFO: STDOUT for GAC_141_final.txt vs GAC_194_final.txt:
**** GED (Release) build at 21:43:51 Aug 29 2026 ***
Usage: ./ged -h -d database_file -q query_file -m running_mode -p search_paradigm -l lower_bound_method -t ged_threshold
**** Note that for GED verification, if the returned value is not -1, then it is only an upper bound of (and may be larger than) the exact GED

*** pair astar LSa -1: /home/wms/AF2-test/AF2-CatGraph/results/GAC/07_ged_classification/work/filtered_graphs/GAC_141_final.txt /home/wms/AF2-test/AF2-CatGraph/results/GAC/07_ged_classification/work/filtered_graphs/GAC_194_final.txt ***
*** GEDs ***
0
*** GEDs ***
min_ged: 0, max_ged: 0
total average time: 37, total average_ss: 21
Total time: 47 (microseconds), total search space: 21
 #candidates: 1, #matches: 1
2026-09-01 14:06:31,009 INFO: STDERR for GAC_141_final.txt vs GAC_194_final.txt:
[0% finished]
2026-09-01 14:06:31,010 INFO: Command: /home/wms/AF2-test/AF2-CatGraph-test5/external/Graph_Edit_Distance/ged -d /home/wms/AF2-test/AF2-CatGraph/results/GAC/07_ged_classification/work/filtered_graphs/GAC_141_final.txt -q /home/wms/AF2-test/AF2-CatGraph/results/GAC/07_ged_classification/work/filtered_graphs/GAC_202_final.txt -m pair -p astar -l LSa -g
2026-09-01 14:06:31,010 INFO: STDOUT for GAC_141_final.txt vs GAC_202_final.txt:
**** GED (Release) build at 21:43:51 Aug 29 2026 ***
Usage: ./ged -h -d database_file -q query_file -m running_mode -p search_paradigm -l lower_bound_method -t ged_threshold
**** Note that for GED verification, if the returned value is not -1, then it is only an upper bound of (and may be larger than) the exact GED

*** pair astar LSa -1: /home/wms/AF2-test/AF2-CatGraph/results/GAC/07_ged_classification/work/filtered_graphs/GAC_141_final.txt /home/wms/AF2-test/AF2-CatGraph/results/GAC/07_ged_classification/work/filtered_graphs/GAC_202_final.txt ***
*** GEDs ***
0
*** GEDs ***
min_ged: 0, max_ged: 0
total average time: 36, total average_ss: 21
Total time: 42 (microseconds), total search space: 21
 #candidates: 1, #matches: 1
2026-09-01 14:06:31,010 INFO: STDERR for GAC_141_final.txt vs GAC_202_final.txt:
[0% finished]
2026-09-01 14:06:31,010 INFO: Command: /home/wms/AF2-test/AF2-CatGraph-test5/external/Graph_Edit_Distance/ged -d /home/wms/AF2-test/AF2-CatGraph/results/GAC/07_ged_classification/work/filtered_graphs/GAC_141_final.txt -q /home/wms/AF2-test/AF2-CatGraph/results/GAC/07_ged_classification/work/filtered_graphs/GAC_226_final.txt -m pair -p astar -l LSa -g
2026-09-01 14:06:31,010 INFO: STDOUT for GAC_141_final.txt vs GAC_226_final.txt:
**** GED (Release) build at 21:43:51 Aug 29 2026 ***
Usage: ./ged -h -d database_file -q query_file -m running_mode -p search_paradigm -l lower_bound_method -t ged_threshold
**** Note that for GED verification, if the returned value is not -1, then it is only an upper bound of (and may be larger than) the exact GED

*** pair astar LSa -1: /home/wms/AF2-test/AF2-CatGraph/results/GAC/07_ged_classification/work/filtered_graphs/GAC_141_final.txt /home/wms/AF2-test/AF2-CatGraph/results/GAC/07_ged_classification/work/filtered_graphs/GAC_226_final.txt ***
*** GEDs ***
0
*** GEDs ***
min_ged: 0, max_ged: 0
total average time: 34, total average_ss: 21
Total time: 41 (microseconds), total search space: 21
 #candidates: 1, #matches: 1
2026-09-01 14:06:31,010 INFO: STDERR for GAC_141_final.txt vs GAC_226_final.txt:
[0% finished]
2026-09-01 14:06:31,010 INFO: Command: /home/wms/AF2-test/AF2-CatGraph-test5/external/Graph_Edit_Distance/ged -d /home/wms/AF2-test/AF2-CatGraph/results/GAC/07_ged_classification/work/filtered_graphs/GAC_141_final.txt -q /home/wms/AF2-test/AF2-CatGraph/results/GAC/07_ged_classification/work/filtered_graphs/GAC_229_final.txt -m pair -p astar -l LSa -g
2026-09-01 14:06:31,010 INFO: STDOUT for GAC_141_final.txt vs GAC_229_final.txt:
**** GED (Release) build at 21:43:51 Aug 29 2026 ***
Usage: ./ged -h -d database_file -q query_file -m running_mode -p search_paradigm -l lower_bound_method -t ged_threshold
**** Note that for GED verification, if the returned value is not -1, then it is only an upper bound of (and may be larger than) the exact GED

*** pair astar LSa -1: /home/wms/AF2-test/AF2-CatGraph/results/GAC/07_ged_classification/work/filtered_graphs/GAC_141_final.txt /home/wms/AF2-test/AF2-CatGraph/results/GAC/07_ged_classification/work/filtered_graphs/GAC_229_final.txt ***
*** GEDs ***
2
*** GEDs ***
min_ged: 2, max_ged: 2
total average time: 36, total average_ss: 21
Total time: 45 (microseconds), total search space: 21
 #candidates: 1, #matches: 1
2026-09-01 14:06:31,010 INFO: STDERR for GAC_141_final.txt vs GAC_229_final.txt:
[0% finished]
2026-09-01 14:06:31,011 INFO: class_12 has 6 graphs
