standard_structure_id,source_prediction_index,numbering_index,original_structure_id,original_filename,source_path,input_pdb_path,source_af2_path,plddt_filter_scope_requested,plddt_filter_scope_applied,plddt_filter_pdb_path,standardized_pdb_path,rank,model,seed
PTP1B_AF2_0001,,1,PTP1B.AF2rank1,PTP1B.AF2rank1.pdb,/home/wms/AF2-test/AF2-CatGraph/data/PTP1B/01_af2_new/PTP1B.AF2rank1.pdb,/home/wms/AF2-test/AF2-CatGraph/data/PTP1B/01_af2_new/PTP1B.AF2rank1.pdb,/home/wms/AF2-test/AF2-CatGraph-test5/data/PTP1B/01_af2/6B90.0.pdb,source_if_available,source,/home/wms/AF2-test/AF2-CatGraph-test5/data/PTP1B/01_af2/6B90.0.pdb,results/PTP1B/01_af2_prepare/pdb/standardized/PTP1B_AF2_0001.pdb,,,
PTP1B_AF2_0002,,2,PTP1B.AF2rank2,PTP1B.AF2rank2.pdb,/home/wms/AF2-test/AF2-CatGraph/data/PTP1B/01_af2_new/PTP1B.AF2rank2.pdb,/home/wms/AF2-test/AF2-CatGraph/data/PTP1B/01_af2_new/PTP1B.AF2rank2.pdb,/home/wms/AF2-test/AF2-CatGraph-test5/data/PTP1B/01_af2/6B90.1.pdb,source_if_available,source,/home/wms/AF2-test/AF2-CatGraph-test5/data/PTP1B/01_af2/6B90.1.pdb,results/PTP1B/01_af2_prepare/pdb/standardized/PTP1B_AF2_0002.pdb,,,
PTP1B_AF2_0003,,3,PTP1B.AF2rank3,PTP1B.AF2rank3.pdb,/home/wms/AF2-test/AF2-CatGraph/data/PTP1B/01_af2_new/PTP1B.AF2rank3.pdb,/home/wms/AF2-test/AF2-CatGraph/data/PTP1B/01_af2_new/PTP1B.AF2rank3.pdb,/home/wms/AF2-test/AF2-CatGraph-test5/data/PTP1B/01_af2/6B90.2.pdb,source_if_available,source,/home/wms/AF2-test/AF2-CatGraph-test5/data/PTP1B/01_af2/6B90.2.pdb,results/PTP1B/01_af2_prepare/pdb/standardized/PTP1B_AF2_0003.pdb,,,
PTP1B_AF2_0004,,4,PTP1B.AF2rank4,PTP1B.AF2rank4.pdb,/home/wms/AF2-test/AF2-CatGraph/data/PTP1B/01_af2_new/PTP1B.AF2rank4.pdb,/home/wms/AF2-test/AF2-CatGraph/data/PTP1B/01_af2_new/PTP1B.AF2rank4.pdb,/home/wms/AF2-test/AF2-CatGraph-test5/data/PTP1B/01_af2/6B90.3.pdb,source_if_available,source,/home/wms/AF2-test/AF2-CatGraph-test5/data/PTP1B/01_af2/6B90.3.pdb,results/PTP1B/01_af2_prepare/pdb/standardized/PTP1B_AF2_0004.pdb,,,
PTP1B_AF2_0005,,5,PTP1B.AF2rank5,PTP1B.AF2rank5.pdb,/home/wms/AF2-test/AF2-CatGraph/data/PTP1B/01_af2_new/PTP1B.AF2rank5.pdb,/home/wms/AF2-test/AF2-CatGraph/data/PTP1B/01_af2_new/PTP1B.AF2rank5.pdb,/home/wms/AF2-test/AF2-CatGraph-test5/data/PTP1B/01_af2/6B90.4.pdb,source_if_available,source,/home/wms/AF2-test/AF2-CatGraph-test5/data/PTP1B/01_af2/6B90.4.pdb,results/PTP1B/01_af2_prepare/pdb/standardized/PTP1B_AF2_0005.pdb,,,
PTP1B_AF2_0006,,6,PTP1B.AF2rank6,PTP1B.AF2rank6.pdb,/home/wms/AF2-test/AF2-CatGraph/data/PTP1B/01_af2_new/PTP1B.AF2rank6.pdb,/home/wms/AF2-test/AF2-CatGraph/data/PTP1B/01_af2_new/PTP1B.AF2rank6.pdb,/home/wms/AF2-test/AF2-CatGraph-test5/data/PTP1B/01_af2/6B90.5.pdb,source_if_available,source,/home/wms/AF2-test/AF2-CatGraph-test5/data/PTP1B/01_af2/6B90.5.pdb,results/PTP1B/01_af2_prepare/pdb/standardized/PTP1B_AF2_0006.pdb,,,
PTP1B_AF2_0007,,7,PTP1B.AF2rank7,PTP1B.AF2rank7.pdb,/home/wms/AF2-test/AF2-CatGraph/data/PTP1B/01_af2_new/PTP1B.AF2rank7.pdb,/home/wms/AF2-test/AF2-CatGraph/data/PTP1B/01_af2_new/PTP1B.AF2rank7.pdb,/home/wms/AF2-test/AF2-CatGraph-test5/data/PTP1B/01_af2/6B90.6.pdb,source_if_available,source,/home/wms/AF2-test/AF2-CatGraph-test5/data/PTP1B/01_af2/6B90.6.pdb,results/PTP1B/01_af2_prepare/pdb/standardized/PTP1B_AF2_0007.pdb,,,
PTP1B_AF2_0008,,8,PTP1B.AF2rank8,PTP1B.AF2rank8.pdb,/home/wms/AF2-test/AF2-CatGraph/data/PTP1B/01_af2_new/PTP1B.AF2rank8.pdb,/home/wms/AF2-test/AF2-CatGraph/data/PTP1B/01_af2_new/PTP1B.AF2rank8.pdb,/home/wms/AF2-test/AF2-CatGraph-test5/data/PTP1B/01_af2/6B90.7.pdb,source_if_available,source,/home/wms/AF2-test/AF2-CatGraph-test5/data/PTP1B/01_af2/6B90.7.pdb,results/PTP1B/01_af2_prepare/pdb/standardized/PTP1B_AF2_0008.pdb,,,
PTP1B_AF2_0009,,9,PTP1B.AF2rank9,PTP1B.AF2rank9.pdb,/home/wms/AF2-test/AF2-CatGraph/data/PTP1B/01_af2_new/PTP1B.AF2rank9.pdb,/home/wms/AF2-test/AF2-CatGraph/data/PTP1B/01_af2_new/PTP1B.AF2rank9.pdb,/home/wms/AF2-test/AF2-CatGraph-test5/data/PTP1B/01_af2/6B90.8.pdb,source_if_available,source,/home/wms/AF2-test/AF2-CatGraph-test5/data/PTP1B/01_af2/6B90.8.pdb,results/PTP1B/01_af2_prepare/pdb/standardized/PTP1B_AF2_0009.pdb,,,
PTP1B_AF2_0010,,10,PTP1B.AF2rank10,PTP1B.AF2rank10.pdb,/home/wms/AF2-test/AF2-CatGraph/data/PTP1B/01_af2_new/PTP1B.AF2rank10.pdb,/home/wms/AF2-test/AF2-CatGraph/data/PTP1B/01_af2_new/PTP1B.AF2rank10.pdb,/home/wms/AF2-test/AF2-CatGraph-test5/data/PTP1B/01_af2/6B90.9.pdb,source_if_available,source,/home/wms/AF2-test/AF2-CatGraph-test5/data/PTP1B/01_af2/6B90.9.pdb,results/PTP1B/01_af2_prepare/pdb/standardized/PTP1B_AF2_0010.pdb,,,
PTP1B_AF2_0011,,11,PTP1B.AF2rank11,PTP1B.AF2rank11.pdb,/home/wms/AF2-test/AF2-CatGraph/data/PTP1B/01_af2_new/PTP1B.AF2rank11.pdb,/home/wms/AF2-test/AF2-CatGraph/data/PTP1B/01_af2_new/PTP1B.AF2rank11.pdb,/home/wms/AF2-test/AF2-CatGraph-test5/data/PTP1B/01_af2/6B90.10.pdb,source_if_available,source,/home/wms/AF2-test/AF2-CatGraph-test5/data/PTP1B/01_af2/6B90.10.pdb,results/PTP1B/01_af2_prepare/pdb/standardized/PTP1B_AF2_0011.pdb,,,
PTP1B_AF2_0012,,12,PTP1B.AF2rank12,PTP1B.AF2rank12.pdb,/home/wms/AF2-test/AF2-CatGraph/data/PTP1B/01_af2_new/PTP1B.AF2rank12.pdb,/home/wms/AF2-test/AF2-CatGraph/data/PTP1B/01_af2_new/PTP1B.AF2rank12.pdb,/home/wms/AF2-test/AF2-CatGraph-test5/data/PTP1B/01_af2/6B90.11.pdb,source_if_available,source,/home/wms/AF2-test/AF2-CatGraph-test5/data/PTP1B/01_af2/6B90.11.pdb,results/PTP1B/01_af2_prepare/pdb/standardized/PTP1B_AF2_0012.pdb,,,
PTP1B_AF2_0013,,13,PTP1B.AF2rank13,PTP1B.AF2rank13.pdb,/home/wms/AF2-test/AF2-CatGraph/data/PTP1B/01_af2_new/PTP1B.AF2rank13.pdb,/home/wms/AF2-test/AF2-CatGraph/data/PTP1B/01_af2_new/PTP1B.AF2rank13.pdb,/home/wms/AF2-test/AF2-CatGraph-test5/data/PTP1B/01_af2/6B90.12.pdb,source_if_available,source,/home/wms/AF2-test/AF2-CatGraph-test5/data/PTP1B/01_af2/6B90.12.pdb,results/PTP1B/01_af2_prepare/pdb/standardized/PTP1B_AF2_0013.pdb,,,
PTP1B_AF2_0014,,14,PTP1B.AF2rank14,PTP1B.AF2rank14.pdb,/home/wms/AF2-test/AF2-CatGraph/data/PTP1B/01_af2_new/PTP1B.AF2rank14.pdb,/home/wms/AF2-test/AF2-CatGraph/data/PTP1B/01_af2_new/PTP1B.AF2rank14.pdb,/home/wms/AF2-test/AF2-CatGraph-test5/data/PTP1B/01_af2/6B90.13.pdb,source_if_available,source,/home/wms/AF2-test/AF2-CatGraph-test5/data/PTP1B/01_af2/6B90.13.pdb,results/PTP1B/01_af2_prepare/pdb/standardized/PTP1B_AF2_0014.pdb,,,
PTP1B_AF2_0015,,15,PTP1B.AF2rank15,PTP1B.AF2rank15.pdb,/home/wms/AF2-test/AF2-CatGraph/data/PTP1B/01_af2_new/PTP1B.AF2rank15.pdb,/home/wms/AF2-test/AF2-CatGraph/data/PTP1B/01_af2_new/PTP1B.AF2rank15.pdb,/home/wms/AF2-test/AF2-CatGraph-test5/data/PTP1B/01_af2/6B90.14.pdb,source_if_available,source,/home/wms/AF2-test/AF2-CatGraph-test5/data/PTP1B/01_af2/6B90.14.pdb,results/PTP1B/01_af2_prepare/pdb/standardized/PTP1B_AF2_0015.pdb,,,
PTP1B_AF2_0016,,16,PTP1B.AF2rank16,PTP1B.AF2rank16.pdb,/home/wms/AF2-test/AF2-CatGraph/data/PTP1B/01_af2_new/PTP1B.AF2rank16.pdb,/home/wms/AF2-test/AF2-CatGraph/data/PTP1B/01_af2_new/PTP1B.AF2rank16.pdb,/home/wms/AF2-test/AF2-CatGraph-test5/data/PTP1B/01_af2/6B90.15.pdb,source_if_available,source,/home/wms/AF2-test/AF2-CatGraph-test5/data/PTP1B/01_af2/6B90.15.pdb,results/PTP1B/01_af2_prepare/pdb/standardized/PTP1B_AF2_0016.pdb,,,
PTP1B_AF2_0017,,17,PTP1B.AF2rank17,PTP1B.AF2rank17.pdb,/home/wms/AF2-test/AF2-CatGraph/data/PTP1B/01_af2_new/PTP1B.AF2rank17.pdb,/home/wms/AF2-test/AF2-CatGraph/data/PTP1B/01_af2_new/PTP1B.AF2rank17.pdb,/home/wms/AF2-test/AF2-CatGraph-test5/data/PTP1B/01_af2/6B90.16.pdb,source_if_available,source,/home/wms/AF2-test/AF2-CatGraph-test5/data/PTP1B/01_af2/6B90.16.pdb,results/PTP1B/01_af2_prepare/pdb/standardized/PTP1B_AF2_0017.pdb,,,
PTP1B_AF2_0018,,18,PTP1B.AF2rank18,PTP1B.AF2rank18.pdb,/home/wms/AF2-test/AF2-CatGraph/data/PTP1B/01_af2_new/PTP1B.AF2rank18.pdb,/home/wms/AF2-test/AF2-CatGraph/data/PTP1B/01_af2_new/PTP1B.AF2rank18.pdb,/home/wms/AF2-test/AF2-CatGraph-test5/data/PTP1B/01_af2/6B90.17.pdb,source_if_available,source,/home/wms/AF2-test/AF2-CatGraph-test5/data/PTP1B/01_af2/6B90.17.pdb,results/PTP1B/01_af2_prepare/pdb/standardized/PTP1B_AF2_0018.pdb,,,
PTP1B_AF2_0019,,19,PTP1B.AF2rank19,PTP1B.AF2rank19.pdb,/home/wms/AF2-test/AF2-CatGraph/data/PTP1B/01_af2_new/PTP1B.AF2rank19.pdb,/home/wms/AF2-test/AF2-CatGraph/data/PTP1B/01_af2_new/PTP1B.AF2rank19.pdb,/home/wms/AF2-test/AF2-CatGraph-test5/data/PTP1B/01_af2/6B90.18.pdb,source_if_available,source,/home/wms/AF2-test/AF2-CatGraph-test5/data/PTP1B/01_af2/6B90.18.pdb,results/PTP1B/01_af2_prepare/pdb/standardized/PTP1B_AF2_0019.pdb,,,
PTP1B_AF2_0020,,20,PTP1B.AF2rank20,PTP1B.AF2rank20.pdb,/home/wms/AF2-test/AF2-CatGraph/data/PTP1B/01_af2_new/PTP1B.AF2rank20.pdb,/home/wms/AF2-test/AF2-CatGraph/data/PTP1B/01_af2_new/PTP1B.AF2rank20.pdb,/home/wms/AF2-test/AF2-CatGraph-test5/data/PTP1B/01_af2/6B90.19.pdb,source_if_available,source,/home/wms/AF2-test/AF2-CatGraph-test5/data/PTP1B/01_af2/6B90.19.pdb,results/PTP1B/01_af2_prepare/pdb/standardized/PTP1B_AF2_0020.pdb,,,
PTP1B_AF2_0021,,21,PTP1B.AF2rank21,PTP1B.AF2rank21.pdb,/home/wms/AF2-test/AF2-CatGraph/data/PTP1B/01_af2_new/PTP1B.AF2rank21.pdb,/home/wms/AF2-test/AF2-CatGraph/data/PTP1B/01_af2_new/PTP1B.AF2rank21.pdb,/home/wms/AF2-test/AF2-CatGraph-test5/data/PTP1B/01_af2/6B90.20.pdb,source_if_available,source,/home/wms/AF2-test/AF2-CatGraph-test5/data/PTP1B/01_af2/6B90.20.pdb,results/PTP1B/01_af2_prepare/pdb/standardized/PTP1B_AF2_0021.pdb,,,
PTP1B_AF2_0022,,22,PTP1B.AF2rank22,PTP1B.AF2rank22.pdb,/home/wms/AF2-test/AF2-CatGraph/data/PTP1B/01_af2_new/PTP1B.AF2rank22.pdb,/home/wms/AF2-test/AF2-CatGraph/data/PTP1B/01_af2_new/PTP1B.AF2rank22.pdb,/home/wms/AF2-test/AF2-CatGraph-test5/data/PTP1B/01_af2/6B90.21.pdb,source_if_available,source,/home/wms/AF2-test/AF2-CatGraph-test5/data/PTP1B/01_af2/6B90.21.pdb,results/PTP1B/01_af2_prepare/pdb/standardized/PTP1B_AF2_0022.pdb,,,
PTP1B_AF2_0023,,23,PTP1B.AF2rank23,PTP1B.AF2rank23.pdb,/home/wms/AF2-test/AF2-CatGraph/data/PTP1B/01_af2_new/PTP1B.AF2rank23.pdb,/home/wms/AF2-test/AF2-CatGraph/data/PTP1B/01_af2_new/PTP1B.AF2rank23.pdb,/home/wms/AF2-test/AF2-CatGraph-test5/data/PTP1B/01_af2/6B90.22.pdb,source_if_available,source,/home/wms/AF2-test/AF2-CatGraph-test5/data/PTP1B/01_af2/6B90.22.pdb,results/PTP1B/01_af2_prepare/pdb/standardized/PTP1B_AF2_0023.pdb,,,
PTP1B_AF2_0024,,24,PTP1B.AF2rank24,PTP1B.AF2rank24.pdb,/home/wms/AF2-test/AF2-CatGraph/data/PTP1B/01_af2_new/PTP1B.AF2rank24.pdb,/home/wms/AF2-test/AF2-CatGraph/data/PTP1B/01_af2_new/PTP1B.AF2rank24.pdb,/home/wms/AF2-test/AF2-CatGraph-test5/data/PTP1B/01_af2/6B90.23.pdb,source_if_available,source,/home/wms/AF2-test/AF2-CatGraph-test5/data/PTP1B/01_af2/6B90.23.pdb,results/PTP1B/01_af2_prepare/pdb/standardized/PTP1B_AF2_0024.pdb,,,
PTP1B_AF2_0025,,25,PTP1B.AF2rank25,PTP1B.AF2rank25.pdb,/home/wms/AF2-test/AF2-CatGraph/data/PTP1B/01_af2_new/PTP1B.AF2rank25.pdb,/home/wms/AF2-test/AF2-CatGraph/data/PTP1B/01_af2_new/PTP1B.AF2rank25.pdb,/home/wms/AF2-test/AF2-CatGraph-test5/data/PTP1B/01_af2/6B90.24.pdb,source_if_available,source,/home/wms/AF2-test/AF2-CatGraph-test5/data/PTP1B/01_af2/6B90.24.pdb,results/PTP1B/01_af2_prepare/pdb/standardized/PTP1B_AF2_0025.pdb,,,
PTP1B_AF2_0026,,26,PTP1B.AF2rank26,PTP1B.AF2rank26.pdb,/home/wms/AF2-test/AF2-CatGraph/data/PTP1B/01_af2_new/PTP1B.AF2rank26.pdb,/home/wms/AF2-test/AF2-CatGraph/data/PTP1B/01_af2_new/PTP1B.AF2rank26.pdb,/home/wms/AF2-test/AF2-CatGraph-test5/data/PTP1B/01_af2/6B90.25.pdb,source_if_available,source,/home/wms/AF2-test/AF2-CatGraph-test5/data/PTP1B/01_af2/6B90.25.pdb,results/PTP1B/01_af2_prepare/pdb/standardized/PTP1B_AF2_0026.pdb,,,
PTP1B_AF2_0027,,27,PTP1B.AF2rank27,PTP1B.AF2rank27.pdb,/home/wms/AF2-test/AF2-CatGraph/data/PTP1B/01_af2_new/PTP1B.AF2rank27.pdb,/home/wms/AF2-test/AF2-CatGraph/data/PTP1B/01_af2_new/PTP1B.AF2rank27.pdb,/home/wms/AF2-test/AF2-CatGraph-test5/data/PTP1B/01_af2/6B90.26.pdb,source_if_available,source,/home/wms/AF2-test/AF2-CatGraph-test5/data/PTP1B/01_af2/6B90.26.pdb,results/PTP1B/01_af2_prepare/pdb/standardized/PTP1B_AF2_0027.pdb,,,
PTP1B_AF2_0028,,28,PTP1B.AF2rank28,PTP1B.AF2rank28.pdb,/home/wms/AF2-test/AF2-CatGraph/data/PTP1B/01_af2_new/PTP1B.AF2rank28.pdb,/home/wms/AF2-test/AF2-CatGraph/data/PTP1B/01_af2_new/PTP1B.AF2rank28.pdb,/home/wms/AF2-test/AF2-CatGraph-test5/data/PTP1B/01_af2/6B90.27.pdb,source_if_available,source,/home/wms/AF2-test/AF2-CatGraph-test5/data/PTP1B/01_af2/6B90.27.pdb,results/PTP1B/01_af2_prepare/pdb/standardized/PTP1B_AF2_0028.pdb,,,
PTP1B_AF2_0029,,29,PTP1B.AF2rank29,PTP1B.AF2rank29.pdb,/home/wms/AF2-test/AF2-CatGraph/data/PTP1B/01_af2_new/PTP1B.AF2rank29.pdb,/home/wms/AF2-test/AF2-CatGraph/data/PTP1B/01_af2_new/PTP1B.AF2rank29.pdb,/home/wms/AF2-test/AF2-CatGraph-test5/data/PTP1B/01_af2/6B90.28.pdb,source_if_available,source,/home/wms/AF2-test/AF2-CatGraph-test5/data/PTP1B/01_af2/6B90.28.pdb,results/PTP1B/01_af2_prepare/pdb/standardized/PTP1B_AF2_0029.pdb,,,
PTP1B_AF2_0030,,30,PTP1B.AF2rank30,PTP1B.AF2rank30.pdb,/home/wms/AF2-test/AF2-CatGraph/data/PTP1B/01_af2_new/PTP1B.AF2rank30.pdb,/home/wms/AF2-test/AF2-CatGraph/data/PTP1B/01_af2_new/PTP1B.AF2rank30.pdb,/home/wms/AF2-test/AF2-CatGraph-test5/data/PTP1B/01_af2/6B90.29.pdb,source_if_available,source,/home/wms/AF2-test/AF2-CatGraph-test5/data/PTP1B/01_af2/6B90.29.pdb,results/PTP1B/01_af2_prepare/pdb/standardized/PTP1B_AF2_0030.pdb,,,
PTP1B_AF2_0031,,31,PTP1B.AF2rank31,PTP1B.AF2rank31.pdb,/home/wms/AF2-test/AF2-CatGraph/data/PTP1B/01_af2_new/PTP1B.AF2rank31.pdb,/home/wms/AF2-test/AF2-CatGraph/data/PTP1B/01_af2_new/PTP1B.AF2rank31.pdb,/home/wms/AF2-test/AF2-CatGraph-test5/data/PTP1B/01_af2/6B90.30.pdb,source_if_available,source,/home/wms/AF2-test/AF2-CatGraph-test5/data/PTP1B/01_af2/6B90.30.pdb,results/PTP1B/01_af2_prepare/pdb/standardized/PTP1B_AF2_0031.pdb,,,
PTP1B_AF2_0032,,32,PTP1B.AF2rank32,PTP1B.AF2rank32.pdb,/home/wms/AF2-test/AF2-CatGraph/data/PTP1B/01_af2_new/PTP1B.AF2rank32.pdb,/home/wms/AF2-test/AF2-CatGraph/data/PTP1B/01_af2_new/PTP1B.AF2rank32.pdb,/home/wms/AF2-test/AF2-CatGraph-test5/data/PTP1B/01_af2/6B90.31.pdb,source_if_available,source,/home/wms/AF2-test/AF2-CatGraph-test5/data/PTP1B/01_af2/6B90.31.pdb,results/PTP1B/01_af2_prepare/pdb/standardized/PTP1B_AF2_0032.pdb,,,
PTP1B_AF2_0033,,33,PTP1B.AF2rank33,PTP1B.AF2rank33.pdb,/home/wms/AF2-test/AF2-CatGraph/data/PTP1B/01_af2_new/PTP1B.AF2rank33.pdb,/home/wms/AF2-test/AF2-CatGraph/data/PTP1B/01_af2_new/PTP1B.AF2rank33.pdb,/home/wms/AF2-test/AF2-CatGraph-test5/data/PTP1B/01_af2/6B90.32.pdb,source_if_available,source,/home/wms/AF2-test/AF2-CatGraph-test5/data/PTP1B/01_af2/6B90.32.pdb,results/PTP1B/01_af2_prepare/pdb/standardized/PTP1B_AF2_0033.pdb,,,
PTP1B_AF2_0034,,34,PTP1B.AF2rank34,PTP1B.AF2rank34.pdb,/home/wms/AF2-test/AF2-CatGraph/data/PTP1B/01_af2_new/PTP1B.AF2rank34.pdb,/home/wms/AF2-test/AF2-CatGraph/data/PTP1B/01_af2_new/PTP1B.AF2rank34.pdb,/home/wms/AF2-test/AF2-CatGraph-test5/data/PTP1B/01_af2/6B90.33.pdb,source_if_available,source,/home/wms/AF2-test/AF2-CatGraph-test5/data/PTP1B/01_af2/6B90.33.pdb,results/PTP1B/01_af2_prepare/pdb/standardized/PTP1B_AF2_0034.pdb,,,
PTP1B_AF2_0035,,35,PTP1B.AF2rank35,PTP1B.AF2rank35.pdb,/home/wms/AF2-test/AF2-CatGraph/data/PTP1B/01_af2_new/PTP1B.AF2rank35.pdb,/home/wms/AF2-test/AF2-CatGraph/data/PTP1B/01_af2_new/PTP1B.AF2rank35.pdb,/home/wms/AF2-test/AF2-CatGraph-test5/data/PTP1B/01_af2/6B90.34.pdb,source_if_available,source,/home/wms/AF2-test/AF2-CatGraph-test5/data/PTP1B/01_af2/6B90.34.pdb,results/PTP1B/01_af2_prepare/pdb/standardized/PTP1B_AF2_0035.pdb,,,
PTP1B_AF2_0036,,36,PTP1B.AF2rank36,PTP1B.AF2rank36.pdb,/home/wms/AF2-test/AF2-CatGraph/data/PTP1B/01_af2_new/PTP1B.AF2rank36.pdb,/home/wms/AF2-test/AF2-CatGraph/data/PTP1B/01_af2_new/PTP1B.AF2rank36.pdb,/home/wms/AF2-test/AF2-CatGraph-test5/data/PTP1B/01_af2/6B90.35.pdb,source_if_available,source,/home/wms/AF2-test/AF2-CatGraph-test5/data/PTP1B/01_af2/6B90.35.pdb,results/PTP1B/01_af2_prepare/pdb/standardized/PTP1B_AF2_0036.pdb,,,
PTP1B_AF2_0037,,37,PTP1B.AF2rank37,PTP1B.AF2rank37.pdb,/home/wms/AF2-test/AF2-CatGraph/data/PTP1B/01_af2_new/PTP1B.AF2rank37.pdb,/home/wms/AF2-test/AF2-CatGraph/data/PTP1B/01_af2_new/PTP1B.AF2rank37.pdb,/home/wms/AF2-test/AF2-CatGraph-test5/data/PTP1B/01_af2/6B90.36.pdb,source_if_available,source,/home/wms/AF2-test/AF2-CatGraph-test5/data/PTP1B/01_af2/6B90.36.pdb,results/PTP1B/01_af2_prepare/pdb/standardized/PTP1B_AF2_0037.pdb,,,
PTP1B_AF2_0038,,38,PTP1B.AF2rank38,PTP1B.AF2rank38.pdb,/home/wms/AF2-test/AF2-CatGraph/data/PTP1B/01_af2_new/PTP1B.AF2rank38.pdb,/home/wms/AF2-test/AF2-CatGraph/data/PTP1B/01_af2_new/PTP1B.AF2rank38.pdb,/home/wms/AF2-test/AF2-CatGraph-test5/data/PTP1B/01_af2/6B90.37.pdb,source_if_available,source,/home/wms/AF2-test/AF2-CatGraph-test5/data/PTP1B/01_af2/6B90.37.pdb,results/PTP1B/01_af2_prepare/pdb/standardized/PTP1B_AF2_0038.pdb,,,
PTP1B_AF2_0039,,39,PTP1B.AF2rank39,PTP1B.AF2rank39.pdb,/home/wms/AF2-test/AF2-CatGraph/data/PTP1B/01_af2_new/PTP1B.AF2rank39.pdb,/home/wms/AF2-test/AF2-CatGraph/data/PTP1B/01_af2_new/PTP1B.AF2rank39.pdb,/home/wms/AF2-test/AF2-CatGraph-test5/data/PTP1B/01_af2/6B90.38.pdb,source_if_available,source,/home/wms/AF2-test/AF2-CatGraph-test5/data/PTP1B/01_af2/6B90.38.pdb,results/PTP1B/01_af2_prepare/pdb/standardized/PTP1B_AF2_0039.pdb,,,
PTP1B_AF2_0040,,40,PTP1B.AF2rank40,PTP1B.AF2rank40.pdb,/home/wms/AF2-test/AF2-CatGraph/data/PTP1B/01_af2_new/PTP1B.AF2rank40.pdb,/home/wms/AF2-test/AF2-CatGraph/data/PTP1B/01_af2_new/PTP1B.AF2rank40.pdb,/home/wms/AF2-test/AF2-CatGraph-test5/data/PTP1B/01_af2/6B90.39.pdb,source_if_available,source,/home/wms/AF2-test/AF2-CatGraph-test5/data/PTP1B/01_af2/6B90.39.pdb,results/PTP1B/01_af2_prepare/pdb/standardized/PTP1B_AF2_0040.pdb,,,
PTP1B_AF2_0041,,41,PTP1B.AF2rank41,PTP1B.AF2rank41.pdb,/home/wms/AF2-test/AF2-CatGraph/data/PTP1B/01_af2_new/PTP1B.AF2rank41.pdb,/home/wms/AF2-test/AF2-CatGraph/data/PTP1B/01_af2_new/PTP1B.AF2rank41.pdb,/home/wms/AF2-test/AF2-CatGraph-test5/data/PTP1B/01_af2/6B90.40.pdb,source_if_available,source,/home/wms/AF2-test/AF2-CatGraph-test5/data/PTP1B/01_af2/6B90.40.pdb,results/PTP1B/01_af2_prepare/pdb/standardized/PTP1B_AF2_0041.pdb,,,
PTP1B_AF2_0042,,42,PTP1B.AF2rank42,PTP1B.AF2rank42.pdb,/home/wms/AF2-test/AF2-CatGraph/data/PTP1B/01_af2_new/PTP1B.AF2rank42.pdb,/home/wms/AF2-test/AF2-CatGraph/data/PTP1B/01_af2_new/PTP1B.AF2rank42.pdb,/home/wms/AF2-test/AF2-CatGraph-test5/data/PTP1B/01_af2/6B90.41.pdb,source_if_available,source,/home/wms/AF2-test/AF2-CatGraph-test5/data/PTP1B/01_af2/6B90.41.pdb,results/PTP1B/01_af2_prepare/pdb/standardized/PTP1B_AF2_0042.pdb,,,
PTP1B_AF2_0043,,43,PTP1B.AF2rank43,PTP1B.AF2rank43.pdb,/home/wms/AF2-test/AF2-CatGraph/data/PTP1B/01_af2_new/PTP1B.AF2rank43.pdb,/home/wms/AF2-test/AF2-CatGraph/data/PTP1B/01_af2_new/PTP1B.AF2rank43.pdb,/home/wms/AF2-test/AF2-CatGraph-test5/data/PTP1B/01_af2/6B90.42.pdb,source_if_available,source,/home/wms/AF2-test/AF2-CatGraph-test5/data/PTP1B/01_af2/6B90.42.pdb,results/PTP1B/01_af2_prepare/pdb/standardized/PTP1B_AF2_0043.pdb,,,
PTP1B_AF2_0044,,44,PTP1B.AF2rank44,PTP1B.AF2rank44.pdb,/home/wms/AF2-test/AF2-CatGraph/data/PTP1B/01_af2_new/PTP1B.AF2rank44.pdb,/home/wms/AF2-test/AF2-CatGraph/data/PTP1B/01_af2_new/PTP1B.AF2rank44.pdb,/home/wms/AF2-test/AF2-CatGraph-test5/data/PTP1B/01_af2/6B90.43.pdb,source_if_available,source,/home/wms/AF2-test/AF2-CatGraph-test5/data/PTP1B/01_af2/6B90.43.pdb,results/PTP1B/01_af2_prepare/pdb/standardized/PTP1B_AF2_0044.pdb,,,
PTP1B_AF2_0045,,45,PTP1B.AF2rank45,PTP1B.AF2rank45.pdb,/home/wms/AF2-test/AF2-CatGraph/data/PTP1B/01_af2_new/PTP1B.AF2rank45.pdb,/home/wms/AF2-test/AF2-CatGraph/data/PTP1B/01_af2_new/PTP1B.AF2rank45.pdb,/home/wms/AF2-test/AF2-CatGraph-test5/data/PTP1B/01_af2/6B90.44.pdb,source_if_available,source,/home/wms/AF2-test/AF2-CatGraph-test5/data/PTP1B/01_af2/6B90.44.pdb,results/PTP1B/01_af2_prepare/pdb/standardized/PTP1B_AF2_0045.pdb,,,
PTP1B_AF2_0046,,46,PTP1B.AF2rank46,PTP1B.AF2rank46.pdb,/home/wms/AF2-test/AF2-CatGraph/data/PTP1B/01_af2_new/PTP1B.AF2rank46.pdb,/home/wms/AF2-test/AF2-CatGraph/data/PTP1B/01_af2_new/PTP1B.AF2rank46.pdb,/home/wms/AF2-test/AF2-CatGraph-test5/data/PTP1B/01_af2/6B90.45.pdb,source_if_available,source,/home/wms/AF2-test/AF2-CatGraph-test5/data/PTP1B/01_af2/6B90.45.pdb,results/PTP1B/01_af2_prepare/pdb/standardized/PTP1B_AF2_0046.pdb,,,
PTP1B_AF2_0047,,47,PTP1B.AF2rank47,PTP1B.AF2rank47.pdb,/home/wms/AF2-test/AF2-CatGraph/data/PTP1B/01_af2_new/PTP1B.AF2rank47.pdb,/home/wms/AF2-test/AF2-CatGraph/data/PTP1B/01_af2_new/PTP1B.AF2rank47.pdb,/home/wms/AF2-test/AF2-CatGraph-test5/data/PTP1B/01_af2/6B90.46.pdb,source_if_available,source,/home/wms/AF2-test/AF2-CatGraph-test5/data/PTP1B/01_af2/6B90.46.pdb,results/PTP1B/01_af2_prepare/pdb/standardized/PTP1B_AF2_0047.pdb,,,
PTP1B_AF2_0048,,48,PTP1B.AF2rank48,PTP1B.AF2rank48.pdb,/home/wms/AF2-test/AF2-CatGraph/data/PTP1B/01_af2_new/PTP1B.AF2rank48.pdb,/home/wms/AF2-test/AF2-CatGraph/data/PTP1B/01_af2_new/PTP1B.AF2rank48.pdb,/home/wms/AF2-test/AF2-CatGraph-test5/data/PTP1B/01_af2/6B90.47.pdb,source_if_available,source,/home/wms/AF2-test/AF2-CatGraph-test5/data/PTP1B/01_af2/6B90.47.pdb,results/PTP1B/01_af2_prepare/pdb/standardized/PTP1B_AF2_0048.pdb,,,
PTP1B_AF2_0049,,49,PTP1B.AF2rank49,PTP1B.AF2rank49.pdb,/home/wms/AF2-test/AF2-CatGraph/data/PTP1B/01_af2_new/PTP1B.AF2rank49.pdb,/home/wms/AF2-test/AF2-CatGraph/data/PTP1B/01_af2_new/PTP1B.AF2rank49.pdb,/home/wms/AF2-test/AF2-CatGraph-test5/data/PTP1B/01_af2/6B90.48.pdb,source_if_available,source,/home/wms/AF2-test/AF2-CatGraph-test5/data/PTP1B/01_af2/6B90.48.pdb,results/PTP1B/01_af2_prepare/pdb/standardized/PTP1B_AF2_0049.pdb,,,
PTP1B_AF2_0050,,50,PTP1B.AF2rank50,PTP1B.AF2rank50.pdb,/home/wms/AF2-test/AF2-CatGraph/data/PTP1B/01_af2_new/PTP1B.AF2rank50.pdb,/home/wms/AF2-test/AF2-CatGraph/data/PTP1B/01_af2_new/PTP1B.AF2rank50.pdb,/home/wms/AF2-test/AF2-CatGraph-test5/data/PTP1B/01_af2/6B90.49.pdb,source_if_available,source,/home/wms/AF2-test/AF2-CatGraph-test5/data/PTP1B/01_af2/6B90.49.pdb,results/PTP1B/01_af2_prepare/pdb/standardized/PTP1B_AF2_0050.pdb,,,
PTP1B_AF2_0051,,51,PTP1B.AF2rank51,PTP1B.AF2rank51.pdb,/home/wms/AF2-test/AF2-CatGraph/data/PTP1B/01_af2_new/PTP1B.AF2rank51.pdb,/home/wms/AF2-test/AF2-CatGraph/data/PTP1B/01_af2_new/PTP1B.AF2rank51.pdb,/home/wms/AF2-test/AF2-CatGraph-test5/data/PTP1B/01_af2/6B90.50.pdb,source_if_available,source,/home/wms/AF2-test/AF2-CatGraph-test5/data/PTP1B/01_af2/6B90.50.pdb,results/PTP1B/01_af2_prepare/pdb/standardized/PTP1B_AF2_0051.pdb,,,
PTP1B_AF2_0052,,52,PTP1B.AF2rank52,PTP1B.AF2rank52.pdb,/home/wms/AF2-test/AF2-CatGraph/data/PTP1B/01_af2_new/PTP1B.AF2rank52.pdb,/home/wms/AF2-test/AF2-CatGraph/data/PTP1B/01_af2_new/PTP1B.AF2rank52.pdb,/home/wms/AF2-test/AF2-CatGraph-test5/data/PTP1B/01_af2/6B90.51.pdb,source_if_available,source,/home/wms/AF2-test/AF2-CatGraph-test5/data/PTP1B/01_af2/6B90.51.pdb,results/PTP1B/01_af2_prepare/pdb/standardized/PTP1B_AF2_0052.pdb,,,
PTP1B_AF2_0053,,53,PTP1B.AF2rank53,PTP1B.AF2rank53.pdb,/home/wms/AF2-test/AF2-CatGraph/data/PTP1B/01_af2_new/PTP1B.AF2rank53.pdb,/home/wms/AF2-test/AF2-CatGraph/data/PTP1B/01_af2_new/PTP1B.AF2rank53.pdb,/home/wms/AF2-test/AF2-CatGraph-test5/data/PTP1B/01_af2/6B90.52.pdb,source_if_available,source,/home/wms/AF2-test/AF2-CatGraph-test5/data/PTP1B/01_af2/6B90.52.pdb,results/PTP1B/01_af2_prepare/pdb/standardized/PTP1B_AF2_0053.pdb,,,
PTP1B_AF2_0054,,54,PTP1B.AF2rank54,PTP1B.AF2rank54.pdb,/home/wms/AF2-test/AF2-CatGraph/data/PTP1B/01_af2_new/PTP1B.AF2rank54.pdb,/home/wms/AF2-test/AF2-CatGraph/data/PTP1B/01_af2_new/PTP1B.AF2rank54.pdb,/home/wms/AF2-test/AF2-CatGraph-test5/data/PTP1B/01_af2/6B90.53.pdb,source_if_available,source,/home/wms/AF2-test/AF2-CatGraph-test5/data/PTP1B/01_af2/6B90.53.pdb,results/PTP1B/01_af2_prepare/pdb/standardized/PTP1B_AF2_0054.pdb,,,
PTP1B_AF2_0055,,55,PTP1B.AF2rank55,PTP1B.AF2rank55.pdb,/home/wms/AF2-test/AF2-CatGraph/data/PTP1B/01_af2_new/PTP1B.AF2rank55.pdb,/home/wms/AF2-test/AF2-CatGraph/data/PTP1B/01_af2_new/PTP1B.AF2rank55.pdb,/home/wms/AF2-test/AF2-CatGraph-test5/data/PTP1B/01_af2/6B90.54.pdb,source_if_available,source,/home/wms/AF2-test/AF2-CatGraph-test5/data/PTP1B/01_af2/6B90.54.pdb,results/PTP1B/01_af2_prepare/pdb/standardized/PTP1B_AF2_0055.pdb,,,
PTP1B_AF2_0056,,56,PTP1B.AF2rank56,PTP1B.AF2rank56.pdb,/home/wms/AF2-test/AF2-CatGraph/data/PTP1B/01_af2_new/PTP1B.AF2rank56.pdb,/home/wms/AF2-test/AF2-CatGraph/data/PTP1B/01_af2_new/PTP1B.AF2rank56.pdb,/home/wms/AF2-test/AF2-CatGraph-test5/data/PTP1B/01_af2/6B90.55.pdb,source_if_available,source,/home/wms/AF2-test/AF2-CatGraph-test5/data/PTP1B/01_af2/6B90.55.pdb,results/PTP1B/01_af2_prepare/pdb/standardized/PTP1B_AF2_0056.pdb,,,
PTP1B_AF2_0057,,57,PTP1B.AF2rank57,PTP1B.AF2rank57.pdb,/home/wms/AF2-test/AF2-CatGraph/data/PTP1B/01_af2_new/PTP1B.AF2rank57.pdb,/home/wms/AF2-test/AF2-CatGraph/data/PTP1B/01_af2_new/PTP1B.AF2rank57.pdb,/home/wms/AF2-test/AF2-CatGraph-test5/data/PTP1B/01_af2/6B90.56.pdb,source_if_available,source,/home/wms/AF2-test/AF2-CatGraph-test5/data/PTP1B/01_af2/6B90.56.pdb,results/PTP1B/01_af2_prepare/pdb/standardized/PTP1B_AF2_0057.pdb,,,
PTP1B_AF2_0058,,58,PTP1B.AF2rank58,PTP1B.AF2rank58.pdb,/home/wms/AF2-test/AF2-CatGraph/data/PTP1B/01_af2_new/PTP1B.AF2rank58.pdb,/home/wms/AF2-test/AF2-CatGraph/data/PTP1B/01_af2_new/PTP1B.AF2rank58.pdb,/home/wms/AF2-test/AF2-CatGraph-test5/data/PTP1B/01_af2/6B90.57.pdb,source_if_available,source,/home/wms/AF2-test/AF2-CatGraph-test5/data/PTP1B/01_af2/6B90.57.pdb,results/PTP1B/01_af2_prepare/pdb/standardized/PTP1B_AF2_0058.pdb,,,
PTP1B_AF2_0059,,59,PTP1B.AF2rank59,PTP1B.AF2rank59.pdb,/home/wms/AF2-test/AF2-CatGraph/data/PTP1B/01_af2_new/PTP1B.AF2rank59.pdb,/home/wms/AF2-test/AF2-CatGraph/data/PTP1B/01_af2_new/PTP1B.AF2rank59.pdb,/home/wms/AF2-test/AF2-CatGraph-test5/data/PTP1B/01_af2/6B90.58.pdb,source_if_available,source,/home/wms/AF2-test/AF2-CatGraph-test5/data/PTP1B/01_af2/6B90.58.pdb,results/PTP1B/01_af2_prepare/pdb/standardized/PTP1B_AF2_0059.pdb,,,
PTP1B_AF2_0060,,60,PTP1B.AF2rank60,PTP1B.AF2rank60.pdb,/home/wms/AF2-test/AF2-CatGraph/data/PTP1B/01_af2_new/PTP1B.AF2rank60.pdb,/home/wms/AF2-test/AF2-CatGraph/data/PTP1B/01_af2_new/PTP1B.AF2rank60.pdb,/home/wms/AF2-test/AF2-CatGraph-test5/data/PTP1B/01_af2/6B90.59.pdb,source_if_available,source,/home/wms/AF2-test/AF2-CatGraph-test5/data/PTP1B/01_af2/6B90.59.pdb,results/PTP1B/01_af2_prepare/pdb/standardized/PTP1B_AF2_0060.pdb,,,
PTP1B_AF2_0061,,61,PTP1B.AF2rank61,PTP1B.AF2rank61.pdb,/home/wms/AF2-test/AF2-CatGraph/data/PTP1B/01_af2_new/PTP1B.AF2rank61.pdb,/home/wms/AF2-test/AF2-CatGraph/data/PTP1B/01_af2_new/PTP1B.AF2rank61.pdb,/home/wms/AF2-test/AF2-CatGraph-test5/data/PTP1B/01_af2/6B90.60.pdb,source_if_available,source,/home/wms/AF2-test/AF2-CatGraph-test5/data/PTP1B/01_af2/6B90.60.pdb,results/PTP1B/01_af2_prepare/pdb/standardized/PTP1B_AF2_0061.pdb,,,
PTP1B_AF2_0062,,62,PTP1B.AF2rank62,PTP1B.AF2rank62.pdb,/home/wms/AF2-test/AF2-CatGraph/data/PTP1B/01_af2_new/PTP1B.AF2rank62.pdb,/home/wms/AF2-test/AF2-CatGraph/data/PTP1B/01_af2_new/PTP1B.AF2rank62.pdb,/home/wms/AF2-test/AF2-CatGraph-test5/data/PTP1B/01_af2/6B90.61.pdb,source_if_available,source,/home/wms/AF2-test/AF2-CatGraph-test5/data/PTP1B/01_af2/6B90.61.pdb,results/PTP1B/01_af2_prepare/pdb/standardized/PTP1B_AF2_0062.pdb,,,
PTP1B_AF2_0063,,63,PTP1B.AF2rank63,PTP1B.AF2rank63.pdb,/home/wms/AF2-test/AF2-CatGraph/data/PTP1B/01_af2_new/PTP1B.AF2rank63.pdb,/home/wms/AF2-test/AF2-CatGraph/data/PTP1B/01_af2_new/PTP1B.AF2rank63.pdb,/home/wms/AF2-test/AF2-CatGraph-test5/data/PTP1B/01_af2/6B90.62.pdb,source_if_available,source,/home/wms/AF2-test/AF2-CatGraph-test5/data/PTP1B/01_af2/6B90.62.pdb,results/PTP1B/01_af2_prepare/pdb/standardized/PTP1B_AF2_0063.pdb,,,
PTP1B_AF2_0064,,64,PTP1B.AF2rank64,PTP1B.AF2rank64.pdb,/home/wms/AF2-test/AF2-CatGraph/data/PTP1B/01_af2_new/PTP1B.AF2rank64.pdb,/home/wms/AF2-test/AF2-CatGraph/data/PTP1B/01_af2_new/PTP1B.AF2rank64.pdb,/home/wms/AF2-test/AF2-CatGraph-test5/data/PTP1B/01_af2/6B90.63.pdb,source_if_available,source,/home/wms/AF2-test/AF2-CatGraph-test5/data/PTP1B/01_af2/6B90.63.pdb,results/PTP1B/01_af2_prepare/pdb/standardized/PTP1B_AF2_0064.pdb,,,
PTP1B_AF2_0065,,65,PTP1B.AF2rank65,PTP1B.AF2rank65.pdb,/home/wms/AF2-test/AF2-CatGraph/data/PTP1B/01_af2_new/PTP1B.AF2rank65.pdb,/home/wms/AF2-test/AF2-CatGraph/data/PTP1B/01_af2_new/PTP1B.AF2rank65.pdb,/home/wms/AF2-test/AF2-CatGraph-test5/data/PTP1B/01_af2/6B90.64.pdb,source_if_available,source,/home/wms/AF2-test/AF2-CatGraph-test5/data/PTP1B/01_af2/6B90.64.pdb,results/PTP1B/01_af2_prepare/pdb/standardized/PTP1B_AF2_0065.pdb,,,
PTP1B_AF2_0066,,66,PTP1B.AF2rank66,PTP1B.AF2rank66.pdb,/home/wms/AF2-test/AF2-CatGraph/data/PTP1B/01_af2_new/PTP1B.AF2rank66.pdb,/home/wms/AF2-test/AF2-CatGraph/data/PTP1B/01_af2_new/PTP1B.AF2rank66.pdb,/home/wms/AF2-test/AF2-CatGraph-test5/data/PTP1B/01_af2/6B90.65.pdb,source_if_available,source,/home/wms/AF2-test/AF2-CatGraph-test5/data/PTP1B/01_af2/6B90.65.pdb,results/PTP1B/01_af2_prepare/pdb/standardized/PTP1B_AF2_0066.pdb,,,
PTP1B_AF2_0067,,67,PTP1B.AF2rank67,PTP1B.AF2rank67.pdb,/home/wms/AF2-test/AF2-CatGraph/data/PTP1B/01_af2_new/PTP1B.AF2rank67.pdb,/home/wms/AF2-test/AF2-CatGraph/data/PTP1B/01_af2_new/PTP1B.AF2rank67.pdb,/home/wms/AF2-test/AF2-CatGraph-test5/data/PTP1B/01_af2/6B90.66.pdb,source_if_available,source,/home/wms/AF2-test/AF2-CatGraph-test5/data/PTP1B/01_af2/6B90.66.pdb,results/PTP1B/01_af2_prepare/pdb/standardized/PTP1B_AF2_0067.pdb,,,
PTP1B_AF2_0068,,68,PTP1B.AF2rank68,PTP1B.AF2rank68.pdb,/home/wms/AF2-test/AF2-CatGraph/data/PTP1B/01_af2_new/PTP1B.AF2rank68.pdb,/home/wms/AF2-test/AF2-CatGraph/data/PTP1B/01_af2_new/PTP1B.AF2rank68.pdb,/home/wms/AF2-test/AF2-CatGraph-test5/data/PTP1B/01_af2/6B90.67.pdb,source_if_available,source,/home/wms/AF2-test/AF2-CatGraph-test5/data/PTP1B/01_af2/6B90.67.pdb,results/PTP1B/01_af2_prepare/pdb/standardized/PTP1B_AF2_0068.pdb,,,
PTP1B_AF2_0069,,69,PTP1B.AF2rank69,PTP1B.AF2rank69.pdb,/home/wms/AF2-test/AF2-CatGraph/data/PTP1B/01_af2_new/PTP1B.AF2rank69.pdb,/home/wms/AF2-test/AF2-CatGraph/data/PTP1B/01_af2_new/PTP1B.AF2rank69.pdb,/home/wms/AF2-test/AF2-CatGraph-test5/data/PTP1B/01_af2/6B90.68.pdb,source_if_available,source,/home/wms/AF2-test/AF2-CatGraph-test5/data/PTP1B/01_af2/6B90.68.pdb,results/PTP1B/01_af2_prepare/pdb/standardized/PTP1B_AF2_0069.pdb,,,
PTP1B_AF2_0070,,70,PTP1B.AF2rank70,PTP1B.AF2rank70.pdb,/home/wms/AF2-test/AF2-CatGraph/data/PTP1B/01_af2_new/PTP1B.AF2rank70.pdb,/home/wms/AF2-test/AF2-CatGraph/data/PTP1B/01_af2_new/PTP1B.AF2rank70.pdb,/home/wms/AF2-test/AF2-CatGraph-test5/data/PTP1B/01_af2/6B90.69.pdb,source_if_available,source,/home/wms/AF2-test/AF2-CatGraph-test5/data/PTP1B/01_af2/6B90.69.pdb,results/PTP1B/01_af2_prepare/pdb/standardized/PTP1B_AF2_0070.pdb,,,
PTP1B_AF2_0071,,71,PTP1B.AF2rank71,PTP1B.AF2rank71.pdb,/home/wms/AF2-test/AF2-CatGraph/data/PTP1B/01_af2_new/PTP1B.AF2rank71.pdb,/home/wms/AF2-test/AF2-CatGraph/data/PTP1B/01_af2_new/PTP1B.AF2rank71.pdb,/home/wms/AF2-test/AF2-CatGraph-test5/data/PTP1B/01_af2/6B90.70.pdb,source_if_available,source,/home/wms/AF2-test/AF2-CatGraph-test5/data/PTP1B/01_af2/6B90.70.pdb,results/PTP1B/01_af2_prepare/pdb/standardized/PTP1B_AF2_0071.pdb,,,
PTP1B_AF2_0072,,72,PTP1B.AF2rank72,PTP1B.AF2rank72.pdb,/home/wms/AF2-test/AF2-CatGraph/data/PTP1B/01_af2_new/PTP1B.AF2rank72.pdb,/home/wms/AF2-test/AF2-CatGraph/data/PTP1B/01_af2_new/PTP1B.AF2rank72.pdb,/home/wms/AF2-test/AF2-CatGraph-test5/data/PTP1B/01_af2/6B90.71.pdb,source_if_available,source,/home/wms/AF2-test/AF2-CatGraph-test5/data/PTP1B/01_af2/6B90.71.pdb,results/PTP1B/01_af2_prepare/pdb/standardized/PTP1B_AF2_0072.pdb,,,
PTP1B_AF2_0073,,73,PTP1B.AF2rank73,PTP1B.AF2rank73.pdb,/home/wms/AF2-test/AF2-CatGraph/data/PTP1B/01_af2_new/PTP1B.AF2rank73.pdb,/home/wms/AF2-test/AF2-CatGraph/data/PTP1B/01_af2_new/PTP1B.AF2rank73.pdb,/home/wms/AF2-test/AF2-CatGraph-test5/data/PTP1B/01_af2/6B90.72.pdb,source_if_available,source,/home/wms/AF2-test/AF2-CatGraph-test5/data/PTP1B/01_af2/6B90.72.pdb,results/PTP1B/01_af2_prepare/pdb/standardized/PTP1B_AF2_0073.pdb,,,
PTP1B_AF2_0074,,74,PTP1B.AF2rank74,PTP1B.AF2rank74.pdb,/home/wms/AF2-test/AF2-CatGraph/data/PTP1B/01_af2_new/PTP1B.AF2rank74.pdb,/home/wms/AF2-test/AF2-CatGraph/data/PTP1B/01_af2_new/PTP1B.AF2rank74.pdb,/home/wms/AF2-test/AF2-CatGraph-test5/data/PTP1B/01_af2/6B90.73.pdb,source_if_available,source,/home/wms/AF2-test/AF2-CatGraph-test5/data/PTP1B/01_af2/6B90.73.pdb,results/PTP1B/01_af2_prepare/pdb/standardized/PTP1B_AF2_0074.pdb,,,
PTP1B_AF2_0075,,75,PTP1B.AF2rank75,PTP1B.AF2rank75.pdb,/home/wms/AF2-test/AF2-CatGraph/data/PTP1B/01_af2_new/PTP1B.AF2rank75.pdb,/home/wms/AF2-test/AF2-CatGraph/data/PTP1B/01_af2_new/PTP1B.AF2rank75.pdb,/home/wms/AF2-test/AF2-CatGraph-test5/data/PTP1B/01_af2/6B90.74.pdb,source_if_available,source,/home/wms/AF2-test/AF2-CatGraph-test5/data/PTP1B/01_af2/6B90.74.pdb,results/PTP1B/01_af2_prepare/pdb/standardized/PTP1B_AF2_0075.pdb,,,
PTP1B_AF2_0076,,76,PTP1B.AF2rank76,PTP1B.AF2rank76.pdb,/home/wms/AF2-test/AF2-CatGraph/data/PTP1B/01_af2_new/PTP1B.AF2rank76.pdb,/home/wms/AF2-test/AF2-CatGraph/data/PTP1B/01_af2_new/PTP1B.AF2rank76.pdb,/home/wms/AF2-test/AF2-CatGraph-test5/data/PTP1B/01_af2/6B90.75.pdb,source_if_available,source,/home/wms/AF2-test/AF2-CatGraph-test5/data/PTP1B/01_af2/6B90.75.pdb,results/PTP1B/01_af2_prepare/pdb/standardized/PTP1B_AF2_0076.pdb,,,
PTP1B_AF2_0077,,77,PTP1B.AF2rank77,PTP1B.AF2rank77.pdb,/home/wms/AF2-test/AF2-CatGraph/data/PTP1B/01_af2_new/PTP1B.AF2rank77.pdb,/home/wms/AF2-test/AF2-CatGraph/data/PTP1B/01_af2_new/PTP1B.AF2rank77.pdb,/home/wms/AF2-test/AF2-CatGraph-test5/data/PTP1B/01_af2/6B90.76.pdb,source_if_available,source,/home/wms/AF2-test/AF2-CatGraph-test5/data/PTP1B/01_af2/6B90.76.pdb,results/PTP1B/01_af2_prepare/pdb/standardized/PTP1B_AF2_0077.pdb,,,
PTP1B_AF2_0078,,78,PTP1B.AF2rank78,PTP1B.AF2rank78.pdb,/home/wms/AF2-test/AF2-CatGraph/data/PTP1B/01_af2_new/PTP1B.AF2rank78.pdb,/home/wms/AF2-test/AF2-CatGraph/data/PTP1B/01_af2_new/PTP1B.AF2rank78.pdb,/home/wms/AF2-test/AF2-CatGraph-test5/data/PTP1B/01_af2/6B90.77.pdb,source_if_available,source,/home/wms/AF2-test/AF2-CatGraph-test5/data/PTP1B/01_af2/6B90.77.pdb,results/PTP1B/01_af2_prepare/pdb/standardized/PTP1B_AF2_0078.pdb,,,
PTP1B_AF2_0079,,79,PTP1B.AF2rank79,PTP1B.AF2rank79.pdb,/home/wms/AF2-test/AF2-CatGraph/data/PTP1B/01_af2_new/PTP1B.AF2rank79.pdb,/home/wms/AF2-test/AF2-CatGraph/data/PTP1B/01_af2_new/PTP1B.AF2rank79.pdb,/home/wms/AF2-test/AF2-CatGraph-test5/data/PTP1B/01_af2/6B90.78.pdb,source_if_available,source,/home/wms/AF2-test/AF2-CatGraph-test5/data/PTP1B/01_af2/6B90.78.pdb,results/PTP1B/01_af2_prepare/pdb/standardized/PTP1B_AF2_0079.pdb,,,
PTP1B_AF2_0080,,80,PTP1B.AF2rank80,PTP1B.AF2rank80.pdb,/home/wms/AF2-test/AF2-CatGraph/data/PTP1B/01_af2_new/PTP1B.AF2rank80.pdb,/home/wms/AF2-test/AF2-CatGraph/data/PTP1B/01_af2_new/PTP1B.AF2rank80.pdb,/home/wms/AF2-test/AF2-CatGraph-test5/data/PTP1B/01_af2/6B90.79.pdb,source_if_available,source,/home/wms/AF2-test/AF2-CatGraph-test5/data/PTP1B/01_af2/6B90.79.pdb,results/PTP1B/01_af2_prepare/pdb/standardized/PTP1B_AF2_0080.pdb,,,
PTP1B_AF2_0081,,81,PTP1B.AF2rank81,PTP1B.AF2rank81.pdb,/home/wms/AF2-test/AF2-CatGraph/data/PTP1B/01_af2_new/PTP1B.AF2rank81.pdb,/home/wms/AF2-test/AF2-CatGraph/data/PTP1B/01_af2_new/PTP1B.AF2rank81.pdb,/home/wms/AF2-test/AF2-CatGraph-test5/data/PTP1B/01_af2/6B90.80.pdb,source_if_available,source,/home/wms/AF2-test/AF2-CatGraph-test5/data/PTP1B/01_af2/6B90.80.pdb,results/PTP1B/01_af2_prepare/pdb/standardized/PTP1B_AF2_0081.pdb,,,
PTP1B_AF2_0082,,82,PTP1B.AF2rank82,PTP1B.AF2rank82.pdb,/home/wms/AF2-test/AF2-CatGraph/data/PTP1B/01_af2_new/PTP1B.AF2rank82.pdb,/home/wms/AF2-test/AF2-CatGraph/data/PTP1B/01_af2_new/PTP1B.AF2rank82.pdb,/home/wms/AF2-test/AF2-CatGraph-test5/data/PTP1B/01_af2/6B90.81.pdb,source_if_available,source,/home/wms/AF2-test/AF2-CatGraph-test5/data/PTP1B/01_af2/6B90.81.pdb,results/PTP1B/01_af2_prepare/pdb/standardized/PTP1B_AF2_0082.pdb,,,
PTP1B_AF2_0083,,83,PTP1B.AF2rank83,PTP1B.AF2rank83.pdb,/home/wms/AF2-test/AF2-CatGraph/data/PTP1B/01_af2_new/PTP1B.AF2rank83.pdb,/home/wms/AF2-test/AF2-CatGraph/data/PTP1B/01_af2_new/PTP1B.AF2rank83.pdb,/home/wms/AF2-test/AF2-CatGraph-test5/data/PTP1B/01_af2/6B90.82.pdb,source_if_available,source,/home/wms/AF2-test/AF2-CatGraph-test5/data/PTP1B/01_af2/6B90.82.pdb,results/PTP1B/01_af2_prepare/pdb/standardized/PTP1B_AF2_0083.pdb,,,
PTP1B_AF2_0084,,84,PTP1B.AF2rank84,PTP1B.AF2rank84.pdb,/home/wms/AF2-test/AF2-CatGraph/data/PTP1B/01_af2_new/PTP1B.AF2rank84.pdb,/home/wms/AF2-test/AF2-CatGraph/data/PTP1B/01_af2_new/PTP1B.AF2rank84.pdb,/home/wms/AF2-test/AF2-CatGraph-test5/data/PTP1B/01_af2/6B90.83.pdb,source_if_available,source,/home/wms/AF2-test/AF2-CatGraph-test5/data/PTP1B/01_af2/6B90.83.pdb,results/PTP1B/01_af2_prepare/pdb/standardized/PTP1B_AF2_0084.pdb,,,
PTP1B_AF2_0085,,85,PTP1B.AF2rank85,PTP1B.AF2rank85.pdb,/home/wms/AF2-test/AF2-CatGraph/data/PTP1B/01_af2_new/PTP1B.AF2rank85.pdb,/home/wms/AF2-test/AF2-CatGraph/data/PTP1B/01_af2_new/PTP1B.AF2rank85.pdb,/home/wms/AF2-test/AF2-CatGraph-test5/data/PTP1B/01_af2/6B90.84.pdb,source_if_available,source,/home/wms/AF2-test/AF2-CatGraph-test5/data/PTP1B/01_af2/6B90.84.pdb,results/PTP1B/01_af2_prepare/pdb/standardized/PTP1B_AF2_0085.pdb,,,
PTP1B_AF2_0086,,86,PTP1B.AF2rank86,PTP1B.AF2rank86.pdb,/home/wms/AF2-test/AF2-CatGraph/data/PTP1B/01_af2_new/PTP1B.AF2rank86.pdb,/home/wms/AF2-test/AF2-CatGraph/data/PTP1B/01_af2_new/PTP1B.AF2rank86.pdb,/home/wms/AF2-test/AF2-CatGraph-test5/data/PTP1B/01_af2/6B90.85.pdb,source_if_available,source,/home/wms/AF2-test/AF2-CatGraph-test5/data/PTP1B/01_af2/6B90.85.pdb,results/PTP1B/01_af2_prepare/pdb/standardized/PTP1B_AF2_0086.pdb,,,
PTP1B_AF2_0087,,87,PTP1B.AF2rank87,PTP1B.AF2rank87.pdb,/home/wms/AF2-test/AF2-CatGraph/data/PTP1B/01_af2_new/PTP1B.AF2rank87.pdb,/home/wms/AF2-test/AF2-CatGraph/data/PTP1B/01_af2_new/PTP1B.AF2rank87.pdb,/home/wms/AF2-test/AF2-CatGraph-test5/data/PTP1B/01_af2/6B90.86.pdb,source_if_available,source,/home/wms/AF2-test/AF2-CatGraph-test5/data/PTP1B/01_af2/6B90.86.pdb,results/PTP1B/01_af2_prepare/pdb/standardized/PTP1B_AF2_0087.pdb,,,
PTP1B_AF2_0088,,88,PTP1B.AF2rank88,PTP1B.AF2rank88.pdb,/home/wms/AF2-test/AF2-CatGraph/data/PTP1B/01_af2_new/PTP1B.AF2rank88.pdb,/home/wms/AF2-test/AF2-CatGraph/data/PTP1B/01_af2_new/PTP1B.AF2rank88.pdb,/home/wms/AF2-test/AF2-CatGraph-test5/data/PTP1B/01_af2/6B90.87.pdb,source_if_available,source,/home/wms/AF2-test/AF2-CatGraph-test5/data/PTP1B/01_af2/6B90.87.pdb,results/PTP1B/01_af2_prepare/pdb/standardized/PTP1B_AF2_0088.pdb,,,
PTP1B_AF2_0089,,89,PTP1B.AF2rank89,PTP1B.AF2rank89.pdb,/home/wms/AF2-test/AF2-CatGraph/data/PTP1B/01_af2_new/PTP1B.AF2rank89.pdb,/home/wms/AF2-test/AF2-CatGraph/data/PTP1B/01_af2_new/PTP1B.AF2rank89.pdb,/home/wms/AF2-test/AF2-CatGraph-test5/data/PTP1B/01_af2/6B90.88.pdb,source_if_available,source,/home/wms/AF2-test/AF2-CatGraph-test5/data/PTP1B/01_af2/6B90.88.pdb,results/PTP1B/01_af2_prepare/pdb/standardized/PTP1B_AF2_0089.pdb,,,
PTP1B_AF2_0090,,90,PTP1B.AF2rank90,PTP1B.AF2rank90.pdb,/home/wms/AF2-test/AF2-CatGraph/data/PTP1B/01_af2_new/PTP1B.AF2rank90.pdb,/home/wms/AF2-test/AF2-CatGraph/data/PTP1B/01_af2_new/PTP1B.AF2rank90.pdb,/home/wms/AF2-test/AF2-CatGraph-test5/data/PTP1B/01_af2/6B90.89.pdb,source_if_available,source,/home/wms/AF2-test/AF2-CatGraph-test5/data/PTP1B/01_af2/6B90.89.pdb,results/PTP1B/01_af2_prepare/pdb/standardized/PTP1B_AF2_0090.pdb,,,
PTP1B_AF2_0091,,91,PTP1B.AF2rank91,PTP1B.AF2rank91.pdb,/home/wms/AF2-test/AF2-CatGraph/data/PTP1B/01_af2_new/PTP1B.AF2rank91.pdb,/home/wms/AF2-test/AF2-CatGraph/data/PTP1B/01_af2_new/PTP1B.AF2rank91.pdb,/home/wms/AF2-test/AF2-CatGraph-test5/data/PTP1B/01_af2/6B90.90.pdb,source_if_available,source,/home/wms/AF2-test/AF2-CatGraph-test5/data/PTP1B/01_af2/6B90.90.pdb,results/PTP1B/01_af2_prepare/pdb/standardized/PTP1B_AF2_0091.pdb,,,
PTP1B_AF2_0092,,92,PTP1B.AF2rank92,PTP1B.AF2rank92.pdb,/home/wms/AF2-test/AF2-CatGraph/data/PTP1B/01_af2_new/PTP1B.AF2rank92.pdb,/home/wms/AF2-test/AF2-CatGraph/data/PTP1B/01_af2_new/PTP1B.AF2rank92.pdb,/home/wms/AF2-test/AF2-CatGraph-test5/data/PTP1B/01_af2/6B90.91.pdb,source_if_available,source,/home/wms/AF2-test/AF2-CatGraph-test5/data/PTP1B/01_af2/6B90.91.pdb,results/PTP1B/01_af2_prepare/pdb/standardized/PTP1B_AF2_0092.pdb,,,
PTP1B_AF2_0093,,93,PTP1B.AF2rank93,PTP1B.AF2rank93.pdb,/home/wms/AF2-test/AF2-CatGraph/data/PTP1B/01_af2_new/PTP1B.AF2rank93.pdb,/home/wms/AF2-test/AF2-CatGraph/data/PTP1B/01_af2_new/PTP1B.AF2rank93.pdb,/home/wms/AF2-test/AF2-CatGraph-test5/data/PTP1B/01_af2/6B90.92.pdb,source_if_available,source,/home/wms/AF2-test/AF2-CatGraph-test5/data/PTP1B/01_af2/6B90.92.pdb,results/PTP1B/01_af2_prepare/pdb/standardized/PTP1B_AF2_0093.pdb,,,
PTP1B_AF2_0094,,94,PTP1B.AF2rank94,PTP1B.AF2rank94.pdb,/home/wms/AF2-test/AF2-CatGraph/data/PTP1B/01_af2_new/PTP1B.AF2rank94.pdb,/home/wms/AF2-test/AF2-CatGraph/data/PTP1B/01_af2_new/PTP1B.AF2rank94.pdb,/home/wms/AF2-test/AF2-CatGraph-test5/data/PTP1B/01_af2/6B90.93.pdb,source_if_available,source,/home/wms/AF2-test/AF2-CatGraph-test5/data/PTP1B/01_af2/6B90.93.pdb,results/PTP1B/01_af2_prepare/pdb/standardized/PTP1B_AF2_0094.pdb,,,
PTP1B_AF2_0095,,95,PTP1B.AF2rank95,PTP1B.AF2rank95.pdb,/home/wms/AF2-test/AF2-CatGraph/data/PTP1B/01_af2_new/PTP1B.AF2rank95.pdb,/home/wms/AF2-test/AF2-CatGraph/data/PTP1B/01_af2_new/PTP1B.AF2rank95.pdb,/home/wms/AF2-test/AF2-CatGraph-test5/data/PTP1B/01_af2/6B90.94.pdb,source_if_available,source,/home/wms/AF2-test/AF2-CatGraph-test5/data/PTP1B/01_af2/6B90.94.pdb,results/PTP1B/01_af2_prepare/pdb/standardized/PTP1B_AF2_0095.pdb,,,
PTP1B_AF2_0096,,96,PTP1B.AF2rank96,PTP1B.AF2rank96.pdb,/home/wms/AF2-test/AF2-CatGraph/data/PTP1B/01_af2_new/PTP1B.AF2rank96.pdb,/home/wms/AF2-test/AF2-CatGraph/data/PTP1B/01_af2_new/PTP1B.AF2rank96.pdb,/home/wms/AF2-test/AF2-CatGraph-test5/data/PTP1B/01_af2/6B90.95.pdb,source_if_available,source,/home/wms/AF2-test/AF2-CatGraph-test5/data/PTP1B/01_af2/6B90.95.pdb,results/PTP1B/01_af2_prepare/pdb/standardized/PTP1B_AF2_0096.pdb,,,
PTP1B_AF2_0097,,97,PTP1B.AF2rank97,PTP1B.AF2rank97.pdb,/home/wms/AF2-test/AF2-CatGraph/data/PTP1B/01_af2_new/PTP1B.AF2rank97.pdb,/home/wms/AF2-test/AF2-CatGraph/data/PTP1B/01_af2_new/PTP1B.AF2rank97.pdb,/home/wms/AF2-test/AF2-CatGraph-test5/data/PTP1B/01_af2/6B90.96.pdb,source_if_available,source,/home/wms/AF2-test/AF2-CatGraph-test5/data/PTP1B/01_af2/6B90.96.pdb,results/PTP1B/01_af2_prepare/pdb/standardized/PTP1B_AF2_0097.pdb,,,
PTP1B_AF2_0098,,98,PTP1B.AF2rank98,PTP1B.AF2rank98.pdb,/home/wms/AF2-test/AF2-CatGraph/data/PTP1B/01_af2_new/PTP1B.AF2rank98.pdb,/home/wms/AF2-test/AF2-CatGraph/data/PTP1B/01_af2_new/PTP1B.AF2rank98.pdb,/home/wms/AF2-test/AF2-CatGraph-test5/data/PTP1B/01_af2/6B90.97.pdb,source_if_available,source,/home/wms/AF2-test/AF2-CatGraph-test5/data/PTP1B/01_af2/6B90.97.pdb,results/PTP1B/01_af2_prepare/pdb/standardized/PTP1B_AF2_0098.pdb,,,
PTP1B_AF2_0099,,99,PTP1B.AF2rank99,PTP1B.AF2rank99.pdb,/home/wms/AF2-test/AF2-CatGraph/data/PTP1B/01_af2_new/PTP1B.AF2rank99.pdb,/home/wms/AF2-test/AF2-CatGraph/data/PTP1B/01_af2_new/PTP1B.AF2rank99.pdb,/home/wms/AF2-test/AF2-CatGraph-test5/data/PTP1B/01_af2/6B90.98.pdb,source_if_available,source,/home/wms/AF2-test/AF2-CatGraph-test5/data/PTP1B/01_af2/6B90.98.pdb,results/PTP1B/01_af2_prepare/pdb/standardized/PTP1B_AF2_0099.pdb,,,
PTP1B_AF2_0100,,100,PTP1B.AF2rank100,PTP1B.AF2rank100.pdb,/home/wms/AF2-test/AF2-CatGraph/data/PTP1B/01_af2_new/PTP1B.AF2rank100.pdb,/home/wms/AF2-test/AF2-CatGraph/data/PTP1B/01_af2_new/PTP1B.AF2rank100.pdb,/home/wms/AF2-test/AF2-CatGraph-test5/data/PTP1B/01_af2/6B90.99.pdb,source_if_available,source,/home/wms/AF2-test/AF2-CatGraph-test5/data/PTP1B/01_af2/6B90.99.pdb,results/PTP1B/01_af2_prepare/pdb/standardized/PTP1B_AF2_0100.pdb,,,
PTP1B_AF2_0101,,101,PTP1B.AF2rank101,PTP1B.AF2rank101.pdb,/home/wms/AF2-test/AF2-CatGraph/data/PTP1B/01_af2_new/PTP1B.AF2rank101.pdb,/home/wms/AF2-test/AF2-CatGraph/data/PTP1B/01_af2_new/PTP1B.AF2rank101.pdb,/home/wms/AF2-test/AF2-CatGraph-test5/data/PTP1B/01_af2/6B90.100.pdb,source_if_available,source,/home/wms/AF2-test/AF2-CatGraph-test5/data/PTP1B/01_af2/6B90.100.pdb,results/PTP1B/01_af2_prepare/pdb/standardized/PTP1B_AF2_0101.pdb,,,
PTP1B_AF2_0102,,102,PTP1B.AF2rank102,PTP1B.AF2rank102.pdb,/home/wms/AF2-test/AF2-CatGraph/data/PTP1B/01_af2_new/PTP1B.AF2rank102.pdb,/home/wms/AF2-test/AF2-CatGraph/data/PTP1B/01_af2_new/PTP1B.AF2rank102.pdb,/home/wms/AF2-test/AF2-CatGraph-test5/data/PTP1B/01_af2/6B90.101.pdb,source_if_available,source,/home/wms/AF2-test/AF2-CatGraph-test5/data/PTP1B/01_af2/6B90.101.pdb,results/PTP1B/01_af2_prepare/pdb/standardized/PTP1B_AF2_0102.pdb,,,
PTP1B_AF2_0103,,103,PTP1B.AF2rank103,PTP1B.AF2rank103.pdb,/home/wms/AF2-test/AF2-CatGraph/data/PTP1B/01_af2_new/PTP1B.AF2rank103.pdb,/home/wms/AF2-test/AF2-CatGraph/data/PTP1B/01_af2_new/PTP1B.AF2rank103.pdb,/home/wms/AF2-test/AF2-CatGraph-test5/data/PTP1B/01_af2/6B90.102.pdb,source_if_available,source,/home/wms/AF2-test/AF2-CatGraph-test5/data/PTP1B/01_af2/6B90.102.pdb,results/PTP1B/01_af2_prepare/pdb/standardized/PTP1B_AF2_0103.pdb,,,
PTP1B_AF2_0104,,104,PTP1B.AF2rank104,PTP1B.AF2rank104.pdb,/home/wms/AF2-test/AF2-CatGraph/data/PTP1B/01_af2_new/PTP1B.AF2rank104.pdb,/home/wms/AF2-test/AF2-CatGraph/data/PTP1B/01_af2_new/PTP1B.AF2rank104.pdb,/home/wms/AF2-test/AF2-CatGraph-test5/data/PTP1B/01_af2/6B90.103.pdb,source_if_available,source,/home/wms/AF2-test/AF2-CatGraph-test5/data/PTP1B/01_af2/6B90.103.pdb,results/PTP1B/01_af2_prepare/pdb/standardized/PTP1B_AF2_0104.pdb,,,
PTP1B_AF2_0105,,105,PTP1B.AF2rank105,PTP1B.AF2rank105.pdb,/home/wms/AF2-test/AF2-CatGraph/data/PTP1B/01_af2_new/PTP1B.AF2rank105.pdb,/home/wms/AF2-test/AF2-CatGraph/data/PTP1B/01_af2_new/PTP1B.AF2rank105.pdb,/home/wms/AF2-test/AF2-CatGraph-test5/data/PTP1B/01_af2/6B90.104.pdb,source_if_available,source,/home/wms/AF2-test/AF2-CatGraph-test5/data/PTP1B/01_af2/6B90.104.pdb,results/PTP1B/01_af2_prepare/pdb/standardized/PTP1B_AF2_0105.pdb,,,
PTP1B_AF2_0106,,106,PTP1B.AF2rank106,PTP1B.AF2rank106.pdb,/home/wms/AF2-test/AF2-CatGraph/data/PTP1B/01_af2_new/PTP1B.AF2rank106.pdb,/home/wms/AF2-test/AF2-CatGraph/data/PTP1B/01_af2_new/PTP1B.AF2rank106.pdb,/home/wms/AF2-test/AF2-CatGraph-test5/data/PTP1B/01_af2/6B90.105.pdb,source_if_available,source,/home/wms/AF2-test/AF2-CatGraph-test5/data/PTP1B/01_af2/6B90.105.pdb,results/PTP1B/01_af2_prepare/pdb/standardized/PTP1B_AF2_0106.pdb,,,
PTP1B_AF2_0107,,107,PTP1B.AF2rank107,PTP1B.AF2rank107.pdb,/home/wms/AF2-test/AF2-CatGraph/data/PTP1B/01_af2_new/PTP1B.AF2rank107.pdb,/home/wms/AF2-test/AF2-CatGraph/data/PTP1B/01_af2_new/PTP1B.AF2rank107.pdb,/home/wms/AF2-test/AF2-CatGraph-test5/data/PTP1B/01_af2/6B90.106.pdb,source_if_available,source,/home/wms/AF2-test/AF2-CatGraph-test5/data/PTP1B/01_af2/6B90.106.pdb,results/PTP1B/01_af2_prepare/pdb/standardized/PTP1B_AF2_0107.pdb,,,
PTP1B_AF2_0108,,108,PTP1B.AF2rank108,PTP1B.AF2rank108.pdb,/home/wms/AF2-test/AF2-CatGraph/data/PTP1B/01_af2_new/PTP1B.AF2rank108.pdb,/home/wms/AF2-test/AF2-CatGraph/data/PTP1B/01_af2_new/PTP1B.AF2rank108.pdb,/home/wms/AF2-test/AF2-CatGraph-test5/data/PTP1B/01_af2/6B90.107.pdb,source_if_available,source,/home/wms/AF2-test/AF2-CatGraph-test5/data/PTP1B/01_af2/6B90.107.pdb,results/PTP1B/01_af2_prepare/pdb/standardized/PTP1B_AF2_0108.pdb,,,
PTP1B_AF2_0109,,109,PTP1B.AF2rank109,PTP1B.AF2rank109.pdb,/home/wms/AF2-test/AF2-CatGraph/data/PTP1B/01_af2_new/PTP1B.AF2rank109.pdb,/home/wms/AF2-test/AF2-CatGraph/data/PTP1B/01_af2_new/PTP1B.AF2rank109.pdb,/home/wms/AF2-test/AF2-CatGraph-test5/data/PTP1B/01_af2/6B90.108.pdb,source_if_available,source,/home/wms/AF2-test/AF2-CatGraph-test5/data/PTP1B/01_af2/6B90.108.pdb,results/PTP1B/01_af2_prepare/pdb/standardized/PTP1B_AF2_0109.pdb,,,
PTP1B_AF2_0110,,110,PTP1B.AF2rank110,PTP1B.AF2rank110.pdb,/home/wms/AF2-test/AF2-CatGraph/data/PTP1B/01_af2_new/PTP1B.AF2rank110.pdb,/home/wms/AF2-test/AF2-CatGraph/data/PTP1B/01_af2_new/PTP1B.AF2rank110.pdb,/home/wms/AF2-test/AF2-CatGraph-test5/data/PTP1B/01_af2/6B90.109.pdb,source_if_available,source,/home/wms/AF2-test/AF2-CatGraph-test5/data/PTP1B/01_af2/6B90.109.pdb,results/PTP1B/01_af2_prepare/pdb/standardized/PTP1B_AF2_0110.pdb,,,
PTP1B_AF2_0111,,111,PTP1B.AF2rank111,PTP1B.AF2rank111.pdb,/home/wms/AF2-test/AF2-CatGraph/data/PTP1B/01_af2_new/PTP1B.AF2rank111.pdb,/home/wms/AF2-test/AF2-CatGraph/data/PTP1B/01_af2_new/PTP1B.AF2rank111.pdb,/home/wms/AF2-test/AF2-CatGraph-test5/data/PTP1B/01_af2/6B90.110.pdb,source_if_available,source,/home/wms/AF2-test/AF2-CatGraph-test5/data/PTP1B/01_af2/6B90.110.pdb,results/PTP1B/01_af2_prepare/pdb/standardized/PTP1B_AF2_0111.pdb,,,
PTP1B_AF2_0112,,112,PTP1B.AF2rank112,PTP1B.AF2rank112.pdb,/home/wms/AF2-test/AF2-CatGraph/data/PTP1B/01_af2_new/PTP1B.AF2rank112.pdb,/home/wms/AF2-test/AF2-CatGraph/data/PTP1B/01_af2_new/PTP1B.AF2rank112.pdb,/home/wms/AF2-test/AF2-CatGraph-test5/data/PTP1B/01_af2/6B90.111.pdb,source_if_available,source,/home/wms/AF2-test/AF2-CatGraph-test5/data/PTP1B/01_af2/6B90.111.pdb,results/PTP1B/01_af2_prepare/pdb/standardized/PTP1B_AF2_0112.pdb,,,
PTP1B_AF2_0113,,113,PTP1B.AF2rank113,PTP1B.AF2rank113.pdb,/home/wms/AF2-test/AF2-CatGraph/data/PTP1B/01_af2_new/PTP1B.AF2rank113.pdb,/home/wms/AF2-test/AF2-CatGraph/data/PTP1B/01_af2_new/PTP1B.AF2rank113.pdb,/home/wms/AF2-test/AF2-CatGraph-test5/data/PTP1B/01_af2/6B90.112.pdb,source_if_available,source,/home/wms/AF2-test/AF2-CatGraph-test5/data/PTP1B/01_af2/6B90.112.pdb,results/PTP1B/01_af2_prepare/pdb/standardized/PTP1B_AF2_0113.pdb,,,
PTP1B_AF2_0114,,114,PTP1B.AF2rank114,PTP1B.AF2rank114.pdb,/home/wms/AF2-test/AF2-CatGraph/data/PTP1B/01_af2_new/PTP1B.AF2rank114.pdb,/home/wms/AF2-test/AF2-CatGraph/data/PTP1B/01_af2_new/PTP1B.AF2rank114.pdb,/home/wms/AF2-test/AF2-CatGraph-test5/data/PTP1B/01_af2/6B90.113.pdb,source_if_available,source,/home/wms/AF2-test/AF2-CatGraph-test5/data/PTP1B/01_af2/6B90.113.pdb,results/PTP1B/01_af2_prepare/pdb/standardized/PTP1B_AF2_0114.pdb,,,
PTP1B_AF2_0115,,115,PTP1B.AF2rank115,PTP1B.AF2rank115.pdb,/home/wms/AF2-test/AF2-CatGraph/data/PTP1B/01_af2_new/PTP1B.AF2rank115.pdb,/home/wms/AF2-test/AF2-CatGraph/data/PTP1B/01_af2_new/PTP1B.AF2rank115.pdb,/home/wms/AF2-test/AF2-CatGraph-test5/data/PTP1B/01_af2/6B90.114.pdb,source_if_available,source,/home/wms/AF2-test/AF2-CatGraph-test5/data/PTP1B/01_af2/6B90.114.pdb,results/PTP1B/01_af2_prepare/pdb/standardized/PTP1B_AF2_0115.pdb,,,
PTP1B_AF2_0116,,116,PTP1B.AF2rank116,PTP1B.AF2rank116.pdb,/home/wms/AF2-test/AF2-CatGraph/data/PTP1B/01_af2_new/PTP1B.AF2rank116.pdb,/home/wms/AF2-test/AF2-CatGraph/data/PTP1B/01_af2_new/PTP1B.AF2rank116.pdb,/home/wms/AF2-test/AF2-CatGraph-test5/data/PTP1B/01_af2/6B90.115.pdb,source_if_available,source,/home/wms/AF2-test/AF2-CatGraph-test5/data/PTP1B/01_af2/6B90.115.pdb,results/PTP1B/01_af2_prepare/pdb/standardized/PTP1B_AF2_0116.pdb,,,
PTP1B_AF2_0117,,117,PTP1B.AF2rank117,PTP1B.AF2rank117.pdb,/home/wms/AF2-test/AF2-CatGraph/data/PTP1B/01_af2_new/PTP1B.AF2rank117.pdb,/home/wms/AF2-test/AF2-CatGraph/data/PTP1B/01_af2_new/PTP1B.AF2rank117.pdb,/home/wms/AF2-test/AF2-CatGraph-test5/data/PTP1B/01_af2/6B90.116.pdb,source_if_available,source,/home/wms/AF2-test/AF2-CatGraph-test5/data/PTP1B/01_af2/6B90.116.pdb,results/PTP1B/01_af2_prepare/pdb/standardized/PTP1B_AF2_0117.pdb,,,
PTP1B_AF2_0118,,118,PTP1B.AF2rank118,PTP1B.AF2rank118.pdb,/home/wms/AF2-test/AF2-CatGraph/data/PTP1B/01_af2_new/PTP1B.AF2rank118.pdb,/home/wms/AF2-test/AF2-CatGraph/data/PTP1B/01_af2_new/PTP1B.AF2rank118.pdb,/home/wms/AF2-test/AF2-CatGraph-test5/data/PTP1B/01_af2/6B90.117.pdb,source_if_available,source,/home/wms/AF2-test/AF2-CatGraph-test5/data/PTP1B/01_af2/6B90.117.pdb,results/PTP1B/01_af2_prepare/pdb/standardized/PTP1B_AF2_0118.pdb,,,
PTP1B_AF2_0119,,119,PTP1B.AF2rank119,PTP1B.AF2rank119.pdb,/home/wms/AF2-test/AF2-CatGraph/data/PTP1B/01_af2_new/PTP1B.AF2rank119.pdb,/home/wms/AF2-test/AF2-CatGraph/data/PTP1B/01_af2_new/PTP1B.AF2rank119.pdb,/home/wms/AF2-test/AF2-CatGraph-test5/data/PTP1B/01_af2/6B90.118.pdb,source_if_available,source,/home/wms/AF2-test/AF2-CatGraph-test5/data/PTP1B/01_af2/6B90.118.pdb,results/PTP1B/01_af2_prepare/pdb/standardized/PTP1B_AF2_0119.pdb,,,
PTP1B_AF2_0120,,120,PTP1B.AF2rank120,PTP1B.AF2rank120.pdb,/home/wms/AF2-test/AF2-CatGraph/data/PTP1B/01_af2_new/PTP1B.AF2rank120.pdb,/home/wms/AF2-test/AF2-CatGraph/data/PTP1B/01_af2_new/PTP1B.AF2rank120.pdb,/home/wms/AF2-test/AF2-CatGraph-test5/data/PTP1B/01_af2/6B90.119.pdb,source_if_available,source,/home/wms/AF2-test/AF2-CatGraph-test5/data/PTP1B/01_af2/6B90.119.pdb,results/PTP1B/01_af2_prepare/pdb/standardized/PTP1B_AF2_0120.pdb,,,
PTP1B_AF2_0121,,121,PTP1B.AF2rank121,PTP1B.AF2rank121.pdb,/home/wms/AF2-test/AF2-CatGraph/data/PTP1B/01_af2_new/PTP1B.AF2rank121.pdb,/home/wms/AF2-test/AF2-CatGraph/data/PTP1B/01_af2_new/PTP1B.AF2rank121.pdb,/home/wms/AF2-test/AF2-CatGraph-test5/data/PTP1B/01_af2/6B90.120.pdb,source_if_available,source,/home/wms/AF2-test/AF2-CatGraph-test5/data/PTP1B/01_af2/6B90.120.pdb,results/PTP1B/01_af2_prepare/pdb/standardized/PTP1B_AF2_0121.pdb,,,
PTP1B_AF2_0122,,122,PTP1B.AF2rank122,PTP1B.AF2rank122.pdb,/home/wms/AF2-test/AF2-CatGraph/data/PTP1B/01_af2_new/PTP1B.AF2rank122.pdb,/home/wms/AF2-test/AF2-CatGraph/data/PTP1B/01_af2_new/PTP1B.AF2rank122.pdb,/home/wms/AF2-test/AF2-CatGraph-test5/data/PTP1B/01_af2/6B90.121.pdb,source_if_available,source,/home/wms/AF2-test/AF2-CatGraph-test5/data/PTP1B/01_af2/6B90.121.pdb,results/PTP1B/01_af2_prepare/pdb/standardized/PTP1B_AF2_0122.pdb,,,
PTP1B_AF2_0123,,123,PTP1B.AF2rank123,PTP1B.AF2rank123.pdb,/home/wms/AF2-test/AF2-CatGraph/data/PTP1B/01_af2_new/PTP1B.AF2rank123.pdb,/home/wms/AF2-test/AF2-CatGraph/data/PTP1B/01_af2_new/PTP1B.AF2rank123.pdb,/home/wms/AF2-test/AF2-CatGraph-test5/data/PTP1B/01_af2/6B90.122.pdb,source_if_available,source,/home/wms/AF2-test/AF2-CatGraph-test5/data/PTP1B/01_af2/6B90.122.pdb,results/PTP1B/01_af2_prepare/pdb/standardized/PTP1B_AF2_0123.pdb,,,
PTP1B_AF2_0124,,124,PTP1B.AF2rank124,PTP1B.AF2rank124.pdb,/home/wms/AF2-test/AF2-CatGraph/data/PTP1B/01_af2_new/PTP1B.AF2rank124.pdb,/home/wms/AF2-test/AF2-CatGraph/data/PTP1B/01_af2_new/PTP1B.AF2rank124.pdb,/home/wms/AF2-test/AF2-CatGraph-test5/data/PTP1B/01_af2/6B90.123.pdb,source_if_available,source,/home/wms/AF2-test/AF2-CatGraph-test5/data/PTP1B/01_af2/6B90.123.pdb,results/PTP1B/01_af2_prepare/pdb/standardized/PTP1B_AF2_0124.pdb,,,
PTP1B_AF2_0125,,125,PTP1B.AF2rank125,PTP1B.AF2rank125.pdb,/home/wms/AF2-test/AF2-CatGraph/data/PTP1B/01_af2_new/PTP1B.AF2rank125.pdb,/home/wms/AF2-test/AF2-CatGraph/data/PTP1B/01_af2_new/PTP1B.AF2rank125.pdb,/home/wms/AF2-test/AF2-CatGraph-test5/data/PTP1B/01_af2/6B90.124.pdb,source_if_available,source,/home/wms/AF2-test/AF2-CatGraph-test5/data/PTP1B/01_af2/6B90.124.pdb,results/PTP1B/01_af2_prepare/pdb/standardized/PTP1B_AF2_0125.pdb,,,
PTP1B_AF2_0126,,126,PTP1B.AF2rank126,PTP1B.AF2rank126.pdb,/home/wms/AF2-test/AF2-CatGraph/data/PTP1B/01_af2_new/PTP1B.AF2rank126.pdb,/home/wms/AF2-test/AF2-CatGraph/data/PTP1B/01_af2_new/PTP1B.AF2rank126.pdb,/home/wms/AF2-test/AF2-CatGraph-test5/data/PTP1B/01_af2/6B90.125.pdb,source_if_available,source,/home/wms/AF2-test/AF2-CatGraph-test5/data/PTP1B/01_af2/6B90.125.pdb,results/PTP1B/01_af2_prepare/pdb/standardized/PTP1B_AF2_0126.pdb,,,
PTP1B_AF2_0127,,127,PTP1B.AF2rank127,PTP1B.AF2rank127.pdb,/home/wms/AF2-test/AF2-CatGraph/data/PTP1B/01_af2_new/PTP1B.AF2rank127.pdb,/home/wms/AF2-test/AF2-CatGraph/data/PTP1B/01_af2_new/PTP1B.AF2rank127.pdb,/home/wms/AF2-test/AF2-CatGraph-test5/data/PTP1B/01_af2/6B90.126.pdb,source_if_available,source,/home/wms/AF2-test/AF2-CatGraph-test5/data/PTP1B/01_af2/6B90.126.pdb,results/PTP1B/01_af2_prepare/pdb/standardized/PTP1B_AF2_0127.pdb,,,
PTP1B_AF2_0128,,128,PTP1B.AF2rank128,PTP1B.AF2rank128.pdb,/home/wms/AF2-test/AF2-CatGraph/data/PTP1B/01_af2_new/PTP1B.AF2rank128.pdb,/home/wms/AF2-test/AF2-CatGraph/data/PTP1B/01_af2_new/PTP1B.AF2rank128.pdb,/home/wms/AF2-test/AF2-CatGraph-test5/data/PTP1B/01_af2/6B90.127.pdb,source_if_available,source,/home/wms/AF2-test/AF2-CatGraph-test5/data/PTP1B/01_af2/6B90.127.pdb,results/PTP1B/01_af2_prepare/pdb/standardized/PTP1B_AF2_0128.pdb,,,
PTP1B_AF2_0129,,129,PTP1B.AF2rank129,PTP1B.AF2rank129.pdb,/home/wms/AF2-test/AF2-CatGraph/data/PTP1B/01_af2_new/PTP1B.AF2rank129.pdb,/home/wms/AF2-test/AF2-CatGraph/data/PTP1B/01_af2_new/PTP1B.AF2rank129.pdb,/home/wms/AF2-test/AF2-CatGraph-test5/data/PTP1B/01_af2/6B90.128.pdb,source_if_available,source,/home/wms/AF2-test/AF2-CatGraph-test5/data/PTP1B/01_af2/6B90.128.pdb,results/PTP1B/01_af2_prepare/pdb/standardized/PTP1B_AF2_0129.pdb,,,
PTP1B_AF2_0130,,130,PTP1B.AF2rank130,PTP1B.AF2rank130.pdb,/home/wms/AF2-test/AF2-CatGraph/data/PTP1B/01_af2_new/PTP1B.AF2rank130.pdb,/home/wms/AF2-test/AF2-CatGraph/data/PTP1B/01_af2_new/PTP1B.AF2rank130.pdb,/home/wms/AF2-test/AF2-CatGraph-test5/data/PTP1B/01_af2/6B90.129.pdb,source_if_available,source,/home/wms/AF2-test/AF2-CatGraph-test5/data/PTP1B/01_af2/6B90.129.pdb,results/PTP1B/01_af2_prepare/pdb/standardized/PTP1B_AF2_0130.pdb,,,
PTP1B_AF2_0131,,131,PTP1B.AF2rank131,PTP1B.AF2rank131.pdb,/home/wms/AF2-test/AF2-CatGraph/data/PTP1B/01_af2_new/PTP1B.AF2rank131.pdb,/home/wms/AF2-test/AF2-CatGraph/data/PTP1B/01_af2_new/PTP1B.AF2rank131.pdb,/home/wms/AF2-test/AF2-CatGraph-test5/data/PTP1B/01_af2/6B90.130.pdb,source_if_available,source,/home/wms/AF2-test/AF2-CatGraph-test5/data/PTP1B/01_af2/6B90.130.pdb,results/PTP1B/01_af2_prepare/pdb/standardized/PTP1B_AF2_0131.pdb,,,
PTP1B_AF2_0132,,132,PTP1B.AF2rank132,PTP1B.AF2rank132.pdb,/home/wms/AF2-test/AF2-CatGraph/data/PTP1B/01_af2_new/PTP1B.AF2rank132.pdb,/home/wms/AF2-test/AF2-CatGraph/data/PTP1B/01_af2_new/PTP1B.AF2rank132.pdb,/home/wms/AF2-test/AF2-CatGraph-test5/data/PTP1B/01_af2/6B90.131.pdb,source_if_available,source,/home/wms/AF2-test/AF2-CatGraph-test5/data/PTP1B/01_af2/6B90.131.pdb,results/PTP1B/01_af2_prepare/pdb/standardized/PTP1B_AF2_0132.pdb,,,
PTP1B_AF2_0133,,133,PTP1B.AF2rank133,PTP1B.AF2rank133.pdb,/home/wms/AF2-test/AF2-CatGraph/data/PTP1B/01_af2_new/PTP1B.AF2rank133.pdb,/home/wms/AF2-test/AF2-CatGraph/data/PTP1B/01_af2_new/PTP1B.AF2rank133.pdb,/home/wms/AF2-test/AF2-CatGraph-test5/data/PTP1B/01_af2/6B90.132.pdb,source_if_available,source,/home/wms/AF2-test/AF2-CatGraph-test5/data/PTP1B/01_af2/6B90.132.pdb,results/PTP1B/01_af2_prepare/pdb/standardized/PTP1B_AF2_0133.pdb,,,
PTP1B_AF2_0134,,134,PTP1B.AF2rank134,PTP1B.AF2rank134.pdb,/home/wms/AF2-test/AF2-CatGraph/data/PTP1B/01_af2_new/PTP1B.AF2rank134.pdb,/home/wms/AF2-test/AF2-CatGraph/data/PTP1B/01_af2_new/PTP1B.AF2rank134.pdb,/home/wms/AF2-test/AF2-CatGraph-test5/data/PTP1B/01_af2/6B90.133.pdb,source_if_available,source,/home/wms/AF2-test/AF2-CatGraph-test5/data/PTP1B/01_af2/6B90.133.pdb,results/PTP1B/01_af2_prepare/pdb/standardized/PTP1B_AF2_0134.pdb,,,
PTP1B_AF2_0135,,135,PTP1B.AF2rank135,PTP1B.AF2rank135.pdb,/home/wms/AF2-test/AF2-CatGraph/data/PTP1B/01_af2_new/PTP1B.AF2rank135.pdb,/home/wms/AF2-test/AF2-CatGraph/data/PTP1B/01_af2_new/PTP1B.AF2rank135.pdb,/home/wms/AF2-test/AF2-CatGraph-test5/data/PTP1B/01_af2/6B90.134.pdb,source_if_available,source,/home/wms/AF2-test/AF2-CatGraph-test5/data/PTP1B/01_af2/6B90.134.pdb,results/PTP1B/01_af2_prepare/pdb/standardized/PTP1B_AF2_0135.pdb,,,
PTP1B_AF2_0136,,136,PTP1B.AF2rank136,PTP1B.AF2rank136.pdb,/home/wms/AF2-test/AF2-CatGraph/data/PTP1B/01_af2_new/PTP1B.AF2rank136.pdb,/home/wms/AF2-test/AF2-CatGraph/data/PTP1B/01_af2_new/PTP1B.AF2rank136.pdb,/home/wms/AF2-test/AF2-CatGraph-test5/data/PTP1B/01_af2/6B90.135.pdb,source_if_available,source,/home/wms/AF2-test/AF2-CatGraph-test5/data/PTP1B/01_af2/6B90.135.pdb,results/PTP1B/01_af2_prepare/pdb/standardized/PTP1B_AF2_0136.pdb,,,
PTP1B_AF2_0137,,137,PTP1B.AF2rank137,PTP1B.AF2rank137.pdb,/home/wms/AF2-test/AF2-CatGraph/data/PTP1B/01_af2_new/PTP1B.AF2rank137.pdb,/home/wms/AF2-test/AF2-CatGraph/data/PTP1B/01_af2_new/PTP1B.AF2rank137.pdb,/home/wms/AF2-test/AF2-CatGraph-test5/data/PTP1B/01_af2/6B90.136.pdb,source_if_available,source,/home/wms/AF2-test/AF2-CatGraph-test5/data/PTP1B/01_af2/6B90.136.pdb,results/PTP1B/01_af2_prepare/pdb/standardized/PTP1B_AF2_0137.pdb,,,
PTP1B_AF2_0138,,138,PTP1B.AF2rank138,PTP1B.AF2rank138.pdb,/home/wms/AF2-test/AF2-CatGraph/data/PTP1B/01_af2_new/PTP1B.AF2rank138.pdb,/home/wms/AF2-test/AF2-CatGraph/data/PTP1B/01_af2_new/PTP1B.AF2rank138.pdb,/home/wms/AF2-test/AF2-CatGraph-test5/data/PTP1B/01_af2/6B90.137.pdb,source_if_available,source,/home/wms/AF2-test/AF2-CatGraph-test5/data/PTP1B/01_af2/6B90.137.pdb,results/PTP1B/01_af2_prepare/pdb/standardized/PTP1B_AF2_0138.pdb,,,
PTP1B_AF2_0139,,139,PTP1B.AF2rank139,PTP1B.AF2rank139.pdb,/home/wms/AF2-test/AF2-CatGraph/data/PTP1B/01_af2_new/PTP1B.AF2rank139.pdb,/home/wms/AF2-test/AF2-CatGraph/data/PTP1B/01_af2_new/PTP1B.AF2rank139.pdb,/home/wms/AF2-test/AF2-CatGraph-test5/data/PTP1B/01_af2/6B90.138.pdb,source_if_available,source,/home/wms/AF2-test/AF2-CatGraph-test5/data/PTP1B/01_af2/6B90.138.pdb,results/PTP1B/01_af2_prepare/pdb/standardized/PTP1B_AF2_0139.pdb,,,
PTP1B_AF2_0140,,140,PTP1B.AF2rank140,PTP1B.AF2rank140.pdb,/home/wms/AF2-test/AF2-CatGraph/data/PTP1B/01_af2_new/PTP1B.AF2rank140.pdb,/home/wms/AF2-test/AF2-CatGraph/data/PTP1B/01_af2_new/PTP1B.AF2rank140.pdb,/home/wms/AF2-test/AF2-CatGraph-test5/data/PTP1B/01_af2/6B90.139.pdb,source_if_available,source,/home/wms/AF2-test/AF2-CatGraph-test5/data/PTP1B/01_af2/6B90.139.pdb,results/PTP1B/01_af2_prepare/pdb/standardized/PTP1B_AF2_0140.pdb,,,
PTP1B_AF2_0141,,141,PTP1B.AF2rank141,PTP1B.AF2rank141.pdb,/home/wms/AF2-test/AF2-CatGraph/data/PTP1B/01_af2_new/PTP1B.AF2rank141.pdb,/home/wms/AF2-test/AF2-CatGraph/data/PTP1B/01_af2_new/PTP1B.AF2rank141.pdb,/home/wms/AF2-test/AF2-CatGraph-test5/data/PTP1B/01_af2/6B90.140.pdb,source_if_available,source,/home/wms/AF2-test/AF2-CatGraph-test5/data/PTP1B/01_af2/6B90.140.pdb,results/PTP1B/01_af2_prepare/pdb/standardized/PTP1B_AF2_0141.pdb,,,
PTP1B_AF2_0142,,142,PTP1B.AF2rank142,PTP1B.AF2rank142.pdb,/home/wms/AF2-test/AF2-CatGraph/data/PTP1B/01_af2_new/PTP1B.AF2rank142.pdb,/home/wms/AF2-test/AF2-CatGraph/data/PTP1B/01_af2_new/PTP1B.AF2rank142.pdb,/home/wms/AF2-test/AF2-CatGraph-test5/data/PTP1B/01_af2/6B90.141.pdb,source_if_available,source,/home/wms/AF2-test/AF2-CatGraph-test5/data/PTP1B/01_af2/6B90.141.pdb,results/PTP1B/01_af2_prepare/pdb/standardized/PTP1B_AF2_0142.pdb,,,
PTP1B_AF2_0143,,143,PTP1B.AF2rank143,PTP1B.AF2rank143.pdb,/home/wms/AF2-test/AF2-CatGraph/data/PTP1B/01_af2_new/PTP1B.AF2rank143.pdb,/home/wms/AF2-test/AF2-CatGraph/data/PTP1B/01_af2_new/PTP1B.AF2rank143.pdb,/home/wms/AF2-test/AF2-CatGraph-test5/data/PTP1B/01_af2/6B90.142.pdb,source_if_available,source,/home/wms/AF2-test/AF2-CatGraph-test5/data/PTP1B/01_af2/6B90.142.pdb,results/PTP1B/01_af2_prepare/pdb/standardized/PTP1B_AF2_0143.pdb,,,
PTP1B_AF2_0144,,144,PTP1B.AF2rank144,PTP1B.AF2rank144.pdb,/home/wms/AF2-test/AF2-CatGraph/data/PTP1B/01_af2_new/PTP1B.AF2rank144.pdb,/home/wms/AF2-test/AF2-CatGraph/data/PTP1B/01_af2_new/PTP1B.AF2rank144.pdb,/home/wms/AF2-test/AF2-CatGraph-test5/data/PTP1B/01_af2/6B90.143.pdb,source_if_available,source,/home/wms/AF2-test/AF2-CatGraph-test5/data/PTP1B/01_af2/6B90.143.pdb,results/PTP1B/01_af2_prepare/pdb/standardized/PTP1B_AF2_0144.pdb,,,
PTP1B_AF2_0145,,145,PTP1B.AF2rank145,PTP1B.AF2rank145.pdb,/home/wms/AF2-test/AF2-CatGraph/data/PTP1B/01_af2_new/PTP1B.AF2rank145.pdb,/home/wms/AF2-test/AF2-CatGraph/data/PTP1B/01_af2_new/PTP1B.AF2rank145.pdb,/home/wms/AF2-test/AF2-CatGraph-test5/data/PTP1B/01_af2/6B90.144.pdb,source_if_available,source,/home/wms/AF2-test/AF2-CatGraph-test5/data/PTP1B/01_af2/6B90.144.pdb,results/PTP1B/01_af2_prepare/pdb/standardized/PTP1B_AF2_0145.pdb,,,
PTP1B_AF2_0146,,146,PTP1B.AF2rank146,PTP1B.AF2rank146.pdb,/home/wms/AF2-test/AF2-CatGraph/data/PTP1B/01_af2_new/PTP1B.AF2rank146.pdb,/home/wms/AF2-test/AF2-CatGraph/data/PTP1B/01_af2_new/PTP1B.AF2rank146.pdb,/home/wms/AF2-test/AF2-CatGraph-test5/data/PTP1B/01_af2/6B90.145.pdb,source_if_available,source,/home/wms/AF2-test/AF2-CatGraph-test5/data/PTP1B/01_af2/6B90.145.pdb,results/PTP1B/01_af2_prepare/pdb/standardized/PTP1B_AF2_0146.pdb,,,
PTP1B_AF2_0147,,147,PTP1B.AF2rank147,PTP1B.AF2rank147.pdb,/home/wms/AF2-test/AF2-CatGraph/data/PTP1B/01_af2_new/PTP1B.AF2rank147.pdb,/home/wms/AF2-test/AF2-CatGraph/data/PTP1B/01_af2_new/PTP1B.AF2rank147.pdb,/home/wms/AF2-test/AF2-CatGraph-test5/data/PTP1B/01_af2/6B90.146.pdb,source_if_available,source,/home/wms/AF2-test/AF2-CatGraph-test5/data/PTP1B/01_af2/6B90.146.pdb,results/PTP1B/01_af2_prepare/pdb/standardized/PTP1B_AF2_0147.pdb,,,
PTP1B_AF2_0148,,148,PTP1B.AF2rank148,PTP1B.AF2rank148.pdb,/home/wms/AF2-test/AF2-CatGraph/data/PTP1B/01_af2_new/PTP1B.AF2rank148.pdb,/home/wms/AF2-test/AF2-CatGraph/data/PTP1B/01_af2_new/PTP1B.AF2rank148.pdb,/home/wms/AF2-test/AF2-CatGraph-test5/data/PTP1B/01_af2/6B90.147.pdb,source_if_available,source,/home/wms/AF2-test/AF2-CatGraph-test5/data/PTP1B/01_af2/6B90.147.pdb,results/PTP1B/01_af2_prepare/pdb/standardized/PTP1B_AF2_0148.pdb,,,
PTP1B_AF2_0149,,149,PTP1B.AF2rank149,PTP1B.AF2rank149.pdb,/home/wms/AF2-test/AF2-CatGraph/data/PTP1B/01_af2_new/PTP1B.AF2rank149.pdb,/home/wms/AF2-test/AF2-CatGraph/data/PTP1B/01_af2_new/PTP1B.AF2rank149.pdb,/home/wms/AF2-test/AF2-CatGraph-test5/data/PTP1B/01_af2/6B90.148.pdb,source_if_available,source,/home/wms/AF2-test/AF2-CatGraph-test5/data/PTP1B/01_af2/6B90.148.pdb,results/PTP1B/01_af2_prepare/pdb/standardized/PTP1B_AF2_0149.pdb,,,
PTP1B_AF2_0150,,150,PTP1B.AF2rank150,PTP1B.AF2rank150.pdb,/home/wms/AF2-test/AF2-CatGraph/data/PTP1B/01_af2_new/PTP1B.AF2rank150.pdb,/home/wms/AF2-test/AF2-CatGraph/data/PTP1B/01_af2_new/PTP1B.AF2rank150.pdb,/home/wms/AF2-test/AF2-CatGraph-test5/data/PTP1B/01_af2/6B90.149.pdb,source_if_available,source,/home/wms/AF2-test/AF2-CatGraph-test5/data/PTP1B/01_af2/6B90.149.pdb,results/PTP1B/01_af2_prepare/pdb/standardized/PTP1B_AF2_0150.pdb,,,
PTP1B_AF2_0151,,151,PTP1B.AF2rank151,PTP1B.AF2rank151.pdb,/home/wms/AF2-test/AF2-CatGraph/data/PTP1B/01_af2_new/PTP1B.AF2rank151.pdb,/home/wms/AF2-test/AF2-CatGraph/data/PTP1B/01_af2_new/PTP1B.AF2rank151.pdb,/home/wms/AF2-test/AF2-CatGraph-test5/data/PTP1B/01_af2/6B90.150.pdb,source_if_available,source,/home/wms/AF2-test/AF2-CatGraph-test5/data/PTP1B/01_af2/6B90.150.pdb,results/PTP1B/01_af2_prepare/pdb/standardized/PTP1B_AF2_0151.pdb,,,
PTP1B_AF2_0152,,152,PTP1B.AF2rank152,PTP1B.AF2rank152.pdb,/home/wms/AF2-test/AF2-CatGraph/data/PTP1B/01_af2_new/PTP1B.AF2rank152.pdb,/home/wms/AF2-test/AF2-CatGraph/data/PTP1B/01_af2_new/PTP1B.AF2rank152.pdb,/home/wms/AF2-test/AF2-CatGraph-test5/data/PTP1B/01_af2/6B90.151.pdb,source_if_available,source,/home/wms/AF2-test/AF2-CatGraph-test5/data/PTP1B/01_af2/6B90.151.pdb,results/PTP1B/01_af2_prepare/pdb/standardized/PTP1B_AF2_0152.pdb,,,
PTP1B_AF2_0153,,153,PTP1B.AF2rank153,PTP1B.AF2rank153.pdb,/home/wms/AF2-test/AF2-CatGraph/data/PTP1B/01_af2_new/PTP1B.AF2rank153.pdb,/home/wms/AF2-test/AF2-CatGraph/data/PTP1B/01_af2_new/PTP1B.AF2rank153.pdb,/home/wms/AF2-test/AF2-CatGraph-test5/data/PTP1B/01_af2/6B90.152.pdb,source_if_available,source,/home/wms/AF2-test/AF2-CatGraph-test5/data/PTP1B/01_af2/6B90.152.pdb,results/PTP1B/01_af2_prepare/pdb/standardized/PTP1B_AF2_0153.pdb,,,
PTP1B_AF2_0154,,154,PTP1B.AF2rank154,PTP1B.AF2rank154.pdb,/home/wms/AF2-test/AF2-CatGraph/data/PTP1B/01_af2_new/PTP1B.AF2rank154.pdb,/home/wms/AF2-test/AF2-CatGraph/data/PTP1B/01_af2_new/PTP1B.AF2rank154.pdb,/home/wms/AF2-test/AF2-CatGraph-test5/data/PTP1B/01_af2/6B90.153.pdb,source_if_available,source,/home/wms/AF2-test/AF2-CatGraph-test5/data/PTP1B/01_af2/6B90.153.pdb,results/PTP1B/01_af2_prepare/pdb/standardized/PTP1B_AF2_0154.pdb,,,
PTP1B_AF2_0155,,155,PTP1B.AF2rank155,PTP1B.AF2rank155.pdb,/home/wms/AF2-test/AF2-CatGraph/data/PTP1B/01_af2_new/PTP1B.AF2rank155.pdb,/home/wms/AF2-test/AF2-CatGraph/data/PTP1B/01_af2_new/PTP1B.AF2rank155.pdb,/home/wms/AF2-test/AF2-CatGraph-test5/data/PTP1B/01_af2/6B90.154.pdb,source_if_available,source,/home/wms/AF2-test/AF2-CatGraph-test5/data/PTP1B/01_af2/6B90.154.pdb,results/PTP1B/01_af2_prepare/pdb/standardized/PTP1B_AF2_0155.pdb,,,
PTP1B_AF2_0156,,156,PTP1B.AF2rank156,PTP1B.AF2rank156.pdb,/home/wms/AF2-test/AF2-CatGraph/data/PTP1B/01_af2_new/PTP1B.AF2rank156.pdb,/home/wms/AF2-test/AF2-CatGraph/data/PTP1B/01_af2_new/PTP1B.AF2rank156.pdb,/home/wms/AF2-test/AF2-CatGraph-test5/data/PTP1B/01_af2/6B90.155.pdb,source_if_available,source,/home/wms/AF2-test/AF2-CatGraph-test5/data/PTP1B/01_af2/6B90.155.pdb,results/PTP1B/01_af2_prepare/pdb/standardized/PTP1B_AF2_0156.pdb,,,
PTP1B_AF2_0157,,157,PTP1B.AF2rank157,PTP1B.AF2rank157.pdb,/home/wms/AF2-test/AF2-CatGraph/data/PTP1B/01_af2_new/PTP1B.AF2rank157.pdb,/home/wms/AF2-test/AF2-CatGraph/data/PTP1B/01_af2_new/PTP1B.AF2rank157.pdb,/home/wms/AF2-test/AF2-CatGraph-test5/data/PTP1B/01_af2/6B90.156.pdb,source_if_available,source,/home/wms/AF2-test/AF2-CatGraph-test5/data/PTP1B/01_af2/6B90.156.pdb,results/PTP1B/01_af2_prepare/pdb/standardized/PTP1B_AF2_0157.pdb,,,
PTP1B_AF2_0158,,158,PTP1B.AF2rank158,PTP1B.AF2rank158.pdb,/home/wms/AF2-test/AF2-CatGraph/data/PTP1B/01_af2_new/PTP1B.AF2rank158.pdb,/home/wms/AF2-test/AF2-CatGraph/data/PTP1B/01_af2_new/PTP1B.AF2rank158.pdb,/home/wms/AF2-test/AF2-CatGraph-test5/data/PTP1B/01_af2/6B90.157.pdb,source_if_available,source,/home/wms/AF2-test/AF2-CatGraph-test5/data/PTP1B/01_af2/6B90.157.pdb,results/PTP1B/01_af2_prepare/pdb/standardized/PTP1B_AF2_0158.pdb,,,
PTP1B_AF2_0159,,159,PTP1B.AF2rank159,PTP1B.AF2rank159.pdb,/home/wms/AF2-test/AF2-CatGraph/data/PTP1B/01_af2_new/PTP1B.AF2rank159.pdb,/home/wms/AF2-test/AF2-CatGraph/data/PTP1B/01_af2_new/PTP1B.AF2rank159.pdb,/home/wms/AF2-test/AF2-CatGraph-test5/data/PTP1B/01_af2/6B90.158.pdb,source_if_available,source,/home/wms/AF2-test/AF2-CatGraph-test5/data/PTP1B/01_af2/6B90.158.pdb,results/PTP1B/01_af2_prepare/pdb/standardized/PTP1B_AF2_0159.pdb,,,
PTP1B_AF2_0160,,160,PTP1B.AF2rank160,PTP1B.AF2rank160.pdb,/home/wms/AF2-test/AF2-CatGraph/data/PTP1B/01_af2_new/PTP1B.AF2rank160.pdb,/home/wms/AF2-test/AF2-CatGraph/data/PTP1B/01_af2_new/PTP1B.AF2rank160.pdb,/home/wms/AF2-test/AF2-CatGraph-test5/data/PTP1B/01_af2/6B90.159.pdb,source_if_available,source,/home/wms/AF2-test/AF2-CatGraph-test5/data/PTP1B/01_af2/6B90.159.pdb,results/PTP1B/01_af2_prepare/pdb/standardized/PTP1B_AF2_0160.pdb,,,
PTP1B_AF2_0161,,161,PTP1B.AF2rank161,PTP1B.AF2rank161.pdb,/home/wms/AF2-test/AF2-CatGraph/data/PTP1B/01_af2_new/PTP1B.AF2rank161.pdb,/home/wms/AF2-test/AF2-CatGraph/data/PTP1B/01_af2_new/PTP1B.AF2rank161.pdb,/home/wms/AF2-test/AF2-CatGraph-test5/data/PTP1B/01_af2/6B90.160.pdb,source_if_available,source,/home/wms/AF2-test/AF2-CatGraph-test5/data/PTP1B/01_af2/6B90.160.pdb,results/PTP1B/01_af2_prepare/pdb/standardized/PTP1B_AF2_0161.pdb,,,
PTP1B_AF2_0162,,162,PTP1B.AF2rank162,PTP1B.AF2rank162.pdb,/home/wms/AF2-test/AF2-CatGraph/data/PTP1B/01_af2_new/PTP1B.AF2rank162.pdb,/home/wms/AF2-test/AF2-CatGraph/data/PTP1B/01_af2_new/PTP1B.AF2rank162.pdb,/home/wms/AF2-test/AF2-CatGraph-test5/data/PTP1B/01_af2/6B90.161.pdb,source_if_available,source,/home/wms/AF2-test/AF2-CatGraph-test5/data/PTP1B/01_af2/6B90.161.pdb,results/PTP1B/01_af2_prepare/pdb/standardized/PTP1B_AF2_0162.pdb,,,
PTP1B_AF2_0163,,163,PTP1B.AF2rank163,PTP1B.AF2rank163.pdb,/home/wms/AF2-test/AF2-CatGraph/data/PTP1B/01_af2_new/PTP1B.AF2rank163.pdb,/home/wms/AF2-test/AF2-CatGraph/data/PTP1B/01_af2_new/PTP1B.AF2rank163.pdb,/home/wms/AF2-test/AF2-CatGraph-test5/data/PTP1B/01_af2/6B90.162.pdb,source_if_available,source,/home/wms/AF2-test/AF2-CatGraph-test5/data/PTP1B/01_af2/6B90.162.pdb,results/PTP1B/01_af2_prepare/pdb/standardized/PTP1B_AF2_0163.pdb,,,
PTP1B_AF2_0164,,164,PTP1B.AF2rank164,PTP1B.AF2rank164.pdb,/home/wms/AF2-test/AF2-CatGraph/data/PTP1B/01_af2_new/PTP1B.AF2rank164.pdb,/home/wms/AF2-test/AF2-CatGraph/data/PTP1B/01_af2_new/PTP1B.AF2rank164.pdb,/home/wms/AF2-test/AF2-CatGraph-test5/data/PTP1B/01_af2/6B90.163.pdb,source_if_available,source,/home/wms/AF2-test/AF2-CatGraph-test5/data/PTP1B/01_af2/6B90.163.pdb,results/PTP1B/01_af2_prepare/pdb/standardized/PTP1B_AF2_0164.pdb,,,
PTP1B_AF2_0165,,165,PTP1B.AF2rank165,PTP1B.AF2rank165.pdb,/home/wms/AF2-test/AF2-CatGraph/data/PTP1B/01_af2_new/PTP1B.AF2rank165.pdb,/home/wms/AF2-test/AF2-CatGraph/data/PTP1B/01_af2_new/PTP1B.AF2rank165.pdb,/home/wms/AF2-test/AF2-CatGraph-test5/data/PTP1B/01_af2/6B90.164.pdb,source_if_available,source,/home/wms/AF2-test/AF2-CatGraph-test5/data/PTP1B/01_af2/6B90.164.pdb,results/PTP1B/01_af2_prepare/pdb/standardized/PTP1B_AF2_0165.pdb,,,
PTP1B_AF2_0166,,166,PTP1B.AF2rank166,PTP1B.AF2rank166.pdb,/home/wms/AF2-test/AF2-CatGraph/data/PTP1B/01_af2_new/PTP1B.AF2rank166.pdb,/home/wms/AF2-test/AF2-CatGraph/data/PTP1B/01_af2_new/PTP1B.AF2rank166.pdb,/home/wms/AF2-test/AF2-CatGraph-test5/data/PTP1B/01_af2/6B90.165.pdb,source_if_available,source,/home/wms/AF2-test/AF2-CatGraph-test5/data/PTP1B/01_af2/6B90.165.pdb,results/PTP1B/01_af2_prepare/pdb/standardized/PTP1B_AF2_0166.pdb,,,
PTP1B_AF2_0167,,167,PTP1B.AF2rank167,PTP1B.AF2rank167.pdb,/home/wms/AF2-test/AF2-CatGraph/data/PTP1B/01_af2_new/PTP1B.AF2rank167.pdb,/home/wms/AF2-test/AF2-CatGraph/data/PTP1B/01_af2_new/PTP1B.AF2rank167.pdb,/home/wms/AF2-test/AF2-CatGraph-test5/data/PTP1B/01_af2/6B90.166.pdb,source_if_available,source,/home/wms/AF2-test/AF2-CatGraph-test5/data/PTP1B/01_af2/6B90.166.pdb,results/PTP1B/01_af2_prepare/pdb/standardized/PTP1B_AF2_0167.pdb,,,
PTP1B_AF2_0168,,168,PTP1B.AF2rank168,PTP1B.AF2rank168.pdb,/home/wms/AF2-test/AF2-CatGraph/data/PTP1B/01_af2_new/PTP1B.AF2rank168.pdb,/home/wms/AF2-test/AF2-CatGraph/data/PTP1B/01_af2_new/PTP1B.AF2rank168.pdb,/home/wms/AF2-test/AF2-CatGraph-test5/data/PTP1B/01_af2/6B90.167.pdb,source_if_available,source,/home/wms/AF2-test/AF2-CatGraph-test5/data/PTP1B/01_af2/6B90.167.pdb,results/PTP1B/01_af2_prepare/pdb/standardized/PTP1B_AF2_0168.pdb,,,
PTP1B_AF2_0169,,169,PTP1B.AF2rank169,PTP1B.AF2rank169.pdb,/home/wms/AF2-test/AF2-CatGraph/data/PTP1B/01_af2_new/PTP1B.AF2rank169.pdb,/home/wms/AF2-test/AF2-CatGraph/data/PTP1B/01_af2_new/PTP1B.AF2rank169.pdb,/home/wms/AF2-test/AF2-CatGraph-test5/data/PTP1B/01_af2/6B90.168.pdb,source_if_available,source,/home/wms/AF2-test/AF2-CatGraph-test5/data/PTP1B/01_af2/6B90.168.pdb,results/PTP1B/01_af2_prepare/pdb/standardized/PTP1B_AF2_0169.pdb,,,
PTP1B_AF2_0170,,170,PTP1B.AF2rank170,PTP1B.AF2rank170.pdb,/home/wms/AF2-test/AF2-CatGraph/data/PTP1B/01_af2_new/PTP1B.AF2rank170.pdb,/home/wms/AF2-test/AF2-CatGraph/data/PTP1B/01_af2_new/PTP1B.AF2rank170.pdb,/home/wms/AF2-test/AF2-CatGraph-test5/data/PTP1B/01_af2/6B90.169.pdb,source_if_available,source,/home/wms/AF2-test/AF2-CatGraph-test5/data/PTP1B/01_af2/6B90.169.pdb,results/PTP1B/01_af2_prepare/pdb/standardized/PTP1B_AF2_0170.pdb,,,
PTP1B_AF2_0171,,171,PTP1B.AF2rank171,PTP1B.AF2rank171.pdb,/home/wms/AF2-test/AF2-CatGraph/data/PTP1B/01_af2_new/PTP1B.AF2rank171.pdb,/home/wms/AF2-test/AF2-CatGraph/data/PTP1B/01_af2_new/PTP1B.AF2rank171.pdb,/home/wms/AF2-test/AF2-CatGraph-test5/data/PTP1B/01_af2/6B90.170.pdb,source_if_available,source,/home/wms/AF2-test/AF2-CatGraph-test5/data/PTP1B/01_af2/6B90.170.pdb,results/PTP1B/01_af2_prepare/pdb/standardized/PTP1B_AF2_0171.pdb,,,
PTP1B_AF2_0172,,172,PTP1B.AF2rank172,PTP1B.AF2rank172.pdb,/home/wms/AF2-test/AF2-CatGraph/data/PTP1B/01_af2_new/PTP1B.AF2rank172.pdb,/home/wms/AF2-test/AF2-CatGraph/data/PTP1B/01_af2_new/PTP1B.AF2rank172.pdb,/home/wms/AF2-test/AF2-CatGraph-test5/data/PTP1B/01_af2/6B90.171.pdb,source_if_available,source,/home/wms/AF2-test/AF2-CatGraph-test5/data/PTP1B/01_af2/6B90.171.pdb,results/PTP1B/01_af2_prepare/pdb/standardized/PTP1B_AF2_0172.pdb,,,
PTP1B_AF2_0173,,173,PTP1B.AF2rank173,PTP1B.AF2rank173.pdb,/home/wms/AF2-test/AF2-CatGraph/data/PTP1B/01_af2_new/PTP1B.AF2rank173.pdb,/home/wms/AF2-test/AF2-CatGraph/data/PTP1B/01_af2_new/PTP1B.AF2rank173.pdb,/home/wms/AF2-test/AF2-CatGraph-test5/data/PTP1B/01_af2/6B90.172.pdb,source_if_available,source,/home/wms/AF2-test/AF2-CatGraph-test5/data/PTP1B/01_af2/6B90.172.pdb,results/PTP1B/01_af2_prepare/pdb/standardized/PTP1B_AF2_0173.pdb,,,
PTP1B_AF2_0174,,174,PTP1B.AF2rank174,PTP1B.AF2rank174.pdb,/home/wms/AF2-test/AF2-CatGraph/data/PTP1B/01_af2_new/PTP1B.AF2rank174.pdb,/home/wms/AF2-test/AF2-CatGraph/data/PTP1B/01_af2_new/PTP1B.AF2rank174.pdb,/home/wms/AF2-test/AF2-CatGraph-test5/data/PTP1B/01_af2/6B90.173.pdb,source_if_available,source,/home/wms/AF2-test/AF2-CatGraph-test5/data/PTP1B/01_af2/6B90.173.pdb,results/PTP1B/01_af2_prepare/pdb/standardized/PTP1B_AF2_0174.pdb,,,
PTP1B_AF2_0175,,175,PTP1B.AF2rank175,PTP1B.AF2rank175.pdb,/home/wms/AF2-test/AF2-CatGraph/data/PTP1B/01_af2_new/PTP1B.AF2rank175.pdb,/home/wms/AF2-test/AF2-CatGraph/data/PTP1B/01_af2_new/PTP1B.AF2rank175.pdb,/home/wms/AF2-test/AF2-CatGraph-test5/data/PTP1B/01_af2/6B90.174.pdb,source_if_available,source,/home/wms/AF2-test/AF2-CatGraph-test5/data/PTP1B/01_af2/6B90.174.pdb,results/PTP1B/01_af2_prepare/pdb/standardized/PTP1B_AF2_0175.pdb,,,
PTP1B_AF2_0176,,176,PTP1B.AF2rank176,PTP1B.AF2rank176.pdb,/home/wms/AF2-test/AF2-CatGraph/data/PTP1B/01_af2_new/PTP1B.AF2rank176.pdb,/home/wms/AF2-test/AF2-CatGraph/data/PTP1B/01_af2_new/PTP1B.AF2rank176.pdb,/home/wms/AF2-test/AF2-CatGraph-test5/data/PTP1B/01_af2/6B90.175.pdb,source_if_available,source,/home/wms/AF2-test/AF2-CatGraph-test5/data/PTP1B/01_af2/6B90.175.pdb,results/PTP1B/01_af2_prepare/pdb/standardized/PTP1B_AF2_0176.pdb,,,
PTP1B_AF2_0177,,177,PTP1B.AF2rank177,PTP1B.AF2rank177.pdb,/home/wms/AF2-test/AF2-CatGraph/data/PTP1B/01_af2_new/PTP1B.AF2rank177.pdb,/home/wms/AF2-test/AF2-CatGraph/data/PTP1B/01_af2_new/PTP1B.AF2rank177.pdb,/home/wms/AF2-test/AF2-CatGraph-test5/data/PTP1B/01_af2/6B90.176.pdb,source_if_available,source,/home/wms/AF2-test/AF2-CatGraph-test5/data/PTP1B/01_af2/6B90.176.pdb,results/PTP1B/01_af2_prepare/pdb/standardized/PTP1B_AF2_0177.pdb,,,
PTP1B_AF2_0178,,178,PTP1B.AF2rank178,PTP1B.AF2rank178.pdb,/home/wms/AF2-test/AF2-CatGraph/data/PTP1B/01_af2_new/PTP1B.AF2rank178.pdb,/home/wms/AF2-test/AF2-CatGraph/data/PTP1B/01_af2_new/PTP1B.AF2rank178.pdb,/home/wms/AF2-test/AF2-CatGraph-test5/data/PTP1B/01_af2/6B90.177.pdb,source_if_available,source,/home/wms/AF2-test/AF2-CatGraph-test5/data/PTP1B/01_af2/6B90.177.pdb,results/PTP1B/01_af2_prepare/pdb/standardized/PTP1B_AF2_0178.pdb,,,
PTP1B_AF2_0179,,179,PTP1B.AF2rank179,PTP1B.AF2rank179.pdb,/home/wms/AF2-test/AF2-CatGraph/data/PTP1B/01_af2_new/PTP1B.AF2rank179.pdb,/home/wms/AF2-test/AF2-CatGraph/data/PTP1B/01_af2_new/PTP1B.AF2rank179.pdb,/home/wms/AF2-test/AF2-CatGraph-test5/data/PTP1B/01_af2/6B90.178.pdb,source_if_available,source,/home/wms/AF2-test/AF2-CatGraph-test5/data/PTP1B/01_af2/6B90.178.pdb,results/PTP1B/01_af2_prepare/pdb/standardized/PTP1B_AF2_0179.pdb,,,
PTP1B_AF2_0180,,180,PTP1B.AF2rank180,PTP1B.AF2rank180.pdb,/home/wms/AF2-test/AF2-CatGraph/data/PTP1B/01_af2_new/PTP1B.AF2rank180.pdb,/home/wms/AF2-test/AF2-CatGraph/data/PTP1B/01_af2_new/PTP1B.AF2rank180.pdb,/home/wms/AF2-test/AF2-CatGraph-test5/data/PTP1B/01_af2/6B90.179.pdb,source_if_available,source,/home/wms/AF2-test/AF2-CatGraph-test5/data/PTP1B/01_af2/6B90.179.pdb,results/PTP1B/01_af2_prepare/pdb/standardized/PTP1B_AF2_0180.pdb,,,
PTP1B_AF2_0181,,181,PTP1B.AF2rank181,PTP1B.AF2rank181.pdb,/home/wms/AF2-test/AF2-CatGraph/data/PTP1B/01_af2_new/PTP1B.AF2rank181.pdb,/home/wms/AF2-test/AF2-CatGraph/data/PTP1B/01_af2_new/PTP1B.AF2rank181.pdb,/home/wms/AF2-test/AF2-CatGraph-test5/data/PTP1B/01_af2/6B90.180.pdb,source_if_available,source,/home/wms/AF2-test/AF2-CatGraph-test5/data/PTP1B/01_af2/6B90.180.pdb,results/PTP1B/01_af2_prepare/pdb/standardized/PTP1B_AF2_0181.pdb,,,
PTP1B_AF2_0182,,182,PTP1B.AF2rank182,PTP1B.AF2rank182.pdb,/home/wms/AF2-test/AF2-CatGraph/data/PTP1B/01_af2_new/PTP1B.AF2rank182.pdb,/home/wms/AF2-test/AF2-CatGraph/data/PTP1B/01_af2_new/PTP1B.AF2rank182.pdb,/home/wms/AF2-test/AF2-CatGraph-test5/data/PTP1B/01_af2/6B90.181.pdb,source_if_available,source,/home/wms/AF2-test/AF2-CatGraph-test5/data/PTP1B/01_af2/6B90.181.pdb,results/PTP1B/01_af2_prepare/pdb/standardized/PTP1B_AF2_0182.pdb,,,
PTP1B_AF2_0183,,183,PTP1B.AF2rank183,PTP1B.AF2rank183.pdb,/home/wms/AF2-test/AF2-CatGraph/data/PTP1B/01_af2_new/PTP1B.AF2rank183.pdb,/home/wms/AF2-test/AF2-CatGraph/data/PTP1B/01_af2_new/PTP1B.AF2rank183.pdb,/home/wms/AF2-test/AF2-CatGraph-test5/data/PTP1B/01_af2/6B90.182.pdb,source_if_available,source,/home/wms/AF2-test/AF2-CatGraph-test5/data/PTP1B/01_af2/6B90.182.pdb,results/PTP1B/01_af2_prepare/pdb/standardized/PTP1B_AF2_0183.pdb,,,
PTP1B_AF2_0184,,184,PTP1B.AF2rank184,PTP1B.AF2rank184.pdb,/home/wms/AF2-test/AF2-CatGraph/data/PTP1B/01_af2_new/PTP1B.AF2rank184.pdb,/home/wms/AF2-test/AF2-CatGraph/data/PTP1B/01_af2_new/PTP1B.AF2rank184.pdb,/home/wms/AF2-test/AF2-CatGraph-test5/data/PTP1B/01_af2/6B90.183.pdb,source_if_available,source,/home/wms/AF2-test/AF2-CatGraph-test5/data/PTP1B/01_af2/6B90.183.pdb,results/PTP1B/01_af2_prepare/pdb/standardized/PTP1B_AF2_0184.pdb,,,
PTP1B_AF2_0185,,185,PTP1B.AF2rank185,PTP1B.AF2rank185.pdb,/home/wms/AF2-test/AF2-CatGraph/data/PTP1B/01_af2_new/PTP1B.AF2rank185.pdb,/home/wms/AF2-test/AF2-CatGraph/data/PTP1B/01_af2_new/PTP1B.AF2rank185.pdb,/home/wms/AF2-test/AF2-CatGraph-test5/data/PTP1B/01_af2/6B90.184.pdb,source_if_available,source,/home/wms/AF2-test/AF2-CatGraph-test5/data/PTP1B/01_af2/6B90.184.pdb,results/PTP1B/01_af2_prepare/pdb/standardized/PTP1B_AF2_0185.pdb,,,
PTP1B_AF2_0186,,186,PTP1B.AF2rank186,PTP1B.AF2rank186.pdb,/home/wms/AF2-test/AF2-CatGraph/data/PTP1B/01_af2_new/PTP1B.AF2rank186.pdb,/home/wms/AF2-test/AF2-CatGraph/data/PTP1B/01_af2_new/PTP1B.AF2rank186.pdb,/home/wms/AF2-test/AF2-CatGraph-test5/data/PTP1B/01_af2/6B90.185.pdb,source_if_available,source,/home/wms/AF2-test/AF2-CatGraph-test5/data/PTP1B/01_af2/6B90.185.pdb,results/PTP1B/01_af2_prepare/pdb/standardized/PTP1B_AF2_0186.pdb,,,
PTP1B_AF2_0187,,187,PTP1B.AF2rank187,PTP1B.AF2rank187.pdb,/home/wms/AF2-test/AF2-CatGraph/data/PTP1B/01_af2_new/PTP1B.AF2rank187.pdb,/home/wms/AF2-test/AF2-CatGraph/data/PTP1B/01_af2_new/PTP1B.AF2rank187.pdb,/home/wms/AF2-test/AF2-CatGraph-test5/data/PTP1B/01_af2/6B90.186.pdb,source_if_available,source,/home/wms/AF2-test/AF2-CatGraph-test5/data/PTP1B/01_af2/6B90.186.pdb,results/PTP1B/01_af2_prepare/pdb/standardized/PTP1B_AF2_0187.pdb,,,
PTP1B_AF2_0188,,188,PTP1B.AF2rank188,PTP1B.AF2rank188.pdb,/home/wms/AF2-test/AF2-CatGraph/data/PTP1B/01_af2_new/PTP1B.AF2rank188.pdb,/home/wms/AF2-test/AF2-CatGraph/data/PTP1B/01_af2_new/PTP1B.AF2rank188.pdb,/home/wms/AF2-test/AF2-CatGraph-test5/data/PTP1B/01_af2/6B90.187.pdb,source_if_available,source,/home/wms/AF2-test/AF2-CatGraph-test5/data/PTP1B/01_af2/6B90.187.pdb,results/PTP1B/01_af2_prepare/pdb/standardized/PTP1B_AF2_0188.pdb,,,
PTP1B_AF2_0189,,189,PTP1B.AF2rank189,PTP1B.AF2rank189.pdb,/home/wms/AF2-test/AF2-CatGraph/data/PTP1B/01_af2_new/PTP1B.AF2rank189.pdb,/home/wms/AF2-test/AF2-CatGraph/data/PTP1B/01_af2_new/PTP1B.AF2rank189.pdb,/home/wms/AF2-test/AF2-CatGraph-test5/data/PTP1B/01_af2/6B90.188.pdb,source_if_available,source,/home/wms/AF2-test/AF2-CatGraph-test5/data/PTP1B/01_af2/6B90.188.pdb,results/PTP1B/01_af2_prepare/pdb/standardized/PTP1B_AF2_0189.pdb,,,
PTP1B_AF2_0190,,190,PTP1B.AF2rank190,PTP1B.AF2rank190.pdb,/home/wms/AF2-test/AF2-CatGraph/data/PTP1B/01_af2_new/PTP1B.AF2rank190.pdb,/home/wms/AF2-test/AF2-CatGraph/data/PTP1B/01_af2_new/PTP1B.AF2rank190.pdb,/home/wms/AF2-test/AF2-CatGraph-test5/data/PTP1B/01_af2/6B90.189.pdb,source_if_available,source,/home/wms/AF2-test/AF2-CatGraph-test5/data/PTP1B/01_af2/6B90.189.pdb,results/PTP1B/01_af2_prepare/pdb/standardized/PTP1B_AF2_0190.pdb,,,
PTP1B_AF2_0191,,191,PTP1B.AF2rank191,PTP1B.AF2rank191.pdb,/home/wms/AF2-test/AF2-CatGraph/data/PTP1B/01_af2_new/PTP1B.AF2rank191.pdb,/home/wms/AF2-test/AF2-CatGraph/data/PTP1B/01_af2_new/PTP1B.AF2rank191.pdb,/home/wms/AF2-test/AF2-CatGraph-test5/data/PTP1B/01_af2/6B90.190.pdb,source_if_available,source,/home/wms/AF2-test/AF2-CatGraph-test5/data/PTP1B/01_af2/6B90.190.pdb,results/PTP1B/01_af2_prepare/pdb/standardized/PTP1B_AF2_0191.pdb,,,
PTP1B_AF2_0192,,192,PTP1B.AF2rank192,PTP1B.AF2rank192.pdb,/home/wms/AF2-test/AF2-CatGraph/data/PTP1B/01_af2_new/PTP1B.AF2rank192.pdb,/home/wms/AF2-test/AF2-CatGraph/data/PTP1B/01_af2_new/PTP1B.AF2rank192.pdb,/home/wms/AF2-test/AF2-CatGraph-test5/data/PTP1B/01_af2/6B90.191.pdb,source_if_available,source,/home/wms/AF2-test/AF2-CatGraph-test5/data/PTP1B/01_af2/6B90.191.pdb,results/PTP1B/01_af2_prepare/pdb/standardized/PTP1B_AF2_0192.pdb,,,
PTP1B_AF2_0193,,193,PTP1B.AF2rank193,PTP1B.AF2rank193.pdb,/home/wms/AF2-test/AF2-CatGraph/data/PTP1B/01_af2_new/PTP1B.AF2rank193.pdb,/home/wms/AF2-test/AF2-CatGraph/data/PTP1B/01_af2_new/PTP1B.AF2rank193.pdb,/home/wms/AF2-test/AF2-CatGraph-test5/data/PTP1B/01_af2/6B90.192.pdb,source_if_available,source,/home/wms/AF2-test/AF2-CatGraph-test5/data/PTP1B/01_af2/6B90.192.pdb,results/PTP1B/01_af2_prepare/pdb/standardized/PTP1B_AF2_0193.pdb,,,
PTP1B_AF2_0194,,194,PTP1B.AF2rank194,PTP1B.AF2rank194.pdb,/home/wms/AF2-test/AF2-CatGraph/data/PTP1B/01_af2_new/PTP1B.AF2rank194.pdb,/home/wms/AF2-test/AF2-CatGraph/data/PTP1B/01_af2_new/PTP1B.AF2rank194.pdb,/home/wms/AF2-test/AF2-CatGraph-test5/data/PTP1B/01_af2/6B90.193.pdb,source_if_available,source,/home/wms/AF2-test/AF2-CatGraph-test5/data/PTP1B/01_af2/6B90.193.pdb,results/PTP1B/01_af2_prepare/pdb/standardized/PTP1B_AF2_0194.pdb,,,
PTP1B_AF2_0195,,195,PTP1B.AF2rank195,PTP1B.AF2rank195.pdb,/home/wms/AF2-test/AF2-CatGraph/data/PTP1B/01_af2_new/PTP1B.AF2rank195.pdb,/home/wms/AF2-test/AF2-CatGraph/data/PTP1B/01_af2_new/PTP1B.AF2rank195.pdb,/home/wms/AF2-test/AF2-CatGraph-test5/data/PTP1B/01_af2/6B90.194.pdb,source_if_available,source,/home/wms/AF2-test/AF2-CatGraph-test5/data/PTP1B/01_af2/6B90.194.pdb,results/PTP1B/01_af2_prepare/pdb/standardized/PTP1B_AF2_0195.pdb,,,
PTP1B_AF2_0196,,196,PTP1B.AF2rank196,PTP1B.AF2rank196.pdb,/home/wms/AF2-test/AF2-CatGraph/data/PTP1B/01_af2_new/PTP1B.AF2rank196.pdb,/home/wms/AF2-test/AF2-CatGraph/data/PTP1B/01_af2_new/PTP1B.AF2rank196.pdb,/home/wms/AF2-test/AF2-CatGraph-test5/data/PTP1B/01_af2/6B90.195.pdb,source_if_available,source,/home/wms/AF2-test/AF2-CatGraph-test5/data/PTP1B/01_af2/6B90.195.pdb,results/PTP1B/01_af2_prepare/pdb/standardized/PTP1B_AF2_0196.pdb,,,
PTP1B_AF2_0197,,197,PTP1B.AF2rank197,PTP1B.AF2rank197.pdb,/home/wms/AF2-test/AF2-CatGraph/data/PTP1B/01_af2_new/PTP1B.AF2rank197.pdb,/home/wms/AF2-test/AF2-CatGraph/data/PTP1B/01_af2_new/PTP1B.AF2rank197.pdb,/home/wms/AF2-test/AF2-CatGraph-test5/data/PTP1B/01_af2/6B90.196.pdb,source_if_available,source,/home/wms/AF2-test/AF2-CatGraph-test5/data/PTP1B/01_af2/6B90.196.pdb,results/PTP1B/01_af2_prepare/pdb/standardized/PTP1B_AF2_0197.pdb,,,
PTP1B_AF2_0198,,198,PTP1B.AF2rank198,PTP1B.AF2rank198.pdb,/home/wms/AF2-test/AF2-CatGraph/data/PTP1B/01_af2_new/PTP1B.AF2rank198.pdb,/home/wms/AF2-test/AF2-CatGraph/data/PTP1B/01_af2_new/PTP1B.AF2rank198.pdb,/home/wms/AF2-test/AF2-CatGraph-test5/data/PTP1B/01_af2/6B90.197.pdb,source_if_available,source,/home/wms/AF2-test/AF2-CatGraph-test5/data/PTP1B/01_af2/6B90.197.pdb,results/PTP1B/01_af2_prepare/pdb/standardized/PTP1B_AF2_0198.pdb,,,
PTP1B_AF2_0199,,199,PTP1B.AF2rank199,PTP1B.AF2rank199.pdb,/home/wms/AF2-test/AF2-CatGraph/data/PTP1B/01_af2_new/PTP1B.AF2rank199.pdb,/home/wms/AF2-test/AF2-CatGraph/data/PTP1B/01_af2_new/PTP1B.AF2rank199.pdb,/home/wms/AF2-test/AF2-CatGraph-test5/data/PTP1B/01_af2/6B90.198.pdb,source_if_available,source,/home/wms/AF2-test/AF2-CatGraph-test5/data/PTP1B/01_af2/6B90.198.pdb,results/PTP1B/01_af2_prepare/pdb/standardized/PTP1B_AF2_0199.pdb,,,
PTP1B_AF2_0200,,200,PTP1B.AF2rank200,PTP1B.AF2rank200.pdb,/home/wms/AF2-test/AF2-CatGraph/data/PTP1B/01_af2_new/PTP1B.AF2rank200.pdb,/home/wms/AF2-test/AF2-CatGraph/data/PTP1B/01_af2_new/PTP1B.AF2rank200.pdb,/home/wms/AF2-test/AF2-CatGraph-test5/data/PTP1B/01_af2/6B90.199.pdb,source_if_available,source,/home/wms/AF2-test/AF2-CatGraph-test5/data/PTP1B/01_af2/6B90.199.pdb,results/PTP1B/01_af2_prepare/pdb/standardized/PTP1B_AF2_0200.pdb,,,
PTP1B_AF2_0201,,201,PTP1B.AF2rank201,PTP1B.AF2rank201.pdb,/home/wms/AF2-test/AF2-CatGraph/data/PTP1B/01_af2_new/PTP1B.AF2rank201.pdb,/home/wms/AF2-test/AF2-CatGraph/data/PTP1B/01_af2_new/PTP1B.AF2rank201.pdb,/home/wms/AF2-test/AF2-CatGraph-test5/data/PTP1B/01_af2/6B90.200.pdb,source_if_available,source,/home/wms/AF2-test/AF2-CatGraph-test5/data/PTP1B/01_af2/6B90.200.pdb,results/PTP1B/01_af2_prepare/pdb/standardized/PTP1B_AF2_0201.pdb,,,
PTP1B_AF2_0202,,202,PTP1B.AF2rank202,PTP1B.AF2rank202.pdb,/home/wms/AF2-test/AF2-CatGraph/data/PTP1B/01_af2_new/PTP1B.AF2rank202.pdb,/home/wms/AF2-test/AF2-CatGraph/data/PTP1B/01_af2_new/PTP1B.AF2rank202.pdb,/home/wms/AF2-test/AF2-CatGraph-test5/data/PTP1B/01_af2/6B90.201.pdb,source_if_available,source,/home/wms/AF2-test/AF2-CatGraph-test5/data/PTP1B/01_af2/6B90.201.pdb,results/PTP1B/01_af2_prepare/pdb/standardized/PTP1B_AF2_0202.pdb,,,
PTP1B_AF2_0203,,203,PTP1B.AF2rank203,PTP1B.AF2rank203.pdb,/home/wms/AF2-test/AF2-CatGraph/data/PTP1B/01_af2_new/PTP1B.AF2rank203.pdb,/home/wms/AF2-test/AF2-CatGraph/data/PTP1B/01_af2_new/PTP1B.AF2rank203.pdb,/home/wms/AF2-test/AF2-CatGraph-test5/data/PTP1B/01_af2/6B90.202.pdb,source_if_available,source,/home/wms/AF2-test/AF2-CatGraph-test5/data/PTP1B/01_af2/6B90.202.pdb,results/PTP1B/01_af2_prepare/pdb/standardized/PTP1B_AF2_0203.pdb,,,
PTP1B_AF2_0204,,204,PTP1B.AF2rank204,PTP1B.AF2rank204.pdb,/home/wms/AF2-test/AF2-CatGraph/data/PTP1B/01_af2_new/PTP1B.AF2rank204.pdb,/home/wms/AF2-test/AF2-CatGraph/data/PTP1B/01_af2_new/PTP1B.AF2rank204.pdb,/home/wms/AF2-test/AF2-CatGraph-test5/data/PTP1B/01_af2/6B90.203.pdb,source_if_available,source,/home/wms/AF2-test/AF2-CatGraph-test5/data/PTP1B/01_af2/6B90.203.pdb,results/PTP1B/01_af2_prepare/pdb/standardized/PTP1B_AF2_0204.pdb,,,
PTP1B_AF2_0205,,205,PTP1B.AF2rank205,PTP1B.AF2rank205.pdb,/home/wms/AF2-test/AF2-CatGraph/data/PTP1B/01_af2_new/PTP1B.AF2rank205.pdb,/home/wms/AF2-test/AF2-CatGraph/data/PTP1B/01_af2_new/PTP1B.AF2rank205.pdb,/home/wms/AF2-test/AF2-CatGraph-test5/data/PTP1B/01_af2/6B90.204.pdb,source_if_available,source,/home/wms/AF2-test/AF2-CatGraph-test5/data/PTP1B/01_af2/6B90.204.pdb,results/PTP1B/01_af2_prepare/pdb/standardized/PTP1B_AF2_0205.pdb,,,
PTP1B_AF2_0206,,206,PTP1B.AF2rank206,PTP1B.AF2rank206.pdb,/home/wms/AF2-test/AF2-CatGraph/data/PTP1B/01_af2_new/PTP1B.AF2rank206.pdb,/home/wms/AF2-test/AF2-CatGraph/data/PTP1B/01_af2_new/PTP1B.AF2rank206.pdb,/home/wms/AF2-test/AF2-CatGraph-test5/data/PTP1B/01_af2/6B90.205.pdb,source_if_available,source,/home/wms/AF2-test/AF2-CatGraph-test5/data/PTP1B/01_af2/6B90.205.pdb,results/PTP1B/01_af2_prepare/pdb/standardized/PTP1B_AF2_0206.pdb,,,
PTP1B_AF2_0207,,207,PTP1B.AF2rank207,PTP1B.AF2rank207.pdb,/home/wms/AF2-test/AF2-CatGraph/data/PTP1B/01_af2_new/PTP1B.AF2rank207.pdb,/home/wms/AF2-test/AF2-CatGraph/data/PTP1B/01_af2_new/PTP1B.AF2rank207.pdb,/home/wms/AF2-test/AF2-CatGraph-test5/data/PTP1B/01_af2/6B90.206.pdb,source_if_available,source,/home/wms/AF2-test/AF2-CatGraph-test5/data/PTP1B/01_af2/6B90.206.pdb,results/PTP1B/01_af2_prepare/pdb/standardized/PTP1B_AF2_0207.pdb,,,
PTP1B_AF2_0208,,208,PTP1B.AF2rank208,PTP1B.AF2rank208.pdb,/home/wms/AF2-test/AF2-CatGraph/data/PTP1B/01_af2_new/PTP1B.AF2rank208.pdb,/home/wms/AF2-test/AF2-CatGraph/data/PTP1B/01_af2_new/PTP1B.AF2rank208.pdb,/home/wms/AF2-test/AF2-CatGraph-test5/data/PTP1B/01_af2/6B90.207.pdb,source_if_available,source,/home/wms/AF2-test/AF2-CatGraph-test5/data/PTP1B/01_af2/6B90.207.pdb,results/PTP1B/01_af2_prepare/pdb/standardized/PTP1B_AF2_0208.pdb,,,
PTP1B_AF2_0209,,209,PTP1B.AF2rank209,PTP1B.AF2rank209.pdb,/home/wms/AF2-test/AF2-CatGraph/data/PTP1B/01_af2_new/PTP1B.AF2rank209.pdb,/home/wms/AF2-test/AF2-CatGraph/data/PTP1B/01_af2_new/PTP1B.AF2rank209.pdb,/home/wms/AF2-test/AF2-CatGraph-test5/data/PTP1B/01_af2/6B90.208.pdb,source_if_available,source,/home/wms/AF2-test/AF2-CatGraph-test5/data/PTP1B/01_af2/6B90.208.pdb,results/PTP1B/01_af2_prepare/pdb/standardized/PTP1B_AF2_0209.pdb,,,
PTP1B_AF2_0210,,210,PTP1B.AF2rank210,PTP1B.AF2rank210.pdb,/home/wms/AF2-test/AF2-CatGraph/data/PTP1B/01_af2_new/PTP1B.AF2rank210.pdb,/home/wms/AF2-test/AF2-CatGraph/data/PTP1B/01_af2_new/PTP1B.AF2rank210.pdb,/home/wms/AF2-test/AF2-CatGraph-test5/data/PTP1B/01_af2/6B90.209.pdb,source_if_available,source,/home/wms/AF2-test/AF2-CatGraph-test5/data/PTP1B/01_af2/6B90.209.pdb,results/PTP1B/01_af2_prepare/pdb/standardized/PTP1B_AF2_0210.pdb,,,
PTP1B_AF2_0211,,211,PTP1B.AF2rank211,PTP1B.AF2rank211.pdb,/home/wms/AF2-test/AF2-CatGraph/data/PTP1B/01_af2_new/PTP1B.AF2rank211.pdb,/home/wms/AF2-test/AF2-CatGraph/data/PTP1B/01_af2_new/PTP1B.AF2rank211.pdb,/home/wms/AF2-test/AF2-CatGraph-test5/data/PTP1B/01_af2/6B90.210.pdb,source_if_available,source,/home/wms/AF2-test/AF2-CatGraph-test5/data/PTP1B/01_af2/6B90.210.pdb,results/PTP1B/01_af2_prepare/pdb/standardized/PTP1B_AF2_0211.pdb,,,
PTP1B_AF2_0212,,212,PTP1B.AF2rank212,PTP1B.AF2rank212.pdb,/home/wms/AF2-test/AF2-CatGraph/data/PTP1B/01_af2_new/PTP1B.AF2rank212.pdb,/home/wms/AF2-test/AF2-CatGraph/data/PTP1B/01_af2_new/PTP1B.AF2rank212.pdb,/home/wms/AF2-test/AF2-CatGraph-test5/data/PTP1B/01_af2/6B90.211.pdb,source_if_available,source,/home/wms/AF2-test/AF2-CatGraph-test5/data/PTP1B/01_af2/6B90.211.pdb,results/PTP1B/01_af2_prepare/pdb/standardized/PTP1B_AF2_0212.pdb,,,
PTP1B_AF2_0213,,213,PTP1B.AF2rank213,PTP1B.AF2rank213.pdb,/home/wms/AF2-test/AF2-CatGraph/data/PTP1B/01_af2_new/PTP1B.AF2rank213.pdb,/home/wms/AF2-test/AF2-CatGraph/data/PTP1B/01_af2_new/PTP1B.AF2rank213.pdb,/home/wms/AF2-test/AF2-CatGraph-test5/data/PTP1B/01_af2/6B90.212.pdb,source_if_available,source,/home/wms/AF2-test/AF2-CatGraph-test5/data/PTP1B/01_af2/6B90.212.pdb,results/PTP1B/01_af2_prepare/pdb/standardized/PTP1B_AF2_0213.pdb,,,
PTP1B_AF2_0214,,214,PTP1B.AF2rank214,PTP1B.AF2rank214.pdb,/home/wms/AF2-test/AF2-CatGraph/data/PTP1B/01_af2_new/PTP1B.AF2rank214.pdb,/home/wms/AF2-test/AF2-CatGraph/data/PTP1B/01_af2_new/PTP1B.AF2rank214.pdb,/home/wms/AF2-test/AF2-CatGraph-test5/data/PTP1B/01_af2/6B90.213.pdb,source_if_available,source,/home/wms/AF2-test/AF2-CatGraph-test5/data/PTP1B/01_af2/6B90.213.pdb,results/PTP1B/01_af2_prepare/pdb/standardized/PTP1B_AF2_0214.pdb,,,
PTP1B_AF2_0215,,215,PTP1B.AF2rank215,PTP1B.AF2rank215.pdb,/home/wms/AF2-test/AF2-CatGraph/data/PTP1B/01_af2_new/PTP1B.AF2rank215.pdb,/home/wms/AF2-test/AF2-CatGraph/data/PTP1B/01_af2_new/PTP1B.AF2rank215.pdb,/home/wms/AF2-test/AF2-CatGraph-test5/data/PTP1B/01_af2/6B90.214.pdb,source_if_available,source,/home/wms/AF2-test/AF2-CatGraph-test5/data/PTP1B/01_af2/6B90.214.pdb,results/PTP1B/01_af2_prepare/pdb/standardized/PTP1B_AF2_0215.pdb,,,
PTP1B_AF2_0216,,216,PTP1B.AF2rank216,PTP1B.AF2rank216.pdb,/home/wms/AF2-test/AF2-CatGraph/data/PTP1B/01_af2_new/PTP1B.AF2rank216.pdb,/home/wms/AF2-test/AF2-CatGraph/data/PTP1B/01_af2_new/PTP1B.AF2rank216.pdb,/home/wms/AF2-test/AF2-CatGraph-test5/data/PTP1B/01_af2/6B90.215.pdb,source_if_available,source,/home/wms/AF2-test/AF2-CatGraph-test5/data/PTP1B/01_af2/6B90.215.pdb,results/PTP1B/01_af2_prepare/pdb/standardized/PTP1B_AF2_0216.pdb,,,
PTP1B_AF2_0217,,217,PTP1B.AF2rank217,PTP1B.AF2rank217.pdb,/home/wms/AF2-test/AF2-CatGraph/data/PTP1B/01_af2_new/PTP1B.AF2rank217.pdb,/home/wms/AF2-test/AF2-CatGraph/data/PTP1B/01_af2_new/PTP1B.AF2rank217.pdb,/home/wms/AF2-test/AF2-CatGraph-test5/data/PTP1B/01_af2/6B90.216.pdb,source_if_available,source,/home/wms/AF2-test/AF2-CatGraph-test5/data/PTP1B/01_af2/6B90.216.pdb,results/PTP1B/01_af2_prepare/pdb/standardized/PTP1B_AF2_0217.pdb,,,
PTP1B_AF2_0218,,218,PTP1B.AF2rank218,PTP1B.AF2rank218.pdb,/home/wms/AF2-test/AF2-CatGraph/data/PTP1B/01_af2_new/PTP1B.AF2rank218.pdb,/home/wms/AF2-test/AF2-CatGraph/data/PTP1B/01_af2_new/PTP1B.AF2rank218.pdb,/home/wms/AF2-test/AF2-CatGraph-test5/data/PTP1B/01_af2/6B90.217.pdb,source_if_available,source,/home/wms/AF2-test/AF2-CatGraph-test5/data/PTP1B/01_af2/6B90.217.pdb,results/PTP1B/01_af2_prepare/pdb/standardized/PTP1B_AF2_0218.pdb,,,
PTP1B_AF2_0219,,219,PTP1B.AF2rank219,PTP1B.AF2rank219.pdb,/home/wms/AF2-test/AF2-CatGraph/data/PTP1B/01_af2_new/PTP1B.AF2rank219.pdb,/home/wms/AF2-test/AF2-CatGraph/data/PTP1B/01_af2_new/PTP1B.AF2rank219.pdb,/home/wms/AF2-test/AF2-CatGraph-test5/data/PTP1B/01_af2/6B90.218.pdb,source_if_available,source,/home/wms/AF2-test/AF2-CatGraph-test5/data/PTP1B/01_af2/6B90.218.pdb,results/PTP1B/01_af2_prepare/pdb/standardized/PTP1B_AF2_0219.pdb,,,
PTP1B_AF2_0220,,220,PTP1B.AF2rank220,PTP1B.AF2rank220.pdb,/home/wms/AF2-test/AF2-CatGraph/data/PTP1B/01_af2_new/PTP1B.AF2rank220.pdb,/home/wms/AF2-test/AF2-CatGraph/data/PTP1B/01_af2_new/PTP1B.AF2rank220.pdb,/home/wms/AF2-test/AF2-CatGraph-test5/data/PTP1B/01_af2/6B90.219.pdb,source_if_available,source,/home/wms/AF2-test/AF2-CatGraph-test5/data/PTP1B/01_af2/6B90.219.pdb,results/PTP1B/01_af2_prepare/pdb/standardized/PTP1B_AF2_0220.pdb,,,
PTP1B_AF2_0221,,221,PTP1B.AF2rank221,PTP1B.AF2rank221.pdb,/home/wms/AF2-test/AF2-CatGraph/data/PTP1B/01_af2_new/PTP1B.AF2rank221.pdb,/home/wms/AF2-test/AF2-CatGraph/data/PTP1B/01_af2_new/PTP1B.AF2rank221.pdb,/home/wms/AF2-test/AF2-CatGraph-test5/data/PTP1B/01_af2/6B90.220.pdb,source_if_available,source,/home/wms/AF2-test/AF2-CatGraph-test5/data/PTP1B/01_af2/6B90.220.pdb,results/PTP1B/01_af2_prepare/pdb/standardized/PTP1B_AF2_0221.pdb,,,
PTP1B_AF2_0222,,222,PTP1B.AF2rank222,PTP1B.AF2rank222.pdb,/home/wms/AF2-test/AF2-CatGraph/data/PTP1B/01_af2_new/PTP1B.AF2rank222.pdb,/home/wms/AF2-test/AF2-CatGraph/data/PTP1B/01_af2_new/PTP1B.AF2rank222.pdb,/home/wms/AF2-test/AF2-CatGraph-test5/data/PTP1B/01_af2/6B90.221.pdb,source_if_available,source,/home/wms/AF2-test/AF2-CatGraph-test5/data/PTP1B/01_af2/6B90.221.pdb,results/PTP1B/01_af2_prepare/pdb/standardized/PTP1B_AF2_0222.pdb,,,
PTP1B_AF2_0223,,223,PTP1B.AF2rank223,PTP1B.AF2rank223.pdb,/home/wms/AF2-test/AF2-CatGraph/data/PTP1B/01_af2_new/PTP1B.AF2rank223.pdb,/home/wms/AF2-test/AF2-CatGraph/data/PTP1B/01_af2_new/PTP1B.AF2rank223.pdb,/home/wms/AF2-test/AF2-CatGraph-test5/data/PTP1B/01_af2/6B90.222.pdb,source_if_available,source,/home/wms/AF2-test/AF2-CatGraph-test5/data/PTP1B/01_af2/6B90.222.pdb,results/PTP1B/01_af2_prepare/pdb/standardized/PTP1B_AF2_0223.pdb,,,
PTP1B_AF2_0224,,224,PTP1B.AF2rank224,PTP1B.AF2rank224.pdb,/home/wms/AF2-test/AF2-CatGraph/data/PTP1B/01_af2_new/PTP1B.AF2rank224.pdb,/home/wms/AF2-test/AF2-CatGraph/data/PTP1B/01_af2_new/PTP1B.AF2rank224.pdb,/home/wms/AF2-test/AF2-CatGraph-test5/data/PTP1B/01_af2/6B90.223.pdb,source_if_available,source,/home/wms/AF2-test/AF2-CatGraph-test5/data/PTP1B/01_af2/6B90.223.pdb,results/PTP1B/01_af2_prepare/pdb/standardized/PTP1B_AF2_0224.pdb,,,
PTP1B_AF2_0225,,225,PTP1B.AF2rank225,PTP1B.AF2rank225.pdb,/home/wms/AF2-test/AF2-CatGraph/data/PTP1B/01_af2_new/PTP1B.AF2rank225.pdb,/home/wms/AF2-test/AF2-CatGraph/data/PTP1B/01_af2_new/PTP1B.AF2rank225.pdb,/home/wms/AF2-test/AF2-CatGraph-test5/data/PTP1B/01_af2/6B90.224.pdb,source_if_available,source,/home/wms/AF2-test/AF2-CatGraph-test5/data/PTP1B/01_af2/6B90.224.pdb,results/PTP1B/01_af2_prepare/pdb/standardized/PTP1B_AF2_0225.pdb,,,
PTP1B_AF2_0226,,226,PTP1B.AF2rank226,PTP1B.AF2rank226.pdb,/home/wms/AF2-test/AF2-CatGraph/data/PTP1B/01_af2_new/PTP1B.AF2rank226.pdb,/home/wms/AF2-test/AF2-CatGraph/data/PTP1B/01_af2_new/PTP1B.AF2rank226.pdb,/home/wms/AF2-test/AF2-CatGraph-test5/data/PTP1B/01_af2/6B90.225.pdb,source_if_available,source,/home/wms/AF2-test/AF2-CatGraph-test5/data/PTP1B/01_af2/6B90.225.pdb,results/PTP1B/01_af2_prepare/pdb/standardized/PTP1B_AF2_0226.pdb,,,
PTP1B_AF2_0227,,227,PTP1B.AF2rank227,PTP1B.AF2rank227.pdb,/home/wms/AF2-test/AF2-CatGraph/data/PTP1B/01_af2_new/PTP1B.AF2rank227.pdb,/home/wms/AF2-test/AF2-CatGraph/data/PTP1B/01_af2_new/PTP1B.AF2rank227.pdb,/home/wms/AF2-test/AF2-CatGraph-test5/data/PTP1B/01_af2/6B90.226.pdb,source_if_available,source,/home/wms/AF2-test/AF2-CatGraph-test5/data/PTP1B/01_af2/6B90.226.pdb,results/PTP1B/01_af2_prepare/pdb/standardized/PTP1B_AF2_0227.pdb,,,
PTP1B_AF2_0228,,228,PTP1B.AF2rank228,PTP1B.AF2rank228.pdb,/home/wms/AF2-test/AF2-CatGraph/data/PTP1B/01_af2_new/PTP1B.AF2rank228.pdb,/home/wms/AF2-test/AF2-CatGraph/data/PTP1B/01_af2_new/PTP1B.AF2rank228.pdb,/home/wms/AF2-test/AF2-CatGraph-test5/data/PTP1B/01_af2/6B90.227.pdb,source_if_available,source,/home/wms/AF2-test/AF2-CatGraph-test5/data/PTP1B/01_af2/6B90.227.pdb,results/PTP1B/01_af2_prepare/pdb/standardized/PTP1B_AF2_0228.pdb,,,
PTP1B_AF2_0229,,229,PTP1B.AF2rank229,PTP1B.AF2rank229.pdb,/home/wms/AF2-test/AF2-CatGraph/data/PTP1B/01_af2_new/PTP1B.AF2rank229.pdb,/home/wms/AF2-test/AF2-CatGraph/data/PTP1B/01_af2_new/PTP1B.AF2rank229.pdb,/home/wms/AF2-test/AF2-CatGraph-test5/data/PTP1B/01_af2/6B90.228.pdb,source_if_available,source,/home/wms/AF2-test/AF2-CatGraph-test5/data/PTP1B/01_af2/6B90.228.pdb,results/PTP1B/01_af2_prepare/pdb/standardized/PTP1B_AF2_0229.pdb,,,
PTP1B_AF2_0230,,230,PTP1B.AF2rank230,PTP1B.AF2rank230.pdb,/home/wms/AF2-test/AF2-CatGraph/data/PTP1B/01_af2_new/PTP1B.AF2rank230.pdb,/home/wms/AF2-test/AF2-CatGraph/data/PTP1B/01_af2_new/PTP1B.AF2rank230.pdb,/home/wms/AF2-test/AF2-CatGraph-test5/data/PTP1B/01_af2/6B90.229.pdb,source_if_available,source,/home/wms/AF2-test/AF2-CatGraph-test5/data/PTP1B/01_af2/6B90.229.pdb,results/PTP1B/01_af2_prepare/pdb/standardized/PTP1B_AF2_0230.pdb,,,
PTP1B_AF2_0231,,231,PTP1B.AF2rank231,PTP1B.AF2rank231.pdb,/home/wms/AF2-test/AF2-CatGraph/data/PTP1B/01_af2_new/PTP1B.AF2rank231.pdb,/home/wms/AF2-test/AF2-CatGraph/data/PTP1B/01_af2_new/PTP1B.AF2rank231.pdb,/home/wms/AF2-test/AF2-CatGraph-test5/data/PTP1B/01_af2/6B90.230.pdb,source_if_available,source,/home/wms/AF2-test/AF2-CatGraph-test5/data/PTP1B/01_af2/6B90.230.pdb,results/PTP1B/01_af2_prepare/pdb/standardized/PTP1B_AF2_0231.pdb,,,
PTP1B_AF2_0232,,232,PTP1B.AF2rank232,PTP1B.AF2rank232.pdb,/home/wms/AF2-test/AF2-CatGraph/data/PTP1B/01_af2_new/PTP1B.AF2rank232.pdb,/home/wms/AF2-test/AF2-CatGraph/data/PTP1B/01_af2_new/PTP1B.AF2rank232.pdb,/home/wms/AF2-test/AF2-CatGraph-test5/data/PTP1B/01_af2/6B90.231.pdb,source_if_available,source,/home/wms/AF2-test/AF2-CatGraph-test5/data/PTP1B/01_af2/6B90.231.pdb,results/PTP1B/01_af2_prepare/pdb/standardized/PTP1B_AF2_0232.pdb,,,
PTP1B_AF2_0233,,233,PTP1B.AF2rank233,PTP1B.AF2rank233.pdb,/home/wms/AF2-test/AF2-CatGraph/data/PTP1B/01_af2_new/PTP1B.AF2rank233.pdb,/home/wms/AF2-test/AF2-CatGraph/data/PTP1B/01_af2_new/PTP1B.AF2rank233.pdb,/home/wms/AF2-test/AF2-CatGraph-test5/data/PTP1B/01_af2/6B90.232.pdb,source_if_available,source,/home/wms/AF2-test/AF2-CatGraph-test5/data/PTP1B/01_af2/6B90.232.pdb,results/PTP1B/01_af2_prepare/pdb/standardized/PTP1B_AF2_0233.pdb,,,
PTP1B_AF2_0234,,234,PTP1B.AF2rank234,PTP1B.AF2rank234.pdb,/home/wms/AF2-test/AF2-CatGraph/data/PTP1B/01_af2_new/PTP1B.AF2rank234.pdb,/home/wms/AF2-test/AF2-CatGraph/data/PTP1B/01_af2_new/PTP1B.AF2rank234.pdb,/home/wms/AF2-test/AF2-CatGraph-test5/data/PTP1B/01_af2/6B90.233.pdb,source_if_available,source,/home/wms/AF2-test/AF2-CatGraph-test5/data/PTP1B/01_af2/6B90.233.pdb,results/PTP1B/01_af2_prepare/pdb/standardized/PTP1B_AF2_0234.pdb,,,
PTP1B_AF2_0235,,235,PTP1B.AF2rank235,PTP1B.AF2rank235.pdb,/home/wms/AF2-test/AF2-CatGraph/data/PTP1B/01_af2_new/PTP1B.AF2rank235.pdb,/home/wms/AF2-test/AF2-CatGraph/data/PTP1B/01_af2_new/PTP1B.AF2rank235.pdb,/home/wms/AF2-test/AF2-CatGraph-test5/data/PTP1B/01_af2/6B90.234.pdb,source_if_available,source,/home/wms/AF2-test/AF2-CatGraph-test5/data/PTP1B/01_af2/6B90.234.pdb,results/PTP1B/01_af2_prepare/pdb/standardized/PTP1B_AF2_0235.pdb,,,
PTP1B_AF2_0236,,236,PTP1B.AF2rank236,PTP1B.AF2rank236.pdb,/home/wms/AF2-test/AF2-CatGraph/data/PTP1B/01_af2_new/PTP1B.AF2rank236.pdb,/home/wms/AF2-test/AF2-CatGraph/data/PTP1B/01_af2_new/PTP1B.AF2rank236.pdb,/home/wms/AF2-test/AF2-CatGraph-test5/data/PTP1B/01_af2/6B90.235.pdb,source_if_available,source,/home/wms/AF2-test/AF2-CatGraph-test5/data/PTP1B/01_af2/6B90.235.pdb,results/PTP1B/01_af2_prepare/pdb/standardized/PTP1B_AF2_0236.pdb,,,
PTP1B_AF2_0237,,237,PTP1B.AF2rank237,PTP1B.AF2rank237.pdb,/home/wms/AF2-test/AF2-CatGraph/data/PTP1B/01_af2_new/PTP1B.AF2rank237.pdb,/home/wms/AF2-test/AF2-CatGraph/data/PTP1B/01_af2_new/PTP1B.AF2rank237.pdb,/home/wms/AF2-test/AF2-CatGraph-test5/data/PTP1B/01_af2/6B90.236.pdb,source_if_available,source,/home/wms/AF2-test/AF2-CatGraph-test5/data/PTP1B/01_af2/6B90.236.pdb,results/PTP1B/01_af2_prepare/pdb/standardized/PTP1B_AF2_0237.pdb,,,
PTP1B_AF2_0238,,238,PTP1B.AF2rank238,PTP1B.AF2rank238.pdb,/home/wms/AF2-test/AF2-CatGraph/data/PTP1B/01_af2_new/PTP1B.AF2rank238.pdb,/home/wms/AF2-test/AF2-CatGraph/data/PTP1B/01_af2_new/PTP1B.AF2rank238.pdb,/home/wms/AF2-test/AF2-CatGraph-test5/data/PTP1B/01_af2/6B90.237.pdb,source_if_available,source,/home/wms/AF2-test/AF2-CatGraph-test5/data/PTP1B/01_af2/6B90.237.pdb,results/PTP1B/01_af2_prepare/pdb/standardized/PTP1B_AF2_0238.pdb,,,
PTP1B_AF2_0239,,239,PTP1B.AF2rank239,PTP1B.AF2rank239.pdb,/home/wms/AF2-test/AF2-CatGraph/data/PTP1B/01_af2_new/PTP1B.AF2rank239.pdb,/home/wms/AF2-test/AF2-CatGraph/data/PTP1B/01_af2_new/PTP1B.AF2rank239.pdb,/home/wms/AF2-test/AF2-CatGraph-test5/data/PTP1B/01_af2/6B90.238.pdb,source_if_available,source,/home/wms/AF2-test/AF2-CatGraph-test5/data/PTP1B/01_af2/6B90.238.pdb,results/PTP1B/01_af2_prepare/pdb/standardized/PTP1B_AF2_0239.pdb,,,
PTP1B_AF2_0240,,240,PTP1B.AF2rank240,PTP1B.AF2rank240.pdb,/home/wms/AF2-test/AF2-CatGraph/data/PTP1B/01_af2_new/PTP1B.AF2rank240.pdb,/home/wms/AF2-test/AF2-CatGraph/data/PTP1B/01_af2_new/PTP1B.AF2rank240.pdb,/home/wms/AF2-test/AF2-CatGraph-test5/data/PTP1B/01_af2/6B90.239.pdb,source_if_available,source,/home/wms/AF2-test/AF2-CatGraph-test5/data/PTP1B/01_af2/6B90.239.pdb,results/PTP1B/01_af2_prepare/pdb/standardized/PTP1B_AF2_0240.pdb,,,
PTP1B_AF2_0241,,241,PTP1B.AF2rank241,PTP1B.AF2rank241.pdb,/home/wms/AF2-test/AF2-CatGraph/data/PTP1B/01_af2_new/PTP1B.AF2rank241.pdb,/home/wms/AF2-test/AF2-CatGraph/data/PTP1B/01_af2_new/PTP1B.AF2rank241.pdb,/home/wms/AF2-test/AF2-CatGraph-test5/data/PTP1B/01_af2/6B90.240.pdb,source_if_available,source,/home/wms/AF2-test/AF2-CatGraph-test5/data/PTP1B/01_af2/6B90.240.pdb,results/PTP1B/01_af2_prepare/pdb/standardized/PTP1B_AF2_0241.pdb,,,
PTP1B_AF2_0242,,242,PTP1B.AF2rank242,PTP1B.AF2rank242.pdb,/home/wms/AF2-test/AF2-CatGraph/data/PTP1B/01_af2_new/PTP1B.AF2rank242.pdb,/home/wms/AF2-test/AF2-CatGraph/data/PTP1B/01_af2_new/PTP1B.AF2rank242.pdb,/home/wms/AF2-test/AF2-CatGraph-test5/data/PTP1B/01_af2/6B90.241.pdb,source_if_available,source,/home/wms/AF2-test/AF2-CatGraph-test5/data/PTP1B/01_af2/6B90.241.pdb,results/PTP1B/01_af2_prepare/pdb/standardized/PTP1B_AF2_0242.pdb,,,
PTP1B_AF2_0243,,243,PTP1B.AF2rank243,PTP1B.AF2rank243.pdb,/home/wms/AF2-test/AF2-CatGraph/data/PTP1B/01_af2_new/PTP1B.AF2rank243.pdb,/home/wms/AF2-test/AF2-CatGraph/data/PTP1B/01_af2_new/PTP1B.AF2rank243.pdb,/home/wms/AF2-test/AF2-CatGraph-test5/data/PTP1B/01_af2/6B90.242.pdb,source_if_available,source,/home/wms/AF2-test/AF2-CatGraph-test5/data/PTP1B/01_af2/6B90.242.pdb,results/PTP1B/01_af2_prepare/pdb/standardized/PTP1B_AF2_0243.pdb,,,
PTP1B_AF2_0244,,244,PTP1B.AF2rank244,PTP1B.AF2rank244.pdb,/home/wms/AF2-test/AF2-CatGraph/data/PTP1B/01_af2_new/PTP1B.AF2rank244.pdb,/home/wms/AF2-test/AF2-CatGraph/data/PTP1B/01_af2_new/PTP1B.AF2rank244.pdb,/home/wms/AF2-test/AF2-CatGraph-test5/data/PTP1B/01_af2/6B90.243.pdb,source_if_available,source,/home/wms/AF2-test/AF2-CatGraph-test5/data/PTP1B/01_af2/6B90.243.pdb,results/PTP1B/01_af2_prepare/pdb/standardized/PTP1B_AF2_0244.pdb,,,
PTP1B_AF2_0245,,245,PTP1B.AF2rank245,PTP1B.AF2rank245.pdb,/home/wms/AF2-test/AF2-CatGraph/data/PTP1B/01_af2_new/PTP1B.AF2rank245.pdb,/home/wms/AF2-test/AF2-CatGraph/data/PTP1B/01_af2_new/PTP1B.AF2rank245.pdb,/home/wms/AF2-test/AF2-CatGraph-test5/data/PTP1B/01_af2/6B90.244.pdb,source_if_available,source,/home/wms/AF2-test/AF2-CatGraph-test5/data/PTP1B/01_af2/6B90.244.pdb,results/PTP1B/01_af2_prepare/pdb/standardized/PTP1B_AF2_0245.pdb,,,
PTP1B_AF2_0246,,246,PTP1B.AF2rank246,PTP1B.AF2rank246.pdb,/home/wms/AF2-test/AF2-CatGraph/data/PTP1B/01_af2_new/PTP1B.AF2rank246.pdb,/home/wms/AF2-test/AF2-CatGraph/data/PTP1B/01_af2_new/PTP1B.AF2rank246.pdb,/home/wms/AF2-test/AF2-CatGraph-test5/data/PTP1B/01_af2/6B90.245.pdb,source_if_available,source,/home/wms/AF2-test/AF2-CatGraph-test5/data/PTP1B/01_af2/6B90.245.pdb,results/PTP1B/01_af2_prepare/pdb/standardized/PTP1B_AF2_0246.pdb,,,
PTP1B_AF2_0247,,247,PTP1B.AF2rank247,PTP1B.AF2rank247.pdb,/home/wms/AF2-test/AF2-CatGraph/data/PTP1B/01_af2_new/PTP1B.AF2rank247.pdb,/home/wms/AF2-test/AF2-CatGraph/data/PTP1B/01_af2_new/PTP1B.AF2rank247.pdb,/home/wms/AF2-test/AF2-CatGraph-test5/data/PTP1B/01_af2/6B90.246.pdb,source_if_available,source,/home/wms/AF2-test/AF2-CatGraph-test5/data/PTP1B/01_af2/6B90.246.pdb,results/PTP1B/01_af2_prepare/pdb/standardized/PTP1B_AF2_0247.pdb,,,
PTP1B_AF2_0248,,248,PTP1B.AF2rank248,PTP1B.AF2rank248.pdb,/home/wms/AF2-test/AF2-CatGraph/data/PTP1B/01_af2_new/PTP1B.AF2rank248.pdb,/home/wms/AF2-test/AF2-CatGraph/data/PTP1B/01_af2_new/PTP1B.AF2rank248.pdb,/home/wms/AF2-test/AF2-CatGraph-test5/data/PTP1B/01_af2/6B90.247.pdb,source_if_available,source,/home/wms/AF2-test/AF2-CatGraph-test5/data/PTP1B/01_af2/6B90.247.pdb,results/PTP1B/01_af2_prepare/pdb/standardized/PTP1B_AF2_0248.pdb,,,
PTP1B_AF2_0249,,249,PTP1B.AF2rank249,PTP1B.AF2rank249.pdb,/home/wms/AF2-test/AF2-CatGraph/data/PTP1B/01_af2_new/PTP1B.AF2rank249.pdb,/home/wms/AF2-test/AF2-CatGraph/data/PTP1B/01_af2_new/PTP1B.AF2rank249.pdb,/home/wms/AF2-test/AF2-CatGraph-test5/data/PTP1B/01_af2/6B90.248.pdb,source_if_available,source,/home/wms/AF2-test/AF2-CatGraph-test5/data/PTP1B/01_af2/6B90.248.pdb,results/PTP1B/01_af2_prepare/pdb/standardized/PTP1B_AF2_0249.pdb,,,
PTP1B_AF2_0250,,250,PTP1B.AF2rank250,PTP1B.AF2rank250.pdb,/home/wms/AF2-test/AF2-CatGraph/data/PTP1B/01_af2_new/PTP1B.AF2rank250.pdb,/home/wms/AF2-test/AF2-CatGraph/data/PTP1B/01_af2_new/PTP1B.AF2rank250.pdb,/home/wms/AF2-test/AF2-CatGraph-test5/data/PTP1B/01_af2/6B90.249.pdb,source_if_available,source,/home/wms/AF2-test/AF2-CatGraph-test5/data/PTP1B/01_af2/6B90.249.pdb,results/PTP1B/01_af2_prepare/pdb/standardized/PTP1B_AF2_0250.pdb,,,
PTP1B_AF2_0251,,251,PTP1B.AF2rank251,PTP1B.AF2rank251.pdb,/home/wms/AF2-test/AF2-CatGraph/data/PTP1B/01_af2_new/PTP1B.AF2rank251.pdb,/home/wms/AF2-test/AF2-CatGraph/data/PTP1B/01_af2_new/PTP1B.AF2rank251.pdb,/home/wms/AF2-test/AF2-CatGraph-test5/data/PTP1B/01_af2/6B90.250.pdb,source_if_available,source,/home/wms/AF2-test/AF2-CatGraph-test5/data/PTP1B/01_af2/6B90.250.pdb,results/PTP1B/01_af2_prepare/pdb/standardized/PTP1B_AF2_0251.pdb,,,
PTP1B_AF2_0252,,252,PTP1B.AF2rank252,PTP1B.AF2rank252.pdb,/home/wms/AF2-test/AF2-CatGraph/data/PTP1B/01_af2_new/PTP1B.AF2rank252.pdb,/home/wms/AF2-test/AF2-CatGraph/data/PTP1B/01_af2_new/PTP1B.AF2rank252.pdb,/home/wms/AF2-test/AF2-CatGraph-test5/data/PTP1B/01_af2/6B90.251.pdb,source_if_available,source,/home/wms/AF2-test/AF2-CatGraph-test5/data/PTP1B/01_af2/6B90.251.pdb,results/PTP1B/01_af2_prepare/pdb/standardized/PTP1B_AF2_0252.pdb,,,
PTP1B_AF2_0253,,253,PTP1B.AF2rank253,PTP1B.AF2rank253.pdb,/home/wms/AF2-test/AF2-CatGraph/data/PTP1B/01_af2_new/PTP1B.AF2rank253.pdb,/home/wms/AF2-test/AF2-CatGraph/data/PTP1B/01_af2_new/PTP1B.AF2rank253.pdb,/home/wms/AF2-test/AF2-CatGraph-test5/data/PTP1B/01_af2/6B90.252.pdb,source_if_available,source,/home/wms/AF2-test/AF2-CatGraph-test5/data/PTP1B/01_af2/6B90.252.pdb,results/PTP1B/01_af2_prepare/pdb/standardized/PTP1B_AF2_0253.pdb,,,
PTP1B_AF2_0254,,254,PTP1B.AF2rank254,PTP1B.AF2rank254.pdb,/home/wms/AF2-test/AF2-CatGraph/data/PTP1B/01_af2_new/PTP1B.AF2rank254.pdb,/home/wms/AF2-test/AF2-CatGraph/data/PTP1B/01_af2_new/PTP1B.AF2rank254.pdb,/home/wms/AF2-test/AF2-CatGraph-test5/data/PTP1B/01_af2/6B90.253.pdb,source_if_available,source,/home/wms/AF2-test/AF2-CatGraph-test5/data/PTP1B/01_af2/6B90.253.pdb,results/PTP1B/01_af2_prepare/pdb/standardized/PTP1B_AF2_0254.pdb,,,
PTP1B_AF2_0255,,255,PTP1B.AF2rank255,PTP1B.AF2rank255.pdb,/home/wms/AF2-test/AF2-CatGraph/data/PTP1B/01_af2_new/PTP1B.AF2rank255.pdb,/home/wms/AF2-test/AF2-CatGraph/data/PTP1B/01_af2_new/PTP1B.AF2rank255.pdb,/home/wms/AF2-test/AF2-CatGraph-test5/data/PTP1B/01_af2/6B90.254.pdb,source_if_available,source,/home/wms/AF2-test/AF2-CatGraph-test5/data/PTP1B/01_af2/6B90.254.pdb,results/PTP1B/01_af2_prepare/pdb/standardized/PTP1B_AF2_0255.pdb,,,
PTP1B_AF2_0256,,256,PTP1B.AF2rank256,PTP1B.AF2rank256.pdb,/home/wms/AF2-test/AF2-CatGraph/data/PTP1B/01_af2_new/PTP1B.AF2rank256.pdb,/home/wms/AF2-test/AF2-CatGraph/data/PTP1B/01_af2_new/PTP1B.AF2rank256.pdb,/home/wms/AF2-test/AF2-CatGraph-test5/data/PTP1B/01_af2/6B90.255.pdb,source_if_available,source,/home/wms/AF2-test/AF2-CatGraph-test5/data/PTP1B/01_af2/6B90.255.pdb,results/PTP1B/01_af2_prepare/pdb/standardized/PTP1B_AF2_0256.pdb,,,
PTP1B_AF2_0257,,257,PTP1B.AF2rank257,PTP1B.AF2rank257.pdb,/home/wms/AF2-test/AF2-CatGraph/data/PTP1B/01_af2_new/PTP1B.AF2rank257.pdb,/home/wms/AF2-test/AF2-CatGraph/data/PTP1B/01_af2_new/PTP1B.AF2rank257.pdb,/home/wms/AF2-test/AF2-CatGraph-test5/data/PTP1B/01_af2/6B90.256.pdb,source_if_available,source,/home/wms/AF2-test/AF2-CatGraph-test5/data/PTP1B/01_af2/6B90.256.pdb,results/PTP1B/01_af2_prepare/pdb/standardized/PTP1B_AF2_0257.pdb,,,
PTP1B_AF2_0258,,258,PTP1B.AF2rank258,PTP1B.AF2rank258.pdb,/home/wms/AF2-test/AF2-CatGraph/data/PTP1B/01_af2_new/PTP1B.AF2rank258.pdb,/home/wms/AF2-test/AF2-CatGraph/data/PTP1B/01_af2_new/PTP1B.AF2rank258.pdb,/home/wms/AF2-test/AF2-CatGraph-test5/data/PTP1B/01_af2/6B90.257.pdb,source_if_available,source,/home/wms/AF2-test/AF2-CatGraph-test5/data/PTP1B/01_af2/6B90.257.pdb,results/PTP1B/01_af2_prepare/pdb/standardized/PTP1B_AF2_0258.pdb,,,
PTP1B_AF2_0259,,259,PTP1B.AF2rank259,PTP1B.AF2rank259.pdb,/home/wms/AF2-test/AF2-CatGraph/data/PTP1B/01_af2_new/PTP1B.AF2rank259.pdb,/home/wms/AF2-test/AF2-CatGraph/data/PTP1B/01_af2_new/PTP1B.AF2rank259.pdb,/home/wms/AF2-test/AF2-CatGraph-test5/data/PTP1B/01_af2/6B90.258.pdb,source_if_available,source,/home/wms/AF2-test/AF2-CatGraph-test5/data/PTP1B/01_af2/6B90.258.pdb,results/PTP1B/01_af2_prepare/pdb/standardized/PTP1B_AF2_0259.pdb,,,
PTP1B_AF2_0260,,260,PTP1B.AF2rank260,PTP1B.AF2rank260.pdb,/home/wms/AF2-test/AF2-CatGraph/data/PTP1B/01_af2_new/PTP1B.AF2rank260.pdb,/home/wms/AF2-test/AF2-CatGraph/data/PTP1B/01_af2_new/PTP1B.AF2rank260.pdb,/home/wms/AF2-test/AF2-CatGraph-test5/data/PTP1B/01_af2/6B90.259.pdb,source_if_available,source,/home/wms/AF2-test/AF2-CatGraph-test5/data/PTP1B/01_af2/6B90.259.pdb,results/PTP1B/01_af2_prepare/pdb/standardized/PTP1B_AF2_0260.pdb,,,
PTP1B_AF2_0261,,261,PTP1B.AF2rank261,PTP1B.AF2rank261.pdb,/home/wms/AF2-test/AF2-CatGraph/data/PTP1B/01_af2_new/PTP1B.AF2rank261.pdb,/home/wms/AF2-test/AF2-CatGraph/data/PTP1B/01_af2_new/PTP1B.AF2rank261.pdb,/home/wms/AF2-test/AF2-CatGraph-test5/data/PTP1B/01_af2/6B90.260.pdb,source_if_available,source,/home/wms/AF2-test/AF2-CatGraph-test5/data/PTP1B/01_af2/6B90.260.pdb,results/PTP1B/01_af2_prepare/pdb/standardized/PTP1B_AF2_0261.pdb,,,
PTP1B_AF2_0262,,262,PTP1B.AF2rank262,PTP1B.AF2rank262.pdb,/home/wms/AF2-test/AF2-CatGraph/data/PTP1B/01_af2_new/PTP1B.AF2rank262.pdb,/home/wms/AF2-test/AF2-CatGraph/data/PTP1B/01_af2_new/PTP1B.AF2rank262.pdb,/home/wms/AF2-test/AF2-CatGraph-test5/data/PTP1B/01_af2/6B90.261.pdb,source_if_available,source,/home/wms/AF2-test/AF2-CatGraph-test5/data/PTP1B/01_af2/6B90.261.pdb,results/PTP1B/01_af2_prepare/pdb/standardized/PTP1B_AF2_0262.pdb,,,
PTP1B_AF2_0263,,263,PTP1B.AF2rank263,PTP1B.AF2rank263.pdb,/home/wms/AF2-test/AF2-CatGraph/data/PTP1B/01_af2_new/PTP1B.AF2rank263.pdb,/home/wms/AF2-test/AF2-CatGraph/data/PTP1B/01_af2_new/PTP1B.AF2rank263.pdb,/home/wms/AF2-test/AF2-CatGraph-test5/data/PTP1B/01_af2/6B90.262.pdb,source_if_available,source,/home/wms/AF2-test/AF2-CatGraph-test5/data/PTP1B/01_af2/6B90.262.pdb,results/PTP1B/01_af2_prepare/pdb/standardized/PTP1B_AF2_0263.pdb,,,
PTP1B_AF2_0264,,264,PTP1B.AF2rank264,PTP1B.AF2rank264.pdb,/home/wms/AF2-test/AF2-CatGraph/data/PTP1B/01_af2_new/PTP1B.AF2rank264.pdb,/home/wms/AF2-test/AF2-CatGraph/data/PTP1B/01_af2_new/PTP1B.AF2rank264.pdb,/home/wms/AF2-test/AF2-CatGraph-test5/data/PTP1B/01_af2/6B90.263.pdb,source_if_available,source,/home/wms/AF2-test/AF2-CatGraph-test5/data/PTP1B/01_af2/6B90.263.pdb,results/PTP1B/01_af2_prepare/pdb/standardized/PTP1B_AF2_0264.pdb,,,
PTP1B_AF2_0265,,265,PTP1B.AF2rank265,PTP1B.AF2rank265.pdb,/home/wms/AF2-test/AF2-CatGraph/data/PTP1B/01_af2_new/PTP1B.AF2rank265.pdb,/home/wms/AF2-test/AF2-CatGraph/data/PTP1B/01_af2_new/PTP1B.AF2rank265.pdb,/home/wms/AF2-test/AF2-CatGraph-test5/data/PTP1B/01_af2/6B90.264.pdb,source_if_available,source,/home/wms/AF2-test/AF2-CatGraph-test5/data/PTP1B/01_af2/6B90.264.pdb,results/PTP1B/01_af2_prepare/pdb/standardized/PTP1B_AF2_0265.pdb,,,
PTP1B_AF2_0266,,266,PTP1B.AF2rank266,PTP1B.AF2rank266.pdb,/home/wms/AF2-test/AF2-CatGraph/data/PTP1B/01_af2_new/PTP1B.AF2rank266.pdb,/home/wms/AF2-test/AF2-CatGraph/data/PTP1B/01_af2_new/PTP1B.AF2rank266.pdb,/home/wms/AF2-test/AF2-CatGraph-test5/data/PTP1B/01_af2/6B90.265.pdb,source_if_available,source,/home/wms/AF2-test/AF2-CatGraph-test5/data/PTP1B/01_af2/6B90.265.pdb,results/PTP1B/01_af2_prepare/pdb/standardized/PTP1B_AF2_0266.pdb,,,
PTP1B_AF2_0267,,267,PTP1B.AF2rank267,PTP1B.AF2rank267.pdb,/home/wms/AF2-test/AF2-CatGraph/data/PTP1B/01_af2_new/PTP1B.AF2rank267.pdb,/home/wms/AF2-test/AF2-CatGraph/data/PTP1B/01_af2_new/PTP1B.AF2rank267.pdb,/home/wms/AF2-test/AF2-CatGraph-test5/data/PTP1B/01_af2/6B90.266.pdb,source_if_available,source,/home/wms/AF2-test/AF2-CatGraph-test5/data/PTP1B/01_af2/6B90.266.pdb,results/PTP1B/01_af2_prepare/pdb/standardized/PTP1B_AF2_0267.pdb,,,
PTP1B_AF2_0268,,268,PTP1B.AF2rank268,PTP1B.AF2rank268.pdb,/home/wms/AF2-test/AF2-CatGraph/data/PTP1B/01_af2_new/PTP1B.AF2rank268.pdb,/home/wms/AF2-test/AF2-CatGraph/data/PTP1B/01_af2_new/PTP1B.AF2rank268.pdb,/home/wms/AF2-test/AF2-CatGraph-test5/data/PTP1B/01_af2/6B90.267.pdb,source_if_available,source,/home/wms/AF2-test/AF2-CatGraph-test5/data/PTP1B/01_af2/6B90.267.pdb,results/PTP1B/01_af2_prepare/pdb/standardized/PTP1B_AF2_0268.pdb,,,
PTP1B_AF2_0269,,269,PTP1B.AF2rank269,PTP1B.AF2rank269.pdb,/home/wms/AF2-test/AF2-CatGraph/data/PTP1B/01_af2_new/PTP1B.AF2rank269.pdb,/home/wms/AF2-test/AF2-CatGraph/data/PTP1B/01_af2_new/PTP1B.AF2rank269.pdb,/home/wms/AF2-test/AF2-CatGraph-test5/data/PTP1B/01_af2/6B90.268.pdb,source_if_available,source,/home/wms/AF2-test/AF2-CatGraph-test5/data/PTP1B/01_af2/6B90.268.pdb,results/PTP1B/01_af2_prepare/pdb/standardized/PTP1B_AF2_0269.pdb,,,
PTP1B_AF2_0270,,270,PTP1B.AF2rank270,PTP1B.AF2rank270.pdb,/home/wms/AF2-test/AF2-CatGraph/data/PTP1B/01_af2_new/PTP1B.AF2rank270.pdb,/home/wms/AF2-test/AF2-CatGraph/data/PTP1B/01_af2_new/PTP1B.AF2rank270.pdb,/home/wms/AF2-test/AF2-CatGraph-test5/data/PTP1B/01_af2/6B90.269.pdb,source_if_available,source,/home/wms/AF2-test/AF2-CatGraph-test5/data/PTP1B/01_af2/6B90.269.pdb,results/PTP1B/01_af2_prepare/pdb/standardized/PTP1B_AF2_0270.pdb,,,
PTP1B_AF2_0271,,271,PTP1B.AF2rank271,PTP1B.AF2rank271.pdb,/home/wms/AF2-test/AF2-CatGraph/data/PTP1B/01_af2_new/PTP1B.AF2rank271.pdb,/home/wms/AF2-test/AF2-CatGraph/data/PTP1B/01_af2_new/PTP1B.AF2rank271.pdb,/home/wms/AF2-test/AF2-CatGraph-test5/data/PTP1B/01_af2/6B90.270.pdb,source_if_available,source,/home/wms/AF2-test/AF2-CatGraph-test5/data/PTP1B/01_af2/6B90.270.pdb,results/PTP1B/01_af2_prepare/pdb/standardized/PTP1B_AF2_0271.pdb,,,
PTP1B_AF2_0272,,272,PTP1B.AF2rank272,PTP1B.AF2rank272.pdb,/home/wms/AF2-test/AF2-CatGraph/data/PTP1B/01_af2_new/PTP1B.AF2rank272.pdb,/home/wms/AF2-test/AF2-CatGraph/data/PTP1B/01_af2_new/PTP1B.AF2rank272.pdb,/home/wms/AF2-test/AF2-CatGraph-test5/data/PTP1B/01_af2/6B90.271.pdb,source_if_available,source,/home/wms/AF2-test/AF2-CatGraph-test5/data/PTP1B/01_af2/6B90.271.pdb,results/PTP1B/01_af2_prepare/pdb/standardized/PTP1B_AF2_0272.pdb,,,
PTP1B_AF2_0273,,273,PTP1B.AF2rank273,PTP1B.AF2rank273.pdb,/home/wms/AF2-test/AF2-CatGraph/data/PTP1B/01_af2_new/PTP1B.AF2rank273.pdb,/home/wms/AF2-test/AF2-CatGraph/data/PTP1B/01_af2_new/PTP1B.AF2rank273.pdb,/home/wms/AF2-test/AF2-CatGraph-test5/data/PTP1B/01_af2/6B90.272.pdb,source_if_available,source,/home/wms/AF2-test/AF2-CatGraph-test5/data/PTP1B/01_af2/6B90.272.pdb,results/PTP1B/01_af2_prepare/pdb/standardized/PTP1B_AF2_0273.pdb,,,
PTP1B_AF2_0274,,274,PTP1B.AF2rank274,PTP1B.AF2rank274.pdb,/home/wms/AF2-test/AF2-CatGraph/data/PTP1B/01_af2_new/PTP1B.AF2rank274.pdb,/home/wms/AF2-test/AF2-CatGraph/data/PTP1B/01_af2_new/PTP1B.AF2rank274.pdb,/home/wms/AF2-test/AF2-CatGraph-test5/data/PTP1B/01_af2/6B90.273.pdb,source_if_available,source,/home/wms/AF2-test/AF2-CatGraph-test5/data/PTP1B/01_af2/6B90.273.pdb,results/PTP1B/01_af2_prepare/pdb/standardized/PTP1B_AF2_0274.pdb,,,
PTP1B_AF2_0275,,275,PTP1B.AF2rank275,PTP1B.AF2rank275.pdb,/home/wms/AF2-test/AF2-CatGraph/data/PTP1B/01_af2_new/PTP1B.AF2rank275.pdb,/home/wms/AF2-test/AF2-CatGraph/data/PTP1B/01_af2_new/PTP1B.AF2rank275.pdb,/home/wms/AF2-test/AF2-CatGraph-test5/data/PTP1B/01_af2/6B90.274.pdb,source_if_available,source,/home/wms/AF2-test/AF2-CatGraph-test5/data/PTP1B/01_af2/6B90.274.pdb,results/PTP1B/01_af2_prepare/pdb/standardized/PTP1B_AF2_0275.pdb,,,
PTP1B_AF2_0276,,276,PTP1B.AF2rank276,PTP1B.AF2rank276.pdb,/home/wms/AF2-test/AF2-CatGraph/data/PTP1B/01_af2_new/PTP1B.AF2rank276.pdb,/home/wms/AF2-test/AF2-CatGraph/data/PTP1B/01_af2_new/PTP1B.AF2rank276.pdb,/home/wms/AF2-test/AF2-CatGraph-test5/data/PTP1B/01_af2/6B90.275.pdb,source_if_available,source,/home/wms/AF2-test/AF2-CatGraph-test5/data/PTP1B/01_af2/6B90.275.pdb,results/PTP1B/01_af2_prepare/pdb/standardized/PTP1B_AF2_0276.pdb,,,
PTP1B_AF2_0277,,277,PTP1B.AF2rank277,PTP1B.AF2rank277.pdb,/home/wms/AF2-test/AF2-CatGraph/data/PTP1B/01_af2_new/PTP1B.AF2rank277.pdb,/home/wms/AF2-test/AF2-CatGraph/data/PTP1B/01_af2_new/PTP1B.AF2rank277.pdb,/home/wms/AF2-test/AF2-CatGraph-test5/data/PTP1B/01_af2/6B90.276.pdb,source_if_available,source,/home/wms/AF2-test/AF2-CatGraph-test5/data/PTP1B/01_af2/6B90.276.pdb,results/PTP1B/01_af2_prepare/pdb/standardized/PTP1B_AF2_0277.pdb,,,
PTP1B_AF2_0278,,278,PTP1B.AF2rank278,PTP1B.AF2rank278.pdb,/home/wms/AF2-test/AF2-CatGraph/data/PTP1B/01_af2_new/PTP1B.AF2rank278.pdb,/home/wms/AF2-test/AF2-CatGraph/data/PTP1B/01_af2_new/PTP1B.AF2rank278.pdb,/home/wms/AF2-test/AF2-CatGraph-test5/data/PTP1B/01_af2/6B90.277.pdb,source_if_available,source,/home/wms/AF2-test/AF2-CatGraph-test5/data/PTP1B/01_af2/6B90.277.pdb,results/PTP1B/01_af2_prepare/pdb/standardized/PTP1B_AF2_0278.pdb,,,
PTP1B_AF2_0279,,279,PTP1B.AF2rank279,PTP1B.AF2rank279.pdb,/home/wms/AF2-test/AF2-CatGraph/data/PTP1B/01_af2_new/PTP1B.AF2rank279.pdb,/home/wms/AF2-test/AF2-CatGraph/data/PTP1B/01_af2_new/PTP1B.AF2rank279.pdb,/home/wms/AF2-test/AF2-CatGraph-test5/data/PTP1B/01_af2/6B90.278.pdb,source_if_available,source,/home/wms/AF2-test/AF2-CatGraph-test5/data/PTP1B/01_af2/6B90.278.pdb,results/PTP1B/01_af2_prepare/pdb/standardized/PTP1B_AF2_0279.pdb,,,
PTP1B_AF2_0280,,280,PTP1B.AF2rank280,PTP1B.AF2rank280.pdb,/home/wms/AF2-test/AF2-CatGraph/data/PTP1B/01_af2_new/PTP1B.AF2rank280.pdb,/home/wms/AF2-test/AF2-CatGraph/data/PTP1B/01_af2_new/PTP1B.AF2rank280.pdb,/home/wms/AF2-test/AF2-CatGraph-test5/data/PTP1B/01_af2/6B90.279.pdb,source_if_available,source,/home/wms/AF2-test/AF2-CatGraph-test5/data/PTP1B/01_af2/6B90.279.pdb,results/PTP1B/01_af2_prepare/pdb/standardized/PTP1B_AF2_0280.pdb,,,
PTP1B_AF2_0281,,281,PTP1B.AF2rank281,PTP1B.AF2rank281.pdb,/home/wms/AF2-test/AF2-CatGraph/data/PTP1B/01_af2_new/PTP1B.AF2rank281.pdb,/home/wms/AF2-test/AF2-CatGraph/data/PTP1B/01_af2_new/PTP1B.AF2rank281.pdb,/home/wms/AF2-test/AF2-CatGraph-test5/data/PTP1B/01_af2/6B90.280.pdb,source_if_available,source,/home/wms/AF2-test/AF2-CatGraph-test5/data/PTP1B/01_af2/6B90.280.pdb,results/PTP1B/01_af2_prepare/pdb/standardized/PTP1B_AF2_0281.pdb,,,
PTP1B_AF2_0282,,282,PTP1B.AF2rank282,PTP1B.AF2rank282.pdb,/home/wms/AF2-test/AF2-CatGraph/data/PTP1B/01_af2_new/PTP1B.AF2rank282.pdb,/home/wms/AF2-test/AF2-CatGraph/data/PTP1B/01_af2_new/PTP1B.AF2rank282.pdb,/home/wms/AF2-test/AF2-CatGraph-test5/data/PTP1B/01_af2/6B90.281.pdb,source_if_available,source,/home/wms/AF2-test/AF2-CatGraph-test5/data/PTP1B/01_af2/6B90.281.pdb,results/PTP1B/01_af2_prepare/pdb/standardized/PTP1B_AF2_0282.pdb,,,
PTP1B_AF2_0283,,283,PTP1B.AF2rank283,PTP1B.AF2rank283.pdb,/home/wms/AF2-test/AF2-CatGraph/data/PTP1B/01_af2_new/PTP1B.AF2rank283.pdb,/home/wms/AF2-test/AF2-CatGraph/data/PTP1B/01_af2_new/PTP1B.AF2rank283.pdb,/home/wms/AF2-test/AF2-CatGraph-test5/data/PTP1B/01_af2/6B90.282.pdb,source_if_available,source,/home/wms/AF2-test/AF2-CatGraph-test5/data/PTP1B/01_af2/6B90.282.pdb,results/PTP1B/01_af2_prepare/pdb/standardized/PTP1B_AF2_0283.pdb,,,
PTP1B_AF2_0284,,284,PTP1B.AF2rank284,PTP1B.AF2rank284.pdb,/home/wms/AF2-test/AF2-CatGraph/data/PTP1B/01_af2_new/PTP1B.AF2rank284.pdb,/home/wms/AF2-test/AF2-CatGraph/data/PTP1B/01_af2_new/PTP1B.AF2rank284.pdb,/home/wms/AF2-test/AF2-CatGraph-test5/data/PTP1B/01_af2/6B90.283.pdb,source_if_available,source,/home/wms/AF2-test/AF2-CatGraph-test5/data/PTP1B/01_af2/6B90.283.pdb,results/PTP1B/01_af2_prepare/pdb/standardized/PTP1B_AF2_0284.pdb,,,
PTP1B_AF2_0285,,285,PTP1B.AF2rank285,PTP1B.AF2rank285.pdb,/home/wms/AF2-test/AF2-CatGraph/data/PTP1B/01_af2_new/PTP1B.AF2rank285.pdb,/home/wms/AF2-test/AF2-CatGraph/data/PTP1B/01_af2_new/PTP1B.AF2rank285.pdb,/home/wms/AF2-test/AF2-CatGraph-test5/data/PTP1B/01_af2/6B90.284.pdb,source_if_available,source,/home/wms/AF2-test/AF2-CatGraph-test5/data/PTP1B/01_af2/6B90.284.pdb,results/PTP1B/01_af2_prepare/pdb/standardized/PTP1B_AF2_0285.pdb,,,
PTP1B_AF2_0286,,286,PTP1B.AF2rank286,PTP1B.AF2rank286.pdb,/home/wms/AF2-test/AF2-CatGraph/data/PTP1B/01_af2_new/PTP1B.AF2rank286.pdb,/home/wms/AF2-test/AF2-CatGraph/data/PTP1B/01_af2_new/PTP1B.AF2rank286.pdb,/home/wms/AF2-test/AF2-CatGraph-test5/data/PTP1B/01_af2/6B90.285.pdb,source_if_available,source,/home/wms/AF2-test/AF2-CatGraph-test5/data/PTP1B/01_af2/6B90.285.pdb,results/PTP1B/01_af2_prepare/pdb/standardized/PTP1B_AF2_0286.pdb,,,
PTP1B_AF2_0287,,287,PTP1B.AF2rank287,PTP1B.AF2rank287.pdb,/home/wms/AF2-test/AF2-CatGraph/data/PTP1B/01_af2_new/PTP1B.AF2rank287.pdb,/home/wms/AF2-test/AF2-CatGraph/data/PTP1B/01_af2_new/PTP1B.AF2rank287.pdb,/home/wms/AF2-test/AF2-CatGraph-test5/data/PTP1B/01_af2/6B90.286.pdb,source_if_available,source,/home/wms/AF2-test/AF2-CatGraph-test5/data/PTP1B/01_af2/6B90.286.pdb,results/PTP1B/01_af2_prepare/pdb/standardized/PTP1B_AF2_0287.pdb,,,
PTP1B_AF2_0288,,288,PTP1B.AF2rank288,PTP1B.AF2rank288.pdb,/home/wms/AF2-test/AF2-CatGraph/data/PTP1B/01_af2_new/PTP1B.AF2rank288.pdb,/home/wms/AF2-test/AF2-CatGraph/data/PTP1B/01_af2_new/PTP1B.AF2rank288.pdb,/home/wms/AF2-test/AF2-CatGraph-test5/data/PTP1B/01_af2/6B90.287.pdb,source_if_available,source,/home/wms/AF2-test/AF2-CatGraph-test5/data/PTP1B/01_af2/6B90.287.pdb,results/PTP1B/01_af2_prepare/pdb/standardized/PTP1B_AF2_0288.pdb,,,
PTP1B_AF2_0289,,289,PTP1B.AF2rank289,PTP1B.AF2rank289.pdb,/home/wms/AF2-test/AF2-CatGraph/data/PTP1B/01_af2_new/PTP1B.AF2rank289.pdb,/home/wms/AF2-test/AF2-CatGraph/data/PTP1B/01_af2_new/PTP1B.AF2rank289.pdb,/home/wms/AF2-test/AF2-CatGraph-test5/data/PTP1B/01_af2/6B90.288.pdb,source_if_available,source,/home/wms/AF2-test/AF2-CatGraph-test5/data/PTP1B/01_af2/6B90.288.pdb,results/PTP1B/01_af2_prepare/pdb/standardized/PTP1B_AF2_0289.pdb,,,
PTP1B_AF2_0290,,290,PTP1B.AF2rank290,PTP1B.AF2rank290.pdb,/home/wms/AF2-test/AF2-CatGraph/data/PTP1B/01_af2_new/PTP1B.AF2rank290.pdb,/home/wms/AF2-test/AF2-CatGraph/data/PTP1B/01_af2_new/PTP1B.AF2rank290.pdb,/home/wms/AF2-test/AF2-CatGraph-test5/data/PTP1B/01_af2/6B90.289.pdb,source_if_available,source,/home/wms/AF2-test/AF2-CatGraph-test5/data/PTP1B/01_af2/6B90.289.pdb,results/PTP1B/01_af2_prepare/pdb/standardized/PTP1B_AF2_0290.pdb,,,
PTP1B_AF2_0291,,291,PTP1B.AF2rank291,PTP1B.AF2rank291.pdb,/home/wms/AF2-test/AF2-CatGraph/data/PTP1B/01_af2_new/PTP1B.AF2rank291.pdb,/home/wms/AF2-test/AF2-CatGraph/data/PTP1B/01_af2_new/PTP1B.AF2rank291.pdb,/home/wms/AF2-test/AF2-CatGraph-test5/data/PTP1B/01_af2/6B90.290.pdb,source_if_available,source,/home/wms/AF2-test/AF2-CatGraph-test5/data/PTP1B/01_af2/6B90.290.pdb,results/PTP1B/01_af2_prepare/pdb/standardized/PTP1B_AF2_0291.pdb,,,
PTP1B_AF2_0292,,292,PTP1B.AF2rank292,PTP1B.AF2rank292.pdb,/home/wms/AF2-test/AF2-CatGraph/data/PTP1B/01_af2_new/PTP1B.AF2rank292.pdb,/home/wms/AF2-test/AF2-CatGraph/data/PTP1B/01_af2_new/PTP1B.AF2rank292.pdb,/home/wms/AF2-test/AF2-CatGraph-test5/data/PTP1B/01_af2/6B90.291.pdb,source_if_available,source,/home/wms/AF2-test/AF2-CatGraph-test5/data/PTP1B/01_af2/6B90.291.pdb,results/PTP1B/01_af2_prepare/pdb/standardized/PTP1B_AF2_0292.pdb,,,
PTP1B_AF2_0293,,293,PTP1B.AF2rank293,PTP1B.AF2rank293.pdb,/home/wms/AF2-test/AF2-CatGraph/data/PTP1B/01_af2_new/PTP1B.AF2rank293.pdb,/home/wms/AF2-test/AF2-CatGraph/data/PTP1B/01_af2_new/PTP1B.AF2rank293.pdb,/home/wms/AF2-test/AF2-CatGraph-test5/data/PTP1B/01_af2/6B90.292.pdb,source_if_available,source,/home/wms/AF2-test/AF2-CatGraph-test5/data/PTP1B/01_af2/6B90.292.pdb,results/PTP1B/01_af2_prepare/pdb/standardized/PTP1B_AF2_0293.pdb,,,
PTP1B_AF2_0294,,294,PTP1B.AF2rank294,PTP1B.AF2rank294.pdb,/home/wms/AF2-test/AF2-CatGraph/data/PTP1B/01_af2_new/PTP1B.AF2rank294.pdb,/home/wms/AF2-test/AF2-CatGraph/data/PTP1B/01_af2_new/PTP1B.AF2rank294.pdb,/home/wms/AF2-test/AF2-CatGraph-test5/data/PTP1B/01_af2/6B90.293.pdb,source_if_available,source,/home/wms/AF2-test/AF2-CatGraph-test5/data/PTP1B/01_af2/6B90.293.pdb,results/PTP1B/01_af2_prepare/pdb/standardized/PTP1B_AF2_0294.pdb,,,
PTP1B_AF2_0295,,295,PTP1B.AF2rank295,PTP1B.AF2rank295.pdb,/home/wms/AF2-test/AF2-CatGraph/data/PTP1B/01_af2_new/PTP1B.AF2rank295.pdb,/home/wms/AF2-test/AF2-CatGraph/data/PTP1B/01_af2_new/PTP1B.AF2rank295.pdb,/home/wms/AF2-test/AF2-CatGraph-test5/data/PTP1B/01_af2/6B90.294.pdb,source_if_available,source,/home/wms/AF2-test/AF2-CatGraph-test5/data/PTP1B/01_af2/6B90.294.pdb,results/PTP1B/01_af2_prepare/pdb/standardized/PTP1B_AF2_0295.pdb,,,
PTP1B_AF2_0296,,296,PTP1B.AF2rank296,PTP1B.AF2rank296.pdb,/home/wms/AF2-test/AF2-CatGraph/data/PTP1B/01_af2_new/PTP1B.AF2rank296.pdb,/home/wms/AF2-test/AF2-CatGraph/data/PTP1B/01_af2_new/PTP1B.AF2rank296.pdb,/home/wms/AF2-test/AF2-CatGraph-test5/data/PTP1B/01_af2/6B90.295.pdb,source_if_available,source,/home/wms/AF2-test/AF2-CatGraph-test5/data/PTP1B/01_af2/6B90.295.pdb,results/PTP1B/01_af2_prepare/pdb/standardized/PTP1B_AF2_0296.pdb,,,
PTP1B_AF2_0297,,297,PTP1B.AF2rank297,PTP1B.AF2rank297.pdb,/home/wms/AF2-test/AF2-CatGraph/data/PTP1B/01_af2_new/PTP1B.AF2rank297.pdb,/home/wms/AF2-test/AF2-CatGraph/data/PTP1B/01_af2_new/PTP1B.AF2rank297.pdb,/home/wms/AF2-test/AF2-CatGraph-test5/data/PTP1B/01_af2/6B90.296.pdb,source_if_available,source,/home/wms/AF2-test/AF2-CatGraph-test5/data/PTP1B/01_af2/6B90.296.pdb,results/PTP1B/01_af2_prepare/pdb/standardized/PTP1B_AF2_0297.pdb,,,
PTP1B_AF2_0298,,298,PTP1B.AF2rank298,PTP1B.AF2rank298.pdb,/home/wms/AF2-test/AF2-CatGraph/data/PTP1B/01_af2_new/PTP1B.AF2rank298.pdb,/home/wms/AF2-test/AF2-CatGraph/data/PTP1B/01_af2_new/PTP1B.AF2rank298.pdb,/home/wms/AF2-test/AF2-CatGraph-test5/data/PTP1B/01_af2/6B90.297.pdb,source_if_available,source,/home/wms/AF2-test/AF2-CatGraph-test5/data/PTP1B/01_af2/6B90.297.pdb,results/PTP1B/01_af2_prepare/pdb/standardized/PTP1B_AF2_0298.pdb,,,
PTP1B_AF2_0299,,299,PTP1B.AF2rank299,PTP1B.AF2rank299.pdb,/home/wms/AF2-test/AF2-CatGraph/data/PTP1B/01_af2_new/PTP1B.AF2rank299.pdb,/home/wms/AF2-test/AF2-CatGraph/data/PTP1B/01_af2_new/PTP1B.AF2rank299.pdb,/home/wms/AF2-test/AF2-CatGraph-test5/data/PTP1B/01_af2/6B90.298.pdb,source_if_available,source,/home/wms/AF2-test/AF2-CatGraph-test5/data/PTP1B/01_af2/6B90.298.pdb,results/PTP1B/01_af2_prepare/pdb/standardized/PTP1B_AF2_0299.pdb,,,
PTP1B_AF2_0300,,300,PTP1B.AF2rank300,PTP1B.AF2rank300.pdb,/home/wms/AF2-test/AF2-CatGraph/data/PTP1B/01_af2_new/PTP1B.AF2rank300.pdb,/home/wms/AF2-test/AF2-CatGraph/data/PTP1B/01_af2_new/PTP1B.AF2rank300.pdb,/home/wms/AF2-test/AF2-CatGraph-test5/data/PTP1B/01_af2/6B90.299.pdb,source_if_available,source,/home/wms/AF2-test/AF2-CatGraph-test5/data/PTP1B/01_af2/6B90.299.pdb,results/PTP1B/01_af2_prepare/pdb/standardized/PTP1B_AF2_0300.pdb,,,
PTP1B_AF2_0301,,301,PTP1B.AF2rank301,PTP1B.AF2rank301.pdb,/home/wms/AF2-test/AF2-CatGraph/data/PTP1B/01_af2_new/PTP1B.AF2rank301.pdb,/home/wms/AF2-test/AF2-CatGraph/data/PTP1B/01_af2_new/PTP1B.AF2rank301.pdb,/home/wms/AF2-test/AF2-CatGraph-test5/data/PTP1B/01_af2/6B90.300.pdb,source_if_available,source,/home/wms/AF2-test/AF2-CatGraph-test5/data/PTP1B/01_af2/6B90.300.pdb,results/PTP1B/01_af2_prepare/pdb/standardized/PTP1B_AF2_0301.pdb,,,
PTP1B_AF2_0302,,302,PTP1B.AF2rank302,PTP1B.AF2rank302.pdb,/home/wms/AF2-test/AF2-CatGraph/data/PTP1B/01_af2_new/PTP1B.AF2rank302.pdb,/home/wms/AF2-test/AF2-CatGraph/data/PTP1B/01_af2_new/PTP1B.AF2rank302.pdb,/home/wms/AF2-test/AF2-CatGraph-test5/data/PTP1B/01_af2/6B90.301.pdb,source_if_available,source,/home/wms/AF2-test/AF2-CatGraph-test5/data/PTP1B/01_af2/6B90.301.pdb,results/PTP1B/01_af2_prepare/pdb/standardized/PTP1B_AF2_0302.pdb,,,
PTP1B_AF2_0303,,303,PTP1B.AF2rank303,PTP1B.AF2rank303.pdb,/home/wms/AF2-test/AF2-CatGraph/data/PTP1B/01_af2_new/PTP1B.AF2rank303.pdb,/home/wms/AF2-test/AF2-CatGraph/data/PTP1B/01_af2_new/PTP1B.AF2rank303.pdb,/home/wms/AF2-test/AF2-CatGraph-test5/data/PTP1B/01_af2/6B90.302.pdb,source_if_available,source,/home/wms/AF2-test/AF2-CatGraph-test5/data/PTP1B/01_af2/6B90.302.pdb,results/PTP1B/01_af2_prepare/pdb/standardized/PTP1B_AF2_0303.pdb,,,
PTP1B_AF2_0304,,304,PTP1B.AF2rank304,PTP1B.AF2rank304.pdb,/home/wms/AF2-test/AF2-CatGraph/data/PTP1B/01_af2_new/PTP1B.AF2rank304.pdb,/home/wms/AF2-test/AF2-CatGraph/data/PTP1B/01_af2_new/PTP1B.AF2rank304.pdb,/home/wms/AF2-test/AF2-CatGraph-test5/data/PTP1B/01_af2/6B90.303.pdb,source_if_available,source,/home/wms/AF2-test/AF2-CatGraph-test5/data/PTP1B/01_af2/6B90.303.pdb,results/PTP1B/01_af2_prepare/pdb/standardized/PTP1B_AF2_0304.pdb,,,
PTP1B_AF2_0305,,305,PTP1B.AF2rank305,PTP1B.AF2rank305.pdb,/home/wms/AF2-test/AF2-CatGraph/data/PTP1B/01_af2_new/PTP1B.AF2rank305.pdb,/home/wms/AF2-test/AF2-CatGraph/data/PTP1B/01_af2_new/PTP1B.AF2rank305.pdb,/home/wms/AF2-test/AF2-CatGraph-test5/data/PTP1B/01_af2/6B90.304.pdb,source_if_available,source,/home/wms/AF2-test/AF2-CatGraph-test5/data/PTP1B/01_af2/6B90.304.pdb,results/PTP1B/01_af2_prepare/pdb/standardized/PTP1B_AF2_0305.pdb,,,
PTP1B_AF2_0306,,306,PTP1B.AF2rank306,PTP1B.AF2rank306.pdb,/home/wms/AF2-test/AF2-CatGraph/data/PTP1B/01_af2_new/PTP1B.AF2rank306.pdb,/home/wms/AF2-test/AF2-CatGraph/data/PTP1B/01_af2_new/PTP1B.AF2rank306.pdb,/home/wms/AF2-test/AF2-CatGraph-test5/data/PTP1B/01_af2/6B90.305.pdb,source_if_available,source,/home/wms/AF2-test/AF2-CatGraph-test5/data/PTP1B/01_af2/6B90.305.pdb,results/PTP1B/01_af2_prepare/pdb/standardized/PTP1B_AF2_0306.pdb,,,
PTP1B_AF2_0307,,307,PTP1B.AF2rank307,PTP1B.AF2rank307.pdb,/home/wms/AF2-test/AF2-CatGraph/data/PTP1B/01_af2_new/PTP1B.AF2rank307.pdb,/home/wms/AF2-test/AF2-CatGraph/data/PTP1B/01_af2_new/PTP1B.AF2rank307.pdb,/home/wms/AF2-test/AF2-CatGraph-test5/data/PTP1B/01_af2/6B90.306.pdb,source_if_available,source,/home/wms/AF2-test/AF2-CatGraph-test5/data/PTP1B/01_af2/6B90.306.pdb,results/PTP1B/01_af2_prepare/pdb/standardized/PTP1B_AF2_0307.pdb,,,
PTP1B_AF2_0308,,308,PTP1B.AF2rank308,PTP1B.AF2rank308.pdb,/home/wms/AF2-test/AF2-CatGraph/data/PTP1B/01_af2_new/PTP1B.AF2rank308.pdb,/home/wms/AF2-test/AF2-CatGraph/data/PTP1B/01_af2_new/PTP1B.AF2rank308.pdb,/home/wms/AF2-test/AF2-CatGraph-test5/data/PTP1B/01_af2/6B90.307.pdb,source_if_available,source,/home/wms/AF2-test/AF2-CatGraph-test5/data/PTP1B/01_af2/6B90.307.pdb,results/PTP1B/01_af2_prepare/pdb/standardized/PTP1B_AF2_0308.pdb,,,
PTP1B_AF2_0309,,309,PTP1B.AF2rank309,PTP1B.AF2rank309.pdb,/home/wms/AF2-test/AF2-CatGraph/data/PTP1B/01_af2_new/PTP1B.AF2rank309.pdb,/home/wms/AF2-test/AF2-CatGraph/data/PTP1B/01_af2_new/PTP1B.AF2rank309.pdb,/home/wms/AF2-test/AF2-CatGraph-test5/data/PTP1B/01_af2/6B90.308.pdb,source_if_available,source,/home/wms/AF2-test/AF2-CatGraph-test5/data/PTP1B/01_af2/6B90.308.pdb,results/PTP1B/01_af2_prepare/pdb/standardized/PTP1B_AF2_0309.pdb,,,
PTP1B_AF2_0310,,310,PTP1B.AF2rank310,PTP1B.AF2rank310.pdb,/home/wms/AF2-test/AF2-CatGraph/data/PTP1B/01_af2_new/PTP1B.AF2rank310.pdb,/home/wms/AF2-test/AF2-CatGraph/data/PTP1B/01_af2_new/PTP1B.AF2rank310.pdb,/home/wms/AF2-test/AF2-CatGraph-test5/data/PTP1B/01_af2/6B90.309.pdb,source_if_available,source,/home/wms/AF2-test/AF2-CatGraph-test5/data/PTP1B/01_af2/6B90.309.pdb,results/PTP1B/01_af2_prepare/pdb/standardized/PTP1B_AF2_0310.pdb,,,
PTP1B_AF2_0311,,311,PTP1B.AF2rank311,PTP1B.AF2rank311.pdb,/home/wms/AF2-test/AF2-CatGraph/data/PTP1B/01_af2_new/PTP1B.AF2rank311.pdb,/home/wms/AF2-test/AF2-CatGraph/data/PTP1B/01_af2_new/PTP1B.AF2rank311.pdb,/home/wms/AF2-test/AF2-CatGraph-test5/data/PTP1B/01_af2/6B90.310.pdb,source_if_available,source,/home/wms/AF2-test/AF2-CatGraph-test5/data/PTP1B/01_af2/6B90.310.pdb,results/PTP1B/01_af2_prepare/pdb/standardized/PTP1B_AF2_0311.pdb,,,
PTP1B_AF2_0312,,312,PTP1B.AF2rank312,PTP1B.AF2rank312.pdb,/home/wms/AF2-test/AF2-CatGraph/data/PTP1B/01_af2_new/PTP1B.AF2rank312.pdb,/home/wms/AF2-test/AF2-CatGraph/data/PTP1B/01_af2_new/PTP1B.AF2rank312.pdb,/home/wms/AF2-test/AF2-CatGraph-test5/data/PTP1B/01_af2/6B90.311.pdb,source_if_available,source,/home/wms/AF2-test/AF2-CatGraph-test5/data/PTP1B/01_af2/6B90.311.pdb,results/PTP1B/01_af2_prepare/pdb/standardized/PTP1B_AF2_0312.pdb,,,
PTP1B_AF2_0313,,313,PTP1B.AF2rank313,PTP1B.AF2rank313.pdb,/home/wms/AF2-test/AF2-CatGraph/data/PTP1B/01_af2_new/PTP1B.AF2rank313.pdb,/home/wms/AF2-test/AF2-CatGraph/data/PTP1B/01_af2_new/PTP1B.AF2rank313.pdb,/home/wms/AF2-test/AF2-CatGraph-test5/data/PTP1B/01_af2/6B90.312.pdb,source_if_available,source,/home/wms/AF2-test/AF2-CatGraph-test5/data/PTP1B/01_af2/6B90.312.pdb,results/PTP1B/01_af2_prepare/pdb/standardized/PTP1B_AF2_0313.pdb,,,
PTP1B_AF2_0314,,314,PTP1B.AF2rank314,PTP1B.AF2rank314.pdb,/home/wms/AF2-test/AF2-CatGraph/data/PTP1B/01_af2_new/PTP1B.AF2rank314.pdb,/home/wms/AF2-test/AF2-CatGraph/data/PTP1B/01_af2_new/PTP1B.AF2rank314.pdb,/home/wms/AF2-test/AF2-CatGraph-test5/data/PTP1B/01_af2/6B90.313.pdb,source_if_available,source,/home/wms/AF2-test/AF2-CatGraph-test5/data/PTP1B/01_af2/6B90.313.pdb,results/PTP1B/01_af2_prepare/pdb/standardized/PTP1B_AF2_0314.pdb,,,
PTP1B_AF2_0315,,315,PTP1B.AF2rank315,PTP1B.AF2rank315.pdb,/home/wms/AF2-test/AF2-CatGraph/data/PTP1B/01_af2_new/PTP1B.AF2rank315.pdb,/home/wms/AF2-test/AF2-CatGraph/data/PTP1B/01_af2_new/PTP1B.AF2rank315.pdb,/home/wms/AF2-test/AF2-CatGraph-test5/data/PTP1B/01_af2/6B90.314.pdb,source_if_available,source,/home/wms/AF2-test/AF2-CatGraph-test5/data/PTP1B/01_af2/6B90.314.pdb,results/PTP1B/01_af2_prepare/pdb/standardized/PTP1B_AF2_0315.pdb,,,
PTP1B_AF2_0316,,316,PTP1B.AF2rank316,PTP1B.AF2rank316.pdb,/home/wms/AF2-test/AF2-CatGraph/data/PTP1B/01_af2_new/PTP1B.AF2rank316.pdb,/home/wms/AF2-test/AF2-CatGraph/data/PTP1B/01_af2_new/PTP1B.AF2rank316.pdb,/home/wms/AF2-test/AF2-CatGraph-test5/data/PTP1B/01_af2/6B90.315.pdb,source_if_available,source,/home/wms/AF2-test/AF2-CatGraph-test5/data/PTP1B/01_af2/6B90.315.pdb,results/PTP1B/01_af2_prepare/pdb/standardized/PTP1B_AF2_0316.pdb,,,
PTP1B_AF2_0317,,317,PTP1B.AF2rank317,PTP1B.AF2rank317.pdb,/home/wms/AF2-test/AF2-CatGraph/data/PTP1B/01_af2_new/PTP1B.AF2rank317.pdb,/home/wms/AF2-test/AF2-CatGraph/data/PTP1B/01_af2_new/PTP1B.AF2rank317.pdb,/home/wms/AF2-test/AF2-CatGraph-test5/data/PTP1B/01_af2/6B90.316.pdb,source_if_available,source,/home/wms/AF2-test/AF2-CatGraph-test5/data/PTP1B/01_af2/6B90.316.pdb,results/PTP1B/01_af2_prepare/pdb/standardized/PTP1B_AF2_0317.pdb,,,
PTP1B_AF2_0318,,318,PTP1B.AF2rank318,PTP1B.AF2rank318.pdb,/home/wms/AF2-test/AF2-CatGraph/data/PTP1B/01_af2_new/PTP1B.AF2rank318.pdb,/home/wms/AF2-test/AF2-CatGraph/data/PTP1B/01_af2_new/PTP1B.AF2rank318.pdb,/home/wms/AF2-test/AF2-CatGraph-test5/data/PTP1B/01_af2/6B90.317.pdb,source_if_available,source,/home/wms/AF2-test/AF2-CatGraph-test5/data/PTP1B/01_af2/6B90.317.pdb,results/PTP1B/01_af2_prepare/pdb/standardized/PTP1B_AF2_0318.pdb,,,
PTP1B_AF2_0319,,319,PTP1B.AF2rank319,PTP1B.AF2rank319.pdb,/home/wms/AF2-test/AF2-CatGraph/data/PTP1B/01_af2_new/PTP1B.AF2rank319.pdb,/home/wms/AF2-test/AF2-CatGraph/data/PTP1B/01_af2_new/PTP1B.AF2rank319.pdb,/home/wms/AF2-test/AF2-CatGraph-test5/data/PTP1B/01_af2/6B90.318.pdb,source_if_available,source,/home/wms/AF2-test/AF2-CatGraph-test5/data/PTP1B/01_af2/6B90.318.pdb,results/PTP1B/01_af2_prepare/pdb/standardized/PTP1B_AF2_0319.pdb,,,
PTP1B_AF2_0320,,320,PTP1B.AF2rank320,PTP1B.AF2rank320.pdb,/home/wms/AF2-test/AF2-CatGraph/data/PTP1B/01_af2_new/PTP1B.AF2rank320.pdb,/home/wms/AF2-test/AF2-CatGraph/data/PTP1B/01_af2_new/PTP1B.AF2rank320.pdb,/home/wms/AF2-test/AF2-CatGraph-test5/data/PTP1B/01_af2/6B90.319.pdb,source_if_available,source,/home/wms/AF2-test/AF2-CatGraph-test5/data/PTP1B/01_af2/6B90.319.pdb,results/PTP1B/01_af2_prepare/pdb/standardized/PTP1B_AF2_0320.pdb,,,
